ISO-10303-21;
HEADER;
/* Generated by software containing ST-Developer
 * from STEP Tools, Inc. (www.steptools.com) 
 */

FILE_DESCRIPTION(
/* description */ (''),
/* implementation_level */ '2;1');

FILE_NAME(
/* name */ 'RimRearRight_updated.step',
/* time_stamp */ '2026-09-13T14:49:46+01:00',
/* author */ (''),
/* organization */ (''),
/* preprocessor_version */ 'ST-DEVELOPER v20.2',
/* originating_system */ 'Autodesk Translation Framework v15.15.0.0',
/* authorisation */ '');

FILE_SCHEMA (('AUTOMOTIVE_DESIGN { 1 0 10303 214 3 1 1 }'));
ENDSEC;

DATA;
#10=MECHANICAL_DESIGN_GEOMETRIC_PRESENTATION_REPRESENTATION('',(#13),#11246);
#11=SHAPE_REPRESENTATION_RELATIONSHIP('SRR','None',#11253,#12);
#12=ADVANCED_BREP_SHAPE_REPRESENTATION('',(#14),#11245);
#13=STYLED_ITEM('',(#11263),#14);
#14=MANIFOLD_SOLID_BREP('REAR RIGHT RIM',#4643);
#15=B_SPLINE_SURFACE_WITH_KNOTS('',3,3,((#7057,#7058,#7059,#7060,#7061,
#7062,#7063,#7064,#7065,#7066,#7067,#7068,#7069,#7070,#7071,#7072,#7073,
#7074),(#7075,#7076,#7077,#7078,#7079,#7080,#7081,#7082,#7083,#7084,#7085,
#7086,#7087,#7088,#7089,#7090,#7091,#7092),(#7093,#7094,#7095,#7096,#7097,
#7098,#7099,#7100,#7101,#7102,#7103,#7104,#7105,#7106,#7107,#7108,#7109,
#7110),(#7111,#7112,#7113,#7114,#7115,#7116,#7117,#7118,#7119,#7120,#7121,
#7122,#7123,#7124,#7125,#7126,#7127,#7128),(#7129,#7130,#7131,#7132,#7133,
#7134,#7135,#7136,#7137,#7138,#7139,#7140,#7141,#7142,#7143,#7144,#7145,
#7146)),.UNSPECIFIED.,.F.,.T.,.F.,(4,1,4),(4,1,1,1,1,1,1,1,1,1,1,1,1,1,
1,4),(0.,0.336030170489687,0.78407039780927),(0.,0.26678422861841,0.53356845723682,
0.80035268585523,1.06713691447364,1.24499306688591,1.60070537171046,1.6896334479166,
1.77856152412273,2.13427382894728,2.40105805756569,2.53445017187489,2.6678422861841,
2.93462651480251,3.20141074342092,3.73497920065774),.UNSPECIFIED.);
#16=B_SPLINE_SURFACE_WITH_KNOTS('',3,3,((#7332,#7333,#7334,#7335,#7336,
#7337),(#7338,#7339,#7340,#7341,#7342,#7343),(#7344,#7345,#7346,#7347,#7348,
#7349),(#7350,#7351,#7352,#7353,#7354,#7355)),.UNSPECIFIED.,.F.,.F.,.F.,
(4,4),(4,2,4),(0.,1.),(-38.1419640998299,-38.1306726941304,-38.003245967045),
 .UNSPECIFIED.);
#17=B_SPLINE_SURFACE_WITH_KNOTS('',3,3,((#7388,#7389,#7390,#7391,#7392,
#7393),(#7394,#7395,#7396,#7397,#7398,#7399),(#7400,#7401,#7402,#7403,#7404,
#7405),(#7406,#7407,#7408,#7409,#7410,#7411)),.UNSPECIFIED.,.F.,.F.,.F.,
(4,4),(4,2,4),(0.,1.),(-1.7648162178471,-1.63739742487314,-1.62610672222297),
 .UNSPECIFIED.);
#18=B_SPLINE_SURFACE_WITH_KNOTS('',3,3,((#7434,#7435,#7436,#7437,#7438,
#7439),(#7440,#7441,#7442,#7443,#7444,#7445),(#7446,#7447,#7448,#7449,#7450,
#7451),(#7452,#7453,#7454,#7455,#7456,#7457)),.UNSPECIFIED.,.F.,.F.,.F.,
(4,4),(4,2,4),(0.,1.),(-38.1419640998299,-38.1306726941305,-38.003245967045),
 .UNSPECIFIED.);
#19=B_SPLINE_SURFACE_WITH_KNOTS('',3,3,((#7490,#7491,#7492,#7493,#7494,
#7495),(#7496,#7497,#7498,#7499,#7500,#7501),(#7502,#7503,#7504,#7505,#7506,
#7507),(#7508,#7509,#7510,#7511,#7512,#7513)),.UNSPECIFIED.,.F.,.F.,.F.,
(4,4),(4,2,4),(0.,1.),(-1.76481621784707,-1.6373974248731,-1.62610672222294),
 .UNSPECIFIED.);
#20=B_SPLINE_SURFACE_WITH_KNOTS('',3,3,((#7536,#7537,#7538,#7539,#7540,
#7541),(#7542,#7543,#7544,#7545,#7546,#7547),(#7548,#7549,#7550,#7551,#7552,
#7553),(#7554,#7555,#7556,#7557,#7558,#7559)),.UNSPECIFIED.,.F.,.F.,.F.,
(4,4),(4,2,4),(0.,1.),(-38.1419640998299,-38.1306726941304,-38.003245967045),
 .UNSPECIFIED.);
#21=B_SPLINE_SURFACE_WITH_KNOTS('',3,3,((#7592,#7593,#7594,#7595,#7596,
#7597),(#7598,#7599,#7600,#7601,#7602,#7603),(#7604,#7605,#7606,#7607,#7608,
#7609),(#7610,#7611,#7612,#7613,#7614,#7615)),.UNSPECIFIED.,.F.,.F.,.F.,
(4,4),(4,2,4),(0.,1.),(-1.7648162178471,-1.63739742487314,-1.62610672222298),
 .UNSPECIFIED.);
#22=B_SPLINE_SURFACE_WITH_KNOTS('',3,3,((#7638,#7639,#7640,#7641,#7642,
#7643),(#7644,#7645,#7646,#7647,#7648,#7649),(#7650,#7651,#7652,#7653,#7654,
#7655),(#7656,#7657,#7658,#7659,#7660,#7661)),.UNSPECIFIED.,.F.,.F.,.F.,
(4,4),(4,2,4),(0.,1.),(-38.1419640998299,-38.1306726941305,-38.0032459670451),
 .UNSPECIFIED.);
#23=B_SPLINE_SURFACE_WITH_KNOTS('',3,3,((#7694,#7695,#7696,#7697,#7698,
#7699),(#7700,#7701,#7702,#7703,#7704,#7705),(#7706,#7707,#7708,#7709,#7710,
#7711),(#7712,#7713,#7714,#7715,#7716,#7717)),.UNSPECIFIED.,.F.,.F.,.F.,
(4,4),(4,2,4),(0.,1.),(-1.76481621784707,-1.6373974248731,-1.62610672222294),
 .UNSPECIFIED.);
#24=B_SPLINE_SURFACE_WITH_KNOTS('',3,3,((#7740,#7741,#7742,#7743,#7744,
#7745),(#7746,#7747,#7748,#7749,#7750,#7751),(#7752,#7753,#7754,#7755,#7756,
#7757),(#7758,#7759,#7760,#7761,#7762,#7763)),.UNSPECIFIED.,.F.,.F.,.F.,
(4,4),(4,2,4),(0.,1.),(-38.1419640998299,-38.1306726941304,-38.003245967045),
 .UNSPECIFIED.);
#25=B_SPLINE_SURFACE_WITH_KNOTS('',3,3,((#7796,#7797,#7798,#7799,#7800,
#7801),(#7802,#7803,#7804,#7805,#7806,#7807),(#7808,#7809,#7810,#7811,#7812,
#7813),(#7814,#7815,#7816,#7817,#7818,#7819)),.UNSPECIFIED.,.F.,.F.,.F.,
(4,4),(4,2,4),(0.,1.),(-1.76481621784709,-1.63739742487313,-1.62610672222297),
 .UNSPECIFIED.);
#26=B_SPLINE_SURFACE_WITH_KNOTS('',3,3,((#7869,#7870,#7871,#7872,#7873),
(#7874,#7875,#7876,#7877,#7878),(#7879,#7880,#7881,#7882,#7883),(#7884,
#7885,#7886,#7887,#7888)),.UNSPECIFIED.,.F.,.F.,.F.,(4,4),(4,1,4),(0.,1.),
(-1.59606361400099,-1.47806052368853,-1.32072306993858),.UNSPECIFIED.);
#27=B_SPLINE_SURFACE_WITH_KNOTS('',3,3,((#7901,#7902,#7903,#7904,#7905,
#7906),(#7907,#7908,#7909,#7910,#7911,#7912),(#7913,#7914,#7915,#7916,#7917,
#7918),(#7919,#7920,#7921,#7922,#7923,#7924)),.UNSPECIFIED.,.F.,.F.,.F.,
(4,4),(4,2,4),(0.,1.),(-0.396330260472062,0.,0.00141311967663576),
 .UNSPECIFIED.);
#28=B_SPLINE_SURFACE_WITH_KNOTS('',3,3,((#7933,#7934,#7935,#7936,#7937,
#7938),(#7939,#7940,#7941,#7942,#7943,#7944),(#7945,#7946,#7947,#7948,#7949,
#7950),(#7951,#7952,#7953,#7954,#7955,#7956)),.UNSPECIFIED.,.F.,.F.,.F.,
(4,4),(4,2,4),(0.,1.),(-2.48447697426671,-2.48306385459128,-2.08673359406793),
 .UNSPECIFIED.);
#29=B_SPLINE_SURFACE_WITH_KNOTS('',3,3,((#7991,#7992,#7993,#7994,#7995,
#7996,#7997),(#7998,#7999,#8000,#8001,#8002,#8003,#8004),(#8005,#8006,#8007,
#8008,#8009,#8010,#8011),(#8012,#8013,#8014,#8015,#8016,#8017,#8018)),
 .UNSPECIFIED.,.F.,.F.,.F.,(4,4),(4,1,2,4),(0.,1.),(1.779411404645,1.86818805206388,
2.00135302319221,2.07541193743904),.UNSPECIFIED.);
#30=B_SPLINE_SURFACE_WITH_KNOTS('',3,3,((#8028,#8029,#8030,#8031,#8032),
(#8033,#8034,#8035,#8036,#8037),(#8038,#8039,#8040,#8041,#8042),(#8043,
#8044,#8045,#8046,#8047)),.UNSPECIFIED.,.F.,.F.,.F.,(4,4),(4,1,4),(0.,1.),
(2.07541193749634,2.11249415098531,2.18731172848488),.UNSPECIFIED.);
#31=B_SPLINE_SURFACE_WITH_KNOTS('',3,3,((#8060,#8061,#8062,#8063,#8064,
#8065,#8066,#8067),(#8068,#8069,#8070,#8071,#8072,#8073,#8074,#8075),(#8076,
#8077,#8078,#8079,#8080,#8081,#8082,#8083),(#8084,#8085,#8086,#8087,#8088,
#8089,#8090,#8091)),.UNSPECIFIED.,.F.,.F.,.F.,(4,4),(4,2,2,4),(0.591091607532275,
1.),(2.1873117284841,2.22396040150468,2.27238304310446,2.35040164147036),
 .UNSPECIFIED.);
#32=B_SPLINE_SURFACE_WITH_KNOTS('',3,3,((#8132,#8133,#8134,#8135,#8136,
#8137,#8138),(#8139,#8140,#8141,#8142,#8143,#8144,#8145),(#8146,#8147,#8148,
#8149,#8150,#8151,#8152),(#8153,#8154,#8155,#8156,#8157,#8158,#8159)),
 .UNSPECIFIED.,.F.,.F.,.F.,(4,4),(4,1,1,1,4),(0.,1.),(1.48341087185096,
1.52569666225011,1.56798245264926,1.65255403344756,1.779411404645),
 .UNSPECIFIED.);
#33=B_SPLINE_SURFACE_WITH_KNOTS('',3,3,((#8171,#8172,#8173,#8174),(#8175,
#8176,#8177,#8178),(#8179,#8180,#8181,#8182),(#8183,#8184,#8185,#8186)),
 .UNSPECIFIED.,.F.,.F.,.F.,(4,4),(4,4),(0.,1.),(1.37151108080563,1.48341087185096),
 .UNSPECIFIED.);
#34=B_SPLINE_SURFACE_WITH_KNOTS('',3,3,((#8200,#8201,#8202,#8203,#8204,
#8205),(#8206,#8207,#8208,#8209,#8210,#8211),(#8212,#8213,#8214,#8215,#8216,
#8217),(#8218,#8219,#8220,#8221,#8222,#8223)),.UNSPECIFIED.,.F.,.F.,.F.,
(4,4),(4,2,4),(0.591091607532301,1.),(1.20842094091671,1.28686163955909,
1.37151108080589),.UNSPECIFIED.);
#35=B_SPLINE_SURFACE_WITH_KNOTS('',3,3,((#8235,#8236,#8237,#8238,#8239,
#8240,#8241,#8242,#8243,#8244,#8245),(#8246,#8247,#8248,#8249,#8250,#8251,
#8252,#8253,#8254,#8255,#8256),(#8257,#8258,#8259,#8260,#8261,#8262,#8263,
#8264,#8265,#8266,#8267),(#8268,#8269,#8270,#8271,#8272,#8273,#8274,#8275,
#8276,#8277,#8278)),.UNSPECIFIED.,.F.,.F.,.F.,(4,4),(4,1,1,1,1,1,1,1,4),
(0.,1.),(-5.4561246996889,-5.29172118764313,-5.12731767559737,-4.79851065150583,
-4.14089660332277,-3.81208957923124,-3.4832825551397,-3.31887904309394,
-3.15447553104817),.UNSPECIFIED.);
#36=B_SPLINE_SURFACE_WITH_KNOTS('',3,3,((#8347,#8348,#8349,#8350),(#8351,
#8352,#8353,#8354),(#8355,#8356,#8357,#8358),(#8359,#8360,#8361,#8362)),
 .UNSPECIFIED.,.F.,.F.,.F.,(4,4),(4,4),(0.,0.388297980283277),(0.261012321642673,
0.453580842864702),.UNSPECIFIED.);
#37=B_SPLINE_SURFACE_WITH_KNOTS('',3,3,((#8393,#8394,#8395,#8396),(#8397,
#8398,#8399,#8400),(#8401,#8402,#8403,#8404),(#8405,#8406,#8407,#8408),
(#8409,#8410,#8411,#8412)),.UNSPECIFIED.,.F.,.F.,.F.,(4,1,4),(4,4),(0.,
0.571428571428571,1.),(0.62871808211217,1.05719939769052),.UNSPECIFIED.);
#38=B_SPLINE_SURFACE_WITH_KNOTS('',3,3,((#8422,#8423,#8424,#8425,#8426),
(#8427,#8428,#8429,#8430,#8431),(#8432,#8433,#8434,#8435,#8436),(#8437,
#8438,#8439,#8440,#8441)),.UNSPECIFIED.,.F.,.F.,.F.,(4,4),(4,1,4),(0.,1.),
(0.428491063175187,0.693386945392974,1.04658145501669),.UNSPECIFIED.);
#39=B_SPLINE_SURFACE_WITH_KNOTS('',3,3,((#8442,#8443,#8444,#8445),(#8446,
#8447,#8448,#8449),(#8450,#8451,#8452,#8453),(#8454,#8455,#8456,#8457)),
 .UNSPECIFIED.,.F.,.F.,.F.,(4,4),(4,4),(0.,0.388297980338863),(0.,0.192568521279506),
 .UNSPECIFIED.);
#40=B_SPLINE_SURFACE_WITH_KNOTS('',3,3,((#8488,#8489,#8490,#8491),(#8492,
#8493,#8494,#8495),(#8496,#8497,#8498,#8499),(#8500,#8501,#8502,#8503),
(#8504,#8505,#8506,#8507)),.UNSPECIFIED.,.F.,.F.,.F.,(4,1,4),(4,4),(0.,
0.571428571428571,1.),(0.,0.428492188567479),.UNSPECIFIED.);
#41=B_SPLINE_SURFACE_WITH_KNOTS('',3,3,((#8515,#8516,#8517,#8518,#8519),
(#8520,#8521,#8522,#8523,#8524),(#8525,#8526,#8527,#8528,#8529),(#8530,
#8531,#8532,#8533,#8534)),.UNSPECIFIED.,.F.,.F.,.F.,(4,4),(4,1,4),(0.,1.),
(0.,0.264895882217622,0.618090391841118),.UNSPECIFIED.);
#42=B_SPLINE_SURFACE_WITH_KNOTS('',3,3,((#8535,#8536,#8537,#8538,#8539),
(#8540,#8541,#8542,#8543,#8544),(#8545,#8546,#8547,#8548,#8549),(#8550,
#8551,#8552,#8553,#8554)),.UNSPECIFIED.,.F.,.F.,.F.,(4,4),(4,1,4),(0.,1.),
(-1.59606361400099,-1.47806052368853,-1.32072306993858),.UNSPECIFIED.);
#43=B_SPLINE_SURFACE_WITH_KNOTS('',3,3,((#8567,#8568,#8569,#8570,#8571,
#8572),(#8573,#8574,#8575,#8576,#8577,#8578),(#8579,#8580,#8581,#8582,#8583,
#8584),(#8585,#8586,#8587,#8588,#8589,#8590)),.UNSPECIFIED.,.F.,.F.,.F.,
(4,4),(4,2,4),(0.,1.),(-0.396330260472062,0.,0.00141311967663576),
 .UNSPECIFIED.);
#44=B_SPLINE_SURFACE_WITH_KNOTS('',3,3,((#8599,#8600,#8601,#8602,#8603,
#8604),(#8605,#8606,#8607,#8608,#8609,#8610),(#8611,#8612,#8613,#8614,#8615,
#8616),(#8617,#8618,#8619,#8620,#8621,#8622)),.UNSPECIFIED.,.F.,.F.,.F.,
(4,4),(4,2,4),(0.,1.),(-2.48447697426671,-2.48306385459128,-2.08673359406793),
 .UNSPECIFIED.);
#45=B_SPLINE_SURFACE_WITH_KNOTS('',3,3,((#8657,#8658,#8659,#8660,#8661,
#8662,#8663),(#8664,#8665,#8666,#8667,#8668,#8669,#8670),(#8671,#8672,#8673,
#8674,#8675,#8676,#8677),(#8678,#8679,#8680,#8681,#8682,#8683,#8684)),
 .UNSPECIFIED.,.F.,.F.,.F.,(4,4),(4,1,2,4),(0.,1.),(1.779411404645,1.86818805206388,
2.00135302319221,2.07541193743904),.UNSPECIFIED.);
#46=B_SPLINE_SURFACE_WITH_KNOTS('',3,3,((#8694,#8695,#8696,#8697,#8698),
(#8699,#8700,#8701,#8702,#8703),(#8704,#8705,#8706,#8707,#8708),(#8709,
#8710,#8711,#8712,#8713)),.UNSPECIFIED.,.F.,.F.,.F.,(4,4),(4,1,4),(0.,1.),
(2.07541193749634,2.11249415098531,2.18731172848488),.UNSPECIFIED.);
#47=B_SPLINE_SURFACE_WITH_KNOTS('',3,3,((#8726,#8727,#8728,#8729,#8730,
#8731,#8732,#8733),(#8734,#8735,#8736,#8737,#8738,#8739,#8740,#8741),(#8742,
#8743,#8744,#8745,#8746,#8747,#8748,#8749),(#8750,#8751,#8752,#8753,#8754,
#8755,#8756,#8757)),.UNSPECIFIED.,.F.,.F.,.F.,(4,4),(4,2,2,4),(0.591091607532291,
1.),(2.1873117284841,2.22396040150468,2.27238304310446,2.35040164147036),
 .UNSPECIFIED.);
#48=B_SPLINE_SURFACE_WITH_KNOTS('',3,3,((#8798,#8799,#8800,#8801,#8802,
#8803,#8804),(#8805,#8806,#8807,#8808,#8809,#8810,#8811),(#8812,#8813,#8814,
#8815,#8816,#8817,#8818),(#8819,#8820,#8821,#8822,#8823,#8824,#8825)),
 .UNSPECIFIED.,.F.,.F.,.F.,(4,4),(4,1,1,1,4),(0.,1.),(1.48341087185096,
1.52569666225011,1.56798245264926,1.65255403344756,1.779411404645),
 .UNSPECIFIED.);
#49=B_SPLINE_SURFACE_WITH_KNOTS('',3,3,((#8837,#8838,#8839,#8840),(#8841,
#8842,#8843,#8844),(#8845,#8846,#8847,#8848),(#8849,#8850,#8851,#8852)),
 .UNSPECIFIED.,.F.,.F.,.F.,(4,4),(4,4),(0.,1.),(1.37151108080563,1.48341087185096),
 .UNSPECIFIED.);
#50=B_SPLINE_SURFACE_WITH_KNOTS('',3,3,((#8866,#8867,#8868,#8869,#8870,
#8871),(#8872,#8873,#8874,#8875,#8876,#8877),(#8878,#8879,#8880,#8881,#8882,
#8883),(#8884,#8885,#8886,#8887,#8888,#8889)),.UNSPECIFIED.,.F.,.F.,.F.,
(4,4),(4,2,4),(0.591091607532301,1.),(1.20842094091671,1.28686163955909,
1.37151108080589),.UNSPECIFIED.);
#51=B_SPLINE_SURFACE_WITH_KNOTS('',3,3,((#8901,#8902,#8903,#8904,#8905,
#8906,#8907,#8908,#8909,#8910,#8911),(#8912,#8913,#8914,#8915,#8916,#8917,
#8918,#8919,#8920,#8921,#8922),(#8923,#8924,#8925,#8926,#8927,#8928,#8929,
#8930,#8931,#8932,#8933),(#8934,#8935,#8936,#8937,#8938,#8939,#8940,#8941,
#8942,#8943,#8944)),.UNSPECIFIED.,.F.,.F.,.F.,(4,4),(4,1,1,1,1,1,1,1,4),
(0.,1.),(-5.4561246996889,-5.29172118764313,-5.12731767559737,-4.79851065150583,
-4.14089660332277,-3.81208957923124,-3.4832825551397,-3.31887904309394,
-3.15447553104817),.UNSPECIFIED.);
#52=B_SPLINE_SURFACE_WITH_KNOTS('',3,3,((#9013,#9014,#9015,#9016),(#9017,
#9018,#9019,#9020),(#9021,#9022,#9023,#9024),(#9025,#9026,#9027,#9028)),
 .UNSPECIFIED.,.F.,.F.,.F.,(4,4),(4,4),(0.,0.388297980283277),(0.261012321642673,
0.453580842864702),.UNSPECIFIED.);
#53=B_SPLINE_SURFACE_WITH_KNOTS('',3,3,((#9059,#9060,#9061,#9062),(#9063,
#9064,#9065,#9066),(#9067,#9068,#9069,#9070),(#9071,#9072,#9073,#9074),
(#9075,#9076,#9077,#9078)),.UNSPECIFIED.,.F.,.F.,.F.,(4,1,4),(4,4),(0.,
0.571428571428571,1.),(0.62871808211217,1.05719939769052),.UNSPECIFIED.);
#54=B_SPLINE_SURFACE_WITH_KNOTS('',3,3,((#9088,#9089,#9090,#9091,#9092),
(#9093,#9094,#9095,#9096,#9097),(#9098,#9099,#9100,#9101,#9102),(#9103,
#9104,#9105,#9106,#9107)),.UNSPECIFIED.,.F.,.F.,.F.,(4,4),(4,1,4),(0.,1.),
(0.428491063175187,0.693386945392974,1.04658145501669),.UNSPECIFIED.);
#55=B_SPLINE_SURFACE_WITH_KNOTS('',3,3,((#9108,#9109,#9110,#9111),(#9112,
#9113,#9114,#9115),(#9116,#9117,#9118,#9119),(#9120,#9121,#9122,#9123)),
 .UNSPECIFIED.,.F.,.F.,.F.,(4,4),(4,4),(0.,0.388297980338863),(0.,0.192568521279506),
 .UNSPECIFIED.);
#56=B_SPLINE_SURFACE_WITH_KNOTS('',3,3,((#9154,#9155,#9156,#9157),(#9158,
#9159,#9160,#9161),(#9162,#9163,#9164,#9165),(#9166,#9167,#9168,#9169),
(#9170,#9171,#9172,#9173)),.UNSPECIFIED.,.F.,.F.,.F.,(4,1,4),(4,4),(0.,
0.571428571428571,1.),(0.,0.428492188567479),.UNSPECIFIED.);
#57=B_SPLINE_SURFACE_WITH_KNOTS('',3,3,((#9181,#9182,#9183,#9184,#9185),
(#9186,#9187,#9188,#9189,#9190),(#9191,#9192,#9193,#9194,#9195),(#9196,
#9197,#9198,#9199,#9200)),.UNSPECIFIED.,.F.,.F.,.F.,(4,4),(4,1,4),(0.,1.),
(0.,0.264895882217622,0.618090391841118),.UNSPECIFIED.);
#58=B_SPLINE_SURFACE_WITH_KNOTS('',3,3,((#9201,#9202,#9203,#9204,#9205),
(#9206,#9207,#9208,#9209,#9210),(#9211,#9212,#9213,#9214,#9215),(#9216,
#9217,#9218,#9219,#9220)),.UNSPECIFIED.,.F.,.F.,.F.,(4,4),(4,1,4),(0.,1.),
(-1.59606361400099,-1.47806052368853,-1.32072306993858),.UNSPECIFIED.);
#59=B_SPLINE_SURFACE_WITH_KNOTS('',3,3,((#9233,#9234,#9235,#9236,#9237,
#9238),(#9239,#9240,#9241,#9242,#9243,#9244),(#9245,#9246,#9247,#9248,#9249,
#9250),(#9251,#9252,#9253,#9254,#9255,#9256)),.UNSPECIFIED.,.F.,.F.,.F.,
(4,4),(4,2,4),(0.,1.),(-0.396330260472062,0.,0.00141311967663576),
 .UNSPECIFIED.);
#60=B_SPLINE_SURFACE_WITH_KNOTS('',3,3,((#9265,#9266,#9267,#9268,#9269,
#9270),(#9271,#9272,#9273,#9274,#9275,#9276),(#9277,#9278,#9279,#9280,#9281,
#9282),(#9283,#9284,#9285,#9286,#9287,#9288)),.UNSPECIFIED.,.F.,.F.,.F.,
(4,4),(4,2,4),(0.,1.),(-2.48447697426671,-2.48306385459128,-2.08673359406793),
 .UNSPECIFIED.);
#61=B_SPLINE_SURFACE_WITH_KNOTS('',3,3,((#9323,#9324,#9325,#9326,#9327,
#9328,#9329),(#9330,#9331,#9332,#9333,#9334,#9335,#9336),(#9337,#9338,#9339,
#9340,#9341,#9342,#9343),(#9344,#9345,#9346,#9347,#9348,#9349,#9350)),
 .UNSPECIFIED.,.F.,.F.,.F.,(4,4),(4,1,2,4),(0.,1.),(1.779411404645,1.86818805206388,
2.00135302319221,2.07541193743904),.UNSPECIFIED.);
#62=B_SPLINE_SURFACE_WITH_KNOTS('',3,3,((#9360,#9361,#9362,#9363,#9364),
(#9365,#9366,#9367,#9368,#9369),(#9370,#9371,#9372,#9373,#9374),(#9375,
#9376,#9377,#9378,#9379)),.UNSPECIFIED.,.F.,.F.,.F.,(4,4),(4,1,4),(0.,1.),
(2.07541193749634,2.11249415098531,2.18731172848488),.UNSPECIFIED.);
#63=B_SPLINE_SURFACE_WITH_KNOTS('',3,3,((#9392,#9393,#9394,#9395,#9396,
#9397,#9398,#9399),(#9400,#9401,#9402,#9403,#9404,#9405,#9406,#9407),(#9408,
#9409,#9410,#9411,#9412,#9413,#9414,#9415),(#9416,#9417,#9418,#9419,#9420,
#9421,#9422,#9423)),.UNSPECIFIED.,.F.,.F.,.F.,(4,4),(4,2,2,4),(0.591091607532283,
1.),(2.1873117284841,2.22396040150468,2.27238304310446,2.35040164147036),
 .UNSPECIFIED.);
#64=B_SPLINE_SURFACE_WITH_KNOTS('',3,3,((#9464,#9465,#9466,#9467,#9468,
#9469,#9470),(#9471,#9472,#9473,#9474,#9475,#9476,#9477),(#9478,#9479,#9480,
#9481,#9482,#9483,#9484),(#9485,#9486,#9487,#9488,#9489,#9490,#9491)),
 .UNSPECIFIED.,.F.,.F.,.F.,(4,4),(4,1,1,1,4),(0.,1.),(1.48341087185096,
1.52569666225011,1.56798245264926,1.65255403344756,1.779411404645),
 .UNSPECIFIED.);
#65=B_SPLINE_SURFACE_WITH_KNOTS('',3,3,((#9503,#9504,#9505,#9506),(#9507,
#9508,#9509,#9510),(#9511,#9512,#9513,#9514),(#9515,#9516,#9517,#9518)),
 .UNSPECIFIED.,.F.,.F.,.F.,(4,4),(4,4),(0.,1.),(1.37151108080563,1.48341087185096),
 .UNSPECIFIED.);
#66=B_SPLINE_SURFACE_WITH_KNOTS('',3,3,((#9532,#9533,#9534,#9535,#9536,
#9537),(#9538,#9539,#9540,#9541,#9542,#9543),(#9544,#9545,#9546,#9547,#9548,
#9549),(#9550,#9551,#9552,#9553,#9554,#9555)),.UNSPECIFIED.,.F.,.F.,.F.,
(4,4),(4,2,4),(0.591091607532301,1.),(1.20842094091671,1.28686163955909,
1.37151108080589),.UNSPECIFIED.);
#67=B_SPLINE_SURFACE_WITH_KNOTS('',3,3,((#9567,#9568,#9569,#9570,#9571,
#9572,#9573,#9574,#9575,#9576,#9577),(#9578,#9579,#9580,#9581,#9582,#9583,
#9584,#9585,#9586,#9587,#9588),(#9589,#9590,#9591,#9592,#9593,#9594,#9595,
#9596,#9597,#9598,#9599),(#9600,#9601,#9602,#9603,#9604,#9605,#9606,#9607,
#9608,#9609,#9610)),.UNSPECIFIED.,.F.,.F.,.F.,(4,4),(4,1,1,1,1,1,1,1,4),
(0.,1.),(-5.4561246996889,-5.29172118764313,-5.12731767559737,-4.79851065150583,
-4.14089660332277,-3.81208957923124,-3.4832825551397,-3.31887904309394,
-3.15447553104817),.UNSPECIFIED.);
#68=B_SPLINE_SURFACE_WITH_KNOTS('',3,3,((#9681,#9682,#9683,#9684),(#9685,
#9686,#9687,#9688),(#9689,#9690,#9691,#9692),(#9693,#9694,#9695,#9696)),
 .UNSPECIFIED.,.F.,.F.,.F.,(4,4),(4,4),(0.,0.388297980283277),(0.261012321642673,
0.453580842864702),.UNSPECIFIED.);
#69=B_SPLINE_SURFACE_WITH_KNOTS('',3,3,((#9727,#9728,#9729,#9730),(#9731,
#9732,#9733,#9734),(#9735,#9736,#9737,#9738),(#9739,#9740,#9741,#9742),
(#9743,#9744,#9745,#9746)),.UNSPECIFIED.,.F.,.F.,.F.,(4,1,4),(4,4),(0.,
0.571428571428571,1.),(0.62871808211217,1.05719939769052),.UNSPECIFIED.);
#70=B_SPLINE_SURFACE_WITH_KNOTS('',3,3,((#9756,#9757,#9758,#9759,#9760),
(#9761,#9762,#9763,#9764,#9765),(#9766,#9767,#9768,#9769,#9770),(#9771,
#9772,#9773,#9774,#9775)),.UNSPECIFIED.,.F.,.F.,.F.,(4,4),(4,1,4),(0.,1.),
(0.428491063175187,0.693386945392974,1.04658145501669),.UNSPECIFIED.);
#71=B_SPLINE_SURFACE_WITH_KNOTS('',3,3,((#9776,#9777,#9778,#9779),(#9780,
#9781,#9782,#9783),(#9784,#9785,#9786,#9787),(#9788,#9789,#9790,#9791)),
 .UNSPECIFIED.,.F.,.F.,.F.,(4,4),(4,4),(0.,0.388297980338863),(0.,0.192568521279506),
 .UNSPECIFIED.);
#72=B_SPLINE_SURFACE_WITH_KNOTS('',3,3,((#9822,#9823,#9824,#9825),(#9826,
#9827,#9828,#9829),(#9830,#9831,#9832,#9833),(#9834,#9835,#9836,#9837),
(#9838,#9839,#9840,#9841)),.UNSPECIFIED.,.F.,.F.,.F.,(4,1,4),(4,4),(0.,
0.571428571428571,1.),(0.,0.428492188567479),.UNSPECIFIED.);
#73=B_SPLINE_SURFACE_WITH_KNOTS('',3,3,((#9849,#9850,#9851,#9852,#9853),
(#9854,#9855,#9856,#9857,#9858),(#9859,#9860,#9861,#9862,#9863),(#9864,
#9865,#9866,#9867,#9868)),.UNSPECIFIED.,.F.,.F.,.F.,(4,4),(4,1,4),(0.,1.),
(0.,0.264895882217622,0.618090391841118),.UNSPECIFIED.);
#74=B_SPLINE_SURFACE_WITH_KNOTS('',3,3,((#9869,#9870,#9871,#9872,#9873),
(#9874,#9875,#9876,#9877,#9878),(#9879,#9880,#9881,#9882,#9883),(#9884,
#9885,#9886,#9887,#9888)),.UNSPECIFIED.,.F.,.F.,.F.,(4,4),(4,1,4),(0.,1.),
(-1.59606361400099,-1.47806052368853,-1.32072306993858),.UNSPECIFIED.);
#75=B_SPLINE_SURFACE_WITH_KNOTS('',3,3,((#9901,#9902,#9903,#9904,#9905,
#9906),(#9907,#9908,#9909,#9910,#9911,#9912),(#9913,#9914,#9915,#9916,#9917,
#9918),(#9919,#9920,#9921,#9922,#9923,#9924)),.UNSPECIFIED.,.F.,.F.,.F.,
(4,4),(4,2,4),(0.,1.),(-0.396330260472062,0.,0.00141311967663576),
 .UNSPECIFIED.);
#76=B_SPLINE_SURFACE_WITH_KNOTS('',3,3,((#9933,#9934,#9935,#9936,#9937,
#9938),(#9939,#9940,#9941,#9942,#9943,#9944),(#9945,#9946,#9947,#9948,#9949,
#9950),(#9951,#9952,#9953,#9954,#9955,#9956)),.UNSPECIFIED.,.F.,.F.,.F.,
(4,4),(4,2,4),(0.,1.),(-2.48447697426671,-2.48306385459128,-2.08673359406793),
 .UNSPECIFIED.);
#77=B_SPLINE_SURFACE_WITH_KNOTS('',3,3,((#9991,#9992,#9993,#9994,#9995,
#9996,#9997),(#9998,#9999,#10000,#10001,#10002,#10003,#10004),(#10005,#10006,
#10007,#10008,#10009,#10010,#10011),(#10012,#10013,#10014,#10015,#10016,
#10017,#10018)),.UNSPECIFIED.,.F.,.F.,.F.,(4,4),(4,1,2,4),(0.,1.),(1.779411404645,
1.86818805206388,2.00135302319221,2.07541193743904),.UNSPECIFIED.);
#78=B_SPLINE_SURFACE_WITH_KNOTS('',3,3,((#10028,#10029,#10030,#10031,#10032),
(#10033,#10034,#10035,#10036,#10037),(#10038,#10039,#10040,#10041,#10042),
(#10043,#10044,#10045,#10046,#10047)),.UNSPECIFIED.,.F.,.F.,.F.,(4,4),(4,
1,4),(0.,1.),(2.07541193749634,2.11249415098531,2.18731172848488),
 .UNSPECIFIED.);
#79=B_SPLINE_SURFACE_WITH_KNOTS('',3,3,((#10060,#10061,#10062,#10063,#10064,
#10065,#10066,#10067),(#10068,#10069,#10070,#10071,#10072,#10073,#10074,
#10075),(#10076,#10077,#10078,#10079,#10080,#10081,#10082,#10083),(#10084,
#10085,#10086,#10087,#10088,#10089,#10090,#10091)),.UNSPECIFIED.,.F.,.F.,
 .F.,(4,4),(4,2,2,4),(0.591091607532291,1.),(2.1873117284841,2.22396040150468,
2.27238304310446,2.35040164147036),.UNSPECIFIED.);
#80=B_SPLINE_SURFACE_WITH_KNOTS('',3,3,((#10132,#10133,#10134,#10135,#10136,
#10137,#10138),(#10139,#10140,#10141,#10142,#10143,#10144,#10145),(#10146,
#10147,#10148,#10149,#10150,#10151,#10152),(#10153,#10154,#10155,#10156,
#10157,#10158,#10159)),.UNSPECIFIED.,.F.,.F.,.F.,(4,4),(4,1,1,1,4),(0.,
1.),(1.48341087185096,1.52569666225011,1.56798245264926,1.65255403344756,
1.779411404645),.UNSPECIFIED.);
#81=B_SPLINE_SURFACE_WITH_KNOTS('',3,3,((#10171,#10172,#10173,#10174),(#10175,
#10176,#10177,#10178),(#10179,#10180,#10181,#10182),(#10183,#10184,#10185,
#10186)),.UNSPECIFIED.,.F.,.F.,.F.,(4,4),(4,4),(0.,1.),(1.37151108080563,
1.48341087185096),.UNSPECIFIED.);
#82=B_SPLINE_SURFACE_WITH_KNOTS('',3,3,((#10200,#10201,#10202,#10203,#10204,
#10205),(#10206,#10207,#10208,#10209,#10210,#10211),(#10212,#10213,#10214,
#10215,#10216,#10217),(#10218,#10219,#10220,#10221,#10222,#10223)),
 .UNSPECIFIED.,.F.,.F.,.F.,(4,4),(4,2,4),(0.591091607532301,1.),(1.20842094091671,
1.28686163955909,1.37151108080589),.UNSPECIFIED.);
#83=B_SPLINE_SURFACE_WITH_KNOTS('',3,3,((#10235,#10236,#10237,#10238,#10239,
#10240,#10241,#10242,#10243,#10244,#10245),(#10246,#10247,#10248,#10249,
#10250,#10251,#10252,#10253,#10254,#10255,#10256),(#10257,#10258,#10259,
#10260,#10261,#10262,#10263,#10264,#10265,#10266,#10267),(#10268,#10269,
#10270,#10271,#10272,#10273,#10274,#10275,#10276,#10277,#10278)),
 .UNSPECIFIED.,.F.,.F.,.F.,(4,4),(4,1,1,1,1,1,1,1,4),(0.,1.),(-5.4561246996889,
-5.29172118764313,-5.12731767559737,-4.79851065150583,-4.14089660332277,
-3.81208957923124,-3.4832825551397,-3.31887904309394,-3.15447553104817),
 .UNSPECIFIED.);
#84=B_SPLINE_SURFACE_WITH_KNOTS('',3,3,((#10349,#10350,#10351,#10352),(#10353,
#10354,#10355,#10356),(#10357,#10358,#10359,#10360),(#10361,#10362,#10363,
#10364)),.UNSPECIFIED.,.F.,.F.,.F.,(4,4),(4,4),(0.,0.388297980283277),(0.261012321642673,
0.453580842864702),.UNSPECIFIED.);
#85=B_SPLINE_SURFACE_WITH_KNOTS('',3,3,((#10395,#10396,#10397,#10398),(#10399,
#10400,#10401,#10402),(#10403,#10404,#10405,#10406),(#10407,#10408,#10409,
#10410),(#10411,#10412,#10413,#10414)),.UNSPECIFIED.,.F.,.F.,.F.,(4,1,4),
(4,4),(0.,0.571428571428571,1.),(0.62871808211217,1.05719939769052),
 .UNSPECIFIED.);
#86=B_SPLINE_SURFACE_WITH_KNOTS('',3,3,((#10424,#10425,#10426,#10427,#10428),
(#10429,#10430,#10431,#10432,#10433),(#10434,#10435,#10436,#10437,#10438),
(#10439,#10440,#10441,#10442,#10443)),.UNSPECIFIED.,.F.,.F.,.F.,(4,4),(4,
1,4),(0.,1.),(0.428491063175187,0.693386945392974,1.04658145501669),
 .UNSPECIFIED.);
#87=B_SPLINE_SURFACE_WITH_KNOTS('',3,3,((#10444,#10445,#10446,#10447),(#10448,
#10449,#10450,#10451),(#10452,#10453,#10454,#10455),(#10456,#10457,#10458,
#10459)),.UNSPECIFIED.,.F.,.F.,.F.,(4,4),(4,4),(0.,0.388297980338863),(0.,
0.192568521279506),.UNSPECIFIED.);
#88=B_SPLINE_SURFACE_WITH_KNOTS('',3,3,((#10490,#10491,#10492,#10493),(#10494,
#10495,#10496,#10497),(#10498,#10499,#10500,#10501),(#10502,#10503,#10504,
#10505),(#10506,#10507,#10508,#10509)),.UNSPECIFIED.,.F.,.F.,.F.,(4,1,4),
(4,4),(0.,0.571428571428571,1.),(0.,0.428492188567479),.UNSPECIFIED.);
#89=B_SPLINE_SURFACE_WITH_KNOTS('',3,3,((#10517,#10518,#10519,#10520,#10521),
(#10522,#10523,#10524,#10525,#10526),(#10527,#10528,#10529,#10530,#10531),
(#10532,#10533,#10534,#10535,#10536)),.UNSPECIFIED.,.F.,.F.,.F.,(4,4),(4,
1,4),(0.,1.),(0.,0.264895882217622,0.618090391841118),.UNSPECIFIED.);
#90=B_SPLINE_SURFACE_WITH_KNOTS('',3,3,((#10537,#10538,#10539,#10540,#10541),
(#10542,#10543,#10544,#10545,#10546),(#10547,#10548,#10549,#10550,#10551),
(#10552,#10553,#10554,#10555,#10556)),.UNSPECIFIED.,.F.,.F.,.F.,(4,4),(4,
1,4),(0.,1.),(-1.59606361400099,-1.47806052368853,-1.32072306993858),
 .UNSPECIFIED.);
#91=B_SPLINE_SURFACE_WITH_KNOTS('',3,3,((#10569,#10570,#10571,#10572,#10573,
#10574),(#10575,#10576,#10577,#10578,#10579,#10580),(#10581,#10582,#10583,
#10584,#10585,#10586),(#10587,#10588,#10589,#10590,#10591,#10592)),
 .UNSPECIFIED.,.F.,.F.,.F.,(4,4),(4,2,4),(0.,1.),(-0.396330260472062,0.,
0.00141311967663576),.UNSPECIFIED.);
#92=B_SPLINE_SURFACE_WITH_KNOTS('',3,3,((#10601,#10602,#10603,#10604,#10605,
#10606),(#10607,#10608,#10609,#10610,#10611,#10612),(#10613,#10614,#10615,
#10616,#10617,#10618),(#10619,#10620,#10621,#10622,#10623,#10624)),
 .UNSPECIFIED.,.F.,.F.,.F.,(4,4),(4,2,4),(0.,1.),(-2.48447697426671,-2.48306385459128,
-2.08673359406793),.UNSPECIFIED.);
#93=B_SPLINE_SURFACE_WITH_KNOTS('',3,3,((#10659,#10660,#10661,#10662,#10663,
#10664,#10665),(#10666,#10667,#10668,#10669,#10670,#10671,#10672),(#10673,
#10674,#10675,#10676,#10677,#10678,#10679),(#10680,#10681,#10682,#10683,
#10684,#10685,#10686)),.UNSPECIFIED.,.F.,.F.,.F.,(4,4),(4,1,2,4),(0.,1.),
(1.779411404645,1.86818805206388,2.00135302319221,2.07541193743904),
 .UNSPECIFIED.);
#94=B_SPLINE_SURFACE_WITH_KNOTS('',3,3,((#10696,#10697,#10698,#10699,#10700),
(#10701,#10702,#10703,#10704,#10705),(#10706,#10707,#10708,#10709,#10710),
(#10711,#10712,#10713,#10714,#10715)),.UNSPECIFIED.,.F.,.F.,.F.,(4,4),(4,
1,4),(0.,1.),(2.07541193749634,2.11249415098531,2.18731172848488),
 .UNSPECIFIED.);
#95=B_SPLINE_SURFACE_WITH_KNOTS('',3,3,((#10728,#10729,#10730,#10731,#10732,
#10733,#10734,#10735),(#10736,#10737,#10738,#10739,#10740,#10741,#10742,
#10743),(#10744,#10745,#10746,#10747,#10748,#10749,#10750,#10751),(#10752,
#10753,#10754,#10755,#10756,#10757,#10758,#10759)),.UNSPECIFIED.,.F.,.F.,
 .F.,(4,4),(4,2,2,4),(0.591091607532288,1.),(2.1873117284841,2.22396040150468,
2.27238304310446,2.35040164147036),.UNSPECIFIED.);
#96=B_SPLINE_SURFACE_WITH_KNOTS('',3,3,((#10800,#10801,#10802,#10803,#10804,
#10805,#10806),(#10807,#10808,#10809,#10810,#10811,#10812,#10813),(#10814,
#10815,#10816,#10817,#10818,#10819,#10820),(#10821,#10822,#10823,#10824,
#10825,#10826,#10827)),.UNSPECIFIED.,.F.,.F.,.F.,(4,4),(4,1,1,1,4),(0.,
1.),(1.48341087185096,1.52569666225011,1.56798245264926,1.65255403344756,
1.779411404645),.UNSPECIFIED.);
#97=B_SPLINE_SURFACE_WITH_KNOTS('',3,3,((#10839,#10840,#10841,#10842),(#10843,
#10844,#10845,#10846),(#10847,#10848,#10849,#10850),(#10851,#10852,#10853,
#10854)),.UNSPECIFIED.,.F.,.F.,.F.,(4,4),(4,4),(0.,1.),(1.37151108080563,
1.48341087185096),.UNSPECIFIED.);
#98=B_SPLINE_SURFACE_WITH_KNOTS('',3,3,((#10868,#10869,#10870,#10871,#10872,
#10873),(#10874,#10875,#10876,#10877,#10878,#10879),(#10880,#10881,#10882,
#10883,#10884,#10885),(#10886,#10887,#10888,#10889,#10890,#10891)),
 .UNSPECIFIED.,.F.,.F.,.F.,(4,4),(4,2,4),(0.591091607532301,1.),(1.20842094091671,
1.28686163955909,1.37151108080589),.UNSPECIFIED.);
#99=B_SPLINE_SURFACE_WITH_KNOTS('',3,3,((#10903,#10904,#10905,#10906,#10907,
#10908,#10909,#10910,#10911,#10912,#10913),(#10914,#10915,#10916,#10917,
#10918,#10919,#10920,#10921,#10922,#10923,#10924),(#10925,#10926,#10927,
#10928,#10929,#10930,#10931,#10932,#10933,#10934,#10935),(#10936,#10937,
#10938,#10939,#10940,#10941,#10942,#10943,#10944,#10945,#10946)),
 .UNSPECIFIED.,.F.,.F.,.F.,(4,4),(4,1,1,1,1,1,1,1,4),(0.,1.),(-5.4561246996889,
-5.29172118764313,-5.12731767559737,-4.79851065150583,-4.14089660332277,
-3.81208957923124,-3.4832825551397,-3.31887904309394,-3.15447553104817),
 .UNSPECIFIED.);
#100=B_SPLINE_SURFACE_WITH_KNOTS('',3,3,((#11125,#11126,#11127,#11128),
(#11129,#11130,#11131,#11132),(#11133,#11134,#11135,#11136),(#11137,#11138,
#11139,#11140)),.UNSPECIFIED.,.F.,.F.,.F.,(4,4),(4,4),(0.,0.388297980283277),
(0.261012321642673,0.453580842864702),.UNSPECIFIED.);
#101=B_SPLINE_SURFACE_WITH_KNOTS('',3,3,((#11142,#11143,#11144,#11145),
(#11146,#11147,#11148,#11149),(#11150,#11151,#11152,#11153),(#11154,#11155,
#11156,#11157),(#11158,#11159,#11160,#11161)),.UNSPECIFIED.,.F.,.F.,.F.,
(4,1,4),(4,4),(0.,0.571428571428571,1.),(0.62871808211217,1.05719939769052),
 .UNSPECIFIED.);
#102=B_SPLINE_SURFACE_WITH_KNOTS('',3,3,((#11165,#11166,#11167,#11168,#11169),
(#11170,#11171,#11172,#11173,#11174),(#11175,#11176,#11177,#11178,#11179),
(#11180,#11181,#11182,#11183,#11184)),.UNSPECIFIED.,.F.,.F.,.F.,(4,4),(4,
1,4),(0.,1.),(0.428491063175187,0.693386945392974,1.04658145501669),
 .UNSPECIFIED.);
#103=B_SPLINE_SURFACE_WITH_KNOTS('',3,3,((#11185,#11186,#11187,#11188),
(#11189,#11190,#11191,#11192),(#11193,#11194,#11195,#11196),(#11197,#11198,
#11199,#11200)),.UNSPECIFIED.,.F.,.F.,.F.,(4,4),(4,4),(0.,0.388297980338863),
(0.,0.192568521279506),.UNSPECIFIED.);
#104=B_SPLINE_SURFACE_WITH_KNOTS('',3,3,((#11202,#11203,#11204,#11205),
(#11206,#11207,#11208,#11209),(#11210,#11211,#11212,#11213),(#11214,#11215,
#11216,#11217),(#11218,#11219,#11220,#11221)),.UNSPECIFIED.,.F.,.F.,.F.,
(4,1,4),(4,4),(0.,0.571428571428571,1.),(0.,0.428492188567479),
 .UNSPECIFIED.);
#105=B_SPLINE_SURFACE_WITH_KNOTS('',3,3,((#11223,#11224,#11225,#11226,#11227),
(#11228,#11229,#11230,#11231,#11232),(#11233,#11234,#11235,#11236,#11237),
(#11238,#11239,#11240,#11241,#11242)),.UNSPECIFIED.,.F.,.F.,.F.,(4,4),(4,
1,4),(0.,1.),(0.,0.264895882217622,0.618090391841118),.UNSPECIFIED.);
#106=CONICAL_SURFACE('',#4821,2.6,0.785398163397444);
#107=CONICAL_SURFACE('',#4828,2.6,0.785398163397488);
#108=CONICAL_SURFACE('',#4835,2.6,0.785398163397444);
#109=CONICAL_SURFACE('',#4839,74.0702941459221,0.0625943991934661);
#110=CONICAL_SURFACE('',#4872,8.,0.698131700797732);
#111=CONICAL_SURFACE('',#4876,36.1832815729997,0.463647609000811);
#112=CONICAL_SURFACE('',#4882,36.1832815729997,0.463647609000811);
#113=CONICAL_SURFACE('',#4888,36.1832815729997,0.463647609000811);
#114=CONICAL_SURFACE('',#4894,36.1832815729997,0.463647609000811);
#115=CONICAL_SURFACE('',#4900,36.1832815729997,0.463647609000811);
#116=CONICAL_SURFACE('',#4913,2.6,0.785398163397441);
#117=CONICAL_SURFACE('',#4917,2.6,0.785398163397489);
#118=CONICAL_SURFACE('',#4931,66.,0.785398163397447);
#119=CONICAL_SURFACE('',#4942,66.,0.785398163397447);
#120=CONICAL_SURFACE('',#4960,66.,0.785398163397447);
#121=CONICAL_SURFACE('',#4971,66.,0.785398163397447);
#122=CONICAL_SURFACE('',#4989,66.,0.785398163397447);
#123=CONICAL_SURFACE('',#5001,66.,0.785398163397447);
#124=CONICAL_SURFACE('',#5019,66.,0.785398163397447);
#125=CONICAL_SURFACE('',#5031,66.,0.785398163397447);
#126=CONICAL_SURFACE('',#5049,66.,0.785398163397447);
#127=CONICAL_SURFACE('',#5058,80.5,0.732815101786507);
#128=CONICAL_SURFACE('',#5072,79.5,1.14416883366802);
#129=CONICAL_SURFACE('',#5080,27.8207106781187,0.785398163397454);
#130=CONICAL_SURFACE('',#5086,66.,0.785398163397447);
#131=TOROIDAL_SURFACE('',#4807,71.6613652124569,1.5);
#132=TOROIDAL_SURFACE('',#4864,7.5,1.5);
#133=TOROIDAL_SURFACE('',#4934,70.5,6.);
#134=TOROIDAL_SURFACE('',#4940,70.5,6.);
#135=TOROIDAL_SURFACE('',#4963,70.5,6.);
#136=TOROIDAL_SURFACE('',#4969,70.5,6.);
#137=TOROIDAL_SURFACE('',#4992,70.5,6.);
#138=TOROIDAL_SURFACE('',#4999,70.5,6.);
#139=TOROIDAL_SURFACE('',#5022,70.5,6.);
#140=TOROIDAL_SURFACE('',#5029,70.5,6.);
#141=TOROIDAL_SURFACE('',#5052,70.5,6.);
#142=TOROIDAL_SURFACE('',#5068,76.8820310400275,2.);
#143=TOROIDAL_SURFACE('',#5075,80.,5.);
#144=TOROIDAL_SURFACE('',#5084,70.5,6.);
#145=B_SPLINE_CURVE_WITH_KNOTS('',3,(#6453,#6454,#6455,#6456,#6457,#6458,
#6459),.UNSPECIFIED.,.F.,.F.,(4,2,1,4),(-2.07541193743904,-2.00135302319221,
-1.86818805206388,-1.779411404645),.UNSPECIFIED.);
#146=B_SPLINE_CURVE_WITH_KNOTS('',3,(#6465,#6466,#6467,#6468,#6469,#6470),
 .UNSPECIFIED.,.F.,.F.,(4,2,4),(-38.1419640998299,-38.1306726941305,-38.0331033322273),
 .UNSPECIFIED.);
#147=B_SPLINE_CURVE_WITH_KNOTS('',3,(#6480,#6481,#6482,#6483,#6484,#6485),
 .UNSPECIFIED.,.F.,.F.,(4,2,4),(-1.73496071170711,-1.63739742487314,-1.62610672222298),
 .UNSPECIFIED.);
#148=B_SPLINE_CURVE_WITH_KNOTS('',3,(#6491,#6492,#6493,#6494,#6495,#6496,
#6497),.UNSPECIFIED.,.F.,.F.,(4,1,1,1,4),(-1.779411404645,-1.65255403344756,
-1.56798245264926,-1.52569666225011,-1.48341087185096),.UNSPECIFIED.);
#149=B_SPLINE_CURVE_WITH_KNOTS('',3,(#6507,#6508,#6509,#6510,#6511,#6512,
#6513),.UNSPECIFIED.,.F.,.F.,(4,2,1,4),(-2.07541193743904,-2.00135302319221,
-1.86818805206388,-1.779411404645),.UNSPECIFIED.);
#150=B_SPLINE_CURVE_WITH_KNOTS('',3,(#6519,#6520,#6521,#6522,#6523,#6524),
 .UNSPECIFIED.,.F.,.F.,(4,2,4),(-38.1419640998299,-38.1306726941304,-38.0331033322272),
 .UNSPECIFIED.);
#151=B_SPLINE_CURVE_WITH_KNOTS('',3,(#6534,#6535,#6536,#6537,#6538,#6539),
 .UNSPECIFIED.,.F.,.F.,(4,2,4),(-1.73496071170708,-1.6373974248731,-1.62610672222294),
 .UNSPECIFIED.);
#152=B_SPLINE_CURVE_WITH_KNOTS('',3,(#6545,#6546,#6547,#6548,#6549,#6550,
#6551),.UNSPECIFIED.,.F.,.F.,(4,1,1,1,4),(-1.779411404645,-1.65255403344756,
-1.56798245264926,-1.52569666225011,-1.48341087185096),.UNSPECIFIED.);
#153=B_SPLINE_CURVE_WITH_KNOTS('',3,(#6561,#6562,#6563,#6564,#6565,#6566,
#6567),.UNSPECIFIED.,.F.,.F.,(4,2,1,4),(-2.07541193743904,-2.00135302319221,
-1.86818805206388,-1.779411404645),.UNSPECIFIED.);
#154=B_SPLINE_CURVE_WITH_KNOTS('',3,(#6573,#6574,#6575,#6576,#6577,#6578),
 .UNSPECIFIED.,.F.,.F.,(4,2,4),(-38.1419640998299,-38.1306726941304,-38.0331033322272),
 .UNSPECIFIED.);
#155=B_SPLINE_CURVE_WITH_KNOTS('',3,(#6588,#6589,#6590,#6591,#6592,#6593),
 .UNSPECIFIED.,.F.,.F.,(4,2,4),(-1.7349607117071,-1.63739742487313,-1.62610672222297),
 .UNSPECIFIED.);
#156=B_SPLINE_CURVE_WITH_KNOTS('',3,(#6599,#6600,#6601,#6602,#6603,#6604,
#6605),.UNSPECIFIED.,.F.,.F.,(4,1,1,1,4),(-1.779411404645,-1.65255403344756,
-1.56798245264926,-1.52569666225011,-1.48341087185096),.UNSPECIFIED.);
#157=B_SPLINE_CURVE_WITH_KNOTS('',3,(#6615,#6616,#6617,#6618,#6619,#6620,
#6621),.UNSPECIFIED.,.F.,.F.,(4,2,1,4),(-2.07541193743904,-2.00135302319221,
-1.86818805206388,-1.779411404645),.UNSPECIFIED.);
#158=B_SPLINE_CURVE_WITH_KNOTS('',3,(#6627,#6628,#6629,#6630,#6631,#6632),
 .UNSPECIFIED.,.F.,.F.,(4,2,4),(-38.1419640998299,-38.1306726941305,-38.0331033322272),
 .UNSPECIFIED.);
#159=B_SPLINE_CURVE_WITH_KNOTS('',3,(#6642,#6643,#6644,#6645,#6646,#6647),
 .UNSPECIFIED.,.F.,.F.,(4,2,4),(-1.73496071170711,-1.63739742487314,-1.62610672222297),
 .UNSPECIFIED.);
#160=B_SPLINE_CURVE_WITH_KNOTS('',3,(#6653,#6654,#6655,#6656,#6657,#6658,
#6659),.UNSPECIFIED.,.F.,.F.,(4,1,1,1,4),(-1.779411404645,-1.65255403344756,
-1.56798245264926,-1.52569666225011,-1.48341087185096),.UNSPECIFIED.);
#161=B_SPLINE_CURVE_WITH_KNOTS('',3,(#6693,#6694,#6695,#6696,#6697,#6698,
#6699),.UNSPECIFIED.,.F.,.F.,(4,2,1,4),(-2.07541193743904,-2.00135302319221,
-1.86818805206388,-1.779411404645),.UNSPECIFIED.);
#162=B_SPLINE_CURVE_WITH_KNOTS('',3,(#6705,#6706,#6707,#6708,#6709,#6710),
 .UNSPECIFIED.,.F.,.F.,(4,2,4),(-38.1419640998299,-38.1306726941304,-38.0331033322272),
 .UNSPECIFIED.);
#163=B_SPLINE_CURVE_WITH_KNOTS('',3,(#6720,#6721,#6722,#6723,#6724,#6725),
 .UNSPECIFIED.,.F.,.F.,(4,2,4),(-1.73496071170708,-1.6373974248731,-1.62610672222294),
 .UNSPECIFIED.);
#164=B_SPLINE_CURVE_WITH_KNOTS('',3,(#6731,#6732,#6733,#6734,#6735,#6736,
#6737),.UNSPECIFIED.,.F.,.F.,(4,1,1,1,4),(-1.779411404645,-1.65255403344756,
-1.56798245264926,-1.52569666225011,-1.48341087185096),.UNSPECIFIED.);
#165=B_SPLINE_CURVE_WITH_KNOTS('',3,(#6754,#6755,#6756,#6757,#6758,#6759,
#6760,#6761,#6762,#6763),.UNSPECIFIED.,.F.,.F.,(4,2,2,2,4),(2.3176237146709,
2.35783623300343,2.43143058960566,2.52246961968043,2.56852035354339),
 .UNSPECIFIED.);
#166=B_SPLINE_CURVE_WITH_KNOTS('',3,(#6767,#6768,#6769,#6770,#6771,#6772,
#6773,#6774,#6775,#6776,#6777,#6778,#6779,#6780,#6781,#6782,#6783,#6784,
#6785,#6786,#6787,#6788),.UNSPECIFIED.,.F.,.F.,(4,2,2,2,2,2,2,2,2,2,4),
(0.172284810427718,0.176758081217932,0.233521849462554,0.326961909257162,
0.404419036176807,0.457198395985503,0.507090516424709,0.572468814380868,
0.686215674845419,0.762217870373562,0.770203212642567),.UNSPECIFIED.);
#167=B_SPLINE_CURVE_WITH_KNOTS('',3,(#6792,#6793,#6794,#6795,#6796,#6797,
#6798,#6799,#6800,#6801,#6802,#6803,#6804,#6805,#6806,#6807),
 .UNSPECIFIED.,.F.,.F.,(4,2,2,2,2,2,2,4),(1.95921084799583,2.02513112381428,
2.11414622526367,2.20345202300826,2.26865513270465,2.33592702259301,2.42037479888599,
2.46159114029993),.UNSPECIFIED.);
#168=B_SPLINE_CURVE_WITH_KNOTS('',3,(#6811,#6812,#6813,#6814,#6815,#6816,
#6817,#6818,#6819,#6820,#6821,#6822,#6823,#6824,#6825,#6826,#6827,#6828,
#6829,#6830),.UNSPECIFIED.,.F.,.F.,(4,2,2,2,2,2,2,2,2,4),(0.172263736637007,
0.17657443343546,0.232941335127348,0.324702231378827,0.40382564460228,0.461178616449956,
0.517110788396622,0.59246426621269,0.704084390108518,0.766781827225555),
 .UNSPECIFIED.);
#169=B_SPLINE_CURVE_WITH_KNOTS('',3,(#6834,#6835,#6836,#6837,#6838,#6839,
#6840,#6841,#6842,#6843,#6844,#6845,#6846,#6847,#6848,#6849),
 .UNSPECIFIED.,.F.,.F.,(4,2,2,2,2,2,2,4),(1.90826173660069,1.97527110779864,
2.06698837023863,2.15833540166976,2.22163707124104,2.28587878687514,2.36409665060006,
2.40060332529865),.UNSPECIFIED.);
#170=B_SPLINE_CURVE_WITH_KNOTS('',3,(#6853,#6854,#6855,#6856,#6857,#6858,
#6859,#6860,#6861,#6862,#6863,#6864,#6865,#6866,#6867,#6868,#6869,#6870,
#6871,#6872),.UNSPECIFIED.,.F.,.F.,(4,2,2,2,2,2,2,2,2,4),(0.172211298242579,
0.176126006700695,0.231585503904507,0.319998367820633,0.406161216470659,
0.473103892344774,0.542927044397469,0.641463857201791,0.734966274734439,
0.776810706796296),.UNSPECIFIED.);
#171=B_SPLINE_CURVE_WITH_KNOTS('',3,(#6876,#6877,#6878,#6879,#6880,#6881,
#6882,#6883,#6884,#6885,#6886,#6887,#6888,#6889,#6890,#6891),
 .UNSPECIFIED.,.F.,.F.,(4,2,2,2,2,2,2,4),(1.90826173660871,1.97527110780657,
2.06698837024629,2.15833540167736,2.22163707124905,2.28587878688387,2.36409665061032,
2.40060332530998),.UNSPECIFIED.);
#172=B_SPLINE_CURVE_WITH_KNOTS('',3,(#6895,#6896,#6897,#6898,#6899,#6900,
#6901,#6902,#6903,#6904,#6905,#6906,#6907,#6908,#6909,#6910,#6911,#6912,
#6913,#6914),.UNSPECIFIED.,.F.,.F.,(4,2,2,2,2,2,2,2,2,4),(0.17226373663476,
0.17657443343324,0.232941335124233,0.324702231374208,0.403825644596597,
0.461178616443435,0.517110788389183,0.59246426620392,0.704084390098317,
0.7667818272143),.UNSPECIFIED.);
#173=B_SPLINE_CURVE_WITH_KNOTS('',3,(#6918,#6919,#6920,#6921,#6922,#6923,
#6924,#6925,#6926,#6927,#6928,#6929,#6930,#6931,#6932,#6933),
 .UNSPECIFIED.,.F.,.F.,(4,2,2,2,2,2,2,4),(1.95921084798926,2.02513112380756,
2.11414622525655,2.20345202300086,2.26865513269637,2.3359270225833,2.42037479887567,
2.46159114029022),.UNSPECIFIED.);
#174=B_SPLINE_CURVE_WITH_KNOTS('',3,(#6937,#6938,#6939,#6940,#6941,#6942,
#6943,#6944,#6945,#6946,#6947,#6948,#6949,#6950,#6951,#6952,#6953,#6954,
#6955,#6956,#6957,#6958),.UNSPECIFIED.,.F.,.F.,(4,2,2,2,2,2,2,2,2,2,4),
(0.172284810428175,0.176758081218461,0.233521849463244,0.326961909258091,
0.404419036178054,0.457198395986891,0.507090516426184,0.572468814382452,
0.686215674847212,0.762217870375178,0.770203212644513),.UNSPECIFIED.);
#175=B_SPLINE_CURVE_WITH_KNOTS('',3,(#6961,#6962,#6963,#6964,#6965,#6966,
#6967,#6968,#6969,#6970),.UNSPECIFIED.,.F.,.F.,(4,2,2,2,4),(2.05071899456014,
2.1151044533867,2.20111075210446,2.2904507695384,2.3176237146709),
 .UNSPECIFIED.);
#176=B_SPLINE_CURVE_WITH_KNOTS('',3,(#7010,#7011,#7012,#7013,#7014,#7015,
#7016,#7017,#7018,#7019,#7020,#7021,#7022,#7023,#7024,#7025,#7026,#7027,
#7028,#7029,#7030,#7031,#7032,#7033,#7034,#7035,#7036,#7037,#7038,#7039,
#7040,#7041,#7042,#7043,#7044,#7045,#7046,#7047,#7048,#7049,#7050,#7051,
#7052,#7053,#7054,#7055,#7056),.UNSPECIFIED.,.T.,.F.,(4,2,2,2,2,2,2,2,2,
2,2,2,2,2,2,2,2,2,2,3,2,2,4),(-3.92445170308879,-3.71315442768075,-3.4515951786259,
-3.20548740482881,-2.93861454370625,-2.77610276522759,-2.64961215739961,
-2.47249126059189,-2.21341016161484,-1.93725734153762,-1.64519215574801,
-1.33696739305834,-1.05111195020656,-0.823727031893525,-0.646866204557899,
-0.565511206867063,-0.501540241461635,-0.424527805378598,-0.260449950649892,
0.,0.192741377530797,0.393776658833141,0.459692371780389),.UNSPECIFIED.);
#177=B_SPLINE_CURVE_WITH_KNOTS('',3,(#7148,#7149,#7150,#7151,#7152),
 .UNSPECIFIED.,.F.,.F.,(4,1,4),(-0.475977242003004,-0.336030170489687,0.),
 .UNSPECIFIED.);
#178=B_SPLINE_CURVE_WITH_KNOTS('',3,(#7154,#7155,#7156,#7157),
 .UNSPECIFIED.,.F.,.F.,(4,4),(0.,0.0574750595027189),.UNSPECIFIED.);
#179=B_SPLINE_CURVE_WITH_KNOTS('',3,(#7158,#7159,#7160,#7161,#7162,#7163,
#7164,#7165,#7166,#7167,#7168,#7169,#7170,#7171,#7172,#7173,#7174,#7175),
 .UNSPECIFIED.,.F.,.F.,(4,1,1,1,1,1,1,1,1,1,1,1,1,1,1,4),(0.0574750595027189,
0.26678422861841,0.53356845723682,0.80035268585523,1.06713691447364,1.24499306688591,
1.60070537171046,1.6896334479166,1.77856152412273,2.13427382894728,2.40105805756569,
2.53445017187489,2.6678422861841,2.93462651480251,3.20141074342092,3.73497920065774),
 .UNSPECIFIED.);
#180=B_SPLINE_CURVE_WITH_KNOTS('',3,(#7260,#7261,#7262,#7263),
 .UNSPECIFIED.,.F.,.F.,(4,4),(7.49315085202769,7.94134029447042),
 .UNSPECIFIED.);
#181=B_SPLINE_CURVE_WITH_KNOTS('',3,(#7264,#7265,#7266,#7267,#7268,#7269,
#7270,#7271,#7272,#7273,#7274,#7275,#7276,#7277,#7278,#7279,#7280,#7281,
#7282,#7283,#7284,#7285,#7286,#7287,#7288,#7289,#7290,#7291,#7292,#7293,
#7294,#7295,#7296,#7297,#7298,#7299,#7300,#7301,#7302,#7303,#7304,#7305,
#7306,#7307,#7308,#7309,#7310,#7311,#7312,#7313,#7314,#7315,#7316,#7317,
#7318,#7319,#7320,#7321),.UNSPECIFIED.,.F.,.F.,(4,2,2,2,2,2,2,2,2,2,2,2,
2,2,2,2,2,2,2,2,2,2,2,2,2,2,2,2,4),(0.,0.299113482198099,0.598226964396199,
0.897340446594298,1.1964539287924,1.4166417328228,1.6368295368532,1.78446835703634,
1.93210717721949,2.07974599740264,2.22738481758579,2.44757262161619,2.6677604256466,
2.96687390784471,3.26598739004281,3.56510087224092,3.86421435443903,4.46784999867448,
5.07148564290993,5.30577980992719,5.54007397694446,5.72142565069961,5.90277732445476,
6.08412899820991,6.26548067196506,6.49977483898232,6.73406900599958,7.337704650235,
7.49315085202769),.UNSPECIFIED.);
#182=B_SPLINE_CURVE_WITH_KNOTS('',3,(#7326,#7327,#7328,#7329,#7330,#7331),
 .UNSPECIFIED.,.F.,.F.,(4,2,4),(-0.228078241613333,-0.114333174813081,0.),
 .UNSPECIFIED.);
#183=B_SPLINE_CURVE_WITH_KNOTS('',3,(#7357,#7358,#7359,#7360,#7361,#7362),
 .UNSPECIFIED.,.F.,.F.,(4,2,4),(0.,0.120058656671867,0.240290440358334),
 .UNSPECIFIED.);
#184=B_SPLINE_CURVE_WITH_KNOTS('',3,(#7364,#7365,#7366,#7367),
 .UNSPECIFIED.,.F.,.F.,(4,4),(38.003245967045,38.1272553617199),
 .UNSPECIFIED.);
#185=B_SPLINE_CURVE_WITH_KNOTS('',3,(#7368,#7369,#7370,#7371),
 .UNSPECIFIED.,.F.,.F.,(4,4),(0.,0.000908402496403679),.UNSPECIFIED.);
#186=B_SPLINE_CURVE_WITH_KNOTS('',3,(#7376,#7377,#7378,#7379),
 .UNSPECIFIED.,.F.,.F.,(4,4),(0.359312840699522,0.360221246925786),
 .UNSPECIFIED.);
#187=B_SPLINE_CURVE_WITH_KNOTS('',3,(#7384,#7385,#7386,#7387),
 .UNSPECIFIED.,.F.,.F.,(4,4),(1.64081454481186,1.7648162178471),
 .UNSPECIFIED.);
#188=B_SPLINE_CURVE_WITH_KNOTS('',3,(#7412,#7413,#7414,#7415,#7416,#7417),
 .UNSPECIFIED.,.F.,.F.,(4,2,4),(0.,0.120154300371314,0.240290469009377),
 .UNSPECIFIED.);
#189=B_SPLINE_CURVE_WITH_KNOTS('',3,(#7418,#7419,#7420,#7421,#7422,#7423),
 .UNSPECIFIED.,.F.,.F.,(4,2,4),(0.,0.114262111518109,0.227976023642688),
 .UNSPECIFIED.);
#190=B_SPLINE_CURVE_WITH_KNOTS('',3,(#7428,#7429,#7430,#7431,#7432,#7433),
 .UNSPECIFIED.,.F.,.F.,(4,2,4),(-0.228078242958995,-0.114333622308994,0.),
 .UNSPECIFIED.);
#191=B_SPLINE_CURVE_WITH_KNOTS('',3,(#7459,#7460,#7461,#7462,#7463,#7464),
 .UNSPECIFIED.,.F.,.F.,(4,2,4),(0.,0.120060501720626,0.240290440375657),
 .UNSPECIFIED.);
#192=B_SPLINE_CURVE_WITH_KNOTS('',3,(#7466,#7467,#7468,#7469),
 .UNSPECIFIED.,.F.,.F.,(4,4),(38.003245967045,38.1272553617199),
 .UNSPECIFIED.);
#193=B_SPLINE_CURVE_WITH_KNOTS('',3,(#7470,#7471,#7472,#7473),
 .UNSPECIFIED.,.F.,.F.,(4,4),(0.,0.000908402496167039),.UNSPECIFIED.);
#194=B_SPLINE_CURVE_WITH_KNOTS('',3,(#7478,#7479,#7480,#7481),
 .UNSPECIFIED.,.F.,.F.,(4,4),(0.359312840925338,0.360221247151718),
 .UNSPECIFIED.);
#195=B_SPLINE_CURVE_WITH_KNOTS('',3,(#7486,#7487,#7488,#7489),
 .UNSPECIFIED.,.F.,.F.,(4,4),(1.64081454481182,1.76481621784707),
 .UNSPECIFIED.);
#196=B_SPLINE_CURVE_WITH_KNOTS('',3,(#7514,#7515,#7516,#7517,#7518,#7519),
 .UNSPECIFIED.,.F.,.F.,(4,2,4),(0.,0.120155122221381,0.240290469003565),
 .UNSPECIFIED.);
#197=B_SPLINE_CURVE_WITH_KNOTS('',3,(#7520,#7521,#7522,#7523,#7524,#7525),
 .UNSPECIFIED.,.F.,.F.,(4,2,4),(0.,0.114262306273878,0.227976023765681),
 .UNSPECIFIED.);
#198=B_SPLINE_CURVE_WITH_KNOTS('',3,(#7530,#7531,#7532,#7533,#7534,#7535),
 .UNSPECIFIED.,.F.,.F.,(4,2,4),(-0.228078239399707,-0.114332527577135,0.),
 .UNSPECIFIED.);
#199=B_SPLINE_CURVE_WITH_KNOTS('',3,(#7561,#7562,#7563,#7564,#7565,#7566),
 .UNSPECIFIED.,.F.,.F.,(4,2,4),(0.,0.120055988454897,0.240290440297408),
 .UNSPECIFIED.);
#200=B_SPLINE_CURVE_WITH_KNOTS('',3,(#7568,#7569,#7570,#7571),
 .UNSPECIFIED.,.F.,.F.,(4,4),(38.003245967045,38.1272553617199),
 .UNSPECIFIED.);
#201=B_SPLINE_CURVE_WITH_KNOTS('',3,(#7572,#7573,#7574,#7575),
 .UNSPECIFIED.,.F.,.F.,(4,4),(0.,0.000908402496745009),.UNSPECIFIED.);
#202=B_SPLINE_CURVE_WITH_KNOTS('',3,(#7580,#7581,#7582,#7583),
 .UNSPECIFIED.,.F.,.F.,(4,4),(0.359312841883274,0.360221248110131),
 .UNSPECIFIED.);
#203=B_SPLINE_CURVE_WITH_KNOTS('',3,(#7588,#7589,#7590,#7591),
 .UNSPECIFIED.,.F.,.F.,(4,4),(1.64081454481186,1.7648162178471),
 .UNSPECIFIED.);
#204=B_SPLINE_CURVE_WITH_KNOTS('',3,(#7616,#7617,#7618,#7619,#7620,#7621),
 .UNSPECIFIED.,.F.,.F.,(4,2,4),(0.,0.120158661417978,0.240290469007685),
 .UNSPECIFIED.);
#205=B_SPLINE_CURVE_WITH_KNOTS('',3,(#7622,#7623,#7624,#7625,#7626,#7627),
 .UNSPECIFIED.,.F.,.F.,(4,2,4),(0.,0.11426314519183,0.227976024842972),
 .UNSPECIFIED.);
#206=B_SPLINE_CURVE_WITH_KNOTS('',3,(#7632,#7633,#7634,#7635,#7636,#7637),
 .UNSPECIFIED.,.F.,.F.,(4,2,4),(-0.228078239108293,-0.114332396791074,0.),
 .UNSPECIFIED.);
#207=B_SPLINE_CURVE_WITH_KNOTS('',3,(#7663,#7664,#7665,#7666,#7667,#7668),
 .UNSPECIFIED.,.F.,.F.,(4,2,4),(0.,0.120055449265523,0.240290440440087),
 .UNSPECIFIED.);
#208=B_SPLINE_CURVE_WITH_KNOTS('',3,(#7670,#7671,#7672,#7673),
 .UNSPECIFIED.,.F.,.F.,(4,4),(38.0032459670451,38.1272553617199),
 .UNSPECIFIED.);
#209=B_SPLINE_CURVE_WITH_KNOTS('',3,(#7674,#7675,#7676,#7677),
 .UNSPECIFIED.,.F.,.F.,(4,4),(0.,0.00090840249682288),.UNSPECIFIED.);
#210=B_SPLINE_CURVE_WITH_KNOTS('',3,(#7682,#7683,#7684,#7685),
 .UNSPECIFIED.,.F.,.F.,(4,4),(0.359312841368335,0.360221247594931),
 .UNSPECIFIED.);
#211=B_SPLINE_CURVE_WITH_KNOTS('',3,(#7690,#7691,#7692,#7693),
 .UNSPECIFIED.,.F.,.F.,(4,4),(1.64081454481182,1.76481621784707),
 .UNSPECIFIED.);
#212=B_SPLINE_CURVE_WITH_KNOTS('',3,(#7718,#7719,#7720,#7721,#7722,#7723),
 .UNSPECIFIED.,.F.,.F.,(4,2,4),(0.,0.120156747825941,0.240290469001047),
 .UNSPECIFIED.);
#213=B_SPLINE_CURVE_WITH_KNOTS('',3,(#7724,#7725,#7726,#7727,#7728,#7729),
 .UNSPECIFIED.,.F.,.F.,(4,2,4),(0.,0.114262691633807,0.227976024313139),
 .UNSPECIFIED.);
#214=B_SPLINE_CURVE_WITH_KNOTS('',3,(#7734,#7735,#7736,#7737,#7738,#7739),
 .UNSPECIFIED.,.F.,.F.,(4,2,4),(-0.228078238554009,-0.11433225705344,0.),
 .UNSPECIFIED.);
#215=B_SPLINE_CURVE_WITH_KNOTS('',3,(#7765,#7766,#7767,#7768,#7769,#7770),
 .UNSPECIFIED.,.F.,.F.,(4,2,4),(0.,0.120054873200883,0.240290440273456),
 .UNSPECIFIED.);
#216=B_SPLINE_CURVE_WITH_KNOTS('',3,(#7772,#7773,#7774,#7775),
 .UNSPECIFIED.,.F.,.F.,(4,4),(38.003245967045,38.1272553617199),
 .UNSPECIFIED.);
#217=B_SPLINE_CURVE_WITH_KNOTS('',3,(#7776,#7777,#7778,#7779),
 .UNSPECIFIED.,.F.,.F.,(4,4),(0.,0.000908402496898398),.UNSPECIFIED.);
#218=B_SPLINE_CURVE_WITH_KNOTS('',3,(#7784,#7785,#7786,#7787),
 .UNSPECIFIED.,.F.,.F.,(4,4),(0.359312840289486,0.360221246515551),
 .UNSPECIFIED.);
#219=B_SPLINE_CURVE_WITH_KNOTS('',3,(#7792,#7793,#7794,#7795),
 .UNSPECIFIED.,.F.,.F.,(4,4),(1.64081454481185,1.76481621784709),
 .UNSPECIFIED.);
#220=B_SPLINE_CURVE_WITH_KNOTS('',3,(#7820,#7821,#7822,#7823,#7824,#7825),
 .UNSPECIFIED.,.F.,.F.,(4,2,4),(0.,0.120152823848181,0.240290469003726),
 .UNSPECIFIED.);
#221=B_SPLINE_CURVE_WITH_KNOTS('',3,(#7826,#7827,#7828,#7829,#7830,#7831),
 .UNSPECIFIED.,.F.,.F.,(4,2,4),(0.,0.11426176150463,0.227976023176887),
 .UNSPECIFIED.);
#222=B_SPLINE_CURVE_WITH_KNOTS('',3,(#7893,#7894,#7895,#7896,#7897),
 .UNSPECIFIED.,.F.,.F.,(4,1,4),(1.32072306993858,1.47806052368853,1.59606361400099),
 .UNSPECIFIED.);
#223=B_SPLINE_CURVE_WITH_KNOTS('',3,(#7927,#7928,#7929,#7930,#7931,#7932),
 .UNSPECIFIED.,.F.,.F.,(4,2,4),(-0.00141311967663576,0.,0.396330260472062),
 .UNSPECIFIED.);
#224=B_SPLINE_CURVE_WITH_KNOTS('',3,(#7958,#7959,#7960,#7961,#7962,#7963),
 .UNSPECIFIED.,.F.,.F.,(4,2,4),(2.08673359406793,2.48306385459128,2.48447697426671),
 .UNSPECIFIED.);
#225=B_SPLINE_CURVE_WITH_KNOTS('',3,(#7975,#7976,#7977,#7978,#7979),
 .UNSPECIFIED.,.F.,.F.,(4,1,4),(0.428491063175187,0.693386945392974,1.04658145501669),
 .UNSPECIFIED.);
#226=B_SPLINE_CURVE_WITH_KNOTS('',3,(#7982,#7983,#7984,#7985,#7986),
 .UNSPECIFIED.,.F.,.F.,(4,1,4),(0.,0.264895882217622,0.618090391841118),
 .UNSPECIFIED.);
#227=B_SPLINE_CURVE_WITH_KNOTS('',3,(#8021,#8022,#8023,#8024,#8025,#8026,
#8027),.UNSPECIFIED.,.F.,.F.,(4,1,2,4),(1.779411404645,1.86818805206388,
2.00135302319221,2.07541193743904),.UNSPECIFIED.);
#228=B_SPLINE_CURVE_WITH_KNOTS('',3,(#8049,#8050,#8051,#8052),
 .UNSPECIFIED.,.F.,.F.,(4,4),(0.334060936254023,0.644840204852613),
 .UNSPECIFIED.);
#229=B_SPLINE_CURVE_WITH_KNOTS('',3,(#8054,#8055,#8056,#8057,#8058),
 .UNSPECIFIED.,.F.,.F.,(4,1,4),(2.07541193749634,2.11249415098531,2.18731172848488),
 .UNSPECIFIED.);
#230=B_SPLINE_CURVE_WITH_KNOTS('',3,(#8093,#8094,#8095,#8096),
 .UNSPECIFIED.,.F.,.F.,(4,4),(0.,0.280769960748873),.UNSPECIFIED.);
#231=B_SPLINE_CURVE_WITH_KNOTS('',3,(#8097,#8098,#8099,#8100,#8101,#8102,
#8103,#8104),.UNSPECIFIED.,.F.,.F.,(4,2,2,4),(2.1873117284841,2.22396040150468,
2.27238304310446,2.35040164147036),.UNSPECIFIED.);
#232=B_SPLINE_CURVE_WITH_KNOTS('',3,(#8109,#8110,#8111,#8112),
 .UNSPECIFIED.,.F.,.F.,(4,4),(-0.192568521279506,0.),.UNSPECIFIED.);
#233=B_SPLINE_CURVE_WITH_KNOTS('',3,(#8117,#8118,#8119,#8120,#8121),
 .UNSPECIFIED.,.F.,.F.,(4,1,4),(-0.618090391841118,-0.264895882217622,0.),
 .UNSPECIFIED.);
#234=B_SPLINE_CURVE_WITH_KNOTS('',3,(#8122,#8123,#8124,#8125),
 .UNSPECIFIED.,.F.,.F.,(4,4),(-0.428492188567479,0.),.UNSPECIFIED.);
#235=B_SPLINE_CURVE_WITH_KNOTS('',3,(#8162,#8163,#8164,#8165,#8166,#8167,
#8168),.UNSPECIFIED.,.F.,.F.,(4,1,1,1,4),(1.48341087185096,1.52569666225011,
1.56798245264926,1.65255403344756,1.779411404645),.UNSPECIFIED.);
#236=B_SPLINE_CURVE_WITH_KNOTS('',3,(#8188,#8189,#8190,#8191,#8192,#8193),
 .UNSPECIFIED.,.F.,.F.,(4,2,4),(0.,0.272494324762122,0.43743832397249),
 .UNSPECIFIED.);
#237=B_SPLINE_CURVE_WITH_KNOTS('',3,(#8196,#8197,#8198,#8199),
 .UNSPECIFIED.,.F.,.F.,(4,4),(1.37151108080563,1.48341087185096),
 .UNSPECIFIED.);
#238=B_SPLINE_CURVE_WITH_KNOTS('',3,(#8225,#8226,#8227,#8228),
 .UNSPECIFIED.,.F.,.F.,(4,4),(0.,0.396412788400819),.UNSPECIFIED.);
#239=B_SPLINE_CURVE_WITH_KNOTS('',3,(#8229,#8230,#8231,#8232,#8233,#8234),
 .UNSPECIFIED.,.F.,.F.,(4,2,4),(1.20842094091671,1.28686163955909,1.37151108080589),
 .UNSPECIFIED.);
#240=B_SPLINE_CURVE_WITH_KNOTS('',3,(#8281,#8282,#8283,#8284,#8285,#8286,
#8287,#8288,#8289,#8290,#8291,#8292,#8293,#8294,#8295,#8296),
 .UNSPECIFIED.,.F.,.F.,(4,3,3,3,3,4),(0.,0.201473392665923,0.215170520504479,
0.415688297943592,0.429934946018198,0.430404024662263),.UNSPECIFIED.);
#241=B_SPLINE_CURVE_WITH_KNOTS('',3,(#8300,#8301,#8302,#8303,#8304,#8305,
#8306,#8307,#8308,#8309,#8310,#8311,#8312,#8313,#8314,#8315),
 .UNSPECIFIED.,.F.,.F.,(4,3,3,3,3,4),(-0.00046932763528075,0.,0.197620789631757,
0.214762529936925,0.414228748908113,0.429931710553577),.UNSPECIFIED.);
#242=B_SPLINE_CURVE_WITH_KNOTS('',3,(#8316,#8317,#8318,#8319,#8320,#8321,
#8322,#8323,#8324,#8325,#8326),.UNSPECIFIED.,.F.,.F.,(4,1,1,1,1,1,1,1,4),
(-5.43417053925298,-5.29172118764313,-5.12731767559737,-4.79851065150583,
-4.14089660332277,-3.81208957923124,-3.4832825551397,-3.31887904309394,
-3.17641102766267),.UNSPECIFIED.);
#243=B_SPLINE_CURVE_WITH_KNOTS('',3,(#8331,#8332,#8333,#8334),
 .UNSPECIFIED.,.F.,.F.,(4,4),(-1.05719939769052,-0.62871808211217),
 .UNSPECIFIED.);
#244=B_SPLINE_CURVE_WITH_KNOTS('',3,(#8335,#8336,#8337,#8338,#8339),
 .UNSPECIFIED.,.F.,.F.,(4,1,4),(-1.04658145501669,-0.693386945392974,-0.428491063175187),
 .UNSPECIFIED.);
#245=B_SPLINE_CURVE_WITH_KNOTS('',3,(#8343,#8344,#8345,#8346),
 .UNSPECIFIED.,.F.,.F.,(4,4),(-0.453580842864702,-0.261012321642673),
 .UNSPECIFIED.);
#246=B_SPLINE_CURVE_WITH_KNOTS('',3,(#8364,#8365,#8366,#8367,#8368,#8369,
#8370,#8371,#8372,#8373,#8374,#8375,#8376,#8377,#8378,#8379,#8380,#8381,
#8382,#8383,#8384,#8385,#8386,#8387,#8388,#8389,#8390,#8391),
 .UNSPECIFIED.,.F.,.F.,(4,3,3,3,3,3,3,3,3,4),(0.,0.0378727136766967,0.0769028217985926,
0.116714102324783,0.157765901197422,0.162339080805121,0.205261994499673,
0.249155125027995,0.294944249811703,0.32645680473237),.UNSPECIFIED.);
#247=B_SPLINE_CURVE_WITH_KNOTS('',3,(#8413,#8414,#8415,#8416,#8417,#8418),
 .UNSPECIFIED.,.F.,.F.,(4,2,4),(0.32610156463199,0.378484828487728,0.599227171097106),
 .UNSPECIFIED.);
#248=B_SPLINE_CURVE_WITH_KNOTS('',3,(#8459,#8460,#8461,#8462,#8463,#8464,
#8465,#8466,#8467,#8468,#8469,#8470,#8471,#8472,#8473,#8474,#8475,#8476,
#8477,#8478,#8479,#8480,#8481,#8482,#8483,#8484,#8485,#8486),
 .UNSPECIFIED.,.F.,.F.,(4,3,3,3,3,3,3,3,3,4),(0.,0.0457787487195072,0.0902747723467843,
0.133148163720314,0.166235039485513,0.20679079825415,0.246468807735131,
0.286823816720594,0.324777591422748,0.327178825706058),.UNSPECIFIED.);
#249=B_SPLINE_CURVE_WITH_KNOTS('',3,(#8508,#8509,#8510,#8511,#8512,#8513),
 .UNSPECIFIED.,.F.,.F.,(4,2,4),(0.,0.314928037285842,0.428578581236502),
 .UNSPECIFIED.);
#250=B_SPLINE_CURVE_WITH_KNOTS('',3,(#8559,#8560,#8561,#8562,#8563),
 .UNSPECIFIED.,.F.,.F.,(4,1,4),(1.32072306993858,1.47806052368853,1.59606361400099),
 .UNSPECIFIED.);
#251=B_SPLINE_CURVE_WITH_KNOTS('',3,(#8593,#8594,#8595,#8596,#8597,#8598),
 .UNSPECIFIED.,.F.,.F.,(4,2,4),(-0.00141311967663576,0.,0.396330260472062),
 .UNSPECIFIED.);
#252=B_SPLINE_CURVE_WITH_KNOTS('',3,(#8624,#8625,#8626,#8627,#8628,#8629),
 .UNSPECIFIED.,.F.,.F.,(4,2,4),(2.08673359406793,2.48306385459128,2.48447697426671),
 .UNSPECIFIED.);
#253=B_SPLINE_CURVE_WITH_KNOTS('',3,(#8641,#8642,#8643,#8644,#8645),
 .UNSPECIFIED.,.F.,.F.,(4,1,4),(0.428491063175187,0.693386945392974,1.04658145501669),
 .UNSPECIFIED.);
#254=B_SPLINE_CURVE_WITH_KNOTS('',3,(#8648,#8649,#8650,#8651,#8652),
 .UNSPECIFIED.,.F.,.F.,(4,1,4),(0.,0.264895882217622,0.618090391841118),
 .UNSPECIFIED.);
#255=B_SPLINE_CURVE_WITH_KNOTS('',3,(#8687,#8688,#8689,#8690,#8691,#8692,
#8693),.UNSPECIFIED.,.F.,.F.,(4,1,2,4),(1.779411404645,1.86818805206388,
2.00135302319221,2.07541193743904),.UNSPECIFIED.);
#256=B_SPLINE_CURVE_WITH_KNOTS('',3,(#8715,#8716,#8717,#8718),
 .UNSPECIFIED.,.F.,.F.,(4,4),(0.334060936254023,0.644840204852613),
 .UNSPECIFIED.);
#257=B_SPLINE_CURVE_WITH_KNOTS('',3,(#8720,#8721,#8722,#8723,#8724),
 .UNSPECIFIED.,.F.,.F.,(4,1,4),(2.07541193749634,2.11249415098531,2.18731172848488),
 .UNSPECIFIED.);
#258=B_SPLINE_CURVE_WITH_KNOTS('',3,(#8759,#8760,#8761,#8762),
 .UNSPECIFIED.,.F.,.F.,(4,4),(0.,0.280769960748873),.UNSPECIFIED.);
#259=B_SPLINE_CURVE_WITH_KNOTS('',3,(#8763,#8764,#8765,#8766,#8767,#8768,
#8769,#8770),.UNSPECIFIED.,.F.,.F.,(4,2,2,4),(2.1873117284841,2.22396040150468,
2.27238304310446,2.35040164147036),.UNSPECIFIED.);
#260=B_SPLINE_CURVE_WITH_KNOTS('',3,(#8775,#8776,#8777,#8778),
 .UNSPECIFIED.,.F.,.F.,(4,4),(-0.192568521279506,0.),.UNSPECIFIED.);
#261=B_SPLINE_CURVE_WITH_KNOTS('',3,(#8783,#8784,#8785,#8786,#8787),
 .UNSPECIFIED.,.F.,.F.,(4,1,4),(-0.618090391841118,-0.264895882217622,0.),
 .UNSPECIFIED.);
#262=B_SPLINE_CURVE_WITH_KNOTS('',3,(#8788,#8789,#8790,#8791),
 .UNSPECIFIED.,.F.,.F.,(4,4),(-0.428492188567479,0.),.UNSPECIFIED.);
#263=B_SPLINE_CURVE_WITH_KNOTS('',3,(#8828,#8829,#8830,#8831,#8832,#8833,
#8834),.UNSPECIFIED.,.F.,.F.,(4,1,1,1,4),(1.48341087185096,1.52569666225011,
1.56798245264926,1.65255403344756,1.779411404645),.UNSPECIFIED.);
#264=B_SPLINE_CURVE_WITH_KNOTS('',3,(#8854,#8855,#8856,#8857,#8858,#8859),
 .UNSPECIFIED.,.F.,.F.,(4,2,4),(0.,0.272494324762122,0.43743832397249),
 .UNSPECIFIED.);
#265=B_SPLINE_CURVE_WITH_KNOTS('',3,(#8862,#8863,#8864,#8865),
 .UNSPECIFIED.,.F.,.F.,(4,4),(1.37151108080563,1.48341087185096),
 .UNSPECIFIED.);
#266=B_SPLINE_CURVE_WITH_KNOTS('',3,(#8891,#8892,#8893,#8894),
 .UNSPECIFIED.,.F.,.F.,(4,4),(0.,0.396412788400819),.UNSPECIFIED.);
#267=B_SPLINE_CURVE_WITH_KNOTS('',3,(#8895,#8896,#8897,#8898,#8899,#8900),
 .UNSPECIFIED.,.F.,.F.,(4,2,4),(1.20842094091671,1.28686163955909,1.37151108080589),
 .UNSPECIFIED.);
#268=B_SPLINE_CURVE_WITH_KNOTS('',3,(#8947,#8948,#8949,#8950,#8951,#8952,
#8953,#8954,#8955,#8956,#8957,#8958,#8959,#8960,#8961,#8962),
 .UNSPECIFIED.,.F.,.F.,(4,3,3,3,3,4),(0.,0.201473393546734,0.215170520504479,
0.415688298417073,0.429934946018198,0.430404024662263),.UNSPECIFIED.);
#269=B_SPLINE_CURVE_WITH_KNOTS('',3,(#8966,#8967,#8968,#8969,#8970,#8971,
#8972,#8973,#8974,#8975,#8976,#8977,#8978,#8979,#8980,#8981),
 .UNSPECIFIED.,.F.,.F.,(4,3,3,3,3,4),(-0.00046932763528075,0.,0.197620791655996,
0.214762529936925,0.414228750705818,0.429931710553577),.UNSPECIFIED.);
#270=B_SPLINE_CURVE_WITH_KNOTS('',3,(#8982,#8983,#8984,#8985,#8986,#8987,
#8988,#8989,#8990,#8991,#8992),.UNSPECIFIED.,.F.,.F.,(4,1,1,1,1,1,1,1,4),
(-5.43417053942197,-5.29172118764313,-5.12731767559737,-4.79851065150583,
-4.14089660332277,-3.81208957923124,-3.4832825551397,-3.31887904309394,
-3.17641102727626),.UNSPECIFIED.);
#271=B_SPLINE_CURVE_WITH_KNOTS('',3,(#8997,#8998,#8999,#9000),
 .UNSPECIFIED.,.F.,.F.,(4,4),(-1.05719939769052,-0.62871808211217),
 .UNSPECIFIED.);
#272=B_SPLINE_CURVE_WITH_KNOTS('',3,(#9001,#9002,#9003,#9004,#9005),
 .UNSPECIFIED.,.F.,.F.,(4,1,4),(-1.04658145501669,-0.693386945392974,-0.428491063175187),
 .UNSPECIFIED.);
#273=B_SPLINE_CURVE_WITH_KNOTS('',3,(#9009,#9010,#9011,#9012),
 .UNSPECIFIED.,.F.,.F.,(4,4),(-0.453580842864702,-0.261012321642673),
 .UNSPECIFIED.);
#274=B_SPLINE_CURVE_WITH_KNOTS('',3,(#9030,#9031,#9032,#9033,#9034,#9035,
#9036,#9037,#9038,#9039,#9040,#9041,#9042,#9043,#9044,#9045,#9046,#9047,
#9048,#9049,#9050,#9051,#9052,#9053,#9054,#9055,#9056,#9057),
 .UNSPECIFIED.,.F.,.F.,(4,3,3,3,3,3,3,3,3,4),(0.,0.0378727136767842,0.0769028217986891,
0.116714102324817,0.157765901197231,0.162339080805121,0.205261994498786,
0.249155125026165,0.294944249809589,0.32645680473237),.UNSPECIFIED.);
#275=B_SPLINE_CURVE_WITH_KNOTS('',3,(#9079,#9080,#9081,#9082,#9083,#9084),
 .UNSPECIFIED.,.F.,.F.,(4,2,4),(0.32610156463199,0.378484828487728,0.599227171097106),
 .UNSPECIFIED.);
#276=B_SPLINE_CURVE_WITH_KNOTS('',3,(#9125,#9126,#9127,#9128,#9129,#9130,
#9131,#9132,#9133,#9134,#9135,#9136,#9137,#9138,#9139,#9140,#9141,#9142,
#9143,#9144,#9145,#9146,#9147,#9148,#9149,#9150,#9151,#9152),
 .UNSPECIFIED.,.F.,.F.,(4,3,3,3,3,3,3,3,3,4),(0.,0.0457787487226628,0.0902747723519619,
0.133148163726377,0.166235039485513,0.206790798254321,0.24646880773534,
0.286823816720699,0.324777591422876,0.327178825706058),.UNSPECIFIED.);
#277=B_SPLINE_CURVE_WITH_KNOTS('',3,(#9174,#9175,#9176,#9177,#9178,#9179),
 .UNSPECIFIED.,.F.,.F.,(4,2,4),(0.,0.314928037285842,0.428578581236502),
 .UNSPECIFIED.);
#278=B_SPLINE_CURVE_WITH_KNOTS('',3,(#9225,#9226,#9227,#9228,#9229),
 .UNSPECIFIED.,.F.,.F.,(4,1,4),(1.32072306993858,1.47806052368853,1.59606361400099),
 .UNSPECIFIED.);
#279=B_SPLINE_CURVE_WITH_KNOTS('',3,(#9259,#9260,#9261,#9262,#9263,#9264),
 .UNSPECIFIED.,.F.,.F.,(4,2,4),(-0.00141311967663576,0.,0.396330260472062),
 .UNSPECIFIED.);
#280=B_SPLINE_CURVE_WITH_KNOTS('',3,(#9290,#9291,#9292,#9293,#9294,#9295),
 .UNSPECIFIED.,.F.,.F.,(4,2,4),(2.08673359406793,2.48306385459128,2.48447697426671),
 .UNSPECIFIED.);
#281=B_SPLINE_CURVE_WITH_KNOTS('',3,(#9307,#9308,#9309,#9310,#9311),
 .UNSPECIFIED.,.F.,.F.,(4,1,4),(0.428491063175187,0.693386945392974,1.04658145501669),
 .UNSPECIFIED.);
#282=B_SPLINE_CURVE_WITH_KNOTS('',3,(#9314,#9315,#9316,#9317,#9318),
 .UNSPECIFIED.,.F.,.F.,(4,1,4),(0.,0.264895882217622,0.618090391841118),
 .UNSPECIFIED.);
#283=B_SPLINE_CURVE_WITH_KNOTS('',3,(#9353,#9354,#9355,#9356,#9357,#9358,
#9359),.UNSPECIFIED.,.F.,.F.,(4,1,2,4),(1.779411404645,1.86818805206388,
2.00135302319221,2.07541193743904),.UNSPECIFIED.);
#284=B_SPLINE_CURVE_WITH_KNOTS('',3,(#9381,#9382,#9383,#9384),
 .UNSPECIFIED.,.F.,.F.,(4,4),(0.334060936254023,0.644840204852613),
 .UNSPECIFIED.);
#285=B_SPLINE_CURVE_WITH_KNOTS('',3,(#9386,#9387,#9388,#9389,#9390),
 .UNSPECIFIED.,.F.,.F.,(4,1,4),(2.07541193749634,2.11249415098531,2.18731172848488),
 .UNSPECIFIED.);
#286=B_SPLINE_CURVE_WITH_KNOTS('',3,(#9425,#9426,#9427,#9428),
 .UNSPECIFIED.,.F.,.F.,(4,4),(0.,0.280769960748873),.UNSPECIFIED.);
#287=B_SPLINE_CURVE_WITH_KNOTS('',3,(#9429,#9430,#9431,#9432,#9433,#9434,
#9435,#9436),.UNSPECIFIED.,.F.,.F.,(4,2,2,4),(2.1873117284841,2.22396040150468,
2.27238304310446,2.35040164147036),.UNSPECIFIED.);
#288=B_SPLINE_CURVE_WITH_KNOTS('',3,(#9441,#9442,#9443,#9444),
 .UNSPECIFIED.,.F.,.F.,(4,4),(-0.192568521279506,0.),.UNSPECIFIED.);
#289=B_SPLINE_CURVE_WITH_KNOTS('',3,(#9449,#9450,#9451,#9452,#9453),
 .UNSPECIFIED.,.F.,.F.,(4,1,4),(-0.618090391841118,-0.264895882217622,0.),
 .UNSPECIFIED.);
#290=B_SPLINE_CURVE_WITH_KNOTS('',3,(#9454,#9455,#9456,#9457),
 .UNSPECIFIED.,.F.,.F.,(4,4),(-0.428492188567479,0.),.UNSPECIFIED.);
#291=B_SPLINE_CURVE_WITH_KNOTS('',3,(#9494,#9495,#9496,#9497,#9498,#9499,
#9500),.UNSPECIFIED.,.F.,.F.,(4,1,1,1,4),(1.48341087185096,1.52569666225011,
1.56798245264926,1.65255403344756,1.779411404645),.UNSPECIFIED.);
#292=B_SPLINE_CURVE_WITH_KNOTS('',3,(#9520,#9521,#9522,#9523,#9524,#9525),
 .UNSPECIFIED.,.F.,.F.,(4,2,4),(0.,0.272494324762122,0.43743832397249),
 .UNSPECIFIED.);
#293=B_SPLINE_CURVE_WITH_KNOTS('',3,(#9528,#9529,#9530,#9531),
 .UNSPECIFIED.,.F.,.F.,(4,4),(1.37151108080563,1.48341087185096),
 .UNSPECIFIED.);
#294=B_SPLINE_CURVE_WITH_KNOTS('',3,(#9557,#9558,#9559,#9560),
 .UNSPECIFIED.,.F.,.F.,(4,4),(0.,0.396412788400819),.UNSPECIFIED.);
#295=B_SPLINE_CURVE_WITH_KNOTS('',3,(#9561,#9562,#9563,#9564,#9565,#9566),
 .UNSPECIFIED.,.F.,.F.,(4,2,4),(1.20842094091671,1.28686163955909,1.37151108080589),
 .UNSPECIFIED.);
#296=B_SPLINE_CURVE_WITH_KNOTS('',3,(#9613,#9614,#9615,#9616,#9617,#9618,
#9619,#9620,#9621,#9622,#9623,#9624,#9625,#9626,#9627,#9628),
 .UNSPECIFIED.,.F.,.F.,(4,3,3,3,3,4),(0.,0.201473529574569,0.215170520504479,
0.415688385033938,0.429934946018198,0.430404024662263),.UNSPECIFIED.);
#297=B_SPLINE_CURVE_WITH_KNOTS('',3,(#9632,#9633,#9634,#9635,#9636,#9637,
#9638,#9639,#9640,#9641,#9642,#9643,#9644,#9645,#9646,#9647),
 .UNSPECIFIED.,.F.,.F.,(4,3,3,3,3,4),(-0.00046932763528075,0.,0.197621086437023,
0.214762529936925,0.4142290143189,0.429931710553577),.UNSPECIFIED.);
#298=B_SPLINE_CURVE_WITH_KNOTS('',3,(#9648,#9649,#9650,#9651,#9652,#9653,
#9654,#9655,#9656,#9657,#9658),.UNSPECIFIED.,.F.,.F.,(4,1,1,1,1,1,1,1,4),
(-5.43417056311421,-5.29172118764313,-5.12731767559737,-4.79851065150583,
-4.14089660332277,-3.81208957923124,-3.4832825551397,-3.31887904309394,
-3.17641097382565),.UNSPECIFIED.);
#299=B_SPLINE_CURVE_WITH_KNOTS('',3,(#9665,#9666,#9667,#9668),
 .UNSPECIFIED.,.F.,.F.,(4,4),(-1.05719939769052,-0.62871808211217),
 .UNSPECIFIED.);
#300=B_SPLINE_CURVE_WITH_KNOTS('',3,(#9669,#9670,#9671,#9672,#9673),
 .UNSPECIFIED.,.F.,.F.,(4,1,4),(-1.04658145501669,-0.693386945392974,-0.428491063175187),
 .UNSPECIFIED.);
#301=B_SPLINE_CURVE_WITH_KNOTS('',3,(#9677,#9678,#9679,#9680),
 .UNSPECIFIED.,.F.,.F.,(4,4),(-0.453580842864702,-0.261012321642673),
 .UNSPECIFIED.);
#302=B_SPLINE_CURVE_WITH_KNOTS('',3,(#9698,#9699,#9700,#9701,#9702,#9703,
#9704,#9705,#9706,#9707,#9708,#9709,#9710,#9711,#9712,#9713,#9714,#9715,
#9716,#9717,#9718,#9719,#9720,#9721,#9722,#9723,#9724,#9725),
 .UNSPECIFIED.,.F.,.F.,(4,3,3,3,3,3,3,3,3,4),(0.,0.037872713676975,0.076902821798972,
0.116714102324867,0.157765901196975,0.162339080805121,0.205261994498121,
0.249155125024997,0.294944249809395,0.32645680473237),.UNSPECIFIED.);
#303=B_SPLINE_CURVE_WITH_KNOTS('',3,(#9747,#9748,#9749,#9750,#9751,#9752),
 .UNSPECIFIED.,.F.,.F.,(4,2,4),(0.32610156463199,0.378484828487728,0.599227171097106),
 .UNSPECIFIED.);
#304=B_SPLINE_CURVE_WITH_KNOTS('',3,(#9793,#9794,#9795,#9796,#9797,#9798,
#9799,#9800,#9801,#9802,#9803,#9804,#9805,#9806,#9807,#9808,#9809,#9810,
#9811,#9812,#9813,#9814,#9815,#9816,#9817,#9818,#9819,#9820),
 .UNSPECIFIED.,.F.,.F.,(4,3,3,3,3,3,3,3,3,4),(0.,0.0457787487192226,0.0902747723467013,
0.133148163720502,0.166235039485513,0.206790798254266,0.246468807735299,
0.286823816720679,0.324777591422785,0.327178825706058),.UNSPECIFIED.);
#305=B_SPLINE_CURVE_WITH_KNOTS('',3,(#9842,#9843,#9844,#9845,#9846,#9847),
 .UNSPECIFIED.,.F.,.F.,(4,2,4),(0.,0.314928037285842,0.428578581236502),
 .UNSPECIFIED.);
#306=B_SPLINE_CURVE_WITH_KNOTS('',3,(#9893,#9894,#9895,#9896,#9897),
 .UNSPECIFIED.,.F.,.F.,(4,1,4),(1.32072306993858,1.47806052368853,1.59606361400099),
 .UNSPECIFIED.);
#307=B_SPLINE_CURVE_WITH_KNOTS('',3,(#9927,#9928,#9929,#9930,#9931,#9932),
 .UNSPECIFIED.,.F.,.F.,(4,2,4),(-0.00141311967663576,0.,0.396330260472062),
 .UNSPECIFIED.);
#308=B_SPLINE_CURVE_WITH_KNOTS('',3,(#9958,#9959,#9960,#9961,#9962,#9963),
 .UNSPECIFIED.,.F.,.F.,(4,2,4),(2.08673359406793,2.48306385459128,2.48447697426671),
 .UNSPECIFIED.);
#309=B_SPLINE_CURVE_WITH_KNOTS('',3,(#9975,#9976,#9977,#9978,#9979),
 .UNSPECIFIED.,.F.,.F.,(4,1,4),(0.428491063175187,0.693386945392974,1.04658145501669),
 .UNSPECIFIED.);
#310=B_SPLINE_CURVE_WITH_KNOTS('',3,(#9982,#9983,#9984,#9985,#9986),
 .UNSPECIFIED.,.F.,.F.,(4,1,4),(0.,0.264895882217622,0.618090391841118),
 .UNSPECIFIED.);
#311=B_SPLINE_CURVE_WITH_KNOTS('',3,(#10021,#10022,#10023,#10024,#10025,
#10026,#10027),.UNSPECIFIED.,.F.,.F.,(4,1,2,4),(1.779411404645,1.86818805206388,
2.00135302319221,2.07541193743904),.UNSPECIFIED.);
#312=B_SPLINE_CURVE_WITH_KNOTS('',3,(#10049,#10050,#10051,#10052),
 .UNSPECIFIED.,.F.,.F.,(4,4),(0.334060936254023,0.644840204852613),
 .UNSPECIFIED.);
#313=B_SPLINE_CURVE_WITH_KNOTS('',3,(#10054,#10055,#10056,#10057,#10058),
 .UNSPECIFIED.,.F.,.F.,(4,1,4),(2.07541193749634,2.11249415098531,2.18731172848488),
 .UNSPECIFIED.);
#314=B_SPLINE_CURVE_WITH_KNOTS('',3,(#10093,#10094,#10095,#10096),
 .UNSPECIFIED.,.F.,.F.,(4,4),(0.,0.280769960748873),.UNSPECIFIED.);
#315=B_SPLINE_CURVE_WITH_KNOTS('',3,(#10097,#10098,#10099,#10100,#10101,
#10102,#10103,#10104),.UNSPECIFIED.,.F.,.F.,(4,2,2,4),(2.1873117284841,
2.22396040150468,2.27238304310446,2.35040164147036),.UNSPECIFIED.);
#316=B_SPLINE_CURVE_WITH_KNOTS('',3,(#10109,#10110,#10111,#10112),
 .UNSPECIFIED.,.F.,.F.,(4,4),(-0.192568521279506,0.),.UNSPECIFIED.);
#317=B_SPLINE_CURVE_WITH_KNOTS('',3,(#10117,#10118,#10119,#10120,#10121),
 .UNSPECIFIED.,.F.,.F.,(4,1,4),(-0.618090391841118,-0.264895882217622,0.),
 .UNSPECIFIED.);
#318=B_SPLINE_CURVE_WITH_KNOTS('',3,(#10122,#10123,#10124,#10125),
 .UNSPECIFIED.,.F.,.F.,(4,4),(-0.428492188567479,0.),.UNSPECIFIED.);
#319=B_SPLINE_CURVE_WITH_KNOTS('',3,(#10162,#10163,#10164,#10165,#10166,
#10167,#10168),.UNSPECIFIED.,.F.,.F.,(4,1,1,1,4),(1.48341087185096,1.52569666225011,
1.56798245264926,1.65255403344756,1.779411404645),.UNSPECIFIED.);
#320=B_SPLINE_CURVE_WITH_KNOTS('',3,(#10188,#10189,#10190,#10191,#10192,
#10193),.UNSPECIFIED.,.F.,.F.,(4,2,4),(0.,0.272494324762122,0.43743832397249),
 .UNSPECIFIED.);
#321=B_SPLINE_CURVE_WITH_KNOTS('',3,(#10196,#10197,#10198,#10199),
 .UNSPECIFIED.,.F.,.F.,(4,4),(1.37151108080563,1.48341087185096),
 .UNSPECIFIED.);
#322=B_SPLINE_CURVE_WITH_KNOTS('',3,(#10225,#10226,#10227,#10228),
 .UNSPECIFIED.,.F.,.F.,(4,4),(0.,0.396412788400819),.UNSPECIFIED.);
#323=B_SPLINE_CURVE_WITH_KNOTS('',3,(#10229,#10230,#10231,#10232,#10233,
#10234),.UNSPECIFIED.,.F.,.F.,(4,2,4),(1.20842094091671,1.28686163955909,
1.37151108080589),.UNSPECIFIED.);
#324=B_SPLINE_CURVE_WITH_KNOTS('',3,(#10281,#10282,#10283,#10284,#10285,
#10286,#10287,#10288,#10289,#10290,#10291,#10292,#10293,#10294,#10295,#10296),
 .UNSPECIFIED.,.F.,.F.,(4,3,3,3,3,4),(0.,0.201473552901985,0.215170520504479,
0.415688402091695,0.429934946018198,0.430404024662263),.UNSPECIFIED.);
#325=B_SPLINE_CURVE_WITH_KNOTS('',3,(#10300,#10301,#10302,#10303,#10304,
#10305,#10306,#10307,#10308,#10309,#10310,#10311,#10312,#10313,#10314,#10315),
 .UNSPECIFIED.,.F.,.F.,(4,3,3,3,3,4),(-0.00046932763528075,0.,0.197621133514808,
0.214762529936925,0.414229056811214,0.429931710553577),.UNSPECIFIED.);
#326=B_SPLINE_CURVE_WITH_KNOTS('',3,(#10316,#10317,#10318,#10319,#10320,
#10321,#10322,#10323,#10324,#10325,#10326),.UNSPECIFIED.,.F.,.F.,(4,1,1,
1,1,1,1,1,4),(-5.43417056677445,-5.29172118764313,-5.12731767559737,-4.79851065150583,
-4.14089660332277,-3.81208957923124,-3.4832825551397,-3.31887904309394,
-3.17641096568982),.UNSPECIFIED.);
#327=B_SPLINE_CURVE_WITH_KNOTS('',3,(#10333,#10334,#10335,#10336),
 .UNSPECIFIED.,.F.,.F.,(4,4),(-1.05719939769052,-0.62871808211217),
 .UNSPECIFIED.);
#328=B_SPLINE_CURVE_WITH_KNOTS('',3,(#10337,#10338,#10339,#10340,#10341),
 .UNSPECIFIED.,.F.,.F.,(4,1,4),(-1.04658145501669,-0.693386945392974,-0.428491063175187),
 .UNSPECIFIED.);
#329=B_SPLINE_CURVE_WITH_KNOTS('',3,(#10345,#10346,#10347,#10348),
 .UNSPECIFIED.,.F.,.F.,(4,4),(-0.453580842864702,-0.261012321642673),
 .UNSPECIFIED.);
#330=B_SPLINE_CURVE_WITH_KNOTS('',3,(#10366,#10367,#10368,#10369,#10370,
#10371,#10372,#10373,#10374,#10375,#10376,#10377,#10378,#10379,#10380,#10381,
#10382,#10383,#10384,#10385,#10386,#10387,#10388,#10389,#10390,#10391,#10392,
#10393),.UNSPECIFIED.,.F.,.F.,(4,3,3,3,3,3,3,3,3,4),(0.,0.0378727136767057,
0.0769028217983902,0.116714102324168,0.157765901196253,0.162339080805121,
0.20526199449803,0.249155125024246,0.294944249805003,0.32645680473237),
 .UNSPECIFIED.);
#331=B_SPLINE_CURVE_WITH_KNOTS('',3,(#10415,#10416,#10417,#10418,#10419,
#10420),.UNSPECIFIED.,.F.,.F.,(4,2,4),(0.32610156463199,0.378484828487728,
0.599227171097106),.UNSPECIFIED.);
#332=B_SPLINE_CURVE_WITH_KNOTS('',3,(#10461,#10462,#10463,#10464,#10465,
#10466,#10467,#10468,#10469,#10470,#10471,#10472,#10473,#10474,#10475,#10476,
#10477,#10478,#10479,#10480,#10481,#10482,#10483,#10484,#10485,#10486,#10487,
#10488),.UNSPECIFIED.,.F.,.F.,(4,3,3,3,3,3,3,3,3,4),(0.,0.045778748719082,
0.0902747723460076,0.133148163719178,0.166235039485513,0.206790798254017,
0.246468807734917,0.286823816720487,0.324777591422686,0.327178825706058),
 .UNSPECIFIED.);
#333=B_SPLINE_CURVE_WITH_KNOTS('',3,(#10510,#10511,#10512,#10513,#10514,
#10515),.UNSPECIFIED.,.F.,.F.,(4,2,4),(0.,0.314928037285842,0.428578581236502),
 .UNSPECIFIED.);
#334=B_SPLINE_CURVE_WITH_KNOTS('',3,(#10561,#10562,#10563,#10564,#10565),
 .UNSPECIFIED.,.F.,.F.,(4,1,4),(1.32072306993858,1.47806052368853,1.59606361400099),
 .UNSPECIFIED.);
#335=B_SPLINE_CURVE_WITH_KNOTS('',3,(#10595,#10596,#10597,#10598,#10599,
#10600),.UNSPECIFIED.,.F.,.F.,(4,2,4),(-0.00141311967663576,0.,0.396330260472062),
 .UNSPECIFIED.);
#336=B_SPLINE_CURVE_WITH_KNOTS('',3,(#10626,#10627,#10628,#10629,#10630,
#10631),.UNSPECIFIED.,.F.,.F.,(4,2,4),(2.08673359406793,2.48306385459128,
2.48447697426671),.UNSPECIFIED.);
#337=B_SPLINE_CURVE_WITH_KNOTS('',3,(#10643,#10644,#10645,#10646,#10647),
 .UNSPECIFIED.,.F.,.F.,(4,1,4),(0.428491063175187,0.693386945392974,1.04658145501669),
 .UNSPECIFIED.);
#338=B_SPLINE_CURVE_WITH_KNOTS('',3,(#10650,#10651,#10652,#10653,#10654),
 .UNSPECIFIED.,.F.,.F.,(4,1,4),(0.,0.264895882217622,0.618090391841118),
 .UNSPECIFIED.);
#339=B_SPLINE_CURVE_WITH_KNOTS('',3,(#10689,#10690,#10691,#10692,#10693,
#10694,#10695),.UNSPECIFIED.,.F.,.F.,(4,1,2,4),(1.779411404645,1.86818805206388,
2.00135302319221,2.07541193743904),.UNSPECIFIED.);
#340=B_SPLINE_CURVE_WITH_KNOTS('',3,(#10717,#10718,#10719,#10720),
 .UNSPECIFIED.,.F.,.F.,(4,4),(0.334060936254023,0.644840204852613),
 .UNSPECIFIED.);
#341=B_SPLINE_CURVE_WITH_KNOTS('',3,(#10722,#10723,#10724,#10725,#10726),
 .UNSPECIFIED.,.F.,.F.,(4,1,4),(2.07541193749634,2.11249415098531,2.18731172848488),
 .UNSPECIFIED.);
#342=B_SPLINE_CURVE_WITH_KNOTS('',3,(#10761,#10762,#10763,#10764),
 .UNSPECIFIED.,.F.,.F.,(4,4),(0.,0.280769960748873),.UNSPECIFIED.);
#343=B_SPLINE_CURVE_WITH_KNOTS('',3,(#10765,#10766,#10767,#10768,#10769,
#10770,#10771,#10772),.UNSPECIFIED.,.F.,.F.,(4,2,2,4),(2.1873117284841,
2.22396040150468,2.27238304310446,2.35040164147036),.UNSPECIFIED.);
#344=B_SPLINE_CURVE_WITH_KNOTS('',3,(#10777,#10778,#10779,#10780),
 .UNSPECIFIED.,.F.,.F.,(4,4),(-0.192568521279506,0.),.UNSPECIFIED.);
#345=B_SPLINE_CURVE_WITH_KNOTS('',3,(#10785,#10786,#10787,#10788,#10789),
 .UNSPECIFIED.,.F.,.F.,(4,1,4),(-0.618090391841118,-0.264895882217622,0.),
 .UNSPECIFIED.);
#346=B_SPLINE_CURVE_WITH_KNOTS('',3,(#10790,#10791,#10792,#10793),
 .UNSPECIFIED.,.F.,.F.,(4,4),(-0.428492188567479,0.),.UNSPECIFIED.);
#347=B_SPLINE_CURVE_WITH_KNOTS('',3,(#10830,#10831,#10832,#10833,#10834,
#10835,#10836),.UNSPECIFIED.,.F.,.F.,(4,1,1,1,4),(1.48341087185096,1.52569666225011,
1.56798245264926,1.65255403344756,1.779411404645),.UNSPECIFIED.);
#348=B_SPLINE_CURVE_WITH_KNOTS('',3,(#10856,#10857,#10858,#10859,#10860,
#10861),.UNSPECIFIED.,.F.,.F.,(4,2,4),(0.,0.272494324762122,0.43743832397249),
 .UNSPECIFIED.);
#349=B_SPLINE_CURVE_WITH_KNOTS('',3,(#10864,#10865,#10866,#10867),
 .UNSPECIFIED.,.F.,.F.,(4,4),(1.37151108080563,1.48341087185096),
 .UNSPECIFIED.);
#350=B_SPLINE_CURVE_WITH_KNOTS('',3,(#10893,#10894,#10895,#10896),
 .UNSPECIFIED.,.F.,.F.,(4,4),(0.,0.396412788400819),.UNSPECIFIED.);
#351=B_SPLINE_CURVE_WITH_KNOTS('',3,(#10897,#10898,#10899,#10900,#10901,
#10902),.UNSPECIFIED.,.F.,.F.,(4,2,4),(1.20842094091671,1.28686163955909,
1.37151108080589),.UNSPECIFIED.);
#352=B_SPLINE_CURVE_WITH_KNOTS('',3,(#10949,#10950,#10951,#10952,#10953,
#10954,#10955,#10956,#10957,#10958,#10959,#10960,#10961,#10962,#10963,#10964),
 .UNSPECIFIED.,.F.,.F.,(4,3,3,3,3,4),(0.,0.201473528615339,0.215170520504479,
0.415688384346568,0.429934946018198,0.430404024662263),.UNSPECIFIED.);
#353=B_SPLINE_CURVE_WITH_KNOTS('',3,(#10968,#10969,#10970,#10971,#10972,
#10973,#10974,#10975,#10976,#10977,#10978,#10979,#10980,#10981,#10982,#10983),
 .UNSPECIFIED.,.F.,.F.,(4,3,3,3,3,4),(-0.00046932763528075,0.,0.197621084470614,
0.214762529936925,0.414229012547274,0.429931710553577),.UNSPECIFIED.);
#354=B_SPLINE_CURVE_WITH_KNOTS('',3,(#10984,#10985,#10986,#10987,#10988,
#10989,#10990,#10991,#10992,#10993,#10994),.UNSPECIFIED.,.F.,.F.,(4,1,1,
1,1,1,1,1,4),(-5.43417056295997,-5.29172118764313,-5.12731767559737,-4.79851065150583,
-4.14089660332277,-3.81208957923124,-3.4832825551397,-3.31887904309394,
-3.17641097416919),.UNSPECIFIED.);
#355=B_SPLINE_CURVE_WITH_KNOTS('',3,(#11008,#11009,#11010,#11011,#11012,
#11013,#11014,#11015,#11016,#11017,#11018,#11019,#11020,#11021,#11022,#11023,
#11024,#11025,#11026,#11027,#11028,#11029,#11030,#11031,#11032,#11033,#11034,
#11035),.UNSPECIFIED.,.F.,.F.,(4,3,3,3,3,3,3,3,3,4),(0.,0.045778748715888,
0.0902747723403249,0.133148163712284,0.166235039485513,0.206790798254132,
0.246468807735379,0.286823816720719,0.324777591423293,0.327178825706058),
 .UNSPECIFIED.);
#356=B_SPLINE_CURVE_WITH_KNOTS('',3,(#11036,#11037,#11038,#11039,#11040,
#11041),.UNSPECIFIED.,.F.,.F.,(4,2,4),(0.,0.314928037285842,0.428578581236502),
 .UNSPECIFIED.);
#357=B_SPLINE_CURVE_WITH_KNOTS('',3,(#11043,#11044,#11045,#11046,#11047,
#11048),.UNSPECIFIED.,.F.,.F.,(4,2,4),(0.32610156463199,0.378484828487728,
0.599227171097106),.UNSPECIFIED.);
#358=B_SPLINE_CURVE_WITH_KNOTS('',3,(#11050,#11051,#11052,#11053,#11054,
#11055,#11056,#11057,#11058,#11059,#11060,#11061,#11062,#11063,#11064,#11065,
#11066,#11067,#11068,#11069,#11070,#11071,#11072,#11073,#11074,#11075,#11076,
#11077),.UNSPECIFIED.,.F.,.F.,(4,3,3,3,3,3,3,3,3,4),(0.,0.0378727136766243,
0.0769028217983073,0.116714102324194,0.157765901196612,0.162339080805121,
0.205261994499192,0.249155125027356,0.294944249811871,0.32645680473237),
 .UNSPECIFIED.);
#359=B_SPLINE_CURVE_WITH_KNOTS('',3,(#11111,#11112,#11113,#11114),
 .UNSPECIFIED.,.F.,.F.,(4,4),(-1.05719939769052,-0.62871808211217),
 .UNSPECIFIED.);
#360=B_SPLINE_CURVE_WITH_KNOTS('',3,(#11115,#11116,#11117,#11118,#11119),
 .UNSPECIFIED.,.F.,.F.,(4,1,4),(-1.04658145501669,-0.693386945392974,-0.428491063175187),
 .UNSPECIFIED.);
#361=B_SPLINE_CURVE_WITH_KNOTS('',3,(#11121,#11122,#11123,#11124),
 .UNSPECIFIED.,.F.,.F.,(4,4),(-0.453580842864702,-0.261012321642673),
 .UNSPECIFIED.);
#362=FACE_BOUND('',#709,.T.);
#363=FACE_BOUND('',#712,.T.);
#364=FACE_BOUND('',#715,.T.);
#365=FACE_BOUND('',#718,.T.);
#366=FACE_BOUND('',#721,.T.);
#367=FACE_BOUND('',#784,.T.);
#368=FACE_BOUND('',#787,.T.);
#369=FACE_BOUND('',#788,.T.);
#370=FACE_BOUND('',#789,.T.);
#371=FACE_BOUND('',#790,.T.);
#372=FACE_BOUND('',#791,.T.);
#373=FACE_BOUND('',#792,.T.);
#374=FACE_BOUND('',#793,.T.);
#375=FACE_BOUND('',#794,.T.);
#376=FACE_BOUND('',#795,.T.);
#377=FACE_BOUND('',#796,.T.);
#378=FACE_BOUND('',#797,.T.);
#379=FACE_BOUND('',#800,.T.);
#380=FACE_BOUND('',#905,.T.);
#381=FACE_BOUND('',#967,.T.);
#382=FACE_BOUND('',#968,.T.);
#383=FACE_BOUND('',#969,.T.);
#384=FACE_BOUND('',#970,.T.);
#385=FACE_BOUND('',#971,.T.);
#386=FACE_BOUND('',#972,.T.);
#387=FACE_BOUND('',#973,.T.);
#388=FACE_BOUND('',#974,.T.);
#389=FACE_BOUND('',#975,.T.);
#390=FACE_BOUND('',#976,.T.);
#391=FACE_BOUND('',#977,.T.);
#392=FACE_BOUND('',#978,.T.);
#393=FACE_BOUND('',#979,.T.);
#394=FACE_BOUND('',#980,.T.);
#395=FACE_BOUND('',#981,.T.);
#396=FACE_BOUND('',#982,.T.);
#397=FACE_BOUND('',#983,.T.);
#398=FACE_BOUND('',#984,.T.);
#399=FACE_BOUND('',#985,.T.);
#400=FACE_BOUND('',#986,.T.);
#401=FACE_BOUND('',#987,.T.);
#402=PLANE('',#4660);
#403=PLANE('',#4665);
#404=PLANE('',#4670);
#405=PLANE('',#4675);
#406=PLANE('',#4680);
#407=PLANE('',#4772);
#408=PLANE('',#4773);
#409=PLANE('',#4774);
#410=PLANE('',#4775);
#411=PLANE('',#4776);
#412=PLANE('',#4777);
#413=PLANE('',#4778);
#414=PLANE('',#4779);
#415=PLANE('',#4780);
#416=PLANE('',#4781);
#417=PLANE('',#4782);
#418=PLANE('',#4783);
#419=PLANE('',#4784);
#420=PLANE('',#4785);
#421=PLANE('',#4786);
#422=PLANE('',#4787);
#423=PLANE('',#4800);
#424=PLANE('',#4801);
#425=PLANE('',#4802);
#426=PLANE('',#4803);
#427=PLANE('',#4842);
#428=PLANE('',#4869);
#429=PLANE('',#4873);
#430=PLANE('',#4878);
#431=PLANE('',#4879);
#432=PLANE('',#4884);
#433=PLANE('',#4885);
#434=PLANE('',#4890);
#435=PLANE('',#4891);
#436=PLANE('',#4896);
#437=PLANE('',#4897);
#438=PLANE('',#4902);
#439=PLANE('',#4930);
#440=PLANE('',#4938);
#441=PLANE('',#4959);
#442=PLANE('',#4967);
#443=PLANE('',#4988);
#444=PLANE('',#4996);
#445=PLANE('',#5018);
#446=PLANE('',#5026);
#447=PLANE('',#5048);
#448=PLANE('',#5056);
#449=PLANE('',#5066);
#450=FACE_OUTER_BOUND('',#707,.T.);
#451=FACE_OUTER_BOUND('',#708,.T.);
#452=FACE_OUTER_BOUND('',#710,.T.);
#453=FACE_OUTER_BOUND('',#711,.T.);
#454=FACE_OUTER_BOUND('',#713,.T.);
#455=FACE_OUTER_BOUND('',#714,.T.);
#456=FACE_OUTER_BOUND('',#716,.T.);
#457=FACE_OUTER_BOUND('',#717,.T.);
#458=FACE_OUTER_BOUND('',#719,.T.);
#459=FACE_OUTER_BOUND('',#720,.T.);
#460=FACE_OUTER_BOUND('',#722,.T.);
#461=FACE_OUTER_BOUND('',#723,.T.);
#462=FACE_OUTER_BOUND('',#724,.T.);
#463=FACE_OUTER_BOUND('',#725,.T.);
#464=FACE_OUTER_BOUND('',#726,.T.);
#465=FACE_OUTER_BOUND('',#727,.T.);
#466=FACE_OUTER_BOUND('',#728,.T.);
#467=FACE_OUTER_BOUND('',#729,.T.);
#468=FACE_OUTER_BOUND('',#730,.T.);
#469=FACE_OUTER_BOUND('',#731,.T.);
#470=FACE_OUTER_BOUND('',#732,.T.);
#471=FACE_OUTER_BOUND('',#733,.T.);
#472=FACE_OUTER_BOUND('',#734,.T.);
#473=FACE_OUTER_BOUND('',#735,.T.);
#474=FACE_OUTER_BOUND('',#736,.T.);
#475=FACE_OUTER_BOUND('',#737,.T.);
#476=FACE_OUTER_BOUND('',#738,.T.);
#477=FACE_OUTER_BOUND('',#739,.T.);
#478=FACE_OUTER_BOUND('',#740,.T.);
#479=FACE_OUTER_BOUND('',#741,.T.);
#480=FACE_OUTER_BOUND('',#742,.T.);
#481=FACE_OUTER_BOUND('',#743,.T.);
#482=FACE_OUTER_BOUND('',#744,.T.);
#483=FACE_OUTER_BOUND('',#745,.T.);
#484=FACE_OUTER_BOUND('',#746,.T.);
#485=FACE_OUTER_BOUND('',#747,.T.);
#486=FACE_OUTER_BOUND('',#748,.T.);
#487=FACE_OUTER_BOUND('',#749,.T.);
#488=FACE_OUTER_BOUND('',#750,.T.);
#489=FACE_OUTER_BOUND('',#751,.T.);
#490=FACE_OUTER_BOUND('',#752,.T.);
#491=FACE_OUTER_BOUND('',#753,.T.);
#492=FACE_OUTER_BOUND('',#754,.T.);
#493=FACE_OUTER_BOUND('',#755,.T.);
#494=FACE_OUTER_BOUND('',#756,.T.);
#495=FACE_OUTER_BOUND('',#757,.T.);
#496=FACE_OUTER_BOUND('',#758,.T.);
#497=FACE_OUTER_BOUND('',#759,.T.);
#498=FACE_OUTER_BOUND('',#760,.T.);
#499=FACE_OUTER_BOUND('',#761,.T.);
#500=FACE_OUTER_BOUND('',#762,.T.);
#501=FACE_OUTER_BOUND('',#763,.T.);
#502=FACE_OUTER_BOUND('',#764,.T.);
#503=FACE_OUTER_BOUND('',#765,.T.);
#504=FACE_OUTER_BOUND('',#766,.T.);
#505=FACE_OUTER_BOUND('',#767,.T.);
#506=FACE_OUTER_BOUND('',#768,.T.);
#507=FACE_OUTER_BOUND('',#769,.T.);
#508=FACE_OUTER_BOUND('',#770,.T.);
#509=FACE_OUTER_BOUND('',#771,.T.);
#510=FACE_OUTER_BOUND('',#772,.T.);
#511=FACE_OUTER_BOUND('',#773,.T.);
#512=FACE_OUTER_BOUND('',#774,.T.);
#513=FACE_OUTER_BOUND('',#775,.T.);
#514=FACE_OUTER_BOUND('',#776,.T.);
#515=FACE_OUTER_BOUND('',#777,.T.);
#516=FACE_OUTER_BOUND('',#778,.T.);
#517=FACE_OUTER_BOUND('',#779,.T.);
#518=FACE_OUTER_BOUND('',#780,.T.);
#519=FACE_OUTER_BOUND('',#781,.T.);
#520=FACE_OUTER_BOUND('',#782,.T.);
#521=FACE_OUTER_BOUND('',#783,.T.);
#522=FACE_OUTER_BOUND('',#785,.T.);
#523=FACE_OUTER_BOUND('',#786,.T.);
#524=FACE_OUTER_BOUND('',#798,.T.);
#525=FACE_OUTER_BOUND('',#799,.T.);
#526=FACE_OUTER_BOUND('',#801,.T.);
#527=FACE_OUTER_BOUND('',#802,.T.);
#528=FACE_OUTER_BOUND('',#803,.T.);
#529=FACE_OUTER_BOUND('',#804,.T.);
#530=FACE_OUTER_BOUND('',#805,.T.);
#531=FACE_OUTER_BOUND('',#806,.T.);
#532=FACE_OUTER_BOUND('',#807,.T.);
#533=FACE_OUTER_BOUND('',#808,.T.);
#534=FACE_OUTER_BOUND('',#809,.T.);
#535=FACE_OUTER_BOUND('',#810,.T.);
#536=FACE_OUTER_BOUND('',#811,.T.);
#537=FACE_OUTER_BOUND('',#812,.T.);
#538=FACE_OUTER_BOUND('',#813,.T.);
#539=FACE_OUTER_BOUND('',#814,.T.);
#540=FACE_OUTER_BOUND('',#815,.T.);
#541=FACE_OUTER_BOUND('',#816,.T.);
#542=FACE_OUTER_BOUND('',#817,.T.);
#543=FACE_OUTER_BOUND('',#818,.T.);
#544=FACE_OUTER_BOUND('',#819,.T.);
#545=FACE_OUTER_BOUND('',#820,.T.);
#546=FACE_OUTER_BOUND('',#821,.T.);
#547=FACE_OUTER_BOUND('',#822,.T.);
#548=FACE_OUTER_BOUND('',#823,.T.);
#549=FACE_OUTER_BOUND('',#824,.T.);
#550=FACE_OUTER_BOUND('',#825,.T.);
#551=FACE_OUTER_BOUND('',#826,.T.);
#552=FACE_OUTER_BOUND('',#827,.T.);
#553=FACE_OUTER_BOUND('',#828,.T.);
#554=FACE_OUTER_BOUND('',#829,.T.);
#555=FACE_OUTER_BOUND('',#830,.T.);
#556=FACE_OUTER_BOUND('',#831,.T.);
#557=FACE_OUTER_BOUND('',#832,.T.);
#558=FACE_OUTER_BOUND('',#833,.T.);
#559=FACE_OUTER_BOUND('',#834,.T.);
#560=FACE_OUTER_BOUND('',#835,.T.);
#561=FACE_OUTER_BOUND('',#836,.T.);
#562=FACE_OUTER_BOUND('',#837,.T.);
#563=FACE_OUTER_BOUND('',#838,.T.);
#564=FACE_OUTER_BOUND('',#839,.T.);
#565=FACE_OUTER_BOUND('',#840,.T.);
#566=FACE_OUTER_BOUND('',#841,.T.);
#567=FACE_OUTER_BOUND('',#842,.T.);
#568=FACE_OUTER_BOUND('',#843,.T.);
#569=FACE_OUTER_BOUND('',#844,.T.);
#570=FACE_OUTER_BOUND('',#845,.T.);
#571=FACE_OUTER_BOUND('',#846,.T.);
#572=FACE_OUTER_BOUND('',#847,.T.);
#573=FACE_OUTER_BOUND('',#848,.T.);
#574=FACE_OUTER_BOUND('',#849,.T.);
#575=FACE_OUTER_BOUND('',#850,.T.);
#576=FACE_OUTER_BOUND('',#851,.T.);
#577=FACE_OUTER_BOUND('',#852,.T.);
#578=FACE_OUTER_BOUND('',#853,.T.);
#579=FACE_OUTER_BOUND('',#854,.T.);
#580=FACE_OUTER_BOUND('',#855,.T.);
#581=FACE_OUTER_BOUND('',#856,.T.);
#582=FACE_OUTER_BOUND('',#857,.T.);
#583=FACE_OUTER_BOUND('',#858,.T.);
#584=FACE_OUTER_BOUND('',#859,.T.);
#585=FACE_OUTER_BOUND('',#860,.T.);
#586=FACE_OUTER_BOUND('',#861,.T.);
#587=FACE_OUTER_BOUND('',#862,.T.);
#588=FACE_OUTER_BOUND('',#863,.T.);
#589=FACE_OUTER_BOUND('',#864,.T.);
#590=FACE_OUTER_BOUND('',#865,.T.);
#591=FACE_OUTER_BOUND('',#866,.T.);
#592=FACE_OUTER_BOUND('',#867,.T.);
#593=FACE_OUTER_BOUND('',#868,.T.);
#594=FACE_OUTER_BOUND('',#869,.T.);
#595=FACE_OUTER_BOUND('',#870,.T.);
#596=FACE_OUTER_BOUND('',#871,.T.);
#597=FACE_OUTER_BOUND('',#872,.T.);
#598=FACE_OUTER_BOUND('',#873,.T.);
#599=FACE_OUTER_BOUND('',#874,.T.);
#600=FACE_OUTER_BOUND('',#875,.T.);
#601=FACE_OUTER_BOUND('',#876,.T.);
#602=FACE_OUTER_BOUND('',#877,.T.);
#603=FACE_OUTER_BOUND('',#878,.T.);
#604=FACE_OUTER_BOUND('',#879,.T.);
#605=FACE_OUTER_BOUND('',#880,.T.);
#606=FACE_OUTER_BOUND('',#881,.T.);
#607=FACE_OUTER_BOUND('',#882,.T.);
#608=FACE_OUTER_BOUND('',#883,.T.);
#609=FACE_OUTER_BOUND('',#884,.T.);
#610=FACE_OUTER_BOUND('',#885,.T.);
#611=FACE_OUTER_BOUND('',#886,.T.);
#612=FACE_OUTER_BOUND('',#887,.T.);
#613=FACE_OUTER_BOUND('',#888,.T.);
#614=FACE_OUTER_BOUND('',#889,.T.);
#615=FACE_OUTER_BOUND('',#890,.T.);
#616=FACE_OUTER_BOUND('',#891,.T.);
#617=FACE_OUTER_BOUND('',#892,.T.);
#618=FACE_OUTER_BOUND('',#893,.T.);
#619=FACE_OUTER_BOUND('',#894,.T.);
#620=FACE_OUTER_BOUND('',#895,.T.);
#621=FACE_OUTER_BOUND('',#896,.T.);
#622=FACE_OUTER_BOUND('',#897,.T.);
#623=FACE_OUTER_BOUND('',#898,.T.);
#624=FACE_OUTER_BOUND('',#899,.T.);
#625=FACE_OUTER_BOUND('',#900,.T.);
#626=FACE_OUTER_BOUND('',#901,.T.);
#627=FACE_OUTER_BOUND('',#902,.T.);
#628=FACE_OUTER_BOUND('',#903,.T.);
#629=FACE_OUTER_BOUND('',#904,.T.);
#630=FACE_OUTER_BOUND('',#906,.T.);
#631=FACE_OUTER_BOUND('',#907,.T.);
#632=FACE_OUTER_BOUND('',#908,.T.);
#633=FACE_OUTER_BOUND('',#909,.T.);
#634=FACE_OUTER_BOUND('',#910,.T.);
#635=FACE_OUTER_BOUND('',#911,.T.);
#636=FACE_OUTER_BOUND('',#912,.T.);
#637=FACE_OUTER_BOUND('',#913,.T.);
#638=FACE_OUTER_BOUND('',#914,.T.);
#639=FACE_OUTER_BOUND('',#915,.T.);
#640=FACE_OUTER_BOUND('',#916,.T.);
#641=FACE_OUTER_BOUND('',#917,.T.);
#642=FACE_OUTER_BOUND('',#918,.T.);
#643=FACE_OUTER_BOUND('',#919,.T.);
#644=FACE_OUTER_BOUND('',#920,.T.);
#645=FACE_OUTER_BOUND('',#921,.T.);
#646=FACE_OUTER_BOUND('',#922,.T.);
#647=FACE_OUTER_BOUND('',#923,.T.);
#648=FACE_OUTER_BOUND('',#924,.T.);
#649=FACE_OUTER_BOUND('',#925,.T.);
#650=FACE_OUTER_BOUND('',#926,.T.);
#651=FACE_OUTER_BOUND('',#927,.T.);
#652=FACE_OUTER_BOUND('',#928,.T.);
#653=FACE_OUTER_BOUND('',#929,.T.);
#654=FACE_OUTER_BOUND('',#930,.T.);
#655=FACE_OUTER_BOUND('',#931,.T.);
#656=FACE_OUTER_BOUND('',#932,.T.);
#657=FACE_OUTER_BOUND('',#933,.T.);
#658=FACE_OUTER_BOUND('',#934,.T.);
#659=FACE_OUTER_BOUND('',#935,.T.);
#660=FACE_OUTER_BOUND('',#936,.T.);
#661=FACE_OUTER_BOUND('',#937,.T.);
#662=FACE_OUTER_BOUND('',#938,.T.);
#663=FACE_OUTER_BOUND('',#939,.T.);
#664=FACE_OUTER_BOUND('',#940,.T.);
#665=FACE_OUTER_BOUND('',#941,.T.);
#666=FACE_OUTER_BOUND('',#942,.T.);
#667=FACE_OUTER_BOUND('',#943,.T.);
#668=FACE_OUTER_BOUND('',#944,.T.);
#669=FACE_OUTER_BOUND('',#945,.T.);
#670=FACE_OUTER_BOUND('',#946,.T.);
#671=FACE_OUTER_BOUND('',#947,.T.);
#672=FACE_OUTER_BOUND('',#948,.T.);
#673=FACE_OUTER_BOUND('',#949,.T.);
#674=FACE_OUTER_BOUND('',#950,.T.);
#675=FACE_OUTER_BOUND('',#951,.T.);
#676=FACE_OUTER_BOUND('',#952,.T.);
#677=FACE_OUTER_BOUND('',#953,.T.);
#678=FACE_OUTER_BOUND('',#954,.T.);
#679=FACE_OUTER_BOUND('',#955,.T.);
#680=FACE_OUTER_BOUND('',#956,.T.);
#681=FACE_OUTER_BOUND('',#957,.T.);
#682=FACE_OUTER_BOUND('',#958,.T.);
#683=FACE_OUTER_BOUND('',#959,.T.);
#684=FACE_OUTER_BOUND('',#960,.T.);
#685=FACE_OUTER_BOUND('',#961,.T.);
#686=FACE_OUTER_BOUND('',#962,.T.);
#687=FACE_OUTER_BOUND('',#963,.T.);
#688=FACE_OUTER_BOUND('',#964,.T.);
#689=FACE_OUTER_BOUND('',#965,.T.);
#690=FACE_OUTER_BOUND('',#966,.T.);
#691=FACE_OUTER_BOUND('',#988,.T.);
#692=FACE_OUTER_BOUND('',#989,.T.);
#693=FACE_OUTER_BOUND('',#990,.T.);
#694=FACE_OUTER_BOUND('',#991,.T.);
#695=FACE_OUTER_BOUND('',#992,.T.);
#696=FACE_OUTER_BOUND('',#993,.T.);
#697=FACE_OUTER_BOUND('',#994,.T.);
#698=FACE_OUTER_BOUND('',#995,.T.);
#699=FACE_OUTER_BOUND('',#996,.T.);
#700=FACE_OUTER_BOUND('',#997,.T.);
#701=FACE_OUTER_BOUND('',#998,.T.);
#702=FACE_OUTER_BOUND('',#999,.T.);
#703=FACE_OUTER_BOUND('',#1000,.T.);
#704=FACE_OUTER_BOUND('',#1001,.T.);
#705=FACE_OUTER_BOUND('',#1002,.T.);
#706=FACE_OUTER_BOUND('',#1003,.T.);
#707=EDGE_LOOP('',(#2885,#2886,#2887,#2888));
#708=EDGE_LOOP('',(#2889));
#709=EDGE_LOOP('',(#2890));
#710=EDGE_LOOP('',(#2891,#2892,#2893,#2894));
#711=EDGE_LOOP('',(#2895));
#712=EDGE_LOOP('',(#2896));
#713=EDGE_LOOP('',(#2897,#2898,#2899,#2900));
#714=EDGE_LOOP('',(#2901));
#715=EDGE_LOOP('',(#2902));
#716=EDGE_LOOP('',(#2903,#2904,#2905,#2906));
#717=EDGE_LOOP('',(#2907));
#718=EDGE_LOOP('',(#2908));
#719=EDGE_LOOP('',(#2909,#2910,#2911,#2912));
#720=EDGE_LOOP('',(#2913));
#721=EDGE_LOOP('',(#2914));
#722=EDGE_LOOP('',(#2915,#2916,#2917,#2918));
#723=EDGE_LOOP('',(#2919,#2920,#2921,#2922));
#724=EDGE_LOOP('',(#2923,#2924,#2925,#2926));
#725=EDGE_LOOP('',(#2927,#2928,#2929,#2930));
#726=EDGE_LOOP('',(#2931,#2932,#2933,#2934));
#727=EDGE_LOOP('',(#2935,#2936,#2937,#2938));
#728=EDGE_LOOP('',(#2939,#2940,#2941,#2942));
#729=EDGE_LOOP('',(#2943,#2944,#2945,#2946));
#730=EDGE_LOOP('',(#2947,#2948,#2949,#2950));
#731=EDGE_LOOP('',(#2951,#2952,#2953,#2954));
#732=EDGE_LOOP('',(#2955,#2956,#2957,#2958));
#733=EDGE_LOOP('',(#2959,#2960,#2961,#2962));
#734=EDGE_LOOP('',(#2963,#2964,#2965,#2966));
#735=EDGE_LOOP('',(#2967,#2968,#2969,#2970));
#736=EDGE_LOOP('',(#2971,#2972,#2973,#2974));
#737=EDGE_LOOP('',(#2975,#2976,#2977,#2978));
#738=EDGE_LOOP('',(#2979,#2980,#2981,#2982));
#739=EDGE_LOOP('',(#2983,#2984,#2985,#2986));
#740=EDGE_LOOP('',(#2987,#2988,#2989,#2990));
#741=EDGE_LOOP('',(#2991,#2992,#2993,#2994));
#742=EDGE_LOOP('',(#2995,#2996,#2997,#2998));
#743=EDGE_LOOP('',(#2999,#3000,#3001,#3002));
#744=EDGE_LOOP('',(#3003,#3004,#3005,#3006));
#745=EDGE_LOOP('',(#3007,#3008,#3009,#3010));
#746=EDGE_LOOP('',(#3011,#3012,#3013,#3014));
#747=EDGE_LOOP('',(#3015,#3016,#3017,#3018));
#748=EDGE_LOOP('',(#3019,#3020,#3021,#3022));
#749=EDGE_LOOP('',(#3023,#3024,#3025,#3026));
#750=EDGE_LOOP('',(#3027,#3028,#3029,#3030));
#751=EDGE_LOOP('',(#3031,#3032,#3033,#3034));
#752=EDGE_LOOP('',(#3035,#3036,#3037,#3038,#3039));
#753=EDGE_LOOP('',(#3040,#3041,#3042,#3043,#3044));
#754=EDGE_LOOP('',(#3045,#3046,#3047,#3048,#3049));
#755=EDGE_LOOP('',(#3050,#3051,#3052,#3053,#3054));
#756=EDGE_LOOP('',(#3055,#3056,#3057,#3058,#3059));
#757=EDGE_LOOP('',(#3060,#3061,#3062,#3063,#3064));
#758=EDGE_LOOP('',(#3065,#3066,#3067,#3068,#3069));
#759=EDGE_LOOP('',(#3070,#3071,#3072,#3073,#3074));
#760=EDGE_LOOP('',(#3075,#3076,#3077,#3078,#3079));
#761=EDGE_LOOP('',(#3080,#3081,#3082,#3083,#3084));
#762=EDGE_LOOP('',(#3085,#3086,#3087,#3088,#3089));
#763=EDGE_LOOP('',(#3090,#3091,#3092,#3093,#3094));
#764=EDGE_LOOP('',(#3095,#3096,#3097,#3098,#3099));
#765=EDGE_LOOP('',(#3100,#3101,#3102,#3103,#3104));
#766=EDGE_LOOP('',(#3105,#3106,#3107,#3108,#3109));
#767=EDGE_LOOP('',(#3110,#3111,#3112,#3113,#3114));
#768=EDGE_LOOP('',(#3115,#3116,#3117,#3118));
#769=EDGE_LOOP('',(#3119,#3120,#3121,#3122));
#770=EDGE_LOOP('',(#3123,#3124,#3125,#3126));
#771=EDGE_LOOP('',(#3127,#3128,#3129,#3130));
#772=EDGE_LOOP('',(#3131,#3132,#3133,#3134,#3135));
#773=EDGE_LOOP('',(#3136,#3137,#3138,#3139,#3140));
#774=EDGE_LOOP('',(#3141,#3142,#3143,#3144,#3145));
#775=EDGE_LOOP('',(#3146,#3147,#3148,#3149,#3150));
#776=EDGE_LOOP('',(#3151,#3152,#3153,#3154));
#777=EDGE_LOOP('',(#3155,#3156,#3157,#3158,#3159,#3160,#3161,#3162,#3163,
#3164,#3165,#3166,#3167,#3168,#3169,#3170,#3171,#3172,#3173,#3174,#3175,
#3176,#3177,#3178,#3179));
#778=EDGE_LOOP('',(#3180,#3181,#3182,#3183,#3184,#3185));
#779=EDGE_LOOP('',(#3186,#3187,#3188,#3189,#3190,#3191));
#780=EDGE_LOOP('',(#3192,#3193,#3194,#3195,#3196,#3197));
#781=EDGE_LOOP('',(#3198,#3199,#3200,#3201,#3202,#3203));
#782=EDGE_LOOP('',(#3204,#3205,#3206,#3207,#3208,#3209));
#783=EDGE_LOOP('',(#3210,#3211,#3212,#3213,#3214,#3215));
#784=EDGE_LOOP('',(#3216));
#785=EDGE_LOOP('',(#3217,#3218,#3219,#3220,#3221));
#786=EDGE_LOOP('',(#3222,#3223,#3224,#3225,#3226,#3227,#3228,#3229,#3230,
#3231,#3232,#3233,#3234,#3235,#3236,#3237,#3238,#3239,#3240,#3241,#3242,
#3243,#3244,#3245,#3246,#3247,#3248,#3249,#3250,#3251));
#787=EDGE_LOOP('',(#3252));
#788=EDGE_LOOP('',(#3253));
#789=EDGE_LOOP('',(#3254));
#790=EDGE_LOOP('',(#3255));
#791=EDGE_LOOP('',(#3256));
#792=EDGE_LOOP('',(#3257));
#793=EDGE_LOOP('',(#3258,#3259,#3260,#3261,#3262,#3263,#3264,#3265,#3266,
#3267,#3268,#3269,#3270,#3271,#3272,#3273));
#794=EDGE_LOOP('',(#3274,#3275,#3276,#3277,#3278,#3279,#3280,#3281,#3282,
#3283,#3284,#3285,#3286,#3287,#3288,#3289));
#795=EDGE_LOOP('',(#3290,#3291,#3292,#3293,#3294,#3295,#3296,#3297,#3298,
#3299,#3300,#3301,#3302,#3303,#3304,#3305));
#796=EDGE_LOOP('',(#3306,#3307,#3308,#3309,#3310,#3311,#3312,#3313,#3314,
#3315,#3316,#3317,#3318,#3319,#3320,#3321));
#797=EDGE_LOOP('',(#3322,#3323,#3324,#3325,#3326,#3327,#3328,#3329,#3330,
#3331,#3332,#3333,#3334,#3335,#3336,#3337));
#798=EDGE_LOOP('',(#3338,#3339,#3340,#3341,#3342));
#799=EDGE_LOOP('',(#3343));
#800=EDGE_LOOP('',(#3344));
#801=EDGE_LOOP('',(#3345,#3346,#3347,#3348,#3349,#3350));
#802=EDGE_LOOP('',(#3351,#3352,#3353,#3354,#3355));
#803=EDGE_LOOP('',(#3356,#3357,#3358,#3359));
#804=EDGE_LOOP('',(#3360,#3361,#3362,#3363,#3364));
#805=EDGE_LOOP('',(#3365,#3366,#3367,#3368,#3369,#3370));
#806=EDGE_LOOP('',(#3371,#3372,#3373,#3374));
#807=EDGE_LOOP('',(#3375,#3376,#3377,#3378,#3379));
#808=EDGE_LOOP('',(#3380,#3381,#3382,#3383));
#809=EDGE_LOOP('',(#3384,#3385,#3386,#3387));
#810=EDGE_LOOP('',(#3388,#3389,#3390,#3391,#3392));
#811=EDGE_LOOP('',(#3393,#3394,#3395,#3396,#3397,#3398));
#812=EDGE_LOOP('',(#3399,#3400,#3401,#3402));
#813=EDGE_LOOP('',(#3403,#3404,#3405,#3406,#3407));
#814=EDGE_LOOP('',(#3408,#3409,#3410,#3411));
#815=EDGE_LOOP('',(#3412,#3413,#3414,#3415));
#816=EDGE_LOOP('',(#3416,#3417,#3418,#3419,#3420));
#817=EDGE_LOOP('',(#3421,#3422,#3423,#3424,#3425,#3426));
#818=EDGE_LOOP('',(#3427,#3428,#3429,#3430));
#819=EDGE_LOOP('',(#3431,#3432,#3433,#3434,#3435));
#820=EDGE_LOOP('',(#3436,#3437,#3438,#3439));
#821=EDGE_LOOP('',(#3440,#3441,#3442,#3443));
#822=EDGE_LOOP('',(#3444,#3445,#3446,#3447,#3448));
#823=EDGE_LOOP('',(#3449,#3450,#3451,#3452,#3453,#3454));
#824=EDGE_LOOP('',(#3455,#3456,#3457,#3458));
#825=EDGE_LOOP('',(#3459,#3460,#3461,#3462,#3463));
#826=EDGE_LOOP('',(#3464,#3465,#3466,#3467));
#827=EDGE_LOOP('',(#3468,#3469,#3470,#3471));
#828=EDGE_LOOP('',(#3472,#3473,#3474,#3475,#3476));
#829=EDGE_LOOP('',(#3477,#3478,#3479,#3480,#3481,#3482));
#830=EDGE_LOOP('',(#3483,#3484,#3485,#3486));
#831=EDGE_LOOP('',(#3487,#3488,#3489,#3490,#3491));
#832=EDGE_LOOP('',(#3492,#3493,#3494,#3495));
#833=EDGE_LOOP('',(#3496,#3497,#3498,#3499,#3500));
#834=EDGE_LOOP('',(#3501,#3502,#3503,#3504));
#835=EDGE_LOOP('',(#3505,#3506,#3507,#3508));
#836=EDGE_LOOP('',(#3509,#3510,#3511,#3512));
#837=EDGE_LOOP('',(#3513,#3514,#3515,#3516,#3517,#3518));
#838=EDGE_LOOP('',(#3519,#3520,#3521,#3522));
#839=EDGE_LOOP('',(#3523,#3524,#3525,#3526,#3527,#3528));
#840=EDGE_LOOP('',(#3529,#3530,#3531,#3532));
#841=EDGE_LOOP('',(#3533,#3534,#3535,#3536));
#842=EDGE_LOOP('',(#3537,#3538,#3539));
#843=EDGE_LOOP('',(#3540,#3541,#3542));
#844=EDGE_LOOP('',(#3543,#3544,#3545,#3546));
#845=EDGE_LOOP('',(#3547,#3548,#3549,#3550,#3551,#3552));
#846=EDGE_LOOP('',(#3553,#3554,#3555,#3556));
#847=EDGE_LOOP('',(#3557,#3558,#3559,#3560));
#848=EDGE_LOOP('',(#3561,#3562,#3563,#3564));
#849=EDGE_LOOP('',(#3565,#3566,#3567));
#850=EDGE_LOOP('',(#3568,#3569,#3570,#3571));
#851=EDGE_LOOP('',(#3572,#3573,#3574,#3575,#3576,#3577));
#852=EDGE_LOOP('',(#3578,#3579,#3580,#3581,#3582,#3583,#3584,#3585,#3586,
#3587));
#853=EDGE_LOOP('',(#3588,#3589,#3590,#3591));
#854=EDGE_LOOP('',(#3592,#3593,#3594,#3595));
#855=EDGE_LOOP('',(#3596,#3597,#3598,#3599));
#856=EDGE_LOOP('',(#3600,#3601,#3602));
#857=EDGE_LOOP('',(#3603,#3604,#3605,#3606));
#858=EDGE_LOOP('',(#3607,#3608,#3609,#3610,#3611,#3612));
#859=EDGE_LOOP('',(#3613,#3614,#3615,#3616));
#860=EDGE_LOOP('',(#3617,#3618,#3619));
#861=EDGE_LOOP('',(#3620,#3621,#3622,#3623));
#862=EDGE_LOOP('',(#3624,#3625,#3626,#3627));
#863=EDGE_LOOP('',(#3628,#3629,#3630,#3631));
#864=EDGE_LOOP('',(#3632,#3633,#3634));
#865=EDGE_LOOP('',(#3635,#3636,#3637,#3638));
#866=EDGE_LOOP('',(#3639,#3640,#3641,#3642));
#867=EDGE_LOOP('',(#3643,#3644,#3645,#3646));
#868=EDGE_LOOP('',(#3647,#3648,#3649));
#869=EDGE_LOOP('',(#3650,#3651,#3652));
#870=EDGE_LOOP('',(#3653,#3654,#3655,#3656));
#871=EDGE_LOOP('',(#3657,#3658,#3659,#3660,#3661,#3662));
#872=EDGE_LOOP('',(#3663,#3664,#3665,#3666));
#873=EDGE_LOOP('',(#3667,#3668,#3669,#3670));
#874=EDGE_LOOP('',(#3671,#3672,#3673,#3674));
#875=EDGE_LOOP('',(#3675,#3676,#3677));
#876=EDGE_LOOP('',(#3678,#3679,#3680,#3681));
#877=EDGE_LOOP('',(#3682,#3683,#3684,#3685,#3686,#3687));
#878=EDGE_LOOP('',(#3688,#3689,#3690,#3691,#3692,#3693,#3694,#3695,#3696,
#3697));
#879=EDGE_LOOP('',(#3698,#3699,#3700,#3701));
#880=EDGE_LOOP('',(#3702,#3703,#3704,#3705));
#881=EDGE_LOOP('',(#3706,#3707,#3708,#3709));
#882=EDGE_LOOP('',(#3710,#3711,#3712));
#883=EDGE_LOOP('',(#3713,#3714,#3715,#3716));
#884=EDGE_LOOP('',(#3717,#3718,#3719,#3720,#3721,#3722));
#885=EDGE_LOOP('',(#3723,#3724,#3725,#3726));
#886=EDGE_LOOP('',(#3727,#3728,#3729));
#887=EDGE_LOOP('',(#3730,#3731,#3732,#3733));
#888=EDGE_LOOP('',(#3734,#3735,#3736,#3737));
#889=EDGE_LOOP('',(#3738,#3739,#3740,#3741));
#890=EDGE_LOOP('',(#3742,#3743,#3744));
#891=EDGE_LOOP('',(#3745,#3746,#3747,#3748));
#892=EDGE_LOOP('',(#3749,#3750,#3751,#3752));
#893=EDGE_LOOP('',(#3753,#3754,#3755,#3756));
#894=EDGE_LOOP('',(#3757,#3758,#3759));
#895=EDGE_LOOP('',(#3760,#3761,#3762));
#896=EDGE_LOOP('',(#3763,#3764,#3765,#3766));
#897=EDGE_LOOP('',(#3767,#3768,#3769,#3770,#3771,#3772));
#898=EDGE_LOOP('',(#3773,#3774,#3775,#3776));
#899=EDGE_LOOP('',(#3777,#3778,#3779,#3780));
#900=EDGE_LOOP('',(#3781,#3782,#3783,#3784));
#901=EDGE_LOOP('',(#3785,#3786,#3787));
#902=EDGE_LOOP('',(#3788,#3789,#3790,#3791));
#903=EDGE_LOOP('',(#3792,#3793,#3794,#3795,#3796,#3797));
#904=EDGE_LOOP('',(#3798,#3799,#3800,#3801,#3802,#3803,#3804,#3805,#3806,
#3807));
#905=EDGE_LOOP('',(#3808,#3809));
#906=EDGE_LOOP('',(#3810,#3811,#3812,#3813));
#907=EDGE_LOOP('',(#3814,#3815,#3816,#3817));
#908=EDGE_LOOP('',(#3818,#3819,#3820,#3821));
#909=EDGE_LOOP('',(#3822,#3823,#3824));
#910=EDGE_LOOP('',(#3825,#3826,#3827,#3828));
#911=EDGE_LOOP('',(#3829,#3830,#3831,#3832,#3833,#3834));
#912=EDGE_LOOP('',(#3835,#3836,#3837,#3838,#3839,#3840));
#913=EDGE_LOOP('',(#3841,#3842,#3843,#3844));
#914=EDGE_LOOP('',(#3845,#3846,#3847));
#915=EDGE_LOOP('',(#3848,#3849,#3850,#3851));
#916=EDGE_LOOP('',(#3852,#3853,#3854,#3855));
#917=EDGE_LOOP('',(#3856,#3857,#3858,#3859));
#918=EDGE_LOOP('',(#3860,#3861,#3862));
#919=EDGE_LOOP('',(#3863,#3864,#3865,#3866));
#920=EDGE_LOOP('',(#3867,#3868,#3869,#3870));
#921=EDGE_LOOP('',(#3871,#3872,#3873,#3874));
#922=EDGE_LOOP('',(#3875,#3876,#3877));
#923=EDGE_LOOP('',(#3878,#3879,#3880));
#924=EDGE_LOOP('',(#3881,#3882,#3883,#3884));
#925=EDGE_LOOP('',(#3885,#3886,#3887,#3888,#3889,#3890));
#926=EDGE_LOOP('',(#3891,#3892,#3893,#3894));
#927=EDGE_LOOP('',(#3895,#3896,#3897,#3898));
#928=EDGE_LOOP('',(#3899,#3900,#3901,#3902));
#929=EDGE_LOOP('',(#3903,#3904,#3905));
#930=EDGE_LOOP('',(#3906,#3907,#3908,#3909));
#931=EDGE_LOOP('',(#3910,#3911,#3912,#3913,#3914,#3915));
#932=EDGE_LOOP('',(#3916,#3917,#3918,#3919,#3920,#3921,#3922,#3923,#3924,
#3925));
#933=EDGE_LOOP('',(#3926,#3927,#3928,#3929));
#934=EDGE_LOOP('',(#3930,#3931,#3932,#3933));
#935=EDGE_LOOP('',(#3934,#3935,#3936,#3937));
#936=EDGE_LOOP('',(#3938,#3939,#3940));
#937=EDGE_LOOP('',(#3941,#3942,#3943,#3944));
#938=EDGE_LOOP('',(#3945,#3946,#3947,#3948,#3949,#3950,#3951));
#939=EDGE_LOOP('',(#3952,#3953,#3954,#3955,#3956,#3957));
#940=EDGE_LOOP('',(#3958,#3959,#3960,#3961));
#941=EDGE_LOOP('',(#3962,#3963,#3964));
#942=EDGE_LOOP('',(#3965,#3966,#3967,#3968));
#943=EDGE_LOOP('',(#3969,#3970,#3971,#3972));
#944=EDGE_LOOP('',(#3973,#3974,#3975,#3976));
#945=EDGE_LOOP('',(#3977,#3978,#3979));
#946=EDGE_LOOP('',(#3980,#3981,#3982,#3983));
#947=EDGE_LOOP('',(#3984,#3985,#3986,#3987));
#948=EDGE_LOOP('',(#3988,#3989,#3990,#3991));
#949=EDGE_LOOP('',(#3992,#3993,#3994));
#950=EDGE_LOOP('',(#3995,#3996,#3997));
#951=EDGE_LOOP('',(#3998,#3999,#4000,#4001));
#952=EDGE_LOOP('',(#4002,#4003,#4004,#4005,#4006,#4007));
#953=EDGE_LOOP('',(#4008,#4009,#4010,#4011));
#954=EDGE_LOOP('',(#4012,#4013,#4014,#4015));
#955=EDGE_LOOP('',(#4016,#4017,#4018,#4019));
#956=EDGE_LOOP('',(#4020,#4021,#4022));
#957=EDGE_LOOP('',(#4023,#4024,#4025,#4026));
#958=EDGE_LOOP('',(#4027,#4028,#4029,#4030,#4031,#4032));
#959=EDGE_LOOP('',(#4033,#4034,#4035,#4036,#4037,#4038,#4039,#4040,#4041,
#4042));
#960=EDGE_LOOP('',(#4043,#4044,#4045,#4046));
#961=EDGE_LOOP('',(#4047,#4048,#4049,#4050));
#962=EDGE_LOOP('',(#4051,#4052,#4053,#4054));
#963=EDGE_LOOP('',(#4055,#4056,#4057));
#964=EDGE_LOOP('',(#4058,#4059,#4060,#4061));
#965=EDGE_LOOP('',(#4062,#4063,#4064,#4065,#4066,#4067,#4068,#4069,#4070,
#4071,#4072,#4073,#4074,#4075));
#966=EDGE_LOOP('',(#4076,#4077,#4078,#4079,#4080,#4081,#4082,#4083,#4084,
#4085,#4086,#4087,#4088,#4089,#4090,#4091,#4092,#4093,#4094,#4095,#4096));
#967=EDGE_LOOP('',(#4097));
#968=EDGE_LOOP('',(#4098));
#969=EDGE_LOOP('',(#4099));
#970=EDGE_LOOP('',(#4100));
#971=EDGE_LOOP('',(#4101));
#972=EDGE_LOOP('',(#4102));
#973=EDGE_LOOP('',(#4103));
#974=EDGE_LOOP('',(#4104));
#975=EDGE_LOOP('',(#4105));
#976=EDGE_LOOP('',(#4106));
#977=EDGE_LOOP('',(#4107,#4108,#4109,#4110,#4111,#4112,#4113,#4114,#4115,
#4116,#4117,#4118,#4119,#4120,#4121,#4122,#4123,#4124,#4125,#4126,#4127,
#4128,#4129,#4130));
#978=EDGE_LOOP('',(#4131,#4132,#4133,#4134,#4135,#4136,#4137,#4138,#4139,
#4140,#4141,#4142,#4143,#4144,#4145,#4146,#4147,#4148,#4149,#4150,#4151,
#4152,#4153,#4154));
#979=EDGE_LOOP('',(#4155,#4156,#4157,#4158,#4159,#4160,#4161,#4162,#4163,
#4164,#4165,#4166,#4167,#4168,#4169,#4170,#4171,#4172,#4173,#4174,#4175,
#4176,#4177,#4178));
#980=EDGE_LOOP('',(#4179,#4180,#4181,#4182,#4183,#4184,#4185,#4186,#4187,
#4188,#4189,#4190,#4191,#4192,#4193,#4194,#4195,#4196,#4197,#4198,#4199,
#4200,#4201,#4202));
#981=EDGE_LOOP('',(#4203,#4204,#4205,#4206,#4207,#4208,#4209,#4210,#4211,
#4212,#4213,#4214,#4215,#4216,#4217,#4218,#4219,#4220,#4221,#4222,#4223,
#4224,#4225,#4226));
#982=EDGE_LOOP('',(#4227));
#983=EDGE_LOOP('',(#4228));
#984=EDGE_LOOP('',(#4229));
#985=EDGE_LOOP('',(#4230));
#986=EDGE_LOOP('',(#4231));
#987=EDGE_LOOP('',(#4232));
#988=EDGE_LOOP('',(#4233,#4234,#4235,#4236,#4237,#4238));
#989=EDGE_LOOP('',(#4239,#4240,#4241,#4242,#4243,#4244));
#990=EDGE_LOOP('',(#4245,#4246,#4247,#4248,#4249,#4250));
#991=EDGE_LOOP('',(#4251,#4252,#4253,#4254,#4255));
#992=EDGE_LOOP('',(#4256,#4257,#4258,#4259,#4260));
#993=EDGE_LOOP('',(#4261,#4262,#4263,#4264));
#994=EDGE_LOOP('',(#4265,#4266,#4267,#4268,#4269,#4270));
#995=EDGE_LOOP('',(#4271,#4272,#4273,#4274,#4275,#4276));
#996=EDGE_LOOP('',(#4277,#4278,#4279,#4280));
#997=EDGE_LOOP('',(#4281,#4282,#4283));
#998=EDGE_LOOP('',(#4284,#4285,#4286,#4287));
#999=EDGE_LOOP('',(#4288,#4289,#4290,#4291));
#1000=EDGE_LOOP('',(#4292,#4293,#4294,#4295));
#1001=EDGE_LOOP('',(#4296,#4297,#4298));
#1002=EDGE_LOOP('',(#4299,#4300,#4301,#4302));
#1003=EDGE_LOOP('',(#4303,#4304,#4305,#4306));
#1004=LINE('',#6196,#1228);
#1005=LINE('',#6205,#1229);
#1006=LINE('',#6214,#1230);
#1007=LINE('',#6223,#1231);
#1008=LINE('',#6232,#1232);
#1009=LINE('',#6242,#1233);
#1010=LINE('',#6245,#1234);
#1011=LINE('',#6250,#1235);
#1012=LINE('',#6257,#1236);
#1013=LINE('',#6263,#1237);
#1014=LINE('',#6266,#1238);
#1015=LINE('',#6271,#1239);
#1016=LINE('',#6278,#1240);
#1017=LINE('',#6284,#1241);
#1018=LINE('',#6287,#1242);
#1019=LINE('',#6292,#1243);
#1020=LINE('',#6299,#1244);
#1021=LINE('',#6305,#1245);
#1022=LINE('',#6308,#1246);
#1023=LINE('',#6313,#1247);
#1024=LINE('',#6320,#1248);
#1025=LINE('',#6326,#1249);
#1026=LINE('',#6329,#1250);
#1027=LINE('',#6334,#1251);
#1028=LINE('',#6341,#1252);
#1029=LINE('',#6347,#1253);
#1030=LINE('',#6350,#1254);
#1031=LINE('',#6355,#1255);
#1032=LINE('',#6362,#1256);
#1033=LINE('',#6368,#1257);
#1034=LINE('',#6371,#1258);
#1035=LINE('',#6376,#1259);
#1036=LINE('',#6383,#1260);
#1037=LINE('',#6389,#1261);
#1038=LINE('',#6392,#1262);
#1039=LINE('',#6397,#1263);
#1040=LINE('',#6404,#1264);
#1041=LINE('',#6410,#1265);
#1042=LINE('',#6413,#1266);
#1043=LINE('',#6418,#1267);
#1044=LINE('',#6425,#1268);
#1045=LINE('',#6431,#1269);
#1046=LINE('',#6434,#1270);
#1047=LINE('',#6439,#1271);
#1048=LINE('',#6446,#1272);
#1049=LINE('',#6449,#1273);
#1050=LINE('',#6451,#1274);
#1051=LINE('',#6460,#1275);
#1052=LINE('',#6463,#1276);
#1053=LINE('',#6472,#1277);
#1054=LINE('',#6473,#1278);
#1055=LINE('',#6476,#1279);
#1056=LINE('',#6478,#1280);
#1057=LINE('',#6486,#1281);
#1058=LINE('',#6489,#1282);
#1059=LINE('',#6499,#1283);
#1060=LINE('',#6500,#1284);
#1061=LINE('',#6503,#1285);
#1062=LINE('',#6505,#1286);
#1063=LINE('',#6514,#1287);
#1064=LINE('',#6517,#1288);
#1065=LINE('',#6526,#1289);
#1066=LINE('',#6527,#1290);
#1067=LINE('',#6530,#1291);
#1068=LINE('',#6532,#1292);
#1069=LINE('',#6540,#1293);
#1070=LINE('',#6543,#1294);
#1071=LINE('',#6553,#1295);
#1072=LINE('',#6554,#1296);
#1073=LINE('',#6557,#1297);
#1074=LINE('',#6559,#1298);
#1075=LINE('',#6568,#1299);
#1076=LINE('',#6571,#1300);
#1077=LINE('',#6580,#1301);
#1078=LINE('',#6581,#1302);
#1079=LINE('',#6584,#1303);
#1080=LINE('',#6586,#1304);
#1081=LINE('',#6594,#1305);
#1082=LINE('',#6597,#1306);
#1083=LINE('',#6607,#1307);
#1084=LINE('',#6608,#1308);
#1085=LINE('',#6611,#1309);
#1086=LINE('',#6613,#1310);
#1087=LINE('',#6622,#1311);
#1088=LINE('',#6625,#1312);
#1089=LINE('',#6634,#1313);
#1090=LINE('',#6635,#1314);
#1091=LINE('',#6638,#1315);
#1092=LINE('',#6640,#1316);
#1093=LINE('',#6648,#1317);
#1094=LINE('',#6651,#1318);
#1095=LINE('',#6661,#1319);
#1096=LINE('',#6662,#1320);
#1097=LINE('',#6667,#1321);
#1098=LINE('',#6673,#1322);
#1099=LINE('',#6679,#1323);
#1100=LINE('',#6685,#1324);
#1101=LINE('',#6689,#1325);
#1102=LINE('',#6691,#1326);
#1103=LINE('',#6700,#1327);
#1104=LINE('',#6703,#1328);
#1105=LINE('',#6712,#1329);
#1106=LINE('',#6713,#1330);
#1107=LINE('',#6716,#1331);
#1108=LINE('',#6718,#1332);
#1109=LINE('',#6726,#1333);
#1110=LINE('',#6729,#1334);
#1111=LINE('',#6739,#1335);
#1112=LINE('',#6740,#1336);
#1113=LINE('',#6745,#1337);
#1114=LINE('',#6976,#1338);
#1115=LINE('',#6981,#1339);
#1116=LINE('',#6988,#1340);
#1117=LINE('',#6993,#1341);
#1118=LINE('',#7000,#1342);
#1119=LINE('',#7008,#1343);
#1120=LINE('',#7197,#1344);
#1121=LINE('',#7199,#1345);
#1122=LINE('',#7202,#1346);
#1123=LINE('',#7203,#1347);
#1124=LINE('',#7207,#1348);
#1125=LINE('',#7209,#1349);
#1126=LINE('',#7212,#1350);
#1127=LINE('',#7213,#1351);
#1128=LINE('',#7217,#1352);
#1129=LINE('',#7219,#1353);
#1130=LINE('',#7222,#1354);
#1131=LINE('',#7223,#1355);
#1132=LINE('',#7227,#1356);
#1133=LINE('',#7229,#1357);
#1134=LINE('',#7232,#1358);
#1135=LINE('',#7233,#1359);
#1136=LINE('',#7237,#1360);
#1137=LINE('',#7239,#1361);
#1138=LINE('',#7242,#1362);
#1139=LINE('',#7243,#1363);
#1140=LINE('',#7256,#1364);
#1141=LINE('',#7322,#1365);
#1142=LINE('',#7325,#1366);
#1143=LINE('',#7380,#1367);
#1144=LINE('',#7427,#1368);
#1145=LINE('',#7482,#1369);
#1146=LINE('',#7529,#1370);
#1147=LINE('',#7584,#1371);
#1148=LINE('',#7631,#1372);
#1149=LINE('',#7686,#1373);
#1150=LINE('',#7733,#1374);
#1151=LINE('',#7788,#1375);
#1152=LINE('',#7837,#1376);
#1153=LINE('',#7844,#1377);
#1154=LINE('',#7848,#1378);
#1155=LINE('',#7852,#1379);
#1156=LINE('',#7855,#1380);
#1157=LINE('',#7860,#1381);
#1158=LINE('',#7863,#1382);
#1159=LINE('',#7868,#1383);
#1160=LINE('',#7967,#1384);
#1161=LINE('',#7970,#1385);
#1162=LINE('',#7973,#1386);
#1163=LINE('',#7989,#1387);
#1164=LINE('',#7990,#1388);
#1165=LINE('',#8020,#1389);
#1166=LINE('',#8059,#1390);
#1167=LINE('',#8128,#1391);
#1168=LINE('',#8131,#1392);
#1169=LINE('',#8161,#1393);
#1170=LINE('',#8169,#1394);
#1171=LINE('',#8195,#1395);
#1172=LINE('',#8633,#1396);
#1173=LINE('',#8636,#1397);
#1174=LINE('',#8639,#1398);
#1175=LINE('',#8655,#1399);
#1176=LINE('',#8656,#1400);
#1177=LINE('',#8686,#1401);
#1178=LINE('',#8725,#1402);
#1179=LINE('',#8794,#1403);
#1180=LINE('',#8797,#1404);
#1181=LINE('',#8827,#1405);
#1182=LINE('',#8835,#1406);
#1183=LINE('',#8861,#1407);
#1184=LINE('',#9299,#1408);
#1185=LINE('',#9302,#1409);
#1186=LINE('',#9305,#1410);
#1187=LINE('',#9321,#1411);
#1188=LINE('',#9322,#1412);
#1189=LINE('',#9352,#1413);
#1190=LINE('',#9391,#1414);
#1191=LINE('',#9460,#1415);
#1192=LINE('',#9463,#1416);
#1193=LINE('',#9493,#1417);
#1194=LINE('',#9501,#1418);
#1195=LINE('',#9527,#1419);
#1196=LINE('',#9660,#1420);
#1197=LINE('',#9967,#1421);
#1198=LINE('',#9970,#1422);
#1199=LINE('',#9973,#1423);
#1200=LINE('',#9989,#1424);
#1201=LINE('',#9990,#1425);
#1202=LINE('',#10020,#1426);
#1203=LINE('',#10059,#1427);
#1204=LINE('',#10128,#1428);
#1205=LINE('',#10131,#1429);
#1206=LINE('',#10161,#1430);
#1207=LINE('',#10169,#1431);
#1208=LINE('',#10195,#1432);
#1209=LINE('',#10328,#1433);
#1210=LINE('',#10635,#1434);
#1211=LINE('',#10638,#1435);
#1212=LINE('',#10641,#1436);
#1213=LINE('',#10657,#1437);
#1214=LINE('',#10658,#1438);
#1215=LINE('',#10688,#1439);
#1216=LINE('',#10727,#1440);
#1217=LINE('',#10796,#1441);
#1218=LINE('',#10799,#1442);
#1219=LINE('',#10829,#1443);
#1220=LINE('',#10837,#1444);
#1221=LINE('',#10863,#1445);
#1222=LINE('',#11001,#1446);
#1223=LINE('',#11089,#1447);
#1224=LINE('',#11098,#1448);
#1225=LINE('',#11102,#1449);
#1226=LINE('',#11104,#1450);
#1227=LINE('',#11106,#1451);
#1228=VECTOR('',#5099,6.);
#1229=VECTOR('',#5110,6.0000000000001);
#1230=VECTOR('',#5121,6.00000000000009);
#1231=VECTOR('',#5132,6.00000000000009);
#1232=VECTOR('',#5143,6.00000000000009);
#1233=VECTOR('',#5154,10.);
#1234=VECTOR('',#5157,10.);
#1235=VECTOR('',#5162,10.);
#1236=VECTOR('',#5171,10.);
#1237=VECTOR('',#5176,10.);
#1238=VECTOR('',#5179,10.);
#1239=VECTOR('',#5184,10.);
#1240=VECTOR('',#5193,10.);
#1241=VECTOR('',#5198,10.);
#1242=VECTOR('',#5201,10.);
#1243=VECTOR('',#5206,10.);
#1244=VECTOR('',#5215,10.);
#1245=VECTOR('',#5220,10.);
#1246=VECTOR('',#5223,10.);
#1247=VECTOR('',#5228,10.);
#1248=VECTOR('',#5237,10.);
#1249=VECTOR('',#5242,10.);
#1250=VECTOR('',#5245,10.);
#1251=VECTOR('',#5250,10.);
#1252=VECTOR('',#5259,10.);
#1253=VECTOR('',#5264,10.);
#1254=VECTOR('',#5267,10.);
#1255=VECTOR('',#5272,10.);
#1256=VECTOR('',#5281,10.);
#1257=VECTOR('',#5286,10.);
#1258=VECTOR('',#5289,10.);
#1259=VECTOR('',#5294,10.);
#1260=VECTOR('',#5303,10.);
#1261=VECTOR('',#5308,10.);
#1262=VECTOR('',#5311,10.);
#1263=VECTOR('',#5316,10.);
#1264=VECTOR('',#5325,10.);
#1265=VECTOR('',#5330,10.);
#1266=VECTOR('',#5333,10.);
#1267=VECTOR('',#5338,10.);
#1268=VECTOR('',#5347,10.);
#1269=VECTOR('',#5352,10.);
#1270=VECTOR('',#5355,10.);
#1271=VECTOR('',#5360,10.);
#1272=VECTOR('',#5369,10.);
#1273=VECTOR('',#5372,10.);
#1274=VECTOR('',#5373,10.);
#1275=VECTOR('',#5374,10.);
#1276=VECTOR('',#5377,10.);
#1277=VECTOR('',#5378,10.);
#1278=VECTOR('',#5379,10.);
#1279=VECTOR('',#5382,10.);
#1280=VECTOR('',#5383,10.);
#1281=VECTOR('',#5384,10.);
#1282=VECTOR('',#5387,10.);
#1283=VECTOR('',#5388,10.);
#1284=VECTOR('',#5389,10.);
#1285=VECTOR('',#5392,10.);
#1286=VECTOR('',#5393,10.);
#1287=VECTOR('',#5394,10.);
#1288=VECTOR('',#5397,10.);
#1289=VECTOR('',#5398,10.);
#1290=VECTOR('',#5399,10.);
#1291=VECTOR('',#5402,10.);
#1292=VECTOR('',#5403,10.);
#1293=VECTOR('',#5404,10.);
#1294=VECTOR('',#5407,10.);
#1295=VECTOR('',#5408,10.);
#1296=VECTOR('',#5409,10.);
#1297=VECTOR('',#5412,10.);
#1298=VECTOR('',#5413,10.);
#1299=VECTOR('',#5414,10.);
#1300=VECTOR('',#5417,10.);
#1301=VECTOR('',#5418,10.);
#1302=VECTOR('',#5419,10.);
#1303=VECTOR('',#5422,10.);
#1304=VECTOR('',#5423,10.);
#1305=VECTOR('',#5424,10.);
#1306=VECTOR('',#5427,10.);
#1307=VECTOR('',#5428,10.);
#1308=VECTOR('',#5429,10.);
#1309=VECTOR('',#5432,10.);
#1310=VECTOR('',#5433,10.);
#1311=VECTOR('',#5434,10.);
#1312=VECTOR('',#5437,10.);
#1313=VECTOR('',#5438,10.);
#1314=VECTOR('',#5439,10.);
#1315=VECTOR('',#5442,10.);
#1316=VECTOR('',#5443,10.);
#1317=VECTOR('',#5444,10.);
#1318=VECTOR('',#5447,10.);
#1319=VECTOR('',#5448,10.);
#1320=VECTOR('',#5449,10.);
#1321=VECTOR('',#5454,2.30000000000004);
#1322=VECTOR('',#5461,2.30000000000004);
#1323=VECTOR('',#5468,2.30000000000004);
#1324=VECTOR('',#5475,2.30000000000004);
#1325=VECTOR('',#5480,10.);
#1326=VECTOR('',#5481,10.);
#1327=VECTOR('',#5482,10.);
#1328=VECTOR('',#5485,10.);
#1329=VECTOR('',#5486,10.);
#1330=VECTOR('',#5487,10.);
#1331=VECTOR('',#5490,10.);
#1332=VECTOR('',#5491,10.);
#1333=VECTOR('',#5492,10.);
#1334=VECTOR('',#5495,10.);
#1335=VECTOR('',#5496,10.);
#1336=VECTOR('',#5497,10.);
#1337=VECTOR('',#5502,2.30000000000004);
#1338=VECTOR('',#5537,2.6);
#1339=VECTOR('',#5544,2.75);
#1340=VECTOR('',#5553,2.6);
#1341=VECTOR('',#5560,2.75);
#1342=VECTOR('',#5569,2.6);
#1343=VECTOR('',#5580,74.0702941459221);
#1344=VECTOR('',#5607,10.);
#1345=VECTOR('',#5608,10.);
#1346=VECTOR('',#5611,10.);
#1347=VECTOR('',#5612,10.);
#1348=VECTOR('',#5615,10.);
#1349=VECTOR('',#5616,10.);
#1350=VECTOR('',#5619,10.);
#1351=VECTOR('',#5620,10.);
#1352=VECTOR('',#5623,10.);
#1353=VECTOR('',#5624,10.);
#1354=VECTOR('',#5627,10.);
#1355=VECTOR('',#5628,10.);
#1356=VECTOR('',#5631,10.);
#1357=VECTOR('',#5632,10.);
#1358=VECTOR('',#5635,10.);
#1359=VECTOR('',#5636,10.);
#1360=VECTOR('',#5639,10.);
#1361=VECTOR('',#5640,10.);
#1362=VECTOR('',#5643,10.);
#1363=VECTOR('',#5644,10.);
#1364=VECTOR('',#5661,6.);
#1365=VECTOR('',#5664,8.);
#1366=VECTOR('',#5667,10.);
#1367=VECTOR('',#5672,10.);
#1368=VECTOR('',#5681,10.);
#1369=VECTOR('',#5686,10.);
#1370=VECTOR('',#5695,10.);
#1371=VECTOR('',#5700,10.);
#1372=VECTOR('',#5709,10.);
#1373=VECTOR('',#5714,10.);
#1374=VECTOR('',#5723,10.);
#1375=VECTOR('',#5728,10.);
#1376=VECTOR('',#5739,29.1);
#1377=VECTOR('',#5748,2.3);
#1378=VECTOR('',#5753,2.3);
#1379=VECTOR('',#5758,2.3);
#1380=VECTOR('',#5761,2.6);
#1381=VECTOR('',#5768,2.3);
#1382=VECTOR('',#5771,2.6);
#1383=VECTOR('',#5778,2.3);
#1384=VECTOR('',#5791,10.);
#1385=VECTOR('',#5794,10.);
#1386=VECTOR('',#5797,10.);
#1387=VECTOR('',#5802,10.);
#1388=VECTOR('',#5803,10.);
#1389=VECTOR('',#5804,10.);
#1390=VECTOR('',#5805,10.);
#1391=VECTOR('',#5818,10.);
#1392=VECTOR('',#5821,10.);
#1393=VECTOR('',#5822,10.);
#1394=VECTOR('',#5823,10.);
#1395=VECTOR('',#5826,10.);
#1396=VECTOR('',#5861,10.);
#1397=VECTOR('',#5864,10.);
#1398=VECTOR('',#5867,10.);
#1399=VECTOR('',#5872,10.);
#1400=VECTOR('',#5873,10.);
#1401=VECTOR('',#5874,10.);
#1402=VECTOR('',#5875,10.);
#1403=VECTOR('',#5888,10.);
#1404=VECTOR('',#5891,10.);
#1405=VECTOR('',#5892,10.);
#1406=VECTOR('',#5893,10.);
#1407=VECTOR('',#5896,10.);
#1408=VECTOR('',#5931,10.);
#1409=VECTOR('',#5934,10.);
#1410=VECTOR('',#5937,10.);
#1411=VECTOR('',#5942,10.);
#1412=VECTOR('',#5943,10.);
#1413=VECTOR('',#5944,10.);
#1414=VECTOR('',#5945,10.);
#1415=VECTOR('',#5958,10.);
#1416=VECTOR('',#5961,10.);
#1417=VECTOR('',#5962,10.);
#1418=VECTOR('',#5963,10.);
#1419=VECTOR('',#5966,10.);
#1420=VECTOR('',#5971,2.75);
#1421=VECTOR('',#6004,10.);
#1422=VECTOR('',#6007,10.);
#1423=VECTOR('',#6010,10.);
#1424=VECTOR('',#6015,10.);
#1425=VECTOR('',#6016,10.);
#1426=VECTOR('',#6017,10.);
#1427=VECTOR('',#6018,10.);
#1428=VECTOR('',#6031,10.);
#1429=VECTOR('',#6034,10.);
#1430=VECTOR('',#6035,10.);
#1431=VECTOR('',#6036,10.);
#1432=VECTOR('',#6039,10.);
#1433=VECTOR('',#6044,2.75);
#1434=VECTOR('',#6077,10.);
#1435=VECTOR('',#6080,10.);
#1436=VECTOR('',#6083,10.);
#1437=VECTOR('',#6088,10.);
#1438=VECTOR('',#6089,10.);
#1439=VECTOR('',#6090,10.);
#1440=VECTOR('',#6091,10.);
#1441=VECTOR('',#6104,10.);
#1442=VECTOR('',#6107,10.);
#1443=VECTOR('',#6108,10.);
#1444=VECTOR('',#6109,10.);
#1445=VECTOR('',#6112,10.);
#1446=VECTOR('',#6123,80.5);
#1447=VECTOR('',#6148,79.5);
#1448=VECTOR('',#6161,85.);
#1449=VECTOR('',#6166,27.75);
#1450=VECTOR('',#6169,24.5);
#1451=VECTOR('',#6172,2.75);
#1452=CIRCLE('',#4658,6.);
#1453=CIRCLE('',#4659,6.);
#1454=CIRCLE('',#4661,2.75);
#1455=CIRCLE('',#4663,6.0000000000001);
#1456=CIRCLE('',#4664,6.0000000000001);
#1457=CIRCLE('',#4666,2.75);
#1458=CIRCLE('',#4668,6.00000000000009);
#1459=CIRCLE('',#4669,6.00000000000009);
#1460=CIRCLE('',#4671,2.75);
#1461=CIRCLE('',#4673,6.00000000000009);
#1462=CIRCLE('',#4674,6.00000000000009);
#1463=CIRCLE('',#4676,2.75);
#1464=CIRCLE('',#4678,6.00000000000009);
#1465=CIRCLE('',#4679,6.00000000000009);
#1466=CIRCLE('',#4681,2.75);
#1467=CIRCLE('',#4683,10.);
#1468=CIRCLE('',#4684,10.);
#1469=CIRCLE('',#4686,7.00000000000003);
#1470=CIRCLE('',#4687,7.00000000000003);
#1471=CIRCLE('',#4689,10.);
#1472=CIRCLE('',#4690,10.);
#1473=CIRCLE('',#4692,10.);
#1474=CIRCLE('',#4693,10.);
#1475=CIRCLE('',#4695,7.00000000000003);
#1476=CIRCLE('',#4696,7.00000000000003);
#1477=CIRCLE('',#4698,10.);
#1478=CIRCLE('',#4699,10.);
#1479=CIRCLE('',#4701,10.);
#1480=CIRCLE('',#4702,10.);
#1481=CIRCLE('',#4704,7.00000000000003);
#1482=CIRCLE('',#4705,7.00000000000003);
#1483=CIRCLE('',#4707,10.);
#1484=CIRCLE('',#4708,10.);
#1485=CIRCLE('',#4710,10.);
#1486=CIRCLE('',#4711,10.);
#1487=CIRCLE('',#4713,7.00000000000003);
#1488=CIRCLE('',#4714,7.00000000000003);
#1489=CIRCLE('',#4716,10.);
#1490=CIRCLE('',#4717,10.);
#1491=CIRCLE('',#4719,10.);
#1492=CIRCLE('',#4720,10.);
#1493=CIRCLE('',#4722,7.00000000000003);
#1494=CIRCLE('',#4723,7.00000000000003);
#1495=CIRCLE('',#4725,10.);
#1496=CIRCLE('',#4726,10.);
#1497=CIRCLE('',#4728,10.);
#1498=CIRCLE('',#4729,10.);
#1499=CIRCLE('',#4731,7.00000000000003);
#1500=CIRCLE('',#4732,7.00000000000003);
#1501=CIRCLE('',#4734,10.);
#1502=CIRCLE('',#4735,10.);
#1503=CIRCLE('',#4737,10.);
#1504=CIRCLE('',#4738,10.);
#1505=CIRCLE('',#4740,7.00000000000003);
#1506=CIRCLE('',#4741,7.00000000000003);
#1507=CIRCLE('',#4743,10.);
#1508=CIRCLE('',#4744,10.);
#1509=CIRCLE('',#4746,10.);
#1510=CIRCLE('',#4747,10.);
#1511=CIRCLE('',#4749,7.00000000000003);
#1512=CIRCLE('',#4750,7.00000000000003);
#1513=CIRCLE('',#4752,10.);
#1514=CIRCLE('',#4753,10.);
#1515=CIRCLE('',#4755,10.);
#1516=CIRCLE('',#4756,10.);
#1517=CIRCLE('',#4758,7.00000000000003);
#1518=CIRCLE('',#4759,7.00000000000003);
#1519=CIRCLE('',#4761,10.);
#1520=CIRCLE('',#4762,10.);
#1521=CIRCLE('',#4764,10.);
#1522=CIRCLE('',#4765,10.);
#1523=CIRCLE('',#4767,7.00000000000003);
#1524=CIRCLE('',#4768,7.00000000000003);
#1525=CIRCLE('',#4770,10.);
#1526=CIRCLE('',#4771,10.);
#1527=CIRCLE('',#4789,2.30000000000004);
#1528=CIRCLE('',#4790,2.30000000000004);
#1529=CIRCLE('',#4792,2.30000000000004);
#1530=CIRCLE('',#4793,2.30000000000004);
#1531=CIRCLE('',#4795,2.30000000000004);
#1532=CIRCLE('',#4796,2.30000000000004);
#1533=CIRCLE('',#4798,2.30000000000004);
#1534=CIRCLE('',#4799,2.30000000000004);
#1535=CIRCLE('',#4805,2.30000000000004);
#1536=CIRCLE('',#4806,2.30000000000004);
#1537=CIRCLE('',#4808,73.1584276276729);
#1538=CIRCLE('',#4809,1.5);
#1539=CIRCLE('',#4810,71.6613652124569);
#1540=CIRCLE('',#4811,71.6613652124569);
#1541=CIRCLE('',#4812,71.6613652124569);
#1542=CIRCLE('',#4813,71.6613652124569);
#1543=CIRCLE('',#4814,71.6613652124569);
#1544=CIRCLE('',#4815,71.6613652124569);
#1545=CIRCLE('',#4816,71.6613652124569);
#1546=CIRCLE('',#4817,71.6613652124569);
#1547=CIRCLE('',#4818,71.6613652124569);
#1548=CIRCLE('',#4819,71.6613652124569);
#1549=CIRCLE('',#4820,73.1584276276729);
#1550=CIRCLE('',#4822,2.9);
#1551=CIRCLE('',#4823,2.3);
#1552=CIRCLE('',#4824,2.9);
#1553=CIRCLE('',#4826,2.75);
#1554=CIRCLE('',#4827,2.75);
#1555=CIRCLE('',#4829,2.9);
#1556=CIRCLE('',#4830,2.3);
#1557=CIRCLE('',#4831,2.9);
#1558=CIRCLE('',#4833,2.75);
#1559=CIRCLE('',#4834,2.75);
#1560=CIRCLE('',#4836,2.9);
#1561=CIRCLE('',#4837,2.3);
#1562=CIRCLE('',#4838,2.9);
#1563=CIRCLE('',#4840,75.0702941459221);
#1564=CIRCLE('',#4841,75.0702941459221);
#1565=CIRCLE('',#4843,2.75);
#1566=CIRCLE('',#4844,2.75);
#1567=CIRCLE('',#4845,2.9);
#1568=CIRCLE('',#4846,2.9);
#1569=CIRCLE('',#4847,2.75);
#1570=CIRCLE('',#4848,2.75);
#1571=CIRCLE('',#4849,2.90000000000001);
#1572=CIRCLE('',#4850,2.90000000000001);
#1573=CIRCLE('',#4851,2.75);
#1574=CIRCLE('',#4852,2.75);
#1575=CIRCLE('',#4853,26.5);
#1576=CIRCLE('',#4854,36.);
#1577=CIRCLE('',#4855,64.5);
#1578=CIRCLE('',#4856,36.);
#1579=CIRCLE('',#4857,64.5);
#1580=CIRCLE('',#4858,36.);
#1581=CIRCLE('',#4859,64.5);
#1582=CIRCLE('',#4860,36.);
#1583=CIRCLE('',#4861,64.5);
#1584=CIRCLE('',#4862,36.);
#1585=CIRCLE('',#4863,64.5);
#1586=CIRCLE('',#4865,6.);
#1587=CIRCLE('',#4866,1.5);
#1588=CIRCLE('',#4867,7.5);
#1589=CIRCLE('',#4868,6.);
#1590=CIRCLE('',#4870,8.);
#1591=CIRCLE('',#4875,36.);
#1592=CIRCLE('',#4877,34.3541019662497);
#1593=CIRCLE('',#4881,36.);
#1594=CIRCLE('',#4883,34.3541019662497);
#1595=CIRCLE('',#4887,36.);
#1596=CIRCLE('',#4889,34.3541019662497);
#1597=CIRCLE('',#4893,36.);
#1598=CIRCLE('',#4895,34.3541019662497);
#1599=CIRCLE('',#4899,36.);
#1600=CIRCLE('',#4901,34.3541019662497);
#1601=CIRCLE('',#4904,29.1);
#1602=CIRCLE('',#4905,29.1);
#1603=CIRCLE('',#4906,29.1);
#1604=CIRCLE('',#4908,2.3);
#1605=CIRCLE('',#4910,2.3);
#1606=CIRCLE('',#4912,2.3);
#1607=CIRCLE('',#4914,2.3);
#1608=CIRCLE('',#4916,2.3);
#1609=CIRCLE('',#4918,2.3);
#1610=CIRCLE('',#4920,2.3);
#1611=CIRCLE('',#4921,2.6);
#1612=CIRCLE('',#4922,2.6);
#1613=CIRCLE('',#4923,64.5);
#1614=CIRCLE('',#4924,64.5);
#1615=CIRCLE('',#4925,64.5);
#1616=CIRCLE('',#4927,6.);
#1617=CIRCLE('',#4929,6.5);
#1618=CIRCLE('',#4932,66.2573593128807);
#1619=CIRCLE('',#4933,67.5);
#1620=CIRCLE('',#4935,64.5);
#1621=CIRCLE('',#4937,64.5);
#1622=CIRCLE('',#4939,6.5);
#1623=CIRCLE('',#4941,66.2573593128807);
#1624=CIRCLE('',#4943,67.5);
#1625=CIRCLE('',#4944,5.9999999998882);
#1626=CIRCLE('',#4945,5.99999999999999);
#1627=CIRCLE('',#4947,6.);
#1628=CIRCLE('',#4948,6.00000000000001);
#1629=CIRCLE('',#4949,6.00000000000001);
#1630=CIRCLE('',#4950,2.6);
#1631=CIRCLE('',#4951,2.6);
#1632=CIRCLE('',#4952,64.5);
#1633=CIRCLE('',#4953,64.5);
#1634=CIRCLE('',#4954,64.5);
#1635=CIRCLE('',#4956,6.);
#1636=CIRCLE('',#4958,6.5);
#1637=CIRCLE('',#4961,66.2573593128807);
#1638=CIRCLE('',#4962,67.5);
#1639=CIRCLE('',#4964,64.5);
#1640=CIRCLE('',#4966,64.5);
#1641=CIRCLE('',#4968,6.50000000000001);
#1642=CIRCLE('',#4970,66.2573593128807);
#1643=CIRCLE('',#4972,67.5);
#1644=CIRCLE('',#4973,5.9999999998882);
#1645=CIRCLE('',#4974,5.99999999999999);
#1646=CIRCLE('',#4976,6.);
#1647=CIRCLE('',#4977,6.00000000000001);
#1648=CIRCLE('',#4978,6.00000000000001);
#1649=CIRCLE('',#4979,2.6);
#1650=CIRCLE('',#4980,2.6);
#1651=CIRCLE('',#4981,64.5);
#1652=CIRCLE('',#4982,64.5);
#1653=CIRCLE('',#4983,64.5);
#1654=CIRCLE('',#4985,6.);
#1655=CIRCLE('',#4987,6.5);
#1656=CIRCLE('',#4990,66.2573593128807);
#1657=CIRCLE('',#4991,67.5);
#1658=CIRCLE('',#4993,64.5);
#1659=CIRCLE('',#4995,64.5);
#1660=CIRCLE('',#4997,6.5);
#1661=CIRCLE('',#5000,66.2573593128807);
#1662=CIRCLE('',#5002,67.5);
#1663=CIRCLE('',#5003,5.9999999998882);
#1664=CIRCLE('',#5004,5.99999999999999);
#1665=CIRCLE('',#5006,6.);
#1666=CIRCLE('',#5007,6.00000000000001);
#1667=CIRCLE('',#5008,6.00000000000001);
#1668=CIRCLE('',#5009,2.6);
#1669=CIRCLE('',#5010,2.6);
#1670=CIRCLE('',#5011,64.5);
#1671=CIRCLE('',#5012,64.5);
#1672=CIRCLE('',#5013,64.5);
#1673=CIRCLE('',#5015,6.);
#1674=CIRCLE('',#5017,6.5);
#1675=CIRCLE('',#5020,66.2573593128807);
#1676=CIRCLE('',#5021,67.5);
#1677=CIRCLE('',#5023,64.5);
#1678=CIRCLE('',#5025,64.5);
#1679=CIRCLE('',#5027,6.5);
#1680=CIRCLE('',#5030,66.2573593128807);
#1681=CIRCLE('',#5032,67.5);
#1682=CIRCLE('',#5033,5.9999999998882);
#1683=CIRCLE('',#5034,5.99999999999999);
#1684=CIRCLE('',#5036,6.);
#1685=CIRCLE('',#5037,6.00000000000001);
#1686=CIRCLE('',#5038,6.00000000000001);
#1687=CIRCLE('',#5039,2.6);
#1688=CIRCLE('',#5040,2.6);
#1689=CIRCLE('',#5041,64.5);
#1690=CIRCLE('',#5042,64.5);
#1691=CIRCLE('',#5043,64.5);
#1692=CIRCLE('',#5045,6.);
#1693=CIRCLE('',#5047,6.5);
#1694=CIRCLE('',#5050,66.2573593128807);
#1695=CIRCLE('',#5051,67.5);
#1696=CIRCLE('',#5053,64.5);
#1697=CIRCLE('',#5055,64.5);
#1698=CIRCLE('',#5057,6.5);
#1699=CIRCLE('',#5059,76.);
#1700=CIRCLE('',#5060,76.);
#1701=CIRCLE('',#5061,76.);
#1702=CIRCLE('',#5062,85.);
#1703=CIRCLE('',#5063,76.);
#1704=CIRCLE('',#5064,76.);
#1705=CIRCLE('',#5065,76.);
#1706=CIRCLE('',#5067,67.5);
#1707=CIRCLE('',#5069,2.);
#1708=CIRCLE('',#5070,76.0544251514251);
#1709=CIRCLE('',#5071,76.0544251514251);
#1710=CIRCLE('',#5073,82.0690147215059);
#1711=CIRCLE('',#5074,82.0690147215059);
#1712=CIRCLE('',#5076,5.);
#1713=CIRCLE('',#5077,85.);
#1714=CIRCLE('',#5078,85.);
#1715=CIRCLE('',#5081,26.5);
#1716=CIRCLE('',#5085,66.2573593128807);
#1717=CIRCLE('',#5087,5.9999999998882);
#1718=CIRCLE('',#5088,5.99999999999999);
#1719=CIRCLE('',#5090,6.);
#1720=CIRCLE('',#5091,6.00000000000001);
#1721=CIRCLE('',#5092,6.00000000000001);
#1722=VERTEX_POINT('',#6193);
#1723=VERTEX_POINT('',#6195);
#1724=VERTEX_POINT('',#6199);
#1725=VERTEX_POINT('',#6202);
#1726=VERTEX_POINT('',#6204);
#1727=VERTEX_POINT('',#6208);
#1728=VERTEX_POINT('',#6211);
#1729=VERTEX_POINT('',#6213);
#1730=VERTEX_POINT('',#6217);
#1731=VERTEX_POINT('',#6220);
#1732=VERTEX_POINT('',#6222);
#1733=VERTEX_POINT('',#6226);
#1734=VERTEX_POINT('',#6229);
#1735=VERTEX_POINT('',#6231);
#1736=VERTEX_POINT('',#6235);
#1737=VERTEX_POINT('',#6238);
#1738=VERTEX_POINT('',#6239);
#1739=VERTEX_POINT('',#6241);
#1740=VERTEX_POINT('',#6243);
#1741=VERTEX_POINT('',#6247);
#1742=VERTEX_POINT('',#6249);
#1743=VERTEX_POINT('',#6253);
#1744=VERTEX_POINT('',#6255);
#1745=VERTEX_POINT('',#6259);
#1746=VERTEX_POINT('',#6260);
#1747=VERTEX_POINT('',#6262);
#1748=VERTEX_POINT('',#6264);
#1749=VERTEX_POINT('',#6268);
#1750=VERTEX_POINT('',#6270);
#1751=VERTEX_POINT('',#6274);
#1752=VERTEX_POINT('',#6276);
#1753=VERTEX_POINT('',#6280);
#1754=VERTEX_POINT('',#6281);
#1755=VERTEX_POINT('',#6283);
#1756=VERTEX_POINT('',#6285);
#1757=VERTEX_POINT('',#6289);
#1758=VERTEX_POINT('',#6291);
#1759=VERTEX_POINT('',#6295);
#1760=VERTEX_POINT('',#6297);
#1761=VERTEX_POINT('',#6301);
#1762=VERTEX_POINT('',#6302);
#1763=VERTEX_POINT('',#6304);
#1764=VERTEX_POINT('',#6306);
#1765=VERTEX_POINT('',#6310);
#1766=VERTEX_POINT('',#6312);
#1767=VERTEX_POINT('',#6316);
#1768=VERTEX_POINT('',#6318);
#1769=VERTEX_POINT('',#6322);
#1770=VERTEX_POINT('',#6323);
#1771=VERTEX_POINT('',#6325);
#1772=VERTEX_POINT('',#6327);
#1773=VERTEX_POINT('',#6331);
#1774=VERTEX_POINT('',#6333);
#1775=VERTEX_POINT('',#6337);
#1776=VERTEX_POINT('',#6339);
#1777=VERTEX_POINT('',#6343);
#1778=VERTEX_POINT('',#6344);
#1779=VERTEX_POINT('',#6346);
#1780=VERTEX_POINT('',#6348);
#1781=VERTEX_POINT('',#6352);
#1782=VERTEX_POINT('',#6354);
#1783=VERTEX_POINT('',#6358);
#1784=VERTEX_POINT('',#6360);
#1785=VERTEX_POINT('',#6364);
#1786=VERTEX_POINT('',#6365);
#1787=VERTEX_POINT('',#6367);
#1788=VERTEX_POINT('',#6369);
#1789=VERTEX_POINT('',#6373);
#1790=VERTEX_POINT('',#6375);
#1791=VERTEX_POINT('',#6379);
#1792=VERTEX_POINT('',#6381);
#1793=VERTEX_POINT('',#6385);
#1794=VERTEX_POINT('',#6386);
#1795=VERTEX_POINT('',#6388);
#1796=VERTEX_POINT('',#6390);
#1797=VERTEX_POINT('',#6394);
#1798=VERTEX_POINT('',#6396);
#1799=VERTEX_POINT('',#6400);
#1800=VERTEX_POINT('',#6402);
#1801=VERTEX_POINT('',#6406);
#1802=VERTEX_POINT('',#6407);
#1803=VERTEX_POINT('',#6409);
#1804=VERTEX_POINT('',#6411);
#1805=VERTEX_POINT('',#6415);
#1806=VERTEX_POINT('',#6417);
#1807=VERTEX_POINT('',#6421);
#1808=VERTEX_POINT('',#6423);
#1809=VERTEX_POINT('',#6427);
#1810=VERTEX_POINT('',#6428);
#1811=VERTEX_POINT('',#6430);
#1812=VERTEX_POINT('',#6432);
#1813=VERTEX_POINT('',#6436);
#1814=VERTEX_POINT('',#6438);
#1815=VERTEX_POINT('',#6442);
#1816=VERTEX_POINT('',#6444);
#1817=VERTEX_POINT('',#6448);
#1818=VERTEX_POINT('',#6450);
#1819=VERTEX_POINT('',#6452);
#1820=VERTEX_POINT('',#6462);
#1821=VERTEX_POINT('',#6464);
#1822=VERTEX_POINT('',#6471);
#1823=VERTEX_POINT('',#6475);
#1824=VERTEX_POINT('',#6477);
#1825=VERTEX_POINT('',#6479);
#1826=VERTEX_POINT('',#6488);
#1827=VERTEX_POINT('',#6490);
#1828=VERTEX_POINT('',#6498);
#1829=VERTEX_POINT('',#6502);
#1830=VERTEX_POINT('',#6504);
#1831=VERTEX_POINT('',#6506);
#1832=VERTEX_POINT('',#6516);
#1833=VERTEX_POINT('',#6518);
#1834=VERTEX_POINT('',#6525);
#1835=VERTEX_POINT('',#6529);
#1836=VERTEX_POINT('',#6531);
#1837=VERTEX_POINT('',#6533);
#1838=VERTEX_POINT('',#6542);
#1839=VERTEX_POINT('',#6544);
#1840=VERTEX_POINT('',#6552);
#1841=VERTEX_POINT('',#6556);
#1842=VERTEX_POINT('',#6558);
#1843=VERTEX_POINT('',#6560);
#1844=VERTEX_POINT('',#6570);
#1845=VERTEX_POINT('',#6572);
#1846=VERTEX_POINT('',#6579);
#1847=VERTEX_POINT('',#6583);
#1848=VERTEX_POINT('',#6585);
#1849=VERTEX_POINT('',#6587);
#1850=VERTEX_POINT('',#6596);
#1851=VERTEX_POINT('',#6598);
#1852=VERTEX_POINT('',#6606);
#1853=VERTEX_POINT('',#6610);
#1854=VERTEX_POINT('',#6612);
#1855=VERTEX_POINT('',#6614);
#1856=VERTEX_POINT('',#6624);
#1857=VERTEX_POINT('',#6626);
#1858=VERTEX_POINT('',#6633);
#1859=VERTEX_POINT('',#6637);
#1860=VERTEX_POINT('',#6639);
#1861=VERTEX_POINT('',#6641);
#1862=VERTEX_POINT('',#6650);
#1863=VERTEX_POINT('',#6652);
#1864=VERTEX_POINT('',#6660);
#1865=VERTEX_POINT('',#6664);
#1866=VERTEX_POINT('',#6666);
#1867=VERTEX_POINT('',#6670);
#1868=VERTEX_POINT('',#6672);
#1869=VERTEX_POINT('',#6676);
#1870=VERTEX_POINT('',#6678);
#1871=VERTEX_POINT('',#6682);
#1872=VERTEX_POINT('',#6684);
#1873=VERTEX_POINT('',#6688);
#1874=VERTEX_POINT('',#6690);
#1875=VERTEX_POINT('',#6692);
#1876=VERTEX_POINT('',#6702);
#1877=VERTEX_POINT('',#6704);
#1878=VERTEX_POINT('',#6711);
#1879=VERTEX_POINT('',#6715);
#1880=VERTEX_POINT('',#6717);
#1881=VERTEX_POINT('',#6719);
#1882=VERTEX_POINT('',#6728);
#1883=VERTEX_POINT('',#6730);
#1884=VERTEX_POINT('',#6738);
#1885=VERTEX_POINT('',#6742);
#1886=VERTEX_POINT('',#6744);
#1887=VERTEX_POINT('',#6748);
#1888=VERTEX_POINT('',#6749);
#1889=VERTEX_POINT('',#6751);
#1890=VERTEX_POINT('',#6753);
#1891=VERTEX_POINT('',#6764);
#1892=VERTEX_POINT('',#6766);
#1893=VERTEX_POINT('',#6789);
#1894=VERTEX_POINT('',#6791);
#1895=VERTEX_POINT('',#6808);
#1896=VERTEX_POINT('',#6810);
#1897=VERTEX_POINT('',#6831);
#1898=VERTEX_POINT('',#6833);
#1899=VERTEX_POINT('',#6850);
#1900=VERTEX_POINT('',#6852);
#1901=VERTEX_POINT('',#6873);
#1902=VERTEX_POINT('',#6875);
#1903=VERTEX_POINT('',#6892);
#1904=VERTEX_POINT('',#6894);
#1905=VERTEX_POINT('',#6915);
#1906=VERTEX_POINT('',#6917);
#1907=VERTEX_POINT('',#6934);
#1908=VERTEX_POINT('',#6936);
#1909=VERTEX_POINT('',#6959);
#1910=VERTEX_POINT('',#6973);
#1911=VERTEX_POINT('',#6975);
#1912=VERTEX_POINT('',#6980);
#1913=VERTEX_POINT('',#6985);
#1914=VERTEX_POINT('',#6987);
#1915=VERTEX_POINT('',#6992);
#1916=VERTEX_POINT('',#6997);
#1917=VERTEX_POINT('',#6999);
#1918=VERTEX_POINT('',#7004);
#1919=VERTEX_POINT('',#7005);
#1920=VERTEX_POINT('',#7009);
#1921=VERTEX_POINT('',#7147);
#1922=VERTEX_POINT('',#7153);
#1923=VERTEX_POINT('',#7177);
#1924=VERTEX_POINT('',#7180);
#1925=VERTEX_POINT('',#7183);
#1926=VERTEX_POINT('',#7186);
#1927=VERTEX_POINT('',#7189);
#1928=VERTEX_POINT('',#7192);
#1929=VERTEX_POINT('',#7194);
#1930=VERTEX_POINT('',#7195);
#1931=VERTEX_POINT('',#7198);
#1932=VERTEX_POINT('',#7200);
#1933=VERTEX_POINT('',#7204);
#1934=VERTEX_POINT('',#7205);
#1935=VERTEX_POINT('',#7208);
#1936=VERTEX_POINT('',#7210);
#1937=VERTEX_POINT('',#7214);
#1938=VERTEX_POINT('',#7215);
#1939=VERTEX_POINT('',#7218);
#1940=VERTEX_POINT('',#7220);
#1941=VERTEX_POINT('',#7224);
#1942=VERTEX_POINT('',#7225);
#1943=VERTEX_POINT('',#7228);
#1944=VERTEX_POINT('',#7230);
#1945=VERTEX_POINT('',#7234);
#1946=VERTEX_POINT('',#7235);
#1947=VERTEX_POINT('',#7238);
#1948=VERTEX_POINT('',#7240);
#1949=VERTEX_POINT('',#7245);
#1950=VERTEX_POINT('',#7246);
#1951=VERTEX_POINT('',#7248);
#1952=VERTEX_POINT('',#7253);
#1953=VERTEX_POINT('',#7258);
#1954=VERTEX_POINT('',#7259);
#1955=VERTEX_POINT('',#7324);
#1956=VERTEX_POINT('',#7356);
#1957=VERTEX_POINT('',#7363);
#1958=VERTEX_POINT('',#7373);
#1959=VERTEX_POINT('',#7375);
#1960=VERTEX_POINT('',#7382);
#1961=VERTEX_POINT('',#7426);
#1962=VERTEX_POINT('',#7458);
#1963=VERTEX_POINT('',#7465);
#1964=VERTEX_POINT('',#7475);
#1965=VERTEX_POINT('',#7477);
#1966=VERTEX_POINT('',#7484);
#1967=VERTEX_POINT('',#7528);
#1968=VERTEX_POINT('',#7560);
#1969=VERTEX_POINT('',#7567);
#1970=VERTEX_POINT('',#7577);
#1971=VERTEX_POINT('',#7579);
#1972=VERTEX_POINT('',#7586);
#1973=VERTEX_POINT('',#7630);
#1974=VERTEX_POINT('',#7662);
#1975=VERTEX_POINT('',#7669);
#1976=VERTEX_POINT('',#7679);
#1977=VERTEX_POINT('',#7681);
#1978=VERTEX_POINT('',#7688);
#1979=VERTEX_POINT('',#7732);
#1980=VERTEX_POINT('',#7764);
#1981=VERTEX_POINT('',#7771);
#1982=VERTEX_POINT('',#7781);
#1983=VERTEX_POINT('',#7783);
#1984=VERTEX_POINT('',#7790);
#1985=VERTEX_POINT('',#7834);
#1986=VERTEX_POINT('',#7836);
#1987=VERTEX_POINT('',#7838);
#1988=VERTEX_POINT('',#7842);
#1989=VERTEX_POINT('',#7846);
#1990=VERTEX_POINT('',#7850);
#1991=VERTEX_POINT('',#7854);
#1992=VERTEX_POINT('',#7858);
#1993=VERTEX_POINT('',#7862);
#1994=VERTEX_POINT('',#7866);
#1995=VERTEX_POINT('',#7889);
#1996=VERTEX_POINT('',#7890);
#1997=VERTEX_POINT('',#7892);
#1998=VERTEX_POINT('',#7898);
#1999=VERTEX_POINT('',#7925);
#2000=VERTEX_POINT('',#7957);
#2001=VERTEX_POINT('',#7966);
#2002=VERTEX_POINT('',#7968);
#2003=VERTEX_POINT('',#7972);
#2004=VERTEX_POINT('',#7974);
#2005=VERTEX_POINT('',#7980);
#2006=VERTEX_POINT('',#7988);
#2007=VERTEX_POINT('',#8019);
#2008=VERTEX_POINT('',#8048);
#2009=VERTEX_POINT('',#8053);
#2010=VERTEX_POINT('',#8092);
#2011=VERTEX_POINT('',#8106);
#2012=VERTEX_POINT('',#8108);
#2013=VERTEX_POINT('',#8116);
#2014=VERTEX_POINT('',#8127);
#2015=VERTEX_POINT('',#8129);
#2016=VERTEX_POINT('',#8160);
#2017=VERTEX_POINT('',#8187);
#2018=VERTEX_POINT('',#8194);
#2019=VERTEX_POINT('',#8224);
#2020=VERTEX_POINT('',#8279);
#2021=VERTEX_POINT('',#8280);
#2022=VERTEX_POINT('',#8297);
#2023=VERTEX_POINT('',#8299);
#2024=VERTEX_POINT('',#8328);
#2025=VERTEX_POINT('',#8330);
#2026=VERTEX_POINT('',#8341);
#2027=VERTEX_POINT('',#8363);
#2028=VERTEX_POINT('',#8458);
#2029=VERTEX_POINT('',#8555);
#2030=VERTEX_POINT('',#8556);
#2031=VERTEX_POINT('',#8558);
#2032=VERTEX_POINT('',#8564);
#2033=VERTEX_POINT('',#8591);
#2034=VERTEX_POINT('',#8623);
#2035=VERTEX_POINT('',#8632);
#2036=VERTEX_POINT('',#8634);
#2037=VERTEX_POINT('',#8638);
#2038=VERTEX_POINT('',#8640);
#2039=VERTEX_POINT('',#8646);
#2040=VERTEX_POINT('',#8654);
#2041=VERTEX_POINT('',#8685);
#2042=VERTEX_POINT('',#8714);
#2043=VERTEX_POINT('',#8719);
#2044=VERTEX_POINT('',#8758);
#2045=VERTEX_POINT('',#8772);
#2046=VERTEX_POINT('',#8774);
#2047=VERTEX_POINT('',#8782);
#2048=VERTEX_POINT('',#8793);
#2049=VERTEX_POINT('',#8795);
#2050=VERTEX_POINT('',#8826);
#2051=VERTEX_POINT('',#8853);
#2052=VERTEX_POINT('',#8860);
#2053=VERTEX_POINT('',#8890);
#2054=VERTEX_POINT('',#8945);
#2055=VERTEX_POINT('',#8946);
#2056=VERTEX_POINT('',#8963);
#2057=VERTEX_POINT('',#8965);
#2058=VERTEX_POINT('',#8994);
#2059=VERTEX_POINT('',#8996);
#2060=VERTEX_POINT('',#9007);
#2061=VERTEX_POINT('',#9029);
#2062=VERTEX_POINT('',#9124);
#2063=VERTEX_POINT('',#9221);
#2064=VERTEX_POINT('',#9222);
#2065=VERTEX_POINT('',#9224);
#2066=VERTEX_POINT('',#9230);
#2067=VERTEX_POINT('',#9257);
#2068=VERTEX_POINT('',#9289);
#2069=VERTEX_POINT('',#9298);
#2070=VERTEX_POINT('',#9300);
#2071=VERTEX_POINT('',#9304);
#2072=VERTEX_POINT('',#9306);
#2073=VERTEX_POINT('',#9312);
#2074=VERTEX_POINT('',#9320);
#2075=VERTEX_POINT('',#9351);
#2076=VERTEX_POINT('',#9380);
#2077=VERTEX_POINT('',#9385);
#2078=VERTEX_POINT('',#9424);
#2079=VERTEX_POINT('',#9438);
#2080=VERTEX_POINT('',#9440);
#2081=VERTEX_POINT('',#9448);
#2082=VERTEX_POINT('',#9459);
#2083=VERTEX_POINT('',#9461);
#2084=VERTEX_POINT('',#9492);
#2085=VERTEX_POINT('',#9519);
#2086=VERTEX_POINT('',#9526);
#2087=VERTEX_POINT('',#9556);
#2088=VERTEX_POINT('',#9611);
#2089=VERTEX_POINT('',#9612);
#2090=VERTEX_POINT('',#9629);
#2091=VERTEX_POINT('',#9631);
#2092=VERTEX_POINT('',#9662);
#2093=VERTEX_POINT('',#9664);
#2094=VERTEX_POINT('',#9675);
#2095=VERTEX_POINT('',#9697);
#2096=VERTEX_POINT('',#9792);
#2097=VERTEX_POINT('',#9889);
#2098=VERTEX_POINT('',#9890);
#2099=VERTEX_POINT('',#9892);
#2100=VERTEX_POINT('',#9898);
#2101=VERTEX_POINT('',#9925);
#2102=VERTEX_POINT('',#9957);
#2103=VERTEX_POINT('',#9966);
#2104=VERTEX_POINT('',#9968);
#2105=VERTEX_POINT('',#9972);
#2106=VERTEX_POINT('',#9974);
#2107=VERTEX_POINT('',#9980);
#2108=VERTEX_POINT('',#9988);
#2109=VERTEX_POINT('',#10019);
#2110=VERTEX_POINT('',#10048);
#2111=VERTEX_POINT('',#10053);
#2112=VERTEX_POINT('',#10092);
#2113=VERTEX_POINT('',#10106);
#2114=VERTEX_POINT('',#10108);
#2115=VERTEX_POINT('',#10116);
#2116=VERTEX_POINT('',#10127);
#2117=VERTEX_POINT('',#10129);
#2118=VERTEX_POINT('',#10160);
#2119=VERTEX_POINT('',#10187);
#2120=VERTEX_POINT('',#10194);
#2121=VERTEX_POINT('',#10224);
#2122=VERTEX_POINT('',#10279);
#2123=VERTEX_POINT('',#10280);
#2124=VERTEX_POINT('',#10297);
#2125=VERTEX_POINT('',#10299);
#2126=VERTEX_POINT('',#10330);
#2127=VERTEX_POINT('',#10332);
#2128=VERTEX_POINT('',#10343);
#2129=VERTEX_POINT('',#10365);
#2130=VERTEX_POINT('',#10460);
#2131=VERTEX_POINT('',#10557);
#2132=VERTEX_POINT('',#10558);
#2133=VERTEX_POINT('',#10560);
#2134=VERTEX_POINT('',#10566);
#2135=VERTEX_POINT('',#10593);
#2136=VERTEX_POINT('',#10625);
#2137=VERTEX_POINT('',#10634);
#2138=VERTEX_POINT('',#10636);
#2139=VERTEX_POINT('',#10640);
#2140=VERTEX_POINT('',#10642);
#2141=VERTEX_POINT('',#10648);
#2142=VERTEX_POINT('',#10656);
#2143=VERTEX_POINT('',#10687);
#2144=VERTEX_POINT('',#10716);
#2145=VERTEX_POINT('',#10721);
#2146=VERTEX_POINT('',#10760);
#2147=VERTEX_POINT('',#10774);
#2148=VERTEX_POINT('',#10776);
#2149=VERTEX_POINT('',#10784);
#2150=VERTEX_POINT('',#10795);
#2151=VERTEX_POINT('',#10797);
#2152=VERTEX_POINT('',#10828);
#2153=VERTEX_POINT('',#10855);
#2154=VERTEX_POINT('',#10862);
#2155=VERTEX_POINT('',#10892);
#2156=VERTEX_POINT('',#10947);
#2157=VERTEX_POINT('',#10948);
#2158=VERTEX_POINT('',#10965);
#2159=VERTEX_POINT('',#10967);
#2160=VERTEX_POINT('',#10998);
#2161=VERTEX_POINT('',#11000);
#2162=VERTEX_POINT('',#11007);
#2163=VERTEX_POINT('',#11042);
#2164=VERTEX_POINT('',#11049);
#2165=VERTEX_POINT('',#11080);
#2166=VERTEX_POINT('',#11082);
#2167=VERTEX_POINT('',#11086);
#2168=VERTEX_POINT('',#11087);
#2169=VERTEX_POINT('',#11092);
#2170=VERTEX_POINT('',#11094);
#2171=VERTEX_POINT('',#11100);
#2172=VERTEX_POINT('',#11108);
#2173=VERTEX_POINT('',#11110);
#2174=EDGE_CURVE('',#1722,#1722,#1452,.T.);
#2175=EDGE_CURVE('',#1722,#1723,#1004,.T.);
#2176=EDGE_CURVE('',#1723,#1723,#1453,.T.);
#2177=EDGE_CURVE('',#1724,#1724,#1454,.T.);
#2178=EDGE_CURVE('',#1725,#1725,#1455,.T.);
#2179=EDGE_CURVE('',#1725,#1726,#1005,.T.);
#2180=EDGE_CURVE('',#1726,#1726,#1456,.T.);
#2181=EDGE_CURVE('',#1727,#1727,#1457,.T.);
#2182=EDGE_CURVE('',#1728,#1728,#1458,.T.);
#2183=EDGE_CURVE('',#1728,#1729,#1006,.T.);
#2184=EDGE_CURVE('',#1729,#1729,#1459,.T.);
#2185=EDGE_CURVE('',#1730,#1730,#1460,.T.);
#2186=EDGE_CURVE('',#1731,#1731,#1461,.T.);
#2187=EDGE_CURVE('',#1731,#1732,#1007,.T.);
#2188=EDGE_CURVE('',#1732,#1732,#1462,.T.);
#2189=EDGE_CURVE('',#1733,#1733,#1463,.T.);
#2190=EDGE_CURVE('',#1734,#1734,#1464,.T.);
#2191=EDGE_CURVE('',#1734,#1735,#1008,.T.);
#2192=EDGE_CURVE('',#1735,#1735,#1465,.T.);
#2193=EDGE_CURVE('',#1736,#1736,#1466,.T.);
#2194=EDGE_CURVE('',#1737,#1738,#1467,.T.);
#2195=EDGE_CURVE('',#1738,#1739,#1009,.T.);
#2196=EDGE_CURVE('',#1739,#1740,#1468,.T.);
#2197=EDGE_CURVE('',#1740,#1737,#1010,.T.);
#2198=EDGE_CURVE('',#1741,#1738,#1469,.T.);
#2199=EDGE_CURVE('',#1742,#1741,#1011,.T.);
#2200=EDGE_CURVE('',#1739,#1742,#1470,.T.);
#2201=EDGE_CURVE('',#1743,#1742,#1471,.T.);
#2202=EDGE_CURVE('',#1741,#1744,#1472,.T.);
#2203=EDGE_CURVE('',#1744,#1743,#1012,.T.);
#2204=EDGE_CURVE('',#1745,#1746,#1473,.T.);
#2205=EDGE_CURVE('',#1746,#1747,#1013,.T.);
#2206=EDGE_CURVE('',#1747,#1748,#1474,.T.);
#2207=EDGE_CURVE('',#1748,#1745,#1014,.T.);
#2208=EDGE_CURVE('',#1749,#1746,#1475,.T.);
#2209=EDGE_CURVE('',#1750,#1749,#1015,.T.);
#2210=EDGE_CURVE('',#1747,#1750,#1476,.T.);
#2211=EDGE_CURVE('',#1751,#1750,#1477,.T.);
#2212=EDGE_CURVE('',#1749,#1752,#1478,.T.);
#2213=EDGE_CURVE('',#1752,#1751,#1016,.T.);
#2214=EDGE_CURVE('',#1753,#1754,#1479,.T.);
#2215=EDGE_CURVE('',#1754,#1755,#1017,.T.);
#2216=EDGE_CURVE('',#1755,#1756,#1480,.T.);
#2217=EDGE_CURVE('',#1756,#1753,#1018,.T.);
#2218=EDGE_CURVE('',#1757,#1754,#1481,.T.);
#2219=EDGE_CURVE('',#1758,#1757,#1019,.T.);
#2220=EDGE_CURVE('',#1755,#1758,#1482,.T.);
#2221=EDGE_CURVE('',#1759,#1758,#1483,.T.);
#2222=EDGE_CURVE('',#1757,#1760,#1484,.T.);
#2223=EDGE_CURVE('',#1760,#1759,#1020,.T.);
#2224=EDGE_CURVE('',#1761,#1762,#1485,.T.);
#2225=EDGE_CURVE('',#1762,#1763,#1021,.T.);
#2226=EDGE_CURVE('',#1763,#1764,#1486,.T.);
#2227=EDGE_CURVE('',#1764,#1761,#1022,.T.);
#2228=EDGE_CURVE('',#1765,#1762,#1487,.T.);
#2229=EDGE_CURVE('',#1766,#1765,#1023,.T.);
#2230=EDGE_CURVE('',#1763,#1766,#1488,.T.);
#2231=EDGE_CURVE('',#1767,#1766,#1489,.T.);
#2232=EDGE_CURVE('',#1765,#1768,#1490,.T.);
#2233=EDGE_CURVE('',#1768,#1767,#1024,.T.);
#2234=EDGE_CURVE('',#1769,#1770,#1491,.T.);
#2235=EDGE_CURVE('',#1770,#1771,#1025,.T.);
#2236=EDGE_CURVE('',#1771,#1772,#1492,.T.);
#2237=EDGE_CURVE('',#1772,#1769,#1026,.T.);
#2238=EDGE_CURVE('',#1773,#1770,#1493,.T.);
#2239=EDGE_CURVE('',#1774,#1773,#1027,.T.);
#2240=EDGE_CURVE('',#1771,#1774,#1494,.T.);
#2241=EDGE_CURVE('',#1775,#1774,#1495,.T.);
#2242=EDGE_CURVE('',#1773,#1776,#1496,.T.);
#2243=EDGE_CURVE('',#1776,#1775,#1028,.T.);
#2244=EDGE_CURVE('',#1777,#1778,#1497,.T.);
#2245=EDGE_CURVE('',#1778,#1779,#1029,.T.);
#2246=EDGE_CURVE('',#1779,#1780,#1498,.T.);
#2247=EDGE_CURVE('',#1780,#1777,#1030,.T.);
#2248=EDGE_CURVE('',#1781,#1778,#1499,.T.);
#2249=EDGE_CURVE('',#1782,#1781,#1031,.T.);
#2250=EDGE_CURVE('',#1779,#1782,#1500,.T.);
#2251=EDGE_CURVE('',#1783,#1782,#1501,.T.);
#2252=EDGE_CURVE('',#1781,#1784,#1502,.T.);
#2253=EDGE_CURVE('',#1784,#1783,#1032,.T.);
#2254=EDGE_CURVE('',#1785,#1786,#1503,.T.);
#2255=EDGE_CURVE('',#1786,#1787,#1033,.T.);
#2256=EDGE_CURVE('',#1787,#1788,#1504,.T.);
#2257=EDGE_CURVE('',#1788,#1785,#1034,.T.);
#2258=EDGE_CURVE('',#1789,#1786,#1505,.T.);
#2259=EDGE_CURVE('',#1790,#1789,#1035,.T.);
#2260=EDGE_CURVE('',#1787,#1790,#1506,.T.);
#2261=EDGE_CURVE('',#1791,#1790,#1507,.T.);
#2262=EDGE_CURVE('',#1789,#1792,#1508,.T.);
#2263=EDGE_CURVE('',#1792,#1791,#1036,.T.);
#2264=EDGE_CURVE('',#1793,#1794,#1509,.T.);
#2265=EDGE_CURVE('',#1794,#1795,#1037,.T.);
#2266=EDGE_CURVE('',#1795,#1796,#1510,.T.);
#2267=EDGE_CURVE('',#1796,#1793,#1038,.T.);
#2268=EDGE_CURVE('',#1797,#1794,#1511,.T.);
#2269=EDGE_CURVE('',#1798,#1797,#1039,.T.);
#2270=EDGE_CURVE('',#1795,#1798,#1512,.T.);
#2271=EDGE_CURVE('',#1799,#1798,#1513,.T.);
#2272=EDGE_CURVE('',#1797,#1800,#1514,.T.);
#2273=EDGE_CURVE('',#1800,#1799,#1040,.T.);
#2274=EDGE_CURVE('',#1801,#1802,#1515,.T.);
#2275=EDGE_CURVE('',#1802,#1803,#1041,.T.);
#2276=EDGE_CURVE('',#1803,#1804,#1516,.T.);
#2277=EDGE_CURVE('',#1804,#1801,#1042,.T.);
#2278=EDGE_CURVE('',#1805,#1802,#1517,.T.);
#2279=EDGE_CURVE('',#1806,#1805,#1043,.T.);
#2280=EDGE_CURVE('',#1803,#1806,#1518,.T.);
#2281=EDGE_CURVE('',#1807,#1806,#1519,.T.);
#2282=EDGE_CURVE('',#1805,#1808,#1520,.T.);
#2283=EDGE_CURVE('',#1808,#1807,#1044,.T.);
#2284=EDGE_CURVE('',#1809,#1810,#1521,.T.);
#2285=EDGE_CURVE('',#1810,#1811,#1045,.T.);
#2286=EDGE_CURVE('',#1811,#1812,#1522,.T.);
#2287=EDGE_CURVE('',#1812,#1809,#1046,.T.);
#2288=EDGE_CURVE('',#1813,#1810,#1523,.T.);
#2289=EDGE_CURVE('',#1814,#1813,#1047,.T.);
#2290=EDGE_CURVE('',#1811,#1814,#1524,.T.);
#2291=EDGE_CURVE('',#1815,#1814,#1525,.T.);
#2292=EDGE_CURVE('',#1813,#1816,#1526,.T.);
#2293=EDGE_CURVE('',#1816,#1815,#1048,.T.);
#2294=EDGE_CURVE('',#1768,#1817,#1049,.T.);
#2295=EDGE_CURVE('',#1818,#1817,#1050,.T.);
#2296=EDGE_CURVE('',#1819,#1818,#145,.T.);
#2297=EDGE_CURVE('',#1767,#1819,#1051,.T.);
#2298=EDGE_CURVE('',#1820,#1764,#1052,.T.);
#2299=EDGE_CURVE('',#1821,#1820,#146,.T.);
#2300=EDGE_CURVE('',#1822,#1821,#1053,.T.);
#2301=EDGE_CURVE('',#1822,#1761,#1054,.T.);
#2302=EDGE_CURVE('',#1800,#1823,#1055,.T.);
#2303=EDGE_CURVE('',#1824,#1823,#1056,.T.);
#2304=EDGE_CURVE('',#1825,#1824,#147,.T.);
#2305=EDGE_CURVE('',#1799,#1825,#1057,.T.);
#2306=EDGE_CURVE('',#1826,#1796,#1058,.T.);
#2307=EDGE_CURVE('',#1827,#1826,#148,.T.);
#2308=EDGE_CURVE('',#1828,#1827,#1059,.T.);
#2309=EDGE_CURVE('',#1828,#1793,#1060,.T.);
#2310=EDGE_CURVE('',#1752,#1829,#1061,.T.);
#2311=EDGE_CURVE('',#1830,#1829,#1062,.T.);
#2312=EDGE_CURVE('',#1831,#1830,#149,.T.);
#2313=EDGE_CURVE('',#1751,#1831,#1063,.T.);
#2314=EDGE_CURVE('',#1832,#1748,#1064,.T.);
#2315=EDGE_CURVE('',#1833,#1832,#150,.T.);
#2316=EDGE_CURVE('',#1834,#1833,#1065,.T.);
#2317=EDGE_CURVE('',#1834,#1745,#1066,.T.);
#2318=EDGE_CURVE('',#1740,#1835,#1067,.T.);
#2319=EDGE_CURVE('',#1836,#1835,#1068,.T.);
#2320=EDGE_CURVE('',#1837,#1836,#151,.T.);
#2321=EDGE_CURVE('',#1737,#1837,#1069,.T.);
#2322=EDGE_CURVE('',#1838,#1744,#1070,.T.);
#2323=EDGE_CURVE('',#1839,#1838,#152,.T.);
#2324=EDGE_CURVE('',#1840,#1839,#1071,.T.);
#2325=EDGE_CURVE('',#1840,#1743,#1072,.T.);
#2326=EDGE_CURVE('',#1776,#1841,#1073,.T.);
#2327=EDGE_CURVE('',#1842,#1841,#1074,.T.);
#2328=EDGE_CURVE('',#1843,#1842,#153,.T.);
#2329=EDGE_CURVE('',#1775,#1843,#1075,.T.);
#2330=EDGE_CURVE('',#1844,#1772,#1076,.T.);
#2331=EDGE_CURVE('',#1845,#1844,#154,.T.);
#2332=EDGE_CURVE('',#1846,#1845,#1077,.T.);
#2333=EDGE_CURVE('',#1846,#1769,#1078,.T.);
#2334=EDGE_CURVE('',#1756,#1847,#1079,.T.);
#2335=EDGE_CURVE('',#1848,#1847,#1080,.T.);
#2336=EDGE_CURVE('',#1849,#1848,#155,.T.);
#2337=EDGE_CURVE('',#1753,#1849,#1081,.T.);
#2338=EDGE_CURVE('',#1850,#1760,#1082,.T.);
#2339=EDGE_CURVE('',#1851,#1850,#156,.T.);
#2340=EDGE_CURVE('',#1852,#1851,#1083,.T.);
#2341=EDGE_CURVE('',#1852,#1759,#1084,.T.);
#2342=EDGE_CURVE('',#1792,#1853,#1085,.T.);
#2343=EDGE_CURVE('',#1854,#1853,#1086,.T.);
#2344=EDGE_CURVE('',#1855,#1854,#157,.T.);
#2345=EDGE_CURVE('',#1791,#1855,#1087,.T.);
#2346=EDGE_CURVE('',#1856,#1788,#1088,.T.);
#2347=EDGE_CURVE('',#1857,#1856,#158,.T.);
#2348=EDGE_CURVE('',#1858,#1857,#1089,.T.);
#2349=EDGE_CURVE('',#1858,#1785,#1090,.T.);
#2350=EDGE_CURVE('',#1780,#1859,#1091,.T.);
#2351=EDGE_CURVE('',#1860,#1859,#1092,.T.);
#2352=EDGE_CURVE('',#1861,#1860,#159,.T.);
#2353=EDGE_CURVE('',#1777,#1861,#1093,.T.);
#2354=EDGE_CURVE('',#1862,#1784,#1094,.T.);
#2355=EDGE_CURVE('',#1863,#1862,#160,.T.);
#2356=EDGE_CURVE('',#1864,#1863,#1095,.T.);
#2357=EDGE_CURVE('',#1864,#1783,#1096,.T.);
#2358=EDGE_CURVE('',#1865,#1865,#1527,.T.);
#2359=EDGE_CURVE('',#1865,#1866,#1097,.T.);
#2360=EDGE_CURVE('',#1866,#1866,#1528,.T.);
#2361=EDGE_CURVE('',#1867,#1867,#1529,.T.);
#2362=EDGE_CURVE('',#1867,#1868,#1098,.T.);
#2363=EDGE_CURVE('',#1868,#1868,#1530,.T.);
#2364=EDGE_CURVE('',#1869,#1869,#1531,.T.);
#2365=EDGE_CURVE('',#1869,#1870,#1099,.T.);
#2366=EDGE_CURVE('',#1870,#1870,#1532,.T.);
#2367=EDGE_CURVE('',#1871,#1871,#1533,.T.);
#2368=EDGE_CURVE('',#1871,#1872,#1100,.T.);
#2369=EDGE_CURVE('',#1872,#1872,#1534,.T.);
#2370=EDGE_CURVE('',#1816,#1873,#1101,.T.);
#2371=EDGE_CURVE('',#1874,#1873,#1102,.T.);
#2372=EDGE_CURVE('',#1875,#1874,#161,.T.);
#2373=EDGE_CURVE('',#1815,#1875,#1103,.T.);
#2374=EDGE_CURVE('',#1876,#1812,#1104,.T.);
#2375=EDGE_CURVE('',#1877,#1876,#162,.T.);
#2376=EDGE_CURVE('',#1878,#1877,#1105,.T.);
#2377=EDGE_CURVE('',#1878,#1809,#1106,.T.);
#2378=EDGE_CURVE('',#1804,#1879,#1107,.T.);
#2379=EDGE_CURVE('',#1880,#1879,#1108,.T.);
#2380=EDGE_CURVE('',#1881,#1880,#163,.T.);
#2381=EDGE_CURVE('',#1801,#1881,#1109,.T.);
#2382=EDGE_CURVE('',#1882,#1808,#1110,.T.);
#2383=EDGE_CURVE('',#1883,#1882,#164,.T.);
#2384=EDGE_CURVE('',#1884,#1883,#1111,.T.);
#2385=EDGE_CURVE('',#1884,#1807,#1112,.T.);
#2386=EDGE_CURVE('',#1885,#1885,#1535,.T.);
#2387=EDGE_CURVE('',#1885,#1886,#1113,.T.);
#2388=EDGE_CURVE('',#1886,#1886,#1536,.T.);
#2389=EDGE_CURVE('',#1887,#1888,#1537,.T.);
#2390=EDGE_CURVE('',#1888,#1889,#1538,.T.);
#2391=EDGE_CURVE('',#1889,#1890,#165,.T.);
#2392=EDGE_CURVE('',#1890,#1891,#1539,.T.);
#2393=EDGE_CURVE('',#1891,#1892,#166,.T.);
#2394=EDGE_CURVE('',#1892,#1893,#1540,.T.);
#2395=EDGE_CURVE('',#1893,#1894,#167,.T.);
#2396=EDGE_CURVE('',#1894,#1895,#1541,.T.);
#2397=EDGE_CURVE('',#1895,#1896,#168,.T.);
#2398=EDGE_CURVE('',#1896,#1897,#1542,.T.);
#2399=EDGE_CURVE('',#1897,#1898,#169,.T.);
#2400=EDGE_CURVE('',#1898,#1899,#1543,.T.);
#2401=EDGE_CURVE('',#1899,#1900,#170,.T.);
#2402=EDGE_CURVE('',#1900,#1901,#1544,.T.);
#2403=EDGE_CURVE('',#1901,#1902,#171,.T.);
#2404=EDGE_CURVE('',#1902,#1903,#1545,.T.);
#2405=EDGE_CURVE('',#1903,#1904,#172,.T.);
#2406=EDGE_CURVE('',#1904,#1905,#1546,.T.);
#2407=EDGE_CURVE('',#1905,#1906,#173,.T.);
#2408=EDGE_CURVE('',#1906,#1907,#1547,.T.);
#2409=EDGE_CURVE('',#1907,#1908,#174,.T.);
#2410=EDGE_CURVE('',#1908,#1909,#1548,.T.);
#2411=EDGE_CURVE('',#1909,#1889,#175,.T.);
#2412=EDGE_CURVE('',#1888,#1887,#1549,.T.);
#2413=EDGE_CURVE('',#1903,#1910,#1550,.T.);
#2414=EDGE_CURVE('',#1910,#1911,#1114,.T.);
#2415=EDGE_CURVE('',#1911,#1911,#1551,.T.);
#2416=EDGE_CURVE('',#1910,#1904,#1552,.T.);
#2417=EDGE_CURVE('',#1724,#1912,#1115,.T.);
#2418=EDGE_CURVE('',#1912,#1902,#1553,.F.);
#2419=EDGE_CURVE('',#1901,#1912,#1554,.F.);
#2420=EDGE_CURVE('',#1899,#1913,#1555,.T.);
#2421=EDGE_CURVE('',#1913,#1914,#1116,.T.);
#2422=EDGE_CURVE('',#1914,#1914,#1556,.T.);
#2423=EDGE_CURVE('',#1913,#1900,#1557,.T.);
#2424=EDGE_CURVE('',#1727,#1915,#1117,.T.);
#2425=EDGE_CURVE('',#1915,#1898,#1558,.F.);
#2426=EDGE_CURVE('',#1897,#1915,#1559,.F.);
#2427=EDGE_CURVE('',#1895,#1916,#1560,.T.);
#2428=EDGE_CURVE('',#1916,#1917,#1118,.T.);
#2429=EDGE_CURVE('',#1917,#1917,#1561,.T.);
#2430=EDGE_CURVE('',#1916,#1896,#1562,.T.);
#2431=EDGE_CURVE('',#1918,#1919,#1563,.T.);
#2432=EDGE_CURVE('',#1919,#1918,#1564,.T.);
#2433=EDGE_CURVE('',#1918,#1887,#1119,.T.);
#2434=EDGE_CURVE('',#1920,#1920,#176,.T.);
#2435=EDGE_CURVE('',#1920,#1921,#177,.T.);
#2436=EDGE_CURVE('',#1921,#1922,#178,.T.);
#2437=EDGE_CURVE('',#1922,#1921,#179,.T.);
#2438=EDGE_CURVE('',#1923,#1894,#1565,.F.);
#2439=EDGE_CURVE('',#1893,#1923,#1566,.F.);
#2440=EDGE_CURVE('',#1924,#1892,#1567,.T.);
#2441=EDGE_CURVE('',#1891,#1924,#1568,.T.);
#2442=EDGE_CURVE('',#1925,#1890,#1569,.F.);
#2443=EDGE_CURVE('',#1909,#1925,#1570,.F.);
#2444=EDGE_CURVE('',#1926,#1908,#1571,.T.);
#2445=EDGE_CURVE('',#1907,#1926,#1572,.T.);
#2446=EDGE_CURVE('',#1927,#1906,#1573,.F.);
#2447=EDGE_CURVE('',#1905,#1927,#1574,.F.);
#2448=EDGE_CURVE('',#1928,#1928,#1575,.T.);
#2449=EDGE_CURVE('',#1929,#1930,#1576,.T.);
#2450=EDGE_CURVE('',#1823,#1929,#1120,.T.);
#2451=EDGE_CURVE('',#1931,#1828,#1121,.T.);
#2452=EDGE_CURVE('',#1932,#1931,#1577,.F.);
#2453=EDGE_CURVE('',#1873,#1932,#1122,.T.);
#2454=EDGE_CURVE('',#1930,#1878,#1123,.T.);
#2455=EDGE_CURVE('',#1933,#1934,#1578,.T.);
#2456=EDGE_CURVE('',#1835,#1933,#1124,.T.);
#2457=EDGE_CURVE('',#1935,#1840,#1125,.T.);
#2458=EDGE_CURVE('',#1936,#1935,#1579,.F.);
#2459=EDGE_CURVE('',#1817,#1936,#1126,.T.);
#2460=EDGE_CURVE('',#1934,#1822,#1127,.T.);
#2461=EDGE_CURVE('',#1937,#1938,#1580,.T.);
#2462=EDGE_CURVE('',#1847,#1937,#1128,.T.);
#2463=EDGE_CURVE('',#1939,#1852,#1129,.T.);
#2464=EDGE_CURVE('',#1940,#1939,#1581,.F.);
#2465=EDGE_CURVE('',#1829,#1940,#1130,.T.);
#2466=EDGE_CURVE('',#1938,#1834,#1131,.T.);
#2467=EDGE_CURVE('',#1941,#1942,#1582,.T.);
#2468=EDGE_CURVE('',#1859,#1941,#1132,.T.);
#2469=EDGE_CURVE('',#1943,#1864,#1133,.T.);
#2470=EDGE_CURVE('',#1944,#1943,#1583,.F.);
#2471=EDGE_CURVE('',#1841,#1944,#1134,.T.);
#2472=EDGE_CURVE('',#1942,#1846,#1135,.T.);
#2473=EDGE_CURVE('',#1945,#1946,#1584,.T.);
#2474=EDGE_CURVE('',#1879,#1945,#1136,.T.);
#2475=EDGE_CURVE('',#1947,#1884,#1137,.T.);
#2476=EDGE_CURVE('',#1948,#1947,#1585,.F.);
#2477=EDGE_CURVE('',#1853,#1948,#1138,.T.);
#2478=EDGE_CURVE('',#1946,#1858,#1139,.T.);
#2479=EDGE_CURVE('',#1949,#1950,#1586,.T.);
#2480=EDGE_CURVE('',#1950,#1951,#1587,.T.);
#2481=EDGE_CURVE('',#1951,#1951,#1588,.T.);
#2482=EDGE_CURVE('',#1950,#1949,#1589,.T.);
#2483=EDGE_CURVE('',#1952,#1952,#1590,.T.);
#2484=EDGE_CURVE('',#1949,#1922,#1140,.T.);
#2485=EDGE_CURVE('',#1953,#1954,#180,.F.);
#2486=EDGE_CURVE('',#1954,#1953,#181,.F.);
#2487=EDGE_CURVE('',#1954,#1952,#1141,.T.);
#2488=EDGE_CURVE('',#1955,#1942,#1142,.T.);
#2489=EDGE_CURVE('',#1845,#1955,#182,.T.);
#2490=EDGE_CURVE('',#1844,#1956,#183,.T.);
#2491=EDGE_CURVE('',#1956,#1957,#184,.T.);
#2492=EDGE_CURVE('',#1957,#1955,#185,.T.);
#2493=EDGE_CURVE('',#1958,#1957,#1591,.T.);
#2494=EDGE_CURVE('',#1959,#1958,#186,.T.);
#2495=EDGE_CURVE('',#1941,#1959,#1143,.T.);
#2496=EDGE_CURVE('',#1960,#1956,#1592,.T.);
#2497=EDGE_CURVE('',#1958,#1960,#187,.T.);
#2498=EDGE_CURVE('',#1960,#1861,#188,.T.);
#2499=EDGE_CURVE('',#1860,#1959,#189,.T.);
#2500=EDGE_CURVE('',#1961,#1946,#1144,.T.);
#2501=EDGE_CURVE('',#1857,#1961,#190,.T.);
#2502=EDGE_CURVE('',#1856,#1962,#191,.T.);
#2503=EDGE_CURVE('',#1962,#1963,#192,.T.);
#2504=EDGE_CURVE('',#1963,#1961,#193,.T.);
#2505=EDGE_CURVE('',#1964,#1963,#1593,.T.);
#2506=EDGE_CURVE('',#1965,#1964,#194,.T.);
#2507=EDGE_CURVE('',#1945,#1965,#1145,.T.);
#2508=EDGE_CURVE('',#1966,#1962,#1594,.T.);
#2509=EDGE_CURVE('',#1964,#1966,#195,.T.);
#2510=EDGE_CURVE('',#1966,#1881,#196,.T.);
#2511=EDGE_CURVE('',#1880,#1965,#197,.T.);
#2512=EDGE_CURVE('',#1967,#1930,#1146,.T.);
#2513=EDGE_CURVE('',#1877,#1967,#198,.T.);
#2514=EDGE_CURVE('',#1876,#1968,#199,.T.);
#2515=EDGE_CURVE('',#1968,#1969,#200,.T.);
#2516=EDGE_CURVE('',#1969,#1967,#201,.T.);
#2517=EDGE_CURVE('',#1970,#1969,#1595,.T.);
#2518=EDGE_CURVE('',#1971,#1970,#202,.T.);
#2519=EDGE_CURVE('',#1929,#1971,#1147,.T.);
#2520=EDGE_CURVE('',#1972,#1968,#1596,.T.);
#2521=EDGE_CURVE('',#1970,#1972,#203,.T.);
#2522=EDGE_CURVE('',#1972,#1825,#204,.T.);
#2523=EDGE_CURVE('',#1824,#1971,#205,.T.);
#2524=EDGE_CURVE('',#1973,#1934,#1148,.T.);
#2525=EDGE_CURVE('',#1821,#1973,#206,.T.);
#2526=EDGE_CURVE('',#1820,#1974,#207,.T.);
#2527=EDGE_CURVE('',#1974,#1975,#208,.T.);
#2528=EDGE_CURVE('',#1975,#1973,#209,.T.);
#2529=EDGE_CURVE('',#1976,#1975,#1597,.T.);
#2530=EDGE_CURVE('',#1977,#1976,#210,.T.);
#2531=EDGE_CURVE('',#1933,#1977,#1149,.T.);
#2532=EDGE_CURVE('',#1978,#1974,#1598,.T.);
#2533=EDGE_CURVE('',#1976,#1978,#211,.T.);
#2534=EDGE_CURVE('',#1978,#1837,#212,.T.);
#2535=EDGE_CURVE('',#1836,#1977,#213,.T.);
#2536=EDGE_CURVE('',#1979,#1938,#1150,.T.);
#2537=EDGE_CURVE('',#1833,#1979,#214,.T.);
#2538=EDGE_CURVE('',#1832,#1980,#215,.T.);
#2539=EDGE_CURVE('',#1980,#1981,#216,.T.);
#2540=EDGE_CURVE('',#1981,#1979,#217,.T.);
#2541=EDGE_CURVE('',#1982,#1981,#1599,.T.);
#2542=EDGE_CURVE('',#1983,#1982,#218,.T.);
#2543=EDGE_CURVE('',#1937,#1983,#1151,.T.);
#2544=EDGE_CURVE('',#1984,#1980,#1600,.T.);
#2545=EDGE_CURVE('',#1982,#1984,#219,.T.);
#2546=EDGE_CURVE('',#1984,#1849,#220,.T.);
#2547=EDGE_CURVE('',#1848,#1983,#221,.T.);
#2548=EDGE_CURVE('',#1985,#1985,#1601,.T.);
#2549=EDGE_CURVE('',#1985,#1986,#1152,.T.);
#2550=EDGE_CURVE('',#1987,#1986,#1602,.T.);
#2551=EDGE_CURVE('',#1986,#1987,#1603,.T.);
#2552=EDGE_CURVE('',#1988,#1988,#1604,.T.);
#2553=EDGE_CURVE('',#1988,#1911,#1153,.T.);
#2554=EDGE_CURVE('',#1989,#1989,#1605,.T.);
#2555=EDGE_CURVE('',#1989,#1914,#1154,.T.);
#2556=EDGE_CURVE('',#1990,#1990,#1606,.T.);
#2557=EDGE_CURVE('',#1990,#1917,#1155,.T.);
#2558=EDGE_CURVE('',#1924,#1991,#1156,.T.);
#2559=EDGE_CURVE('',#1991,#1991,#1607,.T.);
#2560=EDGE_CURVE('',#1992,#1992,#1608,.T.);
#2561=EDGE_CURVE('',#1992,#1991,#1157,.T.);
#2562=EDGE_CURVE('',#1926,#1993,#1158,.T.);
#2563=EDGE_CURVE('',#1993,#1993,#1609,.T.);
#2564=EDGE_CURVE('',#1994,#1994,#1610,.T.);
#2565=EDGE_CURVE('',#1994,#1993,#1159,.T.);
#2566=EDGE_CURVE('',#1995,#1996,#1611,.T.);
#2567=EDGE_CURVE('',#1996,#1997,#222,.T.);
#2568=EDGE_CURVE('',#1997,#1998,#1612,.T.);
#2569=EDGE_CURVE('',#1995,#1998,#1613,.T.);
#2570=EDGE_CURVE('',#1999,#1995,#1614,.T.);
#2571=EDGE_CURVE('',#1999,#1996,#223,.T.);
#2572=EDGE_CURVE('',#1997,#2000,#224,.T.);
#2573=EDGE_CURVE('',#1998,#2000,#1615,.T.);
#2574=EDGE_CURVE('',#1997,#2001,#1160,.T.);
#2575=EDGE_CURVE('',#2002,#2001,#1616,.T.);
#2576=EDGE_CURVE('',#2002,#2000,#1161,.T.);
#2577=EDGE_CURVE('',#2003,#1996,#1162,.T.);
#2578=EDGE_CURVE('',#2004,#2003,#225,.T.);
#2579=EDGE_CURVE('',#2005,#2004,#1617,.T.);
#2580=EDGE_CURVE('',#2001,#2005,#226,.T.);
#2581=EDGE_CURVE('',#1932,#2006,#1163,.T.);
#2582=EDGE_CURVE('',#2006,#1874,#1164,.T.);
#2583=EDGE_CURVE('',#2007,#1875,#1165,.T.);
#2584=EDGE_CURVE('',#2006,#2007,#227,.T.);
#2585=EDGE_CURVE('',#2008,#1875,#228,.T.);
#2586=EDGE_CURVE('',#2007,#2009,#229,.T.);
#2587=EDGE_CURVE('',#2009,#2008,#1166,.T.);
#2588=EDGE_CURVE('',#2010,#2008,#230,.T.);
#2589=EDGE_CURVE('',#2009,#2010,#231,.T.);
#2590=EDGE_CURVE('',#2009,#2011,#1618,.T.);
#2591=EDGE_CURVE('',#2012,#2011,#232,.T.);
#2592=EDGE_CURVE('',#2010,#2012,#1619,.T.);
#2593=EDGE_CURVE('',#2002,#2006,#1620,.T.);
#2594=EDGE_CURVE('',#2013,#2002,#233,.T.);
#2595=EDGE_CURVE('',#2011,#2013,#234,.T.);
#2596=EDGE_CURVE('',#2014,#1931,#1167,.T.);
#2597=EDGE_CURVE('',#2014,#2015,#1621,.T.);
#2598=EDGE_CURVE('',#1999,#2015,#1168,.T.);
#2599=EDGE_CURVE('',#1826,#2016,#1169,.T.);
#2600=EDGE_CURVE('',#2016,#2014,#235,.T.);
#2601=EDGE_CURVE('',#2014,#1827,#1170,.T.);
#2602=EDGE_CURVE('',#1826,#2017,#236,.T.);
#2603=EDGE_CURVE('',#2017,#2018,#1171,.T.);
#2604=EDGE_CURVE('',#2018,#2016,#237,.T.);
#2605=EDGE_CURVE('',#2017,#2019,#238,.T.);
#2606=EDGE_CURVE('',#2019,#2018,#239,.T.);
#2607=EDGE_CURVE('',#2020,#2021,#240,.F.);
#2608=EDGE_CURVE('',#2022,#2020,#1622,.T.);
#2609=EDGE_CURVE('',#2022,#2023,#241,.T.);
#2610=EDGE_CURVE('',#2023,#2021,#242,.T.);
#2611=EDGE_CURVE('',#2024,#2018,#1623,.T.);
#2612=EDGE_CURVE('',#2025,#2024,#243,.T.);
#2613=EDGE_CURVE('',#2015,#2025,#244,.T.);
#2614=EDGE_CURVE('',#2026,#2019,#1624,.T.);
#2615=EDGE_CURVE('',#2024,#2026,#245,.T.);
#2616=EDGE_CURVE('',#2026,#2027,#246,.T.);
#2617=EDGE_CURVE('',#2024,#2027,#1625,.T.);
#2618=EDGE_CURVE('',#2027,#2004,#247,.T.);
#2619=EDGE_CURVE('',#2025,#2004,#1626,.T.);
#2620=EDGE_CURVE('',#2003,#2015,#1627,.T.);
#2621=EDGE_CURVE('',#2028,#2012,#248,.T.);
#2622=EDGE_CURVE('',#2028,#2011,#1628,.T.);
#2623=EDGE_CURVE('',#2005,#2028,#249,.T.);
#2624=EDGE_CURVE('',#2005,#2013,#1629,.T.);
#2625=EDGE_CURVE('',#2029,#2030,#1630,.T.);
#2626=EDGE_CURVE('',#2030,#2031,#250,.T.);
#2627=EDGE_CURVE('',#2031,#2032,#1631,.T.);
#2628=EDGE_CURVE('',#2029,#2032,#1632,.T.);
#2629=EDGE_CURVE('',#2033,#2029,#1633,.T.);
#2630=EDGE_CURVE('',#2033,#2030,#251,.T.);
#2631=EDGE_CURVE('',#2031,#2034,#252,.T.);
#2632=EDGE_CURVE('',#2032,#2034,#1634,.T.);
#2633=EDGE_CURVE('',#2031,#2035,#1172,.T.);
#2634=EDGE_CURVE('',#2036,#2035,#1635,.T.);
#2635=EDGE_CURVE('',#2036,#2034,#1173,.T.);
#2636=EDGE_CURVE('',#2037,#2030,#1174,.T.);
#2637=EDGE_CURVE('',#2038,#2037,#253,.T.);
#2638=EDGE_CURVE('',#2039,#2038,#1636,.T.);
#2639=EDGE_CURVE('',#2035,#2039,#254,.T.);
#2640=EDGE_CURVE('',#1936,#2040,#1175,.T.);
#2641=EDGE_CURVE('',#2040,#1818,#1176,.T.);
#2642=EDGE_CURVE('',#2041,#1819,#1177,.T.);
#2643=EDGE_CURVE('',#2040,#2041,#255,.T.);
#2644=EDGE_CURVE('',#2042,#1819,#256,.T.);
#2645=EDGE_CURVE('',#2041,#2043,#257,.T.);
#2646=EDGE_CURVE('',#2043,#2042,#1178,.T.);
#2647=EDGE_CURVE('',#2044,#2042,#258,.T.);
#2648=EDGE_CURVE('',#2043,#2044,#259,.T.);
#2649=EDGE_CURVE('',#2043,#2045,#1637,.T.);
#2650=EDGE_CURVE('',#2046,#2045,#260,.T.);
#2651=EDGE_CURVE('',#2044,#2046,#1638,.T.);
#2652=EDGE_CURVE('',#2036,#2040,#1639,.T.);
#2653=EDGE_CURVE('',#2047,#2036,#261,.T.);
#2654=EDGE_CURVE('',#2045,#2047,#262,.T.);
#2655=EDGE_CURVE('',#2048,#1935,#1179,.T.);
#2656=EDGE_CURVE('',#2048,#2049,#1640,.T.);
#2657=EDGE_CURVE('',#2033,#2049,#1180,.T.);
#2658=EDGE_CURVE('',#1838,#2050,#1181,.T.);
#2659=EDGE_CURVE('',#2050,#2048,#263,.T.);
#2660=EDGE_CURVE('',#2048,#1839,#1182,.T.);
#2661=EDGE_CURVE('',#1838,#2051,#264,.T.);
#2662=EDGE_CURVE('',#2051,#2052,#1183,.T.);
#2663=EDGE_CURVE('',#2052,#2050,#265,.T.);
#2664=EDGE_CURVE('',#2051,#2053,#266,.T.);
#2665=EDGE_CURVE('',#2053,#2052,#267,.T.);
#2666=EDGE_CURVE('',#2054,#2055,#268,.F.);
#2667=EDGE_CURVE('',#2056,#2054,#1641,.T.);
#2668=EDGE_CURVE('',#2056,#2057,#269,.T.);
#2669=EDGE_CURVE('',#2057,#2055,#270,.T.);
#2670=EDGE_CURVE('',#2058,#2052,#1642,.T.);
#2671=EDGE_CURVE('',#2059,#2058,#271,.T.);
#2672=EDGE_CURVE('',#2049,#2059,#272,.T.);
#2673=EDGE_CURVE('',#2060,#2053,#1643,.T.);
#2674=EDGE_CURVE('',#2058,#2060,#273,.T.);
#2675=EDGE_CURVE('',#2060,#2061,#274,.T.);
#2676=EDGE_CURVE('',#2058,#2061,#1644,.T.);
#2677=EDGE_CURVE('',#2061,#2038,#275,.T.);
#2678=EDGE_CURVE('',#2059,#2038,#1645,.T.);
#2679=EDGE_CURVE('',#2037,#2049,#1646,.T.);
#2680=EDGE_CURVE('',#2062,#2046,#276,.T.);
#2681=EDGE_CURVE('',#2062,#2045,#1647,.T.);
#2682=EDGE_CURVE('',#2039,#2062,#277,.T.);
#2683=EDGE_CURVE('',#2039,#2047,#1648,.T.);
#2684=EDGE_CURVE('',#2063,#2064,#1649,.T.);
#2685=EDGE_CURVE('',#2064,#2065,#278,.T.);
#2686=EDGE_CURVE('',#2065,#2066,#1650,.T.);
#2687=EDGE_CURVE('',#2063,#2066,#1651,.T.);
#2688=EDGE_CURVE('',#2067,#2063,#1652,.T.);
#2689=EDGE_CURVE('',#2067,#2064,#279,.T.);
#2690=EDGE_CURVE('',#2065,#2068,#280,.T.);
#2691=EDGE_CURVE('',#2066,#2068,#1653,.T.);
#2692=EDGE_CURVE('',#2065,#2069,#1184,.T.);
#2693=EDGE_CURVE('',#2070,#2069,#1654,.T.);
#2694=EDGE_CURVE('',#2070,#2068,#1185,.T.);
#2695=EDGE_CURVE('',#2071,#2064,#1186,.T.);
#2696=EDGE_CURVE('',#2072,#2071,#281,.T.);
#2697=EDGE_CURVE('',#2073,#2072,#1655,.T.);
#2698=EDGE_CURVE('',#2069,#2073,#282,.T.);
#2699=EDGE_CURVE('',#1940,#2074,#1187,.T.);
#2700=EDGE_CURVE('',#2074,#1830,#1188,.T.);
#2701=EDGE_CURVE('',#2075,#1831,#1189,.T.);
#2702=EDGE_CURVE('',#2074,#2075,#283,.T.);
#2703=EDGE_CURVE('',#2076,#1831,#284,.T.);
#2704=EDGE_CURVE('',#2075,#2077,#285,.T.);
#2705=EDGE_CURVE('',#2077,#2076,#1190,.T.);
#2706=EDGE_CURVE('',#2078,#2076,#286,.T.);
#2707=EDGE_CURVE('',#2077,#2078,#287,.T.);
#2708=EDGE_CURVE('',#2077,#2079,#1656,.T.);
#2709=EDGE_CURVE('',#2080,#2079,#288,.T.);
#2710=EDGE_CURVE('',#2078,#2080,#1657,.T.);
#2711=EDGE_CURVE('',#2070,#2074,#1658,.T.);
#2712=EDGE_CURVE('',#2081,#2070,#289,.T.);
#2713=EDGE_CURVE('',#2079,#2081,#290,.T.);
#2714=EDGE_CURVE('',#2082,#1939,#1191,.T.);
#2715=EDGE_CURVE('',#2082,#2083,#1659,.T.);
#2716=EDGE_CURVE('',#2067,#2083,#1192,.T.);
#2717=EDGE_CURVE('',#1850,#2084,#1193,.T.);
#2718=EDGE_CURVE('',#2084,#2082,#291,.T.);
#2719=EDGE_CURVE('',#2082,#1851,#1194,.T.);
#2720=EDGE_CURVE('',#1850,#2085,#292,.T.);
#2721=EDGE_CURVE('',#2085,#2086,#1195,.T.);
#2722=EDGE_CURVE('',#2086,#2084,#293,.T.);
#2723=EDGE_CURVE('',#2085,#2087,#294,.T.);
#2724=EDGE_CURVE('',#2087,#2086,#295,.T.);
#2725=EDGE_CURVE('',#2088,#2089,#296,.F.);
#2726=EDGE_CURVE('',#2090,#2088,#1660,.T.);
#2727=EDGE_CURVE('',#2090,#2091,#297,.T.);
#2728=EDGE_CURVE('',#2091,#2089,#298,.T.);
#2729=EDGE_CURVE('',#1730,#1923,#1196,.T.);
#2730=EDGE_CURVE('',#2092,#2086,#1661,.T.);
#2731=EDGE_CURVE('',#2093,#2092,#299,.T.);
#2732=EDGE_CURVE('',#2083,#2093,#300,.T.);
#2733=EDGE_CURVE('',#2094,#2087,#1662,.T.);
#2734=EDGE_CURVE('',#2092,#2094,#301,.T.);
#2735=EDGE_CURVE('',#2094,#2095,#302,.T.);
#2736=EDGE_CURVE('',#2092,#2095,#1663,.T.);
#2737=EDGE_CURVE('',#2095,#2072,#303,.T.);
#2738=EDGE_CURVE('',#2093,#2072,#1664,.T.);
#2739=EDGE_CURVE('',#2071,#2083,#1665,.T.);
#2740=EDGE_CURVE('',#2096,#2080,#304,.T.);
#2741=EDGE_CURVE('',#2096,#2079,#1666,.T.);
#2742=EDGE_CURVE('',#2073,#2096,#305,.T.);
#2743=EDGE_CURVE('',#2073,#2081,#1667,.T.);
#2744=EDGE_CURVE('',#2097,#2098,#1668,.T.);
#2745=EDGE_CURVE('',#2098,#2099,#306,.T.);
#2746=EDGE_CURVE('',#2099,#2100,#1669,.T.);
#2747=EDGE_CURVE('',#2097,#2100,#1670,.T.);
#2748=EDGE_CURVE('',#2101,#2097,#1671,.T.);
#2749=EDGE_CURVE('',#2101,#2098,#307,.T.);
#2750=EDGE_CURVE('',#2099,#2102,#308,.T.);
#2751=EDGE_CURVE('',#2100,#2102,#1672,.T.);
#2752=EDGE_CURVE('',#2099,#2103,#1197,.T.);
#2753=EDGE_CURVE('',#2104,#2103,#1673,.T.);
#2754=EDGE_CURVE('',#2104,#2102,#1198,.T.);
#2755=EDGE_CURVE('',#2105,#2098,#1199,.T.);
#2756=EDGE_CURVE('',#2106,#2105,#309,.T.);
#2757=EDGE_CURVE('',#2107,#2106,#1674,.T.);
#2758=EDGE_CURVE('',#2103,#2107,#310,.T.);
#2759=EDGE_CURVE('',#1944,#2108,#1200,.T.);
#2760=EDGE_CURVE('',#2108,#1842,#1201,.T.);
#2761=EDGE_CURVE('',#2109,#1843,#1202,.T.);
#2762=EDGE_CURVE('',#2108,#2109,#311,.T.);
#2763=EDGE_CURVE('',#2110,#1843,#312,.T.);
#2764=EDGE_CURVE('',#2109,#2111,#313,.T.);
#2765=EDGE_CURVE('',#2111,#2110,#1203,.T.);
#2766=EDGE_CURVE('',#2112,#2110,#314,.T.);
#2767=EDGE_CURVE('',#2111,#2112,#315,.T.);
#2768=EDGE_CURVE('',#2111,#2113,#1675,.T.);
#2769=EDGE_CURVE('',#2114,#2113,#316,.T.);
#2770=EDGE_CURVE('',#2112,#2114,#1676,.T.);
#2771=EDGE_CURVE('',#2104,#2108,#1677,.T.);
#2772=EDGE_CURVE('',#2115,#2104,#317,.T.);
#2773=EDGE_CURVE('',#2113,#2115,#318,.T.);
#2774=EDGE_CURVE('',#2116,#1943,#1204,.T.);
#2775=EDGE_CURVE('',#2116,#2117,#1678,.T.);
#2776=EDGE_CURVE('',#2101,#2117,#1205,.T.);
#2777=EDGE_CURVE('',#1862,#2118,#1206,.T.);
#2778=EDGE_CURVE('',#2118,#2116,#319,.T.);
#2779=EDGE_CURVE('',#2116,#1863,#1207,.T.);
#2780=EDGE_CURVE('',#1862,#2119,#320,.T.);
#2781=EDGE_CURVE('',#2119,#2120,#1208,.T.);
#2782=EDGE_CURVE('',#2120,#2118,#321,.T.);
#2783=EDGE_CURVE('',#2119,#2121,#322,.T.);
#2784=EDGE_CURVE('',#2121,#2120,#323,.T.);
#2785=EDGE_CURVE('',#2122,#2123,#324,.F.);
#2786=EDGE_CURVE('',#2124,#2122,#1679,.T.);
#2787=EDGE_CURVE('',#2124,#2125,#325,.T.);
#2788=EDGE_CURVE('',#2125,#2123,#326,.T.);
#2789=EDGE_CURVE('',#1733,#1925,#1209,.T.);
#2790=EDGE_CURVE('',#2126,#2120,#1680,.T.);
#2791=EDGE_CURVE('',#2127,#2126,#327,.T.);
#2792=EDGE_CURVE('',#2117,#2127,#328,.T.);
#2793=EDGE_CURVE('',#2128,#2121,#1681,.T.);
#2794=EDGE_CURVE('',#2126,#2128,#329,.T.);
#2795=EDGE_CURVE('',#2128,#2129,#330,.T.);
#2796=EDGE_CURVE('',#2126,#2129,#1682,.T.);
#2797=EDGE_CURVE('',#2129,#2106,#331,.T.);
#2798=EDGE_CURVE('',#2127,#2106,#1683,.T.);
#2799=EDGE_CURVE('',#2105,#2117,#1684,.T.);
#2800=EDGE_CURVE('',#2130,#2114,#332,.T.);
#2801=EDGE_CURVE('',#2130,#2113,#1685,.T.);
#2802=EDGE_CURVE('',#2107,#2130,#333,.T.);
#2803=EDGE_CURVE('',#2107,#2115,#1686,.T.);
#2804=EDGE_CURVE('',#2131,#2132,#1687,.T.);
#2805=EDGE_CURVE('',#2132,#2133,#334,.T.);
#2806=EDGE_CURVE('',#2133,#2134,#1688,.T.);
#2807=EDGE_CURVE('',#2131,#2134,#1689,.T.);
#2808=EDGE_CURVE('',#2135,#2131,#1690,.T.);
#2809=EDGE_CURVE('',#2135,#2132,#335,.T.);
#2810=EDGE_CURVE('',#2133,#2136,#336,.T.);
#2811=EDGE_CURVE('',#2134,#2136,#1691,.T.);
#2812=EDGE_CURVE('',#2133,#2137,#1210,.T.);
#2813=EDGE_CURVE('',#2138,#2137,#1692,.T.);
#2814=EDGE_CURVE('',#2138,#2136,#1211,.T.);
#2815=EDGE_CURVE('',#2139,#2132,#1212,.T.);
#2816=EDGE_CURVE('',#2140,#2139,#337,.T.);
#2817=EDGE_CURVE('',#2141,#2140,#1693,.T.);
#2818=EDGE_CURVE('',#2137,#2141,#338,.T.);
#2819=EDGE_CURVE('',#1948,#2142,#1213,.T.);
#2820=EDGE_CURVE('',#2142,#1854,#1214,.T.);
#2821=EDGE_CURVE('',#2143,#1855,#1215,.T.);
#2822=EDGE_CURVE('',#2142,#2143,#339,.T.);
#2823=EDGE_CURVE('',#2144,#1855,#340,.T.);
#2824=EDGE_CURVE('',#2143,#2145,#341,.T.);
#2825=EDGE_CURVE('',#2145,#2144,#1216,.T.);
#2826=EDGE_CURVE('',#2146,#2144,#342,.T.);
#2827=EDGE_CURVE('',#2145,#2146,#343,.T.);
#2828=EDGE_CURVE('',#2145,#2147,#1694,.T.);
#2829=EDGE_CURVE('',#2148,#2147,#344,.T.);
#2830=EDGE_CURVE('',#2146,#2148,#1695,.T.);
#2831=EDGE_CURVE('',#2138,#2142,#1696,.T.);
#2832=EDGE_CURVE('',#2149,#2138,#345,.T.);
#2833=EDGE_CURVE('',#2147,#2149,#346,.T.);
#2834=EDGE_CURVE('',#2150,#1947,#1217,.T.);
#2835=EDGE_CURVE('',#2150,#2151,#1697,.T.);
#2836=EDGE_CURVE('',#2135,#2151,#1218,.T.);
#2837=EDGE_CURVE('',#1882,#2152,#1219,.T.);
#2838=EDGE_CURVE('',#2152,#2150,#347,.T.);
#2839=EDGE_CURVE('',#2150,#1883,#1220,.T.);
#2840=EDGE_CURVE('',#1882,#2153,#348,.T.);
#2841=EDGE_CURVE('',#2153,#2154,#1221,.T.);
#2842=EDGE_CURVE('',#2154,#2152,#349,.T.);
#2843=EDGE_CURVE('',#2153,#2155,#350,.T.);
#2844=EDGE_CURVE('',#2155,#2154,#351,.T.);
#2845=EDGE_CURVE('',#2156,#2157,#352,.F.);
#2846=EDGE_CURVE('',#2158,#2156,#1698,.T.);
#2847=EDGE_CURVE('',#2158,#2159,#353,.T.);
#2848=EDGE_CURVE('',#2159,#2157,#354,.T.);
#2849=EDGE_CURVE('',#2021,#2159,#1699,.T.);
#2850=EDGE_CURVE('',#2055,#2023,#1700,.T.);
#2851=EDGE_CURVE('',#2160,#2057,#1701,.T.);
#2852=EDGE_CURVE('',#2160,#2161,#1222,.T.);
#2853=EDGE_CURVE('',#2161,#2161,#1702,.T.);
#2854=EDGE_CURVE('',#2089,#2160,#1703,.T.);
#2855=EDGE_CURVE('',#2123,#2091,#1704,.T.);
#2856=EDGE_CURVE('',#2157,#2125,#1705,.T.);
#2857=EDGE_CURVE('',#2162,#2148,#355,.T.);
#2858=EDGE_CURVE('',#2141,#2162,#356,.T.);
#2859=EDGE_CURVE('',#2163,#2140,#357,.T.);
#2860=EDGE_CURVE('',#2164,#2163,#358,.T.);
#2861=EDGE_CURVE('',#2164,#2155,#1706,.T.);
#2862=EDGE_CURVE('',#1919,#2165,#1707,.T.);
#2863=EDGE_CURVE('',#2165,#2166,#1708,.T.);
#2864=EDGE_CURVE('',#2166,#2165,#1709,.T.);
#2865=EDGE_CURVE('',#2167,#2168,#1710,.T.);
#2866=EDGE_CURVE('',#2168,#2166,#1223,.T.);
#2867=EDGE_CURVE('',#2168,#2167,#1711,.T.);
#2868=EDGE_CURVE('',#2167,#2169,#1712,.T.);
#2869=EDGE_CURVE('',#2170,#2169,#1713,.T.);
#2870=EDGE_CURVE('',#2169,#2170,#1714,.T.);
#2871=EDGE_CURVE('',#2161,#2170,#1224,.T.);
#2872=EDGE_CURVE('',#2171,#2171,#1715,.T.);
#2873=EDGE_CURVE('',#2171,#1987,#1225,.T.);
#2874=EDGE_CURVE('',#1928,#2171,#1226,.T.);
#2875=EDGE_CURVE('',#1736,#1927,#1227,.T.);
#2876=EDGE_CURVE('',#2172,#2154,#1716,.T.);
#2877=EDGE_CURVE('',#2173,#2172,#359,.T.);
#2878=EDGE_CURVE('',#2151,#2173,#360,.T.);
#2879=EDGE_CURVE('',#2172,#2164,#361,.T.);
#2880=EDGE_CURVE('',#2172,#2163,#1717,.T.);
#2881=EDGE_CURVE('',#2173,#2140,#1718,.T.);
#2882=EDGE_CURVE('',#2139,#2151,#1719,.T.);
#2883=EDGE_CURVE('',#2162,#2147,#1720,.T.);
#2884=EDGE_CURVE('',#2141,#2149,#1721,.T.);
#2885=ORIENTED_EDGE('',*,*,#2174,.F.);
#2886=ORIENTED_EDGE('',*,*,#2175,.T.);
#2887=ORIENTED_EDGE('',*,*,#2176,.T.);
#2888=ORIENTED_EDGE('',*,*,#2175,.F.);
#2889=ORIENTED_EDGE('',*,*,#2176,.F.);
#2890=ORIENTED_EDGE('',*,*,#2177,.F.);
#2891=ORIENTED_EDGE('',*,*,#2178,.F.);
#2892=ORIENTED_EDGE('',*,*,#2179,.T.);
#2893=ORIENTED_EDGE('',*,*,#2180,.T.);
#2894=ORIENTED_EDGE('',*,*,#2179,.F.);
#2895=ORIENTED_EDGE('',*,*,#2180,.F.);
#2896=ORIENTED_EDGE('',*,*,#2181,.F.);
#2897=ORIENTED_EDGE('',*,*,#2182,.F.);
#2898=ORIENTED_EDGE('',*,*,#2183,.T.);
#2899=ORIENTED_EDGE('',*,*,#2184,.T.);
#2900=ORIENTED_EDGE('',*,*,#2183,.F.);
#2901=ORIENTED_EDGE('',*,*,#2184,.F.);
#2902=ORIENTED_EDGE('',*,*,#2185,.F.);
#2903=ORIENTED_EDGE('',*,*,#2186,.F.);
#2904=ORIENTED_EDGE('',*,*,#2187,.T.);
#2905=ORIENTED_EDGE('',*,*,#2188,.T.);
#2906=ORIENTED_EDGE('',*,*,#2187,.F.);
#2907=ORIENTED_EDGE('',*,*,#2188,.F.);
#2908=ORIENTED_EDGE('',*,*,#2189,.F.);
#2909=ORIENTED_EDGE('',*,*,#2190,.F.);
#2910=ORIENTED_EDGE('',*,*,#2191,.T.);
#2911=ORIENTED_EDGE('',*,*,#2192,.T.);
#2912=ORIENTED_EDGE('',*,*,#2191,.F.);
#2913=ORIENTED_EDGE('',*,*,#2192,.F.);
#2914=ORIENTED_EDGE('',*,*,#2193,.F.);
#2915=ORIENTED_EDGE('',*,*,#2194,.T.);
#2916=ORIENTED_EDGE('',*,*,#2195,.T.);
#2917=ORIENTED_EDGE('',*,*,#2196,.T.);
#2918=ORIENTED_EDGE('',*,*,#2197,.T.);
#2919=ORIENTED_EDGE('',*,*,#2195,.F.);
#2920=ORIENTED_EDGE('',*,*,#2198,.F.);
#2921=ORIENTED_EDGE('',*,*,#2199,.F.);
#2922=ORIENTED_EDGE('',*,*,#2200,.F.);
#2923=ORIENTED_EDGE('',*,*,#2201,.T.);
#2924=ORIENTED_EDGE('',*,*,#2199,.T.);
#2925=ORIENTED_EDGE('',*,*,#2202,.T.);
#2926=ORIENTED_EDGE('',*,*,#2203,.T.);
#2927=ORIENTED_EDGE('',*,*,#2204,.T.);
#2928=ORIENTED_EDGE('',*,*,#2205,.T.);
#2929=ORIENTED_EDGE('',*,*,#2206,.T.);
#2930=ORIENTED_EDGE('',*,*,#2207,.T.);
#2931=ORIENTED_EDGE('',*,*,#2205,.F.);
#2932=ORIENTED_EDGE('',*,*,#2208,.F.);
#2933=ORIENTED_EDGE('',*,*,#2209,.F.);
#2934=ORIENTED_EDGE('',*,*,#2210,.F.);
#2935=ORIENTED_EDGE('',*,*,#2211,.T.);
#2936=ORIENTED_EDGE('',*,*,#2209,.T.);
#2937=ORIENTED_EDGE('',*,*,#2212,.T.);
#2938=ORIENTED_EDGE('',*,*,#2213,.T.);
#2939=ORIENTED_EDGE('',*,*,#2214,.T.);
#2940=ORIENTED_EDGE('',*,*,#2215,.T.);
#2941=ORIENTED_EDGE('',*,*,#2216,.T.);
#2942=ORIENTED_EDGE('',*,*,#2217,.T.);
#2943=ORIENTED_EDGE('',*,*,#2215,.F.);
#2944=ORIENTED_EDGE('',*,*,#2218,.F.);
#2945=ORIENTED_EDGE('',*,*,#2219,.F.);
#2946=ORIENTED_EDGE('',*,*,#2220,.F.);
#2947=ORIENTED_EDGE('',*,*,#2221,.T.);
#2948=ORIENTED_EDGE('',*,*,#2219,.T.);
#2949=ORIENTED_EDGE('',*,*,#2222,.T.);
#2950=ORIENTED_EDGE('',*,*,#2223,.T.);
#2951=ORIENTED_EDGE('',*,*,#2224,.T.);
#2952=ORIENTED_EDGE('',*,*,#2225,.T.);
#2953=ORIENTED_EDGE('',*,*,#2226,.T.);
#2954=ORIENTED_EDGE('',*,*,#2227,.T.);
#2955=ORIENTED_EDGE('',*,*,#2225,.F.);
#2956=ORIENTED_EDGE('',*,*,#2228,.F.);
#2957=ORIENTED_EDGE('',*,*,#2229,.F.);
#2958=ORIENTED_EDGE('',*,*,#2230,.F.);
#2959=ORIENTED_EDGE('',*,*,#2231,.T.);
#2960=ORIENTED_EDGE('',*,*,#2229,.T.);
#2961=ORIENTED_EDGE('',*,*,#2232,.T.);
#2962=ORIENTED_EDGE('',*,*,#2233,.T.);
#2963=ORIENTED_EDGE('',*,*,#2234,.T.);
#2964=ORIENTED_EDGE('',*,*,#2235,.T.);
#2965=ORIENTED_EDGE('',*,*,#2236,.T.);
#2966=ORIENTED_EDGE('',*,*,#2237,.T.);
#2967=ORIENTED_EDGE('',*,*,#2235,.F.);
#2968=ORIENTED_EDGE('',*,*,#2238,.F.);
#2969=ORIENTED_EDGE('',*,*,#2239,.F.);
#2970=ORIENTED_EDGE('',*,*,#2240,.F.);
#2971=ORIENTED_EDGE('',*,*,#2241,.T.);
#2972=ORIENTED_EDGE('',*,*,#2239,.T.);
#2973=ORIENTED_EDGE('',*,*,#2242,.T.);
#2974=ORIENTED_EDGE('',*,*,#2243,.T.);
#2975=ORIENTED_EDGE('',*,*,#2244,.T.);
#2976=ORIENTED_EDGE('',*,*,#2245,.T.);
#2977=ORIENTED_EDGE('',*,*,#2246,.T.);
#2978=ORIENTED_EDGE('',*,*,#2247,.T.);
#2979=ORIENTED_EDGE('',*,*,#2245,.F.);
#2980=ORIENTED_EDGE('',*,*,#2248,.F.);
#2981=ORIENTED_EDGE('',*,*,#2249,.F.);
#2982=ORIENTED_EDGE('',*,*,#2250,.F.);
#2983=ORIENTED_EDGE('',*,*,#2251,.T.);
#2984=ORIENTED_EDGE('',*,*,#2249,.T.);
#2985=ORIENTED_EDGE('',*,*,#2252,.T.);
#2986=ORIENTED_EDGE('',*,*,#2253,.T.);
#2987=ORIENTED_EDGE('',*,*,#2254,.T.);
#2988=ORIENTED_EDGE('',*,*,#2255,.T.);
#2989=ORIENTED_EDGE('',*,*,#2256,.T.);
#2990=ORIENTED_EDGE('',*,*,#2257,.T.);
#2991=ORIENTED_EDGE('',*,*,#2255,.F.);
#2992=ORIENTED_EDGE('',*,*,#2258,.F.);
#2993=ORIENTED_EDGE('',*,*,#2259,.F.);
#2994=ORIENTED_EDGE('',*,*,#2260,.F.);
#2995=ORIENTED_EDGE('',*,*,#2261,.T.);
#2996=ORIENTED_EDGE('',*,*,#2259,.T.);
#2997=ORIENTED_EDGE('',*,*,#2262,.T.);
#2998=ORIENTED_EDGE('',*,*,#2263,.T.);
#2999=ORIENTED_EDGE('',*,*,#2264,.T.);
#3000=ORIENTED_EDGE('',*,*,#2265,.T.);
#3001=ORIENTED_EDGE('',*,*,#2266,.T.);
#3002=ORIENTED_EDGE('',*,*,#2267,.T.);
#3003=ORIENTED_EDGE('',*,*,#2265,.F.);
#3004=ORIENTED_EDGE('',*,*,#2268,.F.);
#3005=ORIENTED_EDGE('',*,*,#2269,.F.);
#3006=ORIENTED_EDGE('',*,*,#2270,.F.);
#3007=ORIENTED_EDGE('',*,*,#2271,.T.);
#3008=ORIENTED_EDGE('',*,*,#2269,.T.);
#3009=ORIENTED_EDGE('',*,*,#2272,.T.);
#3010=ORIENTED_EDGE('',*,*,#2273,.T.);
#3011=ORIENTED_EDGE('',*,*,#2274,.T.);
#3012=ORIENTED_EDGE('',*,*,#2275,.T.);
#3013=ORIENTED_EDGE('',*,*,#2276,.T.);
#3014=ORIENTED_EDGE('',*,*,#2277,.T.);
#3015=ORIENTED_EDGE('',*,*,#2275,.F.);
#3016=ORIENTED_EDGE('',*,*,#2278,.F.);
#3017=ORIENTED_EDGE('',*,*,#2279,.F.);
#3018=ORIENTED_EDGE('',*,*,#2280,.F.);
#3019=ORIENTED_EDGE('',*,*,#2281,.T.);
#3020=ORIENTED_EDGE('',*,*,#2279,.T.);
#3021=ORIENTED_EDGE('',*,*,#2282,.T.);
#3022=ORIENTED_EDGE('',*,*,#2283,.T.);
#3023=ORIENTED_EDGE('',*,*,#2284,.T.);
#3024=ORIENTED_EDGE('',*,*,#2285,.T.);
#3025=ORIENTED_EDGE('',*,*,#2286,.T.);
#3026=ORIENTED_EDGE('',*,*,#2287,.T.);
#3027=ORIENTED_EDGE('',*,*,#2285,.F.);
#3028=ORIENTED_EDGE('',*,*,#2288,.F.);
#3029=ORIENTED_EDGE('',*,*,#2289,.F.);
#3030=ORIENTED_EDGE('',*,*,#2290,.F.);
#3031=ORIENTED_EDGE('',*,*,#2291,.T.);
#3032=ORIENTED_EDGE('',*,*,#2289,.T.);
#3033=ORIENTED_EDGE('',*,*,#2292,.T.);
#3034=ORIENTED_EDGE('',*,*,#2293,.T.);
#3035=ORIENTED_EDGE('',*,*,#2233,.F.);
#3036=ORIENTED_EDGE('',*,*,#2294,.T.);
#3037=ORIENTED_EDGE('',*,*,#2295,.F.);
#3038=ORIENTED_EDGE('',*,*,#2296,.F.);
#3039=ORIENTED_EDGE('',*,*,#2297,.F.);
#3040=ORIENTED_EDGE('',*,*,#2227,.F.);
#3041=ORIENTED_EDGE('',*,*,#2298,.F.);
#3042=ORIENTED_EDGE('',*,*,#2299,.F.);
#3043=ORIENTED_EDGE('',*,*,#2300,.F.);
#3044=ORIENTED_EDGE('',*,*,#2301,.T.);
#3045=ORIENTED_EDGE('',*,*,#2273,.F.);
#3046=ORIENTED_EDGE('',*,*,#2302,.T.);
#3047=ORIENTED_EDGE('',*,*,#2303,.F.);
#3048=ORIENTED_EDGE('',*,*,#2304,.F.);
#3049=ORIENTED_EDGE('',*,*,#2305,.F.);
#3050=ORIENTED_EDGE('',*,*,#2267,.F.);
#3051=ORIENTED_EDGE('',*,*,#2306,.F.);
#3052=ORIENTED_EDGE('',*,*,#2307,.F.);
#3053=ORIENTED_EDGE('',*,*,#2308,.F.);
#3054=ORIENTED_EDGE('',*,*,#2309,.T.);
#3055=ORIENTED_EDGE('',*,*,#2213,.F.);
#3056=ORIENTED_EDGE('',*,*,#2310,.T.);
#3057=ORIENTED_EDGE('',*,*,#2311,.F.);
#3058=ORIENTED_EDGE('',*,*,#2312,.F.);
#3059=ORIENTED_EDGE('',*,*,#2313,.F.);
#3060=ORIENTED_EDGE('',*,*,#2207,.F.);
#3061=ORIENTED_EDGE('',*,*,#2314,.F.);
#3062=ORIENTED_EDGE('',*,*,#2315,.F.);
#3063=ORIENTED_EDGE('',*,*,#2316,.F.);
#3064=ORIENTED_EDGE('',*,*,#2317,.T.);
#3065=ORIENTED_EDGE('',*,*,#2197,.F.);
#3066=ORIENTED_EDGE('',*,*,#2318,.T.);
#3067=ORIENTED_EDGE('',*,*,#2319,.F.);
#3068=ORIENTED_EDGE('',*,*,#2320,.F.);
#3069=ORIENTED_EDGE('',*,*,#2321,.F.);
#3070=ORIENTED_EDGE('',*,*,#2203,.F.);
#3071=ORIENTED_EDGE('',*,*,#2322,.F.);
#3072=ORIENTED_EDGE('',*,*,#2323,.F.);
#3073=ORIENTED_EDGE('',*,*,#2324,.F.);
#3074=ORIENTED_EDGE('',*,*,#2325,.T.);
#3075=ORIENTED_EDGE('',*,*,#2243,.F.);
#3076=ORIENTED_EDGE('',*,*,#2326,.T.);
#3077=ORIENTED_EDGE('',*,*,#2327,.F.);
#3078=ORIENTED_EDGE('',*,*,#2328,.F.);
#3079=ORIENTED_EDGE('',*,*,#2329,.F.);
#3080=ORIENTED_EDGE('',*,*,#2237,.F.);
#3081=ORIENTED_EDGE('',*,*,#2330,.F.);
#3082=ORIENTED_EDGE('',*,*,#2331,.F.);
#3083=ORIENTED_EDGE('',*,*,#2332,.F.);
#3084=ORIENTED_EDGE('',*,*,#2333,.T.);
#3085=ORIENTED_EDGE('',*,*,#2217,.F.);
#3086=ORIENTED_EDGE('',*,*,#2334,.T.);
#3087=ORIENTED_EDGE('',*,*,#2335,.F.);
#3088=ORIENTED_EDGE('',*,*,#2336,.F.);
#3089=ORIENTED_EDGE('',*,*,#2337,.F.);
#3090=ORIENTED_EDGE('',*,*,#2223,.F.);
#3091=ORIENTED_EDGE('',*,*,#2338,.F.);
#3092=ORIENTED_EDGE('',*,*,#2339,.F.);
#3093=ORIENTED_EDGE('',*,*,#2340,.F.);
#3094=ORIENTED_EDGE('',*,*,#2341,.T.);
#3095=ORIENTED_EDGE('',*,*,#2263,.F.);
#3096=ORIENTED_EDGE('',*,*,#2342,.T.);
#3097=ORIENTED_EDGE('',*,*,#2343,.F.);
#3098=ORIENTED_EDGE('',*,*,#2344,.F.);
#3099=ORIENTED_EDGE('',*,*,#2345,.F.);
#3100=ORIENTED_EDGE('',*,*,#2257,.F.);
#3101=ORIENTED_EDGE('',*,*,#2346,.F.);
#3102=ORIENTED_EDGE('',*,*,#2347,.F.);
#3103=ORIENTED_EDGE('',*,*,#2348,.F.);
#3104=ORIENTED_EDGE('',*,*,#2349,.T.);
#3105=ORIENTED_EDGE('',*,*,#2247,.F.);
#3106=ORIENTED_EDGE('',*,*,#2350,.T.);
#3107=ORIENTED_EDGE('',*,*,#2351,.F.);
#3108=ORIENTED_EDGE('',*,*,#2352,.F.);
#3109=ORIENTED_EDGE('',*,*,#2353,.F.);
#3110=ORIENTED_EDGE('',*,*,#2253,.F.);
#3111=ORIENTED_EDGE('',*,*,#2354,.F.);
#3112=ORIENTED_EDGE('',*,*,#2355,.F.);
#3113=ORIENTED_EDGE('',*,*,#2356,.F.);
#3114=ORIENTED_EDGE('',*,*,#2357,.T.);
#3115=ORIENTED_EDGE('',*,*,#2358,.F.);
#3116=ORIENTED_EDGE('',*,*,#2359,.T.);
#3117=ORIENTED_EDGE('',*,*,#2360,.F.);
#3118=ORIENTED_EDGE('',*,*,#2359,.F.);
#3119=ORIENTED_EDGE('',*,*,#2361,.F.);
#3120=ORIENTED_EDGE('',*,*,#2362,.T.);
#3121=ORIENTED_EDGE('',*,*,#2363,.F.);
#3122=ORIENTED_EDGE('',*,*,#2362,.F.);
#3123=ORIENTED_EDGE('',*,*,#2364,.F.);
#3124=ORIENTED_EDGE('',*,*,#2365,.T.);
#3125=ORIENTED_EDGE('',*,*,#2366,.F.);
#3126=ORIENTED_EDGE('',*,*,#2365,.F.);
#3127=ORIENTED_EDGE('',*,*,#2367,.F.);
#3128=ORIENTED_EDGE('',*,*,#2368,.T.);
#3129=ORIENTED_EDGE('',*,*,#2369,.F.);
#3130=ORIENTED_EDGE('',*,*,#2368,.F.);
#3131=ORIENTED_EDGE('',*,*,#2293,.F.);
#3132=ORIENTED_EDGE('',*,*,#2370,.T.);
#3133=ORIENTED_EDGE('',*,*,#2371,.F.);
#3134=ORIENTED_EDGE('',*,*,#2372,.F.);
#3135=ORIENTED_EDGE('',*,*,#2373,.F.);
#3136=ORIENTED_EDGE('',*,*,#2287,.F.);
#3137=ORIENTED_EDGE('',*,*,#2374,.F.);
#3138=ORIENTED_EDGE('',*,*,#2375,.F.);
#3139=ORIENTED_EDGE('',*,*,#2376,.F.);
#3140=ORIENTED_EDGE('',*,*,#2377,.T.);
#3141=ORIENTED_EDGE('',*,*,#2277,.F.);
#3142=ORIENTED_EDGE('',*,*,#2378,.T.);
#3143=ORIENTED_EDGE('',*,*,#2379,.F.);
#3144=ORIENTED_EDGE('',*,*,#2380,.F.);
#3145=ORIENTED_EDGE('',*,*,#2381,.F.);
#3146=ORIENTED_EDGE('',*,*,#2283,.F.);
#3147=ORIENTED_EDGE('',*,*,#2382,.F.);
#3148=ORIENTED_EDGE('',*,*,#2383,.F.);
#3149=ORIENTED_EDGE('',*,*,#2384,.F.);
#3150=ORIENTED_EDGE('',*,*,#2385,.T.);
#3151=ORIENTED_EDGE('',*,*,#2386,.F.);
#3152=ORIENTED_EDGE('',*,*,#2387,.T.);
#3153=ORIENTED_EDGE('',*,*,#2388,.F.);
#3154=ORIENTED_EDGE('',*,*,#2387,.F.);
#3155=ORIENTED_EDGE('',*,*,#2389,.T.);
#3156=ORIENTED_EDGE('',*,*,#2390,.T.);
#3157=ORIENTED_EDGE('',*,*,#2391,.T.);
#3158=ORIENTED_EDGE('',*,*,#2392,.T.);
#3159=ORIENTED_EDGE('',*,*,#2393,.T.);
#3160=ORIENTED_EDGE('',*,*,#2394,.T.);
#3161=ORIENTED_EDGE('',*,*,#2395,.T.);
#3162=ORIENTED_EDGE('',*,*,#2396,.T.);
#3163=ORIENTED_EDGE('',*,*,#2397,.T.);
#3164=ORIENTED_EDGE('',*,*,#2398,.T.);
#3165=ORIENTED_EDGE('',*,*,#2399,.T.);
#3166=ORIENTED_EDGE('',*,*,#2400,.T.);
#3167=ORIENTED_EDGE('',*,*,#2401,.T.);
#3168=ORIENTED_EDGE('',*,*,#2402,.T.);
#3169=ORIENTED_EDGE('',*,*,#2403,.T.);
#3170=ORIENTED_EDGE('',*,*,#2404,.T.);
#3171=ORIENTED_EDGE('',*,*,#2405,.T.);
#3172=ORIENTED_EDGE('',*,*,#2406,.T.);
#3173=ORIENTED_EDGE('',*,*,#2407,.T.);
#3174=ORIENTED_EDGE('',*,*,#2408,.T.);
#3175=ORIENTED_EDGE('',*,*,#2409,.T.);
#3176=ORIENTED_EDGE('',*,*,#2410,.T.);
#3177=ORIENTED_EDGE('',*,*,#2411,.T.);
#3178=ORIENTED_EDGE('',*,*,#2390,.F.);
#3179=ORIENTED_EDGE('',*,*,#2412,.T.);
#3180=ORIENTED_EDGE('',*,*,#2405,.F.);
#3181=ORIENTED_EDGE('',*,*,#2413,.T.);
#3182=ORIENTED_EDGE('',*,*,#2414,.T.);
#3183=ORIENTED_EDGE('',*,*,#2415,.T.);
#3184=ORIENTED_EDGE('',*,*,#2414,.F.);
#3185=ORIENTED_EDGE('',*,*,#2416,.T.);
#3186=ORIENTED_EDGE('',*,*,#2177,.T.);
#3187=ORIENTED_EDGE('',*,*,#2417,.T.);
#3188=ORIENTED_EDGE('',*,*,#2418,.T.);
#3189=ORIENTED_EDGE('',*,*,#2403,.F.);
#3190=ORIENTED_EDGE('',*,*,#2419,.T.);
#3191=ORIENTED_EDGE('',*,*,#2417,.F.);
#3192=ORIENTED_EDGE('',*,*,#2401,.F.);
#3193=ORIENTED_EDGE('',*,*,#2420,.T.);
#3194=ORIENTED_EDGE('',*,*,#2421,.T.);
#3195=ORIENTED_EDGE('',*,*,#2422,.T.);
#3196=ORIENTED_EDGE('',*,*,#2421,.F.);
#3197=ORIENTED_EDGE('',*,*,#2423,.T.);
#3198=ORIENTED_EDGE('',*,*,#2181,.T.);
#3199=ORIENTED_EDGE('',*,*,#2424,.T.);
#3200=ORIENTED_EDGE('',*,*,#2425,.T.);
#3201=ORIENTED_EDGE('',*,*,#2399,.F.);
#3202=ORIENTED_EDGE('',*,*,#2426,.T.);
#3203=ORIENTED_EDGE('',*,*,#2424,.F.);
#3204=ORIENTED_EDGE('',*,*,#2397,.F.);
#3205=ORIENTED_EDGE('',*,*,#2427,.T.);
#3206=ORIENTED_EDGE('',*,*,#2428,.T.);
#3207=ORIENTED_EDGE('',*,*,#2429,.T.);
#3208=ORIENTED_EDGE('',*,*,#2428,.F.);
#3209=ORIENTED_EDGE('',*,*,#2430,.T.);
#3210=ORIENTED_EDGE('',*,*,#2431,.T.);
#3211=ORIENTED_EDGE('',*,*,#2432,.T.);
#3212=ORIENTED_EDGE('',*,*,#2433,.T.);
#3213=ORIENTED_EDGE('',*,*,#2412,.F.);
#3214=ORIENTED_EDGE('',*,*,#2389,.F.);
#3215=ORIENTED_EDGE('',*,*,#2433,.F.);
#3216=ORIENTED_EDGE('',*,*,#2434,.T.);
#3217=ORIENTED_EDGE('',*,*,#2434,.F.);
#3218=ORIENTED_EDGE('',*,*,#2435,.T.);
#3219=ORIENTED_EDGE('',*,*,#2436,.T.);
#3220=ORIENTED_EDGE('',*,*,#2437,.T.);
#3221=ORIENTED_EDGE('',*,*,#2435,.F.);
#3222=ORIENTED_EDGE('',*,*,#2406,.F.);
#3223=ORIENTED_EDGE('',*,*,#2416,.F.);
#3224=ORIENTED_EDGE('',*,*,#2413,.F.);
#3225=ORIENTED_EDGE('',*,*,#2404,.F.);
#3226=ORIENTED_EDGE('',*,*,#2418,.F.);
#3227=ORIENTED_EDGE('',*,*,#2419,.F.);
#3228=ORIENTED_EDGE('',*,*,#2402,.F.);
#3229=ORIENTED_EDGE('',*,*,#2423,.F.);
#3230=ORIENTED_EDGE('',*,*,#2420,.F.);
#3231=ORIENTED_EDGE('',*,*,#2400,.F.);
#3232=ORIENTED_EDGE('',*,*,#2425,.F.);
#3233=ORIENTED_EDGE('',*,*,#2426,.F.);
#3234=ORIENTED_EDGE('',*,*,#2398,.F.);
#3235=ORIENTED_EDGE('',*,*,#2430,.F.);
#3236=ORIENTED_EDGE('',*,*,#2427,.F.);
#3237=ORIENTED_EDGE('',*,*,#2396,.F.);
#3238=ORIENTED_EDGE('',*,*,#2438,.F.);
#3239=ORIENTED_EDGE('',*,*,#2439,.F.);
#3240=ORIENTED_EDGE('',*,*,#2394,.F.);
#3241=ORIENTED_EDGE('',*,*,#2440,.F.);
#3242=ORIENTED_EDGE('',*,*,#2441,.F.);
#3243=ORIENTED_EDGE('',*,*,#2392,.F.);
#3244=ORIENTED_EDGE('',*,*,#2442,.F.);
#3245=ORIENTED_EDGE('',*,*,#2443,.F.);
#3246=ORIENTED_EDGE('',*,*,#2410,.F.);
#3247=ORIENTED_EDGE('',*,*,#2444,.F.);
#3248=ORIENTED_EDGE('',*,*,#2445,.F.);
#3249=ORIENTED_EDGE('',*,*,#2408,.F.);
#3250=ORIENTED_EDGE('',*,*,#2446,.F.);
#3251=ORIENTED_EDGE('',*,*,#2447,.F.);
#3252=ORIENTED_EDGE('',*,*,#2360,.T.);
#3253=ORIENTED_EDGE('',*,*,#2363,.T.);
#3254=ORIENTED_EDGE('',*,*,#2366,.T.);
#3255=ORIENTED_EDGE('',*,*,#2369,.T.);
#3256=ORIENTED_EDGE('',*,*,#2388,.T.);
#3257=ORIENTED_EDGE('',*,*,#2448,.F.);
#3258=ORIENTED_EDGE('',*,*,#2449,.F.);
#3259=ORIENTED_EDGE('',*,*,#2450,.F.);
#3260=ORIENTED_EDGE('',*,*,#2302,.F.);
#3261=ORIENTED_EDGE('',*,*,#2272,.F.);
#3262=ORIENTED_EDGE('',*,*,#2268,.T.);
#3263=ORIENTED_EDGE('',*,*,#2264,.F.);
#3264=ORIENTED_EDGE('',*,*,#2309,.F.);
#3265=ORIENTED_EDGE('',*,*,#2451,.F.);
#3266=ORIENTED_EDGE('',*,*,#2452,.F.);
#3267=ORIENTED_EDGE('',*,*,#2453,.F.);
#3268=ORIENTED_EDGE('',*,*,#2370,.F.);
#3269=ORIENTED_EDGE('',*,*,#2292,.F.);
#3270=ORIENTED_EDGE('',*,*,#2288,.T.);
#3271=ORIENTED_EDGE('',*,*,#2284,.F.);
#3272=ORIENTED_EDGE('',*,*,#2377,.F.);
#3273=ORIENTED_EDGE('',*,*,#2454,.F.);
#3274=ORIENTED_EDGE('',*,*,#2455,.F.);
#3275=ORIENTED_EDGE('',*,*,#2456,.F.);
#3276=ORIENTED_EDGE('',*,*,#2318,.F.);
#3277=ORIENTED_EDGE('',*,*,#2196,.F.);
#3278=ORIENTED_EDGE('',*,*,#2200,.T.);
#3279=ORIENTED_EDGE('',*,*,#2201,.F.);
#3280=ORIENTED_EDGE('',*,*,#2325,.F.);
#3281=ORIENTED_EDGE('',*,*,#2457,.F.);
#3282=ORIENTED_EDGE('',*,*,#2458,.F.);
#3283=ORIENTED_EDGE('',*,*,#2459,.F.);
#3284=ORIENTED_EDGE('',*,*,#2294,.F.);
#3285=ORIENTED_EDGE('',*,*,#2232,.F.);
#3286=ORIENTED_EDGE('',*,*,#2228,.T.);
#3287=ORIENTED_EDGE('',*,*,#2224,.F.);
#3288=ORIENTED_EDGE('',*,*,#2301,.F.);
#3289=ORIENTED_EDGE('',*,*,#2460,.F.);
#3290=ORIENTED_EDGE('',*,*,#2461,.F.);
#3291=ORIENTED_EDGE('',*,*,#2462,.F.);
#3292=ORIENTED_EDGE('',*,*,#2334,.F.);
#3293=ORIENTED_EDGE('',*,*,#2216,.F.);
#3294=ORIENTED_EDGE('',*,*,#2220,.T.);
#3295=ORIENTED_EDGE('',*,*,#2221,.F.);
#3296=ORIENTED_EDGE('',*,*,#2341,.F.);
#3297=ORIENTED_EDGE('',*,*,#2463,.F.);
#3298=ORIENTED_EDGE('',*,*,#2464,.F.);
#3299=ORIENTED_EDGE('',*,*,#2465,.F.);
#3300=ORIENTED_EDGE('',*,*,#2310,.F.);
#3301=ORIENTED_EDGE('',*,*,#2212,.F.);
#3302=ORIENTED_EDGE('',*,*,#2208,.T.);
#3303=ORIENTED_EDGE('',*,*,#2204,.F.);
#3304=ORIENTED_EDGE('',*,*,#2317,.F.);
#3305=ORIENTED_EDGE('',*,*,#2466,.F.);
#3306=ORIENTED_EDGE('',*,*,#2467,.F.);
#3307=ORIENTED_EDGE('',*,*,#2468,.F.);
#3308=ORIENTED_EDGE('',*,*,#2350,.F.);
#3309=ORIENTED_EDGE('',*,*,#2246,.F.);
#3310=ORIENTED_EDGE('',*,*,#2250,.T.);
#3311=ORIENTED_EDGE('',*,*,#2251,.F.);
#3312=ORIENTED_EDGE('',*,*,#2357,.F.);
#3313=ORIENTED_EDGE('',*,*,#2469,.F.);
#3314=ORIENTED_EDGE('',*,*,#2470,.F.);
#3315=ORIENTED_EDGE('',*,*,#2471,.F.);
#3316=ORIENTED_EDGE('',*,*,#2326,.F.);
#3317=ORIENTED_EDGE('',*,*,#2242,.F.);
#3318=ORIENTED_EDGE('',*,*,#2238,.T.);
#3319=ORIENTED_EDGE('',*,*,#2234,.F.);
#3320=ORIENTED_EDGE('',*,*,#2333,.F.);
#3321=ORIENTED_EDGE('',*,*,#2472,.F.);
#3322=ORIENTED_EDGE('',*,*,#2473,.F.);
#3323=ORIENTED_EDGE('',*,*,#2474,.F.);
#3324=ORIENTED_EDGE('',*,*,#2378,.F.);
#3325=ORIENTED_EDGE('',*,*,#2276,.F.);
#3326=ORIENTED_EDGE('',*,*,#2280,.T.);
#3327=ORIENTED_EDGE('',*,*,#2281,.F.);
#3328=ORIENTED_EDGE('',*,*,#2385,.F.);
#3329=ORIENTED_EDGE('',*,*,#2475,.F.);
#3330=ORIENTED_EDGE('',*,*,#2476,.F.);
#3331=ORIENTED_EDGE('',*,*,#2477,.F.);
#3332=ORIENTED_EDGE('',*,*,#2342,.F.);
#3333=ORIENTED_EDGE('',*,*,#2262,.F.);
#3334=ORIENTED_EDGE('',*,*,#2258,.T.);
#3335=ORIENTED_EDGE('',*,*,#2254,.F.);
#3336=ORIENTED_EDGE('',*,*,#2349,.F.);
#3337=ORIENTED_EDGE('',*,*,#2478,.F.);
#3338=ORIENTED_EDGE('',*,*,#2479,.T.);
#3339=ORIENTED_EDGE('',*,*,#2480,.T.);
#3340=ORIENTED_EDGE('',*,*,#2481,.T.);
#3341=ORIENTED_EDGE('',*,*,#2480,.F.);
#3342=ORIENTED_EDGE('',*,*,#2482,.T.);
#3343=ORIENTED_EDGE('',*,*,#2483,.F.);
#3344=ORIENTED_EDGE('',*,*,#2481,.F.);
#3345=ORIENTED_EDGE('',*,*,#2479,.F.);
#3346=ORIENTED_EDGE('',*,*,#2484,.T.);
#3347=ORIENTED_EDGE('',*,*,#2436,.F.);
#3348=ORIENTED_EDGE('',*,*,#2437,.F.);
#3349=ORIENTED_EDGE('',*,*,#2484,.F.);
#3350=ORIENTED_EDGE('',*,*,#2482,.F.);
#3351=ORIENTED_EDGE('',*,*,#2485,.F.);
#3352=ORIENTED_EDGE('',*,*,#2486,.F.);
#3353=ORIENTED_EDGE('',*,*,#2487,.T.);
#3354=ORIENTED_EDGE('',*,*,#2483,.T.);
#3355=ORIENTED_EDGE('',*,*,#2487,.F.);
#3356=ORIENTED_EDGE('',*,*,#2488,.T.);
#3357=ORIENTED_EDGE('',*,*,#2472,.T.);
#3358=ORIENTED_EDGE('',*,*,#2332,.T.);
#3359=ORIENTED_EDGE('',*,*,#2489,.T.);
#3360=ORIENTED_EDGE('',*,*,#2331,.T.);
#3361=ORIENTED_EDGE('',*,*,#2490,.T.);
#3362=ORIENTED_EDGE('',*,*,#2491,.T.);
#3363=ORIENTED_EDGE('',*,*,#2492,.T.);
#3364=ORIENTED_EDGE('',*,*,#2489,.F.);
#3365=ORIENTED_EDGE('',*,*,#2488,.F.);
#3366=ORIENTED_EDGE('',*,*,#2492,.F.);
#3367=ORIENTED_EDGE('',*,*,#2493,.F.);
#3368=ORIENTED_EDGE('',*,*,#2494,.F.);
#3369=ORIENTED_EDGE('',*,*,#2495,.F.);
#3370=ORIENTED_EDGE('',*,*,#2467,.T.);
#3371=ORIENTED_EDGE('',*,*,#2491,.F.);
#3372=ORIENTED_EDGE('',*,*,#2496,.F.);
#3373=ORIENTED_EDGE('',*,*,#2497,.F.);
#3374=ORIENTED_EDGE('',*,*,#2493,.T.);
#3375=ORIENTED_EDGE('',*,*,#2497,.T.);
#3376=ORIENTED_EDGE('',*,*,#2498,.T.);
#3377=ORIENTED_EDGE('',*,*,#2352,.T.);
#3378=ORIENTED_EDGE('',*,*,#2499,.T.);
#3379=ORIENTED_EDGE('',*,*,#2494,.T.);
#3380=ORIENTED_EDGE('',*,*,#2351,.T.);
#3381=ORIENTED_EDGE('',*,*,#2468,.T.);
#3382=ORIENTED_EDGE('',*,*,#2495,.T.);
#3383=ORIENTED_EDGE('',*,*,#2499,.F.);
#3384=ORIENTED_EDGE('',*,*,#2500,.T.);
#3385=ORIENTED_EDGE('',*,*,#2478,.T.);
#3386=ORIENTED_EDGE('',*,*,#2348,.T.);
#3387=ORIENTED_EDGE('',*,*,#2501,.T.);
#3388=ORIENTED_EDGE('',*,*,#2347,.T.);
#3389=ORIENTED_EDGE('',*,*,#2502,.T.);
#3390=ORIENTED_EDGE('',*,*,#2503,.T.);
#3391=ORIENTED_EDGE('',*,*,#2504,.T.);
#3392=ORIENTED_EDGE('',*,*,#2501,.F.);
#3393=ORIENTED_EDGE('',*,*,#2500,.F.);
#3394=ORIENTED_EDGE('',*,*,#2504,.F.);
#3395=ORIENTED_EDGE('',*,*,#2505,.F.);
#3396=ORIENTED_EDGE('',*,*,#2506,.F.);
#3397=ORIENTED_EDGE('',*,*,#2507,.F.);
#3398=ORIENTED_EDGE('',*,*,#2473,.T.);
#3399=ORIENTED_EDGE('',*,*,#2503,.F.);
#3400=ORIENTED_EDGE('',*,*,#2508,.F.);
#3401=ORIENTED_EDGE('',*,*,#2509,.F.);
#3402=ORIENTED_EDGE('',*,*,#2505,.T.);
#3403=ORIENTED_EDGE('',*,*,#2509,.T.);
#3404=ORIENTED_EDGE('',*,*,#2510,.T.);
#3405=ORIENTED_EDGE('',*,*,#2380,.T.);
#3406=ORIENTED_EDGE('',*,*,#2511,.T.);
#3407=ORIENTED_EDGE('',*,*,#2506,.T.);
#3408=ORIENTED_EDGE('',*,*,#2379,.T.);
#3409=ORIENTED_EDGE('',*,*,#2474,.T.);
#3410=ORIENTED_EDGE('',*,*,#2507,.T.);
#3411=ORIENTED_EDGE('',*,*,#2511,.F.);
#3412=ORIENTED_EDGE('',*,*,#2512,.T.);
#3413=ORIENTED_EDGE('',*,*,#2454,.T.);
#3414=ORIENTED_EDGE('',*,*,#2376,.T.);
#3415=ORIENTED_EDGE('',*,*,#2513,.T.);
#3416=ORIENTED_EDGE('',*,*,#2375,.T.);
#3417=ORIENTED_EDGE('',*,*,#2514,.T.);
#3418=ORIENTED_EDGE('',*,*,#2515,.T.);
#3419=ORIENTED_EDGE('',*,*,#2516,.T.);
#3420=ORIENTED_EDGE('',*,*,#2513,.F.);
#3421=ORIENTED_EDGE('',*,*,#2512,.F.);
#3422=ORIENTED_EDGE('',*,*,#2516,.F.);
#3423=ORIENTED_EDGE('',*,*,#2517,.F.);
#3424=ORIENTED_EDGE('',*,*,#2518,.F.);
#3425=ORIENTED_EDGE('',*,*,#2519,.F.);
#3426=ORIENTED_EDGE('',*,*,#2449,.T.);
#3427=ORIENTED_EDGE('',*,*,#2515,.F.);
#3428=ORIENTED_EDGE('',*,*,#2520,.F.);
#3429=ORIENTED_EDGE('',*,*,#2521,.F.);
#3430=ORIENTED_EDGE('',*,*,#2517,.T.);
#3431=ORIENTED_EDGE('',*,*,#2521,.T.);
#3432=ORIENTED_EDGE('',*,*,#2522,.T.);
#3433=ORIENTED_EDGE('',*,*,#2304,.T.);
#3434=ORIENTED_EDGE('',*,*,#2523,.T.);
#3435=ORIENTED_EDGE('',*,*,#2518,.T.);
#3436=ORIENTED_EDGE('',*,*,#2303,.T.);
#3437=ORIENTED_EDGE('',*,*,#2450,.T.);
#3438=ORIENTED_EDGE('',*,*,#2519,.T.);
#3439=ORIENTED_EDGE('',*,*,#2523,.F.);
#3440=ORIENTED_EDGE('',*,*,#2524,.T.);
#3441=ORIENTED_EDGE('',*,*,#2460,.T.);
#3442=ORIENTED_EDGE('',*,*,#2300,.T.);
#3443=ORIENTED_EDGE('',*,*,#2525,.T.);
#3444=ORIENTED_EDGE('',*,*,#2299,.T.);
#3445=ORIENTED_EDGE('',*,*,#2526,.T.);
#3446=ORIENTED_EDGE('',*,*,#2527,.T.);
#3447=ORIENTED_EDGE('',*,*,#2528,.T.);
#3448=ORIENTED_EDGE('',*,*,#2525,.F.);
#3449=ORIENTED_EDGE('',*,*,#2524,.F.);
#3450=ORIENTED_EDGE('',*,*,#2528,.F.);
#3451=ORIENTED_EDGE('',*,*,#2529,.F.);
#3452=ORIENTED_EDGE('',*,*,#2530,.F.);
#3453=ORIENTED_EDGE('',*,*,#2531,.F.);
#3454=ORIENTED_EDGE('',*,*,#2455,.T.);
#3455=ORIENTED_EDGE('',*,*,#2527,.F.);
#3456=ORIENTED_EDGE('',*,*,#2532,.F.);
#3457=ORIENTED_EDGE('',*,*,#2533,.F.);
#3458=ORIENTED_EDGE('',*,*,#2529,.T.);
#3459=ORIENTED_EDGE('',*,*,#2533,.T.);
#3460=ORIENTED_EDGE('',*,*,#2534,.T.);
#3461=ORIENTED_EDGE('',*,*,#2320,.T.);
#3462=ORIENTED_EDGE('',*,*,#2535,.T.);
#3463=ORIENTED_EDGE('',*,*,#2530,.T.);
#3464=ORIENTED_EDGE('',*,*,#2319,.T.);
#3465=ORIENTED_EDGE('',*,*,#2456,.T.);
#3466=ORIENTED_EDGE('',*,*,#2531,.T.);
#3467=ORIENTED_EDGE('',*,*,#2535,.F.);
#3468=ORIENTED_EDGE('',*,*,#2536,.T.);
#3469=ORIENTED_EDGE('',*,*,#2466,.T.);
#3470=ORIENTED_EDGE('',*,*,#2316,.T.);
#3471=ORIENTED_EDGE('',*,*,#2537,.T.);
#3472=ORIENTED_EDGE('',*,*,#2315,.T.);
#3473=ORIENTED_EDGE('',*,*,#2538,.T.);
#3474=ORIENTED_EDGE('',*,*,#2539,.T.);
#3475=ORIENTED_EDGE('',*,*,#2540,.T.);
#3476=ORIENTED_EDGE('',*,*,#2537,.F.);
#3477=ORIENTED_EDGE('',*,*,#2536,.F.);
#3478=ORIENTED_EDGE('',*,*,#2540,.F.);
#3479=ORIENTED_EDGE('',*,*,#2541,.F.);
#3480=ORIENTED_EDGE('',*,*,#2542,.F.);
#3481=ORIENTED_EDGE('',*,*,#2543,.F.);
#3482=ORIENTED_EDGE('',*,*,#2461,.T.);
#3483=ORIENTED_EDGE('',*,*,#2539,.F.);
#3484=ORIENTED_EDGE('',*,*,#2544,.F.);
#3485=ORIENTED_EDGE('',*,*,#2545,.F.);
#3486=ORIENTED_EDGE('',*,*,#2541,.T.);
#3487=ORIENTED_EDGE('',*,*,#2545,.T.);
#3488=ORIENTED_EDGE('',*,*,#2546,.T.);
#3489=ORIENTED_EDGE('',*,*,#2336,.T.);
#3490=ORIENTED_EDGE('',*,*,#2547,.T.);
#3491=ORIENTED_EDGE('',*,*,#2542,.T.);
#3492=ORIENTED_EDGE('',*,*,#2335,.T.);
#3493=ORIENTED_EDGE('',*,*,#2462,.T.);
#3494=ORIENTED_EDGE('',*,*,#2543,.T.);
#3495=ORIENTED_EDGE('',*,*,#2547,.F.);
#3496=ORIENTED_EDGE('',*,*,#2548,.F.);
#3497=ORIENTED_EDGE('',*,*,#2549,.T.);
#3498=ORIENTED_EDGE('',*,*,#2550,.F.);
#3499=ORIENTED_EDGE('',*,*,#2551,.F.);
#3500=ORIENTED_EDGE('',*,*,#2549,.F.);
#3501=ORIENTED_EDGE('',*,*,#2552,.F.);
#3502=ORIENTED_EDGE('',*,*,#2553,.T.);
#3503=ORIENTED_EDGE('',*,*,#2415,.F.);
#3504=ORIENTED_EDGE('',*,*,#2553,.F.);
#3505=ORIENTED_EDGE('',*,*,#2554,.F.);
#3506=ORIENTED_EDGE('',*,*,#2555,.T.);
#3507=ORIENTED_EDGE('',*,*,#2422,.F.);
#3508=ORIENTED_EDGE('',*,*,#2555,.F.);
#3509=ORIENTED_EDGE('',*,*,#2556,.F.);
#3510=ORIENTED_EDGE('',*,*,#2557,.T.);
#3511=ORIENTED_EDGE('',*,*,#2429,.F.);
#3512=ORIENTED_EDGE('',*,*,#2557,.F.);
#3513=ORIENTED_EDGE('',*,*,#2393,.F.);
#3514=ORIENTED_EDGE('',*,*,#2441,.T.);
#3515=ORIENTED_EDGE('',*,*,#2558,.T.);
#3516=ORIENTED_EDGE('',*,*,#2559,.T.);
#3517=ORIENTED_EDGE('',*,*,#2558,.F.);
#3518=ORIENTED_EDGE('',*,*,#2440,.T.);
#3519=ORIENTED_EDGE('',*,*,#2560,.F.);
#3520=ORIENTED_EDGE('',*,*,#2561,.T.);
#3521=ORIENTED_EDGE('',*,*,#2559,.F.);
#3522=ORIENTED_EDGE('',*,*,#2561,.F.);
#3523=ORIENTED_EDGE('',*,*,#2409,.F.);
#3524=ORIENTED_EDGE('',*,*,#2445,.T.);
#3525=ORIENTED_EDGE('',*,*,#2562,.T.);
#3526=ORIENTED_EDGE('',*,*,#2563,.T.);
#3527=ORIENTED_EDGE('',*,*,#2562,.F.);
#3528=ORIENTED_EDGE('',*,*,#2444,.T.);
#3529=ORIENTED_EDGE('',*,*,#2564,.F.);
#3530=ORIENTED_EDGE('',*,*,#2565,.T.);
#3531=ORIENTED_EDGE('',*,*,#2563,.F.);
#3532=ORIENTED_EDGE('',*,*,#2565,.F.);
#3533=ORIENTED_EDGE('',*,*,#2566,.T.);
#3534=ORIENTED_EDGE('',*,*,#2567,.T.);
#3535=ORIENTED_EDGE('',*,*,#2568,.T.);
#3536=ORIENTED_EDGE('',*,*,#2569,.F.);
#3537=ORIENTED_EDGE('',*,*,#2566,.F.);
#3538=ORIENTED_EDGE('',*,*,#2570,.F.);
#3539=ORIENTED_EDGE('',*,*,#2571,.T.);
#3540=ORIENTED_EDGE('',*,*,#2568,.F.);
#3541=ORIENTED_EDGE('',*,*,#2572,.T.);
#3542=ORIENTED_EDGE('',*,*,#2573,.F.);
#3543=ORIENTED_EDGE('',*,*,#2572,.F.);
#3544=ORIENTED_EDGE('',*,*,#2574,.T.);
#3545=ORIENTED_EDGE('',*,*,#2575,.F.);
#3546=ORIENTED_EDGE('',*,*,#2576,.T.);
#3547=ORIENTED_EDGE('',*,*,#2567,.F.);
#3548=ORIENTED_EDGE('',*,*,#2577,.F.);
#3549=ORIENTED_EDGE('',*,*,#2578,.F.);
#3550=ORIENTED_EDGE('',*,*,#2579,.F.);
#3551=ORIENTED_EDGE('',*,*,#2580,.F.);
#3552=ORIENTED_EDGE('',*,*,#2574,.F.);
#3553=ORIENTED_EDGE('',*,*,#2453,.T.);
#3554=ORIENTED_EDGE('',*,*,#2581,.T.);
#3555=ORIENTED_EDGE('',*,*,#2582,.T.);
#3556=ORIENTED_EDGE('',*,*,#2371,.T.);
#3557=ORIENTED_EDGE('',*,*,#2583,.T.);
#3558=ORIENTED_EDGE('',*,*,#2372,.T.);
#3559=ORIENTED_EDGE('',*,*,#2582,.F.);
#3560=ORIENTED_EDGE('',*,*,#2584,.T.);
#3561=ORIENTED_EDGE('',*,*,#2585,.T.);
#3562=ORIENTED_EDGE('',*,*,#2583,.F.);
#3563=ORIENTED_EDGE('',*,*,#2586,.T.);
#3564=ORIENTED_EDGE('',*,*,#2587,.T.);
#3565=ORIENTED_EDGE('',*,*,#2588,.T.);
#3566=ORIENTED_EDGE('',*,*,#2587,.F.);
#3567=ORIENTED_EDGE('',*,*,#2589,.T.);
#3568=ORIENTED_EDGE('',*,*,#2589,.F.);
#3569=ORIENTED_EDGE('',*,*,#2590,.T.);
#3570=ORIENTED_EDGE('',*,*,#2591,.F.);
#3571=ORIENTED_EDGE('',*,*,#2592,.F.);
#3572=ORIENTED_EDGE('',*,*,#2586,.F.);
#3573=ORIENTED_EDGE('',*,*,#2584,.F.);
#3574=ORIENTED_EDGE('',*,*,#2593,.F.);
#3575=ORIENTED_EDGE('',*,*,#2594,.F.);
#3576=ORIENTED_EDGE('',*,*,#2595,.F.);
#3577=ORIENTED_EDGE('',*,*,#2590,.F.);
#3578=ORIENTED_EDGE('',*,*,#2581,.F.);
#3579=ORIENTED_EDGE('',*,*,#2452,.T.);
#3580=ORIENTED_EDGE('',*,*,#2596,.F.);
#3581=ORIENTED_EDGE('',*,*,#2597,.T.);
#3582=ORIENTED_EDGE('',*,*,#2598,.F.);
#3583=ORIENTED_EDGE('',*,*,#2570,.T.);
#3584=ORIENTED_EDGE('',*,*,#2569,.T.);
#3585=ORIENTED_EDGE('',*,*,#2573,.T.);
#3586=ORIENTED_EDGE('',*,*,#2576,.F.);
#3587=ORIENTED_EDGE('',*,*,#2593,.T.);
#3588=ORIENTED_EDGE('',*,*,#2599,.T.);
#3589=ORIENTED_EDGE('',*,*,#2600,.T.);
#3590=ORIENTED_EDGE('',*,*,#2601,.T.);
#3591=ORIENTED_EDGE('',*,*,#2307,.T.);
#3592=ORIENTED_EDGE('',*,*,#2451,.T.);
#3593=ORIENTED_EDGE('',*,*,#2308,.T.);
#3594=ORIENTED_EDGE('',*,*,#2601,.F.);
#3595=ORIENTED_EDGE('',*,*,#2596,.T.);
#3596=ORIENTED_EDGE('',*,*,#2602,.T.);
#3597=ORIENTED_EDGE('',*,*,#2603,.T.);
#3598=ORIENTED_EDGE('',*,*,#2604,.T.);
#3599=ORIENTED_EDGE('',*,*,#2599,.F.);
#3600=ORIENTED_EDGE('',*,*,#2605,.T.);
#3601=ORIENTED_EDGE('',*,*,#2606,.T.);
#3602=ORIENTED_EDGE('',*,*,#2603,.F.);
#3603=ORIENTED_EDGE('',*,*,#2607,.F.);
#3604=ORIENTED_EDGE('',*,*,#2608,.F.);
#3605=ORIENTED_EDGE('',*,*,#2609,.T.);
#3606=ORIENTED_EDGE('',*,*,#2610,.T.);
#3607=ORIENTED_EDGE('',*,*,#2604,.F.);
#3608=ORIENTED_EDGE('',*,*,#2611,.F.);
#3609=ORIENTED_EDGE('',*,*,#2612,.F.);
#3610=ORIENTED_EDGE('',*,*,#2613,.F.);
#3611=ORIENTED_EDGE('',*,*,#2597,.F.);
#3612=ORIENTED_EDGE('',*,*,#2600,.F.);
#3613=ORIENTED_EDGE('',*,*,#2606,.F.);
#3614=ORIENTED_EDGE('',*,*,#2614,.F.);
#3615=ORIENTED_EDGE('',*,*,#2615,.F.);
#3616=ORIENTED_EDGE('',*,*,#2611,.T.);
#3617=ORIENTED_EDGE('',*,*,#2616,.T.);
#3618=ORIENTED_EDGE('',*,*,#2617,.F.);
#3619=ORIENTED_EDGE('',*,*,#2615,.T.);
#3620=ORIENTED_EDGE('',*,*,#2618,.T.);
#3621=ORIENTED_EDGE('',*,*,#2619,.F.);
#3622=ORIENTED_EDGE('',*,*,#2612,.T.);
#3623=ORIENTED_EDGE('',*,*,#2617,.T.);
#3624=ORIENTED_EDGE('',*,*,#2571,.F.);
#3625=ORIENTED_EDGE('',*,*,#2598,.T.);
#3626=ORIENTED_EDGE('',*,*,#2620,.F.);
#3627=ORIENTED_EDGE('',*,*,#2577,.T.);
#3628=ORIENTED_EDGE('',*,*,#2619,.T.);
#3629=ORIENTED_EDGE('',*,*,#2578,.T.);
#3630=ORIENTED_EDGE('',*,*,#2620,.T.);
#3631=ORIENTED_EDGE('',*,*,#2613,.T.);
#3632=ORIENTED_EDGE('',*,*,#2621,.T.);
#3633=ORIENTED_EDGE('',*,*,#2591,.T.);
#3634=ORIENTED_EDGE('',*,*,#2622,.F.);
#3635=ORIENTED_EDGE('',*,*,#2623,.T.);
#3636=ORIENTED_EDGE('',*,*,#2622,.T.);
#3637=ORIENTED_EDGE('',*,*,#2595,.T.);
#3638=ORIENTED_EDGE('',*,*,#2624,.F.);
#3639=ORIENTED_EDGE('',*,*,#2624,.T.);
#3640=ORIENTED_EDGE('',*,*,#2594,.T.);
#3641=ORIENTED_EDGE('',*,*,#2575,.T.);
#3642=ORIENTED_EDGE('',*,*,#2580,.T.);
#3643=ORIENTED_EDGE('',*,*,#2625,.T.);
#3644=ORIENTED_EDGE('',*,*,#2626,.T.);
#3645=ORIENTED_EDGE('',*,*,#2627,.T.);
#3646=ORIENTED_EDGE('',*,*,#2628,.F.);
#3647=ORIENTED_EDGE('',*,*,#2625,.F.);
#3648=ORIENTED_EDGE('',*,*,#2629,.F.);
#3649=ORIENTED_EDGE('',*,*,#2630,.T.);
#3650=ORIENTED_EDGE('',*,*,#2627,.F.);
#3651=ORIENTED_EDGE('',*,*,#2631,.T.);
#3652=ORIENTED_EDGE('',*,*,#2632,.F.);
#3653=ORIENTED_EDGE('',*,*,#2631,.F.);
#3654=ORIENTED_EDGE('',*,*,#2633,.T.);
#3655=ORIENTED_EDGE('',*,*,#2634,.F.);
#3656=ORIENTED_EDGE('',*,*,#2635,.T.);
#3657=ORIENTED_EDGE('',*,*,#2626,.F.);
#3658=ORIENTED_EDGE('',*,*,#2636,.F.);
#3659=ORIENTED_EDGE('',*,*,#2637,.F.);
#3660=ORIENTED_EDGE('',*,*,#2638,.F.);
#3661=ORIENTED_EDGE('',*,*,#2639,.F.);
#3662=ORIENTED_EDGE('',*,*,#2633,.F.);
#3663=ORIENTED_EDGE('',*,*,#2459,.T.);
#3664=ORIENTED_EDGE('',*,*,#2640,.T.);
#3665=ORIENTED_EDGE('',*,*,#2641,.T.);
#3666=ORIENTED_EDGE('',*,*,#2295,.T.);
#3667=ORIENTED_EDGE('',*,*,#2642,.T.);
#3668=ORIENTED_EDGE('',*,*,#2296,.T.);
#3669=ORIENTED_EDGE('',*,*,#2641,.F.);
#3670=ORIENTED_EDGE('',*,*,#2643,.T.);
#3671=ORIENTED_EDGE('',*,*,#2644,.T.);
#3672=ORIENTED_EDGE('',*,*,#2642,.F.);
#3673=ORIENTED_EDGE('',*,*,#2645,.T.);
#3674=ORIENTED_EDGE('',*,*,#2646,.T.);
#3675=ORIENTED_EDGE('',*,*,#2647,.T.);
#3676=ORIENTED_EDGE('',*,*,#2646,.F.);
#3677=ORIENTED_EDGE('',*,*,#2648,.T.);
#3678=ORIENTED_EDGE('',*,*,#2648,.F.);
#3679=ORIENTED_EDGE('',*,*,#2649,.T.);
#3680=ORIENTED_EDGE('',*,*,#2650,.F.);
#3681=ORIENTED_EDGE('',*,*,#2651,.F.);
#3682=ORIENTED_EDGE('',*,*,#2645,.F.);
#3683=ORIENTED_EDGE('',*,*,#2643,.F.);
#3684=ORIENTED_EDGE('',*,*,#2652,.F.);
#3685=ORIENTED_EDGE('',*,*,#2653,.F.);
#3686=ORIENTED_EDGE('',*,*,#2654,.F.);
#3687=ORIENTED_EDGE('',*,*,#2649,.F.);
#3688=ORIENTED_EDGE('',*,*,#2640,.F.);
#3689=ORIENTED_EDGE('',*,*,#2458,.T.);
#3690=ORIENTED_EDGE('',*,*,#2655,.F.);
#3691=ORIENTED_EDGE('',*,*,#2656,.T.);
#3692=ORIENTED_EDGE('',*,*,#2657,.F.);
#3693=ORIENTED_EDGE('',*,*,#2629,.T.);
#3694=ORIENTED_EDGE('',*,*,#2628,.T.);
#3695=ORIENTED_EDGE('',*,*,#2632,.T.);
#3696=ORIENTED_EDGE('',*,*,#2635,.F.);
#3697=ORIENTED_EDGE('',*,*,#2652,.T.);
#3698=ORIENTED_EDGE('',*,*,#2658,.T.);
#3699=ORIENTED_EDGE('',*,*,#2659,.T.);
#3700=ORIENTED_EDGE('',*,*,#2660,.T.);
#3701=ORIENTED_EDGE('',*,*,#2323,.T.);
#3702=ORIENTED_EDGE('',*,*,#2457,.T.);
#3703=ORIENTED_EDGE('',*,*,#2324,.T.);
#3704=ORIENTED_EDGE('',*,*,#2660,.F.);
#3705=ORIENTED_EDGE('',*,*,#2655,.T.);
#3706=ORIENTED_EDGE('',*,*,#2661,.T.);
#3707=ORIENTED_EDGE('',*,*,#2662,.T.);
#3708=ORIENTED_EDGE('',*,*,#2663,.T.);
#3709=ORIENTED_EDGE('',*,*,#2658,.F.);
#3710=ORIENTED_EDGE('',*,*,#2664,.T.);
#3711=ORIENTED_EDGE('',*,*,#2665,.T.);
#3712=ORIENTED_EDGE('',*,*,#2662,.F.);
#3713=ORIENTED_EDGE('',*,*,#2666,.F.);
#3714=ORIENTED_EDGE('',*,*,#2667,.F.);
#3715=ORIENTED_EDGE('',*,*,#2668,.T.);
#3716=ORIENTED_EDGE('',*,*,#2669,.T.);
#3717=ORIENTED_EDGE('',*,*,#2663,.F.);
#3718=ORIENTED_EDGE('',*,*,#2670,.F.);
#3719=ORIENTED_EDGE('',*,*,#2671,.F.);
#3720=ORIENTED_EDGE('',*,*,#2672,.F.);
#3721=ORIENTED_EDGE('',*,*,#2656,.F.);
#3722=ORIENTED_EDGE('',*,*,#2659,.F.);
#3723=ORIENTED_EDGE('',*,*,#2665,.F.);
#3724=ORIENTED_EDGE('',*,*,#2673,.F.);
#3725=ORIENTED_EDGE('',*,*,#2674,.F.);
#3726=ORIENTED_EDGE('',*,*,#2670,.T.);
#3727=ORIENTED_EDGE('',*,*,#2675,.T.);
#3728=ORIENTED_EDGE('',*,*,#2676,.F.);
#3729=ORIENTED_EDGE('',*,*,#2674,.T.);
#3730=ORIENTED_EDGE('',*,*,#2677,.T.);
#3731=ORIENTED_EDGE('',*,*,#2678,.F.);
#3732=ORIENTED_EDGE('',*,*,#2671,.T.);
#3733=ORIENTED_EDGE('',*,*,#2676,.T.);
#3734=ORIENTED_EDGE('',*,*,#2630,.F.);
#3735=ORIENTED_EDGE('',*,*,#2657,.T.);
#3736=ORIENTED_EDGE('',*,*,#2679,.F.);
#3737=ORIENTED_EDGE('',*,*,#2636,.T.);
#3738=ORIENTED_EDGE('',*,*,#2678,.T.);
#3739=ORIENTED_EDGE('',*,*,#2637,.T.);
#3740=ORIENTED_EDGE('',*,*,#2679,.T.);
#3741=ORIENTED_EDGE('',*,*,#2672,.T.);
#3742=ORIENTED_EDGE('',*,*,#2680,.T.);
#3743=ORIENTED_EDGE('',*,*,#2650,.T.);
#3744=ORIENTED_EDGE('',*,*,#2681,.F.);
#3745=ORIENTED_EDGE('',*,*,#2682,.T.);
#3746=ORIENTED_EDGE('',*,*,#2681,.T.);
#3747=ORIENTED_EDGE('',*,*,#2654,.T.);
#3748=ORIENTED_EDGE('',*,*,#2683,.F.);
#3749=ORIENTED_EDGE('',*,*,#2683,.T.);
#3750=ORIENTED_EDGE('',*,*,#2653,.T.);
#3751=ORIENTED_EDGE('',*,*,#2634,.T.);
#3752=ORIENTED_EDGE('',*,*,#2639,.T.);
#3753=ORIENTED_EDGE('',*,*,#2684,.T.);
#3754=ORIENTED_EDGE('',*,*,#2685,.T.);
#3755=ORIENTED_EDGE('',*,*,#2686,.T.);
#3756=ORIENTED_EDGE('',*,*,#2687,.F.);
#3757=ORIENTED_EDGE('',*,*,#2684,.F.);
#3758=ORIENTED_EDGE('',*,*,#2688,.F.);
#3759=ORIENTED_EDGE('',*,*,#2689,.T.);
#3760=ORIENTED_EDGE('',*,*,#2686,.F.);
#3761=ORIENTED_EDGE('',*,*,#2690,.T.);
#3762=ORIENTED_EDGE('',*,*,#2691,.F.);
#3763=ORIENTED_EDGE('',*,*,#2690,.F.);
#3764=ORIENTED_EDGE('',*,*,#2692,.T.);
#3765=ORIENTED_EDGE('',*,*,#2693,.F.);
#3766=ORIENTED_EDGE('',*,*,#2694,.T.);
#3767=ORIENTED_EDGE('',*,*,#2685,.F.);
#3768=ORIENTED_EDGE('',*,*,#2695,.F.);
#3769=ORIENTED_EDGE('',*,*,#2696,.F.);
#3770=ORIENTED_EDGE('',*,*,#2697,.F.);
#3771=ORIENTED_EDGE('',*,*,#2698,.F.);
#3772=ORIENTED_EDGE('',*,*,#2692,.F.);
#3773=ORIENTED_EDGE('',*,*,#2465,.T.);
#3774=ORIENTED_EDGE('',*,*,#2699,.T.);
#3775=ORIENTED_EDGE('',*,*,#2700,.T.);
#3776=ORIENTED_EDGE('',*,*,#2311,.T.);
#3777=ORIENTED_EDGE('',*,*,#2701,.T.);
#3778=ORIENTED_EDGE('',*,*,#2312,.T.);
#3779=ORIENTED_EDGE('',*,*,#2700,.F.);
#3780=ORIENTED_EDGE('',*,*,#2702,.T.);
#3781=ORIENTED_EDGE('',*,*,#2703,.T.);
#3782=ORIENTED_EDGE('',*,*,#2701,.F.);
#3783=ORIENTED_EDGE('',*,*,#2704,.T.);
#3784=ORIENTED_EDGE('',*,*,#2705,.T.);
#3785=ORIENTED_EDGE('',*,*,#2706,.T.);
#3786=ORIENTED_EDGE('',*,*,#2705,.F.);
#3787=ORIENTED_EDGE('',*,*,#2707,.T.);
#3788=ORIENTED_EDGE('',*,*,#2707,.F.);
#3789=ORIENTED_EDGE('',*,*,#2708,.T.);
#3790=ORIENTED_EDGE('',*,*,#2709,.F.);
#3791=ORIENTED_EDGE('',*,*,#2710,.F.);
#3792=ORIENTED_EDGE('',*,*,#2704,.F.);
#3793=ORIENTED_EDGE('',*,*,#2702,.F.);
#3794=ORIENTED_EDGE('',*,*,#2711,.F.);
#3795=ORIENTED_EDGE('',*,*,#2712,.F.);
#3796=ORIENTED_EDGE('',*,*,#2713,.F.);
#3797=ORIENTED_EDGE('',*,*,#2708,.F.);
#3798=ORIENTED_EDGE('',*,*,#2699,.F.);
#3799=ORIENTED_EDGE('',*,*,#2464,.T.);
#3800=ORIENTED_EDGE('',*,*,#2714,.F.);
#3801=ORIENTED_EDGE('',*,*,#2715,.T.);
#3802=ORIENTED_EDGE('',*,*,#2716,.F.);
#3803=ORIENTED_EDGE('',*,*,#2688,.T.);
#3804=ORIENTED_EDGE('',*,*,#2687,.T.);
#3805=ORIENTED_EDGE('',*,*,#2691,.T.);
#3806=ORIENTED_EDGE('',*,*,#2694,.F.);
#3807=ORIENTED_EDGE('',*,*,#2711,.T.);
#3808=ORIENTED_EDGE('',*,*,#2485,.T.);
#3809=ORIENTED_EDGE('',*,*,#2486,.T.);
#3810=ORIENTED_EDGE('',*,*,#2717,.T.);
#3811=ORIENTED_EDGE('',*,*,#2718,.T.);
#3812=ORIENTED_EDGE('',*,*,#2719,.T.);
#3813=ORIENTED_EDGE('',*,*,#2339,.T.);
#3814=ORIENTED_EDGE('',*,*,#2463,.T.);
#3815=ORIENTED_EDGE('',*,*,#2340,.T.);
#3816=ORIENTED_EDGE('',*,*,#2719,.F.);
#3817=ORIENTED_EDGE('',*,*,#2714,.T.);
#3818=ORIENTED_EDGE('',*,*,#2720,.T.);
#3819=ORIENTED_EDGE('',*,*,#2721,.T.);
#3820=ORIENTED_EDGE('',*,*,#2722,.T.);
#3821=ORIENTED_EDGE('',*,*,#2717,.F.);
#3822=ORIENTED_EDGE('',*,*,#2723,.T.);
#3823=ORIENTED_EDGE('',*,*,#2724,.T.);
#3824=ORIENTED_EDGE('',*,*,#2721,.F.);
#3825=ORIENTED_EDGE('',*,*,#2725,.F.);
#3826=ORIENTED_EDGE('',*,*,#2726,.F.);
#3827=ORIENTED_EDGE('',*,*,#2727,.T.);
#3828=ORIENTED_EDGE('',*,*,#2728,.T.);
#3829=ORIENTED_EDGE('',*,*,#2185,.T.);
#3830=ORIENTED_EDGE('',*,*,#2729,.T.);
#3831=ORIENTED_EDGE('',*,*,#2438,.T.);
#3832=ORIENTED_EDGE('',*,*,#2395,.F.);
#3833=ORIENTED_EDGE('',*,*,#2439,.T.);
#3834=ORIENTED_EDGE('',*,*,#2729,.F.);
#3835=ORIENTED_EDGE('',*,*,#2722,.F.);
#3836=ORIENTED_EDGE('',*,*,#2730,.F.);
#3837=ORIENTED_EDGE('',*,*,#2731,.F.);
#3838=ORIENTED_EDGE('',*,*,#2732,.F.);
#3839=ORIENTED_EDGE('',*,*,#2715,.F.);
#3840=ORIENTED_EDGE('',*,*,#2718,.F.);
#3841=ORIENTED_EDGE('',*,*,#2724,.F.);
#3842=ORIENTED_EDGE('',*,*,#2733,.F.);
#3843=ORIENTED_EDGE('',*,*,#2734,.F.);
#3844=ORIENTED_EDGE('',*,*,#2730,.T.);
#3845=ORIENTED_EDGE('',*,*,#2735,.T.);
#3846=ORIENTED_EDGE('',*,*,#2736,.F.);
#3847=ORIENTED_EDGE('',*,*,#2734,.T.);
#3848=ORIENTED_EDGE('',*,*,#2737,.T.);
#3849=ORIENTED_EDGE('',*,*,#2738,.F.);
#3850=ORIENTED_EDGE('',*,*,#2731,.T.);
#3851=ORIENTED_EDGE('',*,*,#2736,.T.);
#3852=ORIENTED_EDGE('',*,*,#2689,.F.);
#3853=ORIENTED_EDGE('',*,*,#2716,.T.);
#3854=ORIENTED_EDGE('',*,*,#2739,.F.);
#3855=ORIENTED_EDGE('',*,*,#2695,.T.);
#3856=ORIENTED_EDGE('',*,*,#2738,.T.);
#3857=ORIENTED_EDGE('',*,*,#2696,.T.);
#3858=ORIENTED_EDGE('',*,*,#2739,.T.);
#3859=ORIENTED_EDGE('',*,*,#2732,.T.);
#3860=ORIENTED_EDGE('',*,*,#2740,.T.);
#3861=ORIENTED_EDGE('',*,*,#2709,.T.);
#3862=ORIENTED_EDGE('',*,*,#2741,.F.);
#3863=ORIENTED_EDGE('',*,*,#2742,.T.);
#3864=ORIENTED_EDGE('',*,*,#2741,.T.);
#3865=ORIENTED_EDGE('',*,*,#2713,.T.);
#3866=ORIENTED_EDGE('',*,*,#2743,.F.);
#3867=ORIENTED_EDGE('',*,*,#2743,.T.);
#3868=ORIENTED_EDGE('',*,*,#2712,.T.);
#3869=ORIENTED_EDGE('',*,*,#2693,.T.);
#3870=ORIENTED_EDGE('',*,*,#2698,.T.);
#3871=ORIENTED_EDGE('',*,*,#2744,.T.);
#3872=ORIENTED_EDGE('',*,*,#2745,.T.);
#3873=ORIENTED_EDGE('',*,*,#2746,.T.);
#3874=ORIENTED_EDGE('',*,*,#2747,.F.);
#3875=ORIENTED_EDGE('',*,*,#2744,.F.);
#3876=ORIENTED_EDGE('',*,*,#2748,.F.);
#3877=ORIENTED_EDGE('',*,*,#2749,.T.);
#3878=ORIENTED_EDGE('',*,*,#2746,.F.);
#3879=ORIENTED_EDGE('',*,*,#2750,.T.);
#3880=ORIENTED_EDGE('',*,*,#2751,.F.);
#3881=ORIENTED_EDGE('',*,*,#2750,.F.);
#3882=ORIENTED_EDGE('',*,*,#2752,.T.);
#3883=ORIENTED_EDGE('',*,*,#2753,.F.);
#3884=ORIENTED_EDGE('',*,*,#2754,.T.);
#3885=ORIENTED_EDGE('',*,*,#2745,.F.);
#3886=ORIENTED_EDGE('',*,*,#2755,.F.);
#3887=ORIENTED_EDGE('',*,*,#2756,.F.);
#3888=ORIENTED_EDGE('',*,*,#2757,.F.);
#3889=ORIENTED_EDGE('',*,*,#2758,.F.);
#3890=ORIENTED_EDGE('',*,*,#2752,.F.);
#3891=ORIENTED_EDGE('',*,*,#2471,.T.);
#3892=ORIENTED_EDGE('',*,*,#2759,.T.);
#3893=ORIENTED_EDGE('',*,*,#2760,.T.);
#3894=ORIENTED_EDGE('',*,*,#2327,.T.);
#3895=ORIENTED_EDGE('',*,*,#2761,.T.);
#3896=ORIENTED_EDGE('',*,*,#2328,.T.);
#3897=ORIENTED_EDGE('',*,*,#2760,.F.);
#3898=ORIENTED_EDGE('',*,*,#2762,.T.);
#3899=ORIENTED_EDGE('',*,*,#2763,.T.);
#3900=ORIENTED_EDGE('',*,*,#2761,.F.);
#3901=ORIENTED_EDGE('',*,*,#2764,.T.);
#3902=ORIENTED_EDGE('',*,*,#2765,.T.);
#3903=ORIENTED_EDGE('',*,*,#2766,.T.);
#3904=ORIENTED_EDGE('',*,*,#2765,.F.);
#3905=ORIENTED_EDGE('',*,*,#2767,.T.);
#3906=ORIENTED_EDGE('',*,*,#2767,.F.);
#3907=ORIENTED_EDGE('',*,*,#2768,.T.);
#3908=ORIENTED_EDGE('',*,*,#2769,.F.);
#3909=ORIENTED_EDGE('',*,*,#2770,.F.);
#3910=ORIENTED_EDGE('',*,*,#2764,.F.);
#3911=ORIENTED_EDGE('',*,*,#2762,.F.);
#3912=ORIENTED_EDGE('',*,*,#2771,.F.);
#3913=ORIENTED_EDGE('',*,*,#2772,.F.);
#3914=ORIENTED_EDGE('',*,*,#2773,.F.);
#3915=ORIENTED_EDGE('',*,*,#2768,.F.);
#3916=ORIENTED_EDGE('',*,*,#2759,.F.);
#3917=ORIENTED_EDGE('',*,*,#2470,.T.);
#3918=ORIENTED_EDGE('',*,*,#2774,.F.);
#3919=ORIENTED_EDGE('',*,*,#2775,.T.);
#3920=ORIENTED_EDGE('',*,*,#2776,.F.);
#3921=ORIENTED_EDGE('',*,*,#2748,.T.);
#3922=ORIENTED_EDGE('',*,*,#2747,.T.);
#3923=ORIENTED_EDGE('',*,*,#2751,.T.);
#3924=ORIENTED_EDGE('',*,*,#2754,.F.);
#3925=ORIENTED_EDGE('',*,*,#2771,.T.);
#3926=ORIENTED_EDGE('',*,*,#2777,.T.);
#3927=ORIENTED_EDGE('',*,*,#2778,.T.);
#3928=ORIENTED_EDGE('',*,*,#2779,.T.);
#3929=ORIENTED_EDGE('',*,*,#2355,.T.);
#3930=ORIENTED_EDGE('',*,*,#2469,.T.);
#3931=ORIENTED_EDGE('',*,*,#2356,.T.);
#3932=ORIENTED_EDGE('',*,*,#2779,.F.);
#3933=ORIENTED_EDGE('',*,*,#2774,.T.);
#3934=ORIENTED_EDGE('',*,*,#2780,.T.);
#3935=ORIENTED_EDGE('',*,*,#2781,.T.);
#3936=ORIENTED_EDGE('',*,*,#2782,.T.);
#3937=ORIENTED_EDGE('',*,*,#2777,.F.);
#3938=ORIENTED_EDGE('',*,*,#2783,.T.);
#3939=ORIENTED_EDGE('',*,*,#2784,.T.);
#3940=ORIENTED_EDGE('',*,*,#2781,.F.);
#3941=ORIENTED_EDGE('',*,*,#2785,.F.);
#3942=ORIENTED_EDGE('',*,*,#2786,.F.);
#3943=ORIENTED_EDGE('',*,*,#2787,.T.);
#3944=ORIENTED_EDGE('',*,*,#2788,.T.);
#3945=ORIENTED_EDGE('',*,*,#2189,.T.);
#3946=ORIENTED_EDGE('',*,*,#2789,.T.);
#3947=ORIENTED_EDGE('',*,*,#2442,.T.);
#3948=ORIENTED_EDGE('',*,*,#2391,.F.);
#3949=ORIENTED_EDGE('',*,*,#2411,.F.);
#3950=ORIENTED_EDGE('',*,*,#2443,.T.);
#3951=ORIENTED_EDGE('',*,*,#2789,.F.);
#3952=ORIENTED_EDGE('',*,*,#2782,.F.);
#3953=ORIENTED_EDGE('',*,*,#2790,.F.);
#3954=ORIENTED_EDGE('',*,*,#2791,.F.);
#3955=ORIENTED_EDGE('',*,*,#2792,.F.);
#3956=ORIENTED_EDGE('',*,*,#2775,.F.);
#3957=ORIENTED_EDGE('',*,*,#2778,.F.);
#3958=ORIENTED_EDGE('',*,*,#2784,.F.);
#3959=ORIENTED_EDGE('',*,*,#2793,.F.);
#3960=ORIENTED_EDGE('',*,*,#2794,.F.);
#3961=ORIENTED_EDGE('',*,*,#2790,.T.);
#3962=ORIENTED_EDGE('',*,*,#2795,.T.);
#3963=ORIENTED_EDGE('',*,*,#2796,.F.);
#3964=ORIENTED_EDGE('',*,*,#2794,.T.);
#3965=ORIENTED_EDGE('',*,*,#2797,.T.);
#3966=ORIENTED_EDGE('',*,*,#2798,.F.);
#3967=ORIENTED_EDGE('',*,*,#2791,.T.);
#3968=ORIENTED_EDGE('',*,*,#2796,.T.);
#3969=ORIENTED_EDGE('',*,*,#2749,.F.);
#3970=ORIENTED_EDGE('',*,*,#2776,.T.);
#3971=ORIENTED_EDGE('',*,*,#2799,.F.);
#3972=ORIENTED_EDGE('',*,*,#2755,.T.);
#3973=ORIENTED_EDGE('',*,*,#2798,.T.);
#3974=ORIENTED_EDGE('',*,*,#2756,.T.);
#3975=ORIENTED_EDGE('',*,*,#2799,.T.);
#3976=ORIENTED_EDGE('',*,*,#2792,.T.);
#3977=ORIENTED_EDGE('',*,*,#2800,.T.);
#3978=ORIENTED_EDGE('',*,*,#2769,.T.);
#3979=ORIENTED_EDGE('',*,*,#2801,.F.);
#3980=ORIENTED_EDGE('',*,*,#2802,.T.);
#3981=ORIENTED_EDGE('',*,*,#2801,.T.);
#3982=ORIENTED_EDGE('',*,*,#2773,.T.);
#3983=ORIENTED_EDGE('',*,*,#2803,.F.);
#3984=ORIENTED_EDGE('',*,*,#2803,.T.);
#3985=ORIENTED_EDGE('',*,*,#2772,.T.);
#3986=ORIENTED_EDGE('',*,*,#2753,.T.);
#3987=ORIENTED_EDGE('',*,*,#2758,.T.);
#3988=ORIENTED_EDGE('',*,*,#2804,.T.);
#3989=ORIENTED_EDGE('',*,*,#2805,.T.);
#3990=ORIENTED_EDGE('',*,*,#2806,.T.);
#3991=ORIENTED_EDGE('',*,*,#2807,.F.);
#3992=ORIENTED_EDGE('',*,*,#2804,.F.);
#3993=ORIENTED_EDGE('',*,*,#2808,.F.);
#3994=ORIENTED_EDGE('',*,*,#2809,.T.);
#3995=ORIENTED_EDGE('',*,*,#2806,.F.);
#3996=ORIENTED_EDGE('',*,*,#2810,.T.);
#3997=ORIENTED_EDGE('',*,*,#2811,.F.);
#3998=ORIENTED_EDGE('',*,*,#2810,.F.);
#3999=ORIENTED_EDGE('',*,*,#2812,.T.);
#4000=ORIENTED_EDGE('',*,*,#2813,.F.);
#4001=ORIENTED_EDGE('',*,*,#2814,.T.);
#4002=ORIENTED_EDGE('',*,*,#2805,.F.);
#4003=ORIENTED_EDGE('',*,*,#2815,.F.);
#4004=ORIENTED_EDGE('',*,*,#2816,.F.);
#4005=ORIENTED_EDGE('',*,*,#2817,.F.);
#4006=ORIENTED_EDGE('',*,*,#2818,.F.);
#4007=ORIENTED_EDGE('',*,*,#2812,.F.);
#4008=ORIENTED_EDGE('',*,*,#2477,.T.);
#4009=ORIENTED_EDGE('',*,*,#2819,.T.);
#4010=ORIENTED_EDGE('',*,*,#2820,.T.);
#4011=ORIENTED_EDGE('',*,*,#2343,.T.);
#4012=ORIENTED_EDGE('',*,*,#2821,.T.);
#4013=ORIENTED_EDGE('',*,*,#2344,.T.);
#4014=ORIENTED_EDGE('',*,*,#2820,.F.);
#4015=ORIENTED_EDGE('',*,*,#2822,.T.);
#4016=ORIENTED_EDGE('',*,*,#2823,.T.);
#4017=ORIENTED_EDGE('',*,*,#2821,.F.);
#4018=ORIENTED_EDGE('',*,*,#2824,.T.);
#4019=ORIENTED_EDGE('',*,*,#2825,.T.);
#4020=ORIENTED_EDGE('',*,*,#2826,.T.);
#4021=ORIENTED_EDGE('',*,*,#2825,.F.);
#4022=ORIENTED_EDGE('',*,*,#2827,.T.);
#4023=ORIENTED_EDGE('',*,*,#2827,.F.);
#4024=ORIENTED_EDGE('',*,*,#2828,.T.);
#4025=ORIENTED_EDGE('',*,*,#2829,.F.);
#4026=ORIENTED_EDGE('',*,*,#2830,.F.);
#4027=ORIENTED_EDGE('',*,*,#2824,.F.);
#4028=ORIENTED_EDGE('',*,*,#2822,.F.);
#4029=ORIENTED_EDGE('',*,*,#2831,.F.);
#4030=ORIENTED_EDGE('',*,*,#2832,.F.);
#4031=ORIENTED_EDGE('',*,*,#2833,.F.);
#4032=ORIENTED_EDGE('',*,*,#2828,.F.);
#4033=ORIENTED_EDGE('',*,*,#2819,.F.);
#4034=ORIENTED_EDGE('',*,*,#2476,.T.);
#4035=ORIENTED_EDGE('',*,*,#2834,.F.);
#4036=ORIENTED_EDGE('',*,*,#2835,.T.);
#4037=ORIENTED_EDGE('',*,*,#2836,.F.);
#4038=ORIENTED_EDGE('',*,*,#2808,.T.);
#4039=ORIENTED_EDGE('',*,*,#2807,.T.);
#4040=ORIENTED_EDGE('',*,*,#2811,.T.);
#4041=ORIENTED_EDGE('',*,*,#2814,.F.);
#4042=ORIENTED_EDGE('',*,*,#2831,.T.);
#4043=ORIENTED_EDGE('',*,*,#2837,.T.);
#4044=ORIENTED_EDGE('',*,*,#2838,.T.);
#4045=ORIENTED_EDGE('',*,*,#2839,.T.);
#4046=ORIENTED_EDGE('',*,*,#2383,.T.);
#4047=ORIENTED_EDGE('',*,*,#2475,.T.);
#4048=ORIENTED_EDGE('',*,*,#2384,.T.);
#4049=ORIENTED_EDGE('',*,*,#2839,.F.);
#4050=ORIENTED_EDGE('',*,*,#2834,.T.);
#4051=ORIENTED_EDGE('',*,*,#2840,.T.);
#4052=ORIENTED_EDGE('',*,*,#2841,.T.);
#4053=ORIENTED_EDGE('',*,*,#2842,.T.);
#4054=ORIENTED_EDGE('',*,*,#2837,.F.);
#4055=ORIENTED_EDGE('',*,*,#2843,.T.);
#4056=ORIENTED_EDGE('',*,*,#2844,.T.);
#4057=ORIENTED_EDGE('',*,*,#2841,.F.);
#4058=ORIENTED_EDGE('',*,*,#2845,.F.);
#4059=ORIENTED_EDGE('',*,*,#2846,.F.);
#4060=ORIENTED_EDGE('',*,*,#2847,.T.);
#4061=ORIENTED_EDGE('',*,*,#2848,.T.);
#4062=ORIENTED_EDGE('',*,*,#2849,.F.);
#4063=ORIENTED_EDGE('',*,*,#2610,.F.);
#4064=ORIENTED_EDGE('',*,*,#2850,.F.);
#4065=ORIENTED_EDGE('',*,*,#2669,.F.);
#4066=ORIENTED_EDGE('',*,*,#2851,.F.);
#4067=ORIENTED_EDGE('',*,*,#2852,.T.);
#4068=ORIENTED_EDGE('',*,*,#2853,.F.);
#4069=ORIENTED_EDGE('',*,*,#2852,.F.);
#4070=ORIENTED_EDGE('',*,*,#2854,.F.);
#4071=ORIENTED_EDGE('',*,*,#2728,.F.);
#4072=ORIENTED_EDGE('',*,*,#2855,.F.);
#4073=ORIENTED_EDGE('',*,*,#2788,.F.);
#4074=ORIENTED_EDGE('',*,*,#2856,.F.);
#4075=ORIENTED_EDGE('',*,*,#2848,.F.);
#4076=ORIENTED_EDGE('',*,*,#2849,.T.);
#4077=ORIENTED_EDGE('',*,*,#2847,.F.);
#4078=ORIENTED_EDGE('',*,*,#2846,.T.);
#4079=ORIENTED_EDGE('',*,*,#2845,.T.);
#4080=ORIENTED_EDGE('',*,*,#2856,.T.);
#4081=ORIENTED_EDGE('',*,*,#2787,.F.);
#4082=ORIENTED_EDGE('',*,*,#2786,.T.);
#4083=ORIENTED_EDGE('',*,*,#2785,.T.);
#4084=ORIENTED_EDGE('',*,*,#2855,.T.);
#4085=ORIENTED_EDGE('',*,*,#2727,.F.);
#4086=ORIENTED_EDGE('',*,*,#2726,.T.);
#4087=ORIENTED_EDGE('',*,*,#2725,.T.);
#4088=ORIENTED_EDGE('',*,*,#2854,.T.);
#4089=ORIENTED_EDGE('',*,*,#2851,.T.);
#4090=ORIENTED_EDGE('',*,*,#2668,.F.);
#4091=ORIENTED_EDGE('',*,*,#2667,.T.);
#4092=ORIENTED_EDGE('',*,*,#2666,.T.);
#4093=ORIENTED_EDGE('',*,*,#2850,.T.);
#4094=ORIENTED_EDGE('',*,*,#2609,.F.);
#4095=ORIENTED_EDGE('',*,*,#2608,.T.);
#4096=ORIENTED_EDGE('',*,*,#2607,.T.);
#4097=ORIENTED_EDGE('',*,*,#2556,.T.);
#4098=ORIENTED_EDGE('',*,*,#2564,.T.);
#4099=ORIENTED_EDGE('',*,*,#2174,.T.);
#4100=ORIENTED_EDGE('',*,*,#2182,.T.);
#4101=ORIENTED_EDGE('',*,*,#2190,.T.);
#4102=ORIENTED_EDGE('',*,*,#2358,.T.);
#4103=ORIENTED_EDGE('',*,*,#2361,.T.);
#4104=ORIENTED_EDGE('',*,*,#2364,.T.);
#4105=ORIENTED_EDGE('',*,*,#2367,.T.);
#4106=ORIENTED_EDGE('',*,*,#2386,.T.);
#4107=ORIENTED_EDGE('',*,*,#2298,.T.);
#4108=ORIENTED_EDGE('',*,*,#2226,.F.);
#4109=ORIENTED_EDGE('',*,*,#2230,.T.);
#4110=ORIENTED_EDGE('',*,*,#2231,.F.);
#4111=ORIENTED_EDGE('',*,*,#2297,.T.);
#4112=ORIENTED_EDGE('',*,*,#2644,.F.);
#4113=ORIENTED_EDGE('',*,*,#2647,.F.);
#4114=ORIENTED_EDGE('',*,*,#2651,.T.);
#4115=ORIENTED_EDGE('',*,*,#2680,.F.);
#4116=ORIENTED_EDGE('',*,*,#2682,.F.);
#4117=ORIENTED_EDGE('',*,*,#2638,.T.);
#4118=ORIENTED_EDGE('',*,*,#2677,.F.);
#4119=ORIENTED_EDGE('',*,*,#2675,.F.);
#4120=ORIENTED_EDGE('',*,*,#2673,.T.);
#4121=ORIENTED_EDGE('',*,*,#2664,.F.);
#4122=ORIENTED_EDGE('',*,*,#2661,.F.);
#4123=ORIENTED_EDGE('',*,*,#2322,.T.);
#4124=ORIENTED_EDGE('',*,*,#2202,.F.);
#4125=ORIENTED_EDGE('',*,*,#2198,.T.);
#4126=ORIENTED_EDGE('',*,*,#2194,.F.);
#4127=ORIENTED_EDGE('',*,*,#2321,.T.);
#4128=ORIENTED_EDGE('',*,*,#2534,.F.);
#4129=ORIENTED_EDGE('',*,*,#2532,.T.);
#4130=ORIENTED_EDGE('',*,*,#2526,.F.);
#4131=ORIENTED_EDGE('',*,*,#2314,.T.);
#4132=ORIENTED_EDGE('',*,*,#2206,.F.);
#4133=ORIENTED_EDGE('',*,*,#2210,.T.);
#4134=ORIENTED_EDGE('',*,*,#2211,.F.);
#4135=ORIENTED_EDGE('',*,*,#2313,.T.);
#4136=ORIENTED_EDGE('',*,*,#2703,.F.);
#4137=ORIENTED_EDGE('',*,*,#2706,.F.);
#4138=ORIENTED_EDGE('',*,*,#2710,.T.);
#4139=ORIENTED_EDGE('',*,*,#2740,.F.);
#4140=ORIENTED_EDGE('',*,*,#2742,.F.);
#4141=ORIENTED_EDGE('',*,*,#2697,.T.);
#4142=ORIENTED_EDGE('',*,*,#2737,.F.);
#4143=ORIENTED_EDGE('',*,*,#2735,.F.);
#4144=ORIENTED_EDGE('',*,*,#2733,.T.);
#4145=ORIENTED_EDGE('',*,*,#2723,.F.);
#4146=ORIENTED_EDGE('',*,*,#2720,.F.);
#4147=ORIENTED_EDGE('',*,*,#2338,.T.);
#4148=ORIENTED_EDGE('',*,*,#2222,.F.);
#4149=ORIENTED_EDGE('',*,*,#2218,.T.);
#4150=ORIENTED_EDGE('',*,*,#2214,.F.);
#4151=ORIENTED_EDGE('',*,*,#2337,.T.);
#4152=ORIENTED_EDGE('',*,*,#2546,.F.);
#4153=ORIENTED_EDGE('',*,*,#2544,.T.);
#4154=ORIENTED_EDGE('',*,*,#2538,.F.);
#4155=ORIENTED_EDGE('',*,*,#2330,.T.);
#4156=ORIENTED_EDGE('',*,*,#2236,.F.);
#4157=ORIENTED_EDGE('',*,*,#2240,.T.);
#4158=ORIENTED_EDGE('',*,*,#2241,.F.);
#4159=ORIENTED_EDGE('',*,*,#2329,.T.);
#4160=ORIENTED_EDGE('',*,*,#2763,.F.);
#4161=ORIENTED_EDGE('',*,*,#2766,.F.);
#4162=ORIENTED_EDGE('',*,*,#2770,.T.);
#4163=ORIENTED_EDGE('',*,*,#2800,.F.);
#4164=ORIENTED_EDGE('',*,*,#2802,.F.);
#4165=ORIENTED_EDGE('',*,*,#2757,.T.);
#4166=ORIENTED_EDGE('',*,*,#2797,.F.);
#4167=ORIENTED_EDGE('',*,*,#2795,.F.);
#4168=ORIENTED_EDGE('',*,*,#2793,.T.);
#4169=ORIENTED_EDGE('',*,*,#2783,.F.);
#4170=ORIENTED_EDGE('',*,*,#2780,.F.);
#4171=ORIENTED_EDGE('',*,*,#2354,.T.);
#4172=ORIENTED_EDGE('',*,*,#2252,.F.);
#4173=ORIENTED_EDGE('',*,*,#2248,.T.);
#4174=ORIENTED_EDGE('',*,*,#2244,.F.);
#4175=ORIENTED_EDGE('',*,*,#2353,.T.);
#4176=ORIENTED_EDGE('',*,*,#2498,.F.);
#4177=ORIENTED_EDGE('',*,*,#2496,.T.);
#4178=ORIENTED_EDGE('',*,*,#2490,.F.);
#4179=ORIENTED_EDGE('',*,*,#2346,.T.);
#4180=ORIENTED_EDGE('',*,*,#2256,.F.);
#4181=ORIENTED_EDGE('',*,*,#2260,.T.);
#4182=ORIENTED_EDGE('',*,*,#2261,.F.);
#4183=ORIENTED_EDGE('',*,*,#2345,.T.);
#4184=ORIENTED_EDGE('',*,*,#2823,.F.);
#4185=ORIENTED_EDGE('',*,*,#2826,.F.);
#4186=ORIENTED_EDGE('',*,*,#2830,.T.);
#4187=ORIENTED_EDGE('',*,*,#2857,.F.);
#4188=ORIENTED_EDGE('',*,*,#2858,.F.);
#4189=ORIENTED_EDGE('',*,*,#2817,.T.);
#4190=ORIENTED_EDGE('',*,*,#2859,.F.);
#4191=ORIENTED_EDGE('',*,*,#2860,.F.);
#4192=ORIENTED_EDGE('',*,*,#2861,.T.);
#4193=ORIENTED_EDGE('',*,*,#2843,.F.);
#4194=ORIENTED_EDGE('',*,*,#2840,.F.);
#4195=ORIENTED_EDGE('',*,*,#2382,.T.);
#4196=ORIENTED_EDGE('',*,*,#2282,.F.);
#4197=ORIENTED_EDGE('',*,*,#2278,.T.);
#4198=ORIENTED_EDGE('',*,*,#2274,.F.);
#4199=ORIENTED_EDGE('',*,*,#2381,.T.);
#4200=ORIENTED_EDGE('',*,*,#2510,.F.);
#4201=ORIENTED_EDGE('',*,*,#2508,.T.);
#4202=ORIENTED_EDGE('',*,*,#2502,.F.);
#4203=ORIENTED_EDGE('',*,*,#2520,.T.);
#4204=ORIENTED_EDGE('',*,*,#2514,.F.);
#4205=ORIENTED_EDGE('',*,*,#2374,.T.);
#4206=ORIENTED_EDGE('',*,*,#2286,.F.);
#4207=ORIENTED_EDGE('',*,*,#2290,.T.);
#4208=ORIENTED_EDGE('',*,*,#2291,.F.);
#4209=ORIENTED_EDGE('',*,*,#2373,.T.);
#4210=ORIENTED_EDGE('',*,*,#2585,.F.);
#4211=ORIENTED_EDGE('',*,*,#2588,.F.);
#4212=ORIENTED_EDGE('',*,*,#2592,.T.);
#4213=ORIENTED_EDGE('',*,*,#2621,.F.);
#4214=ORIENTED_EDGE('',*,*,#2623,.F.);
#4215=ORIENTED_EDGE('',*,*,#2579,.T.);
#4216=ORIENTED_EDGE('',*,*,#2618,.F.);
#4217=ORIENTED_EDGE('',*,*,#2616,.F.);
#4218=ORIENTED_EDGE('',*,*,#2614,.T.);
#4219=ORIENTED_EDGE('',*,*,#2605,.F.);
#4220=ORIENTED_EDGE('',*,*,#2602,.F.);
#4221=ORIENTED_EDGE('',*,*,#2306,.T.);
#4222=ORIENTED_EDGE('',*,*,#2266,.F.);
#4223=ORIENTED_EDGE('',*,*,#2270,.T.);
#4224=ORIENTED_EDGE('',*,*,#2271,.F.);
#4225=ORIENTED_EDGE('',*,*,#2305,.T.);
#4226=ORIENTED_EDGE('',*,*,#2522,.F.);
#4227=ORIENTED_EDGE('',*,*,#2548,.T.);
#4228=ORIENTED_EDGE('',*,*,#2186,.T.);
#4229=ORIENTED_EDGE('',*,*,#2178,.T.);
#4230=ORIENTED_EDGE('',*,*,#2552,.T.);
#4231=ORIENTED_EDGE('',*,*,#2560,.T.);
#4232=ORIENTED_EDGE('',*,*,#2554,.T.);
#4233=ORIENTED_EDGE('',*,*,#2432,.F.);
#4234=ORIENTED_EDGE('',*,*,#2862,.T.);
#4235=ORIENTED_EDGE('',*,*,#2863,.T.);
#4236=ORIENTED_EDGE('',*,*,#2864,.T.);
#4237=ORIENTED_EDGE('',*,*,#2862,.F.);
#4238=ORIENTED_EDGE('',*,*,#2431,.F.);
#4239=ORIENTED_EDGE('',*,*,#2865,.T.);
#4240=ORIENTED_EDGE('',*,*,#2866,.T.);
#4241=ORIENTED_EDGE('',*,*,#2863,.F.);
#4242=ORIENTED_EDGE('',*,*,#2864,.F.);
#4243=ORIENTED_EDGE('',*,*,#2866,.F.);
#4244=ORIENTED_EDGE('',*,*,#2867,.T.);
#4245=ORIENTED_EDGE('',*,*,#2865,.F.);
#4246=ORIENTED_EDGE('',*,*,#2868,.T.);
#4247=ORIENTED_EDGE('',*,*,#2869,.F.);
#4248=ORIENTED_EDGE('',*,*,#2870,.F.);
#4249=ORIENTED_EDGE('',*,*,#2868,.F.);
#4250=ORIENTED_EDGE('',*,*,#2867,.F.);
#4251=ORIENTED_EDGE('',*,*,#2853,.T.);
#4252=ORIENTED_EDGE('',*,*,#2871,.T.);
#4253=ORIENTED_EDGE('',*,*,#2869,.T.);
#4254=ORIENTED_EDGE('',*,*,#2870,.T.);
#4255=ORIENTED_EDGE('',*,*,#2871,.F.);
#4256=ORIENTED_EDGE('',*,*,#2872,.T.);
#4257=ORIENTED_EDGE('',*,*,#2873,.T.);
#4258=ORIENTED_EDGE('',*,*,#2550,.T.);
#4259=ORIENTED_EDGE('',*,*,#2551,.T.);
#4260=ORIENTED_EDGE('',*,*,#2873,.F.);
#4261=ORIENTED_EDGE('',*,*,#2448,.T.);
#4262=ORIENTED_EDGE('',*,*,#2874,.T.);
#4263=ORIENTED_EDGE('',*,*,#2872,.F.);
#4264=ORIENTED_EDGE('',*,*,#2874,.F.);
#4265=ORIENTED_EDGE('',*,*,#2193,.T.);
#4266=ORIENTED_EDGE('',*,*,#2875,.T.);
#4267=ORIENTED_EDGE('',*,*,#2446,.T.);
#4268=ORIENTED_EDGE('',*,*,#2407,.F.);
#4269=ORIENTED_EDGE('',*,*,#2447,.T.);
#4270=ORIENTED_EDGE('',*,*,#2875,.F.);
#4271=ORIENTED_EDGE('',*,*,#2842,.F.);
#4272=ORIENTED_EDGE('',*,*,#2876,.F.);
#4273=ORIENTED_EDGE('',*,*,#2877,.F.);
#4274=ORIENTED_EDGE('',*,*,#2878,.F.);
#4275=ORIENTED_EDGE('',*,*,#2835,.F.);
#4276=ORIENTED_EDGE('',*,*,#2838,.F.);
#4277=ORIENTED_EDGE('',*,*,#2844,.F.);
#4278=ORIENTED_EDGE('',*,*,#2861,.F.);
#4279=ORIENTED_EDGE('',*,*,#2879,.F.);
#4280=ORIENTED_EDGE('',*,*,#2876,.T.);
#4281=ORIENTED_EDGE('',*,*,#2860,.T.);
#4282=ORIENTED_EDGE('',*,*,#2880,.F.);
#4283=ORIENTED_EDGE('',*,*,#2879,.T.);
#4284=ORIENTED_EDGE('',*,*,#2859,.T.);
#4285=ORIENTED_EDGE('',*,*,#2881,.F.);
#4286=ORIENTED_EDGE('',*,*,#2877,.T.);
#4287=ORIENTED_EDGE('',*,*,#2880,.T.);
#4288=ORIENTED_EDGE('',*,*,#2809,.F.);
#4289=ORIENTED_EDGE('',*,*,#2836,.T.);
#4290=ORIENTED_EDGE('',*,*,#2882,.F.);
#4291=ORIENTED_EDGE('',*,*,#2815,.T.);
#4292=ORIENTED_EDGE('',*,*,#2881,.T.);
#4293=ORIENTED_EDGE('',*,*,#2816,.T.);
#4294=ORIENTED_EDGE('',*,*,#2882,.T.);
#4295=ORIENTED_EDGE('',*,*,#2878,.T.);
#4296=ORIENTED_EDGE('',*,*,#2857,.T.);
#4297=ORIENTED_EDGE('',*,*,#2829,.T.);
#4298=ORIENTED_EDGE('',*,*,#2883,.F.);
#4299=ORIENTED_EDGE('',*,*,#2858,.T.);
#4300=ORIENTED_EDGE('',*,*,#2883,.T.);
#4301=ORIENTED_EDGE('',*,*,#2833,.T.);
#4302=ORIENTED_EDGE('',*,*,#2884,.F.);
#4303=ORIENTED_EDGE('',*,*,#2884,.T.);
#4304=ORIENTED_EDGE('',*,*,#2832,.T.);
#4305=ORIENTED_EDGE('',*,*,#2813,.T.);
#4306=ORIENTED_EDGE('',*,*,#2818,.T.);
#4307=CYLINDRICAL_SURFACE('',#4657,6.);
#4308=CYLINDRICAL_SURFACE('',#4662,6.0000000000001);
#4309=CYLINDRICAL_SURFACE('',#4667,6.00000000000009);
#4310=CYLINDRICAL_SURFACE('',#4672,6.00000000000009);
#4311=CYLINDRICAL_SURFACE('',#4677,6.00000000000009);
#4312=CYLINDRICAL_SURFACE('',#4682,10.);
#4313=CYLINDRICAL_SURFACE('',#4685,7.00000000000003);
#4314=CYLINDRICAL_SURFACE('',#4688,10.);
#4315=CYLINDRICAL_SURFACE('',#4691,10.);
#4316=CYLINDRICAL_SURFACE('',#4694,7.00000000000003);
#4317=CYLINDRICAL_SURFACE('',#4697,10.);
#4318=CYLINDRICAL_SURFACE('',#4700,10.);
#4319=CYLINDRICAL_SURFACE('',#4703,7.00000000000003);
#4320=CYLINDRICAL_SURFACE('',#4706,10.);
#4321=CYLINDRICAL_SURFACE('',#4709,10.);
#4322=CYLINDRICAL_SURFACE('',#4712,7.00000000000003);
#4323=CYLINDRICAL_SURFACE('',#4715,10.);
#4324=CYLINDRICAL_SURFACE('',#4718,10.);
#4325=CYLINDRICAL_SURFACE('',#4721,7.00000000000003);
#4326=CYLINDRICAL_SURFACE('',#4724,10.);
#4327=CYLINDRICAL_SURFACE('',#4727,10.);
#4328=CYLINDRICAL_SURFACE('',#4730,7.00000000000003);
#4329=CYLINDRICAL_SURFACE('',#4733,10.);
#4330=CYLINDRICAL_SURFACE('',#4736,10.);
#4331=CYLINDRICAL_SURFACE('',#4739,7.00000000000003);
#4332=CYLINDRICAL_SURFACE('',#4742,10.);
#4333=CYLINDRICAL_SURFACE('',#4745,10.);
#4334=CYLINDRICAL_SURFACE('',#4748,7.00000000000003);
#4335=CYLINDRICAL_SURFACE('',#4751,10.);
#4336=CYLINDRICAL_SURFACE('',#4754,10.);
#4337=CYLINDRICAL_SURFACE('',#4757,7.00000000000003);
#4338=CYLINDRICAL_SURFACE('',#4760,10.);
#4339=CYLINDRICAL_SURFACE('',#4763,10.);
#4340=CYLINDRICAL_SURFACE('',#4766,7.00000000000003);
#4341=CYLINDRICAL_SURFACE('',#4769,10.);
#4342=CYLINDRICAL_SURFACE('',#4788,2.30000000000004);
#4343=CYLINDRICAL_SURFACE('',#4791,2.30000000000004);
#4344=CYLINDRICAL_SURFACE('',#4794,2.30000000000004);
#4345=CYLINDRICAL_SURFACE('',#4797,2.30000000000004);
#4346=CYLINDRICAL_SURFACE('',#4804,2.30000000000004);
#4347=CYLINDRICAL_SURFACE('',#4825,2.75);
#4348=CYLINDRICAL_SURFACE('',#4832,2.75);
#4349=CYLINDRICAL_SURFACE('',#4871,6.);
#4350=CYLINDRICAL_SURFACE('',#4874,36.);
#4351=CYLINDRICAL_SURFACE('',#4880,36.);
#4352=CYLINDRICAL_SURFACE('',#4886,36.);
#4353=CYLINDRICAL_SURFACE('',#4892,36.);
#4354=CYLINDRICAL_SURFACE('',#4898,36.);
#4355=CYLINDRICAL_SURFACE('',#4903,29.1);
#4356=CYLINDRICAL_SURFACE('',#4907,2.3);
#4357=CYLINDRICAL_SURFACE('',#4909,2.3);
#4358=CYLINDRICAL_SURFACE('',#4911,2.3);
#4359=CYLINDRICAL_SURFACE('',#4915,2.3);
#4360=CYLINDRICAL_SURFACE('',#4919,2.3);
#4361=CYLINDRICAL_SURFACE('',#4926,6.);
#4362=CYLINDRICAL_SURFACE('',#4928,6.5);
#4363=CYLINDRICAL_SURFACE('',#4936,64.5);
#4364=CYLINDRICAL_SURFACE('',#4946,6.);
#4365=CYLINDRICAL_SURFACE('',#4955,6.);
#4366=CYLINDRICAL_SURFACE('',#4957,6.5);
#4367=CYLINDRICAL_SURFACE('',#4965,64.5);
#4368=CYLINDRICAL_SURFACE('',#4975,6.);
#4369=CYLINDRICAL_SURFACE('',#4984,6.);
#4370=CYLINDRICAL_SURFACE('',#4986,6.5);
#4371=CYLINDRICAL_SURFACE('',#4994,64.5);
#4372=CYLINDRICAL_SURFACE('',#4998,2.75);
#4373=CYLINDRICAL_SURFACE('',#5005,6.);
#4374=CYLINDRICAL_SURFACE('',#5014,6.);
#4375=CYLINDRICAL_SURFACE('',#5016,6.5);
#4376=CYLINDRICAL_SURFACE('',#5024,64.5);
#4377=CYLINDRICAL_SURFACE('',#5028,2.75);
#4378=CYLINDRICAL_SURFACE('',#5035,6.);
#4379=CYLINDRICAL_SURFACE('',#5044,6.);
#4380=CYLINDRICAL_SURFACE('',#5046,6.5);
#4381=CYLINDRICAL_SURFACE('',#5054,64.5);
#4382=CYLINDRICAL_SURFACE('',#5079,85.);
#4383=CYLINDRICAL_SURFACE('',#5082,26.5);
#4384=CYLINDRICAL_SURFACE('',#5083,2.75);
#4385=CYLINDRICAL_SURFACE('',#5089,6.);
#4386=ADVANCED_FACE('',(#450),#4307,.F.);
#4387=ADVANCED_FACE('',(#451,#362),#402,.F.);
#4388=ADVANCED_FACE('',(#452),#4308,.F.);
#4389=ADVANCED_FACE('',(#453,#363),#403,.F.);
#4390=ADVANCED_FACE('',(#454),#4309,.F.);
#4391=ADVANCED_FACE('',(#455,#364),#404,.F.);
#4392=ADVANCED_FACE('',(#456),#4310,.F.);
#4393=ADVANCED_FACE('',(#457,#365),#405,.F.);
#4394=ADVANCED_FACE('',(#458),#4311,.F.);
#4395=ADVANCED_FACE('',(#459,#366),#406,.F.);
#4396=ADVANCED_FACE('',(#460),#4312,.F.);
#4397=ADVANCED_FACE('',(#461),#4313,.T.);
#4398=ADVANCED_FACE('',(#462),#4314,.F.);
#4399=ADVANCED_FACE('',(#463),#4315,.F.);
#4400=ADVANCED_FACE('',(#464),#4316,.T.);
#4401=ADVANCED_FACE('',(#465),#4317,.F.);
#4402=ADVANCED_FACE('',(#466),#4318,.F.);
#4403=ADVANCED_FACE('',(#467),#4319,.T.);
#4404=ADVANCED_FACE('',(#468),#4320,.F.);
#4405=ADVANCED_FACE('',(#469),#4321,.F.);
#4406=ADVANCED_FACE('',(#470),#4322,.T.);
#4407=ADVANCED_FACE('',(#471),#4323,.F.);
#4408=ADVANCED_FACE('',(#472),#4324,.F.);
#4409=ADVANCED_FACE('',(#473),#4325,.T.);
#4410=ADVANCED_FACE('',(#474),#4326,.F.);
#4411=ADVANCED_FACE('',(#475),#4327,.F.);
#4412=ADVANCED_FACE('',(#476),#4328,.T.);
#4413=ADVANCED_FACE('',(#477),#4329,.F.);
#4414=ADVANCED_FACE('',(#478),#4330,.F.);
#4415=ADVANCED_FACE('',(#479),#4331,.T.);
#4416=ADVANCED_FACE('',(#480),#4332,.F.);
#4417=ADVANCED_FACE('',(#481),#4333,.F.);
#4418=ADVANCED_FACE('',(#482),#4334,.T.);
#4419=ADVANCED_FACE('',(#483),#4335,.F.);
#4420=ADVANCED_FACE('',(#484),#4336,.F.);
#4421=ADVANCED_FACE('',(#485),#4337,.T.);
#4422=ADVANCED_FACE('',(#486),#4338,.F.);
#4423=ADVANCED_FACE('',(#487),#4339,.F.);
#4424=ADVANCED_FACE('',(#488),#4340,.T.);
#4425=ADVANCED_FACE('',(#489),#4341,.F.);
#4426=ADVANCED_FACE('',(#490),#407,.T.);
#4427=ADVANCED_FACE('',(#491),#408,.T.);
#4428=ADVANCED_FACE('',(#492),#409,.T.);
#4429=ADVANCED_FACE('',(#493),#410,.T.);
#4430=ADVANCED_FACE('',(#494),#411,.T.);
#4431=ADVANCED_FACE('',(#495),#412,.T.);
#4432=ADVANCED_FACE('',(#496),#413,.T.);
#4433=ADVANCED_FACE('',(#497),#414,.T.);
#4434=ADVANCED_FACE('',(#498),#415,.T.);
#4435=ADVANCED_FACE('',(#499),#416,.T.);
#4436=ADVANCED_FACE('',(#500),#417,.T.);
#4437=ADVANCED_FACE('',(#501),#418,.T.);
#4438=ADVANCED_FACE('',(#502),#419,.T.);
#4439=ADVANCED_FACE('',(#503),#420,.T.);
#4440=ADVANCED_FACE('',(#504),#421,.T.);
#4441=ADVANCED_FACE('',(#505),#422,.T.);
#4442=ADVANCED_FACE('',(#506),#4342,.F.);
#4443=ADVANCED_FACE('',(#507),#4343,.F.);
#4444=ADVANCED_FACE('',(#508),#4344,.F.);
#4445=ADVANCED_FACE('',(#509),#4345,.F.);
#4446=ADVANCED_FACE('',(#510),#423,.T.);
#4447=ADVANCED_FACE('',(#511),#424,.T.);
#4448=ADVANCED_FACE('',(#512),#425,.T.);
#4449=ADVANCED_FACE('',(#513),#426,.T.);
#4450=ADVANCED_FACE('',(#514),#4346,.F.);
#4451=ADVANCED_FACE('',(#515),#131,.T.);
#4452=ADVANCED_FACE('',(#516),#106,.F.);
#4453=ADVANCED_FACE('',(#517),#4347,.F.);
#4454=ADVANCED_FACE('',(#518),#107,.F.);
#4455=ADVANCED_FACE('',(#519),#4348,.F.);
#4456=ADVANCED_FACE('',(#520),#108,.F.);
#4457=ADVANCED_FACE('',(#521,#367),#109,.T.);
#4458=ADVANCED_FACE('',(#522),#15,.F.);
#4459=ADVANCED_FACE('',(#523,#368,#369,#370,#371,#372,#373,#374,#375,#376,
#377,#378),#427,.F.);
#4460=ADVANCED_FACE('',(#524),#132,.T.);
#4461=ADVANCED_FACE('',(#525,#379),#428,.T.);
#4462=ADVANCED_FACE('',(#526),#4349,.F.);
#4463=ADVANCED_FACE('',(#527),#110,.F.);
#4464=ADVANCED_FACE('',(#528),#429,.T.);
#4465=ADVANCED_FACE('',(#529),#16,.T.);
#4466=ADVANCED_FACE('',(#530),#4350,.T.);
#4467=ADVANCED_FACE('',(#531),#111,.T.);
#4468=ADVANCED_FACE('',(#532),#17,.T.);
#4469=ADVANCED_FACE('',(#533),#430,.T.);
#4470=ADVANCED_FACE('',(#534),#431,.T.);
#4471=ADVANCED_FACE('',(#535),#18,.T.);
#4472=ADVANCED_FACE('',(#536),#4351,.T.);
#4473=ADVANCED_FACE('',(#537),#112,.T.);
#4474=ADVANCED_FACE('',(#538),#19,.T.);
#4475=ADVANCED_FACE('',(#539),#432,.T.);
#4476=ADVANCED_FACE('',(#540),#433,.T.);
#4477=ADVANCED_FACE('',(#541),#20,.T.);
#4478=ADVANCED_FACE('',(#542),#4352,.T.);
#4479=ADVANCED_FACE('',(#543),#113,.T.);
#4480=ADVANCED_FACE('',(#544),#21,.T.);
#4481=ADVANCED_FACE('',(#545),#434,.T.);
#4482=ADVANCED_FACE('',(#546),#435,.T.);
#4483=ADVANCED_FACE('',(#547),#22,.T.);
#4484=ADVANCED_FACE('',(#548),#4353,.T.);
#4485=ADVANCED_FACE('',(#549),#114,.T.);
#4486=ADVANCED_FACE('',(#550),#23,.T.);
#4487=ADVANCED_FACE('',(#551),#436,.T.);
#4488=ADVANCED_FACE('',(#552),#437,.T.);
#4489=ADVANCED_FACE('',(#553),#24,.T.);
#4490=ADVANCED_FACE('',(#554),#4354,.T.);
#4491=ADVANCED_FACE('',(#555),#115,.T.);
#4492=ADVANCED_FACE('',(#556),#25,.T.);
#4493=ADVANCED_FACE('',(#557),#438,.T.);
#4494=ADVANCED_FACE('',(#558),#4355,.F.);
#4495=ADVANCED_FACE('',(#559),#4356,.F.);
#4496=ADVANCED_FACE('',(#560),#4357,.F.);
#4497=ADVANCED_FACE('',(#561),#4358,.F.);
#4498=ADVANCED_FACE('',(#562),#116,.F.);
#4499=ADVANCED_FACE('',(#563),#4359,.F.);
#4500=ADVANCED_FACE('',(#564),#117,.F.);
#4501=ADVANCED_FACE('',(#565),#4360,.F.);
#4502=ADVANCED_FACE('',(#566),#26,.F.);
#4503=ADVANCED_FACE('',(#567),#27,.F.);
#4504=ADVANCED_FACE('',(#568),#28,.F.);
#4505=ADVANCED_FACE('',(#569),#4361,.F.);
#4506=ADVANCED_FACE('',(#570),#4362,.T.);
#4507=ADVANCED_FACE('',(#571),#439,.T.);
#4508=ADVANCED_FACE('',(#572),#29,.T.);
#4509=ADVANCED_FACE('',(#573),#30,.T.);
#4510=ADVANCED_FACE('',(#574),#31,.T.);
#4511=ADVANCED_FACE('',(#575),#118,.F.);
#4512=ADVANCED_FACE('',(#576),#133,.T.);
#4513=ADVANCED_FACE('',(#577),#4363,.F.);
#4514=ADVANCED_FACE('',(#578),#32,.T.);
#4515=ADVANCED_FACE('',(#579),#440,.T.);
#4516=ADVANCED_FACE('',(#580),#33,.T.);
#4517=ADVANCED_FACE('',(#581),#34,.T.);
#4518=ADVANCED_FACE('',(#582),#35,.T.);
#4519=ADVANCED_FACE('',(#583),#134,.T.);
#4520=ADVANCED_FACE('',(#584),#119,.F.);
#4521=ADVANCED_FACE('',(#585),#36,.T.);
#4522=ADVANCED_FACE('',(#586),#37,.T.);
#4523=ADVANCED_FACE('',(#587),#4364,.F.);
#4524=ADVANCED_FACE('',(#588),#38,.T.);
#4525=ADVANCED_FACE('',(#589),#39,.T.);
#4526=ADVANCED_FACE('',(#590),#40,.T.);
#4527=ADVANCED_FACE('',(#591),#41,.T.);
#4528=ADVANCED_FACE('',(#592),#42,.F.);
#4529=ADVANCED_FACE('',(#593),#43,.F.);
#4530=ADVANCED_FACE('',(#594),#44,.F.);
#4531=ADVANCED_FACE('',(#595),#4365,.F.);
#4532=ADVANCED_FACE('',(#596),#4366,.T.);
#4533=ADVANCED_FACE('',(#597),#441,.T.);
#4534=ADVANCED_FACE('',(#598),#45,.T.);
#4535=ADVANCED_FACE('',(#599),#46,.T.);
#4536=ADVANCED_FACE('',(#600),#47,.T.);
#4537=ADVANCED_FACE('',(#601),#120,.F.);
#4538=ADVANCED_FACE('',(#602),#135,.T.);
#4539=ADVANCED_FACE('',(#603),#4367,.F.);
#4540=ADVANCED_FACE('',(#604),#48,.T.);
#4541=ADVANCED_FACE('',(#605),#442,.T.);
#4542=ADVANCED_FACE('',(#606),#49,.T.);
#4543=ADVANCED_FACE('',(#607),#50,.T.);
#4544=ADVANCED_FACE('',(#608),#51,.T.);
#4545=ADVANCED_FACE('',(#609),#136,.T.);
#4546=ADVANCED_FACE('',(#610),#121,.F.);
#4547=ADVANCED_FACE('',(#611),#52,.T.);
#4548=ADVANCED_FACE('',(#612),#53,.T.);
#4549=ADVANCED_FACE('',(#613),#4368,.F.);
#4550=ADVANCED_FACE('',(#614),#54,.T.);
#4551=ADVANCED_FACE('',(#615),#55,.T.);
#4552=ADVANCED_FACE('',(#616),#56,.T.);
#4553=ADVANCED_FACE('',(#617),#57,.T.);
#4554=ADVANCED_FACE('',(#618),#58,.F.);
#4555=ADVANCED_FACE('',(#619),#59,.F.);
#4556=ADVANCED_FACE('',(#620),#60,.F.);
#4557=ADVANCED_FACE('',(#621),#4369,.F.);
#4558=ADVANCED_FACE('',(#622),#4370,.T.);
#4559=ADVANCED_FACE('',(#623),#443,.T.);
#4560=ADVANCED_FACE('',(#624),#61,.T.);
#4561=ADVANCED_FACE('',(#625),#62,.T.);
#4562=ADVANCED_FACE('',(#626),#63,.T.);
#4563=ADVANCED_FACE('',(#627),#122,.F.);
#4564=ADVANCED_FACE('',(#628),#137,.T.);
#4565=ADVANCED_FACE('',(#629,#380),#4371,.F.);
#4566=ADVANCED_FACE('',(#630),#64,.T.);
#4567=ADVANCED_FACE('',(#631),#444,.T.);
#4568=ADVANCED_FACE('',(#632),#65,.T.);
#4569=ADVANCED_FACE('',(#633),#66,.T.);
#4570=ADVANCED_FACE('',(#634),#67,.T.);
#4571=ADVANCED_FACE('',(#635),#4372,.F.);
#4572=ADVANCED_FACE('',(#636),#138,.T.);
#4573=ADVANCED_FACE('',(#637),#123,.F.);
#4574=ADVANCED_FACE('',(#638),#68,.T.);
#4575=ADVANCED_FACE('',(#639),#69,.T.);
#4576=ADVANCED_FACE('',(#640),#4373,.F.);
#4577=ADVANCED_FACE('',(#641),#70,.T.);
#4578=ADVANCED_FACE('',(#642),#71,.T.);
#4579=ADVANCED_FACE('',(#643),#72,.T.);
#4580=ADVANCED_FACE('',(#644),#73,.T.);
#4581=ADVANCED_FACE('',(#645),#74,.F.);
#4582=ADVANCED_FACE('',(#646),#75,.F.);
#4583=ADVANCED_FACE('',(#647),#76,.F.);
#4584=ADVANCED_FACE('',(#648),#4374,.F.);
#4585=ADVANCED_FACE('',(#649),#4375,.T.);
#4586=ADVANCED_FACE('',(#650),#445,.T.);
#4587=ADVANCED_FACE('',(#651),#77,.T.);
#4588=ADVANCED_FACE('',(#652),#78,.T.);
#4589=ADVANCED_FACE('',(#653),#79,.T.);
#4590=ADVANCED_FACE('',(#654),#124,.F.);
#4591=ADVANCED_FACE('',(#655),#139,.T.);
#4592=ADVANCED_FACE('',(#656),#4376,.F.);
#4593=ADVANCED_FACE('',(#657),#80,.T.);
#4594=ADVANCED_FACE('',(#658),#446,.T.);
#4595=ADVANCED_FACE('',(#659),#81,.T.);
#4596=ADVANCED_FACE('',(#660),#82,.T.);
#4597=ADVANCED_FACE('',(#661),#83,.T.);
#4598=ADVANCED_FACE('',(#662),#4377,.F.);
#4599=ADVANCED_FACE('',(#663),#140,.T.);
#4600=ADVANCED_FACE('',(#664),#125,.F.);
#4601=ADVANCED_FACE('',(#665),#84,.T.);
#4602=ADVANCED_FACE('',(#666),#85,.T.);
#4603=ADVANCED_FACE('',(#667),#4378,.F.);
#4604=ADVANCED_FACE('',(#668),#86,.T.);
#4605=ADVANCED_FACE('',(#669),#87,.T.);
#4606=ADVANCED_FACE('',(#670),#88,.T.);
#4607=ADVANCED_FACE('',(#671),#89,.T.);
#4608=ADVANCED_FACE('',(#672),#90,.F.);
#4609=ADVANCED_FACE('',(#673),#91,.F.);
#4610=ADVANCED_FACE('',(#674),#92,.F.);
#4611=ADVANCED_FACE('',(#675),#4379,.F.);
#4612=ADVANCED_FACE('',(#676),#4380,.T.);
#4613=ADVANCED_FACE('',(#677),#447,.T.);
#4614=ADVANCED_FACE('',(#678),#93,.T.);
#4615=ADVANCED_FACE('',(#679),#94,.T.);
#4616=ADVANCED_FACE('',(#680),#95,.T.);
#4617=ADVANCED_FACE('',(#681),#126,.F.);
#4618=ADVANCED_FACE('',(#682),#141,.T.);
#4619=ADVANCED_FACE('',(#683),#4381,.F.);
#4620=ADVANCED_FACE('',(#684),#96,.T.);
#4621=ADVANCED_FACE('',(#685),#448,.T.);
#4622=ADVANCED_FACE('',(#686),#97,.T.);
#4623=ADVANCED_FACE('',(#687),#98,.T.);
#4624=ADVANCED_FACE('',(#688),#99,.T.);
#4625=ADVANCED_FACE('',(#689),#127,.T.);
#4626=ADVANCED_FACE('',(#690,#381,#382,#383,#384,#385,#386,#387,#388,#389,
#390,#391,#392,#393,#394,#395,#396,#397,#398,#399,#400,#401),#449,.T.);
#4627=ADVANCED_FACE('',(#691),#142,.F.);
#4628=ADVANCED_FACE('',(#692),#128,.T.);
#4629=ADVANCED_FACE('',(#693),#143,.T.);
#4630=ADVANCED_FACE('',(#694),#4382,.T.);
#4631=ADVANCED_FACE('',(#695),#129,.F.);
#4632=ADVANCED_FACE('',(#696),#4383,.F.);
#4633=ADVANCED_FACE('',(#697),#4384,.F.);
#4634=ADVANCED_FACE('',(#698),#144,.T.);
#4635=ADVANCED_FACE('',(#699),#130,.F.);
#4636=ADVANCED_FACE('',(#700),#100,.T.);
#4637=ADVANCED_FACE('',(#701),#101,.T.);
#4638=ADVANCED_FACE('',(#702),#4385,.F.);
#4639=ADVANCED_FACE('',(#703),#102,.T.);
#4640=ADVANCED_FACE('',(#704),#103,.T.);
#4641=ADVANCED_FACE('',(#705),#104,.T.);
#4642=ADVANCED_FACE('',(#706),#105,.T.);
#4643=CLOSED_SHELL('',(#4386,#4387,#4388,#4389,#4390,#4391,#4392,#4393,
#4394,#4395,#4396,#4397,#4398,#4399,#4400,#4401,#4402,#4403,#4404,#4405,
#4406,#4407,#4408,#4409,#4410,#4411,#4412,#4413,#4414,#4415,#4416,#4417,
#4418,#4419,#4420,#4421,#4422,#4423,#4424,#4425,#4426,#4427,#4428,#4429,
#4430,#4431,#4432,#4433,#4434,#4435,#4436,#4437,#4438,#4439,#4440,#4441,
#4442,#4443,#4444,#4445,#4446,#4447,#4448,#4449,#4450,#4451,#4452,#4453,
#4454,#4455,#4456,#4457,#4458,#4459,#4460,#4461,#4462,#4463,#4464,#4465,
#4466,#4467,#4468,#4469,#4470,#4471,#4472,#4473,#4474,#4475,#4476,#4477,
#4478,#4479,#4480,#4481,#4482,#4483,#4484,#4485,#4486,#4487,#4488,#4489,
#4490,#4491,#4492,#4493,#4494,#4495,#4496,#4497,#4498,#4499,#4500,#4501,
#4502,#4503,#4504,#4505,#4506,#4507,#4508,#4509,#4510,#4511,#4512,#4513,
#4514,#4515,#4516,#4517,#4518,#4519,#4520,#4521,#4522,#4523,#4524,#4525,
#4526,#4527,#4528,#4529,#4530,#4531,#4532,#4533,#4534,#4535,#4536,#4537,
#4538,#4539,#4540,#4541,#4542,#4543,#4544,#4545,#4546,#4547,#4548,#4549,
#4550,#4551,#4552,#4553,#4554,#4555,#4556,#4557,#4558,#4559,#4560,#4561,
#4562,#4563,#4564,#4565,#4566,#4567,#4568,#4569,#4570,#4571,#4572,#4573,
#4574,#4575,#4576,#4577,#4578,#4579,#4580,#4581,#4582,#4583,#4584,#4585,
#4586,#4587,#4588,#4589,#4590,#4591,#4592,#4593,#4594,#4595,#4596,#4597,
#4598,#4599,#4600,#4601,#4602,#4603,#4604,#4605,#4606,#4607,#4608,#4609,
#4610,#4611,#4612,#4613,#4614,#4615,#4616,#4617,#4618,#4619,#4620,#4621,
#4622,#4623,#4624,#4625,#4626,#4627,#4628,#4629,#4630,#4631,#4632,#4633,
#4634,#4635,#4636,#4637,#4638,#4639,#4640,#4641,#4642));
#4644=DERIVED_UNIT_ELEMENT(#4646,1.);
#4645=DERIVED_UNIT_ELEMENT(#11248,-3.);
#4646=(
MASS_UNIT()
NAMED_UNIT(*)
SI_UNIT(.KILO.,.GRAM.)
);
#4647=DERIVED_UNIT((#4644,#4645));
#4648=MEASURE_REPRESENTATION_ITEM('density measure',
POSITIVE_RATIO_MEASURE(7850.),#4647);
#4649=PROPERTY_DEFINITION_REPRESENTATION(#4654,#4651);
#4650=PROPERTY_DEFINITION_REPRESENTATION(#4655,#4652);
#4651=REPRESENTATION('material name',(#4653),#11245);
#4652=REPRESENTATION('density',(#4648),#11245);
#4653=DESCRIPTIVE_REPRESENTATION_ITEM('Steel','Steel');
#4654=PROPERTY_DEFINITION('material property','material name',#11255);
#4655=PROPERTY_DEFINITION('material property','density of part',#11255);
#4656=AXIS2_PLACEMENT_3D('',#6191,#5093,#5094);
#4657=AXIS2_PLACEMENT_3D('',#6192,#5095,#5096);
#4658=AXIS2_PLACEMENT_3D('',#6194,#5097,#5098);
#4659=AXIS2_PLACEMENT_3D('',#6197,#5100,#5101);
#4660=AXIS2_PLACEMENT_3D('',#6198,#5102,#5103);
#4661=AXIS2_PLACEMENT_3D('',#6200,#5104,#5105);
#4662=AXIS2_PLACEMENT_3D('',#6201,#5106,#5107);
#4663=AXIS2_PLACEMENT_3D('',#6203,#5108,#5109);
#4664=AXIS2_PLACEMENT_3D('',#6206,#5111,#5112);
#4665=AXIS2_PLACEMENT_3D('',#6207,#5113,#5114);
#4666=AXIS2_PLACEMENT_3D('',#6209,#5115,#5116);
#4667=AXIS2_PLACEMENT_3D('',#6210,#5117,#5118);
#4668=AXIS2_PLACEMENT_3D('',#6212,#5119,#5120);
#4669=AXIS2_PLACEMENT_3D('',#6215,#5122,#5123);
#4670=AXIS2_PLACEMENT_3D('',#6216,#5124,#5125);
#4671=AXIS2_PLACEMENT_3D('',#6218,#5126,#5127);
#4672=AXIS2_PLACEMENT_3D('',#6219,#5128,#5129);
#4673=AXIS2_PLACEMENT_3D('',#6221,#5130,#5131);
#4674=AXIS2_PLACEMENT_3D('',#6224,#5133,#5134);
#4675=AXIS2_PLACEMENT_3D('',#6225,#5135,#5136);
#4676=AXIS2_PLACEMENT_3D('',#6227,#5137,#5138);
#4677=AXIS2_PLACEMENT_3D('',#6228,#5139,#5140);
#4678=AXIS2_PLACEMENT_3D('',#6230,#5141,#5142);
#4679=AXIS2_PLACEMENT_3D('',#6233,#5144,#5145);
#4680=AXIS2_PLACEMENT_3D('',#6234,#5146,#5147);
#4681=AXIS2_PLACEMENT_3D('',#6236,#5148,#5149);
#4682=AXIS2_PLACEMENT_3D('',#6237,#5150,#5151);
#4683=AXIS2_PLACEMENT_3D('',#6240,#5152,#5153);
#4684=AXIS2_PLACEMENT_3D('',#6244,#5155,#5156);
#4685=AXIS2_PLACEMENT_3D('',#6246,#5158,#5159);
#4686=AXIS2_PLACEMENT_3D('',#6248,#5160,#5161);
#4687=AXIS2_PLACEMENT_3D('',#6251,#5163,#5164);
#4688=AXIS2_PLACEMENT_3D('',#6252,#5165,#5166);
#4689=AXIS2_PLACEMENT_3D('',#6254,#5167,#5168);
#4690=AXIS2_PLACEMENT_3D('',#6256,#5169,#5170);
#4691=AXIS2_PLACEMENT_3D('',#6258,#5172,#5173);
#4692=AXIS2_PLACEMENT_3D('',#6261,#5174,#5175);
#4693=AXIS2_PLACEMENT_3D('',#6265,#5177,#5178);
#4694=AXIS2_PLACEMENT_3D('',#6267,#5180,#5181);
#4695=AXIS2_PLACEMENT_3D('',#6269,#5182,#5183);
#4696=AXIS2_PLACEMENT_3D('',#6272,#5185,#5186);
#4697=AXIS2_PLACEMENT_3D('',#6273,#5187,#5188);
#4698=AXIS2_PLACEMENT_3D('',#6275,#5189,#5190);
#4699=AXIS2_PLACEMENT_3D('',#6277,#5191,#5192);
#4700=AXIS2_PLACEMENT_3D('',#6279,#5194,#5195);
#4701=AXIS2_PLACEMENT_3D('',#6282,#5196,#5197);
#4702=AXIS2_PLACEMENT_3D('',#6286,#5199,#5200);
#4703=AXIS2_PLACEMENT_3D('',#6288,#5202,#5203);
#4704=AXIS2_PLACEMENT_3D('',#6290,#5204,#5205);
#4705=AXIS2_PLACEMENT_3D('',#6293,#5207,#5208);
#4706=AXIS2_PLACEMENT_3D('',#6294,#5209,#5210);
#4707=AXIS2_PLACEMENT_3D('',#6296,#5211,#5212);
#4708=AXIS2_PLACEMENT_3D('',#6298,#5213,#5214);
#4709=AXIS2_PLACEMENT_3D('',#6300,#5216,#5217);
#4710=AXIS2_PLACEMENT_3D('',#6303,#5218,#5219);
#4711=AXIS2_PLACEMENT_3D('',#6307,#5221,#5222);
#4712=AXIS2_PLACEMENT_3D('',#6309,#5224,#5225);
#4713=AXIS2_PLACEMENT_3D('',#6311,#5226,#5227);
#4714=AXIS2_PLACEMENT_3D('',#6314,#5229,#5230);
#4715=AXIS2_PLACEMENT_3D('',#6315,#5231,#5232);
#4716=AXIS2_PLACEMENT_3D('',#6317,#5233,#5234);
#4717=AXIS2_PLACEMENT_3D('',#6319,#5235,#5236);
#4718=AXIS2_PLACEMENT_3D('',#6321,#5238,#5239);
#4719=AXIS2_PLACEMENT_3D('',#6324,#5240,#5241);
#4720=AXIS2_PLACEMENT_3D('',#6328,#5243,#5244);
#4721=AXIS2_PLACEMENT_3D('',#6330,#5246,#5247);
#4722=AXIS2_PLACEMENT_3D('',#6332,#5248,#5249);
#4723=AXIS2_PLACEMENT_3D('',#6335,#5251,#5252);
#4724=AXIS2_PLACEMENT_3D('',#6336,#5253,#5254);
#4725=AXIS2_PLACEMENT_3D('',#6338,#5255,#5256);
#4726=AXIS2_PLACEMENT_3D('',#6340,#5257,#5258);
#4727=AXIS2_PLACEMENT_3D('',#6342,#5260,#5261);
#4728=AXIS2_PLACEMENT_3D('',#6345,#5262,#5263);
#4729=AXIS2_PLACEMENT_3D('',#6349,#5265,#5266);
#4730=AXIS2_PLACEMENT_3D('',#6351,#5268,#5269);
#4731=AXIS2_PLACEMENT_3D('',#6353,#5270,#5271);
#4732=AXIS2_PLACEMENT_3D('',#6356,#5273,#5274);
#4733=AXIS2_PLACEMENT_3D('',#6357,#5275,#5276);
#4734=AXIS2_PLACEMENT_3D('',#6359,#5277,#5278);
#4735=AXIS2_PLACEMENT_3D('',#6361,#5279,#5280);
#4736=AXIS2_PLACEMENT_3D('',#6363,#5282,#5283);
#4737=AXIS2_PLACEMENT_3D('',#6366,#5284,#5285);
#4738=AXIS2_PLACEMENT_3D('',#6370,#5287,#5288);
#4739=AXIS2_PLACEMENT_3D('',#6372,#5290,#5291);
#4740=AXIS2_PLACEMENT_3D('',#6374,#5292,#5293);
#4741=AXIS2_PLACEMENT_3D('',#6377,#5295,#5296);
#4742=AXIS2_PLACEMENT_3D('',#6378,#5297,#5298);
#4743=AXIS2_PLACEMENT_3D('',#6380,#5299,#5300);
#4744=AXIS2_PLACEMENT_3D('',#6382,#5301,#5302);
#4745=AXIS2_PLACEMENT_3D('',#6384,#5304,#5305);
#4746=AXIS2_PLACEMENT_3D('',#6387,#5306,#5307);
#4747=AXIS2_PLACEMENT_3D('',#6391,#5309,#5310);
#4748=AXIS2_PLACEMENT_3D('',#6393,#5312,#5313);
#4749=AXIS2_PLACEMENT_3D('',#6395,#5314,#5315);
#4750=AXIS2_PLACEMENT_3D('',#6398,#5317,#5318);
#4751=AXIS2_PLACEMENT_3D('',#6399,#5319,#5320);
#4752=AXIS2_PLACEMENT_3D('',#6401,#5321,#5322);
#4753=AXIS2_PLACEMENT_3D('',#6403,#5323,#5324);
#4754=AXIS2_PLACEMENT_3D('',#6405,#5326,#5327);
#4755=AXIS2_PLACEMENT_3D('',#6408,#5328,#5329);
#4756=AXIS2_PLACEMENT_3D('',#6412,#5331,#5332);
#4757=AXIS2_PLACEMENT_3D('',#6414,#5334,#5335);
#4758=AXIS2_PLACEMENT_3D('',#6416,#5336,#5337);
#4759=AXIS2_PLACEMENT_3D('',#6419,#5339,#5340);
#4760=AXIS2_PLACEMENT_3D('',#6420,#5341,#5342);
#4761=AXIS2_PLACEMENT_3D('',#6422,#5343,#5344);
#4762=AXIS2_PLACEMENT_3D('',#6424,#5345,#5346);
#4763=AXIS2_PLACEMENT_3D('',#6426,#5348,#5349);
#4764=AXIS2_PLACEMENT_3D('',#6429,#5350,#5351);
#4765=AXIS2_PLACEMENT_3D('',#6433,#5353,#5354);
#4766=AXIS2_PLACEMENT_3D('',#6435,#5356,#5357);
#4767=AXIS2_PLACEMENT_3D('',#6437,#5358,#5359);
#4768=AXIS2_PLACEMENT_3D('',#6440,#5361,#5362);
#4769=AXIS2_PLACEMENT_3D('',#6441,#5363,#5364);
#4770=AXIS2_PLACEMENT_3D('',#6443,#5365,#5366);
#4771=AXIS2_PLACEMENT_3D('',#6445,#5367,#5368);
#4772=AXIS2_PLACEMENT_3D('',#6447,#5370,#5371);
#4773=AXIS2_PLACEMENT_3D('',#6461,#5375,#5376);
#4774=AXIS2_PLACEMENT_3D('',#6474,#5380,#5381);
#4775=AXIS2_PLACEMENT_3D('',#6487,#5385,#5386);
#4776=AXIS2_PLACEMENT_3D('',#6501,#5390,#5391);
#4777=AXIS2_PLACEMENT_3D('',#6515,#5395,#5396);
#4778=AXIS2_PLACEMENT_3D('',#6528,#5400,#5401);
#4779=AXIS2_PLACEMENT_3D('',#6541,#5405,#5406);
#4780=AXIS2_PLACEMENT_3D('',#6555,#5410,#5411);
#4781=AXIS2_PLACEMENT_3D('',#6569,#5415,#5416);
#4782=AXIS2_PLACEMENT_3D('',#6582,#5420,#5421);
#4783=AXIS2_PLACEMENT_3D('',#6595,#5425,#5426);
#4784=AXIS2_PLACEMENT_3D('',#6609,#5430,#5431);
#4785=AXIS2_PLACEMENT_3D('',#6623,#5435,#5436);
#4786=AXIS2_PLACEMENT_3D('',#6636,#5440,#5441);
#4787=AXIS2_PLACEMENT_3D('',#6649,#5445,#5446);
#4788=AXIS2_PLACEMENT_3D('',#6663,#5450,#5451);
#4789=AXIS2_PLACEMENT_3D('',#6665,#5452,#5453);
#4790=AXIS2_PLACEMENT_3D('',#6668,#5455,#5456);
#4791=AXIS2_PLACEMENT_3D('',#6669,#5457,#5458);
#4792=AXIS2_PLACEMENT_3D('',#6671,#5459,#5460);
#4793=AXIS2_PLACEMENT_3D('',#6674,#5462,#5463);
#4794=AXIS2_PLACEMENT_3D('',#6675,#5464,#5465);
#4795=AXIS2_PLACEMENT_3D('',#6677,#5466,#5467);
#4796=AXIS2_PLACEMENT_3D('',#6680,#5469,#5470);
#4797=AXIS2_PLACEMENT_3D('',#6681,#5471,#5472);
#4798=AXIS2_PLACEMENT_3D('',#6683,#5473,#5474);
#4799=AXIS2_PLACEMENT_3D('',#6686,#5476,#5477);
#4800=AXIS2_PLACEMENT_3D('',#6687,#5478,#5479);
#4801=AXIS2_PLACEMENT_3D('',#6701,#5483,#5484);
#4802=AXIS2_PLACEMENT_3D('',#6714,#5488,#5489);
#4803=AXIS2_PLACEMENT_3D('',#6727,#5493,#5494);
#4804=AXIS2_PLACEMENT_3D('',#6741,#5498,#5499);
#4805=AXIS2_PLACEMENT_3D('',#6743,#5500,#5501);
#4806=AXIS2_PLACEMENT_3D('',#6746,#5503,#5504);
#4807=AXIS2_PLACEMENT_3D('',#6747,#5505,#5506);
#4808=AXIS2_PLACEMENT_3D('',#6750,#5507,#5508);
#4809=AXIS2_PLACEMENT_3D('',#6752,#5509,#5510);
#4810=AXIS2_PLACEMENT_3D('',#6765,#5511,#5512);
#4811=AXIS2_PLACEMENT_3D('',#6790,#5513,#5514);
#4812=AXIS2_PLACEMENT_3D('',#6809,#5515,#5516);
#4813=AXIS2_PLACEMENT_3D('',#6832,#5517,#5518);
#4814=AXIS2_PLACEMENT_3D('',#6851,#5519,#5520);
#4815=AXIS2_PLACEMENT_3D('',#6874,#5521,#5522);
#4816=AXIS2_PLACEMENT_3D('',#6893,#5523,#5524);
#4817=AXIS2_PLACEMENT_3D('',#6916,#5525,#5526);
#4818=AXIS2_PLACEMENT_3D('',#6935,#5527,#5528);
#4819=AXIS2_PLACEMENT_3D('',#6960,#5529,#5530);
#4820=AXIS2_PLACEMENT_3D('',#6971,#5531,#5532);
#4821=AXIS2_PLACEMENT_3D('',#6972,#5533,#5534);
#4822=AXIS2_PLACEMENT_3D('',#6974,#5535,#5536);
#4823=AXIS2_PLACEMENT_3D('',#6977,#5538,#5539);
#4824=AXIS2_PLACEMENT_3D('',#6978,#5540,#5541);
#4825=AXIS2_PLACEMENT_3D('',#6979,#5542,#5543);
#4826=AXIS2_PLACEMENT_3D('',#6982,#5545,#5546);
#4827=AXIS2_PLACEMENT_3D('',#6983,#5547,#5548);
#4828=AXIS2_PLACEMENT_3D('',#6984,#5549,#5550);
#4829=AXIS2_PLACEMENT_3D('',#6986,#5551,#5552);
#4830=AXIS2_PLACEMENT_3D('',#6989,#5554,#5555);
#4831=AXIS2_PLACEMENT_3D('',#6990,#5556,#5557);
#4832=AXIS2_PLACEMENT_3D('',#6991,#5558,#5559);
#4833=AXIS2_PLACEMENT_3D('',#6994,#5561,#5562);
#4834=AXIS2_PLACEMENT_3D('',#6995,#5563,#5564);
#4835=AXIS2_PLACEMENT_3D('',#6996,#5565,#5566);
#4836=AXIS2_PLACEMENT_3D('',#6998,#5567,#5568);
#4837=AXIS2_PLACEMENT_3D('',#7001,#5570,#5571);
#4838=AXIS2_PLACEMENT_3D('',#7002,#5572,#5573);
#4839=AXIS2_PLACEMENT_3D('',#7003,#5574,#5575);
#4840=AXIS2_PLACEMENT_3D('',#7006,#5576,#5577);
#4841=AXIS2_PLACEMENT_3D('',#7007,#5578,#5579);
#4842=AXIS2_PLACEMENT_3D('',#7176,#5581,#5582);
#4843=AXIS2_PLACEMENT_3D('',#7178,#5583,#5584);
#4844=AXIS2_PLACEMENT_3D('',#7179,#5585,#5586);
#4845=AXIS2_PLACEMENT_3D('',#7181,#5587,#5588);
#4846=AXIS2_PLACEMENT_3D('',#7182,#5589,#5590);
#4847=AXIS2_PLACEMENT_3D('',#7184,#5591,#5592);
#4848=AXIS2_PLACEMENT_3D('',#7185,#5593,#5594);
#4849=AXIS2_PLACEMENT_3D('',#7187,#5595,#5596);
#4850=AXIS2_PLACEMENT_3D('',#7188,#5597,#5598);
#4851=AXIS2_PLACEMENT_3D('',#7190,#5599,#5600);
#4852=AXIS2_PLACEMENT_3D('',#7191,#5601,#5602);
#4853=AXIS2_PLACEMENT_3D('',#7193,#5603,#5604);
#4854=AXIS2_PLACEMENT_3D('',#7196,#5605,#5606);
#4855=AXIS2_PLACEMENT_3D('',#7201,#5609,#5610);
#4856=AXIS2_PLACEMENT_3D('',#7206,#5613,#5614);
#4857=AXIS2_PLACEMENT_3D('',#7211,#5617,#5618);
#4858=AXIS2_PLACEMENT_3D('',#7216,#5621,#5622);
#4859=AXIS2_PLACEMENT_3D('',#7221,#5625,#5626);
#4860=AXIS2_PLACEMENT_3D('',#7226,#5629,#5630);
#4861=AXIS2_PLACEMENT_3D('',#7231,#5633,#5634);
#4862=AXIS2_PLACEMENT_3D('',#7236,#5637,#5638);
#4863=AXIS2_PLACEMENT_3D('',#7241,#5641,#5642);
#4864=AXIS2_PLACEMENT_3D('',#7244,#5645,#5646);
#4865=AXIS2_PLACEMENT_3D('',#7247,#5647,#5648);
#4866=AXIS2_PLACEMENT_3D('',#7249,#5649,#5650);
#4867=AXIS2_PLACEMENT_3D('',#7250,#5651,#5652);
#4868=AXIS2_PLACEMENT_3D('',#7251,#5653,#5654);
#4869=AXIS2_PLACEMENT_3D('',#7252,#5655,#5656);
#4870=AXIS2_PLACEMENT_3D('',#7254,#5657,#5658);
#4871=AXIS2_PLACEMENT_3D('',#7255,#5659,#5660);
#4872=AXIS2_PLACEMENT_3D('',#7257,#5662,#5663);
#4873=AXIS2_PLACEMENT_3D('',#7323,#5665,#5666);
#4874=AXIS2_PLACEMENT_3D('',#7372,#5668,#5669);
#4875=AXIS2_PLACEMENT_3D('',#7374,#5670,#5671);
#4876=AXIS2_PLACEMENT_3D('',#7381,#5673,#5674);
#4877=AXIS2_PLACEMENT_3D('',#7383,#5675,#5676);
#4878=AXIS2_PLACEMENT_3D('',#7424,#5677,#5678);
#4879=AXIS2_PLACEMENT_3D('',#7425,#5679,#5680);
#4880=AXIS2_PLACEMENT_3D('',#7474,#5682,#5683);
#4881=AXIS2_PLACEMENT_3D('',#7476,#5684,#5685);
#4882=AXIS2_PLACEMENT_3D('',#7483,#5687,#5688);
#4883=AXIS2_PLACEMENT_3D('',#7485,#5689,#5690);
#4884=AXIS2_PLACEMENT_3D('',#7526,#5691,#5692);
#4885=AXIS2_PLACEMENT_3D('',#7527,#5693,#5694);
#4886=AXIS2_PLACEMENT_3D('',#7576,#5696,#5697);
#4887=AXIS2_PLACEMENT_3D('',#7578,#5698,#5699);
#4888=AXIS2_PLACEMENT_3D('',#7585,#5701,#5702);
#4889=AXIS2_PLACEMENT_3D('',#7587,#5703,#5704);
#4890=AXIS2_PLACEMENT_3D('',#7628,#5705,#5706);
#4891=AXIS2_PLACEMENT_3D('',#7629,#5707,#5708);
#4892=AXIS2_PLACEMENT_3D('',#7678,#5710,#5711);
#4893=AXIS2_PLACEMENT_3D('',#7680,#5712,#5713);
#4894=AXIS2_PLACEMENT_3D('',#7687,#5715,#5716);
#4895=AXIS2_PLACEMENT_3D('',#7689,#5717,#5718);
#4896=AXIS2_PLACEMENT_3D('',#7730,#5719,#5720);
#4897=AXIS2_PLACEMENT_3D('',#7731,#5721,#5722);
#4898=AXIS2_PLACEMENT_3D('',#7780,#5724,#5725);
#4899=AXIS2_PLACEMENT_3D('',#7782,#5726,#5727);
#4900=AXIS2_PLACEMENT_3D('',#7789,#5729,#5730);
#4901=AXIS2_PLACEMENT_3D('',#7791,#5731,#5732);
#4902=AXIS2_PLACEMENT_3D('',#7832,#5733,#5734);
#4903=AXIS2_PLACEMENT_3D('',#7833,#5735,#5736);
#4904=AXIS2_PLACEMENT_3D('',#7835,#5737,#5738);
#4905=AXIS2_PLACEMENT_3D('',#7839,#5740,#5741);
#4906=AXIS2_PLACEMENT_3D('',#7840,#5742,#5743);
#4907=AXIS2_PLACEMENT_3D('',#7841,#5744,#5745);
#4908=AXIS2_PLACEMENT_3D('',#7843,#5746,#5747);
#4909=AXIS2_PLACEMENT_3D('',#7845,#5749,#5750);
#4910=AXIS2_PLACEMENT_3D('',#7847,#5751,#5752);
#4911=AXIS2_PLACEMENT_3D('',#7849,#5754,#5755);
#4912=AXIS2_PLACEMENT_3D('',#7851,#5756,#5757);
#4913=AXIS2_PLACEMENT_3D('',#7853,#5759,#5760);
#4914=AXIS2_PLACEMENT_3D('',#7856,#5762,#5763);
#4915=AXIS2_PLACEMENT_3D('',#7857,#5764,#5765);
#4916=AXIS2_PLACEMENT_3D('',#7859,#5766,#5767);
#4917=AXIS2_PLACEMENT_3D('',#7861,#5769,#5770);
#4918=AXIS2_PLACEMENT_3D('',#7864,#5772,#5773);
#4919=AXIS2_PLACEMENT_3D('',#7865,#5774,#5775);
#4920=AXIS2_PLACEMENT_3D('',#7867,#5776,#5777);
#4921=AXIS2_PLACEMENT_3D('',#7891,#5779,#5780);
#4922=AXIS2_PLACEMENT_3D('',#7899,#5781,#5782);
#4923=AXIS2_PLACEMENT_3D('',#7900,#5783,#5784);
#4924=AXIS2_PLACEMENT_3D('',#7926,#5785,#5786);
#4925=AXIS2_PLACEMENT_3D('',#7964,#5787,#5788);
#4926=AXIS2_PLACEMENT_3D('',#7965,#5789,#5790);
#4927=AXIS2_PLACEMENT_3D('',#7969,#5792,#5793);
#4928=AXIS2_PLACEMENT_3D('',#7971,#5795,#5796);
#4929=AXIS2_PLACEMENT_3D('',#7981,#5798,#5799);
#4930=AXIS2_PLACEMENT_3D('',#7987,#5800,#5801);
#4931=AXIS2_PLACEMENT_3D('',#8105,#5806,#5807);
#4932=AXIS2_PLACEMENT_3D('',#8107,#5808,#5809);
#4933=AXIS2_PLACEMENT_3D('',#8113,#5810,#5811);
#4934=AXIS2_PLACEMENT_3D('',#8114,#5812,#5813);
#4935=AXIS2_PLACEMENT_3D('',#8115,#5814,#5815);
#4936=AXIS2_PLACEMENT_3D('',#8126,#5816,#5817);
#4937=AXIS2_PLACEMENT_3D('',#8130,#5819,#5820);
#4938=AXIS2_PLACEMENT_3D('',#8170,#5824,#5825);
#4939=AXIS2_PLACEMENT_3D('',#8298,#5827,#5828);
#4940=AXIS2_PLACEMENT_3D('',#8327,#5829,#5830);
#4941=AXIS2_PLACEMENT_3D('',#8329,#5831,#5832);
#4942=AXIS2_PLACEMENT_3D('',#8340,#5833,#5834);
#4943=AXIS2_PLACEMENT_3D('',#8342,#5835,#5836);
#4944=AXIS2_PLACEMENT_3D('',#8392,#5837,#5838);
#4945=AXIS2_PLACEMENT_3D('',#8419,#5839,#5840);
#4946=AXIS2_PLACEMENT_3D('',#8420,#5841,#5842);
#4947=AXIS2_PLACEMENT_3D('',#8421,#5843,#5844);
#4948=AXIS2_PLACEMENT_3D('',#8487,#5845,#5846);
#4949=AXIS2_PLACEMENT_3D('',#8514,#5847,#5848);
#4950=AXIS2_PLACEMENT_3D('',#8557,#5849,#5850);
#4951=AXIS2_PLACEMENT_3D('',#8565,#5851,#5852);
#4952=AXIS2_PLACEMENT_3D('',#8566,#5853,#5854);
#4953=AXIS2_PLACEMENT_3D('',#8592,#5855,#5856);
#4954=AXIS2_PLACEMENT_3D('',#8630,#5857,#5858);
#4955=AXIS2_PLACEMENT_3D('',#8631,#5859,#5860);
#4956=AXIS2_PLACEMENT_3D('',#8635,#5862,#5863);
#4957=AXIS2_PLACEMENT_3D('',#8637,#5865,#5866);
#4958=AXIS2_PLACEMENT_3D('',#8647,#5868,#5869);
#4959=AXIS2_PLACEMENT_3D('',#8653,#5870,#5871);
#4960=AXIS2_PLACEMENT_3D('',#8771,#5876,#5877);
#4961=AXIS2_PLACEMENT_3D('',#8773,#5878,#5879);
#4962=AXIS2_PLACEMENT_3D('',#8779,#5880,#5881);
#4963=AXIS2_PLACEMENT_3D('',#8780,#5882,#5883);
#4964=AXIS2_PLACEMENT_3D('',#8781,#5884,#5885);
#4965=AXIS2_PLACEMENT_3D('',#8792,#5886,#5887);
#4966=AXIS2_PLACEMENT_3D('',#8796,#5889,#5890);
#4967=AXIS2_PLACEMENT_3D('',#8836,#5894,#5895);
#4968=AXIS2_PLACEMENT_3D('',#8964,#5897,#5898);
#4969=AXIS2_PLACEMENT_3D('',#8993,#5899,#5900);
#4970=AXIS2_PLACEMENT_3D('',#8995,#5901,#5902);
#4971=AXIS2_PLACEMENT_3D('',#9006,#5903,#5904);
#4972=AXIS2_PLACEMENT_3D('',#9008,#5905,#5906);
#4973=AXIS2_PLACEMENT_3D('',#9058,#5907,#5908);
#4974=AXIS2_PLACEMENT_3D('',#9085,#5909,#5910);
#4975=AXIS2_PLACEMENT_3D('',#9086,#5911,#5912);
#4976=AXIS2_PLACEMENT_3D('',#9087,#5913,#5914);
#4977=AXIS2_PLACEMENT_3D('',#9153,#5915,#5916);
#4978=AXIS2_PLACEMENT_3D('',#9180,#5917,#5918);
#4979=AXIS2_PLACEMENT_3D('',#9223,#5919,#5920);
#4980=AXIS2_PLACEMENT_3D('',#9231,#5921,#5922);
#4981=AXIS2_PLACEMENT_3D('',#9232,#5923,#5924);
#4982=AXIS2_PLACEMENT_3D('',#9258,#5925,#5926);
#4983=AXIS2_PLACEMENT_3D('',#9296,#5927,#5928);
#4984=AXIS2_PLACEMENT_3D('',#9297,#5929,#5930);
#4985=AXIS2_PLACEMENT_3D('',#9301,#5932,#5933);
#4986=AXIS2_PLACEMENT_3D('',#9303,#5935,#5936);
#4987=AXIS2_PLACEMENT_3D('',#9313,#5938,#5939);
#4988=AXIS2_PLACEMENT_3D('',#9319,#5940,#5941);
#4989=AXIS2_PLACEMENT_3D('',#9437,#5946,#5947);
#4990=AXIS2_PLACEMENT_3D('',#9439,#5948,#5949);
#4991=AXIS2_PLACEMENT_3D('',#9445,#5950,#5951);
#4992=AXIS2_PLACEMENT_3D('',#9446,#5952,#5953);
#4993=AXIS2_PLACEMENT_3D('',#9447,#5954,#5955);
#4994=AXIS2_PLACEMENT_3D('',#9458,#5956,#5957);
#4995=AXIS2_PLACEMENT_3D('',#9462,#5959,#5960);
#4996=AXIS2_PLACEMENT_3D('',#9502,#5964,#5965);
#4997=AXIS2_PLACEMENT_3D('',#9630,#5967,#5968);
#4998=AXIS2_PLACEMENT_3D('',#9659,#5969,#5970);
#4999=AXIS2_PLACEMENT_3D('',#9661,#5972,#5973);
#5000=AXIS2_PLACEMENT_3D('',#9663,#5974,#5975);
#5001=AXIS2_PLACEMENT_3D('',#9674,#5976,#5977);
#5002=AXIS2_PLACEMENT_3D('',#9676,#5978,#5979);
#5003=AXIS2_PLACEMENT_3D('',#9726,#5980,#5981);
#5004=AXIS2_PLACEMENT_3D('',#9753,#5982,#5983);
#5005=AXIS2_PLACEMENT_3D('',#9754,#5984,#5985);
#5006=AXIS2_PLACEMENT_3D('',#9755,#5986,#5987);
#5007=AXIS2_PLACEMENT_3D('',#9821,#5988,#5989);
#5008=AXIS2_PLACEMENT_3D('',#9848,#5990,#5991);
#5009=AXIS2_PLACEMENT_3D('',#9891,#5992,#5993);
#5010=AXIS2_PLACEMENT_3D('',#9899,#5994,#5995);
#5011=AXIS2_PLACEMENT_3D('',#9900,#5996,#5997);
#5012=AXIS2_PLACEMENT_3D('',#9926,#5998,#5999);
#5013=AXIS2_PLACEMENT_3D('',#9964,#6000,#6001);
#5014=AXIS2_PLACEMENT_3D('',#9965,#6002,#6003);
#5015=AXIS2_PLACEMENT_3D('',#9969,#6005,#6006);
#5016=AXIS2_PLACEMENT_3D('',#9971,#6008,#6009);
#5017=AXIS2_PLACEMENT_3D('',#9981,#6011,#6012);
#5018=AXIS2_PLACEMENT_3D('',#9987,#6013,#6014);
#5019=AXIS2_PLACEMENT_3D('',#10105,#6019,#6020);
#5020=AXIS2_PLACEMENT_3D('',#10107,#6021,#6022);
#5021=AXIS2_PLACEMENT_3D('',#10113,#6023,#6024);
#5022=AXIS2_PLACEMENT_3D('',#10114,#6025,#6026);
#5023=AXIS2_PLACEMENT_3D('',#10115,#6027,#6028);
#5024=AXIS2_PLACEMENT_3D('',#10126,#6029,#6030);
#5025=AXIS2_PLACEMENT_3D('',#10130,#6032,#6033);
#5026=AXIS2_PLACEMENT_3D('',#10170,#6037,#6038);
#5027=AXIS2_PLACEMENT_3D('',#10298,#6040,#6041);
#5028=AXIS2_PLACEMENT_3D('',#10327,#6042,#6043);
#5029=AXIS2_PLACEMENT_3D('',#10329,#6045,#6046);
#5030=AXIS2_PLACEMENT_3D('',#10331,#6047,#6048);
#5031=AXIS2_PLACEMENT_3D('',#10342,#6049,#6050);
#5032=AXIS2_PLACEMENT_3D('',#10344,#6051,#6052);
#5033=AXIS2_PLACEMENT_3D('',#10394,#6053,#6054);
#5034=AXIS2_PLACEMENT_3D('',#10421,#6055,#6056);
#5035=AXIS2_PLACEMENT_3D('',#10422,#6057,#6058);
#5036=AXIS2_PLACEMENT_3D('',#10423,#6059,#6060);
#5037=AXIS2_PLACEMENT_3D('',#10489,#6061,#6062);
#5038=AXIS2_PLACEMENT_3D('',#10516,#6063,#6064);
#5039=AXIS2_PLACEMENT_3D('',#10559,#6065,#6066);
#5040=AXIS2_PLACEMENT_3D('',#10567,#6067,#6068);
#5041=AXIS2_PLACEMENT_3D('',#10568,#6069,#6070);
#5042=AXIS2_PLACEMENT_3D('',#10594,#6071,#6072);
#5043=AXIS2_PLACEMENT_3D('',#10632,#6073,#6074);
#5044=AXIS2_PLACEMENT_3D('',#10633,#6075,#6076);
#5045=AXIS2_PLACEMENT_3D('',#10637,#6078,#6079);
#5046=AXIS2_PLACEMENT_3D('',#10639,#6081,#6082);
#5047=AXIS2_PLACEMENT_3D('',#10649,#6084,#6085);
#5048=AXIS2_PLACEMENT_3D('',#10655,#6086,#6087);
#5049=AXIS2_PLACEMENT_3D('',#10773,#6092,#6093);
#5050=AXIS2_PLACEMENT_3D('',#10775,#6094,#6095);
#5051=AXIS2_PLACEMENT_3D('',#10781,#6096,#6097);
#5052=AXIS2_PLACEMENT_3D('',#10782,#6098,#6099);
#5053=AXIS2_PLACEMENT_3D('',#10783,#6100,#6101);
#5054=AXIS2_PLACEMENT_3D('',#10794,#6102,#6103);
#5055=AXIS2_PLACEMENT_3D('',#10798,#6105,#6106);
#5056=AXIS2_PLACEMENT_3D('',#10838,#6110,#6111);
#5057=AXIS2_PLACEMENT_3D('',#10966,#6113,#6114);
#5058=AXIS2_PLACEMENT_3D('',#10995,#6115,#6116);
#5059=AXIS2_PLACEMENT_3D('',#10996,#6117,#6118);
#5060=AXIS2_PLACEMENT_3D('',#10997,#6119,#6120);
#5061=AXIS2_PLACEMENT_3D('',#10999,#6121,#6122);
#5062=AXIS2_PLACEMENT_3D('',#11002,#6124,#6125);
#5063=AXIS2_PLACEMENT_3D('',#11003,#6126,#6127);
#5064=AXIS2_PLACEMENT_3D('',#11004,#6128,#6129);
#5065=AXIS2_PLACEMENT_3D('',#11005,#6130,#6131);
#5066=AXIS2_PLACEMENT_3D('',#11006,#6132,#6133);
#5067=AXIS2_PLACEMENT_3D('',#11078,#6134,#6135);
#5068=AXIS2_PLACEMENT_3D('',#11079,#6136,#6137);
#5069=AXIS2_PLACEMENT_3D('',#11081,#6138,#6139);
#5070=AXIS2_PLACEMENT_3D('',#11083,#6140,#6141);
#5071=AXIS2_PLACEMENT_3D('',#11084,#6142,#6143);
#5072=AXIS2_PLACEMENT_3D('',#11085,#6144,#6145);
#5073=AXIS2_PLACEMENT_3D('',#11088,#6146,#6147);
#5074=AXIS2_PLACEMENT_3D('',#11090,#6149,#6150);
#5075=AXIS2_PLACEMENT_3D('',#11091,#6151,#6152);
#5076=AXIS2_PLACEMENT_3D('',#11093,#6153,#6154);
#5077=AXIS2_PLACEMENT_3D('',#11095,#6155,#6156);
#5078=AXIS2_PLACEMENT_3D('',#11096,#6157,#6158);
#5079=AXIS2_PLACEMENT_3D('',#11097,#6159,#6160);
#5080=AXIS2_PLACEMENT_3D('',#11099,#6162,#6163);
#5081=AXIS2_PLACEMENT_3D('',#11101,#6164,#6165);
#5082=AXIS2_PLACEMENT_3D('',#11103,#6167,#6168);
#5083=AXIS2_PLACEMENT_3D('',#11105,#6170,#6171);
#5084=AXIS2_PLACEMENT_3D('',#11107,#6173,#6174);
#5085=AXIS2_PLACEMENT_3D('',#11109,#6175,#6176);
#5086=AXIS2_PLACEMENT_3D('',#11120,#6177,#6178);
#5087=AXIS2_PLACEMENT_3D('',#11141,#6179,#6180);
#5088=AXIS2_PLACEMENT_3D('',#11162,#6181,#6182);
#5089=AXIS2_PLACEMENT_3D('',#11163,#6183,#6184);
#5090=AXIS2_PLACEMENT_3D('',#11164,#6185,#6186);
#5091=AXIS2_PLACEMENT_3D('',#11201,#6187,#6188);
#5092=AXIS2_PLACEMENT_3D('',#11222,#6189,#6190);
#5093=DIRECTION('axis',(0.,0.,1.));
#5094=DIRECTION('refdir',(1.,0.,0.));
#5095=DIRECTION('center_axis',(0.,0.,1.));
#5096=DIRECTION('ref_axis',(-1.,0.,0.));
#5097=DIRECTION('center_axis',(0.,0.,1.));
#5098=DIRECTION('ref_axis',(-1.,0.,0.));
#5099=DIRECTION('',(0.,0.,1.));
#5100=DIRECTION('center_axis',(0.,0.,1.));
#5101=DIRECTION('ref_axis',(-1.,0.,0.));
#5102=DIRECTION('center_axis',(0.,0.,1.));
#5103=DIRECTION('ref_axis',(-1.,0.,0.));
#5104=DIRECTION('center_axis',(0.,0.,-1.));
#5105=DIRECTION('ref_axis',(0.587785252292473,0.809016994374947,0.));
#5106=DIRECTION('center_axis',(0.,0.,1.));
#5107=DIRECTION('ref_axis',(-1.,0.,0.));
#5108=DIRECTION('center_axis',(0.,0.,1.));
#5109=DIRECTION('ref_axis',(-1.,0.,0.));
#5110=DIRECTION('',(0.,0.,1.));
#5111=DIRECTION('center_axis',(0.,0.,1.));
#5112=DIRECTION('ref_axis',(-1.,0.,0.));
#5113=DIRECTION('center_axis',(0.,0.,1.));
#5114=DIRECTION('ref_axis',(-1.,0.,0.));
#5115=DIRECTION('center_axis',(0.,0.,-1.));
#5116=DIRECTION('ref_axis',(-0.587785252292473,0.809016994374948,0.));
#5117=DIRECTION('center_axis',(0.,0.,1.));
#5118=DIRECTION('ref_axis',(-1.,0.,0.));
#5119=DIRECTION('center_axis',(0.,0.,1.));
#5120=DIRECTION('ref_axis',(-1.,0.,0.));
#5121=DIRECTION('',(0.,0.,1.));
#5122=DIRECTION('center_axis',(0.,0.,1.));
#5123=DIRECTION('ref_axis',(-1.,0.,0.));
#5124=DIRECTION('center_axis',(0.,0.,1.));
#5125=DIRECTION('ref_axis',(-1.,0.,0.));
#5126=DIRECTION('center_axis',(0.,0.,-1.));
#5127=DIRECTION('ref_axis',(-0.951056516295154,-0.309016994374947,0.));
#5128=DIRECTION('center_axis',(0.,0.,1.));
#5129=DIRECTION('ref_axis',(-1.,0.,0.));
#5130=DIRECTION('center_axis',(0.,0.,1.));
#5131=DIRECTION('ref_axis',(-1.,0.,0.));
#5132=DIRECTION('',(0.,0.,1.));
#5133=DIRECTION('center_axis',(0.,0.,1.));
#5134=DIRECTION('ref_axis',(-1.,0.,0.));
#5135=DIRECTION('center_axis',(0.,0.,1.));
#5136=DIRECTION('ref_axis',(-1.,0.,0.));
#5137=DIRECTION('center_axis',(0.,0.,-1.));
#5138=DIRECTION('ref_axis',(-1.00929365875014E-16,-1.,0.));
#5139=DIRECTION('center_axis',(0.,0.,1.));
#5140=DIRECTION('ref_axis',(-1.,0.,0.));
#5141=DIRECTION('center_axis',(0.,0.,1.));
#5142=DIRECTION('ref_axis',(-1.,0.,0.));
#5143=DIRECTION('',(0.,0.,1.));
#5144=DIRECTION('center_axis',(0.,0.,1.));
#5145=DIRECTION('ref_axis',(-1.,0.,0.));
#5146=DIRECTION('center_axis',(0.,0.,1.));
#5147=DIRECTION('ref_axis',(-1.,0.,0.));
#5148=DIRECTION('center_axis',(0.,0.,-1.));
#5149=DIRECTION('ref_axis',(0.951056516295154,-0.309016994374948,0.));
#5150=DIRECTION('center_axis',(0.,0.,1.));
#5151=DIRECTION('ref_axis',(0.64230290603112,-0.766450896603284,0.));
#5152=DIRECTION('center_axis',(0.,0.,-1.));
#5153=DIRECTION('ref_axis',(0.64230290603112,-0.766450896603284,0.));
#5154=DIRECTION('',(0.,0.,1.));
#5155=DIRECTION('center_axis',(0.,0.,1.));
#5156=DIRECTION('ref_axis',(0.64230290603112,-0.766450896603284,0.));
#5157=DIRECTION('',(0.,0.,-1.));
#5158=DIRECTION('center_axis',(0.,0.,1.));
#5159=DIRECTION('ref_axis',(-0.809016994374948,0.587785252292473,0.));
#5160=DIRECTION('center_axis',(0.,0.,-1.));
#5161=DIRECTION('ref_axis',(-0.809016994374948,0.587785252292473,0.));
#5162=DIRECTION('',(0.,0.,-1.));
#5163=DIRECTION('center_axis',(0.,0.,1.));
#5164=DIRECTION('ref_axis',(-0.809016994374948,0.587785252292473,0.));
#5165=DIRECTION('center_axis',(0.,0.,-1.));
#5166=DIRECTION('ref_axis',(0.927420633134848,-0.374020011811878,0.));
#5167=DIRECTION('center_axis',(0.,0.,1.));
#5168=DIRECTION('ref_axis',(0.927420633134848,-0.374020011811878,0.));
#5169=DIRECTION('center_axis',(0.,0.,-1.));
#5170=DIRECTION('ref_axis',(0.927420633134848,-0.374020011811878,0.));
#5171=DIRECTION('',(0.,0.,1.));
#5172=DIRECTION('center_axis',(0.,0.,-1.));
#5173=DIRECTION('ref_axis',(-0.92742063313493,0.374020011811675,0.));
#5174=DIRECTION('center_axis',(0.,0.,1.));
#5175=DIRECTION('ref_axis',(-0.92742063313493,0.374020011811675,0.));
#5176=DIRECTION('',(0.,0.,-1.));
#5177=DIRECTION('center_axis',(0.,0.,-1.));
#5178=DIRECTION('ref_axis',(-0.92742063313493,0.374020011811675,0.));
#5179=DIRECTION('',(0.,0.,1.));
#5180=DIRECTION('center_axis',(0.,0.,1.));
#5181=DIRECTION('ref_axis',(0.80901699437495,-0.58778525229247,0.));
#5182=DIRECTION('center_axis',(0.,0.,1.));
#5183=DIRECTION('ref_axis',(-0.809016994374948,0.587785252292473,0.));
#5184=DIRECTION('',(0.,0.,1.));
#5185=DIRECTION('center_axis',(0.,0.,-1.));
#5186=DIRECTION('ref_axis',(-0.809016994374948,0.587785252292473,0.));
#5187=DIRECTION('center_axis',(0.,0.,1.));
#5188=DIRECTION('ref_axis',(-0.642302906030954,0.766450896603424,0.));
#5189=DIRECTION('center_axis',(0.,0.,-1.));
#5190=DIRECTION('ref_axis',(-0.642302906030954,0.766450896603424,0.));
#5191=DIRECTION('center_axis',(0.,0.,1.));
#5192=DIRECTION('ref_axis',(-0.642302906030954,0.766450896603424,0.));
#5193=DIRECTION('',(0.,0.,-1.));
#5194=DIRECTION('center_axis',(0.,0.,1.));
#5195=DIRECTION('ref_axis',(0.927420633134893,0.374020011811767,0.));
#5196=DIRECTION('center_axis',(0.,0.,-1.));
#5197=DIRECTION('ref_axis',(0.927420633134893,0.374020011811767,0.));
#5198=DIRECTION('',(0.,0.,1.));
#5199=DIRECTION('center_axis',(0.,0.,1.));
#5200=DIRECTION('ref_axis',(0.927420633134893,0.374020011811767,0.));
#5201=DIRECTION('',(0.,0.,-1.));
#5202=DIRECTION('center_axis',(0.,0.,1.));
#5203=DIRECTION('ref_axis',(-0.809016994374947,-0.587785252292473,0.));
#5204=DIRECTION('center_axis',(0.,0.,-1.));
#5205=DIRECTION('ref_axis',(-0.809016994374947,-0.587785252292473,0.));
#5206=DIRECTION('',(0.,0.,-1.));
#5207=DIRECTION('center_axis',(0.,0.,1.));
#5208=DIRECTION('ref_axis',(-0.809016994374947,-0.587785252292473,0.));
#5209=DIRECTION('center_axis',(0.,0.,-1.));
#5210=DIRECTION('ref_axis',(0.64230290603103,0.76645089660336,0.));
#5211=DIRECTION('center_axis',(0.,0.,1.));
#5212=DIRECTION('ref_axis',(0.64230290603103,0.76645089660336,0.));
#5213=DIRECTION('center_axis',(0.,0.,-1.));
#5214=DIRECTION('ref_axis',(0.64230290603103,0.76645089660336,0.));
#5215=DIRECTION('',(0.,0.,1.));
#5216=DIRECTION('center_axis',(0.,0.,-1.));
#5217=DIRECTION('ref_axis',(0.0691254328855564,0.997607976375683,0.));
#5218=DIRECTION('center_axis',(0.,0.,1.));
#5219=DIRECTION('ref_axis',(0.0691254328855564,0.997607976375683,0.));
#5220=DIRECTION('',(0.,0.,-1.));
#5221=DIRECTION('center_axis',(0.,0.,-1.));
#5222=DIRECTION('ref_axis',(0.0691254328855564,0.997607976375683,0.));
#5223=DIRECTION('',(0.,0.,1.));
#5224=DIRECTION('center_axis',(0.,0.,1.));
#5225=DIRECTION('ref_axis',(-0.309016994374948,-0.951056516295153,0.));
#5226=DIRECTION('center_axis',(0.,0.,1.));
#5227=DIRECTION('ref_axis',(0.309016994374947,0.951056516295154,0.));
#5228=DIRECTION('',(0.,0.,1.));
#5229=DIRECTION('center_axis',(0.,0.,-1.));
#5230=DIRECTION('ref_axis',(0.309016994374947,0.951056516295154,0.));
#5231=DIRECTION('center_axis',(0.,0.,1.));
#5232=DIRECTION('ref_axis',(0.530455606135026,0.84771271662039,0.));
#5233=DIRECTION('center_axis',(0.,0.,-1.));
#5234=DIRECTION('ref_axis',(0.530455606135026,0.84771271662039,0.));
#5235=DIRECTION('center_axis',(0.,0.,1.));
#5236=DIRECTION('ref_axis',(0.530455606135026,0.84771271662039,0.));
#5237=DIRECTION('',(0.,0.,-1.));
#5238=DIRECTION('center_axis',(0.,0.,-1.));
#5239=DIRECTION('ref_axis',(-0.642302906031042,-0.76645089660335,0.));
#5240=DIRECTION('center_axis',(0.,0.,1.));
#5241=DIRECTION('ref_axis',(-0.642302906031042,-0.76645089660335,0.));
#5242=DIRECTION('',(0.,0.,-1.));
#5243=DIRECTION('center_axis',(0.,0.,-1.));
#5244=DIRECTION('ref_axis',(-0.642302906031042,-0.76645089660335,0.));
#5245=DIRECTION('',(0.,0.,1.));
#5246=DIRECTION('center_axis',(0.,0.,1.));
#5247=DIRECTION('ref_axis',(0.809016994374956,0.587785252292461,0.));
#5248=DIRECTION('center_axis',(0.,0.,1.));
#5249=DIRECTION('ref_axis',(-0.809016994374947,-0.587785252292473,0.));
#5250=DIRECTION('',(0.,0.,1.));
#5251=DIRECTION('center_axis',(0.,0.,-1.));
#5252=DIRECTION('ref_axis',(-0.809016994374947,-0.587785252292473,0.));
#5253=DIRECTION('center_axis',(0.,0.,1.));
#5254=DIRECTION('ref_axis',(-0.92742063313489,-0.374020011811775,0.));
#5255=DIRECTION('center_axis',(0.,0.,-1.));
#5256=DIRECTION('ref_axis',(-0.92742063313489,-0.374020011811775,0.));
#5257=DIRECTION('center_axis',(0.,0.,1.));
#5258=DIRECTION('ref_axis',(-0.92742063313489,-0.374020011811775,0.));
#5259=DIRECTION('',(0.,0.,-1.));
#5260=DIRECTION('center_axis',(0.,0.,1.));
#5261=DIRECTION('ref_axis',(-0.0691254328857286,0.997607976375671,0.));
#5262=DIRECTION('center_axis',(0.,0.,-1.));
#5263=DIRECTION('ref_axis',(-0.0691254328857286,0.997607976375671,0.));
#5264=DIRECTION('',(0.,0.,1.));
#5265=DIRECTION('center_axis',(0.,0.,1.));
#5266=DIRECTION('ref_axis',(-0.0691254328857286,0.997607976375671,0.));
#5267=DIRECTION('',(0.,0.,-1.));
#5268=DIRECTION('center_axis',(0.,0.,1.));
#5269=DIRECTION('ref_axis',(0.309016994374947,-0.951056516295154,0.));
#5270=DIRECTION('center_axis',(0.,0.,-1.));
#5271=DIRECTION('ref_axis',(0.309016994374947,-0.951056516295154,0.));
#5272=DIRECTION('',(0.,0.,-1.));
#5273=DIRECTION('center_axis',(0.,0.,1.));
#5274=DIRECTION('ref_axis',(0.309016994374947,-0.951056516295154,0.));
#5275=DIRECTION('center_axis',(0.,0.,-1.));
#5276=DIRECTION('ref_axis',(-0.530455606134874,0.847712716620486,0.));
#5277=DIRECTION('center_axis',(0.,0.,1.));
#5278=DIRECTION('ref_axis',(-0.530455606134874,0.847712716620486,0.));
#5279=DIRECTION('center_axis',(0.,0.,-1.));
#5280=DIRECTION('ref_axis',(-0.530455606134874,0.847712716620486,0.));
#5281=DIRECTION('',(0.,0.,1.));
#5282=DIRECTION('center_axis',(0.,0.,-1.));
#5283=DIRECTION('ref_axis',(0.530455606134878,-0.847712716620483,0.));
#5284=DIRECTION('center_axis',(0.,0.,1.));
#5285=DIRECTION('ref_axis',(0.530455606134878,-0.847712716620483,0.));
#5286=DIRECTION('',(0.,0.,-1.));
#5287=DIRECTION('center_axis',(0.,0.,-1.));
#5288=DIRECTION('ref_axis',(0.530455606134878,-0.847712716620483,0.));
#5289=DIRECTION('',(0.,0.,1.));
#5290=DIRECTION('center_axis',(0.,0.,1.));
#5291=DIRECTION('ref_axis',(-0.309016994374946,0.951056516295154,0.));
#5292=DIRECTION('center_axis',(0.,0.,1.));
#5293=DIRECTION('ref_axis',(0.309016994374947,-0.951056516295154,0.));
#5294=DIRECTION('',(0.,0.,1.));
#5295=DIRECTION('center_axis',(0.,0.,-1.));
#5296=DIRECTION('ref_axis',(0.309016994374947,-0.951056516295154,0.));
#5297=DIRECTION('center_axis',(0.,0.,1.));
#5298=DIRECTION('ref_axis',(0.0691254328857431,-0.99760797637567,0.));
#5299=DIRECTION('center_axis',(0.,0.,-1.));
#5300=DIRECTION('ref_axis',(0.0691254328857431,-0.99760797637567,0.));
#5301=DIRECTION('center_axis',(0.,0.,1.));
#5302=DIRECTION('ref_axis',(0.0691254328857431,-0.99760797637567,0.));
#5303=DIRECTION('',(0.,0.,-1.));
#5304=DIRECTION('center_axis',(0.,0.,-1.));
#5305=DIRECTION('ref_axis',(-0.0691254328858947,-0.997607976375659,0.));
#5306=DIRECTION('center_axis',(0.,0.,1.));
#5307=DIRECTION('ref_axis',(-0.0691254328858947,-0.997607976375659,0.));
#5308=DIRECTION('',(0.,0.,-1.));
#5309=DIRECTION('center_axis',(0.,0.,-1.));
#5310=DIRECTION('ref_axis',(-0.0691254328858947,-0.997607976375659,0.));
#5311=DIRECTION('',(0.,0.,1.));
#5312=DIRECTION('center_axis',(0.,0.,1.));
#5313=DIRECTION('ref_axis',(0.309016994374947,0.951056516295154,0.));
#5314=DIRECTION('center_axis',(0.,0.,1.));
#5315=DIRECTION('ref_axis',(0.309016994374947,0.951056516295154,0.));
#5316=DIRECTION('',(0.,0.,1.));
#5317=DIRECTION('center_axis',(0.,0.,-1.));
#5318=DIRECTION('ref_axis',(0.309016994374947,0.951056516295154,0.));
#5319=DIRECTION('center_axis',(0.,0.,1.));
#5320=DIRECTION('ref_axis',(-0.530455606134749,-0.847712716620564,0.));
#5321=DIRECTION('center_axis',(0.,0.,-1.));
#5322=DIRECTION('ref_axis',(-0.530455606134749,-0.847712716620564,0.));
#5323=DIRECTION('center_axis',(0.,0.,1.));
#5324=DIRECTION('ref_axis',(-0.530455606134749,-0.847712716620564,0.));
#5325=DIRECTION('',(0.,0.,-1.));
#5326=DIRECTION('center_axis',(0.,0.,1.));
#5327=DIRECTION('ref_axis',(-0.970142500145341,0.242535625036298,0.));
#5328=DIRECTION('center_axis',(0.,0.,-1.));
#5329=DIRECTION('ref_axis',(-0.970142500145341,0.242535625036298,0.));
#5330=DIRECTION('',(0.,0.,1.));
#5331=DIRECTION('center_axis',(0.,0.,1.));
#5332=DIRECTION('ref_axis',(-0.970142500145341,0.242535625036298,0.));
#5333=DIRECTION('',(0.,0.,-1.));
#5334=DIRECTION('center_axis',(0.,0.,1.));
#5335=DIRECTION('ref_axis',(1.,0.,0.));
#5336=DIRECTION('center_axis',(0.,0.,-1.));
#5337=DIRECTION('ref_axis',(1.,0.,0.));
#5338=DIRECTION('',(0.,0.,-1.));
#5339=DIRECTION('center_axis',(0.,0.,1.));
#5340=DIRECTION('ref_axis',(1.,0.,0.));
#5341=DIRECTION('center_axis',(0.,0.,-1.));
#5342=DIRECTION('ref_axis',(-0.970142500145342,-0.242535625036293,0.));
#5343=DIRECTION('center_axis',(0.,0.,1.));
#5344=DIRECTION('ref_axis',(-0.970142500145342,-0.242535625036293,0.));
#5345=DIRECTION('center_axis',(0.,0.,-1.));
#5346=DIRECTION('ref_axis',(-0.970142500145342,-0.242535625036293,0.));
#5347=DIRECTION('',(0.,0.,1.));
#5348=DIRECTION('center_axis',(0.,0.,-1.));
#5349=DIRECTION('ref_axis',(0.970142500145294,0.242535625036485,0.));
#5350=DIRECTION('center_axis',(0.,0.,1.));
#5351=DIRECTION('ref_axis',(0.970142500145294,0.242535625036485,0.));
#5352=DIRECTION('',(0.,0.,-1.));
#5353=DIRECTION('center_axis',(0.,0.,-1.));
#5354=DIRECTION('ref_axis',(0.970142500145294,0.242535625036485,0.));
#5355=DIRECTION('',(0.,0.,1.));
#5356=DIRECTION('center_axis',(0.,0.,1.));
#5357=DIRECTION('ref_axis',(-1.,7.6571373978539E-16,0.));
#5358=DIRECTION('center_axis',(0.,0.,1.));
#5359=DIRECTION('ref_axis',(1.,0.,0.));
#5360=DIRECTION('',(0.,0.,1.));
#5361=DIRECTION('center_axis',(0.,0.,-1.));
#5362=DIRECTION('ref_axis',(1.,0.,0.));
#5363=DIRECTION('center_axis',(0.,0.,1.));
#5364=DIRECTION('ref_axis',(0.970142500145293,-0.242535625036488,0.));
#5365=DIRECTION('center_axis',(0.,0.,-1.));
#5366=DIRECTION('ref_axis',(0.970142500145293,-0.242535625036488,0.));
#5367=DIRECTION('center_axis',(0.,0.,1.));
#5368=DIRECTION('ref_axis',(0.970142500145293,-0.242535625036488,0.));
#5369=DIRECTION('',(0.,0.,-1.));
#5370=DIRECTION('center_axis',(-0.309016994374949,-0.951056516295153,0.));
#5371=DIRECTION('ref_axis',(0.951056516295153,-0.309016994374949,0.));
#5372=DIRECTION('',(-0.951056516295153,0.309016994374949,0.));
#5373=DIRECTION('',(0.,0.,1.));
#5374=DIRECTION('',(-0.951056516295153,0.309016994374949,0.));
#5375=DIRECTION('center_axis',(-0.309016994374949,-0.951056516295153,0.));
#5376=DIRECTION('ref_axis',(0.951056516295153,-0.309016994374949,0.));
#5377=DIRECTION('',(-0.951056516295153,0.309016994374949,0.));
#5378=DIRECTION('',(0.,0.,-1.));
#5379=DIRECTION('',(-0.951056516295153,0.309016994374949,0.));
#5380=DIRECTION('center_axis',(0.309016994374949,0.951056516295153,0.));
#5381=DIRECTION('ref_axis',(-0.951056516295153,0.309016994374949,0.));
#5382=DIRECTION('',(0.951056516295153,-0.309016994374948,0.));
#5383=DIRECTION('',(0.,0.,1.));
#5384=DIRECTION('',(0.951056516295153,-0.309016994374949,0.));
#5385=DIRECTION('center_axis',(0.309016994374949,0.951056516295153,0.));
#5386=DIRECTION('ref_axis',(-0.951056516295153,0.309016994374949,0.));
#5387=DIRECTION('',(0.951056516295153,-0.309016994374949,0.));
#5388=DIRECTION('',(0.,0.,-1.));
#5389=DIRECTION('',(0.951056516295153,-0.309016994374948,0.));
#5390=DIRECTION('center_axis',(0.809016994374946,-0.587785252292475,0.));
#5391=DIRECTION('ref_axis',(0.587785252292474,0.809016994374946,0.));
#5392=DIRECTION('',(-0.587785252292475,-0.809016994374946,0.));
#5393=DIRECTION('',(0.,0.,1.));
#5394=DIRECTION('',(-0.587785252292474,-0.809016994374946,0.));
#5395=DIRECTION('center_axis',(0.809016994374946,-0.587785252292475,0.));
#5396=DIRECTION('ref_axis',(0.587785252292474,0.809016994374946,0.));
#5397=DIRECTION('',(-0.587785252292474,-0.809016994374946,0.));
#5398=DIRECTION('',(0.,0.,-1.));
#5399=DIRECTION('',(-0.587785252292475,-0.809016994374946,0.));
#5400=DIRECTION('center_axis',(-0.809016994374947,0.587785252292474,0.));
#5401=DIRECTION('ref_axis',(-0.587785252292474,-0.809016994374947,0.));
#5402=DIRECTION('',(0.587785252292474,0.809016994374947,0.));
#5403=DIRECTION('',(0.,0.,1.));
#5404=DIRECTION('',(0.587785252292474,0.809016994374947,0.));
#5405=DIRECTION('center_axis',(-0.809016994374947,0.587785252292474,0.));
#5406=DIRECTION('ref_axis',(-0.587785252292474,-0.809016994374947,0.));
#5407=DIRECTION('',(0.587785252292474,0.809016994374947,0.));
#5408=DIRECTION('',(0.,0.,-1.));
#5409=DIRECTION('',(0.587785252292474,0.809016994374947,0.));
#5410=DIRECTION('center_axis',(0.809016994374948,0.587785252292472,0.));
#5411=DIRECTION('ref_axis',(-0.587785252292472,0.809016994374948,0.));
#5412=DIRECTION('',(0.587785252292472,-0.809016994374948,0.));
#5413=DIRECTION('',(0.,0.,1.));
#5414=DIRECTION('',(0.587785252292472,-0.809016994374948,0.));
#5415=DIRECTION('center_axis',(0.809016994374948,0.587785252292472,0.));
#5416=DIRECTION('ref_axis',(-0.587785252292472,0.809016994374948,0.));
#5417=DIRECTION('',(0.587785252292472,-0.809016994374948,0.));
#5418=DIRECTION('',(0.,0.,-1.));
#5419=DIRECTION('',(0.587785252292472,-0.809016994374948,0.));
#5420=DIRECTION('center_axis',(-0.809016994374948,-0.587785252292472,0.));
#5421=DIRECTION('ref_axis',(0.587785252292472,-0.809016994374948,0.));
#5422=DIRECTION('',(-0.587785252292472,0.809016994374948,0.));
#5423=DIRECTION('',(0.,0.,1.));
#5424=DIRECTION('',(-0.587785252292472,0.809016994374948,0.));
#5425=DIRECTION('center_axis',(-0.809016994374948,-0.587785252292472,0.));
#5426=DIRECTION('ref_axis',(0.587785252292472,-0.809016994374948,0.));
#5427=DIRECTION('',(-0.587785252292472,0.809016994374948,0.));
#5428=DIRECTION('',(0.,0.,-1.));
#5429=DIRECTION('',(-0.587785252292472,0.809016994374948,0.));
#5430=DIRECTION('center_axis',(-0.309016994374946,0.951056516295154,0.));
#5431=DIRECTION('ref_axis',(-0.951056516295154,-0.309016994374946,0.));
#5432=DIRECTION('',(0.951056516295154,0.309016994374946,0.));
#5433=DIRECTION('',(0.,0.,1.));
#5434=DIRECTION('',(0.951056516295154,0.309016994374946,0.));
#5435=DIRECTION('center_axis',(-0.309016994374946,0.951056516295154,0.));
#5436=DIRECTION('ref_axis',(-0.951056516295154,-0.309016994374946,0.));
#5437=DIRECTION('',(0.951056516295154,0.309016994374946,0.));
#5438=DIRECTION('',(0.,0.,-1.));
#5439=DIRECTION('',(0.951056516295154,0.309016994374946,0.));
#5440=DIRECTION('center_axis',(0.309016994374946,-0.951056516295154,0.));
#5441=DIRECTION('ref_axis',(0.951056516295154,0.309016994374946,0.));
#5442=DIRECTION('',(-0.951056516295154,-0.309016994374946,0.));
#5443=DIRECTION('',(0.,0.,1.));
#5444=DIRECTION('',(-0.951056516295154,-0.309016994374946,0.));
#5445=DIRECTION('center_axis',(0.309016994374946,-0.951056516295154,0.));
#5446=DIRECTION('ref_axis',(0.951056516295154,0.309016994374946,0.));
#5447=DIRECTION('',(-0.951056516295154,-0.309016994374946,0.));
#5448=DIRECTION('',(0.,0.,-1.));
#5449=DIRECTION('',(-0.951056516295154,-0.309016994374946,0.));
#5450=DIRECTION('center_axis',(0.,0.,1.));
#5451=DIRECTION('ref_axis',(0.309016994374947,0.951056516295154,0.));
#5452=DIRECTION('center_axis',(0.,0.,1.));
#5453=DIRECTION('ref_axis',(0.309016994374947,0.951056516295154,0.));
#5454=DIRECTION('',(0.,0.,1.));
#5455=DIRECTION('center_axis',(0.,0.,-1.));
#5456=DIRECTION('ref_axis',(0.309016994374947,0.951056516295154,0.));
#5457=DIRECTION('center_axis',(0.,0.,1.));
#5458=DIRECTION('ref_axis',(-0.809016994374948,0.587785252292473,0.));
#5459=DIRECTION('center_axis',(0.,0.,1.));
#5460=DIRECTION('ref_axis',(-0.809016994374948,0.587785252292473,0.));
#5461=DIRECTION('',(0.,0.,1.));
#5462=DIRECTION('center_axis',(0.,0.,-1.));
#5463=DIRECTION('ref_axis',(-0.809016994374948,0.587785252292473,0.));
#5464=DIRECTION('center_axis',(0.,0.,1.));
#5465=DIRECTION('ref_axis',(-0.809016994374947,-0.587785252292473,0.));
#5466=DIRECTION('center_axis',(0.,0.,1.));
#5467=DIRECTION('ref_axis',(-0.809016994374947,-0.587785252292473,0.));
#5468=DIRECTION('',(0.,0.,1.));
#5469=DIRECTION('center_axis',(0.,0.,-1.));
#5470=DIRECTION('ref_axis',(-0.809016994374947,-0.587785252292473,0.));
#5471=DIRECTION('center_axis',(0.,0.,1.));
#5472=DIRECTION('ref_axis',(0.309016994374947,-0.951056516295154,0.));
#5473=DIRECTION('center_axis',(0.,0.,1.));
#5474=DIRECTION('ref_axis',(0.309016994374947,-0.951056516295154,0.));
#5475=DIRECTION('',(0.,0.,1.));
#5476=DIRECTION('center_axis',(0.,0.,-1.));
#5477=DIRECTION('ref_axis',(0.309016994374947,-0.951056516295154,0.));
#5478=DIRECTION('center_axis',(-1.,1.66533453693773E-15,0.));
#5479=DIRECTION('ref_axis',(-1.72084568816899E-15,-1.,0.));
#5480=DIRECTION('',(1.66533453693773E-15,1.,0.));
#5481=DIRECTION('',(0.,0.,1.));
#5482=DIRECTION('',(1.72084568816899E-15,1.,0.));
#5483=DIRECTION('center_axis',(-1.,1.66533453693773E-15,0.));
#5484=DIRECTION('ref_axis',(-1.72084568816899E-15,-1.,0.));
#5485=DIRECTION('',(1.72084568816899E-15,1.,0.));
#5486=DIRECTION('',(0.,0.,-1.));
#5487=DIRECTION('',(1.66533453693773E-15,1.,0.));
#5488=DIRECTION('center_axis',(1.,-1.0547118733939E-15,0.));
#5489=DIRECTION('ref_axis',(1.0547118733939E-15,1.,0.));
#5490=DIRECTION('',(-1.0547118733939E-15,-1.,0.));
#5491=DIRECTION('',(0.,0.,1.));
#5492=DIRECTION('',(-1.0547118733939E-15,-1.,0.));
#5493=DIRECTION('center_axis',(1.,-1.0547118733939E-15,0.));
#5494=DIRECTION('ref_axis',(1.0547118733939E-15,1.,0.));
#5495=DIRECTION('',(-1.0547118733939E-15,-1.,0.));
#5496=DIRECTION('',(0.,0.,-1.));
#5497=DIRECTION('',(-1.0547118733939E-15,-1.,0.));
#5498=DIRECTION('center_axis',(0.,0.,1.));
#5499=DIRECTION('ref_axis',(1.,0.,0.));
#5500=DIRECTION('center_axis',(0.,0.,1.));
#5501=DIRECTION('ref_axis',(1.,0.,0.));
#5502=DIRECTION('',(0.,0.,1.));
#5503=DIRECTION('center_axis',(0.,0.,-1.));
#5504=DIRECTION('ref_axis',(1.,0.,0.));
#5505=DIRECTION('center_axis',(0.,0.,-1.));
#5506=DIRECTION('ref_axis',(-1.,0.,0.));
#5507=DIRECTION('center_axis',(0.,0.,1.));
#5508=DIRECTION('ref_axis',(0.309016994374948,0.951056516295154,0.));
#5509=DIRECTION('center_axis',(-1.22464679914737E-16,-1.,0.));
#5510=DIRECTION('ref_axis',(1.,-1.22464679914737E-16,0.));
#5511=DIRECTION('center_axis',(0.,0.,-1.));
#5512=DIRECTION('ref_axis',(0.309016994374947,0.951056516295154,3.4400549326782E-33));
#5513=DIRECTION('center_axis',(0.,0.,-1.));
#5514=DIRECTION('ref_axis',(0.309016994374947,0.951056516295154,3.4400549326782E-33));
#5515=DIRECTION('center_axis',(0.,0.,-1.));
#5516=DIRECTION('ref_axis',(0.309016994374947,0.951056516295154,3.4400549326782E-33));
#5517=DIRECTION('center_axis',(0.,0.,-1.));
#5518=DIRECTION('ref_axis',(0.309016994374947,0.951056516295154,3.4400549326782E-33));
#5519=DIRECTION('center_axis',(0.,0.,-1.));
#5520=DIRECTION('ref_axis',(0.309016994374947,0.951056516295154,3.4400549326782E-33));
#5521=DIRECTION('center_axis',(0.,0.,-1.));
#5522=DIRECTION('ref_axis',(0.309016994374947,0.951056516295154,3.4400549326782E-33));
#5523=DIRECTION('center_axis',(0.,0.,-1.));
#5524=DIRECTION('ref_axis',(0.309016994374947,0.951056516295154,3.4400549326782E-33));
#5525=DIRECTION('center_axis',(0.,0.,-1.));
#5526=DIRECTION('ref_axis',(0.309016994374947,0.951056516295154,3.4400549326782E-33));
#5527=DIRECTION('center_axis',(0.,0.,-1.));
#5528=DIRECTION('ref_axis',(0.309016994374947,0.951056516295154,3.4400549326782E-33));
#5529=DIRECTION('center_axis',(0.,0.,-1.));
#5530=DIRECTION('ref_axis',(0.309016994374947,0.951056516295154,3.4400549326782E-33));
#5531=DIRECTION('center_axis',(0.,0.,1.));
#5532=DIRECTION('ref_axis',(0.309016994374948,0.951056516295154,0.));
#5533=DIRECTION('center_axis',(0.,0.,1.));
#5534=DIRECTION('ref_axis',(-0.809016994374947,0.587785252292473,0.));
#5535=DIRECTION('center_axis',(0.,0.,1.));
#5536=DIRECTION('ref_axis',(-0.809016994374947,0.587785252292473,0.));
#5537=DIRECTION('',(-0.572061402817682,0.415626937777451,-0.707106781186551));
#5538=DIRECTION('center_axis',(0.,0.,-1.));
#5539=DIRECTION('ref_axis',(-0.809016994374947,0.587785252292473,0.));
#5540=DIRECTION('center_axis',(0.,0.,1.));
#5541=DIRECTION('ref_axis',(-0.809016994374947,0.587785252292473,0.));
#5542=DIRECTION('center_axis',(0.,0.,1.));
#5543=DIRECTION('ref_axis',(0.587785252292473,0.809016994374947,0.));
#5544=DIRECTION('',(0.,0.,1.));
#5545=DIRECTION('center_axis',(0.,0.,-1.));
#5546=DIRECTION('ref_axis',(0.587785252292473,0.809016994374947,0.));
#5547=DIRECTION('center_axis',(0.,0.,-1.));
#5548=DIRECTION('ref_axis',(0.587785252292473,0.809016994374947,0.));
#5549=DIRECTION('center_axis',(0.,0.,1.));
#5550=DIRECTION('ref_axis',(-0.809016994374948,-0.587785252292473,0.));
#5551=DIRECTION('center_axis',(0.,0.,1.));
#5552=DIRECTION('ref_axis',(-0.809016994374947,-0.587785252292473,0.));
#5553=DIRECTION('',(-0.572061402817707,-0.41562693777747,-0.70710678118652));
#5554=DIRECTION('center_axis',(0.,0.,-1.));
#5555=DIRECTION('ref_axis',(-0.809016994374948,-0.587785252292473,0.));
#5556=DIRECTION('center_axis',(0.,0.,1.));
#5557=DIRECTION('ref_axis',(-0.809016994374947,-0.587785252292473,0.));
#5558=DIRECTION('center_axis',(0.,0.,1.));
#5559=DIRECTION('ref_axis',(-0.587785252292473,0.809016994374948,0.));
#5560=DIRECTION('',(0.,0.,1.));
#5561=DIRECTION('center_axis',(0.,0.,-1.));
#5562=DIRECTION('ref_axis',(-0.587785252292473,0.809016994374948,0.));
#5563=DIRECTION('center_axis',(0.,0.,-1.));
#5564=DIRECTION('ref_axis',(-0.587785252292473,0.809016994374948,0.));
#5565=DIRECTION('center_axis',(0.,0.,1.));
#5566=DIRECTION('ref_axis',(0.309016994374947,-0.951056516295154,0.));
#5567=DIRECTION('center_axis',(0.,0.,1.));
#5568=DIRECTION('ref_axis',(0.309016994374947,-0.951056516295154,0.));
#5569=DIRECTION('',(0.21850801222441,-0.672498511963955,-0.70710678118655));
#5570=DIRECTION('center_axis',(0.,0.,-1.));
#5571=DIRECTION('ref_axis',(0.309016994374947,-0.951056516295154,0.));
#5572=DIRECTION('center_axis',(0.,0.,1.));
#5573=DIRECTION('ref_axis',(0.309016994374947,-0.951056516295154,0.));
#5574=DIRECTION('center_axis',(0.,0.,-1.));
#5575=DIRECTION('ref_axis',(0.309016994374947,0.951056516295154,0.));
#5576=DIRECTION('center_axis',(0.,0.,1.));
#5577=DIRECTION('ref_axis',(0.309016994374948,0.951056516295154,0.));
#5578=DIRECTION('center_axis',(0.,0.,1.));
#5579=DIRECTION('ref_axis',(0.309016994374948,0.951056516295154,0.));
#5580=DIRECTION('',(0.0193301045833798,0.0594919446481439,0.998041610143975));
#5581=DIRECTION('center_axis',(0.,0.,-1.));
#5582=DIRECTION('ref_axis',(-0.309016994374948,-0.951056516295154,0.));
#5583=DIRECTION('center_axis',(0.,0.,-1.));
#5584=DIRECTION('ref_axis',(-0.951056516295154,-0.309016994374947,0.));
#5585=DIRECTION('center_axis',(0.,0.,-1.));
#5586=DIRECTION('ref_axis',(-0.951056516295154,-0.309016994374947,0.));
#5587=DIRECTION('center_axis',(0.,0.,1.));
#5588=DIRECTION('ref_axis',(1.,0.,0.));
#5589=DIRECTION('center_axis',(0.,0.,1.));
#5590=DIRECTION('ref_axis',(1.,0.,0.));
#5591=DIRECTION('center_axis',(0.,0.,-1.));
#5592=DIRECTION('ref_axis',(-1.00929365875014E-16,-1.,0.));
#5593=DIRECTION('center_axis',(0.,0.,-1.));
#5594=DIRECTION('ref_axis',(-1.00929365875014E-16,-1.,0.));
#5595=DIRECTION('center_axis',(0.,0.,1.));
#5596=DIRECTION('ref_axis',(0.309016994374948,0.951056516295154,0.));
#5597=DIRECTION('center_axis',(0.,0.,1.));
#5598=DIRECTION('ref_axis',(0.309016994374948,0.951056516295154,0.));
#5599=DIRECTION('center_axis',(0.,0.,-1.));
#5600=DIRECTION('ref_axis',(0.951056516295154,-0.309016994374948,0.));
#5601=DIRECTION('center_axis',(0.,0.,-1.));
#5602=DIRECTION('ref_axis',(0.951056516295154,-0.309016994374948,0.));
#5603=DIRECTION('center_axis',(0.,0.,1.));
#5604=DIRECTION('ref_axis',(-0.587785252292473,-0.809016994374947,0.));
#5605=DIRECTION('center_axis',(0.,0.,-1.));
#5606=DIRECTION('ref_axis',(-0.587785252292473,0.809016994374948,0.));
#5607=DIRECTION('',(0.924417570497893,0.381381902238129,0.));
#5608=DIRECTION('',(0.401409801241529,-0.915898559594476,0.));
#5609=DIRECTION('center_axis',(0.,0.,-1.));
#5610=DIRECTION('ref_axis',(-0.951056516295154,0.309016994374948,0.));
#5611=DIRECTION('',(-0.747028843075371,0.664791627213726,0.));
#5612=DIRECTION('',(0.648376482503248,0.761319865061142,0.));
#5613=DIRECTION('center_axis',(0.,0.,-1.));
#5614=DIRECTION('ref_axis',(-0.951056516295154,-0.309016994374947,0.));
#5615=DIRECTION('',(-0.0770550041379622,0.997026843338382,0.));
#5616=DIRECTION('',(0.995113743659974,0.0987351871372703,0.));
#5617=DIRECTION('center_axis',(0.,0.,-1.));
#5618=DIRECTION('ref_axis',(-0.587785252292473,-0.809016994374947,0.));
#5619=DIRECTION('',(-0.863099016838617,-0.505034738540045,0.));
#5620=DIRECTION('',(-0.523698866804793,0.851903455156379,0.));
#5621=DIRECTION('center_axis',(0.,0.,-1.));
#5622=DIRECTION('ref_axis',(-3.08395284618099E-16,-1.,0.));
#5623=DIRECTION('',(-0.972040182058418,0.234814574641009,0.));
#5624=DIRECTION('',(0.213604315012485,0.97692026113089,0.));
#5625=DIRECTION('center_axis',(0.,0.,-1.));
#5626=DIRECTION('ref_axis',(0.587785252292473,-0.809016994374948,0.));
#5627=DIRECTION('',(0.213604315012487,-0.97692026113089,0.));
#5628=DIRECTION('',(-0.972040182058415,-0.23481457464102,0.));
#5629=DIRECTION('center_axis',(0.,0.,-1.));
#5630=DIRECTION('ref_axis',(0.951056516295154,-0.309016994374948,0.));
#5631=DIRECTION('',(-0.523698866804774,-0.85190345515639,0.));
#5632=DIRECTION('',(-0.863099016838619,0.505034738540043,0.));
#5633=DIRECTION('center_axis',(0.,0.,-1.));
#5634=DIRECTION('ref_axis',(0.951056516295154,0.309016994374947,0.));
#5635=DIRECTION('',(0.995113743659974,-0.0987351871372674,0.));
#5636=DIRECTION('',(-0.0770550041379443,-0.997026843338383,0.));
#5637=DIRECTION('center_axis',(0.,0.,-1.));
#5638=DIRECTION('ref_axis',(0.587785252292473,0.809016994374947,0.));
#5639=DIRECTION('',(0.648376482503264,-0.761319865061129,0.));
#5640=DIRECTION('',(-0.747028843075369,-0.664791627213728,0.));
#5641=DIRECTION('center_axis',(0.,0.,-1.));
#5642=DIRECTION('ref_axis',(0.,1.,0.));
#5643=DIRECTION('',(0.401409801241527,0.915898559594477,0.));
#5644=DIRECTION('',(0.924417570497897,-0.381381902238119,0.));
#5645=DIRECTION('center_axis',(0.,0.939692620785908,-0.342020143325669));
#5646=DIRECTION('ref_axis',(0.,0.342020143325669,0.939692620785908));
#5647=DIRECTION('center_axis',(0.,-0.939692620785908,0.342020143325669));
#5648=DIRECTION('ref_axis',(-1.,-1.8503717077086E-16,-1.15648231731787E-17));
#5649=DIRECTION('center_axis',(-1.,0.,0.));
#5650=DIRECTION('ref_axis',(0.,-0.342020143325669,-0.939692620785908));
#5651=DIRECTION('center_axis',(0.,0.939692620785908,-0.342020143325669));
#5652=DIRECTION('ref_axis',(-1.,-2.536209968766E-17,-6.96817962018034E-17));
#5653=DIRECTION('center_axis',(0.,-0.939692620785908,0.342020143325669));
#5654=DIRECTION('ref_axis',(-1.,-1.8503717077086E-16,-1.15648231731787E-17));
#5655=DIRECTION('center_axis',(0.,0.939692620785908,-0.342020143325669));
#5656=DIRECTION('ref_axis',(-1.,0.,0.));
#5657=DIRECTION('center_axis',(0.,-0.939692620785908,0.342020143325669));
#5658=DIRECTION('ref_axis',(-1.,0.,0.));
#5659=DIRECTION('center_axis',(0.,-0.939692620785908,0.342020143325669));
#5660=DIRECTION('ref_axis',(-1.,0.,0.));
#5661=DIRECTION('',(0.,-0.939692620785908,0.342020143325669));
#5662=DIRECTION('center_axis',(0.,0.939692620785908,-0.342020143325669));
#5663=DIRECTION('ref_axis',(-1.,0.,0.));
#5664=DIRECTION('',(-0.642787609686539,-0.719846310392954,0.262002630229385));
#5665=DIRECTION('center_axis',(0.997026843338383,-0.0770550041379443,0.));
#5666=DIRECTION('ref_axis',(0.,0.,-1.));
#5667=DIRECTION('',(0.,0.,1.));
#5668=DIRECTION('center_axis',(0.,0.,1.));
#5669=DIRECTION('ref_axis',(0.951056516295154,-0.309016994374948,0.));
#5670=DIRECTION('center_axis',(0.,0.,-1.));
#5671=DIRECTION('ref_axis',(0.951056516295154,-0.309016994374948,0.));
#5672=DIRECTION('',(0.,0.,-1.));
#5673=DIRECTION('center_axis',(0.,0.,1.));
#5674=DIRECTION('ref_axis',(0.587785252292473,0.809016994374947,0.));
#5675=DIRECTION('center_axis',(0.,0.,-1.));
#5676=DIRECTION('ref_axis',(0.587785252292473,0.809016994374947,0.));
#5677=DIRECTION('center_axis',(0.85190345515639,-0.523698866804774,0.));
#5678=DIRECTION('ref_axis',(0.,0.,-1.));
#5679=DIRECTION('center_axis',(0.381381902238119,0.924417570497897,0.));
#5680=DIRECTION('ref_axis',(0.,0.,1.));
#5681=DIRECTION('',(0.,0.,1.));
#5682=DIRECTION('center_axis',(0.,0.,1.));
#5683=DIRECTION('ref_axis',(0.587785252292473,0.809016994374947,0.));
#5684=DIRECTION('center_axis',(0.,0.,-1.));
#5685=DIRECTION('ref_axis',(0.587785252292473,0.809016994374947,0.));
#5686=DIRECTION('',(0.,0.,-1.));
#5687=DIRECTION('center_axis',(0.,0.,1.));
#5688=DIRECTION('ref_axis',(0.587785252292473,0.809016994374947,0.));
#5689=DIRECTION('center_axis',(0.,0.,-1.));
#5690=DIRECTION('ref_axis',(0.587785252292473,0.809016994374947,0.));
#5691=DIRECTION('center_axis',(0.761319865061129,0.648376482503264,0.));
#5692=DIRECTION('ref_axis',(0.,0.,-1.));
#5693=DIRECTION('center_axis',(-0.761319865061142,0.648376482503248,0.));
#5694=DIRECTION('ref_axis',(0.,0.,1.));
#5695=DIRECTION('',(0.,0.,1.));
#5696=DIRECTION('center_axis',(0.,0.,1.));
#5697=DIRECTION('ref_axis',(-0.587785252292473,0.809016994374948,0.));
#5698=DIRECTION('center_axis',(0.,0.,-1.));
#5699=DIRECTION('ref_axis',(-0.587785252292473,0.809016994374948,0.));
#5700=DIRECTION('',(0.,0.,-1.));
#5701=DIRECTION('center_axis',(0.,0.,1.));
#5702=DIRECTION('ref_axis',(0.587785252292473,0.809016994374947,0.));
#5703=DIRECTION('center_axis',(0.,0.,-1.));
#5704=DIRECTION('ref_axis',(0.587785252292473,0.809016994374947,0.));
#5705=DIRECTION('center_axis',(-0.381381902238129,0.924417570497893,0.));
#5706=DIRECTION('ref_axis',(0.,0.,1.));
#5707=DIRECTION('center_axis',(-0.851903455156379,-0.523698866804793,0.));
#5708=DIRECTION('ref_axis',(0.,0.,1.));
#5709=DIRECTION('',(0.,0.,1.));
#5710=DIRECTION('center_axis',(0.,0.,1.));
#5711=DIRECTION('ref_axis',(-0.951056516295154,-0.309016994374947,0.));
#5712=DIRECTION('center_axis',(0.,0.,-1.));
#5713=DIRECTION('ref_axis',(-0.951056516295154,-0.309016994374947,0.));
#5714=DIRECTION('',(0.,0.,-1.));
#5715=DIRECTION('center_axis',(0.,0.,1.));
#5716=DIRECTION('ref_axis',(0.587785252292473,0.809016994374947,0.));
#5717=DIRECTION('center_axis',(0.,0.,-1.));
#5718=DIRECTION('ref_axis',(0.587785252292473,0.809016994374947,0.));
#5719=DIRECTION('center_axis',(-0.997026843338382,-0.0770550041379622,0.));
#5720=DIRECTION('ref_axis',(0.,0.,1.));
#5721=DIRECTION('center_axis',(0.23481457464102,-0.972040182058415,0.));
#5722=DIRECTION('ref_axis',(0.,0.,-1.));
#5723=DIRECTION('',(0.,0.,1.));
#5724=DIRECTION('center_axis',(0.,0.,1.));
#5725=DIRECTION('ref_axis',(-3.08395284618099E-16,-1.,0.));
#5726=DIRECTION('center_axis',(0.,0.,-1.));
#5727=DIRECTION('ref_axis',(-3.08395284618099E-16,-1.,0.));
#5728=DIRECTION('',(0.,0.,-1.));
#5729=DIRECTION('center_axis',(0.,0.,1.));
#5730=DIRECTION('ref_axis',(0.587785252292473,0.809016994374947,0.));
#5731=DIRECTION('center_axis',(0.,0.,-1.));
#5732=DIRECTION('ref_axis',(0.587785252292473,0.809016994374947,0.));
#5733=DIRECTION('center_axis',(-0.234814574641009,-0.972040182058418,0.));
#5734=DIRECTION('ref_axis',(0.,0.,-1.));
#5735=DIRECTION('center_axis',(0.,0.,1.));
#5736=DIRECTION('ref_axis',(0.309016994374947,0.951056516295154,0.));
#5737=DIRECTION('center_axis',(0.,0.,1.));
#5738=DIRECTION('ref_axis',(0.309016994374947,0.951056516295154,0.));
#5739=DIRECTION('',(0.,0.,1.));
#5740=DIRECTION('center_axis',(0.,0.,-1.));
#5741=DIRECTION('ref_axis',(0.309016994374947,0.951056516295154,0.));
#5742=DIRECTION('center_axis',(0.,0.,-1.));
#5743=DIRECTION('ref_axis',(0.309016994374947,0.951056516295154,0.));
#5744=DIRECTION('center_axis',(0.,0.,1.));
#5745=DIRECTION('ref_axis',(-0.809016994374947,0.587785252292473,0.));
#5746=DIRECTION('center_axis',(0.,0.,1.));
#5747=DIRECTION('ref_axis',(-0.809016994374947,0.587785252292473,0.));
#5748=DIRECTION('',(0.,0.,1.));
#5749=DIRECTION('center_axis',(0.,0.,1.));
#5750=DIRECTION('ref_axis',(-0.809016994374948,-0.587785252292473,0.));
#5751=DIRECTION('center_axis',(0.,0.,1.));
#5752=DIRECTION('ref_axis',(-0.809016994374948,-0.587785252292473,0.));
#5753=DIRECTION('',(0.,0.,1.));
#5754=DIRECTION('center_axis',(0.,0.,1.));
#5755=DIRECTION('ref_axis',(0.309016994374947,-0.951056516295154,0.));
#5756=DIRECTION('center_axis',(0.,0.,1.));
#5757=DIRECTION('ref_axis',(0.309016994374947,-0.951056516295154,0.));
#5758=DIRECTION('',(0.,0.,1.));
#5759=DIRECTION('center_axis',(0.,0.,1.));
#5760=DIRECTION('ref_axis',(1.,0.,0.));
#5761=DIRECTION('',(0.707106781186542,8.65956056235487E-17,-0.707106781186553));
#5762=DIRECTION('center_axis',(0.,0.,-1.));
#5763=DIRECTION('ref_axis',(1.,0.,0.));
#5764=DIRECTION('center_axis',(0.,0.,1.));
#5765=DIRECTION('ref_axis',(1.,0.,0.));
#5766=DIRECTION('center_axis',(0.,0.,1.));
#5767=DIRECTION('ref_axis',(1.,0.,0.));
#5768=DIRECTION('',(0.,0.,1.));
#5769=DIRECTION('center_axis',(0.,0.,1.));
#5770=DIRECTION('ref_axis',(0.309016994374948,0.951056516295154,0.));
#5771=DIRECTION('',(0.21850801222442,0.672498511963985,-0.707106781186518));
#5772=DIRECTION('center_axis',(0.,0.,-1.));
#5773=DIRECTION('ref_axis',(0.309016994374948,0.951056516295154,0.));
#5774=DIRECTION('center_axis',(0.,0.,1.));
#5775=DIRECTION('ref_axis',(0.309016994374947,0.951056516295154,0.));
#5776=DIRECTION('center_axis',(0.,0.,1.));
#5777=DIRECTION('ref_axis',(0.309016994374947,0.951056516295154,0.));
#5778=DIRECTION('',(0.,0.,1.));
#5779=DIRECTION('center_axis',(0.767401140732657,0.519860705841006,-0.375287004470856));
#5780=DIRECTION('ref_axis',(0.614108966140694,-0.427708699933092,0.663276296657096));
#5781=DIRECTION('center_axis',(-0.257276918004805,-0.890487648354963,-0.375287004290311));
#5782=DIRECTION('ref_axis',(0.960707010915843,-0.277564477513146,-7.05623593743299E-11));
#5783=DIRECTION('center_axis',(0.,0.,-1.));
#5784=DIRECTION('ref_axis',(-0.951056516295154,0.309016994374948,0.));
#5785=DIRECTION('center_axis',(0.,0.,-1.));
#5786=DIRECTION('ref_axis',(-0.951056516295154,0.309016994374948,0.));
#5787=DIRECTION('center_axis',(0.,0.,-1.));
#5788=DIRECTION('ref_axis',(-0.951056516295154,0.309016994374948,0.));
#5789=DIRECTION('center_axis',(0.,0.,-1.));
#5790=DIRECTION('ref_axis',(-0.881786543271185,0.471648695647358,0.));
#5791=DIRECTION('',(0.,0.,-1.));
#5792=DIRECTION('center_axis',(0.,0.,1.));
#5793=DIRECTION('ref_axis',(-0.76415818237341,0.645028892617816,0.));
#5794=DIRECTION('',(0.,0.,1.));
#5795=DIRECTION('center_axis',(0.,0.,1.));
#5796=DIRECTION('ref_axis',(0.809016994374891,-0.587785252292552,0.));
#5797=DIRECTION('',(0.,0.,1.));
#5798=DIRECTION('center_axis',(0.,0.,-1.));
#5799=DIRECTION('ref_axis',(-0.809016994374947,0.587785252292473,0.));
#5800=DIRECTION('center_axis',(-0.664791627213726,-0.747028843075371,0.));
#5801=DIRECTION('ref_axis',(0.,0.,1.));
#5802=DIRECTION('',(0.,0.,-1.));
#5803=DIRECTION('',(0.747028843075372,-0.664791627213725,0.));
#5804=DIRECTION('',(0.740950461434589,-0.581873280372865,-0.335284803246421));
#5805=DIRECTION('',(0.735748094731686,-0.507279797751406,-0.448711430534132));
#5806=DIRECTION('center_axis',(0.,0.,-1.));
#5807=DIRECTION('ref_axis',(-0.951056516295154,0.309016994374948,0.));
#5808=DIRECTION('center_axis',(0.,0.,1.));
#5809=DIRECTION('ref_axis',(-0.951056516295154,0.309016994374948,0.));
#5810=DIRECTION('center_axis',(0.,0.,1.));
#5811=DIRECTION('ref_axis',(-0.951056516295153,0.309016994374948,0.));
#5812=DIRECTION('center_axis',(0.,0.,1.));
#5813=DIRECTION('ref_axis',(0.809016994374947,-0.587785252292473,0.));
#5814=DIRECTION('center_axis',(0.,0.,-1.));
#5815=DIRECTION('ref_axis',(-0.951056516295153,0.309016994374948,0.));
#5816=DIRECTION('center_axis',(0.,0.,1.));
#5817=DIRECTION('ref_axis',(-0.951056516295154,0.309016994374948,0.));
#5818=DIRECTION('',(0.,0.,1.));
#5819=DIRECTION('center_axis',(0.,0.,-1.));
#5820=DIRECTION('ref_axis',(-0.951056516295153,0.309016994374948,0.));
#5821=DIRECTION('',(0.,0.,-1.));
#5822=DIRECTION('',(-0.324428090383406,0.884494496807177,0.335284803246428));
#5823=DIRECTION('',(0.401409801241529,-0.915898559594476,0.));
#5824=DIRECTION('center_axis',(0.915898559594476,0.401409801241529,0.));
#5825=DIRECTION('ref_axis',(0.,0.,1.));
#5826=DIRECTION('',(-0.25509309238528,0.856496098254581,0.448711430534139));
#5827=DIRECTION('center_axis',(0.,0.,-1.));
#5828=DIRECTION('ref_axis',(-0.809016994374947,0.587785252292473,0.));
#5829=DIRECTION('center_axis',(0.,0.,1.));
#5830=DIRECTION('ref_axis',(0.809016994374947,-0.587785252292473,0.));
#5831=DIRECTION('center_axis',(0.,0.,1.));
#5832=DIRECTION('ref_axis',(-0.951056516295154,0.309016994374948,0.));
#5833=DIRECTION('center_axis',(0.,0.,-1.));
#5834=DIRECTION('ref_axis',(-0.951056516295154,0.309016994374948,0.));
#5835=DIRECTION('center_axis',(0.,0.,1.));
#5836=DIRECTION('ref_axis',(-0.951056516295153,0.309016994374948,0.));
#5837=DIRECTION('center_axis',(-0.769367955715361,-0.112528068441786,-0.628816652555518));
#5838=DIRECTION('ref_axis',(-0.626018197474099,0.328787494219276,0.707106781240492));
#5839=DIRECTION('center_axis',(-0.592867151770396,-0.243104896064428,-0.767729477004213));
#5840=DIRECTION('ref_axis',(-0.772601121228345,0.44061422818089,0.457106781180572));
#5841=DIRECTION('center_axis',(0.,0.,1.));
#5842=DIRECTION('ref_axis',(-0.721051592679465,0.692881375629629,0.));
#5843=DIRECTION('center_axis',(0.,0.,1.));
#5844=DIRECTION('ref_axis',(-0.560854297925729,0.827914522458833,0.));
#5845=DIRECTION('center_axis',(-0.130727220455224,0.766485493190027,-0.628816652579504));
#5846=DIRECTION('ref_axis',(-0.985765460656578,-0.168126311374884,0.));
#5847=DIRECTION('center_axis',(0.048000470241674,0.638973712288062,-0.767729477004362));
#5848=DIRECTION('ref_axis',(-0.997190289098079,0.0749101283438292,-1.7023419710919E-12));
#5849=DIRECTION('center_axis',(-0.257276917866775,0.890487648318754,-0.375287004470856));
#5850=DIRECTION('ref_axis',(0.596545253082999,0.451883077042047,0.663276296657096));
#5851=DIRECTION('center_axis',(0.767401140724441,-0.519860705983469,-0.375287004290311));
#5852=DIRECTION('ref_axis',(0.560854298019091,0.827914522395587,-7.05623593743299E-11));
#5853=DIRECTION('center_axis',(0.,0.,-1.));
#5854=DIRECTION('ref_axis',(-0.587785252292473,-0.809016994374947,0.));
#5855=DIRECTION('center_axis',(0.,0.,-1.));
#5856=DIRECTION('ref_axis',(-0.587785252292473,-0.809016994374947,0.));
#5857=DIRECTION('center_axis',(0.,0.,-1.));
#5858=DIRECTION('ref_axis',(-0.587785252292473,-0.809016994374947,0.));
#5859=DIRECTION('center_axis',(0.,0.,-1.));
#5860=DIRECTION('ref_axis',(-0.721051592679466,-0.692881375629628,0.));
#5861=DIRECTION('',(0.,0.,-1.));
#5862=DIRECTION('center_axis',(0.,0.,1.));
#5863=DIRECTION('ref_axis',(-0.849596796266875,-0.527432729144734,0.));
#5864=DIRECTION('',(0.,0.,1.));
#5865=DIRECTION('center_axis',(0.,0.,1.));
#5866=DIRECTION('ref_axis',(0.809016994375004,0.587785252292395,0.));
#5867=DIRECTION('',(0.,0.,1.));
#5868=DIRECTION('center_axis',(0.,0.,-1.));
#5869=DIRECTION('ref_axis',(-0.809016994374947,-0.587785252292473,0.));
#5870=DIRECTION('center_axis',(0.505034738540045,-0.863099016838618,0.));
#5871=DIRECTION('ref_axis',(0.,0.,1.));
#5872=DIRECTION('',(0.,0.,-1.));
#5873=DIRECTION('',(0.863099016838617,0.505034738540046,0.));
#5874=DIRECTION('',(0.782360659529897,0.524877032391353,-0.335284803246421));
#5875=DIRECTION('',(0.709810422087441,0.542979941438044,-0.448711430534132));
#5876=DIRECTION('center_axis',(0.,0.,-1.));
#5877=DIRECTION('ref_axis',(-0.587785252292473,-0.809016994374947,0.));
#5878=DIRECTION('center_axis',(0.,0.,1.));
#5879=DIRECTION('ref_axis',(-0.587785252292473,-0.809016994374947,0.));
#5880=DIRECTION('center_axis',(0.,0.,1.));
#5881=DIRECTION('ref_axis',(-0.587785252292473,-0.809016994374947,0.));
#5882=DIRECTION('center_axis',(0.,0.,1.));
#5883=DIRECTION('ref_axis',(0.809016994374947,0.587785252292473,0.));
#5884=DIRECTION('center_axis',(0.,0.,-1.));
#5885=DIRECTION('ref_axis',(-0.587785252292473,-0.809016994374947,0.));
#5886=DIRECTION('center_axis',(0.,0.,1.));
#5887=DIRECTION('ref_axis',(-0.587785252292473,-0.809016994374947,0.));
#5888=DIRECTION('',(0.,0.,1.));
#5889=DIRECTION('center_axis',(0.,0.,-1.));
#5890=DIRECTION('ref_axis',(-0.587785252292473,-0.809016994374947,0.));
#5891=DIRECTION('',(0.,0.,-1.));
#5892=DIRECTION('',(-0.941458048196752,-0.0352256184837962,0.335284803246428));
#5893=DIRECTION('',(0.995113743659974,0.0987351871372701,0.));
#5894=DIRECTION('center_axis',(-0.0987351871372704,0.995113743659974,0.));
#5895=DIRECTION('ref_axis',(0.,0.,1.));
#5896=DIRECTION('',(-0.893404296121104,0.0220639022015983,0.448711430534139));
#5897=DIRECTION('center_axis',(0.,0.,-1.));
#5898=DIRECTION('ref_axis',(-0.809016994374947,-0.587785252292473,0.));
#5899=DIRECTION('center_axis',(0.,0.,1.));
#5900=DIRECTION('ref_axis',(0.809016994374947,0.587785252292473,0.));
#5901=DIRECTION('center_axis',(0.,0.,1.));
#5902=DIRECTION('ref_axis',(-0.587785252292473,-0.809016994374947,0.));
#5903=DIRECTION('center_axis',(0.,0.,-1.));
#5904=DIRECTION('ref_axis',(-0.587785252292473,-0.809016994374947,0.));
#5905=DIRECTION('center_axis',(0.,0.,1.));
#5906=DIRECTION('ref_axis',(-0.587785252292473,-0.809016994374947,0.));
#5907=DIRECTION('center_axis',(-0.130727220485891,-0.766485493204474,-0.628816652555518));
#5908=DIRECTION('ref_axis',(-0.506145750661066,-0.493777762775377,0.707106781240492));
#5909=DIRECTION('center_axis',(0.0480004702416066,-0.638973712288246,-0.767729477004213));
#5910=DIRECTION('ref_axis',(-0.657795909216493,-0.598630046369863,0.457106781180572));
#5911=DIRECTION('center_axis',(0.,0.,1.));
#5912=DIRECTION('ref_axis',(-0.881786543271186,-0.471648695647357,0.));
#5913=DIRECTION('center_axis',(0.,0.,1.));
#5914=DIRECTION('ref_axis',(-0.960707010947144,-0.277564477404809,0.));
#5915=DIRECTION('center_axis',(-0.769367955692144,0.112528068466487,-0.628816652579504));
#5916=DIRECTION('ref_axis',(-0.144720655816979,-0.989472552312546,0.));
#5917=DIRECTION('center_axis',(-0.5928671517702,0.243104896064435,-0.767729477004362));
#5918=DIRECTION('ref_axis',(-0.379392511654878,-0.925235819723925,-1.7023419710919E-12));
#5919=DIRECTION('center_axis',(-0.926407020495139,0.0304909273819468,-0.375287004470856));
#5920=DIRECTION('ref_axis',(-0.245423723907992,0.706987800485964,0.663276296657096));
#5921=DIRECTION('center_axis',(0.73155690597795,0.569196062641663,-0.375287004290311));
#5922=DIRECTION('ref_axis',(-0.614079992003582,0.789243792133255,-7.05623593743299E-11));
#5923=DIRECTION('center_axis',(0.,0.,-1.));
#5924=DIRECTION('ref_axis',(0.587785252292473,-0.809016994374948,0.));
#5925=DIRECTION('center_axis',(0.,0.,-1.));
#5926=DIRECTION('ref_axis',(0.587785252292473,-0.809016994374948,0.));
#5927=DIRECTION('center_axis',(0.,0.,-1.));
#5928=DIRECTION('ref_axis',(0.587785252292473,-0.809016994374948,0.));
#5929=DIRECTION('center_axis',(0.,0.,-1.));
#5930=DIRECTION('ref_axis',(0.43615215135303,-0.899872935958251,0.));
#5931=DIRECTION('',(0.,0.,-1.));
#5932=DIRECTION('center_axis',(0.,0.,1.));
#5933=DIRECTION('ref_axis',(0.239078485547462,-0.971000246008379,0.));
#5934=DIRECTION('',(0.,0.,1.));
#5935=DIRECTION('center_axis',(0.,0.,1.));
#5936=DIRECTION('ref_axis',(-0.309016994374854,0.951056516295184,0.));
#5937=DIRECTION('',(0.,0.,1.));
#5938=DIRECTION('center_axis',(0.,0.,-1.));
#5939=DIRECTION('ref_axis',(0.309016994374947,-0.951056516295154,0.));
#5940=DIRECTION('center_axis',(0.97692026113089,0.213604315012487,0.));
#5941=DIRECTION('ref_axis',(0.,0.,1.));
#5942=DIRECTION('',(0.,0.,-1.));
#5943=DIRECTION('',(-0.213604315012489,0.97692026113089,0.));
#5944=DIRECTION('',(-0.257424982384328,0.9062651263049,-0.335284803246421));
#5945=DIRECTION('',(-0.297061128312738,0.842859856769544,-0.448711430534132));
#5946=DIRECTION('center_axis',(0.,0.,-1.));
#5947=DIRECTION('ref_axis',(0.587785252292473,-0.809016994374948,0.));
#5948=DIRECTION('center_axis',(0.,0.,1.));
#5949=DIRECTION('ref_axis',(0.587785252292473,-0.809016994374947,0.));
#5950=DIRECTION('center_axis',(0.,0.,1.));
#5951=DIRECTION('ref_axis',(0.587785252292473,-0.809016994374948,0.));
#5952=DIRECTION('center_axis',(0.,0.,1.));
#5953=DIRECTION('ref_axis',(-0.309016994374947,0.951056516295154,0.));
#5954=DIRECTION('center_axis',(0.,0.,-1.));
#5955=DIRECTION('ref_axis',(0.587785252292473,-0.809016994374948,0.));
#5956=DIRECTION('center_axis',(0.,0.,1.));
#5957=DIRECTION('ref_axis',(0.587785252292473,-0.809016994374948,0.));
#5958=DIRECTION('',(0.,0.,1.));
#5959=DIRECTION('center_axis',(0.,0.,-1.));
#5960=DIRECTION('ref_axis',(0.587785252292473,-0.809016994374948,0.));
#5961=DIRECTION('',(0.,0.,-1.));
#5962=DIRECTION('',(-0.257424982384323,-0.906265126304899,0.335284803246427));
#5963=DIRECTION('',(0.213604315012485,0.97692026113089,0.));
#5964=DIRECTION('center_axis',(-0.97692026113089,0.213604315012485,0.));
#5965=DIRECTION('ref_axis',(0.,0.,1.));
#5966=DIRECTION('',(-0.297061128312738,-0.84285985676954,0.448711430534139));
#5967=DIRECTION('center_axis',(0.,0.,-1.));
#5968=DIRECTION('ref_axis',(0.309016994374947,-0.951056516295154,0.));
#5969=DIRECTION('center_axis',(0.,0.,1.));
#5970=DIRECTION('ref_axis',(-0.951056516295154,-0.309016994374947,0.));
#5971=DIRECTION('',(0.,0.,1.));
#5972=DIRECTION('center_axis',(0.,0.,1.));
#5973=DIRECTION('ref_axis',(-0.309016994374947,0.951056516295154,0.));
#5974=DIRECTION('center_axis',(0.,0.,1.));
#5975=DIRECTION('ref_axis',(0.587785252292473,-0.809016994374947,0.));
#5976=DIRECTION('center_axis',(0.,0.,-1.));
#5977=DIRECTION('ref_axis',(0.587785252292473,-0.809016994374948,0.));
#5978=DIRECTION('center_axis',(0.,0.,1.));
#5979=DIRECTION('ref_axis',(0.587785252292473,-0.809016994374948,0.));
#5980=DIRECTION('center_axis',(0.688574090200279,-0.361186018242306,-0.628816652555518));
#5981=DIRECTION('ref_axis',(0.313202920304231,-0.633958934503342,0.707106781240492));
#5982=DIRECTION('center_axis',(0.622533073855686,-0.151802576047405,-0.767729477004213));
#5983=DIRECTION('ref_axis',(0.366060891671912,-0.810587943524391,0.457106781180572));
#5984=DIRECTION('center_axis',(0.,0.,1.));
#5985=DIRECTION('ref_axis',(0.176077538115592,-0.98437630028925,0.));
#5986=DIRECTION('center_axis',(0.,0.,1.));
#5987=DIRECTION('ref_axis',(-0.0328952880699236,-0.999458803564607,0.));
#5988=DIRECTION('center_axis',(-0.344768326017544,-0.696939322189363,-0.628816652579504));
#5989=DIRECTION('ref_axis',(0.896323176487509,-0.443401356889377,0.));
#5990=DIRECTION('center_axis',(-0.414412520849,-0.488726623688731,-0.767729477004362));
#5991=DIRECTION('ref_axis',(0.762712821818174,-0.646737312542085,-1.7023419710919E-12));
#5992=DIRECTION('center_axis',(-0.315274108215741,-0.871643218848206,-0.375287004470856));
#5993=DIRECTION('ref_axis',(-0.748225456103709,-0.0149405867101916,0.663276296657096));
#5994=DIRECTION('center_axis',(-0.315274108125356,0.871643218958632,-0.375287004290311));
#5995=DIRECTION('ref_axis',(-0.940376604888568,-0.340135033447379,-7.05623593743299E-11));
#5996=DIRECTION('center_axis',(0.,0.,-1.));
#5997=DIRECTION('ref_axis',(0.951056516295154,0.309016994374947,0.));
#5998=DIRECTION('center_axis',(0.,0.,-1.));
#5999=DIRECTION('ref_axis',(0.951056516295154,0.309016994374947,0.));
#6000=DIRECTION('center_axis',(0.,0.,-1.));
#6001=DIRECTION('ref_axis',(0.951056516295154,0.309016994374947,0.));
#6002=DIRECTION('center_axis',(0.,0.,-1.));
#6003=DIRECTION('ref_axis',(0.990608446482027,0.136729315651271,0.));
#6004=DIRECTION('',(0.,0.,-1.));
#6005=DIRECTION('center_axis',(0.,0.,1.));
#6006=DIRECTION('ref_axis',(0.997355426314057,-0.0726784259729536,0.));
#6007=DIRECTION('',(0.,0.,1.));
#6008=DIRECTION('center_axis',(0.,0.,1.));
#6009=DIRECTION('ref_axis',(-1.,9.58008046476988E-14,0.));
#6010=DIRECTION('',(0.,0.,1.));
#6011=DIRECTION('center_axis',(0.,0.,-1.));
#6012=DIRECTION('ref_axis',(1.,0.,0.));
#6013=DIRECTION('center_axis',(0.0987351871372674,0.995113743659974,0.));
#6014=DIRECTION('ref_axis',(0.,0.,1.));
#6015=DIRECTION('',(0.,0.,-1.));
#6016=DIRECTION('',(-0.995113743659974,0.0987351871372662,0.));
#6017=DIRECTION('',(-0.941458048196755,0.0352256184837918,-0.335284803246421));
#6018=DIRECTION('',(-0.893404296121107,-0.0220639022015974,-0.448711430534132));
#6019=DIRECTION('center_axis',(0.,0.,-1.));
#6020=DIRECTION('ref_axis',(0.951056516295154,0.309016994374947,0.));
#6021=DIRECTION('center_axis',(0.,0.,1.));
#6022=DIRECTION('ref_axis',(0.951056516295154,0.309016994374947,0.));
#6023=DIRECTION('center_axis',(0.,0.,1.));
#6024=DIRECTION('ref_axis',(0.951056516295154,0.309016994374947,0.));
#6025=DIRECTION('center_axis',(0.,0.,1.));
#6026=DIRECTION('ref_axis',(-1.,0.,0.));
#6027=DIRECTION('center_axis',(0.,0.,-1.));
#6028=DIRECTION('ref_axis',(0.951056516295154,0.309016994374947,0.));
#6029=DIRECTION('center_axis',(0.,0.,1.));
#6030=DIRECTION('ref_axis',(0.951056516295154,0.309016994374947,0.));
#6031=DIRECTION('',(0.,0.,1.));
#6032=DIRECTION('center_axis',(0.,0.,-1.));
#6033=DIRECTION('ref_axis',(0.951056516295154,0.309016994374947,0.));
#6034=DIRECTION('',(0.,0.,-1.));
#6035=DIRECTION('',(0.782360659529898,-0.524877032391348,0.335284803246427));
#6036=DIRECTION('',(-0.863099016838619,0.505034738540043,0.));
#6037=DIRECTION('center_axis',(-0.505034738540043,-0.863099016838619,0.));
#6038=DIRECTION('ref_axis',(0.,0.,1.));
#6039=DIRECTION('',(0.709810422087438,-0.542979941438042,0.448711430534139));
#6040=DIRECTION('center_axis',(0.,0.,-1.));
#6041=DIRECTION('ref_axis',(1.,0.,0.));
#6042=DIRECTION('center_axis',(0.,0.,1.));
#6043=DIRECTION('ref_axis',(-1.00929365875014E-16,-1.,0.));
#6044=DIRECTION('',(0.,0.,1.));
#6045=DIRECTION('center_axis',(0.,0.,1.));
#6046=DIRECTION('ref_axis',(-1.,0.,0.));
#6047=DIRECTION('center_axis',(0.,0.,1.));
#6048=DIRECTION('ref_axis',(0.951056516295154,0.309016994374947,0.));
#6049=DIRECTION('center_axis',(0.,0.,-1.));
#6050=DIRECTION('ref_axis',(0.951056516295154,0.309016994374947,0.));
#6051=DIRECTION('center_axis',(0.,0.,1.));
#6052=DIRECTION('ref_axis',(0.951056516295154,0.309016994374947,0.));
#6053=DIRECTION('center_axis',(0.556289412002199,0.54326025766949,-0.628816652555518));
#6054=DIRECTION('ref_axis',(0.699715800784805,0.101969593780644,0.707106781240492));
#6055=DIRECTION('center_axis',(0.336746128522156,0.545154560711159,-0.767729477004213));
#6056=DIRECTION('ref_axis',(0.884033982221828,0.0976591464009094,0.457106781180572));
#6057=DIRECTION('center_axis',(0.,0.,1.));
#6058=DIRECTION('ref_axis',(0.990608446482027,-0.136729315651273,0.));
#6059=DIRECTION('center_axis',(0.,0.,1.));
#6060=DIRECTION('ref_axis',(0.940376604850212,-0.340135033553423,0.));
#6061=DIRECTION('center_axis',(0.556289411968898,-0.543260257675827,-0.628816652579504));
#6062=DIRECTION('ref_axis',(0.698678843790531,0.715435443097088,0.));
#6063=DIRECTION('center_axis',(0.336746128521994,-0.54515456071105,-0.767729477004362));
#6064=DIRECTION('ref_axis',(0.850774959193852,0.525530178780153,-1.7023419710919E-12));
#6065=DIRECTION('center_axis',(0.731556905844999,-0.569196062693501,-0.375287004470856));
#6066=DIRECTION('ref_axis',(-0.217005039211992,-0.716221590884727,0.663276296657096));
#6067=DIRECTION('center_axis',(-0.92640702057223,-0.0304909272618624,-0.375287004290312));
#6068=DIRECTION('ref_axis',(0.0328952879572168,-0.999458803568317,-7.05623593743299E-11));
#6069=DIRECTION('center_axis',(0.,0.,-1.));
#6070=DIRECTION('ref_axis',(0.,1.,0.));
#6071=DIRECTION('center_axis',(0.,0.,-1.));
#6072=DIRECTION('ref_axis',(0.,1.,0.));
#6073=DIRECTION('center_axis',(0.,0.,-1.));
#6074=DIRECTION('ref_axis',(0.,1.,0.));
#6075=DIRECTION('center_axis',(0.,0.,-1.));
#6076=DIRECTION('ref_axis',(0.176077538115594,0.98437630028925,0.));
#6077=DIRECTION('',(0.,0.,-1.));
#6078=DIRECTION('center_axis',(0.,0.,1.));
#6079=DIRECTION('ref_axis',(0.377321066778767,0.92608250850825,0.));
#6080=DIRECTION('',(0.,0.,1.));
#6081=DIRECTION('center_axis',(0.,0.,1.));
#6082=DIRECTION('ref_axis',(-0.309016994375045,-0.951056516295122,0.));
#6083=DIRECTION('',(0.,0.,1.));
#6084=DIRECTION('center_axis',(0.,0.,-1.));
#6085=DIRECTION('ref_axis',(0.309016994374948,0.951056516295154,0.));
#6086=DIRECTION('center_axis',(-0.915898559594477,0.401409801241527,0.));
#6087=DIRECTION('ref_axis',(0.,0.,1.));
#6088=DIRECTION('',(0.,0.,-1.));
#6089=DIRECTION('',(-0.401409801241526,-0.915898559594478,0.));
#6090=DIRECTION('',(-0.324428090383403,-0.88449449680718,-0.335284803246421));
#6091=DIRECTION('',(-0.255093092385282,-0.856496098254585,-0.448711430534132));
#6092=DIRECTION('center_axis',(0.,0.,-1.));
#6093=DIRECTION('ref_axis',(6.72862439166761E-17,1.,0.));
#6094=DIRECTION('center_axis',(0.,0.,1.));
#6095=DIRECTION('ref_axis',(6.702488817174E-17,1.,0.));
#6096=DIRECTION('center_axis',(0.,0.,1.));
#6097=DIRECTION('ref_axis',(3.28954970259306E-17,1.,0.));
#6098=DIRECTION('center_axis',(0.,0.,1.));
#6099=DIRECTION('ref_axis',(-0.309016994374947,-0.951056516295154,0.));
#6100=DIRECTION('center_axis',(0.,0.,-1.));
#6101=DIRECTION('ref_axis',(2.4097864100391E-16,1.,0.));
#6102=DIRECTION('center_axis',(0.,0.,1.));
#6103=DIRECTION('ref_axis',(0.,1.,0.));
#6104=DIRECTION('',(0.,0.,1.));
#6105=DIRECTION('center_axis',(0.,0.,-1.));
#6106=DIRECTION('ref_axis',(2.4097864100391E-16,1.,0.));
#6107=DIRECTION('',(0.,0.,-1.));
#6108=DIRECTION('',(0.740950461434584,0.581873280372867,0.335284803246428));
#6109=DIRECTION('',(-0.747028843075369,-0.664791627213727,0.));
#6110=DIRECTION('center_axis',(0.664791627213728,-0.747028843075369,0.));
#6111=DIRECTION('ref_axis',(0.,0.,1.));
#6112=DIRECTION('',(0.735748094731684,0.507279797751402,0.448711430534139));
#6113=DIRECTION('center_axis',(0.,0.,-1.));
#6114=DIRECTION('ref_axis',(0.309016994374947,0.951056516295154,0.));
#6115=DIRECTION('center_axis',(0.,0.,1.));
#6116=DIRECTION('ref_axis',(-5.51663614720574E-17,1.,0.));
#6117=DIRECTION('center_axis',(0.,0.,-1.));
#6118=DIRECTION('ref_axis',(0.,1.,0.));
#6119=DIRECTION('center_axis',(0.,0.,-1.));
#6120=DIRECTION('ref_axis',(-0.951056516295154,0.309016994374948,0.));
#6121=DIRECTION('center_axis',(0.,0.,-1.));
#6122=DIRECTION('ref_axis',(-0.587785252292473,-0.809016994374947,0.));
#6123=DIRECTION('',(1.18828901929132E-16,-0.66896473162245,0.743294146247166));
#6124=DIRECTION('center_axis',(0.,0.,1.));
#6125=DIRECTION('ref_axis',(-0.951056516295154,0.309016994374948,0.));
#6126=DIRECTION('center_axis',(0.,0.,-1.));
#6127=DIRECTION('ref_axis',(-0.587785252292473,-0.809016994374947,0.));
#6128=DIRECTION('center_axis',(0.,0.,-1.));
#6129=DIRECTION('ref_axis',(0.951056516295154,0.309016994374948,0.));
#6130=DIRECTION('center_axis',(0.,0.,-1.));
#6131=DIRECTION('ref_axis',(0.951056516295154,0.309016994374948,0.));
#6132=DIRECTION('center_axis',(0.,0.,-1.));
#6133=DIRECTION('ref_axis',(0.309016994374947,0.951056516295154,0.));
#6134=DIRECTION('center_axis',(0.,0.,1.));
#6135=DIRECTION('ref_axis',(3.28954970259306E-17,1.,0.));
#6136=DIRECTION('center_axis',(0.,0.,-1.));
#6137=DIRECTION('ref_axis',(-0.309016994374947,-0.951056516295154,0.));
#6138=DIRECTION('center_axis',(0.951056516295154,-0.309016994374948,0.));
#6139=DIRECTION('ref_axis',(0.309016994374948,0.951056516295154,0.));
#6140=DIRECTION('center_axis',(-7.4978628374187E-17,1.47153843735546E-16,
1.));
#6141=DIRECTION('ref_axis',(-0.951056516295154,0.309016994374948,-1.16781951600022E-16));
#6142=DIRECTION('center_axis',(-7.4978628374187E-17,1.47153843735546E-16,
1.));
#6143=DIRECTION('ref_axis',(-0.951056516295154,0.309016994374948,-1.16781951600022E-16));
#6144=DIRECTION('center_axis',(0.,0.,-1.));
#6145=DIRECTION('ref_axis',(0.,1.,0.));
#6146=DIRECTION('center_axis',(0.,0.,1.));
#6147=DIRECTION('ref_axis',(-0.951056516295154,0.309016994374948,0.));
#6148=DIRECTION('',(-1.11487739267563E-16,0.910366477462605,0.413802944301184));
#6149=DIRECTION('center_axis',(0.,0.,1.));
#6150=DIRECTION('ref_axis',(-0.951056516295154,0.309016994374948,0.));
#6151=DIRECTION('center_axis',(0.,0.,1.));
#6152=DIRECTION('ref_axis',(0.,-1.,0.));
#6153=DIRECTION('center_axis',(-1.,0.,0.));
#6154=DIRECTION('ref_axis',(0.,1.,0.));
#6155=DIRECTION('center_axis',(0.,0.,-1.));
#6156=DIRECTION('ref_axis',(-0.951056516295154,0.309016994374948,0.));
#6157=DIRECTION('center_axis',(0.,0.,-1.));
#6158=DIRECTION('ref_axis',(-0.951056516295154,0.309016994374948,0.));
#6159=DIRECTION('center_axis',(0.,0.,1.));
#6160=DIRECTION('ref_axis',(0.,1.,0.));
#6161=DIRECTION('',(0.,0.,1.));
#6162=DIRECTION('center_axis',(0.,0.,-1.));
#6163=DIRECTION('ref_axis',(-0.587785252292473,-0.809016994374947,0.));
#6164=DIRECTION('center_axis',(0.,0.,1.));
#6165=DIRECTION('ref_axis',(-0.587785252292473,-0.809016994374947,0.));
#6166=DIRECTION('',(0.415626937777456,0.572061402817687,-0.707106781186544));
#6167=DIRECTION('center_axis',(0.,0.,1.));
#6168=DIRECTION('ref_axis',(-0.587785252292473,-0.809016994374947,0.));
#6169=DIRECTION('',(0.,0.,-1.));
#6170=DIRECTION('center_axis',(0.,0.,1.));
#6171=DIRECTION('ref_axis',(0.951056516295154,-0.309016994374948,0.));
#6172=DIRECTION('',(0.,0.,1.));
#6173=DIRECTION('center_axis',(0.,0.,1.));
#6174=DIRECTION('ref_axis',(-0.309016994374947,-0.951056516295154,0.));
#6175=DIRECTION('center_axis',(0.,0.,1.));
#6176=DIRECTION('ref_axis',(6.702488817174E-17,1.,0.));
#6177=DIRECTION('center_axis',(0.,0.,-1.));
#6178=DIRECTION('ref_axis',(6.72862439166761E-17,1.,0.));
#6179=DIRECTION('center_axis',(-0.344768326001226,0.696939322219076,-0.628816652555518));
#6180=DIRECTION('ref_axis',(0.119245227046129,0.696979609278799,0.707106781240492));
#6181=DIRECTION('center_axis',(-0.414412520849054,0.488726623688919,-0.767729477004213));
#6182=DIRECTION('ref_axis',(0.180302156551098,0.870944615312455,0.457106781180572));
#6183=DIRECTION('center_axis',(0.,0.,1.));
#6184=DIRECTION('ref_axis',(0.436152151353032,0.899872935958251,0.));
#6185=DIRECTION('center_axis',(0.,0.,1.));
#6186=DIRECTION('ref_axis',(0.614079992092584,0.789243792064006,0.));
#6187=DIRECTION('center_axis',(0.688574090196015,0.361186018208676,-0.628816652579504));
#6188=DIRECTION('ref_axis',(-0.464515903804483,0.885564777479719,0.));
#6189=DIRECTION('center_axis',(0.622533073855532,0.151802576047284,-0.767729477004362));
#6190=DIRECTION('ref_axis',(-0.236904980259068,0.971532825142028,-1.7023419710919E-12));
#6191=CARTESIAN_POINT('',(0.,0.,0.));
#6192=CARTESIAN_POINT('Origin',(618.287908694319,41.2037461857013,-86.));
#6193=CARTESIAN_POINT('',(624.287908694319,41.2037461857013,-89.));
#6194=CARTESIAN_POINT('Origin',(618.287908694319,41.2037461857013,-89.));
#6195=CARTESIAN_POINT('',(624.287908694319,41.2037461857013,-83.));
#6196=CARTESIAN_POINT('',(624.287908694319,41.2037461857013,-86.));
#6197=CARTESIAN_POINT('Origin',(618.287908694319,41.2037461857013,-83.));
#6198=CARTESIAN_POINT('Origin',(618.287908694319,41.2037461857013,-83.));
#6199=CARTESIAN_POINT('',(616.671499250515,38.9789494511702,-83.));
#6200=CARTESIAN_POINT('Origin',(618.287908694319,41.2037461857013,-83.));
#6201=CARTESIAN_POINT('Origin',(618.287908694319,-41.2037461857015,-86.));
#6202=CARTESIAN_POINT('',(624.287908694319,-41.2037461857015,-89.));
#6203=CARTESIAN_POINT('Origin',(618.287908694319,-41.2037461857015,-89.));
#6204=CARTESIAN_POINT('',(624.287908694319,-41.2037461857015,-83.));
#6205=CARTESIAN_POINT('',(624.287908694319,-41.2037461857015,-86.));
#6206=CARTESIAN_POINT('Origin',(618.287908694319,-41.2037461857015,-83.));
#6207=CARTESIAN_POINT('Origin',(618.287908694319,-41.2037461857015,-83.));
#6208=CARTESIAN_POINT('',(619.904318138123,-43.4285429202326,-83.));
#6209=CARTESIAN_POINT('Origin',(618.287908694319,-41.2037461857015,-83.));
#6210=CARTESIAN_POINT('Origin',(696.662091305685,-66.6690617922888,-86.));
#6211=CARTESIAN_POINT('',(702.662091305685,-66.6690617922888,-89.));
#6212=CARTESIAN_POINT('Origin',(696.662091305685,-66.6690617922888,-89.));
#6213=CARTESIAN_POINT('',(702.662091305685,-66.6690617922888,-83.));
#6214=CARTESIAN_POINT('',(702.662091305685,-66.6690617922888,-86.));
#6215=CARTESIAN_POINT('Origin',(696.662091305685,-66.6690617922888,-83.));
#6216=CARTESIAN_POINT('Origin',(696.662091305685,-66.6690617922888,-83.));
#6217=CARTESIAN_POINT('',(699.277496725497,-65.8192650577577,-83.));
#6218=CARTESIAN_POINT('Origin',(696.662091305685,-66.6690617922888,-83.));
#6219=CARTESIAN_POINT('Origin',(745.1,0.,-86.));
#6220=CARTESIAN_POINT('',(751.1,7.34788079488423E-16,-89.));
#6221=CARTESIAN_POINT('Origin',(745.1,0.,-89.));
#6222=CARTESIAN_POINT('',(751.1,7.34788079488423E-16,-83.));
#6223=CARTESIAN_POINT('',(751.1,7.34788079488423E-16,-86.));
#6224=CARTESIAN_POINT('Origin',(745.1,0.,-83.));
#6225=CARTESIAN_POINT('Origin',(745.1,0.,-83.));
#6226=CARTESIAN_POINT('',(745.1,2.75,-83.));
#6227=CARTESIAN_POINT('Origin',(745.1,0.,-83.));
#6228=CARTESIAN_POINT('Origin',(696.662091305685,66.6690617922887,-86.));
#6229=CARTESIAN_POINT('',(702.662091305685,66.6690617922887,-89.));
#6230=CARTESIAN_POINT('Origin',(696.662091305685,66.6690617922887,-89.));
#6231=CARTESIAN_POINT('',(702.662091305685,66.6690617922887,-83.));
#6232=CARTESIAN_POINT('',(702.662091305685,66.6690617922887,-86.));
#6233=CARTESIAN_POINT('Origin',(696.662091305685,66.6690617922887,-83.));
#6234=CARTESIAN_POINT('Origin',(696.662091305685,66.6690617922887,-83.));
#6235=CARTESIAN_POINT('',(694.046685885873,67.5188585268198,-83.));
#6236=CARTESIAN_POINT('Origin',(696.662091305685,66.6690617922887,-83.));
#6237=CARTESIAN_POINT('Origin',(639.167712356677,-23.7993886308348,-89.));
#6238=CARTESIAN_POINT('',(647.257882300427,-29.6772411537596,-89.));
#6239=CARTESIAN_POINT('',(643.540049355081,-32.7928678892972,-89.));
#6240=CARTESIAN_POINT('Origin',(639.167712356677,-23.7993886308348,-89.));
#6241=CARTESIAN_POINT('',(643.540049355081,-32.7928678892972,-37.05));
#6242=CARTESIAN_POINT('',(643.540049355081,-32.7928678892972,-89.));
#6243=CARTESIAN_POINT('',(647.257882300427,-29.6772411537595,-37.05));
#6244=CARTESIAN_POINT('Origin',(639.167712356677,-23.7993886308348,-37.05));
#6245=CARTESIAN_POINT('',(647.257882300427,-29.6772411537596,-89.));
#6246=CARTESIAN_POINT('Origin',(646.600685253963,-39.0883033702208,-89.));
#6247=CARTESIAN_POINT('',(639.667581810566,-38.1228622051782,-89.));
#6248=CARTESIAN_POINT('Origin',(646.600685253963,-39.0883033702208,-89.));
#6249=CARTESIAN_POINT('',(639.667581810566,-38.1228622051782,-37.05));
#6250=CARTESIAN_POINT('',(639.667581810566,-38.1228622051782,-89.));
#6251=CARTESIAN_POINT('Origin',(646.600685253963,-39.0883033702208,-37.05));
#6252=CARTESIAN_POINT('Origin',(629.763148319999,-36.7436605408317,-89.));
#6253=CARTESIAN_POINT('',(637.853318263749,-42.6215130637564,-37.05));
#6254=CARTESIAN_POINT('Origin',(629.763148319999,-36.7436605408317,-37.05));
#6255=CARTESIAN_POINT('',(637.853318263749,-42.6215130637564,-89.));
#6256=CARTESIAN_POINT('Origin',(629.763148319999,-36.7436605408317,-89.));
#6257=CARTESIAN_POINT('',(637.853318263749,-42.6215130637564,-89.));
#6258=CARTESIAN_POINT('Origin',(663.438222187928,-41.4329461996026,-89.));
#6259=CARTESIAN_POINT('',(655.348052244179,-35.5550936766778,-37.05));
#6260=CARTESIAN_POINT('',(653.533788697361,-40.0537445352603,-37.05));
#6261=CARTESIAN_POINT('Origin',(663.438222187928,-41.4329461996026,-37.05));
#6262=CARTESIAN_POINT('',(653.533788697361,-40.0537445352603,-89.));
#6263=CARTESIAN_POINT('',(653.533788697361,-40.0537445352604,-89.));
#6264=CARTESIAN_POINT('',(655.348052244179,-35.5550936766778,-89.));
#6265=CARTESIAN_POINT('Origin',(663.438222187928,-41.4329461996026,-89.));
#6266=CARTESIAN_POINT('',(655.348052244179,-35.5550936766778,-89.));
#6267=CARTESIAN_POINT('Origin',(646.600685253963,-39.0883033702208,-89.));
#6268=CARTESIAN_POINT('',(649.661321152843,-45.3837388511458,-37.05));
#6269=CARTESIAN_POINT('Origin',(646.600685253963,-39.0883033702208,-37.05));
#6270=CARTESIAN_POINT('',(649.661321152843,-45.3837388511458,-89.));
#6271=CARTESIAN_POINT('',(649.661321152843,-45.3837388511458,-89.));
#6272=CARTESIAN_POINT('Origin',(646.600685253963,-39.0883033702208,-89.));
#6273=CARTESIAN_POINT('Origin',(654.033658151242,-54.3772181096101,-89.));
#6274=CARTESIAN_POINT('',(645.943488207493,-48.4993655866854,-89.));
#6275=CARTESIAN_POINT('Origin',(654.033658151242,-54.3772181096101,-89.));
#6276=CARTESIAN_POINT('',(645.943488207493,-48.4993655866853,-37.05));
#6277=CARTESIAN_POINT('Origin',(654.033658151242,-54.3772181096101,-37.05));
#6278=CARTESIAN_POINT('',(645.943488207493,-48.4993655866853,-89.));
#6279=CARTESIAN_POINT('Origin',(686.561777812077,-41.4329461996043,-89.));
#6280=CARTESIAN_POINT('',(694.651947755826,-35.5550936766795,-89.));
#6281=CARTESIAN_POINT('',(696.466211302644,-40.0537445352601,-89.));
#6282=CARTESIAN_POINT('Origin',(686.561777812077,-41.4329461996043,-89.));
#6283=CARTESIAN_POINT('',(696.466211302644,-40.0537445352601,-37.05));
#6284=CARTESIAN_POINT('',(696.466211302644,-40.0537445352601,-89.));
#6285=CARTESIAN_POINT('',(694.651947755826,-35.5550936766795,-37.05));
#6286=CARTESIAN_POINT('Origin',(686.561777812077,-41.4329461996043,-37.05));
#6287=CARTESIAN_POINT('',(694.651947755826,-35.5550936766796,-89.));
#6288=CARTESIAN_POINT('Origin',(703.399314746041,-39.0883033702191,-89.));
#6289=CARTESIAN_POINT('',(700.33867884716,-45.3837388511434,-89.));
#6290=CARTESIAN_POINT('Origin',(703.399314746041,-39.0883033702191,-89.));
#6291=CARTESIAN_POINT('',(700.33867884716,-45.3837388511434,-37.05));
#6292=CARTESIAN_POINT('',(700.33867884716,-45.3837388511434,-89.));
#6293=CARTESIAN_POINT('Origin',(703.399314746041,-39.0883033702191,-37.05));
#6294=CARTESIAN_POINT('Origin',(695.966341848758,-54.3772181096067,-89.));
#6295=CARTESIAN_POINT('',(704.056511792508,-48.4993655866819,-37.05));
#6296=CARTESIAN_POINT('Origin',(695.966341848758,-54.3772181096067,-37.05));
#6297=CARTESIAN_POINT('',(704.056511792508,-48.4993655866819,-89.));
#6298=CARTESIAN_POINT('Origin',(695.966341848758,-54.3772181096067,-89.));
#6299=CARTESIAN_POINT('',(704.056511792508,-48.4993655866819,-89.));
#6300=CARTESIAN_POINT('Origin',(632.022140698449,-1.80758037457204,-89.));
#6301=CARTESIAN_POINT('',(635.112310642198,7.70298478837951,-37.05));
#6302=CARTESIAN_POINT('',(630.273201160364,8.03829238979591,-37.05));
#6303=CARTESIAN_POINT('Origin',(632.022140698449,-1.80758037457204,-37.05));
#6304=CARTESIAN_POINT('',(630.273201160364,8.03829238979591,-89.));
#6305=CARTESIAN_POINT('',(630.273201160364,8.03829238979591,-89.));
#6306=CARTESIAN_POINT('',(635.112310642198,7.7029847883795,-89.));
#6307=CARTESIAN_POINT('Origin',(632.022140698449,-1.80758037457204,-89.));
#6308=CARTESIAN_POINT('',(635.112310642198,7.70298478837949,-89.));
#6309=CARTESIAN_POINT('Origin',(629.048943483704,14.9304033248535,-89.));
#6310=CARTESIAN_POINT('',(624.007417053002,10.0741690586209,-37.05));
#6311=CARTESIAN_POINT('Origin',(629.048943483704,14.9304033248535,-37.05));
#6312=CARTESIAN_POINT('',(624.007417053002,10.0741690586209,-89.));
#6313=CARTESIAN_POINT('',(624.007417053002,10.0741690586209,-89.));
#6314=CARTESIAN_POINT('Origin',(629.048943483704,14.9304033248535,-89.));
#6315=CARTESIAN_POINT('Origin',(616.805236437713,3.13669153543143,-89.));
#6316=CARTESIAN_POINT('',(619.895406381463,12.647256698383,-89.));
#6317=CARTESIAN_POINT('Origin',(616.805236437713,3.13669153543143,-89.));
#6318=CARTESIAN_POINT('',(619.895406381463,12.647256698383,-37.05));
#6319=CARTESIAN_POINT('Origin',(616.805236437713,3.13669153543143,-37.05));
#6320=CARTESIAN_POINT('',(619.895406381463,12.647256698383,-89.));
#6321=CARTESIAN_POINT('Origin',(710.832287643324,-23.7993886308317,-89.));
#6322=CARTESIAN_POINT('',(702.742117699574,-29.6772411537564,-37.05));
#6323=CARTESIAN_POINT('',(706.459950644922,-32.7928678892949,-37.05));
#6324=CARTESIAN_POINT('Origin',(710.832287643324,-23.7993886308317,-37.05));
#6325=CARTESIAN_POINT('',(706.459950644922,-32.7928678892949,-89.));
#6326=CARTESIAN_POINT('',(706.459950644922,-32.7928678892948,-89.));
#6327=CARTESIAN_POINT('',(702.742117699574,-29.6772411537563,-89.));
#6328=CARTESIAN_POINT('Origin',(710.832287643324,-23.7993886308317,-89.));
#6329=CARTESIAN_POINT('',(702.742117699574,-29.6772411537564,-89.));
#6330=CARTESIAN_POINT('Origin',(703.399314746041,-39.0883033702191,-89.));
#6331=CARTESIAN_POINT('',(710.332418189438,-38.122862205178,-37.05));
#6332=CARTESIAN_POINT('Origin',(703.399314746041,-39.0883033702191,-37.05));
#6333=CARTESIAN_POINT('',(710.332418189438,-38.122862205178,-89.));
#6334=CARTESIAN_POINT('',(710.332418189438,-38.122862205178,-89.));
#6335=CARTESIAN_POINT('Origin',(703.399314746041,-39.0883033702191,-89.));
#6336=CARTESIAN_POINT('Origin',(720.236851680005,-36.7436605408337,-89.));
#6337=CARTESIAN_POINT('',(712.146681736256,-42.6215130637583,-89.));
#6338=CARTESIAN_POINT('Origin',(720.236851680005,-36.7436605408337,-89.));
#6339=CARTESIAN_POINT('',(712.146681736256,-42.6215130637583,-37.05));
#6340=CARTESIAN_POINT('Origin',(720.236851680005,-36.7436605408337,-37.05));
#6341=CARTESIAN_POINT('',(712.146681736256,-42.6215130637583,-89.));
#6342=CARTESIAN_POINT('Origin',(717.977859301559,-1.80758037457066,-89.));
#6343=CARTESIAN_POINT('',(714.887689357809,7.70298478838099,-89.));
#6344=CARTESIAN_POINT('',(719.72679883964,8.0382923897979,-89.));
#6345=CARTESIAN_POINT('Origin',(717.977859301559,-1.80758037457066,-89.));
#6346=CARTESIAN_POINT('',(719.72679883964,8.0382923897979,-37.05));
#6347=CARTESIAN_POINT('',(719.72679883964,8.0382923897979,-89.));
#6348=CARTESIAN_POINT('',(714.887689357809,7.70298478838097,-37.05));
#6349=CARTESIAN_POINT('Origin',(717.977859301559,-1.80758037457066,-37.05));
#6350=CARTESIAN_POINT('',(714.887689357809,7.70298478838102,-89.));
#6351=CARTESIAN_POINT('Origin',(720.951056516298,14.9304033248559,-89.));
#6352=CARTESIAN_POINT('',(725.992582946998,10.0741690586215,-89.));
#6353=CARTESIAN_POINT('Origin',(720.951056516298,14.9304033248559,-89.));
#6354=CARTESIAN_POINT('',(725.992582946998,10.0741690586215,-37.05));
#6355=CARTESIAN_POINT('',(725.992582946998,10.0741690586216,-89.));
#6356=CARTESIAN_POINT('Origin',(720.951056516298,14.9304033248559,-37.05));
#6357=CARTESIAN_POINT('Origin',(733.194763562284,3.13669153542966,-89.));
#6358=CARTESIAN_POINT('',(730.104593618535,12.6472566983812,-37.05));
#6359=CARTESIAN_POINT('Origin',(733.194763562284,3.13669153542966,-37.05));
#6360=CARTESIAN_POINT('',(730.104593618535,12.6472566983813,-89.));
#6361=CARTESIAN_POINT('Origin',(733.194763562284,3.13669153542966,-89.));
#6362=CARTESIAN_POINT('',(730.104593618535,12.6472566983813,-89.));
#6363=CARTESIAN_POINT('Origin',(708.707349470311,26.7241151142824,-89.));
#6364=CARTESIAN_POINT('',(711.79751941406,17.2135499513308,-37.05));
#6365=CARTESIAN_POINT('',(715.909530085597,19.7866375910904,-37.05));
#6366=CARTESIAN_POINT('Origin',(708.707349470311,26.7241151142824,-37.05));
#6367=CARTESIAN_POINT('',(715.909530085597,19.7866375910904,-89.));
#6368=CARTESIAN_POINT('',(715.909530085597,19.7866375910904,-89.));
#6369=CARTESIAN_POINT('',(711.79751941406,17.2135499513308,-89.));
#6370=CARTESIAN_POINT('Origin',(708.707349470311,26.7241151142824,-89.));
#6371=CARTESIAN_POINT('',(711.79751941406,17.2135499513307,-89.));
#6372=CARTESIAN_POINT('Origin',(720.951056516298,14.9304033248559,-89.));
#6373=CARTESIAN_POINT('',(722.175314192955,21.8225142599139,-37.05));
#6374=CARTESIAN_POINT('Origin',(720.951056516298,14.9304033248559,-37.05));
#6375=CARTESIAN_POINT('',(722.175314192955,21.8225142599139,-89.));
#6376=CARTESIAN_POINT('',(722.175314192955,21.822514259914,-89.));
#6377=CARTESIAN_POINT('Origin',(720.951056516298,14.9304033248559,-89.));
#6378=CARTESIAN_POINT('Origin',(723.924253731036,31.6683870242825,-89.));
#6379=CARTESIAN_POINT('',(727.014423674786,22.1578218613309,-89.));
#6380=CARTESIAN_POINT('Origin',(723.924253731036,31.6683870242825,-89.));
#6381=CARTESIAN_POINT('',(727.014423674786,22.1578218613309,-37.05));
#6382=CARTESIAN_POINT('Origin',(723.924253731036,31.6683870242825,-37.05));
#6383=CARTESIAN_POINT('',(727.014423674786,22.1578218613308,-89.));
#6384=CARTESIAN_POINT('Origin',(626.075746268971,31.6683870242811,-89.));
#6385=CARTESIAN_POINT('',(622.985576325221,22.1578218613295,-37.05));
#6386=CARTESIAN_POINT('',(627.824685807049,21.8225142599119,-37.05));
#6387=CARTESIAN_POINT('Origin',(626.075746268971,31.6683870242811,-37.05));
#6388=CARTESIAN_POINT('',(627.824685807049,21.8225142599119,-89.));
#6389=CARTESIAN_POINT('',(627.824685807049,21.8225142599119,-89.));
#6390=CARTESIAN_POINT('',(622.985576325221,22.1578218613295,-89.));
#6391=CARTESIAN_POINT('Origin',(626.075746268971,31.6683870242811,-89.));
#6392=CARTESIAN_POINT('',(622.985576325221,22.1578218613295,-89.));
#6393=CARTESIAN_POINT('Origin',(629.048943483704,14.9304033248535,-89.));
#6394=CARTESIAN_POINT('',(634.090469914403,19.7866375910895,-37.05));
#6395=CARTESIAN_POINT('Origin',(629.048943483704,14.9304033248535,-37.05));
#6396=CARTESIAN_POINT('',(634.090469914403,19.7866375910895,-89.));
#6397=CARTESIAN_POINT('',(634.090469914403,19.7866375910895,-89.));
#6398=CARTESIAN_POINT('Origin',(629.048943483704,14.9304033248535,-89.));
#6399=CARTESIAN_POINT('Origin',(641.292650529687,26.7241151142837,-89.));
#6400=CARTESIAN_POINT('',(638.202480585938,17.2135499513323,-89.));
#6401=CARTESIAN_POINT('Origin',(641.292650529687,26.7241151142837,-89.));
#6402=CARTESIAN_POINT('',(638.202480585938,17.2135499513323,-37.05));
#6403=CARTESIAN_POINT('Origin',(641.292650529687,26.7241151142837,-37.05));
#6404=CARTESIAN_POINT('',(638.202480585938,17.2135499513323,-89.));
#6405=CARTESIAN_POINT('Origin',(690.000000000001,40.3158000907232,-89.));
#6406=CARTESIAN_POINT('',(680.000000000001,40.3158000907232,-89.));
#6407=CARTESIAN_POINT('',(681.176470588235,45.0216824436637,-89.));
#6408=CARTESIAN_POINT('Origin',(690.000000000001,40.3158000907232,-89.));
#6409=CARTESIAN_POINT('',(681.176470588235,45.0216824436637,-37.05));
#6410=CARTESIAN_POINT('',(681.176470588235,45.0216824436637,-89.));
#6411=CARTESIAN_POINT('',(680.000000000001,40.3158000907232,-37.05));
#6412=CARTESIAN_POINT('Origin',(690.000000000001,40.3158000907232,-37.05));
#6413=CARTESIAN_POINT('',(680.000000000001,40.3158000907232,-89.));
#6414=CARTESIAN_POINT('Origin',(675.,48.3158000907221,-89.));
#6415=CARTESIAN_POINT('',(681.176470588235,51.6099177377805,-89.));
#6416=CARTESIAN_POINT('Origin',(675.,48.3158000907221,-89.));
#6417=CARTESIAN_POINT('',(681.176470588235,51.6099177377805,-37.05));
#6418=CARTESIAN_POINT('',(681.176470588235,51.6099177377805,-89.));
#6419=CARTESIAN_POINT('Origin',(675.,48.3158000907221,-37.05));
#6420=CARTESIAN_POINT('Origin',(690.000000000001,56.315800090721,-89.));
#6421=CARTESIAN_POINT('',(680.000000000001,56.315800090721,-37.05));
#6422=CARTESIAN_POINT('Origin',(690.000000000001,56.315800090721,-37.05));
#6423=CARTESIAN_POINT('',(680.000000000001,56.315800090721,-89.));
#6424=CARTESIAN_POINT('Origin',(690.000000000001,56.315800090721,-89.));
#6425=CARTESIAN_POINT('',(680.000000000001,56.315800090721,-89.));
#6426=CARTESIAN_POINT('Origin',(660.000000000003,40.3158000907174,-89.));
#6427=CARTESIAN_POINT('',(670.000000000003,40.3158000907174,-37.05));
#6428=CARTESIAN_POINT('',(668.823529411766,45.0216824436613,-37.05));
#6429=CARTESIAN_POINT('Origin',(660.000000000003,40.3158000907174,-37.05));
#6430=CARTESIAN_POINT('',(668.823529411766,45.0216824436613,-89.));
#6431=CARTESIAN_POINT('',(668.823529411766,45.0216824436613,-89.));
#6432=CARTESIAN_POINT('',(670.000000000003,40.3158000907174,-89.));
#6433=CARTESIAN_POINT('Origin',(660.000000000003,40.3158000907174,-89.));
#6434=CARTESIAN_POINT('',(670.000000000003,40.3158000907174,-89.));
#6435=CARTESIAN_POINT('Origin',(675.,48.3158000907221,-89.));
#6436=CARTESIAN_POINT('',(668.823529411766,51.609917737783,-37.05));
#6437=CARTESIAN_POINT('Origin',(675.,48.3158000907221,-37.05));
#6438=CARTESIAN_POINT('',(668.823529411766,51.609917737783,-89.));
#6439=CARTESIAN_POINT('',(668.823529411766,51.609917737783,-89.));
#6440=CARTESIAN_POINT('Origin',(675.,48.3158000907221,-89.));
#6441=CARTESIAN_POINT('Origin',(660.000000000003,56.3158000907269,-89.));
#6442=CARTESIAN_POINT('',(670.000000000003,56.3158000907269,-89.));
#6443=CARTESIAN_POINT('Origin',(660.000000000003,56.3158000907269,-89.));
#6444=CARTESIAN_POINT('',(670.000000000003,56.3158000907269,-37.05));
#6445=CARTESIAN_POINT('Origin',(660.000000000003,56.3158000907269,-37.05));
#6446=CARTESIAN_POINT('',(670.000000000003,56.3158000907269,-89.));
#6447=CARTESIAN_POINT('Origin',(614.204399378821,14.4963769649408,-61.1));
#6448=CARTESIAN_POINT('',(617.051643318364,13.5712513290032,-37.05));
#6449=CARTESIAN_POINT('',(643.829657203474,4.87054719173286,-37.05));
#6450=CARTESIAN_POINT('',(617.051643318364,13.5712513290032,-83.5147186257615));
#6451=CARTESIAN_POINT('',(617.051643318364,13.5712513290032,15.));
#6452=CARTESIAN_POINT('',(615.655855714197,14.0247702133551,-88.9999999992124));
#6453=CARTESIAN_POINT('Ctrl Pts',(615.655855713872,14.0247702134604,-88.999999999016));
#6454=CARTESIAN_POINT('Ctrl Pts',(615.88816931347,13.9492869492483,-88.5760810265248));
#6455=CARTESIAN_POINT('Ctrl Pts',(616.088620337839,13.8841564633008,-88.1431037593296));
#6456=CARTESIAN_POINT('Ctrl Pts',(616.55171073164,13.7336892732188,-86.9728637899222));
#6457=CARTESIAN_POINT('Ctrl Pts',(616.953027888674,13.603293424462,-85.5170560944393));
#6458=CARTESIAN_POINT('Ctrl Pts',(617.051643318364,13.5712513290032,-84.0579868848741));
#6459=CARTESIAN_POINT('Ctrl Pts',(617.051643318364,13.5712513290032,-83.5147186257614));
#6460=CARTESIAN_POINT('',(622.225126248527,11.8902848268687,-89.));
#6461=CARTESIAN_POINT('Origin',(614.204399378821,14.4963769649408,-61.1));
#6462=CARTESIAN_POINT('',(639.553051236813,6.2601007033282,-88.9999999999906));
#6463=CARTESIAN_POINT('',(622.225126248527,11.8902848268687,-89.));
#6464=CARTESIAN_POINT('',(638.141152836764,6.71885430258378,-86.0606383186165));
#6465=CARTESIAN_POINT('Ctrl Pts',(638.141152836764,6.71885430258382,-86.0606383186163));
#6466=CARTESIAN_POINT('Ctrl Pts',(638.191509333279,6.70249248503284,-86.1655078800218));
#6467=CARTESIAN_POINT('Ctrl Pts',(638.241865829794,6.68613066748187,-86.2703774414274));
#6468=CARTESIAN_POINT('Ctrl Pts',(638.727391251252,6.52837389502832,-87.2815049328823));
#6469=CARTESIAN_POINT('Ctrl Pts',(639.147164714012,6.39198122902152,-88.1553652703319));
#6470=CARTESIAN_POINT('Ctrl Pts',(639.55305119596,6.26010071660205,-89.0000000216913));
#6471=CARTESIAN_POINT('',(638.141152836764,6.71885430258378,-37.05));
#6472=CARTESIAN_POINT('',(638.141152836764,6.71885430258378,-61.1));
#6473=CARTESIAN_POINT('',(643.829657203474,4.87054719173286,-37.05));
#6474=CARTESIAN_POINT('Origin',(649.377476801394,13.5825735756023,-61.1));
#6475=CARTESIAN_POINT('',(641.231322780513,16.2294194655335,-37.05));
#6476=CARTESIAN_POINT('',(662.961280886635,9.16892807853847,-37.05));
#6477=CARTESIAN_POINT('',(641.231322780513,16.2294194655335,-86.0606383186166));
#6478=CARTESIAN_POINT('',(641.231322780513,16.2294194655335,-61.1));
#6479=CARTESIAN_POINT('',(642.643221180562,15.770665866278,-88.9999999999906));
#6480=CARTESIAN_POINT('Ctrl Pts',(642.643221139709,15.7706658795518,-89.0000000216913));
#6481=CARTESIAN_POINT('Ctrl Pts',(642.237334657761,15.9025463919712,-88.155365270332));
#6482=CARTESIAN_POINT('Ctrl Pts',(641.817561195001,16.0389390579781,-87.2815049328823));
#6483=CARTESIAN_POINT('Ctrl Pts',(641.332035773543,16.1966958304315,-86.2703774414276));
#6484=CARTESIAN_POINT('Ctrl Pts',(641.281679277028,16.2130576479825,-86.1655078800221));
#6485=CARTESIAN_POINT('Ctrl Pts',(641.231322780513,16.2294194655335,-86.0606383186166));
#6486=CARTESIAN_POINT('',(641.356749931688,16.1886657136743,-89.));
#6487=CARTESIAN_POINT('Origin',(649.377476801394,13.5825735756023,-61.1));
#6488=CARTESIAN_POINT('',(618.746025657946,23.5353353763046,-88.9999999992124));
#6489=CARTESIAN_POINT('',(641.356749931688,16.1886657136743,-89.));
#6490=CARTESIAN_POINT('',(620.141813262114,23.0818164919528,-83.5147186257614));
#6491=CARTESIAN_POINT('Ctrl Pts',(620.141813262114,23.0818164919528,-83.5147186257614));
#6492=CARTESIAN_POINT('Ctrl Pts',(620.141813262114,23.0818164919528,-84.2910216875443));
#6493=CARTESIAN_POINT('Ctrl Pts',(619.99797748957,23.1285515674751,-85.7221720941075));
#6494=CARTESIAN_POINT('Ctrl Pts',(619.518297780538,23.2844089528229,-87.3142106075554));
#6495=CARTESIAN_POINT('Ctrl Pts',(619.125230504257,23.4121242528313,-88.2621102174048));
#6496=CARTESIAN_POINT('Ctrl Pts',(618.878670920915,23.492236317754,-88.7579528531823));
#6497=CARTESIAN_POINT('Ctrl Pts',(618.746025657622,23.5353353764099,-88.999999999016));
#6498=CARTESIAN_POINT('',(620.141813262114,23.0818164919528,-37.05));
#6499=CARTESIAN_POINT('',(620.141813262114,23.0818164919528,15.));
#6500=CARTESIAN_POINT('',(662.961280886635,9.16892807853847,-37.05));
#6501=CARTESIAN_POINT('Origin',(642.426252449647,-53.3404252938198,-61.1));
#6502=CARTESIAN_POINT('',(644.185945978547,-50.9184149350714,-37.05));
#6503=CARTESIAN_POINT('',(660.735668710761,-28.1396757776415,-37.05));
#6504=CARTESIAN_POINT('',(644.185945978547,-50.9184149350714,-83.5147186257615));
#6505=CARTESIAN_POINT('',(644.185945978547,-50.9184149350714,15.));
#6506=CARTESIAN_POINT('',(643.323301798095,-52.1057427888445,-88.9999999992124));
#6507=CARTESIAN_POINT('Ctrl Pts',(643.323301797895,-52.1057427891201,-88.999999999016));
#6508=CARTESIAN_POINT('Ctrl Pts',(643.466879498495,-51.9081250378312,-88.5760810265248));
#6509=CARTESIAN_POINT('Ctrl Pts',(643.590765038874,-51.7376112198467,-88.1431037583129));
#6510=CARTESIAN_POINT('Ctrl Pts',(643.876970609538,-51.3436830468453,-86.9728637780503));
#6511=CARTESIAN_POINT('Ctrl Pts',(644.124998204499,-51.0023023493635,-85.5170560823967));
#6512=CARTESIAN_POINT('Ctrl Pts',(644.185945978547,-50.9184149350714,-84.0579868848749));
#6513=CARTESIAN_POINT('Ctrl Pts',(644.185945978547,-50.9184149350714,-83.5147186257614));
#6514=CARTESIAN_POINT('',(647.383334269605,-46.5175874985333,-89.));
#6515=CARTESIAN_POINT('Origin',(642.426252449647,-53.3404252938198,-61.1));
#6516=CARTESIAN_POINT('',(658.092580866874,-31.7775741001843,-88.9999999999905));
#6517=CARTESIAN_POINT('',(647.383334269605,-46.5175874985333,-89.));
#6518=CARTESIAN_POINT('',(657.219979666982,-32.9786066154967,-86.0606383186166));
#6519=CARTESIAN_POINT('Ctrl Pts',(657.219979666982,-32.9786066154968,-86.0606383186166));
#6520=CARTESIAN_POINT('Ctrl Pts',(657.251101693383,-32.9357708210306,-86.1655078800221));
#6521=CARTESIAN_POINT('Ctrl Pts',(657.282223719783,-32.8929350265645,-86.2703774414277));
#6522=CARTESIAN_POINT('Ctrl Pts',(657.582294932647,-32.4799224343257,-87.2815049328823));
#6523=CARTESIAN_POINT('Ctrl Pts',(657.841729200208,-32.1228417989036,-88.1553652703319));
#6524=CARTESIAN_POINT('Ctrl Pts',(658.092580841625,-31.7775741349357,-89.0000000216913));
#6525=CARTESIAN_POINT('',(657.219979666982,-32.9786066154967,-37.05));
#6526=CARTESIAN_POINT('',(657.219979666982,-32.9786066154967,-61.1));
#6527=CARTESIAN_POINT('',(660.735668710761,-28.1396757776415,-37.05));
#6528=CARTESIAN_POINT('Origin',(654.164409785731,-20.1712215897501,-61.1));
#6529=CARTESIAN_POINT('',(649.129809723234,-27.1007540925731,-37.05));
#6530=CARTESIAN_POINT('',(662.559662406929,-8.61614766414487,-37.05));
#6531=CARTESIAN_POINT('',(649.129809723234,-27.1007540925731,-86.0606383186165));
#6532=CARTESIAN_POINT('',(649.129809723234,-27.1007540925731,-61.1));
#6533=CARTESIAN_POINT('',(650.002410923126,-25.8997215772607,-88.9999999999906));
#6534=CARTESIAN_POINT('Ctrl Pts',(650.002410897878,-25.899721612012,-89.0000000216914));
#6535=CARTESIAN_POINT('Ctrl Pts',(649.75155925646,-26.2449892759799,-88.155365270332));
#6536=CARTESIAN_POINT('Ctrl Pts',(649.492124988899,-26.602069911402,-87.2815049328823));
#6537=CARTESIAN_POINT('Ctrl Pts',(649.192053776035,-27.0150825036408,-86.2703774414276));
#6538=CARTESIAN_POINT('Ctrl Pts',(649.160931749635,-27.0579182981069,-86.165507880022));
#6539=CARTESIAN_POINT('Ctrl Pts',(649.129809723234,-27.1007540925731,-86.0606383186165));
#6540=CARTESIAN_POINT('',(649.207327965773,-26.9940593850367,-89.));
#6541=CARTESIAN_POINT('Origin',(654.164409785731,-20.1712215897501,-61.1));
#6542=CARTESIAN_POINT('',(635.233131854348,-46.2278902659205,-88.9999999992124));
#6543=CARTESIAN_POINT('',(649.207327965773,-26.9940593850367,-89.));
#6544=CARTESIAN_POINT('',(636.095776034799,-45.0405624121475,-83.5147186257615));
#6545=CARTESIAN_POINT('Ctrl Pts',(636.095776034799,-45.0405624121474,-83.5147186257614));
#6546=CARTESIAN_POINT('Ctrl Pts',(636.095776034799,-45.0405624121474,-84.2910216875447));
#6547=CARTESIAN_POINT('Ctrl Pts',(636.006880635216,-45.1629164329471,-85.722172007845));
#6548=CARTESIAN_POINT('Ctrl Pts',(635.710422278709,-45.5709563550157,-87.3142105557282));
#6549=CARTESIAN_POINT('Ctrl Pts',(635.46749333903,-45.9053193555483,-88.2621101827149));
#6550=CARTESIAN_POINT('Ctrl Pts',(635.315111135309,-46.1150554657519,-88.7579528531823));
#6551=CARTESIAN_POINT('Ctrl Pts',(635.233131854147,-46.2278902661961,-88.999999999016));
#6552=CARTESIAN_POINT('',(636.095776034799,-45.0405624121475,-37.05));
#6553=CARTESIAN_POINT('',(636.095776034799,-45.0405624121475,15.));
#6554=CARTESIAN_POINT('',(662.559662406929,-8.61614766414487,-37.05));
#6555=CARTESIAN_POINT('Origin',(715.663917494105,-47.4625727708961,-61.1));
#6556=CARTESIAN_POINT('',(713.904223965204,-45.0405624121477,-37.05));
#6557=CARTESIAN_POINT('',(697.354501232991,-22.2618232547175,-37.05));
#6558=CARTESIAN_POINT('',(713.904223965204,-45.0405624121477,-83.5147186257615));
#6559=CARTESIAN_POINT('',(713.904223965204,-45.0405624121477,15.));
#6560=CARTESIAN_POINT('',(714.766868145656,-46.2278902659208,-88.9999999992124));
#6561=CARTESIAN_POINT('Ctrl Pts',(714.766868145856,-46.2278902661964,-88.9999999990161));
#6562=CARTESIAN_POINT('Ctrl Pts',(714.623290445256,-46.0302725149075,-88.5760810265249));
#6563=CARTESIAN_POINT('Ctrl Pts',(714.499404913348,-45.8597587085808,-88.1431037568152));
#6564=CARTESIAN_POINT('Ctrl Pts',(714.213199390539,-45.4658306014476,-86.9728637606121));
#6565=CARTESIAN_POINT('Ctrl Pts',(713.96517186665,-45.124450001788,-85.5170560646952));
#6566=CARTESIAN_POINT('Ctrl Pts',(713.904223965204,-45.0405624121478,-84.0579868848755));
#6567=CARTESIAN_POINT('Ctrl Pts',(713.904223965204,-45.0405624121478,-83.5147186257614));
#6568=CARTESIAN_POINT('',(710.706835674147,-40.6397349756096,-89.));
#6569=CARTESIAN_POINT('Origin',(715.663917494105,-47.4625727708961,-61.1));
#6570=CARTESIAN_POINT('',(699.997589076877,-25.8997215772606,-88.9999999999906));
#6571=CARTESIAN_POINT('',(710.706835674147,-40.6397349756096,-89.));
#6572=CARTESIAN_POINT('',(700.870190276769,-27.100754092573,-86.0606383186166));
#6573=CARTESIAN_POINT('Ctrl Pts',(700.870190276769,-27.1007540925729,-86.0606383186166));
#6574=CARTESIAN_POINT('Ctrl Pts',(700.839068250368,-27.0579182981068,-86.1655078800221));
#6575=CARTESIAN_POINT('Ctrl Pts',(700.807946223968,-27.0150825036406,-86.2703774414276));
#6576=CARTESIAN_POINT('Ctrl Pts',(700.507875011105,-26.6020699114019,-87.2815049328823));
#6577=CARTESIAN_POINT('Ctrl Pts',(700.248440743543,-26.2449892759799,-88.155365270332));
#6578=CARTESIAN_POINT('Ctrl Pts',(699.997589102126,-25.899721612012,-89.0000000216914));
#6579=CARTESIAN_POINT('',(700.870190276769,-27.100754092573,-37.05));
#6580=CARTESIAN_POINT('',(700.870190276769,-27.100754092573,-61.1));
#6581=CARTESIAN_POINT('',(697.354501232991,-22.2618232547175,-37.05));
#6582=CARTESIAN_POINT('Origin',(687.745420270525,-26.0490741126736,-61.1));
#6583=CARTESIAN_POINT('',(692.780020333021,-32.9786066154966,-37.05));
#6584=CARTESIAN_POINT('',(679.350167649327,-14.4940001870681,-37.05));
#6585=CARTESIAN_POINT('',(692.780020333021,-32.9786066154966,-86.0606383186167));
#6586=CARTESIAN_POINT('',(692.780020333021,-32.9786066154966,-61.1));
#6587=CARTESIAN_POINT('',(691.907419133129,-31.7775741001843,-88.9999999999906));
#6588=CARTESIAN_POINT('Ctrl Pts',(691.907419158378,-31.7775741349356,-89.0000000216913));
#6589=CARTESIAN_POINT('Ctrl Pts',(692.158270799796,-32.1228417989035,-88.155365270332));
#6590=CARTESIAN_POINT('Ctrl Pts',(692.417705067357,-32.4799224343256,-87.2815049328824));
#6591=CARTESIAN_POINT('Ctrl Pts',(692.71777628022,-32.8929350265644,-86.2703774414277));
#6592=CARTESIAN_POINT('Ctrl Pts',(692.748898306621,-32.9357708210305,-86.1655078800221));
#6593=CARTESIAN_POINT('Ctrl Pts',(692.780020333021,-32.9786066154967,-86.0606383186166));
#6594=CARTESIAN_POINT('',(692.702502090483,-32.8719119079602,-89.));
#6595=CARTESIAN_POINT('Origin',(687.745420270525,-26.0490741126736,-61.1));
#6596=CARTESIAN_POINT('',(706.676698201908,-52.105742788844,-88.9999999992124));
#6597=CARTESIAN_POINT('',(692.702502090483,-32.8719119079602,-89.));
#6598=CARTESIAN_POINT('',(705.814054021456,-50.918414935071,-83.5147186257614));
#6599=CARTESIAN_POINT('Ctrl Pts',(705.814054021456,-50.918414935071,-83.5147186257614));
#6600=CARTESIAN_POINT('Ctrl Pts',(705.814054021456,-50.918414935071,-84.291021687546));
#6601=CARTESIAN_POINT('Ctrl Pts',(705.902949477906,-51.040769034141,-85.7221705441132));
#6602=CARTESIAN_POINT('Ctrl Pts',(706.199407709104,-51.4488087837362,-87.314209676441));
#6603=CARTESIAN_POINT('Ctrl Pts',(706.442336700871,-51.7831718559621,-88.262109594118));
#6604=CARTESIAN_POINT('Ctrl Pts',(706.594718920946,-51.9929079886755,-88.7579528531823));
#6605=CARTESIAN_POINT('Ctrl Pts',(706.676698202108,-52.1057427891197,-88.9999999990161));
#6606=CARTESIAN_POINT('',(705.814054021456,-50.918414935071,-37.05));
#6607=CARTESIAN_POINT('',(705.814054021456,-50.918414935071,15.));
#6608=CARTESIAN_POINT('',(679.350167649327,-14.4940001870681,-37.05));
#6609=CARTESIAN_POINT('Origin',(732.705430677434,24.0069421278906,-61.1));
#6610=CARTESIAN_POINT('',(729.85818673789,23.0818164919531,-37.05));
#6611=CARTESIAN_POINT('',(703.08017285278,14.3811123546826,-37.05));
#6612=CARTESIAN_POINT('',(729.85818673789,23.0818164919531,-83.5147186257615));
#6613=CARTESIAN_POINT('',(729.85818673789,23.0818164919531,15.));
#6614=CARTESIAN_POINT('',(731.253974342058,23.5353353763049,-88.9999999992124));
#6615=CARTESIAN_POINT('Ctrl Pts',(731.253974342382,23.5353353764102,-88.999999999016));
#6616=CARTESIAN_POINT('Ctrl Pts',(731.021660742784,23.4598521121981,-88.5760810265247));
#6617=CARTESIAN_POINT('Ctrl Pts',(730.821209747916,23.394721635836,-88.1431037561098));
#6618=CARTESIAN_POINT('Ctrl Pts',(730.358119520795,23.2442544999115,-86.9728637523745));
#6619=CARTESIAN_POINT('Ctrl Pts',(729.956802611303,23.1138587315859,-85.5170560563362));
#6620=CARTESIAN_POINT('Ctrl Pts',(729.85818673789,23.0818164919531,-84.0579868848741));
#6621=CARTESIAN_POINT('Ctrl Pts',(729.85818673789,23.0818164919531,-83.5147186257614));
#6622=CARTESIAN_POINT('',(724.684703807728,21.4008499898186,-89.));
#6623=CARTESIAN_POINT('Origin',(732.705430677434,24.0069421278906,-61.1));
#6624=CARTESIAN_POINT('',(707.356778819442,15.7706658662781,-88.9999999999906));
#6625=CARTESIAN_POINT('',(724.684703807728,21.4008499898186,-89.));
#6626=CARTESIAN_POINT('',(708.76867721949,16.2294194655337,-86.0606383186165));
#6627=CARTESIAN_POINT('Ctrl Pts',(708.76867721949,16.2294194655337,-86.0606383186165));
#6628=CARTESIAN_POINT('Ctrl Pts',(708.718320722975,16.2130576479827,-86.165507880022));
#6629=CARTESIAN_POINT('Ctrl Pts',(708.667964226461,16.1966958304317,-86.2703774414276));
#6630=CARTESIAN_POINT('Ctrl Pts',(708.182438805003,16.0389390579782,-87.2815049328823));
#6631=CARTESIAN_POINT('Ctrl Pts',(707.762665342242,15.9025463919714,-88.1553652703319));
#6632=CARTESIAN_POINT('Ctrl Pts',(707.356778860294,15.770665879552,-89.0000000216913));
#6633=CARTESIAN_POINT('',(708.76867721949,16.2294194655337,-37.05));
#6634=CARTESIAN_POINT('',(708.76867721949,16.2294194655337,-61.1));
#6635=CARTESIAN_POINT('',(703.08017285278,14.3811123546826,-37.05));
#6636=CARTESIAN_POINT('Origin',(703.712693142358,4.07200841265272,-61.1));
#6637=CARTESIAN_POINT('',(711.858847163239,6.71885430258396,-37.05));
#6638=CARTESIAN_POINT('',(690.128889057116,-0.341637084411202,-37.05));
#6639=CARTESIAN_POINT('',(711.858847163239,6.71885430258396,-86.0606383186166));
#6640=CARTESIAN_POINT('',(711.858847163239,6.71885430258396,-61.1));
#6641=CARTESIAN_POINT('',(710.446948763191,6.26010070332842,-88.9999999999906));
#6642=CARTESIAN_POINT('Ctrl Pts',(710.446948804043,6.26010071660227,-89.0000000216913));
#6643=CARTESIAN_POINT('Ctrl Pts',(710.852835285991,6.39198122902173,-88.155365270332));
#6644=CARTESIAN_POINT('Ctrl Pts',(711.272608748752,6.52837389502856,-87.2815049328823));
#6645=CARTESIAN_POINT('Ctrl Pts',(711.758134170209,6.68613066748206,-86.2703774414276));
#6646=CARTESIAN_POINT('Ctrl Pts',(711.808490666724,6.70249248503303,-86.1655078800221));
#6647=CARTESIAN_POINT('Ctrl Pts',(711.858847163239,6.71885430258398,-86.0606383186167));
#6648=CARTESIAN_POINT('',(711.733420012064,6.67810055072479,-89.));
#6649=CARTESIAN_POINT('Origin',(703.712693142358,4.07200841265272,-61.1));
#6650=CARTESIAN_POINT('',(734.344144285806,14.0247702133551,-88.9999999992124));
#6651=CARTESIAN_POINT('',(711.733420012064,6.67810055072479,-89.));
#6652=CARTESIAN_POINT('',(732.948356681638,13.5712513290032,-83.5147186257614));
#6653=CARTESIAN_POINT('Ctrl Pts',(732.948356681638,13.5712513290032,-83.5147186257614));
#6654=CARTESIAN_POINT('Ctrl Pts',(732.948356681638,13.5712513290032,-84.2910216875452));
#6655=CARTESIAN_POINT('Ctrl Pts',(733.092192577818,13.6179864446972,-85.7221701270632));
#6656=CARTESIAN_POINT('Ctrl Pts',(733.571872014406,13.7738437415225,-87.3142094259562));
#6657=CARTESIAN_POINT('Ctrl Pts',(733.964939403935,13.9015590783276,-88.2621094264227));
#6658=CARTESIAN_POINT('Ctrl Pts',(734.211499022838,13.9816711548045,-88.7579528531825));
#6659=CARTESIAN_POINT('Ctrl Pts',(734.34414428613,14.0247702134604,-88.999999999016));
#6660=CARTESIAN_POINT('',(732.948356681638,13.5712513290032,-37.05));
#6661=CARTESIAN_POINT('',(732.948356681638,13.5712513290032,15.));
#6662=CARTESIAN_POINT('',(690.128889057116,-0.341637084411202,-37.05));
#6663=CARTESIAN_POINT('Origin',(629.048943483704,14.9304033248535,-113.1));
#6664=CARTESIAN_POINT('',(628.338204396642,12.7429733373746,-89.));
#6665=CARTESIAN_POINT('Origin',(629.048943483704,14.9304033248535,-89.));
#6666=CARTESIAN_POINT('',(628.338204396642,12.7429733373746,-37.0500000000001));
#6667=CARTESIAN_POINT('',(628.338204396642,12.7429733373746,-113.1));
#6668=CARTESIAN_POINT('Origin',(629.048943483704,14.9304033248535,-37.05));
#6669=CARTESIAN_POINT('Origin',(646.600685253963,-39.0883033702208,-113.1));
#6670=CARTESIAN_POINT('',(648.461424341026,-40.4402094504935,-89.));
#6671=CARTESIAN_POINT('Origin',(646.600685253963,-39.0883033702208,-89.));
#6672=CARTESIAN_POINT('',(648.461424341026,-40.4402094504934,-37.0500000000001));
#6673=CARTESIAN_POINT('',(648.461424341026,-40.4402094504935,-113.1));
#6674=CARTESIAN_POINT('Origin',(646.600685253963,-39.0883033702208,-37.05));
#6675=CARTESIAN_POINT('Origin',(703.399314746041,-39.0883033702191,-113.1));
#6676=CARTESIAN_POINT('',(705.260053833103,-37.7363972899464,-89.));
#6677=CARTESIAN_POINT('Origin',(703.399314746041,-39.0883033702191,-89.));
#6678=CARTESIAN_POINT('',(705.260053833103,-37.7363972899464,-37.0500000000001));
#6679=CARTESIAN_POINT('',(705.260053833103,-37.7363972899464,-113.1));
#6680=CARTESIAN_POINT('Origin',(703.399314746041,-39.0883033702191,-37.05));
#6681=CARTESIAN_POINT('Origin',(720.951056516298,14.9304033248559,-113.1));
#6682=CARTESIAN_POINT('',(720.240317429235,17.1178333123348,-89.));
#6683=CARTESIAN_POINT('Origin',(720.951056516298,14.9304033248559,-89.));
#6684=CARTESIAN_POINT('',(720.240317429235,17.1178333123348,-37.0500000000001));
#6685=CARTESIAN_POINT('',(720.240317429235,17.1178333123348,-113.1));
#6686=CARTESIAN_POINT('Origin',(720.951056516298,14.9304033248559,-37.05));
#6687=CARTESIAN_POINT('Origin',(670.000000000003,62.2996789718842,-61.1));
#6688=CARTESIAN_POINT('',(670.000000000003,59.3059095262625,-37.05));
#6689=CARTESIAN_POINT('',(670.000000000003,31.1498394859413,-37.05));
#6690=CARTESIAN_POINT('',(670.000000000003,59.3059095262625,-83.5147186257615));
#6691=CARTESIAN_POINT('',(670.000000000003,59.3059095262625,15.));
#6692=CARTESIAN_POINT('',(670.000000000003,60.7735274651049,-88.9999999992124));
#6693=CARTESIAN_POINT('Ctrl Pts',(670.000000000003,60.7735274654456,-88.999999999016));
#6694=CARTESIAN_POINT('Ctrl Pts',(670.000000000003,60.5292584912918,-88.5760810265247));
#6695=CARTESIAN_POINT('Ctrl Pts',(670.000000000002,60.3184918515001,-88.143103755161));
#6696=CARTESIAN_POINT('Ctrl Pts',(670.000000000003,59.831570022771,-86.9728637413444));
#6697=CARTESIAN_POINT('Ctrl Pts',(670.000000000002,59.409600529012,-85.5170560451336));
#6698=CARTESIAN_POINT('Ctrl Pts',(670.000000000003,59.3059095262625,-84.0579868848758));
#6699=CARTESIAN_POINT('Ctrl Pts',(670.000000000003,59.3059095262625,-83.5147186257614));
#6700=CARTESIAN_POINT('',(670.000000000003,53.8661876574552,-89.));
#6701=CARTESIAN_POINT('Origin',(670.000000000003,62.2996789718842,-61.1));
#6702=CARTESIAN_POINT('',(670.000000000003,35.6465291078382,-88.9999999999905));
#6703=CARTESIAN_POINT('',(670.000000000003,53.8661876574552,-89.));
#6704=CARTESIAN_POINT('',(670.000000000003,37.1310869399518,-86.0606383186166));
#6705=CARTESIAN_POINT('Ctrl Pts',(670.000000000003,37.1310869399518,-86.0606383186166));
#6706=CARTESIAN_POINT('Ctrl Pts',(670.000000000003,37.0781389861214,-86.1655078800221));
#6707=CARTESIAN_POINT('Ctrl Pts',(670.000000000003,37.0251910322911,-86.2703774414277));
#6708=CARTESIAN_POINT('Ctrl Pts',(670.000000000003,36.5146793927206,-87.2815049328823));
#6709=CARTESIAN_POINT('Ctrl Pts',(670.000000000003,36.0733034538901,-88.1553652703319));
#6710=CARTESIAN_POINT('Ctrl Pts',(670.000000000003,35.6465291507933,-89.0000000216912));
#6711=CARTESIAN_POINT('',(670.000000000003,37.1310869399519,-37.05));
#6712=CARTESIAN_POINT('',(670.000000000003,37.1310869399519,-61.1));
#6713=CARTESIAN_POINT('',(670.000000000003,31.1498394859413,-37.05));
#6714=CARTESIAN_POINT('Origin',(680.000000000001,28.5657137141684,-61.1));
#6715=CARTESIAN_POINT('',(680.000000000001,37.1310869399518,-37.05));
#6716=CARTESIAN_POINT('',(680.000000000001,14.2828568570834,-37.05));
#6717=CARTESIAN_POINT('',(680.000000000001,37.1310869399518,-86.0606383186166));
#6718=CARTESIAN_POINT('',(680.000000000001,37.1310869399518,-61.1));
#6719=CARTESIAN_POINT('',(680.000000000001,35.6465291078382,-88.9999999999906));
#6720=CARTESIAN_POINT('Ctrl Pts',(680.000000000001,35.6465291507932,-89.0000000216914));
#6721=CARTESIAN_POINT('Ctrl Pts',(680.000000000001,36.0733034538901,-88.155365270332));
#6722=CARTESIAN_POINT('Ctrl Pts',(680.,36.5146793927206,-87.2815049328823));
#6723=CARTESIAN_POINT('Ctrl Pts',(680.000000000001,37.0251910322911,-86.2703774414276));
#6724=CARTESIAN_POINT('Ctrl Pts',(680.000000000001,37.0781389861215,-86.165507880022));
#6725=CARTESIAN_POINT('Ctrl Pts',(680.000000000001,37.1310869399519,-86.0606383186165));
#6726=CARTESIAN_POINT('',(680.000000000001,36.9992050285974,-89.));
#6727=CARTESIAN_POINT('Origin',(680.000000000001,28.5657137141684,-61.1));
#6728=CARTESIAN_POINT('',(680.000000000001,60.7735274651045,-88.9999999992124));
#6729=CARTESIAN_POINT('',(680.000000000001,36.9992050285974,-89.));
#6730=CARTESIAN_POINT('',(680.000000000001,59.3059095262621,-83.5147186257615));
#6731=CARTESIAN_POINT('Ctrl Pts',(680.000000000001,59.3059095262621,-83.5147186257614));
#6732=CARTESIAN_POINT('Ctrl Pts',(680.000000000001,59.3059095262621,-84.2910216875446));
#6733=CARTESIAN_POINT('Ctrl Pts',(680.000000000001,59.4571476157016,-85.7221689436019));
#6734=CARTESIAN_POINT('Ctrl Pts',(680.,59.9615122508409,-87.3142087152612));
#6735=CARTESIAN_POINT('Ctrl Pts',(680.000000000001,60.3748078340798,-88.2621089505756));
#6736=CARTESIAN_POINT('Ctrl Pts',(680.000000000001,60.6340559818685,-88.7579528531823));
#6737=CARTESIAN_POINT('Ctrl Pts',(680.000000000001,60.7735274654452,-88.999999999016));
#6738=CARTESIAN_POINT('',(680.000000000001,59.3059095262621,-37.05));
#6739=CARTESIAN_POINT('',(680.000000000001,59.3059095262621,15.));
#6740=CARTESIAN_POINT('',(680.000000000001,14.2828568570834,-37.05));
#6741=CARTESIAN_POINT('Origin',(675.,48.3158000907221,-113.1));
#6742=CARTESIAN_POINT('',(672.7,48.3158000907221,-89.));
#6743=CARTESIAN_POINT('Origin',(675.,48.3158000907221,-89.));
#6744=CARTESIAN_POINT('',(672.7,48.3158000907221,-37.0500000000001));
#6745=CARTESIAN_POINT('',(672.7,48.3158000907221,-113.1));
#6746=CARTESIAN_POINT('Origin',(675.,48.3158000907221,-37.05));
#6747=CARTESIAN_POINT('Origin',(675.000000000001,-1.94039008471977E-12,
-38.55));
#6748=CARTESIAN_POINT('',(652.392802581301,-69.5777993172076,-38.456169701334));
#6749=CARTESIAN_POINT('',(748.158427627674,-1.94934940814225E-12,-38.456169701334));
#6750=CARTESIAN_POINT('Origin',(675.000000000001,-1.93622895494627E-12,
-38.456169701334));
#6751=CARTESIAN_POINT('',(747.85,-1.95042909994535E-12,-37.6350424371344));
#6752=CARTESIAN_POINT('Origin',(746.661365212458,-1.94916607087276E-12,
-38.55));
#6753=CARTESIAN_POINT('',(746.62481286814,-2.28854663862313,-37.05));
#6754=CARTESIAN_POINT('Ctrl Pts',(747.85,-1.95374966205364E-12,-37.6350424371344));
#6755=CARTESIAN_POINT('Ctrl Pts',(747.85,-0.140143958389996,-37.6350424371343));
#6756=CARTESIAN_POINT('Ctrl Pts',(747.839481902688,-0.280011898750997,-37.6214449858087));
#6757=CARTESIAN_POINT('Ctrl Pts',(747.777035539209,-0.682059548218615,-37.5485448840882));
#6758=CARTESIAN_POINT('Ctrl Pts',(747.699634257121,-0.934019676503891,-37.4641245625268));
#6759=CARTESIAN_POINT('Ctrl Pts',(747.45146371889,-1.4619037469325,-37.2725144864973));
#6760=CARTESIAN_POINT('Ctrl Pts',(747.259848171659,-1.73611932845835,-37.1615848788867));
#6761=CARTESIAN_POINT('Ctrl Pts',(746.890853749072,-2.09407868349937,-37.0674304899556));
#6762=CARTESIAN_POINT('Ctrl Pts',(746.759811970837,-2.19859943566707,-37.05));
#6763=CARTESIAN_POINT('Ctrl Pts',(746.624812868141,-2.28854663862316,-37.05));
#6764=CARTESIAN_POINT('',(734.392920712678,-40.0977833967278,-37.05));
#6765=CARTESIAN_POINT('Origin',(675.000000000001,-1.94039008471977E-12,
-37.05));
#6766=CARTESIAN_POINT('',(731.488680034233,-44.095127759238,-37.05));
#6767=CARTESIAN_POINT('Ctrl Pts',(734.392920712678,-40.0977833967278,-37.05));
#6768=CARTESIAN_POINT('Ctrl Pts',(734.397761542849,-40.1095174622905,-37.05));
#6769=CARTESIAN_POINT('Ctrl Pts',(734.402427666418,-40.1213399930534,-37.0501118859164));
#6770=CARTESIAN_POINT('Ctrl Pts',(734.46394770093,-40.2842841804736,-37.0530936900326));
#6771=CARTESIAN_POINT('Ctrl Pts',(734.492588164527,-40.4464218236675,-37.0725584245695));
#6772=CARTESIAN_POINT('Ctrl Pts',(734.515259795162,-40.8697250314622,-37.1390408180519));
#6773=CARTESIAN_POINT('Ctrl Pts',(734.476916704619,-41.1577581000219,-37.2015070012459));
#6774=CARTESIAN_POINT('Ctrl Pts',(734.318362680483,-41.700571249085,-37.3087584890934));
#6775=CARTESIAN_POINT('Ctrl Pts',(734.217168287975,-41.9408068368137,-37.3517287577458));
#6776=CARTESIAN_POINT('Ctrl Pts',(734.010288737615,-42.3288158516417,-37.3973386076714));
#6777=CARTESIAN_POINT('Ctrl Pts',(733.916418570283,-42.4813219201151,-37.408524402193));
#6778=CARTESIAN_POINT('Ctrl Pts',(733.716482296746,-42.7672435222069,-37.4135912637913));
#6779=CARTESIAN_POINT('Ctrl Pts',(733.611883842394,-42.900507963927,-37.4083870398198));
#6780=CARTESIAN_POINT('Ctrl Pts',(733.353754218208,-43.1935313514833,-37.3798816115406));
#6781=CARTESIAN_POINT('Ctrl Pts',(733.196069827365,-43.3476732777679,-37.3514873579002));
#6782=CARTESIAN_POINT('Ctrl Pts',(732.73401718162,-43.7272192339572,-37.2533438187027));
#6783=CARTESIAN_POINT('Ctrl Pts',(732.424498950067,-43.9060123585024,-37.1732697232027));
#6784=CARTESIAN_POINT('Ctrl Pts',(731.917104127759,-44.0739134459633,-37.0802522046495));
#6785=CARTESIAN_POINT('Ctrl Pts',(731.72320266455,-44.1040739934832,-37.0551475202584));
#6786=CARTESIAN_POINT('Ctrl Pts',(731.526019429006,-44.0975882379723,-37.0502426090015));
#6787=CARTESIAN_POINT('Ctrl Pts',(731.507316346395,-44.0965677498064,-37.05));
#6788=CARTESIAN_POINT('Ctrl Pts',(731.488680034233,-44.095127759238,-37.05));
#6789=CARTESIAN_POINT('',(699.309821588689,-67.4120452029127,-37.05));
#6790=CARTESIAN_POINT('Origin',(675.000000000001,-1.94039008471977E-12,
-37.05));
#6791=CARTESIAN_POINT('',(694.956747201676,-68.8264448104203,-37.05));
#6792=CARTESIAN_POINT('Ctrl Pts',(699.309821588689,-67.4120452029127,-37.05));
#6793=CARTESIAN_POINT('Ctrl Pts',(699.250454714317,-67.6236077611533,-37.05));
#6794=CARTESIAN_POINT('Ctrl Pts',(699.16574015294,-67.8274250634873,-37.0817004805308));
#6795=CARTESIAN_POINT('Ctrl Pts',(698.914398988535,-68.2741592931756,-37.1971667340625));
#6796=CARTESIAN_POINT('Ctrl Pts',(698.730704929448,-68.5040829168971,-37.2956973588978));
#6797=CARTESIAN_POINT('Ctrl Pts',(698.30211076652,-68.8955725879405,-37.4857971176136));
#6798=CARTESIAN_POINT('Ctrl Pts',(698.050541059999,-69.062815843821,-37.5809501799045));
#6799=CARTESIAN_POINT('Ctrl Pts',(697.56138795873,-69.277623382831,-37.6454697873709));
#6800=CARTESIAN_POINT('Ctrl Pts',(697.340699123159,-69.3462577238085,-37.6403898036471));
#6801=CARTESIAN_POINT('Ctrl Pts',(696.827440753045,-69.4267349446237,-37.5449632356633));
#6802=CARTESIAN_POINT('Ctrl Pts',(696.564173256022,-69.4295534908887,-37.4599369921342));
#6803=CARTESIAN_POINT('Ctrl Pts',(695.98355700235,-69.3538906171449,-37.2674785796435));
#6804=CARTESIAN_POINT('Ctrl Pts',(695.662181876741,-69.2535797607443,-37.1566806526518));
#6805=CARTESIAN_POINT('Ctrl Pts',(695.213678856031,-69.0126668121149,-37.0661292702444));
#6806=CARTESIAN_POINT('Ctrl Pts',(695.079129176481,-68.9231839510443,-37.05));
#6807=CARTESIAN_POINT('Ctrl Pts',(694.956747201676,-68.8264448104203,-37.05));
#6808=CARTESIAN_POINT('',(655.218163657332,-68.8769207719483,-37.05));
#6809=CARTESIAN_POINT('Origin',(675.000000000001,-1.94039008471977E-12,
-37.05));
#6810=CARTESIAN_POINT('',(650.519003528098,-67.3500710902078,-37.05));
#6811=CARTESIAN_POINT('Ctrl Pts',(655.218163657332,-68.8769207719483,-37.05));
#6812=CARTESIAN_POINT('Ctrl Pts',(655.208848780384,-68.8848534994337,-37.05));
#6813=CARTESIAN_POINT('Ctrl Pts',(655.199405510272,-68.8926573106937,-37.0501039512365));
#6814=CARTESIAN_POINT('Ctrl Pts',(655.064782024478,-69.0006878822249,-37.0529553715308));
#6815=CARTESIAN_POINT('Ctrl Pts',(654.920616979006,-69.0777815918457,-37.0721195016074));
#6816=CARTESIAN_POINT('Ctrl Pts',(654.530791741402,-69.2290225583608,-37.1373660414577));
#6817=CARTESIAN_POINT('Ctrl Pts',(654.250716445369,-69.2819178845227,-37.1983425566402));
#6818=CARTESIAN_POINT('Ctrl Pts',(653.686340041896,-69.3024340474619,-37.3061078768756));
#6819=CARTESIAN_POINT('Ctrl Pts',(653.421069914244,-69.2807779296204,-37.3504864786605));
#6820=CARTESIAN_POINT('Ctrl Pts',(652.967550891619,-69.2007855847,-37.3985797708438));
#6821=CARTESIAN_POINT('Ctrl Pts',(652.778625512252,-69.154196695601,-37.4101725033015));
#6822=CARTESIAN_POINT('Ctrl Pts',(652.411510859526,-69.0385539990115,-37.412955510957));
#6823=CARTESIAN_POINT('Ctrl Pts',(652.234320436495,-68.970450644758,-37.4046455958466));
#6824=CARTESIAN_POINT('Ctrl Pts',(651.831137683823,-68.7848803329039,-37.3649138514428));
#6825=CARTESIAN_POINT('Ctrl Pts',(651.610820319992,-68.6591649388546,-37.3264600319113));
#6826=CARTESIAN_POINT('Ctrl Pts',(651.107919024041,-68.2963738828763,-37.2134865406474));
#6827=CARTESIAN_POINT('Ctrl Pts',(650.866811607825,-68.0484264834808,-37.1363949865712));
#6828=CARTESIAN_POINT('Ctrl Pts',(650.615372144113,-67.6388966952316,-37.0649401410909));
#6829=CARTESIAN_POINT('Ctrl Pts',(650.553387541551,-67.4923970077187,-37.05));
#6830=CARTESIAN_POINT('Ctrl Pts',(650.519003528097,-67.3500710902078,-37.05));
#6831=CARTESIAN_POINT('',(618.399483134116,-43.9514818251662,-37.05));
#6832=CARTESIAN_POINT('Origin',(675.000000000001,-1.94039008471977E-12,
-37.05));
#6833=CARTESIAN_POINT('',(615.709135207385,-40.2485355790368,-37.05));
#6834=CARTESIAN_POINT('Ctrl Pts',(618.399483134116,-43.9514818251662,-37.05));
#6835=CARTESIAN_POINT('Ctrl Pts',(618.176302482699,-43.9605442894722,-37.05));
#6836=CARTESIAN_POINT('Ctrl Pts',(617.9539723927,-43.9421791890355,-37.0826632903332));
#6837=CARTESIAN_POINT('Ctrl Pts',(617.445293374537,-43.8386041767028,-37.2005067863391));
#6838=CARTESIAN_POINT('Ctrl Pts',(617.166909904641,-43.7317937346224,-37.3012021717376));
#6839=CARTESIAN_POINT('Ctrl Pts',(616.662325292659,-43.4408101416578,-37.4915498753693));
#6840=CARTESIAN_POINT('Ctrl Pts',(616.42275629361,-43.2492358381421,-37.5875514088195));
#6841=CARTESIAN_POINT('Ctrl Pts',(616.070464797287,-42.8449710449107,-37.6454421100878));
#6842=CARTESIAN_POINT('Ctrl Pts',(615.938111620379,-42.655781252434,-37.6383634542835));
#6843=CARTESIAN_POINT('Ctrl Pts',(615.706106600425,-42.1867356615645,-37.5369941587756));
#6844=CARTESIAN_POINT('Ctrl Pts',(615.623123339523,-41.9334995628446,-37.4497202978826));
#6845=CARTESIAN_POINT('Ctrl Pts',(615.522707450948,-41.3506978515296,-37.2551588036713));
#6846=CARTESIAN_POINT('Ctrl Pts',(615.523607179153,-41.017244002909,-37.1477796005061));
#6847=CARTESIAN_POINT('Ctrl Pts',(615.616671160515,-40.5316253752271,-37.0641783185308));
#6848=CARTESIAN_POINT('Ctrl Pts',(615.658344276357,-40.3856553988929,-37.05));
#6849=CARTESIAN_POINT('Ctrl Pts',(615.709135207385,-40.2485355790369,-37.05));
#6850=CARTESIAN_POINT('',(603.381232067668,-2.47049468076928,-37.05));
#6851=CARTESIAN_POINT('Origin',(675.000000000001,-1.94039008471977E-12,
-37.05));
#6852=CARTESIAN_POINT('',(603.381232067668,2.47049468076887,-37.05));
#6853=CARTESIAN_POINT('Ctrl Pts',(603.381232067668,-2.47049468076928,-37.05));
#6854=CARTESIAN_POINT('Ctrl Pts',(603.371760955645,-2.46467219455372,-37.05));
#6855=CARTESIAN_POINT('Ctrl Pts',(603.362358165189,-2.45871589568749,-37.0500858331669));
#6856=CARTESIAN_POINT('Ctrl Pts',(603.220811025277,-2.36642963980278,-37.052628932669));
#6857=CARTESIAN_POINT('Ctrl Pts',(603.104312525097,-2.25554900255163,-37.0711035850285));
#6858=CARTESIAN_POINT('Ctrl Pts',(602.845687910702,-1.94215134147429,-37.1337468150567));
#6859=CARTESIAN_POINT('Ctrl Pts',(602.711998796047,-1.70401809993189,-37.1915742415885));
#6860=CARTESIAN_POINT('Ctrl Pts',(602.506725595434,-1.16512948251963,-37.3028692773554));
#6861=CARTESIAN_POINT('Ctrl Pts',(602.439435737284,-0.882533614746366,-37.3520973701763));
#6862=CARTESIAN_POINT('Ctrl Pts',(602.370781181309,-0.369056159624762,-37.4039522787454));
#6863=CARTESIAN_POINT('Ctrl Pts',(602.358241310353,-0.141585674345315,-37.4145319049283));
#6864=CARTESIAN_POINT('Ctrl Pts',(602.367035401195,0.324201188659436,-37.407469608467));
#6865=CARTESIAN_POINT('Ctrl Pts',(602.389843293565,0.560647403036626,-37.388582298019));
#6866=CARTESIAN_POINT('Ctrl Pts',(602.491825421583,1.11829664383468,-37.3152995201967));
#6867=CARTESIAN_POINT('Ctrl Pts',(602.587620101749,1.41801906906835,-37.2524083330512));
#6868=CARTESIAN_POINT('Ctrl Pts',(602.836236054741,1.92595673057864,-37.1400878795455));
#6869=CARTESIAN_POINT('Ctrl Pts',(602.983970171247,2.13384741468969,-37.0913119355645));
#6870=CARTESIAN_POINT('Ctrl Pts',(603.225851348126,2.36296877831628,-37.0558843920283));
#6871=CARTESIAN_POINT('Ctrl Pts',(603.302881098225,2.42232742876751,-37.05));
#6872=CARTESIAN_POINT('Ctrl Pts',(603.381232067668,2.47049468076884,-37.05));
#6873=CARTESIAN_POINT('',(615.709135207386,40.2485355790342,-37.05));
#6874=CARTESIAN_POINT('Origin',(675.000000000001,-1.94039008471977E-12,
-37.05));
#6875=CARTESIAN_POINT('',(618.399483134118,43.9514818251658,-37.05));
#6876=CARTESIAN_POINT('Ctrl Pts',(615.709135207386,40.2485355790342,-37.05));
#6877=CARTESIAN_POINT('Ctrl Pts',(615.63154967755,40.4579925363931,-37.05));
#6878=CARTESIAN_POINT('Ctrl Pts',(615.580312149822,40.6751161453927,-37.0826632903331));
#6879=CARTESIAN_POINT('Ctrl Pts',(615.521627378932,41.1909050793224,-37.2005067863391));
#6880=CARTESIAN_POINT('Ctrl Pts',(615.537184922729,41.488669734175,-37.3012021717377));
#6881=CARTESIAN_POINT('Ctrl Pts',(615.65800154475,42.058477092734,-37.4915498753703));
#6882=CARTESIAN_POINT('Ctrl Pts',(615.766168642431,42.3455204658534,-37.5875514088213));
#6883=CARTESIAN_POINT('Ctrl Pts',(616.041783249006,42.8054942804048,-37.6454421100908));
#6884=CARTESIAN_POINT('Ctrl Pts',(616.180814053033,42.9898324927933,-37.6383634542863));
#6885=CARTESIAN_POINT('Ctrl Pts',(616.55520942472,43.355425437547,-37.5369941587793));
#6886=CARTESIAN_POINT('Ctrl Pts',(616.7704080287,43.5126014666645,-37.4497202978867));
#6887=CARTESIAN_POINT('Ctrl Pts',(617.293655177878,43.7881982849815,-37.2551588036748));
#6888=CARTESIAN_POINT('Ctrl Pts',(617.611066664799,43.8903854986745,-37.1477796005085));
#6889=CARTESIAN_POINT('Ctrl Pts',(618.101675776898,43.9519408015073,-37.0641783185313));
#6890=CARTESIAN_POINT('Ctrl Pts',(618.253379175081,43.9574145164873,-37.05));
#6891=CARTESIAN_POINT('Ctrl Pts',(618.399483134118,43.9514818251658,-37.05));
#6892=CARTESIAN_POINT('',(650.519003528096,67.3500710902034,-37.05));
#6893=CARTESIAN_POINT('Origin',(675.000000000001,-1.94039008471977E-12,
-37.05));
#6894=CARTESIAN_POINT('',(655.218163657335,68.8769207719453,-37.05));
#6895=CARTESIAN_POINT('Ctrl Pts',(650.519003528096,67.3500710902034,-37.05));
#6896=CARTESIAN_POINT('Ctrl Pts',(650.521876681622,67.3619639488483,-37.05));
#6897=CARTESIAN_POINT('Ctrl Pts',(650.524929482454,67.3738279796835,-37.0501039512365));
#6898=CARTESIAN_POINT('Ctrl Pts',(650.570343393561,67.5403562475267,-37.0529553715309));
#6899=CARTESIAN_POINT('Ctrl Pts',(650.641660819783,67.687464456394,-37.0721195016076));
#6900=CARTESIAN_POINT('Ctrl Pts',(650.868138852179,68.0389544941847,-37.137366041458));
#6901=CARTESIAN_POINT('Ctrl Pts',(651.063633433741,68.2463718405123,-37.1983425566405));
#6902=CARTESIAN_POINT('Ctrl Pts',(651.508164437366,68.5947018916933,-37.3061078768764));
#6903=CARTESIAN_POINT('Ctrl Pts',(651.735501625426,68.7331035932356,-37.3504864786616));
#6904=CARTESIAN_POINT('Ctrl Pts',(652.149424542643,68.9349602199084,-37.3985797708452));
#6905=CARTESIAN_POINT('Ctrl Pts',(652.329652647152,69.0083165686538,-37.4101725033031));
#6906=CARTESIAN_POINT('Ctrl Pts',(652.694627711682,69.1305442406107,-37.4129555109587));
#6907=CARTESIAN_POINT('Ctrl Pts',(652.878007922416,69.1795973871509,-37.4046455958484));
#6908=CARTESIAN_POINT('Ctrl Pts',(653.313265113738,69.2664527272091,-37.3649138514446));
#6909=CARTESIAN_POINT('Ctrl Pts',(653.56539925984,69.2942461342522,-37.3264600319133));
#6910=CARTESIAN_POINT('Ctrl Pts',(654.185498187127,69.2963399696782,-37.2134865406491));
#6911=CARTESIAN_POINT('Ctrl Pts',(654.526298009026,69.2374656933269,-37.1363949865724));
#6912=CARTESIAN_POINT('Ctrl Pts',(654.970432378133,69.0539415435446,-37.0649401410914));
#6913=CARTESIAN_POINT('Ctrl Pts',(655.106689330782,68.9718544419307,-37.05));
#6914=CARTESIAN_POINT('Ctrl Pts',(655.218163657335,68.8769207719453,-37.05));
#6915=CARTESIAN_POINT('',(694.956747201673,68.8264448104175,-37.05));
#6916=CARTESIAN_POINT('Origin',(675.000000000001,-1.94039008471977E-12,
-37.05));
#6917=CARTESIAN_POINT('',(699.30982158869,67.4120452029084,-37.05));
#6918=CARTESIAN_POINT('Ctrl Pts',(694.956747201673,68.8264448104175,-37.05));
#6919=CARTESIAN_POINT('Ctrl Pts',(695.129129363613,68.962707542177,-37.05));
#6920=CARTESIAN_POINT('Ctrl Pts',(695.317465687911,69.0778052336814,-37.0817004805307));
#6921=CARTESIAN_POINT('Ctrl Pts',(695.783388753205,69.2914861877374,-37.1971667340625));
#6922=CARTESIAN_POINT('Ctrl Pts',(696.067146083949,69.3695256478715,-37.2956973588979));
#6923=CARTESIAN_POINT('Ctrl Pts',(696.643997900511,69.4343261166817,-37.4857971176149));
#6924=CARTESIAN_POINT('Ctrl Pts',(696.945825187708,69.421759789468,-37.5809501799072));
#6925=CARTESIAN_POINT('Ctrl Pts',(697.467819062997,69.3080257600087,-37.6454697873752));
#6926=CARTESIAN_POINT('Ctrl Pts',(697.68670233487,69.2338344653641,-37.6403898036525));
#6927=CARTESIAN_POINT('Ctrl Pts',(698.149240402335,68.9972562040986,-37.5449632356702));
#6928=CARTESIAN_POINT('Ctrl Pts',(698.36388498142,68.8447917037706,-37.4599369921421));
#6929=CARTESIAN_POINT('Ctrl Pts',(698.78913987652,68.4423014819217,-37.2674785796506));
#6930=CARTESIAN_POINT('Ctrl Pts',(698.990176572673,68.1722487350859,-37.1566806526565));
#6931=CARTESIAN_POINT('Ctrl Pts',(699.21141806017,67.7137226042916,-37.0661292702453));
#6932=CARTESIAN_POINT('Ctrl Pts',(699.267674331445,67.5622431316356,-37.05));
#6933=CARTESIAN_POINT('Ctrl Pts',(699.30982158869,67.4120452029084,-37.05));
#6934=CARTESIAN_POINT('',(731.48868003423,44.095127759238,-37.05));
#6935=CARTESIAN_POINT('Origin',(675.000000000001,-1.94039008471977E-12,
-37.05));
#6936=CARTESIAN_POINT('',(734.392920712677,40.0977833967257,-37.05));
#6937=CARTESIAN_POINT('Ctrl Pts',(731.48868003423,44.095127759238,-37.05));
#6938=CARTESIAN_POINT('Ctrl Pts',(731.501335692535,44.096105636644,-37.05));
#6939=CARTESIAN_POINT('Ctrl Pts',(731.514021498937,44.0968900209481,-37.0501118859164));
#6940=CARTESIAN_POINT('Ctrl Pts',(731.688001366335,44.1050465276061,-37.0530936900327));
#6941=CARTESIAN_POINT('Ctrl Pts',(731.851053818409,44.0821819399651,-37.0725584245696));
#6942=CARTESIAN_POINT('Ctrl Pts',(732.260645011707,43.9729360570331,-37.1390408180521));
#6943=CARTESIAN_POINT('Ctrl Pts',(732.522732071874,43.8474624977908,-37.201507001246));
#6944=CARTESIAN_POINT('Ctrl Pts',(732.989982166437,43.5289301721208,-37.3087584890939));
#6945=CARTESIAN_POINT('Ctrl Pts',(733.187189000573,43.3584517064523,-37.3517287577464));
#6946=CARTESIAN_POINT('Ctrl Pts',(733.492278205656,43.041796182441,-37.3973386076723));
#6947=CARTESIAN_POINT('Ctrl Pts',(733.608312618882,42.9053933812111,-37.4085244021939));
#6948=CARTESIAN_POINT('Ctrl Pts',(733.818456515386,42.6268880513145,-37.4135912637923));
#6949=CARTESIAN_POINT('Ctrl Pts',(733.912875831095,42.4862280324716,-37.4083870398209));
#6950=CARTESIAN_POINT('Ctrl Pts',(734.111791192632,42.1501829648366,-37.3798816115418));
#6951=CARTESIAN_POINT('Ctrl Pts',(734.209661719541,41.9525837226397,-37.3514873579014));
#6952=CARTESIAN_POINT('Ctrl Pts',(734.427849254577,41.3958593924243,-37.253343818704));
#6953=CARTESIAN_POINT('Ctrl Pts',(734.502245227126,41.0462399474319,-37.1732697232039));
#6954=CARTESIAN_POINT('Ctrl Pts',(734.505135027499,40.5117945059427,-37.0802522046504));
#6955=CARTESIAN_POINT('Ctrl Pts',(734.473900565387,40.3180631340942,-37.0551475202587));
#6956=CARTESIAN_POINT('Ctrl Pts',(734.406799274556,40.1325349416977,-37.0502426090015));
#6957=CARTESIAN_POINT('Ctrl Pts',(734.400049162262,40.115062601291,-37.05));
#6958=CARTESIAN_POINT('Ctrl Pts',(734.392920712677,40.0977833967257,-37.05));
#6959=CARTESIAN_POINT('',(746.62481286814,2.28854663862321,-37.05));
#6960=CARTESIAN_POINT('Origin',(675.000000000001,-1.94039008471977E-12,
-37.05));
#6961=CARTESIAN_POINT('Ctrl Pts',(746.62481286814,2.28854663862323,-37.05));
#6962=CARTESIAN_POINT('Ctrl Pts',(746.803417868593,2.16954569784765,-37.05));
#6963=CARTESIAN_POINT('Ctrl Pts',(746.968354259403,2.02927365189322,-37.0803097390956));
#6964=CARTESIAN_POINT('Ctrl Pts',(747.310083465767,1.6614654768459,-37.1918399571642));
#6965=CARTESIAN_POINT('Ctrl Pts',(747.47071559659,1.42246303435639,-37.2869666766334));
#6966=CARTESIAN_POINT('Ctrl Pts',(747.716676412634,0.896166503709931,-37.4777199722122));
#6967=CARTESIAN_POINT('Ctrl Pts',(747.802349727695,0.599925677124025,-37.5770451418956));
#6968=CARTESIAN_POINT('Ctrl Pts',(747.845148525819,0.189526031093552,-37.6288807201313));
#6969=CARTESIAN_POINT('Ctrl Pts',(747.85,0.0946999653281992,-37.6350424371345));
#6970=CARTESIAN_POINT('Ctrl Pts',(747.85,-1.94967071684978E-12,-37.6350424371344));
#6971=CARTESIAN_POINT('Origin',(675.000000000001,-1.93622895494627E-12,
-38.456169701334));
#6972=CARTESIAN_POINT('Origin',(653.337908694318,66.6690617922883,-37.35));
#6973=CARTESIAN_POINT('',(655.684057978006,64.9644845606401,-37.05));
#6974=CARTESIAN_POINT('Origin',(653.337908694318,66.6690617922883,-37.05));
#6975=CARTESIAN_POINT('',(655.198647781381,65.3171557120156,-37.65));
#6976=CARTESIAN_POINT('',(655.441352879693,65.1408201363279,-37.35));
#6977=CARTESIAN_POINT('Origin',(653.337908694318,66.6690617922883,-37.65));
#6978=CARTESIAN_POINT('Origin',(653.337908694318,66.6690617922883,-37.05));
#6979=CARTESIAN_POINT('Origin',(618.287908694319,41.2037461857013,-11.));
#6980=CARTESIAN_POINT('',(616.671499250515,38.9789494511702,-37.05));
#6981=CARTESIAN_POINT('',(616.671499250515,38.9789494511702,-11.));
#6982=CARTESIAN_POINT('Origin',(618.287908694319,41.2037461857013,-37.05));
#6983=CARTESIAN_POINT('Origin',(618.287908694319,41.2037461857013,-37.05));
#6984=CARTESIAN_POINT('Origin',(604.900000000004,-2.4186754182491E-13,-37.35));
#6985=CARTESIAN_POINT('',(607.246149283691,1.70457723164794,-37.05));
#6986=CARTESIAN_POINT('Origin',(604.900000000004,-2.4186754182491E-13,-37.05));
#6987=CARTESIAN_POINT('',(606.760739087066,1.35190608027245,-37.65));
#6988=CARTESIAN_POINT('',(607.003444185378,1.52824165596019,-37.35));
#6989=CARTESIAN_POINT('Origin',(604.900000000004,-2.4186754182491E-13,-37.65));
#6990=CARTESIAN_POINT('Origin',(604.900000000004,-2.4186754182491E-13,-37.05));
#6991=CARTESIAN_POINT('Origin',(618.287908694319,-41.2037461857015,-11.));
#6992=CARTESIAN_POINT('',(619.904318138123,-43.4285429202326,-37.05));
#6993=CARTESIAN_POINT('',(619.904318138123,-43.4285429202326,-11.));
#6994=CARTESIAN_POINT('Origin',(618.287908694319,-41.2037461857015,-37.05));
#6995=CARTESIAN_POINT('Origin',(618.287908694319,-41.2037461857015,-37.05));
#6996=CARTESIAN_POINT('Origin',(653.337908694318,-66.6690617922886,-37.35));
#6997=CARTESIAN_POINT('',(652.441759410631,-63.9109978950325,-37.0499999999999));
#6998=CARTESIAN_POINT('Origin',(653.337908694318,-66.6690617922886,-37.05));
#6999=CARTESIAN_POINT('',(652.627169607256,-64.4816318048097,-37.65));
#7000=CARTESIAN_POINT('',(652.534464508944,-64.1963148499212,-37.35));
#7001=CARTESIAN_POINT('Origin',(653.337908694318,-66.6690617922886,-37.65));
#7002=CARTESIAN_POINT('Origin',(653.337908694318,-66.6690617922886,-37.05));
#7003=CARTESIAN_POINT('Origin',(675.000000000001,-1.94039008471977E-12,
-53.005));
#7004=CARTESIAN_POINT('',(651.802003336185,-71.3960924276751,-68.96));
#7005=CARTESIAN_POINT('',(698.197996663817,71.3960924276713,-68.9600619625174));
#7006=CARTESIAN_POINT('Origin',(675.000000000001,-1.94039008471977E-12,
-68.96));
#7007=CARTESIAN_POINT('Origin',(675.000000000001,-1.94039008471977E-12,
-68.96));
#7008=CARTESIAN_POINT('',(652.11102033056,-70.4450359113799,-53.005));
#7009=CARTESIAN_POINT('',(681.601445056936,-74.0919587721661,-58.0335540085957));
#7010=CARTESIAN_POINT('Ctrl Pts',(681.601445056936,-74.0919587721661,-58.0335540085957));
#7011=CARTESIAN_POINT('Ctrl Pts',(681.706504729376,-74.1263278536859,-58.7285081998311));
#7012=CARTESIAN_POINT('Ctrl Pts',(681.717764234086,-74.1698020564724,-59.4357235569456));
#7013=CARTESIAN_POINT('Ctrl Pts',(681.522942466987,-74.2854500622748,-60.9969768855021));
#7014=CARTESIAN_POINT('Ctrl Pts',(681.266056103178,-74.3612196740777,-61.8337431881764));
#7015=CARTESIAN_POINT('Ctrl Pts',(680.485594770877,-74.5166171721714,-63.3275832598287));
#7016=CARTESIAN_POINT('Ctrl Pts',(679.98502980364,-74.594246178388,-63.9798916025817));
#7017=CARTESIAN_POINT('Ctrl Pts',(678.724085047647,-74.7400129428179,-65.123415707895));
#7018=CARTESIAN_POINT('Ctrl Pts',(677.956929550406,-74.8050662344187,-65.5855915579591));
#7019=CARTESIAN_POINT('Ctrl Pts',(676.61061972019,-74.8728969821674,-66.0591757264332));
#7020=CARTESIAN_POINT('Ctrl Pts',(676.080937297481,-74.8898220407608,-66.1740960319637));
#7021=CARTESIAN_POINT('Ctrl Pts',(675.122702557791,-74.9019164470257,-66.256400756179));
#7022=CARTESIAN_POINT('Ctrl Pts',(674.701358804073,-74.9010476606825,-66.2505378960861));
#7023=CARTESIAN_POINT('Ctrl Pts',(673.697512856547,-74.884276363931,-66.1362608955901));
#7024=CARTESIAN_POINT('Ctrl Pts',(673.125135665524,-74.8625683396244,-65.9885352862269));
#7025=CARTESIAN_POINT('Ctrl Pts',(671.783138915427,-74.7848325442289,-65.4409253812923));
#7026=CARTESIAN_POINT('Ctrl Pts',(671.058489877013,-74.7183769036832,-64.9618102463315));
#7027=CARTESIAN_POINT('Ctrl Pts',(669.786302193524,-74.5628826035696,-63.7224804629055));
#7028=CARTESIAN_POINT('Ctrl Pts',(669.266243560081,-74.47466001039,-62.9586081123203));
#7029=CARTESIAN_POINT('Ctrl Pts',(668.521587799917,-74.3045495107547,-61.2238333357543));
#7030=CARTESIAN_POINT('Ctrl Pts',(668.324011326664,-74.2255981471353,-60.2632895318774));
#7031=CARTESIAN_POINT('Ctrl Pts',(668.2986968329,-74.0974739326169,-58.2636074763537));
#7032=CARTESIAN_POINT('Ctrl Pts',(668.492356812869,-74.0511900455804,-57.2383571253526));
#7033=CARTESIAN_POINT('Ctrl Pts',(669.228225028652,-73.9963849796566,-55.3986072342162));
#7034=CARTESIAN_POINT('Ctrl Pts',(669.742324405338,-73.9852035399489,-54.5787645188512));
#7035=CARTESIAN_POINT('Ctrl Pts',(670.912719744046,-73.979776409949,-53.3320473798188));
#7036=CARTESIAN_POINT('Ctrl Pts',(671.515459256639,-73.9823733136313,-52.8625819615722));
#7037=CARTESIAN_POINT('Ctrl Pts',(672.705192439125,-73.9881999713398,-52.2336849757998));
#7038=CARTESIAN_POINT('Ctrl Pts',(673.259878323313,-73.9910892731229,-52.0318415716727));
#7039=CARTESIAN_POINT('Ctrl Pts',(674.102195243734,-73.9936291017296,-51.8611177908025));
#7040=CARTESIAN_POINT('Ctrl Pts',(674.370680287521,-73.9941927963564,-51.8256256875228));
#7041=CARTESIAN_POINT('Ctrl Pts',(674.85346996152,-73.9946658499486,-51.7957961904111));
#7042=CARTESIAN_POINT('Ctrl Pts',(675.066396959605,-73.9946896285137,-51.794328475126));
#7043=CARTESIAN_POINT('Ctrl Pts',(675.535122263776,-73.9943319180009,-51.8168272498163));
#7044=CARTESIAN_POINT('Ctrl Pts',(675.789823404548,-73.9938664858039,-51.8459923886804));
#7045=CARTESIAN_POINT('Ctrl Pts',(676.579469320269,-73.9917084457921,-51.9889785261558));
#7046=CARTESIAN_POINT('Ctrl Pts',(677.099318804307,-73.9891973418258,-52.1600591256059));
#7047=CARTESIAN_POINT('Ctrl Pts',(678.373676234184,-73.9828774395906,-52.7711195205339));
#7048=CARTESIAN_POINT('Ctrl Pts',(679.071858074342,-73.9792903502577,-53.3026019469713));
#7049=CARTESIAN_POINT('Ctrl Pts',(679.659222693772,-73.9824480446703,-53.9419030562238));
#7050=CARTESIAN_POINT('Ctrl Pts',(680.093891487448,-73.9847848405475,-54.4150065302188));
#7051=CARTESIAN_POINT('Ctrl Pts',(680.465735169691,-73.9908734217958,-54.9447461182007));
#7052=CARTESIAN_POINT('Ctrl Pts',(681.082454503411,-74.0156796474774,-56.1038990282881));
#7053=CARTESIAN_POINT('Ctrl Pts',(681.320639503593,-74.0349470023151,-56.7355231590664));
#7054=CARTESIAN_POINT('Ctrl Pts',(681.526768248834,-74.0713851610634,-57.6011560948954));
#7055=CARTESIAN_POINT('Ctrl Pts',(681.568670932436,-74.0812370886643,-57.8167580234487));
#7056=CARTESIAN_POINT('Ctrl Pts',(681.601445056936,-74.0919587721661,-58.0335540085957));
#7057=CARTESIAN_POINT('Ctrl Pts',(680.973672351921,-72.6989076764952,-58.0753604933042));
#7058=CARTESIAN_POINT('Ctrl Pts',(681.054965512525,-72.5884152693247,-59.0360045510909));
#7059=CARTESIAN_POINT('Ctrl Pts',(680.839815474089,-72.4193708013514,-60.9898290491822));
#7060=CARTESIAN_POINT('Ctrl Pts',(679.364194435984,-72.3503378408462,-63.5052877739212));
#7061=CARTESIAN_POINT('Ctrl Pts',(676.946869211603,-72.3813431391036,-65.0737105011166));
#7062=CARTESIAN_POINT('Ctrl Pts',(674.414807719193,-72.390634141656,-65.301875368636));
#7063=CARTESIAN_POINT('Ctrl Pts',(671.727726567063,-72.3642579764161,-64.4268997089187));
#7064=CARTESIAN_POINT('Ctrl Pts',(670.116804305409,-72.3563797038981,-62.7922482843184));
#7065=CARTESIAN_POINT('Ctrl Pts',(669.366299401192,-72.4408799935881,-61.0342746646574));
#7066=CARTESIAN_POINT('Ctrl Pts',(668.861516037256,-72.5618639017398,-59.1803111918143));
#7067=CARTESIAN_POINT('Ctrl Pts',(669.054453663717,-72.8668072287214,-56.5214475903095));
#7068=CARTESIAN_POINT('Ctrl Pts',(670.439665322247,-73.2914112962938,-54.1215689178558));
#7069=CARTESIAN_POINT('Ctrl Pts',(671.862190264932,-73.5458788664022,-52.8591393635246));
#7070=CARTESIAN_POINT('Ctrl Pts',(673.524585002849,-73.7383063673295,-51.9692179836297));
#7071=CARTESIAN_POINT('Ctrl Pts',(675.908820090588,-73.7967242412827,-51.7237703688354));
#7072=CARTESIAN_POINT('Ctrl Pts',(679.410450376949,-73.4279958364473,-53.3514976855116));
#7073=CARTESIAN_POINT('Ctrl Pts',(680.811086030712,-72.9198924908362,-56.1540723777307));
#7074=CARTESIAN_POINT('Ctrl Pts',(680.973672351921,-72.6989076764952,-58.0753604933042));
#7075=CARTESIAN_POINT('Ctrl Pts',(680.985751166366,-73.0677930804254,-58.0778575273135));
#7076=CARTESIAN_POINT('Ctrl Pts',(681.048410049421,-72.9695120407084,-59.0363695498285));
#7077=CARTESIAN_POINT('Ctrl Pts',(680.793440542508,-72.8195375169747,-60.9680201457356));
#7078=CARTESIAN_POINT('Ctrl Pts',(679.297398292197,-72.7578443005855,-63.4149479353739));
#7079=CARTESIAN_POINT('Ctrl Pts',(676.910908524015,-72.7853868494867,-64.9294329840769));
#7080=CARTESIAN_POINT('Ctrl Pts',(674.425753735941,-72.7937532962508,-65.1497938762028));
#7081=CARTESIAN_POINT('Ctrl Pts',(671.78392090572,-72.7701729911129,-64.305097276897));
#7082=CARTESIAN_POINT('Ctrl Pts',(670.181253696925,-72.7633858686085,-62.7246759408887));
#7083=CARTESIAN_POINT('Ctrl Pts',(669.408647250683,-72.8385870666035,-61.0051600373049));
#7084=CARTESIAN_POINT('Ctrl Pts',(668.87397767652,-72.9461098843668,-59.1832062957706));
#7085=CARTESIAN_POINT('Ctrl Pts',(669.007889480037,-73.2168692692328,-56.5311115012262));
#7086=CARTESIAN_POINT('Ctrl Pts',(670.369100751608,-73.5963146328431,-54.0887310770056));
#7087=CARTESIAN_POINT('Ctrl Pts',(671.801951499858,-73.8245425314111,-52.7945156053643));
#7088=CARTESIAN_POINT('Ctrl Pts',(673.490919121462,-73.997394163944,-51.8781854417643));
#7089=CARTESIAN_POINT('Ctrl Pts',(675.930427526515,-74.050023440814,-51.6238365453736));
#7090=CARTESIAN_POINT('Ctrl Pts',(679.498713974177,-73.7182477160655,-53.304871803468));
#7091=CARTESIAN_POINT('Ctrl Pts',(680.860433400256,-73.2643551598595,-56.1608334822834));
#7092=CARTESIAN_POINT('Ctrl Pts',(680.985751166366,-73.0677930804254,-58.0778575273135));
#7093=CARTESIAN_POINT('Ctrl Pts',(681.256931752663,-73.9215223149668,-58.0622300204075));
#7094=CARTESIAN_POINT('Ctrl Pts',(681.29549982007,-73.8636069245188,-59.0477148010721));
#7095=CARTESIAN_POINT('Ctrl Pts',(680.970936358432,-73.787433049056,-61.0070404070331));
#7096=CARTESIAN_POINT('Ctrl Pts',(679.378868109399,-73.7913057826615,-63.4256432688224));
#7097=CARTESIAN_POINT('Ctrl Pts',(676.936797971853,-73.8436814225972,-64.9039857582452));
#7098=CARTESIAN_POINT('Ctrl Pts',(674.417751245932,-73.8546770025878,-65.119164433595));
#7099=CARTESIAN_POINT('Ctrl Pts',(671.731966248264,-73.8190939747464,-64.2947247848054));
#7100=CARTESIAN_POINT('Ctrl Pts',(670.072482076921,-73.7810591270309,-62.748699649451));
#7101=CARTESIAN_POINT('Ctrl Pts',(669.233017596344,-73.8030626338826,-61.0335671197199));
#7102=CARTESIAN_POINT('Ctrl Pts',(668.630411370885,-73.848241710336,-59.202587734588));
#7103=CARTESIAN_POINT('Ctrl Pts',(668.685083916336,-74.0058904089199,-56.4762602946541));
#7104=CARTESIAN_POINT('Ctrl Pts',(670.073627154378,-74.2661950881876,-53.8979386878316));
#7105=CARTESIAN_POINT('Ctrl Pts',(671.582973163969,-74.4296121782187,-52.5202369413073));
#7106=CARTESIAN_POINT('Ctrl Pts',(673.381003074538,-74.5558185461418,-51.5399348730011));
#7107=CARTESIAN_POINT('Ctrl Pts',(675.998732288265,-74.5954303581381,-51.2661594968718));
#7108=CARTESIAN_POINT('Ctrl Pts',(679.811322747425,-74.3495719630302,-53.0701161193558));
#7109=CARTESIAN_POINT('Ctrl Pts',(681.179795617848,-74.0373530958629,-56.0912604590781));
#7110=CARTESIAN_POINT('Ctrl Pts',(681.256931752663,-73.9215223149668,-58.0622300204075));
#7111=CARTESIAN_POINT('Ctrl Pts',(682.004037047135,-74.4538268885629,-58.0016139459433));
#7112=CARTESIAN_POINT('Ctrl Pts',(682.065593752825,-74.4305224508977,-59.0790060047162));
#7113=CARTESIAN_POINT('Ctrl Pts',(681.740417604654,-74.4288502225251,-61.2392233872161));
#7114=CARTESIAN_POINT('Ctrl Pts',(679.974978732711,-74.5389354742387,-63.9460439732758));
#7115=CARTESIAN_POINT('Ctrl Pts',(677.207263385097,-74.6610984063613,-65.6134302335097));
#7116=CARTESIAN_POINT('Ctrl Pts',(674.336846234893,-74.6824117218648,-65.8562753797145));
#7117=CARTESIAN_POINT('Ctrl Pts',(671.282011360659,-74.607569991953,-64.9262788809755));
#7118=CARTESIAN_POINT('Ctrl Pts',(669.413288199116,-74.497832064807,-63.1851320654691));
#7119=CARTESIAN_POINT('Ctrl Pts',(668.493882296152,-74.447994290726,-61.2759878115955));
#7120=CARTESIAN_POINT('Ctrl Pts',(667.847713434875,-74.4195883989575,-59.2468122062657));
#7121=CARTESIAN_POINT('Ctrl Pts',(667.96719532808,-74.4815089527063,-56.2649918157591));
#7122=CARTESIAN_POINT('Ctrl Pts',(669.547573721804,-74.6673755542934,-53.4926103495971));
#7123=CARTESIAN_POINT('Ctrl Pts',(671.229304663957,-74.794000794311,-52.020197654777));
#7124=CARTESIAN_POINT('Ctrl Pts',(673.218551953319,-74.8953237040274,-50.9761972371079));
#7125=CARTESIAN_POINT('Ctrl Pts',(676.098700208901,-74.9285295961976,-50.6859623723622));
#7126=CARTESIAN_POINT('Ctrl Pts',(680.306311162059,-74.7269809722315,-52.6023464756316));
#7127=CARTESIAN_POINT('Ctrl Pts',(681.880923635755,-74.5004357638933,-55.8468298283976));
#7128=CARTESIAN_POINT('Ctrl Pts',(682.004037047135,-74.453826888563,-58.0016139459433));
#7129=CARTESIAN_POINT('Ctrl Pts',(682.479491632441,-74.5741259767722,-57.9609298145784));
#7130=CARTESIAN_POINT('Ctrl Pts',(682.560721557269,-74.5583731441246,-59.099959244243));
#7131=CARTESIAN_POINT('Ctrl Pts',(682.246981955007,-74.5772151347985,-61.399449597573));
#7132=CARTESIAN_POINT('Ctrl Pts',(680.37783725504,-74.730379539999,-64.3203918495276));
#7133=CARTESIAN_POINT('Ctrl Pts',(677.391462344908,-74.8884687773914,-66.1321973398698));
#7134=CARTESIAN_POINT('Ctrl Pts',(674.281165205313,-74.9155155123188,-66.3961312667938));
#7135=CARTESIAN_POINT('Ctrl Pts',(670.974783008593,-74.819640744907,-65.3849682999824));
#7136=CARTESIAN_POINT('Ctrl Pts',(668.969902438183,-74.6753716234771,-63.4956664924117));
#7137=CARTESIAN_POINT('Ctrl Pts',(668.006014304369,-74.5996349072351,-61.444921291044));
#7138=CARTESIAN_POINT('Ctrl Pts',(667.340737998671,-74.5474770296241,-59.2737854086946));
#7139=CARTESIAN_POINT('Ctrl Pts',(667.517252995501,-74.5889081343272,-56.1214213813165));
#7140=CARTESIAN_POINT('Ctrl Pts',(669.225231790829,-74.767173496484,-53.2324016572718));
#7141=CARTESIAN_POINT('Ctrl Pts',(671.014991878189,-74.8914767063782,-51.7052975381299));
#7142=CARTESIAN_POINT('Ctrl Pts',(673.121092858748,-74.991850356133,-50.6256234040375));
#7143=CARTESIAN_POINT('Ctrl Pts',(676.157977185464,-75.024949940968,-50.3267272010523));
#7144=CARTESIAN_POINT('Ctrl Pts',(680.604937925453,-74.8244267820368,-52.3050889655497));
#7145=CARTESIAN_POINT('Ctrl Pts',(682.317031782787,-74.6056316420676,-55.6828709552491));
#7146=CARTESIAN_POINT('Ctrl Pts',(682.479491632441,-74.5741259767723,-57.9609298145783));
#7147=CARTESIAN_POINT('',(680.973672351921,-72.6989076764952,-58.0753604933042));
#7148=CARTESIAN_POINT('Ctrl Pts',(681.602260260366,-74.0907780108671,-58.0334708664123));
#7149=CARTESIAN_POINT('Ctrl Pts',(681.490384828195,-73.9858699134546,-58.0423046472246));
#7150=CARTESIAN_POINT('Ctrl Pts',(681.1503738685,-73.5860573684405,-58.0683707036082));
#7151=CARTESIAN_POINT('Ctrl Pts',(680.985751166366,-73.0677930804254,-58.0778575273135));
#7152=CARTESIAN_POINT('Ctrl Pts',(680.973672351921,-72.6989076764952,-58.0753604933042));
#7153=CARTESIAN_POINT('',(680.999882333956,-72.6311592870252,-58.6976442955977));
#7154=CARTESIAN_POINT('Ctrl Pts',(680.973672351921,-72.6989076764952,-58.0753604933042));
#7155=CARTESIAN_POINT('Ctrl Pts',(680.991185865621,-72.6751035794179,-58.2823182833811));
#7156=CARTESIAN_POINT('Ctrl Pts',(680.999933462405,-72.6525048329753,-58.4900311271312));
#7157=CARTESIAN_POINT('Ctrl Pts',(680.999882333956,-72.6311592870252,-58.6976442955977));
#7158=CARTESIAN_POINT('Ctrl Pts',(680.999882333956,-72.6311592870252,-58.6976442955977));
#7159=CARTESIAN_POINT('Ctrl Pts',(680.999696137487,-72.5534243786008,-59.4537172803875));
#7160=CARTESIAN_POINT('Ctrl Pts',(680.733847931945,-72.4144133949695,-61.1704695873301));
#7161=CARTESIAN_POINT('Ctrl Pts',(679.364194435984,-72.3503378408462,-63.5052877739212));
#7162=CARTESIAN_POINT('Ctrl Pts',(676.946869211603,-72.3813431391036,-65.0737105011166));
#7163=CARTESIAN_POINT('Ctrl Pts',(674.414807719193,-72.390634141656,-65.301875368636));
#7164=CARTESIAN_POINT('Ctrl Pts',(671.727726567063,-72.3642579764161,-64.4268997089187));
#7165=CARTESIAN_POINT('Ctrl Pts',(670.116804305409,-72.3563797038981,-62.7922482843184));
#7166=CARTESIAN_POINT('Ctrl Pts',(669.366299401192,-72.4408799935881,-61.0342746646574));
#7167=CARTESIAN_POINT('Ctrl Pts',(668.861516037256,-72.5618639017398,-59.1803111918143));
#7168=CARTESIAN_POINT('Ctrl Pts',(669.054453663717,-72.8668072287214,-56.5214475903095));
#7169=CARTESIAN_POINT('Ctrl Pts',(670.439665322247,-73.2914112962938,-54.1215689178558));
#7170=CARTESIAN_POINT('Ctrl Pts',(671.862190264932,-73.5458788664022,-52.8591393635246));
#7171=CARTESIAN_POINT('Ctrl Pts',(673.524585002849,-73.7383063673295,-51.9692179836297));
#7172=CARTESIAN_POINT('Ctrl Pts',(675.908820090588,-73.7967242412827,-51.7237703688354));
#7173=CARTESIAN_POINT('Ctrl Pts',(679.410450376949,-73.4279958364473,-53.3514976855116));
#7174=CARTESIAN_POINT('Ctrl Pts',(680.811086030712,-72.9198924908362,-56.1540723777307));
#7175=CARTESIAN_POINT('Ctrl Pts',(680.973672351921,-72.6989076764952,-58.0753604933042));
#7176=CARTESIAN_POINT('Origin',(675.000000000001,-1.61180686184185E-12,
-37.05));
#7177=CARTESIAN_POINT('',(699.277496725497,-65.8192650577577,-37.05));
#7178=CARTESIAN_POINT('Origin',(696.662091305685,-66.6690617922888,-37.05));
#7179=CARTESIAN_POINT('Origin',(696.662091305685,-66.6690617922888,-37.05));
#7180=CARTESIAN_POINT('',(728.812091305684,-41.2037461857012,-37.05));
#7181=CARTESIAN_POINT('Origin',(731.712091305684,-41.2037461857012,-37.05));
#7182=CARTESIAN_POINT('Origin',(731.712091305684,-41.2037461857012,-37.05));
#7183=CARTESIAN_POINT('',(745.1,2.75,-37.05));
#7184=CARTESIAN_POINT('Origin',(745.1,0.,-37.05));
#7185=CARTESIAN_POINT('Origin',(745.1,0.,-37.05));
#7186=CARTESIAN_POINT('',(730.815942021996,38.4456822884453,-37.05));
#7187=CARTESIAN_POINT('Origin',(731.712091305684,41.2037461857013,-37.05));
#7188=CARTESIAN_POINT('Origin',(731.712091305684,41.2037461857013,-37.05));
#7189=CARTESIAN_POINT('',(694.046685885873,67.5188585268198,-37.05));
#7190=CARTESIAN_POINT('Origin',(696.662091305685,66.6690617922887,-37.05));
#7191=CARTESIAN_POINT('Origin',(696.662091305685,66.6690617922887,-37.05));
#7192=CARTESIAN_POINT('',(690.576309185752,21.438950350936,-37.05));
#7193=CARTESIAN_POINT('Origin',(675.000000000002,-7.105427357601E-14,-37.05));
#7194=CARTESIAN_POINT('',(643.314504062206,17.0888661758456,-37.05));
#7195=CARTESIAN_POINT('',(668.538879187345,35.4154474466192,-37.05));
#7196=CARTESIAN_POINT('Origin',(675.000000000002,-7.105427357601E-14,-37.05));
#7197=CARTESIAN_POINT('',(653.319702596533,21.2166562255699,-37.05));
#7198=CARTESIAN_POINT('',(617.473274512645,29.170633429908,-37.05));
#7199=CARTESIAN_POINT('',(628.137346205464,4.83837280085358,-37.05));
#7200=CARTESIAN_POINT('',(665.033814798366,63.7253886023972,-37.05));
#7201=CARTESIAN_POINT('Origin',(675.000000000003,-1.09525878446557E-12,
-37.05));
#7202=CARTESIAN_POINT('',(684.879790443506,46.0641716827642,-37.05));
#7203=CARTESIAN_POINT('',(661.521341183453,27.1754954582967,-37.05));
#7204=CARTESIAN_POINT('',(648.956165747391,-24.8539473207483,-37.05));
#7205=CARTESIAN_POINT('',(639.321311794565,4.79908407295046,-37.05));
#7206=CARTESIAN_POINT('Origin',(675.000000000002,-7.105427357601E-14,-37.05));
#7207=CARTESIAN_POINT('',(648.122180501904,-14.062880783274,-37.05));
#7208=CARTESIAN_POINT('',(629.480343185695,-45.6969456693498,-37.05));
#7209=CARTESIAN_POINT('',(655.917077595462,-43.0738928415933,-37.05));
#7210=CARTESIAN_POINT('',(611.313833319857,10.2138226726683,-37.05));
#7211=CARTESIAN_POINT('Origin',(675.000000000003,8.38182007621634E-13,-37.05));
#7212=CARTESIAN_POINT('',(634.243392501275,23.6308509627042,-37.05));
#7213=CARTESIAN_POINT('',(644.989433325144,-4.4212763712246,-37.05));
#7214=CARTESIAN_POINT('',(690.589521172315,-32.4494503746676,-37.05));
#7215=CARTESIAN_POINT('',(659.410478827689,-32.4494503746676,-37.05));
#7216=CARTESIAN_POINT('Origin',(675.000000000002,-7.105427357601E-14,-37.05));
#7217=CARTESIAN_POINT('',(680.068891410161,-29.9079945293709,-37.05));
#7218=CARTESIAN_POINT('',(704.394030419886,-57.4128990356236,-37.05));
#7219=CARTESIAN_POINT('',(710.068759143857,-31.4595026047304,-37.05));
#7220=CARTESIAN_POINT('',(645.605969580117,-57.412899035624,-37.05));
#7221=CARTESIAN_POINT('Origin',(675.000000000001,1.51508916289825E-12,-37.05));
#7222=CARTESIAN_POINT('',(639.931240856146,-31.4595026047306,-37.05));
#7223=CARTESIAN_POINT('',(669.931108589842,-29.9079945293709,-37.05));
#7224=CARTESIAN_POINT('',(710.678688205438,4.79908407295063,-37.05));
#7225=CARTESIAN_POINT('',(701.043834252613,-24.8539473207482,-37.05));
#7226=CARTESIAN_POINT('Origin',(675.000000000002,-7.105427357601E-14,-37.05));
#7227=CARTESIAN_POINT('',(705.01056667486,-4.42127637122461,-37.05));
#7228=CARTESIAN_POINT('',(738.686166680146,10.2138226726683,-37.05));
#7229=CARTESIAN_POINT('',(715.756607498727,23.6308509627043,-37.05));
#7230=CARTESIAN_POINT('',(720.519656814309,-45.6969456693501,-37.05));
#7231=CARTESIAN_POINT('Origin',(675.,0.,-37.05));
#7232=CARTESIAN_POINT('',(694.082922404541,-43.0738928415935,-37.05));
#7233=CARTESIAN_POINT('',(701.877819498099,-14.0628807832737,-37.05));
#7234=CARTESIAN_POINT('',(681.461120812658,35.4154474466192,-37.05));
#7235=CARTESIAN_POINT('',(706.685495937797,17.0888661758458,-37.05));
#7236=CARTESIAN_POINT('Origin',(675.000000000002,-7.105427357601E-14,-37.05));
#7237=CARTESIAN_POINT('',(688.47865881655,27.1754954582973,-37.05));
#7238=CARTESIAN_POINT('',(684.966185201637,63.7253886023968,-37.05));
#7239=CARTESIAN_POINT('',(665.120209556497,46.0641716827636,-37.05));
#7240=CARTESIAN_POINT('',(732.526725487359,29.1706334299082,-37.05));
#7241=CARTESIAN_POINT('Origin',(675.000000000001,-1.61328375393437E-12,
-37.05));
#7242=CARTESIAN_POINT('',(721.862653794539,4.83837280085346,-37.05));
#7243=CARTESIAN_POINT('',(696.68029740347,21.2166562255702,-37.05));
#7244=CARTESIAN_POINT('Origin',(675.,-69.572553572887,-59.8107548132024));
#7245=CARTESIAN_POINT('',(681.,-69.572553572887,-59.8107548132024));
#7246=CARTESIAN_POINT('',(675.,-71.6246744328411,-65.4489105379179));
#7247=CARTESIAN_POINT('Origin',(675.,-69.572553572887,-59.8107548132024));
#7248=CARTESIAN_POINT('',(675.,-70.7281657166507,-67.3714796840852));
#7249=CARTESIAN_POINT('Origin',(675.,-72.1377046478296,-66.8584494690967));
#7250=CARTESIAN_POINT('Origin',(675.,-68.1630146417082,-60.3237850281909));
#7251=CARTESIAN_POINT('Origin',(675.,-69.572553572887,-59.8107548132024));
#7252=CARTESIAN_POINT('Origin',(675.,-68.1630146417082,-60.3237850281909));
#7253=CARTESIAN_POINT('',(683.,-68.1630146417082,-60.3237850281909));
#7254=CARTESIAN_POINT('Origin',(675.,-68.1630146417082,-60.3237850281909));
#7255=CARTESIAN_POINT('Origin',(675.,-49.36916222599,-67.1641878947043));
#7256=CARTESIAN_POINT('',(681.,-49.36916222599,-67.1641878947043));
#7257=CARTESIAN_POINT('Origin',(675.,-68.1630146417082,-60.3237850281909));
#7258=CARTESIAN_POINT('',(688.096348212637,-63.1564380209429,-66.6160108035693));
#7259=CARTESIAN_POINT('',(687.333688253832,-63.3097949282487,-62.0902125491638));
#7260=CARTESIAN_POINT('Ctrl Pts',(687.333688253832,-63.3097949298299,-62.090212553508));
#7261=CARTESIAN_POINT('Ctrl Pts',(687.836404972668,-63.211858247252,-63.5728272150058));
#7262=CARTESIAN_POINT('Ctrl Pts',(688.096348212637,-63.1564380209429,-65.1220459954269));
#7263=CARTESIAN_POINT('Ctrl Pts',(688.096348212637,-63.1564380209429,-66.6160108035693));
#7264=CARTESIAN_POINT('Ctrl Pts',(688.096348212637,-63.1564380209429,-66.6160108035693));
#7265=CARTESIAN_POINT('Ctrl Pts',(688.096348212637,-63.1564380209429,-67.6130557442296));
#7266=CARTESIAN_POINT('Ctrl Pts',(687.981032987141,-63.1807400633429,-68.6356099159532));
#7267=CARTESIAN_POINT('Ctrl Pts',(687.48840235669,-63.2799568478548,-70.6290101688025));
#7268=CARTESIAN_POINT('Ctrl Pts',(687.110948633381,-63.3548068322411,-71.5998252873177));
#7269=CARTESIAN_POINT('Ctrl Pts',(686.114467668316,-63.5371946399913,-73.4008241568388));
#7270=CARTESIAN_POINT('Ctrl Pts',(685.493815378137,-63.6447010898539,-74.2341637534304));
#7271=CARTESIAN_POINT('Ctrl Pts',(684.070833181471,-63.8630419171429,-75.7032702056292));
#7272=CARTESIAN_POINT('Ctrl Pts',(683.268574190686,-63.9734382100866,-76.3391708226812));
#7273=CARTESIAN_POINT('Ctrl Pts',(681.805092806449,-64.1430505852384,-77.2479225617615));
#7274=CARTESIAN_POINT('Ctrl Pts',(681.091186472769,-64.2160610076883,-77.6130448469938));
#7275=CARTESIAN_POINT('Ctrl Pts',(679.60629326605,-64.339623142165,-78.2064696690574));
#7276=CARTESIAN_POINT('Ctrl Pts',(678.835430488856,-64.3898583611251,-78.4351485153003));
#7277=CARTESIAN_POINT('Ctrl Pts',(677.63872736139,-64.4477957729523,-78.6956067604592));
#7278=CARTESIAN_POINT('Ctrl Pts',(677.105599785306,-64.4678572133847,-78.7841882268961));
#7279=CARTESIAN_POINT('Ctrl Pts',(676.032299015695,-64.4939727639923,-78.8988768384098));
#7280=CARTESIAN_POINT('Ctrl Pts',(675.492129400611,-64.4999999999985,-78.9250235864044));
#7281=CARTESIAN_POINT('Ctrl Pts',(674.507870599389,-64.4999999999985,-78.9250235864044));
#7282=CARTESIAN_POINT('Ctrl Pts',(673.967700984305,-64.4939727639923,-78.8988768384098));
#7283=CARTESIAN_POINT('Ctrl Pts',(672.894400214694,-64.4678572133847,-78.7841882268962));
#7284=CARTESIAN_POINT('Ctrl Pts',(672.36127263861,-64.4477957729522,-78.6956067604593));
#7285=CARTESIAN_POINT('Ctrl Pts',(671.164569511144,-64.389858361125,-78.4351485153005));
#7286=CARTESIAN_POINT('Ctrl Pts',(670.39370673395,-64.3396231421648,-78.2064696690577));
#7287=CARTESIAN_POINT('Ctrl Pts',(668.90881352723,-64.2160610076881,-77.6130448469942));
#7288=CARTESIAN_POINT('Ctrl Pts',(668.194907193551,-64.1430505852381,-77.2479225617619));
#7289=CARTESIAN_POINT('Ctrl Pts',(666.731425809314,-63.9734382100863,-76.3391708226816));
#7290=CARTESIAN_POINT('Ctrl Pts',(665.929166818529,-63.8630419171425,-75.7032702056297));
#7291=CARTESIAN_POINT('Ctrl Pts',(664.506184621862,-63.6447010898535,-74.2341637534309));
#7292=CARTESIAN_POINT('Ctrl Pts',(663.885532331683,-63.5371946399908,-73.4008241568394));
#7293=CARTESIAN_POINT('Ctrl Pts',(662.889051366619,-63.3548068322405,-71.5998252873182));
#7294=CARTESIAN_POINT('Ctrl Pts',(662.51159764331,-63.2799568478543,-70.629010168803));
#7295=CARTESIAN_POINT('Ctrl Pts',(662.018967012859,-63.1807400633423,-68.6356099159537));
#7296=CARTESIAN_POINT('Ctrl Pts',(661.903651787362,-63.1564380209423,-67.6130557442301));
#7297=CARTESIAN_POINT('Ctrl Pts',(661.903651787362,-63.1564380209423,-64.6038919894516));
#7298=CARTESIAN_POINT('Ctrl Pts',(662.381885275634,-63.2602153018108,-62.4940247343882));
#7299=CARTESIAN_POINT('Ctrl Pts',(664.164580744296,-63.5898211343086,-58.6570770927761));
#7300=CARTESIAN_POINT('Ctrl Pts',(665.46810022903,-63.8099133904804,-56.9290683027984));
#7301=CARTESIAN_POINT('Ctrl Pts',(667.562480725646,-64.0724717583816,-55.0998505644635));
#7302=CARTESIAN_POINT('Ctrl Pts',(668.248397215802,-64.149859584316,-54.5917970196449));
#7303=CARTESIAN_POINT('Ctrl Pts',(669.709809334406,-64.2868766343833,-53.7267524139149));
#7304=CARTESIAN_POINT('Ctrl Pts',(670.485741977408,-64.3460620556711,-53.3704295941845));
#7305=CARTESIAN_POINT('Ctrl Pts',(671.792231772946,-64.422715600947,-52.9156983758317));
#7306=CARTESIAN_POINT('Ctrl Pts',(672.432668090065,-64.4521739678595,-52.7444413124336));
#7307=CARTESIAN_POINT('Ctrl Pts',(673.734279457476,-64.4908665922882,-52.5209330926418));
#7308=CARTESIAN_POINT('Ctrl Pts',(674.395494420816,-64.4999999999985,-52.4688969781601));
#7309=CARTESIAN_POINT('Ctrl Pts',(675.604505579184,-64.4999999999985,-52.4688969781601));
#7310=CARTESIAN_POINT('Ctrl Pts',(676.265720542524,-64.4908665922882,-52.5209330926418));
#7311=CARTESIAN_POINT('Ctrl Pts',(677.567331909935,-64.4521739678596,-52.7444413124336));
#7312=CARTESIAN_POINT('Ctrl Pts',(678.207768227054,-64.4227156009471,-52.9156983758318));
#7313=CARTESIAN_POINT('Ctrl Pts',(679.514258022592,-64.3460620556712,-53.3704295941846));
#7314=CARTESIAN_POINT('Ctrl Pts',(680.290190665593,-64.2868766343835,-53.7267524139149));
#7315=CARTESIAN_POINT('Ctrl Pts',(681.751602784198,-64.1498595843162,-54.591797019645));
#7316=CARTESIAN_POINT('Ctrl Pts',(682.437519274354,-64.0724717583819,-55.0998505644635));
#7317=CARTESIAN_POINT('Ctrl Pts',(684.53189977097,-63.8099133904808,-56.9290683027983));
#7318=CARTESIAN_POINT('Ctrl Pts',(685.835419255704,-63.5898211343091,-58.657077092776));
#7319=CARTESIAN_POINT('Ctrl Pts',(686.956303832502,-63.3825787305649,-61.0695897787997));
#7320=CARTESIAN_POINT('Ctrl Pts',(687.159330276779,-63.3437624531163,-61.5759951355432));
#7321=CARTESIAN_POINT('Ctrl Pts',(687.333688253832,-63.3097949298299,-62.090212553508));
#7322=CARTESIAN_POINT('',(683.,-68.1630146417082,-60.3237850281909));
#7323=CARTESIAN_POINT('Origin',(700.957012264691,-25.9773507066606,-61.1));
#7324=CARTESIAN_POINT('',(701.043834252613,-24.8539473207482,-85.7164416750722));
#7325=CARTESIAN_POINT('',(701.043834252613,-24.8539473207482,-61.1));
#7326=CARTESIAN_POINT('Ctrl Pts',(700.870190276769,-27.100754092573,-86.0606383186164));
#7327=CARTESIAN_POINT('Ctrl Pts',(700.899063560641,-26.7271581217729,-86.0039221649466));
#7328=CARTESIAN_POINT('Ctrl Pts',(700.927933152749,-26.353609919301,-85.9469579650288));
#7329=CARTESIAN_POINT('Ctrl Pts',(700.985817202219,-25.6046390799777,-85.8322251136326));
#7330=CARTESIAN_POINT('Ctrl Pts',(701.014810485116,-25.2294904228872,-85.7744957527719));
#7331=CARTESIAN_POINT('Ctrl Pts',(701.04383425258,-24.8539473211718,-85.716441675138));
#7332=CARTESIAN_POINT('Ctrl Pts',(701.168820573262,-25.0192786848315,-85.2990477130062));
#7333=CARTESIAN_POINT('Ctrl Pts',(701.137506908866,-24.976252005172,-85.4037824318371));
#7334=CARTESIAN_POINT('Ctrl Pts',(701.106191074988,-24.9332232948614,-85.5085156773785));
#7335=CARTESIAN_POINT('Ctrl Pts',(700.721469408347,-24.4046183844885,-86.7950770531142));
#7336=CARTESIAN_POINT('Ctrl Pts',(700.384280371583,-23.9413847813375,-87.9216425585676));
#7337=CARTESIAN_POINT('Ctrl Pts',(700.061232029523,-23.4976375635928,-89.));
#7338=CARTESIAN_POINT('Ctrl Pts',(701.069277141098,-25.7131038207453,-85.5529112482097));
#7339=CARTESIAN_POINT('Ctrl Pts',(701.038027356037,-25.6701407694854,-85.6576909145673));
#7340=CARTESIAN_POINT('Ctrl Pts',(701.006776124652,-25.6271763644563,-85.7624695987301));
#7341=CARTESIAN_POINT('Ctrl Pts',(700.622837652872,-25.0993430840036,-87.0496607045401));
#7342=CARTESIAN_POINT('Ctrl Pts',(700.286370811681,-24.6368144008382,-88.1768134259115));
#7343=CARTESIAN_POINT('Ctrl Pts',(699.964049007634,-24.1937702836388,-89.2557615602004));
#7344=CARTESIAN_POINT('Ctrl Pts',(700.969733708933,-26.4069289566591,-85.8067747834131));
#7345=CARTESIAN_POINT('Ctrl Pts',(700.938547803197,-26.3640295337934,-85.9115993972919));
#7346=CARTESIAN_POINT('Ctrl Pts',(700.907361174304,-26.3211294340458,-86.016423520076));
#7347=CARTESIAN_POINT('Ctrl Pts',(700.524205897493,-25.7940677836371,-87.3042443559023));
#7348=CARTESIAN_POINT('Ctrl Pts',(700.188461251875,-25.3322440204576,-88.4319842931916));
#7349=CARTESIAN_POINT('Ctrl Pts',(699.866865985744,-24.8899030036847,-89.5115231204008));
#7350=CARTESIAN_POINT('Ctrl Pts',(700.870190276769,-27.1007540925729,-86.0606383186166));
#7351=CARTESIAN_POINT('Ctrl Pts',(700.839068250368,-27.0579182981068,-86.1655078800221));
#7352=CARTESIAN_POINT('Ctrl Pts',(700.807946223968,-27.0150825036406,-86.2703774414276));
#7353=CARTESIAN_POINT('Ctrl Pts',(700.425574142018,-26.4887924831523,-87.5588280073281));
#7354=CARTESIAN_POINT('Ctrl Pts',(700.090551691973,-26.0276736399583,-88.6871551605356));
#7355=CARTESIAN_POINT('Ctrl Pts',(699.769682963854,-25.5860357237307,-89.7672846806012));
#7356=CARTESIAN_POINT('',(700.061232029523,-23.4976375635928,-89.));
#7357=CARTESIAN_POINT('Ctrl Pts',(699.997589076872,-25.8997215772529,-89.));
#7358=CARTESIAN_POINT('Ctrl Pts',(700.008518320991,-25.499675320373,-89.));
#7359=CARTESIAN_POINT('Ctrl Pts',(700.019285027142,-25.0996133701514,-89.0000000000001));
#7360=CARTESIAN_POINT('Ctrl Pts',(700.040501599159,-24.2989262371842,-89.0000000000001));
#7361=CARTESIAN_POINT('Ctrl Pts',(700.050951587972,-23.8982783473592,-89.));
#7362=CARTESIAN_POINT('Ctrl Pts',(700.061232029523,-23.4976375635928,-89.));
#7363=CARTESIAN_POINT('',(701.046477420904,-24.8511772803457,-85.708203956711));
#7364=CARTESIAN_POINT('Ctrl Pts',(700.061232029523,-23.4976375635928,-89.));
#7365=CARTESIAN_POINT('Ctrl Pts',(700.37561685495,-23.9294843599426,-87.950561969111));
#7366=CARTESIAN_POINT('Ctrl Pts',(700.703394094313,-24.3797863839118,-86.8554668922355));
#7367=CARTESIAN_POINT('Ctrl Pts',(701.046477427505,-24.8511772892773,-85.7082039623527));
#7368=CARTESIAN_POINT('Ctrl Pts',(701.046477429536,-24.8511773063723,-85.708203950728));
#7369=CARTESIAN_POINT('Ctrl Pts',(701.045596366793,-24.8521007467619,-85.7109498241197));
#7370=CARTESIAN_POINT('Ctrl Pts',(701.04471531171,-24.8530240807982,-85.7136957201061));
#7371=CARTESIAN_POINT('Ctrl Pts',(701.043834252613,-24.8539473207482,-85.7164416750722));
#7372=CARTESIAN_POINT('Origin',(675.000000000002,-7.105427357601E-14,-61.1));
#7373=CARTESIAN_POINT('',(710.67919837781,4.79528944564623,-85.7082039637419));
#7374=CARTESIAN_POINT('Origin',(675.000000000002,-7.105427357601E-14,-85.7082039324994));
#7375=CARTESIAN_POINT('',(710.678688205438,4.79908407295063,-85.7164416750722));
#7376=CARTESIAN_POINT('Ctrl Pts',(710.678688205438,4.7990840729526,-85.7164416750766));
#7377=CARTESIAN_POINT('Ctrl Pts',(710.678858330395,4.79781928258335,-85.7136957200751));
#7378=CARTESIAN_POINT('Ctrl Pts',(710.679028396474,4.79655442091047,-85.7109498293814));
#7379=CARTESIAN_POINT('Ctrl Pts',(710.679198406562,4.79528946626983,-85.7082039560213));
#7380=CARTESIAN_POINT('',(710.678688205438,4.79908407295063,-61.1));
#7381=CARTESIAN_POINT('Origin',(675.000000000002,-7.105427357601E-14,-85.3416407864999));
#7382=CARTESIAN_POINT('',(709.086527435452,4.27936552537726,-89.0000000000001));
#7383=CARTESIAN_POINT('Origin',(675.000000000002,-7.105427357601E-14,-89.));
#7384=CARTESIAN_POINT('Ctrl Pts',(710.679198391101,4.7952894498679,-85.7082039708267));
#7385=CARTESIAN_POINT('Ctrl Pts',(710.124561523312,4.61558552047263,-86.855466897628));
#7386=CARTESIAN_POINT('Ctrl Pts',(709.594703278889,4.44394615825486,-87.9505619716949));
#7387=CARTESIAN_POINT('Ctrl Pts',(709.086527435452,4.27936552537727,-89.0000000000001));
#7388=CARTESIAN_POINT('Ctrl Pts',(709.086527435452,4.27936552537727,-89.0000000000001));
#7389=CARTESIAN_POINT('Ctrl Pts',(709.608707104519,4.4484815144994,-87.9216425585677));
#7390=CARTESIAN_POINT('Ctrl Pts',(710.153780645876,4.62505062876927,-86.7950770531143));
#7391=CARTESIAN_POINT('Ctrl Pts',(710.7757331829,4.82656726268174,-85.5085156773785));
#7392=CARTESIAN_POINT('Ctrl Pts',(710.826359866046,4.84297123525263,-85.4037824318371));
#7393=CARTESIAN_POINT('Ctrl Pts',(710.876983600457,4.85937484018146,-85.2990477130063));
#7394=CARTESIAN_POINT('Ctrl Pts',(709.41708126566,4.89967147327485,-89.2557615602005));
#7395=CARTESIAN_POINT('Ctrl Pts',(709.938259880996,5.06864569043598,-88.1768134259116));
#7396=CARTESIAN_POINT('Ctrl Pts',(710.48233481229,5.24506900836487,-87.0496607045401));
#7397=CARTESIAN_POINT('Ctrl Pts',(711.103200178674,5.4464217309477,-85.7624695987301));
#7398=CARTESIAN_POINT('Ctrl Pts',(711.15373679961,5.46281165184529,-85.6576909145673));
#7399=CARTESIAN_POINT('Ctrl Pts',(711.204271454718,5.47920132764897,-85.5529112482097));
#7400=CARTESIAN_POINT('Ctrl Pts',(709.747635095867,5.51997742117244,-89.5115231204009));
#7401=CARTESIAN_POINT('Ctrl Pts',(710.267812657621,5.68880986641169,-88.4319842931917));
#7402=CARTESIAN_POINT('Ctrl Pts',(710.810888978852,5.86508738799978,-87.3042443559024));
#7403=CARTESIAN_POINT('Ctrl Pts',(711.430667174436,6.0662761992161,-86.016423520076));
#7404=CARTESIAN_POINT('Ctrl Pts',(711.48111373316,6.08265206844037,-85.9115993972919));
#7405=CARTESIAN_POINT('Ctrl Pts',(711.531559308979,6.09902781511648,-85.8067747834132));
#7406=CARTESIAN_POINT('Ctrl Pts',(710.078188926075,6.14028336907002,-89.7672846806013));
#7407=CARTESIAN_POINT('Ctrl Pts',(710.597365434099,6.30897404234828,-88.6871551605357));
#7408=CARTESIAN_POINT('Ctrl Pts',(711.139443145266,6.48510576759537,-87.5588280073282));
#7409=CARTESIAN_POINT('Ctrl Pts',(711.758134170209,6.68613066748206,-86.2703774414276));
#7410=CARTESIAN_POINT('Ctrl Pts',(711.808490666724,6.70249248503303,-86.1655078800221));
#7411=CARTESIAN_POINT('Ctrl Pts',(711.858847163239,6.71885430258399,-86.0606383186166));
#7412=CARTESIAN_POINT('Ctrl Pts',(709.086527435452,4.27936552537726,-89.));
#7413=CARTESIAN_POINT('Ctrl Pts',(709.313554698623,4.60932060409859,-89.));
#7414=CARTESIAN_POINT('Ctrl Pts',(709.540449139254,4.93938094725515,-89.));
#7415=CARTESIAN_POINT('Ctrl Pts',(709.993917013735,5.59962099077186,-89.));
#7416=CARTESIAN_POINT('Ctrl Pts',(710.22050334157,5.9298193760022,-89.));
#7417=CARTESIAN_POINT('Ctrl Pts',(710.446948763181,6.26010070332547,-89.));
#7418=CARTESIAN_POINT('Ctrl Pts',(711.858847163239,6.71885430258402,-86.0606383186167));
#7419=CARTESIAN_POINT('Ctrl Pts',(711.661630349745,6.39804076740186,-86.0036384648836));
#7420=CARTESIAN_POINT('Ctrl Pts',(711.464438905633,6.07726850071413,-85.9463880849708));
#7421=CARTESIAN_POINT('Ctrl Pts',(711.071032109724,5.43731178138614,-85.8316494726818));
#7422=CARTESIAN_POINT('Ctrl Pts',(710.874962914872,5.11836508294519,-85.7742063721923));
#7423=CARTESIAN_POINT('Ctrl Pts',(710.678688205844,4.79908407361047,-85.7164416751917));
#7424=CARTESIAN_POINT('Origin',(711.268767684339,5.7589691877673,-61.1));
#7425=CARTESIAN_POINT('Origin',(707.727086578644,16.6591428206897,-61.1));
#7426=CARTESIAN_POINT('',(706.685495937797,17.0888661758458,-85.7164416750722));
#7427=CARTESIAN_POINT('',(706.685495937797,17.0888661758458,-61.1));
#7428=CARTESIAN_POINT('Ctrl Pts',(708.76867721949,16.2294194655337,-86.0606383186166));
#7429=CARTESIAN_POINT('Ctrl Pts',(708.422290034035,16.3723265325517,-86.0039223878951));
#7430=CARTESIAN_POINT('Ctrl Pts',(708.075947137464,16.5152153275472,-85.9469584128215));
#7431=CARTESIAN_POINT('Ctrl Pts',(707.381520695913,16.8017110473337,-85.83222556562));
#7432=CARTESIAN_POINT('Ctrl Pts',(707.033691177657,16.9452131697087,-85.7744959799933));
#7433=CARTESIAN_POINT('Ctrl Pts',(706.68549593819,17.0888661756838,-85.7164416751379));
#7434=CARTESIAN_POINT('Ctrl Pts',(706.881358306101,17.1566450293419,-85.2990477130062));
#7435=CARTESIAN_POINT('Ctrl Pts',(706.830761047582,17.1401599399952,-85.403782431837));
#7436=CARTESIAN_POINT('Ctrl Pts',(706.780161187392,17.1236734148548,-85.5085156773785));
#7437=CARTESIAN_POINT('Ctrl Pts',(706.15854250974,16.9211292674508,-86.7950770531142));
#7438=CARTESIAN_POINT('Ctrl Pts',(705.613784030219,16.743590492552,-87.9216425585676));
#7439=CARTESIAN_POINT('Ctrl Pts',(705.091927919494,16.5734786932479,-89.));
#7440=CARTESIAN_POINT('Ctrl Pts',(707.510464610564,16.8475698414058,-85.5529112482096));
#7441=CARTESIAN_POINT('Ctrl Pts',(707.459947606049,16.8311258426608,-85.6576909145672));
#7442=CARTESIAN_POINT('Ctrl Pts',(707.409428867085,16.8146808867169,-85.76246959873));
#7443=CARTESIAN_POINT('Ctrl Pts',(706.788786073618,16.6126431551307,-87.04966070454));
#7444=CARTESIAN_POINT('Ctrl Pts',(706.244921183549,16.4355733967822,-88.1768134259115));
#7445=CARTESIAN_POINT('Ctrl Pts',(705.723958273772,16.2659353061719,-89.2557615602004));
#7446=CARTESIAN_POINT('Ctrl Pts',(708.139570915027,16.5384946534697,-85.8067747834131));
#7447=CARTESIAN_POINT('Ctrl Pts',(708.089134164508,16.5220917453171,-85.9115993972918));
#7448=CARTESIAN_POINT('Ctrl Pts',(708.038696546768,16.5056883585697,-86.016423520076));
#7449=CARTESIAN_POINT('Ctrl Pts',(707.419029637639,16.3041570428652,-87.3042443559022));
#7450=CARTESIAN_POINT('Ctrl Pts',(706.87605833702,16.1275563010678,-88.4319842931916));
#7451=CARTESIAN_POINT('Ctrl Pts',(706.355988628049,15.9583919190958,-89.5115231204008));
#7452=CARTESIAN_POINT('Ctrl Pts',(708.76867721949,16.2294194655337,-86.0606383186165));
#7453=CARTESIAN_POINT('Ctrl Pts',(708.718320722975,16.2130576479827,-86.165507880022));
#7454=CARTESIAN_POINT('Ctrl Pts',(708.667964226461,16.1966958304317,-86.2703774414276));
#7455=CARTESIAN_POINT('Ctrl Pts',(708.049273201517,15.995670930545,-87.5588280073281));
#7456=CARTESIAN_POINT('Ctrl Pts',(707.50719549035,15.819539205298,-88.6871551605355));
#7457=CARTESIAN_POINT('Ctrl Pts',(706.988018982326,15.6508485320197,-89.7672846806011));
#7458=CARTESIAN_POINT('',(705.091927919494,16.5734786932479,-89.));
#7459=CARTESIAN_POINT('Ctrl Pts',(707.356778819433,15.7706658662752,-89.));
#7460=CARTESIAN_POINT('Ctrl Pts',(706.979683747108,15.9046833465595,-89.));
#7461=CARTESIAN_POINT('Ctrl Pts',(706.602523520399,16.0385510890049,-89.0000000000001));
#7462=CARTESIAN_POINT('Ctrl Pts',(705.847581082994,16.3061551697209,-89.0000000000001));
#7463=CARTESIAN_POINT('Ctrl Pts',(705.469777317987,16.4398986514073,-89.));
#7464=CARTESIAN_POINT('Ctrl Pts',(705.091927919494,16.5734786932479,-89.));
#7465=CARTESIAN_POINT('',(706.683678256743,17.0922359678327,-85.708203956711));
#7466=CARTESIAN_POINT('Ctrl Pts',(705.091927919494,16.5734786932479,-89.));
#7467=CARTESIAN_POINT('Ctrl Pts',(705.599788883034,16.7390284310561,-87.9505619691111));
#7468=CARTESIAN_POINT('Ctrl Pts',(706.129340294564,16.9116121324378,-86.8554668922357));
#7469=CARTESIAN_POINT('Ctrl Pts',(706.683678267277,17.0922359713496,-85.7082039623529));
#7470=CARTESIAN_POINT('Ctrl Pts',(706.683678284163,17.0922359679994,-85.708203950728));
#7471=CARTESIAN_POINT('Ctrl Pts',(706.684284264802,17.0911126687628,-85.710949824119));
#7472=CARTESIAN_POINT('Ctrl Pts',(706.68489014666,17.0899894096758,-85.7136957201054));
#7473=CARTESIAN_POINT('Ctrl Pts',(706.685495937797,17.0888661758459,-85.7164416750722));
#7474=CARTESIAN_POINT('Origin',(675.000000000002,-7.105427357601E-14,-61.1));
#7475=CARTESIAN_POINT('',(681.464887369616,35.4147600450537,-85.708203963742));
#7476=CARTESIAN_POINT('Origin',(675.000000000002,-7.105427357601E-14,-85.7082039324994));
#7477=CARTESIAN_POINT('',(681.461120812658,35.4154474466192,-85.7164416750722));
#7478=CARTESIAN_POINT('Ctrl Pts',(681.461120812656,35.4154474466196,-85.7164416750766));
#7479=CARTESIAN_POINT('Ctrl Pts',(681.462376271282,35.4152184033507,-85.7136957200754));
#7480=CARTESIAN_POINT('Ctrl Pts',(681.463631779526,35.4149892820501,-85.7109498293819));
#7481=CARTESIAN_POINT('Ctrl Pts',(681.464887358887,35.4147600787711,-85.7082039560214));
#7482=CARTESIAN_POINT('',(681.461120812658,35.4154474466192,-61.1));
#7483=CARTESIAN_POINT('Origin',(675.000000000002,-7.105427357601E-14,-85.3416407864999));
#7484=CARTESIAN_POINT('',(681.463397788265,33.7406107078421,-89.));
#7485=CARTESIAN_POINT('Origin',(675.000000000002,-7.105427357601E-14,-89.));
#7486=CARTESIAN_POINT('Ctrl Pts',(681.464887369708,35.4147600589984,-85.7082039708267));
#7487=CARTESIAN_POINT('Ctrl Pts',(681.46440374491,34.8317374835708,-86.855466897628));
#7488=CARTESIAN_POINT('Ctrl Pts',(681.463907276663,34.2747728676708,-87.9505619716948));
#7489=CARTESIAN_POINT('Ctrl Pts',(681.463397788265,33.7406107078421,-89.));
#7490=CARTESIAN_POINT('Ctrl Pts',(681.463397788265,33.7406107078421,-89.));
#7491=CARTESIAN_POINT('Ctrl Pts',(681.463921316659,34.2894927994442,-87.9216425585676));
#7492=CARTESIAN_POINT('Ctrl Pts',(681.46443109742,34.8624513998037,-86.7950770531142));
#7493=CARTESIAN_POINT('Ctrl Pts',(681.464971293231,35.5162354774946,-85.5085156773785));
#7494=CARTESIAN_POINT('Ctrl Pts',(681.465014693685,35.5694534206983,-85.403782431837));
#7495=CARTESIAN_POINT('Ctrl Pts',(681.465057532578,35.6226684458817,-85.2990477130062));
#7496=CARTESIAN_POINT('Ctrl Pts',(680.97559852551,34.2466711616598,-89.2557615602004));
#7497=CARTESIAN_POINT('Ctrl Pts',(680.975947544437,34.7945573846432,-88.1768134259115));
#7498=CARTESIAN_POINT('Ctrl Pts',(680.976287398277,35.3665211968476,-87.0496607045401));
#7499=CARTESIAN_POINT('Ctrl Pts',(680.976647528823,36.0192206624305,-85.7624695987301));
#7500=CARTESIAN_POINT('Ctrl Pts',(680.976676462459,36.0723486091764,-85.6576909145672));
#7501=CARTESIAN_POINT('Ctrl Pts',(680.976705021719,36.1254746105717,-85.5529112482096));
#7502=CARTESIAN_POINT('Ctrl Pts',(680.487799262755,34.7527316154775,-89.5115231204008));
#7503=CARTESIAN_POINT('Ctrl Pts',(680.487973772223,35.2996219699949,-88.4319842931917));
#7504=CARTESIAN_POINT('Ctrl Pts',(680.488143699143,35.8705909940437,-87.3042443559023));
#7505=CARTESIAN_POINT('Ctrl Pts',(680.488323764408,36.5222058473552,-86.016423520076));
#7506=CARTESIAN_POINT('Ctrl Pts',(680.488338231227,36.5752437976434,-85.9115993972918));
#7507=CARTESIAN_POINT('Ctrl Pts',(680.48835251086,36.6282807752618,-85.806774783413));
#7508=CARTESIAN_POINT('Ctrl Pts',(680.000000000001,35.2587920692952,-89.7672846806012));
#7509=CARTESIAN_POINT('Ctrl Pts',(680.000000000001,35.8046865551939,-88.6871551605357));
#7510=CARTESIAN_POINT('Ctrl Pts',(680.000000000001,36.3746607910877,-87.5588280073282));
#7511=CARTESIAN_POINT('Ctrl Pts',(680.000000000001,37.0251910322911,-86.2703774414276));
#7512=CARTESIAN_POINT('Ctrl Pts',(680.000000000001,37.0781389861215,-86.165507880022));
#7513=CARTESIAN_POINT('Ctrl Pts',(680.000000000001,37.1310869399519,-86.0606383186165));
#7514=CARTESIAN_POINT('Ctrl Pts',(681.463397788265,33.7406107078421,-89.));
#7515=CARTESIAN_POINT('Ctrl Pts',(681.219745476509,34.0584903668306,-89.));
#7516=CARTESIAN_POINT('Ctrl Pts',(680.975952005926,34.3762762313543,-89.));
#7517=CARTESIAN_POINT('Ctrl Pts',(680.488155686222,35.0115751993725,-89.));
#7518=CARTESIAN_POINT('Ctrl Pts',(680.244139054808,35.3291063424707,-89.));
#7519=CARTESIAN_POINT('Ctrl Pts',(680.000000000001,35.6465291078286,-89.));
#7520=CARTESIAN_POINT('Ctrl Pts',(680.000000000001,37.1310869399519,-86.0606383186166));
#7521=CARTESIAN_POINT('Ctrl Pts',(680.244168872382,36.8443852812865,-86.0036383677292));
#7522=CARTESIAN_POINT('Ctrl Pts',(680.488306335691,36.5577205029694,-85.9463878897765));
#7523=CARTESIAN_POINT('Ctrl Pts',(680.97537195849,35.98581090379,-85.831649275622));
#7524=CARTESIAN_POINT('Ctrl Pts',(681.218119165089,35.7007785567531,-85.7742062731292));
#7525=CARTESIAN_POINT('Ctrl Pts',(681.461120812156,35.4154474472089,-85.7164416751916));
#7526=CARTESIAN_POINT('Origin',(680.730560406329,36.2732671932855,-61.1));
#7527=CARTESIAN_POINT('Origin',(669.269439593674,36.2732671932855,-61.1));
#7528=CARTESIAN_POINT('',(668.538879187345,35.4154474466192,-85.7164416750722));
#7529=CARTESIAN_POINT('',(668.538879187345,35.4154474466192,-61.1));
#7530=CARTESIAN_POINT('Ctrl Pts',(670.000000000003,37.1310869399518,-86.0606383186164));
#7531=CARTESIAN_POINT('Ctrl Pts',(669.75704543978,36.8458111195046,-86.0039218425746));
#7532=CARTESIAN_POINT('Ctrl Pts',(669.514121944141,36.5605717749098,-85.9469573174677));
#7533=CARTESIAN_POINT('Ctrl Pts',(669.027058749497,35.9886650268563,-85.8322244599005));
#7534=CARTESIAN_POINT('Ctrl Pts',(668.783097223011,35.7022068325256,-85.7744954241296));
#7535=CARTESIAN_POINT('Ctrl Pts',(668.53887918762,35.4154474469427,-85.7164416751376));
#7536=CARTESIAN_POINT('Ctrl Pts',(668.534942467425,35.6226684458816,-85.2990477130063));
#7537=CARTESIAN_POINT('Ctrl Pts',(668.534985306318,35.5694534206982,-85.4037824318371));
#7538=CARTESIAN_POINT('Ctrl Pts',(668.535028706772,35.5162354774945,-85.5085156773786));
#7539=CARTESIAN_POINT('Ctrl Pts',(668.535568902583,34.8624513998036,-86.7950770531143));
#7540=CARTESIAN_POINT('Ctrl Pts',(668.536078683344,34.2894927994441,-87.9216425585677));
#7541=CARTESIAN_POINT('Ctrl Pts',(668.536602211739,33.7406107078421,-89.));
#7542=CARTESIAN_POINT('Ctrl Pts',(669.023294978284,36.1254746105717,-85.5529112482097));
#7543=CARTESIAN_POINT('Ctrl Pts',(669.023323537544,36.0723486091764,-85.6576909145673));
#7544=CARTESIAN_POINT('Ctrl Pts',(669.02335247118,36.0192206624304,-85.7624695987301));
#7545=CARTESIAN_POINT('Ctrl Pts',(669.023712601726,35.3665211968475,-87.0496607045401));
#7546=CARTESIAN_POINT('Ctrl Pts',(669.024052455567,34.7945573846431,-88.1768134259116));
#7547=CARTESIAN_POINT('Ctrl Pts',(669.024401474493,34.2466711616598,-89.2557615602004));
#7548=CARTESIAN_POINT('Ctrl Pts',(669.511647489143,36.6282807752617,-85.8067747834132));
#7549=CARTESIAN_POINT('Ctrl Pts',(669.511661768777,36.5752437976433,-85.9115993972919));
#7550=CARTESIAN_POINT('Ctrl Pts',(669.511676235595,36.5222058473552,-86.0164235200761));
#7551=CARTESIAN_POINT('Ctrl Pts',(669.51185630086,35.8705909940437,-87.3042443559023));
#7552=CARTESIAN_POINT('Ctrl Pts',(669.51202622778,35.2996219699949,-88.4319842931917));
#7553=CARTESIAN_POINT('Ctrl Pts',(669.512200737248,34.7527316154775,-89.5115231204008));
#7554=CARTESIAN_POINT('Ctrl Pts',(670.000000000003,37.1310869399518,-86.0606383186166));
#7555=CARTESIAN_POINT('Ctrl Pts',(670.000000000003,37.0781389861214,-86.1655078800221));
#7556=CARTESIAN_POINT('Ctrl Pts',(670.000000000003,37.0251910322911,-86.2703774414277));
#7557=CARTESIAN_POINT('Ctrl Pts',(670.000000000003,36.3746607910877,-87.5588280073282));
#7558=CARTESIAN_POINT('Ctrl Pts',(670.000000000003,35.8046865551939,-88.6871551605357));
#7559=CARTESIAN_POINT('Ctrl Pts',(670.000000000003,35.2587920692952,-89.7672846806012));
#7560=CARTESIAN_POINT('',(668.536602211738,33.7406107078421,-89.));
#7561=CARTESIAN_POINT('Ctrl Pts',(670.000000000003,35.6465291078286,-89.0000000000001));
#7562=CARTESIAN_POINT('Ctrl Pts',(669.756022188097,35.3293159859778,-89.0000000000001));
#7563=CARTESIAN_POINT('Ctrl Pts',(669.512166642444,35.011994635369,-88.9999999999999));
#7564=CARTESIAN_POINT('Ctrl Pts',(669.024369974832,34.3766959345733,-88.9999999999999));
#7565=CARTESIAN_POINT('Ctrl Pts',(668.780415418347,34.0587002774221,-89.));
#7566=CARTESIAN_POINT('Ctrl Pts',(668.536602211738,33.7406107078421,-89.));
#7567=CARTESIAN_POINT('',(668.535112630381,35.4147600521996,-85.708203956711));
#7568=CARTESIAN_POINT('Ctrl Pts',(668.536602211739,33.7406107078421,-89.));
#7569=CARTESIAN_POINT('Ctrl Pts',(668.536092723339,34.2747728689859,-87.9505619691111));
#7570=CARTESIAN_POINT('Ctrl Pts',(668.535596255091,34.8317374863133,-86.8554668922356));
#7571=CARTESIAN_POINT('Ctrl Pts',(668.535112630291,35.4147600633047,-85.7082039623528));
#7572=CARTESIAN_POINT('Ctrl Pts',(668.535112638696,35.4147600783292,-85.7082039507279));
#7573=CARTESIAN_POINT('Ctrl Pts',(668.536368218071,35.414989281611,-85.7109498241207));
#7574=CARTESIAN_POINT('Ctrl Pts',(668.537623728736,35.4152184033533,-85.7136957201072));
#7575=CARTESIAN_POINT('Ctrl Pts',(668.538879187345,35.4154474466192,-85.7164416750722));
#7576=CARTESIAN_POINT('Origin',(675.000000000002,-7.105427357601E-14,-61.1));
#7577=CARTESIAN_POINT('',(643.316321750055,17.0922359656186,-85.7082039637419));
#7578=CARTESIAN_POINT('Origin',(675.000000000002,-7.105427357601E-14,-85.7082039324994));
#7579=CARTESIAN_POINT('',(643.314504062206,17.0888661758456,-85.7164416750722));
#7580=CARTESIAN_POINT('Ctrl Pts',(643.314504062205,17.0888661758437,-85.7164416750766));
#7581=CARTESIAN_POINT('Ctrl Pts',(643.315109853349,17.0899894096871,-85.7136957200771));
#7582=CARTESIAN_POINT('Ctrl Pts',(643.31571573404,17.0911126666089,-85.7109498293835));
#7583=CARTESIAN_POINT('Ctrl Pts',(643.316321714672,17.0922359658337,-85.7082039560214));
#7584=CARTESIAN_POINT('',(643.314504062206,17.0888661758456,-61.1));
#7585=CARTESIAN_POINT('Origin',(675.000000000002,-7.105427357601E-14,-85.3416407864999));
#7586=CARTESIAN_POINT('',(644.908072080509,16.5734786932477,-89.0000000000001));
#7587=CARTESIAN_POINT('Origin',(675.000000000002,-7.105427357601E-14,-89.));
#7588=CARTESIAN_POINT('Ctrl Pts',(643.316321736821,17.0922359700153,-85.7082039708266));
#7589=CARTESIAN_POINT('Ctrl Pts',(643.870659708047,16.9116121315877,-86.8554668976279));
#7590=CARTESIAN_POINT('Ctrl Pts',(644.400211118219,16.7390284306483,-87.9505619716948));
#7591=CARTESIAN_POINT('Ctrl Pts',(644.908072080509,16.5734786932477,-89.));
#7592=CARTESIAN_POINT('Ctrl Pts',(644.908072080509,16.5734786932477,-89.));
#7593=CARTESIAN_POINT('Ctrl Pts',(644.386215969784,16.7435904925518,-87.9216425585676));
#7594=CARTESIAN_POINT('Ctrl Pts',(643.841457490263,16.9211292674506,-86.7950770531142));
#7595=CARTESIAN_POINT('Ctrl Pts',(643.219838812611,17.1236734148547,-85.5085156773785));
#7596=CARTESIAN_POINT('Ctrl Pts',(643.169238952421,17.1401599399951,-85.4037824318371));
#7597=CARTESIAN_POINT('Ctrl Pts',(643.118641693902,17.1566450293417,-85.2990477130062));
#7598=CARTESIAN_POINT('Ctrl Pts',(644.276041726232,16.2659353061717,-89.2557615602004));
#7599=CARTESIAN_POINT('Ctrl Pts',(643.755078816455,16.435573396782,-88.1768134259116));
#7600=CARTESIAN_POINT('Ctrl Pts',(643.211213926385,16.6126431551305,-87.0496607045401));
#7601=CARTESIAN_POINT('Ctrl Pts',(642.590571132919,16.8146808867167,-85.7624695987301));
#7602=CARTESIAN_POINT('Ctrl Pts',(642.540052393954,16.8311258426606,-85.6576909145673));
#7603=CARTESIAN_POINT('Ctrl Pts',(642.489535389439,16.8475698414056,-85.5529112482097));
#7604=CARTESIAN_POINT('Ctrl Pts',(643.644011371954,15.9583919190956,-89.5115231204008));
#7605=CARTESIAN_POINT('Ctrl Pts',(643.123941662983,16.1275563010676,-88.4319842931917));
#7606=CARTESIAN_POINT('Ctrl Pts',(642.580970362364,16.304157042865,-87.3042443559023));
#7607=CARTESIAN_POINT('Ctrl Pts',(641.961303453235,16.5056883585695,-86.016423520076));
#7608=CARTESIAN_POINT('Ctrl Pts',(641.910865835496,16.5220917453169,-85.9115993972919));
#7609=CARTESIAN_POINT('Ctrl Pts',(641.860429084976,16.5384946534695,-85.8067747834131));
#7610=CARTESIAN_POINT('Ctrl Pts',(643.011981017677,15.6508485320195,-89.7672846806012));
#7611=CARTESIAN_POINT('Ctrl Pts',(642.492804509653,15.8195392052978,-88.6871551605357));
#7612=CARTESIAN_POINT('Ctrl Pts',(641.950726798486,15.9956709305449,-87.5588280073282));
#7613=CARTESIAN_POINT('Ctrl Pts',(641.332035773543,16.1966958304315,-86.2703774414276));
#7614=CARTESIAN_POINT('Ctrl Pts',(641.281679277028,16.2130576479825,-86.1655078800221));
#7615=CARTESIAN_POINT('Ctrl Pts',(641.231322780513,16.2294194655335,-86.0606383186166));
#7616=CARTESIAN_POINT('Ctrl Pts',(644.908072080509,16.5734786932477,-89.));
#7617=CARTESIAN_POINT('Ctrl Pts',(644.530446731666,16.4399778590537,-89.));
#7618=CARTESIAN_POINT('Ctrl Pts',(644.152866968553,16.3063137810264,-89.0000000000001));
#7619=CARTESIAN_POINT('Ctrl Pts',(643.397924399209,16.0387100717399,-89.0000000000001));
#7620=CARTESIAN_POINT('Ctrl Pts',(643.020540170762,15.904762925717,-89.));
#7621=CARTESIAN_POINT('Ctrl Pts',(642.643221180571,15.770665866275,-89.));
#7622=CARTESIAN_POINT('Ctrl Pts',(641.231322780513,16.2294194655335,-86.0606383186165));
#7623=CARTESIAN_POINT('Ctrl Pts',(641.579447148205,16.373043232328,-86.0036379492334));
#7624=CARTESIAN_POINT('Ctrl Pts',(641.927526733672,16.5166485235647,-85.9463870491614));
#7625=CARTESIAN_POINT('Ctrl Pts',(642.621956641237,16.8031456733059,-85.83164842707));
#7626=CARTESIAN_POINT('Ctrl Pts',(642.968048970324,16.9459310930443,-85.7742058465571));
#7627=CARTESIAN_POINT('Ctrl Pts',(643.31450406149,17.0888661755502,-85.7164416751915));
#7628=CARTESIAN_POINT('Origin',(642.27291342136,16.6591428206896,-61.1));
#7629=CARTESIAN_POINT('Origin',(638.731232315665,5.75896918776712,-61.1));
#7630=CARTESIAN_POINT('',(639.321311794565,4.79908407295046,-85.7164416750722));
#7631=CARTESIAN_POINT('',(639.321311794565,4.79908407295046,-61.1));
#7632=CARTESIAN_POINT('Ctrl Pts',(638.141152836764,6.71885430258377,-86.0606383186165));
#7633=CARTESIAN_POINT('Ctrl Pts',(638.337389402027,6.39963534189409,-86.0039217774711));
#7634=CARTESIAN_POINT('Ctrl Pts',(638.533600876382,6.0804571967059,-85.9469571866153));
#7635=CARTESIAN_POINT('Ctrl Pts',(638.92700571154,5.4405036669399,-85.8322243278017));
#7636=CARTESIAN_POINT('Ctrl Pts',(639.124055160988,5.11996238365298,-85.7744953577213));
#7637=CARTESIAN_POINT('Ctrl Pts',(639.321311794343,4.79908407331248,-85.7164416751377));
#7638=CARTESIAN_POINT('Ctrl Pts',(639.123016399546,4.85937484018129,-85.2990477130059));
#7639=CARTESIAN_POINT('Ctrl Pts',(639.173640133958,4.84297123525244,-85.4037824318368));
#7640=CARTESIAN_POINT('Ctrl Pts',(639.224266817103,4.82656726268154,-85.5085156773783));
#7641=CARTESIAN_POINT('Ctrl Pts',(639.846219354127,4.62505062876908,-86.7950770531141));
#7642=CARTESIAN_POINT('Ctrl Pts',(640.391292895485,4.44848151449917,-87.9216425585675));
#7643=CARTESIAN_POINT('Ctrl Pts',(640.913472564552,4.27936552537705,-88.9999999999999));
#7644=CARTESIAN_POINT('Ctrl Pts',(638.795728545285,5.4792013276488,-85.5529112482094));
#7645=CARTESIAN_POINT('Ctrl Pts',(638.846263200394,5.4628116518451,-85.6576909145671));
#7646=CARTESIAN_POINT('Ctrl Pts',(638.896799821329,5.4464217309475,-85.7624695987299));
#7647=CARTESIAN_POINT('Ctrl Pts',(639.517665187713,5.24506900836466,-87.04966070454));
#7648=CARTESIAN_POINT('Ctrl Pts',(640.061740119007,5.06864569043577,-88.1768134259114));
#7649=CARTESIAN_POINT('Ctrl Pts',(640.582918734344,4.89967147327464,-89.2557615602004));
#7650=CARTESIAN_POINT('Ctrl Pts',(638.468440691025,6.09902781511631,-85.8067747834128));
#7651=CARTESIAN_POINT('Ctrl Pts',(638.518886266843,6.08265206844018,-85.9115993972916));
#7652=CARTESIAN_POINT('Ctrl Pts',(638.569332825568,6.06627619921591,-86.0164235200759));
#7653=CARTESIAN_POINT('Ctrl Pts',(639.189111021151,5.86508738799955,-87.3042443559022));
#7654=CARTESIAN_POINT('Ctrl Pts',(639.732187342382,5.68880986641151,-88.4319842931916));
#7655=CARTESIAN_POINT('Ctrl Pts',(640.252364904136,5.51997742117222,-89.5115231204007));
#7656=CARTESIAN_POINT('Ctrl Pts',(638.141152836764,6.71885430258382,-86.0606383186163));
#7657=CARTESIAN_POINT('Ctrl Pts',(638.191509333279,6.70249248503284,-86.1655078800218));
#7658=CARTESIAN_POINT('Ctrl Pts',(638.241865829794,6.68613066748187,-86.2703774414274));
#7659=CARTESIAN_POINT('Ctrl Pts',(638.860556854737,6.48510576759514,-87.5588280073281));
#7660=CARTESIAN_POINT('Ctrl Pts',(639.402634565904,6.3089740423481,-88.6871551605356));
#7661=CARTESIAN_POINT('Ctrl Pts',(639.921811073928,6.14028336906981,-89.7672846806012));
#7662=CARTESIAN_POINT('',(640.913472564552,4.27936552537706,-89.));
#7663=CARTESIAN_POINT('Ctrl Pts',(639.553051236822,6.26010070332529,-88.9999999999998));
#7664=CARTESIAN_POINT('Ctrl Pts',(639.779344536962,5.93004125234352,-88.9999999999998));
#7665=CARTESIAN_POINT('Ctrl Pts',(640.005778549646,5.60006463850997,-88.9999999999999));
#7666=CARTESIAN_POINT('Ctrl Pts',(640.459246056198,4.93982434253457,-88.9999999999999));
#7667=CARTESIAN_POINT('Ctrl Pts',(640.686292812022,4.60954222786952,-89.));
#7668=CARTESIAN_POINT('Ctrl Pts',(640.913472564552,4.27936552537706,-89.));
#7669=CARTESIAN_POINT('',(639.320801615395,4.7952894478486,-85.7082039567111));
#7670=CARTESIAN_POINT('Ctrl Pts',(640.913472564552,4.27936552537705,-88.9999999999999));
#7671=CARTESIAN_POINT('Ctrl Pts',(640.405296719863,4.44394615865985,-87.9505619691109));
#7672=CARTESIAN_POINT('Ctrl Pts',(639.875438474083,4.61558552131761,-86.8554668922355));
#7673=CARTESIAN_POINT('Ctrl Pts',(639.320801604806,4.79528945119503,-85.7082039623527));
#7674=CARTESIAN_POINT('Ctrl Pts',(639.320801593114,4.7952894638309,-85.7082039507279));
#7675=CARTESIAN_POINT('Ctrl Pts',(639.320971603204,4.79655441848681,-85.7109498241209));
#7676=CARTESIAN_POINT('Ctrl Pts',(639.32114166961,4.79781928259808,-85.7136957201075));
#7677=CARTESIAN_POINT('Ctrl Pts',(639.321311794565,4.7990840729504,-85.7164416750723));
#7678=CARTESIAN_POINT('Origin',(675.000000000002,-7.105427357601E-14,-61.1));
#7679=CARTESIAN_POINT('',(648.953522583304,-24.8511772745681,-85.708203963742));
#7680=CARTESIAN_POINT('Origin',(675.000000000002,-7.105427357601E-14,-85.7082039324994));
#7681=CARTESIAN_POINT('',(648.956165747391,-24.8539473207483,-85.7164416750722));
#7682=CARTESIAN_POINT('Ctrl Pts',(648.956165747392,-24.8539473207498,-85.7164416750765));
#7683=CARTESIAN_POINT('Ctrl Pts',(648.955284688284,-24.8530240807883,-85.7136957200761));
#7684=CARTESIAN_POINT('Ctrl Pts',(648.954403634899,-24.8521007485319,-85.7109498293826));
#7685=CARTESIAN_POINT('Ctrl Pts',(648.953522572166,-24.8511773081526,-85.7082039560214));
#7686=CARTESIAN_POINT('',(648.956165747391,-24.8539473207483,-61.1));
#7687=CARTESIAN_POINT('Origin',(675.000000000002,-7.105427357601E-14,-85.3416407864999));
#7688=CARTESIAN_POINT('',(649.93876797048,-23.4976375635929,-89.));
#7689=CARTESIAN_POINT('Origin',(675.000000000002,-7.105427357601E-14,-89.));
#7690=CARTESIAN_POINT('Ctrl Pts',(648.953522575033,-24.8511772857955,-85.7082039708267));
#7691=CARTESIAN_POINT('Ctrl Pts',(649.296605907304,-24.3797863816945,-86.855466897628));
#7692=CARTESIAN_POINT('Ctrl Pts',(649.624383145827,-23.9294843588794,-87.9505619716948));
#7693=CARTESIAN_POINT('Ctrl Pts',(649.93876797048,-23.4976375635929,-89.));
#7694=CARTESIAN_POINT('Ctrl Pts',(649.93876797048,-23.4976375635929,-89.));
#7695=CARTESIAN_POINT('Ctrl Pts',(649.615719628421,-23.9413847813376,-87.9216425585676));
#7696=CARTESIAN_POINT('Ctrl Pts',(649.278530591657,-24.4046183844886,-86.7950770531142));
#7697=CARTESIAN_POINT('Ctrl Pts',(648.893808925015,-24.9332232948615,-85.5085156773785));
#7698=CARTESIAN_POINT('Ctrl Pts',(648.862493091138,-24.9762520051721,-85.403782431837));
#7699=CARTESIAN_POINT('Ctrl Pts',(648.831179426742,-25.0192786848316,-85.2990477130062));
#7700=CARTESIAN_POINT('Ctrl Pts',(650.03595099237,-24.1937702836388,-89.2557615602004));
#7701=CARTESIAN_POINT('Ctrl Pts',(649.713629188323,-24.6368144008383,-88.1768134259116));
#7702=CARTESIAN_POINT('Ctrl Pts',(649.377162347131,-25.0993430840037,-87.04966070454));
#7703=CARTESIAN_POINT('Ctrl Pts',(648.993223875352,-25.6271763644564,-85.76246959873));
#7704=CARTESIAN_POINT('Ctrl Pts',(648.961972643966,-25.6701407694855,-85.6576909145672));
#7705=CARTESIAN_POINT('Ctrl Pts',(648.930722858906,-25.7131038207454,-85.5529112482096));
#7706=CARTESIAN_POINT('Ctrl Pts',(650.13313401426,-24.8899030036848,-89.5115231204008));
#7707=CARTESIAN_POINT('Ctrl Pts',(649.811538748128,-25.3322440204577,-88.4319842931917));
#7708=CARTESIAN_POINT('Ctrl Pts',(649.47579410251,-25.7940677836372,-87.3042443559023));
#7709=CARTESIAN_POINT('Ctrl Pts',(649.092638825699,-26.3211294340459,-86.016423520076));
#7710=CARTESIAN_POINT('Ctrl Pts',(649.061452196806,-26.3640295337935,-85.9115993972918));
#7711=CARTESIAN_POINT('Ctrl Pts',(649.03026629107,-26.4069289566593,-85.8067747834131));
#7712=CARTESIAN_POINT('Ctrl Pts',(650.230317036149,-25.5860357237308,-89.7672846806012));
#7713=CARTESIAN_POINT('Ctrl Pts',(649.90944830803,-26.0276736399584,-88.6871551605356));
#7714=CARTESIAN_POINT('Ctrl Pts',(649.574425857985,-26.4887924831524,-87.5588280073281));
#7715=CARTESIAN_POINT('Ctrl Pts',(649.192053776035,-27.0150825036408,-86.2703774414276));
#7716=CARTESIAN_POINT('Ctrl Pts',(649.160931749635,-27.0579182981069,-86.165507880022));
#7717=CARTESIAN_POINT('Ctrl Pts',(649.129809723234,-27.1007540925731,-86.0606383186165));
#7718=CARTESIAN_POINT('Ctrl Pts',(649.93876797048,-23.4976375635929,-89.));
#7719=CARTESIAN_POINT('Ctrl Pts',(649.94904199485,-23.8980282623166,-89.));
#7720=CARTESIAN_POINT('Ctrl Pts',(649.959485354698,-24.2984260511465,-89.));
#7721=CARTESIAN_POINT('Ctrl Pts',(649.98070151192,-25.0991131953874,-89.));
#7722=CARTESIAN_POINT('Ctrl Pts',(649.991474847004,-25.4994252464135,-89.));
#7723=CARTESIAN_POINT('Ctrl Pts',(650.002410923132,-25.899721577253,-89.));
#7724=CARTESIAN_POINT('Ctrl Pts',(649.129809723234,-27.1007540925731,-86.0606383186166));
#7725=CARTESIAN_POINT('Ctrl Pts',(649.100791864887,-26.725287449852,-86.0036381754918));
#7726=CARTESIAN_POINT('Ctrl Pts',(649.071777739337,-26.3498691063793,-85.946387503658));
#7727=CARTESIAN_POINT('Ctrl Pts',(649.0138934011,-25.6008945306647,-85.8316488858728));
#7728=CARTESIAN_POINT('Ctrl Pts',(648.985044693425,-25.2276165551577,-85.7742060771997));
#7729=CARTESIAN_POINT('Ctrl Pts',(648.95616574745,-24.8539473215205,-85.7164416751913));
#7730=CARTESIAN_POINT('Origin',(649.042987735313,-25.9773507066607,-61.1));
#7731=CARTESIAN_POINT('Origin',(658.315229247336,-32.7140284950822,-61.1));
#7732=CARTESIAN_POINT('',(659.410478827689,-32.4494503746676,-85.7164416750722));
#7733=CARTESIAN_POINT('',(659.410478827689,-32.4494503746676,-61.1));
#7734=CARTESIAN_POINT('Ctrl Pts',(657.219979666982,-32.9786066154967,-86.0606383186168));
#7735=CARTESIAN_POINT('Ctrl Pts',(657.584215820385,-32.8906185271351,-86.0039217078471));
#7736=CARTESIAN_POINT('Ctrl Pts',(657.948405402009,-32.8026416890616,-85.9469570468045));
#7737=CARTESIAN_POINT('Ctrl Pts',(658.67860615671,-32.6262479732642,-85.8322241866618));
#7738=CARTESIAN_POINT('Ctrl Pts',(659.044350214814,-32.5378956221822,-85.7744952867677));
#7739=CARTESIAN_POINT('Ctrl Pts',(659.410478827276,-32.4494503747675,-85.7164416751375));
#7740=CARTESIAN_POINT('Ctrl Pts',(659.291862253674,-32.6194096305735,-85.2990477130063));
#7741=CARTESIAN_POINT('Ctrl Pts',(659.323106603284,-32.5763325907742,-85.4037824318371));
#7742=CARTESIAN_POINT('Ctrl Pts',(659.354352213752,-32.5332528601698,-85.5085156773785));
#7743=CARTESIAN_POINT('Ctrl Pts',(659.738199825211,-32.0040129115353,-86.7950770531142));
#7744=CARTESIAN_POINT('Ctrl Pts',(660.074564019378,-31.5401800251581,-87.9216425585676));
#7745=CARTESIAN_POINT('Ctrl Pts',(660.396765274701,-31.0958173628746,-89.));
#7746=CARTESIAN_POINT('Ctrl Pts',(658.601234724777,-32.7391419588812,-85.5529112482097));
#7747=CARTESIAN_POINT('Ctrl Pts',(658.632438299984,-32.6961453341972,-85.6576909145673));
#7748=CARTESIAN_POINT('Ctrl Pts',(658.663642715762,-32.6531469156389,-85.7624695987301));
#7749=CARTESIAN_POINT('Ctrl Pts',(659.04699848408,-32.1248902763396,-87.0496607045401));
#7750=CARTESIAN_POINT('Ctrl Pts',(659.382915430206,-31.6619620710232,-88.1768134259116));
#7751=CARTESIAN_POINT('Ctrl Pts',(659.704672509766,-31.2185076574679,-89.2557615602004));
#7752=CARTESIAN_POINT('Ctrl Pts',(657.91060719588,-32.858874287189,-85.8067747834132));
#7753=CARTESIAN_POINT('Ctrl Pts',(657.941769996684,-32.8159580776076,-85.9115993972919));
#7754=CARTESIAN_POINT('Ctrl Pts',(657.972933217774,-32.7730409710953,-86.0164235200761));
#7755=CARTESIAN_POINT('Ctrl Pts',(658.355797142865,-32.2457676412717,-87.3042443559024));
#7756=CARTESIAN_POINT('Ctrl Pts',(658.69126684095,-31.7837441170169,-88.4319842931917));
#7757=CARTESIAN_POINT('Ctrl Pts',(659.012579744832,-31.3411979520612,-89.5115231204008));
#7758=CARTESIAN_POINT('Ctrl Pts',(657.219979666982,-32.9786066154968,-86.0606383186166));
#7759=CARTESIAN_POINT('Ctrl Pts',(657.251101693383,-32.9357708210306,-86.1655078800221));
#7760=CARTESIAN_POINT('Ctrl Pts',(657.282223719783,-32.8929350265645,-86.2703774414277));
#7761=CARTESIAN_POINT('Ctrl Pts',(657.664595801733,-32.366645006076,-87.5588280073282));
#7762=CARTESIAN_POINT('Ctrl Pts',(657.999618251778,-31.905526162882,-88.6871551605357));
#7763=CARTESIAN_POINT('Ctrl Pts',(658.320486979897,-31.4638882466544,-89.7672846806012));
#7764=CARTESIAN_POINT('',(660.396765274701,-31.0958173628746,-89.));
#7765=CARTESIAN_POINT('Ctrl Pts',(658.09258086688,-31.7775741001766,-89.0000000000001));
#7766=CARTESIAN_POINT('Ctrl Pts',(658.4764126922,-31.6643509052761,-89.0000000000001));
#7767=CARTESIAN_POINT('Ctrl Pts',(658.860209217913,-31.550968288149,-88.9999999999999));
#7768=CARTESIAN_POINT('Ctrl Pts',(659.628264220706,-31.3237205359482,-88.9999999999999));
#7769=CARTESIAN_POINT('Ctrl Pts',(660.012544325359,-31.2098484809334,-89.));
#7770=CARTESIAN_POINT('Ctrl Pts',(660.396765274701,-31.0958173628746,-89.));
#7771=CARTESIAN_POINT('',(659.413930076585,-32.4511081875355,-85.7082039567111));
#7772=CARTESIAN_POINT('Ctrl Pts',(660.396765274701,-31.0958173628746,-89.));
#7773=CARTESIAN_POINT('Ctrl Pts',(660.083204818822,-31.5282630987597,-87.9505619691109));
#7774=CARTESIAN_POINT('Ctrl Pts',(659.756230881957,-31.9791487561572,-86.8554668922355));
#7775=CARTESIAN_POINT('Ctrl Pts',(659.41393007013,-32.4511081965725,-85.7082039623526));
#7776=CARTESIAN_POINT('Ctrl Pts',(659.4139300545,-32.4511082037875,-85.7082039507279));
#7777=CARTESIAN_POINT('Ctrl Pts',(659.412779547138,-32.4505556220977,-85.7109498241211));
#7778=CARTESIAN_POINT('Ctrl Pts',(659.411629143293,-32.450003014828,-85.7136957201076));
#7779=CARTESIAN_POINT('Ctrl Pts',(659.410478827689,-32.4494503746676,-85.7164416750722));
#7780=CARTESIAN_POINT('Origin',(675.000000000002,-7.105427357601E-14,-61.1));
#7781=CARTESIAN_POINT('',(690.586069919223,-32.4511081817508,-85.708203963742));
#7782=CARTESIAN_POINT('Origin',(675.000000000002,-7.105427357601E-14,-85.7082039324994));
#7783=CARTESIAN_POINT('',(690.589521172315,-32.4494503746676,-85.7164416750722));
#7784=CARTESIAN_POINT('Ctrl Pts',(690.589521172316,-32.4494503746667,-85.7164416750766));
#7785=CARTESIAN_POINT('Ctrl Pts',(690.588370856697,-32.4500030148347,-85.7136957200744));
#7786=CARTESIAN_POINT('Ctrl Pts',(690.587220455069,-32.4505556210392,-85.7109498293808));
#7787=CARTESIAN_POINT('Ctrl Pts',(690.586069947722,-32.4511082027222,-85.7082039560214));
#7788=CARTESIAN_POINT('',(690.589521172315,-32.4494503746676,-61.1));
#7789=CARTESIAN_POINT('Origin',(675.000000000002,-7.105427357601E-14,-85.3416407864999));
#7790=CARTESIAN_POINT('',(689.603234725303,-31.0958173628745,-89.));
#7791=CARTESIAN_POINT('Origin',(675.000000000002,-7.105427357601E-14,-89.));
#7792=CARTESIAN_POINT('Ctrl Pts',(690.586069927345,-32.4511081930864,-85.7082039708267));
#7793=CARTESIAN_POINT('Ctrl Pts',(690.243769116436,-31.9791487539369,-86.855466897628));
#7794=CARTESIAN_POINT('Ctrl Pts',(689.916795180409,-31.528263097695,-87.9505619716948));
#7795=CARTESIAN_POINT('Ctrl Pts',(689.603234725303,-31.0958173628746,-89.));
#7796=CARTESIAN_POINT('Ctrl Pts',(689.603234725303,-31.0958173628746,-89.));
#7797=CARTESIAN_POINT('Ctrl Pts',(689.925435980625,-31.5401800251581,-87.9216425585676));
#7798=CARTESIAN_POINT('Ctrl Pts',(690.261800174792,-32.0040129115352,-86.7950770531142));
#7799=CARTESIAN_POINT('Ctrl Pts',(690.645647786251,-32.5332528601698,-85.5085156773786));
#7800=CARTESIAN_POINT('Ctrl Pts',(690.676893396719,-32.5763325907742,-85.4037824318371));
#7801=CARTESIAN_POINT('Ctrl Pts',(690.708137746329,-32.6194096305735,-85.2990477130062));
#7802=CARTESIAN_POINT('Ctrl Pts',(690.295327490237,-31.2185076574678,-89.2557615602004));
#7803=CARTESIAN_POINT('Ctrl Pts',(690.617084569798,-31.6619620710232,-88.1768134259116));
#7804=CARTESIAN_POINT('Ctrl Pts',(690.953001515924,-32.1248902763395,-87.0496607045401));
#7805=CARTESIAN_POINT('Ctrl Pts',(691.336357284242,-32.6531469156389,-85.7624695987301));
#7806=CARTESIAN_POINT('Ctrl Pts',(691.36756170002,-32.6961453341972,-85.6576909145673));
#7807=CARTESIAN_POINT('Ctrl Pts',(691.398765275226,-32.7391419588812,-85.5529112482097));
#7808=CARTESIAN_POINT('Ctrl Pts',(690.987420255172,-31.3411979520611,-89.5115231204008));
#7809=CARTESIAN_POINT('Ctrl Pts',(691.308733159053,-31.7837441170168,-88.4319842931917));
#7810=CARTESIAN_POINT('Ctrl Pts',(691.644202857139,-32.2457676412717,-87.3042443559024));
#7811=CARTESIAN_POINT('Ctrl Pts',(692.02706678223,-32.7730409710953,-86.0164235200761));
#7812=CARTESIAN_POINT('Ctrl Pts',(692.05823000332,-32.8159580776075,-85.9115993972919));
#7813=CARTESIAN_POINT('Ctrl Pts',(692.089392804124,-32.858874287189,-85.8067747834132));
#7814=CARTESIAN_POINT('Ctrl Pts',(691.679513020106,-31.4638882466544,-89.7672846806012));
#7815=CARTESIAN_POINT('Ctrl Pts',(692.000381748225,-31.9055261628819,-88.6871551605357));
#7816=CARTESIAN_POINT('Ctrl Pts',(692.33540419827,-32.366645006076,-87.5588280073282));
#7817=CARTESIAN_POINT('Ctrl Pts',(692.71777628022,-32.8929350265644,-86.2703774414277));
#7818=CARTESIAN_POINT('Ctrl Pts',(692.748898306621,-32.9357708210305,-86.1655078800221));
#7819=CARTESIAN_POINT('Ctrl Pts',(692.780020333021,-32.9786066154967,-86.0606383186166));
#7820=CARTESIAN_POINT('Ctrl Pts',(689.603234725303,-31.0958173628745,-89.));
#7821=CARTESIAN_POINT('Ctrl Pts',(689.987191217182,-31.2097699938539,-89.));
#7822=CARTESIAN_POINT('Ctrl Pts',(690.371206775479,-31.3235637784564,-89.));
#7823=CARTESIAN_POINT('Ctrl Pts',(691.139261648521,-31.5508119694367,-89.));
#7824=CARTESIAN_POINT('Ctrl Pts',(691.523322720377,-31.6642728569439,-89.0000000000001));
#7825=CARTESIAN_POINT('Ctrl Pts',(691.907419133124,-31.7775741001765,-89.0000000000001));
#7826=CARTESIAN_POINT('Ctrl Pts',(692.780020333021,-32.9786066154966,-86.0606383186169));
#7827=CARTESIAN_POINT('Ctrl Pts',(692.413966304243,-32.8901793851725,-86.0036386394885));
#7828=CARTESIAN_POINT('Ctrl Pts',(692.047959363224,-32.8017635297815,-85.9463884356852));
#7829=CARTESIAN_POINT('Ctrl Pts',(691.317754970228,-32.6253689350858,-85.8316498267004));
#7830=CARTESIAN_POINT('Ctrl Pts',(690.953828800571,-32.5374557291235,-85.7742065501591));
#7831=CARTESIAN_POINT('Ctrl Pts',(690.589521173067,-32.4494503748494,-85.7164416751914));
#7832=CARTESIAN_POINT('Origin',(691.684770752668,-32.7140284950821,-61.1));
#7833=CARTESIAN_POINT('Origin',(675.000000000001,-1.61180686184185E-12,
-85.));
#7834=CARTESIAN_POINT('',(666.00760546369,-27.6757446241906,-89.));
#7835=CARTESIAN_POINT('Origin',(675.000000000001,-1.61180686184185E-12,
-89.));
#7836=CARTESIAN_POINT('',(666.00760546369,-27.6757446241906,-81.9585786437627));
#7837=CARTESIAN_POINT('',(666.00760546369,-27.6757446241906,-85.));
#7838=CARTESIAN_POINT('',(692.104550841713,23.5423945363116,-81.9585786437636));
#7839=CARTESIAN_POINT('Origin',(675.000000000001,-1.61180686184185E-12,
-81.9585786437627));
#7840=CARTESIAN_POINT('Origin',(675.000000000001,-1.61180686184185E-12,
-81.9585786437627));
#7841=CARTESIAN_POINT('Origin',(653.337908694318,66.6690617922883,-79.));
#7842=CARTESIAN_POINT('',(655.198647781381,65.3171557120156,-89.));
#7843=CARTESIAN_POINT('Origin',(653.337908694318,66.6690617922883,-89.));
#7844=CARTESIAN_POINT('',(655.198647781381,65.3171557120156,-79.));
#7845=CARTESIAN_POINT('Origin',(604.900000000004,-2.4186754182491E-13,-79.));
#7846=CARTESIAN_POINT('',(606.760739087066,1.35190608027245,-89.));
#7847=CARTESIAN_POINT('Origin',(604.900000000004,-2.4186754182491E-13,-89.));
#7848=CARTESIAN_POINT('',(606.760739087066,1.35190608027245,-79.));
#7849=CARTESIAN_POINT('Origin',(653.337908694318,-66.6690617922886,-79.));
#7850=CARTESIAN_POINT('',(652.627169607256,-64.4816318048097,-89.));
#7851=CARTESIAN_POINT('Origin',(653.337908694318,-66.6690617922886,-89.));
#7852=CARTESIAN_POINT('',(652.627169607256,-64.4816318048097,-79.));
#7853=CARTESIAN_POINT('Origin',(731.712091305684,-41.2037461857012,-37.35));
#7854=CARTESIAN_POINT('',(729.412091305684,-41.2037461857012,-37.65));
#7855=CARTESIAN_POINT('',(729.112091305684,-41.2037461857012,-37.35));
#7856=CARTESIAN_POINT('Origin',(731.712091305684,-41.2037461857012,-37.65));
#7857=CARTESIAN_POINT('Origin',(731.712091305684,-41.2037461857012,-79.));
#7858=CARTESIAN_POINT('',(729.412091305684,-41.2037461857012,-89.));
#7859=CARTESIAN_POINT('Origin',(731.712091305684,-41.2037461857012,-89.));
#7860=CARTESIAN_POINT('',(729.412091305684,-41.2037461857012,-79.));
#7861=CARTESIAN_POINT('Origin',(731.712091305684,41.2037461857013,-37.35));
#7862=CARTESIAN_POINT('',(731.001352218621,39.0163161982225,-37.65));
#7863=CARTESIAN_POINT('',(730.908647120309,38.7309992433339,-37.35));
#7864=CARTESIAN_POINT('Origin',(731.712091305684,41.2037461857013,-37.65));
#7865=CARTESIAN_POINT('Origin',(731.712091305684,41.2037461857013,-79.));
#7866=CARTESIAN_POINT('',(731.001352218621,39.0163161982225,-89.));
#7867=CARTESIAN_POINT('Origin',(731.712091305684,41.2037461857013,-89.));
#7868=CARTESIAN_POINT('',(731.001352218621,39.0163161982225,-79.));
#7869=CARTESIAN_POINT('Ctrl Pts',(623.585683694761,38.9463487231395,-79.));
#7870=CARTESIAN_POINT('Ctrl Pts',(623.384198085306,38.6803611480501,-79.));
#7871=CARTESIAN_POINT('Ctrl Pts',(622.856404360587,37.9730477513035,-79.));
#7872=CARTESIAN_POINT('Ctrl Pts',(622.324882971014,37.2260385992691,-79.));
#7873=CARTESIAN_POINT('Ctrl Pts',(622.071923768222,36.8628369283042,-79.));
#7874=CARTESIAN_POINT('Ctrl Pts',(624.111094726494,38.9831373341014,-79.4474866772941));
#7875=CARTESIAN_POINT('Ctrl Pts',(623.926477070759,38.597739318364,-79.4761988125198));
#7876=CARTESIAN_POINT('Ctrl Pts',(623.373824055836,37.62081441307,-79.4906912668236));
#7877=CARTESIAN_POINT('Ctrl Pts',(622.609807347757,36.7426406994044,-79.4855713242777));
#7878=CARTESIAN_POINT('Ctrl Pts',(622.199296657727,36.3517730368272,-79.4474866772568));
#7879=CARTESIAN_POINT('Ctrl Pts',(624.460512248755,39.1503980960925,-80.0839081443078));
#7880=CARTESIAN_POINT('Ctrl Pts',(624.289892177959,38.6466763449132,-80.1722463706652));
#7881=CARTESIAN_POINT('Ctrl Pts',(623.705422937466,37.4036617876547,-80.2600083679385));
#7882=CARTESIAN_POINT('Ctrl Pts',(622.71371292597,36.3894800320354,-80.2010826469676));
#7883=CARTESIAN_POINT('Ctrl Pts',(622.148198172476,35.9677708073954,-80.0839081441938));
#7884=CARTESIAN_POINT('Ctrl Pts',(624.532504265241,39.3995770817588,-80.7245183715003));
#7885=CARTESIAN_POINT('Ctrl Pts',(624.362135456896,38.8098960459355,-80.8736274331492));
#7886=CARTESIAN_POINT('Ctrl Pts',(623.734009922008,37.3970531762047,-81.0374727400888));
#7887=CARTESIAN_POINT('Ctrl Pts',(622.607517889331,36.2789278536082,-80.9223011532083));
#7888=CARTESIAN_POINT('Ctrl Pts',(621.933461630882,35.8223017897495,-80.7245183713084));
#7889=CARTESIAN_POINT('',(622.071923768222,36.8628369283041,-79.));
#7890=CARTESIAN_POINT('',(621.933461630879,35.8223017897478,-80.7245183713203));
#7891=CARTESIAN_POINT('Origin',(620.475240456257,37.9748795481302,-80.7245183713085));
#7892=CARTESIAN_POINT('',(624.532504265254,39.3995770818016,-80.7245183716839));
#7893=CARTESIAN_POINT('Ctrl Pts',(621.933461630882,35.8223017897495,-80.7245183713084));
#7894=CARTESIAN_POINT('Ctrl Pts',(622.607517889331,36.2789278536082,-80.9223011532083));
#7895=CARTESIAN_POINT('Ctrl Pts',(623.734009922008,37.3970531762047,-81.0374727400888));
#7896=CARTESIAN_POINT('Ctrl Pts',(624.362135456896,38.8098960459355,-80.8736274331492));
#7897=CARTESIAN_POINT('Ctrl Pts',(624.532504265241,39.3995770817588,-80.7245183715003));
#7898=CARTESIAN_POINT('',(623.58568369476,38.9463487231395,-79.));
#7899=CARTESIAN_POINT('Origin',(622.034666036872,40.1212447233358,-80.7245183715004));
#7900=CARTESIAN_POINT('Origin',(675.000000000003,-1.09525878446557E-12,
-79.));
#7901=CARTESIAN_POINT('Ctrl Pts',(622.071923768222,36.8628369283041,-79.));
#7902=CARTESIAN_POINT('Ctrl Pts',(621.437818288014,35.9523811416061,-79.));
#7903=CARTESIAN_POINT('Ctrl Pts',(620.80341133135,34.9895601980566,-78.9999999999991));
#7904=CARTESIAN_POINT('Ctrl Pts',(620.205256009159,34.026254787587,-79.));
#7905=CARTESIAN_POINT('Ctrl Pts',(620.203131160989,34.0228332398256,-79.));
#7906=CARTESIAN_POINT('Ctrl Pts',(620.20100664079,34.0194110298343,-79.));
#7907=CARTESIAN_POINT('Ctrl Pts',(622.199296657719,36.3517730368186,-79.4474866772553));
#7908=CARTESIAN_POINT('Ctrl Pts',(621.455237380286,35.696255158989,-79.4103267129851));
#7909=CARTESIAN_POINT('Ctrl Pts',(620.747641165749,34.9013428720106,-79.2034048330168));
#7910=CARTESIAN_POINT('Ctrl Pts',(620.204872943067,34.0256259264573,-79.0014339235451));
#7911=CARTESIAN_POINT('Ctrl Pts',(620.202936978233,34.0225204472385,-79.0007171160831));
#7912=CARTESIAN_POINT('Ctrl Pts',(620.20100664079,34.0194110298343,-79.));
#7913=CARTESIAN_POINT('Ctrl Pts',(622.148198172458,35.9677708073798,-80.083908144193));
#7914=CARTESIAN_POINT('Ctrl Pts',(621.380496704349,35.4969691601393,-79.8214810450217));
#7915=CARTESIAN_POINT('Ctrl Pts',(620.693224753591,34.8121971951875,-79.4063582956313));
#7916=CARTESIAN_POINT('Ctrl Pts',(620.204484207481,34.0250007986313,-79.0028689642833));
#7917=CARTESIAN_POINT('Ctrl Pts',(620.202742795476,34.0222076546513,-79.0014342321661));
#7918=CARTESIAN_POINT('Ctrl Pts',(620.20100664079,34.0194110298343,-79.));
#7919=CARTESIAN_POINT('Ctrl Pts',(621.933461630855,35.8223017897317,-80.7245183713084));
#7920=CARTESIAN_POINT('Ctrl Pts',(621.22614931924,35.3431470712427,-80.2287263838484));
#7921=CARTESIAN_POINT('Ctrl Pts',(620.639037488011,34.7230473977823,-79.6095726654408));
#7922=CARTESIAN_POINT('Ctrl Pts',(620.204092619048,34.0243770844371,-79.0043033431163));
#7923=CARTESIAN_POINT('Ctrl Pts',(620.20254861272,34.0218948620642,-79.0021513482491));
#7924=CARTESIAN_POINT('Ctrl Pts',(620.20100664079,34.0194110298343,-79.));
#7925=CARTESIAN_POINT('',(620.20100664079,34.0194110298343,-79.));
#7926=CARTESIAN_POINT('Origin',(675.000000000003,-1.09525878446557E-12,
-79.));
#7927=CARTESIAN_POINT('Ctrl Pts',(620.20100664079,34.0194110298343,-79.));
#7928=CARTESIAN_POINT('Ctrl Pts',(620.20254861272,34.0218948620642,-79.0021513482491));
#7929=CARTESIAN_POINT('Ctrl Pts',(620.204092619048,34.0243770844371,-79.0043033431163));
#7930=CARTESIAN_POINT('Ctrl Pts',(620.639037488011,34.7230473977823,-79.6095726654408));
#7931=CARTESIAN_POINT('Ctrl Pts',(621.22614931924,35.3431470712427,-80.2287263838484));
#7932=CARTESIAN_POINT('Ctrl Pts',(621.933461630855,35.8223017897317,-80.7245183713084));
#7933=CARTESIAN_POINT('Ctrl Pts',(625.711797236918,41.604363573848,-79.));
#7934=CARTESIAN_POINT('Ctrl Pts',(625.709199034641,41.6012855140091,-79.));
#7935=CARTESIAN_POINT('Ctrl Pts',(625.706601563508,41.598207346885,-79.));
#7936=CARTESIAN_POINT('Ctrl Pts',(624.97528384251,40.731650087571,-79.0000000000008));
#7937=CARTESIAN_POINT('Ctrl Pts',(624.255629233964,39.830765182941,-79.));
#7938=CARTESIAN_POINT('Ctrl Pts',(623.58568369476,38.9463487231394,-79.));
#7939=CARTESIAN_POINT('Ctrl Pts',(625.711797236918,41.604363573848,-79.));
#7940=CARTESIAN_POINT('Ctrl Pts',(625.709364937866,41.6016303038421,-79.000721284249));
#7941=CARTESIAN_POINT('Ctrl Pts',(625.707146562428,41.5987079590973,-79.0014303561757));
#7942=CARTESIAN_POINT('Ctrl Pts',(625.040574901486,40.8132470377678,-79.2033197160139));
#7943=CARTESIAN_POINT('Ctrl Pts',(624.504989311591,39.8945855456828,-79.4085258006245));
#7944=CARTESIAN_POINT('Ctrl Pts',(624.111094726584,38.9831373342552,-79.4474866772705));
#7945=CARTESIAN_POINT('Ctrl Pts',(625.711797236918,41.604363573848,-79.));
#7946=CARTESIAN_POINT('Ctrl Pts',(625.70962997922,41.6018923750323,-79.0014347403219));
#7947=CARTESIAN_POINT('Ctrl Pts',(625.707595530294,41.5992886009338,-79.0028686565172));
#7948=CARTESIAN_POINT('Ctrl Pts',(625.109220061321,40.8920810781367,-79.4062836192365));
#7949=CARTESIAN_POINT('Ctrl Pts',(624.67279921865,40.0266692966319,-79.8199908544255));
#7950=CARTESIAN_POINT('Ctrl Pts',(624.460512248902,39.1503980964232,-80.0839081442952));
#7951=CARTESIAN_POINT('Ctrl Pts',(625.711797236918,41.604363573848,-79.));
#7952=CARTESIAN_POINT('Ctrl Pts',(625.709911467617,41.60212952502,-79.0021513482595));
#7953=CARTESIAN_POINT('Ctrl Pts',(625.70802785801,41.5998940388288,-79.0043033431019));
#7954=CARTESIAN_POINT('Ctrl Pts',(625.177958268678,40.9703358838699,-79.609572679943));
#7955=CARTESIAN_POINT('Ctrl Pts',(624.769635958078,40.2203380163231,-80.2287263840071));
#7956=CARTESIAN_POINT('Ctrl Pts',(624.532504265377,39.3995770822304,-80.7245183715004));
#7957=CARTESIAN_POINT('',(625.711797236918,41.604363573848,-79.));
#7958=CARTESIAN_POINT('Ctrl Pts',(624.532504265377,39.3995770822304,-80.7245183715004));
#7959=CARTESIAN_POINT('Ctrl Pts',(624.769635958078,40.2203380163231,-80.2287263840071));
#7960=CARTESIAN_POINT('Ctrl Pts',(625.177958268678,40.9703358838699,-79.609572679943));
#7961=CARTESIAN_POINT('Ctrl Pts',(625.70802785801,41.5998940388288,-79.0043033431019));
#7962=CARTESIAN_POINT('Ctrl Pts',(625.709911467617,41.60212952502,-79.0021513482595));
#7963=CARTESIAN_POINT('Ctrl Pts',(625.711797236918,41.604363573848,-79.));
#7964=CARTESIAN_POINT('Origin',(675.000000000003,-1.09525878446557E-12,
-79.));
#7965=CARTESIAN_POINT('Origin',(630.296746331158,37.7341902181411,-89.));
#7966=CARTESIAN_POINT('',(624.532504265476,39.39957708257,-83.5147186257615));
#7967=CARTESIAN_POINT('',(624.532504265476,39.39957708257,-89.));
#7968=CARTESIAN_POINT('',(625.711797236918,41.6043635738481,-83.5147186257615));
#7969=CARTESIAN_POINT('Origin',(630.296746331158,37.7341902181412,-83.5147186257615));
#7970=CARTESIAN_POINT('',(625.711797236918,41.604363573848,-89.));
#7971=CARTESIAN_POINT('Origin',(618.287908694319,41.2037461857013,-89.));
#7972=CARTESIAN_POINT('',(621.933461630836,35.8223017897189,-83.5147186257615));
#7973=CARTESIAN_POINT('',(621.933461630836,35.8223017897189,-89.));
#7974=CARTESIAN_POINT('',(620.753960020119,35.1897133575135,-88.9999999999381));
#7975=CARTESIAN_POINT('Ctrl Pts',(620.753960020098,35.1897133575049,-88.9999999999284));
#7976=CARTESIAN_POINT('Ctrl Pts',(621.026124781754,35.3013143897049,-88.3222346254047));
#7977=CARTESIAN_POINT('Ctrl Pts',(621.596772851248,35.5875181657703,-86.6713895056226));
#7978=CARTESIAN_POINT('Ctrl Pts',(621.933461630836,35.8223017897189,-84.6920336578443));
#7979=CARTESIAN_POINT('Ctrl Pts',(621.933461630836,35.8223017897189,-83.5147186257615));
#7980=CARTESIAN_POINT('',(624.769645573453,40.7168303514175,-88.9999999999356));
#7981=CARTESIAN_POINT('Origin',(618.287908694319,41.2037461857013,-89.));
#7982=CARTESIAN_POINT('Ctrl Pts',(624.532504265476,39.39957708257,-83.5147186257615));
#7983=CARTESIAN_POINT('Ctrl Pts',(624.532504265476,39.39957708257,-84.3977048998202));
#7984=CARTESIAN_POINT('Ctrl Pts',(624.625090670287,39.7017441899616,-86.4103883538762));
#7985=CARTESIAN_POINT('Ctrl Pts',(624.740265103751,40.3257227706173,-88.0963128338944));
#7986=CARTESIAN_POINT('Ctrl Pts',(624.769645573455,40.716830351441,-88.9999999999254));
#7987=CARTESIAN_POINT('Origin',(667.516907399184,61.5156490643299,15.));
#7988=CARTESIAN_POINT('',(665.033814798366,63.7253886023972,-83.5147186257615));
#7989=CARTESIAN_POINT('',(665.033814798366,63.7253886023972,15.));
#7990=CARTESIAN_POINT('',(665.033814798366,63.7253886023972,-83.5147186257615));
#7991=CARTESIAN_POINT('Ctrl Pts',(670.000000000003,59.3059095262625,-83.5147186257614));
#7992=CARTESIAN_POINT('Ctrl Pts',(670.000000000003,59.3059095262625,-84.0579868848758));
#7993=CARTESIAN_POINT('Ctrl Pts',(670.000000000002,59.409600529012,-85.5170560451336));
#7994=CARTESIAN_POINT('Ctrl Pts',(670.000000000003,59.831570022771,-86.9728637413444));
#7995=CARTESIAN_POINT('Ctrl Pts',(670.000000000002,60.3184918515001,-88.143103755161));
#7996=CARTESIAN_POINT('Ctrl Pts',(670.000000000003,60.5292584912918,-88.5760810265247));
#7997=CARTESIAN_POINT('Ctrl Pts',(670.000000000003,60.7735274654456,-88.999999999016));
#7998=CARTESIAN_POINT('Ctrl Pts',(668.34460493279,60.7790692183074,-83.5147186257614));
#7999=CARTESIAN_POINT('Ctrl Pts',(668.344604905278,60.7790182551015,-83.9851000734715));
#8000=CARTESIAN_POINT('Ctrl Pts',(668.344347832641,60.8711199988767,-85.2485734212088));
#8001=CARTESIAN_POINT('Ctrl Pts',(668.343351447983,61.2450302551825,-86.5060454499699));
#8002=CARTESIAN_POINT('Ctrl Pts',(668.342286346198,61.6748343747962,-87.5137460116112));
#8003=CARTESIAN_POINT('Ctrl Pts',(668.341845303469,61.8610377675125,-87.8859382082631));
#8004=CARTESIAN_POINT('Ctrl Pts',(668.341358465892,62.0760695928406,-88.2494541402615));
#8005=CARTESIAN_POINT('Ctrl Pts',(666.689209865578,62.2522289103523,-83.5147186257615));
#8006=CARTESIAN_POINT('Ctrl Pts',(666.689209893091,62.2522798735583,-83.9122455126481));
#8007=CARTESIAN_POINT('Ctrl Pts',(666.688692697214,62.3325065256807,-84.9800624917554));
#8008=CARTESIAN_POINT('Ctrl Pts',(666.686692510889,62.6579383229054,-86.0392800934819));
#8009=CARTESIAN_POINT('Ctrl Pts',(666.68457828907,63.0314976216241,-86.884371814501));
#8010=CARTESIAN_POINT('Ctrl Pts',(666.683684636009,63.1924924127212,-87.1958232002855));
#8011=CARTESIAN_POINT('Ctrl Pts',(666.682716931782,63.3786117202355,-87.4989082815069));
#8012=CARTESIAN_POINT('Ctrl Pts',(665.033814798366,63.7253886023972,-83.5147186257615));
#8013=CARTESIAN_POINT('Ctrl Pts',(665.033814798366,63.7253886023972,-83.8393587012438));
#8014=CARTESIAN_POINT('Ctrl Pts',(665.033040529852,63.7940259955453,-84.7115798678306));
#8015=CARTESIAN_POINT('Ctrl Pts',(665.03004395887,64.0713985553169,-85.5724618021073));
#8016=CARTESIAN_POINT('Ctrl Pts',(665.026864635265,64.3878401449202,-86.2550140709511));
#8017=CARTESIAN_POINT('Ctrl Pts',(665.025529939475,64.5242716889419,-86.505680382024));
#8018=CARTESIAN_POINT('Ctrl Pts',(665.024075397672,64.6811538476304,-86.7483624227524));
#8019=CARTESIAN_POINT('',(665.024075397672,64.6811538476304,-86.7483624227524));
#8020=CARTESIAN_POINT('',(665.024075397672,64.6811538476304,-86.7483624227524));
#8021=CARTESIAN_POINT('Ctrl Pts',(665.033814798366,63.7253886023972,-83.5147186257615));
#8022=CARTESIAN_POINT('Ctrl Pts',(665.033814798366,63.7253886023972,-83.8393587012438));
#8023=CARTESIAN_POINT('Ctrl Pts',(665.033040529852,63.7940259955453,-84.7115798678306));
#8024=CARTESIAN_POINT('Ctrl Pts',(665.03004395887,64.0713985553169,-85.5724618021073));
#8025=CARTESIAN_POINT('Ctrl Pts',(665.026864635265,64.3878401449202,-86.2550140709511));
#8026=CARTESIAN_POINT('Ctrl Pts',(665.025529939475,64.5242716889419,-86.505680382024));
#8027=CARTESIAN_POINT('Ctrl Pts',(665.024075397672,64.6811538476304,-86.7483624227524));
#8028=CARTESIAN_POINT('Ctrl Pts',(670.000000000003,60.7735274660126,-89.));
#8029=CARTESIAN_POINT('Ctrl Pts',(670.000000000003,60.8958359597611,-89.2122614677695));
#8030=CARTESIAN_POINT('Ctrl Pts',(670.000000000003,61.2895032290016,-89.8461455028558));
#8031=CARTESIAN_POINT('Ctrl Pts',(670.000000000003,61.7474601289532,-90.4368315383528));
#8032=CARTESIAN_POINT('Ctrl Pts',(670.000000000003,62.0654093124773,-90.7962812571188));
#8033=CARTESIAN_POINT('Ctrl Pts',(668.341358465891,62.0760695933399,-88.2494541411052));
#8034=CARTESIAN_POINT('Ctrl Pts',(668.341115702715,62.1837850035703,-88.4314661522606));
#8035=CARTESIAN_POINT('Ctrl Pts',(668.340354172593,62.5302464008143,-88.9743348755276));
#8036=CARTESIAN_POINT('Ctrl Pts',(668.339549714971,62.9322170838984,-89.4778848150565));
#8037=CARTESIAN_POINT('Ctrl Pts',(668.339035678434,63.2106024175053,-89.783307275748));
#8038=CARTESIAN_POINT('Ctrl Pts',(666.68271693178,63.3786117206672,-87.4989082822105));
#8039=CARTESIAN_POINT('Ctrl Pts',(666.682231387902,63.4717576396057,-87.6506716353664));
#8040=CARTESIAN_POINT('Ctrl Pts',(666.680708301111,63.7709979866245,-88.1025178338531));
#8041=CARTESIAN_POINT('Ctrl Pts',(666.679099572283,64.1168531526324,-88.5189711826198));
#8042=CARTESIAN_POINT('Ctrl Pts',(666.678071356865,64.3557955225333,-88.7703332943773));
#8043=CARTESIAN_POINT('Ctrl Pts',(665.024075397668,64.6811538479946,-86.7483624233157));
#8044=CARTESIAN_POINT('Ctrl Pts',(665.023347090614,64.7597066834149,-86.8698763198575));
#8045=CARTESIAN_POINT('Ctrl Pts',(665.021062473702,65.0117411584372,-87.2307072065249));
#8046=CARTESIAN_POINT('Ctrl Pts',(665.018649287251,65.3016101075776,-87.5600244593235));
#8047=CARTESIAN_POINT('Ctrl Pts',(665.017107035297,65.5009886275614,-87.7573593130065));
#8048=CARTESIAN_POINT('',(667.054653787302,64.0961514126305,-89.));
#8049=CARTESIAN_POINT('Ctrl Pts',(667.05465378732,64.0961514126444,-89.));
#8050=CARTESIAN_POINT('Ctrl Pts',(667.902087517022,63.028194723265,-89.));
#8051=CARTESIAN_POINT('Ctrl Pts',(668.919443468814,61.9038415564292,-89.));
#8052=CARTESIAN_POINT('Ctrl Pts',(670.000000000003,60.7735274660126,-89.));
#8053=CARTESIAN_POINT('',(665.017107035309,65.5009886275163,-87.7573593130396));
#8054=CARTESIAN_POINT('Ctrl Pts',(665.024075397668,64.6811538479946,-86.7483624233157));
#8055=CARTESIAN_POINT('Ctrl Pts',(665.023347090614,64.7597066834149,-86.8698763198575));
#8056=CARTESIAN_POINT('Ctrl Pts',(665.021062473702,65.0117411584372,-87.2307072065249));
#8057=CARTESIAN_POINT('Ctrl Pts',(665.018649287251,65.3016101075776,-87.5600244593235));
#8058=CARTESIAN_POINT('Ctrl Pts',(665.017107035297,65.5009886275614,-87.7573593130065));
#8059=CARTESIAN_POINT('',(665.017107035309,65.5009886275163,-87.7573593130396));
#8060=CARTESIAN_POINT('Ctrl Pts',(667.054653787333,64.0961514126272,-89.0000000000001));
#8061=CARTESIAN_POINT('Ctrl Pts',(667.054207242844,64.2175647558748,-89.1291341701897));
#8062=CARTESIAN_POINT('Ctrl Pts',(667.053995767587,64.3386531619314,-89.2533937082633));
#8063=CARTESIAN_POINT('Ctrl Pts',(667.053936508148,64.6162848404345,-89.5291602238872));
#8064=CARTESIAN_POINT('Ctrl Pts',(667.054214952772,64.7777174095745,-89.6825984708633));
#8065=CARTESIAN_POINT('Ctrl Pts',(667.055918316848,65.2087790921778,-90.0746919439075));
#8066=CARTESIAN_POINT('Ctrl Pts',(667.057857075553,65.4836110878371,-90.3075710961033));
#8067=CARTESIAN_POINT('Ctrl Pts',(667.061585351005,65.7686545242394,-90.5329617606703));
#8068=CARTESIAN_POINT('Ctrl Pts',(666.375471536654,64.5644304842698,-88.5857864376668));
#8069=CARTESIAN_POINT('Ctrl Pts',(666.374922601496,64.6779251684594,-88.7040919841673));
#8070=CARTESIAN_POINT('Ctrl Pts',(666.374661455342,64.7904339590824,-88.8183738535443));
#8071=CARTESIAN_POINT('Ctrl Pts',(666.374589810289,65.0472316213394,-89.0731209115034));
#8072=CARTESIAN_POINT('Ctrl Pts',(666.374931404584,65.1956569544238,-89.215733857782));
#8073=CARTESIAN_POINT('Ctrl Pts',(666.377028945167,65.5903032199973,-89.5830573331953));
#8074=CARTESIAN_POINT('Ctrl Pts',(666.379418329837,65.8402628664757,-89.8041447718333));
#8075=CARTESIAN_POINT('Ctrl Pts',(666.384001484582,66.0989238753579,-90.0219745071136));
#8076=CARTESIAN_POINT('Ctrl Pts',(665.696289285976,65.0327095559124,-88.1715728753335));
#8077=CARTESIAN_POINT('Ctrl Pts',(665.695636219312,65.1382918714293,-88.2790640851434));
#8078=CARTESIAN_POINT('Ctrl Pts',(665.695328119512,65.2422184627993,-88.3833586154633));
#8079=CARTESIAN_POINT('Ctrl Pts',(665.695240250887,65.478168680124,-88.6170740167763));
#8080=CARTESIAN_POINT('Ctrl Pts',(665.695648169692,65.613595290491,-88.7488695280966));
#8081=CARTESIAN_POINT('Ctrl Pts',(665.698135719223,65.9718219269673,-89.0914185450492));
#8082=CARTESIAN_POINT('Ctrl Pts',(665.700965056432,66.1969113581594,-89.3007175321276));
#8083=CARTESIAN_POINT('Ctrl Pts',(665.706417618159,66.4291932264763,-89.5109872535568));
#8084=CARTESIAN_POINT('Ctrl Pts',(665.017107035297,65.5009886275551,-87.7573593130003));
#8085=CARTESIAN_POINT('Ctrl Pts',(665.016351577964,65.5986522840138,-87.854021899121));
#8086=CARTESIAN_POINT('Ctrl Pts',(665.015993807267,65.6939992599503,-87.9483387607443));
#8087=CARTESIAN_POINT('Ctrl Pts',(665.015893553028,65.9091154610288,-88.1610347043925));
#8088=CARTESIAN_POINT('Ctrl Pts',(665.016364621505,66.0315348353403,-88.2820049150153));
#8089=CARTESIAN_POINT('Ctrl Pts',(665.019246347542,66.3533460547869,-88.599783934337));
#8090=CARTESIAN_POINT('Ctrl Pts',(665.022526310716,66.5535631367979,-88.7972912078576));
#8091=CARTESIAN_POINT('Ctrl Pts',(665.028833751736,66.7594625775948,-89.0000000000001));
#8092=CARTESIAN_POINT('',(665.028833751736,66.7594625775948,-89.));
#8093=CARTESIAN_POINT('Ctrl Pts',(665.028833751736,66.7594625775948,-89.));
#8094=CARTESIAN_POINT('Ctrl Pts',(665.604025916108,66.021179068945,-89.));
#8095=CARTESIAN_POINT('Ctrl Pts',(666.233299799182,65.1312417745504,-89.));
#8096=CARTESIAN_POINT('Ctrl Pts',(667.054653787333,64.0961514126272,-89.));
#8097=CARTESIAN_POINT('Ctrl Pts',(665.017107035297,65.5009886275551,-87.7573593130003));
#8098=CARTESIAN_POINT('Ctrl Pts',(665.016351577964,65.5986522840138,-87.854021899121));
#8099=CARTESIAN_POINT('Ctrl Pts',(665.015993807267,65.6939992599503,-87.9483387607443));
#8100=CARTESIAN_POINT('Ctrl Pts',(665.015893553028,65.9091154610288,-88.1610347043925));
#8101=CARTESIAN_POINT('Ctrl Pts',(665.016364621505,66.0315348353403,-88.2820049150153));
#8102=CARTESIAN_POINT('Ctrl Pts',(665.019246347542,66.3533460547869,-88.599783934337));
#8103=CARTESIAN_POINT('Ctrl Pts',(665.022526310716,66.5535631367979,-88.7972912078576));
#8104=CARTESIAN_POINT('Ctrl Pts',(665.028833751736,66.7594625775948,-89.0000000000001));
#8105=CARTESIAN_POINT('Origin',(675.000000000003,-1.09525878446557E-12,
-87.5));
#8106=CARTESIAN_POINT('',(627.573102448393,46.2679916546271,-87.7573593129932));
#8107=CARTESIAN_POINT('Origin',(675.000000000003,-1.08536412201E-12,-87.7573593128807));
#8108=CARTESIAN_POINT('',(627.278547933695,47.7379619661649,-89.));
#8109=CARTESIAN_POINT('Ctrl Pts',(627.278547933695,47.7379619661649,-89.0000000000001));
#8110=CARTESIAN_POINT('Ctrl Pts',(627.403951366409,47.2644006215138,-88.5764253724031));
#8111=CARTESIAN_POINT('Ctrl Pts',(627.503214562922,46.7743714883793,-88.1609936229031));
#8112=CARTESIAN_POINT('Ctrl Pts',(627.573102448277,46.2679916547129,-87.7573593130802));
#8113=CARTESIAN_POINT('Origin',(675.000000000003,-1.09525878446557E-12,
-89.));
#8114=CARTESIAN_POINT('Origin',(675.000000000003,-1.09525878446557E-12,
-83.5147186257615));
#8115=CARTESIAN_POINT('Origin',(675.000000000003,-1.09525878446557E-12,
-83.5147186257615));
#8116=CARTESIAN_POINT('',(626.806011852742,43.8591498595741,-86.2573593128434));
#8117=CARTESIAN_POINT('Ctrl Pts',(626.806011852742,43.8591498595741,-86.2573593128434));
#8118=CARTESIAN_POINT('Ctrl Pts',(626.542084160579,43.2241143741885,-85.805515729828));
#8119=CARTESIAN_POINT('Ctrl Pts',(626.017998877201,42.1537530126303,-84.962553489819));
#8120=CARTESIAN_POINT('Ctrl Pts',(625.711797236918,41.604363573848,-83.9562117627908));
#8121=CARTESIAN_POINT('Ctrl Pts',(625.711797236918,41.604363573848,-83.5147186257615));
#8122=CARTESIAN_POINT('Ctrl Pts',(627.573102448348,46.2679916546433,-87.7573593129805));
#8123=CARTESIAN_POINT('Ctrl Pts',(627.407131123573,45.4546334185035,-87.3081873663089));
#8124=CARTESIAN_POINT('Ctrl Pts',(627.126267440326,44.6297156946418,-86.8056361192252));
#8125=CARTESIAN_POINT('Ctrl Pts',(626.806011852742,43.8591498595741,-86.2573593128434));
#8126=CARTESIAN_POINT('Origin',(675.000000000003,-1.09525878446557E-12,
15.));
#8127=CARTESIAN_POINT('',(617.473274512645,29.170633429908,-83.5147186257614));
#8128=CARTESIAN_POINT('',(617.473274512645,29.170633429908,15.));
#8129=CARTESIAN_POINT('',(620.20100664079,34.0194110298343,-83.5147186257615));
#8130=CARTESIAN_POINT('Origin',(675.000000000003,-1.09525878446557E-12,
-83.5147186257615));
#8131=CARTESIAN_POINT('',(620.20100664079,34.0194110298343,-89.));
#8132=CARTESIAN_POINT('Ctrl Pts',(618.746025657622,23.5353353764099,-88.999999999016));
#8133=CARTESIAN_POINT('Ctrl Pts',(618.878670920915,23.492236317754,-88.7579528531823));
#8134=CARTESIAN_POINT('Ctrl Pts',(619.125230504257,23.4121242528313,-88.2621102174048));
#8135=CARTESIAN_POINT('Ctrl Pts',(619.518297780538,23.2844089528229,-87.3142106075554));
#8136=CARTESIAN_POINT('Ctrl Pts',(619.99797748957,23.1285515674751,-85.7221720941075));
#8137=CARTESIAN_POINT('Ctrl Pts',(620.141813262114,23.0818164919528,-84.2910216875443));
#8138=CARTESIAN_POINT('Ctrl Pts',(620.141813262114,23.0818164919528,-83.5147186257614));
#8139=CARTESIAN_POINT('Ctrl Pts',(618.01978290123,25.5153048688776,-88.2494541402615));
#8140=CARTESIAN_POINT('Ctrl Pts',(618.136524744166,25.4770820624725,-88.0419009149641));
#8141=CARTESIAN_POINT('Ctrl Pts',(618.353749127195,25.4059414118301,-87.6160826691512));
#8142=CARTESIAN_POINT('Ctrl Pts',(618.700562772571,25.2923179244941,-86.8002435434032));
#8143=CARTESIAN_POINT('Ctrl Pts',(619.124744259432,25.1532672498976,-85.4261018732545));
#8144=CARTESIAN_POINT('Ctrl Pts',(619.252300345624,25.1114221379379,-84.186885455583));
#8145=CARTESIAN_POINT('Ctrl Pts',(619.252300345624,25.1114221379379,-83.5147186257614));
#8146=CARTESIAN_POINT('Ctrl Pts',(617.293540144839,27.4952743613453,-87.4989082815069));
#8147=CARTESIAN_POINT('Ctrl Pts',(617.394378567418,27.461927807191,-87.3258489767458));
#8148=CARTESIAN_POINT('Ctrl Pts',(617.582267750133,27.3997585708289,-86.9700551208976));
#8149=CARTESIAN_POINT('Ctrl Pts',(617.882827764604,27.3002268961654,-86.286276479251));
#8150=CARTESIAN_POINT('Ctrl Pts',(618.251511029294,27.1779829323202,-85.1300316524014));
#8151=CARTESIAN_POINT('Ctrl Pts',(618.362787429134,27.1410277839229,-84.0827492236216));
#8152=CARTESIAN_POINT('Ctrl Pts',(618.362787429134,27.1410277839229,-83.5147186257614));
#8153=CARTESIAN_POINT('Ctrl Pts',(616.567297388447,29.4752438538129,-86.7483624227523));
#8154=CARTESIAN_POINT('Ctrl Pts',(616.652232390669,29.4467735519095,-86.6097970385276));
#8155=CARTESIAN_POINT('Ctrl Pts',(616.810786373071,29.3935757298277,-86.3240275726441));
#8156=CARTESIAN_POINT('Ctrl Pts',(617.065092756636,29.3081358678367,-85.7723094150989));
#8157=CARTESIAN_POINT('Ctrl Pts',(617.378277799156,29.2026986147428,-84.8339614315484));
#8158=CARTESIAN_POINT('Ctrl Pts',(617.473274512645,29.170633429908,-83.9786129916603));
#8159=CARTESIAN_POINT('Ctrl Pts',(617.473274512645,29.170633429908,-83.5147186257614));
#8160=CARTESIAN_POINT('',(616.567297388447,29.475243853813,-86.7483624227523));
#8161=CARTESIAN_POINT('',(618.746025657946,23.5353353763046,-88.9999999992124));
#8162=CARTESIAN_POINT('Ctrl Pts',(616.567297388447,29.4752438538129,-86.7483624227523));
#8163=CARTESIAN_POINT('Ctrl Pts',(616.652232390669,29.4467735519095,-86.6097970385276));
#8164=CARTESIAN_POINT('Ctrl Pts',(616.810786373071,29.3935757298277,-86.3240275726441));
#8165=CARTESIAN_POINT('Ctrl Pts',(617.065092756636,29.3081358678367,-85.7723094150989));
#8166=CARTESIAN_POINT('Ctrl Pts',(617.378277799156,29.2026986147428,-84.8339614315484));
#8167=CARTESIAN_POINT('Ctrl Pts',(617.473274512645,29.170633429908,-83.9786129916603));
#8168=CARTESIAN_POINT('Ctrl Pts',(617.473274512645,29.170633429908,-83.5147186257614));
#8169=CARTESIAN_POINT('',(617.473274512645,29.170633429908,-83.5147186257614));
#8170=CARTESIAN_POINT('Origin',(618.807543887379,26.1262249609304,15.));
#8171=CARTESIAN_POINT('Ctrl Pts',(617.517373008725,23.9345488218651,-90.7962812571114));
#8172=CARTESIAN_POINT('Ctrl Pts',(617.96963456516,23.7876001343306,-90.2586756600641));
#8173=CARTESIAN_POINT('Ctrl Pts',(618.395009935661,23.6493872981623,-89.6405230869434));
#8174=CARTESIAN_POINT('Ctrl Pts',(618.746025657622,23.5353353764099,-88.999999999016));
#8175=CARTESIAN_POINT('Ctrl Pts',(616.941495846187,25.8681038945216,-89.7833072757417));
#8176=CARTESIAN_POINT('Ctrl Pts',(617.337300178709,25.7386908206266,-89.326523236651));
#8177=CARTESIAN_POINT('Ctrl Pts',(617.710851988328,25.6164528906958,-88.7986968603887));
#8178=CARTESIAN_POINT('Ctrl Pts',(618.01978290123,25.5153048688776,-88.2494541402615));
#8179=CARTESIAN_POINT('Ctrl Pts',(616.365618683648,27.8016589671781,-88.770333294372));
#8180=CARTESIAN_POINT('Ctrl Pts',(616.704965792258,27.6897815069227,-88.394370813238));
#8181=CARTESIAN_POINT('Ctrl Pts',(617.026694040994,27.5835184832293,-87.9568706338341));
#8182=CARTESIAN_POINT('Ctrl Pts',(617.293540144839,27.4952743613453,-87.4989082815069));
#8183=CARTESIAN_POINT('Ctrl Pts',(615.789741521109,29.7352140398346,-87.7573593130023));
#8184=CARTESIAN_POINT('Ctrl Pts',(616.072631405807,29.6408721932188,-87.462218389825));
#8185=CARTESIAN_POINT('Ctrl Pts',(616.342536093661,29.5505840757627,-87.1150444072795));
#8186=CARTESIAN_POINT('Ctrl Pts',(616.567297388447,29.4752438538129,-86.7483624227523));
#8187=CARTESIAN_POINT('',(616.496184535496,27.3632733503413,-89.));
#8188=CARTESIAN_POINT('Ctrl Pts',(618.746025657277,23.5353353762243,-89.));
#8189=CARTESIAN_POINT('Ctrl Pts',(618.315554233313,24.3351662528694,-89.));
#8190=CARTESIAN_POINT('Ctrl Pts',(617.855492416663,25.1595725731919,-89.));
#8191=CARTESIAN_POINT('Ctrl Pts',(617.104831094431,26.4159684810529,-89.));
#8192=CARTESIAN_POINT('Ctrl Pts',(616.80559933772,26.8969959933712,-89.));
#8193=CARTESIAN_POINT('Ctrl Pts',(616.496184535485,27.3632733503167,-89.));
#8194=CARTESIAN_POINT('',(615.789741521144,29.7352140398109,-87.7573593130396));
#8195=CARTESIAN_POINT('',(617.517373008728,23.9345488218641,-90.7962812571076));
#8196=CARTESIAN_POINT('Ctrl Pts',(615.789741521109,29.7352140398346,-87.7573593130023));
#8197=CARTESIAN_POINT('Ctrl Pts',(616.072631405807,29.6408721932188,-87.462218389825));
#8198=CARTESIAN_POINT('Ctrl Pts',(616.342536093661,29.5505840757627,-87.1150444072795));
#8199=CARTESIAN_POINT('Ctrl Pts',(616.567297388447,29.4752438538129,-86.7483624227523));
#8200=CARTESIAN_POINT('Ctrl Pts',(614.903397581694,27.8735129261462,-90.5329617606702));
#8201=CARTESIAN_POINT('Ctrl Pts',(615.17711750612,27.7885173171226,-90.3063496102993));
#8202=CARTESIAN_POINT('Ctrl Pts',(615.440438105474,27.705010405294,-90.072280548363));
#8203=CARTESIAN_POINT('Ctrl Pts',(615.970434315561,27.5350692496785,-89.5653969413213));
#8204=CARTESIAN_POINT('Ctrl Pts',(616.229793696823,27.4509134674396,-89.298268244154));
#8205=CARTESIAN_POINT('Ctrl Pts',(616.496184535489,27.3632733503106,-89.));
#8206=CARTESIAN_POINT('Ctrl Pts',(614.79867769302,28.6199923198609,-90.0219745071135));
#8207=CARTESIAN_POINT('Ctrl Pts',(615.04741494117,28.544015793571,-89.8030026786427));
#8208=CARTESIAN_POINT('Ctrl Pts',(615.287154008675,28.4686501584908,-89.5807142245374));
#8209=CARTESIAN_POINT('Ctrl Pts',(615.772594018657,28.3137074612652,-89.1060235740497));
#8210=CARTESIAN_POINT('Ctrl Pts',(616.011885295115,28.2360901825339,-88.8590337249764));
#8211=CARTESIAN_POINT('Ctrl Pts',(616.260703530696,28.1539202468184,-88.5857864376668));
#8212=CARTESIAN_POINT('Ctrl Pts',(614.693957804345,29.3664717135755,-89.5109872535568));
#8213=CARTESIAN_POINT('Ctrl Pts',(614.917783395909,29.2995126289348,-89.2995395762158));
#8214=CARTESIAN_POINT('Ctrl Pts',(615.133748614935,29.2323321866421,-89.0892710315634));
#8215=CARTESIAN_POINT('Ctrl Pts',(615.574804419752,29.0923351784063,-88.6465558309378));
#8216=CARTESIAN_POINT('Ctrl Pts',(615.793650678944,29.0214046126256,-88.4198606855234));
#8217=CARTESIAN_POINT('Ctrl Pts',(616.025222525904,28.9445671433262,-88.1715728753336));
#8218=CARTESIAN_POINT('Ctrl Pts',(614.58923791567,30.1129511072901,-89.0000000000001));
#8219=CARTESIAN_POINT('Ctrl Pts',(614.788080830959,30.0550111053833,-88.7961926445592));
#8220=CARTESIAN_POINT('Ctrl Pts',(614.980464518137,29.9959719398389,-88.5977047077379));
#8221=CARTESIAN_POINT('Ctrl Pts',(615.376964122848,29.870973389993,-88.1871824636661));
#8222=CARTESIAN_POINT('Ctrl Pts',(615.575742277237,29.8065813277199,-87.9806261663458));
#8223=CARTESIAN_POINT('Ctrl Pts',(615.789741521111,29.7352140398339,-87.7573593130003));
#8224=CARTESIAN_POINT('',(614.58923791567,30.1129511072902,-89.));
#8225=CARTESIAN_POINT('Ctrl Pts',(616.496184535489,27.3632733503106,-89.));
#8226=CARTESIAN_POINT('Ctrl Pts',(615.765567442564,28.4642879254744,-89.));
#8227=CARTESIAN_POINT('Ctrl Pts',(615.113643103622,29.3377687004027,-89.));
#8228=CARTESIAN_POINT('Ctrl Pts',(614.58923791567,30.1129511072902,-89.));
#8229=CARTESIAN_POINT('Ctrl Pts',(614.58923791567,30.1129511072901,-89.0000000000001));
#8230=CARTESIAN_POINT('Ctrl Pts',(614.788080830959,30.0550111053833,-88.7961926445592));
#8231=CARTESIAN_POINT('Ctrl Pts',(614.980464518137,29.9959719398389,-88.5977047077379));
#8232=CARTESIAN_POINT('Ctrl Pts',(615.376964122848,29.870973389993,-88.1871824636661));
#8233=CARTESIAN_POINT('Ctrl Pts',(615.575742277237,29.8065813277199,-87.9806261663458));
#8234=CARTESIAN_POINT('Ctrl Pts',(615.789741521111,29.7352140398339,-87.7573593130003));
#8235=CARTESIAN_POINT('Ctrl Pts',(612.303230638148,43.7402094314768,-88.9999999091247));
#8236=CARTESIAN_POINT('Ctrl Pts',(612.303233330945,43.7402123879248,-89.));
#8237=CARTESIAN_POINT('Ctrl Pts',(612.318929514647,43.7776951109407,-89.));
#8238=CARTESIAN_POINT('Ctrl Pts',(612.402993946672,43.9683803642694,-89.));
#8239=CARTESIAN_POINT('Ctrl Pts',(612.652139386273,44.4767636476167,-89.));
#8240=CARTESIAN_POINT('Ctrl Pts',(613.073967101188,45.1174660885437,-89.));
#8241=CARTESIAN_POINT('Ctrl Pts',(613.551976262589,45.6656847970276,-89.0000000000001));
#8242=CARTESIAN_POINT('Ctrl Pts',(613.839580134929,45.9463694018995,-89.));
#8243=CARTESIAN_POINT('Ctrl Pts',(613.995792980723,46.0854105674574,-89.));
#8244=CARTESIAN_POINT('Ctrl Pts',(614.026219591232,46.1116995258046,-89.));
#8245=CARTESIAN_POINT('Ctrl Pts',(614.026221570861,46.1117030003996,-88.9999999091247));
#8246=CARTESIAN_POINT('Ctrl Pts',(611.743100373705,42.4186044333342,-89.));
#8247=CARTESIAN_POINT('Ctrl Pts',(611.631978879586,42.4712145879377,-88.865090196252));
#8248=CARTESIAN_POINT('Ctrl Pts',(611.44617730689,42.6475219718547,-88.5873113166305));
#8249=CARTESIAN_POINT('Ctrl Pts',(611.260271127568,43.207283658214,-88.080145459741));
#8250=CARTESIAN_POINT('Ctrl Pts',(611.394291155612,44.467329229751,-87.4390112896264));
#8251=CARTESIAN_POINT('Ctrl Pts',(612.218680715675,45.8855148695984,-87.277555915518));
#8252=CARTESIAN_POINT('Ctrl Pts',(613.386134672238,46.9031511797762,-87.6201199442116));
#8253=CARTESIAN_POINT('Ctrl Pts',(614.210500841892,47.2679236010429,-88.0804615413909));
#8254=CARTESIAN_POINT('Ctrl Pts',(614.80118987561,47.2650574667151,-88.5873387911374));
#8255=CARTESIAN_POINT('Ctrl Pts',(615.025589272858,47.1423376274177,-88.8649464305706));
#8256=CARTESIAN_POINT('Ctrl Pts',(615.110052845537,47.0528169426491,-89.));
#8257=CARTESIAN_POINT('Ctrl Pts',(611.127686339722,41.1204303218339,-89.0546715857183));
#8258=CARTESIAN_POINT('Ctrl Pts',(610.905106787321,41.2257931904637,-88.7835960971677));
#8259=CARTESIAN_POINT('Ctrl Pts',(610.51468943633,41.5426459190677,-88.2280778045671));
#8260=CARTESIAN_POINT('Ctrl Pts',(610.04515534462,42.4798282693331,-87.220964891101));
#8261=CARTESIAN_POINT('Ctrl Pts',(610.033520270992,44.5153678738015,-85.9569192934273));
#8262=CARTESIAN_POINT('Ctrl Pts',(611.257402852786,46.7340184113689,-85.6402102090481));
#8263=CARTESIAN_POINT('Ctrl Pts',(613.143538719881,48.2140246380322,-86.3136876612202));
#8264=CARTESIAN_POINT('Ctrl Pts',(614.526881896939,48.6480875173199,-87.2216618867188));
#8265=CARTESIAN_POINT('Ctrl Pts',(615.564454431683,48.4926806294657,-88.228110020565));
#8266=CARTESIAN_POINT('Ctrl Pts',(615.985349411703,48.2185860339509,-88.7833072274841));
#8267=CARTESIAN_POINT('Ctrl Pts',(616.154516398487,48.0392683319995,-89.0546715857183));
#8268=CARTESIAN_POINT('Ctrl Pts',(610.460914509737,39.8539659477152,-89.1636662243502));
#8269=CARTESIAN_POINT('Ctrl Pts',(610.127223255192,40.0118293128771,-88.7560397846566));
#8270=CARTESIAN_POINT('Ctrl Pts',(609.530514263953,40.4703296673958,-87.9245840100044));
#8271=CARTESIAN_POINT('Ctrl Pts',(608.766994892451,41.79205593906,-86.4288239315596));
#8272=CARTESIAN_POINT('Ctrl Pts',(608.585099568196,44.6216526692434,-84.5694899472167));
#8273=CARTESIAN_POINT('Ctrl Pts',(610.201819889587,47.6521077442771,-84.1082679544262));
#8274=CARTESIAN_POINT('Ctrl Pts',(612.826094315591,49.5848697983641,-85.0935504728499));
#8275=CARTESIAN_POINT('Ctrl Pts',(614.785913045622,50.0760483127337,-86.4300449368981));
#8276=CARTESIAN_POINT('Ctrl Pts',(616.280525177013,49.7603087624101,-87.924560949422));
#8277=CARTESIAN_POINT('Ctrl Pts',(616.899428639121,49.3336280265549,-88.7556054004144));
#8278=CARTESIAN_POINT('Ctrl Pts',(617.152951767312,49.0647650401618,-89.1636662243502));
#8279=CARTESIAN_POINT('',(614.026219591232,46.1116995258046,-89.));
#8280=CARTESIAN_POINT('',(617.048542638477,49.1693909548551,-88.9999989794972));
#8281=CARTESIAN_POINT('Ctrl Pts',(617.048399764658,49.1695262572361,-88.9997806722148));
#8282=CARTESIAN_POINT('Ctrl Pts',(616.614000494815,48.6573903090176,-88.9998872780796));
#8283=CARTESIAN_POINT('Ctrl Pts',(616.161527232894,48.1608739334214,-88.9999506039996));
#8284=CARTESIAN_POINT('Ctrl Pts',(615.691814397272,47.680946693186,-88.999979554272));
#8285=CARTESIAN_POINT('Ctrl Pts',(615.659881065174,47.6483189368569,-88.9999815224505));
#8286=CARTESIAN_POINT('Ctrl Pts',(615.627868042911,47.6157678683638,-88.999983342126));
#8287=CARTESIAN_POINT('Ctrl Pts',(615.595775588416,47.5832937986176,-88.9999850207406));
#8288=CARTESIAN_POINT('Ctrl Pts',(615.125961206625,47.1078927972792,-89.0000095946559));
#8289=CARTESIAN_POINT('Ctrl Pts',(614.639438627097,46.6493072593598,-89.0000017031501));
#8290=CARTESIAN_POINT('Ctrl Pts',(614.137079502713,46.2084725402671,-89.0000001014422));
#8291=CARTESIAN_POINT('Ctrl Pts',(614.1013872377,46.1771515412903,-88.999999987642));
#8292=CARTESIAN_POINT('Ctrl Pts',(614.065615018785,46.1459201635225,-88.9999999172422));
#8293=CARTESIAN_POINT('Ctrl Pts',(614.029763153707,46.1147787494862,-88.9999999096676));
#8294=CARTESIAN_POINT('Ctrl Pts',(614.02858271153,46.1137534014749,-88.9999999094182));
#8295=CARTESIAN_POINT('Ctrl Pts',(614.027402184153,46.1127281522431,-88.9999999092236));
#8296=CARTESIAN_POINT('Ctrl Pts',(614.026221570861,46.1117030003996,-88.9999999091247));
#8297=CARTESIAN_POINT('',(612.303233330945,43.7402123879248,-89.));
#8298=CARTESIAN_POINT('Origin',(618.287908694319,41.2037461857013,-89.));
#8299=CARTESIAN_POINT('',(610.329167094673,39.9209778366004,-89.0000006774852));
#8300=CARTESIAN_POINT('Ctrl Pts',(612.303230638148,43.7402094314768,-88.9999999091247));
#8301=CARTESIAN_POINT('Ctrl Pts',(612.30262016227,43.7387690380137,-88.9999999092237));
#8302=CARTESIAN_POINT('Ctrl Pts',(612.302009567166,43.7373286963945,-88.9999999094184));
#8303=CARTESIAN_POINT('Ctrl Pts',(612.30139885159,43.7358884051733,-88.9999999096686));
#8304=CARTESIAN_POINT('Ctrl Pts',(612.044243539765,43.1294219049618,-89.0000000150179));
#8305=CARTESIAN_POINT('Ctrl Pts',(611.765893073842,42.5321814517851,-89.0000101249247));
#8306=CARTESIAN_POINT('Ctrl Pts',(611.466979848108,41.9452209917237,-89.0000337726043));
#8307=CARTESIAN_POINT('Ctrl Pts',(611.44105194397,41.8943077057555,-89.0000358238175));
#8308=CARTESIAN_POINT('Ctrl Pts',(611.414969299879,41.8434717732333,-89.000037992358));
#8309=CARTESIAN_POINT('Ctrl Pts',(611.388732313244,41.7927138866256,-89.0000402890262));
#8310=CARTESIAN_POINT('Ctrl Pts',(611.083431192824,41.2020805235969,-89.0000670137171));
#8311=CARTESIAN_POINT('Ctrl Pts',(610.757437609701,40.6224051507385,-89.0001090614196));
#8312=CARTESIAN_POINT('Ctrl Pts',(610.411430857929,40.0547299793737,-89.000198317652));
#8313=CARTESIAN_POINT('Ctrl Pts',(610.384191504919,40.0100397983044,-89.0002053443415));
#8314=CARTESIAN_POINT('Ctrl Pts',(610.356828095166,39.9654239960907,-89.0002126756662));
#8315=CARTESIAN_POINT('Ctrl Pts',(610.329340948539,39.9208830846869,-89.0002203332081));
#8316=CARTESIAN_POINT('Ctrl Pts',(610.329167094673,39.9209778366004,-89.0000006774853));
#8317=CARTESIAN_POINT('Ctrl Pts',(610.048498038557,40.073958813633,-88.6453812100938));
#8318=CARTESIAN_POINT('Ctrl Pts',(609.505024500125,40.5144549270381,-87.8746487070306));
#8319=CARTESIAN_POINT('Ctrl Pts',(608.766994892451,41.79205593906,-86.4288239315596));
#8320=CARTESIAN_POINT('Ctrl Pts',(608.585099568196,44.6216526692434,-84.5694899472167));
#8321=CARTESIAN_POINT('Ctrl Pts',(610.201819889587,47.6521077442771,-84.1082679544262));
#8322=CARTESIAN_POINT('Ctrl Pts',(612.826094315591,49.5848697983641,-85.0935504728499));
#8323=CARTESIAN_POINT('Ctrl Pts',(614.785913045622,50.0760483127337,-86.4300449368981));
#8324=CARTESIAN_POINT('Ctrl Pts',(616.230670616517,49.7708406296297,-87.8747095950849));
#8325=CARTESIAN_POINT('Ctrl Pts',(616.816280141722,49.3893614406841,-88.6450964017226));
#8326=CARTESIAN_POINT('Ctrl Pts',(617.048542638477,49.1693909548551,-88.9999989794972));
#8327=CARTESIAN_POINT('Origin',(675.000000000003,-1.09525878446557E-12,
-83.5147186257615));
#8328=CARTESIAN_POINT('',(616.340807706815,30.8080642470087,-87.757359313197));
#8329=CARTESIAN_POINT('Origin',(675.000000000003,-1.08536412201E-12,-87.7573593128807));
#8330=CARTESIAN_POINT('',(618.394708362678,32.2819838082552,-86.2573593128449));
#8331=CARTESIAN_POINT('Ctrl Pts',(618.394708362678,32.2819838082552,-86.2573593128449));
#8332=CARTESIAN_POINT('Ctrl Pts',(617.760837207998,31.7392984774721,-86.8056222067028));
#8333=CARTESIAN_POINT('Ctrl Pts',(617.063040413543,31.2172374540344,-87.3082053914426));
#8334=CARTESIAN_POINT('Ctrl Pts',(616.340807706709,30.8080642471019,-87.7573593131754));
#8335=CARTESIAN_POINT('Ctrl Pts',(620.20100664079,34.0194110298343,-83.5147186257615));
#8336=CARTESIAN_POINT('Ctrl Pts',(620.20100664079,34.0194110298343,-84.103376141801));
#8337=CARTESIAN_POINT('Ctrl Pts',(619.645376517019,33.4216113488154,-85.0930540656925));
#8338=CARTESIAN_POINT('Ctrl Pts',(618.786505733396,32.6174189896136,-85.9184766255831));
#8339=CARTESIAN_POINT('Ctrl Pts',(618.394708362678,32.2819838082552,-86.2573593128449));
#8340=CARTESIAN_POINT('Origin',(675.000000000003,-1.09525878446557E-12,
-87.5));
#8341=CARTESIAN_POINT('',(614.851760512692,30.6339564303574,-89.));
#8342=CARTESIAN_POINT('Origin',(675.000000000003,-1.09525878446557E-12,
-89.));
#8343=CARTESIAN_POINT('Ctrl Pts',(616.340807706484,30.8080642472452,-87.7573593134417));
#8344=CARTESIAN_POINT('Ctrl Pts',(615.837615321833,30.7180516018571,-88.1609936231513));
#8345=CARTESIAN_POINT('Ctrl Pts',(615.340895907103,30.6610291818776,-88.5764253725296));
#8346=CARTESIAN_POINT('Ctrl Pts',(614.851760512692,30.6339564303574,-89.0000000000001));
#8347=CARTESIAN_POINT('Ctrl Pts',(614.851760512692,30.6339564303574,-89.0000000000001));
#8348=CARTESIAN_POINT('Ctrl Pts',(615.340895907103,30.6610291818776,-88.5764253725296));
#8349=CARTESIAN_POINT('Ctrl Pts',(615.837615321833,30.7180516018571,-88.1609936231513));
#8350=CARTESIAN_POINT('Ctrl Pts',(616.340807706484,30.8080642472452,-87.7573593134417));
#8351=CARTESIAN_POINT('Ctrl Pts',(615.03942116156,31.535377233886,-89.2418759699301));
#8352=CARTESIAN_POINT('Ctrl Pts',(615.503513015791,31.5405659397325,-88.834039274762));
#8353=CARTESIAN_POINT('Ctrl Pts',(615.975242872573,31.5743629894047,-88.4334858877658));
#8354=CARTESIAN_POINT('Ctrl Pts',(616.453582089108,31.6395452020151,-88.0441359775841));
#8355=CARTESIAN_POINT('Ctrl Pts',(615.372317746211,32.3619844315391,-89.6467132075505));
#8356=CARTESIAN_POINT('Ctrl Pts',(615.804356062118,32.3483098701497,-89.2470121548437));
#8357=CARTESIAN_POINT('Ctrl Pts',(616.244411835017,32.3616864787772,-88.8541236441787));
#8358=CARTESIAN_POINT('Ctrl Pts',(616.691323663589,32.4048245177091,-88.4719652203832));
#8359=CARTESIAN_POINT('Ctrl Pts',(615.813977403342,33.0232131670942,-90.1701568774293));
#8360=CARTESIAN_POINT('Ctrl Pts',(616.21208036553,32.9997639547443,-89.7720538803191));
#8361=CARTESIAN_POINT('Ctrl Pts',(616.618330264058,33.0013461248609,-89.3807893533566));
#8362=CARTESIAN_POINT('Ctrl Pts',(617.031334028279,33.0308370717498,-89.0000000002082));
#8363=CARTESIAN_POINT('',(617.031334028483,33.0308370715902,-89.));
#8364=CARTESIAN_POINT('Ctrl Pts',(614.851760512692,30.6339564303574,-89.0000000000001));
#8365=CARTESIAN_POINT('Ctrl Pts',(614.909053898404,30.7464491242962,-89.0000000000001));
#8366=CARTESIAN_POINT('Ctrl Pts',(614.970682606056,30.8565251809828,-89.0000432831824));
#8367=CARTESIAN_POINT('Ctrl Pts',(615.036175115076,30.9641840153906,-89.0000981112301));
#8368=CARTESIAN_POINT('Ctrl Pts',(615.103669082634,31.0751329160446,-89.0001546148291));
#8369=CARTESIAN_POINT('Ctrl Pts',(615.175266477006,31.1835148855769,-89.0002232210398));
#8370=CARTESIAN_POINT('Ctrl Pts',(615.250489983565,31.2893671197049,-89.0002812399095));
#8371=CARTESIAN_POINT('Ctrl Pts',(615.327219059294,31.397337945049,-89.0003404200043));
#8372=CARTESIAN_POINT('Ctrl Pts',(615.407720846112,31.5026771454175,-89.0003884640965));
#8373=CARTESIAN_POINT('Ctrl Pts',(615.49152955265,31.6054576425597,-89.0004157800636));
#8374=CARTESIAN_POINT('Ctrl Pts',(615.577949736053,31.7114407770116,-89.0004439471954));
#8375=CARTESIAN_POINT('Ctrl Pts',(615.667886133696,31.8147036316982,-89.0004499507814));
#8376=CARTESIAN_POINT('Ctrl Pts',(615.760871135964,31.9153556099203,-89.0004404757491));
#8377=CARTESIAN_POINT('Ctrl Pts',(615.771229686086,31.9265682628836,-89.0004394202284));
#8378=CARTESIAN_POINT('Ctrl Pts',(615.781626111991,31.9377485406807,-89.0004381907028));
#8379=CARTESIAN_POINT('Ctrl Pts',(615.792059798822,31.9488966132049,-89.0004368100212));
#8380=CARTESIAN_POINT('Ctrl Pts',(615.889988215757,32.0535301058439,-89.0004238512302));
#8381=CARTESIAN_POINT('Ctrl Pts',(615.991220707361,32.1553480189653,-89.0003954954829));
#8382=CARTESIAN_POINT('Ctrl Pts',(616.095219915469,32.2544261412502,-89.0003554015188));
#8383=CARTESIAN_POINT('Ctrl Pts',(616.201569890889,32.355743796079,-89.0003144012826));
#8384=CARTESIAN_POINT('Ctrl Pts',(616.310813121088,32.4541967070669,-89.0002609677883));
#8385=CARTESIAN_POINT('Ctrl Pts',(616.42241634313,32.5499031778569,-89.000205608993));
#8386=CARTESIAN_POINT('Ctrl Pts',(616.538840343853,32.6497437561175,-89.000147858936));
#8387=CARTESIAN_POINT('Ctrl Pts',(616.657832644834,32.7465957059524,-89.0000878916731));
#8388=CARTESIAN_POINT('Ctrl Pts',(616.778832044385,32.840629579275,-89.0000470125949));
#8389=CARTESIAN_POINT('Ctrl Pts',(616.862105097576,32.905344675086,-89.0000188791855));
#8390=CARTESIAN_POINT('Ctrl Pts',(616.946329728341,32.9687257946403,-89.0000000000001));
#8391=CARTESIAN_POINT('Ctrl Pts',(617.031334028145,33.0308370715031,-89.0000000000001));
#8392=CARTESIAN_POINT('Origin',(620.096916891589,28.8353392817298,-92.0000000005609));
#8393=CARTESIAN_POINT('Ctrl Pts',(616.340807706709,30.8080642471019,-87.7573593131754));
#8394=CARTESIAN_POINT('Ctrl Pts',(617.063040413543,31.2172374540344,-87.3082053914426));
#8395=CARTESIAN_POINT('Ctrl Pts',(617.760837207998,31.7392984774721,-86.8056222067028));
#8396=CARTESIAN_POINT('Ctrl Pts',(618.394708362678,32.2819838082552,-86.2573593128449));
#8397=CARTESIAN_POINT('Ctrl Pts',(616.506769178596,32.0316914568688,-88.1793866937762));
#8398=CARTESIAN_POINT('Ctrl Pts',(617.224133874413,32.2920654113968,-87.7701056817524));
#8399=CARTESIAN_POINT('Ctrl Pts',(617.945461283035,32.6610096774779,-87.2588810334027));
#8400=CARTESIAN_POINT('Ctrl Pts',(618.600904003447,33.0664270510237,-86.6649880735308));
#8401=CARTESIAN_POINT('Ctrl Pts',(617.280143864731,33.9124435287373,-89.462188438692));
#8402=CARTESIAN_POINT('Ctrl Pts',(617.937926131694,33.9386143163405,-88.9502779508568));
#8403=CARTESIAN_POINT('Ctrl Pts',(618.625678926714,34.0723832031674,-88.304242920999));
#8404=CARTESIAN_POINT('Ctrl Pts',(619.24513847707,34.276461577678,-87.5456508532471));
#8405=CARTESIAN_POINT('Ctrl Pts',(618.619637690869,34.6831085520825,-91.2389942351874));
#8406=CARTESIAN_POINT('Ctrl Pts',(619.206696913957,34.7133012276483,-90.4562570743782));
#8407=CARTESIAN_POINT('Ctrl Pts',(619.772622089779,34.8287861973286,-89.5589787262789));
#8408=CARTESIAN_POINT('Ctrl Pts',(620.270352352444,34.9914102613889,-88.563747955296));
#8409=CARTESIAN_POINT('Ctrl Pts',(619.228592956881,34.7721745956335,-92.0000000005893));
#8410=CARTESIAN_POINT('Ctrl Pts',(619.800122382009,34.8557667205565,-91.1016921571238));
#8411=CARTESIAN_POINT('Ctrl Pts',(620.313637025031,35.0091591209756,-90.0965257876452));
#8412=CARTESIAN_POINT('Ctrl Pts',(620.753960020098,35.1897133575049,-88.9999999999284));
#8413=CARTESIAN_POINT('Ctrl Pts',(617.031334028406,33.0308370716941,-89.));
#8414=CARTESIAN_POINT('Ctrl Pts',(617.256737671902,33.1955358944284,-89.));
#8415=CARTESIAN_POINT('Ctrl Pts',(617.483547393462,33.3555580086713,-89.));
#8416=CARTESIAN_POINT('Ctrl Pts',(618.653138103683,34.1509533781995,-89.));
#8417=CARTESIAN_POINT('Ctrl Pts',(619.687223368577,34.7522984964897,-89.));
#8418=CARTESIAN_POINT('Ctrl Pts',(620.753960020098,35.1897133575049,-89.));
#8419=CARTESIAN_POINT('Origin',(623.030315090048,29.6382984391699,-88.9999999999283));
#8420=CARTESIAN_POINT('Origin',(625.298587418391,30.8548146549659,-89.));
#8421=CARTESIAN_POINT('Origin',(625.298587418391,30.8548146549659,-83.5147186257615));
#8422=CARTESIAN_POINT('Ctrl Pts',(618.394708362678,32.2819838082552,-86.2573593128449));
#8423=CARTESIAN_POINT('Ctrl Pts',(618.786505733396,32.6174189896136,-85.9184766255831));
#8424=CARTESIAN_POINT('Ctrl Pts',(619.645376517019,33.4216113488154,-85.0930540656925));
#8425=CARTESIAN_POINT('Ctrl Pts',(620.20100664079,34.0194110298343,-84.103376141801));
#8426=CARTESIAN_POINT('Ctrl Pts',(620.20100664079,34.0194110298343,-83.5147186257615));
#8427=CARTESIAN_POINT('Ctrl Pts',(618.755550734024,33.6547594831002,-86.9707096440452));
#8428=CARTESIAN_POINT('Ctrl Pts',(619.171642838239,33.840377395715,-86.5830592581732));
#8429=CARTESIAN_POINT('Ctrl Pts',(620.080281122039,34.3242970153055,-85.5847253939053));
#8430=CARTESIAN_POINT('Ctrl Pts',(620.643842378179,34.7327376835825,-84.2878980667998));
#8431=CARTESIAN_POINT('Ctrl Pts',(620.643842378179,34.7327376835825,-83.5147186257615));
#8432=CARTESIAN_POINT('Ctrl Pts',(619.625542128906,34.7270061332342,-87.9820785624528));
#8433=CARTESIAN_POINT('Ctrl Pts',(619.981895424612,34.8108127549461,-87.4512604604783));
#8434=CARTESIAN_POINT('Ctrl Pts',(620.759585221054,35.0769263004097,-86.128319240002));
#8435=CARTESIAN_POINT('Ctrl Pts',(621.238339546466,35.3514050992681,-84.4899067402674));
#8436=CARTESIAN_POINT('Ctrl Pts',(621.238339546466,35.3514050992681,-83.5147186257615));
#8437=CARTESIAN_POINT('Ctrl Pts',(620.753960020098,35.1897133575049,-88.9999999999284));
#8438=CARTESIAN_POINT('Ctrl Pts',(621.026124781754,35.3013143897049,-88.3222346254047));
#8439=CARTESIAN_POINT('Ctrl Pts',(621.596772851248,35.5875181657703,-86.6713895056226));
#8440=CARTESIAN_POINT('Ctrl Pts',(621.933461630836,35.8223017897189,-84.6920336578443));
#8441=CARTESIAN_POINT('Ctrl Pts',(621.933461630836,35.8223017897189,-83.5147186257615));
#8442=CARTESIAN_POINT('Ctrl Pts',(627.573102448277,46.2679916547129,-87.7573593130802));
#8443=CARTESIAN_POINT('Ctrl Pts',(627.503214562922,46.7743714883793,-88.1609936229031));
#8444=CARTESIAN_POINT('Ctrl Pts',(627.403951366409,47.2644006215138,-88.5764253724031));
#8445=CARTESIAN_POINT('Ctrl Pts',(627.278547933695,47.7379619661649,-89.0000000000001));
#8446=CARTESIAN_POINT('Ctrl Pts',(626.817166268735,45.9037950977002,-88.0441359772764));
#8447=CARTESIAN_POINT('Ctrl Pts',(626.731343289788,46.3788651381598,-88.4334858875658));
#8448=CARTESIAN_POINT('Ctrl Pts',(626.617713651582,46.8379507552284,-88.8340392746772));
#8449=CARTESIAN_POINT('Ctrl Pts',(626.479236134137,47.2809317357683,-89.2418759699648));
#8450=CARTESIAN_POINT('Ctrl Pts',(626.162808575474,45.4412051100546,-88.4719652201639));
#8451=CARTESIAN_POINT('Ctrl Pts',(626.065731938468,45.8795739040913,-88.8541236440655));
#8452=CARTESIAN_POINT('Ctrl Pts',(625.942469136938,46.3022254139539,-89.2470121548434));
#8453=CARTESIAN_POINT('Ctrl Pts',(625.795956674338,46.7088925978371,-89.6467132076672));
#8454=CARTESIAN_POINT('Ctrl Pts',(625.672504237602,44.9243875191612,-89.0000000000939));
#8455=CARTESIAN_POINT('Ctrl Pts',(625.572926612911,45.3262906442604,-89.3807893533496));
#8456=CARTESIAN_POINT('Ctrl Pts',(625.448893223471,45.7131461750586,-89.7720538804258));
#8457=CARTESIAN_POINT('Ctrl Pts',(625.303571116394,46.0845183863783,-90.1701568776541));
#8458=CARTESIAN_POINT('',(625.672504237646,44.9243875191205,-89.));
#8459=CARTESIAN_POINT('Ctrl Pts',(625.672504237689,44.9243875192531,-89.0000000000001));
#8460=CARTESIAN_POINT('Ctrl Pts',(625.720051375543,45.0693866803883,-89.0000000000001));
#8461=CARTESIAN_POINT('Ctrl Pts',(625.770642818376,45.2136554513034,-89.0000394985573));
#8462=CARTESIAN_POINT('Ctrl Pts',(625.824624048878,45.3567496341481,-89.0000903964629));
#8463=CARTESIAN_POINT('Ctrl Pts',(625.877092719932,45.4958343037575,-89.0001398682041));
#8464=CARTESIAN_POINT('Ctrl Pts',(625.932764048175,45.6338095298273,-89.0002001357405));
#8465=CARTESIAN_POINT('Ctrl Pts',(625.991939257041,45.7702232296547,-89.0002542794709));
#8466=CARTESIAN_POINT('Ctrl Pts',(626.048956529203,45.9016623440888,-89.000306448747));
#8467=CARTESIAN_POINT('Ctrl Pts',(626.109226968962,46.031651820149,-89.0003530476525));
#8468=CARTESIAN_POINT('Ctrl Pts',(626.17300242638,46.1597434724226,-89.0003862241462));
#8469=CARTESIAN_POINT('Ctrl Pts',(626.222220147881,46.2585962211686,-89.0004118275914));
#8470=CARTESIAN_POINT('Ctrl Pts',(626.273525074863,46.3563178434894,-89.0004296085564));
#8471=CARTESIAN_POINT('Ctrl Pts',(626.327024160143,46.452683046049,-89.000438293678));
#8472=CARTESIAN_POINT('Ctrl Pts',(626.392599889092,46.5708012974193,-89.0004489393399));
#8473=CARTESIAN_POINT('Ctrl Pts',(626.461486023784,46.6869105579015,-89.0004459825344));
#8474=CARTESIAN_POINT('Ctrl Pts',(626.533921513654,46.8006210263226,-89.0004215703003));
#8475=CARTESIAN_POINT('Ctrl Pts',(626.60478928043,46.9118704562702,-89.0003976864208));
#8476=CARTESIAN_POINT('Ctrl Pts',(626.679054757483,47.020823972353,-89.0003533514761));
#8477=CARTESIAN_POINT('Ctrl Pts',(626.756929178594,47.1270724822644,-89.0002965617589));
#8478=CARTESIAN_POINT('Ctrl Pts',(626.836132319195,47.2351338398842,-89.0002388030766));
#8479=CARTESIAN_POINT('Ctrl Pts',(626.919069117457,47.3403975375722,-89.0001681919664));
#8480=CARTESIAN_POINT('Ctrl Pts',(627.005942270112,47.4423820968552,-89.0001084616121));
#8481=CARTESIAN_POINT('Ctrl Pts',(627.087646230697,47.5382982937149,-89.0000522853785));
#8482=CARTESIAN_POINT('Ctrl Pts',(627.172832233311,47.6313137037797,-89.0000059479412));
#8483=CARTESIAN_POINT('Ctrl Pts',(627.261647106512,47.7209829151778,-89.0000005197438));
#8484=CARTESIAN_POINT('Ctrl Pts',(627.267266187093,47.7266560474619,-89.0000001763162));
#8485=CARTESIAN_POINT('Ctrl Pts',(627.272899784908,47.7323157707576,-89.));
#8486=CARTESIAN_POINT('Ctrl Pts',(627.278547933695,47.7379619661649,-89.));
#8487=CARTESIAN_POINT('Origin',(630.609976952526,43.3053250778873,-92.0000000001994));
#8488=CARTESIAN_POINT('Ctrl Pts',(626.806011852742,43.8591498595741,-86.2573593128434));
#8489=CARTESIAN_POINT('Ctrl Pts',(627.126267440326,44.6297156946418,-86.8056361192252));
#8490=CARTESIAN_POINT('Ctrl Pts',(627.407131123573,45.4546334185035,-87.3081873663089));
#8491=CARTESIAN_POINT('Ctrl Pts',(627.573102448348,46.2679916546433,-87.7573593129805));
#8492=CARTESIAN_POINT('Ctrl Pts',(626.123679952207,43.4206398586512,-86.6649880735292));
#8493=CARTESIAN_POINT('Ctrl Pts',(626.306716492243,44.1693027845188,-87.2588961038174));
#8494=CARTESIAN_POINT('Ctrl Pts',(626.434695226791,44.9692863590416,-87.7700892567557));
#8495=CARTESIAN_POINT('Ctrl Pts',(626.460648732268,45.7320313127766,-88.1793866935978));
#8496=CARTESIAN_POINT('Ctrl Pts',(625.171948240214,42.4340151830351,-87.5456508871727));
#8497=CARTESIAN_POINT('Ctrl Pts',(625.174614847405,43.0862364610056,-88.304262204687));
#8498=CARTESIAN_POINT('Ctrl Pts',(625.089316740779,43.7816230464615,-88.9502576450265));
#8499=CARTESIAN_POINT('Ctrl Pts',(624.910933581423,44.4153238058237,-89.4621886762972));
#8500=CARTESIAN_POINT('Ctrl Pts',(624.808800037302,41.2380476018304,-88.5637479552933));
#8501=CARTESIAN_POINT('Ctrl Pts',(624.809657625117,41.7616840982603,-89.5590039808981));
#8502=CARTESIAN_POINT('Ctrl Pts',(624.744615967303,42.3355616746336,-90.4562256621071));
#8503=CARTESIAN_POINT('Ctrl Pts',(624.591913503699,42.9032410045909,-91.2389942348479));
#8504=CARTESIAN_POINT('Ctrl Pts',(624.769645573455,40.716830351441,-88.9999999999254));
#8505=CARTESIAN_POINT('Ctrl Pts',(624.805296472802,41.1914087750962,-90.0965536126904));
#8506=CARTESIAN_POINT('Ctrl Pts',(624.792499555758,41.7271561884057,-91.1016561068562));
#8507=CARTESIAN_POINT('Ctrl Pts',(624.695384188587,42.296567209638,-92.0000000001994));
#8508=CARTESIAN_POINT('Ctrl Pts',(624.769645573455,40.716830351441,-89.));
#8509=CARTESIAN_POINT('Ctrl Pts',(624.848283239091,41.7636409532618,-89.));
#8510=CARTESIAN_POINT('Ctrl Pts',(625.063761607643,42.8224642470989,-89.));
#8511=CARTESIAN_POINT('Ctrl Pts',(625.441441859069,44.1918606867636,-89.));
#8512=CARTESIAN_POINT('Ctrl Pts',(625.553011218267,44.5599830911192,-89.));
#8513=CARTESIAN_POINT('Ctrl Pts',(625.672504237646,44.9243875191211,-89.));
#8514=CARTESIAN_POINT('Origin',(630.752787308041,40.2673695813546,-88.9999999999254));
#8515=CARTESIAN_POINT('Ctrl Pts',(625.711797236918,41.604363573848,-83.5147186257615));
#8516=CARTESIAN_POINT('Ctrl Pts',(625.711797236918,41.604363573848,-83.9562117627908));
#8517=CARTESIAN_POINT('Ctrl Pts',(626.017998877201,42.1537530126303,-84.962553489819));
#8518=CARTESIAN_POINT('Ctrl Pts',(626.542084160579,43.2241143741885,-85.805515729828));
#8519=CARTESIAN_POINT('Ctrl Pts',(626.806011852742,43.8591498595741,-86.2573593128434));
#8520=CARTESIAN_POINT('Ctrl Pts',(625.170227043193,40.9627717016071,-83.5147186257615));
#8521=CARTESIAN_POINT('Ctrl Pts',(625.170227043193,40.9627717016071,-84.0946032065389));
#8522=CARTESIAN_POINT('Ctrl Pts',(625.336272777098,41.471910605795,-85.4148639795646));
#8523=CARTESIAN_POINT('Ctrl Pts',(625.547992901598,42.4876424292247,-86.453842462881));
#8524=CARTESIAN_POINT('Ctrl Pts',(625.611931026806,43.0917573579591,-86.9707096440436));
#8525=CARTESIAN_POINT('Ctrl Pts',(624.765549094195,40.2061925504749,-83.5147186257615));
#8526=CARTESIAN_POINT('Ctrl Pts',(624.765549094195,40.2061925504749,-84.2461097116385));
#8527=CARTESIAN_POINT('Ctrl Pts',(624.853713123043,40.6212662603698,-85.9126414126112));
#8528=CARTESIAN_POINT('Ctrl Pts',(624.901558510015,41.4465908765708,-87.2743210931516));
#8529=CARTESIAN_POINT('Ctrl Pts',(624.861005989099,41.933003935683,-87.9820785624506));
#8530=CARTESIAN_POINT('Ctrl Pts',(624.532504265476,39.39957708257,-83.5147186257615));
#8531=CARTESIAN_POINT('Ctrl Pts',(624.532504265476,39.39957708257,-84.3977048998202));
#8532=CARTESIAN_POINT('Ctrl Pts',(624.625090670287,39.7017441899616,-86.4103883538762));
#8533=CARTESIAN_POINT('Ctrl Pts',(624.740265103751,40.3257227706173,-88.0963128338944));
#8534=CARTESIAN_POINT('Ctrl Pts',(624.769645573455,40.716830351441,-88.9999999999254));
#8535=CARTESIAN_POINT('Ctrl Pts',(622.071923768468,-36.8628369286567,-79.));
#8536=CARTESIAN_POINT('Ctrl Pts',(622.262630507567,-37.1366558114638,-79.));
#8537=CARTESIAN_POINT('Ctrl Pts',(622.772228288161,-37.8571893290537,-79.));
#8538=CARTESIAN_POINT('Ctrl Pts',(623.318427071665,-38.5935347365972,-79.));
#8539=CARTESIAN_POINT('Ctrl Pts',(623.58568369502,-38.9463487234821,-79.));
#8540=CARTESIAN_POINT('Ctrl Pts',(622.199296658125,-36.3517730372069,-79.4474866772942));
#8541=CARTESIAN_POINT('Ctrl Pts',(622.508781959275,-36.6464493981783,-79.4761988125199));
#8542=CARTESIAN_POINT('Ctrl Pts',(623.267113572926,-37.4739400445861,-79.4906912731399));
#8543=CARTESIAN_POINT('Ctrl Pts',(623.86621226882,-38.4719337175479,-79.4855713242778));
#8544=CARTESIAN_POINT('Ctrl Pts',(624.111094726732,-38.9831373345974,-79.4474866772568));
#8545=CARTESIAN_POINT('Ctrl Pts',(622.148198173024,-35.967770807805,-80.0839081443079));
#8546=CARTESIAN_POINT('Ctrl Pts',(622.574541525425,-36.2856987194976,-80.1722463706652));
#8547=CARTESIAN_POINT('Ctrl Pts',(623.576107687307,-37.2256746125543,-80.2600083662578));
#8548=CARTESIAN_POINT('Ctrl Pts',(624.234196612299,-38.4822462882708,-80.2010826469677));
#8549=CARTESIAN_POINT('Ctrl Pts',(624.460512248975,-39.1503980967406,-80.0839081441939));
#8550=CARTESIAN_POINT('Ctrl Pts',(621.933461631535,-35.8223017901927,-80.7245183715005));
#8551=CARTESIAN_POINT('Ctrl Pts',(622.441634766101,-36.1665536168725,-80.8736274331492));
#8552=CARTESIAN_POINT('Ctrl Pts',(623.591226735451,-37.2005289347617,-81.0374727232429));
#8553=CARTESIAN_POINT('Ctrl Pts',(624.306521910943,-38.6174062717633,-80.9223011532084));
#8554=CARTESIAN_POINT('Ctrl Pts',(624.532504265461,-39.399577082518,-80.7245183713085));
#8555=CARTESIAN_POINT('',(623.58568369502,-38.9463487234821,-79.));
#8556=CARTESIAN_POINT('',(624.532504265461,-39.3995770825207,-80.7245183713203));
#8557=CARTESIAN_POINT('Origin',(622.034666037004,-40.1212447237914,-80.7245183713085));
#8558=CARTESIAN_POINT('',(621.933461631499,-35.8223017901677,-80.7245183716839));
#8559=CARTESIAN_POINT('Ctrl Pts',(624.532504265461,-39.399577082518,-80.7245183713085));
#8560=CARTESIAN_POINT('Ctrl Pts',(624.306521910943,-38.6174062717633,-80.9223011532084));
#8561=CARTESIAN_POINT('Ctrl Pts',(623.591226735451,-37.2005289347617,-81.0374727232429));
#8562=CARTESIAN_POINT('Ctrl Pts',(622.441634766101,-36.1665536168725,-80.8736274331492));
#8563=CARTESIAN_POINT('Ctrl Pts',(621.933461631535,-35.8223017901927,-80.7245183715005));
#8564=CARTESIAN_POINT('',(622.071923768468,-36.8628369286568,-79.));
#8565=CARTESIAN_POINT('Origin',(620.475240456649,-37.9748795483962,-80.7245183715004));
#8566=CARTESIAN_POINT('Origin',(675.000000000003,8.38182007621634E-13,-79.));
#8567=CARTESIAN_POINT('Ctrl Pts',(623.58568369502,-38.9463487234821,-79.));
#8568=CARTESIAN_POINT('Ctrl Pts',(624.255629234147,-39.8307651831699,-79.));
#8569=CARTESIAN_POINT('Ctrl Pts',(624.975283845102,-40.7316500906671,-78.9999999999999));
#8570=CARTESIAN_POINT('Ctrl Pts',(625.706601563576,-41.5982073469664,-79.));
#8571=CARTESIAN_POINT('Ctrl Pts',(625.709199034636,-41.601285514003,-79.));
#8572=CARTESIAN_POINT('Ctrl Pts',(625.711797236918,-41.6043635738483,-79.));
#8573=CARTESIAN_POINT('Ctrl Pts',(624.111094726737,-38.9831373346073,-79.4474866772553));
#8574=CARTESIAN_POINT('Ctrl Pts',(624.504602314446,-39.8933459232861,-79.4103267129851));
#8575=CARTESIAN_POINT('Ctrl Pts',(625.041949595474,-40.8119512881391,-79.2034048553865));
#8576=CARTESIAN_POINT('Ctrl Pts',(625.707081272075,-41.598765993328,-79.0014339234802));
#8577=CARTESIAN_POINT('Ctrl Pts',(625.709436512293,-41.6015668510055,-79.0007171160865));
#8578=CARTESIAN_POINT('Ctrl Pts',(625.711797236918,-41.6043635738483,-79.));
#8579=CARTESIAN_POINT('Ctrl Pts',(624.460512248985,-39.1503980967619,-80.083908144193));
#8580=CARTESIAN_POINT('Ctrl Pts',(624.671038423223,-40.0260112905536,-79.8214810450218));
#8581=CARTESIAN_POINT('Ctrl Pts',(625.109916550393,-40.8912519111654,-79.4063583278705));
#8582=CARTESIAN_POINT('Ctrl Pts',(625.707555678125,-41.5993288779322,-79.0028689641843));
#8583=CARTESIAN_POINT('Ctrl Pts',(625.709673989951,-41.601848188008,-79.001434232173));
#8584=CARTESIAN_POINT('Ctrl Pts',(625.711797236918,-41.6043635738483,-79.));
#8585=CARTESIAN_POINT('Ctrl Pts',(624.532504265469,-39.3995770825484,-80.7245183713085));
#8586=CARTESIAN_POINT('Ctrl Pts',(624.769635958182,-40.2203380165134,-80.2287263838485));
#8587=CARTESIAN_POINT('Ctrl Pts',(625.177958270735,-40.9703358863251,-79.609572677874));
#8588=CARTESIAN_POINT('Ctrl Pts',(625.708027858064,-41.5998940388938,-79.0043033430562));
#8589=CARTESIAN_POINT('Ctrl Pts',(625.709911467609,-41.6021295250105,-79.0021513482595));
#8590=CARTESIAN_POINT('Ctrl Pts',(625.711797236918,-41.6043635738483,-79.));
#8591=CARTESIAN_POINT('',(625.711797236918,-41.6043635738483,-79.));
#8592=CARTESIAN_POINT('Origin',(675.000000000003,8.38182007621634E-13,-79.));
#8593=CARTESIAN_POINT('Ctrl Pts',(625.711797236918,-41.6043635738483,-79.));
#8594=CARTESIAN_POINT('Ctrl Pts',(625.709911467609,-41.6021295250105,-79.0021513482595));
#8595=CARTESIAN_POINT('Ctrl Pts',(625.708027858064,-41.5998940388938,-79.0043033430562));
#8596=CARTESIAN_POINT('Ctrl Pts',(625.177958270735,-40.9703358863251,-79.609572677874));
#8597=CARTESIAN_POINT('Ctrl Pts',(624.769635958182,-40.2203380165134,-80.2287263838485));
#8598=CARTESIAN_POINT('Ctrl Pts',(624.532504265469,-39.3995770825484,-80.7245183713085));
#8599=CARTESIAN_POINT('Ctrl Pts',(620.20100664079,-34.0194110298345,-79.));
#8600=CARTESIAN_POINT('Ctrl Pts',(620.20313116099,-34.0228332398263,-79.));
#8601=CARTESIAN_POINT('Ctrl Pts',(620.205256009188,-34.0262547876335,-79.));
#8602=CARTESIAN_POINT('Ctrl Pts',(620.803411331607,-34.9895601985123,-78.9999999999979));
#8603=CARTESIAN_POINT('Ctrl Pts',(621.437818288175,-35.9523811418505,-79.));
#8604=CARTESIAN_POINT('Ctrl Pts',(622.071923768468,-36.8628369286568,-79.));
#8605=CARTESIAN_POINT('Ctrl Pts',(620.20100664079,-34.0194110298345,-79.));
#8606=CARTESIAN_POINT('Ctrl Pts',(620.202854513288,-34.0225689105644,-79.0007212842434));
#8607=CARTESIAN_POINT('Ctrl Pts',(620.20494831261,-34.0255817651791,-79.0014303561808));
#8608=CARTESIAN_POINT('Ctrl Pts',(620.745984067216,-34.9022498671171,-79.2033197160056));
#8609=CARTESIAN_POINT('Ctrl Pts',(621.454178018022,-35.6955040384455,-79.4085258006269));
#8610=CARTESIAN_POINT('Ctrl Pts',(622.199296658006,-36.3517730370736,-79.4474866772705));
#8611=CARTESIAN_POINT('Ctrl Pts',(620.20100664079,-34.0194110298345,-79.));
#8612=CARTESIAN_POINT('Ctrl Pts',(620.20268717106,-34.0222358568109,-79.0014347403208));
#8613=CARTESIAN_POINT('Ctrl Pts',(620.204534828115,-34.0249753431643,-79.0028686565617));
#8614=CARTESIAN_POINT('Ctrl Pts',(620.69222095686,-34.8126033829364,-79.4062836011825));
#8615=CARTESIAN_POINT('Ctrl Pts',(621.380415019091,-35.4950912091136,-79.8199908544231));
#8616=CARTESIAN_POINT('Ctrl Pts',(622.148198172755,-35.9677708075635,-80.0839081442952));
#8617=CARTESIAN_POINT('Ctrl Pts',(620.20100664079,-34.0194110298345,-79.));
#8618=CARTESIAN_POINT('Ctrl Pts',(620.202548612717,-34.0218948620596,-79.0021513482528));
#8619=CARTESIAN_POINT('Ctrl Pts',(620.204092619072,-34.0243770844747,-79.0043033431515));
#8620=CARTESIAN_POINT('Ctrl Pts',(620.639037488172,-34.7230473980469,-79.6095726618836));
#8621=CARTESIAN_POINT('Ctrl Pts',(621.226149319389,-35.3431470714005,-80.2287263840071));
#8622=CARTESIAN_POINT('Ctrl Pts',(621.933461631129,-35.8223017899174,-80.7245183715004));
#8623=CARTESIAN_POINT('',(620.20100664079,-34.0194110298346,-79.));
#8624=CARTESIAN_POINT('Ctrl Pts',(621.933461631129,-35.8223017899174,-80.7245183715004));
#8625=CARTESIAN_POINT('Ctrl Pts',(621.226149319389,-35.3431470714005,-80.2287263840071));
#8626=CARTESIAN_POINT('Ctrl Pts',(620.639037488172,-34.7230473980469,-79.6095726618836));
#8627=CARTESIAN_POINT('Ctrl Pts',(620.204092619072,-34.0243770844747,-79.0043033431515));
#8628=CARTESIAN_POINT('Ctrl Pts',(620.202548612717,-34.0218948620596,-79.0021513482528));
#8629=CARTESIAN_POINT('Ctrl Pts',(620.20100664079,-34.0194110298345,-79.));
#8630=CARTESIAN_POINT('Origin',(675.000000000003,8.38182007621634E-13,-79.));
#8631=CARTESIAN_POINT('Origin',(625.298587418391,-30.8548146549661,-89.));
#8632=CARTESIAN_POINT('',(621.933461630836,-35.8223017897191,-83.5147186257615));
#8633=CARTESIAN_POINT('',(621.933461630837,-35.8223017897191,-89.));
#8634=CARTESIAN_POINT('',(620.20100664079,-34.0194110298345,-83.5147186257615));
#8635=CARTESIAN_POINT('Origin',(625.298587418391,-30.8548146549661,-83.5147186257615));
#8636=CARTESIAN_POINT('',(620.20100664079,-34.0194110298346,-89.));
#8637=CARTESIAN_POINT('Origin',(618.287908694319,-41.2037461857015,-89.));
#8638=CARTESIAN_POINT('',(624.532504265476,-39.3995770825703,-83.5147186257615));
#8639=CARTESIAN_POINT('',(624.532504265476,-39.3995770825703,-89.));
#8640=CARTESIAN_POINT('',(624.769645573453,-40.71683035142,-88.9999999999382));
#8641=CARTESIAN_POINT('Ctrl Pts',(624.769645573455,-40.7168303514425,-88.9999999999283));
#8642=CARTESIAN_POINT('Ctrl Pts',(624.747610221177,-40.4234996658246,-88.3222346254048));
#8643=CARTESIAN_POINT('Ctrl Pts',(624.651754221584,-39.7923392487941,-86.6713884100411));
#8644=CARTESIAN_POINT('Ctrl Pts',(624.532504265476,-39.3995770825703,-84.6920336578429));
#8645=CARTESIAN_POINT('Ctrl Pts',(624.532504265476,-39.3995770825703,-83.5147186257615));
#8646=CARTESIAN_POINT('',(620.753960020121,-35.1897133575146,-88.9999999999356));
#8647=CARTESIAN_POINT('Origin',(618.287908694319,-41.2037461857015,-89.));
#8648=CARTESIAN_POINT('Ctrl Pts',(621.933461630836,-35.8223017897191,-83.5147186257615));
#8649=CARTESIAN_POINT('Ctrl Pts',(621.933461630836,-35.8223017897191,-84.3977048998201));
#8650=CARTESIAN_POINT('Ctrl Pts',(621.674694573124,-35.6408723210524,-86.4103901265847));
#8651=CARTESIAN_POINT('Ctrl Pts',(621.116846368973,-35.3385147337722,-88.0963128338946));
#8652=CARTESIAN_POINT('Ctrl Pts',(620.753960020099,-35.1897133575057,-88.9999999999255));
#8653=CARTESIAN_POINT('Origin',(614.182738319111,11.8925370008358,15.));
#8654=CARTESIAN_POINT('',(611.313833319857,10.2138226726683,-83.5147186257615));
#8655=CARTESIAN_POINT('',(611.313833319857,10.2138226726683,15.));
#8656=CARTESIAN_POINT('',(611.313833319857,10.2138226726683,-83.5147186257615));
#8657=CARTESIAN_POINT('Ctrl Pts',(617.051643318364,13.5712513290032,-83.5147186257614));
#8658=CARTESIAN_POINT('Ctrl Pts',(617.051643318364,13.5712513290032,-84.0579868848741));
#8659=CARTESIAN_POINT('Ctrl Pts',(616.953027888674,13.603293424462,-85.5170560944393));
#8660=CARTESIAN_POINT('Ctrl Pts',(616.55171073164,13.7336892732188,-86.9728637899222));
#8661=CARTESIAN_POINT('Ctrl Pts',(616.088620337839,13.8841564633008,-88.1431037593296));
#8662=CARTESIAN_POINT('Ctrl Pts',(615.88816931347,13.9492869492483,-88.5760810265248));
#8663=CARTESIAN_POINT('Ctrl Pts',(615.655855713872,14.0247702134604,-88.999999999016));
#8664=CARTESIAN_POINT('Ctrl Pts',(615.139039985529,12.4521084435582,-83.5147186257614));
#8665=CARTESIAN_POINT('Ctrl Pts',(615.139088445916,12.4520926688954,-83.9851000734698));
#8666=CARTESIAN_POINT('Ctrl Pts',(615.051415616679,12.4803089957724,-85.2485734705144));
#8667=CARTESIAN_POINT('Ctrl Pts',(614.6954976108,12.5949061052979,-86.5060454985476));
#8668=CARTESIAN_POINT('Ctrl Pts',(614.286400251897,12.7267099805903,-87.5137460157797));
#8669=CARTESIAN_POINT('Ctrl Pts',(614.109173974022,12.7838305491927,-87.8859382082633));
#8670=CARTESIAN_POINT('Ctrl Pts',(613.904516114248,12.8498160275013,-88.2494541402615));
#8671=CARTESIAN_POINT('Ctrl Pts',(613.226436652693,11.3329655581133,-83.5147186257614));
#8672=CARTESIAN_POINT('Ctrl Pts',(613.226388192306,11.3329813327761,-83.9122455126478));
#8673=CARTESIAN_POINT('Ctrl Pts',(613.149928679635,11.3572807279168,-84.980062523755));
#8674=CARTESIAN_POINT('Ctrl Pts',(612.839806335413,11.4559424620734,-86.0392801341216));
#8675=CARTESIAN_POINT('Ctrl Pts',(612.483876857544,11.5693679338581,-86.8843718155645));
#8676=CARTESIAN_POINT('Ctrl Pts',(612.330485531896,11.61826815395,-87.1958232002855));
#8677=CARTESIAN_POINT('Ctrl Pts',(612.153176514624,11.6748618415423,-87.4989082815069));
#8678=CARTESIAN_POINT('Ctrl Pts',(611.313833319857,10.2138226726683,-83.5147186257615));
#8679=CARTESIAN_POINT('Ctrl Pts',(611.313833319857,10.2138226726683,-83.8393587012436));
#8680=CARTESIAN_POINT('Ctrl Pts',(611.248316407639,10.2342962992271,-84.7115798998301));
#8681=CARTESIAN_POINT('Ctrl Pts',(610.983593214573,10.3171592941525,-85.572461842747));
#8682=CARTESIAN_POINT('Ctrl Pts',(610.681656771602,10.4119214511476,-86.2550140720147));
#8683=CARTESIAN_POINT('Ctrl Pts',(610.551490192448,10.4528117538944,-86.5056803820241));
#8684=CARTESIAN_POINT('Ctrl Pts',(610.401836915,10.4999076555833,-86.7483624227524));
#8685=CARTESIAN_POINT('',(610.401836915,10.4999076555833,-86.7483624227524));
#8686=CARTESIAN_POINT('',(610.401836915,10.4999076555833,-86.7483624227524));
#8687=CARTESIAN_POINT('Ctrl Pts',(611.313833319857,10.2138226726683,-83.5147186257615));
#8688=CARTESIAN_POINT('Ctrl Pts',(611.313833319857,10.2138226726683,-83.8393587012436));
#8689=CARTESIAN_POINT('Ctrl Pts',(611.248316407639,10.2342962992271,-84.7115798998301));
#8690=CARTESIAN_POINT('Ctrl Pts',(610.983593214573,10.3171592941525,-85.572461842747));
#8691=CARTESIAN_POINT('Ctrl Pts',(610.681656771602,10.4119214511476,-86.2550140720147));
#8692=CARTESIAN_POINT('Ctrl Pts',(610.551490192448,10.4528117538944,-86.5056803820241));
#8693=CARTESIAN_POINT('Ctrl Pts',(610.401836915,10.4999076555833,-86.7483624227524));
#8694=CARTESIAN_POINT('Ctrl Pts',(615.655855713333,14.0247702136356,-89.));
#8695=CARTESIAN_POINT('Ctrl Pts',(615.539533423356,14.0625656167602,-89.2122614677695));
#8696=CARTESIAN_POINT('Ctrl Pts',(615.165133607625,14.1842154911571,-89.8461455069893));
#8697=CARTESIAN_POINT('Ctrl Pts',(614.729590707811,14.325731957861,-90.4368315383528));
#8698=CARTESIAN_POINT('Ctrl Pts',(614.42720306497,14.4239836589176,-90.7962812571188));
#8699=CARTESIAN_POINT('Ctrl Pts',(613.904516113773,12.8498160276546,-88.2494541411052));
#8700=CARTESIAN_POINT('Ctrl Pts',(613.801997653021,12.882871038471,-88.4314661522606));
#8701=CARTESIAN_POINT('Ctrl Pts',(613.472257963711,12.9892092380021,-88.9743348796612));
#8702=CARTESIAN_POINT('Ctrl Pts',(613.089712529195,13.1126599275799,-89.4778848150566));
#8703=CARTESIAN_POINT('Ctrl Pts',(612.824793497601,13.1981968488507,-89.783307275748));
#8704=CARTESIAN_POINT('Ctrl Pts',(612.153176514213,11.6748618416736,-87.4989082822105));
#8705=CARTESIAN_POINT('Ctrl Pts',(612.064439439731,11.7031837339133,-87.6506716353664));
#8706=CARTESIAN_POINT('Ctrl Pts',(611.779374301381,11.7942055438457,-88.1025178370515));
#8707=CARTESIAN_POINT('Ctrl Pts',(611.449949364184,11.8995506767811,-88.5189711826197));
#8708=CARTESIAN_POINT('Ctrl Pts',(611.222383930233,11.9724100387839,-88.7703332943772));
#8709=CARTESIAN_POINT('Ctrl Pts',(610.401836914653,10.4999076556926,-86.7483624233157));
#8710=CARTESIAN_POINT('Ctrl Pts',(610.326903669396,10.5234891556241,-86.8698763198575));
#8711=CARTESIAN_POINT('Ctrl Pts',(610.086498657467,10.5991992906908,-87.2307072097233));
#8712=CARTESIAN_POINT('Ctrl Pts',(609.810071185568,10.6864786465,-87.5600244593235));
#8713=CARTESIAN_POINT('Ctrl Pts',(609.619974362865,10.746623228717,-87.7573593130065));
#8714=CARTESIAN_POINT('',(611.585690523662,12.2503267707237,-89.));
#8715=CARTESIAN_POINT('Ctrl Pts',(611.585690523654,12.2503267707447,-89.));
#8716=CARTESIAN_POINT('Ctrl Pts',(612.863249116294,12.726267375232,-89.));
#8717=CARTESIAN_POINT('Ctrl Pts',(614.246952800662,13.3463861463432,-89.));
#8718=CARTESIAN_POINT('Ctrl Pts',(615.655855713333,14.0247702136356,-89.));
#8719=CARTESIAN_POINT('',(609.619974362911,10.7466232287142,-87.7573593130396));
#8720=CARTESIAN_POINT('Ctrl Pts',(610.401836914653,10.4999076556926,-86.7483624233157));
#8721=CARTESIAN_POINT('Ctrl Pts',(610.326903669396,10.5234891556241,-86.8698763198575));
#8722=CARTESIAN_POINT('Ctrl Pts',(610.086498657467,10.5991992906908,-87.2307072097233));
#8723=CARTESIAN_POINT('Ctrl Pts',(609.810071185568,10.6864786465,-87.5600244593235));
#8724=CARTESIAN_POINT('Ctrl Pts',(609.619974362865,10.746623228717,-87.7573593130065));
#8725=CARTESIAN_POINT('',(609.619974362911,10.7466232287142,-87.7573593130396));
#8726=CARTESIAN_POINT('Ctrl Pts',(611.585690523675,12.2503267707523,-89.));
#8727=CARTESIAN_POINT('Ctrl Pts',(611.470081582578,12.2874208681131,-89.1291341701896));
#8728=CARTESIAN_POINT('Ctrl Pts',(611.354854316207,12.3246381185729,-89.2533937078649));
#8729=CARTESIAN_POINT('Ctrl Pts',(611.090792588903,12.4103746661049,-89.5291602217218));
#8730=CARTESIAN_POINT('Ctrl Pts',(610.937347136769,12.4605248899356,-89.682598468209));
#8731=CARTESIAN_POINT('Ctrl Pts',(610.527909482863,12.5953502717988,-90.0746919415085));
#8732=CARTESIAN_POINT('Ctrl Pts',(610.267127828967,12.6821218975366,-90.3075710961032));
#8733=CARTESIAN_POINT('Ctrl Pts',(609.997187511824,12.773750964183,-90.5329617606702));
#8734=CARTESIAN_POINT('Ctrl Pts',(610.930451803407,11.7490922567399,-88.5857864376668));
#8735=CARTESIAN_POINT('Ctrl Pts',(610.82234231415,11.7836419745658,-88.7040919841672));
#8736=CARTESIAN_POINT('Ctrl Pts',(610.715259397793,11.8181607382209,-88.8183738531459));
#8737=CARTESIAN_POINT('Ctrl Pts',(610.471008170036,11.8974474412531,-89.073120909338));
#8738=CARTESIAN_POINT('Ctrl Pts',(610.329952848834,11.9436382669996,-89.2157338551277));
#8739=CARTESIAN_POINT('Ctrl Pts',(609.955270121826,12.067585550279,-89.5830573307963));
#8740=CARTESIAN_POINT('Ctrl Pts',(609.718282728776,12.1470997681901,-89.8041447718333));
#8741=CARTESIAN_POINT('Ctrl Pts',(609.473697763471,12.2313892549019,-90.0219745071135));
#8742=CARTESIAN_POINT('Ctrl Pts',(610.275213083139,11.2478577427275,-88.1715728753335));
#8743=CARTESIAN_POINT('Ctrl Pts',(610.174596525263,11.2798633692213,-88.2790640851434));
#8744=CARTESIAN_POINT('Ctrl Pts',(610.075661255762,11.3116854321686,-88.3833586150225));
#8745=CARTESIAN_POINT('Ctrl Pts',(609.851232112572,11.3845144912882,-88.617074014971));
#8746=CARTESIAN_POINT('Ctrl Pts',(609.722559806576,11.4267515693042,-88.7488695258832));
#8747=CARTESIAN_POINT('Ctrl Pts',(609.382634724577,11.5398154893189,-89.0914185432071));
#8748=CARTESIAN_POINT('Ctrl Pts',(609.169436265362,11.6120628064644,-89.3007175321275));
#8749=CARTESIAN_POINT('Ctrl Pts',(608.950208015118,11.6890275456209,-89.5109872535568));
#8750=CARTESIAN_POINT('Ctrl Pts',(609.619974362871,10.7466232287151,-87.7573593130003));
#8751=CARTESIAN_POINT('Ctrl Pts',(609.526857256836,10.776084475674,-87.8540218991211));
#8752=CARTESIAN_POINT('Ctrl Pts',(609.436066337349,10.8052080518166,-87.9483387603035));
#8753=CARTESIAN_POINT('Ctrl Pts',(609.231447693705,10.8715872664364,-88.1610347025872));
#8754=CARTESIAN_POINT('Ctrl Pts',(609.11516551864,10.9098649463681,-88.282004912802));
#8755=CARTESIAN_POINT('Ctrl Pts',(608.809995363541,11.0120507677992,-88.5997839324949));
#8756=CARTESIAN_POINT('Ctrl Pts',(608.620591165171,11.077040677118,-88.7972912078575));
#8757=CARTESIAN_POINT('Ctrl Pts',(608.426718266766,11.1466658363398,-89.));
#8758=CARTESIAN_POINT('',(608.426718266766,11.1466658363398,-89.));
#8759=CARTESIAN_POINT('Ctrl Pts',(608.426718266766,11.1466658363398,-89.));
#8760=CARTESIAN_POINT('Ctrl Pts',(609.306611762363,11.4655639415482,-89.));
#8761=CARTESIAN_POINT('Ctrl Pts',(610.347448749277,11.789033220684,-89.));
#8762=CARTESIAN_POINT('Ctrl Pts',(611.585690523674,12.2503267707523,-89.));
#8763=CARTESIAN_POINT('Ctrl Pts',(609.619974362871,10.7466232287151,-87.7573593130003));
#8764=CARTESIAN_POINT('Ctrl Pts',(609.526857256836,10.776084475674,-87.8540218991211));
#8765=CARTESIAN_POINT('Ctrl Pts',(609.436066337349,10.8052080518166,-87.9483387603035));
#8766=CARTESIAN_POINT('Ctrl Pts',(609.231447693705,10.8715872664364,-88.1610347025872));
#8767=CARTESIAN_POINT('Ctrl Pts',(609.11516551864,10.9098649463681,-88.282004912802));
#8768=CARTESIAN_POINT('Ctrl Pts',(608.809995363541,11.0120507677992,-88.5997839324949));
#8769=CARTESIAN_POINT('Ctrl Pts',(608.620591165171,11.077040677118,-88.7972912078575));
#8770=CARTESIAN_POINT('Ctrl Pts',(608.426718266766,11.1466658363398,-89.));
#8771=CARTESIAN_POINT('Origin',(675.000000000003,8.38182007621634E-13,-87.5));
#8772=CARTESIAN_POINT('',(616.340807707052,-30.808064247242,-87.7573593129932));
#8773=CARTESIAN_POINT('Origin',(675.000000000003,8.46251131055424E-13,-87.7573593128808));
#8774=CARTESIAN_POINT('',(614.851760512692,-30.6339564303576,-89.));
#8775=CARTESIAN_POINT('Ctrl Pts',(614.851760512692,-30.6339564303576,-89.0000000000001));
#8776=CARTESIAN_POINT('Ctrl Pts',(615.340895907249,-30.6610291818859,-88.5764253724031));
#8777=CARTESIAN_POINT('Ctrl Pts',(615.83761532213,-30.7180516018913,-88.1609936229031));
#8778=CARTESIAN_POINT('Ctrl Pts',(616.340807706934,-30.808064247326,-87.7573593130802));
#8779=CARTESIAN_POINT('Origin',(675.000000000003,8.38182007621634E-13,-89.));
#8780=CARTESIAN_POINT('Origin',(675.000000000003,8.38182007621634E-13,-83.5147186257615));
#8781=CARTESIAN_POINT('Origin',(675.000000000003,8.38182007621634E-13,-83.5147186257615));
#8782=CARTESIAN_POINT('',(618.39470836268,-32.2819838082569,-86.2573593128434));
#8783=CARTESIAN_POINT('Ctrl Pts',(618.39470836268,-32.2819838082569,-86.2573593128434));
#8784=CARTESIAN_POINT('Ctrl Pts',(618.91710485697,-32.7292307167345,-85.805515729828));
#8785=CARTESIAN_POINT('Ctrl Pts',(619.773128079758,-33.5584257675643,-84.9625543761726));
#8786=CARTESIAN_POINT('Ctrl Pts',(620.20100664079,-34.0194110298345,-83.9562117627909));
#8787=CARTESIAN_POINT('Ctrl Pts',(620.20100664079,-34.0194110298345,-83.5147186257615));
#8788=CARTESIAN_POINT('Ctrl Pts',(616.340807707023,-30.8080642472797,-87.7573593129805));
#8789=CARTESIAN_POINT('Ctrl Pts',(617.063069397651,-31.2172538747073,-87.3081873663089));
#8790=CARTESIAN_POINT('Ctrl Pts',(617.760821123111,-31.7392847064843,-86.8056361192252));
#8791=CARTESIAN_POINT('Ctrl Pts',(618.39470836268,-32.2819838082569,-86.2573593128435));
#8792=CARTESIAN_POINT('Origin',(675.000000000003,8.38182007621634E-13,15.));
#8793=CARTESIAN_POINT('',(629.480343185695,-45.6969456693498,-83.5147186257615));
#8794=CARTESIAN_POINT('',(629.480343185695,-45.6969456693498,15.));
#8795=CARTESIAN_POINT('',(625.711797236918,-41.6043635738483,-83.5147186257615));
#8796=CARTESIAN_POINT('Origin',(675.000000000003,8.38182007621634E-13,-83.5147186257615));
#8797=CARTESIAN_POINT('',(625.711797236918,-41.6043635738483,-89.));
#8798=CARTESIAN_POINT('Ctrl Pts',(635.233131854147,-46.2278902661961,-88.999999999016));
#8799=CARTESIAN_POINT('Ctrl Pts',(635.315111135309,-46.1150554657519,-88.7579528531823));
#8800=CARTESIAN_POINT('Ctrl Pts',(635.46749333903,-45.9053193555483,-88.2621101827149));
#8801=CARTESIAN_POINT('Ctrl Pts',(635.710422278709,-45.5709563550157,-87.3142105557282));
#8802=CARTESIAN_POINT('Ctrl Pts',(636.006880635216,-45.1629164329471,-85.722172007845));
#8803=CARTESIAN_POINT('Ctrl Pts',(636.095776034799,-45.0405624121474,-84.2910216875447));
#8804=CARTESIAN_POINT('Ctrl Pts',(636.095776034799,-45.0405624121474,-83.5147186257614));
#8805=CARTESIAN_POINT('Ctrl Pts',(633.125647612504,-46.3067439505582,-88.2494541402614));
#8806=CARTESIAN_POINT('Ctrl Pts',(633.198074875028,-46.2075273568612,-88.0419009149641));
#8807=CARTESIAN_POINT('Ctrl Pts',(633.332859681131,-46.0229183608311,-87.6160826392106));
#8808=CARTESIAN_POINT('Ctrl Pts',(633.548093352197,-45.7281905682683,-86.8002434986611));
#8809=CARTESIAN_POINT('Ctrl Pts',(633.811417683749,-45.3677390318399,-85.4261017988587));
#8810=CARTESIAN_POINT('Ctrl Pts',(633.890631751764,-45.2593568312149,-84.1868854555833));
#8811=CARTESIAN_POINT('Ctrl Pts',(633.890631751764,-45.2593568312149,-83.5147186257614));
#8812=CARTESIAN_POINT('Ctrl Pts',(631.01816337086,-46.3855976349202,-87.4989082815069));
#8813=CARTESIAN_POINT('Ctrl Pts',(631.081038614748,-46.2999992479705,-87.3258489767459));
#8814=CARTESIAN_POINT('Ctrl Pts',(631.198226023233,-46.1405173661139,-86.9700550957063));
#8815=CARTESIAN_POINT('Ctrl Pts',(631.385764425686,-45.8854247815209,-86.2862764415941));
#8816=CARTESIAN_POINT('Ctrl Pts',(631.615954732282,-45.5725616307327,-85.1300315898723));
#8817=CARTESIAN_POINT('Ctrl Pts',(631.685487468729,-45.4781512502824,-84.0827492236218));
#8818=CARTESIAN_POINT('Ctrl Pts',(631.685487468729,-45.4781512502824,-83.5147186257614));
#8819=CARTESIAN_POINT('Ctrl Pts',(628.910679129216,-46.4644513192822,-86.7483624227523));
#8820=CARTESIAN_POINT('Ctrl Pts',(628.964002354467,-46.3924711390799,-86.6097970385276));
#8821=CARTESIAN_POINT('Ctrl Pts',(629.063592365334,-46.2581163713968,-86.324027552202));
#8822=CARTESIAN_POINT('Ctrl Pts',(629.223435499175,-46.0426589947734,-85.7723093845269));
#8823=CARTESIAN_POINT('Ctrl Pts',(629.420491780815,-45.7773842296254,-84.8339613808859));
#8824=CARTESIAN_POINT('Ctrl Pts',(629.480343185695,-45.6969456693498,-83.9786129916603));
#8825=CARTESIAN_POINT('Ctrl Pts',(629.480343185695,-45.6969456693498,-83.5147186257614));
#8826=CARTESIAN_POINT('',(628.910679129216,-46.4644513192822,-86.7483624227523));
#8827=CARTESIAN_POINT('',(635.233131854348,-46.2278902659205,-88.9999999992124));
#8828=CARTESIAN_POINT('Ctrl Pts',(628.910679129216,-46.4644513192822,-86.7483624227523));
#8829=CARTESIAN_POINT('Ctrl Pts',(628.964002354467,-46.3924711390799,-86.6097970385276));
#8830=CARTESIAN_POINT('Ctrl Pts',(629.063592365334,-46.2581163713968,-86.324027552202));
#8831=CARTESIAN_POINT('Ctrl Pts',(629.223435499175,-46.0426589947734,-85.7723093845269));
#8832=CARTESIAN_POINT('Ctrl Pts',(629.420491780815,-45.7773842296254,-84.8339613808859));
#8833=CARTESIAN_POINT('Ctrl Pts',(629.480343185695,-45.6969456693498,-83.9786129916603));
#8834=CARTESIAN_POINT('Ctrl Pts',(629.480343185695,-45.6969456693498,-83.5147186257614));
#8835=CARTESIAN_POINT('',(629.480343185695,-45.6969456693498,-83.5147186257615));
#8836=CARTESIAN_POINT('Origin',(632.788059610247,-45.3687540407487,15.));
#8837=CARTESIAN_POINT('Ctrl Pts',(634.473782756762,-47.2730446351639,-90.7962812571114));
#8838=CARTESIAN_POINT('Ctrl Pts',(634.753295770443,-46.8883279765962,-90.258675660064));
#8839=CARTESIAN_POINT('Ctrl Pts',(635.01619220739,-46.5264820738262,-89.6405230869433));
#8840=CARTESIAN_POINT('Ctrl Pts',(635.233131854147,-46.2278902661961,-88.999999999016));
#8841=CARTESIAN_POINT('Ctrl Pts',(632.456906775399,-47.2232349861713,-89.7833072757417));
#8842=CARTESIAN_POINT('Ctrl Pts',(632.702296187818,-46.8867935356759,-89.326523236651));
#8843=CARTESIAN_POINT('Ctrl Pts',(632.933985225069,-46.5692982506698,-88.7986968603887));
#8844=CARTESIAN_POINT('Ctrl Pts',(633.125647612504,-46.3067439505582,-88.2494541402615));
#8845=CARTESIAN_POINT('Ctrl Pts',(630.440030794037,-47.1734253371786,-88.770333294372));
#8846=CARTESIAN_POINT('Ctrl Pts',(630.651296605192,-46.8852590947555,-88.394370813238));
#8847=CARTESIAN_POINT('Ctrl Pts',(630.851778242747,-46.6121144275134,-87.9568706338341));
#8848=CARTESIAN_POINT('Ctrl Pts',(631.01816337086,-46.3855976349202,-87.4989082815069));
#8849=CARTESIAN_POINT('Ctrl Pts',(628.423154812674,-47.123615688186,-87.7573593130024));
#8850=CARTESIAN_POINT('Ctrl Pts',(628.600297022566,-46.8837246538352,-87.462218389825));
#8851=CARTESIAN_POINT('Ctrl Pts',(628.769571260425,-46.654930604357,-87.1150444072795));
#8852=CARTESIAN_POINT('Ctrl Pts',(628.910679129216,-46.4644513192822,-86.7483624227523));
#8853=CARTESIAN_POINT('',(630.897307358686,-47.1847184386651,-89.));
#8854=CARTESIAN_POINT('Ctrl Pts',(635.233131854217,-46.2278902665816,-89.));
#8855=CARTESIAN_POINT('Ctrl Pts',(634.339424501452,-46.3901315859116,-89.));
#8856=CARTESIAN_POINT('Ctrl Pts',(633.413200578627,-46.5729208112863,-89.));
#8857=CARTESIAN_POINT('Ctrl Pts',(631.98632995782,-46.8985944661331,-89.));
#8858=CARTESIAN_POINT('Ctrl Pts',(631.436377909632,-47.0345351021673,-89.));
#8859=CARTESIAN_POINT('Ctrl Pts',(630.897307358706,-47.1847184386827,-89.));
#8860=CARTESIAN_POINT('',(628.423154812708,-47.1236156881598,-87.7573593130396));
#8861=CARTESIAN_POINT('',(634.473782756764,-47.2730446351612,-90.7962812571076));
#8862=CARTESIAN_POINT('Ctrl Pts',(628.423154812674,-47.123615688186,-87.7573593130024));
#8863=CARTESIAN_POINT('Ctrl Pts',(628.600297022566,-46.8837246538352,-87.462218389825));
#8864=CARTESIAN_POINT('Ctrl Pts',(628.769571260425,-46.654930604357,-87.1150444072795));
#8865=CARTESIAN_POINT('Ctrl Pts',(628.910679129216,-46.4644513192822,-86.7483624227523));
#8866=CARTESIAN_POINT('Ctrl Pts',(629.919842448101,-48.5418761500213,-90.5329617606702));
#8867=CARTESIAN_POINT('Ctrl Pts',(630.085262184266,-48.3078181198923,-90.3063496102995));
#8868=CARTESIAN_POINT('Ctrl Pts',(630.246052516412,-48.0831904039879,-90.0722805493042));
#8869=CARTESIAN_POINT('Ctrl Pts',(630.57145399559,-47.6316487601208,-89.5653969421935));
#8870=CARTESIAN_POINT('Ctrl Pts',(630.731637357935,-47.4109888960936,-89.2982682441539));
#8871=CARTESIAN_POINT('Ctrl Pts',(630.897307358713,-47.1847184386808,-89.));
#8872=CARTESIAN_POINT('Ctrl Pts',(629.17753813118,-48.4107958639227,-90.0219745071135));
#8873=CARTESIAN_POINT('Ctrl Pts',(629.326660138405,-48.1977107210215,-89.8030026786428));
#8874=CARTESIAN_POINT('Ctrl Pts',(629.472420562154,-47.9929945817742,-89.5807142254787));
#8875=CARTESIAN_POINT('Ctrl Pts',(629.769789036708,-47.5791936238269,-89.1060235749218));
#8876=CARTESIAN_POINT('Ctrl Pts',(629.917552527256,-47.3755991529415,-88.8590337249763));
#8877=CARTESIAN_POINT('Ctrl Pts',(630.072589843367,-47.164350855182,-88.5857864376668));
#8878=CARTESIAN_POINT('Ctrl Pts',(628.435233814258,-48.279715577824,-89.5109872535568));
#8879=CARTESIAN_POINT('Ctrl Pts',(628.5680815996,-48.0875362855349,-89.2995395762159));
#8880=CARTESIAN_POINT('Ctrl Pts',(628.698710919505,-47.9029010558264,-89.089271032386));
#8881=CARTESIAN_POINT('Ctrl Pts',(628.968149725614,-47.5266935133734,-88.6465558317976));
#8882=CARTESIAN_POINT('Ctrl Pts',(629.103235916019,-47.3404771019058,-88.4198606855234));
#8883=CARTESIAN_POINT('Ctrl Pts',(629.247872328021,-47.1439832716831,-88.1715728753335));
#8884=CARTESIAN_POINT('Ctrl Pts',(627.692929497336,-48.1486352917254,-89.0000000000001));
#8885=CARTESIAN_POINT('Ctrl Pts',(627.809479553739,-47.9774288866641,-88.7961926445593));
#8886=CARTESIAN_POINT('Ctrl Pts',(627.925078965247,-47.8127052336128,-88.5977047085605));
#8887=CARTESIAN_POINT('Ctrl Pts',(628.166484766733,-47.4742383770796,-88.1871824645259));
#8888=CARTESIAN_POINT('Ctrl Pts',(628.289151085341,-47.3050873587537,-87.9806261663458));
#8889=CARTESIAN_POINT('Ctrl Pts',(628.423154812676,-47.1236156881843,-87.7573593130003));
#8890=CARTESIAN_POINT('',(627.692929497336,-48.1486352917254,-89.0000000000001));
#8891=CARTESIAN_POINT('Ctrl Pts',(630.897307358713,-47.1847184386808,-89.));
#8892=CARTESIAN_POINT('Ctrl Pts',(629.624407174373,-47.5393443710433,-89.));
#8893=CARTESIAN_POINT('Ctrl Pts',(628.592221891739,-47.8894408580131,-89.));
#8894=CARTESIAN_POINT('Ctrl Pts',(627.692929497336,-48.1486352917254,-89.));
#8895=CARTESIAN_POINT('Ctrl Pts',(627.692929497336,-48.1486352917254,-89.0000000000001));
#8896=CARTESIAN_POINT('Ctrl Pts',(627.809479553739,-47.9774288866641,-88.7961926445593));
#8897=CARTESIAN_POINT('Ctrl Pts',(627.925078965247,-47.8127052336128,-88.5977047085605));
#8898=CARTESIAN_POINT('Ctrl Pts',(628.166484766733,-47.4742383770796,-88.1871824645259));
#8899=CARTESIAN_POINT('Ctrl Pts',(628.289151085341,-47.3050873587537,-87.9806261663458));
#8900=CARTESIAN_POINT('Ctrl Pts',(628.423154812676,-47.1236156881843,-87.7573593130003));
#8901=CARTESIAN_POINT('Ctrl Pts',(614.026221570861,-46.1117030003998,-88.9999999091247));
#8902=CARTESIAN_POINT('Ctrl Pts',(614.026219591232,-46.1116995258048,-89.));
#8903=CARTESIAN_POINT('Ctrl Pts',(613.995421788156,-46.0851887637883,-89.0000000000001));
#8904=CARTESIAN_POINT('Ctrl Pts',(613.840046673438,-45.9463137537614,-89.));
#8905=CARTESIAN_POINT('Ctrl Pts',(613.433535602289,-45.5522632584497,-89.));
#8906=CARTESIAN_POINT('Ctrl Pts',(612.954543324871,-44.9530933383616,-89.));
#8907=CARTESIAN_POINT('Ctrl Pts',(612.580869306129,-44.3290707264737,-89.0000000000001));
#8908=CARTESIAN_POINT('Ctrl Pts',(612.402796864854,-43.9688068777658,-89.));
#8909=CARTESIAN_POINT('Ctrl Pts',(612.318833278401,-43.7772735514025,-89.0000000000001));
#8910=CARTESIAN_POINT('Ctrl Pts',(612.303233330945,-43.7402123879251,-89.));
#8911=CARTESIAN_POINT('Ctrl Pts',(612.303230638148,-43.7402094314771,-88.9999999091247));
#8912=CARTESIAN_POINT('Ctrl Pts',(615.110052845537,-47.0528169426493,-89.));
#8913=CARTESIAN_POINT('Ctrl Pts',(615.025679185055,-47.1422423318821,-88.8650901962521));
#8914=CARTESIAN_POINT('Ctrl Pts',(614.800585037487,-47.2644681501241,-88.5873112983112));
#8915=CARTESIAN_POINT('Ctrl Pts',(614.210771870356,-47.2682995551726,-88.0801454444379));
#8916=CARTESIAN_POINT('Ctrl Pts',(613.053811688129,-46.7514634598842,-87.4390111617749));
#8917=CARTESIAN_POINT('Ctrl Pts',(611.959787388414,-45.5291789992024,-87.2775557483512));
#8918=CARTESIAN_POINT('Ctrl Pts',(611.352720873109,-44.1043973968511,-87.6201197962887));
#8919=CARTESIAN_POINT('Ctrl Pts',(611.260544879282,-43.2076576671525,-88.0804614563517));
#8920=CARTESIAN_POINT('Ctrl Pts',(611.44580371013,-42.646764669568,-88.5873387520012));
#8921=CARTESIAN_POINT('Ctrl Pts',(611.631860463749,-42.4712706515785,-88.8649464305706));
#8922=CARTESIAN_POINT('Ctrl Pts',(611.743100373705,-42.4186044333346,-89.));
#8923=CARTESIAN_POINT('Ctrl Pts',(616.154516398487,-48.0392683319996,-89.0546715857184));
#8924=CARTESIAN_POINT('Ctrl Pts',(615.985529491409,-48.2183951487212,-88.7835960971679));
#8925=CARTESIAN_POINT('Ctrl Pts',(615.563539010489,-48.4917912418528,-88.2280777682678));
#8926=CARTESIAN_POINT('Ctrl Pts',(614.527131617077,-48.6487394188013,-87.2209648609365));
#8927=CARTESIAN_POINT('Ctrl Pts',(612.587622798065,-48.0307887686651,-85.9569190394078));
#8928=CARTESIAN_POINT('Ctrl Pts',(610.8557612635,-46.1812066565174,-85.6402098747345));
#8929=CARTESIAN_POINT('Ctrl Pts',(610.031039761451,-43.930037772686,-86.3136873648345));
#8930=CARTESIAN_POINT('Ctrl Pts',(610.045698061978,-42.480267350073,-87.2216617164037));
#8931=CARTESIAN_POINT('Ctrl Pts',(610.514126394966,-41.5415005430645,-88.2281099424541));
#8932=CARTESIAN_POINT('Ctrl Pts',(610.90486959699,-41.2259054696624,-88.7833072274842));
#8933=CARTESIAN_POINT('Ctrl Pts',(611.127686339722,-41.1204303218343,-89.0546715857184));
#8934=CARTESIAN_POINT('Ctrl Pts',(617.152951767312,-49.0647650401617,-89.1636662243503));
#8935=CARTESIAN_POINT('Ctrl Pts',(616.899698516662,-49.3333418196029,-88.7560397846569));
#8936=CARTESIAN_POINT('Ctrl Pts',(616.279245500861,-49.7591614035746,-87.9245839557206));
#8937=CARTESIAN_POINT('Ctrl Pts',(614.78626865774,-50.0768755870119,-86.4288238870162));
#8938=CARTESIAN_POINT('Ctrl Pts',(612.038953243699,-49.3754749576983,-84.5694895662251));
#8939=CARTESIAN_POINT('Ctrl Pts',(609.656413241542,-46.9014206016191,-84.1082674511866));
#8940=CARTESIAN_POINT('Ctrl Pts',(608.629192728351,-43.8083309824263,-85.093550028045));
#8941=CARTESIAN_POINT('Ctrl Pts',(608.767671616026,-41.79264998743,-86.4300446809681));
#8942=CARTESIAN_POINT('Ctrl Pts',(609.529818402415,-40.468758182514,-87.9245608326479));
#8943=CARTESIAN_POINT('Ctrl Pts',(610.126867659459,-40.0119975388599,-88.7556054004146));
#8944=CARTESIAN_POINT('Ctrl Pts',(610.460914509737,-39.8539659477157,-89.1636662243502));
#8945=CARTESIAN_POINT('',(612.303233330945,-43.7402123879251,-89.));
#8946=CARTESIAN_POINT('',(610.329145157006,-39.9209337449283,-88.9999989794335));
#8947=CARTESIAN_POINT('Ctrl Pts',(610.328972324065,-39.9210278165191,-88.9997806692557));
#8948=CARTESIAN_POINT('Ctrl Pts',(610.681805800545,-40.4924247858784,-88.9998872764713));
#8949=CARTESIAN_POINT('Ctrl Pts',(611.014199009412,-41.0761844302739,-88.9999506031381));
#8950=CARTESIAN_POINT('Ctrl Pts',(611.325487691333,-41.6712135591301,-88.999979553811));
#8951=CARTESIAN_POINT('Ctrl Pts',(611.346650587941,-41.7116664912917,-88.9999815220166));
#8952=CARTESIAN_POINT('Ctrl Pts',(611.367715924478,-41.7521715154534,-88.9999833417176));
#8953=CARTESIAN_POINT('Ctrl Pts',(611.388683484958,-41.7927282902294,-88.9999850203562));
#8954=CARTESIAN_POINT('Ctrl Pts',(611.695636077908,-42.3864553092223,-89.0000095946253));
#8955=CARTESIAN_POINT('Ctrl Pts',(611.981433097443,-42.9908765048299,-89.0000017031482));
#8956=CARTESIAN_POINT('Ctrl Pts',(612.245454323452,-43.6048738449995,-89.0000001014421));
#8957=CARTESIAN_POINT('Ctrl Pts',(612.264212846538,-43.6484979257393,-88.999999987642));
#8958=CARTESIAN_POINT('Ctrl Pts',(612.282861427682,-43.6921703526793,-88.9999999172422));
#8959=CARTESIAN_POINT('Ctrl Pts',(612.301399836223,-43.735890727296,-88.9999999096676));
#8960=CARTESIAN_POINT('Ctrl Pts',(612.302010223437,-43.7373302444805,-88.9999999094182));
#8961=CARTESIAN_POINT('Ctrl Pts',(612.302620490378,-43.7387698121714,-88.9999999092237));
#8962=CARTESIAN_POINT('Ctrl Pts',(612.303230638148,-43.7402094314771,-88.9999999091247));
#8963=CARTESIAN_POINT('',(614.026219591232,-46.1116995258049,-89.));
#8964=CARTESIAN_POINT('Origin',(618.287908694319,-41.2037461857015,-89.));
#8965=CARTESIAN_POINT('',(617.048507483155,-49.1693564647621,-89.0000006773953));
#8966=CARTESIAN_POINT('Ctrl Pts',(614.026221570861,-46.1117030003998,-88.9999999091247));
#8967=CARTESIAN_POINT('Ctrl Pts',(614.02740281903,-46.1127287035201,-88.9999999092237));
#8968=CARTESIAN_POINT('Ctrl Pts',(614.028583981048,-46.1137545040107,-88.9999999094185));
#8969=CARTESIAN_POINT('Ctrl Pts',(614.029765057908,-46.1147804035032,-88.9999999096687));
#8970=CARTESIAN_POINT('Ctrl Pts',(614.527083618395,-46.546758098023,-89.0000000150179));
#8971=CARTESIAN_POINT('Ctrl Pts',(615.009078023594,-46.9960425769812,-89.0000101249224));
#8972=CARTESIAN_POINT('Ctrl Pts',(615.474941331668,-47.4617067104335,-89.0000337724662));
#8973=CARTESIAN_POINT('Ctrl Pts',(615.515350576236,-47.5020986784829,-89.0000358236674));
#8974=CARTESIAN_POINT('Ctrl Pts',(615.555638436058,-47.5426139094144,-89.0000379921948));
#8975=CARTESIAN_POINT('Ctrl Pts',(615.595804375363,-47.5832518112846,-89.0000402888488));
#8976=CARTESIAN_POINT('Ctrl Pts',(616.063186853471,-48.056126182202,-89.0000670133784));
#8977=CARTESIAN_POINT('Ctrl Pts',(616.513753340564,-48.5452940497521,-89.0001090607737));
#8978=CARTESIAN_POINT('Ctrl Pts',(616.946722548069,-49.0497873058996,-89.0001983164438));
#8979=CARTESIAN_POINT('Ctrl Pts',(616.980808009029,-49.0895034909971,-89.0002053430882));
#8980=CARTESIAN_POINT('Ctrl Pts',(617.014784395875,-49.1293146767165,-89.0002126743661));
#8981=CARTESIAN_POINT('Ctrl Pts',(617.048651320555,-49.1692204006429,-89.0002203318596));
#8982=CARTESIAN_POINT('Ctrl Pts',(617.048507483155,-49.1693564647621,-89.0000006773953));
#8983=CARTESIAN_POINT('Ctrl Pts',(616.816282414881,-49.3890148792715,-88.6453812039577));
#8984=CARTESIAN_POINT('Ctrl Pts',(616.229403115378,-49.7697681540257,-87.8746486534564));
#8985=CARTESIAN_POINT('Ctrl Pts',(614.78626865774,-50.0768755870119,-86.4288238870162));
#8986=CARTESIAN_POINT('Ctrl Pts',(612.038953243699,-49.3754749576983,-84.5694895662251));
#8987=CARTESIAN_POINT('Ctrl Pts',(609.656413241542,-46.9014206016191,-84.1082674511866));
#8988=CARTESIAN_POINT('Ctrl Pts',(608.629192728351,-43.8083309824263,-85.093550028045));
#8989=CARTESIAN_POINT('Ctrl Pts',(608.767671616026,-41.79264998743,-86.4300446809681));
#8990=CARTESIAN_POINT('Ctrl Pts',(609.504396092773,-40.5129181632403,-87.8747094745472));
#8991=CARTESIAN_POINT('Ctrl Pts',(610.048167725518,-40.0738538953297,-88.6450963882924));
#8992=CARTESIAN_POINT('Ctrl Pts',(610.329145157006,-39.9209337449283,-88.9999989794335));
#8993=CARTESIAN_POINT('Origin',(675.000000000003,8.38182007621634E-13,-83.5147186257615));
#8994=CARTESIAN_POINT('',(627.573102448541,-46.2679916549252,-87.757359313197));
#8995=CARTESIAN_POINT('Origin',(675.000000000003,8.46251131055424E-13,-87.7573593128808));
#8996=CARTESIAN_POINT('',(626.806011852743,-43.8591498595764,-86.2573593128449));
#8997=CARTESIAN_POINT('Ctrl Pts',(626.806011852743,-43.8591498595765,-86.2573593128449));
#8998=CARTESIAN_POINT('Ctrl Pts',(627.126259313842,-44.6296961415365,-86.8056222067028));
#8999=CARTESIAN_POINT('Ctrl Pts',(627.407137783979,-45.4546660582957,-87.3082053914426));
#9000=CARTESIAN_POINT('Ctrl Pts',(627.57310244842,-46.2679916549965,-87.7573593131754));
#9001=CARTESIAN_POINT('Ctrl Pts',(625.711797236918,-41.6043635738484,-83.5147186257615));
#9002=CARTESIAN_POINT('Ctrl Pts',(625.711797236918,-41.6043635738484,-84.103376141801));
#9003=CARTESIAN_POINT('Ctrl Pts',(626.108639392885,-42.3175294581506,-85.0930535179015));
#9004=CARTESIAN_POINT('Ctrl Pts',(626.60806608362,-43.3828732455369,-85.9184766255831));
#9005=CARTESIAN_POINT('Ctrl Pts',(626.806011852743,-43.8591498595765,-86.2573593128449));
#9006=CARTESIAN_POINT('Origin',(675.000000000003,8.38182007621634E-13,-87.5));
#9007=CARTESIAN_POINT('',(627.278547933695,-47.7379619661651,-89.));
#9008=CARTESIAN_POINT('Origin',(675.000000000003,8.38182007621634E-13,-89.));
#9009=CARTESIAN_POINT('Ctrl Pts',(627.573102448214,-46.2679916551666,-87.7573593134416));
#9010=CARTESIAN_POINT('Ctrl Pts',(627.503214562863,-46.7743714886721,-88.1609936231512));
#9011=CARTESIAN_POINT('Ctrl Pts',(627.403951366372,-47.2644006216554,-88.5764253725295));
#9012=CARTESIAN_POINT('Ctrl Pts',(627.278547933695,-47.7379619661652,-89.));
#9013=CARTESIAN_POINT('Ctrl Pts',(627.278547933695,-47.7379619661652,-89.));
#9014=CARTESIAN_POINT('Ctrl Pts',(627.403951366372,-47.2644006216554,-88.5764253725295));
#9015=CARTESIAN_POINT('Ctrl Pts',(627.503214562863,-46.7743714886721,-88.1609936231512));
#9016=CARTESIAN_POINT('Ctrl Pts',(627.573102448214,-46.2679916551666,-87.7573593134416));
#9017=CARTESIAN_POINT('Ctrl Pts',(626.479236134251,-47.280931735834,-89.2418759699301));
#9018=CARTESIAN_POINT('Ctrl Pts',(626.617713651653,-46.837950755422,-88.834039274762));
#9019=CARTESIAN_POINT('Ctrl Pts',(626.73134328983,-46.3788651384908,-88.4334858877659));
#9020=CARTESIAN_POINT('Ctrl Pts',(626.817166268766,-45.9037950981779,-88.044135977584));
#9021=CARTESIAN_POINT('Ctrl Pts',(625.795956674533,-46.7088925980016,-89.6467132075505));
#9022=CARTESIAN_POINT('Ctrl Pts',(625.942469137086,-46.3022254142293,-89.2470121548437));
#9023=CARTESIAN_POINT('Ctrl Pts',(626.065731938584,-45.8795739044872,-88.854123644179));
#9024=CARTESIAN_POINT('Ctrl Pts',(626.162808575574,-45.4412051105801,-88.471965220383));
#9025=CARTESIAN_POINT('Ctrl Pts',(625.303571116605,-46.0845183866467,-90.1701568774293));
#9026=CARTESIAN_POINT('Ctrl Pts',(625.44889322364,-45.7131461754227,-89.7720538803191));
#9027=CARTESIAN_POINT('Ctrl Pts',(625.572926613049,-45.3262906447292,-89.380789353357));
#9028=CARTESIAN_POINT('Ctrl Pts',(625.672504237723,-44.9243875197433,-89.0000000002081));
#9029=CARTESIAN_POINT('',(625.672504237938,-44.9243875195986,-89.));
#9030=CARTESIAN_POINT('Ctrl Pts',(627.278547933695,-47.7379619661652,-89.));
#9031=CARTESIAN_POINT('Ctrl Pts',(627.18926565394,-47.6487105641727,-89.));
#9032=CARTESIAN_POINT('Ctrl Pts',(627.103621420945,-47.5560828079795,-89.0000432831824));
#9033=CARTESIAN_POINT('Ctrl Pts',(627.021470083236,-47.4605273210808,-89.0000981112301));
#9034=CARTESIAN_POINT('Ctrl Pts',(626.936808191287,-47.3620516476151,-89.0001546148291));
#9035=CARTESIAN_POINT('Ctrl Pts',(626.855855624528,-47.2604666086778,-89.0002232210398));
#9036=CARTESIAN_POINT('Ctrl Pts',(626.778429509399,-47.1562146633482,-89.0002812399095));
#9037=CARTESIAN_POINT('Ctrl Pts',(626.699453740749,-47.0498761559592,-89.0003404200042));
#9038=CARTESIAN_POINT('Ctrl Pts',(626.624146628022,-46.9407628039451,-89.0003884640965));
#9039=CARTESIAN_POINT('Ctrl Pts',(626.552294881064,-46.8292950671626,-89.0004157800636));
#9040=CARTESIAN_POINT('Ctrl Pts',(626.478204235755,-46.7143539989357,-89.0004439471954));
#9041=CARTESIAN_POINT('Ctrl Pts',(626.407787300198,-46.5969094249202,-89.0004499507814));
#9042=CARTESIAN_POINT('Ctrl Pts',(626.340795526356,-46.4773722608078,-89.0004404757491));
#9043=CARTESIAN_POINT('Ctrl Pts',(626.333332627714,-46.4640557938972,-89.0004394202284));
#9044=CARTESIAN_POINT('Ctrl Pts',(626.325912223947,-46.4507133094518,-89.0004381907028));
#9045=CARTESIAN_POINT('Ctrl Pts',(626.318533963473,-46.4373453397375,-89.0004368100212));
#9046=CARTESIAN_POINT('Ctrl Pts',(626.249283143542,-46.311876353277,-89.0004238512303));
#9047=CARTESIAN_POINT('Ctrl Pts',(626.183731114082,-46.1841350669929,-89.000395495483));
#9048=CARTESIAN_POINT('Ctrl Pts',(626.121639742969,-46.0546091188778,-89.0003554015189));
#9049=CARTESIAN_POINT('Ctrl Pts',(626.058144876886,-45.922155404578,-89.0003144012827));
#9050=CARTESIAN_POINT('Ctrl Pts',(625.998268608995,-45.7878352959982,-89.0002609677884));
#9051=CARTESIAN_POINT('Ctrl Pts',(625.941733638538,-45.6521193984926,-89.0002056089931));
#9052=CARTESIAN_POINT('Ctrl Pts',(625.882756600769,-45.5105411585423,-89.0001478589361));
#9053=CARTESIAN_POINT('Ctrl Pts',(625.827415565966,-45.3674438568691,-89.0000878916731));
#9054=CARTESIAN_POINT('Ctrl Pts',(625.77537490876,-45.2233085245557,-89.000047012595));
#9055=CARTESIAN_POINT('Ctrl Pts',(625.739559983793,-45.1241130802811,-89.0000188791855));
#9056=CARTESIAN_POINT('Ctrl Pts',(625.70530779928,-45.024424853288,-89.));
#9057=CARTESIAN_POINT('Ctrl Pts',(625.672504237917,-44.924387519947,-89.));
#9058=CARTESIAN_POINT('Origin',(630.609976952451,-43.3053250783282,-92.0000000005609));
#9059=CARTESIAN_POINT('Ctrl Pts',(627.57310244842,-46.2679916549965,-87.7573593131754));
#9060=CARTESIAN_POINT('Ctrl Pts',(627.407137783979,-45.4546660582957,-87.3082053914426));
#9061=CARTESIAN_POINT('Ctrl Pts',(627.126259313842,-44.6296961415365,-86.8056222067028));
#9062=CARTESIAN_POINT('Ctrl Pts',(626.806011852743,-43.8591498595765,-86.2573593128449));
#9063=CARTESIAN_POINT('Ctrl Pts',(626.46064873228,-45.7320313131076,-88.1793866937762));
#9064=CARTESIAN_POINT('Ctrl Pts',(626.434696268325,-44.9693169677482,-87.7701056817524));
#9065=CARTESIAN_POINT('Ctrl Pts',(626.306711847691,-44.1692837871995,-87.2588810334025));
#9066=CARTESIAN_POINT('Ctrl Pts',(626.123679952208,-43.4206398586536,-86.6649880735308));
#9067=CARTESIAN_POINT('Ctrl Pts',(624.910933581345,-44.415323806099,-89.4621886765191));
#9068=CARTESIAN_POINT('Ctrl Pts',(625.089309582349,-43.7816484766755,-88.950278188684));
#9069=CARTESIAN_POINT('Ctrl Pts',(625.174614779739,-43.0862199108923,-88.304242954926));
#9070=CARTESIAN_POINT('Ctrl Pts',(625.171948240214,-42.4340151830371,-87.5456508871747));
#9071=CARTESIAN_POINT('Ctrl Pts',(624.591913503633,-42.9032410048376,-91.2389942351874));
#9072=CARTESIAN_POINT('Ctrl Pts',(624.74460983943,-42.3355844554138,-90.4562570743782));
#9073=CARTESIAN_POINT('Ctrl Pts',(624.809657603355,-41.7616708109851,-89.5589787262779));
#9074=CARTESIAN_POINT('Ctrl Pts',(624.808800037302,-41.2380476018321,-88.563747955296));
#9075=CARTESIAN_POINT('Ctrl Pts',(624.695384188545,-42.2965672098854,-92.0000000005892));
#9076=CARTESIAN_POINT('Ctrl Pts',(624.792495658575,-41.7271790386666,-91.1016921571238));
#9077=CARTESIAN_POINT('Ctrl Pts',(624.805295568161,-41.1913967326693,-90.0965257876441));
#9078=CARTESIAN_POINT('Ctrl Pts',(624.769645573455,-40.7168303514425,-88.9999999999284));
#9079=CARTESIAN_POINT('Ctrl Pts',(625.672504237816,-44.9243875196393,-89.));
#9080=CARTESIAN_POINT('Ctrl Pts',(625.585519905662,-44.6591211805175,-89.));
#9081=CARTESIAN_POINT('Ctrl Pts',(625.503417889612,-44.3939627640923,-89.));
#9082=CARTESIAN_POINT('Ctrl Pts',(625.108375346313,-43.0358252113064,-89.));
#9083=CARTESIAN_POINT('Ctrl Pts',(624.856012073505,-41.8665258206886,-89.));
#9084=CARTESIAN_POINT('Ctrl Pts',(624.769645573455,-40.7168303514425,-89.));
#9085=CARTESIAN_POINT('Origin',(630.752787308042,-40.2673695813573,-88.9999999999283));
#9086=CARTESIAN_POINT('Origin',(630.296746331158,-37.7341902181414,-89.));
#9087=CARTESIAN_POINT('Origin',(630.296746331158,-37.7341902181414,-83.5147186257615));
#9088=CARTESIAN_POINT('Ctrl Pts',(626.806011852743,-43.8591498595765,-86.2573593128449));
#9089=CARTESIAN_POINT('Ctrl Pts',(626.60806608362,-43.3828732455369,-85.9184766255831));
#9090=CARTESIAN_POINT('Ctrl Pts',(626.108639392885,-42.3175294581506,-85.0930535179015));
#9091=CARTESIAN_POINT('Ctrl Pts',(625.711797236918,-41.6043635738484,-84.103376141801));
#9092=CARTESIAN_POINT('Ctrl Pts',(625.711797236918,-41.6043635738484,-83.5147186257615));
#9093=CARTESIAN_POINT('Ctrl Pts',(625.611931026806,-43.0917573579613,-86.9707096440452));
#9094=CARTESIAN_POINT('Ctrl Pts',(625.563977432901,-42.6386711614103,-86.5830592581733));
#9095=CARTESIAN_POINT('Ctrl Pts',(625.384529017726,-41.6249646756616,-85.5847253472223));
#9096=CARTESIAN_POINT('Ctrl Pts',(625.170227043194,-40.9627717016075,-84.2878980667994));
#9097=CARTESIAN_POINT('Ctrl Pts',(625.170227043194,-40.9627717016075,-83.5147186257615));
#9098=CARTESIAN_POINT('Ctrl Pts',(624.861005989099,-41.9330039356849,-87.9820785624528));
#9099=CARTESIAN_POINT('Ctrl Pts',(624.891420379786,-41.5681941413505,-87.4512604604784));
#9100=CARTESIAN_POINT('Ctrl Pts',(624.878652685298,-40.7463330572709,-86.1283188527274));
#9101=CARTESIAN_POINT('Ctrl Pts',(624.765549094195,-40.2061925504753,-84.4899067402664));
#9102=CARTESIAN_POINT('Ctrl Pts',(624.765549094195,-40.2061925504753,-83.5147186257615));
#9103=CARTESIAN_POINT('Ctrl Pts',(624.769645573455,-40.7168303514425,-88.9999999999283));
#9104=CARTESIAN_POINT('Ctrl Pts',(624.747610221177,-40.4234996658246,-88.3222346254048));
#9105=CARTESIAN_POINT('Ctrl Pts',(624.651754221584,-39.7923392487941,-86.6713884100411));
#9106=CARTESIAN_POINT('Ctrl Pts',(624.532504265476,-39.3995770825703,-84.6920336578429));
#9107=CARTESIAN_POINT('Ctrl Pts',(624.532504265476,-39.3995770825703,-83.5147186257615));
#9108=CARTESIAN_POINT('Ctrl Pts',(616.340807706934,-30.808064247326,-87.7573593130802));
#9109=CARTESIAN_POINT('Ctrl Pts',(615.83761532213,-30.7180516018913,-88.1609936229031));
#9110=CARTESIAN_POINT('Ctrl Pts',(615.340895907249,-30.6610291818859,-88.5764253724031));
#9111=CARTESIAN_POINT('Ctrl Pts',(614.851760512692,-30.6339564303576,-89.0000000000001));
#9112=CARTESIAN_POINT('Ctrl Pts',(616.453582089552,-31.6395452021928,-88.0441359772764));
#9113=CARTESIAN_POINT('Ctrl Pts',(615.975242872874,-31.5743629895477,-88.4334858875656));
#9114=CARTESIAN_POINT('Ctrl Pts',(615.503513015953,-31.5405659398602,-88.8340392746772));
#9115=CARTESIAN_POINT('Ctrl Pts',(615.039421161587,-31.5353772340153,-89.2418759699648));
#9116=CARTESIAN_POINT('Ctrl Pts',(616.691323664058,-32.4048245179666,-88.4719652201639));
#9117=CARTESIAN_POINT('Ctrl Pts',(616.244411835358,-32.3616864790102,-88.8541236440651));
#9118=CARTESIAN_POINT('Ctrl Pts',(615.804356062333,-32.3483098703764,-89.2470121548434));
#9119=CARTESIAN_POINT('Ctrl Pts',(615.372317746307,-32.3619844317753,-89.6467132076672));
#9120=CARTESIAN_POINT('Ctrl Pts',(617.031334028795,-33.0308370720453,-89.0000000000939));
#9121=CARTESIAN_POINT('Ctrl Pts',(616.618330264462,-33.0013461251368,-89.3807893533491));
#9122=CARTESIAN_POINT('Ctrl Pts',(616.212080365824,-32.9997639550173,-89.7720538804258));
#9123=CARTESIAN_POINT('Ctrl Pts',(615.813977403532,-33.0232131673785,-90.1701568776541));
#9124=CARTESIAN_POINT('',(617.031334028847,-33.0308370720163,-89.));
#9125=CARTESIAN_POINT('Ctrl Pts',(617.031334028734,-33.030837071934,-89.0000000000001));
#9126=CARTESIAN_POINT('Ctrl Pts',(616.908124505302,-32.9408098516795,-89.));
#9127=CARTESIAN_POINT('Ctrl Pts',(616.786550366222,-32.8481130283273,-89.0000394985571));
#9128=CARTESIAN_POINT('Ctrl Pts',(616.667140828778,-32.7525552929988,-89.0000903964627));
#9129=CARTESIAN_POINT('Ctrl Pts',(616.551077158453,-32.6596750949205,-89.0001398682039));
#9130=CARTESIAN_POINT('Ctrl Pts',(616.437058307133,-32.5640918257614,-89.0002001357403));
#9131=CARTESIAN_POINT('Ctrl Pts',(616.325607314181,-32.4656587062492,-89.0002542794707));
#9132=CARTESIAN_POINT('Ctrl Pts',(616.218220593972,-32.3708151379292,-89.0003064487469));
#9133=CARTESIAN_POINT('Ctrl Pts',(616.113217845858,-32.2733255862614,-89.0003530476524));
#9134=CARTESIAN_POINT('Ctrl Pts',(616.011103145445,-32.1730890245119,-89.0003862241461));
#9135=CARTESIAN_POINT('Ctrl Pts',(615.93229770698,-32.0957330104712,-89.0004118275913));
#9136=CARTESIAN_POINT('Ctrl Pts',(615.855213015635,-32.0167414833465,-89.0004296085563));
#9137=CARTESIAN_POINT('Ctrl Pts',(615.780096388346,-31.9360823444324,-89.0004382936779));
#9138=CARTESIAN_POINT('Ctrl Pts',(615.68802327035,-31.8372155730842,-89.0004489393399));
#9139=CARTESIAN_POINT('Ctrl Pts',(615.598883787863,-31.7358212311094,-89.0004459825343));
#9140=CARTESIAN_POINT('Ctrl Pts',(615.513122503265,-31.6317925192766,-89.0004215703002));
#9141=CARTESIAN_POINT('Ctrl Pts',(615.429217352266,-31.5300153034209,-89.0003976864207));
#9142=CARTESIAN_POINT('Ctrl Pts',(615.348545695327,-31.4257161494675,-89.0003533514761));
#9143=CARTESIAN_POINT('Ctrl Pts',(615.27156187718,-31.318820578627,-89.0002965617589));
#9144=CARTESIAN_POINT('Ctrl Pts',(615.193264535309,-31.2101011197078,-89.0002388030766));
#9145=CARTESIAN_POINT('Ctrl Pts',(615.118781689816,-31.0986952658043,-89.0001681919664));
#9146=CARTESIAN_POINT('Ctrl Pts',(615.048633890674,-30.9845590258985,-89.0001084616121));
#9147=CARTESIAN_POINT('Ctrl Pts',(614.982660078961,-30.8772142069119,-89.0000522853785));
#9148=CARTESIAN_POINT('Ctrl Pts',(614.920521089594,-30.7674541615795,-89.0000059479412));
#9149=CARTESIAN_POINT('Ctrl Pts',(614.862685906955,-30.655276887483,-89.0000005197438));
#9150=CARTESIAN_POINT('Ctrl Pts',(614.859026828921,-30.6481797299943,-89.0000001763162));
#9151=CARTESIAN_POINT('Ctrl Pts',(614.855384989664,-30.6410729094007,-89.0000000000001));
#9152=CARTESIAN_POINT('Ctrl Pts',(614.851760512692,-30.6339564303576,-89.0000000000001));
#9153=CARTESIAN_POINT('Origin',(620.096916892031,-28.8353392817947,-92.0000000001994));
#9154=CARTESIAN_POINT('Ctrl Pts',(618.39470836268,-32.2819838082569,-86.2573593128435));
#9155=CARTESIAN_POINT('Ctrl Pts',(617.760821123111,-31.7392847064843,-86.8056361192252));
#9156=CARTESIAN_POINT('Ctrl Pts',(617.063069397651,-31.2172538747073,-87.3081873663089));
#9157=CARTESIAN_POINT('Ctrl Pts',(616.340807707023,-30.8080642472797,-87.7573593129805));
#9158=CARTESIAN_POINT('Ctrl Pts',(618.600904003449,-33.0664270510251,-86.6649880735292));
#9159=CARTESIAN_POINT('Ctrl Pts',(617.945444650757,-32.6609993897525,-87.2588961038171));
#9160=CARTESIAN_POINT('Ctrl Pts',(617.224162663171,-32.2920758605648,-87.7700892567557));
#9161=CARTESIAN_POINT('Ctrl Pts',(616.506769178906,-32.0316914569826,-88.1793866935978));
#9162=CARTESIAN_POINT('Ctrl Pts',(619.245138477072,-34.2764615776789,-87.545650853245));
#9163=CARTESIAN_POINT('Ctrl Pts',(618.625663207532,-34.0723780245482,-88.3042621707584));
#9164=CARTESIAN_POINT('Ctrl Pts',(617.93795252934,-33.9386153666371,-88.9502574071993));
#9165=CARTESIAN_POINT('Ctrl Pts',(617.280143865017,-33.9124435287487,-89.46218843847));
#9166=CARTESIAN_POINT('Ctrl Pts',(620.270352352446,-34.9914102613896,-88.5637479552934));
#9167=CARTESIAN_POINT('Ctrl Pts',(619.772609459556,-34.8287820706393,-89.5590039808967));
#9168=CARTESIAN_POINT('Ctrl Pts',(619.206720473383,-34.7133024393427,-90.4562256621072));
#9169=CARTESIAN_POINT('Ctrl Pts',(618.619637691124,-34.6831085520961,-91.2389942348479));
#9170=CARTESIAN_POINT('Ctrl Pts',(620.753960020099,-35.1897133575057,-88.9999999999254));
#9171=CARTESIAN_POINT('Ctrl Pts',(620.313625851553,-35.0091545392967,-90.0965536126889));
#9172=CARTESIAN_POINT('Ctrl Pts',(619.800145318193,-34.855770075235,-91.1016561068563));
#9173=CARTESIAN_POINT('Ctrl Pts',(619.22859295713,-34.77217459567,-92.0000000001994));
#9174=CARTESIAN_POINT('Ctrl Pts',(620.753960020099,-35.1897133575057,-89.));
#9175=CARTESIAN_POINT('Ctrl Pts',(619.782684350991,-34.7914422273212,-89.));
#9176=CARTESIAN_POINT('Ctrl Pts',(618.842270035585,-34.2593157289535,-89.));
#9177=CARTESIAN_POINT('Ctrl Pts',(617.65660624438,-33.476953692866,-89.));
#9178=CARTESIAN_POINT('Ctrl Pts',(617.340977860967,-33.2570888478258,-89.));
#9179=CARTESIAN_POINT('Ctrl Pts',(617.031334028847,-33.030837072016,-89.));
#9180=CARTESIAN_POINT('Origin',(623.030315090051,-29.6382984391711,-88.9999999999254));
#9181=CARTESIAN_POINT('Ctrl Pts',(620.20100664079,-34.0194110298345,-83.5147186257615));
#9182=CARTESIAN_POINT('Ctrl Pts',(620.20100664079,-34.0194110298345,-83.9562117627909));
#9183=CARTESIAN_POINT('Ctrl Pts',(619.773128079758,-33.5584257675643,-84.9625543761726));
#9184=CARTESIAN_POINT('Ctrl Pts',(618.91710485697,-32.7292307167345,-85.805515729828));
#9185=CARTESIAN_POINT('Ctrl Pts',(618.39470836268,-32.2819838082569,-86.2573593128434));
#9186=CARTESIAN_POINT('Ctrl Pts',(620.643842378178,-34.7327376835826,-83.5147186257615));
#9187=CARTESIAN_POINT('Ctrl Pts',(620.643842378178,-34.7327376835826,-84.0946032065389));
#9188=CARTESIAN_POINT('Ctrl Pts',(620.210932932929,-34.4174876396737,-85.4148647151586));
#9189=CARTESIAN_POINT('Ctrl Pts',(619.310340206312,-33.9022500332542,-86.4538424628811));
#9190=CARTESIAN_POINT('Ctrl Pts',(618.755550734025,-33.6547594831012,-86.9707096440436));
#9191=CARTESIAN_POINT('Ctrl Pts',(621.238339546466,-35.3514050992683,-83.5147186257615));
#9192=CARTESIAN_POINT('Ctrl Pts',(621.238339546466,-35.3514050992683,-84.2461097116384));
#9193=CARTESIAN_POINT('Ctrl Pts',(620.870824703688,-35.1392927665898,-85.9126425350779));
#9194=CARTESIAN_POINT('Ctrl Pts',(620.100679856515,-34.8387482955174,-87.2743210931517));
#9195=CARTESIAN_POINT('Ctrl Pts',(619.625542128907,-34.7270061332348,-87.9820785624506));
#9196=CARTESIAN_POINT('Ctrl Pts',(621.933461630836,-35.8223017897191,-83.5147186257615));
#9197=CARTESIAN_POINT('Ctrl Pts',(621.933461630836,-35.8223017897191,-84.3977048998201));
#9198=CARTESIAN_POINT('Ctrl Pts',(621.674694573124,-35.6408723210524,-86.4103901265847));
#9199=CARTESIAN_POINT('Ctrl Pts',(621.116846368973,-35.3385147337722,-88.0963128338946));
#9200=CARTESIAN_POINT('Ctrl Pts',(620.753960020099,-35.1897133575057,-88.9999999999255));
#9201=CARTESIAN_POINT('Ctrl Pts',(693.70296623501,-61.7288348667942,-79.));
#9202=CARTESIAN_POINT('Ctrl Pts',(694.022315091111,-61.6320766680408,-79.));
#9203=CARTESIAN_POINT('Ctrl Pts',(694.865057701407,-61.3700773979751,-79.));
#9204=CARTESIAN_POINT('Ctrl Pts',(695.734148367222,-61.0781548124856,-79.));
#9205=CARTESIAN_POINT('Ctrl Pts',(696.152281246964,-60.9330041771222,-79.));
#9206=CARTESIAN_POINT('Ctrl Pts',(693.25627597833,-61.4497686224173,-79.4474866772942));
#9207=CARTESIAN_POINT('Ctrl Pts',(693.632166069194,-61.2464906134412,-79.4761988125198));
#9208=CARTESIAN_POINT('Ctrl Pts',(694.653493965628,-60.7809828033029,-79.4906910812756));
#9209=CARTESIAN_POINT('Ctrl Pts',(695.787773860855,-60.519603349782,-79.4855713242779));
#9210=CARTESIAN_POINT('Ctrl Pts',(696.349630233122,-60.4446768977134,-79.4474866772568));
#9211=CARTESIAN_POINT('Ctrl Pts',(692.875277855502,-61.3797029548823,-80.0839081443078));
#9212=CARTESIAN_POINT('Ctrl Pts',(693.30939260896,-61.0724714591013,-80.1722463706651));
#9213=CARTESIAN_POINT('Ctrl Pts',(694.512864079766,-60.4103939111238,-80.2600084173137));
#9214=CARTESIAN_POINT('Ctrl Pts',(695.911295114239,-60.1728162016312,-80.2010826469678));
#9215=CARTESIAN_POINT('Ctrl Pts',(696.616680623384,-60.1640475042704,-80.0839081441938));
#9216=CARTESIAN_POINT('Ctrl Pts',(692.67057135775,-61.5389771433541,-80.7245183715003));
#9217=CARTESIAN_POINT('Ctrl Pts',(693.155008435425,-61.1620554371083,-80.873627433149));
#9218=CARTESIAN_POINT('Ctrl Pts',(694.49362134236,-60.3882451332822,-81.0374732349622));
#9219=CARTESIAN_POINT('Ctrl Pts',(696.062189643686,-60.1457974869213,-80.9223011532086));
#9220=CARTESIAN_POINT('Ctrl Pts',(696.875910678085,-60.1725795691171,-80.7245183713084));
#9221=CARTESIAN_POINT('',(696.152281246964,-60.9330041771222,-79.));
#9222=CARTESIAN_POINT('',(696.875910678088,-60.1725795691171,-80.7245183713203));
#9223=CARTESIAN_POINT('Origin',(696.790382929125,-62.7711724583857,-80.7245183713085));
#9224=CARTESIAN_POINT('',(692.670571357714,-61.5389771433815,-80.7245183716839));
#9225=CARTESIAN_POINT('Ctrl Pts',(696.875910678085,-60.1725795691171,-80.7245183713084));
#9226=CARTESIAN_POINT('Ctrl Pts',(696.062189643686,-60.1457974869213,-80.9223011532086));
#9227=CARTESIAN_POINT('Ctrl Pts',(694.49362134236,-60.3882451332822,-81.0374732349622));
#9228=CARTESIAN_POINT('Ctrl Pts',(693.155008435425,-61.1620554371083,-80.873627433149));
#9229=CARTESIAN_POINT('Ctrl Pts',(692.67057135775,-61.5389771433541,-80.7245183715003));
#9230=CARTESIAN_POINT('',(693.70296623501,-61.7288348667943,-79.));
#9231=CARTESIAN_POINT('Origin',(694.267179336924,-63.591011002928,-80.7245183715004));
#9232=CARTESIAN_POINT('Origin',(675.000000000001,1.51508916289825E-12,-79.));
#9233=CARTESIAN_POINT('Ctrl Pts',(696.152281246964,-60.9330041771222,-79.));
#9234=CARTESIAN_POINT('Ctrl Pts',(697.200435840965,-60.569147822721,-79.));
#9235=CARTESIAN_POINT('Ctrl Pts',(698.279613860836,-60.1631042889131,-78.9999999999997));
#9236=CARTESIAN_POINT('Ctrl Pts',(699.329748335972,-59.7353607992518,-79.));
#9237=CARTESIAN_POINT('Ctrl Pts',(699.333478509695,-59.7338416631912,-79.));
#9238=CARTESIAN_POINT('Ctrl Pts',(699.337208807232,-59.7323217987806,-79.));
#9239=CARTESIAN_POINT('Ctrl Pts',(696.349630233133,-60.4446768977109,-79.4474866772553));
#9240=CARTESIAN_POINT('Ctrl Pts',(697.336890574601,-60.3516988645369,-79.4103267129851));
#9241=CARTESIAN_POINT('Ctrl Pts',(698.376585429813,-60.1245155838413,-79.2034050675839));
#9242=CARTESIAN_POINT('Ctrl Pts',(699.330427878953,-59.7350772011743,-79.0014339229693));
#9243=CARTESIAN_POINT('Ctrl Pts',(699.333819461717,-59.7337027464323,-79.000717116087));
#9244=CARTESIAN_POINT('Ctrl Pts',(699.337208807232,-59.7323217987806,-79.));
#9245=CARTESIAN_POINT('Ctrl Pts',(696.616680623408,-60.164047504268,-80.0839081441929));
#9246=CARTESIAN_POINT('Ctrl Pts',(697.514494422717,-60.2344045717884,-79.8214810450217));
#9247=CARTESIAN_POINT('Ctrl Pts',(698.473007767048,-60.0843806641007,-79.4063586373405));
#9248=CARTESIAN_POINT('Ctrl Pts',(699.331109813514,-59.7347999544866,-79.0028689634453));
#9249=CARTESIAN_POINT('Ctrl Pts',(699.334160413738,-59.7335638296734,-79.0014342321739));
#9250=CARTESIAN_POINT('Ctrl Pts',(699.337208807232,-59.7323217987806,-79.));
#9251=CARTESIAN_POINT('Ctrl Pts',(696.875910678117,-60.1725795691181,-80.7245183713084));
#9252=CARTESIAN_POINT('Ctrl Pts',(697.729778435638,-60.2006830044576,-80.2287263838484));
#9253=CARTESIAN_POINT('Ctrl Pts',(698.569247355648,-60.0441074014079,-79.6095728119057));
#9254=CARTESIAN_POINT('Ctrl Pts',(699.331793224642,-59.7345255291009,-79.0043033427603));
#9255=CARTESIAN_POINT('Ctrl Pts',(699.33450136576,-59.7334249129145,-79.0021513482609));
#9256=CARTESIAN_POINT('Ctrl Pts',(699.337208807232,-59.7323217987806,-79.));
#9257=CARTESIAN_POINT('',(699.337208807232,-59.7323217987807,-79.));
#9258=CARTESIAN_POINT('Origin',(675.000000000001,1.51508916289825E-12,-79.));
#9259=CARTESIAN_POINT('Ctrl Pts',(699.337208807232,-59.7323217987806,-79.));
#9260=CARTESIAN_POINT('Ctrl Pts',(699.33450136576,-59.7334249129145,-79.0021513482609));
#9261=CARTESIAN_POINT('Ctrl Pts',(699.331793224642,-59.7345255291009,-79.0043033427603));
#9262=CARTESIAN_POINT('Ctrl Pts',(698.569247355648,-60.0441074014079,-79.6095728119057));
#9263=CARTESIAN_POINT('Ctrl Pts',(697.729778435638,-60.2006830044576,-80.2287263838484));
#9264=CARTESIAN_POINT('Ctrl Pts',(696.875910678117,-60.1725795691181,-80.7245183713084));
#9265=CARTESIAN_POINT('Ctrl Pts',(690.420562317812,-62.6295158675389,-79.));
#9266=CARTESIAN_POINT('Ctrl Pts',(690.424473545782,-62.6285528498019,-79.));
#9267=CARTESIAN_POINT('Ctrl Pts',(690.428384245486,-62.6275893155712,-79.));
#9268=CARTESIAN_POINT('Ctrl Pts',(691.529382204612,-62.3563875160998,-79.0000000000015));
#9269=CARTESIAN_POINT('Ctrl Pts',(692.641121956532,-62.0505587050954,-79.));
#9270=CARTESIAN_POINT('Ctrl Pts',(693.70296623501,-61.7288348667942,-79.));
#9271=CARTESIAN_POINT('Ctrl Pts',(690.420562317812,-62.6295158675389,-79.));
#9272=CARTESIAN_POINT('Ctrl Pts',(690.424136664874,-62.6287342751672,-79.0007212842459));
#9273=CARTESIAN_POINT('Ctrl Pts',(690.427649079623,-62.6276739770309,-79.0014303561784));
#9274=CARTESIAN_POINT('Ctrl Pts',(691.428599144362,-62.3840237139258,-79.2033197160116));
#9275=CARTESIAN_POINT('Ctrl Pts',(692.401872747998,-61.9556202870011,-79.4085258006258));
#9276=CARTESIAN_POINT('Ctrl Pts',(693.256275978166,-61.4497686224888,-79.4474866772705));
#9277=CARTESIAN_POINT('Ctrl Pts',(690.420562317812,-62.6295158675389,-79.));
#9278=CARTESIAN_POINT('Ctrl Pts',(690.423768200336,-62.6287905078146,-79.0014347403223));
#9279=CARTESIAN_POINT('Ctrl Pts',(690.426944564261,-62.6278798295246,-79.0028686562317));
#9280=CARTESIAN_POINT('Ctrl Pts',(691.326726567857,-62.4074531503275,-79.4062837283274));
#9281=CARTESIAN_POINT('Ctrl Pts',(692.188474800487,-61.963842097642,-79.8199908544241));
#9282=CARTESIAN_POINT('Ctrl Pts',(692.875277855189,-61.3797029550638,-80.0839081442952));
#9283=CARTESIAN_POINT('Ctrl Pts',(690.420562317812,-62.6295158675389,-79.));
#9284=CARTESIAN_POINT('Ctrl Pts',(690.423401078174,-62.6288169114565,-79.0021513482568));
#9285=CARTESIAN_POINT('Ctrl Pts',(690.426238936326,-62.6281155232149,-79.0043033428192));
#9286=CARTESIAN_POINT('Ctrl Pts',(691.22511916921,-62.4303593135035,-79.6095727890309));
#9287=CARTESIAN_POINT('Ctrl Pts',(691.996296615345,-62.063604175835,-80.228726384007));
#9288=CARTESIAN_POINT('Ctrl Pts',(692.670571357362,-61.5389771436557,-80.7245183715003));
#9289=CARTESIAN_POINT('',(690.420562317813,-62.6295158675389,-79.));
#9290=CARTESIAN_POINT('Ctrl Pts',(692.670571357362,-61.5389771436557,-80.7245183715003));
#9291=CARTESIAN_POINT('Ctrl Pts',(691.996296615345,-62.063604175835,-80.228726384007));
#9292=CARTESIAN_POINT('Ctrl Pts',(691.22511916921,-62.4303593135035,-79.6095727890309));
#9293=CARTESIAN_POINT('Ctrl Pts',(690.426238936326,-62.6281155232149,-79.0043033428192));
#9294=CARTESIAN_POINT('Ctrl Pts',(690.423401078174,-62.6288169114565,-79.0021513482568));
#9295=CARTESIAN_POINT('Ctrl Pts',(690.420562317812,-62.6295158675389,-79.));
#9296=CARTESIAN_POINT('Origin',(675.000000000001,1.51508916289825E-12,-79.));
#9297=CARTESIAN_POINT('Origin',(688.986091404528,-56.8035143914887,-89.));
#9298=CARTESIAN_POINT('',(692.670571357083,-61.5389771438727,-83.5147186257615));
#9299=CARTESIAN_POINT('',(692.670571357083,-61.5389771438727,-89.));
#9300=CARTESIAN_POINT('',(690.420562317812,-62.629515867539,-83.5147186257615));
#9301=CARTESIAN_POINT('Origin',(688.986091404528,-56.8035143914887,-83.5147186257615));
#9302=CARTESIAN_POINT('',(690.420562317813,-62.6295158675389,-89.));
#9303=CARTESIAN_POINT('Origin',(696.662091305685,-66.6690617922888,-89.));
#9304=CARTESIAN_POINT('',(696.87591067814,-60.1725795691188,-83.5147186257615));
#9305=CARTESIAN_POINT('',(696.87591067814,-60.1725795691188,-89.));
#9306=CARTESIAN_POINT('',(698.201973677324,-60.3540984288545,-88.9999999999381));
#9307=CARTESIAN_POINT('Ctrl Pts',(698.201973677345,-60.3540984288599,-88.9999999999284));
#9308=CARTESIAN_POINT('Ctrl Pts',(697.916190319029,-60.2844111274046,-88.322234625405));
#9309=CARTESIAN_POINT('Ctrl Pts',(697.286299929055,-60.1805362650903,-86.6713863259045));
#9310=CARTESIAN_POINT('Ctrl Pts',(696.87591067814,-60.1725795691188,-84.6920336578417));
#9311=CARTESIAN_POINT('Ctrl Pts',(696.87591067814,-60.1725795691188,-83.5147186257615));
#9312=CARTESIAN_POINT('',(691.704457963899,-62.4652692607279,-88.9999999999356));
#9313=CARTESIAN_POINT('Origin',(696.662091305685,-66.6690617922888,-89.));
#9314=CARTESIAN_POINT('Ctrl Pts',(692.670571357083,-61.5389771438727,-83.5147186257615));
#9315=CARTESIAN_POINT('Ctrl Pts',(692.670571357083,-61.5389771438727,-84.3977048998202));
#9316=CARTESIAN_POINT('Ctrl Pts',(692.418057793317,-61.7290146292089,-86.4103867829604));
#9317=CARTESIAN_POINT('Ctrl Pts',(691.958114531244,-62.1661259880276,-88.0963128338944));
#9318=CARTESIAN_POINT('Ctrl Pts',(691.704457963883,-62.4652692607458,-88.9999999999254));
#9319=CARTESIAN_POINT('Origin',(644.895957779332,-54.1656569853477,15.));
#9320=CARTESIAN_POINT('',(645.605969580117,-57.412899035624,-83.5147186257615));
#9321=CARTESIAN_POINT('',(645.605969580117,-57.412899035624,15.));
#9322=CARTESIAN_POINT('',(645.605969580117,-57.412899035624,-83.5147186257615));
#9323=CARTESIAN_POINT('Ctrl Pts',(644.185945978547,-50.9184149350714,-83.5147186257614));
#9324=CARTESIAN_POINT('Ctrl Pts',(644.185945978547,-50.9184149350714,-84.0579868848749));
#9325=CARTESIAN_POINT('Ctrl Pts',(644.124998204499,-51.0023023493635,-85.5170560823967));
#9326=CARTESIAN_POINT('Ctrl Pts',(643.876970609538,-51.3436830468453,-86.9728637780503));
#9327=CARTESIAN_POINT('Ctrl Pts',(643.590765038874,-51.7376112198467,-88.1431037583129));
#9328=CARTESIAN_POINT('Ctrl Pts',(643.466879498495,-51.9081250378312,-88.5760810265248));
#9329=CARTESIAN_POINT('Ctrl Pts',(643.323301797895,-52.1057427891201,-88.999999999016));
#9330=CARTESIAN_POINT('Ctrl Pts',(644.65928717907,-53.083242968589,-83.5147186257614));
#9331=CARTESIAN_POINT('Ctrl Pts',(644.659317156749,-53.0832017546608,-83.9851000734706));
#9332=CARTESIAN_POINT('Ctrl Pts',(644.605389354344,-53.1578643649952,-85.2485734584719));
#9333=CARTESIAN_POINT('Ctrl Pts',(644.386416362515,-53.4609499828483,-86.5060454866757));
#9334=CARTESIAN_POINT('Ctrl Pts',(644.134645424358,-53.8092950096168,-87.5137460147631));
#9335=CARTESIAN_POINT('Ctrl Pts',(644.025554609423,-53.9601959816924,-87.8859382082633));
#9336=CARTESIAN_POINT('Ctrl Pts',(643.899555933594,-54.1344465386617,-88.2494541402615));
#9337=CARTESIAN_POINT('Ctrl Pts',(645.132628379594,-55.2480710021065,-83.5147186257614));
#9338=CARTESIAN_POINT('Ctrl Pts',(645.132598401914,-55.2481122160346,-83.9122455126479));
#9339=CARTESIAN_POINT('Ctrl Pts',(645.085860957421,-55.3133206891792,-84.9800625159398));
#9340=CARTESIAN_POINT('Ctrl Pts',(644.896195030168,-55.5777763667167,-86.0392801241907));
#9341=CARTESIAN_POINT('Ctrl Pts',(644.678332759728,-55.8812349879418,-86.8843718153056));
#9342=CARTESIAN_POINT('Ctrl Pts',(644.584425364251,-56.0120078031697,-87.1958232002855));
#9343=CARTESIAN_POINT('Ctrl Pts',(644.475810069293,-56.1631502882032,-87.4989082815069));
#9344=CARTESIAN_POINT('Ctrl Pts',(645.605969580117,-57.412899035624,-83.5147186257615));
#9345=CARTESIAN_POINT('Ctrl Pts',(645.605969580117,-57.412899035624,-83.8393587012436));
#9346=CARTESIAN_POINT('Ctrl Pts',(645.566252107265,-57.4688827048108,-84.711579892015));
#9347=CARTESIAN_POINT('Ctrl Pts',(645.405640783145,-57.6950433027196,-85.5724618328161));
#9348=CARTESIAN_POINT('Ctrl Pts',(645.222213145213,-57.9529187777119,-86.2550140717558));
#9349=CARTESIAN_POINT('Ctrl Pts',(645.143100475179,-58.0640787470309,-86.505680382024));
#9350=CARTESIAN_POINT('Ctrl Pts',(645.052064204992,-58.1918540377448,-86.7483624227524));
#9351=CARTESIAN_POINT('',(645.052064204992,-58.1918540377448,-86.7483624227524));
#9352=CARTESIAN_POINT('',(645.052064204992,-58.1918540377448,-86.7483624227524));
#9353=CARTESIAN_POINT('Ctrl Pts',(645.605969580117,-57.412899035624,-83.5147186257615));
#9354=CARTESIAN_POINT('Ctrl Pts',(645.605969580117,-57.412899035624,-83.8393587012436));
#9355=CARTESIAN_POINT('Ctrl Pts',(645.566252107265,-57.4688827048108,-84.711579892015));
#9356=CARTESIAN_POINT('Ctrl Pts',(645.405640783145,-57.6950433027196,-85.5724618328161));
#9357=CARTESIAN_POINT('Ctrl Pts',(645.222213145213,-57.9529187777119,-86.2550140717558));
#9358=CARTESIAN_POINT('Ctrl Pts',(645.143100475179,-58.0640787470309,-86.505680382024));
#9359=CARTESIAN_POINT('Ctrl Pts',(645.052064204992,-58.1918540377448,-86.7483624227524));
#9360=CARTESIAN_POINT('Ctrl Pts',(643.323301797562,-52.1057427895789,-89.));
#9361=CARTESIAN_POINT('Ctrl Pts',(643.251410668706,-52.2046924395778,-89.2122614677695));
#9362=CARTESIAN_POINT('Ctrl Pts',(643.020018856485,-52.5231759464649,-89.8461455061776));
#9363=CARTESIAN_POINT('Ctrl Pts',(642.750838541559,-52.8936708652745,-90.4368315383526));
#9364=CARTESIAN_POINT('Ctrl Pts',(642.563952700506,-53.1508971580932,-90.7962812571188));
#9365=CARTESIAN_POINT('Ctrl Pts',(643.899555933301,-54.1344465390664,-88.2494541411052));
#9366=CARTESIAN_POINT('Ctrl Pts',(643.836438803259,-54.2217328291137,-88.4314661522606));
#9367=CARTESIAN_POINT('Ctrl Pts',(643.633409997228,-54.502473599496,-88.9743348788494));
#9368=CARTESIAN_POINT('Ctrl Pts',(643.397788374797,-54.8281475657352,-89.4778848150564));
#9369=CARTESIAN_POINT('Ctrl Pts',(643.234573445542,-55.0536681747039,-89.783307275748));
#9370=CARTESIAN_POINT('Ctrl Pts',(644.475810069041,-56.1631502885539,-87.4989082822104));
#9371=CARTESIAN_POINT('Ctrl Pts',(644.421453084826,-56.2387923154624,-87.6506716353663));
#9372=CARTESIAN_POINT('Ctrl Pts',(644.246796226708,-56.4817780872845,-88.1025178364242));
#9373=CARTESIAN_POINT('Ctrl Pts',(644.044809148009,-56.76252638353,-88.5189711826197));
#9374=CARTESIAN_POINT('Ctrl Pts',(643.905194190579,-56.9564391913145,-88.7703332943772));
#9375=CARTESIAN_POINT('Ctrl Pts',(645.05206420478,-58.1918540380413,-86.7483624233157));
#9376=CARTESIAN_POINT('Ctrl Pts',(645.006481219379,-58.2558327049984,-86.8698763198574));
#9377=CARTESIAN_POINT('Ctrl Pts',(644.860187367452,-58.4610757403156,-87.230707209096));
#9378=CARTESIAN_POINT('Ctrl Pts',(644.691758981246,-58.6970030839907,-87.5600244593235));
#9379=CARTESIAN_POINT('Ctrl Pts',(644.575814935616,-58.8592102079252,-87.7573593130064));
#9380=CARTESIAN_POINT('',(643.753147583218,-56.5250330950307,-89.));
#9381=CARTESIAN_POINT('Ctrl Pts',(643.753147583196,-56.5250330950315,-89.));
#9382=CARTESIAN_POINT('Ctrl Pts',(643.695288486364,-55.1629289354528,-89.));
#9383=CARTESIAN_POINT('Ctrl Pts',(643.533108441871,-53.6553212910085,-89.));
#9384=CARTESIAN_POINT('Ctrl Pts',(643.323301797562,-52.1057427895788,-89.));
#9385=CARTESIAN_POINT('',(644.575814935633,-58.8592102078819,-87.7573593130396));
#9386=CARTESIAN_POINT('Ctrl Pts',(645.05206420478,-58.1918540380413,-86.7483624233157));
#9387=CARTESIAN_POINT('Ctrl Pts',(645.006481219379,-58.2558327049984,-86.8698763198574));
#9388=CARTESIAN_POINT('Ctrl Pts',(644.860187367452,-58.4610757403156,-87.230707209096));
#9389=CARTESIAN_POINT('Ctrl Pts',(644.691758981246,-58.6970030839907,-87.5600244593235));
#9390=CARTESIAN_POINT('Ctrl Pts',(644.575814935616,-58.8592102079252,-87.7573593130064));
#9391=CARTESIAN_POINT('',(644.575814935633,-58.8592102078819,-87.7573593130396));
#9392=CARTESIAN_POINT('Ctrl Pts',(643.753147583195,-56.5250330950096,-89.));
#9393=CARTESIAN_POINT('Ctrl Pts',(643.682143872684,-56.6235210253063,-89.1291341701897));
#9394=CARTESIAN_POINT('Ctrl Pts',(643.611140980564,-56.7216079051097,-89.2533937079463));
#9395=CARTESIAN_POINT('Ctrl Pts',(643.448001116889,-56.9462514816812,-89.5291602221622));
#9396=CARTESIAN_POINT('Ctrl Pts',(643.352888167256,-57.0766895075006,-89.6825984687495));
#9397=CARTESIAN_POINT('Ctrl Pts',(643.098138416247,-57.4244245220106,-90.0746919419968));
#9398=CARTESIAN_POINT('Ctrl Pts',(642.935027733349,-57.6456287056904,-90.3075710961033));
#9399=CARTESIAN_POINT('Ctrl Pts',(642.764467166969,-57.8740422645477,-90.5329617606702));
#9400=CARTESIAN_POINT('Ctrl Pts',(644.027370034004,-57.3030921326464,-88.5857864376668));
#9401=CARTESIAN_POINT('Ctrl Pts',(643.961103630296,-57.3952339169179,-88.7040919841673));
#9402=CARTESIAN_POINT('Ctrl Pts',(643.895183894198,-57.4864089378513,-88.8183738532274));
#9403=CARTESIAN_POINT('Ctrl Pts',(643.74429997819,-57.6942047212997,-89.0731209097784));
#9404=CARTESIAN_POINT('Ctrl Pts',(643.656781400927,-57.8140825536545,-89.2157338556683));
#9405=CARTESIAN_POINT('Ctrl Pts',(643.423117199511,-58.1321251857924,-89.5830573312846));
#9406=CARTESIAN_POINT('Ctrl Pts',(643.274261552588,-58.3329423449984,-89.8041447718333));
#9407=CARTESIAN_POINT('Ctrl Pts',(643.118516576147,-58.5395095861983,-90.0219745071135));
#9408=CARTESIAN_POINT('Ctrl Pts',(644.301592484812,-58.0811511702833,-88.1715728753335));
#9409=CARTESIAN_POINT('Ctrl Pts',(644.240061098878,-58.1669529207957,-88.2790640851434));
#9410=CARTESIAN_POINT('Ctrl Pts',(644.17922383897,-58.2512123954217,-88.3833586151123));
#9411=CARTESIAN_POINT('Ctrl Pts',(644.040606868384,-58.4421517778316,-88.6170740153386));
#9412=CARTESIAN_POINT('Ctrl Pts',(643.960675090838,-58.5514744381055,-88.7488695263341));
#9413=CARTESIAN_POINT('Ctrl Pts',(643.748102286062,-58.8398237297112,-89.0914185435823));
#9414=CARTESIAN_POINT('Ctrl Pts',(643.613509056998,-59.020261864266,-89.3007175321275));
#9415=CARTESIAN_POINT('Ctrl Pts',(643.472565985326,-59.204976907849,-89.5109872535568));
#9416=CARTESIAN_POINT('Ctrl Pts',(644.57581493562,-58.8592102079201,-87.7573593130003));
#9417=CARTESIAN_POINT('Ctrl Pts',(644.51902085649,-58.9386658124073,-87.854021899121));
#9418=CARTESIAN_POINT('Ctrl Pts',(644.463266752605,-59.0160134281632,-87.9483387603933));
#9419=CARTESIAN_POINT('Ctrl Pts',(644.336905729686,-59.19010501745,-88.1610347029548));
#9420=CARTESIAN_POINT('Ctrl Pts',(644.264568324509,-59.2888674842594,-88.2820049132528));
#9421=CARTESIAN_POINT('Ctrl Pts',(644.073081069326,-59.5475243934931,-88.5997839328701));
#9422=CARTESIAN_POINT('Ctrl Pts',(643.952742876237,-59.707575503574,-88.7972912078576));
#9423=CARTESIAN_POINT('Ctrl Pts',(643.826615394505,-59.8704442294996,-89.));
#9424=CARTESIAN_POINT('',(643.826615394505,-59.8704442294996,-89.));
#9425=CARTESIAN_POINT('Ctrl Pts',(643.826615394505,-59.8704442294996,-89.));
#9426=CARTESIAN_POINT('Ctrl Pts',(643.795227316892,-58.9350708528832,-89.));
#9427=CARTESIAN_POINT('Ctrl Pts',(643.809226068479,-57.8452185496661,-89.));
#9428=CARTESIAN_POINT('Ctrl Pts',(643.753147583195,-56.5250330950096,-89.));
#9429=CARTESIAN_POINT('Ctrl Pts',(644.57581493562,-58.8592102079201,-87.7573593130003));
#9430=CARTESIAN_POINT('Ctrl Pts',(644.51902085649,-58.9386658124073,-87.854021899121));
#9431=CARTESIAN_POINT('Ctrl Pts',(644.463266752605,-59.0160134281632,-87.9483387603933));
#9432=CARTESIAN_POINT('Ctrl Pts',(644.336905729686,-59.19010501745,-88.1610347029548));
#9433=CARTESIAN_POINT('Ctrl Pts',(644.264568324509,-59.2888674842594,-88.2820049132528));
#9434=CARTESIAN_POINT('Ctrl Pts',(644.073081069326,-59.5475243934931,-88.5997839328701));
#9435=CARTESIAN_POINT('Ctrl Pts',(643.952742876237,-59.707575503574,-88.7972912078576));
#9436=CARTESIAN_POINT('Ctrl Pts',(643.826615394505,-59.8704442294996,-89.));
#9437=CARTESIAN_POINT('Origin',(675.000000000001,1.51508916289825E-12,-87.5));
#9438=CARTESIAN_POINT('',(686.173522961951,-65.3084224870132,-87.7573593129932));
#9439=CARTESIAN_POINT('Origin',(675.000000000001,1.51018149298418E-12,-87.7573593128807));
#9440=CARTESIAN_POINT('',(685.547795699682,-66.6707882500094,-89.));
#9441=CARTESIAN_POINT('Ctrl Pts',(685.547795699682,-66.6707882500094,-89.0000000000001));
#9442=CARTESIAN_POINT('Ctrl Pts',(685.724694565906,-66.2139587859717,-88.5764253724031));
#9443=CARTESIAN_POINT('Ctrl Pts',(685.932420850661,-65.7591714465214,-88.1609936229031));
#9444=CARTESIAN_POINT('Ctrl Pts',(686.173522961995,-65.308422487151,-87.7573593130802));
#9445=CARTESIAN_POINT('Origin',(675.000000000001,1.51508916289825E-12,-89.));
#9446=CARTESIAN_POINT('Origin',(675.000000000001,1.51508916289825E-12,-83.5147186257615));
#9447=CARTESIAN_POINT('Origin',(675.000000000001,1.51508916289825E-12,-83.5147186257615));
#9448=CARTESIAN_POINT('',(688.209993972296,-63.8105130773508,-86.2573593128434));
#9449=CARTESIAN_POINT('Ctrl Pts',(688.209993972297,-63.8105130773507,-86.2573593128435));
#9450=CARTESIAN_POINT('Ctrl Pts',(688.796780453535,-63.4518913827676,-85.805515729828));
#9451=CARTESIAN_POINT('Ctrl Pts',(689.849916484447,-62.8940006028951,-84.9625527043612));
#9452=CARTESIAN_POINT('Ctrl Pts',(690.420562317812,-62.6295158675389,-83.9562117627908));
#9453=CARTESIAN_POINT('Ctrl Pts',(690.420562317812,-62.6295158675389,-83.5147186257615));
#9454=CARTESIAN_POINT('Ctrl Pts',(686.173522961978,-65.3084224870527,-87.7573593129805));
#9455=CARTESIAN_POINT('Ctrl Pts',(686.785876560334,-64.747957348507,-87.3081873663089));
#9456=CARTESIAN_POINT('Ctrl Pts',(687.497974525624,-64.245672421859,-86.8056361192252));
#9457=CARTESIAN_POINT('Ctrl Pts',(688.209993972296,-63.8105130773507,-86.2573593128434));
#9458=CARTESIAN_POINT('Origin',(675.000000000001,1.51508916289825E-12,15.));
#9459=CARTESIAN_POINT('',(704.394030419886,-57.4128990356236,-83.5147186257614));
#9460=CARTESIAN_POINT('',(704.394030419886,-57.4128990356236,15.));
#9461=CARTESIAN_POINT('',(699.337208807232,-59.7323217987807,-83.5147186257615));
#9462=CARTESIAN_POINT('Origin',(675.000000000001,1.51508916289825E-12,-83.5147186257615));
#9463=CARTESIAN_POINT('',(699.337208807232,-59.7323217987807,-89.));
#9464=CARTESIAN_POINT('Ctrl Pts',(706.676698202108,-52.1057427891197,-88.9999999990161));
#9465=CARTESIAN_POINT('Ctrl Pts',(706.594718920946,-51.9929079886755,-88.7579528531823));
#9466=CARTESIAN_POINT('Ctrl Pts',(706.442336700871,-51.7831718559621,-88.262109594118));
#9467=CARTESIAN_POINT('Ctrl Pts',(706.199407709104,-51.4488087837362,-87.314209676441));
#9468=CARTESIAN_POINT('Ctrl Pts',(705.902949477906,-51.040769034141,-85.7221705441132));
#9469=CARTESIAN_POINT('Ctrl Pts',(705.814054021456,-50.918414935071,-84.291021687546));
#9470=CARTESIAN_POINT('Ctrl Pts',(705.814054021456,-50.918414935071,-83.5147186257614));
#9471=CARTESIAN_POINT('Ctrl Pts',(706.100444066409,-54.1344465386613,-88.2494541402615));
#9472=CARTESIAN_POINT('Ctrl Pts',(706.028464733425,-54.0349045051035,-88.0419009149641));
#9473=CARTESIAN_POINT('Ctrl Pts',(705.894541926963,-53.8496692014316,-87.6160821311959));
#9474=CARTESIAN_POINT('Ctrl Pts',(705.680749955492,-53.5538938558367,-86.8002427395773));
#9475=CARTESIAN_POINT('Ctrl Pts',(705.419311979627,-53.1920720413065,-85.4261005364856));
#9476=CARTESIAN_POINT('Ctrl Pts',(705.340712820933,-53.0832429685885,-84.1868854555842));
#9477=CARTESIAN_POINT('Ctrl Pts',(705.340712820933,-53.0832429685885,-83.5147186257614));
#9478=CARTESIAN_POINT('Ctrl Pts',(705.52418993071,-56.1631502882028,-87.4989082815069));
#9479=CARTESIAN_POINT('Ctrl Pts',(705.462210545904,-56.0769010215315,-87.3258489767459));
#9480=CARTESIAN_POINT('Ctrl Pts',(705.346747153057,-55.9161665469011,-86.9700546682738));
#9481=CARTESIAN_POINT('Ctrl Pts',(705.16209220188,-55.6589789279373,-86.2862758027137));
#9482=CARTESIAN_POINT('Ctrl Pts',(704.935674481348,-55.343375048472,-85.1300305288581));
#9483=CARTESIAN_POINT('Ctrl Pts',(704.867371620409,-55.2480710021061,-84.0827492236223));
#9484=CARTESIAN_POINT('Ctrl Pts',(704.867371620409,-55.2480710021061,-83.5147186257614));
#9485=CARTESIAN_POINT('Ctrl Pts',(704.947935795011,-58.1918540377444,-86.7483624227524));
#9486=CARTESIAN_POINT('Ctrl Pts',(704.895956358383,-58.1188975379595,-86.6097970385276));
#9487=CARTESIAN_POINT('Ctrl Pts',(704.79895237915,-57.9826638923706,-86.3240272053517));
#9488=CARTESIAN_POINT('Ctrl Pts',(704.643434448268,-57.7640640000378,-85.77230886585));
#9489=CARTESIAN_POINT('Ctrl Pts',(704.452036983068,-57.4946780556375,-84.8339605212306));
#9490=CARTESIAN_POINT('Ctrl Pts',(704.394030419886,-57.4128990356236,-83.9786129916605));
#9491=CARTESIAN_POINT('Ctrl Pts',(704.394030419886,-57.4128990356236,-83.5147186257614));
#9492=CARTESIAN_POINT('',(704.947935795011,-58.1918540377444,-86.7483624227523));
#9493=CARTESIAN_POINT('',(706.676698201908,-52.105742788844,-88.9999999992124));
#9494=CARTESIAN_POINT('Ctrl Pts',(704.947935795011,-58.1918540377444,-86.7483624227524));
#9495=CARTESIAN_POINT('Ctrl Pts',(704.895956358383,-58.1188975379595,-86.6097970385276));
#9496=CARTESIAN_POINT('Ctrl Pts',(704.79895237915,-57.9826638923706,-86.3240272053517));
#9497=CARTESIAN_POINT('Ctrl Pts',(704.643434448268,-57.7640640000378,-85.77230886585));
#9498=CARTESIAN_POINT('Ctrl Pts',(704.452036983068,-57.4946780556375,-84.8339605212306));
#9499=CARTESIAN_POINT('Ctrl Pts',(704.394030419886,-57.4128990356236,-83.9786129916605));
#9500=CARTESIAN_POINT('Ctrl Pts',(704.394030419886,-57.4128990356236,-83.5147186257614));
#9501=CARTESIAN_POINT('',(704.394030419886,-57.4128990356236,-83.5147186257614));
#9502=CARTESIAN_POINT('Origin',(705.104042220671,-54.1656569853473,15.));
#9503=CARTESIAN_POINT('Ctrl Pts',(707.436047299494,-53.1508971580875,-90.7962812571114));
#9504=CARTESIAN_POINT('Ctrl Pts',(707.156534285812,-52.7661804995199,-90.2586756600643));
#9505=CARTESIAN_POINT('Ctrl Pts',(706.893637848865,-52.4043345967497,-89.6405230869431));
#9506=CARTESIAN_POINT('Ctrl Pts',(706.676698202108,-52.1057427891197,-88.9999999990161));
#9507=CARTESIAN_POINT('Ctrl Pts',(706.765426554457,-55.0536681746988,-89.7833072757417));
#9508=CARTESIAN_POINT('Ctrl Pts',(706.521281219289,-54.7163228491734,-89.3265232366512));
#9509=CARTESIAN_POINT('Ctrl Pts',(706.290921109512,-54.3978620418409,-88.7986968603886));
#9510=CARTESIAN_POINT('Ctrl Pts',(706.100444066409,-54.1344465386613,-88.2494541402615));
#9511=CARTESIAN_POINT('Ctrl Pts',(706.094805809421,-56.9564391913101,-88.770333294372));
#9512=CARTESIAN_POINT('Ctrl Pts',(705.886028152765,-56.6664651988269,-88.394370813238));
#9513=CARTESIAN_POINT('Ctrl Pts',(705.688204370158,-56.391389486932,-87.9568706338341));
#9514=CARTESIAN_POINT('Ctrl Pts',(705.52418993071,-56.1631502882028,-87.4989082815069));
#9515=CARTESIAN_POINT('Ctrl Pts',(705.424185064384,-58.8592102079215,-87.7573593130023));
#9516=CARTESIAN_POINT('Ctrl Pts',(705.250775086242,-58.6166075484804,-87.4622183898249));
#9517=CARTESIAN_POINT('Ctrl Pts',(705.085487630804,-58.3849169320232,-87.1150444072795));
#9518=CARTESIAN_POINT('Ctrl Pts',(704.947935795011,-58.1918540377444,-86.7483624227524));
#9519=CARTESIAN_POINT('',(706.246852416785,-56.5250330950304,-89.));
#9520=CARTESIAN_POINT('Ctrl Pts',(706.676698202496,-52.1057427891722,-89.));
#9521=CARTESIAN_POINT('Ctrl Pts',(706.554828106455,-53.005844315543,-89.));
#9522=CARTESIAN_POINT('Ctrl Pts',(706.442452057606,-53.9432205899243,-89.));
#9523=CARTESIAN_POINT('Ctrl Pts',(706.31125883863,-55.400893885721,-89.));
#9524=CARTESIAN_POINT('Ctrl Pts',(706.270601537379,-55.9659373315607,-89.));
#9525=CARTESIAN_POINT('Ctrl Pts',(706.246852416808,-56.5250330950166,-89.));
#9526=CARTESIAN_POINT('',(705.42418506437,-58.8592102078815,-87.7573593130396));
#9527=CARTESIAN_POINT('',(707.436047299492,-53.1508971580847,-90.7962812571076));
#9528=CARTESIAN_POINT('Ctrl Pts',(705.424185064384,-58.8592102079215,-87.7573593130023));
#9529=CARTESIAN_POINT('Ctrl Pts',(705.250775086242,-58.6166075484804,-87.4622183898249));
#9530=CARTESIAN_POINT('Ctrl Pts',(705.085487630804,-58.3849169320232,-87.1150444072795));
#9531=CARTESIAN_POINT('Ctrl Pts',(704.947935795011,-58.1918540377444,-86.7483624227524));
#9532=CARTESIAN_POINT('Ctrl Pts',(707.235532833034,-57.8740422645474,-90.5329617606702));
#9533=CARTESIAN_POINT('Ctrl Pts',(707.064047927969,-57.6443908375644,-90.3063496102995));
#9534=CARTESIAN_POINT('Ctrl Pts',(706.900101211339,-57.4220563522941,-90.0722805391709));
#9535=CARTESIAN_POINT('Ctrl Pts',(706.571214173803,-56.9730471114474,-89.5653969328073));
#9536=CARTESIAN_POINT('Ctrl Pts',(706.410853564077,-56.7525160454695,-89.298268244154));
#9537=CARTESIAN_POINT('Ctrl Pts',(706.246852416808,-56.5250330950094,-89.));
#9538=CARTESIAN_POINT('Ctrl Pts',(706.881483423856,-58.539509586198,-90.0219745071135));
#9539=CARTESIAN_POINT('Ctrl Pts',(706.724908644642,-58.3318391990977,-89.8030026786429));
#9540=CARTESIAN_POINT('Ctrl Pts',(706.575254465623,-58.1299520217196,-89.5807142153453));
#9541=CARTESIAN_POINT('Ctrl Pts',(706.273598278528,-57.71926626592,-89.1060235655357));
#9542=CARTESIAN_POINT('Ctrl Pts',(706.1256298707,-57.5158206964427,-88.8590337249765));
#9543=CARTESIAN_POINT('Ctrl Pts',(705.972629966,-57.3030921326462,-88.5857864376668));
#9544=CARTESIAN_POINT('Ctrl Pts',(706.527434014677,-59.2049769078486,-89.5109872535568));
#9545=CARTESIAN_POINT('Ctrl Pts',(706.385712869784,-59.0192444886395,-89.299539576216));
#9546=CARTESIAN_POINT('Ctrl Pts',(706.250481004502,-58.8379531925201,-89.0892710235318));
#9547=CARTESIAN_POINT('Ctrl Pts',(705.975947539153,-58.4654471360854,-88.6465558225435));
#9548=CARTESIAN_POINT('Ctrl Pts',(705.840589143522,-58.2794285052397,-88.4198606855234));
#9549=CARTESIAN_POINT('Ctrl Pts',(705.698407515191,-58.081151170283,-88.1715728753335));
#9550=CARTESIAN_POINT('Ctrl Pts',(706.173384605498,-59.8704442294993,-89.0000000000001));
#9551=CARTESIAN_POINT('Ctrl Pts',(706.046573586457,-59.7066928501728,-88.7961926445593));
#9552=CARTESIAN_POINT('Ctrl Pts',(705.925634258786,-59.5458488619457,-88.5977046997063));
#9553=CARTESIAN_POINT('Ctrl Pts',(705.678331643879,-59.211666290558,-88.1871824552719));
#9554=CARTESIAN_POINT('Ctrl Pts',(705.555365450145,-59.0427331562129,-87.9806261663458));
#9555=CARTESIAN_POINT('Ctrl Pts',(705.424185064383,-58.8592102079198,-87.7573593130003));
#9556=CARTESIAN_POINT('',(706.173384605498,-59.8704442294993,-89.));
#9557=CARTESIAN_POINT('Ctrl Pts',(706.246852416808,-56.5250330950093,-89.));
#9558=CARTESIAN_POINT('Ctrl Pts',(706.190773931525,-57.8452185496653,-89.));
#9559=CARTESIAN_POINT('Ctrl Pts',(706.204772683112,-58.9350708528828,-89.));
#9560=CARTESIAN_POINT('Ctrl Pts',(706.173384605498,-59.8704442294992,-89.));
#9561=CARTESIAN_POINT('Ctrl Pts',(706.173384605498,-59.8704442294993,-89.0000000000001));
#9562=CARTESIAN_POINT('Ctrl Pts',(706.046573586457,-59.7066928501728,-88.7961926445593));
#9563=CARTESIAN_POINT('Ctrl Pts',(705.925634258786,-59.5458488619457,-88.5977046997063));
#9564=CARTESIAN_POINT('Ctrl Pts',(705.678331643879,-59.211666290558,-88.1871824552719));
#9565=CARTESIAN_POINT('Ctrl Pts',(705.555365450145,-59.0427331562129,-87.9806261663458));
#9566=CARTESIAN_POINT('Ctrl Pts',(705.424185064383,-58.8592102079198,-87.7573593130003));
#9567=CARTESIAN_POINT('Ctrl Pts',(700.012901870142,-72.2388091648645,-88.9999999091247));
#9568=CARTESIAN_POINT('Ctrl Pts',(700.012897953867,-72.2388099738947,-89.));
#9569=CARTESIAN_POINT('Ctrl Pts',(699.978166803441,-72.2599082408756,-89.));
#9570=CARTESIAN_POINT('Ctrl Pts',(699.798075218202,-72.3647640165141,-89.));
#9571=CARTESIAN_POINT('Ctrl Pts',(699.297688056921,-72.6296110728964,-89.0000000000001));
#9572=CARTESIAN_POINT('Ctrl Pts',(698.57983027758,-72.9000041521254,-89.0000000000001));
#9573=CARTESIAN_POINT('Ctrl Pts',(697.870879725908,-73.0625559798012,-89.0000000000001));
#9574=CARTESIAN_POINT('Ctrl Pts',(697.473221067151,-73.12058572984,-89.0000000000001));
#9575=CARTESIAN_POINT('Ctrl Pts',(697.265115923214,-73.1412533857224,-89.));
#9576=CARTESIAN_POINT('Ctrl Pts',(697.225047622572,-73.1446374566816,-89.));
#9577=CARTESIAN_POINT('Ctrl Pts',(697.225043978703,-73.1446391040912,-88.9999999091247));
#9578=CARTESIAN_POINT('Ctrl Pts',(701.242876700404,-71.4988445703185,-89.));
#9579=CARTESIAN_POINT('Ctrl Pts',(701.30185240459,-71.6067226549252,-88.865090196252));
#9580=CARTESIAN_POINT('Ctrl Pts',(701.348537368399,-71.8585720963746,-88.5873087338595));
#9581=CARTESIAN_POINT('Ctrl Pts',(701.16991844542,-72.4207014479898,-88.0801432402002));
#9582=CARTESIAN_POINT('Ctrl Pts',(700.320856437157,-73.3613384186494,-87.4389934211982));
#9583=CARTESIAN_POINT('Ctrl Pts',(698.820331796619,-74.024112222185,-87.2775325413179));
#9584=CARTESIAN_POINT('Ctrl Pts',(697.277691360043,-74.1611831366949,-87.6200992539292));
#9585=CARTESIAN_POINT('Ctrl Pts',(696.396354275773,-73.9717333114812,-88.0804496716401));
#9586=CARTESIAN_POINT('Ctrl Pts',(695.920158976831,-73.6222117113855,-88.5873333379011));
#9587=CARTESIAN_POINT('Ctrl Pts',(695.810746689895,-73.3910264354891,-88.8649464305707));
#9588=CARTESIAN_POINT('Ctrl Pts',(695.795033162475,-73.2689562377869,-89.));
#9589=CARTESIAN_POINT('Ctrl Pts',(702.503804710121,-70.8103309456863,-89.0546715857184));
#9590=CARTESIAN_POINT('Ctrl Pts',(702.621944610294,-71.0264002753467,-88.7835960971677));
#9591=CARTESIAN_POINT('Ctrl Pts',(702.751556862691,-71.5122256299802,-88.2280726859264));
#9592=CARTESIAN_POINT('Ctrl Pts',(702.58055505669,-72.5464068542882,-87.2209605132538));
#9593=CARTESIAN_POINT('Ctrl Pts',(701.393509251571,-74.2000584056372,-85.9568837886232));
#9594=CARTESIAN_POINT('Ctrl Pts',(699.099292210755,-75.2756092747397,-85.6401634641143));
#9595=CARTESIAN_POINT('Ctrl Pts',(696.703451445452,-75.3643129304974,-86.3136462066038));
#9596=CARTESIAN_POINT('Ctrl Pts',(695.329161212573,-74.9023546584127,-87.2216381148279));
#9597=CARTESIAN_POINT('Ctrl Pts',(694.581088154066,-74.1667484669057,-88.2280991361044));
#9598=CARTESIAN_POINT('Ctrl Pts',(694.401681485883,-73.6975968311922,-88.7833072274843));
#9599=CARTESIAN_POINT('Ctrl Pts',(694.370222819369,-73.4530919029149,-89.0546715857184));
#9600=CARTESIAN_POINT('Ctrl Pts',(703.78764353361,-70.177658392563,-89.1636662243503));
#9601=CARTESIAN_POINT('Ctrl Pts',(703.964815671492,-70.5015113360086,-88.7560397846566));
#9602=CARTESIAN_POINT('Ctrl Pts',(704.178063130443,-71.2231894160709,-87.9245763545753));
#9603=CARTESIAN_POINT('Ctrl Pts',(704.018870822564,-72.7412733320089,-86.4288174609632));
#9604=CARTESIAN_POINT('Ctrl Pts',(702.502836090135,-75.1374196776219,-84.5694366941083));
#9605=CARTESIAN_POINT('Ctrl Pts',(699.413645580397,-76.6388333220633,-84.108197592787));
#9606=CARTESIAN_POINT('Ctrl Pts',(696.154514872659,-76.6599556769325,-85.0934882580988));
#9607=CARTESIAN_POINT('Ctrl Pts',(694.280270943311,-75.905353877312,-86.4300092155845));
#9608=CARTESIAN_POINT('Ctrl Pts',(693.256683632351,-74.7713897970619,-87.9245446759969));
#9609=CARTESIAN_POINT('Ctrl Pts',(693.006770617757,-74.0624024633472,-88.7556054004148));
#9610=CARTESIAN_POINT('Ctrl Pts',(692.959699796872,-73.6958705823309,-89.1636662243503));
#9611=CARTESIAN_POINT('',(697.225047622572,-73.1446374566816,-89.));
#9612=CARTESIAN_POINT('',(692.982671078168,-73.8418848442476,-88.9999989705027));
#9613=CARTESIAN_POINT('Ctrl Pts',(692.982707203624,-73.8420786426664,-88.9997802598123));
#9614=CARTESIAN_POINT('Ctrl Pts',(693.635169924702,-73.6830851813429,-88.9998870539552));
#9615=CARTESIAN_POINT('Ctrl Pts',(694.293073897366,-73.5473519463616,-88.9999504839506));
#9616=CARTESIAN_POINT('Ctrl Pts',(694.955174151932,-73.4351728419876,-88.9999794900295));
#9617=CARTESIAN_POINT('Ctrl Pts',(695.000186423274,-73.4275464496849,-88.9999814619808));
#9618=CARTESIAN_POINT('Ctrl Pts',(695.045218089027,-73.4200289378508,-88.9999832852114));
#9619=CARTESIAN_POINT('Ctrl Pts',(695.090268757775,-73.412620406395,-88.9999849671751));
#9620=CARTESIAN_POINT('Ctrl Pts',(695.749790541733,-73.3041627959299,-89.0000095903772));
#9621=CARTESIAN_POINT('Ctrl Pts',(696.412945680249,-73.2191300700142,-89.0000017028819));
#9622=CARTESIAN_POINT('Ctrl Pts',(697.078479186665,-73.1577665689931,-89.0000001014224));
#9623=CARTESIAN_POINT('Ctrl Pts',(697.125764567988,-73.1534067636384,-88.9999999876405));
#9624=CARTESIAN_POINT('Ctrl Pts',(697.173061955211,-73.1491664576405,-88.9999999172421));
#9625=CARTESIAN_POINT('Ctrl Pts',(697.220370898042,-73.1450457472065,-88.9999999096676));
#9626=CARTESIAN_POINT('Ctrl Pts',(697.221928580263,-73.1449100697427,-88.9999999094182));
#9627=CARTESIAN_POINT('Ctrl Pts',(697.223486273352,-73.1447745222729,-88.9999999092236));
#9628=CARTESIAN_POINT('Ctrl Pts',(697.225043978703,-73.1446391040912,-88.9999999091247));
#9629=CARTESIAN_POINT('',(700.012897953867,-72.2388099738947,-89.));
#9630=CARTESIAN_POINT('Origin',(696.662091305685,-66.6690617922888,-89.));
#9631=CARTESIAN_POINT('',(703.854840749349,-70.3093113605024,-89.0000006649416));
#9632=CARTESIAN_POINT('Ctrl Pts',(700.012901870142,-72.2388091648645,-88.9999999091247));
#9633=CARTESIAN_POINT('Ctrl Pts',(700.014242397537,-72.2380026907921,-88.9999999092237));
#9634=CARTESIAN_POINT('Ctrl Pts',(700.015582990915,-72.2371963287418,-88.9999999094184));
#9635=CARTESIAN_POINT('Ctrl Pts',(700.016923652133,-72.236390078276,-88.9999999096686));
#9636=CARTESIAN_POINT('Ctrl Pts',(700.58143958226,-71.8968999630488,-89.0000000150179));
#9637=CARTESIAN_POINT('Ctrl Pts',(701.157679851378,-71.5773321359924,-89.0000101245889));
#9638=CARTESIAN_POINT('Ctrl Pts',(701.744513343784,-71.2781675636531,-89.0000337531203));
#9639=CARTESIAN_POINT('Ctrl Pts',(701.795414658696,-71.2522183458526,-89.0000358026341));
#9640=CARTESIAN_POINT('Ctrl Pts',(701.846395690867,-71.2264226569785,-89.0000379693314));
#9641=CARTESIAN_POINT('Ctrl Pts',(701.897455711801,-71.2007808236505,-89.0000402640012));
#9642=CARTESIAN_POINT('Ctrl Pts',(702.491615875047,-70.9023995148028,-89.000066965937));
#9643=CARTESIAN_POINT('Ctrl Pts',(703.096075674124,-70.6250462046927,-89.0001089703018));
#9644=CARTESIAN_POINT('Ctrl Pts',(703.709672948727,-70.3691647963124,-89.0001981472188));
#9645=CARTESIAN_POINT('Ctrl Pts',(703.757977462858,-70.3490209208119,-89.0002051675362));
#9646=CARTESIAN_POINT('Ctrl Pts',(703.806338620288,-70.3290101334935,-89.0002124922561));
#9647=CARTESIAN_POINT('Ctrl Pts',(703.854755861347,-70.3091326605178,-89.0002201429525));
#9648=CARTESIAN_POINT('Ctrl Pts',(703.854840749349,-70.3093113605024,-89.0000006649416));
#9649=CARTESIAN_POINT('Ctrl Pts',(703.991986808756,-70.5980494451288,-88.645380344438));
#9650=CARTESIAN_POINT('Ctrl Pts',(704.172748569907,-71.2738699356164,-87.8746411454296));
#9651=CARTESIAN_POINT('Ctrl Pts',(704.018870822564,-72.7412733320089,-86.4288174609632));
#9652=CARTESIAN_POINT('Ctrl Pts',(702.502836090135,-75.1374196776219,-84.5694366941083));
#9653=CARTESIAN_POINT('Ctrl Pts',(699.413645580397,-76.6388333220633,-84.108197592787));
#9654=CARTESIAN_POINT('Ctrl Pts',(696.154514872659,-76.6599556769325,-85.0934882580988));
#9655=CARTESIAN_POINT('Ctrl Pts',(694.280270943311,-75.905353877312,-86.4300092155845));
#9656=CARTESIAN_POINT('Ctrl Pts',(693.290826517451,-74.8092144211903,-87.8746927953058));
#9657=CARTESIAN_POINT('Ctrl Pts',(693.041280620785,-74.1563666879127,-88.6450945299099));
#9658=CARTESIAN_POINT('Ctrl Pts',(692.982671078168,-73.8418848442476,-88.9999989705027));
#9659=CARTESIAN_POINT('Origin',(696.662091305685,-66.6690617922888,-11.));
#9660=CARTESIAN_POINT('',(699.277496725497,-65.8192650577577,-11.));
#9661=CARTESIAN_POINT('Origin',(675.000000000001,1.51508916289825E-12,-83.5147186257615));
#9662=CARTESIAN_POINT('',(704.347757625427,-59.4032556809491,-87.757359313197));
#9663=CARTESIAN_POINT('Origin',(675.000000000001,1.51018149298418E-12,-87.7573593128807));
#9664=CARTESIAN_POINT('',(701.81976890891,-59.3884291391487,-86.2573593128449));
#9665=CARTESIAN_POINT('Ctrl Pts',(701.81976890891,-59.3884291391487,-86.2573593128449));
#9666=CARTESIAN_POINT('Ctrl Pts',(702.65156387936,-59.3219676005218,-86.8056222067028));
#9667=CARTESIAN_POINT('Ctrl Pts',(703.522953115067,-59.3097660253374,-87.3082053914426));
#9668=CARTESIAN_POINT('Ctrl Pts',(704.347757625458,-59.4032556810863,-87.7573593131754));
#9669=CARTESIAN_POINT('Ctrl Pts',(699.337208807232,-59.7323217987807,-83.5147186257615));
#9670=CARTESIAN_POINT('Ctrl Pts',(699.337208807232,-59.7323217987807,-84.103376141801));
#9671=CARTESIAN_POINT('Ctrl Pts',(700.138100806061,-59.5752827983132,-85.0930524758328));
#9672=CARTESIAN_POINT('Ctrl Pts',(701.305634324945,-59.4295091849839,-85.9184766255831));
#9673=CARTESIAN_POINT('Ctrl Pts',(701.81976890891,-59.3884291391487,-86.2573593128449));
#9674=CARTESIAN_POINT('Origin',(675.000000000001,1.51508916289825E-12,-87.5));
#9675=CARTESIAN_POINT('',(705.654760117835,-60.1376394790973,-89.));
#9676=CARTESIAN_POINT('Origin',(675.000000000001,1.51508916289825E-12,-89.));
#9677=CARTESIAN_POINT('Ctrl Pts',(704.347757625556,-59.4032556813347,-87.7573593134415));
#9678=CARTESIAN_POINT('Ctrl Pts',(704.807756921657,-59.6262029842705,-88.1609936231511));
#9679=CARTESIAN_POINT('Ctrl Pts',(705.243128307123,-59.8720352239523,-88.5764253725296));
#9680=CARTESIAN_POINT('Ctrl Pts',(705.654760117835,-60.1376394790973,-89.));
#9681=CARTESIAN_POINT('Ctrl Pts',(705.654760117835,-60.1376394790973,-89.));
#9682=CARTESIAN_POINT('Ctrl Pts',(705.243128307123,-59.8720352239523,-88.5764253725296));
#9683=CARTESIAN_POINT('Ctrl Pts',(704.807756921657,-59.6262029842705,-88.1609936231511));
#9684=CARTESIAN_POINT('Ctrl Pts',(704.347757625556,-59.4032556813347,-87.7573593134415));
#9685=CARTESIAN_POINT('Ctrl Pts',(704.973097609302,-60.7566000663951,-89.2418759699301));
#9686=CARTESIAN_POINT('Ctrl Pts',(704.594589567502,-60.4880114699772,-88.834039274762));
#9687=CARTESIAN_POINT('Ctrl Pts',(704.193086689244,-60.2380780046397,-88.4334858877659));
#9688=CARTESIAN_POINT('Ctrl Pts',(703.767788990707,-60.0096507853,-88.0441359775839));
#9689=CARTESIAN_POINT('Ctrl Pts',(704.21791109473,-61.2296676339726,-89.6467132075505));
#9690=CARTESIAN_POINT('Ctrl Pts',(703.876422460457,-60.9646589309027,-89.2470121548438));
#9691=CARTESIAN_POINT('Ctrl Pts',(703.512547288432,-60.7168225411132,-88.8541236441791));
#9692=CARTESIAN_POINT('Ctrl Pts',(703.125632121033,-60.4890337658031,-88.4719652203829));
#9693=CARTESIAN_POINT('Ctrl Pts',(703.47194042723,-61.5050118852115,-90.1701568774293));
#9694=CARTESIAN_POINT('Ctrl Pts',(703.163651466507,-61.2520420238479,-89.7720538803191));
#9695=CARTESIAN_POINT('Ctrl Pts',(702.834058418374,-61.0145343272602,-89.3807893533572));
#9696=CARTESIAN_POINT('Ctrl Pts',(702.48259701072,-60.7956354827228,-89.000000000208));
#9697=CARTESIAN_POINT('',(702.482597010649,-60.7956354824738,-89.));
#9698=CARTESIAN_POINT('Ctrl Pts',(705.654760117835,-60.1376394790973,-89.));
#9699=CARTESIAN_POINT('Ctrl Pts',(705.54228724864,-60.1949717730617,-89.));
#9700=CARTESIAN_POINT('Ctrl Pts',(705.427727494057,-60.2478007281198,-89.0000432831824));
#9701=CARTESIAN_POINT('Ctrl Pts',(705.311462666111,-60.2964030238131,-89.0000981112301));
#9702=CARTESIAN_POINT('Ctrl Pts',(705.191644771776,-60.3464906112004,-89.0001546148291));
#9703=CARTESIAN_POINT('Ctrl Pts',(705.070015939669,-60.392089573921,-89.0002232210398));
#9704=CARTESIAN_POINT('Ctrl Pts',(704.946940462344,-60.433510562442,-89.0002812399095));
#9705=CARTESIAN_POINT('Ctrl Pts',(704.821401677302,-60.4757605759064,-89.0003404200043));
#9706=CARTESIAN_POINT('Ctrl Pts',(704.694357535225,-60.5136640161032,-89.0003884640965));
#9707=CARTESIAN_POINT('Ctrl Pts',(704.566142006916,-60.5475536632645,-89.0004157800636));
#9708=CARTESIAN_POINT('Ctrl Pts',(704.433931286466,-60.5824993108481,-89.0004439471954));
#9709=CARTESIAN_POINT('Ctrl Pts',(704.300474829267,-60.6131774269981,-89.0004499507814));
#9710=CARTESIAN_POINT('Ctrl Pts',(704.166086633799,-60.6399513748793,-89.0004404757492));
#9711=CARTESIAN_POINT('Ctrl Pts',(704.151115758661,-60.6429339986824,-89.0004394202284));
#9712=CARTESIAN_POINT('Ctrl Pts',(704.136133271016,-60.6458681675985,-89.0004381907028));
#9713=CARTESIAN_POINT('Ctrl Pts',(704.121139568433,-60.6487543804794,-89.0004368100212));
#9714=CARTESIAN_POINT('Ctrl Pts',(703.980411791036,-60.6758437749491,-89.0004238512303));
#9715=CARTESIAN_POINT('Ctrl Pts',(703.838665917199,-60.698713231378,-89.0003954954831));
#9716=CARTESIAN_POINT('Ctrl Pts',(703.696292131339,-60.7177399153006,-89.0003554015189));
#9717=CARTESIAN_POINT('Ctrl Pts',(703.550700170573,-60.7371966727538,-89.0003144012827));
#9718=CARTESIAN_POINT('Ctrl Pts',(703.404451371703,-60.7526351912648,-89.0002609677885));
#9719=CARTESIAN_POINT('Ctrl Pts',(703.257907616369,-60.764464624581,-89.0002056089932));
#9720=CARTESIAN_POINT('Ctrl Pts',(703.105033801747,-60.776805038485,-89.0001478589362));
#9721=CARTESIAN_POINT('Ctrl Pts',(702.951838860283,-60.7852179921873,-89.0000878916732));
#9722=CARTESIAN_POINT('Ctrl Pts',(702.798676565779,-60.7901713311603,-89.0000470125949));
#9723=CARTESIAN_POINT('Ctrl Pts',(702.693268671648,-60.7935802708851,-89.0000188791855));
#9724=CARTESIAN_POINT('Ctrl Pts',(702.587875026658,-60.7953506778838,-89.));
#9725=CARTESIAN_POINT('Ctrl Pts',(702.482597010973,-60.795635482602,-88.9999999999999));
#9726=CARTESIAN_POINT('Origin',(702.468540103637,-55.5995020739999,-92.0000000005609));
#9727=CARTESIAN_POINT('Ctrl Pts',(704.347757625458,-59.4032556810863,-87.7573593131754));
#9728=CARTESIAN_POINT('Ctrl Pts',(703.522953115067,-59.3097660253374,-87.3082053914426));
#9729=CARTESIAN_POINT('Ctrl Pts',(702.65156387936,-59.3219676005218,-86.8056222067028));
#9730=CARTESIAN_POINT('Ctrl Pts',(701.81976890891,-59.3884291391487,-86.2573593128449));
#9731=CARTESIAN_POINT('Ctrl Pts',(703.494261946085,-60.2956411829439,-88.1793866937762));
#9732=CARTESIAN_POINT('Ctrl Pts',(702.760857745451,-60.0846317483327,-87.7701056817524));
#9733=CARTESIAN_POINT('Ctrl Pts',(701.960431614848,-59.9591283167072,-87.258881033403));
#9734=CARTESIAN_POINT('Ctrl Pts',(701.191868962002,-59.9018582969402,-86.6649880735308));
#9735=CARTESIAN_POINT('Ctrl Pts',(701.763110655601,-61.3626171464628,-89.4621916604281));
#9736=CARTESIAN_POINT('Ctrl Pts',(701.215570820036,-60.99715504265,-88.950281172593));
#9737=CARTESIAN_POINT('Ctrl Pts',(700.58053926236,-60.7011299783641,-88.3042433806027));
#9738=CARTESIAN_POINT('Ctrl Pts',(699.959431699945,-60.5021236634364,-87.5456513128501));
#9739=CARTESIAN_POINT('Ctrl Pts',(700.226451546533,-61.1987697206004,-91.2389942351875));
#9740=CARTESIAN_POINT('Ctrl Pts',(699.733763848926,-60.8781313546858,-90.4562570743783));
#9741=CARTESIAN_POINT('Ctrl Pts',(699.208040402102,-60.6389181855026,-89.55897872628));
#9742=CARTESIAN_POINT('Ctrl Pts',(698.709780134468,-60.4779253090074,-88.563747955296));
#9743=CARTESIAN_POINT('Ctrl Pts',(699.681444680636,-60.9128907387871,-92.0000000005893));
#9744=CARTESIAN_POINT('Ctrl Pts',(699.169933444685,-60.6445816211047,-91.1016921571239));
#9745=CARTESIAN_POINT('Ctrl Pts',(698.664329580841,-60.4668423458475,-90.0965257876464));
#9746=CARTESIAN_POINT('Ctrl Pts',(698.201973677345,-60.3540984288599,-88.9999999999284));
#9747=CARTESIAN_POINT('Ctrl Pts',(702.48259701065,-60.7956354826029,-89.));
#9748=CARTESIAN_POINT('Ctrl Pts',(702.203434093394,-60.7963906916886,-89.));
#9749=CARTESIAN_POINT('Ctrl Pts',(701.92588253537,-60.7925358921777,-89.));
#9750=CARTESIAN_POINT('Ctrl Pts',(700.512142106388,-60.7485560926866,-89.));
#9751=CARTESIAN_POINT('Ctrl Pts',(699.322087761387,-60.6272344445505,-89.));
#9752=CARTESIAN_POINT('Ctrl Pts',(698.201973677345,-60.3540984288599,-89.));
#9753=CARTESIAN_POINT('Origin',(699.623403558878,-54.5249014780024,-88.9999999999283));
#9754=CARTESIAN_POINT('Origin',(697.073282406559,-54.1758267477312,-89.));
#9755=CARTESIAN_POINT('Origin',(697.073282406559,-54.1758267477312,-83.5147186257615));
#9756=CARTESIAN_POINT('Ctrl Pts',(701.81976890891,-59.3884291391487,-86.2573593128449));
#9757=CARTESIAN_POINT('Ctrl Pts',(701.305634324945,-59.4295091849839,-85.9184766255831));
#9758=CARTESIAN_POINT('Ctrl Pts',(700.138100806061,-59.5752827983132,-85.0930524758328));
#9759=CARTESIAN_POINT('Ctrl Pts',(699.337208807232,-59.7323217987807,-84.103376141801));
#9760=CARTESIAN_POINT('Ctrl Pts',(699.337208807232,-59.7323217987807,-83.5147186257615));
#9761=CARTESIAN_POINT('Ctrl Pts',(700.720944001821,-60.2869301652837,-86.9707096440452));
#9762=CARTESIAN_POINT('Ctrl Pts',(700.275214946689,-60.1925254085965,-86.5830592581733));
#9763=CARTESIAN_POINT('Ctrl Pts',(699.255669912037,-60.0499347330879,-85.5847252584167));
#9764=CARTESIAN_POINT('Ctrl Pts',(698.559664282827,-60.0491228685783,-84.2878980667989));
#9765=CARTESIAN_POINT('Ctrl Pts',(698.559664282827,-60.0491228685783,-83.5147186257615));
#9766=CARTESIAN_POINT('Ctrl Pts',(699.386855410633,-60.6430278158706,-87.9820785624528));
#9767=CARTESIAN_POINT('Ctrl Pts',(699.049299242118,-60.501369585255,-87.4512604604786));
#9768=CARTESIAN_POINT('Ctrl Pts',(698.263717667883,-60.2595394797304,-86.1283181160108));
#9769=CARTESIAN_POINT('Ctrl Pts',(697.71506238756,-60.2001986536847,-84.4899067402655));
#9770=CARTESIAN_POINT('Ctrl Pts',(697.71506238756,-60.2001986536847,-83.5147186257615));
#9771=CARTESIAN_POINT('Ctrl Pts',(698.201973677345,-60.3540984288599,-88.9999999999284));
#9772=CARTESIAN_POINT('Ctrl Pts',(697.916190319029,-60.2844111274046,-88.322234625405));
#9773=CARTESIAN_POINT('Ctrl Pts',(697.286299929055,-60.1805362650903,-86.6713863259045));
#9774=CARTESIAN_POINT('Ctrl Pts',(696.87591067814,-60.1725795691188,-84.6920336578417));
#9775=CARTESIAN_POINT('Ctrl Pts',(696.87591067814,-60.1725795691188,-83.5147186257615));
#9776=CARTESIAN_POINT('Ctrl Pts',(686.173522961995,-65.308422487151,-87.7573593130802));
#9777=CARTESIAN_POINT('Ctrl Pts',(685.932420850661,-65.7591714465214,-88.1609936229031));
#9778=CARTESIAN_POINT('Ctrl Pts',(685.724694565906,-66.2139587859717,-88.5764253724031));
#9779=CARTESIAN_POINT('Ctrl Pts',(685.547795699682,-66.6707882500094,-89.0000000000001));
#9780=CARTESIAN_POINT('Ctrl Pts',(686.999157543056,-65.4581094212441,-88.0441359772764));
#9781=CARTESIAN_POINT('Ctrl Pts',(686.789350627943,-65.892894638827,-88.4334858875657));
#9782=CARTESIAN_POINT('Ctrl Pts',(686.611435181064,-66.3310925304694,-88.8340392746772));
#9783=CARTESIAN_POINT('Ctrl Pts',(686.463088158609,-66.7708667144395,-89.2418759699648));
#9784=CARTESIAN_POINT('Ctrl Pts',(687.8004476099,-65.4684880616339,-88.4719652201639));
#9785=CARTESIAN_POINT('Ctrl Pts',(687.621317546795,-65.8801960813874,-88.8541236440653));
#9786=CARTESIAN_POINT('Ctrl Pts',(687.47261092365,-66.2945803924603,-89.2470121548434));
#9787=CARTESIAN_POINT('Ctrl Pts',(687.352109022503,-66.7096989200693,-89.6467132076672));
#9788=CARTESIAN_POINT('Ctrl Pts',(688.500889909706,-65.3385675065454,-89.0000000000939));
#9789=CARTESIAN_POINT('Ctrl Pts',(688.345217170557,-65.7222442240943,-89.3807893533493));
#9790=CARTESIAN_POINT('Ctrl Pts',(688.218174314713,-66.108121919983,-89.7720538804258));
#9791=CARTESIAN_POINT('Ctrl Pts',(688.117455260072,-66.4939865415514,-90.1701568776541));
#9792=CARTESIAN_POINT('',(688.500889909695,-65.3385675064867,-89.));
#9793=CARTESIAN_POINT('Ctrl Pts',(688.500889909582,-65.3385675065685,-89.0000000000001));
#9794=CARTESIAN_POINT('Ctrl Pts',(688.377195098515,-65.4279267856769,-89.));
#9795=CARTESIAN_POINT('Ctrl Pts',(688.251466705583,-65.5149057691147,-89.0000394985572));
#9796=CARTESIAN_POINT('Ctrl Pts',(688.123686322366,-65.5989420236423,-89.0000903964628));
#9797=CARTESIAN_POINT('Ctrl Pts',(687.999486358194,-65.6806235739607,-89.000139868204));
#9798=CARTESIAN_POINT('Ctrl Pts',(687.87334750448,-65.7595250909378,-89.0002001357404));
#9799=CARTESIAN_POINT('Ctrl Pts',(687.745291793892,-65.8351037772914,-89.0002542794708));
#9800=CARTESIAN_POINT('Ctrl Pts',(687.6219058787,-65.9079263428916,-89.0003064487469));
#9801=CARTESIAN_POINT('Ctrl Pts',(687.496740171695,-65.9776639624752,-89.0003530476524));
#9802=CARTESIAN_POINT('Ctrl Pts',(687.369854358671,-66.0438060126743,-89.0003862241462));
#9803=CARTESIAN_POINT('Ctrl Pts',(687.271932197691,-66.0948501155002,-89.0004118275914));
#9804=CARTESIAN_POINT('Ctrl Pts',(687.172986311438,-66.1437522892257,-89.0004296085563));
#9805=CARTESIAN_POINT('Ctrl Pts',(687.073062597365,-66.1902674024236,-89.0004382936779));
#9806=CARTESIAN_POINT('Ctrl Pts',(686.950582552043,-66.2472826287433,-89.0004489393399));
#9807=CARTESIAN_POINT('Ctrl Pts',(686.826605187435,-66.3007267396185,-89.0004459825344));
#9808=CARTESIAN_POINT('Ctrl Pts',(686.701166308764,-66.3501439283215,-89.0004215703002));
#9809=CARTESIAN_POINT('Ctrl Pts',(686.57844230684,-66.3984915795901,-89.0003976864207));
#9810=CARTESIAN_POINT('Ctrl Pts',(686.45431900387,-66.4429846735319,-89.0003533514761));
#9811=CARTESIAN_POINT('Ctrl Pts',(686.32886596656,-66.4831680874172,-89.0002965617589));
#9812=CARTESIAN_POINT('Ctrl Pts',(686.201272407454,-66.5240371241862,-89.0002388030766));
#9813=CARTESIAN_POINT('Ctrl Pts',(686.072302679099,-66.5604482176159,-89.0001681919664));
#9814=CARTESIAN_POINT('Ctrl Pts',(685.942075802338,-66.5918927012887,-89.0001084616121));
#9815=CARTESIAN_POINT('Ctrl Pts',(685.819597783747,-66.6214661514984,-89.0000522853785));
#9816=CARTESIAN_POINT('Ctrl Pts',(685.696007773678,-66.646646122941,-89.0000059479412));
#9817=CARTESIAN_POINT('Ctrl Pts',(685.57144879186,-66.6669859661823,-89.0000005197438));
#9818=CARTESIAN_POINT('Ctrl Pts',(685.563568276687,-66.6682728139146,-89.0000001763162));
#9819=CARTESIAN_POINT('Ctrl Pts',(685.55568389843,-66.6695402805312,-89.));
#9820=CARTESIAN_POINT('Ctrl Pts',(685.547795699682,-66.6707882500094,-89.));
#9821=CARTESIAN_POINT('Origin',(685.458051599591,-61.1265448311716,-92.0000000001994));
#9822=CARTESIAN_POINT('Ctrl Pts',(688.209993972296,-63.8105130773507,-86.2573593128434));
#9823=CARTESIAN_POINT('Ctrl Pts',(687.497974525624,-64.245672421859,-86.8056361192252));
#9824=CARTESIAN_POINT('Ctrl Pts',(686.785876560334,-64.747957348507,-87.3081873663089));
#9825=CARTESIAN_POINT('Ctrl Pts',(686.173522961978,-65.3084224870527,-87.7573593129805));
#9826=CARTESIAN_POINT('Ctrl Pts',(689.019761787158,-63.8568156627038,-86.6649880735292));
#9827=CARTESIAN_POINT('Ctrl Pts',(688.431629088915,-64.3549105139257,-87.2588961038178));
#9828=CARTESIAN_POINT('Ctrl Pts',(687.857873570566,-64.9268868081608,-87.7700892567557));
#9829=CARTESIAN_POINT('Ctrl Pts',(687.388546508506,-65.5287053503415,-88.1793866935978));
#9830=CARTESIAN_POINT('Ctrl Pts',(690.369651562606,-63.6180320215368,-87.545651338006));
#9831=CARTESIAN_POINT('Ctrl Pts',(689.984128183648,-64.1441227271282,-88.3042626555213));
#9832=CARTESIAN_POINT('Ctrl Pts',(689.644394798786,-64.7568359010675,-88.9502608052889));
#9833=CARTESIAN_POINT('Ctrl Pts',(689.416229845496,-65.3743615750665,-89.4621918365596));
#9834=CARTESIAN_POINT('Ctrl Pts',(691.366417524206,-62.8639284576611,-88.5637479552934));
#9835=CARTESIAN_POINT('Ctrl Pts',(691.057937910925,-63.2870552046791,-89.5590039808996));
#9836=CARTESIAN_POINT('Ctrl Pts',(690.773240941426,-63.7895624439022,-90.4562256621072));
#9837=CARTESIAN_POINT('Ctrl Pts',(690.563106291385,-64.3385809252885,-91.2389942348479));
#9838=CARTESIAN_POINT('Ctrl Pts',(691.704457963883,-62.4652692607457,-88.9999999999254));
#9839=CARTESIAN_POINT('Ctrl Pts',(691.396665581965,-62.82825619778,-90.0965536126921));
#9840=CARTESIAN_POINT('Ctrl Pts',(691.092114076833,-63.2692067989526,-91.1016561068563));
#9841=CARTESIAN_POINT('Ctrl Pts',(690.835990658516,-63.7869529725078,-92.0000000001994));
#9842=CARTESIAN_POINT('Ctrl Pts',(691.704457963883,-62.4652692607458,-89.));
#9843=CARTESIAN_POINT('Ctrl Pts',(691.025538922292,-63.2659347673748,-89.));
#9844=CARTESIAN_POINT('Ctrl Pts',(690.228852543312,-63.9958857989061,-89.));
#9845=CARTESIAN_POINT('Ctrl Pts',(689.118391769692,-64.8817559087612,-89.));
#9846=CARTESIAN_POINT('Ctrl Pts',(688.81175334173,-65.1139943659508,-89.));
#9847=CARTESIAN_POINT('Ctrl Pts',(688.500889909694,-65.3385675064872,-89.));
#9848=CARTESIAN_POINT('Origin',(687.12818103299,-58.5848453854753,-88.9999999999254));
#9849=CARTESIAN_POINT('Ctrl Pts',(690.420562317812,-62.6295158675389,-83.5147186257615));
#9850=CARTESIAN_POINT('Ctrl Pts',(690.420562317812,-62.6295158675389,-83.9562117627908));
#9851=CARTESIAN_POINT('Ctrl Pts',(689.849916484447,-62.8940006028951,-84.9625527043612));
#9852=CARTESIAN_POINT('Ctrl Pts',(688.796780453535,-63.4518913827676,-85.805515729828));
#9853=CARTESIAN_POINT('Ctrl Pts',(688.209993972297,-63.8105130773507,-86.2573593128435));
#9854=CARTESIAN_POINT('Ctrl Pts',(691.235820048676,-62.4287841123957,-83.5147186257615));
#9855=CARTESIAN_POINT('Ctrl Pts',(691.235820048676,-62.4287841123957,-84.0946032065389));
#9856=CARTESIAN_POINT('Ctrl Pts',(690.802220846994,-62.7430860758345,-85.4148633277056));
#9857=CARTESIAN_POINT('Ctrl Pts',(690.033904523986,-63.4403852448732,-86.453842462881));
#9858=CARTESIAN_POINT('Ctrl Pts',(689.627087648305,-63.8915426017185,-86.9707096440436));
#9859=CARTESIAN_POINT('Ctrl Pts',(692.007917453893,-62.0545624518892,-83.5147186257615));
#9860=CARTESIAN_POINT('Ctrl Pts',(692.007917453893,-62.0545624518892,-84.2461097116385));
#9861=CARTESIAN_POINT('Ctrl Pts',(691.692615939152,-62.3385418225037,-85.9126404179184));
#9862=CARTESIAN_POINT('Ctrl Pts',(691.168795682052,-62.978121448703,-87.2743210931515));
#9863=CARTESIAN_POINT('Ctrl Pts',(690.915696937969,-63.3954740535483,-87.9820785624506));
#9864=CARTESIAN_POINT('Ctrl Pts',(692.670571357083,-61.5389771438727,-83.5147186257615));
#9865=CARTESIAN_POINT('Ctrl Pts',(692.670571357083,-61.5389771438727,-84.3977048998202));
#9866=CARTESIAN_POINT('Ctrl Pts',(692.418057793317,-61.7290146292089,-86.4103867829604));
#9867=CARTESIAN_POINT('Ctrl Pts',(691.958114531244,-62.1661259880276,-88.0963128338944));
#9868=CARTESIAN_POINT('Ctrl Pts',(691.704457963883,-62.4652692607458,-88.9999999999254));
#9869=CARTESIAN_POINT('Ctrl Pts',(739.487145055212,-1.28768110495174,-79.));
#9870=CARTESIAN_POINT('Ctrl Pts',(739.493806763452,-0.954062366625164,-79.));
#9871=CARTESIAN_POINT('Ctrl Pts',(739.505052421482,-0.0716042109972667,
-79.));
#9872=CARTESIAN_POINT('Ctrl Pts',(739.495981347063,0.84515909235276,-79.));
#9873=CARTESIAN_POINT('Ctrl Pts',(739.487145055203,1.28768110538113,-79.));
#9874=CARTESIAN_POINT('Ctrl Pts',(739.083702404483,-1.62627257226392,-79.4474866772942));
#9875=CARTESIAN_POINT('Ctrl Pts',(739.006529955522,-1.20596349258005,-79.4761988125199));
#9876=CARTESIAN_POINT('Ctrl Pts',(738.879413299961,-0.0907729981528765,
-79.4906909866252));
#9877=CARTESIAN_POINT('Ctrl Pts',(738.981338527637,1.06876186172042,-79.4855713242777));
#9878=CARTESIAN_POINT('Ctrl Pts',(739.083702404582,1.6262725728048,-79.4474866772568));
#9879=CARTESIAN_POINT('Ctrl Pts',(738.899331100027,-1.96697183768465,-80.0839081443078));
#9880=CARTESIAN_POINT('Ctrl Pts',(738.741285420281,-1.45916441918495,-80.1722463706652));
#9881=CARTESIAN_POINT('Ctrl Pts',(738.483505414848,-0.110001669115585,-80.2600084425002));
#9882=CARTESIAN_POINT('Ctrl Pts',(738.689694517083,1.29340067686217,-80.2010826469675));
#9883=CARTESIAN_POINT('Ctrl Pts',(738.89933110023,1.9669718383381,-80.0839081441938));
#9884=CARTESIAN_POINT('Ctrl Pts',(738.987552068186,-2.21087771730317,-80.7245183715003));
#9885=CARTESIAN_POINT('Ctrl Pts',(738.778777513035,-1.63367546506571,-80.8736274331492));
#9886=CARTESIAN_POINT('Ctrl Pts',(738.456494713987,-0.121458278248281,-81.0374734874027));
#9887=CARTESIAN_POINT('Ctrl Pts',(738.710627166354,1.44525914437781,-80.9223011532082));
#9888=CARTESIAN_POINT('Ctrl Pts',(738.987552068455,2.21087771804601,-80.7245183713084));
#9889=CARTESIAN_POINT('',(739.487145055203,1.28768110538111,-79.));
#9890=CARTESIAN_POINT('',(738.987552068456,2.21087771804872,-80.7245183713203));
#9891=CARTESIAN_POINT('Origin',(741.432531241073,1.32652663082761,-80.7245183713085));
#9892=CARTESIAN_POINT('',(738.987552068202,-2.21087771734509,-80.7245183716839));
#9893=CARTESIAN_POINT('Ctrl Pts',(738.987552068455,2.21087771804601,-80.7245183713084));
#9894=CARTESIAN_POINT('Ctrl Pts',(738.710627166354,1.44525914437781,-80.9223011532082));
#9895=CARTESIAN_POINT('Ctrl Pts',(738.456494713987,-0.121458278248281,-81.0374734874027));
#9896=CARTESIAN_POINT('Ctrl Pts',(738.778777513035,-1.63367546506571,-80.8736274331492));
#9897=CARTESIAN_POINT('Ctrl Pts',(738.987552068186,-2.21087771730317,-80.7245183715003));
#9898=CARTESIAN_POINT('',(739.487145055212,-1.28768110495176,-79.));
#9899=CARTESIAN_POINT('Origin',(741.432531240912,-1.3265266303819,-80.7245183715004));
#9900=CARTESIAN_POINT('Origin',(675.,0.,-79.));
#9901=CARTESIAN_POINT('Ctrl Pts',(739.487145055203,1.28768110538118,-79.));
#9902=CARTESIAN_POINT('Ctrl Pts',(739.464994680633,2.39697315911144,-79.));
#9903=CARTESIAN_POINT('Ctrl Pts',(739.412308670257,3.54880681871543,-79.0000000000007));
#9904=CARTESIAN_POINT('Ctrl Pts',(739.330009846075,4.67972404263116,-79.));
#9905=CARTESIAN_POINT('Ctrl Pts',(739.329717748874,4.68374108755951,-79.));
#9906=CARTESIAN_POINT('Ctrl Pts',(739.329424997257,4.68775847525549,-79.));
#9907=CARTESIAN_POINT('Ctrl Pts',(739.083702404584,1.6262725728163,-79.4474866772553));
#9908=CARTESIAN_POINT('Ctrl Pts',(739.300355263647,2.5939447462037,-79.4103267129851));
#9909=CARTESIAN_POINT('Ctrl Pts',(739.40557443913,3.65295679668525,-79.2034051048302));
#9910=CARTESIAN_POINT('Ctrl Pts',(739.329950118739,4.68045796310985,-79.0014339228748));
#9911=CARTESIAN_POINT('Ctrl Pts',(739.329690991155,4.68410827983969,-79.0007171160848));
#9912=CARTESIAN_POINT('Ctrl Pts',(739.329424997257,4.68775847525549,-79.));
#9913=CARTESIAN_POINT('Ctrl Pts',(738.899331100235,1.96697183836099,-80.083908144193));
#9914=CARTESIAN_POINT('Ctrl Pts',(739.243684369539,2.79910197307613,-79.8214810450218));
#9915=CARTESIAN_POINT('Ctrl Pts',(739.397200046652,3.75706224992873,-79.4063586916925));
#9916=CARTESIAN_POINT('Ctrl Pts',(739.329897170731,4.68119219538244,-79.0028689633058));
#9917=CARTESIAN_POINT('Ctrl Pts',(739.329664233435,4.68447547211988,-79.0014342321696));
#9918=CARTESIAN_POINT('Ctrl Pts',(739.329424997257,4.68775847525549,-79.));
#9919=CARTESIAN_POINT('Ctrl Pts',(738.987552068466,2.21087771807586,-80.7245183713085));
#9920=CARTESIAN_POINT('Ctrl Pts',(739.278139671799,3.01426977380041,-80.2287263838485));
#9921=CARTESIAN_POINT('Ctrl Pts',(739.388637572012,3.86103669686106,-79.6095728355703));
#9922=CARTESIAN_POINT('Ctrl Pts',(739.329847362318,4.68192696000522,-79.0043033426935));
#9923=CARTESIAN_POINT('Ctrl Pts',(739.329637475715,4.68484266440007,-79.0021513482544));
#9924=CARTESIAN_POINT('Ctrl Pts',(739.329424997257,4.68775847525549,-79.));
#9925=CARTESIAN_POINT('',(739.329424997257,4.68775847525549,-79.));
#9926=CARTESIAN_POINT('Origin',(675.,0.,-79.));
#9927=CARTESIAN_POINT('Ctrl Pts',(739.329424997257,4.68775847525549,-79.));
#9928=CARTESIAN_POINT('Ctrl Pts',(739.329637475715,4.68484266440007,-79.0021513482544));
#9929=CARTESIAN_POINT('Ctrl Pts',(739.329847362318,4.68192696000522,-79.0043033426935));
#9930=CARTESIAN_POINT('Ctrl Pts',(739.388637572012,3.86103669686106,-79.6095728355703));
#9931=CARTESIAN_POINT('Ctrl Pts',(739.278139671799,3.01426977380041,-80.2287263838485));
#9932=CARTESIAN_POINT('Ctrl Pts',(738.987552068466,2.21087771807586,-80.7245183713085));
#9933=CARTESIAN_POINT('Ctrl Pts',(739.329424997257,-4.68775847525546,-79.));
#9934=CARTESIAN_POINT('Ctrl Pts',(739.329717748879,-4.68374108749741,-79.));
#9935=CARTESIAN_POINT('Ctrl Pts',(739.33000984607,-4.67972404269248,-79.));
#9936=CARTESIAN_POINT('Ctrl Pts',(739.41230867067,-3.54880681337839,-79.0000000000023));
#9937=CARTESIAN_POINT('Ctrl Pts',(739.464994680646,-2.3969731588192,-79.));
#9938=CARTESIAN_POINT('Ctrl Pts',(739.487145055212,-1.28768110495168,-79.));
#9939=CARTESIAN_POINT('Ctrl Pts',(739.329424997257,-4.68775847525546,-79.));
#9940=CARTESIAN_POINT('Ctrl Pts',(739.329786192729,-4.68411754380018,-79.0007212842539));
#9941=CARTESIAN_POINT('Ctrl Pts',(739.329863185158,-4.68044938880788,-79.001430356171));
#9942=CARTESIAN_POINT('Ctrl Pts',(739.407448578335,-3.65319725434853,-79.2033197160203));
#9943=CARTESIAN_POINT('Ctrl Pts',(739.300770808143,-2.59517509300441,-79.4085258006221));
#9944=CARTESIAN_POINT('Ctrl Pts',(739.083702404501,-1.62627257244127,-79.4474866772704));
#9945=CARTESIAN_POINT('Ctrl Pts',(739.329424997257,-4.68775847525546,-79.));
#9946=CARTESIAN_POINT('Ctrl Pts',(739.32972581135,-4.68448535125896,-79.0014347403406));
#9947=CARTESIAN_POINT('Ctrl Pts',(739.329841255319,-4.68118303465084,-79.0028686560917));
#9948=CARTESIAN_POINT('Ctrl Pts',(739.398250929515,-3.75732392036254,-79.4062837771321));
#9949=CARTESIAN_POINT('Ctrl Pts',(739.242646622384,-2.80066928076016,-79.8199908544277));
#9950=CARTESIAN_POINT('Ctrl Pts',(738.899331100103,-1.96697183803828,-80.0839081442951));
#9951=CARTESIAN_POINT('Ctrl Pts',(739.329424997257,-4.68775847525546,-79.));
#9952=CARTESIAN_POINT('Ctrl Pts',(739.329637475718,-4.68484266435702,-79.0021513482831));
#9953=CARTESIAN_POINT('Ctrl Pts',(739.329847362315,-4.6819269600532,-79.0043033426719));
#9954=CARTESIAN_POINT('Ctrl Pts',(739.38863757233,-3.86103669264532,-79.6095728378435));
#9955=CARTESIAN_POINT('Ctrl Pts',(739.278139671771,-3.01426977358549,-80.228726384007));
#9956=CARTESIAN_POINT('Ctrl Pts',(738.987552068353,-2.21087771776472,-80.7245183715002));
#9957=CARTESIAN_POINT('',(739.329424997257,-4.68775847525546,-79.));
#9958=CARTESIAN_POINT('Ctrl Pts',(738.987552068353,-2.21087771776472,-80.7245183715002));
#9959=CARTESIAN_POINT('Ctrl Pts',(739.278139671771,-3.01426977358549,-80.228726384007));
#9960=CARTESIAN_POINT('Ctrl Pts',(739.38863757233,-3.86103669264532,-79.6095728378435));
#9961=CARTESIAN_POINT('Ctrl Pts',(739.329847362315,-4.6819269600532,-79.0043033426719));
#9962=CARTESIAN_POINT('Ctrl Pts',(739.329637475718,-4.68484266435702,-79.0021513482831));
#9963=CARTESIAN_POINT('Ctrl Pts',(739.329424997257,-4.68775847525546,-79.));
#9964=CARTESIAN_POINT('Origin',(675.,0.,-79.));
#9965=CARTESIAN_POINT('Origin',(733.345292439372,-4.25168791941774,-89.));
#9966=CARTESIAN_POINT('',(738.987552068474,-2.21087771809725,-83.5147186257615));
#9967=CARTESIAN_POINT('',(738.987552068474,-2.21087771809722,-89.));
#9968=CARTESIAN_POINT('',(739.329424997257,-4.68775847525551,-83.5147186257615));
#9969=CARTESIAN_POINT('Origin',(733.345292439372,-4.25168791941779,-83.5147186257615));
#9970=CARTESIAN_POINT('',(739.329424997257,-4.68775847525546,-89.));
#9971=CARTESIAN_POINT('Origin',(745.1,0.,-89.));
#9972=CARTESIAN_POINT('',(738.987552068474,2.21087771809725,-83.5147186257615));
#9973=CARTESIAN_POINT('',(738.987552068474,2.21087771809724,-89.));
#9974=CARTESIAN_POINT('',(739.569962765215,3.41594616203117,-88.9999999999381));
#9975=CARTESIAN_POINT('Ctrl Pts',(739.569962765227,3.41594616205041,-88.9999999999284));
#9976=CARTESIAN_POINT('Ctrl Pts',(739.415374288646,3.16568459731614,-88.322234625405));
#9977=CARTESIAN_POINT('Ctrl Pts',(739.121936614457,2.59872234359919,-86.6713874486589));
#9978=CARTESIAN_POINT('Ctrl Pts',(738.987552068474,2.21087771809727,-84.6920336578405));
#9979=CARTESIAN_POINT('Ctrl Pts',(738.987552068474,2.21087771809727,-83.5147186257615));
#9980=CARTESIAN_POINT('',(739.569962765214,-3.41594616202931,-88.9999999999356));
#9981=CARTESIAN_POINT('Origin',(745.1,0.,-89.));
#9982=CARTESIAN_POINT('Ctrl Pts',(738.987552068474,-2.21087771809727,-83.5147186257615));
#9983=CARTESIAN_POINT('Ctrl Pts',(738.987552068474,-2.21087771809727,-84.3977048998202));
#9984=CARTESIAN_POINT('Ctrl Pts',(739.090257474755,-2.50975720142958,-86.4103867794665));
#9985=CARTESIAN_POINT('Ctrl Pts',(739.363844796452,-3.08226407573723,-88.0963128338948));
#9986=CARTESIAN_POINT('Ctrl Pts',(739.569962765227,-3.41594616204923,-88.9999999999255));
#9987=CARTESIAN_POINT('Origin',(717.211940389757,-45.3687540407489,15.));
#9988=CARTESIAN_POINT('',(720.519656814309,-45.6969456693501,-83.5147186257615));
#9989=CARTESIAN_POINT('',(720.519656814309,-45.6969456693501,15.));
#9990=CARTESIAN_POINT('',(720.519656814309,-45.6969456693501,-83.5147186257615));
#9991=CARTESIAN_POINT('Ctrl Pts',(713.904223965204,-45.0405624121478,-83.5147186257614));
#9992=CARTESIAN_POINT('Ctrl Pts',(713.904223965204,-45.0405624121478,-84.0579868848755));
#9993=CARTESIAN_POINT('Ctrl Pts',(713.96517186665,-45.124450001788,-85.5170560646952));
#9994=CARTESIAN_POINT('Ctrl Pts',(714.213199390539,-45.4658306014476,-86.9728637606121));
#9995=CARTESIAN_POINT('Ctrl Pts',(714.499404913348,-45.8597587085808,-88.1431037568152));
#9996=CARTESIAN_POINT('Ctrl Pts',(714.623290445256,-46.0302725149075,-88.5760810265249));
#9997=CARTESIAN_POINT('Ctrl Pts',(714.766868145856,-46.2278902661964,-88.9999999990161));
#9998=CARTESIAN_POINT('Ctrl Pts',(716.109368248239,-45.2593568312152,-83.5147186257614));
#9999=CARTESIAN_POINT('Ctrl Pts',(716.109338315077,-45.259315584944,-83.9851000734712));
#10000=CARTESIAN_POINT('Ctrl Pts',(716.163682197144,-45.333676163617,-85.2485734407704));
#10001=CARTESIAN_POINT('Ctrl Pts',(716.384267302142,-45.6355903632328,-86.5060454692375));
#10002=CARTESIAN_POINT('Ctrl Pts',(716.637761563334,-45.9826832218905,-87.5137460132653));
#10003=CARTESIAN_POINT('Ctrl Pts',(716.747565991926,-46.1330657054842,-87.8859382082635));
#10004=CARTESIAN_POINT('Ctrl Pts',(716.8743523875,-46.3067439505584,-88.2494541402615));
#10005=CARTESIAN_POINT('Ctrl Pts',(718.314512531274,-45.4781512502826,-83.5147186257614));
#10006=CARTESIAN_POINT('Ctrl Pts',(718.314542464437,-45.4781924965538,-83.912245512648));
#10007=CARTESIAN_POINT('Ctrl Pts',(718.362116830783,-45.5427930915789,-84.9800625044517));
#10008=CARTESIAN_POINT('Ctrl Pts',(718.555019081591,-45.8048973396234,-86.0392801095996));
#10009=CARTESIAN_POINT('Ctrl Pts',(718.776302204844,-46.105870499704,-86.8843718149239));
#10010=CARTESIAN_POINT('Ctrl Pts',(718.871655555855,-46.2355927544333,-87.1958232002854));
#10011=CARTESIAN_POINT('Ctrl Pts',(718.981836629144,-46.3855976349205,-87.4989082815069));
#10012=CARTESIAN_POINT('Ctrl Pts',(720.519656814309,-45.6969456693501,-83.5147186257614));
#10013=CARTESIAN_POINT('Ctrl Pts',(720.519656814309,-45.6969456693501,-83.8393587012437));
#10014=CARTESIAN_POINT('Ctrl Pts',(720.560627161277,-45.7520192534079,-84.7115798805269));
#10015=CARTESIAN_POINT('Ctrl Pts',(720.726086993195,-45.9746571014086,-85.5724618182251));
#10016=CARTESIAN_POINT('Ctrl Pts',(720.91465885483,-46.2287950130138,-86.255014071374));
#10017=CARTESIAN_POINT('Ctrl Pts',(720.995931102525,-46.3383859450099,-86.505680382024));
#10018=CARTESIAN_POINT('Ctrl Pts',(721.089320870787,-46.4644513192825,-86.7483624227523));
#10019=CARTESIAN_POINT('',(721.089320870787,-46.4644513192825,-86.7483624227524));
#10020=CARTESIAN_POINT('',(721.089320870787,-46.4644513192825,-86.7483624227524));
#10021=CARTESIAN_POINT('Ctrl Pts',(720.519656814309,-45.6969456693501,-83.5147186257614));
#10022=CARTESIAN_POINT('Ctrl Pts',(720.519656814309,-45.6969456693501,-83.8393587012437));
#10023=CARTESIAN_POINT('Ctrl Pts',(720.560627161277,-45.7520192534079,-84.7115798805269));
#10024=CARTESIAN_POINT('Ctrl Pts',(720.726086993195,-45.9746571014086,-85.5724618182251));
#10025=CARTESIAN_POINT('Ctrl Pts',(720.91465885483,-46.2287950130138,-86.255014071374));
#10026=CARTESIAN_POINT('Ctrl Pts',(720.995931102525,-46.3383859450099,-86.505680382024));
#10027=CARTESIAN_POINT('Ctrl Pts',(721.089320870787,-46.4644513192825,-86.7483624227523));
#10028=CARTESIAN_POINT('Ctrl Pts',(714.766868146189,-46.2278902666551,-89.));
#10029=CARTESIAN_POINT('Ctrl Pts',(714.838759275045,-46.326839916654,-89.2122614677695));
#10030=CARTESIAN_POINT('Ctrl Pts',(715.070151088525,-46.645323425273,-89.8461455047609));
#10031=CARTESIAN_POINT('Ctrl Pts',(715.339331402192,-47.015818342351,-90.4368315383529));
#10032=CARTESIAN_POINT('Ctrl Pts',(715.526217243246,-47.2730446351696,-90.7962812571189));
#10033=CARTESIAN_POINT('Ctrl Pts',(716.874352387794,-46.3067439509618,-88.2494541411052));
#10034=CARTESIAN_POINT('Ctrl Pts',(716.937862316908,-46.3937448557794,-88.4314661522606));
#10035=CARTESIAN_POINT('Ctrl Pts',(717.142123305817,-46.673590395544,-88.9743348774328));
#10036=CARTESIAN_POINT('Ctrl Pts',(717.379046566765,-46.9983186633994,-89.4778848150567));
#10037=CARTESIAN_POINT('Ctrl Pts',(717.543093224608,-47.2232349861763,-89.7833072757481));
#10038=CARTESIAN_POINT('Ctrl Pts',(718.981836629399,-46.3855976352685,-87.4989082822104));
#10039=CARTESIAN_POINT('Ctrl Pts',(719.036979240111,-46.4606688711156,-87.6506716353663));
#10040=CARTESIAN_POINT('Ctrl Pts',(719.214100505131,-46.7018641479993,-88.1025178353271));
#10041=CARTESIAN_POINT('Ctrl Pts',(719.418690561047,-46.9807212691153,-88.5189711826197));
#10042=CARTESIAN_POINT('Ctrl Pts',(719.55996920597,-47.1734253371829,-88.7703332943773));
#10043=CARTESIAN_POINT('Ctrl Pts',(721.089320871004,-46.4644513195751,-86.7483624233156));
#10044=CARTESIAN_POINT('Ctrl Pts',(721.136082281974,-46.5275738102409,-86.8698763198574));
#10045=CARTESIAN_POINT('Ctrl Pts',(721.286072722423,-46.7301311182704,-87.230707207999));
#10046=CARTESIAN_POINT('Ctrl Pts',(721.45840572562,-46.9632215901637,-87.5600244593235));
#10047=CARTESIAN_POINT('Ctrl Pts',(721.576845187332,-47.1236156881896,-87.7573593130065));
#10048=CARTESIAN_POINT('',(719.102692641318,-47.1847184386654,-89.));
#10049=CARTESIAN_POINT('Ctrl Pts',(719.102692641312,-47.1847184386869,-89.));
#10050=CARTESIAN_POINT('Ctrl Pts',(717.789375160272,-46.8188323763369,-89.));
#10051=CARTESIAN_POINT('Ctrl Pts',(716.305438696109,-46.5071983814824,-89.));
#10052=CARTESIAN_POINT('Ctrl Pts',(714.766868146189,-46.2278902666551,-89.));
#10053=CARTESIAN_POINT('',(721.576845187296,-47.12361568816,-87.7573593130396));
#10054=CARTESIAN_POINT('Ctrl Pts',(721.089320871004,-46.4644513195751,-86.7483624233156));
#10055=CARTESIAN_POINT('Ctrl Pts',(721.136082281974,-46.5275738102409,-86.8698763198574));
#10056=CARTESIAN_POINT('Ctrl Pts',(721.286072722423,-46.7301311182704,-87.230707207999));
#10057=CARTESIAN_POINT('Ctrl Pts',(721.45840572562,-46.9632215901637,-87.5600244593235));
#10058=CARTESIAN_POINT('Ctrl Pts',(721.576845187332,-47.1236156881896,-87.7573593130065));
#10059=CARTESIAN_POINT('',(721.576845187296,-47.12361568816,-87.7573593130396));
#10060=CARTESIAN_POINT('Ctrl Pts',(719.102692641291,-47.1847184386811,-89.0000000000001));
#10061=CARTESIAN_POINT('Ctrl Pts',(719.174418875964,-47.2826814244469,-89.1291341701897));
#10062=CARTESIAN_POINT('Ctrl Pts',(719.245763942049,-47.3805197005688,-89.2533937080749));
#10063=CARTESIAN_POINT('Ctrl Pts',(719.408999689491,-47.6050936142277,-89.5291602228575));
#10064=CARTESIAN_POINT('Ctrl Pts',(719.503662106236,-47.7358589715725,-89.6825984696024));
#10065=CARTESIAN_POINT('Ctrl Pts',(719.75565575546,-48.0855964110704,-90.0746919427685));
#10066=CARTESIAN_POINT('Ctrl Pts',(719.915629461922,-48.3090797405098,-90.3075710961031));
#10067=CARTESIAN_POINT('Ctrl Pts',(720.080157551902,-48.5418761500216,-90.5329617606702));
#10068=CARTESIAN_POINT('Ctrl Pts',(719.927410156636,-47.1643508551822,-88.5857864376668));
#10069=CARTESIAN_POINT('Ctrl Pts',(719.994564756089,-47.255847327472,-88.7040919841673));
#10070=CARTESIAN_POINT('Ctrl Pts',(720.060907035352,-47.3467153530821,-88.8183738533559));
#10071=CARTESIAN_POINT('Ctrl Pts',(720.21190687547,-47.5544269134556,-89.0731209104737));
#10072=CARTESIAN_POINT('Ctrl Pts',(720.298872741531,-47.6747063142274,-89.2157338565211));
#10073=CARTESIAN_POINT('Ctrl Pts',(720.529143050176,-47.9952147536287,-89.5830573320563));
#10074=CARTESIAN_POINT('Ctrl Pts',(720.674132592536,-48.1988408011871,-89.8041447718332));
#10075=CARTESIAN_POINT('Ctrl Pts',(720.822461868824,-48.4107958639229,-90.0219745071135));
#10076=CARTESIAN_POINT('Ctrl Pts',(720.752127671982,-47.1439832716834,-88.1715728753335));
#10077=CARTESIAN_POINT('Ctrl Pts',(720.814715741976,-47.2290172962882,-88.2790640851434));
#10078=CARTESIAN_POINT('Ctrl Pts',(720.876051517378,-47.3129145783542,-88.3833586152541));
#10079=CARTESIAN_POINT('Ctrl Pts',(721.014810662017,-47.5037506657834,-88.617074015919));
#10080=CARTESIAN_POINT('Ctrl Pts',(721.094082412924,-47.6135528636314,-88.7488695270458));
#10081=CARTESIAN_POINT('Ctrl Pts',(721.302630276668,-47.9048264458529,-89.0914185441747));
#10082=CARTESIAN_POINT('Ctrl Pts',(721.432645544275,-48.0885906635001,-89.3007175321275));
#10083=CARTESIAN_POINT('Ctrl Pts',(721.564766185746,-48.2797155778243,-89.5109872535568));
#10084=CARTESIAN_POINT('Ctrl Pts',(721.576845187328,-47.1236156881846,-87.7573593130003));
#10085=CARTESIAN_POINT('Ctrl Pts',(721.634861622101,-47.2021831993133,-87.8540218991211));
#10086=CARTESIAN_POINT('Ctrl Pts',(721.691194610681,-47.2791102308675,-87.9483387605351));
#10087=CARTESIAN_POINT('Ctrl Pts',(721.817717847996,-47.4530839650114,-88.1610347035353));
#10088=CARTESIAN_POINT('Ctrl Pts',(721.88929304822,-47.5524002062863,-88.2820049139645));
#10089=CARTESIAN_POINT('Ctrl Pts',(722.076117571384,-47.8144447884112,-88.5997839334625));
#10090=CARTESIAN_POINT('Ctrl Pts',(722.191148674889,-47.9783517241774,-88.7972912078576));
#10091=CARTESIAN_POINT('Ctrl Pts',(722.307070502668,-48.1486352917257,-89.0000000000001));
#10092=CARTESIAN_POINT('',(722.307070502668,-48.1486352917257,-89.));
#10093=CARTESIAN_POINT('Ctrl Pts',(722.307070502668,-48.1486352917256,-89.));
#10094=CARTESIAN_POINT('Ctrl Pts',(721.407778108265,-47.8894408580133,-89.));
#10095=CARTESIAN_POINT('Ctrl Pts',(720.375592825631,-47.5393443710437,-89.));
#10096=CARTESIAN_POINT('Ctrl Pts',(719.102692641291,-47.184718438681,-89.));
#10097=CARTESIAN_POINT('Ctrl Pts',(721.576845187328,-47.1236156881846,-87.7573593130003));
#10098=CARTESIAN_POINT('Ctrl Pts',(721.634861622101,-47.2021831993133,-87.8540218991211));
#10099=CARTESIAN_POINT('Ctrl Pts',(721.691194610681,-47.2791102308675,-87.9483387605351));
#10100=CARTESIAN_POINT('Ctrl Pts',(721.817717847996,-47.4530839650114,-88.1610347035353));
#10101=CARTESIAN_POINT('Ctrl Pts',(721.88929304822,-47.5524002062863,-88.2820049139645));
#10102=CARTESIAN_POINT('Ctrl Pts',(722.076117571384,-47.8144447884112,-88.5997839334625));
#10103=CARTESIAN_POINT('Ctrl Pts',(722.191148674889,-47.9783517241774,-88.7972912078576));
#10104=CARTESIAN_POINT('Ctrl Pts',(722.307070502668,-48.1486352917257,-89.0000000000001));
#10105=CARTESIAN_POINT('Origin',(675.,0.,-87.5));
#10106=CARTESIAN_POINT('',(740.564809257514,-9.55476060137022,-87.7573593129932));
#10107=CARTESIAN_POINT('Origin',(675.,-1.11022302462516E-14,-87.7573593128807));
#10108=CARTESIAN_POINT('',(741.667135736104,-10.5708567648954,-89.));
#10109=CARTESIAN_POINT('Ctrl Pts',(741.667135736104,-10.5708567648954,-89.0000000000001));
#10110=CARTESIAN_POINT('Ctrl Pts',(741.287329853444,-10.2614478775294,-88.5764253724032));
#10111=CARTESIAN_POINT('Ctrl Pts',(740.918992342898,-9.92335142409051,-88.1609936229031));
#10112=CARTESIAN_POINT('Ctrl Pts',(740.564809257658,-9.55476060137124,-87.7573593130802));
#10113=CARTESIAN_POINT('Origin',(675.,0.,-89.));
#10114=CARTESIAN_POINT('Origin',(675.,0.,-83.5147186257615));
#10115=CARTESIAN_POINT('Origin',(675.,0.,-83.5147186257615));
#10116=CARTESIAN_POINT('',(739.769516903383,-7.1550821131156,-86.2573593128434));
#10117=CARTESIAN_POINT('Ctrl Pts',(739.769516903383,-7.15508211311553,-86.2573593128434));
#10118=CARTESIAN_POINT('Ctrl Pts',(739.609774398637,-6.48619480828244,-85.805515729828));
#10119=CARTESIAN_POINT('Ctrl Pts',(739.40462566798,-5.31220519269898,-84.9625527026137));
#10120=CARTESIAN_POINT('Ctrl Pts',(739.329424997257,-4.68775847525551,-83.9562117627908));
#10121=CARTESIAN_POINT('Ctrl Pts',(739.329424997257,-4.68775847525551,-83.5147186257615));
#10122=CARTESIAN_POINT('Ctrl Pts',(740.56480925756,-9.55476060135688,-87.7573593129805));
#10123=CARTESIAN_POINT('Ctrl Pts',(740.221002903848,-8.79918446879866,-87.3081873663089));
#10124=CARTESIAN_POINT('Ctrl Pts',(739.963351924257,-7.96672448031633,-86.8056361192252));
#10125=CARTESIAN_POINT('Ctrl Pts',(739.769516903383,-7.15508211311552,-86.2573593128434));
#10126=CARTESIAN_POINT('Origin',(675.,0.,15.));
#10127=CARTESIAN_POINT('',(738.686166680146,10.2138226726683,-83.5147186257614));
#10128=CARTESIAN_POINT('',(738.686166680146,10.2138226726683,15.));
#10129=CARTESIAN_POINT('',(739.329424997257,4.68775847525551,-83.5147186257615));
#10130=CARTESIAN_POINT('Origin',(675.,0.,-83.5147186257615));
#10131=CARTESIAN_POINT('',(739.329424997257,4.68775847525549,-89.));
#10132=CARTESIAN_POINT('Ctrl Pts',(734.34414428613,14.0247702134604,-88.999999999016));
#10133=CARTESIAN_POINT('Ctrl Pts',(734.211499022838,13.9816711548045,-88.7579528531825));
#10134=CARTESIAN_POINT('Ctrl Pts',(733.964939403935,13.9015590783276,-88.2621094264227));
#10135=CARTESIAN_POINT('Ctrl Pts',(733.571872014406,13.7738437415225,-87.3142094259562));
#10136=CARTESIAN_POINT('Ctrl Pts',(733.092192577818,13.6179864446972,-85.7221701270632));
#10137=CARTESIAN_POINT('Ctrl Pts',(732.948356681638,13.5712513290032,-84.2910216875452));
#10138=CARTESIAN_POINT('Ctrl Pts',(732.948356681638,13.5712513290032,-83.5147186257614));
#10139=CARTESIAN_POINT('Ctrl Pts',(736.095483885754,12.8498160275014,-88.2494541402615));
#10140=CARTESIAN_POINT('Ctrl Pts',(735.978570948958,12.8121197938524,-88.0419009149642));
#10141=CARTESIAN_POINT('Ctrl Pts',(735.761017277038,12.741992490848,-87.616081986459));
#10142=CARTESIAN_POINT('Ctrl Pts',(735.413652833543,12.6300638447078,-86.8002425233353));
#10143=CARTESIAN_POINT('Ctrl Pts',(734.988751114137,12.4932306605901,-85.4261001768072));
#10144=CARTESIAN_POINT('Ctrl Pts',(734.860960014474,12.4521084435583,-84.1868854555836));
#10145=CARTESIAN_POINT('Ctrl Pts',(734.860960014474,12.4521084435583,-83.5147186257614));
#10146=CARTESIAN_POINT('Ctrl Pts',(737.846823485379,11.6748618415423,-87.4989082815069));
#10147=CARTESIAN_POINT('Ctrl Pts',(737.745642875079,11.6425684329003,-87.3258489767459));
#10148=CARTESIAN_POINT('Ctrl Pts',(737.557095150141,11.5824259033685,-86.9700545464953));
#10149=CARTESIAN_POINT('Ctrl Pts',(737.255433652681,11.4862839478931,-86.2862756207143));
#10150=CARTESIAN_POINT('Ctrl Pts',(736.885309650456,11.3684748764831,-85.1300302265513));
#10151=CARTESIAN_POINT('Ctrl Pts',(736.77356334731,11.3329655581133,-84.082749223622));
#10152=CARTESIAN_POINT('Ctrl Pts',(736.77356334731,11.3329655581133,-83.5147186257614));
#10153=CARTESIAN_POINT('Ctrl Pts',(739.598163085003,10.4999076555833,-86.7483624227523));
#10154=CARTESIAN_POINT('Ctrl Pts',(739.5127148012,10.4730170719482,-86.6097970385276));
#10155=CARTESIAN_POINT('Ctrl Pts',(739.353173023244,10.422859315889,-86.3240271065316));
#10156=CARTESIAN_POINT('Ctrl Pts',(739.097214471818,10.3425040510784,-85.7723087180933));
#10157=CARTESIAN_POINT('Ctrl Pts',(738.781868186775,10.2437190923761,-84.8339602762953));
#10158=CARTESIAN_POINT('Ctrl Pts',(738.686166680146,10.2138226726683,-83.9786129916604));
#10159=CARTESIAN_POINT('Ctrl Pts',(738.686166680146,10.2138226726683,-83.5147186257614));
#10160=CARTESIAN_POINT('',(739.598163085003,10.4999076555833,-86.7483624227523));
#10161=CARTESIAN_POINT('',(734.344144285806,14.0247702133551,-88.9999999992124));
#10162=CARTESIAN_POINT('Ctrl Pts',(739.598163085003,10.4999076555833,-86.7483624227523));
#10163=CARTESIAN_POINT('Ctrl Pts',(739.5127148012,10.4730170719482,-86.6097970385276));
#10164=CARTESIAN_POINT('Ctrl Pts',(739.353173023244,10.422859315889,-86.3240271065316));
#10165=CARTESIAN_POINT('Ctrl Pts',(739.097214471818,10.3425040510784,-85.7723087180933));
#10166=CARTESIAN_POINT('Ctrl Pts',(738.781868186775,10.2437190923761,-84.8339602762953));
#10167=CARTESIAN_POINT('Ctrl Pts',(738.686166680146,10.2138226726683,-83.9786129916604));
#10168=CARTESIAN_POINT('Ctrl Pts',(738.686166680146,10.2138226726683,-83.5147186257614));
#10169=CARTESIAN_POINT('',(738.686166680146,10.2138226726683,-83.5147186257614));
#10170=CARTESIAN_POINT('Origin',(735.817261680892,11.8925370008357,15.));
#10171=CARTESIAN_POINT('Ctrl Pts',(735.572796935027,14.4239836589156,-90.7962812571114));
#10172=CARTESIAN_POINT('Ctrl Pts',(735.120535378592,14.277034971381,-90.258675660064));
#10173=CARTESIAN_POINT('Ctrl Pts',(734.695160008091,14.1388221352127,-89.640523086943));
#10174=CARTESIAN_POINT('Ctrl Pts',(734.34414428613,14.0247702134604,-88.9999999990161));
#10175=CARTESIAN_POINT('Ctrl Pts',(737.175206502396,13.198196848849,-89.7833072757417));
#10176=CARTESIAN_POINT('Ctrl Pts',(736.778926974649,13.0702462754742,-89.326523236651));
#10177=CARTESIAN_POINT('Ctrl Pts',(736.404867559904,12.9495705934843,-88.7986968603885));
#10178=CARTESIAN_POINT('Ctrl Pts',(736.095483885754,12.8498160275014,-88.2494541402615));
#10179=CARTESIAN_POINT('Ctrl Pts',(738.777616069765,11.9724100387823,-88.770333294372));
#10180=CARTESIAN_POINT('Ctrl Pts',(738.437318570705,11.8634575795674,-88.3943708132379));
#10181=CARTESIAN_POINT('Ctrl Pts',(738.114575111716,11.7603190517558,-87.956870633834));
#10182=CARTESIAN_POINT('Ctrl Pts',(737.846823485378,11.6748618415423,-87.4989082815069));
#10183=CARTESIAN_POINT('Ctrl Pts',(740.380025637134,10.7466232287157,-87.7573593130023));
#10184=CARTESIAN_POINT('Ctrl Pts',(740.095710166762,10.6566688836605,-87.4622183898249));
#10185=CARTESIAN_POINT('Ctrl Pts',(739.824282663529,10.5710675100274,-87.1150444072795));
#10186=CARTESIAN_POINT('Ctrl Pts',(739.598163085003,10.4999076555833,-86.7483624227524));
#10187=CARTESIAN_POINT('',(738.414309476341,12.2503267707236,-89.));
#10188=CARTESIAN_POINT('Ctrl Pts',(734.3441442863,14.0247702138134,-89.));
#10189=CARTESIAN_POINT('Ctrl Pts',(735.1625317775,13.6307181965206,-89.));
#10190=CARTESIAN_POINT('Ctrl Pts',(736.019303482615,13.2341770240799,-89.));
#10191=CARTESIAN_POINT('Ctrl Pts',(737.365092235002,12.6589590376312,-89.));
#10192=CARTESIAN_POINT('Ctrl Pts',(737.889916689125,12.4456836190162,-89.));
#10193=CARTESIAN_POINT('Ctrl Pts',(738.414309476335,12.2503267707498,-89.));
#10194=CARTESIAN_POINT('',(740.380025637092,10.7466232287142,-87.7573593130396));
#10195=CARTESIAN_POINT('',(735.572796935024,14.4239836589145,-90.7962812571076));
#10196=CARTESIAN_POINT('Ctrl Pts',(740.380025637134,10.7466232287157,-87.7573593130023));
#10197=CARTESIAN_POINT('Ctrl Pts',(740.095710166762,10.6566688836605,-87.4622183898249));
#10198=CARTESIAN_POINT('Ctrl Pts',(739.824282663529,10.5710675100274,-87.1150444072795));
#10199=CARTESIAN_POINT('Ctrl Pts',(739.598163085003,10.4999076555833,-86.7483624227524));
#10200=CARTESIAN_POINT('Ctrl Pts',(740.002812488179,12.773750964183,-90.5329617606702));
#10201=CARTESIAN_POINT('Ctrl Pts',(739.731409252126,12.6816253214945,-90.3063496102995));
#10202=CARTESIAN_POINT('Ctrl Pts',(739.469294264743,12.5944078607713,-90.0722805353799));
#10203=CARTESIAN_POINT('Ctrl Pts',(738.940629415596,12.4203691862393,-89.565396929297));
#10204=CARTESIAN_POINT('Ctrl Pts',(738.681337760313,12.3360050329197,-89.2982682441539));
#10205=CARTESIAN_POINT('Ctrl Pts',(738.414309476328,12.2503267707523,-89.));
#10206=CARTESIAN_POINT('Ctrl Pts',(740.526302236532,12.2313892549019,-90.0219745071135));
#10207=CARTESIAN_POINT('Ctrl Pts',(740.280411693971,12.1466514696856,-89.8030026786428));
#10208=CARTESIAN_POINT('Ctrl Pts',(740.042159889014,12.0667084543638,-89.5807142115544));
#10209=CARTESIAN_POINT('Ctrl Pts',(739.558357635606,11.9067252494252,-89.1060235620254));
#10210=CARTESIAN_POINT('Ctrl Pts',(739.319144654087,11.8288670716953,-88.8590337249764));
#10211=CARTESIAN_POINT('Ctrl Pts',(739.069548196596,11.7490922567399,-88.5857864376667));
#10212=CARTESIAN_POINT('Ctrl Pts',(741.049791984884,11.6890275456209,-89.5109872535568));
#10213=CARTESIAN_POINT('Ctrl Pts',(740.829355715074,11.6116372012158,-89.2995395762159));
#10214=CARTESIAN_POINT('Ctrl Pts',(740.61514849892,11.5390461443098,-89.0892710202198));
#10215=CARTESIAN_POINT('Ctrl Pts',(740.176038680156,11.3930600048757,-88.6465558190822));
#10216=CARTESIAN_POINT('Ctrl Pts',(739.957296407751,11.3218094407482,-88.4198606855233));
#10217=CARTESIAN_POINT('Ctrl Pts',(739.724786916864,11.2478577427275,-88.1715728753335));
#10218=CARTESIAN_POINT('Ctrl Pts',(741.573281733237,11.1466658363398,-89.));
#10219=CARTESIAN_POINT('Ctrl Pts',(741.378358156919,11.0766633494069,-88.7961926445593));
#10220=CARTESIAN_POINT('Ctrl Pts',(741.188014123191,11.0113467379023,-88.5977046963942));
#10221=CARTESIAN_POINT('Ctrl Pts',(740.793766900166,10.8794160680616,-88.1871824518105));
#10222=CARTESIAN_POINT('Ctrl Pts',(740.595103301525,10.8146714795237,-87.9806261663458));
#10223=CARTESIAN_POINT('Ctrl Pts',(740.380025637132,10.7466232287151,-87.7573593130002));
#10224=CARTESIAN_POINT('',(741.573281733237,11.1466658363398,-89.));
#10225=CARTESIAN_POINT('Ctrl Pts',(738.414309476328,12.2503267707523,-89.));
#10226=CARTESIAN_POINT('Ctrl Pts',(739.652551250726,11.7890332206842,-89.));
#10227=CARTESIAN_POINT('Ctrl Pts',(740.69338823764,11.4655639415482,-89.));
#10228=CARTESIAN_POINT('Ctrl Pts',(741.573281733237,11.1466658363398,-89.));
#10229=CARTESIAN_POINT('Ctrl Pts',(741.573281733237,11.1466658363398,-89.));
#10230=CARTESIAN_POINT('Ctrl Pts',(741.378358156919,11.0766633494069,-88.7961926445593));
#10231=CARTESIAN_POINT('Ctrl Pts',(741.188014123191,11.0113467379023,-88.5977046963942));
#10232=CARTESIAN_POINT('Ctrl Pts',(740.793766900166,10.8794160680616,-88.1871824518105));
#10233=CARTESIAN_POINT('Ctrl Pts',(740.595103301525,10.8146714795237,-87.9806261663458));
#10234=CARTESIAN_POINT('Ctrl Pts',(740.380025637132,10.7466232287151,-87.7573593130002));
#10235=CARTESIAN_POINT('Ctrl Pts',(751.432601942154,1.46566362969615,-88.9999999091247));
#10236=CARTESIAN_POINT('Ctrl Pts',(751.432601501392,1.46565965509298,-89.));
#10237=CARTESIAN_POINT('Ctrl Pts',(751.441934601854,1.42610851533174,-89.));
#10238=CARTESIAN_POINT('Ctrl Pts',(751.486007007018,1.22242901456397,-89.));
#10239=CARTESIAN_POINT('Ctrl Pts',(751.583263250166,0.664689709527377,-89.));
#10240=CARTESIAN_POINT('Ctrl Pts',(751.618591975724,-0.101589086966546,
-89.0000000000001));
#10241=CARTESIAN_POINT('Ctrl Pts',(751.554110311592,-0.826072155858481,
-89.));
#10242=CARTESIAN_POINT('Ctrl Pts',(751.486416667106,-1.2222002086238,-89.));
#10243=CARTESIAN_POINT('Ctrl Pts',(751.441764837562,-1.42650663829467,-89.));
#10244=CARTESIAN_POINT('Ctrl Pts',(751.432601501392,-1.46565965509297,-89.));
#10245=CARTESIAN_POINT('Ctrl Pts',(751.432601942154,-1.46566362969615,-88.9999999091247));
#10246=CARTESIAN_POINT('Ctrl Pts',(751.108936917888,2.8641008418466,-89.0000000000001));
#10247=CARTESIAN_POINT('Ctrl Pts',(751.229759568067,2.88685390815139,-88.8650901962519));
#10248=CARTESIAN_POINT('Ctrl Pts',(751.483709372716,2.85342796956895,-88.5873083382816));
#10249=CARTESIAN_POINT('Ctrl Pts',(751.963129817264,2.50984369430715,-88.0801428896583));
#10250=CARTESIAN_POINT('Ctrl Pts',(752.59535604822,1.41166411320442,-87.4389907113136));
#10251=CARTESIAN_POINT('Ctrl Pts',(752.762004431545,-0.220226772722336,
-87.2775289946136));
#10252=CARTESIAN_POINT('Ctrl Pts',(752.415664285759,-1.72972198204878,-87.6200961133087));
#10253=CARTESIAN_POINT('Ctrl Pts',(751.963137556677,-2.50938026316181,-88.0804478741753));
#10254=CARTESIAN_POINT('Ctrl Pts',(751.483569547794,-2.8542609359618,-88.5873325137199));
#10255=CARTESIAN_POINT('Ctrl Pts',(751.229888321873,-2.88687815479611,-88.8649464305705));
#10256=CARTESIAN_POINT('Ctrl Pts',(751.108936917888,-2.8641008418466,-89.));
#10257=CARTESIAN_POINT('Ctrl Pts',(750.84376973231,4.27607705293709,-89.0546715857184));
#10258=CARTESIAN_POINT('Ctrl Pts',(751.085771113122,4.32166568000237,-88.7835960971675));
#10259=CARTESIAN_POINT('Ctrl Pts',(751.587871503525,4.29480566310611,-88.2280719017913));
#10260=CARTESIAN_POINT('Ctrl Pts',(752.518593743196,3.81259359876502,-87.2209598213722));
#10261=CARTESIAN_POINT('Ctrl Pts',(753.724496363885,2.17263849882264,-85.9568784034886));
#10262=CARTESIAN_POINT('Ctrl Pts',(754.038455393401,-0.341653195789316,
-85.640156371351));
#10263=CARTESIAN_POINT('Ctrl Pts',(753.382461585646,-2.64764378350848,-86.3136399143826));
#10264=CARTESIAN_POINT('Ctrl Pts',(752.518431828294,-3.8119187733965,-87.2216345151069));
#10265=CARTESIAN_POINT('Ctrl Pts',(751.587659861134,-4.29606400265624,-88.2280974909904));
#10266=CARTESIAN_POINT('Ctrl Pts',(751.086029000188,-4.32171426120145,-88.7833072274839));
#10267=CARTESIAN_POINT('Ctrl Pts',(750.84376973231,-4.27607705293709,-89.0546715857184));
#10268=CARTESIAN_POINT('Ctrl Pts',(750.638790392477,5.69258690267872,-89.1636662243504));
#10269=CARTESIAN_POINT('Ctrl Pts',(751.001542046198,5.76101155571405,-88.7560397846564));
#10270=CARTESIAN_POINT('Ctrl Pts',(751.75379673668,5.74081076672187,-87.9245751816971));
#10271=CARTESIAN_POINT('Ctrl Pts',(753.148387099437,5.12029600260721,-86.4288164373656));
#10272=CARTESIAN_POINT('Ctrl Pts',(754.958782999963,2.93801013467231,-84.5694286168323));
#10273=CARTESIAN_POINT('Ctrl Pts',(755.432102033655,-0.463944442534447,
-84.1081869171252));
#10274=CARTESIAN_POINT('Ctrl Pts',(754.44506310295,-3.57008872974672,-85.0934788145918));
#10275=CARTESIAN_POINT('Ctrl Pts',(753.14821741678,-5.11941627593315,-86.4300038064587));
#10276=CARTESIAN_POINT('Ctrl Pts',(751.753445166549,-5.74249191996761,-87.9245422161413));
#10277=CARTESIAN_POINT('Ctrl Pts',(751.001928609941,-5.76108447196324,-88.7556054004141));
#10278=CARTESIAN_POINT('Ctrl Pts',(750.638790392477,-5.69258690267872,-89.1636662243503));
#10279=CARTESIAN_POINT('',(751.432601501392,-1.46565965509292,-89.));
#10280=CARTESIAN_POINT('',(750.78475672437,-5.71586078991532,-88.999998969125));
#10281=CARTESIAN_POINT('Ctrl Pts',(750.784952255483,-5.71588632665013,-88.9997801974714));
#10282=CARTESIAN_POINT('Ctrl Pts',(750.835362537693,-5.04622564819956,-88.9998870200791));
#10283=CARTESIAN_POINT('Ctrl Pts',(750.909576065865,-4.37857783631688,-88.9999504658065));
#10284=CARTESIAN_POINT('Ctrl Pts',(751.00748763775,-3.71421774996133,-88.9999794803203));
#10285=CARTESIAN_POINT('Ctrl Pts',(751.01414405299,-3.66905192820392,-88.9999814528415));
#10286=CARTESIAN_POINT('Ctrl Pts',(751.020910012568,-3.62390130712707,-88.9999832766091));
#10287=CARTESIAN_POINT('Ctrl Pts',(751.027785490548,-3.57876628985957,-88.9999849590788));
#10288=CARTESIAN_POINT('Ctrl Pts',(751.128439614838,-2.91800849948316,-89.0000095897312));
#10289=CARTESIAN_POINT('Ctrl Pts',(751.252494906513,-2.26103387091139,-89.000001702841));
#10290=CARTESIAN_POINT('Ctrl Pts',(751.399795929269,-1.60911147359461,-89.0000001014193));
#10291=CARTESIAN_POINT('Ctrl Pts',(751.410261482139,-1.56279320513632,-88.9999999876403));
#10292=CARTESIAN_POINT('Ctrl Pts',(751.4208443954,-1.51650044565829,-88.9999999172421));
#10293=CARTESIAN_POINT('Ctrl Pts',(751.431544621398,-1.47023365314373,-88.9999999096676));
#10294=CARTESIAN_POINT('Ctrl Pts',(751.43189693474,-1.46871028267507,-88.9999999094182));
#10295=CARTESIAN_POINT('Ctrl Pts',(751.432249375073,-1.46718694204079,-88.9999999092236));
#10296=CARTESIAN_POINT('Ctrl Pts',(751.432601942154,-1.46566362969615,-88.9999999091247));
#10297=CARTESIAN_POINT('',(751.432601501392,1.46565965509292,-89.));
#10298=CARTESIAN_POINT('Origin',(745.1,0.,-89.));
#10299=CARTESIAN_POINT('',(750.784764886684,5.71581223534284,-89.0000006630437));
#10300=CARTESIAN_POINT('Ctrl Pts',(751.432601942154,1.46566362969615,-88.9999999091247));
#10301=CARTESIAN_POINT('Ctrl Pts',(751.432249185479,1.46718776120421,-88.9999999092237));
#10302=CARTESIAN_POINT('Ctrl Pts',(751.431896555733,1.46871192084914,-88.9999999094184));
#10303=CARTESIAN_POINT('Ctrl Pts',(751.431544053074,1.47023611053288,-88.9999999096686));
#10304=CARTESIAN_POINT('Ctrl Pts',(751.283114747414,2.11203103234868,-89.000000015018));
#10305=CARTESIAN_POINT('Ctrl Pts',(751.157255694479,2.75882013966262,-89.0000101245379));
#10306=CARTESIAN_POINT('Ctrl Pts',(751.054074789141,3.40937904921764,-89.0000337501358));
#10307=CARTESIAN_POINT('Ctrl Pts',(751.045125013527,3.46580767082448,-89.000035799389));
#10308=CARTESIAN_POINT('Ctrl Pts',(751.036345885667,3.5222646648381,-89.0000379658037));
#10309=CARTESIAN_POINT('Ctrl Pts',(751.027737491078,3.57874923749326,-89.0000402601671));
#10310=CARTESIAN_POINT('Ctrl Pts',(750.927565572274,4.23603416644841,-89.0000669586164));
#10311=CARTESIAN_POINT('Ctrl Pts',(750.850575243692,4.89661662270457,-89.0001089563405));
#10312=CARTESIAN_POINT('Ctrl Pts',(750.796829556959,5.55925415131802,-89.0001981211013));
#10313=CARTESIAN_POINT('Ctrl Pts',(750.792598521696,5.61141913273904,-89.0002051404413));
#10314=CARTESIAN_POINT('Ctrl Pts',(750.788511563807,5.66359685854943,-89.0002124641479));
#10315=CARTESIAN_POINT('Ctrl Pts',(750.784568725437,5.71578672658952,-89.0002201137941));
#10316=CARTESIAN_POINT('Ctrl Pts',(750.784764886684,5.71581223534284,-89.0000006630437));
#10317=CARTESIAN_POINT('Ctrl Pts',(751.101751694248,5.75702087761666,-88.6453802117627));
#10318=CARTESIAN_POINT('Ctrl Pts',(751.800354474109,5.72009517579982,-87.8746399858604));
#10319=CARTESIAN_POINT('Ctrl Pts',(753.148387099437,5.12029600260721,-86.4288164373656));
#10320=CARTESIAN_POINT('Ctrl Pts',(754.958782999963,2.93801013467231,-84.5694286168323));
#10321=CARTESIAN_POINT('Ctrl Pts',(755.432102033655,-0.463944442534447,
-84.1081869171252));
#10322=CARTESIAN_POINT('Ctrl Pts',(754.44506310295,-3.57008872974672,-85.0934788145918));
#10323=CARTESIAN_POINT('Ctrl Pts',(753.14821741678,-5.11941627593315,-86.4300038064587));
#10324=CARTESIAN_POINT('Ctrl Pts',(751.799969317941,-5.72170855150965,-87.8746902555641));
#10325=CARTESIAN_POINT('Ctrl Pts',(751.101958322996,-5.75730001501219,-88.6450942469395));
#10326=CARTESIAN_POINT('Ctrl Pts',(750.78475672437,-5.71586078991532,-88.9999989691251));
#10327=CARTESIAN_POINT('Origin',(745.1,0.,-11.));
#10328=CARTESIAN_POINT('',(745.1,2.75,-11.));
#10329=CARTESIAN_POINT('Origin',(675.,0.,-83.5147186257615));
#10330=CARTESIAN_POINT('',(740.564809257569,9.55476060169832,-87.757359313197));
#10331=CARTESIAN_POINT('Origin',(675.,-1.11022302462516E-14,-87.7573593128807));
#10332=CARTESIAN_POINT('',(739.769516903383,7.15508211311777,-86.2573593128449));
#10333=CARTESIAN_POINT('Ctrl Pts',(739.769516903383,7.15508211311769,-86.2573593128449));
#10334=CARTESIAN_POINT('Ctrl Pts',(739.963347005694,7.96670388489381,-86.8056222067028));
#10335=CARTESIAN_POINT('Ctrl Pts',(740.221016700655,8.79921478983323,-87.3082053914426));
#10336=CARTESIAN_POINT('Ctrl Pts',(740.564809257709,9.55476060168469,-87.7573593131753));
#10337=CARTESIAN_POINT('Ctrl Pts',(739.329424997257,4.68775847525551,-83.5147186257615));
#10338=CARTESIAN_POINT('Ctrl Pts',(739.329424997257,4.68775847525551,-84.103376141801));
#10339=CARTESIAN_POINT('Ctrl Pts',(739.427561307145,5.49797975636445,-85.0930530372095));
#10340=CARTESIAN_POINT('Ctrl Pts',(739.649710024824,6.65341663449253,-85.9184766255831));
#10341=CARTESIAN_POINT('Ctrl Pts',(739.769516903383,7.15508211311774,-86.2573593128449));
#10342=CARTESIAN_POINT('Origin',(675.,0.,-87.5));
#10343=CARTESIAN_POINT('',(741.667135736104,10.5708567648954,-89.));
#10344=CARTESIAN_POINT('Origin',(675.,0.,-89.));
#10345=CARTESIAN_POINT('Ctrl Pts',(740.564809257975,9.55476060170128,-87.7573593134416));
#10346=CARTESIAN_POINT('Ctrl Pts',(740.918992343118,9.9233514242923,-88.1609936231512));
#10347=CARTESIAN_POINT('Ctrl Pts',(741.287329853557,10.2614478776217,-88.5764253725294));
#10348=CARTESIAN_POINT('Ctrl Pts',(741.667135736104,10.5708567648953,-88.9999999999999));
#10349=CARTESIAN_POINT('Ctrl Pts',(741.667135736104,10.5708567648953,-88.9999999999999));
#10350=CARTESIAN_POINT('Ctrl Pts',(741.287329853557,10.2614478776217,-88.5764253725294));
#10351=CARTESIAN_POINT('Ctrl Pts',(740.918992343118,9.9233514242923,-88.1609936231512));
#10352=CARTESIAN_POINT('Ctrl Pts',(740.564809257975,9.55476060170128,-87.7573593134416));
#10353=CARTESIAN_POINT('Ctrl Pts',(742.045156936418,9.73128785391757,-89.24187596993));
#10354=CARTESIAN_POINT('Ctrl Pts',(741.672748584168,9.4543037550824,-88.8340392747619));
#10355=CARTESIAN_POINT('Ctrl Pts',(741.310976520647,9.149685514656,-88.433485887766));
#10356=CARTESIAN_POINT('Ctrl Pts',(740.962305108678,8.81579125985054,-88.0441359775839));
#10357=CARTESIAN_POINT('Ctrl Pts',(742.261705462285,8.86687688034698,-89.6467132075504));
#10358=CARTESIAN_POINT('Ctrl Pts',(741.904141416979,8.6239940823865,-89.2470121548436));
#10359=CARTESIAN_POINT('Ctrl Pts',(741.555991391508,8.35451388518372,-88.8541236441793));
#10360=CARTESIAN_POINT('Ctrl Pts',(741.219788030303,8.0569262966736,-88.471965220383));
#10361=CARTESIAN_POINT('Ctrl Pts',(742.293055793087,8.07233056311963,-90.1701568774292));
#10362=CARTESIAN_POINT('Ctrl Pts',(741.95720062997,7.85730232434765,-89.772053880319));
#10363=CARTESIAN_POINT('Ctrl Pts',(741.629467534359,7.61723462273563,-89.3807893533575));
#10364=CARTESIAN_POINT('Ctrl Pts',(741.31267481402,7.35061842377133,-89.000000000208));
#10365=CARTESIAN_POINT('',(741.312674813761,7.35061842378057,-89.));
#10366=CARTESIAN_POINT('Ctrl Pts',(741.667135736104,10.5708567648953,-88.9999999999999));
#10367=CARTESIAN_POINT('Ctrl Pts',(741.686905959885,10.4461720565803,-88.9999999999999));
#10368=CARTESIAN_POINT('Ctrl Pts',(741.701748370804,10.3208942105715,-89.0000432831823));
#10369=CARTESIAN_POINT('Ctrl Pts',(741.712044093147,10.1953008530034,-89.00009811123));
#10370=CARTESIAN_POINT('Ctrl Pts',(741.722654453937,10.0658693481187,-89.000154614829));
#10371=CARTESIAN_POINT('Ctrl Pts',(741.728436268442,9.9361026003691,-89.0002232210397));
#10372=CARTESIAN_POINT('Ctrl Pts',(741.729797555402,9.80625107628662,-89.0002812399094));
#10373=CARTESIAN_POINT('Ctrl Pts',(741.73118608799,9.67380062455253,-89.0003404200042));
#10374=CARTESIAN_POINT('Ctrl Pts',(741.727975602842,9.54126165820717,-89.0003884640965));
#10375=CARTESIAN_POINT('Ctrl Pts',(741.72058579542,9.40884896761339,-89.0004157800636));
#10376=CARTESIAN_POINT('Ctrl Pts',(741.712965721813,9.27231030142185,-89.0004439471954));
#10377=CARTESIAN_POINT('Ctrl Pts',(741.700902030801,9.13590560891586,-89.0004499507814));
#10378=CARTESIAN_POINT('Ctrl Pts',(741.684837332158,8.99982123500081,-89.0004404757491));
#10379=CARTESIAN_POINT('Ctrl Pts',(741.683047721123,8.98466140520108,-89.0004394202284));
#10380=CARTESIAN_POINT('Ctrl Pts',(741.68120843829,8.96950550463368,-89.0004381907028));
#10381=CARTESIAN_POINT('Ctrl Pts',(741.679320080951,8.95435375725714,-89.0004368100212));
#10382=CARTESIAN_POINT('Ctrl Pts',(741.661596351287,8.81214260428188,-89.0004238512303));
#10383=CARTESIAN_POINT('Ctrl Pts',(741.63954461295,8.67026721662288,-89.0003954954831));
#10384=CARTESIAN_POINT('Ctrl Pts',(741.613644145294,8.52898213115281,-89.000355401519));
#10385=CARTESIAN_POINT('Ctrl Pts',(741.587158231135,8.3845034794398,-89.0003144012828));
#10386=CARTESIAN_POINT('Ctrl Pts',(741.55664777051,8.24064184168798,-89.0002609677886));
#10387=CARTESIAN_POINT('Ctrl Pts',(741.522613719332,8.09761495232914,-89.0002056089932));
#10388=CARTESIAN_POINT('Ctrl Pts',(741.487109543679,7.94840991715981,-89.0001478589363));
#10389=CARTESIAN_POINT('Ctrl Pts',(741.447770897758,7.80011312416146,-89.0000878916733));
#10390=CARTESIAN_POINT('Ctrl Pts',(741.405152051171,7.65291646001339,-89.000047012595));
#10391=CARTESIAN_POINT('Ctrl Pts',(741.375821314878,7.55161417510838,-89.0000188791855));
#10392=CARTESIAN_POINT('Ctrl Pts',(741.344936644585,7.45083177640139,-89.0000000000001));
#10393=CARTESIAN_POINT('Ctrl Pts',(741.312674813983,7.35061842404967,-89.));
#10394=CARTESIAN_POINT('Origin',(736.366514452938,8.94294303902586,-92.0000000005609));
#10395=CARTESIAN_POINT('Ctrl Pts',(740.564809257709,9.55476060168469,-87.7573593131753));
#10396=CARTESIAN_POINT('Ctrl Pts',(740.221016700655,8.79921478983323,-87.3082053914426));
#10397=CARTESIAN_POINT('Ctrl Pts',(739.963347005694,7.96670388489381,-86.8056222067028));
#10398=CARTESIAN_POINT('Ctrl Pts',(739.769516903383,7.15508211311769,-86.2573593128449));
#10399=CARTESIAN_POINT('Ctrl Pts',(741.149773634746,8.46727568858024,-88.1793866937762));
#10400=CARTESIAN_POINT('Ctrl Pts',(740.722457375217,7.83497234575739,-87.7701056817524));
#10401=CARTESIAN_POINT('Ctrl Pts',(740.355751241654,7.11250455165815,-87.2588810334026));
#10402=CARTESIAN_POINT('Ctrl Pts',(740.063785295195,6.39925544186444,-86.6649880735308));
#10403=CARTESIAN_POINT('Ctrl Pts',(741.629572695511,6.4911393489241,-89.462191779157));
#10404=CARTESIAN_POINT('Ctrl Pts',(741.112798465934,6.08333202125699,-88.9502812913219));
#10405=CARTESIAN_POINT('Ctrl Pts',(740.635026511441,5.57085782689598,-88.3042433975391));
#10406=CARTESIAN_POINT('Ctrl Pts',(740.253827466724,5.04164576564158,-87.5456513297875));
#10407=CARTESIAN_POINT('Ctrl Pts',(740.998890967679,5.08032124782854,-91.2389942351874));
#10408=CARTESIAN_POINT('Ctrl Pts',(740.541696888922,4.71083010663721,-90.4562570743783));
#10409=CARTESIAN_POINT('Ctrl Pts',(740.151734166176,4.28475833132076,-89.5589787262783));
#10410=CARTESIAN_POINT('Ctrl Pts',(739.844649951589,3.86063419178795,-88.563747955296));
#10411=CARTESIAN_POINT('Ctrl Pts',(740.558587515541,4.65033038030621,-92.0000000005892));
#10412=CARTESIAN_POINT('Ctrl Pts',(740.145344716065,4.24676636330661,-91.1016921571239));
#10413=CARTESIAN_POINT('Ctrl Pts',(739.82006443378,3.82083297055459,-90.0965257876446));
#10414=CARTESIAN_POINT('Ctrl Pts',(739.569962765227,3.41594616205037,-88.9999999999284));
#10415=CARTESIAN_POINT('Ctrl Pts',(741.312674813884,7.35061842374152,-89.));
#10416=CARTESIAN_POINT('Ctrl Pts',(741.227126974775,7.08488533973611,-89.));
#10417=CARTESIAN_POINT('Ctrl Pts',(741.137692694337,6.82210932042846,-89.));
#10418=CARTESIAN_POINT('Ctrl Pts',(740.658995601255,5.49115277854649,-89.));
#10419=CARTESIAN_POINT('Ctrl Pts',(740.175864840392,4.39683429004793,-89.));
#10420=CARTESIAN_POINT('Ctrl Pts',(739.569962765227,3.41594616205037,-89.));
#10421=CARTESIAN_POINT('Origin',(734.465313010052,6.56912723471231,-88.9999999999283));
#10422=CARTESIAN_POINT('Origin',(733.345292439372,4.25168791941777,-89.));
#10423=CARTESIAN_POINT('Origin',(733.345292439372,4.25168791941779,-83.5147186257615));
#10424=CARTESIAN_POINT('Ctrl Pts',(739.769516903383,7.15508211311774,-86.2573593128449));
#10425=CARTESIAN_POINT('Ctrl Pts',(739.649710024824,6.65341663449253,-85.9184766255831));
#10426=CARTESIAN_POINT('Ctrl Pts',(739.427561307145,5.49797975636445,-85.0930530372095));
#10427=CARTESIAN_POINT('Ctrl Pts',(739.329424997257,4.68775847525551,-84.103376141801));
#10428=CARTESIAN_POINT('Ctrl Pts',(739.329424997257,4.68775847525551,-83.5147186257615));
#10429=CARTESIAN_POINT('Ctrl Pts',(740.284486589054,5.83238543842454,-86.9707096440453));
#10430=CARTESIAN_POINT('Ctrl Pts',(740.056964477115,5.43764459020577,-86.5830592581733));
#10431=CARTESIAN_POINT('Ctrl Pts',(739.606297898418,4.51206209880914,-85.584725306258));
#10432=CARTESIAN_POINT('Ctrl Pts',(739.390446247133,3.85037277420738,-84.2878980667985));
#10433=CARTESIAN_POINT('Ctrl Pts',(739.390446247133,3.85037277420738,-83.5147186257615));
#10434=CARTESIAN_POINT('Ctrl Pts',(740.210899533403,4.45355156477143,-87.9820785624529));
#10435=CARTESIAN_POINT('Ctrl Pts',(739.971863957462,4.17629137174365,-87.4512604604785));
#10436=CARTESIAN_POINT('Ctrl Pts',(739.499113748569,3.50388776344662,-86.1283185128911));
#10437=CARTESIAN_POINT('Ctrl Pts',(739.273131517894,3.00042365300232,-84.4899067402647));
#10438=CARTESIAN_POINT('Ctrl Pts',(739.273131517894,3.00042365300232,-83.5147186257615));
#10439=CARTESIAN_POINT('Ctrl Pts',(739.569962765227,3.41594616205041,-88.9999999999284));
#10440=CARTESIAN_POINT('Ctrl Pts',(739.415374288646,3.16568459731614,-88.322234625405));
#10441=CARTESIAN_POINT('Ctrl Pts',(739.121936614457,2.59872234359919,-86.6713874486589));
#10442=CARTESIAN_POINT('Ctrl Pts',(738.987552068474,2.21087771809727,-84.6920336578405));
#10443=CARTESIAN_POINT('Ctrl Pts',(738.987552068474,2.21087771809727,-83.5147186257615));
#10444=CARTESIAN_POINT('Ctrl Pts',(740.564809257658,-9.55476060137124,-87.7573593130802));
#10445=CARTESIAN_POINT('Ctrl Pts',(740.918992342898,-9.92335142409051,-88.1609936229031));
#10446=CARTESIAN_POINT('Ctrl Pts',(741.287329853444,-10.2614478775294,-88.5764253724032));
#10447=CARTESIAN_POINT('Ctrl Pts',(741.667135736104,-10.5708567648954,-89.0000000000001));
#10448=CARTESIAN_POINT('Ctrl Pts',(740.962305108423,-8.81579125944579,-88.0441359772764));
#10449=CARTESIAN_POINT('Ctrl Pts',(741.310976520487,-9.14968551436335,-88.4334858875658));
#10450=CARTESIAN_POINT('Ctrl Pts',(741.672748584113,-9.45430375488429,-88.8340392746772));
#10451=CARTESIAN_POINT('Ctrl Pts',(742.045156936472,-9.73128785379747,-89.2418759699648));
#10452=CARTESIAN_POINT('Ctrl Pts',(741.219788030075,-8.05692629618999,-88.4719652201638));
#10453=CARTESIAN_POINT('Ctrl Pts',(741.555991391369,-8.35451388479517,-88.8541236440656));
#10454=CARTESIAN_POINT('Ctrl Pts',(741.904141416938,-8.62399408207654,-89.2470121548434));
#10455=CARTESIAN_POINT('Ctrl Pts',(742.261705462346,-8.86687688009976,-89.6467132076672));
#10456=CARTESIAN_POINT('Ctrl Pts',(741.312674813776,-7.3506184232293,-89.0000000000939));
#10457=CARTESIAN_POINT('Ctrl Pts',(741.629467534194,-7.61723462227544,-89.3807893533497));
#10458=CARTESIAN_POINT('Ctrl Pts',(741.957200629892,-7.85730232395431,-89.7720538804258));
#10459=CARTESIAN_POINT('Ctrl Pts',(742.293055793101,-8.0723305627785,-90.1701568776541));
#10460=CARTESIAN_POINT('',(741.312674813717,-7.35061842322204,-89.));
#10461=CARTESIAN_POINT('Ctrl Pts',(741.31267481376,-7.35061842335485,-89.));
#10462=CARTESIAN_POINT('Ctrl Pts',(741.359436739711,-7.49587271530144,-89.0000000000001));
#10463=CARTESIAN_POINT('Ctrl Pts',(741.403306458599,-7.64232550671758,-89.0000394985573));
#10464=CARTESIAN_POINT('Ctrl Pts',(741.443743376111,-7.78982050362325,-89.0000903964629));
#10465=CARTESIAN_POINT('Ctrl Pts',(741.483047247172,-7.9331826760461,-89.0001398682042));
#10466=CARTESIAN_POINT('Ctrl Pts',(741.51910799959,-8.07752976445469,-89.0002001357405));
#10467=CARTESIAN_POINT('Ctrl Pts',(741.551416210941,-8.22267308095201,-89.0002542794709));
#10468=CARTESIAN_POINT('Ctrl Pts',(741.582546241827,-8.36252346995675,-89.0003064487471));
#10469=CARTESIAN_POINT('Ctrl Pts',(741.610192328785,-8.50311324081755,-89.0003530476525));
#10470=CARTESIAN_POINT('Ctrl Pts',(741.633887284058,-8.64422783767142,-89.0003862241463));
#10471=CARTESIAN_POINT('Ctrl Pts',(741.652173498801,-8.75313084220122,-89.0004118275915));
#10472=CARTESIAN_POINT('Ctrl Pts',(741.668106269409,-8.86234557483016,-89.0004296085564));
#10473=CARTESIAN_POINT('Ctrl Pts',(741.681466645133,-8.97175263470983,-89.000438293678));
#10474=CARTESIAN_POINT('Ctrl Pts',(741.697842932176,-9.10585675379881,-89.00044893934));
#10475=CARTESIAN_POINT('Ctrl Pts',(741.7103601895,-9.24028137279204,-89.0004459825344));
#10476=CARTESIAN_POINT('Ctrl Pts',(741.718595983568,-9.37485158687082,-89.0004215703003));
#10477=CARTESIAN_POINT('Ctrl Pts',(741.726653530142,-9.50650929448622,-89.0003976864208));
#10478=CARTESIAN_POINT('Ctrl Pts',(741.73061276705,-9.63830669275996,-89.0003533514761));
#10479=CARTESIAN_POINT('Ctrl Pts',(741.730062344148,-9.77003697916516,-89.000296561759));
#10480=CARTESIAN_POINT('Ctrl Pts',(741.729502529746,-9.9040148918957,-89.0002388030766));
#10481=CARTESIAN_POINT('Ctrl Pts',(741.724277699596,-10.037924039107,-89.0001681919665));
#10482=CARTESIAN_POINT('Ctrl Pts',(741.713940862651,-10.1714940386819,-89.0001084616121));
#10483=CARTESIAN_POINT('Ctrl Pts',(741.704219096,-10.2971162550629,-89.0000522853785));
#10484=CARTESIAN_POINT('Ctrl Pts',(741.689975258474,-10.4224383785827,-89.0000059479412));
#10485=CARTESIAN_POINT('Ctrl Pts',(741.670828756746,-10.5471863671282,-89.0000005197438));
#10486=CARTESIAN_POINT('Ctrl Pts',(741.669617408554,-10.5550788402544,-89.0000001763162));
#10487=CARTESIAN_POINT('Ctrl Pts',(741.668386434067,-10.5629689982973,-89.0000000000001));
#10488=CARTESIAN_POINT('Ctrl Pts',(741.667135736104,-10.5708567648954,-89.0000000000001));
#10489=CARTESIAN_POINT('Origin',(736.366514452618,-8.94294303871361,-92.0000000001994));
#10490=CARTESIAN_POINT('Ctrl Pts',(739.769516903383,-7.15508211311552,-86.2573593128434));
#10491=CARTESIAN_POINT('Ctrl Pts',(739.963351924257,-7.96672448031633,-86.8056361192252));
#10492=CARTESIAN_POINT('Ctrl Pts',(740.221002903848,-8.79918446879866,-87.3081873663089));
#10493=CARTESIAN_POINT('Ctrl Pts',(740.56480925756,-9.55476060135688,-87.7573593129805));
#10494=CARTESIAN_POINT('Ctrl Pts',(740.063785295194,-6.39925544186253,-86.6649880735292));
#10495=CARTESIAN_POINT('Ctrl Pts',(740.355758650477,-7.11252265081142,-87.2588961038172));
#10496=CARTESIAN_POINT('Ctrl Pts',(740.72244022649,-7.83494697059582,-87.7700892567557));
#10497=CARTESIAN_POINT('Ctrl Pts',(741.149773634561,-8.46727568830568,-88.1793866935978));
#10498=CARTESIAN_POINT('Ctrl Pts',(740.253827466723,-5.04164576564015,-87.5456513297855));
#10499=CARTESIAN_POINT('Ctrl Pts',(740.635036184611,-5.57087125599136,-88.3042626472993));
#10500=CARTESIAN_POINT('Ctrl Pts',(741.112777727138,-6.08331565540168,-88.9502607476644));
#10501=CARTESIAN_POINT('Ctrl Pts',(741.629572695287,-6.49113934874722,-89.4621917789351));
#10502=CARTESIAN_POINT('Ctrl Pts',(739.844649951588,-3.86063419178681,-88.5637479552933));
#10503=CARTESIAN_POINT('Ctrl Pts',(740.151741958635,-4.28476909374285,-89.5590039808974));
#10504=CARTESIAN_POINT('Ctrl Pts',(740.541678541162,-4.71081527847266,-90.4562256621072));
#10505=CARTESIAN_POINT('Ctrl Pts',(740.998890967481,-5.080321247668,-91.238994234848));
#10506=CARTESIAN_POINT('Ctrl Pts',(739.569962765227,-3.41594616204929,-88.9999999999254));
#10507=CARTESIAN_POINT('Ctrl Pts',(739.82007078027,-3.82084324481708,-90.0965536126897));
#10508=CARTESIAN_POINT('Ctrl Pts',(740.145328132132,-4.24675016776369,-91.1016561068564));
#10509=CARTESIAN_POINT('Ctrl Pts',(740.558587515362,-4.65033038013109,-92.0000000001995));
#10510=CARTESIAN_POINT('Ctrl Pts',(739.569962765227,-3.41594616204927,-89.));
#10511=CARTESIAN_POINT('Ctrl Pts',(740.121643391022,-4.3090557889501,-89.));
#10512=CARTESIAN_POINT('Ctrl Pts',(740.569678445845,-5.29231683492733,-89.));
#10513=CARTESIAN_POINT('Ctrl Pts',(741.069039735778,-6.62217670852287,-89.));
#10514=CARTESIAN_POINT('Ctrl Pts',(741.195155148454,-6.98557281360103,-89.));
#10515=CARTESIAN_POINT('Ctrl Pts',(741.312674813717,-7.35061842322268,-89.));
#10516=CARTESIAN_POINT('Origin',(734.465313010051,-6.56912723471023,-88.9999999999254));
#10517=CARTESIAN_POINT('Ctrl Pts',(739.329424997257,-4.68775847525551,-83.5147186257615));
#10518=CARTESIAN_POINT('Ctrl Pts',(739.329424997257,-4.68775847525551,-83.9562117627908));
#10519=CARTESIAN_POINT('Ctrl Pts',(739.40462566798,-5.31220519269898,-84.9625527026137));
#10520=CARTESIAN_POINT('Ctrl Pts',(739.609774398637,-6.48619480828244,-85.805515729828));
#10521=CARTESIAN_POINT('Ctrl Pts',(739.769516903383,-7.15508211311553,-86.2573593128434));
#10522=CARTESIAN_POINT('Ctrl Pts',(739.390446247133,-3.85037277420738,-83.5147186257615));
#10523=CARTESIAN_POINT('Ctrl Pts',(739.390446247133,-3.85037277420738,-84.0946032065389));
#10524=CARTESIAN_POINT('Ctrl Pts',(739.555375653008,-4.35987477013103,-85.4148633262557));
#10525=CARTESIAN_POINT('Ctrl Pts',(739.981123773135,-5.30606430746483,-86.4538424628812));
#10526=CARTESIAN_POINT('Ctrl Pts',(740.284486589053,-5.83238543842277,-86.9707096440436));
#10527=CARTESIAN_POINT('Ctrl Pts',(739.273131517894,-3.00042365300232,-83.5147186257615));
#10528=CARTESIAN_POINT('Ctrl Pts',(739.273131517894,-3.00042365300232,-84.2461097116385));
#10529=CARTESIAN_POINT('Ctrl Pts',(739.445778419949,-3.38804766656992,-85.9126404157061));
#10530=CARTESIAN_POINT('Ctrl Pts',(739.892185432148,-4.08387130740007,-87.2743210931518));
#10531=CARTESIAN_POINT('Ctrl Pts',(740.210899533402,-4.45355156477014,-87.9820785624506));
#10532=CARTESIAN_POINT('Ctrl Pts',(738.987552068474,-2.21087771809727,-83.5147186257615));
#10533=CARTESIAN_POINT('Ctrl Pts',(738.987552068474,-2.21087771809727,-84.3977048998202));
#10534=CARTESIAN_POINT('Ctrl Pts',(739.090257474755,-2.50975720142958,-86.4103867794665));
#10535=CARTESIAN_POINT('Ctrl Pts',(739.363844796452,-3.08226407573723,-88.0963128338948));
#10536=CARTESIAN_POINT('Ctrl Pts',(739.569962765227,-3.41594616204923,-88.9999999999255));
#10537=CARTESIAN_POINT('Ctrl Pts',(696.152281246559,60.9330041772629,-79.));
#10538=CARTESIAN_POINT('Ctrl Pts',(695.837049552573,61.0424336980792,-79.));
#10539=CARTESIAN_POINT('Ctrl Pts',(695.001257144683,61.3258235145727,-79.));
#10540=CARTESIAN_POINT('Ctrl Pts',(694.126560243045,61.6004918574609,-79.));
#10541=CARTESIAN_POINT('Ctrl Pts',(693.702966234599,61.7288348669187,-79.));
#10542=CARTESIAN_POINT('Ctrl Pts',(696.349630232577,60.4446768977864,-79.4474866772942));
#10543=CARTESIAN_POINT('Ctrl Pts',(695.926044945259,60.5011641858351,-79.4761988125199));
#10544=CARTESIAN_POINT('Ctrl Pts',(694.826154681569,60.724881926705,-79.4906910726427));
#10545=CARTESIAN_POINT('Ctrl Pts',(693.75486799494,61.1801345062051,-79.4855713242777));
#10546=CARTESIAN_POINT('Ctrl Pts',(693.256275977846,61.4497686226784,-79.4474866772568));
#10547=CARTESIAN_POINT('Ctrl Pts',(696.6166806227,60.1640475042793,-80.0839081443078));
#10548=CARTESIAN_POINT('Ctrl Pts',(696.084888267384,60.1706582528703,-80.1722463706652));
#10549=CARTESIAN_POINT('Ctrl Pts',(694.722099964216,60.3424090534223,-80.2600084196108));
#10550=CARTESIAN_POINT('Ctrl Pts',(693.451100830418,60.9721817810046,-80.2010826469674));
#10551=CARTESIAN_POINT('Ctrl Pts',(692.875277854943,61.3797029552771,-80.0839081441938));
#10552=CARTESIAN_POINT('Ctrl Pts',(696.875910677296,60.1725795690909,-80.7245183715003));
#10553=CARTESIAN_POINT('Ctrl Pts',(696.26244382855,60.1523884731106,-80.8736274331492));
#10554=CARTESIAN_POINT('Ctrl Pts',(694.724648953649,60.3131797499445,-81.0374732579868));
#10555=CARTESIAN_POINT('Ctrl Pts',(693.313143389694,61.0390167606989,-80.922301153208));
#10556=CARTESIAN_POINT('Ctrl Pts',(692.670571357126,61.5389771438392,-80.7245183713084));
#10557=CARTESIAN_POINT('',(693.702966234599,61.7288348669187,-79.));
#10558=CARTESIAN_POINT('',(692.670571357124,61.5389771438409,-80.7245183713203));
#10559=CARTESIAN_POINT('Origin',(694.26717933655,63.591011003219,-80.7245183713085));
#10560=CARTESIAN_POINT('',(696.87591067734,60.1725795690924,-80.7245183716839));
#10561=CARTESIAN_POINT('Ctrl Pts',(692.670571357126,61.5389771438392,-80.7245183713084));
#10562=CARTESIAN_POINT('Ctrl Pts',(693.313143389694,61.0390167606989,-80.922301153208));
#10563=CARTESIAN_POINT('Ctrl Pts',(694.724648953649,60.3131797499445,-81.0374732579868));
#10564=CARTESIAN_POINT('Ctrl Pts',(696.26244382855,60.1523884731106,-80.8736274331492));
#10565=CARTESIAN_POINT('Ctrl Pts',(696.875910677296,60.1725795690909,-80.7245183715003));
#10566=CARTESIAN_POINT('',(696.152281246558,60.933004177263,-79.));
#10567=CARTESIAN_POINT('Origin',(696.790382928651,62.77117245837,-80.7245183715004));
#10568=CARTESIAN_POINT('Origin',(675.000000000001,-1.61328375393437E-12,
-79.));
#10569=CARTESIAN_POINT('Ctrl Pts',(693.702966234599,61.7288348669187,-79.));
#10570=CARTESIAN_POINT('Ctrl Pts',(692.64112195625,62.050558705173,-79.));
#10571=CARTESIAN_POINT('Ctrl Pts',(691.529382208515,62.3563875151322,-79.0000000000003));
#10572=CARTESIAN_POINT('Ctrl Pts',(690.42838424545,62.6275893155801,-79.));
#10573=CARTESIAN_POINT('Ctrl Pts',(690.424473545796,62.6285528497982,-79.));
#10574=CARTESIAN_POINT('Ctrl Pts',(690.420562317812,62.6295158675389,-79.));
#10575=CARTESIAN_POINT('Ctrl Pts',(693.256275977835,61.449768622683,-79.4474866772553));
#10576=CARTESIAN_POINT('Ctrl Pts',(692.402914467028,61.95484488263,-79.4103267129851));
#10577=CARTESIAN_POINT('Ctrl Pts',(691.428248679734,62.382167107519,-79.2034050355465));
#10578=CARTESIAN_POINT('Ctrl Pts',(690.427667788888,62.6277593051288,-79.0014339230441));
#10579=CARTESIAN_POINT('Ctrl Pts',(690.424116056595,62.6286408703495,-79.0007171160865));
#10580=CARTESIAN_POINT('Ctrl Pts',(690.420562317812,62.6295158675389,-79.));
#10581=CARTESIAN_POINT('Ctrl Pts',(692.875277854923,61.3797029552888,-80.083908144193));
#10582=CARTESIAN_POINT('Ctrl Pts',(692.19028608018,61.9643447291263,-79.8214810450217));
#10583=CARTESIAN_POINT('Ctrl Pts',(691.326650636174,62.4063728703972,-79.4063585905602));
#10584=CARTESIAN_POINT('Ctrl Pts',(690.426953130776,62.6279358390054,-79.0028689635523));
#10585=CARTESIAN_POINT('Ctrl Pts',(690.423758567393,62.6287288909008,-79.0014342321731));
#10586=CARTESIAN_POINT('Ctrl Pts',(690.420562317812,62.6295158675389,-79.));
#10587=CARTESIAN_POINT('Ctrl Pts',(692.670571357101,61.5389771438586,-80.7245183713085));
#10588=CARTESIAN_POINT('Ctrl Pts',(691.996296615149,62.0636041759277,-80.2287263838484));
#10589=CARTESIAN_POINT('Ctrl Pts',(691.225119172341,62.430359312727,-79.6095727914272));
#10590=CARTESIAN_POINT('Ctrl Pts',(690.426238936296,62.6281155232221,-79.0043033427986));
#10591=CARTESIAN_POINT('Ctrl Pts',(690.423401078191,62.6288169114521,-79.0021513482596));
#10592=CARTESIAN_POINT('Ctrl Pts',(690.420562317812,62.6295158675389,-79.));
#10593=CARTESIAN_POINT('',(690.420562317812,62.6295158675389,-79.));
#10594=CARTESIAN_POINT('Origin',(675.000000000001,-1.61328375393437E-12,
-79.));
#10595=CARTESIAN_POINT('Ctrl Pts',(690.420562317812,62.6295158675389,-79.));
#10596=CARTESIAN_POINT('Ctrl Pts',(690.423401078191,62.6288169114521,-79.0021513482596));
#10597=CARTESIAN_POINT('Ctrl Pts',(690.426238936296,62.6281155232221,-79.0043033427986));
#10598=CARTESIAN_POINT('Ctrl Pts',(691.225119172341,62.430359312727,-79.6095727914272));
#10599=CARTESIAN_POINT('Ctrl Pts',(691.996296615149,62.0636041759277,-80.2287263838484));
#10600=CARTESIAN_POINT('Ctrl Pts',(692.670571357101,61.5389771438586,-80.7245183713085));
#10601=CARTESIAN_POINT('Ctrl Pts',(699.337208807231,59.7323217987806,-79.));
#10602=CARTESIAN_POINT('Ctrl Pts',(699.333478509698,59.7338416631899,-79.));
#10603=CARTESIAN_POINT('Ctrl Pts',(699.32974833589,59.7353607992851,-79.));
#10604=CARTESIAN_POINT('Ctrl Pts',(698.279613866906,60.1631042864475,-78.9999999999989));
#10605=CARTESIAN_POINT('Ctrl Pts',(697.200435840691,60.5691478228238,-79.));
#10606=CARTESIAN_POINT('Ctrl Pts',(696.152281246558,60.933004177263,-79.));
#10607=CARTESIAN_POINT('Ctrl Pts',(699.337208807231,59.7323217987806,-79.));
#10608=CARTESIAN_POINT('Ctrl Pts',(699.333857691232,59.7337904257642,-79.0007212842459));
#10609=CARTESIAN_POINT('Ctrl Pts',(699.330392860324,59.7349971721925,-79.0014303561785));
#10610=CARTESIAN_POINT('Ctrl Pts',(698.377393224905,60.1262236436527,-79.2033197160091));
#10611=CARTESIAN_POINT('Ctrl Pts',(697.338189114254,60.3517138727675,-79.4085258006258));
#10612=CARTESIAN_POINT('Ctrl Pts',(696.349630232751,60.4446768977482,-79.4474866772705));
#10613=CARTESIAN_POINT('Ctrl Pts',(699.337208807231,59.7323217987806,-79.));
#10614=CARTESIAN_POINT('Ctrl Pts',(699.334188838028,59.7336193409092,-79.0014347403285));
#10615=CARTESIAN_POINT('Ctrl Pts',(699.33108382231,59.7347496066203,-79.002868656213));
#10616=CARTESIAN_POINT('Ctrl Pts',(698.473581343282,60.0852992546227,-79.4062837482621));
#10617=CARTESIAN_POINT('Ctrl Pts',(697.515664339397,60.2329332908841,-79.8199908544243));
#10618=CARTESIAN_POINT('Ctrl Pts',(696.61668062306,60.1640475042421,-80.0839081442952));
#10619=CARTESIAN_POINT('Ctrl Pts',(699.337208807231,59.7323217987806,-79.));
#10620=CARTESIAN_POINT('Ctrl Pts',(699.334501365768,59.7334249129112,-79.002151348263));
#10621=CARTESIAN_POINT('Ctrl Pts',(699.331793224576,59.7345255291274,-79.0043033428005));
#10622=CARTESIAN_POINT('Ctrl Pts',(698.569247360442,60.0441073994597,-79.6095728089658));
#10623=CARTESIAN_POINT('Ctrl Pts',(697.729778435425,60.2006830044976,-80.2287263840071));
#10624=CARTESIAN_POINT('Ctrl Pts',(696.875910677786,60.1725795691071,-80.7245183715004));
#10625=CARTESIAN_POINT('',(699.337208807231,59.7323217987806,-79.));
#10626=CARTESIAN_POINT('Ctrl Pts',(696.875910677786,60.1725795691071,-80.7245183715004));
#10627=CARTESIAN_POINT('Ctrl Pts',(697.729778435425,60.2006830044976,-80.2287263840071));
#10628=CARTESIAN_POINT('Ctrl Pts',(698.569247360442,60.0441073994597,-79.6095728089658));
#10629=CARTESIAN_POINT('Ctrl Pts',(699.331793224576,59.7345255291274,-79.0043033428005));
#10630=CARTESIAN_POINT('Ctrl Pts',(699.334501365768,59.7334249129112,-79.002151348263));
#10631=CARTESIAN_POINT('Ctrl Pts',(699.337208807231,59.7323217987806,-79.));
#10632=CARTESIAN_POINT('Origin',(675.000000000001,-1.61328375393437E-12,
-79.));
#10633=CARTESIAN_POINT('Origin',(697.073282406559,54.1758267477311,-89.));
#10634=CARTESIAN_POINT('',(696.875910678139,60.1725795691187,-83.5147186257615));
#10635=CARTESIAN_POINT('',(696.875910678139,60.1725795691187,-89.));
#10636=CARTESIAN_POINT('',(699.337208807232,59.7323217987806,-83.5147186257615));
#10637=CARTESIAN_POINT('Origin',(697.073282406559,54.1758267477311,-83.5147186257615));
#10638=CARTESIAN_POINT('',(699.337208807231,59.7323217987806,-89.));
#10639=CARTESIAN_POINT('Origin',(696.662091305685,66.6690617922887,-89.));
#10640=CARTESIAN_POINT('',(692.670571357083,61.5389771438726,-83.5147186257615));
#10641=CARTESIAN_POINT('',(692.670571357083,61.5389771438726,-89.));
#10642=CARTESIAN_POINT('',(691.704457963897,62.4652692607294,-88.9999999999382));
#10643=CARTESIAN_POINT('Ctrl Pts',(691.704457963882,62.4652692607467,-88.9999999999284));
#10644=CARTESIAN_POINT('Ctrl Pts',(691.894700389403,62.2409118062079,-88.3222346254049));
#10645=CARTESIAN_POINT('Ctrl Pts',(692.34323630718,61.7866350225274,-86.6713874507916));
#10646=CARTESIAN_POINT('Ctrl Pts',(692.670571357083,61.5389771438726,-84.69203365784));
#10647=CARTESIAN_POINT('Ctrl Pts',(692.670571357083,61.5389771438726,-83.5147186257615));
#10648=CARTESIAN_POINT('',(698.201973677321,60.3540984288539,-88.9999999999356));
#10649=CARTESIAN_POINT('Origin',(696.662091305685,66.6690617922887,-89.));
#10650=CARTESIAN_POINT('Ctrl Pts',(696.875910678139,60.1725795691187,-83.5147186257615));
#10651=CARTESIAN_POINT('Ctrl Pts',(696.875910678139,60.1725795691187,-84.39770489982));
#10652=CARTESIAN_POINT('Ctrl Pts',(697.191899939564,60.1778993036662,-86.4103849407872));
#10653=CARTESIAN_POINT('Ctrl Pts',(697.820929199588,60.2611820269192,-88.0963128338942));
#10654=CARTESIAN_POINT('Ctrl Pts',(698.201973677344,60.3540984288595,-88.9999999999254));
#10655=CARTESIAN_POINT('Origin',(731.192456112624,26.1262249609307,15.));
#10656=CARTESIAN_POINT('',(732.526725487359,29.1706334299082,-83.5147186257615));
#10657=CARTESIAN_POINT('',(732.526725487359,29.1706334299083,15.));
#10658=CARTESIAN_POINT('',(732.526725487359,29.1706334299082,-83.5147186257615));
#10659=CARTESIAN_POINT('Ctrl Pts',(729.85818673789,23.0818164919531,-83.5147186257614));
#10660=CARTESIAN_POINT('Ctrl Pts',(729.85818673789,23.0818164919531,-84.0579868848741));
#10661=CARTESIAN_POINT('Ctrl Pts',(729.956802611303,23.1138587315859,-85.5170560563362));
#10662=CARTESIAN_POINT('Ctrl Pts',(730.358119520795,23.2442544999115,-86.9728637523745));
#10663=CARTESIAN_POINT('Ctrl Pts',(730.821209747916,23.394721635836,-88.1431037561098));
#10664=CARTESIAN_POINT('Ctrl Pts',(731.021660742784,23.4598521121981,-88.5760810265247));
#10665=CARTESIAN_POINT('Ctrl Pts',(731.253974342382,23.5353353764102,-88.999999999016));
#10666=CARTESIAN_POINT('Ctrl Pts',(730.74769965438,25.1114221379381,-83.5147186257614));
#10667=CARTESIAN_POINT('Ctrl Pts',(730.747651176989,25.1114064156075,-83.9851000734698));
#10668=CARTESIAN_POINT('Ctrl Pts',(730.835165570321,25.1401118678716,-85.2485734324114));
#10669=CARTESIAN_POINT('Ctrl Pts',(731.190467529074,25.2566041332091,-86.5060454609999));
#10670=CARTESIAN_POINT('Ctrl Pts',(731.598906452192,25.3904338983303,-87.51374601256));
#10671=CARTESIAN_POINT('Ctrl Pts',(731.775860121169,25.4483933704709,-87.8859382082632));
#10672=CARTESIAN_POINT('Ctrl Pts',(731.980217098774,25.5153048688779,-88.2494541402615));
#10673=CARTESIAN_POINT('Ctrl Pts',(731.637212570869,27.1410277839232,-83.5147186257615));
#10674=CARTESIAN_POINT('Ctrl Pts',(731.63726104826,27.1410435062538,-83.9122455126478));
#10675=CARTESIAN_POINT('Ctrl Pts',(731.713401218371,27.1663267578895,-84.9800624990267));
#10676=CARTESIAN_POINT('Ctrl Pts',(732.022287207994,27.2687930209337,-86.0392801027111));
#10677=CARTESIAN_POINT('Ctrl Pts',(732.376909914849,27.3862399478778,-86.8843718147434));
#10678=CARTESIAN_POINT('Ctrl Pts',(732.529748911997,27.4368399909314,-87.1958232002855));
#10679=CARTESIAN_POINT('Ctrl Pts',(732.706459855165,27.4952743613455,-87.4989082815069));
#10680=CARTESIAN_POINT('Ctrl Pts',(732.526725487359,29.1706334299083,-83.5147186257615));
#10681=CARTESIAN_POINT('Ctrl Pts',(732.526725487359,29.1706334299083,-83.8393587012436));
#10682=CARTESIAN_POINT('Ctrl Pts',(732.59176417739,29.1925798941752,-84.7115798751018));
#10683=CARTESIAN_POINT('Ctrl Pts',(732.854635216273,29.2811426542312,-85.5724618113366));
#10684=CARTESIAN_POINT('Ctrl Pts',(733.154606619124,29.3819522103721,-86.2550140711936));
#10685=CARTESIAN_POINT('Ctrl Pts',(733.283948290382,29.4253812492042,-86.505680382024));
#10686=CARTESIAN_POINT('Ctrl Pts',(733.432702611557,29.4752438538132,-86.7483624227524));
#10687=CARTESIAN_POINT('',(733.432702611557,29.4752438538132,-86.7483624227524));
#10688=CARTESIAN_POINT('',(733.432702611557,29.4752438538132,-86.7483624227524));
#10689=CARTESIAN_POINT('Ctrl Pts',(732.526725487359,29.1706334299083,-83.5147186257615));
#10690=CARTESIAN_POINT('Ctrl Pts',(732.526725487359,29.1706334299083,-83.8393587012436));
#10691=CARTESIAN_POINT('Ctrl Pts',(732.59176417739,29.1925798941752,-84.7115798751018));
#10692=CARTESIAN_POINT('Ctrl Pts',(732.854635216273,29.2811426542312,-85.5724618113366));
#10693=CARTESIAN_POINT('Ctrl Pts',(733.154606619124,29.3819522103721,-86.2550140711936));
#10694=CARTESIAN_POINT('Ctrl Pts',(733.283948290382,29.4253812492042,-86.505680382024));
#10695=CARTESIAN_POINT('Ctrl Pts',(733.432702611557,29.4752438538132,-86.7483624227524));
#10696=CARTESIAN_POINT('Ctrl Pts',(731.253974342921,23.5353353765854,-89.));
#10697=CARTESIAN_POINT('Ctrl Pts',(731.370296632899,23.5731307797101,-89.2122614677695));
#10698=CARTESIAN_POINT('Ctrl Pts',(731.74469645295,23.6947806555106,-89.8461455039772));
#10699=CARTESIAN_POINT('Ctrl Pts',(732.180239348444,23.836297120811,-90.4368315383531));
#10700=CARTESIAN_POINT('Ctrl Pts',(732.482626991285,23.9345488218674,-90.7962812571188));
#10701=CARTESIAN_POINT('Ctrl Pts',(731.980217099248,25.5153048690332,-88.2494541411052));
#10702=CARTESIAN_POINT('Ctrl Pts',(732.082585524106,25.5488216428513,-88.4314661522606));
#10703=CARTESIAN_POINT('Ctrl Pts',(732.411854566238,25.6566083601552,-88.974334876649));
#10704=CARTESIAN_POINT('Ctrl Pts',(732.793902814281,25.781589217656,-89.4778848150569));
#10705=CARTESIAN_POINT('Ctrl Pts',(733.058504153823,25.8681038945237,-89.783307275748));
#10706=CARTESIAN_POINT('Ctrl Pts',(732.706459855575,27.4952743614811,-87.4989082822104));
#10707=CARTESIAN_POINT('Ctrl Pts',(732.794896847438,27.5245198130587,-87.6506716353663));
#10708=CARTESIAN_POINT('Ctrl Pts',(733.079020668803,27.6184387070144,-88.1025178347218));
#10709=CARTESIAN_POINT('Ctrl Pts',(733.407451354485,27.7268438232315,-88.5189711826197));
#10710=CARTESIAN_POINT('Ctrl Pts',(733.634381316361,27.8016589671799,-88.7703332943772));
#10711=CARTESIAN_POINT('Ctrl Pts',(733.432702611902,29.4752438539289,-86.7483624233157));
#10712=CARTESIAN_POINT('Ctrl Pts',(733.507185738645,29.5002106761999,-86.8698763198574));
#10713=CARTESIAN_POINT('Ctrl Pts',(733.746178782091,29.580266411659,-87.2307072073936));
#10714=CARTESIAN_POINT('Ctrl Pts',(734.021114820323,29.6721359200766,-87.5600244593235));
#10715=CARTESIAN_POINT('Ctrl Pts',(734.210258478899,29.7352140398362,-87.7573593130064));
#10716=CARTESIAN_POINT('',(733.503815464508,27.3632733503415,-89.));
#10717=CARTESIAN_POINT('Ctrl Pts',(733.503815464527,27.363273350329,-89.));
#10718=CARTESIAN_POINT('Ctrl Pts',(732.749999720056,26.2272992132924,-89.));
#10719=CARTESIAN_POINT('Ctrl Pts',(731.995056592552,24.9122919697181,-89.));
#10720=CARTESIAN_POINT('Ctrl Pts',(731.253974342921,23.5353353765854,-89.));
#10721=CARTESIAN_POINT('',(734.21025847886,29.7352140398111,-87.7573593130396));
#10722=CARTESIAN_POINT('Ctrl Pts',(733.432702611902,29.4752438539289,-86.7483624233157));
#10723=CARTESIAN_POINT('Ctrl Pts',(733.507185738645,29.5002106761999,-86.8698763198574));
#10724=CARTESIAN_POINT('Ctrl Pts',(733.746178782091,29.580266411659,-87.2307072073936));
#10725=CARTESIAN_POINT('Ctrl Pts',(734.021114820323,29.6721359200766,-87.5600244593235));
#10726=CARTESIAN_POINT('Ctrl Pts',(734.210258478899,29.7352140398362,-87.7573593130064));
#10727=CARTESIAN_POINT('',(734.21025847886,29.7352140398111,-87.7573593130396));
#10728=CARTESIAN_POINT('Ctrl Pts',(733.503815464514,27.3632733503108,-89.));
#10729=CARTESIAN_POINT('Ctrl Pts',(733.619148425939,27.4012168257648,-89.1291341701895));
#10730=CARTESIAN_POINT('Ctrl Pts',(733.734244993971,27.4388363258409,-89.2533937081495));
#10731=CARTESIAN_POINT('Ctrl Pts',(733.998270098308,27.5246855914961,-89.5291602232724));
#10732=CARTESIAN_POINT('Ctrl Pts',(734.151887639111,27.5743061821493,-89.6825984701088));
#10733=CARTESIAN_POINT('Ctrl Pts',(734.562378029903,27.7058915720388,-90.0746919432264));
#10734=CARTESIAN_POINT('Ctrl Pts',(734.824357900217,27.7889754608262,-90.3075710961032));
#10735=CARTESIAN_POINT('Ctrl Pts',(735.096602418309,27.8735129261464,-90.5329617606703));
#10736=CARTESIAN_POINT('Ctrl Pts',(733.739296469307,28.1539202468186,-88.5857864376667));
#10737=CARTESIAN_POINT('Ctrl Pts',(733.847066697977,28.1895141013642,-88.7040919841671));
#10738=CARTESIAN_POINT('Ctrl Pts',(733.953988217693,28.2245295942967,-88.8183738534306));
#10739=CARTESIAN_POINT('Ctrl Pts',(734.198195167753,28.3039525742895,-89.0731209108887));
#10740=CARTESIAN_POINT('Ctrl Pts',(734.339461606268,28.3494936490449,-89.2157338570275));
#10741=CARTESIAN_POINT('Ctrl Pts',(734.715440684639,28.4694511720791,-89.5830573325141));
#10742=CARTESIAN_POINT('Ctrl Pts',(734.953904796271,28.5444205115194,-89.8041447718333));
#10743=CARTESIAN_POINT('Ctrl Pts',(735.201322306984,28.6199923198611,-90.0219745071136));
#10744=CARTESIAN_POINT('Ctrl Pts',(733.9747774741,28.9445671433264,-88.1715728753335));
#10745=CARTESIAN_POINT('Ctrl Pts',(734.07499041458,28.9778149764329,-88.2790640851433));
#10746=CARTESIAN_POINT('Ctrl Pts',(734.173735268388,29.0102230794858,-88.3833586153378));
#10747=CARTESIAN_POINT('Ctrl Pts',(734.398110106901,29.083219274219,-88.6170740162633));
#10748=CARTESIAN_POINT('Ctrl Pts',(734.527034520928,29.124680444384,-88.7488695274675));
#10749=CARTESIAN_POINT('Ctrl Pts',(734.868496993192,29.2330127624243,-89.0914185445257));
#10750=CARTESIAN_POINT('Ctrl Pts',(735.083444076942,29.2998783631419,-89.3007175321276));
#10751=CARTESIAN_POINT('Ctrl Pts',(735.306042195659,29.3664717135757,-89.5109872535568));
#10752=CARTESIAN_POINT('Ctrl Pts',(734.210258478893,29.7352140398342,-87.7573593130002));
#10753=CARTESIAN_POINT('Ctrl Pts',(734.302908686618,29.7661122520323,-87.8540218991209));
#10754=CARTESIAN_POINT('Ctrl Pts',(734.39347849211,29.7959163479416,-87.9483387606188));
#10755=CARTESIAN_POINT('Ctrl Pts',(734.598035176346,29.8624862570123,-88.1610347038795));
#10756=CARTESIAN_POINT('Ctrl Pts',(734.714608488085,29.8998679112795,-88.2820049143863));
#10757=CARTESIAN_POINT('Ctrl Pts',(735.021559647929,29.9965723624646,-88.5997839338135));
#10758=CARTESIAN_POINT('Ctrl Pts',(735.212990972996,30.0553234138351,-88.7972912078576));
#10759=CARTESIAN_POINT('Ctrl Pts',(735.410762084334,30.1129511072904,-89.0000000000001));
#10760=CARTESIAN_POINT('',(735.410762084334,30.1129511072904,-89.));
#10761=CARTESIAN_POINT('Ctrl Pts',(735.410762084334,30.1129511072904,-89.));
#10762=CARTESIAN_POINT('Ctrl Pts',(734.886356896381,29.3377687004029,-89.));
#10763=CARTESIAN_POINT('Ctrl Pts',(734.23443255744,28.464287925475,-89.));
#10764=CARTESIAN_POINT('Ctrl Pts',(733.503815464515,27.3632733503108,-89.));
#10765=CARTESIAN_POINT('Ctrl Pts',(734.210258478893,29.7352140398342,-87.7573593130002));
#10766=CARTESIAN_POINT('Ctrl Pts',(734.302908686618,29.7661122520323,-87.8540218991209));
#10767=CARTESIAN_POINT('Ctrl Pts',(734.39347849211,29.7959163479416,-87.9483387606188));
#10768=CARTESIAN_POINT('Ctrl Pts',(734.598035176346,29.8624862570123,-88.1610347038795));
#10769=CARTESIAN_POINT('Ctrl Pts',(734.714608488085,29.8998679112795,-88.2820049143863));
#10770=CARTESIAN_POINT('Ctrl Pts',(735.021559647929,29.9965723624646,-88.5997839338135));
#10771=CARTESIAN_POINT('Ctrl Pts',(735.212990972996,30.0553234138351,-88.7972912078576));
#10772=CARTESIAN_POINT('Ctrl Pts',(735.410762084334,30.1129511072904,-89.0000000000001));
#10773=CARTESIAN_POINT('Origin',(675.000000000001,-1.61328375393437E-12,
-87.5));
#10774=CARTESIAN_POINT('',(704.347757625098,59.4032556809979,-87.7573593129932));
#10775=CARTESIAN_POINT('Origin',(675.000000000001,-1.6152376396634E-12,
-87.7573593128808));
#10776=CARTESIAN_POINT('',(705.654760117835,60.1376394790972,-89.));
#10777=CARTESIAN_POINT('Ctrl Pts',(705.654760117835,60.1376394790973,-89.0000000000001));
#10778=CARTESIAN_POINT('Ctrl Pts',(705.243128307,59.8720352238731,-88.5764253724032));
#10779=CARTESIAN_POINT('Ctrl Pts',(704.807756921397,59.6262029841237,-88.1609936229032));
#10780=CARTESIAN_POINT('Ctrl Pts',(704.347757625144,59.4032556811351,-87.7573593130802));
#10781=CARTESIAN_POINT('Origin',(675.000000000001,-1.61328375393437E-12,
-89.));
#10782=CARTESIAN_POINT('Origin',(675.000000000001,-1.61328375393437E-12,
-83.5147186257615));
#10783=CARTESIAN_POINT('Origin',(675.000000000001,-1.61328375393437E-12,
-83.5147186257615));
#10784=CARTESIAN_POINT('',(701.819768908907,59.3884291391488,-86.2573593128434));
#10785=CARTESIAN_POINT('Ctrl Pts',(701.819768908907,59.3884291391488,-86.2573593128434));
#10786=CARTESIAN_POINT('Ctrl Pts',(701.134256130288,59.4432025335958,-85.8055157298279));
#10787=CARTESIAN_POINT('Ctrl Pts',(699.954331782853,59.6108770431128,-84.9625517832749));
#10788=CARTESIAN_POINT('Ctrl Pts',(699.337208807232,59.7323217987806,-83.9562117627908));
#10789=CARTESIAN_POINT('Ctrl Pts',(699.337208807232,59.7323217987806,-83.5147186257615));
#10790=CARTESIAN_POINT('Ctrl Pts',(704.347757625099,59.4032556810457,-87.7573593129805));
#10791=CARTESIAN_POINT('Ctrl Pts',(703.522920014602,59.3097622735092,-87.3081873663088));
#10792=CARTESIAN_POINT('Ctrl Pts',(702.65158498669,59.3219659140175,-86.8056361192252));
#10793=CARTESIAN_POINT('Ctrl Pts',(701.819768908907,59.3884291391488,-86.2573593128434));
#10794=CARTESIAN_POINT('Origin',(675.000000000001,-1.61328375393437E-12,
15.));
#10795=CARTESIAN_POINT('',(684.966185201637,63.7253886023968,-83.5147186257615));
#10796=CARTESIAN_POINT('',(684.966185201637,63.7253886023968,15.));
#10797=CARTESIAN_POINT('',(690.420562317812,62.6295158675389,-83.5147186257615));
#10798=CARTESIAN_POINT('Origin',(675.000000000001,-1.61328375393437E-12,
-83.5147186257615));
#10799=CARTESIAN_POINT('',(690.420562317812,62.6295158675389,-89.));
#10800=CARTESIAN_POINT('Ctrl Pts',(680.000000000001,60.7735274654452,-88.999999999016));
#10801=CARTESIAN_POINT('Ctrl Pts',(680.000000000001,60.6340559818685,-88.7579528531823));
#10802=CARTESIAN_POINT('Ctrl Pts',(680.000000000001,60.3748078340798,-88.2621089505756));
#10803=CARTESIAN_POINT('Ctrl Pts',(680.,59.9615122508409,-87.3142087152612));
#10804=CARTESIAN_POINT('Ctrl Pts',(680.000000000001,59.4571476157016,-85.7221689436019));
#10805=CARTESIAN_POINT('Ctrl Pts',(680.000000000001,59.3059095262621,-84.2910216875446));
#10806=CARTESIAN_POINT('Ctrl Pts',(680.000000000001,59.3059095262621,-83.5147186257614));
#10807=CARTESIAN_POINT('Ctrl Pts',(681.658641534111,62.0760695928401,-88.2494541402615));
#10808=CARTESIAN_POINT('Ctrl Pts',(681.65836469843,61.9532300056395,-88.0419009149641));
#10809=CARTESIAN_POINT('Ctrl Pts',(681.65783194517,61.7246536214488,-87.6160815757581));
#10810=CARTESIAN_POINT('Ctrl Pts',(681.656940896994,61.359702486766,-86.8002419097965));
#10811=CARTESIAN_POINT('Ctrl Pts',(681.655775136878,60.9133133149583,-85.4260991561488));
#10812=CARTESIAN_POINT('Ctrl Pts',(681.655395067213,60.779069218307,-84.1868854555831));
#10813=CARTESIAN_POINT('Ctrl Pts',(681.655395067213,60.779069218307,-83.5147186257614));
#10814=CARTESIAN_POINT('Ctrl Pts',(683.317283068221,63.3786117202351,-87.4989082815069));
#10815=CARTESIAN_POINT('Ctrl Pts',(683.31672939686,63.2724040294104,-87.3258489767459));
#10816=CARTESIAN_POINT('Ctrl Pts',(683.31566389034,63.0744994088177,-86.9700542009407));
#10817=CARTESIAN_POINT('Ctrl Pts',(683.313881793987,62.7578927226911,-86.2862751043318));
#10818=CARTESIAN_POINT('Ctrl Pts',(683.311550273755,62.3694790142149,-85.1300293686958));
#10819=CARTESIAN_POINT('Ctrl Pts',(683.310790134425,62.2522289103519,-84.0827492236217));
#10820=CARTESIAN_POINT('Ctrl Pts',(683.310790134425,62.2522289103519,-83.5147186257614));
#10821=CARTESIAN_POINT('Ctrl Pts',(684.975924602331,64.68115384763,-86.7483624227523));
#10822=CARTESIAN_POINT('Ctrl Pts',(684.975094095289,64.5915780531813,-86.6097970385276));
#10823=CARTESIAN_POINT('Ctrl Pts',(684.97349583551,64.4243451961866,-86.3240268261233));
#10824=CARTESIAN_POINT('Ctrl Pts',(684.970822690981,64.1560829586162,-85.7723082988671));
#10825=CARTESIAN_POINT('Ctrl Pts',(684.967325410632,63.8256447134716,-84.8339595812427));
#10826=CARTESIAN_POINT('Ctrl Pts',(684.966185201637,63.7253886023968,-83.9786129916603));
#10827=CARTESIAN_POINT('Ctrl Pts',(684.966185201637,63.7253886023968,-83.5147186257614));
#10828=CARTESIAN_POINT('',(684.975924602331,64.68115384763,-86.7483624227523));
#10829=CARTESIAN_POINT('',(680.000000000001,60.7735274651045,-88.9999999992124));
#10830=CARTESIAN_POINT('Ctrl Pts',(684.975924602331,64.68115384763,-86.7483624227523));
#10831=CARTESIAN_POINT('Ctrl Pts',(684.975094095289,64.5915780531813,-86.6097970385276));
#10832=CARTESIAN_POINT('Ctrl Pts',(684.97349583551,64.4243451961866,-86.3240268261233));
#10833=CARTESIAN_POINT('Ctrl Pts',(684.970822690981,64.1560829586162,-85.7723082988671));
#10834=CARTESIAN_POINT('Ctrl Pts',(684.967325410632,63.8256447134716,-84.8339595812427));
#10835=CARTESIAN_POINT('Ctrl Pts',(684.966185201637,63.7253886023968,-83.9786129916603));
#10836=CARTESIAN_POINT('Ctrl Pts',(684.966185201637,63.7253886023968,-83.5147186257614));
#10837=CARTESIAN_POINT('',(684.966185201637,63.7253886023968,-83.5147186257615));
#10838=CARTESIAN_POINT('Origin',(682.483092600819,61.5156490643295,15.));
#10839=CARTESIAN_POINT('Ctrl Pts',(680.000000000001,62.0654093124702,-90.7962812571114));
#10840=CARTESIAN_POINT('Ctrl Pts',(680.000000000001,61.589873370404,-90.2586756600641));
#10841=CARTESIAN_POINT('Ctrl Pts',(680.000000000001,61.1426072372004,-89.6405230869433));
#10842=CARTESIAN_POINT('Ctrl Pts',(680.000000000001,60.7735274654452,-88.9999999990161));
#10843=CARTESIAN_POINT('Ctrl Pts',(681.660964321569,63.2106024174991,-89.7833072757417));
#10844=CARTESIAN_POINT('Ctrl Pts',(681.660195439544,62.794179288748,-89.326523236651));
#10845=CARTESIAN_POINT('Ctrl Pts',(681.659374117197,62.4011368083302,-88.7986968603887));
#10846=CARTESIAN_POINT('Ctrl Pts',(681.658641534111,62.0760695928401,-88.2494541402615));
#10847=CARTESIAN_POINT('Ctrl Pts',(683.321928643138,64.3557955225279,-88.770333294372));
#10848=CARTESIAN_POINT('Ctrl Pts',(683.320390879088,63.998485207092,-88.394370813238));
#10849=CARTESIAN_POINT('Ctrl Pts',(683.318748234393,63.6596663794599,-87.9568706338341));
#10850=CARTESIAN_POINT('Ctrl Pts',(683.317283068221,63.3786117202351,-87.4989082815069));
#10851=CARTESIAN_POINT('Ctrl Pts',(684.982892964706,65.5009886275568,-87.7573593130023));
#10852=CARTESIAN_POINT('Ctrl Pts',(684.980586318631,65.202791125436,-87.462218389825));
#10853=CARTESIAN_POINT('Ctrl Pts',(684.978122351589,64.9181959505897,-87.1150444072795));
#10854=CARTESIAN_POINT('Ctrl Pts',(684.975924602331,64.68115384763,-86.7483624227523));
#10855=CARTESIAN_POINT('',(682.945346212701,64.0961514126302,-89.));
#10856=CARTESIAN_POINT('Ctrl Pts',(679.999999999717,60.7735274657159,-89.));
#10857=CARTESIAN_POINT('Ctrl Pts',(680.627661381287,61.4300914520643,-89.));
#10858=CARTESIAN_POINT('Ctrl Pts',(681.269551464497,62.1223918039384,-89.));
#10859=CARTESIAN_POINT('Ctrl Pts',(682.232487874125,63.2245608331696,-89.));
#10860=CARTESIAN_POINT('Ctrl Pts',(682.597504526152,63.6577928213404,-89.));
#10861=CARTESIAN_POINT('Ctrl Pts',(682.945346212674,64.0961514126326,-89.));
#10862=CARTESIAN_POINT('',(684.982892964695,65.5009886275159,-87.7573593130396));
#10863=CARTESIAN_POINT('',(680.000000000001,62.0654093124669,-90.7962812571076));
#10864=CARTESIAN_POINT('Ctrl Pts',(684.982892964706,65.5009886275568,-87.7573593130023));
#10865=CARTESIAN_POINT('Ctrl Pts',(684.980586318631,65.202791125436,-87.462218389825));
#10866=CARTESIAN_POINT('Ctrl Pts',(684.978122351589,64.9181959505897,-87.1150444072795));
#10867=CARTESIAN_POINT('Ctrl Pts',(684.975924602331,64.68115384763,-86.7483624227523));
#10868=CARTESIAN_POINT('Ctrl Pts',(682.938414648999,65.7686545242391,-90.5329617606702));
#10869=CARTESIAN_POINT('Ctrl Pts',(682.942163129527,65.4820663188392,-90.3063496102995));
#10870=CARTESIAN_POINT('Ctrl Pts',(682.944113879183,65.2058284621586,-90.0722805262484));
#10871=CARTESIAN_POINT('Ctrl Pts',(682.946268072215,64.6492574018831,-89.5653969208391));
#10872=CARTESIAN_POINT('Ctrl Pts',(682.946377620861,64.3765864412034,-89.2982682441539));
#10873=CARTESIAN_POINT('Ctrl Pts',(682.94534621267,64.0961514126269,-89.));
#10874=CARTESIAN_POINT('Ctrl Pts',(683.615998515422,66.0989238753575,-90.0219745071135));
#10875=CARTESIAN_POINT('Ctrl Pts',(683.620604581821,65.8388826568622,-89.8030026786429));
#10876=CARTESIAN_POINT('Ctrl Pts',(683.623011051685,65.5875879625812,-89.5807142024229));
#10877=CARTESIAN_POINT('Ctrl Pts',(683.625661003265,65.0780271452894,-89.1060235535675));
#10878=CARTESIAN_POINT('Ctrl Pts',(683.62578765285,64.8264625951546,-88.8590337249763));
#10879=CARTESIAN_POINT('Ctrl Pts',(683.624528463349,64.5644304842695,-88.5857864376668));
#10880=CARTESIAN_POINT('Ctrl Pts',(684.293582381844,66.429193226476,-89.5109872535568));
#10881=CARTESIAN_POINT('Ctrl Pts',(684.299066419641,66.1956309440234,-89.2995395762159));
#10882=CARTESIAN_POINT('Ctrl Pts',(684.30191094872,65.9694758967549,-89.0892710122411));
#10883=CARTESIAN_POINT('Ctrl Pts',(684.305059621938,65.5067454437954,-88.6465558107432));
#10884=CARTESIAN_POINT('Ctrl Pts',(684.305227853771,65.2766915537713,-88.4198606855234));
#10885=CARTESIAN_POINT('Ctrl Pts',(684.303710714027,65.0327095559121,-88.1715728753335));
#10886=CARTESIAN_POINT('Ctrl Pts',(684.971166248267,66.7594625775944,-89.0000000000001));
#10887=CARTESIAN_POINT('Ctrl Pts',(684.977507871935,66.5524472820464,-88.7961926445593));
#10888=CARTESIAN_POINT('Ctrl Pts',(684.980808121222,66.3512353971775,-88.5977046884156));
#10889=CARTESIAN_POINT('Ctrl Pts',(684.984452552989,65.9355151872016,-88.1871824434716));
#10890=CARTESIAN_POINT('Ctrl Pts',(684.98463788576,65.7265677077225,-87.9806261663458));
#10891=CARTESIAN_POINT('Ctrl Pts',(684.982892964706,65.5009886275547,-87.7573593130003));
#10892=CARTESIAN_POINT('',(684.971166248267,66.7594625775944,-89.0000000000001));
#10893=CARTESIAN_POINT('Ctrl Pts',(682.94534621267,64.0961514126269,-89.));
#10894=CARTESIAN_POINT('Ctrl Pts',(683.766700200821,65.1312417745497,-89.));
#10895=CARTESIAN_POINT('Ctrl Pts',(684.395974083895,66.0211790689448,-89.));
#10896=CARTESIAN_POINT('Ctrl Pts',(684.971166248267,66.7594625775945,-89.));
#10897=CARTESIAN_POINT('Ctrl Pts',(684.971166248267,66.7594625775944,-89.0000000000001));
#10898=CARTESIAN_POINT('Ctrl Pts',(684.977507871935,66.5524472820464,-88.7961926445593));
#10899=CARTESIAN_POINT('Ctrl Pts',(684.980808121222,66.3512353971775,-88.5977046884156));
#10900=CARTESIAN_POINT('Ctrl Pts',(684.984452552989,65.9355151872016,-88.1871824434716));
#10901=CARTESIAN_POINT('Ctrl Pts',(684.98463788576,65.7265677077225,-87.9806261663458));
#10902=CARTESIAN_POINT('Ctrl Pts',(684.982892964706,65.5009886275547,-87.7573593130003));
#10903=CARTESIAN_POINT('Ctrl Pts',(697.225043978703,73.1446391040911,-88.9999999091247));
#10904=CARTESIAN_POINT('Ctrl Pts',(697.225047622572,73.1446374566815,-89.));
#10905=CARTESIAN_POINT('Ctrl Pts',(697.265546958828,73.1412918580282,-89.0000000000001));
#10906=CARTESIAN_POINT('Ctrl Pts',(697.472876790078,73.1202667848441,-89.0000000000001));
#10907=CARTESIAN_POINT('Ctrl Pts',(698.033371679124,73.0404123738682,-89.));
#10908=CARTESIAN_POINT('Ctrl Pts',(698.773063911324,72.8372187514851,-89.));
#10909=CARTESIAN_POINT('Ctrl Pts',(699.442162531208,72.5520152551809,-89.));
#10910=CARTESIAN_POINT('Ctrl Pts',(699.797984173882,72.3652244115876,-89.));
#10911=CARTESIAN_POINT('Ctrl Pts',(699.978492913338,72.2596237586266,-89.));
#10912=CARTESIAN_POINT('Ctrl Pts',(700.012897953866,72.2388099738946,-89.));
#10913=CARTESIAN_POINT('Ctrl Pts',(700.012901870142,72.2388091648644,-88.9999999091247));
#10914=CARTESIAN_POINT('Ctrl Pts',(695.795033162475,73.2689562377868,-89.0000000000001));
#10915=CARTESIAN_POINT('Ctrl Pts',(695.810729962711,73.3908964907181,-88.865090196252));
#10916=CARTESIAN_POINT('Ctrl Pts',(695.92099440826,73.6220876927565,-88.5873087505335));
#10917=CARTESIAN_POINT('Ctrl Pts',(696.395911493483,73.9718703256277,-88.0801432549159));
#10918=CARTESIAN_POINT('Ctrl Pts',(697.635709568919,74.233795428014,-87.4389935355724));
#10919=CARTESIAN_POINT('Ctrl Pts',(699.239228211497,73.8880044019384,-87.2775326910013));
#10920=CARTESIAN_POINT('Ctrl Pts',(700.567818816784,73.0921558083156,-87.6200993864679));
#10921=CARTESIAN_POINT('Ctrl Pts',(701.169479691973,72.4208507854594,-88.08044974752));
#10922=CARTESIAN_POINT('Ctrl Pts',(701.349286143816,71.8581813300941,-88.5873333727031));
#10923=CARTESIAN_POINT('Ctrl Pts',(701.301915251633,71.6068376144455,-88.8649464305707));
#10924=CARTESIAN_POINT('Ctrl Pts',(701.242876700404,71.4988445703185,-89.));
#10925=CARTESIAN_POINT('Ctrl Pts',(694.370222819369,73.4530919029147,-89.0546715857184));
#10926=CARTESIAN_POINT('Ctrl Pts',(694.401647997863,73.697336553602,-88.7835960971676));
#10927=CARTESIAN_POINT('Ctrl Pts',(694.582350441201,74.1665616708891,-88.2280727189772));
#10928=CARTESIAN_POINT('Ctrl Pts',(695.328570276983,74.9027195220048,-87.2209605422963));
#10929=CARTESIAN_POINT('Ctrl Pts',(697.260902409256,75.5428235698905,-85.9568840159066));
#10930=CARTESIAN_POINT('Ctrl Pts',(699.749155979675,75.0644554776937,-85.6401637634545));
#10931=CARTESIAN_POINT('Ctrl Pts',(701.739570594529,73.727978389254,-86.3136464721462));
#10932=CARTESIAN_POINT('Ctrl Pts',(702.579862507887,72.5464588607438,-87.2216382667906));
#10933=CARTESIAN_POINT('Ctrl Pts',(702.752687863952,71.5116347078777,-88.2280992055708));
#10934=CARTESIAN_POINT('Ctrl Pts',(702.622070505245,71.0266305281047,-88.7833072274843));
#10935=CARTESIAN_POINT('Ctrl Pts',(702.503804710121,70.8103309456863,-89.0546715857184));
#10936=CARTESIAN_POINT('Ctrl Pts',(692.959699796872,73.6958705823308,-89.1636662243503));
#10937=CARTESIAN_POINT('Ctrl Pts',(693.006720510465,74.0620122870207,-88.7560397846565));
#10938=CARTESIAN_POINT('Ctrl Pts',(693.258391396596,74.771205796212,-87.9245764040105));
#10939=CARTESIAN_POINT('Ctrl Pts',(694.279488011876,75.9057905987691,-86.4288175039246));
#10940=CARTESIAN_POINT('Ctrl Pts',(696.914405234125,76.9532106385619,-84.5694370350143));
#10941=CARTESIAN_POINT('Ctrl Pts',(700.296121726225,76.3520990493449,-84.1081980433415));
#10942=CARTESIAN_POINT('Ctrl Pts',(702.945229288711,74.4535184515937,-85.0934886566296));
#10943=CARTESIAN_POINT('Ctrl Pts',(704.017980698602,72.7413799768774,-86.4300094439319));
#10944=CARTESIAN_POINT('Ctrl Pts',(704.179552879877,71.2223343430631,-87.9245447798648));
#10945=CARTESIAN_POINT('Ctrl Pts',(703.965004473731,70.5018564476148,-88.7556054004147));
#10946=CARTESIAN_POINT('Ctrl Pts',(703.78764353361,70.177658392563,-89.1636662243503));
#10947=CARTESIAN_POINT('',(700.012897953866,72.2388099738946,-89.));
#10948=CARTESIAN_POINT('',(703.85488440701,70.3092885920463,-88.9999989705608));
#10949=CARTESIAN_POINT('Ctrl Pts',(703.854969091759,70.3094666101754,-88.9997802624447));
#10950=CARTESIAN_POINT('Ctrl Pts',(703.233661653595,70.5643461629298,-88.9998870553857));
#10951=CARTESIAN_POINT('Ctrl Pts',(702.621624168252,70.8412419208391,-88.9999504847167));
#10952=CARTESIAN_POINT('Ctrl Pts',(702.020036589982,71.1396598828435,-88.9999794904395));
#10953=CARTESIAN_POINT('Ctrl Pts',(701.97913821372,71.1599475525599,-88.9999814623667));
#10954=CARTESIAN_POINT('Ctrl Pts',(701.938288145391,71.1803347081866,-88.9999832855747));
#10955=CARTESIAN_POINT('Ctrl Pts',(701.897486760381,71.2008212004848,-88.999984967517));
#10956=CARTESIAN_POINT('Ctrl Pts',(701.300172647163,71.5007343278708,-89.0000095904045));
#10957=CARTESIAN_POINT('Ctrl Pts',(700.713687889914,71.8217342167782,-89.0000017028836));
#10958=CARTESIAN_POINT('Ctrl Pts',(700.139191413855,72.1632808802853,-89.0000001014225));
#10959=CARTESIAN_POINT('Ctrl Pts',(700.098374105514,72.1875473746124,-88.9999999876406));
#10960=CARTESIAN_POINT('Ctrl Pts',(700.05761732416,72.2119176028515,-88.9999999172421));
#10961=CARTESIAN_POINT('Ctrl Pts',(700.016921490639,72.2363913781597,-88.9999999096676));
#10962=CARTESIAN_POINT('Ctrl Pts',(700.015581550038,72.2371971954229,-88.9999999094182));
#10963=CARTESIAN_POINT('Ctrl Pts',(700.014241677053,72.2380031242416,-88.9999999092237));
#10964=CARTESIAN_POINT('Ctrl Pts',(700.012901870142,72.2388091648644,-88.9999999091247));
#10965=CARTESIAN_POINT('',(697.225047622572,73.1446374566815,-89.));
#10966=CARTESIAN_POINT('Origin',(696.662091305685,66.6690617922887,-89.));
#10967=CARTESIAN_POINT('',(692.982719779832,73.8418776033463,-89.0000006650217));
#10968=CARTESIAN_POINT('Ctrl Pts',(697.225043978703,73.1446391040911,-88.9999999091247));
#10969=CARTESIAN_POINT('Ctrl Pts',(697.223485435693,73.1447745950941,-88.9999999092237));
#10970=CARTESIAN_POINT('Ctrl Pts',(697.221926905147,73.1449102155086,-88.9999999094185));
#10971=CARTESIAN_POINT('Ctrl Pts',(697.220368385304,73.1450459660727,-88.9999999096687));
#10972=CARTESIAN_POINT('Ctrl Pts',(696.564118127736,73.2022068312756,-89.000000015018));
#10973=CARTESIAN_POINT('Ctrl Pts',(695.910092707801,73.282376559273,-89.0000101245911));
#10974=CARTESIAN_POINT('Ctrl Pts',(695.259489922276,73.3852794069663,-89.0000337532461));
#10975=CARTESIAN_POINT('Ctrl Pts',(695.203057319458,73.39420509198,-89.0000358027709));
#10976=CARTESIAN_POINT('Ctrl Pts',(695.146650466068,73.4033018411721,-89.0000379694801));
#10977=CARTESIAN_POINT('Ctrl Pts',(695.090270143451,73.4125694905844,-89.0000402641628));
#10978=CARTESIAN_POINT('Ctrl Pts',(694.434200346843,73.5204125213238,-89.0000669662456));
#10979=CARTESIAN_POINT('Ctrl Pts',(693.782157917212,73.6513215339428,-89.0001089708902));
#10980=CARTESIAN_POINT('Ctrl Pts',(693.135343981552,73.8049725527501,-89.0001981483196));
#10981=CARTESIAN_POINT('Ctrl Pts',(693.084424529998,73.8170684974678,-89.0002051686782));
#10982=CARTESIAN_POINT('Ctrl Pts',(693.03353748033,73.8293054069129,-89.0002124934408));
#10983=CARTESIAN_POINT('Ctrl Pts',(692.982683418263,73.841683135088,-89.0002201441814));
#10984=CARTESIAN_POINT('Ctrl Pts',(692.982719779832,73.8418776033463,-89.0000006650217));
#10985=CARTESIAN_POINT('Ctrl Pts',(693.041482272123,74.1560840480218,-88.6453803500298));
#10986=CARTESIAN_POINT('Ctrl Pts',(693.292480228437,74.8090833779862,-87.8746411942979));
#10987=CARTESIAN_POINT('Ctrl Pts',(694.279488011876,75.9057905987691,-86.4288175039246));
#10988=CARTESIAN_POINT('Ctrl Pts',(696.914405234125,76.9532106385619,-84.5694370350143));
#10989=CARTESIAN_POINT('Ctrl Pts',(700.296121726225,76.3520990493449,-84.1081980433415));
#10990=CARTESIAN_POINT('Ctrl Pts',(702.945229288711,74.4535184515937,-85.0934886566296));
#10991=CARTESIAN_POINT('Ctrl Pts',(704.017980698602,72.7413799768774,-86.4300094439319));
#10992=CARTESIAN_POINT('Ctrl Pts',(704.174163461262,71.273003788448,-87.8746929025451));
#10993=CARTESIAN_POINT('Ctrl Pts',(703.992316078463,70.598159562575,-88.6450945418582));
#10994=CARTESIAN_POINT('Ctrl Pts',(703.85488440701,70.3092885920463,-88.9999989705608));
#10995=CARTESIAN_POINT('Origin',(675.000000000001,-1.61328375393437E-12,
-84.));
#10996=CARTESIAN_POINT('Origin',(675.000000000001,-1.61328375393437E-12,
-89.));
#10997=CARTESIAN_POINT('Origin',(675.000000000003,-1.09525878446557E-12,
-89.));
#10998=CARTESIAN_POINT('',(675.000000000001,-76.0000000000001,-89.0000000000017));
#10999=CARTESIAN_POINT('Origin',(675.000000000003,8.38182007621634E-13,
-89.));
#11000=CARTESIAN_POINT('',(675.000000000001,-85.0000000000026,-78.999999999999));
#11001=CARTESIAN_POINT('',(675.000000000001,-80.5000000000016,-84.));
#11002=CARTESIAN_POINT('Origin',(675.000000000003,-1.09525878446557E-12,
-79.));
#11003=CARTESIAN_POINT('Origin',(675.000000000003,8.38182007621634E-13,
-89.));
#11004=CARTESIAN_POINT('Origin',(675.,0.,-89.));
#11005=CARTESIAN_POINT('Origin',(675.,0.,-89.));
#11006=CARTESIAN_POINT('Origin',(675.000000000001,-1.35667126214839E-12,
-89.));
#11007=CARTESIAN_POINT('',(702.482597010104,60.7956354826043,-89.));
#11008=CARTESIAN_POINT('Ctrl Pts',(702.482597010243,60.7956354826039,-89.0000000000001));
#11009=CARTESIAN_POINT('Ctrl Pts',(702.635192280917,60.7952226722775,-89.0000000000002));
#11010=CARTESIAN_POINT('Ctrl Pts',(702.788033651187,60.7916888528731,-89.0000394985575));
#11011=CARTESIAN_POINT('Ctrl Pts',(702.940805423816,60.7845681861432,-89.0000903964631));
#11012=CARTESIAN_POINT('Ctrl Pts',(703.089296516183,60.7776470412032,-89.0001398682044));
#11013=CARTESIAN_POINT('Ctrl Pts',(703.237722140541,60.767337151367,-89.0002001357407));
#11014=CARTESIAN_POINT('Ctrl Pts',(703.38574542385,60.7532123348864,-89.0002542794711));
#11015=CARTESIAN_POINT('Ctrl Pts',(703.528370756194,60.739602606742,-89.0003064487472));
#11016=CARTESIAN_POINT('Ctrl Pts',(703.67062268459,60.7224509694638,-89.0003530476527));
#11017=CARTESIAN_POINT('Ctrl Pts',(703.812152785329,60.7013794024996,-89.0003862241464));
#11018=CARTESIAN_POINT('Ctrl Pts',(703.921376448573,60.6851177470489,-89.0004118275916));
#11019=CARTESIAN_POINT('Ctrl Pts',(704.030169328623,60.6665215039361,-89.0004296085566));
#11020=CARTESIAN_POINT('Ctrl Pts',(704.138350209022,60.6454193355166,-89.0004382936781));
#11021=CARTESIAN_POINT('Ctrl Pts',(704.270951356345,60.6195536582075,-89.00044893934));
#11022=CARTESIAN_POINT('Ctrl Pts',(704.402664811426,60.5899187856197,-89.0004459825345));
#11023=CARTESIAN_POINT('Ctrl Pts',(704.533193690754,60.5561670081483,-89.0004215703004));
#11024=CARTESIAN_POINT('Ctrl Pts',(704.660897530328,60.5231457212292,-89.0003976864208));
#11025=CARTESIAN_POINT('Ctrl Pts',(704.787467776277,60.4861835434086,-89.0003533514762));
#11026=CARTESIAN_POINT('Ctrl Pts',(704.912580633527,60.4449531629472,-89.000296561759));
#11027=CARTESIAN_POINT('Ctrl Pts',(705.039828208304,60.4030192959074,-89.0002388030766));
#11028=CARTESIAN_POINT('Ctrl Pts',(705.165568814041,60.3566699849564,-89.0001681919665));
#11029=CARTESIAN_POINT('Ctrl Pts',(705.289407174233,60.305563669015,-89.0001084616121));
#11030=CARTESIAN_POINT('Ctrl Pts',(705.405876810605,60.2574983197588,-89.0000522853785));
#11031=CARTESIAN_POINT('Ctrl Pts',(705.520663644955,60.2052249593233,-89.0000059479412));
#11032=CARTESIAN_POINT('Ctrl Pts',(705.63338943794,60.1484663056147,-89.0000005197438));
#11033=CARTESIAN_POINT('Ctrl Pts',(705.640521298757,60.1448753367006,-89.0000001763162));
#11034=CARTESIAN_POINT('Ctrl Pts',(705.64764489294,60.141266417471,-89.0000000000001));
#11035=CARTESIAN_POINT('Ctrl Pts',(705.654760117835,60.1376394790973,-89.0000000000001));
#11036=CARTESIAN_POINT('Ctrl Pts',(698.201973677344,60.3540984288595,-89.));
#11037=CARTESIAN_POINT('Ctrl Pts',(699.221850096612,60.602791830384,-89.));
#11038=CARTESIAN_POINT('Ctrl Pts',(700.295437367624,60.7250541156877,-89.));
#11039=CARTESIAN_POINT('Ctrl Pts',(701.714520391089,60.7890256233861,-89.));
#11040=CARTESIAN_POINT('Ctrl Pts',(702.099102430589,60.7966729362579,-89.));
#11041=CARTESIAN_POINT('Ctrl Pts',(702.482597010104,60.7956354826042,-89.));
#11042=CARTESIAN_POINT('',(688.500889909177,65.3385675067013,-89.));
#11043=CARTESIAN_POINT('Ctrl Pts',(688.500889909252,65.3385675068062,-89.));
#11044=CARTESIAN_POINT('Ctrl Pts',(688.727181354274,65.1750906380412,-89.));
#11045=CARTESIAN_POINT('Ctrl Pts',(688.949459487228,65.0088313271698,-89.));
#11046=CARTESIAN_POINT('Ctrl Pts',(690.06734884237,64.1422751472466,-89.));
#11047=CARTESIAN_POINT('Ctrl Pts',(690.958811956147,63.3446274787011,-89.));
#11048=CARTESIAN_POINT('Ctrl Pts',(691.704457963882,62.4652692607467,-89.));
#11049=CARTESIAN_POINT('',(685.547795699682,66.6707882500093,-89.));
#11050=CARTESIAN_POINT('Ctrl Pts',(685.547795699682,66.6707882500093,-89.));
#11051=CARTESIAN_POINT('Ctrl Pts',(685.672487239138,66.6510611563573,-89.));
#11052=CARTESIAN_POINT('Ctrl Pts',(685.796220108144,66.6264641445443,-89.0000432831824));
#11053=CARTESIAN_POINT('Ctrl Pts',(685.918848042435,66.5974454764992,-89.0000981112301));
#11054=CARTESIAN_POINT('Ctrl Pts',(686.04522350037,66.5675399946522,-89.0001546148291));
#11055=CARTESIAN_POINT('Ctrl Pts',(686.170425690356,66.5329386966538,-89.0002232210398));
#11056=CARTESIAN_POINT('Ctrl Pts',(686.294342489291,66.4941070298007,-89.0002812399095));
#11057=CARTESIAN_POINT('Ctrl Pts',(686.420739434666,66.4544981622681,-89.0003404200043));
#11058=CARTESIAN_POINT('Ctrl Pts',(686.545799387801,66.4104880164296,-89.0003884640965));
#11059=CARTESIAN_POINT('Ctrl Pts',(686.669447763952,66.362542120262,-89.0004157800636));
#11060=CARTESIAN_POINT('Ctrl Pts',(686.796949019918,66.3131022313603,-89.0004439471954));
#11061=CARTESIAN_POINT('Ctrl Pts',(686.922949706043,66.2594776113163,-89.0004499507814));
#11062=CARTESIAN_POINT('Ctrl Pts',(687.047409371731,66.2021467907798,-89.0004404757491));
#11063=CARTESIAN_POINT('Ctrl Pts',(687.061274206424,66.195760124504,-89.0004394202284));
#11064=CARTESIAN_POINT('Ctrl Pts',(687.075119954765,66.1893274317402,-89.0004381907028));
#11065=CARTESIAN_POINT('Ctrl Pts',(687.08894658833,66.1828493497544,-89.0004368100212));
#11066=CARTESIAN_POINT('Ctrl Pts',(687.218720498391,66.1220474181045,-89.0004238512303));
#11067=CARTESIAN_POINT('Ctrl Pts',(687.346837648428,66.0572330627911,-89.000395495483));
#11068=CARTESIAN_POINT('Ctrl Pts',(687.473204064955,65.9889407617877,-89.0003554015188));
#11069=CARTESIAN_POINT('Ctrl Pts',(687.602426830551,65.9191048018298,-89.0003144012826));
#11070=CARTESIAN_POINT('Ctrl Pts',(687.729819127746,65.8456319385292,-89.0002609677884));
#11071=CARTESIAN_POINT('Ctrl Pts',(687.85532868268,65.7690658929126,-89.0002056089931));
#11072=CARTESIAN_POINT('Ctrl Pts',(687.986259710004,65.6891925237814,-89.0001478589361));
#11073=CARTESIAN_POINT('Ctrl Pts',(688.115142031216,65.6059530189804,-89.0000878916731));
#11074=CARTESIAN_POINT('Ctrl Pts',(688.241964429964,65.5199338164717,-89.0000470125949));
#11075=CARTESIAN_POINT('Ctrl Pts',(688.329244932147,65.4607345010005,-89.0000188791854));
#11076=CARTESIAN_POINT('Ctrl Pts',(688.41555080116,65.4002179601439,-89.));
#11077=CARTESIAN_POINT('Ctrl Pts',(688.50088990899,65.3385675069958,-89.));
#11078=CARTESIAN_POINT('Origin',(675.000000000001,-1.61328375393437E-12,
-89.));
#11079=CARTESIAN_POINT('Origin',(675.000000000001,-1.61328375393437E-12,
-68.113096659359));
#11080=CARTESIAN_POINT('',(698.502109869209,72.3320566333443,-69.9338296142842));
#11081=CARTESIAN_POINT('Origin',(698.757854153432,73.1191566066228,-68.113096659359));
#11082=CARTESIAN_POINT('',(675.000000000001,-76.054425151425,-69.9338296142834));
#11083=CARTESIAN_POINT('Origin',(675.000000000003,-1.09434601495468E-12,
-69.9338296142842));
#11084=CARTESIAN_POINT('Origin',(675.000000000003,-1.09434601495468E-12,
-69.9338296142842));
#11085=CARTESIAN_POINT('Origin',(675.000000000001,-1.61328375393437E-12,
-71.5));
#11086=CARTESIAN_POINT('',(675.000000000002,82.0690147215043,-72.6677339643209));
#11087=CARTESIAN_POINT('',(675.000000000001,-82.0690147215093,-72.6677339643217));
#11088=CARTESIAN_POINT('Origin',(675.000000000003,-1.09434601495468E-12,
-72.6677339643209));
#11089=CARTESIAN_POINT('',(675.000000000001,-79.5000000000016,-71.5));
#11090=CARTESIAN_POINT('Origin',(675.000000000003,-1.09434601495468E-12,
-72.6677339643209));
#11091=CARTESIAN_POINT('Origin',(675.000000000001,-1.61328375393437E-12,
-77.2195663516339));
#11092=CARTESIAN_POINT('',(675.000000000002,84.9999999999984,-77.2195663516339));
#11093=CARTESIAN_POINT('Origin',(675.000000000001,79.9999999999984,-77.2195663516339));
#11094=CARTESIAN_POINT('',(675.000000000001,-85.0000000000016,-77.2195663516339));
#11095=CARTESIAN_POINT('Origin',(675.000000000003,-1.09525878446557E-12,
-77.2195663516339));
#11096=CARTESIAN_POINT('Origin',(675.000000000003,-1.09525878446557E-12,
-77.2195663516339));
#11097=CARTESIAN_POINT('Origin',(675.000000000001,-1.61328375393437E-12,
-69.));
#11098=CARTESIAN_POINT('',(675.000000000001,-85.0000000000016,-69.));
#11099=CARTESIAN_POINT('Origin',(675.000000000002,-7.105427357601E-14,-80.6792893218814));
#11100=CARTESIAN_POINT('',(690.576309185752,21.438950350936,-79.3585786437628));
#11101=CARTESIAN_POINT('Origin',(675.000000000002,-7.105427357601E-14,-79.3585786437628));
#11102=CARTESIAN_POINT('',(691.352603444896,22.5074277341865,-80.6792893218814));
#11103=CARTESIAN_POINT('Origin',(675.000000000002,-7.105427357601E-14,-54.1));
#11104=CARTESIAN_POINT('',(690.576309185752,21.438950350936,-54.1));
#11105=CARTESIAN_POINT('Origin',(696.662091305685,66.6690617922887,-11.));
#11106=CARTESIAN_POINT('',(694.046685885873,67.5188585268198,-11.));
#11107=CARTESIAN_POINT('Origin',(675.000000000001,-1.61328375393437E-12,
-83.5147186257615));
#11108=CARTESIAN_POINT('',(686.173522961656,65.3084224871669,-87.757359313197));
#11109=CARTESIAN_POINT('Origin',(675.000000000001,-1.6152376396634E-12,
-87.7573593128808));
#11110=CARTESIAN_POINT('',(688.209993972294,63.8105130773518,-86.2573593128449));
#11111=CARTESIAN_POINT('Ctrl Pts',(688.209993972294,63.8105130773518,-86.2573593128449));
#11112=CARTESIAN_POINT('Ctrl Pts',(687.497992593115,64.245661379692,-86.8056222067028));
#11113=CARTESIAN_POINT('Ctrl Pts',(686.785851986764,64.747979839765,-87.3082053914426));
#11114=CARTESIAN_POINT('Ctrl Pts',(686.173522961712,65.3084224872958,-87.7573593131753));
#11115=CARTESIAN_POINT('Ctrl Pts',(690.420562317812,62.6295158675389,-83.5147186257615));
#11116=CARTESIAN_POINT('Ctrl Pts',(690.420562317812,62.6295158675389,-84.103376141801));
#11117=CARTESIAN_POINT('Ctrl Pts',(689.680321876302,62.9732211896798,-85.0930530382766));
#11118=CARTESIAN_POINT('Ctrl Pts',(688.650083833223,63.5415468064142,-85.9184766255831));
#11119=CARTESIAN_POINT('Ctrl Pts',(688.209993972294,63.8105130773519,-86.2573593128449));
#11120=CARTESIAN_POINT('Origin',(675.000000000001,-1.61328375393437E-12,
-87.5));
#11121=CARTESIAN_POINT('Ctrl Pts',(686.173522961779,65.3084224875545,-87.7573593134416));
#11122=CARTESIAN_POINT('Ctrl Pts',(685.932420850537,65.7591714467928,-88.1609936231512));
#11123=CARTESIAN_POINT('Ctrl Pts',(685.724694565853,66.213958786108,-88.5764253725296));
#11124=CARTESIAN_POINT('Ctrl Pts',(685.547795699682,66.6707882500093,-89.));
#11125=CARTESIAN_POINT('Ctrl Pts',(685.547795699682,66.6707882500093,-89.));
#11126=CARTESIAN_POINT('Ctrl Pts',(685.724694565853,66.213958786108,-88.5764253725296));
#11127=CARTESIAN_POINT('Ctrl Pts',(685.932420850537,65.7591714467928,-88.1609936231512));
#11128=CARTESIAN_POINT('Ctrl Pts',(686.173522961779,65.3084224875545,-87.7573593134416));
#11129=CARTESIAN_POINT('Ctrl Pts',(686.463088158477,66.7708667144251,-89.2418759699301));
#11130=CARTESIAN_POINT('Ctrl Pts',(686.611435180893,66.3310925305838,-88.834039274762));
#11131=CARTESIAN_POINT('Ctrl Pts',(686.789350627714,65.8928946390695,-88.4334858877658));
#11132=CARTESIAN_POINT('Ctrl Pts',(686.999157542749,65.4581094216118,-88.044135977584));
#11133=CARTESIAN_POINT('Ctrl Pts',(687.352109022249,66.7096989200876,-89.6467132075505));
#11134=CARTESIAN_POINT('Ctrl Pts',(687.472610923368,66.2945803925954,-89.2470121548438));
#11135=CARTESIAN_POINT('Ctrl Pts',(687.621317546468,65.8801960816391,-88.8541236441789));
#11136=CARTESIAN_POINT('Ctrl Pts',(687.80044760951,65.4684880620001,-88.471965220383));
#11137=CARTESIAN_POINT('Ctrl Pts',(688.117455259743,66.4939865416439,-90.1701568774293));
#11138=CARTESIAN_POINT('Ctrl Pts',(688.218174314363,66.1081219201782,-89.7720538803192));
#11139=CARTESIAN_POINT('Ctrl Pts',(688.34521717017,65.7222442243925,-89.3807893533568));
#11140=CARTESIAN_POINT('Ctrl Pts',(688.500889909266,65.3385675069446,-89.0000000002081));
#11141=CARTESIAN_POINT('Origin',(685.458051599393,61.126544831572,-92.0000000005609));
#11142=CARTESIAN_POINT('Ctrl Pts',(686.173522961712,65.3084224872958,-87.7573593131753));
#11143=CARTESIAN_POINT('Ctrl Pts',(686.785851986764,64.747979839765,-87.3082053914426));
#11144=CARTESIAN_POINT('Ctrl Pts',(687.497992593115,64.245661379692,-86.8056222067028));
#11145=CARTESIAN_POINT('Ctrl Pts',(688.209993972294,63.8105130773518,-86.2573593128449));
#11146=CARTESIAN_POINT('Ctrl Pts',(687.388546508302,65.528705350602,-88.1793866937762));
#11147=CARTESIAN_POINT('Ctrl Pts',(687.857854736601,64.9269109589261,-87.7701056817524));
#11148=CARTESIAN_POINT('Ctrl Pts',(688.43164401278,64.3548978747703,-87.2588810334029));
#11149=CARTESIAN_POINT('Ctrl Pts',(689.019761787157,63.856815662705,-86.6649880735308));
#11150=CARTESIAN_POINT('Ctrl Pts',(689.416229845397,65.3743615753345,-89.4621918367815));
#11151=CARTESIAN_POINT('Ctrl Pts',(689.644385642574,64.7568606821622,-88.9502813489463));
#11152=CARTESIAN_POINT('Ctrl Pts',(689.984137966303,64.1441093775778,-88.3042434057606));
#11153=CARTESIAN_POINT('Ctrl Pts',(690.369651562605,63.6180320215381,-87.545651338008));
#11154=CARTESIAN_POINT('Ctrl Pts',(690.563106291293,64.3385809255266,-91.2389942351874));
#11155=CARTESIAN_POINT('Ctrl Pts',(690.773232508773,63.7895844758137,-90.4562570743782));
#11156=CARTESIAN_POINT('Ctrl Pts',(691.057945738595,63.2870444678386,-89.5589787262798));
#11157=CARTESIAN_POINT('Ctrl Pts',(691.366417524205,62.8639284576622,-88.563747955296));
#11158=CARTESIAN_POINT('Ctrl Pts',(690.835990658405,63.7869529727324,-92.0000000005892));
#11159=CARTESIAN_POINT('Ctrl Pts',(691.092103798674,63.2692275759079,-91.1016921571238));
#11160=CARTESIAN_POINT('Ctrl Pts',(691.396673392196,62.828246986987,-90.0965257876463));
#11161=CARTESIAN_POINT('Ctrl Pts',(691.704457963883,62.4652692607466,-88.9999999999283));
#11162=CARTESIAN_POINT('Origin',(687.128181032988,58.5848453854771,-88.9999999999283));
#11163=CARTESIAN_POINT('Origin',(688.986091404528,56.8035143914886,-89.));
#11164=CARTESIAN_POINT('Origin',(688.986091404528,56.8035143914886,-83.5147186257615));
#11165=CARTESIAN_POINT('Ctrl Pts',(688.209993972294,63.8105130773519,-86.2573593128449));
#11166=CARTESIAN_POINT('Ctrl Pts',(688.650083833223,63.5415468064142,-85.9184766255831));
#11167=CARTESIAN_POINT('Ctrl Pts',(689.680321876302,62.9732211896798,-85.0930530382766));
#11168=CARTESIAN_POINT('Ctrl Pts',(690.420562317812,62.6295158675389,-84.103376141801));
#11169=CARTESIAN_POINT('Ctrl Pts',(690.420562317812,62.6295158675389,-83.5147186257615));
#11170=CARTESIAN_POINT('Ctrl Pts',(689.627087648303,63.89154260172,-86.9707096440452));
#11171=CARTESIAN_POINT('Ctrl Pts',(689.932200305064,63.5531745840857,-86.5830592581733));
#11172=CARTESIAN_POINT('Ctrl Pts',(690.673217935286,62.8385444814506,-85.5847253063483));
#11173=CARTESIAN_POINT('Ctrl Pts',(691.235820048676,62.4287841123956,-84.2878980667984));
#11174=CARTESIAN_POINT('Ctrl Pts',(691.235820048676,62.4287841123956,-83.5147186257615));
#11175=CARTESIAN_POINT('Ctrl Pts',(690.915696937968,63.3954740535496,-87.9820785624528));
#11176=CARTESIAN_POINT('Ctrl Pts',(691.10552099603,63.0824595999154,-87.4512604604784));
#11177=CARTESIAN_POINT('Ctrl Pts',(691.59892698313,62.425063294204,-86.1283185136444));
#11178=CARTESIAN_POINT('Ctrl Pts',(692.007917453893,62.0545624518891,-84.4899067402644));
#11179=CARTESIAN_POINT('Ctrl Pts',(692.007917453893,62.0545624518891,-83.5147186257615));
#11180=CARTESIAN_POINT('Ctrl Pts',(691.704457963882,62.4652692607467,-88.9999999999284));
#11181=CARTESIAN_POINT('Ctrl Pts',(691.894700389403,62.2409118062079,-88.3222346254049));
#11182=CARTESIAN_POINT('Ctrl Pts',(692.34323630718,61.7866350225274,-86.6713874507916));
#11183=CARTESIAN_POINT('Ctrl Pts',(692.670571357083,61.5389771438726,-84.69203365784));
#11184=CARTESIAN_POINT('Ctrl Pts',(692.670571357083,61.5389771438726,-83.5147186257615));
#11185=CARTESIAN_POINT('Ctrl Pts',(704.347757625144,59.4032556811351,-87.7573593130802));
#11186=CARTESIAN_POINT('Ctrl Pts',(704.807756921397,59.6262029841237,-88.1609936229032));
#11187=CARTESIAN_POINT('Ctrl Pts',(705.243128307,59.8720352238731,-88.5764253724032));
#11188=CARTESIAN_POINT('Ctrl Pts',(705.654760117835,60.1376394790973,-89.0000000000001));
#11189=CARTESIAN_POINT('Ctrl Pts',(703.767788990243,60.0096507851823,-88.0441359772764));
#11190=CARTESIAN_POINT('Ctrl Pts',(704.193086688916,60.2380780045781,-88.433485887566));
#11191=CARTESIAN_POINT('Ctrl Pts',(704.594589567297,60.4880114699852,-88.8340392746773));
#11192=CARTESIAN_POINT('Ctrl Pts',(704.973097609204,60.7566000664836,-89.2418759699648));
#11193=CARTESIAN_POINT('Ctrl Pts',(703.125632120502,60.4890337657357,-88.4719652201639));
#11194=CARTESIAN_POINT('Ctrl Pts',(703.51254728802,60.7168225411015,-88.854123644066));
#11195=CARTESIAN_POINT('Ctrl Pts',(703.876422460149,60.9646589309591,-89.2470121548435));
#11196=CARTESIAN_POINT('Ctrl Pts',(704.217911094514,61.229667634107,-89.6467132076672));
#11197=CARTESIAN_POINT('Ctrl Pts',(702.482597010129,60.7956354826584,-89.000000000094));
#11198=CARTESIAN_POINT('Ctrl Pts',(702.834058417886,61.0145343272463,-89.3807893533502));
#11199=CARTESIAN_POINT('Ctrl Pts',(703.163651466108,61.2520420238957,-89.7720538804259));
#11200=CARTESIAN_POINT('Ctrl Pts',(703.47194042691,61.5050118853297,-90.1701568776541));
#11201=CARTESIAN_POINT('Origin',(702.468540103241,55.5995020737922,-92.0000000001994));
#11202=CARTESIAN_POINT('Ctrl Pts',(701.819768908907,59.3884291391488,-86.2573593128434));
#11203=CARTESIAN_POINT('Ctrl Pts',(702.65158498669,59.3219659140175,-86.8056361192252));
#11204=CARTESIAN_POINT('Ctrl Pts',(703.522920014602,59.3097622735092,-87.3081873663088));
#11205=CARTESIAN_POINT('Ctrl Pts',(704.347757625099,59.4032556810457,-87.7573593129805));
#11206=CARTESIAN_POINT('Ctrl Pts',(701.191868961999,59.9018582969399,-86.6649880735292));
#11207=CARTESIAN_POINT('Ctrl Pts',(701.960451117617,59.9591297699702,-87.2588961038168));
#11208=CARTESIAN_POINT('Ctrl Pts',(702.76082831299,60.0846232802794,-87.7700892567556));
#11209=CARTESIAN_POINT('Ctrl Pts',(703.494261945767,60.2956411828529,-88.1793866935978));
#11210=CARTESIAN_POINT('Ctrl Pts',(699.959431699942,60.5021236634358,-87.545651312848));
#11211=CARTESIAN_POINT('Ctrl Pts',(700.580555023361,60.7011350282762,-88.3042626303607));
#11212=CARTESIAN_POINT('Ctrl Pts',(701.215548846542,60.9971403762096,-88.9502606289352));
#11213=CARTESIAN_POINT('Ctrl Pts',(701.763110655363,61.3626171463038,-89.4621916602061));
#11214=CARTESIAN_POINT('Ctrl Pts',(698.709780134467,60.4779253090068,-88.5637479552933));
#11215=CARTESIAN_POINT('Ctrl Pts',(699.208053045773,60.6389222707992,-89.5590039808957));
#11216=CARTESIAN_POINT('Ctrl Pts',(699.733744076734,60.8781184870834,-90.4562256621067));
#11217=CARTESIAN_POINT('Ctrl Pts',(700.226451546319,61.1987697204612,-91.2389942348479));
#11218=CARTESIAN_POINT('Ctrl Pts',(698.201973677344,60.3540984288595,-88.9999999999253));
#11219=CARTESIAN_POINT('Ctrl Pts',(698.664341313415,60.4668452067957,-90.0965536126877));
#11220=CARTESIAN_POINT('Ctrl Pts',(699.169912917091,60.6445708535448,-91.1016561068558));
#11221=CARTESIAN_POINT('Ctrl Pts',(699.681444680414,60.9128907386704,-92.0000000001994));
#11222=CARTESIAN_POINT('Origin',(699.623403558876,54.5249014780017,-88.9999999999254));
#11223=CARTESIAN_POINT('Ctrl Pts',(699.337208807232,59.7323217987806,-83.5147186257615));
#11224=CARTESIAN_POINT('Ctrl Pts',(699.337208807232,59.7323217987806,-83.9562117627908));
#11225=CARTESIAN_POINT('Ctrl Pts',(699.954331782853,59.6108770431128,-84.9625517832749));
#11226=CARTESIAN_POINT('Ctrl Pts',(701.134256130288,59.4432025335958,-85.8055157298279));
#11227=CARTESIAN_POINT('Ctrl Pts',(701.819768908907,59.3884291391488,-86.2573593128434));
#11228=CARTESIAN_POINT('Ctrl Pts',(698.559664282827,60.0491228685782,-83.5147186257615));
#11229=CARTESIAN_POINT('Ctrl Pts',(698.559664282827,60.0491228685782,-84.0946032065388));
#11230=CARTESIAN_POINT('Ctrl Pts',(699.095195881659,60.0485337776384,-85.4148625632868));
#11231=CARTESIAN_POINT('Ctrl Pts',(700.126638594977,60.1610571563672,-86.4538424628809));
#11232=CARTESIAN_POINT('Ctrl Pts',(700.720944001819,60.2869301652833,-86.9707096440435));
#11233=CARTESIAN_POINT('Ctrl Pts',(697.71506238756,60.2001986536846,-83.5147186257615));
#11234=CARTESIAN_POINT('Ctrl Pts',(697.71506238756,60.2001986536846,-84.2461097116384));
#11235=CARTESIAN_POINT('Ctrl Pts',(698.137066061631,60.2446116861098,-85.9126392514671));
#11236=CARTESIAN_POINT('Ctrl Pts',(698.936780519279,60.4541501750494,-87.2743210931514));
#11237=CARTESIAN_POINT('Ctrl Pts',(699.386855410631,60.64302781587,-87.9820785624505));
#11238=CARTESIAN_POINT('Ctrl Pts',(696.875910678139,60.1725795691187,-83.5147186257615));
#11239=CARTESIAN_POINT('Ctrl Pts',(696.875910678139,60.1725795691187,-84.39770489982));
#11240=CARTESIAN_POINT('Ctrl Pts',(697.191899939564,60.1778993036662,-86.4103849407872));
#11241=CARTESIAN_POINT('Ctrl Pts',(697.820929199588,60.2611820269192,-88.0963128338942));
#11242=CARTESIAN_POINT('Ctrl Pts',(698.201973677344,60.3540984288595,-88.9999999999254));
#11243=UNCERTAINTY_MEASURE_WITH_UNIT(LENGTH_MEASURE(0.01),#11247,
'DISTANCE_ACCURACY_VALUE',
'Maximum model space distance between geometric entities at asserted c
onnectivities');
#11244=UNCERTAINTY_MEASURE_WITH_UNIT(LENGTH_MEASURE(0.01),#11247,
'DISTANCE_ACCURACY_VALUE',
'Maximum model space distance between geometric entities at asserted c
onnectivities');
#11245=(
GEOMETRIC_REPRESENTATION_CONTEXT(3)
GLOBAL_UNCERTAINTY_ASSIGNED_CONTEXT((#11243))
GLOBAL_UNIT_ASSIGNED_CONTEXT((#11247,#11249,#11250))
REPRESENTATION_CONTEXT('','3D')
);
#11246=(
GEOMETRIC_REPRESENTATION_CONTEXT(3)
GLOBAL_UNCERTAINTY_ASSIGNED_CONTEXT((#11244))
GLOBAL_UNIT_ASSIGNED_CONTEXT((#11247,#11249,#11250))
REPRESENTATION_CONTEXT('','3D')
);
#11247=(
LENGTH_UNIT()
NAMED_UNIT(*)
SI_UNIT(.MILLI.,.METRE.)
);
#11248=(
LENGTH_UNIT()
NAMED_UNIT(*)
SI_UNIT($,.METRE.)
);
#11249=(
NAMED_UNIT(*)
PLANE_ANGLE_UNIT()
SI_UNIT($,.RADIAN.)
);
#11250=(
NAMED_UNIT(*)
SI_UNIT($,.STERADIAN.)
SOLID_ANGLE_UNIT()
);
#11251=SHAPE_DEFINITION_REPRESENTATION(#11252,#11253);
#11252=PRODUCT_DEFINITION_SHAPE('',$,#11255);
#11253=SHAPE_REPRESENTATION('',(#4656),#11245);
#11254=PRODUCT_DEFINITION_CONTEXT('part definition',#11259,'design');
#11255=PRODUCT_DEFINITION('(Unsaved)','(Unsaved)',#11256,#11254);
#11256=PRODUCT_DEFINITION_FORMATION('',$,#11261);
#11257=PRODUCT_RELATED_PRODUCT_CATEGORY('(Unsaved)','(Unsaved)',(#11261));
#11258=APPLICATION_PROTOCOL_DEFINITION('international standard',
'automotive_design',2009,#11259);
#11259=APPLICATION_CONTEXT(
'Core Data for Automotive Mechanical Design Process');
#11260=PRODUCT_CONTEXT('part definition',#11259,'mechanical');
#11261=PRODUCT('(Unsaved)','(Unsaved)',$,(#11260));
#11262=PRESENTATION_STYLE_ASSIGNMENT((#11275));
#11263=PRESENTATION_STYLE_ASSIGNMENT((#11276));
#11264=PRESENTATION_STYLE_ASSIGNMENT((#11277));
#11265=PRESENTATION_STYLE_ASSIGNMENT((#11278));
#11266=PRESENTATION_STYLE_ASSIGNMENT((#11279));
#11267=PRESENTATION_STYLE_ASSIGNMENT((#11280));
#11268=PRESENTATION_STYLE_ASSIGNMENT((#11281));
#11269=PRESENTATION_STYLE_ASSIGNMENT((#11282));
#11270=PRESENTATION_STYLE_ASSIGNMENT((#11283));
#11271=PRESENTATION_STYLE_ASSIGNMENT((#11284));
#11272=PRESENTATION_STYLE_ASSIGNMENT((#11285));
#11273=PRESENTATION_STYLE_ASSIGNMENT((#11286));
#11274=PRESENTATION_STYLE_ASSIGNMENT((#11287));
#11275=SURFACE_STYLE_USAGE(.BOTH.,#11288);
#11276=SURFACE_STYLE_USAGE(.BOTH.,#11289);
#11277=SURFACE_STYLE_USAGE(.BOTH.,#11290);
#11278=SURFACE_STYLE_USAGE(.BOTH.,#11291);
#11279=SURFACE_STYLE_USAGE(.BOTH.,#11292);
#11280=SURFACE_STYLE_USAGE(.BOTH.,#11293);
#11281=SURFACE_STYLE_USAGE(.BOTH.,#11294);
#11282=SURFACE_STYLE_USAGE(.BOTH.,#11295);
#11283=SURFACE_STYLE_USAGE(.BOTH.,#11296);
#11284=SURFACE_STYLE_USAGE(.BOTH.,#11297);
#11285=SURFACE_STYLE_USAGE(.BOTH.,#11298);
#11286=SURFACE_STYLE_USAGE(.BOTH.,#11299);
#11287=SURFACE_STYLE_USAGE(.BOTH.,#11300);
#11288=SURFACE_SIDE_STYLE('',(#11301));
#11289=SURFACE_SIDE_STYLE('',(#11302));
#11290=SURFACE_SIDE_STYLE('',(#11303));
#11291=SURFACE_SIDE_STYLE('',(#11304));
#11292=SURFACE_SIDE_STYLE('',(#11305));
#11293=SURFACE_SIDE_STYLE('',(#11306));
#11294=SURFACE_SIDE_STYLE('',(#11307));
#11295=SURFACE_SIDE_STYLE('',(#11308));
#11296=SURFACE_SIDE_STYLE('',(#11309));
#11297=SURFACE_SIDE_STYLE('',(#11310));
#11298=SURFACE_SIDE_STYLE('',(#11311));
#11299=SURFACE_SIDE_STYLE('',(#11312));
#11300=SURFACE_SIDE_STYLE('',(#11313));
#11301=SURFACE_STYLE_FILL_AREA(#11314);
#11302=SURFACE_STYLE_FILL_AREA(#11315);
#11303=SURFACE_STYLE_FILL_AREA(#11316);
#11304=SURFACE_STYLE_FILL_AREA(#11317);
#11305=SURFACE_STYLE_FILL_AREA(#11318);
#11306=SURFACE_STYLE_FILL_AREA(#11319);
#11307=SURFACE_STYLE_FILL_AREA(#11320);
#11308=SURFACE_STYLE_FILL_AREA(#11321);
#11309=SURFACE_STYLE_FILL_AREA(#11322);
#11310=SURFACE_STYLE_FILL_AREA(#11323);
#11311=SURFACE_STYLE_FILL_AREA(#11324);
#11312=SURFACE_STYLE_FILL_AREA(#11325);
#11313=SURFACE_STYLE_FILL_AREA(#11326);
#11314=FILL_AREA_STYLE('Steel - Satin',(#11327));
#11315=FILL_AREA_STYLE('Plastic - Glossy (Red)',(#11328));
#11316=FILL_AREA_STYLE('Opaque(255,255,0)',(#11329));
#11317=FILL_AREA_STYLE('Stainless Steel - Polished',(#11330));
#11318=FILL_AREA_STYLE('Plastic - Matte (Black)',(#11331));
#11319=FILL_AREA_STYLE('Rubber - Hard',(#11332));
#11320=FILL_AREA_STYLE('Plastic - Glossy (Black)',(#11333));
#11321=FILL_AREA_STYLE('Opaque(215,208,192)',(#11334));
#11322=FILL_AREA_STYLE('Plastic - Translucent Glossy (Gray)',(#11335));
#11323=FILL_AREA_STYLE('ABS (White)',(#11336));
#11324=FILL_AREA_STYLE('Opaque(255,255,255)',(#11337));
#11325=FILL_AREA_STYLE('Paint - Enamel Glossy (Black)',(#11338));
#11326=FILL_AREA_STYLE('Opaque(0,255,0)',(#11339));
#11327=FILL_AREA_STYLE_COLOUR('Steel - Satin',#11340);
#11328=FILL_AREA_STYLE_COLOUR('Plastic - Glossy (Red)',#11341);
#11329=FILL_AREA_STYLE_COLOUR('Opaque(255,255,0)',#11342);
#11330=FILL_AREA_STYLE_COLOUR('Stainless Steel - Polished',#11343);
#11331=FILL_AREA_STYLE_COLOUR('Plastic - Matte (Black)',#11344);
#11332=FILL_AREA_STYLE_COLOUR('Rubber - Hard',#11345);
#11333=FILL_AREA_STYLE_COLOUR('Plastic - Glossy (Black)',#11346);
#11334=FILL_AREA_STYLE_COLOUR('Opaque(215,208,192)',#11347);
#11335=FILL_AREA_STYLE_COLOUR('Plastic - Translucent Glossy (Gray)',#11348);
#11336=FILL_AREA_STYLE_COLOUR('ABS (White)',#11349);
#11337=FILL_AREA_STYLE_COLOUR('Opaque(255,255,255)',#11350);
#11338=FILL_AREA_STYLE_COLOUR('Paint - Enamel Glossy (Black)',#11351);
#11339=FILL_AREA_STYLE_COLOUR('Opaque(0,255,0)',#11352);
#11340=COLOUR_RGB('Steel - Satin',0.627450980392157,0.627450980392157,0.627450980392157);
#11341=COLOUR_RGB('Plastic - Glossy (Red)',0.768627450980392,0.207843137254902,
0.152941176470588);
#11342=COLOUR_RGB('Opaque(255,255,0)',1.,1.,0.);
#11343=COLOUR_RGB('Stainless Steel - Polished',0.796078431372549,0.796078431372549,
0.796078431372549);
#11344=COLOUR_RGB('Plastic - Matte (Black)',0.384313725490196,0.384313725490196,
0.384313725490196);
#11345=COLOUR_RGB('Rubber - Hard',0.152941176470588,0.152941176470588,0.152941176470588);
#11346=COLOUR_RGB('Plastic - Glossy (Black)',0.0980392156862745,0.0980392156862745,
0.0980392156862745);
#11347=COLOUR_RGB('Opaque(215,208,192)',0.843137254901961,0.815686274509804,
0.752941176470588);
#11348=COLOUR_RGB('Plastic - Translucent Glossy (Gray)',0.701960784313725,
0.701960784313725,0.701960784313725);
#11349=COLOUR_RGB('ABS (White)',0.964705882352941,0.964705882352941,0.952941176470588);
#11350=COLOUR_RGB('Opaque(255,255,255)',1.,1.,1.);
#11351=COLOUR_RGB('Paint - Enamel Glossy (Black)',0.0980392156862745,0.0980392156862745,
0.0980392156862745);
#11352=COLOUR_RGB('Opaque(0,255,0)',0.,1.,0.);
ENDSEC;
END-ISO-10303-21;
