ISO-10303-21;
HEADER;
/* Generated by software containing ST-Developer
 * from STEP Tools, Inc. (www.steptools.com) 
 */

FILE_DESCRIPTION(
/* description */ (''),
/* implementation_level */ '2;1');

FILE_NAME(
/* name */ 'Floor.step',
/* time_stamp */ '2026-09-13T20:03:41+01:00',
/* author */ (''),
/* organization */ (''),
/* preprocessor_version */ 'ST-DEVELOPER v20.2',
/* originating_system */ 'Autodesk Translation Framework v15.15.0.0',
/* authorisation */ '');

FILE_SCHEMA (('AUTOMOTIVE_DESIGN { 1 0 10303 214 3 1 1 }'));
ENDSEC;

DATA;
#10=MECHANICAL_DESIGN_GEOMETRIC_PRESENTATION_REPRESENTATION('',(#13),#11403);
#11=SHAPE_REPRESENTATION_RELATIONSHIP('SRR','None',#11410,#12);
#12=ADVANCED_BREP_SHAPE_REPRESENTATION('',(#14),#11402);
#13=STYLED_ITEM('',(#11420),#14);
#14=MANIFOLD_SOLID_BREP('FLOOR',#5385);
#15=ELLIPSE('',#5442,701.485499339079,369.715320582004);
#16=ELLIPSE('',#5444,701.485499339079,369.715320582004);
#17=ELLIPSE('',#5446,1.85706669945519,1.85);
#18=ELLIPSE('',#5450,1.85706669945519,1.85);
#19=ELLIPSE('',#5454,1.85706669945519,1.85);
#20=ELLIPSE('',#5458,1.85706669945519,1.85);
#21=ELLIPSE('',#5479,15.6648874719873,12.);
#22=ELLIPSE('',#5480,15.6648874719873,12.);
#23=ELLIPSE('',#5529,2.71031356136703,2.7);
#24=ELLIPSE('',#5537,2.71031356136703,2.7);
#25=ELLIPSE('',#5574,9.15512712987467,8.99999999999999);
#26=ELLIPSE('',#5576,2.61081457866456,2.);
#27=ELLIPSE('',#5579,9.15512712987467,8.99999999999999);
#28=ELLIPSE('',#5581,2.61081457866456,2.);
#29=ELLIPSE('',#5583,13.5051360418926,8.99999999999999);
#30=ELLIPSE('',#5586,13.5051360418926,8.99999999999999);
#31=(
BOUNDED_SURFACE()
B_SPLINE_SURFACE(2,2,((#7703,#7704,#7705),(#7706,#7707,#7708),(#7709,#7710,
#7711)),.UNSPECIFIED.,.F.,.F.,.F.)
B_SPLINE_SURFACE_WITH_KNOTS((3,3),(3,3),(-0.143169090830529,0.143389749581786),
(0.,0.307876080051799),.UNSPECIFIED.)
GEOMETRIC_REPRESENTATION_ITEM()
RATIONAL_B_SPLINE_SURFACE(((1.,0.988174919110281,1.),(0.989753051840927,
0.978049141942062,0.989753051840927),(1.,0.988174919110281,1.)))
REPRESENTATION_ITEM('')
SURFACE()
);
#32=(
BOUNDED_SURFACE()
B_SPLINE_SURFACE(3,2,((#9242,#9243,#9244),(#9245,#9246,#9247),(#9248,#9249,
#9250),(#9251,#9252,#9253)),.UNSPECIFIED.,.F.,.F.,.F.)
B_SPLINE_SURFACE_WITH_KNOTS((4,4),(3,3),(2.58878113495551,3.22237943057114),
(0.,0.523598775598299),.UNSPECIFIED.)
GEOMETRIC_REPRESENTATION_ITEM()
RATIONAL_B_SPLINE_SURFACE(((1.,0.965925826289068,1.),(1.,0.965925826289068,
1.),(1.,0.965925826289068,1.),(1.,0.965925826289068,1.)))
REPRESENTATION_ITEM('')
SURFACE()
);
#33=(
BOUNDED_SURFACE()
B_SPLINE_SURFACE(3,2,((#9267,#9268,#9269),(#9270,#9271,#9272),(#9273,#9274,
#9275),(#9276,#9277,#9278),(#9279,#9280,#9281),(#9282,#9283,#9284),(#9285,
#9286,#9287),(#9288,#9289,#9290)),.UNSPECIFIED.,.F.,.F.,.F.)
B_SPLINE_SURFACE_WITH_KNOTS((4,2,2,4),(3,3),(0.,0.878950065120587,1.47004133333763,
2.06113260155467),(0.,0.523598775598299),.UNSPECIFIED.)
GEOMETRIC_REPRESENTATION_ITEM()
RATIONAL_B_SPLINE_SURFACE(((1.,0.965925826289068,1.),(1.,0.965925826289068,
1.),(1.,0.965925826289068,1.),(1.,0.965925826289068,1.),(1.,0.965925826289068,
1.),(1.,0.965925826289068,1.),(1.,0.965925826289068,1.),(1.,0.965925826289068,
1.)))
REPRESENTATION_ITEM('')
SURFACE()
);
#34=(
BOUNDED_SURFACE()
B_SPLINE_SURFACE(3,2,((#9347,#9348,#9349),(#9350,#9351,#9352),(#9353,#9354,
#9355),(#9356,#9357,#9358)),.UNSPECIFIED.,.F.,.F.,.F.)
B_SPLINE_SURFACE_WITH_KNOTS((4,4),(3,3),(2.58878113495551,3.22237943057114),
(0.,0.523598775598299),.UNSPECIFIED.)
GEOMETRIC_REPRESENTATION_ITEM()
RATIONAL_B_SPLINE_SURFACE(((1.,0.965925826289068,1.),(1.,0.965925826289068,
1.),(1.,0.965925826289068,1.),(1.,0.965925826289068,1.)))
REPRESENTATION_ITEM('')
SURFACE()
);
#35=(
BOUNDED_SURFACE()
B_SPLINE_SURFACE(3,2,((#9365,#9366,#9367),(#9368,#9369,#9370),(#9371,#9372,
#9373),(#9374,#9375,#9376),(#9377,#9378,#9379),(#9380,#9381,#9382),(#9383,
#9384,#9385),(#9386,#9387,#9388)),.UNSPECIFIED.,.F.,.F.,.F.)
B_SPLINE_SURFACE_WITH_KNOTS((4,2,2,4),(3,3),(0.,0.878950065120587,1.47004133333763,
2.06113260155467),(0.,0.523598775598299),.UNSPECIFIED.)
GEOMETRIC_REPRESENTATION_ITEM()
RATIONAL_B_SPLINE_SURFACE(((1.,0.965925826289068,1.),(1.,0.965925826289068,
1.),(1.,0.965925826289068,1.),(1.,0.965925826289068,1.),(1.,0.965925826289068,
1.),(1.,0.965925826289068,1.),(1.,0.965925826289068,1.),(1.,0.965925826289068,
1.)))
REPRESENTATION_ITEM('')
SURFACE()
);
#36=(
BOUNDED_SURFACE()
B_SPLINE_SURFACE(3,2,((#9401,#9402,#9403),(#9404,#9405,#9406),(#9407,#9408,
#9409),(#9410,#9411,#9412)),.UNSPECIFIED.,.F.,.F.,.F.)
B_SPLINE_SURFACE_WITH_KNOTS((4,4),(3,3),(0.,0.512555895050165),(0.,0.523598775598299),
 .UNSPECIFIED.)
GEOMETRIC_REPRESENTATION_ITEM()
RATIONAL_B_SPLINE_SURFACE(((1.,0.965925826289068,1.),(1.,0.965925826289068,
1.),(1.,0.965925826289068,1.),(1.,0.965925826289068,1.)))
REPRESENTATION_ITEM('')
SURFACE()
);
#37=(
BOUNDED_SURFACE()
B_SPLINE_SURFACE(3,2,((#9419,#9420,#9421),(#9422,#9423,#9424),(#9425,#9426,
#9427),(#9428,#9429,#9430)),.UNSPECIFIED.,.F.,.F.,.F.)
B_SPLINE_SURFACE_WITH_KNOTS((4,4),(3,3),(0.,0.512555895050165),(0.,0.523598775598299),
 .UNSPECIFIED.)
GEOMETRIC_REPRESENTATION_ITEM()
RATIONAL_B_SPLINE_SURFACE(((1.,0.965925826289068,1.),(1.,0.965925826289068,
1.),(1.,0.965925826289068,1.),(1.,0.965925826289068,1.)))
REPRESENTATION_ITEM('')
SURFACE()
);
#38=(
BOUNDED_SURFACE()
B_SPLINE_SURFACE(3,2,((#9858,#9859,#9860,#9861,#9862),(#9863,#9864,#9865,
#9866,#9867),(#9868,#9869,#9870,#9871,#9872),(#9873,#9874,#9875,#9876,#9877)),
 .UNSPECIFIED.,.F.,.F.,.F.)
B_SPLINE_SURFACE_WITH_KNOTS((4,4),(3,2,3),(0.0127539453306453,3.23606365879846),
(0.,0.870371997670176,1.74074399534035),.UNSPECIFIED.)
GEOMETRIC_REPRESENTATION_ITEM()
RATIONAL_B_SPLINE_SURFACE(((1.,0.906791644769199,1.,0.906791644769199,1.),
(1.,0.906791644769199,1.,0.906791644769199,1.),(1.,0.906791644769199,1.,
0.906791644769199,1.),(1.,0.906791644769199,1.,0.906791644769199,1.)))
REPRESENTATION_ITEM('')
SURFACE()
);
#39=(
BOUNDED_SURFACE()
B_SPLINE_SURFACE(3,2,((#10172,#10173,#10174),(#10175,#10176,#10177),(#10178,
#10179,#10180),(#10181,#10182,#10183),(#10184,#10185,#10186),(#10187,#10188,
#10189),(#10190,#10191,#10192),(#10193,#10194,#10195),(#10196,#10197,#10198),
(#10199,#10200,#10201)),.UNSPECIFIED.,.F.,.F.,.F.)
B_SPLINE_SURFACE_WITH_KNOTS((4,3,3,4),(3,3),(-4.86668632761407,0.0127539453306453,
3.23606365879846,12.8632679236144),(-0.126113376826739,0.253700207243411),
 .UNSPECIFIED.)
GEOMETRIC_REPRESENTATION_ITEM()
RATIONAL_B_SPLINE_SURFACE(((1.,0.982021834004812,1.),(1.,0.982021834004812,
1.),(1.,0.982021834004812,1.),(1.,0.982021834004812,1.),(1.,0.982021834004812,
1.),(1.,0.982021834004812,1.),(1.,0.982021834004812,1.),(1.,0.982021834004812,
1.),(1.,0.982021834004812,1.),(1.,0.982021834004812,1.)))
REPRESENTATION_ITEM('')
SURFACE()
);
#40=(
BOUNDED_SURFACE()
B_SPLINE_SURFACE(3,2,((#10431,#10432,#10433),(#10434,#10435,#10436),(#10437,
#10438,#10439),(#10440,#10441,#10442),(#10443,#10444,#10445),(#10446,#10447,
#10448),(#10449,#10450,#10451),(#10452,#10453,#10454),(#10455,#10456,#10457),
(#10458,#10459,#10460)),.UNSPECIFIED.,.F.,.F.,.F.)
B_SPLINE_SURFACE_WITH_KNOTS((4,3,3,4),(3,3),(-4.86668632761407,0.0127539453306453,
3.23606365879846,12.8632679236144),(-0.126113376826739,0.253700207243411),
 .UNSPECIFIED.)
GEOMETRIC_REPRESENTATION_ITEM()
RATIONAL_B_SPLINE_SURFACE(((1.,0.982021834004812,1.),(1.,0.982021834004812,
1.),(1.,0.982021834004812,1.),(1.,0.982021834004812,1.),(1.,0.982021834004812,
1.),(1.,0.982021834004812,1.),(1.,0.982021834004812,1.),(1.,0.982021834004812,
1.),(1.,0.982021834004812,1.),(1.,0.982021834004812,1.)))
REPRESENTATION_ITEM('')
SURFACE()
);
#41=(
BOUNDED_SURFACE()
B_SPLINE_SURFACE(3,2,((#10535,#10536,#10537,#10538,#10539),(#10540,#10541,
#10542,#10543,#10544),(#10545,#10546,#10547,#10548,#10549),(#10550,#10551,
#10552,#10553,#10554)),.UNSPECIFIED.,.F.,.F.,.F.)
B_SPLINE_SURFACE_WITH_KNOTS((4,4),(3,2,3),(0.0127539453306453,3.23606365879846),
(0.,0.870371997670176,1.74074399534035),.UNSPECIFIED.)
GEOMETRIC_REPRESENTATION_ITEM()
RATIONAL_B_SPLINE_SURFACE(((1.,0.906791644769199,1.,0.906791644769199,1.),
(1.,0.906791644769199,1.,0.906791644769199,1.),(1.,0.906791644769199,1.,
0.906791644769199,1.),(1.,0.906791644769199,1.,0.906791644769199,1.)))
REPRESENTATION_ITEM('')
SURFACE()
);
#42=CYLINDRICAL_SURFACE('',#5423,2.7);
#43=CYLINDRICAL_SURFACE('',#5425,2.29999999999997);
#44=CYLINDRICAL_SURFACE('',#5429,2.29999999999997);
#45=CYLINDRICAL_SURFACE('',#5445,1.85);
#46=CYLINDRICAL_SURFACE('',#5449,1.85);
#47=CYLINDRICAL_SURFACE('',#5453,1.85);
#48=CYLINDRICAL_SURFACE('',#5457,1.85);
#49=CYLINDRICAL_SURFACE('',#5464,4.75000000000001);
#50=CYLINDRICAL_SURFACE('',#5468,4.75000000000001);
#51=CYLINDRICAL_SURFACE('',#5469,4.75000000000001);
#52=CYLINDRICAL_SURFACE('',#5515,2.69999999999996);
#53=CYLINDRICAL_SURFACE('',#5516,2.70000000000003);
#54=CYLINDRICAL_SURFACE('',#5517,2.69999999999996);
#55=CYLINDRICAL_SURFACE('',#5524,2.7);
#56=CYLINDRICAL_SURFACE('',#5528,2.7);
#57=CYLINDRICAL_SURFACE('',#5532,2.7);
#58=CYLINDRICAL_SURFACE('',#5536,2.7);
#59=CYLINDRICAL_SURFACE('',#5538,4.74999999999998);
#60=CYLINDRICAL_SURFACE('',#5540,4.75000000000001);
#61=CYLINDRICAL_SURFACE('',#5542,4.75000000000001);
#62=CYLINDRICAL_SURFACE('',#5564,7.99999999999997);
#63=CYLINDRICAL_SURFACE('',#5569,8.00000000000001);
#64=CYLINDRICAL_SURFACE('',#5570,2.);
#65=CYLINDRICAL_SURFACE('',#5577,7.);
#66=CYLINDRICAL_SURFACE('',#5582,9.);
#67=CYLINDRICAL_SURFACE('',#5585,9.);
#68=CYLINDRICAL_SURFACE('',#5589,3.);
#69=CYLINDRICAL_SURFACE('',#5605,2.3);
#70=CYLINDRICAL_SURFACE('',#5610,2.3);
#71=CYLINDRICAL_SURFACE('',#5625,4.5);
#72=CYLINDRICAL_SURFACE('',#5631,801.488652607368);
#73=CYLINDRICAL_SURFACE('',#5635,801.488652607368);
#74=CYLINDRICAL_SURFACE('',#5641,3.);
#75=CYLINDRICAL_SURFACE('',#5645,3.);
#76=CYLINDRICAL_SURFACE('',#5650,4.5);
#77=CYLINDRICAL_SURFACE('',#5652,8.03159739263787);
#78=CYLINDRICAL_SURFACE('',#5655,795.488652607367);
#79=CYLINDRICAL_SURFACE('',#5658,789.488652607368);
#80=CYLINDRICAL_SURFACE('',#5660,14.0315973926378);
#81=CYLINDRICAL_SURFACE('',#5662,801.488652607367);
#82=CYLINDRICAL_SURFACE('',#5669,801.488652607367);
#83=CYLINDRICAL_SURFACE('',#5676,3.);
#84=CYLINDRICAL_SURFACE('',#5679,3.);
#85=CYLINDRICAL_SURFACE('',#5681,795.488652607367);
#86=CYLINDRICAL_SURFACE('',#5683,4.5);
#87=CYLINDRICAL_SURFACE('',#5685,8.0315973926379);
#88=CYLINDRICAL_SURFACE('',#5687,789.488652607367);
#89=CYLINDRICAL_SURFACE('',#5689,14.0315973926377);
#90=CYLINDRICAL_SURFACE('',#5696,55.);
#91=CYLINDRICAL_SURFACE('',#5697,55.);
#92=CYLINDRICAL_SURFACE('',#5708,4.5);
#93=CYLINDRICAL_SURFACE('',#5712,1.8);
#94=CYLINDRICAL_SURFACE('',#5714,1.8);
#95=CYLINDRICAL_SURFACE('',#5716,1.8);
#96=CYLINDRICAL_SURFACE('',#5718,1.8);
#97=CYLINDRICAL_SURFACE('',#5752,300.094227811022);
#98=CYLINDRICAL_SURFACE('',#5759,3.196);
#99=CYLINDRICAL_SURFACE('',#5762,3.);
#100=CYLINDRICAL_SURFACE('',#5763,7.);
#101=CYLINDRICAL_SURFACE('',#5765,7.);
#102=CYLINDRICAL_SURFACE('',#5766,3.);
#103=CYLINDRICAL_SURFACE('',#5771,2.);
#104=CYLINDRICAL_SURFACE('',#5777,8.00000000000001);
#105=CYLINDRICAL_SURFACE('',#5778,8.00000000000001);
#106=CYLINDRICAL_SURFACE('',#5781,31.);
#107=CYLINDRICAL_SURFACE('',#5782,15.);
#108=CYLINDRICAL_SURFACE('',#5787,2.34999999999999);
#109=CYLINDRICAL_SURFACE('',#5791,2.34999999999999);
#110=CYLINDRICAL_SURFACE('',#5797,1.8);
#111=CYLINDRICAL_SURFACE('',#5800,1.8);
#112=CYLINDRICAL_SURFACE('',#5809,17.);
#113=CYLINDRICAL_SURFACE('',#5814,17.);
#114=FACE_BOUND('',#819,.T.);
#115=FACE_BOUND('',#820,.T.);
#116=FACE_BOUND('',#821,.T.);
#117=FACE_BOUND('',#822,.T.);
#118=FACE_BOUND('',#823,.T.);
#119=FACE_BOUND('',#860,.T.);
#120=FACE_BOUND('',#861,.T.);
#121=FACE_BOUND('',#867,.T.);
#122=FACE_BOUND('',#868,.T.);
#123=FACE_BOUND('',#869,.T.);
#124=FACE_BOUND('',#887,.T.);
#125=FACE_BOUND('',#888,.T.);
#126=FACE_BOUND('',#928,.T.);
#127=FACE_BOUND('',#929,.T.);
#128=FACE_BOUND('',#930,.T.);
#129=FACE_BOUND('',#931,.T.);
#130=FACE_BOUND('',#936,.T.);
#131=FACE_BOUND('',#946,.T.);
#132=FACE_BOUND('',#950,.T.);
#133=FACE_BOUND('',#995,.T.);
#134=FACE_BOUND('',#996,.T.);
#135=FACE_BOUND('',#1002,.T.);
#136=FACE_BOUND('',#1003,.T.);
#137=FACE_BOUND('',#1021,.T.);
#138=FACE_BOUND('',#1022,.T.);
#139=FACE_BOUND('',#1038,.T.);
#140=FACE_BOUND('',#1045,.T.);
#141=FACE_BOUND('',#1053,.T.);
#142=FACE_BOUND('',#1061,.T.);
#143=FACE_BOUND('',#1069,.T.);
#144=FACE_BOUND('',#1122,.T.);
#145=FACE_BOUND('',#1123,.T.);
#146=FACE_BOUND('',#1125,.T.);
#147=FACE_BOUND('',#1126,.T.);
#148=FACE_BOUND('',#1131,.T.);
#149=FACE_BOUND('',#1132,.T.);
#150=FACE_BOUND('',#1137,.T.);
#151=FACE_BOUND('',#1138,.T.);
#152=FACE_BOUND('',#1139,.T.);
#153=FACE_BOUND('',#1140,.T.);
#154=FACE_BOUND('',#1141,.T.);
#155=FACE_BOUND('',#1142,.T.);
#156=FACE_BOUND('',#1143,.T.);
#157=FACE_BOUND('',#1144,.T.);
#158=FACE_BOUND('',#1145,.T.);
#159=FACE_BOUND('',#1146,.T.);
#160=FACE_BOUND('',#1147,.T.);
#161=FACE_BOUND('',#1152,.T.);
#162=FACE_BOUND('',#1153,.T.);
#163=FACE_BOUND('',#1154,.T.);
#164=FACE_BOUND('',#1155,.T.);
#165=CONICAL_SURFACE('',#5415,2.99999999999999,0.785398163397426);
#166=CONICAL_SURFACE('',#5461,3.72499999999997,0.785398163397465);
#167=CONICAL_SURFACE('',#5465,3.72500000000004,0.785398163397465);
#168=CONICAL_SURFACE('',#5471,3.72499999999997,0.785398163397465);
#169=CONICAL_SURFACE('',#5493,3.00000000000004,0.785398163397464);
#170=CONICAL_SURFACE('',#5496,2.99999999999997,0.785398163397463);
#171=CONICAL_SURFACE('',#5506,2.99999999999997,0.785398163397463);
#172=CONICAL_SURFACE('',#5521,3.,0.785398163397443);
#173=CONICAL_SURFACE('',#5526,2.99999999999999,0.785398163397427);
#174=CONICAL_SURFACE('',#5530,2.99999999999999,0.785398163397426);
#175=CONICAL_SURFACE('',#5534,2.99999999999999,0.785398163397427);
#176=CONICAL_SURFACE('',#5544,3.725,0.78539816339744);
#177=CONICAL_SURFACE('',#5545,3.725,0.785398163397445);
#178=CONICAL_SURFACE('',#5546,3.725,0.78539816339744);
#179=CONICAL_SURFACE('',#5603,2.55,0.785398163397475);
#180=CONICAL_SURFACE('',#5612,2.55,0.785398163397475);
#181=CONICAL_SURFACE('',#5748,290.094227811022,0.588002603547568);
#182=CONICAL_SURFACE('',#5756,290.094227811022,0.588002603547568);
#183=CONICAL_SURFACE('',#5789,2.65000000000001,0.785398163397463);
#184=CONICAL_SURFACE('',#5793,2.65000000000001,0.785398163397471);
#185=PLANE('',#5403);
#186=PLANE('',#5404);
#187=PLANE('',#5405);
#188=PLANE('',#5406);
#189=PLANE('',#5407);
#190=PLANE('',#5408);
#191=PLANE('',#5409);
#192=PLANE('',#5410);
#193=PLANE('',#5418);
#194=PLANE('',#5428);
#195=PLANE('',#5432);
#196=PLANE('',#5435);
#197=PLANE('',#5438);
#198=PLANE('',#5441);
#199=PLANE('',#5443);
#200=PLANE('',#5448);
#201=PLANE('',#5452);
#202=PLANE('',#5456);
#203=PLANE('',#5460);
#204=PLANE('',#5473);
#205=PLANE('',#5474);
#206=PLANE('',#5491);
#207=PLANE('',#5492);
#208=PLANE('',#5499);
#209=PLANE('',#5501);
#210=PLANE('',#5502);
#211=PLANE('',#5503);
#212=PLANE('',#5504);
#213=PLANE('',#5505);
#214=PLANE('',#5508);
#215=PLANE('',#5509);
#216=PLANE('',#5510);
#217=PLANE('',#5511);
#218=PLANE('',#5512);
#219=PLANE('',#5513);
#220=PLANE('',#5514);
#221=PLANE('',#5518);
#222=PLANE('',#5547);
#223=PLANE('',#5548);
#224=PLANE('',#5550);
#225=PLANE('',#5562);
#226=PLANE('',#5567);
#227=PLANE('',#5572);
#228=PLANE('',#5584);
#229=PLANE('',#5592);
#230=PLANE('',#5593);
#231=PLANE('',#5598);
#232=PLANE('',#5601);
#233=PLANE('',#5614);
#234=PLANE('',#5615);
#235=PLANE('',#5616);
#236=PLANE('',#5627);
#237=PLANE('',#5629);
#238=PLANE('',#5630);
#239=PLANE('',#5633);
#240=PLANE('',#5634);
#241=PLANE('',#5638);
#242=PLANE('',#5639);
#243=PLANE('',#5640);
#244=PLANE('',#5644);
#245=PLANE('',#5648);
#246=PLANE('',#5649);
#247=PLANE('',#5665);
#248=PLANE('',#5666);
#249=PLANE('',#5667);
#250=PLANE('',#5668);
#251=PLANE('',#5672);
#252=PLANE('',#5673);
#253=PLANE('',#5674);
#254=PLANE('',#5675);
#255=PLANE('',#5678);
#256=PLANE('',#5684);
#257=PLANE('',#5688);
#258=PLANE('',#5690);
#259=PLANE('',#5693);
#260=PLANE('',#5694);
#261=PLANE('',#5695);
#262=PLANE('',#5698);
#263=PLANE('',#5700);
#264=PLANE('',#5702);
#265=PLANE('',#5703);
#266=PLANE('',#5704);
#267=PLANE('',#5705);
#268=PLANE('',#5707);
#269=PLANE('',#5710);
#270=PLANE('',#5711);
#271=PLANE('',#5720);
#272=PLANE('',#5721);
#273=PLANE('',#5722);
#274=PLANE('',#5723);
#275=PLANE('',#5724);
#276=PLANE('',#5725);
#277=PLANE('',#5726);
#278=PLANE('',#5727);
#279=PLANE('',#5728);
#280=PLANE('',#5729);
#281=PLANE('',#5730);
#282=PLANE('',#5731);
#283=PLANE('',#5732);
#284=PLANE('',#5733);
#285=PLANE('',#5734);
#286=PLANE('',#5735);
#287=PLANE('',#5736);
#288=PLANE('',#5737);
#289=PLANE('',#5738);
#290=PLANE('',#5739);
#291=PLANE('',#5740);
#292=PLANE('',#5741);
#293=PLANE('',#5742);
#294=PLANE('',#5743);
#295=PLANE('',#5744);
#296=PLANE('',#5745);
#297=PLANE('',#5746);
#298=PLANE('',#5747);
#299=PLANE('',#5764);
#300=PLANE('',#5767);
#301=PLANE('',#5772);
#302=PLANE('',#5773);
#303=PLANE('',#5774);
#304=PLANE('',#5775);
#305=PLANE('',#5779);
#306=PLANE('',#5780);
#307=PLANE('',#5783);
#308=PLANE('',#5785);
#309=PLANE('',#5795);
#310=PLANE('',#5798);
#311=PLANE('',#5801);
#312=PLANE('',#5803);
#313=PLANE('',#5805);
#314=PLANE('',#5806);
#315=PLANE('',#5807);
#316=PLANE('',#5808);
#317=PLANE('',#5811);
#318=PLANE('',#5812);
#319=PLANE('',#5813);
#320=PLANE('',#5816);
#321=PLANE('',#5817);
#322=PLANE('',#5818);
#323=CIRCLE('',#5400,15.0000000000002);
#324=CIRCLE('',#5401,8.00000000000001);
#325=CIRCLE('',#5402,31.0000000000001);
#326=CIRCLE('',#5412,31.0000000000001);
#327=CIRCLE('',#5413,8.00000000000001);
#328=CIRCLE('',#5414,15.0000000000002);
#329=CIRCLE('',#5416,3.29999999999998);
#330=CIRCLE('',#5417,2.7);
#331=CIRCLE('',#5419,3.3);
#332=CIRCLE('',#5420,3.29999999999998);
#333=CIRCLE('',#5421,3.29999999999998);
#334=CIRCLE('',#5422,3.29999999999998);
#335=CIRCLE('',#5424,2.7);
#336=CIRCLE('',#5426,2.29999999999997);
#337=CIRCLE('',#5427,2.29999999999997);
#338=CIRCLE('',#5430,2.29999999999997);
#339=CIRCLE('',#5431,2.29999999999997);
#340=CIRCLE('',#5433,608.327615964881);
#341=CIRCLE('',#5434,608.327615964881);
#342=CIRCLE('',#5436,783.488652607368);
#343=CIRCLE('',#5437,783.488652607368);
#344=CIRCLE('',#5439,783.488652607368);
#345=CIRCLE('',#5440,783.488652607368);
#346=CIRCLE('',#5447,1.85);
#347=CIRCLE('',#5451,1.85);
#348=CIRCLE('',#5455,1.85);
#349=CIRCLE('',#5459,1.85);
#350=CIRCLE('',#5462,2.69999999999996);
#351=CIRCLE('',#5463,4.75000000000001);
#352=CIRCLE('',#5466,2.70000000000003);
#353=CIRCLE('',#5467,4.75000000000001);
#354=CIRCLE('',#5470,4.75000000000001);
#355=CIRCLE('',#5472,2.69999999999996);
#356=CIRCLE('',#5475,783.488652607368);
#357=CIRCLE('',#5476,783.488652607368);
#358=CIRCLE('',#5477,20.0315973926379);
#359=CIRCLE('',#5478,60.031597392638);
#360=CIRCLE('',#5481,60.031597392638);
#361=CIRCLE('',#5482,20.0315973926379);
#362=CIRCLE('',#5483,4.5);
#363=CIRCLE('',#5484,789.488652607368);
#364=CIRCLE('',#5485,14.0315973926378);
#365=CIRCLE('',#5486,4.5);
#366=CIRCLE('',#5487,4.5);
#367=CIRCLE('',#5488,14.0315973926377);
#368=CIRCLE('',#5489,789.488652607367);
#369=CIRCLE('',#5490,4.5);
#370=CIRCLE('',#5494,3.30000000000005);
#371=CIRCLE('',#5495,2.70000000000003);
#372=CIRCLE('',#5497,3.29999999999998);
#373=CIRCLE('',#5498,2.69999999999996);
#374=CIRCLE('',#5500,3.29999999999998);
#375=CIRCLE('',#5507,2.69999999999996);
#376=CIRCLE('',#5519,1.8);
#377=CIRCLE('',#5520,1.8);
#378=CIRCLE('',#5522,2.7);
#379=CIRCLE('',#5523,2.7);
#380=CIRCLE('',#5525,2.7);
#381=CIRCLE('',#5527,2.7);
#382=CIRCLE('',#5531,2.7);
#383=CIRCLE('',#5533,2.7);
#384=CIRCLE('',#5535,2.7);
#385=CIRCLE('',#5539,4.74999999999998);
#386=CIRCLE('',#5541,4.75000000000001);
#387=CIRCLE('',#5543,4.75000000000001);
#388=CIRCLE('',#5549,2.3);
#389=CIRCLE('',#5551,2.3);
#390=CIRCLE('',#5553,1.99999999999999);
#391=CIRCLE('',#5554,8.00000000000001);
#392=CIRCLE('',#5555,2.);
#393=CIRCLE('',#5556,10.);
#394=CIRCLE('',#5558,8.00000000000001);
#395=CIRCLE('',#5559,25.);
#396=CIRCLE('',#5560,8.00000000000001);
#397=CIRCLE('',#5561,25.);
#398=CIRCLE('',#5563,25.);
#399=CIRCLE('',#5565,7.99999999999997);
#400=CIRCLE('',#5566,7.99999999999997);
#401=CIRCLE('',#5568,25.);
#402=CIRCLE('',#5571,2.00000000000003);
#403=CIRCLE('',#5573,7.);
#404=CIRCLE('',#5575,7.);
#405=CIRCLE('',#5578,7.);
#406=CIRCLE('',#5580,7.);
#407=CIRCLE('',#5587,3.00000000000004);
#408=CIRCLE('',#5588,3.);
#409=CIRCLE('',#5590,3.);
#410=CIRCLE('',#5591,3.00000000000001);
#411=CIRCLE('',#5594,1.8);
#412=CIRCLE('',#5595,1.8);
#413=CIRCLE('',#5596,1.8);
#414=CIRCLE('',#5597,1.8);
#415=CIRCLE('',#5599,62.0191452619811);
#416=CIRCLE('',#5600,59.5418842575174);
#417=CIRCLE('',#5602,2.8);
#418=CIRCLE('',#5604,2.3);
#419=CIRCLE('',#5606,62.0191452619811);
#420=CIRCLE('',#5607,59.5418842575174);
#421=CIRCLE('',#5608,56.723898769897);
#422=CIRCLE('',#5609,56.723898769897);
#423=CIRCLE('',#5611,2.3);
#424=CIRCLE('',#5613,2.8);
#425=CIRCLE('',#5617,4.5);
#426=CIRCLE('',#5618,789.488652607367);
#427=CIRCLE('',#5619,14.0315973926377);
#428=CIRCLE('',#5620,4.5);
#429=CIRCLE('',#5621,8.0315973926379);
#430=CIRCLE('',#5622,795.488652607367);
#431=CIRCLE('',#5623,3.);
#432=CIRCLE('',#5624,3.);
#433=CIRCLE('',#5626,22.5);
#434=CIRCLE('',#5628,801.488652607368);
#435=CIRCLE('',#5632,801.488652607368);
#436=CIRCLE('',#5636,801.488652607368);
#437=CIRCLE('',#5637,801.488652607368);
#438=CIRCLE('',#5642,3.);
#439=CIRCLE('',#5643,3.);
#440=CIRCLE('',#5646,3.);
#441=CIRCLE('',#5647,3.);
#442=CIRCLE('',#5651,4.5);
#443=CIRCLE('',#5653,8.03159739263787);
#444=CIRCLE('',#5654,8.03159739263787);
#445=CIRCLE('',#5656,795.488652607367);
#446=CIRCLE('',#5657,795.488652607367);
#447=CIRCLE('',#5659,789.488652607368);
#448=CIRCLE('',#5661,14.0315973926378);
#449=CIRCLE('',#5663,801.488652607367);
#450=CIRCLE('',#5664,801.488652607367);
#451=CIRCLE('',#5670,801.488652607367);
#452=CIRCLE('',#5671,801.488652607367);
#453=CIRCLE('',#5677,3.);
#454=CIRCLE('',#5680,3.);
#455=CIRCLE('',#5682,795.488652607367);
#456=CIRCLE('',#5686,8.0315973926379);
#457=CIRCLE('',#5691,22.5);
#458=CIRCLE('',#5692,22.5000000000001);
#459=CIRCLE('',#5699,280.094227811022);
#460=CIRCLE('',#5701,280.094227811022);
#461=CIRCLE('',#5706,22.5000000000001);
#462=CIRCLE('',#5709,4.5);
#463=CIRCLE('',#5713,1.8);
#464=CIRCLE('',#5715,1.8);
#465=CIRCLE('',#5717,1.8);
#466=CIRCLE('',#5719,1.8);
#467=CIRCLE('',#5749,292.11661679207);
#468=CIRCLE('',#5751,300.094227811022);
#469=CIRCLE('',#5753,300.094227811022);
#470=CIRCLE('',#5755,292.11661679207);
#471=CIRCLE('',#5757,3.196);
#472=CIRCLE('',#5758,3.19600000000008);
#473=CIRCLE('',#5760,3.19599999999998);
#474=CIRCLE('',#5761,3.19600000000003);
#475=CIRCLE('',#5768,9.99999999999997);
#476=CIRCLE('',#5770,1.99999999999998);
#477=CIRCLE('',#5784,2.34999999999999);
#478=CIRCLE('',#5786,2.34999999999999);
#479=CIRCLE('',#5788,2.34999999999999);
#480=CIRCLE('',#5790,2.95000000000002);
#481=CIRCLE('',#5792,2.34999999999999);
#482=CIRCLE('',#5794,2.95000000000002);
#483=CIRCLE('',#5796,1.8);
#484=CIRCLE('',#5799,1.8);
#485=CIRCLE('',#5802,17.);
#486=CIRCLE('',#5804,17.);
#487=CIRCLE('',#5810,17.);
#488=CIRCLE('',#5815,17.);
#489=TOROIDAL_SURFACE('',#5399,23.,8.00000000000001);
#490=TOROIDAL_SURFACE('',#5411,23.,8.00000000000001);
#491=TOROIDAL_SURFACE('',#5552,10.,2.);
#492=TOROIDAL_SURFACE('',#5557,25.,8.00000000000001);
#493=TOROIDAL_SURFACE('',#5750,252.594227811022,47.5);
#494=TOROIDAL_SURFACE('',#5754,252.594227811022,47.5);
#495=TOROIDAL_SURFACE('',#5769,9.99999999999997,2.);
#496=TOROIDAL_SURFACE('',#5776,25.,7.99999999999997);
#497=FACE_OUTER_BOUND('',#801,.T.);
#498=FACE_OUTER_BOUND('',#802,.T.);
#499=FACE_OUTER_BOUND('',#803,.T.);
#500=FACE_OUTER_BOUND('',#804,.T.);
#501=FACE_OUTER_BOUND('',#805,.T.);
#502=FACE_OUTER_BOUND('',#806,.T.);
#503=FACE_OUTER_BOUND('',#807,.T.);
#504=FACE_OUTER_BOUND('',#808,.T.);
#505=FACE_OUTER_BOUND('',#809,.T.);
#506=FACE_OUTER_BOUND('',#810,.T.);
#507=FACE_OUTER_BOUND('',#811,.T.);
#508=FACE_OUTER_BOUND('',#812,.T.);
#509=FACE_OUTER_BOUND('',#813,.T.);
#510=FACE_OUTER_BOUND('',#814,.T.);
#511=FACE_OUTER_BOUND('',#815,.T.);
#512=FACE_OUTER_BOUND('',#816,.T.);
#513=FACE_OUTER_BOUND('',#817,.T.);
#514=FACE_OUTER_BOUND('',#818,.T.);
#515=FACE_OUTER_BOUND('',#824,.T.);
#516=FACE_OUTER_BOUND('',#825,.T.);
#517=FACE_OUTER_BOUND('',#826,.T.);
#518=FACE_OUTER_BOUND('',#827,.T.);
#519=FACE_OUTER_BOUND('',#828,.T.);
#520=FACE_OUTER_BOUND('',#829,.T.);
#521=FACE_OUTER_BOUND('',#830,.T.);
#522=FACE_OUTER_BOUND('',#831,.T.);
#523=FACE_OUTER_BOUND('',#832,.T.);
#524=FACE_OUTER_BOUND('',#833,.T.);
#525=FACE_OUTER_BOUND('',#834,.T.);
#526=FACE_OUTER_BOUND('',#835,.T.);
#527=FACE_OUTER_BOUND('',#836,.T.);
#528=FACE_OUTER_BOUND('',#837,.T.);
#529=FACE_OUTER_BOUND('',#838,.T.);
#530=FACE_OUTER_BOUND('',#839,.T.);
#531=FACE_OUTER_BOUND('',#840,.T.);
#532=FACE_OUTER_BOUND('',#841,.T.);
#533=FACE_OUTER_BOUND('',#842,.T.);
#534=FACE_OUTER_BOUND('',#843,.T.);
#535=FACE_OUTER_BOUND('',#844,.T.);
#536=FACE_OUTER_BOUND('',#845,.T.);
#537=FACE_OUTER_BOUND('',#846,.T.);
#538=FACE_OUTER_BOUND('',#847,.T.);
#539=FACE_OUTER_BOUND('',#848,.T.);
#540=FACE_OUTER_BOUND('',#849,.T.);
#541=FACE_OUTER_BOUND('',#850,.T.);
#542=FACE_OUTER_BOUND('',#851,.T.);
#543=FACE_OUTER_BOUND('',#852,.T.);
#544=FACE_OUTER_BOUND('',#853,.T.);
#545=FACE_OUTER_BOUND('',#854,.T.);
#546=FACE_OUTER_BOUND('',#855,.T.);
#547=FACE_OUTER_BOUND('',#856,.T.);
#548=FACE_OUTER_BOUND('',#857,.T.);
#549=FACE_OUTER_BOUND('',#858,.T.);
#550=FACE_OUTER_BOUND('',#859,.T.);
#551=FACE_OUTER_BOUND('',#862,.T.);
#552=FACE_OUTER_BOUND('',#863,.T.);
#553=FACE_OUTER_BOUND('',#864,.T.);
#554=FACE_OUTER_BOUND('',#865,.T.);
#555=FACE_OUTER_BOUND('',#866,.T.);
#556=FACE_OUTER_BOUND('',#870,.T.);
#557=FACE_OUTER_BOUND('',#871,.T.);
#558=FACE_OUTER_BOUND('',#872,.T.);
#559=FACE_OUTER_BOUND('',#873,.T.);
#560=FACE_OUTER_BOUND('',#874,.T.);
#561=FACE_OUTER_BOUND('',#875,.T.);
#562=FACE_OUTER_BOUND('',#876,.T.);
#563=FACE_OUTER_BOUND('',#877,.T.);
#564=FACE_OUTER_BOUND('',#878,.T.);
#565=FACE_OUTER_BOUND('',#879,.T.);
#566=FACE_OUTER_BOUND('',#880,.T.);
#567=FACE_OUTER_BOUND('',#881,.T.);
#568=FACE_OUTER_BOUND('',#882,.T.);
#569=FACE_OUTER_BOUND('',#883,.T.);
#570=FACE_OUTER_BOUND('',#884,.T.);
#571=FACE_OUTER_BOUND('',#885,.T.);
#572=FACE_OUTER_BOUND('',#886,.T.);
#573=FACE_OUTER_BOUND('',#889,.T.);
#574=FACE_OUTER_BOUND('',#890,.T.);
#575=FACE_OUTER_BOUND('',#891,.T.);
#576=FACE_OUTER_BOUND('',#892,.T.);
#577=FACE_OUTER_BOUND('',#893,.T.);
#578=FACE_OUTER_BOUND('',#894,.T.);
#579=FACE_OUTER_BOUND('',#895,.T.);
#580=FACE_OUTER_BOUND('',#896,.T.);
#581=FACE_OUTER_BOUND('',#897,.T.);
#582=FACE_OUTER_BOUND('',#898,.T.);
#583=FACE_OUTER_BOUND('',#899,.T.);
#584=FACE_OUTER_BOUND('',#900,.T.);
#585=FACE_OUTER_BOUND('',#901,.T.);
#586=FACE_OUTER_BOUND('',#902,.T.);
#587=FACE_OUTER_BOUND('',#903,.T.);
#588=FACE_OUTER_BOUND('',#904,.T.);
#589=FACE_OUTER_BOUND('',#905,.T.);
#590=FACE_OUTER_BOUND('',#906,.T.);
#591=FACE_OUTER_BOUND('',#907,.T.);
#592=FACE_OUTER_BOUND('',#908,.T.);
#593=FACE_OUTER_BOUND('',#909,.T.);
#594=FACE_OUTER_BOUND('',#910,.T.);
#595=FACE_OUTER_BOUND('',#911,.T.);
#596=FACE_OUTER_BOUND('',#912,.T.);
#597=FACE_OUTER_BOUND('',#913,.T.);
#598=FACE_OUTER_BOUND('',#914,.T.);
#599=FACE_OUTER_BOUND('',#915,.T.);
#600=FACE_OUTER_BOUND('',#916,.T.);
#601=FACE_OUTER_BOUND('',#917,.T.);
#602=FACE_OUTER_BOUND('',#918,.T.);
#603=FACE_OUTER_BOUND('',#919,.T.);
#604=FACE_OUTER_BOUND('',#920,.T.);
#605=FACE_OUTER_BOUND('',#921,.T.);
#606=FACE_OUTER_BOUND('',#922,.T.);
#607=FACE_OUTER_BOUND('',#923,.T.);
#608=FACE_OUTER_BOUND('',#924,.T.);
#609=FACE_OUTER_BOUND('',#925,.T.);
#610=FACE_OUTER_BOUND('',#926,.T.);
#611=FACE_OUTER_BOUND('',#927,.T.);
#612=FACE_OUTER_BOUND('',#932,.T.);
#613=FACE_OUTER_BOUND('',#933,.T.);
#614=FACE_OUTER_BOUND('',#934,.T.);
#615=FACE_OUTER_BOUND('',#935,.T.);
#616=FACE_OUTER_BOUND('',#937,.T.);
#617=FACE_OUTER_BOUND('',#938,.T.);
#618=FACE_OUTER_BOUND('',#939,.T.);
#619=FACE_OUTER_BOUND('',#940,.T.);
#620=FACE_OUTER_BOUND('',#941,.T.);
#621=FACE_OUTER_BOUND('',#942,.T.);
#622=FACE_OUTER_BOUND('',#943,.T.);
#623=FACE_OUTER_BOUND('',#944,.T.);
#624=FACE_OUTER_BOUND('',#945,.T.);
#625=FACE_OUTER_BOUND('',#947,.T.);
#626=FACE_OUTER_BOUND('',#948,.T.);
#627=FACE_OUTER_BOUND('',#949,.T.);
#628=FACE_OUTER_BOUND('',#951,.T.);
#629=FACE_OUTER_BOUND('',#952,.T.);
#630=FACE_OUTER_BOUND('',#953,.T.);
#631=FACE_OUTER_BOUND('',#954,.T.);
#632=FACE_OUTER_BOUND('',#955,.T.);
#633=FACE_OUTER_BOUND('',#956,.T.);
#634=FACE_OUTER_BOUND('',#957,.T.);
#635=FACE_OUTER_BOUND('',#958,.T.);
#636=FACE_OUTER_BOUND('',#959,.T.);
#637=FACE_OUTER_BOUND('',#960,.T.);
#638=FACE_OUTER_BOUND('',#961,.T.);
#639=FACE_OUTER_BOUND('',#962,.T.);
#640=FACE_OUTER_BOUND('',#963,.T.);
#641=FACE_OUTER_BOUND('',#964,.T.);
#642=FACE_OUTER_BOUND('',#965,.T.);
#643=FACE_OUTER_BOUND('',#966,.T.);
#644=FACE_OUTER_BOUND('',#967,.T.);
#645=FACE_OUTER_BOUND('',#968,.T.);
#646=FACE_OUTER_BOUND('',#969,.T.);
#647=FACE_OUTER_BOUND('',#970,.T.);
#648=FACE_OUTER_BOUND('',#971,.T.);
#649=FACE_OUTER_BOUND('',#972,.T.);
#650=FACE_OUTER_BOUND('',#973,.T.);
#651=FACE_OUTER_BOUND('',#974,.T.);
#652=FACE_OUTER_BOUND('',#975,.T.);
#653=FACE_OUTER_BOUND('',#976,.T.);
#654=FACE_OUTER_BOUND('',#977,.T.);
#655=FACE_OUTER_BOUND('',#978,.T.);
#656=FACE_OUTER_BOUND('',#979,.T.);
#657=FACE_OUTER_BOUND('',#980,.T.);
#658=FACE_OUTER_BOUND('',#981,.T.);
#659=FACE_OUTER_BOUND('',#982,.T.);
#660=FACE_OUTER_BOUND('',#983,.T.);
#661=FACE_OUTER_BOUND('',#984,.T.);
#662=FACE_OUTER_BOUND('',#985,.T.);
#663=FACE_OUTER_BOUND('',#986,.T.);
#664=FACE_OUTER_BOUND('',#987,.T.);
#665=FACE_OUTER_BOUND('',#988,.T.);
#666=FACE_OUTER_BOUND('',#989,.T.);
#667=FACE_OUTER_BOUND('',#990,.T.);
#668=FACE_OUTER_BOUND('',#991,.T.);
#669=FACE_OUTER_BOUND('',#992,.T.);
#670=FACE_OUTER_BOUND('',#993,.T.);
#671=FACE_OUTER_BOUND('',#994,.T.);
#672=FACE_OUTER_BOUND('',#997,.T.);
#673=FACE_OUTER_BOUND('',#998,.T.);
#674=FACE_OUTER_BOUND('',#999,.T.);
#675=FACE_OUTER_BOUND('',#1000,.T.);
#676=FACE_OUTER_BOUND('',#1001,.T.);
#677=FACE_OUTER_BOUND('',#1004,.T.);
#678=FACE_OUTER_BOUND('',#1005,.T.);
#679=FACE_OUTER_BOUND('',#1006,.T.);
#680=FACE_OUTER_BOUND('',#1007,.T.);
#681=FACE_OUTER_BOUND('',#1008,.T.);
#682=FACE_OUTER_BOUND('',#1009,.T.);
#683=FACE_OUTER_BOUND('',#1010,.T.);
#684=FACE_OUTER_BOUND('',#1011,.T.);
#685=FACE_OUTER_BOUND('',#1012,.T.);
#686=FACE_OUTER_BOUND('',#1013,.T.);
#687=FACE_OUTER_BOUND('',#1014,.T.);
#688=FACE_OUTER_BOUND('',#1015,.T.);
#689=FACE_OUTER_BOUND('',#1016,.T.);
#690=FACE_OUTER_BOUND('',#1017,.T.);
#691=FACE_OUTER_BOUND('',#1018,.T.);
#692=FACE_OUTER_BOUND('',#1019,.T.);
#693=FACE_OUTER_BOUND('',#1020,.T.);
#694=FACE_OUTER_BOUND('',#1023,.T.);
#695=FACE_OUTER_BOUND('',#1024,.T.);
#696=FACE_OUTER_BOUND('',#1025,.T.);
#697=FACE_OUTER_BOUND('',#1026,.T.);
#698=FACE_OUTER_BOUND('',#1027,.T.);
#699=FACE_OUTER_BOUND('',#1028,.T.);
#700=FACE_OUTER_BOUND('',#1029,.T.);
#701=FACE_OUTER_BOUND('',#1030,.T.);
#702=FACE_OUTER_BOUND('',#1031,.T.);
#703=FACE_OUTER_BOUND('',#1032,.T.);
#704=FACE_OUTER_BOUND('',#1033,.T.);
#705=FACE_OUTER_BOUND('',#1034,.T.);
#706=FACE_OUTER_BOUND('',#1035,.T.);
#707=FACE_OUTER_BOUND('',#1036,.T.);
#708=FACE_OUTER_BOUND('',#1037,.T.);
#709=FACE_OUTER_BOUND('',#1039,.T.);
#710=FACE_OUTER_BOUND('',#1040,.T.);
#711=FACE_OUTER_BOUND('',#1041,.T.);
#712=FACE_OUTER_BOUND('',#1042,.T.);
#713=FACE_OUTER_BOUND('',#1043,.T.);
#714=FACE_OUTER_BOUND('',#1044,.T.);
#715=FACE_OUTER_BOUND('',#1046,.T.);
#716=FACE_OUTER_BOUND('',#1047,.T.);
#717=FACE_OUTER_BOUND('',#1048,.T.);
#718=FACE_OUTER_BOUND('',#1049,.T.);
#719=FACE_OUTER_BOUND('',#1050,.T.);
#720=FACE_OUTER_BOUND('',#1051,.T.);
#721=FACE_OUTER_BOUND('',#1052,.T.);
#722=FACE_OUTER_BOUND('',#1054,.T.);
#723=FACE_OUTER_BOUND('',#1055,.T.);
#724=FACE_OUTER_BOUND('',#1056,.T.);
#725=FACE_OUTER_BOUND('',#1057,.T.);
#726=FACE_OUTER_BOUND('',#1058,.T.);
#727=FACE_OUTER_BOUND('',#1059,.T.);
#728=FACE_OUTER_BOUND('',#1060,.T.);
#729=FACE_OUTER_BOUND('',#1062,.T.);
#730=FACE_OUTER_BOUND('',#1063,.T.);
#731=FACE_OUTER_BOUND('',#1064,.T.);
#732=FACE_OUTER_BOUND('',#1065,.T.);
#733=FACE_OUTER_BOUND('',#1066,.T.);
#734=FACE_OUTER_BOUND('',#1067,.T.);
#735=FACE_OUTER_BOUND('',#1068,.T.);
#736=FACE_OUTER_BOUND('',#1070,.T.);
#737=FACE_OUTER_BOUND('',#1071,.T.);
#738=FACE_OUTER_BOUND('',#1072,.T.);
#739=FACE_OUTER_BOUND('',#1073,.T.);
#740=FACE_OUTER_BOUND('',#1074,.T.);
#741=FACE_OUTER_BOUND('',#1075,.T.);
#742=FACE_OUTER_BOUND('',#1076,.T.);
#743=FACE_OUTER_BOUND('',#1077,.T.);
#744=FACE_OUTER_BOUND('',#1078,.T.);
#745=FACE_OUTER_BOUND('',#1079,.T.);
#746=FACE_OUTER_BOUND('',#1080,.T.);
#747=FACE_OUTER_BOUND('',#1081,.T.);
#748=FACE_OUTER_BOUND('',#1082,.T.);
#749=FACE_OUTER_BOUND('',#1083,.T.);
#750=FACE_OUTER_BOUND('',#1084,.T.);
#751=FACE_OUTER_BOUND('',#1085,.T.);
#752=FACE_OUTER_BOUND('',#1086,.T.);
#753=FACE_OUTER_BOUND('',#1087,.T.);
#754=FACE_OUTER_BOUND('',#1088,.T.);
#755=FACE_OUTER_BOUND('',#1089,.T.);
#756=FACE_OUTER_BOUND('',#1090,.T.);
#757=FACE_OUTER_BOUND('',#1091,.T.);
#758=FACE_OUTER_BOUND('',#1092,.T.);
#759=FACE_OUTER_BOUND('',#1093,.T.);
#760=FACE_OUTER_BOUND('',#1094,.T.);
#761=FACE_OUTER_BOUND('',#1095,.T.);
#762=FACE_OUTER_BOUND('',#1096,.T.);
#763=FACE_OUTER_BOUND('',#1097,.T.);
#764=FACE_OUTER_BOUND('',#1098,.T.);
#765=FACE_OUTER_BOUND('',#1099,.T.);
#766=FACE_OUTER_BOUND('',#1100,.T.);
#767=FACE_OUTER_BOUND('',#1101,.T.);
#768=FACE_OUTER_BOUND('',#1102,.T.);
#769=FACE_OUTER_BOUND('',#1103,.T.);
#770=FACE_OUTER_BOUND('',#1104,.T.);
#771=FACE_OUTER_BOUND('',#1105,.T.);
#772=FACE_OUTER_BOUND('',#1106,.T.);
#773=FACE_OUTER_BOUND('',#1107,.T.);
#774=FACE_OUTER_BOUND('',#1108,.T.);
#775=FACE_OUTER_BOUND('',#1109,.T.);
#776=FACE_OUTER_BOUND('',#1110,.T.);
#777=FACE_OUTER_BOUND('',#1111,.T.);
#778=FACE_OUTER_BOUND('',#1112,.T.);
#779=FACE_OUTER_BOUND('',#1113,.T.);
#780=FACE_OUTER_BOUND('',#1114,.T.);
#781=FACE_OUTER_BOUND('',#1115,.T.);
#782=FACE_OUTER_BOUND('',#1116,.T.);
#783=FACE_OUTER_BOUND('',#1117,.T.);
#784=FACE_OUTER_BOUND('',#1118,.T.);
#785=FACE_OUTER_BOUND('',#1119,.T.);
#786=FACE_OUTER_BOUND('',#1120,.T.);
#787=FACE_OUTER_BOUND('',#1121,.T.);
#788=FACE_OUTER_BOUND('',#1124,.T.);
#789=FACE_OUTER_BOUND('',#1127,.T.);
#790=FACE_OUTER_BOUND('',#1128,.T.);
#791=FACE_OUTER_BOUND('',#1129,.T.);
#792=FACE_OUTER_BOUND('',#1130,.T.);
#793=FACE_OUTER_BOUND('',#1133,.T.);
#794=FACE_OUTER_BOUND('',#1134,.T.);
#795=FACE_OUTER_BOUND('',#1135,.T.);
#796=FACE_OUTER_BOUND('',#1136,.T.);
#797=FACE_OUTER_BOUND('',#1148,.T.);
#798=FACE_OUTER_BOUND('',#1149,.T.);
#799=FACE_OUTER_BOUND('',#1150,.T.);
#800=FACE_OUTER_BOUND('',#1151,.T.);
#801=EDGE_LOOP('',(#3460,#3461,#3462));
#802=EDGE_LOOP('',(#3463,#3464,#3465));
#803=EDGE_LOOP('',(#3466,#3467,#3468,#3469,#3470,#3471,#3472,#3473,#3474,
#3475));
#804=EDGE_LOOP('',(#3476,#3477,#3478));
#805=EDGE_LOOP('',(#3479,#3480,#3481));
#806=EDGE_LOOP('',(#3482,#3483,#3484,#3485,#3486));
#807=EDGE_LOOP('',(#3487,#3488,#3489,#3490));
#808=EDGE_LOOP('',(#3491,#3492,#3493,#3494));
#809=EDGE_LOOP('',(#3495,#3496,#3497));
#810=EDGE_LOOP('',(#3498,#3499,#3500,#3501,#3502));
#811=EDGE_LOOP('',(#3503,#3504,#3505,#3506));
#812=EDGE_LOOP('',(#3507,#3508,#3509));
#813=EDGE_LOOP('',(#3510,#3511,#3512,#3513));
#814=EDGE_LOOP('',(#3514,#3515,#3516,#3517,#3518,#3519));
#815=EDGE_LOOP('',(#3520,#3521,#3522,#3523,#3524,#3525,#3526,#3527,#3528,
#3529,#3530,#3531,#3532,#3533,#3534,#3535,#3536,#3537,#3538));
#816=EDGE_LOOP('',(#3539,#3540,#3541,#3542,#3543,#3544,#3545));
#817=EDGE_LOOP('',(#3546,#3547,#3548,#3549));
#818=EDGE_LOOP('',(#3550,#3551,#3552,#3553,#3554,#3555,#3556,#3557,#3558,
#3559,#3560,#3561));
#819=EDGE_LOOP('',(#3562));
#820=EDGE_LOOP('',(#3563));
#821=EDGE_LOOP('',(#3564));
#822=EDGE_LOOP('',(#3565));
#823=EDGE_LOOP('',(#3566));
#824=EDGE_LOOP('',(#3567,#3568,#3569,#3570));
#825=EDGE_LOOP('',(#3571,#3572,#3573,#3574));
#826=EDGE_LOOP('',(#3575));
#827=EDGE_LOOP('',(#3576,#3577,#3578,#3579));
#828=EDGE_LOOP('',(#3580));
#829=EDGE_LOOP('',(#3581,#3582,#3583,#3584,#3585,#3586));
#830=EDGE_LOOP('',(#3587,#3588,#3589,#3590,#3591,#3592,#3593,#3594,#3595));
#831=EDGE_LOOP('',(#3596,#3597,#3598,#3599,#3600,#3601));
#832=EDGE_LOOP('',(#3602,#3603,#3604,#3605));
#833=EDGE_LOOP('',(#3606,#3607,#3608,#3609,#3610,#3611));
#834=EDGE_LOOP('',(#3612,#3613,#3614,#3615,#3616,#3617));
#835=EDGE_LOOP('',(#3618,#3619,#3620,#3621,#3622,#3623));
#836=EDGE_LOOP('',(#3624,#3625,#3626,#3627,#3628,#3629));
#837=EDGE_LOOP('',(#3630,#3631,#3632,#3633));
#838=EDGE_LOOP('',(#3634,#3635,#3636,#3637,#3638,#3639));
#839=EDGE_LOOP('',(#3640,#3641,#3642,#3643,#3644,#3645));
#840=EDGE_LOOP('',(#3646,#3647,#3648,#3649,#3650,#3651));
#841=EDGE_LOOP('',(#3652,#3653,#3654,#3655));
#842=EDGE_LOOP('',(#3656));
#843=EDGE_LOOP('',(#3657,#3658,#3659,#3660));
#844=EDGE_LOOP('',(#3661));
#845=EDGE_LOOP('',(#3662,#3663,#3664,#3665));
#846=EDGE_LOOP('',(#3666));
#847=EDGE_LOOP('',(#3667,#3668,#3669,#3670));
#848=EDGE_LOOP('',(#3671));
#849=EDGE_LOOP('',(#3672,#3673,#3674,#3675));
#850=EDGE_LOOP('',(#3676,#3677,#3678,#3679,#3680,#3681));
#851=EDGE_LOOP('',(#3682,#3683,#3684,#3685,#3686,#3687,#3688,#3689));
#852=EDGE_LOOP('',(#3690,#3691,#3692,#3693));
#853=EDGE_LOOP('',(#3694,#3695,#3696,#3697,#3698,#3699));
#854=EDGE_LOOP('',(#3700,#3701,#3702,#3703,#3704,#3705,#3706,#3707));
#855=EDGE_LOOP('',(#3708,#3709,#3710,#3711,#3712,#3713,#3714,#3715));
#856=EDGE_LOOP('',(#3716,#3717,#3718,#3719,#3720,#3721));
#857=EDGE_LOOP('',(#3722,#3723,#3724,#3725));
#858=EDGE_LOOP('',(#3726,#3727,#3728,#3729,#3730,#3731,#3732,#3733));
#859=EDGE_LOOP('',(#3734,#3735,#3736,#3737,#3738,#3739,#3740,#3741,#3742,
#3743,#3744,#3745,#3746,#3747,#3748,#3749,#3750,#3751,#3752,#3753,#3754,
#3755,#3756,#3757,#3758,#3759,#3760,#3761,#3762,#3763,#3764,#3765,#3766,
#3767));
#860=EDGE_LOOP('',(#3768,#3769,#3770,#3771,#3772,#3773));
#861=EDGE_LOOP('',(#3774,#3775,#3776,#3777,#3778,#3779));
#862=EDGE_LOOP('',(#3780,#3781,#3782,#3783,#3784,#3785,#3786));
#863=EDGE_LOOP('',(#3787,#3788,#3789,#3790));
#864=EDGE_LOOP('',(#3791,#3792,#3793,#3794));
#865=EDGE_LOOP('',(#3795,#3796,#3797,#3798));
#866=EDGE_LOOP('',(#3799,#3800,#3801,#3802,#3803,#3804));
#867=EDGE_LOOP('',(#3805));
#868=EDGE_LOOP('',(#3806));
#869=EDGE_LOOP('',(#3807));
#870=EDGE_LOOP('',(#3808,#3809,#3810,#3811));
#871=EDGE_LOOP('',(#3812,#3813,#3814,#3815));
#872=EDGE_LOOP('',(#3816,#3817,#3818,#3819));
#873=EDGE_LOOP('',(#3820,#3821,#3822,#3823));
#874=EDGE_LOOP('',(#3824,#3825,#3826));
#875=EDGE_LOOP('',(#3827,#3828,#3829,#3830));
#876=EDGE_LOOP('',(#3831,#3832,#3833));
#877=EDGE_LOOP('',(#3834,#3835,#3836,#3837));
#878=EDGE_LOOP('',(#3838,#3839,#3840,#3841));
#879=EDGE_LOOP('',(#3842,#3843,#3844,#3845));
#880=EDGE_LOOP('',(#3846,#3847,#3848,#3849));
#881=EDGE_LOOP('',(#3850,#3851,#3852,#3853));
#882=EDGE_LOOP('',(#3854,#3855,#3856,#3857,#3858,#3859,#3860,#3861,#3862));
#883=EDGE_LOOP('',(#3863,#3864,#3865,#3866));
#884=EDGE_LOOP('',(#3867,#3868,#3869,#3870));
#885=EDGE_LOOP('',(#3871,#3872,#3873,#3874));
#886=EDGE_LOOP('',(#3875,#3876,#3877,#3878,#3879,#3880,#3881,#3882,#3883,
#3884));
#887=EDGE_LOOP('',(#3885));
#888=EDGE_LOOP('',(#3886));
#889=EDGE_LOOP('',(#3887,#3888,#3889,#3890,#3891));
#890=EDGE_LOOP('',(#3892,#3893,#3894,#3895,#3896));
#891=EDGE_LOOP('',(#3897,#3898,#3899,#3900));
#892=EDGE_LOOP('',(#3901,#3902,#3903,#3904));
#893=EDGE_LOOP('',(#3905,#3906,#3907,#3908));
#894=EDGE_LOOP('',(#3909,#3910,#3911,#3912));
#895=EDGE_LOOP('',(#3913,#3914,#3915,#3916));
#896=EDGE_LOOP('',(#3917,#3918,#3919,#3920));
#897=EDGE_LOOP('',(#3921,#3922,#3923,#3924));
#898=EDGE_LOOP('',(#3925,#3926,#3927,#3928));
#899=EDGE_LOOP('',(#3929,#3930,#3931,#3932));
#900=EDGE_LOOP('',(#3933,#3934,#3935,#3936));
#901=EDGE_LOOP('',(#3937,#3938,#3939,#3940));
#902=EDGE_LOOP('',(#3941,#3942,#3943,#3944));
#903=EDGE_LOOP('',(#3945,#3946,#3947,#3948));
#904=EDGE_LOOP('',(#3949,#3950,#3951,#3952));
#905=EDGE_LOOP('',(#3953,#3954,#3955,#3956));
#906=EDGE_LOOP('',(#3957,#3958,#3959,#3960));
#907=EDGE_LOOP('',(#3961));
#908=EDGE_LOOP('',(#3962));
#909=EDGE_LOOP('',(#3963,#3964,#3965,#3966,#3967,#3968,#3969));
#910=EDGE_LOOP('',(#3970,#3971,#3972,#3973));
#911=EDGE_LOOP('',(#3974,#3975,#3976,#3977,#3978,#3979,#3980,#3981));
#912=EDGE_LOOP('',(#3982,#3983,#3984,#3985));
#913=EDGE_LOOP('',(#3986,#3987,#3988,#3989,#3990,#3991,#3992,#3993));
#914=EDGE_LOOP('',(#3994,#3995,#3996,#3997));
#915=EDGE_LOOP('',(#3998,#3999,#4000,#4001));
#916=EDGE_LOOP('',(#4002,#4003,#4004,#4005));
#917=EDGE_LOOP('',(#4006,#4007,#4008,#4009));
#918=EDGE_LOOP('',(#4010,#4011,#4012,#4013));
#919=EDGE_LOOP('',(#4014,#4015,#4016,#4017));
#920=EDGE_LOOP('',(#4018,#4019,#4020));
#921=EDGE_LOOP('',(#4021,#4022,#4023,#4024));
#922=EDGE_LOOP('',(#4025,#4026,#4027));
#923=EDGE_LOOP('',(#4028,#4029,#4030,#4031));
#924=EDGE_LOOP('',(#4032,#4033,#4034,#4035));
#925=EDGE_LOOP('',(#4036,#4037,#4038,#4039));
#926=EDGE_LOOP('',(#4040,#4041,#4042,#4043,#4044,#4045,#4046,#4047,#4048,
#4049,#4050,#4051,#4052));
#927=EDGE_LOOP('',(#4053,#4054,#4055,#4056,#4057,#4058,#4059,#4060,#4061,
#4062));
#928=EDGE_LOOP('',(#4063));
#929=EDGE_LOOP('',(#4064));
#930=EDGE_LOOP('',(#4065));
#931=EDGE_LOOP('',(#4066));
#932=EDGE_LOOP('',(#4067,#4068,#4069,#4070));
#933=EDGE_LOOP('',(#4071,#4072,#4073,#4074));
#934=EDGE_LOOP('',(#4075,#4076,#4077,#4078));
#935=EDGE_LOOP('',(#4079,#4080,#4081,#4082,#4083,#4084));
#936=EDGE_LOOP('',(#4085));
#937=EDGE_LOOP('',(#4086,#4087,#4088,#4089));
#938=EDGE_LOOP('',(#4090,#4091,#4092,#4093));
#939=EDGE_LOOP('',(#4094,#4095,#4096,#4097));
#940=EDGE_LOOP('',(#4098,#4099,#4100,#4101));
#941=EDGE_LOOP('',(#4102,#4103,#4104,#4105));
#942=EDGE_LOOP('',(#4106,#4107,#4108,#4109));
#943=EDGE_LOOP('',(#4110,#4111,#4112,#4113));
#944=EDGE_LOOP('',(#4114,#4115,#4116,#4117));
#945=EDGE_LOOP('',(#4118,#4119,#4120,#4121,#4122,#4123));
#946=EDGE_LOOP('',(#4124));
#947=EDGE_LOOP('',(#4125,#4126,#4127,#4128,#4129));
#948=EDGE_LOOP('',(#4130,#4131,#4132,#4133));
#949=EDGE_LOOP('',(#4134,#4135,#4136,#4137,#4138,#4139));
#950=EDGE_LOOP('',(#4140,#4141,#4142,#4143,#4144,#4145));
#951=EDGE_LOOP('',(#4146,#4147,#4148,#4149));
#952=EDGE_LOOP('',(#4150,#4151,#4152,#4153,#4154));
#953=EDGE_LOOP('',(#4155,#4156,#4157,#4158,#4159,#4160));
#954=EDGE_LOOP('',(#4161,#4162,#4163,#4164));
#955=EDGE_LOOP('',(#4165,#4166,#4167,#4168));
#956=EDGE_LOOP('',(#4169,#4170,#4171,#4172));
#957=EDGE_LOOP('',(#4173,#4174,#4175,#4176));
#958=EDGE_LOOP('',(#4177,#4178,#4179,#4180));
#959=EDGE_LOOP('',(#4181,#4182,#4183,#4184));
#960=EDGE_LOOP('',(#4185,#4186,#4187,#4188));
#961=EDGE_LOOP('',(#4189,#4190,#4191,#4192));
#962=EDGE_LOOP('',(#4193,#4194,#4195,#4196));
#963=EDGE_LOOP('',(#4197,#4198,#4199,#4200));
#964=EDGE_LOOP('',(#4201,#4202,#4203,#4204));
#965=EDGE_LOOP('',(#4205,#4206,#4207,#4208));
#966=EDGE_LOOP('',(#4209,#4210,#4211,#4212));
#967=EDGE_LOOP('',(#4213,#4214,#4215,#4216));
#968=EDGE_LOOP('',(#4217,#4218,#4219,#4220));
#969=EDGE_LOOP('',(#4221,#4222,#4223,#4224));
#970=EDGE_LOOP('',(#4225,#4226,#4227,#4228));
#971=EDGE_LOOP('',(#4229,#4230,#4231,#4232));
#972=EDGE_LOOP('',(#4233,#4234,#4235,#4236));
#973=EDGE_LOOP('',(#4237,#4238,#4239,#4240));
#974=EDGE_LOOP('',(#4241,#4242,#4243,#4244));
#975=EDGE_LOOP('',(#4245,#4246,#4247,#4248));
#976=EDGE_LOOP('',(#4249,#4250,#4251,#4252));
#977=EDGE_LOOP('',(#4253,#4254,#4255,#4256));
#978=EDGE_LOOP('',(#4257,#4258,#4259,#4260));
#979=EDGE_LOOP('',(#4261,#4262,#4263,#4264));
#980=EDGE_LOOP('',(#4265,#4266,#4267,#4268));
#981=EDGE_LOOP('',(#4269,#4270,#4271,#4272));
#982=EDGE_LOOP('',(#4273,#4274,#4275,#4276));
#983=EDGE_LOOP('',(#4277,#4278,#4279,#4280));
#984=EDGE_LOOP('',(#4281,#4282,#4283,#4284));
#985=EDGE_LOOP('',(#4285,#4286,#4287,#4288));
#986=EDGE_LOOP('',(#4289,#4290,#4291,#4292));
#987=EDGE_LOOP('',(#4293,#4294,#4295,#4296));
#988=EDGE_LOOP('',(#4297,#4298,#4299,#4300));
#989=EDGE_LOOP('',(#4301,#4302,#4303,#4304));
#990=EDGE_LOOP('',(#4305,#4306,#4307,#4308));
#991=EDGE_LOOP('',(#4309,#4310,#4311,#4312));
#992=EDGE_LOOP('',(#4313,#4314,#4315,#4316));
#993=EDGE_LOOP('',(#4317,#4318,#4319,#4320));
#994=EDGE_LOOP('',(#4321,#4322,#4323,#4324,#4325,#4326));
#995=EDGE_LOOP('',(#4327,#4328,#4329,#4330));
#996=EDGE_LOOP('',(#4331,#4332,#4333,#4334));
#997=EDGE_LOOP('',(#4335,#4336,#4337,#4338));
#998=EDGE_LOOP('',(#4339,#4340,#4341,#4342));
#999=EDGE_LOOP('',(#4343,#4344,#4345,#4346));
#1000=EDGE_LOOP('',(#4347,#4348,#4349,#4350));
#1001=EDGE_LOOP('',(#4351,#4352,#4353,#4354,#4355,#4356));
#1002=EDGE_LOOP('',(#4357,#4358,#4359,#4360));
#1003=EDGE_LOOP('',(#4361,#4362,#4363,#4364));
#1004=EDGE_LOOP('',(#4365,#4366,#4367,#4368));
#1005=EDGE_LOOP('',(#4369,#4370,#4371,#4372,#4373,#4374));
#1006=EDGE_LOOP('',(#4375,#4376,#4377,#4378,#4379,#4380));
#1007=EDGE_LOOP('',(#4381,#4382,#4383,#4384,#4385));
#1008=EDGE_LOOP('',(#4386,#4387,#4388,#4389,#4390,#4391));
#1009=EDGE_LOOP('',(#4392,#4393,#4394,#4395,#4396));
#1010=EDGE_LOOP('',(#4397,#4398,#4399,#4400,#4401,#4402));
#1011=EDGE_LOOP('',(#4403,#4404,#4405,#4406));
#1012=EDGE_LOOP('',(#4407,#4408,#4409,#4410));
#1013=EDGE_LOOP('',(#4411,#4412,#4413,#4414));
#1014=EDGE_LOOP('',(#4415,#4416,#4417,#4418));
#1015=EDGE_LOOP('',(#4419,#4420,#4421,#4422));
#1016=EDGE_LOOP('',(#4423,#4424,#4425,#4426,#4427,#4428,#4429,#4430,#4431,
#4432));
#1017=EDGE_LOOP('',(#4433,#4434,#4435,#4436,#4437,#4438));
#1018=EDGE_LOOP('',(#4439,#4440,#4441,#4442,#4443,#4444,#4445));
#1019=EDGE_LOOP('',(#4446,#4447,#4448,#4449));
#1020=EDGE_LOOP('',(#4450,#4451,#4452,#4453));
#1021=EDGE_LOOP('',(#4454));
#1022=EDGE_LOOP('',(#4455));
#1023=EDGE_LOOP('',(#4456,#4457,#4458,#4459));
#1024=EDGE_LOOP('',(#4460,#4461,#4462,#4463,#4464,#4465,#4466));
#1025=EDGE_LOOP('',(#4467,#4468,#4469,#4470,#4471,#4472));
#1026=EDGE_LOOP('',(#4473,#4474,#4475,#4476,#4477,#4478,#4479,#4480,#4481,
#4482));
#1027=EDGE_LOOP('',(#4483,#4484,#4485,#4486));
#1028=EDGE_LOOP('',(#4487,#4488,#4489,#4490));
#1029=EDGE_LOOP('',(#4491,#4492,#4493,#4494));
#1030=EDGE_LOOP('',(#4495,#4496,#4497,#4498));
#1031=EDGE_LOOP('',(#4499,#4500,#4501,#4502,#4503));
#1032=EDGE_LOOP('',(#4504,#4505,#4506,#4507,#4508,#4509));
#1033=EDGE_LOOP('',(#4510,#4511,#4512,#4513,#4514,#4515));
#1034=EDGE_LOOP('',(#4516,#4517,#4518,#4519,#4520,#4521));
#1035=EDGE_LOOP('',(#4522,#4523,#4524,#4525,#4526));
#1036=EDGE_LOOP('',(#4527,#4528,#4529,#4530));
#1037=EDGE_LOOP('',(#4531,#4532,#4533,#4534,#4535,#4536));
#1038=EDGE_LOOP('',(#4537,#4538,#4539,#4540,#4541,#4542));
#1039=EDGE_LOOP('',(#4543,#4544,#4545,#4546));
#1040=EDGE_LOOP('',(#4547,#4548,#4549,#4550));
#1041=EDGE_LOOP('',(#4551,#4552,#4553,#4554));
#1042=EDGE_LOOP('',(#4555,#4556,#4557,#4558));
#1043=EDGE_LOOP('',(#4559,#4560,#4561,#4562));
#1044=EDGE_LOOP('',(#4563,#4564,#4565,#4566,#4567,#4568));
#1045=EDGE_LOOP('',(#4569));
#1046=EDGE_LOOP('',(#4570,#4571,#4572,#4573));
#1047=EDGE_LOOP('',(#4574,#4575,#4576,#4577));
#1048=EDGE_LOOP('',(#4578,#4579,#4580,#4581));
#1049=EDGE_LOOP('',(#4582,#4583,#4584,#4585));
#1050=EDGE_LOOP('',(#4586,#4587,#4588,#4589));
#1051=EDGE_LOOP('',(#4590,#4591,#4592,#4593));
#1052=EDGE_LOOP('',(#4594,#4595,#4596,#4597,#4598,#4599));
#1053=EDGE_LOOP('',(#4600));
#1054=EDGE_LOOP('',(#4601,#4602,#4603,#4604));
#1055=EDGE_LOOP('',(#4605,#4606,#4607,#4608));
#1056=EDGE_LOOP('',(#4609,#4610,#4611,#4612));
#1057=EDGE_LOOP('',(#4613,#4614,#4615,#4616));
#1058=EDGE_LOOP('',(#4617,#4618,#4619,#4620));
#1059=EDGE_LOOP('',(#4621,#4622,#4623,#4624));
#1060=EDGE_LOOP('',(#4625,#4626,#4627,#4628,#4629,#4630));
#1061=EDGE_LOOP('',(#4631));
#1062=EDGE_LOOP('',(#4632,#4633,#4634,#4635));
#1063=EDGE_LOOP('',(#4636,#4637,#4638,#4639));
#1064=EDGE_LOOP('',(#4640,#4641,#4642,#4643));
#1065=EDGE_LOOP('',(#4644,#4645,#4646,#4647));
#1066=EDGE_LOOP('',(#4648,#4649,#4650,#4651));
#1067=EDGE_LOOP('',(#4652,#4653,#4654,#4655));
#1068=EDGE_LOOP('',(#4656,#4657,#4658,#4659,#4660,#4661));
#1069=EDGE_LOOP('',(#4662));
#1070=EDGE_LOOP('',(#4663,#4664,#4665,#4666));
#1071=EDGE_LOOP('',(#4667,#4668,#4669,#4670));
#1072=EDGE_LOOP('',(#4671,#4672,#4673,#4674));
#1073=EDGE_LOOP('',(#4675,#4676,#4677,#4678));
#1074=EDGE_LOOP('',(#4679,#4680,#4681,#4682));
#1075=EDGE_LOOP('',(#4683,#4684,#4685,#4686));
#1076=EDGE_LOOP('',(#4687,#4688,#4689,#4690,#4691,#4692,#4693));
#1077=EDGE_LOOP('',(#4694,#4695,#4696,#4697,#4698));
#1078=EDGE_LOOP('',(#4699,#4700,#4701,#4702));
#1079=EDGE_LOOP('',(#4703,#4704,#4705,#4706,#4707));
#1080=EDGE_LOOP('',(#4708,#4709,#4710,#4711,#4712,#4713,#4714));
#1081=EDGE_LOOP('',(#4715,#4716,#4717,#4718,#4719));
#1082=EDGE_LOOP('',(#4720,#4721,#4722,#4723));
#1083=EDGE_LOOP('',(#4724,#4725,#4726,#4727));
#1084=EDGE_LOOP('',(#4728,#4729,#4730,#4731));
#1085=EDGE_LOOP('',(#4732,#4733,#4734,#4735,#4736));
#1086=EDGE_LOOP('',(#4737,#4738,#4739,#4740));
#1087=EDGE_LOOP('',(#4741,#4742,#4743,#4744,#4745));
#1088=EDGE_LOOP('',(#4746,#4747,#4748,#4749,#4750,#4751));
#1089=EDGE_LOOP('',(#4752,#4753,#4754,#4755,#4756));
#1090=EDGE_LOOP('',(#4757,#4758,#4759,#4760));
#1091=EDGE_LOOP('',(#4761,#4762,#4763,#4764,#4765));
#1092=EDGE_LOOP('',(#4766,#4767,#4768,#4769,#4770,#4771,#4772));
#1093=EDGE_LOOP('',(#4773,#4774,#4775,#4776));
#1094=EDGE_LOOP('',(#4777,#4778,#4779,#4780));
#1095=EDGE_LOOP('',(#4781,#4782,#4783,#4784));
#1096=EDGE_LOOP('',(#4785,#4786,#4787,#4788));
#1097=EDGE_LOOP('',(#4789,#4790,#4791,#4792));
#1098=EDGE_LOOP('',(#4793,#4794,#4795,#4796));
#1099=EDGE_LOOP('',(#4797,#4798,#4799,#4800));
#1100=EDGE_LOOP('',(#4801,#4802,#4803,#4804));
#1101=EDGE_LOOP('',(#4805,#4806,#4807,#4808));
#1102=EDGE_LOOP('',(#4809,#4810,#4811,#4812));
#1103=EDGE_LOOP('',(#4813,#4814,#4815,#4816,#4817));
#1104=EDGE_LOOP('',(#4818,#4819,#4820,#4821));
#1105=EDGE_LOOP('',(#4822,#4823,#4824,#4825));
#1106=EDGE_LOOP('',(#4826,#4827,#4828,#4829));
#1107=EDGE_LOOP('',(#4830,#4831,#4832,#4833,#4834));
#1108=EDGE_LOOP('',(#4835,#4836,#4837,#4838));
#1109=EDGE_LOOP('',(#4839,#4840,#4841,#4842));
#1110=EDGE_LOOP('',(#4843,#4844,#4845,#4846));
#1111=EDGE_LOOP('',(#4847));
#1112=EDGE_LOOP('',(#4848));
#1113=EDGE_LOOP('',(#4849,#4850,#4851,#4852));
#1114=EDGE_LOOP('',(#4853,#4854,#4855,#4856));
#1115=EDGE_LOOP('',(#4857,#4858,#4859,#4860));
#1116=EDGE_LOOP('',(#4861,#4862,#4863,#4864));
#1117=EDGE_LOOP('',(#4865));
#1118=EDGE_LOOP('',(#4866,#4867,#4868,#4869));
#1119=EDGE_LOOP('',(#4870));
#1120=EDGE_LOOP('',(#4871,#4872,#4873,#4874));
#1121=EDGE_LOOP('',(#4875,#4876,#4877,#4878,#4879,#4880,#4881,#4882,#4883,
#4884,#4885));
#1122=EDGE_LOOP('',(#4886));
#1123=EDGE_LOOP('',(#4887));
#1124=EDGE_LOOP('',(#4888,#4889,#4890,#4891,#4892,#4893,#4894,#4895,#4896,
#4897,#4898));
#1125=EDGE_LOOP('',(#4899));
#1126=EDGE_LOOP('',(#4900));
#1127=EDGE_LOOP('',(#4901,#4902,#4903,#4904));
#1128=EDGE_LOOP('',(#4905,#4906,#4907,#4908));
#1129=EDGE_LOOP('',(#4909,#4910,#4911,#4912));
#1130=EDGE_LOOP('',(#4913,#4914,#4915,#4916));
#1131=EDGE_LOOP('',(#4917,#4918,#4919,#4920));
#1132=EDGE_LOOP('',(#4921,#4922,#4923,#4924));
#1133=EDGE_LOOP('',(#4925,#4926,#4927,#4928));
#1134=EDGE_LOOP('',(#4929,#4930,#4931,#4932));
#1135=EDGE_LOOP('',(#4933,#4934,#4935,#4936));
#1136=EDGE_LOOP('',(#4937,#4938,#4939,#4940,#4941,#4942,#4943,#4944,#4945,
#4946,#4947,#4948,#4949,#4950,#4951,#4952,#4953,#4954,#4955,#4956,#4957,
#4958,#4959));
#1137=EDGE_LOOP('',(#4960,#4961,#4962));
#1138=EDGE_LOOP('',(#4963,#4964,#4965));
#1139=EDGE_LOOP('',(#4966));
#1140=EDGE_LOOP('',(#4967));
#1141=EDGE_LOOP('',(#4968,#4969,#4970,#4971));
#1142=EDGE_LOOP('',(#4972));
#1143=EDGE_LOOP('',(#4973,#4974,#4975,#4976,#4977,#4978));
#1144=EDGE_LOOP('',(#4979,#4980,#4981,#4982,#4983,#4984));
#1145=EDGE_LOOP('',(#4985,#4986,#4987,#4988,#4989,#4990));
#1146=EDGE_LOOP('',(#4991,#4992,#4993,#4994,#4995,#4996));
#1147=EDGE_LOOP('',(#4997,#4998,#4999));
#1148=EDGE_LOOP('',(#5000,#5001,#5002,#5003));
#1149=EDGE_LOOP('',(#5004,#5005,#5006,#5007,#5008,#5009,#5010));
#1150=EDGE_LOOP('',(#5011,#5012,#5013,#5014,#5015,#5016,#5017));
#1151=EDGE_LOOP('',(#5018,#5019,#5020,#5021));
#1152=EDGE_LOOP('',(#5022));
#1153=EDGE_LOOP('',(#5023));
#1154=EDGE_LOOP('',(#5024));
#1155=EDGE_LOOP('',(#5025));
#1156=LINE('',#7113,#1570);
#1157=LINE('',#7163,#1571);
#1158=LINE('',#7233,#1572);
#1159=LINE('',#7235,#1573);
#1160=LINE('',#7236,#1574);
#1161=LINE('',#7268,#1575);
#1162=LINE('',#7376,#1576);
#1163=LINE('',#7378,#1577);
#1164=LINE('',#7379,#1578);
#1165=LINE('',#7381,#1579);
#1166=LINE('',#7409,#1580);
#1167=LINE('',#7499,#1581);
#1168=LINE('',#7502,#1582);
#1169=LINE('',#7504,#1583);
#1170=LINE('',#7505,#1584);
#1171=LINE('',#7508,#1585);
#1172=LINE('',#7509,#1586);
#1173=LINE('',#7511,#1587);
#1174=LINE('',#7513,#1588);
#1175=LINE('',#7514,#1589);
#1176=LINE('',#7537,#1590);
#1177=LINE('',#7539,#1591);
#1178=LINE('',#7541,#1592);
#1179=LINE('',#7543,#1593);
#1180=LINE('',#7545,#1594);
#1181=LINE('',#7547,#1595);
#1182=LINE('',#7549,#1596);
#1183=LINE('',#7551,#1597);
#1184=LINE('',#7553,#1598);
#1185=LINE('',#7555,#1599);
#1186=LINE('',#7557,#1600);
#1187=LINE('',#7559,#1601);
#1188=LINE('',#7560,#1602);
#1189=LINE('',#7571,#1603);
#1190=LINE('',#7586,#1604);
#1191=LINE('',#7609,#1605);
#1192=LINE('',#7632,#1606);
#1193=LINE('',#7647,#1607);
#1194=LINE('',#7653,#1608);
#1195=LINE('',#7660,#1609);
#1196=LINE('',#7969,#1610);
#1197=LINE('',#7977,#1611);
#1198=LINE('',#8010,#1612);
#1199=LINE('',#8017,#1613);
#1200=LINE('',#8024,#1614);
#1201=LINE('',#8031,#1615);
#1202=LINE('',#8038,#1616);
#1203=LINE('',#8042,#1617);
#1204=LINE('',#8119,#1618);
#1205=LINE('',#8147,#1619);
#1206=LINE('',#8151,#1620);
#1207=LINE('',#8228,#1621);
#1208=LINE('',#8313,#1622);
#1209=LINE('',#8356,#1623);
#1210=LINE('',#8360,#1624);
#1211=LINE('',#8364,#1625);
#1212=LINE('',#8366,#1626);
#1213=LINE('',#8368,#1627);
#1214=LINE('',#8377,#1628);
#1215=LINE('',#8386,#1629);
#1216=LINE('',#8387,#1630);
#1217=LINE('',#8397,#1631);
#1218=LINE('',#8410,#1632);
#1219=LINE('',#8422,#1633);
#1220=LINE('',#8428,#1634);
#1221=LINE('',#8432,#1635);
#1222=LINE('',#8434,#1636);
#1223=LINE('',#8435,#1637);
#1224=LINE('',#8437,#1638);
#1225=LINE('',#8439,#1639);
#1226=LINE('',#8441,#1640);
#1227=LINE('',#8445,#1641);
#1228=LINE('',#8449,#1642);
#1229=LINE('',#8451,#1643);
#1230=LINE('',#8453,#1644);
#1231=LINE('',#8455,#1645);
#1232=LINE('',#8457,#1646);
#1233=LINE('',#8459,#1647);
#1234=LINE('',#8461,#1648);
#1235=LINE('',#8465,#1649);
#1236=LINE('',#8469,#1650);
#1237=LINE('',#8477,#1651);
#1238=LINE('',#8481,#1652);
#1239=LINE('',#8485,#1653);
#1240=LINE('',#8493,#1654);
#1241=LINE('',#8495,#1655);
#1242=LINE('',#8497,#1656);
#1243=LINE('',#8499,#1657);
#1244=LINE('',#8500,#1658);
#1245=LINE('',#8503,#1659);
#1246=LINE('',#8505,#1660);
#1247=LINE('',#8506,#1661);
#1248=LINE('',#8511,#1662);
#1249=LINE('',#8517,#1663);
#1250=LINE('',#8522,#1664);
#1251=LINE('',#8524,#1665);
#1252=LINE('',#8526,#1666);
#1253=LINE('',#8528,#1667);
#1254=LINE('',#8530,#1668);
#1255=LINE('',#8531,#1669);
#1256=LINE('',#8537,#1670);
#1257=LINE('',#8538,#1671);
#1258=LINE('',#8539,#1672);
#1259=LINE('',#8541,#1673);
#1260=LINE('',#8543,#1674);
#1261=LINE('',#8544,#1675);
#1262=LINE('',#8546,#1676);
#1263=LINE('',#8548,#1677);
#1264=LINE('',#8550,#1678);
#1265=LINE('',#8553,#1679);
#1266=LINE('',#8557,#1680);
#1267=LINE('',#8558,#1681);
#1268=LINE('',#8561,#1682);
#1269=LINE('',#8562,#1683);
#1270=LINE('',#8564,#1684);
#1271=LINE('',#8568,#1685);
#1272=LINE('',#8569,#1686);
#1273=LINE('',#8570,#1687);
#1274=LINE('',#8572,#1688);
#1275=LINE('',#8573,#1689);
#1276=LINE('',#8575,#1690);
#1277=LINE('',#8578,#1691);
#1278=LINE('',#8580,#1692);
#1279=LINE('',#8582,#1693);
#1280=LINE('',#8583,#1694);
#1281=LINE('',#8585,#1695);
#1282=LINE('',#8587,#1696);
#1283=LINE('',#8589,#1697);
#1284=LINE('',#8592,#1698);
#1285=LINE('',#8593,#1699);
#1286=LINE('',#8594,#1700);
#1287=LINE('',#8595,#1701);
#1288=LINE('',#8602,#1702);
#1289=LINE('',#8608,#1703);
#1290=LINE('',#8612,#1704);
#1291=LINE('',#8616,#1705);
#1292=LINE('',#8621,#1706);
#1293=LINE('',#8624,#1707);
#1294=LINE('',#8629,#1708);
#1295=LINE('',#8632,#1709);
#1296=LINE('',#8692,#1710);
#1297=LINE('',#8724,#1711);
#1298=LINE('',#8783,#1712);
#1299=LINE('',#8815,#1713);
#1300=LINE('',#8870,#1714);
#1301=LINE('',#8900,#1715);
#1302=LINE('',#8902,#1716);
#1303=LINE('',#8904,#1717);
#1304=LINE('',#8906,#1718);
#1305=LINE('',#8909,#1719);
#1306=LINE('',#8911,#1720);
#1307=LINE('',#8912,#1721);
#1308=LINE('',#8955,#1722);
#1309=LINE('',#8956,#1723);
#1310=LINE('',#8958,#1724);
#1311=LINE('',#8962,#1725);
#1312=LINE('',#8963,#1726);
#1313=LINE('',#8964,#1727);
#1314=LINE('',#8970,#1728);
#1315=LINE('',#8972,#1729);
#1316=LINE('',#8973,#1730);
#1317=LINE('',#8974,#1731);
#1318=LINE('',#8977,#1732);
#1319=LINE('',#8978,#1733);
#1320=LINE('',#8982,#1734);
#1321=LINE('',#8986,#1735);
#1322=LINE('',#8988,#1736);
#1323=LINE('',#8990,#1737);
#1324=LINE('',#8991,#1738);
#1325=LINE('',#9038,#1739);
#1326=LINE('',#9041,#1740);
#1327=LINE('',#9086,#1741);
#1328=LINE('',#9089,#1742);
#1329=LINE('',#9090,#1743);
#1330=LINE('',#9166,#1744);
#1331=LINE('',#9167,#1745);
#1332=LINE('',#9168,#1746);
#1333=LINE('',#9170,#1747);
#1334=LINE('',#9192,#1748);
#1335=LINE('',#9213,#1749);
#1336=LINE('',#9232,#1750);
#1337=LINE('',#9314,#1751);
#1338=LINE('',#9316,#1752);
#1339=LINE('',#9343,#1753);
#1340=LINE('',#9346,#1754);
#1341=LINE('',#9447,#1755);
#1342=LINE('',#9451,#1756);
#1343=LINE('',#9454,#1757);
#1344=LINE('',#9455,#1758);
#1345=LINE('',#9497,#1759);
#1346=LINE('',#9515,#1760);
#1347=LINE('',#9517,#1761);
#1348=LINE('',#9518,#1762);
#1349=LINE('',#9527,#1763);
#1350=LINE('',#9537,#1764);
#1351=LINE('',#9540,#1765);
#1352=LINE('',#9542,#1766);
#1353=LINE('',#9599,#1767);
#1354=LINE('',#9601,#1768);
#1355=LINE('',#9604,#1769);
#1356=LINE('',#9608,#1770);
#1357=LINE('',#9609,#1771);
#1358=LINE('',#9610,#1772);
#1359=LINE('',#9613,#1773);
#1360=LINE('',#9614,#1774);
#1361=LINE('',#9618,#1775);
#1362=LINE('',#9620,#1776);
#1363=LINE('',#9624,#1777);
#1364=LINE('',#9626,#1778);
#1365=LINE('',#9628,#1779);
#1366=LINE('',#9629,#1780);
#1367=LINE('',#9635,#1781);
#1368=LINE('',#9638,#1782);
#1369=LINE('',#9640,#1783);
#1370=LINE('',#9641,#1784);
#1371=LINE('',#9643,#1785);
#1372=LINE('',#9644,#1786);
#1373=LINE('',#9651,#1787);
#1374=LINE('',#9654,#1788);
#1375=LINE('',#9657,#1789);
#1376=LINE('',#9659,#1790);
#1377=LINE('',#9660,#1791);
#1378=LINE('',#9666,#1792);
#1379=LINE('',#9669,#1793);
#1380=LINE('',#9671,#1794);
#1381=LINE('',#9672,#1795);
#1382=LINE('',#9675,#1796);
#1383=LINE('',#9677,#1797);
#1384=LINE('',#9678,#1798);
#1385=LINE('',#9683,#1799);
#1386=LINE('',#9684,#1800);
#1387=LINE('',#9690,#1801);
#1388=LINE('',#9697,#1802);
#1389=LINE('',#9705,#1803);
#1390=LINE('',#9708,#1804);
#1391=LINE('',#9711,#1805);
#1392=LINE('',#9713,#1806);
#1393=LINE('',#9714,#1807);
#1394=LINE('',#9717,#1808);
#1395=LINE('',#9719,#1809);
#1396=LINE('',#9720,#1810);
#1397=LINE('',#9722,#1811);
#1398=LINE('',#9723,#1812);
#1399=LINE('',#9730,#1813);
#1400=LINE('',#9733,#1814);
#1401=LINE('',#9736,#1815);
#1402=LINE('',#9738,#1816);
#1403=LINE('',#9739,#1817);
#1404=LINE('',#9742,#1818);
#1405=LINE('',#9744,#1819);
#1406=LINE('',#9745,#1820);
#1407=LINE('',#9747,#1821);
#1408=LINE('',#9748,#1822);
#1409=LINE('',#9754,#1823);
#1410=LINE('',#9755,#1824);
#1411=LINE('',#9758,#1825);
#1412=LINE('',#9759,#1826);
#1413=LINE('',#9763,#1827);
#1414=LINE('',#9766,#1828);
#1415=LINE('',#9769,#1829);
#1416=LINE('',#9772,#1830);
#1417=LINE('',#9773,#1831);
#1418=LINE('',#9777,#1832);
#1419=LINE('',#9779,#1833);
#1420=LINE('',#9915,#1834);
#1421=LINE('',#9930,#1835);
#1422=LINE('',#9934,#1836);
#1423=LINE('',#9936,#1837);
#1424=LINE('',#9938,#1838);
#1425=LINE('',#9939,#1839);
#1426=LINE('',#9943,#1840);
#1427=LINE('',#9975,#1841);
#1428=LINE('',#9988,#1842);
#1429=LINE('',#10006,#1843);
#1430=LINE('',#10103,#1844);
#1431=LINE('',#10145,#1845);
#1432=LINE('',#10151,#1846);
#1433=LINE('',#10344,#1847);
#1434=LINE('',#10346,#1848);
#1435=LINE('',#10347,#1849);
#1436=LINE('',#10350,#1850);
#1437=LINE('',#10351,#1851);
#1438=LINE('',#10354,#1852);
#1439=LINE('',#10355,#1853);
#1440=LINE('',#10390,#1854);
#1441=LINE('',#10597,#1855);
#1442=LINE('',#10599,#1856);
#1443=LINE('',#10754,#1857);
#1444=LINE('',#10756,#1858);
#1445=LINE('',#10760,#1859);
#1446=LINE('',#10764,#1860);
#1447=LINE('',#10768,#1861);
#1448=LINE('',#10772,#1862);
#1449=LINE('',#10777,#1863);
#1450=LINE('',#10779,#1864);
#1451=LINE('',#10781,#1865);
#1452=LINE('',#10783,#1866);
#1453=LINE('',#10785,#1867);
#1454=LINE('',#10786,#1868);
#1455=LINE('',#10790,#1869);
#1456=LINE('',#10791,#1870);
#1457=LINE('',#10792,#1871);
#1458=LINE('',#10795,#1872);
#1459=LINE('',#10796,#1873);
#1460=LINE('',#10799,#1874);
#1461=LINE('',#10800,#1875);
#1462=LINE('',#10803,#1876);
#1463=LINE('',#10804,#1877);
#1464=LINE('',#10807,#1878);
#1465=LINE('',#10808,#1879);
#1466=LINE('',#10810,#1880);
#1467=LINE('',#10814,#1881);
#1468=LINE('',#10816,#1882);
#1469=LINE('',#10818,#1883);
#1470=LINE('',#10820,#1884);
#1471=LINE('',#10822,#1885);
#1472=LINE('',#10823,#1886);
#1473=LINE('',#10827,#1887);
#1474=LINE('',#10828,#1888);
#1475=LINE('',#10829,#1889);
#1476=LINE('',#10832,#1890);
#1477=LINE('',#10833,#1891);
#1478=LINE('',#10836,#1892);
#1479=LINE('',#10837,#1893);
#1480=LINE('',#10840,#1894);
#1481=LINE('',#10841,#1895);
#1482=LINE('',#10844,#1896);
#1483=LINE('',#10845,#1897);
#1484=LINE('',#10847,#1898);
#1485=LINE('',#10851,#1899);
#1486=LINE('',#10853,#1900);
#1487=LINE('',#10855,#1901);
#1488=LINE('',#10857,#1902);
#1489=LINE('',#10859,#1903);
#1490=LINE('',#10860,#1904);
#1491=LINE('',#10864,#1905);
#1492=LINE('',#10865,#1906);
#1493=LINE('',#10866,#1907);
#1494=LINE('',#10869,#1908);
#1495=LINE('',#10870,#1909);
#1496=LINE('',#10873,#1910);
#1497=LINE('',#10874,#1911);
#1498=LINE('',#10877,#1912);
#1499=LINE('',#10878,#1913);
#1500=LINE('',#10881,#1914);
#1501=LINE('',#10882,#1915);
#1502=LINE('',#10884,#1916);
#1503=LINE('',#10888,#1917);
#1504=LINE('',#10890,#1918);
#1505=LINE('',#10892,#1919);
#1506=LINE('',#10894,#1920);
#1507=LINE('',#10896,#1921);
#1508=LINE('',#10897,#1922);
#1509=LINE('',#10901,#1923);
#1510=LINE('',#10902,#1924);
#1511=LINE('',#10903,#1925);
#1512=LINE('',#10906,#1926);
#1513=LINE('',#10907,#1927);
#1514=LINE('',#10910,#1928);
#1515=LINE('',#10911,#1929);
#1516=LINE('',#10914,#1930);
#1517=LINE('',#10915,#1931);
#1518=LINE('',#10918,#1932);
#1519=LINE('',#10919,#1933);
#1520=LINE('',#10921,#1934);
#1521=LINE('',#10939,#1935);
#1522=LINE('',#11075,#1936);
#1523=LINE('',#11090,#1937);
#1524=LINE('',#11093,#1938);
#1525=LINE('',#11094,#1939);
#1526=LINE('',#11108,#1940);
#1527=LINE('',#11138,#1941);
#1528=LINE('',#11139,#1942);
#1529=LINE('',#11141,#1943);
#1530=LINE('',#11182,#1944);
#1531=LINE('',#11183,#1945);
#1532=LINE('',#11212,#1946);
#1533=LINE('',#11214,#1947);
#1534=LINE('',#11267,#1948);
#1535=LINE('',#11269,#1949);
#1536=LINE('',#11301,#1950);
#1537=LINE('',#11314,#1951);
#1538=LINE('',#11318,#1952);
#1539=LINE('',#11322,#1953);
#1540=LINE('',#11326,#1954);
#1541=LINE('',#11331,#1955);
#1542=LINE('',#11336,#1956);
#1543=LINE('',#11339,#1957);
#1544=LINE('',#11341,#1958);
#1545=LINE('',#11345,#1959);
#1546=LINE('',#11346,#1960);
#1547=LINE('',#11352,#1961);
#1548=LINE('',#11353,#1962);
#1549=LINE('',#11355,#1963);
#1550=LINE('',#11356,#1964);
#1551=LINE('',#11360,#1965);
#1552=LINE('',#11361,#1966);
#1553=LINE('',#11362,#1967);
#1554=LINE('',#11364,#1968);
#1555=LINE('',#11367,#1969);
#1556=LINE('',#11368,#1970);
#1557=LINE('',#11371,#1971);
#1558=LINE('',#11372,#1972);
#1559=LINE('',#11376,#1973);
#1560=LINE('',#11380,#1974);
#1561=LINE('',#11381,#1975);
#1562=LINE('',#11382,#1976);
#1563=LINE('',#11385,#1977);
#1564=LINE('',#11386,#1978);
#1565=LINE('',#11389,#1979);
#1566=LINE('',#11391,#1980);
#1567=LINE('',#11392,#1981);
#1568=LINE('',#11396,#1982);
#1569=LINE('',#11398,#1983);
#1570=VECTOR('',#5821,10.);
#1571=VECTOR('',#5822,10.);
#1572=VECTOR('',#5833,10.);
#1573=VECTOR('',#5834,10.);
#1574=VECTOR('',#5835,10.);
#1575=VECTOR('',#5836,10.);
#1576=VECTOR('',#5837,10.);
#1577=VECTOR('',#5840,10.);
#1578=VECTOR('',#5841,10.);
#1579=VECTOR('',#5844,10.);
#1580=VECTOR('',#5845,10.);
#1581=VECTOR('',#5846,10.);
#1582=VECTOR('',#5849,10.);
#1583=VECTOR('',#5850,10.);
#1584=VECTOR('',#5851,10.);
#1585=VECTOR('',#5854,10.);
#1586=VECTOR('',#5855,10.);
#1587=VECTOR('',#5858,10.);
#1588=VECTOR('',#5861,10.);
#1589=VECTOR('',#5862,10.);
#1590=VECTOR('',#5865,10.);
#1591=VECTOR('',#5866,10.);
#1592=VECTOR('',#5867,10.);
#1593=VECTOR('',#5868,10.);
#1594=VECTOR('',#5869,10.);
#1595=VECTOR('',#5870,10.);
#1596=VECTOR('',#5871,10.);
#1597=VECTOR('',#5872,10.);
#1598=VECTOR('',#5873,10.);
#1599=VECTOR('',#5874,10.);
#1600=VECTOR('',#5875,10.);
#1601=VECTOR('',#5876,10.);
#1602=VECTOR('',#5877,10.);
#1603=VECTOR('',#5890,2.99999999999999);
#1604=VECTOR('',#5895,10.);
#1605=VECTOR('',#5896,10.);
#1606=VECTOR('',#5897,10.);
#1607=VECTOR('',#5908,2.7);
#1608=VECTOR('',#5915,2.29999999999997);
#1609=VECTOR('',#5924,2.29999999999997);
#1610=VECTOR('',#5949,10.);
#1611=VECTOR('',#5952,10.);
#1612=VECTOR('',#5959,2.35);
#1613=VECTOR('',#5968,2.35);
#1614=VECTOR('',#5977,2.35);
#1615=VECTOR('',#5986,2.35);
#1616=VECTOR('',#5995,3.72499999999997);
#1617=VECTOR('',#6000,4.75000000000001);
#1618=VECTOR('',#6001,10.);
#1619=VECTOR('',#6006,3.72500000000004);
#1620=VECTOR('',#6011,4.75000000000001);
#1621=VECTOR('',#6012,10.);
#1622=VECTOR('',#6013,10.);
#1623=VECTOR('',#6018,4.75000000000001);
#1624=VECTOR('',#6023,3.72499999999997);
#1625=VECTOR('',#6026,10.);
#1626=VECTOR('',#6027,10.);
#1627=VECTOR('',#6028,10.);
#1628=VECTOR('',#6029,10.);
#1629=VECTOR('',#6030,10.);
#1630=VECTOR('',#6031,10.);
#1631=VECTOR('',#6036,10.);
#1632=VECTOR('',#6037,10.);
#1633=VECTOR('',#6038,10.);
#1634=VECTOR('',#6043,10.);
#1635=VECTOR('',#6046,10.);
#1636=VECTOR('',#6047,10.);
#1637=VECTOR('',#6048,10.);
#1638=VECTOR('',#6049,10.);
#1639=VECTOR('',#6050,10.);
#1640=VECTOR('',#6051,10.);
#1641=VECTOR('',#6054,10.);
#1642=VECTOR('',#6057,10.);
#1643=VECTOR('',#6058,10.);
#1644=VECTOR('',#6059,10.);
#1645=VECTOR('',#6060,10.);
#1646=VECTOR('',#6061,10.);
#1647=VECTOR('',#6062,10.);
#1648=VECTOR('',#6063,10.);
#1649=VECTOR('',#6066,10.);
#1650=VECTOR('',#6069,10.);
#1651=VECTOR('',#6076,10.);
#1652=VECTOR('',#6079,10.);
#1653=VECTOR('',#6082,10.);
#1654=VECTOR('',#6091,10.);
#1655=VECTOR('',#6092,10.);
#1656=VECTOR('',#6093,10.);
#1657=VECTOR('',#6094,10.);
#1658=VECTOR('',#6095,10.);
#1659=VECTOR('',#6098,10.);
#1660=VECTOR('',#6099,10.);
#1661=VECTOR('',#6100,10.);
#1662=VECTOR('',#6105,3.00000000000004);
#1663=VECTOR('',#6112,2.99999999999997);
#1664=VECTOR('',#6117,10.);
#1665=VECTOR('',#6118,10.);
#1666=VECTOR('',#6119,10.);
#1667=VECTOR('',#6120,10.);
#1668=VECTOR('',#6121,10.);
#1669=VECTOR('',#6122,10.);
#1670=VECTOR('',#6127,10.);
#1671=VECTOR('',#6128,10.);
#1672=VECTOR('',#6129,10.);
#1673=VECTOR('',#6132,10.);
#1674=VECTOR('',#6133,10.);
#1675=VECTOR('',#6134,10.);
#1676=VECTOR('',#6137,10.);
#1677=VECTOR('',#6140,10.);
#1678=VECTOR('',#6143,10.);
#1679=VECTOR('',#6146,2.99999999999997);
#1680=VECTOR('',#6151,10.);
#1681=VECTOR('',#6152,10.);
#1682=VECTOR('',#6155,10.);
#1683=VECTOR('',#6156,10.);
#1684=VECTOR('',#6159,10.);
#1685=VECTOR('',#6162,10.);
#1686=VECTOR('',#6163,10.);
#1687=VECTOR('',#6164,10.);
#1688=VECTOR('',#6167,10.);
#1689=VECTOR('',#6168,10.);
#1690=VECTOR('',#6171,10.);
#1691=VECTOR('',#6174,10.);
#1692=VECTOR('',#6175,10.);
#1693=VECTOR('',#6176,10.);
#1694=VECTOR('',#6177,10.);
#1695=VECTOR('',#6180,2.69999999999996);
#1696=VECTOR('',#6183,2.70000000000003);
#1697=VECTOR('',#6186,2.69999999999996);
#1698=VECTOR('',#6189,10.);
#1699=VECTOR('',#6190,10.);
#1700=VECTOR('',#6191,10.);
#1701=VECTOR('',#6192,10.);
#1702=VECTOR('',#6199,3.);
#1703=VECTOR('',#6206,2.7);
#1704=VECTOR('',#6211,2.99999999999999);
#1705=VECTOR('',#6216,2.7);
#1706=VECTOR('',#6223,2.99999999999999);
#1707=VECTOR('',#6226,2.7);
#1708=VECTOR('',#6233,2.99999999999999);
#1709=VECTOR('',#6236,2.7);
#1710=VECTOR('',#6239,10.);
#1711=VECTOR('',#6244,4.74999999999998);
#1712=VECTOR('',#6245,10.);
#1713=VECTOR('',#6250,4.75000000000001);
#1714=VECTOR('',#6251,10.);
#1715=VECTOR('',#6256,4.75000000000001);
#1716=VECTOR('',#6259,3.725);
#1717=VECTOR('',#6262,3.725);
#1718=VECTOR('',#6265,3.725);
#1719=VECTOR('',#6268,10.);
#1720=VECTOR('',#6269,10.);
#1721=VECTOR('',#6270,10.);
#1722=VECTOR('',#6301,10.);
#1723=VECTOR('',#6302,10.);
#1724=VECTOR('',#6303,10.);
#1725=VECTOR('',#6306,10.);
#1726=VECTOR('',#6307,10.);
#1727=VECTOR('',#6308,10.);
#1728=VECTOR('',#6315,10.);
#1729=VECTOR('',#6318,10.);
#1730=VECTOR('',#6319,10.);
#1731=VECTOR('',#6320,10.);
#1732=VECTOR('',#6323,10.);
#1733=VECTOR('',#6324,10.);
#1734=VECTOR('',#6329,10.);
#1735=VECTOR('',#6334,10.);
#1736=VECTOR('',#6335,10.);
#1737=VECTOR('',#6336,10.);
#1738=VECTOR('',#6337,10.);
#1739=VECTOR('',#6348,10.);
#1740=VECTOR('',#6351,10.);
#1741=VECTOR('',#6362,10.);
#1742=VECTOR('',#6365,10.);
#1743=VECTOR('',#6366,10.);
#1744=VECTOR('',#6383,10.);
#1745=VECTOR('',#6384,10.);
#1746=VECTOR('',#6385,10.);
#1747=VECTOR('',#6386,10.);
#1748=VECTOR('',#6387,10.);
#1749=VECTOR('',#6390,10.);
#1750=VECTOR('',#6391,10.);
#1751=VECTOR('',#6408,10.);
#1752=VECTOR('',#6409,10.);
#1753=VECTOR('',#6414,2.55);
#1754=VECTOR('',#6419,2.3);
#1755=VECTOR('',#6432,2.3);
#1756=VECTOR('',#6437,2.55);
#1757=VECTOR('',#6440,10.);
#1758=VECTOR('',#6441,10.);
#1759=VECTOR('',#6442,10.);
#1760=VECTOR('',#6445,10.);
#1761=VECTOR('',#6446,10.);
#1762=VECTOR('',#6447,10.);
#1763=VECTOR('',#6456,10.);
#1764=VECTOR('',#6465,10.);
#1765=VECTOR('',#6468,10.);
#1766=VECTOR('',#6471,10.);
#1767=VECTOR('',#6476,10.);
#1768=VECTOR('',#6477,10.);
#1769=VECTOR('',#6480,10.);
#1770=VECTOR('',#6483,10.);
#1771=VECTOR('',#6484,10.);
#1772=VECTOR('',#6485,10.);
#1773=VECTOR('',#6488,10.);
#1774=VECTOR('',#6489,10.);
#1775=VECTOR('',#6494,10.);
#1776=VECTOR('',#6497,10.);
#1777=VECTOR('',#6500,10.);
#1778=VECTOR('',#6501,10.);
#1779=VECTOR('',#6502,10.);
#1780=VECTOR('',#6503,10.);
#1781=VECTOR('',#6510,10.);
#1782=VECTOR('',#6513,10.);
#1783=VECTOR('',#6514,10.);
#1784=VECTOR('',#6515,10.);
#1785=VECTOR('',#6518,10.);
#1786=VECTOR('',#6519,10.);
#1787=VECTOR('',#6526,10.);
#1788=VECTOR('',#6529,10.);
#1789=VECTOR('',#6532,10.);
#1790=VECTOR('',#6533,10.);
#1791=VECTOR('',#6534,10.);
#1792=VECTOR('',#6539,10.);
#1793=VECTOR('',#6542,10.);
#1794=VECTOR('',#6545,10.);
#1795=VECTOR('',#6546,10.);
#1796=VECTOR('',#6549,10.);
#1797=VECTOR('',#6550,10.);
#1798=VECTOR('',#6551,10.);
#1799=VECTOR('',#6556,10.);
#1800=VECTOR('',#6557,10.);
#1801=VECTOR('',#6564,10.);
#1802=VECTOR('',#6575,10.);
#1803=VECTOR('',#6584,10.);
#1804=VECTOR('',#6587,10.);
#1805=VECTOR('',#6590,10.);
#1806=VECTOR('',#6591,10.);
#1807=VECTOR('',#6592,10.);
#1808=VECTOR('',#6595,10.);
#1809=VECTOR('',#6596,10.);
#1810=VECTOR('',#6597,10.);
#1811=VECTOR('',#6600,10.);
#1812=VECTOR('',#6601,10.);
#1813=VECTOR('',#6608,10.);
#1814=VECTOR('',#6611,10.);
#1815=VECTOR('',#6614,10.);
#1816=VECTOR('',#6615,10.);
#1817=VECTOR('',#6616,10.);
#1818=VECTOR('',#6619,10.);
#1819=VECTOR('',#6620,10.);
#1820=VECTOR('',#6621,10.);
#1821=VECTOR('',#6624,10.);
#1822=VECTOR('',#6625,10.);
#1823=VECTOR('',#6632,10.);
#1824=VECTOR('',#6633,10.);
#1825=VECTOR('',#6636,10.);
#1826=VECTOR('',#6637,10.);
#1827=VECTOR('',#6642,10.);
#1828=VECTOR('',#6645,10.);
#1829=VECTOR('',#6650,10.);
#1830=VECTOR('',#6653,10.);
#1831=VECTOR('',#6654,10.);
#1832=VECTOR('',#6661,10.);
#1833=VECTOR('',#6664,10.);
#1834=VECTOR('',#6673,10.);
#1835=VECTOR('',#6674,10.);
#1836=VECTOR('',#6677,10.);
#1837=VECTOR('',#6678,10.);
#1838=VECTOR('',#6679,10.);
#1839=VECTOR('',#6680,10.);
#1840=VECTOR('',#6685,10.);
#1841=VECTOR('',#6688,10.);
#1842=VECTOR('',#6691,10.);
#1843=VECTOR('',#6692,10.);
#1844=VECTOR('',#6703,10.);
#1845=VECTOR('',#6704,10.);
#1846=VECTOR('',#6705,10.);
#1847=VECTOR('',#6708,10.);
#1848=VECTOR('',#6709,10.);
#1849=VECTOR('',#6710,10.);
#1850=VECTOR('',#6713,10.);
#1851=VECTOR('',#6714,10.);
#1852=VECTOR('',#6717,10.);
#1853=VECTOR('',#6718,10.);
#1854=VECTOR('',#6719,10.);
#1855=VECTOR('',#6722,10.);
#1856=VECTOR('',#6725,10.);
#1857=VECTOR('',#6730,10.);
#1858=VECTOR('',#6733,10.);
#1859=VECTOR('',#6738,1.8);
#1860=VECTOR('',#6743,1.8);
#1861=VECTOR('',#6748,1.8);
#1862=VECTOR('',#6753,1.8);
#1863=VECTOR('',#6758,10.);
#1864=VECTOR('',#6759,10.);
#1865=VECTOR('',#6760,10.);
#1866=VECTOR('',#6761,10.);
#1867=VECTOR('',#6762,10.);
#1868=VECTOR('',#6763,10.);
#1869=VECTOR('',#6766,10.);
#1870=VECTOR('',#6767,10.);
#1871=VECTOR('',#6768,10.);
#1872=VECTOR('',#6771,10.);
#1873=VECTOR('',#6772,10.);
#1874=VECTOR('',#6775,10.);
#1875=VECTOR('',#6776,10.);
#1876=VECTOR('',#6779,10.);
#1877=VECTOR('',#6780,10.);
#1878=VECTOR('',#6783,10.);
#1879=VECTOR('',#6784,10.);
#1880=VECTOR('',#6787,10.);
#1881=VECTOR('',#6790,10.);
#1882=VECTOR('',#6791,10.);
#1883=VECTOR('',#6792,10.);
#1884=VECTOR('',#6793,10.);
#1885=VECTOR('',#6794,10.);
#1886=VECTOR('',#6795,10.);
#1887=VECTOR('',#6798,10.);
#1888=VECTOR('',#6799,10.);
#1889=VECTOR('',#6800,10.);
#1890=VECTOR('',#6803,10.);
#1891=VECTOR('',#6804,10.);
#1892=VECTOR('',#6807,10.);
#1893=VECTOR('',#6808,10.);
#1894=VECTOR('',#6811,10.);
#1895=VECTOR('',#6812,10.);
#1896=VECTOR('',#6815,10.);
#1897=VECTOR('',#6816,10.);
#1898=VECTOR('',#6819,10.);
#1899=VECTOR('',#6822,10.);
#1900=VECTOR('',#6823,10.);
#1901=VECTOR('',#6824,10.);
#1902=VECTOR('',#6825,10.);
#1903=VECTOR('',#6826,10.);
#1904=VECTOR('',#6827,10.);
#1905=VECTOR('',#6830,10.);
#1906=VECTOR('',#6831,10.);
#1907=VECTOR('',#6832,10.);
#1908=VECTOR('',#6835,10.);
#1909=VECTOR('',#6836,10.);
#1910=VECTOR('',#6839,10.);
#1911=VECTOR('',#6840,10.);
#1912=VECTOR('',#6843,10.);
#1913=VECTOR('',#6844,10.);
#1914=VECTOR('',#6847,10.);
#1915=VECTOR('',#6848,10.);
#1916=VECTOR('',#6851,10.);
#1917=VECTOR('',#6854,10.);
#1918=VECTOR('',#6855,10.);
#1919=VECTOR('',#6856,10.);
#1920=VECTOR('',#6857,10.);
#1921=VECTOR('',#6858,10.);
#1922=VECTOR('',#6859,10.);
#1923=VECTOR('',#6862,10.);
#1924=VECTOR('',#6863,10.);
#1925=VECTOR('',#6864,10.);
#1926=VECTOR('',#6867,10.);
#1927=VECTOR('',#6868,10.);
#1928=VECTOR('',#6871,10.);
#1929=VECTOR('',#6872,10.);
#1930=VECTOR('',#6875,10.);
#1931=VECTOR('',#6876,10.);
#1932=VECTOR('',#6879,10.);
#1933=VECTOR('',#6880,10.);
#1934=VECTOR('',#6883,10.);
#1935=VECTOR('',#6894,10.);
#1936=VECTOR('',#6915,10.);
#1937=VECTOR('',#6918,10.);
#1938=VECTOR('',#6921,10.);
#1939=VECTOR('',#6922,10.);
#1940=VECTOR('',#6925,10.);
#1941=VECTOR('',#6938,10.);
#1942=VECTOR('',#6939,10.);
#1943=VECTOR('',#6942,10.);
#1944=VECTOR('',#6943,10.);
#1945=VECTOR('',#6944,10.);
#1946=VECTOR('',#6945,10.);
#1947=VECTOR('',#6948,10.);
#1948=VECTOR('',#6949,10.);
#1949=VECTOR('',#6952,10.);
#1950=VECTOR('',#6963,10.);
#1951=VECTOR('',#6982,2.34999999999999);
#1952=VECTOR('',#6987,2.65000000000001);
#1953=VECTOR('',#6992,2.34999999999999);
#1954=VECTOR('',#6997,2.65000000000001);
#1955=VECTOR('',#7004,1.8);
#1956=VECTOR('',#7011,1.8);
#1957=VECTOR('',#7014,10.);
#1958=VECTOR('',#7015,10.);
#1959=VECTOR('',#7018,10.);
#1960=VECTOR('',#7019,10.);
#1961=VECTOR('',#7024,10.);
#1962=VECTOR('',#7025,10.);
#1963=VECTOR('',#7026,10.);
#1964=VECTOR('',#7027,10.);
#1965=VECTOR('',#7030,10.);
#1966=VECTOR('',#7031,10.);
#1967=VECTOR('',#7032,10.);
#1968=VECTOR('',#7035,10.);
#1969=VECTOR('',#7038,10.);
#1970=VECTOR('',#7039,10.);
#1971=VECTOR('',#7042,10.);
#1972=VECTOR('',#7043,10.);
#1973=VECTOR('',#7048,10.);
#1974=VECTOR('',#7051,10.);
#1975=VECTOR('',#7052,10.);
#1976=VECTOR('',#7053,10.);
#1977=VECTOR('',#7056,10.);
#1978=VECTOR('',#7057,10.);
#1979=VECTOR('',#7060,10.);
#1980=VECTOR('',#7061,10.);
#1981=VECTOR('',#7062,10.);
#1982=VECTOR('',#7069,10.);
#1983=VECTOR('',#7072,10.);
#1984=B_SPLINE_CURVE_WITH_KNOTS('',3,(#7102,#7103,#7104,#7105,#7106,#7107,
#7108,#7109,#7110,#7111),.UNSPECIFIED.,.F.,.F.,(4,2,2,2,4),(0.,0.243939443260643,
0.416300788791306,0.512529936945338,0.603606342331123),.UNSPECIFIED.);
#1985=B_SPLINE_CURVE_WITH_KNOTS('',3,(#7114,#7115,#7116,#7117,#7118,#7119),
 .UNSPECIFIED.,.F.,.F.,(4,2,4),(-7.60076596251963,-7.59880123609664,-6.5795834631548),
 .UNSPECIFIED.);
#1986=B_SPLINE_CURVE_WITH_KNOTS('',3,(#7146,#7147,#7148,#7149,#7150,#7151,
#7152,#7153,#7154,#7155),.UNSPECIFIED.,.F.,.F.,(4,2,2,2,4),(0.,0.120407332822792,
0.237117937287049,0.382476390535358,0.607047435770052),.UNSPECIFIED.);
#1987=B_SPLINE_CURVE_WITH_KNOTS('',3,(#7157,#7158,#7159,#7160,#7161,#7162),
 .UNSPECIFIED.,.F.,.F.,(4,2,4),(-1.01882471426042,0.,0.00233889594023499),
 .UNSPECIFIED.);
#1988=B_SPLINE_CURVE_WITH_KNOTS('',3,(#7166,#7167,#7168,#7169,#7170,#7171,
#7172),.UNSPECIFIED.,.F.,.F.,(4,3,4),(0.902759519349679,1.25455036145672,
1.33149510232742),.UNSPECIFIED.);
#1989=B_SPLINE_CURVE_WITH_KNOTS('',3,(#7174,#7175,#7176,#7177,#7178,#7179,
#7180,#7181,#7182,#7183,#7184,#7185,#7186),.UNSPECIFIED.,.F.,.F.,(4,3,3,
3,4),(8.40933014431651,8.41724485898799,8.61003198765773,8.93533514604722,
9.18545982398465),.UNSPECIFIED.);
#1990=B_SPLINE_CURVE_WITH_KNOTS('',3,(#7188,#7189,#7190,#7191,#7192,#7193,
#7194,#7195),.UNSPECIFIED.,.F.,.F.,(4,2,2,4),(-1.4548578078751,-1.42733937654986,
-1.24668127832502,-1.20731680946673),.UNSPECIFIED.);
#1991=B_SPLINE_CURVE_WITH_KNOTS('',3,(#7197,#7198,#7199,#7200,#7201,#7202),
 .UNSPECIFIED.,.F.,.F.,(4,2,4),(3.23096518782276,3.31669490797118,3.44088409671056),
 .UNSPECIFIED.);
#1992=B_SPLINE_CURVE_WITH_KNOTS('',3,(#7204,#7205,#7206,#7207,#7208,#7209,
#7210,#7211),.UNSPECIFIED.,.F.,.F.,(4,2,2,4),(1.37401560544996,1.52846872117926,
1.74595078970585,1.75328434278907),.UNSPECIFIED.);
#1993=B_SPLINE_CURVE_WITH_KNOTS('',3,(#7213,#7214,#7215,#7216,#7217,#7218,
#7219,#7220,#7221,#7222,#7223,#7224),.UNSPECIFIED.,.F.,.F.,(4,2,2,2,2,4),
(-2.5724582012989,-2.43778558846951,-2.30311297564011,-2.13882616456577,
-1.97453935349142,-1.96183954421585),.UNSPECIFIED.);
#1994=B_SPLINE_CURVE_WITH_KNOTS('',3,(#7259,#7260,#7261,#7262),
 .UNSPECIFIED.,.F.,.F.,(4,4),(0.,0.00580260795201149),.UNSPECIFIED.);
#1995=B_SPLINE_CURVE_WITH_KNOTS('',3,(#7264,#7265,#7266,#7267),
 .UNSPECIFIED.,.F.,.F.,(4,4),(-6.927594318265,-6.92359451988163),
 .UNSPECIFIED.);
#1996=B_SPLINE_CURVE_WITH_KNOTS('',3,(#7346,#7347,#7348,#7349,#7350,#7351,
#7352,#7353),.UNSPECIFIED.,.F.,.F.,(4,2,2,4),(0.,0.202784311892073,0.299964081778182,
1.02696528941281),.UNSPECIFIED.);
#1997=B_SPLINE_CURVE_WITH_KNOTS('',3,(#7355,#7356,#7357,#7358,#7359,#7360,
#7361),.UNSPECIFIED.,.F.,.F.,(4,3,4),(2.11925227717268,2.20630955373824,
2.60433484160049),.UNSPECIFIED.);
#1998=B_SPLINE_CURVE_WITH_KNOTS('',3,(#7363,#7364,#7365,#7366,#7367,#7368,
#7369,#7370,#7371,#7372,#7373,#7374,#7375),.UNSPECIFIED.,.F.,.F.,(4,3,3,
3,4),(6.15146463859685,6.4015893165343,6.72689247492378,6.91967960359352,
6.927594318265),.UNSPECIFIED.);
#1999=B_SPLINE_CURVE_WITH_KNOTS('',3,(#7404,#7405,#7406,#7407),
 .UNSPECIFIED.,.F.,.F.,(4,4),(0.,0.00580260789372362),.UNSPECIFIED.);
#2000=B_SPLINE_CURVE_WITH_KNOTS('',3,(#7410,#7411,#7412,#7413),
 .UNSPECIFIED.,.F.,.F.,(4,4),(-8.41332994269987,-8.40933014431651),
 .UNSPECIFIED.);
#2001=B_SPLINE_CURVE_WITH_KNOTS('',3,(#7493,#7494,#7495,#7496,#7497,#7498),
 .UNSPECIFIED.,.F.,.F.,(4,2,4),(0.,0.404018131300939,0.925620935685365),
 .UNSPECIFIED.);
#2002=B_SPLINE_CURVE_WITH_KNOTS('',3,(#7517,#7518,#7519,#7520,#7521,#7522,
#7523,#7524,#7525,#7526,#7527,#7528,#7529,#7530,#7531,#7532,#7533,#7534,
#7535,#7536),.UNSPECIFIED.,.F.,.F.,(4,2,2,2,2,2,2,2,2,4),(1.20731680946674,
1.24668127832501,1.42733937654986,1.60799747477471,1.79126841413307,1.97453935349142,
2.13882616456577,2.30311297564011,2.43778558846951,2.5724582012989),
 .UNSPECIFIED.);
#2003=B_SPLINE_CURVE_WITH_KNOTS('',3,(#7576,#7577,#7578,#7579),
 .UNSPECIFIED.,.F.,.F.,(4,4),(-8.92193334903208,-1.49878743685396),
 .UNSPECIFIED.);
#2004=B_SPLINE_CURVE_WITH_KNOTS('',3,(#7581,#7582,#7583,#7584),
 .UNSPECIFIED.,.F.,.F.,(4,4),(0.384525521071115,2.06083260859346),
 .UNSPECIFIED.);
#2005=B_SPLINE_CURVE_WITH_KNOTS('',3,(#7588,#7589,#7590,#7591),
 .UNSPECIFIED.,.F.,.F.,(4,4),(230.811710119295,230.934263491799),
 .UNSPECIFIED.);
#2006=B_SPLINE_CURVE_WITH_KNOTS('',3,(#7593,#7594,#7595,#7596),
 .UNSPECIFIED.,.F.,.F.,(4,4),(25.5109801658727,25.5117207358661),
 .UNSPECIFIED.);
#2007=B_SPLINE_CURVE_WITH_KNOTS('',3,(#7598,#7599,#7600,#7601,#7602,#7603,
#7604,#7605,#7606,#7607),.UNSPECIFIED.,.F.,.F.,(4,1,1,1,1,1,1,4),(25.5117207358661,
25.8878284287103,26.2639361215546,26.4519899679767,26.6400438143989,27.0161515072431,
27.3922592000874,28.1444745857759),.UNSPECIFIED.);
#2008=B_SPLINE_CURVE_WITH_KNOTS('',3,(#7611,#7612,#7613,#7614,#7615,#7616,
#7617,#7618,#7619,#7620),.UNSPECIFIED.,.F.,.F.,(4,1,1,1,1,1,1,4),(25.5117207358661,
25.8878284287103,26.2639361215546,26.4519899679767,26.6400438143989,27.0161515072431,
27.3922592000874,28.1444745857759),.UNSPECIFIED.);
#2009=B_SPLINE_CURVE_WITH_KNOTS('',3,(#7622,#7623,#7624,#7625),
 .UNSPECIFIED.,.F.,.F.,(4,4),(25.5109801658727,25.5117207358661),
 .UNSPECIFIED.);
#2010=B_SPLINE_CURVE_WITH_KNOTS('',3,(#7627,#7628,#7629,#7630),
 .UNSPECIFIED.,.F.,.F.,(4,4),(230.811710119295,230.934263491799),
 .UNSPECIFIED.);
#2011=B_SPLINE_CURVE_WITH_KNOTS('',3,(#7633,#7634,#7635,#7636),
 .UNSPECIFIED.,.F.,.F.,(4,4),(13.7975421489635,15.4828092079321),
 .UNSPECIFIED.);
#2012=B_SPLINE_CURVE_WITH_KNOTS('',3,(#7680,#7681,#7682,#7683),
 .UNSPECIFIED.,.F.,.F.,(4,4),(0.,0.0857237540500013),.UNSPECIFIED.);
#2013=B_SPLINE_CURVE_WITH_KNOTS('',3,(#7685,#7686,#7687,#7688),
 .UNSPECIFIED.,.F.,.F.,(4,4),(0.,0.0857237539525294),.UNSPECIFIED.);
#2014=B_SPLINE_CURVE_WITH_KNOTS('',3,(#7690,#7691,#7692,#7693),
 .UNSPECIFIED.,.F.,.F.,(4,4),(0.00207692325059041,0.0821326210310226),
 .UNSPECIFIED.);
#2015=B_SPLINE_CURVE_WITH_KNOTS('',3,(#7695,#7696,#7697,#7698),
 .UNSPECIFIED.,.F.,.F.,(4,4),(1.5375946312145,8.88312615452968),
 .UNSPECIFIED.);
#2016=B_SPLINE_CURVE_WITH_KNOTS('',3,(#7699,#7700,#7701,#7702),
 .UNSPECIFIED.,.F.,.F.,(4,4),(0.,0.0800556969739927),.UNSPECIFIED.);
#2017=B_SPLINE_CURVE_WITH_KNOTS('',3,(#7713,#7714,#7715,#7716),
 .UNSPECIFIED.,.F.,.F.,(4,4),(0.0207502080755752,1.64363553564903),
 .UNSPECIFIED.);
#2018=B_SPLINE_CURVE_WITH_KNOTS('',3,(#7718,#7719,#7720,#7721,#7722,#7723,
#7724,#7725),.UNSPECIFIED.,.F.,.F.,(4,2,2,4),(-4.68304969125996,-3.07874321281801,
-1.30052064002297,0.),.UNSPECIFIED.);
#2019=B_SPLINE_CURVE_WITH_KNOTS('',3,(#7727,#7728,#7729,#7730),
 .UNSPECIFIED.,.F.,.F.,(4,4),(0.,1.15750854569697),.UNSPECIFIED.);
#2020=B_SPLINE_CURVE_WITH_KNOTS('',3,(#7736,#7737,#7738,#7739),
 .UNSPECIFIED.,.F.,.F.,(4,4),(0.00186782251350043,1.15938732573922),
 .UNSPECIFIED.);
#2021=B_SPLINE_CURVE_WITH_KNOTS('',3,(#7741,#7742,#7743,#7744,#7745,#7746,
#7747,#7748,#7749,#7750),.UNSPECIFIED.,.F.,.F.,(4,2,2,2,4),(-4.68933642494374,
-3.80090714872728,-2.78034132687778,-1.35133233087711,0.),.UNSPECIFIED.);
#2022=B_SPLINE_CURVE_WITH_KNOTS('',3,(#7751,#7752,#7753,#7754),
 .UNSPECIFIED.,.F.,.F.,(4,4),(0.044432277986465,1.66731760559234),
 .UNSPECIFIED.);
#2023=B_SPLINE_CURVE_WITH_KNOTS('',3,(#7772,#7773,#7774,#7775),
 .UNSPECIFIED.,.F.,.F.,(4,4),(-15.5173354538755,-13.7795904782115),
 .UNSPECIFIED.);
#2024=B_SPLINE_CURVE_WITH_KNOTS('',3,(#7777,#7778,#7779,#7780),
 .UNSPECIFIED.,.F.,.F.,(4,4),(0.619760970752125,0.619787157641782),
 .UNSPECIFIED.);
#2025=B_SPLINE_CURVE_WITH_KNOTS('',3,(#7782,#7783,#7784,#7785),
 .UNSPECIFIED.,.F.,.F.,(4,4),(-0.247342091222742,-0.185396027501751),
 .UNSPECIFIED.);
#2026=B_SPLINE_CURVE_WITH_KNOTS('',3,(#7786,#7787,#7788,#7789),
 .UNSPECIFIED.,.F.,.F.,(4,4),(-0.053301113952993,1.75958055921831),
 .UNSPECIFIED.);
#2027=B_SPLINE_CURVE_WITH_KNOTS('',3,(#7806,#7807,#7808,#7809,#7810,#7811),
 .UNSPECIFIED.,.F.,.F.,(4,2,4),(0.,0.0453135354064739,0.0906362049165947),
 .UNSPECIFIED.);
#2028=B_SPLINE_CURVE_WITH_KNOTS('',3,(#7818,#7819,#7820,#7821,#7822,#7823),
 .UNSPECIFIED.,.F.,.F.,(4,2,4),(-7.0669183294273,-6.65860482495006,-5.21472781899572),
 .UNSPECIFIED.);
#2029=B_SPLINE_CURVE_WITH_KNOTS('',3,(#7825,#7826,#7827,#7828),
 .UNSPECIFIED.,.F.,.F.,(4,4),(-5.2147278189862,-3.71420065854536),
 .UNSPECIFIED.);
#2030=B_SPLINE_CURVE_WITH_KNOTS('',3,(#7829,#7830,#7831,#7832),
 .UNSPECIFIED.,.F.,.F.,(4,4),(-3.71398134478461,-2.71079291228129),
 .UNSPECIFIED.);
#2031=B_SPLINE_CURVE_WITH_KNOTS('',3,(#7836,#7837,#7838,#7839),
 .UNSPECIFIED.,.F.,.F.,(4,4),(-2.47354157970341,-1.47035316048727),
 .UNSPECIFIED.);
#2032=B_SPLINE_CURVE_WITH_KNOTS('',3,(#7841,#7842,#7843,#7844),
 .UNSPECIFIED.,.F.,.F.,(4,4),(-9.60300899135477,-8.10248183091734),
 .UNSPECIFIED.);
#2033=B_SPLINE_CURVE_WITH_KNOTS('',3,(#7846,#7847,#7848,#7849,#7850,#7851),
 .UNSPECIFIED.,.F.,.F.,(4,2,4),(-8.10248183090781,-6.65860482495006,-6.25029132047283),
 .UNSPECIFIED.);
#2034=B_SPLINE_CURVE_WITH_KNOTS('',3,(#7875,#7876,#7877,#7878),
 .UNSPECIFIED.,.F.,.F.,(4,4),(-0.357761753564792,0.385508765285316),
 .UNSPECIFIED.);
#2035=B_SPLINE_CURVE_WITH_KNOTS('',3,(#7880,#7881,#7882,#7883),
 .UNSPECIFIED.,.F.,.F.,(4,4),(-0.398368440636003,-0.385508765285276),
 .UNSPECIFIED.);
#2036=B_SPLINE_CURVE_WITH_KNOTS('',3,(#7885,#7886,#7887,#7888,#7889,#7890,
#7891,#7892),.UNSPECIFIED.,.F.,.F.,(4,2,2,4),(-4.06258069605065,-3.09976909683291,
-2.10151614593518,0.),.UNSPECIFIED.);
#2037=B_SPLINE_CURVE_WITH_KNOTS('',3,(#7894,#7895,#7896,#7897),
 .UNSPECIFIED.,.F.,.F.,(4,4),(4.53421545215438,4.57126324016955),
 .UNSPECIFIED.);
#2038=B_SPLINE_CURVE_WITH_KNOTS('',3,(#7898,#7899,#7900,#7901),
 .UNSPECIFIED.,.F.,.F.,(4,4),(0.0550566712568739,1.86793834442817),
 .UNSPECIFIED.);
#2039=B_SPLINE_CURVE_WITH_KNOTS('',3,(#7919,#7920,#7921,#7922),
 .UNSPECIFIED.,.F.,.F.,(4,4),(2.53689877909631,2.87460467800137),
 .UNSPECIFIED.);
#2040=B_SPLINE_CURVE_WITH_KNOTS('',3,(#7924,#7925,#7926,#7927),
 .UNSPECIFIED.,.F.,.F.,(4,4),(0.,0.638672709730468),.UNSPECIFIED.);
#2041=B_SPLINE_CURVE_WITH_KNOTS('',3,(#7928,#7929,#7930,#7931),
 .UNSPECIFIED.,.F.,.F.,(4,4),(-12.1592473361858,-11.7316720150206),
 .UNSPECIFIED.);
#2042=B_SPLINE_CURVE_WITH_KNOTS('',3,(#7949,#7950,#7951,#7952),
 .UNSPECIFIED.,.F.,.F.,(4,4),(-2.07869151883488,-0.350187823662135),
 .UNSPECIFIED.);
#2043=B_SPLINE_CURVE_WITH_KNOTS('',3,(#7953,#7954,#7955,#7956,#7957,#7958),
 .UNSPECIFIED.,.F.,.F.,(4,2,4),(0.,0.0453137444243876,0.09063620546787),
 .UNSPECIFIED.);
#2044=B_SPLINE_CURVE_WITH_KNOTS('',3,(#7961,#7962,#7963,#7964,#7965,#7966),
 .UNSPECIFIED.,.F.,.F.,(4,2,4),(-0.0912572070866657,-0.0456188382866659,
0.),.UNSPECIFIED.);
#2045=B_SPLINE_CURVE_WITH_KNOTS('',3,(#7972,#7973,#7974,#7975),
 .UNSPECIFIED.,.F.,.F.,(4,4),(0.464232697086797,0.464258884008569),
 .UNSPECIFIED.);
#2046=B_SPLINE_CURVE_WITH_KNOTS('',3,(#7980,#7981,#7982,#7983,#7984,#7985),
 .UNSPECIFIED.,.F.,.F.,(4,2,4),(-0.0912572070866657,-0.0456188382866659,
0.),.UNSPECIFIED.);
#2047=B_SPLINE_CURVE_WITH_KNOTS('',3,(#8002,#8003,#8004,#8005),
 .UNSPECIFIED.,.F.,.F.,(4,4),(-0.247342091222742,-0.185396027501751),
 .UNSPECIFIED.);
#2048=B_SPLINE_CURVE_WITH_KNOTS('',3,(#8044,#8045,#8046,#8047,#8048,#8049,
#8050,#8051),.UNSPECIFIED.,.F.,.F.,(4,1,1,1,1,4),(1.03824146604365,1.34639685153848,
1.79519580205131,2.24399475256414,2.69279370307697,3.14159265358979),
 .UNSPECIFIED.);
#2049=B_SPLINE_CURVE_WITH_KNOTS('',3,(#8053,#8054,#8055,#8056,#8057,#8058,
#8059),.UNSPECIFIED.,.F.,.F.,(4,1,1,1,4),(-1.03824147166671,-0.448798950512828,
-0.149599650170943,0.448798950512828,1.03824146604365),.UNSPECIFIED.);
#2050=B_SPLINE_CURVE_WITH_KNOTS('',3,(#8060,#8061,#8062,#8063,#8064,#8065),
 .UNSPECIFIED.,.F.,.F.,(4,1,1,4),(-3.14159265358979,-2.24399475256414,-1.34639685153848,
-1.0382414716667),.UNSPECIFIED.);
#2051=B_SPLINE_CURVE_WITH_KNOTS('',3,(#8121,#8122,#8123,#8124,#8125,#8126,
#8127,#8128),.UNSPECIFIED.,.F.,.F.,(4,1,1,1,1,4),(-3.14159265358979,-2.69279370307697,
-2.24399475256414,-1.79519580205131,-1.34639685153848,-1.10558200679298),
 .UNSPECIFIED.);
#2052=B_SPLINE_CURVE_WITH_KNOTS('',3,(#8130,#8131,#8132,#8133,#8134,#8135,
#8136),.UNSPECIFIED.,.F.,.F.,(4,1,1,1,4),(-1.10558200679297,-0.448798950512828,
0.149599650170943,0.448798950512828,1.1055820085334),.UNSPECIFIED.);
#2053=B_SPLINE_CURVE_WITH_KNOTS('',3,(#8137,#8138,#8139,#8140,#8141,#8142),
 .UNSPECIFIED.,.F.,.F.,(4,1,1,4),(1.1055820085334,1.34639685153848,2.24399475256414,
3.14159265358979),.UNSPECIFIED.);
#2054=B_SPLINE_CURVE_WITH_KNOTS('',3,(#8153,#8154,#8155,#8156,#8157,#8158,
#8159,#8160),.UNSPECIFIED.,.F.,.F.,(4,1,1,1,1,4),(1.03824146604365,1.34639685153848,
1.79519580205131,2.24399475256414,2.69279370307697,3.14159265358979),
 .UNSPECIFIED.);
#2055=B_SPLINE_CURVE_WITH_KNOTS('',3,(#8162,#8163,#8164,#8165,#8166,#8167,
#8168),.UNSPECIFIED.,.F.,.F.,(4,1,1,1,4),(-1.0382414716667,-0.448798950512828,
-0.149599650170943,0.448798950512828,1.03824146604365),.UNSPECIFIED.);
#2056=B_SPLINE_CURVE_WITH_KNOTS('',3,(#8169,#8170,#8171,#8172,#8173,#8174),
 .UNSPECIFIED.,.F.,.F.,(4,1,1,4),(-3.14159265358979,-2.24399475256414,-1.34639685153848,
-1.03824147166669),.UNSPECIFIED.);
#2057=B_SPLINE_CURVE_WITH_KNOTS('',3,(#8230,#8231,#8232,#8233,#8234,#8235,
#8236,#8237),.UNSPECIFIED.,.F.,.F.,(4,1,1,1,1,4),(-3.14159265358979,-2.69279370307697,
-2.24399475256414,-1.79519580205131,-1.34639685153848,-1.10558200679298),
 .UNSPECIFIED.);
#2058=B_SPLINE_CURVE_WITH_KNOTS('',3,(#8239,#8240,#8241,#8242,#8243,#8244,
#8245),.UNSPECIFIED.,.F.,.F.,(4,1,1,1,4),(-1.10558200679298,-0.448798950512828,
0.149599650170943,0.448798950512828,1.1055820085334),.UNSPECIFIED.);
#2059=B_SPLINE_CURVE_WITH_KNOTS('',3,(#8246,#8247,#8248,#8249,#8250,#8251),
 .UNSPECIFIED.,.F.,.F.,(4,1,1,4),(1.1055820085334,1.34639685153848,2.24399475256414,
3.14159265358979),.UNSPECIFIED.);
#2060=B_SPLINE_CURVE_WITH_KNOTS('',3,(#8306,#8307,#8308,#8309,#8310,#8311),
 .UNSPECIFIED.,.F.,.F.,(4,1,1,4),(1.1055820085334,1.34639685153848,2.24399475256414,
3.14159265358979),.UNSPECIFIED.);
#2061=B_SPLINE_CURVE_WITH_KNOTS('',3,(#8315,#8316,#8317,#8318,#8319,#8320),
 .UNSPECIFIED.,.F.,.F.,(4,1,1,4),(-3.14159265358979,-2.24399475256414,-1.34639685153848,
-1.0382414716667),.UNSPECIFIED.);
#2062=B_SPLINE_CURVE_WITH_KNOTS('',3,(#8322,#8323,#8324,#8325,#8326,#8327,
#8328),.UNSPECIFIED.,.F.,.F.,(4,1,1,1,4),(-1.0382414716667,-0.448798950512828,
-0.149599650170943,0.448798950512828,1.03824146604365),.UNSPECIFIED.);
#2063=B_SPLINE_CURVE_WITH_KNOTS('',3,(#8329,#8330,#8331,#8332,#8333,#8334,
#8335,#8336),.UNSPECIFIED.,.F.,.F.,(4,1,1,1,1,4),(1.03824146604365,1.34639685153848,
1.79519580205131,2.24399475256414,2.69279370307697,3.14159265358979),
 .UNSPECIFIED.);
#2064=B_SPLINE_CURVE_WITH_KNOTS('',3,(#8338,#8339,#8340,#8341,#8342,#8343,
#8344,#8345),.UNSPECIFIED.,.F.,.F.,(4,1,1,1,1,4),(-3.14159265358979,-2.69279370307697,
-2.24399475256414,-1.79519580205131,-1.34639685153848,-1.10558200679298),
 .UNSPECIFIED.);
#2065=B_SPLINE_CURVE_WITH_KNOTS('',3,(#8346,#8347,#8348,#8349,#8350,#8351,
#8352),.UNSPECIFIED.,.F.,.F.,(4,1,1,1,4),(-1.10558200679298,-0.448798950512828,
0.149599650170943,0.448798950512828,1.1055820085334),.UNSPECIFIED.);
#2066=B_SPLINE_CURVE_WITH_KNOTS('',3,(#8370,#8371,#8372,#8373,#8374,#8375),
 .UNSPECIFIED.,.F.,.F.,(4,2,4),(-0.0834143561395329,-0.0590957199630959,
0.),.UNSPECIFIED.);
#2067=B_SPLINE_CURVE_WITH_KNOTS('',3,(#8379,#8380,#8381,#8382,#8383,#8384),
 .UNSPECIFIED.,.F.,.F.,(4,2,4),(0.,0.0590957199631293,0.0834143561395896),
 .UNSPECIFIED.);
#2068=B_SPLINE_CURVE_WITH_KNOTS('',3,(#8392,#8393,#8394,#8395),
 .UNSPECIFIED.,.F.,.F.,(4,4),(-2.87460467800059,-2.53689877909549),
 .UNSPECIFIED.);
#2069=B_SPLINE_CURVE_WITH_KNOTS('',3,(#8399,#8400,#8401,#8402),
 .UNSPECIFIED.,.F.,.F.,(4,4),(-11.5668194371298,-7.16367430300688),
 .UNSPECIFIED.);
#2070=B_SPLINE_CURVE_WITH_KNOTS('',3,(#8404,#8405,#8406,#8407,#8408),
 .UNSPECIFIED.,.F.,.F.,(4,1,4),(-2.99051839039423,-1.28165073874038,-2.1205104899104E-16),
 .UNSPECIFIED.);
#2071=B_SPLINE_CURVE_WITH_KNOTS('',3,(#8412,#8413,#8414,#8415,#8416),
 .UNSPECIFIED.,.F.,.F.,(4,1,4),(0.,1.28165075722054,2.9905184335146),
 .UNSPECIFIED.);
#2072=B_SPLINE_CURVE_WITH_KNOTS('',3,(#8418,#8419,#8420,#8421),
 .UNSPECIFIED.,.F.,.F.,(4,4),(-4.40314513411254,-3.082019822588E-15),
 .UNSPECIFIED.);
#2073=B_SPLINE_CURVE_WITH_KNOTS('',3,(#8693,#8694,#8695,#8696,#8697,#8698,
#8699,#8700,#8701,#8702,#8703,#8704,#8705,#8706),.UNSPECIFIED.,.T.,.F.,
(4,1,1,1,1,1,1,1,1,1,1,4),(-3.14159265358979,-2.69279370307697,-2.24399475256414,
-1.34639685153848,-0.747998250854713,-0.448798950512828,0.448798950512828,
1.34639685153848,1.79519580205131,2.24399475256414,2.69279370307697,3.14159265358979),
 .UNSPECIFIED.);
#2074=B_SPLINE_CURVE_WITH_KNOTS('',3,(#8707,#8708,#8709,#8710,#8711,#8712,
#8713,#8714,#8715,#8716,#8717,#8718,#8719,#8720),.UNSPECIFIED.,.T.,.F.,
(4,1,1,1,1,1,1,1,1,1,1,4),(-3.14159265358979,-2.69279370307697,-2.24399475256414,
-1.79519580205131,-1.34639685153848,-0.448798950512828,0.448798950512828,
0.747998250854713,1.34639685153848,2.24399475256414,2.69279370307697,3.14159265358979),
 .UNSPECIFIED.);
#2075=B_SPLINE_CURVE_WITH_KNOTS('',3,(#8784,#8785,#8786,#8787,#8788,#8789,
#8790,#8791,#8792,#8793,#8794,#8795,#8796,#8797),.UNSPECIFIED.,.T.,.F.,
(4,1,1,1,1,1,1,1,1,1,1,4),(-3.14159265358979,-2.69279370307697,-2.24399475256414,
-1.34639685153848,-0.747998250854713,-0.448798950512828,0.448798950512828,
1.34639685153848,1.79519580205131,2.24399475256414,2.69279370307697,3.14159265358979),
 .UNSPECIFIED.);
#2076=B_SPLINE_CURVE_WITH_KNOTS('',3,(#8798,#8799,#8800,#8801,#8802,#8803,
#8804,#8805,#8806,#8807,#8808,#8809,#8810,#8811),.UNSPECIFIED.,.T.,.F.,
(4,1,1,1,1,1,1,1,1,1,1,4),(-3.14159265358979,-2.69279370307697,-2.24399475256414,
-1.79519580205131,-1.34639685153848,-0.448798950512828,0.448798950512828,
0.747998250854713,1.34639685153848,2.24399475256414,2.69279370307697,3.14159265358979),
 .UNSPECIFIED.);
#2077=B_SPLINE_CURVE_WITH_KNOTS('',3,(#8871,#8872,#8873,#8874,#8875,#8876,
#8877,#8878,#8879,#8880,#8881,#8882,#8883),.UNSPECIFIED.,.T.,.F.,(4,1,1,
1,1,1,1,1,1,1,4),(-3.14159265358979,-2.24399475256414,-1.34639685153848,
-0.747998250854713,-0.448798950512828,0.448798950512828,1.34639685153848,
1.79519580205131,2.24399475256414,2.69279370307697,3.14159265358979),
 .UNSPECIFIED.);
#2078=B_SPLINE_CURVE_WITH_KNOTS('',3,(#8884,#8885,#8886,#8887,#8888,#8889,
#8890,#8891,#8892,#8893,#8894,#8895,#8896),.UNSPECIFIED.,.T.,.F.,(4,1,1,
1,1,1,1,1,1,1,4),(-3.14159265358979,-2.69279370307697,-2.24399475256414,
-1.79519580205131,-1.34639685153848,-0.448798950512828,0.448798950512828,
0.747998250854713,1.34639685153848,2.24399475256414,3.14159265358979),
 .UNSPECIFIED.);
#2079=B_SPLINE_CURVE_WITH_KNOTS('',3,(#8927,#8928,#8929,#8930,#8931,#8932,
#8933,#8934,#8935,#8936,#8937,#8938),.UNSPECIFIED.,.F.,.F.,(4,2,2,2,2,4),
(3.36145748071543,3.3719241460929,3.49357961685537,3.6337282284451,3.73476114923132,
3.83579407001754),.UNSPECIFIED.);
#2080=B_SPLINE_CURVE_WITH_KNOTS('',3,(#8940,#8941,#8942,#8943),
 .UNSPECIFIED.,.F.,.F.,(4,4),(3.25026867533042,3.36145748074322),
 .UNSPECIFIED.);
#2081=B_SPLINE_CURVE_WITH_KNOTS('',3,(#9172,#9173,#9174,#9175,#9176,#9177),
 .UNSPECIFIED.,.F.,.F.,(4,1,1,4),(-1.11502557871181,-0.637157473549605,
-0.318578736774802,0.),.UNSPECIFIED.);
#2082=B_SPLINE_CURVE_WITH_KNOTS('',3,(#9179,#9180,#9181,#9182),
 .UNSPECIFIED.,.F.,.F.,(4,4),(-1.5707963267949,-1.11502557871104),
 .UNSPECIFIED.);
#2083=B_SPLINE_CURVE_WITH_KNOTS('',3,(#9184,#9185,#9186,#9187,#9188,#9189,
#9190),.UNSPECIFIED.,.F.,.F.,(4,1,1,1,4),(-1.52655665885959E-16,0.448798950512827,
0.673198425769241,1.12199737628207,1.5707963267949),.UNSPECIFIED.);
#2084=B_SPLINE_CURVE_WITH_KNOTS('',3,(#9194,#9195,#9196,#9197,#9198,#9199),
 .UNSPECIFIED.,.F.,.F.,(4,1,1,4),(-1.5707963267949,-0.897597901025655,-0.448798950512828,
-7.93016446160825E-17),.UNSPECIFIED.);
#2085=B_SPLINE_CURVE_WITH_KNOTS('',3,(#9201,#9202,#9203,#9204),
 .UNSPECIFIED.,.F.,.F.,(4,4),(1.11502557871105,1.5707963267949),
 .UNSPECIFIED.);
#2086=B_SPLINE_CURVE_WITH_KNOTS('',3,(#9205,#9206,#9207,#9208,#9209,#9210,
#9211),.UNSPECIFIED.,.F.,.F.,(4,1,1,1,4),(5.55111512312578E-17,0.159289368387402,
0.477868105162205,0.796446841937009,1.11502557871181),.UNSPECIFIED.);
#2087=B_SPLINE_CURVE_WITH_KNOTS('',3,(#9215,#9216,#9217,#9218,#9219,#9220,
#9221,#9222,#9223,#9224,#9225,#9226),.UNSPECIFIED.,.F.,.F.,(4,2,2,2,2,4),
(0.,0.101032920786223,0.202065841572446,0.342214453162172,0.463869923924642,
0.474336589302104),.UNSPECIFIED.);
#2088=B_SPLINE_CURVE_WITH_KNOTS('',3,(#9228,#9229,#9230,#9231),
 .UNSPECIFIED.,.F.,.F.,(4,4),(0.474336589274317,0.585525394687113),
 .UNSPECIFIED.);
#2089=B_SPLINE_CURVE_WITH_KNOTS('',3,(#9257,#9258,#9259,#9260,#9261,#9262),
 .UNSPECIFIED.,.F.,.F.,(4,2,4),(-0.635226520712075,-0.317554669215846,0.),
 .UNSPECIFIED.);
#2090=B_SPLINE_CURVE_WITH_KNOTS('',3,(#9263,#9264,#9265,#9266),
 .UNSPECIFIED.,.F.,.F.,(4,4),(-3.22237943057114,-2.58878113495551),
 .UNSPECIFIED.);
#2091=B_SPLINE_CURVE_WITH_KNOTS('',3,(#9294,#9295,#9296,#9297,#9298,#9299,
#9300,#9301),.UNSPECIFIED.,.F.,.F.,(4,2,2,4),(-2.06673077721562,-1.4672300680776,
-0.868248315702466,0.),.UNSPECIFIED.);
#2092=B_SPLINE_CURVE_WITH_KNOTS('',3,(#9302,#9303,#9304,#9305,#9306,#9307,
#9308,#9309,#9310,#9311),.UNSPECIFIED.,.F.,.F.,(4,3,3,4),(-2.06113260155467,
-1.47004133333763,-0.878950065120587,0.),.UNSPECIFIED.);
#2093=B_SPLINE_CURVE_WITH_KNOTS('',3,(#9318,#9319,#9320,#9321,#9322,#9323),
 .UNSPECIFIED.,.F.,.F.,(4,2,4),(-0.517078835989257,-0.258453883748181,0.),
 .UNSPECIFIED.);
#2094=B_SPLINE_CURVE_WITH_KNOTS('',3,(#9325,#9326,#9327,#9328,#9329,#9330,
#9331,#9332),.UNSPECIFIED.,.F.,.F.,(4,2,2,4),(-2.06673077721562,-1.4672300680776,
-0.868248315702466,0.),.UNSPECIFIED.);
#2095=B_SPLINE_CURVE_WITH_KNOTS('',3,(#9333,#9334,#9335,#9336,#9337,#9338),
 .UNSPECIFIED.,.F.,.F.,(4,2,4),(-0.635226520712075,-0.317554669215846,0.),
 .UNSPECIFIED.);
#2096=B_SPLINE_CURVE_WITH_KNOTS('',3,(#9361,#9362,#9363,#9364),
 .UNSPECIFIED.,.F.,.F.,(4,4),(-3.22237943057114,-2.58878113495551),
 .UNSPECIFIED.);
#2097=B_SPLINE_CURVE_WITH_KNOTS('',3,(#9391,#9392,#9393,#9394,#9395,#9396,
#9397,#9398,#9399,#9400),.UNSPECIFIED.,.F.,.F.,(4,3,3,4),(-2.06113260155467,
-1.47004133333763,-0.878950065120588,0.),.UNSPECIFIED.);
#2098=B_SPLINE_CURVE_WITH_KNOTS('',3,(#9415,#9416,#9417,#9418),
 .UNSPECIFIED.,.F.,.F.,(4,4),(-0.512555895050165,0.),.UNSPECIFIED.);
#2099=B_SPLINE_CURVE_WITH_KNOTS('',3,(#9434,#9435,#9436,#9437,#9438,#9439),
 .UNSPECIFIED.,.F.,.F.,(4,2,4),(-0.517078835989257,-0.258453883748181,0.),
 .UNSPECIFIED.);
#2100=B_SPLINE_CURVE_WITH_KNOTS('',3,(#9440,#9441,#9442,#9443),
 .UNSPECIFIED.,.F.,.F.,(4,4),(-0.512555895050165,0.),.UNSPECIFIED.);
#2101=B_SPLINE_CURVE_WITH_KNOTS('',3,(#9499,#9500,#9501,#9502,#9503,#9504,
#9505,#9506),.UNSPECIFIED.,.F.,.F.,(4,1,1,1,1,4),(-27.0084068260686,-26.6400438143989,
-26.4519899679767,-26.2639361215546,-25.8878284287103,-25.5117207358661),
 .UNSPECIFIED.);
#2102=B_SPLINE_CURVE_WITH_KNOTS('',3,(#9507,#9508,#9509,#9510,#9511,#9512),
 .UNSPECIFIED.,.F.,.F.,(4,1,1,4),(-28.1444745857759,-27.3922592000874,-27.0161515072431,
-27.0084068260686),.UNSPECIFIED.);
#2103=B_SPLINE_CURVE_WITH_KNOTS('',3,(#9552,#9553,#9554,#9555),
 .UNSPECIFIED.,.F.,.F.,(4,4),(2.60237832938369,3.23606365879846),
 .UNSPECIFIED.);
#2104=B_SPLINE_CURVE_WITH_KNOTS('',3,(#9557,#9558,#9559,#9560),
 .UNSPECIFIED.,.F.,.F.,(4,4),(0.,5.4509802506919),.UNSPECIFIED.);
#2105=B_SPLINE_CURVE_WITH_KNOTS('',3,(#9561,#9562,#9563,#9564),
 .UNSPECIFIED.,.F.,.F.,(4,4),(5.4509802506919,20.0347668590281),
 .UNSPECIFIED.);
#2106=B_SPLINE_CURVE_WITH_KNOTS('',3,(#9588,#9589,#9590,#9591),
 .UNSPECIFIED.,.F.,.F.,(4,4),(-5.4509802506919,0.),.UNSPECIFIED.);
#2107=B_SPLINE_CURVE_WITH_KNOTS('',3,(#9592,#9593,#9594,#9595),
 .UNSPECIFIED.,.F.,.F.,(4,4),(-20.0347668590281,-5.4509802506919),
 .UNSPECIFIED.);
#2108=B_SPLINE_CURVE_WITH_KNOTS('',3,(#9836,#9837,#9838,#9839,#9840,#9841,
#9842,#9843,#9844,#9845),.UNSPECIFIED.,.F.,.F.,(4,1,1,1,1,1,1,4),(-0.130130043143492,
-0.111540036980136,-0.0929500308167799,-0.0743600246534239,-0.0557700184900679,
-0.037180012326712,-0.018590006163356,0.),.UNSPECIFIED.);
#2109=B_SPLINE_CURVE_WITH_KNOTS('',3,(#9848,#9849,#9850,#9851,#9852,#9853,
#9854,#9855,#9856,#9857),.UNSPECIFIED.,.F.,.F.,(4,1,1,1,1,1,1,4),(0.,0.018590006163356,
0.037180012326712,0.0557700184900679,0.0743600246534239,0.0929500308167799,
0.111540036980136,0.130130043143492),.UNSPECIFIED.);
#2110=B_SPLINE_CURVE_WITH_KNOTS('',3,(#9878,#9879,#9880,#9881),
 .UNSPECIFIED.,.F.,.F.,(4,4),(2.60237832938367,3.23606365879846),
 .UNSPECIFIED.);
#2111=B_SPLINE_CURVE_WITH_KNOTS('',3,(#9882,#9883,#9884,#9885),
 .UNSPECIFIED.,.F.,.F.,(4,4),(2.60237832938369,3.23606365879846),
 .UNSPECIFIED.);
#2112=B_SPLINE_CURVE_WITH_KNOTS('',3,(#9917,#9918,#9919,#9920,#9921,#9922,
#9923,#9924,#9925,#9926,#9927,#9928,#9929),.UNSPECIFIED.,.F.,.F.,(4,3,3,
3,4),(-1.74074399534035,-1.24338856810025,-0.746033140860148,-0.248677713620048,
0.),.UNSPECIFIED.);
#2113=B_SPLINE_CURVE_WITH_KNOTS('',3,(#9944,#9945,#9946,#9947,#9948,#9949,
#9950,#9951,#9952,#9953,#9954,#9955,#9956,#9957),.UNSPECIFIED.,.F.,.F.,
(4,2,2,2,2,2,4),(4.01074640283746E-5,0.276492231740108,0.462266506915941,
0.595313663746377,0.706341801386669,0.81263241319291,0.929093056252648),
 .UNSPECIFIED.);
#2114=B_SPLINE_CURVE_WITH_KNOTS('',3,(#9960,#9961,#9962,#9963),
 .UNSPECIFIED.,.F.,.F.,(4,4),(0.,4.01072696521133E-5),.UNSPECIFIED.);
#2115=B_SPLINE_CURVE_WITH_KNOTS('',3,(#9965,#9966,#9967,#9968,#9969,#9970,
#9971,#9972,#9973,#9974),.UNSPECIFIED.,.F.,.F.,(4,2,2,2,4),(5.40840412757441,
6.50519489908967,7.69041043753421,8.87562597597876,9.99097538290964),
 .UNSPECIFIED.);
#2116=B_SPLINE_CURVE_WITH_KNOTS('',3,(#9979,#9980,#9981,#9982,#9983,#9984,
#9985,#9986),.UNSPECIFIED.,.F.,.F.,(4,2,2,4),(-4.38388268833514,-3.13452048846635,
-1.89327981045729,-0.0369551153039154),.UNSPECIFIED.);
#2117=B_SPLINE_CURVE_WITH_KNOTS('',3,(#9990,#9991,#9992,#9993,#9994,#9995,
#9996,#9997,#9998,#9999),.UNSPECIFIED.,.F.,.F.,(4,2,2,2,4),(12.1283215815457,
13.2439787051603,14.4292451686031,15.614511632046,16.7108906806603),
 .UNSPECIFIED.);
#2118=B_SPLINE_CURVE_WITH_KNOTS('',3,(#10001,#10002,#10003,#10004),
 .UNSPECIFIED.,.F.,.F.,(4,4),(0.652056072707671,0.652084065758505),
 .UNSPECIFIED.);
#2119=B_SPLINE_CURVE_WITH_KNOTS('',3,(#10007,#10008,#10009,#10010,#10011,
#10012,#10013),.UNSPECIFIED.,.F.,.F.,(4,3,4),(11.879616785165,11.9061381317748,
12.3428640954651),.UNSPECIFIED.);
#2120=B_SPLINE_CURVE_WITH_KNOTS('',3,(#10015,#10016,#10017,#10018),
 .UNSPECIFIED.,.F.,.F.,(4,4),(0.,0.0369456987602379),.UNSPECIFIED.);
#2121=B_SPLINE_CURVE_WITH_KNOTS('',3,(#10041,#10042,#10043,#10044),
 .UNSPECIFIED.,.F.,.F.,(4,4),(2.20014599575425,2.21300567110456),
 .UNSPECIFIED.);
#2122=B_SPLINE_CURVE_WITH_KNOTS('',3,(#10045,#10046,#10047,#10048),
 .UNSPECIFIED.,.F.,.F.,(4,4),(-2.20014599575425,-1.45687547691039),
 .UNSPECIFIED.);
#2123=B_SPLINE_CURVE_WITH_KNOTS('',3,(#10067,#10068,#10069,#10070),
 .UNSPECIFIED.,.F.,.F.,(4,4),(2.57129922026702,3.20996992637987),
 .UNSPECIFIED.);
#2124=B_SPLINE_CURVE_WITH_KNOTS('',3,(#10072,#10073,#10074,#10075,#10076,
#10077,#10078,#10079,#10080,#10081,#10082,#10083,#10084,#10085),
 .UNSPECIFIED.,.F.,.F.,(4,2,2,2,2,2,4),(0.,0.102458933326339,0.180649895449647,
0.255130398487925,0.344418812445971,0.47723934585098,0.691031752589723),
 .UNSPECIFIED.);
#2125=B_SPLINE_CURVE_WITH_KNOTS('',3,(#10104,#10105,#10106,#10107),
 .UNSPECIFIED.,.F.,.F.,(4,4),(-25.5117207358661,-25.5109801658727),
 .UNSPECIFIED.);
#2126=B_SPLINE_CURVE_WITH_KNOTS('',3,(#10124,#10125,#10126,#10127),
 .UNSPECIFIED.,.F.,.F.,(4,4),(-230.934263491799,-230.809840947552),
 .UNSPECIFIED.);
#2127=B_SPLINE_CURVE_WITH_KNOTS('',3,(#10147,#10148,#10149,#10150),
 .UNSPECIFIED.,.F.,.F.,(4,4),(-25.5117207358661,-25.5109801658727),
 .UNSPECIFIED.);
#2128=B_SPLINE_CURVE_WITH_KNOTS('',3,(#10168,#10169,#10170,#10171),
 .UNSPECIFIED.,.F.,.F.,(4,4),(-230.934263491799,-230.809840947552),
 .UNSPECIFIED.);
#2129=B_SPLINE_CURVE_WITH_KNOTS('',3,(#10203,#10204,#10205,#10206),
 .UNSPECIFIED.,.F.,.F.,(4,4),(5.35578394377798,13.6429328563282),
 .UNSPECIFIED.);
#2130=B_SPLINE_CURVE_WITH_KNOTS('',3,(#10208,#10209,#10210,#10211),
 .UNSPECIFIED.,.F.,.F.,(4,4),(1.02724685286579,5.35578394377798),
 .UNSPECIFIED.);
#2131=B_SPLINE_CURVE_WITH_KNOTS('',3,(#10212,#10213,#10214,#10215,#10216,
#10217),.UNSPECIFIED.,.F.,.F.,(4,2,4),(-0.633556474520949,-0.316804432098389,
0.),.UNSPECIFIED.);
#2132=B_SPLINE_CURVE_WITH_KNOTS('',3,(#10239,#10240,#10241,#10242,#10243,
#10244,#10245,#10246,#10247,#10248,#10249,#10250,#10251,#10252,#10253,#10254,
#10255,#10256,#10257,#10258,#10259,#10260,#10261,#10262,#10263,#10264,#10265,
#10266,#10267,#10268,#10269,#10270,#10271,#10272,#10273,#10274,#10275,#10276,
#10277,#10278,#10279,#10280,#10281,#10282,#10283,#10284,#10285,#10286,#10287,
#10288,#10289,#10290,#10291,#10292,#10293),.UNSPECIFIED.,.F.,.F.,(4,3,3,
3,3,3,3,3,3,3,3,3,3,3,3,3,3,3,4),(-2.06114886867747,-1.92488494151758,-1.78722253279897,
-1.64939149559961,-1.51221329076327,-1.47001986322344,-1.33230141089642,
-1.19474963483307,-1.17844224352039,-1.04084162409193,-0.902846259131225,
-0.878897780219139,-0.742067133889802,-0.604138915776981,-0.46573637547939,
-0.327889781761371,-0.190995299408513,-0.05615473250922,0.),
 .UNSPECIFIED.);
#2133=B_SPLINE_CURVE_WITH_KNOTS('',3,(#10295,#10296,#10297,#10298),
 .UNSPECIFIED.,.F.,.F.,(4,4),(-13.6429328563282,-5.33883540494759),
 .UNSPECIFIED.);
#2134=B_SPLINE_CURVE_WITH_KNOTS('',3,(#10299,#10300,#10301,#10302),
 .UNSPECIFIED.,.F.,.F.,(4,4),(-5.33883540494759,-1.02400072156051),
 .UNSPECIFIED.);
#2135=B_SPLINE_CURVE_WITH_KNOTS('',3,(#10320,#10321,#10322,#10323,#10324,
#10325),.UNSPECIFIED.,.F.,.F.,(4,2,4),(-0.512568455493036,-0.256284220392227,
0.),.UNSPECIFIED.);
#2136=B_SPLINE_CURVE_WITH_KNOTS('',3,(#10327,#10328,#10329,#10330),
 .UNSPECIFIED.,.F.,.F.,(4,4),(-0.169947668545452,-0.0662664109233874),
 .UNSPECIFIED.);
#2137=B_SPLINE_CURVE_WITH_KNOTS('',3,(#10332,#10333,#10334,#10335),
 .UNSPECIFIED.,.F.,.F.,(4,4),(-0.0662664109233874,-0.05756072624834),
 .UNSPECIFIED.);
#2138=B_SPLINE_CURVE_WITH_KNOTS('',3,(#10336,#10337,#10338,#10339,#10340,
#10341),.UNSPECIFIED.,.F.,.F.,(4,2,4),(-3.52886473807575,-1.76443236903787,
0.),.UNSPECIFIED.);
#2139=B_SPLINE_CURVE_WITH_KNOTS('',3,(#10373,#10374,#10375,#10376,#10377,
#10378),.UNSPECIFIED.,.F.,.F.,(4,2,4),(-3.65469435095695,-1.82734717547848,
0.),.UNSPECIFIED.);
#2140=B_SPLINE_CURVE_WITH_KNOTS('',3,(#10380,#10381,#10382,#10383),
 .UNSPECIFIED.,.F.,.F.,(4,4),(-0.0662664109233874,-0.0591599393017856),
 .UNSPECIFIED.);
#2141=B_SPLINE_CURVE_WITH_KNOTS('',3,(#10385,#10386,#10387,#10388),
 .UNSPECIFIED.,.F.,.F.,(4,4),(-0.169947668545452,-0.0662664109233874),
 .UNSPECIFIED.);
#2142=B_SPLINE_CURVE_WITH_KNOTS('',3,(#10392,#10393,#10394,#10395),
 .UNSPECIFIED.,.F.,.F.,(4,4),(-13.6429328563282,-5.33883540494758),
 .UNSPECIFIED.);
#2143=B_SPLINE_CURVE_WITH_KNOTS('',3,(#10396,#10397,#10398,#10399),
 .UNSPECIFIED.,.F.,.F.,(4,4),(-5.33883540494758,-1.0240007215606),
 .UNSPECIFIED.);
#2144=B_SPLINE_CURVE_WITH_KNOTS('',3,(#10423,#10424,#10425,#10426),
 .UNSPECIFIED.,.F.,.F.,(4,4),(5.35578394377797,13.6429328563282),
 .UNSPECIFIED.);
#2145=B_SPLINE_CURVE_WITH_KNOTS('',3,(#10427,#10428,#10429,#10430),
 .UNSPECIFIED.,.F.,.F.,(4,4),(1.02724685286589,5.35578394377796),
 .UNSPECIFIED.);
#2146=B_SPLINE_CURVE_WITH_KNOTS('',3,(#10461,#10462,#10463,#10464),
 .UNSPECIFIED.,.F.,.F.,(4,4),(2.60237832938367,3.23606365879846),
 .UNSPECIFIED.);
#2147=B_SPLINE_CURVE_WITH_KNOTS('',3,(#10515,#10516,#10517,#10518,#10519,
#10520,#10521,#10522,#10523,#10524),.UNSPECIFIED.,.F.,.F.,(4,1,1,1,1,1,
1,4),(0.,0.018590006163356,0.037180012326712,0.0557700184900679,0.0743600246534239,
0.0929500308167799,0.111540036980136,0.130130043143492),.UNSPECIFIED.);
#2148=B_SPLINE_CURVE_WITH_KNOTS('',3,(#10525,#10526,#10527,#10528,#10529,
#10530,#10531,#10532,#10533,#10534),.UNSPECIFIED.,.F.,.F.,(4,1,1,1,1,1,
1,4),(-0.130130043143492,-0.111540036980136,-0.0929500308167799,-0.0743600246534239,
-0.0557700184900679,-0.037180012326712,-0.018590006163356,0.),
 .UNSPECIFIED.);
#2149=B_SPLINE_CURVE_WITH_KNOTS('',3,(#10584,#10585,#10586,#10587,#10588,
#10589,#10590,#10591,#10592,#10593,#10594,#10595,#10596),.UNSPECIFIED.,
 .F.,.F.,(4,3,3,3,4),(-1.74074399534035,-1.24338856810025,-0.74603314086015,
-0.24867771362005,0.),.UNSPECIFIED.);
#2150=B_SPLINE_CURVE_WITH_KNOTS('',3,(#10641,#10642,#10643,#10644,#10645,
#10646,#10647,#10648),.UNSPECIFIED.,.F.,.F.,(4,1,1,1,1,4),(-27.0084106525688,
-26.6400438143989,-26.4519899679767,-26.2639361215546,-25.8878284287103,
-25.5117207358661),.UNSPECIFIED.);
#2151=B_SPLINE_CURVE_WITH_KNOTS('',3,(#10649,#10650,#10651,#10652,#10653,
#10654),.UNSPECIFIED.,.F.,.F.,(4,1,1,4),(-28.1444745857759,-27.3922592000874,
-27.0161515072431,-27.0084106525688),.UNSPECIFIED.);
#2152=B_SPLINE_CURVE_WITH_KNOTS('',3,(#10672,#10673,#10674,#10675),
 .UNSPECIFIED.,.F.,.F.,(4,4),(-5.4509802506919,0.),.UNSPECIFIED.);
#2153=B_SPLINE_CURVE_WITH_KNOTS('',3,(#10676,#10677,#10678,#10679),
 .UNSPECIFIED.,.F.,.F.,(4,4),(-20.0347668590281,-5.4509802506919),
 .UNSPECIFIED.);
#2154=B_SPLINE_CURVE_WITH_KNOTS('',3,(#10697,#10698,#10699,#10700),
 .UNSPECIFIED.,.F.,.F.,(4,4),(-5.4509802506919,0.),.UNSPECIFIED.);
#2155=B_SPLINE_CURVE_WITH_KNOTS('',3,(#10702,#10703,#10704,#10705),
 .UNSPECIFIED.,.F.,.F.,(4,4),(-5.4509802506919,0.),.UNSPECIFIED.);
#2156=B_SPLINE_CURVE_WITH_KNOTS('',3,(#10706,#10707,#10708,#10709),
 .UNSPECIFIED.,.F.,.F.,(4,4),(-20.0347668590281,-5.4509802506919),
 .UNSPECIFIED.);
#2157=B_SPLINE_CURVE_WITH_KNOTS('',3,(#10710,#10711,#10712,#10713),
 .UNSPECIFIED.,.F.,.F.,(4,4),(-20.0347668590281,-5.4509802506919),
 .UNSPECIFIED.);
#2158=B_SPLINE_CURVE_WITH_KNOTS('',3,(#10735,#10736,#10737,#10738),
 .UNSPECIFIED.,.F.,.F.,(4,4),(0.,5.4509802506919),.UNSPECIFIED.);
#2159=B_SPLINE_CURVE_WITH_KNOTS('',3,(#10739,#10740,#10741,#10742),
 .UNSPECIFIED.,.F.,.F.,(4,4),(5.4509802506919,20.0347668590281),
 .UNSPECIFIED.);
#2160=B_SPLINE_CURVE_WITH_KNOTS('',3,(#10924,#10925,#10926,#10927),
 .UNSPECIFIED.,.F.,.F.,(4,4),(7.42113296236028,11.5668194371298),
 .UNSPECIFIED.);
#2161=B_SPLINE_CURVE_WITH_KNOTS('',3,(#10931,#10932,#10933,#10934,#10935),
 .UNSPECIFIED.,.F.,.F.,(4,1,4),(2.1205104899104E-16,1.28165073874038,2.99051839039423),
 .UNSPECIFIED.);
#2162=B_SPLINE_CURVE_WITH_KNOTS('',3,(#10943,#10944,#10945,#10946,#10947),
 .UNSPECIFIED.,.F.,.F.,(4,1,4),(-2.9905184335146,-1.28165075722054,0.),
 .UNSPECIFIED.);
#2163=B_SPLINE_CURVE_WITH_KNOTS('',3,(#10950,#10951,#10952,#10953),
 .UNSPECIFIED.,.F.,.F.,(4,4),(3.082019822588E-15,4.14568647466877),
 .UNSPECIFIED.);
#2164=B_SPLINE_CURVE_WITH_KNOTS('',3,(#11069,#11070,#11071,#11072,#11073,
#11074),.UNSPECIFIED.,.F.,.F.,(4,1,1,4),(0.,0.318578736774802,0.637157473549605,
1.11502557871181),.UNSPECIFIED.);
#2165=B_SPLINE_CURVE_WITH_KNOTS('',3,(#11079,#11080,#11081,#11082,#11083,
#11084,#11085),.UNSPECIFIED.,.F.,.F.,(4,1,1,1,4),(-1.5707963267949,-1.12199737628207,
-0.673198425769241,-0.448798950512827,1.52655665885959E-16),
 .UNSPECIFIED.);
#2166=B_SPLINE_CURVE_WITH_KNOTS('',3,(#11086,#11087,#11088,#11089),
 .UNSPECIFIED.,.F.,.F.,(4,4),(1.11502557871104,1.5707963267949),
 .UNSPECIFIED.);
#2167=B_SPLINE_CURVE_WITH_KNOTS('',3,(#11098,#11099,#11100,#11101),
 .UNSPECIFIED.,.F.,.F.,(4,4),(-1.5707963267949,-1.11502557871105),
 .UNSPECIFIED.);
#2168=B_SPLINE_CURVE_WITH_KNOTS('',3,(#11102,#11103,#11104,#11105,#11106,
#11107),.UNSPECIFIED.,.F.,.F.,(4,1,1,4),(7.93016446160825E-17,0.448798950512828,
0.897597901025655,1.5707963267949),.UNSPECIFIED.);
#2169=B_SPLINE_CURVE_WITH_KNOTS('',3,(#11110,#11111,#11112,#11113,#11114,
#11115,#11116),.UNSPECIFIED.,.F.,.F.,(4,1,1,1,4),(-1.11502557871181,-0.796446841937009,
-0.477868105162205,-0.159289368387402,-5.55111512312578E-17),
 .UNSPECIFIED.);
#2170=B_SPLINE_CURVE_WITH_KNOTS('',3,(#11272,#11273,#11274,#11275,#11276,
#11277,#11278,#11279,#11280,#11281,#11282,#11283,#11284,#11285,#11286,#11287,
#11288,#11289,#11290,#11291,#11292,#11293,#11294,#11295,#11296,#11297),
 .UNSPECIFIED.,.F.,.F.,(4,2,2,2,2,2,2,2,2,2,2,2,4),(-2.79004360295138,-2.78839460351203,
-2.51601059291754,-2.25473405380985,-1.88413703414745,-1.59157807274998,
-1.38137685379674,-1.16145728094088,-0.906872420703525,-0.586627321992965,
-0.299683021734542,0.,0.00165109629146608),.UNSPECIFIED.);
#2171=VERTEX_POINT('',#7100);
#2172=VERTEX_POINT('',#7101);
#2173=VERTEX_POINT('',#7112);
#2174=VERTEX_POINT('',#7144);
#2175=VERTEX_POINT('',#7145);
#2176=VERTEX_POINT('',#7156);
#2177=VERTEX_POINT('',#7165);
#2178=VERTEX_POINT('',#7173);
#2179=VERTEX_POINT('',#7187);
#2180=VERTEX_POINT('',#7196);
#2181=VERTEX_POINT('',#7203);
#2182=VERTEX_POINT('',#7212);
#2183=VERTEX_POINT('',#7225);
#2184=VERTEX_POINT('',#7227);
#2185=VERTEX_POINT('',#7231);
#2186=VERTEX_POINT('',#7232);
#2187=VERTEX_POINT('',#7234);
#2188=VERTEX_POINT('',#7257);
#2189=VERTEX_POINT('',#7258);
#2190=VERTEX_POINT('',#7263);
#2191=VERTEX_POINT('',#7345);
#2192=VERTEX_POINT('',#7354);
#2193=VERTEX_POINT('',#7362);
#2194=VERTEX_POINT('',#7402);
#2195=VERTEX_POINT('',#7403);
#2196=VERTEX_POINT('',#7408);
#2197=VERTEX_POINT('',#7492);
#2198=VERTEX_POINT('',#7501);
#2199=VERTEX_POINT('',#7503);
#2200=VERTEX_POINT('',#7507);
#2201=VERTEX_POINT('',#7516);
#2202=VERTEX_POINT('',#7538);
#2203=VERTEX_POINT('',#7540);
#2204=VERTEX_POINT('',#7542);
#2205=VERTEX_POINT('',#7544);
#2206=VERTEX_POINT('',#7546);
#2207=VERTEX_POINT('',#7548);
#2208=VERTEX_POINT('',#7550);
#2209=VERTEX_POINT('',#7552);
#2210=VERTEX_POINT('',#7554);
#2211=VERTEX_POINT('',#7556);
#2212=VERTEX_POINT('',#7558);
#2213=VERTEX_POINT('',#7562);
#2214=VERTEX_POINT('',#7564);
#2215=VERTEX_POINT('',#7568);
#2216=VERTEX_POINT('',#7570);
#2217=VERTEX_POINT('',#7574);
#2218=VERTEX_POINT('',#7575);
#2219=VERTEX_POINT('',#7580);
#2220=VERTEX_POINT('',#7585);
#2221=VERTEX_POINT('',#7587);
#2222=VERTEX_POINT('',#7592);
#2223=VERTEX_POINT('',#7597);
#2224=VERTEX_POINT('',#7608);
#2225=VERTEX_POINT('',#7610);
#2226=VERTEX_POINT('',#7621);
#2227=VERTEX_POINT('',#7626);
#2228=VERTEX_POINT('',#7631);
#2229=VERTEX_POINT('',#7637);
#2230=VERTEX_POINT('',#7639);
#2231=VERTEX_POINT('',#7641);
#2232=VERTEX_POINT('',#7643);
#2233=VERTEX_POINT('',#7646);
#2234=VERTEX_POINT('',#7650);
#2235=VERTEX_POINT('',#7652);
#2236=VERTEX_POINT('',#7657);
#2237=VERTEX_POINT('',#7659);
#2238=VERTEX_POINT('',#7679);
#2239=VERTEX_POINT('',#7684);
#2240=VERTEX_POINT('',#7689);
#2241=VERTEX_POINT('',#7694);
#2242=VERTEX_POINT('',#7712);
#2243=VERTEX_POINT('',#7717);
#2244=VERTEX_POINT('',#7726);
#2245=VERTEX_POINT('',#7731);
#2246=VERTEX_POINT('',#7733);
#2247=VERTEX_POINT('',#7735);
#2248=VERTEX_POINT('',#7740);
#2249=VERTEX_POINT('',#7771);
#2250=VERTEX_POINT('',#7776);
#2251=VERTEX_POINT('',#7781);
#2252=VERTEX_POINT('',#7813);
#2253=VERTEX_POINT('',#7815);
#2254=VERTEX_POINT('',#7817);
#2255=VERTEX_POINT('',#7824);
#2256=VERTEX_POINT('',#7834);
#2257=VERTEX_POINT('',#7835);
#2258=VERTEX_POINT('',#7840);
#2259=VERTEX_POINT('',#7845);
#2260=VERTEX_POINT('',#7874);
#2261=VERTEX_POINT('',#7879);
#2262=VERTEX_POINT('',#7884);
#2263=VERTEX_POINT('',#7893);
#2264=VERTEX_POINT('',#7918);
#2265=VERTEX_POINT('',#7923);
#2266=VERTEX_POINT('',#7948);
#2267=VERTEX_POINT('',#7960);
#2268=VERTEX_POINT('',#7967);
#2269=VERTEX_POINT('',#7971);
#2270=VERTEX_POINT('',#7976);
#2271=VERTEX_POINT('',#7978);
#2272=VERTEX_POINT('',#8007);
#2273=VERTEX_POINT('',#8009);
#2274=VERTEX_POINT('',#8014);
#2275=VERTEX_POINT('',#8016);
#2276=VERTEX_POINT('',#8021);
#2277=VERTEX_POINT('',#8023);
#2278=VERTEX_POINT('',#8028);
#2279=VERTEX_POINT('',#8030);
#2280=VERTEX_POINT('',#8035);
#2281=VERTEX_POINT('',#8037);
#2282=VERTEX_POINT('',#8041);
#2283=VERTEX_POINT('',#8043);
#2284=VERTEX_POINT('',#8052);
#2285=VERTEX_POINT('',#8118);
#2286=VERTEX_POINT('',#8120);
#2287=VERTEX_POINT('',#8129);
#2288=VERTEX_POINT('',#8144);
#2289=VERTEX_POINT('',#8146);
#2290=VERTEX_POINT('',#8150);
#2291=VERTEX_POINT('',#8152);
#2292=VERTEX_POINT('',#8161);
#2293=VERTEX_POINT('',#8227);
#2294=VERTEX_POINT('',#8229);
#2295=VERTEX_POINT('',#8238);
#2296=VERTEX_POINT('',#8304);
#2297=VERTEX_POINT('',#8305);
#2298=VERTEX_POINT('',#8312);
#2299=VERTEX_POINT('',#8314);
#2300=VERTEX_POINT('',#8321);
#2301=VERTEX_POINT('',#8337);
#2302=VERTEX_POINT('',#8354);
#2303=VERTEX_POINT('',#8358);
#2304=VERTEX_POINT('',#8362);
#2305=VERTEX_POINT('',#8363);
#2306=VERTEX_POINT('',#8365);
#2307=VERTEX_POINT('',#8367);
#2308=VERTEX_POINT('',#8369);
#2309=VERTEX_POINT('',#8376);
#2310=VERTEX_POINT('',#8378);
#2311=VERTEX_POINT('',#8385);
#2312=VERTEX_POINT('',#8389);
#2313=VERTEX_POINT('',#8391);
#2314=VERTEX_POINT('',#8396);
#2315=VERTEX_POINT('',#8398);
#2316=VERTEX_POINT('',#8403);
#2317=VERTEX_POINT('',#8409);
#2318=VERTEX_POINT('',#8411);
#2319=VERTEX_POINT('',#8417);
#2320=VERTEX_POINT('',#8423);
#2321=VERTEX_POINT('',#8425);
#2322=VERTEX_POINT('',#8427);
#2323=VERTEX_POINT('',#8429);
#2324=VERTEX_POINT('',#8431);
#2325=VERTEX_POINT('',#8433);
#2326=VERTEX_POINT('',#8436);
#2327=VERTEX_POINT('',#8438);
#2328=VERTEX_POINT('',#8440);
#2329=VERTEX_POINT('',#8442);
#2330=VERTEX_POINT('',#8444);
#2331=VERTEX_POINT('',#8446);
#2332=VERTEX_POINT('',#8448);
#2333=VERTEX_POINT('',#8450);
#2334=VERTEX_POINT('',#8452);
#2335=VERTEX_POINT('',#8454);
#2336=VERTEX_POINT('',#8456);
#2337=VERTEX_POINT('',#8458);
#2338=VERTEX_POINT('',#8460);
#2339=VERTEX_POINT('',#8462);
#2340=VERTEX_POINT('',#8464);
#2341=VERTEX_POINT('',#8467);
#2342=VERTEX_POINT('',#8468);
#2343=VERTEX_POINT('',#8470);
#2344=VERTEX_POINT('',#8472);
#2345=VERTEX_POINT('',#8474);
#2346=VERTEX_POINT('',#8476);
#2347=VERTEX_POINT('',#8479);
#2348=VERTEX_POINT('',#8480);
#2349=VERTEX_POINT('',#8482);
#2350=VERTEX_POINT('',#8484);
#2351=VERTEX_POINT('',#8486);
#2352=VERTEX_POINT('',#8488);
#2353=VERTEX_POINT('',#8492);
#2354=VERTEX_POINT('',#8494);
#2355=VERTEX_POINT('',#8496);
#2356=VERTEX_POINT('',#8498);
#2357=VERTEX_POINT('',#8502);
#2358=VERTEX_POINT('',#8504);
#2359=VERTEX_POINT('',#8508);
#2360=VERTEX_POINT('',#8510);
#2361=VERTEX_POINT('',#8514);
#2362=VERTEX_POINT('',#8516);
#2363=VERTEX_POINT('',#8520);
#2364=VERTEX_POINT('',#8521);
#2365=VERTEX_POINT('',#8523);
#2366=VERTEX_POINT('',#8525);
#2367=VERTEX_POINT('',#8527);
#2368=VERTEX_POINT('',#8529);
#2369=VERTEX_POINT('',#8532);
#2370=VERTEX_POINT('',#8535);
#2371=VERTEX_POINT('',#8536);
#2372=VERTEX_POINT('',#8542);
#2373=VERTEX_POINT('',#8552);
#2374=VERTEX_POINT('',#8556);
#2375=VERTEX_POINT('',#8560);
#2376=VERTEX_POINT('',#8566);
#2377=VERTEX_POINT('',#8567);
#2378=VERTEX_POINT('',#8577);
#2379=VERTEX_POINT('',#8579);
#2380=VERTEX_POINT('',#8581);
#2381=VERTEX_POINT('',#8591);
#2382=VERTEX_POINT('',#8596);
#2383=VERTEX_POINT('',#8598);
#2384=VERTEX_POINT('',#8601);
#2385=VERTEX_POINT('',#8603);
#2386=VERTEX_POINT('',#8607);
#2387=VERTEX_POINT('',#8611);
#2388=VERTEX_POINT('',#8615);
#2389=VERTEX_POINT('',#8619);
#2390=VERTEX_POINT('',#8623);
#2391=VERTEX_POINT('',#8627);
#2392=VERTEX_POINT('',#8631);
#2393=VERTEX_POINT('',#8690);
#2394=VERTEX_POINT('',#8691);
#2395=VERTEX_POINT('',#8722);
#2396=VERTEX_POINT('',#8781);
#2397=VERTEX_POINT('',#8782);
#2398=VERTEX_POINT('',#8813);
#2399=VERTEX_POINT('',#8868);
#2400=VERTEX_POINT('',#8869);
#2401=VERTEX_POINT('',#8898);
#2402=VERTEX_POINT('',#8908);
#2403=VERTEX_POINT('',#8910);
#2404=VERTEX_POINT('',#8914);
#2405=VERTEX_POINT('',#8917);
#2406=VERTEX_POINT('',#8920);
#2407=VERTEX_POINT('',#8922);
#2408=VERTEX_POINT('',#8924);
#2409=VERTEX_POINT('',#8926);
#2410=VERTEX_POINT('',#8939);
#2411=VERTEX_POINT('',#8946);
#2412=VERTEX_POINT('',#8947);
#2413=VERTEX_POINT('',#8949);
#2414=VERTEX_POINT('',#8951);
#2415=VERTEX_POINT('',#8957);
#2416=VERTEX_POINT('',#8959);
#2417=VERTEX_POINT('',#8961);
#2418=VERTEX_POINT('',#8966);
#2419=VERTEX_POINT('',#8968);
#2420=VERTEX_POINT('',#8975);
#2421=VERTEX_POINT('',#8981);
#2422=VERTEX_POINT('',#8985);
#2423=VERTEX_POINT('',#8987);
#2424=VERTEX_POINT('',#8989);
#2425=VERTEX_POINT('',#9028);
#2426=VERTEX_POINT('',#9029);
#2427=VERTEX_POINT('',#9031);
#2428=VERTEX_POINT('',#9033);
#2429=VERTEX_POINT('',#9037);
#2430=VERTEX_POINT('',#9039);
#2431=VERTEX_POINT('',#9078);
#2432=VERTEX_POINT('',#9080);
#2433=VERTEX_POINT('',#9084);
#2434=VERTEX_POINT('',#9088);
#2435=VERTEX_POINT('',#9164);
#2436=VERTEX_POINT('',#9165);
#2437=VERTEX_POINT('',#9169);
#2438=VERTEX_POINT('',#9171);
#2439=VERTEX_POINT('',#9178);
#2440=VERTEX_POINT('',#9183);
#2441=VERTEX_POINT('',#9191);
#2442=VERTEX_POINT('',#9193);
#2443=VERTEX_POINT('',#9200);
#2444=VERTEX_POINT('',#9214);
#2445=VERTEX_POINT('',#9227);
#2446=VERTEX_POINT('',#9233);
#2447=VERTEX_POINT('',#9235);
#2448=VERTEX_POINT('',#9237);
#2449=VERTEX_POINT('',#9239);
#2450=VERTEX_POINT('',#9254);
#2451=VERTEX_POINT('',#9255);
#2452=VERTEX_POINT('',#9291);
#2453=VERTEX_POINT('',#9292);
#2454=VERTEX_POINT('',#9313);
#2455=VERTEX_POINT('',#9315);
#2456=VERTEX_POINT('',#9317);
#2457=VERTEX_POINT('',#9324);
#2458=VERTEX_POINT('',#9339);
#2459=VERTEX_POINT('',#9342);
#2460=VERTEX_POINT('',#9359);
#2461=VERTEX_POINT('',#9389);
#2462=VERTEX_POINT('',#9413);
#2463=VERTEX_POINT('',#9431);
#2464=VERTEX_POINT('',#9432);
#2465=VERTEX_POINT('',#9445);
#2466=VERTEX_POINT('',#9449);
#2467=VERTEX_POINT('',#9453);
#2468=VERTEX_POINT('',#9496);
#2469=VERTEX_POINT('',#9498);
#2470=VERTEX_POINT('',#9514);
#2471=VERTEX_POINT('',#9516);
#2472=VERTEX_POINT('',#9520);
#2473=VERTEX_POINT('',#9522);
#2474=VERTEX_POINT('',#9524);
#2475=VERTEX_POINT('',#9526);
#2476=VERTEX_POINT('',#9529);
#2477=VERTEX_POINT('',#9530);
#2478=VERTEX_POINT('',#9532);
#2479=VERTEX_POINT('',#9534);
#2480=VERTEX_POINT('',#9536);
#2481=VERTEX_POINT('',#9538);
#2482=VERTEX_POINT('',#9551);
#2483=VERTEX_POINT('',#9556);
#2484=VERTEX_POINT('',#9585);
#2485=VERTEX_POINT('',#9587);
#2486=VERTEX_POINT('',#9597);
#2487=VERTEX_POINT('',#9598);
#2488=VERTEX_POINT('',#9600);
#2489=VERTEX_POINT('',#9602);
#2490=VERTEX_POINT('',#9606);
#2491=VERTEX_POINT('',#9607);
#2492=VERTEX_POINT('',#9612);
#2493=VERTEX_POINT('',#9616);
#2494=VERTEX_POINT('',#9622);
#2495=VERTEX_POINT('',#9623);
#2496=VERTEX_POINT('',#9625);
#2497=VERTEX_POINT('',#9627);
#2498=VERTEX_POINT('',#9631);
#2499=VERTEX_POINT('',#9633);
#2500=VERTEX_POINT('',#9637);
#2501=VERTEX_POINT('',#9639);
#2502=VERTEX_POINT('',#9647);
#2503=VERTEX_POINT('',#9648);
#2504=VERTEX_POINT('',#9650);
#2505=VERTEX_POINT('',#9652);
#2506=VERTEX_POINT('',#9656);
#2507=VERTEX_POINT('',#9658);
#2508=VERTEX_POINT('',#9662);
#2509=VERTEX_POINT('',#9663);
#2510=VERTEX_POINT('',#9665);
#2511=VERTEX_POINT('',#9667);
#2512=VERTEX_POINT('',#9674);
#2513=VERTEX_POINT('',#9676);
#2514=VERTEX_POINT('',#9680);
#2515=VERTEX_POINT('',#9681);
#2516=VERTEX_POINT('',#9686);
#2517=VERTEX_POINT('',#9688);
#2518=VERTEX_POINT('',#9695);
#2519=VERTEX_POINT('',#9701);
#2520=VERTEX_POINT('',#9702);
#2521=VERTEX_POINT('',#9704);
#2522=VERTEX_POINT('',#9706);
#2523=VERTEX_POINT('',#9710);
#2524=VERTEX_POINT('',#9712);
#2525=VERTEX_POINT('',#9716);
#2526=VERTEX_POINT('',#9718);
#2527=VERTEX_POINT('',#9726);
#2528=VERTEX_POINT('',#9727);
#2529=VERTEX_POINT('',#9729);
#2530=VERTEX_POINT('',#9731);
#2531=VERTEX_POINT('',#9735);
#2532=VERTEX_POINT('',#9737);
#2533=VERTEX_POINT('',#9741);
#2534=VERTEX_POINT('',#9743);
#2535=VERTEX_POINT('',#9751);
#2536=VERTEX_POINT('',#9752);
#2537=VERTEX_POINT('',#9757);
#2538=VERTEX_POINT('',#9761);
#2539=VERTEX_POINT('',#9765);
#2540=VERTEX_POINT('',#9771);
#2541=VERTEX_POINT('',#9832);
#2542=VERTEX_POINT('',#9833);
#2543=VERTEX_POINT('',#9835);
#2544=VERTEX_POINT('',#9846);
#2545=VERTEX_POINT('',#9914);
#2546=VERTEX_POINT('',#9916);
#2547=VERTEX_POINT('',#9932);
#2548=VERTEX_POINT('',#9933);
#2549=VERTEX_POINT('',#9935);
#2550=VERTEX_POINT('',#9937);
#2551=VERTEX_POINT('',#9942);
#2552=VERTEX_POINT('',#9959);
#2553=VERTEX_POINT('',#9964);
#2554=VERTEX_POINT('',#9977);
#2555=VERTEX_POINT('',#9978);
#2556=VERTEX_POINT('',#9987);
#2557=VERTEX_POINT('',#9989);
#2558=VERTEX_POINT('',#10000);
#2559=VERTEX_POINT('',#10005);
#2560=VERTEX_POINT('',#10040);
#2561=VERTEX_POINT('',#10102);
#2562=VERTEX_POINT('',#10144);
#2563=VERTEX_POINT('',#10146);
#2564=VERTEX_POINT('',#10202);
#2565=VERTEX_POINT('',#10207);
#2566=VERTEX_POINT('',#10238);
#2567=VERTEX_POINT('',#10294);
#2568=VERTEX_POINT('',#10319);
#2569=VERTEX_POINT('',#10326);
#2570=VERTEX_POINT('',#10331);
#2571=VERTEX_POINT('',#10343);
#2572=VERTEX_POINT('',#10345);
#2573=VERTEX_POINT('',#10349);
#2574=VERTEX_POINT('',#10353);
#2575=VERTEX_POINT('',#10372);
#2576=VERTEX_POINT('',#10379);
#2577=VERTEX_POINT('',#10384);
#2578=VERTEX_POINT('',#10389);
#2579=VERTEX_POINT('',#10391);
#2580=VERTEX_POINT('',#10420);
#2581=VERTEX_POINT('',#10422);
#2582=VERTEX_POINT('',#10583);
#2583=VERTEX_POINT('',#10640);
#2584=VERTEX_POINT('',#10671);
#2585=VERTEX_POINT('',#10696);
#2586=VERTEX_POINT('',#10701);
#2587=VERTEX_POINT('',#10734);
#2588=VERTEX_POINT('',#10752);
#2589=VERTEX_POINT('',#10759);
#2590=VERTEX_POINT('',#10763);
#2591=VERTEX_POINT('',#10767);
#2592=VERTEX_POINT('',#10771);
#2593=VERTEX_POINT('',#10775);
#2594=VERTEX_POINT('',#10776);
#2595=VERTEX_POINT('',#10778);
#2596=VERTEX_POINT('',#10780);
#2597=VERTEX_POINT('',#10782);
#2598=VERTEX_POINT('',#10784);
#2599=VERTEX_POINT('',#10788);
#2600=VERTEX_POINT('',#10789);
#2601=VERTEX_POINT('',#10794);
#2602=VERTEX_POINT('',#10798);
#2603=VERTEX_POINT('',#10802);
#2604=VERTEX_POINT('',#10806);
#2605=VERTEX_POINT('',#10812);
#2606=VERTEX_POINT('',#10813);
#2607=VERTEX_POINT('',#10815);
#2608=VERTEX_POINT('',#10817);
#2609=VERTEX_POINT('',#10819);
#2610=VERTEX_POINT('',#10821);
#2611=VERTEX_POINT('',#10825);
#2612=VERTEX_POINT('',#10826);
#2613=VERTEX_POINT('',#10831);
#2614=VERTEX_POINT('',#10835);
#2615=VERTEX_POINT('',#10839);
#2616=VERTEX_POINT('',#10843);
#2617=VERTEX_POINT('',#10849);
#2618=VERTEX_POINT('',#10850);
#2619=VERTEX_POINT('',#10852);
#2620=VERTEX_POINT('',#10854);
#2621=VERTEX_POINT('',#10856);
#2622=VERTEX_POINT('',#10858);
#2623=VERTEX_POINT('',#10862);
#2624=VERTEX_POINT('',#10863);
#2625=VERTEX_POINT('',#10868);
#2626=VERTEX_POINT('',#10872);
#2627=VERTEX_POINT('',#10876);
#2628=VERTEX_POINT('',#10880);
#2629=VERTEX_POINT('',#10886);
#2630=VERTEX_POINT('',#10887);
#2631=VERTEX_POINT('',#10889);
#2632=VERTEX_POINT('',#10891);
#2633=VERTEX_POINT('',#10893);
#2634=VERTEX_POINT('',#10895);
#2635=VERTEX_POINT('',#10899);
#2636=VERTEX_POINT('',#10900);
#2637=VERTEX_POINT('',#10905);
#2638=VERTEX_POINT('',#10909);
#2639=VERTEX_POINT('',#10913);
#2640=VERTEX_POINT('',#10917);
#2641=VERTEX_POINT('',#10923);
#2642=VERTEX_POINT('',#10930);
#2643=VERTEX_POINT('',#10938);
#2644=VERTEX_POINT('',#10942);
#2645=VERTEX_POINT('',#11068);
#2646=VERTEX_POINT('',#11077);
#2647=VERTEX_POINT('',#11078);
#2648=VERTEX_POINT('',#11092);
#2649=VERTEX_POINT('',#11096);
#2650=VERTEX_POINT('',#11097);
#2651=VERTEX_POINT('',#11306);
#2652=VERTEX_POINT('',#11309);
#2653=VERTEX_POINT('',#11312);
#2654=VERTEX_POINT('',#11316);
#2655=VERTEX_POINT('',#11320);
#2656=VERTEX_POINT('',#11324);
#2657=VERTEX_POINT('',#11328);
#2658=VERTEX_POINT('',#11333);
#2659=VERTEX_POINT('',#11338);
#2660=VERTEX_POINT('',#11340);
#2661=VERTEX_POINT('',#11342);
#2662=VERTEX_POINT('',#11344);
#2663=VERTEX_POINT('',#11348);
#2664=VERTEX_POINT('',#11349);
#2665=VERTEX_POINT('',#11351);
#2666=VERTEX_POINT('',#11354);
#2667=VERTEX_POINT('',#11358);
#2668=VERTEX_POINT('',#11359);
#2669=VERTEX_POINT('',#11366);
#2670=VERTEX_POINT('',#11370);
#2671=VERTEX_POINT('',#11374);
#2672=VERTEX_POINT('',#11378);
#2673=VERTEX_POINT('',#11379);
#2674=VERTEX_POINT('',#11384);
#2675=VERTEX_POINT('',#11388);
#2676=VERTEX_POINT('',#11390);
#2677=EDGE_CURVE('',#2171,#2172,#1984,.F.);
#2678=EDGE_CURVE('',#2172,#2173,#1156,.T.);
#2679=EDGE_CURVE('',#2173,#2171,#1985,.T.);
#2680=EDGE_CURVE('',#2174,#2175,#1986,.T.);
#2681=EDGE_CURVE('',#2174,#2176,#1987,.T.);
#2682=EDGE_CURVE('',#2176,#2175,#1157,.T.);
#2683=EDGE_CURVE('',#2177,#2174,#1988,.T.);
#2684=EDGE_CURVE('',#2177,#2178,#1989,.T.);
#2685=EDGE_CURVE('',#2179,#2178,#1990,.T.);
#2686=EDGE_CURVE('',#2180,#2179,#1991,.T.);
#2687=EDGE_CURVE('',#2181,#2180,#1992,.T.);
#2688=EDGE_CURVE('',#2182,#2181,#1993,.T.);
#2689=EDGE_CURVE('',#2183,#2182,#323,.T.);
#2690=EDGE_CURVE('',#2183,#2184,#324,.F.);
#2691=EDGE_CURVE('',#2184,#2176,#325,.T.);
#2692=EDGE_CURVE('',#2185,#2186,#1158,.T.);
#2693=EDGE_CURVE('',#2185,#2187,#1159,.T.);
#2694=EDGE_CURVE('',#2186,#2187,#1160,.T.);
#2695=EDGE_CURVE('',#2188,#2189,#1994,.T.);
#2696=EDGE_CURVE('',#2190,#2188,#1995,.T.);
#2697=EDGE_CURVE('',#2189,#2190,#1161,.T.);
#2698=EDGE_CURVE('',#2172,#2191,#1996,.T.);
#2699=EDGE_CURVE('',#2171,#2192,#1997,.T.);
#2700=EDGE_CURVE('',#2193,#2192,#1998,.T.);
#2701=EDGE_CURVE('',#2191,#2193,#1162,.T.);
#2702=EDGE_CURVE('',#2189,#2185,#1163,.T.);
#2703=EDGE_CURVE('',#2187,#2190,#1164,.T.);
#2704=EDGE_CURVE('',#2186,#2188,#1165,.T.);
#2705=EDGE_CURVE('',#2194,#2195,#1999,.T.);
#2706=EDGE_CURVE('',#2194,#2196,#1166,.T.);
#2707=EDGE_CURVE('',#2195,#2196,#2000,.T.);
#2708=EDGE_CURVE('',#2197,#2175,#2001,.T.);
#2709=EDGE_CURVE('',#2178,#2197,#1167,.T.);
#2710=EDGE_CURVE('',#2198,#2194,#1168,.T.);
#2711=EDGE_CURVE('',#2198,#2199,#1169,.T.);
#2712=EDGE_CURVE('',#2196,#2199,#1170,.T.);
#2713=EDGE_CURVE('',#2200,#2198,#1171,.T.);
#2714=EDGE_CURVE('',#2199,#2200,#1172,.T.);
#2715=EDGE_CURVE('',#2195,#2200,#1173,.T.);
#2716=EDGE_CURVE('',#2197,#2191,#1174,.T.);
#2717=EDGE_CURVE('',#2173,#2176,#1175,.T.);
#2718=EDGE_CURVE('',#2193,#2201,#2002,.T.);
#2719=EDGE_CURVE('',#2201,#2182,#1176,.T.);
#2720=EDGE_CURVE('',#2181,#2202,#1177,.T.);
#2721=EDGE_CURVE('',#2202,#2203,#1178,.T.);
#2722=EDGE_CURVE('',#2204,#2203,#1179,.T.);
#2723=EDGE_CURVE('',#2204,#2205,#1180,.T.);
#2724=EDGE_CURVE('',#2205,#2206,#1181,.F.);
#2725=EDGE_CURVE('',#2206,#2207,#1182,.F.);
#2726=EDGE_CURVE('',#2207,#2208,#1183,.F.);
#2727=EDGE_CURVE('',#2208,#2209,#1184,.T.);
#2728=EDGE_CURVE('',#2209,#2210,#1185,.T.);
#2729=EDGE_CURVE('',#2210,#2211,#1186,.T.);
#2730=EDGE_CURVE('',#2211,#2212,#1187,.T.);
#2731=EDGE_CURVE('',#2212,#2179,#1188,.T.);
#2732=EDGE_CURVE('',#2213,#2173,#326,.T.);
#2733=EDGE_CURVE('',#2213,#2214,#327,.F.);
#2734=EDGE_CURVE('',#2214,#2201,#328,.T.);
#2735=EDGE_CURVE('',#2215,#2215,#329,.T.);
#2736=EDGE_CURVE('',#2215,#2216,#1189,.T.);
#2737=EDGE_CURVE('',#2216,#2216,#330,.T.);
#2738=EDGE_CURVE('',#2217,#2218,#2003,.T.);
#2739=EDGE_CURVE('',#2219,#2217,#2004,.T.);
#2740=EDGE_CURVE('',#2219,#2220,#1190,.T.);
#2741=EDGE_CURVE('',#2220,#2221,#2005,.T.);
#2742=EDGE_CURVE('',#2221,#2222,#2006,.T.);
#2743=EDGE_CURVE('',#2222,#2223,#2007,.T.);
#2744=EDGE_CURVE('',#2223,#2224,#1191,.T.);
#2745=EDGE_CURVE('',#2225,#2224,#2008,.T.);
#2746=EDGE_CURVE('',#2226,#2225,#2009,.T.);
#2747=EDGE_CURVE('',#2227,#2226,#2010,.T.);
#2748=EDGE_CURVE('',#2228,#2227,#1192,.T.);
#2749=EDGE_CURVE('',#2218,#2228,#2011,.T.);
#2750=EDGE_CURVE('',#2229,#2229,#331,.T.);
#2751=EDGE_CURVE('',#2230,#2230,#332,.T.);
#2752=EDGE_CURVE('',#2231,#2231,#333,.T.);
#2753=EDGE_CURVE('',#2232,#2232,#334,.T.);
#2754=EDGE_CURVE('',#2216,#2233,#1193,.T.);
#2755=EDGE_CURVE('',#2233,#2233,#335,.T.);
#2756=EDGE_CURVE('',#2234,#2234,#336,.T.);
#2757=EDGE_CURVE('',#2234,#2235,#1194,.T.);
#2758=EDGE_CURVE('',#2235,#2235,#337,.T.);
#2759=EDGE_CURVE('',#2236,#2236,#338,.T.);
#2760=EDGE_CURVE('',#2236,#2237,#1195,.T.);
#2761=EDGE_CURVE('',#2237,#2237,#339,.T.);
#2762=EDGE_CURVE('',#2238,#2217,#2012,.T.);
#2763=EDGE_CURVE('',#2218,#2239,#2013,.T.);
#2764=EDGE_CURVE('',#2239,#2240,#2014,.T.);
#2765=EDGE_CURVE('',#2240,#2241,#2015,.T.);
#2766=EDGE_CURVE('',#2241,#2238,#2016,.T.);
#2767=EDGE_CURVE('',#2242,#2240,#2017,.T.);
#2768=EDGE_CURVE('',#2243,#2242,#2018,.T.);
#2769=EDGE_CURVE('',#2244,#2243,#2019,.T.);
#2770=EDGE_CURVE('',#2244,#2245,#340,.T.);
#2771=EDGE_CURVE('',#2245,#2246,#341,.T.);
#2772=EDGE_CURVE('',#2247,#2246,#2020,.T.);
#2773=EDGE_CURVE('',#2248,#2247,#2021,.T.);
#2774=EDGE_CURVE('',#2241,#2248,#2022,.T.);
#2775=EDGE_CURVE('',#2249,#2239,#2023,.T.);
#2776=EDGE_CURVE('',#2250,#2249,#2024,.F.);
#2777=EDGE_CURVE('',#2250,#2251,#2025,.T.);
#2778=EDGE_CURVE('',#2242,#2251,#2026,.T.);
#2779=EDGE_CURVE('',#2228,#2249,#2027,.T.);
#2780=EDGE_CURVE('',#2245,#2252,#342,.T.);
#2781=EDGE_CURVE('',#2253,#2244,#343,.T.);
#2782=EDGE_CURVE('',#2253,#2254,#2028,.T.);
#2783=EDGE_CURVE('',#2254,#2255,#2029,.T.);
#2784=EDGE_CURVE('',#2255,#2252,#2030,.T.);
#2785=EDGE_CURVE('',#2256,#2257,#2031,.T.);
#2786=EDGE_CURVE('',#2257,#2258,#2032,.T.);
#2787=EDGE_CURVE('',#2258,#2259,#2033,.T.);
#2788=EDGE_CURVE('',#2259,#2246,#344,.T.);
#2789=EDGE_CURVE('',#2245,#2256,#345,.T.);
#2790=EDGE_CURVE('',#2247,#2260,#2034,.T.);
#2791=EDGE_CURVE('',#2261,#2260,#2035,.T.);
#2792=EDGE_CURVE('',#2262,#2261,#2036,.T.);
#2793=EDGE_CURVE('',#2263,#2262,#2037,.F.);
#2794=EDGE_CURVE('',#2263,#2248,#2038,.T.);
#2795=EDGE_CURVE('',#2246,#2264,#2039,.T.);
#2796=EDGE_CURVE('',#2264,#2265,#2040,.T.);
#2797=EDGE_CURVE('',#2265,#2261,#2041,.F.);
#2798=EDGE_CURVE('',#2238,#2266,#2042,.T.);
#2799=EDGE_CURVE('',#2266,#2219,#2043,.T.);
#2800=EDGE_CURVE('',#2227,#2267,#2044,.T.);
#2801=EDGE_CURVE('',#2267,#2268,#15,.T.);
#2802=EDGE_CURVE('',#2268,#2250,#1196,.T.);
#2803=EDGE_CURVE('',#2269,#2266,#2045,.T.);
#2804=EDGE_CURVE('',#2270,#2269,#1197,.T.);
#2805=EDGE_CURVE('',#2271,#2270,#16,.T.);
#2806=EDGE_CURVE('',#2220,#2271,#2046,.T.);
#2807=EDGE_CURVE('',#2269,#2263,#2047,.T.);
#2808=EDGE_CURVE('',#2272,#2272,#17,.F.);
#2809=EDGE_CURVE('',#2272,#2273,#1198,.T.);
#2810=EDGE_CURVE('',#2273,#2273,#346,.T.);
#2811=EDGE_CURVE('',#2274,#2274,#18,.F.);
#2812=EDGE_CURVE('',#2274,#2275,#1199,.T.);
#2813=EDGE_CURVE('',#2275,#2275,#347,.T.);
#2814=EDGE_CURVE('',#2276,#2276,#19,.F.);
#2815=EDGE_CURVE('',#2276,#2277,#1200,.T.);
#2816=EDGE_CURVE('',#2277,#2277,#348,.T.);
#2817=EDGE_CURVE('',#2278,#2278,#20,.F.);
#2818=EDGE_CURVE('',#2278,#2279,#1201,.T.);
#2819=EDGE_CURVE('',#2279,#2279,#349,.T.);
#2820=EDGE_CURVE('',#2280,#2280,#350,.T.);
#2821=EDGE_CURVE('',#2280,#2281,#1202,.T.);
#2822=EDGE_CURVE('',#2281,#2281,#351,.T.);
#2823=EDGE_CURVE('',#2281,#2282,#1203,.T.);
#2824=EDGE_CURVE('',#2283,#2282,#2048,.T.);
#2825=EDGE_CURVE('',#2284,#2283,#2049,.T.);
#2826=EDGE_CURVE('',#2282,#2284,#2050,.T.);
#2827=EDGE_CURVE('',#2285,#2282,#1204,.T.);
#2828=EDGE_CURVE('',#2285,#2286,#2051,.T.);
#2829=EDGE_CURVE('',#2286,#2287,#2052,.T.);
#2830=EDGE_CURVE('',#2287,#2285,#2053,.T.);
#2831=EDGE_CURVE('',#2288,#2288,#352,.T.);
#2832=EDGE_CURVE('',#2288,#2289,#1205,.T.);
#2833=EDGE_CURVE('',#2289,#2289,#353,.T.);
#2834=EDGE_CURVE('',#2289,#2290,#1206,.T.);
#2835=EDGE_CURVE('',#2291,#2290,#2054,.T.);
#2836=EDGE_CURVE('',#2292,#2291,#2055,.T.);
#2837=EDGE_CURVE('',#2290,#2292,#2056,.T.);
#2838=EDGE_CURVE('',#2293,#2290,#1207,.T.);
#2839=EDGE_CURVE('',#2293,#2294,#2057,.T.);
#2840=EDGE_CURVE('',#2294,#2295,#2058,.T.);
#2841=EDGE_CURVE('',#2295,#2293,#2059,.T.);
#2842=EDGE_CURVE('',#2296,#2297,#2060,.T.);
#2843=EDGE_CURVE('',#2297,#2298,#1208,.T.);
#2844=EDGE_CURVE('',#2298,#2299,#2061,.T.);
#2845=EDGE_CURVE('',#2299,#2300,#2062,.T.);
#2846=EDGE_CURVE('',#2300,#2298,#2063,.T.);
#2847=EDGE_CURVE('',#2297,#2301,#2064,.T.);
#2848=EDGE_CURVE('',#2301,#2296,#2065,.T.);
#2849=EDGE_CURVE('',#2302,#2302,#354,.T.);
#2850=EDGE_CURVE('',#2302,#2298,#1209,.T.);
#2851=EDGE_CURVE('',#2303,#2303,#355,.T.);
#2852=EDGE_CURVE('',#2303,#2302,#1210,.T.);
#2853=EDGE_CURVE('',#2304,#2305,#1211,.T.);
#2854=EDGE_CURVE('',#2305,#2306,#1212,.F.);
#2855=EDGE_CURVE('',#2306,#2307,#1213,.T.);
#2856=EDGE_CURVE('',#2307,#2308,#2066,.T.);
#2857=EDGE_CURVE('',#2308,#2309,#1214,.T.);
#2858=EDGE_CURVE('',#2309,#2310,#2067,.T.);
#2859=EDGE_CURVE('',#2310,#2311,#1215,.T.);
#2860=EDGE_CURVE('',#2304,#2311,#1216,.T.);
#2861=EDGE_CURVE('',#2244,#2312,#356,.T.);
#2862=EDGE_CURVE('',#2313,#2244,#2068,.T.);
#2863=EDGE_CURVE('',#2314,#2313,#1217,.T.);
#2864=EDGE_CURVE('',#2315,#2314,#2069,.T.);
#2865=EDGE_CURVE('',#2316,#2315,#2070,.T.);
#2866=EDGE_CURVE('',#2317,#2316,#1218,.T.);
#2867=EDGE_CURVE('',#2318,#2317,#2071,.T.);
#2868=EDGE_CURVE('',#2319,#2318,#2072,.T.);
#2869=EDGE_CURVE('',#2264,#2319,#1219,.T.);
#2870=EDGE_CURVE('',#2246,#2320,#357,.T.);
#2871=EDGE_CURVE('',#2320,#2321,#358,.T.);
#2872=EDGE_CURVE('',#2321,#2322,#1220,.T.);
#2873=EDGE_CURVE('',#2322,#2323,#359,.T.);
#2874=EDGE_CURVE('',#2324,#2323,#1221,.T.);
#2875=EDGE_CURVE('',#2325,#2324,#1222,.T.);
#2876=EDGE_CURVE('',#2325,#2305,#1223,.T.);
#2877=EDGE_CURVE('',#2326,#2304,#1224,.T.);
#2878=EDGE_CURVE('',#2327,#2326,#1225,.T.);
#2879=EDGE_CURVE('',#2328,#2327,#1226,.T.);
#2880=EDGE_CURVE('',#2329,#2328,#21,.T.);
#2881=EDGE_CURVE('',#2330,#2329,#1227,.T.);
#2882=EDGE_CURVE('',#2331,#2330,#22,.T.);
#2883=EDGE_CURVE('',#2332,#2331,#1228,.T.);
#2884=EDGE_CURVE('',#2333,#2332,#1229,.T.);
#2885=EDGE_CURVE('',#2334,#2333,#1230,.T.);
#2886=EDGE_CURVE('',#2334,#2335,#1231,.T.);
#2887=EDGE_CURVE('',#2335,#2336,#1232,.T.);
#2888=EDGE_CURVE('',#2336,#2337,#1233,.T.);
#2889=EDGE_CURVE('',#2338,#2337,#1234,.T.);
#2890=EDGE_CURVE('',#2339,#2338,#360,.T.);
#2891=EDGE_CURVE('',#2340,#2339,#1235,.T.);
#2892=EDGE_CURVE('',#2312,#2340,#361,.T.);
#2893=EDGE_CURVE('',#2341,#2342,#1236,.T.);
#2894=EDGE_CURVE('',#2342,#2343,#362,.T.);
#2895=EDGE_CURVE('',#2343,#2344,#363,.T.);
#2896=EDGE_CURVE('',#2344,#2345,#364,.T.);
#2897=EDGE_CURVE('',#2345,#2346,#1237,.T.);
#2898=EDGE_CURVE('',#2346,#2341,#365,.T.);
#2899=EDGE_CURVE('',#2347,#2348,#1238,.T.);
#2900=EDGE_CURVE('',#2348,#2349,#366,.T.);
#2901=EDGE_CURVE('',#2349,#2350,#1239,.T.);
#2902=EDGE_CURVE('',#2350,#2351,#367,.T.);
#2903=EDGE_CURVE('',#2351,#2352,#368,.T.);
#2904=EDGE_CURVE('',#2352,#2347,#369,.T.);
#2905=EDGE_CURVE('',#2353,#2325,#1240,.T.);
#2906=EDGE_CURVE('',#2354,#2353,#1241,.T.);
#2907=EDGE_CURVE('',#2354,#2355,#1242,.T.);
#2908=EDGE_CURVE('',#2356,#2355,#1243,.T.);
#2909=EDGE_CURVE('',#2356,#2306,#1244,.T.);
#2910=EDGE_CURVE('',#2357,#2353,#1245,.T.);
#2911=EDGE_CURVE('',#2358,#2357,#1246,.T.);
#2912=EDGE_CURVE('',#2358,#2354,#1247,.T.);
#2913=EDGE_CURVE('',#2359,#2359,#370,.T.);
#2914=EDGE_CURVE('',#2359,#2360,#1248,.T.);
#2915=EDGE_CURVE('',#2360,#2360,#371,.T.);
#2916=EDGE_CURVE('',#2361,#2361,#372,.T.);
#2917=EDGE_CURVE('',#2361,#2362,#1249,.T.);
#2918=EDGE_CURVE('',#2362,#2362,#373,.T.);
#2919=EDGE_CURVE('',#2363,#2364,#1250,.T.);
#2920=EDGE_CURVE('',#2365,#2364,#1251,.T.);
#2921=EDGE_CURVE('',#2366,#2365,#1252,.T.);
#2922=EDGE_CURVE('',#2366,#2367,#1253,.T.);
#2923=EDGE_CURVE('',#2367,#2368,#1254,.T.);
#2924=EDGE_CURVE('',#2368,#2363,#1255,.T.);
#2925=EDGE_CURVE('',#2369,#2369,#374,.T.);
#2926=EDGE_CURVE('',#2370,#2371,#1256,.T.);
#2927=EDGE_CURVE('',#2367,#2370,#1257,.T.);
#2928=EDGE_CURVE('',#2366,#2371,#1258,.T.);
#2929=EDGE_CURVE('',#2358,#2363,#1259,.T.);
#2930=EDGE_CURVE('',#2372,#2358,#1260,.T.);
#2931=EDGE_CURVE('',#2372,#2364,#1261,.T.);
#2932=EDGE_CURVE('',#2354,#2368,#1262,.T.);
#2933=EDGE_CURVE('',#2354,#2370,#1263,.T.);
#2934=EDGE_CURVE('',#2370,#2355,#1264,.T.);
#2935=EDGE_CURVE('',#2369,#2373,#1265,.T.);
#2936=EDGE_CURVE('',#2373,#2373,#375,.T.);
#2937=EDGE_CURVE('',#2211,#2374,#1266,.T.);
#2938=EDGE_CURVE('',#2212,#2374,#1267,.T.);
#2939=EDGE_CURVE('',#2372,#2375,#1268,.T.);
#2940=EDGE_CURVE('',#2375,#2365,#1269,.T.);
#2941=EDGE_CURVE('',#2375,#2371,#1270,.T.);
#2942=EDGE_CURVE('',#2376,#2377,#1271,.T.);
#2943=EDGE_CURVE('',#2375,#2377,#1272,.T.);
#2944=EDGE_CURVE('',#2372,#2376,#1273,.T.);
#2945=EDGE_CURVE('',#2375,#2335,#1274,.T.);
#2946=EDGE_CURVE('',#2377,#2336,#1275,.T.);
#2947=EDGE_CURVE('',#2334,#2371,#1276,.T.);
#2948=EDGE_CURVE('',#2333,#2378,#1277,.T.);
#2949=EDGE_CURVE('',#2378,#2379,#1278,.T.);
#2950=EDGE_CURVE('',#2379,#2380,#1279,.T.);
#2951=EDGE_CURVE('',#2380,#2356,#1280,.T.);
#2952=EDGE_CURVE('',#2362,#2280,#1281,.T.);
#2953=EDGE_CURVE('',#2360,#2288,#1282,.T.);
#2954=EDGE_CURVE('',#2373,#2303,#1283,.T.);
#2955=EDGE_CURVE('',#2202,#2381,#1284,.T.);
#2956=EDGE_CURVE('',#2381,#2374,#1285,.T.);
#2957=EDGE_CURVE('',#2210,#2376,#1286,.T.);
#2958=EDGE_CURVE('',#2203,#2357,#1287,.T.);
#2959=EDGE_CURVE('',#2382,#2382,#376,.T.);
#2960=EDGE_CURVE('',#2383,#2383,#377,.T.);
#2961=EDGE_CURVE('',#2229,#2384,#1288,.T.);
#2962=EDGE_CURVE('',#2384,#2385,#378,.T.);
#2963=EDGE_CURVE('',#2385,#2384,#379,.T.);
#2964=EDGE_CURVE('',#2385,#2386,#1289,.T.);
#2965=EDGE_CURVE('',#2386,#2386,#380,.T.);
#2966=EDGE_CURVE('',#2232,#2387,#1290,.T.);
#2967=EDGE_CURVE('',#2387,#2387,#381,.T.);
#2968=EDGE_CURVE('',#2387,#2388,#1291,.T.);
#2969=EDGE_CURVE('',#2388,#2388,#23,.T.);
#2970=EDGE_CURVE('',#2389,#2389,#382,.T.);
#2971=EDGE_CURVE('',#2389,#2230,#1292,.T.);
#2972=EDGE_CURVE('',#2389,#2390,#1293,.T.);
#2973=EDGE_CURVE('',#2390,#2390,#383,.T.);
#2974=EDGE_CURVE('',#2391,#2391,#384,.T.);
#2975=EDGE_CURVE('',#2391,#2231,#1294,.T.);
#2976=EDGE_CURVE('',#2391,#2392,#1295,.T.);
#2977=EDGE_CURVE('',#2392,#2392,#24,.T.);
#2978=EDGE_CURVE('',#2393,#2394,#1296,.T.);
#2979=EDGE_CURVE('',#2394,#2394,#2073,.T.);
#2980=EDGE_CURVE('',#2393,#2393,#2074,.T.);
#2981=EDGE_CURVE('',#2395,#2395,#385,.T.);
#2982=EDGE_CURVE('',#2395,#2394,#1297,.T.);
#2983=EDGE_CURVE('',#2396,#2397,#1298,.T.);
#2984=EDGE_CURVE('',#2397,#2397,#2075,.T.);
#2985=EDGE_CURVE('',#2396,#2396,#2076,.T.);
#2986=EDGE_CURVE('',#2398,#2398,#386,.T.);
#2987=EDGE_CURVE('',#2398,#2397,#1299,.T.);
#2988=EDGE_CURVE('',#2399,#2400,#1300,.T.);
#2989=EDGE_CURVE('',#2400,#2400,#2077,.T.);
#2990=EDGE_CURVE('',#2399,#2399,#2078,.T.);
#2991=EDGE_CURVE('',#2401,#2401,#387,.T.);
#2992=EDGE_CURVE('',#2401,#2400,#1301,.T.);
#2993=EDGE_CURVE('',#2233,#2395,#1302,.T.);
#2994=EDGE_CURVE('',#2386,#2398,#1303,.T.);
#2995=EDGE_CURVE('',#2390,#2401,#1304,.T.);
#2996=EDGE_CURVE('',#2223,#2402,#1305,.T.);
#2997=EDGE_CURVE('',#2403,#2402,#1306,.T.);
#2998=EDGE_CURVE('',#2224,#2403,#1307,.T.);
#2999=EDGE_CURVE('',#2404,#2404,#388,.T.);
#3000=EDGE_CURVE('',#2405,#2405,#389,.T.);
#3001=EDGE_CURVE('',#2406,#2309,#390,.T.);
#3002=EDGE_CURVE('',#2406,#2407,#391,.T.);
#3003=EDGE_CURVE('',#2407,#2408,#392,.T.);
#3004=EDGE_CURVE('',#2408,#2409,#2079,.F.);
#3005=EDGE_CURVE('',#2409,#2410,#2080,.F.);
#3006=EDGE_CURVE('',#2410,#2310,#393,.T.);
#3007=EDGE_CURVE('',#2411,#2412,#394,.T.);
#3008=EDGE_CURVE('',#2411,#2413,#395,.T.);
#3009=EDGE_CURVE('',#2413,#2414,#396,.T.);
#3010=EDGE_CURVE('',#2412,#2414,#397,.T.);
#3011=EDGE_CURVE('',#2213,#2414,#1308,.T.);
#3012=EDGE_CURVE('',#2184,#2213,#1309,.F.);
#3013=EDGE_CURVE('',#2184,#2415,#1310,.T.);
#3014=EDGE_CURVE('',#2416,#2415,#398,.T.);
#3015=EDGE_CURVE('',#2416,#2417,#1311,.T.);
#3016=EDGE_CURVE('',#2407,#2417,#1312,.T.);
#3017=EDGE_CURVE('',#2412,#2407,#1313,.T.);
#3018=EDGE_CURVE('',#2417,#2418,#399,.T.);
#3019=EDGE_CURVE('',#2416,#2419,#400,.T.);
#3020=EDGE_CURVE('',#2419,#2418,#1314,.T.);
#3021=EDGE_CURVE('',#2214,#2413,#1315,.T.);
#3022=EDGE_CURVE('',#2411,#2406,#1316,.T.);
#3023=EDGE_CURVE('',#2418,#2406,#1317,.T.);
#3024=EDGE_CURVE('',#2420,#2419,#401,.T.);
#3025=EDGE_CURVE('',#2183,#2420,#1318,.T.);
#3026=EDGE_CURVE('',#2214,#2183,#1319,.F.);
#3027=EDGE_CURVE('',#2421,#2408,#1320,.F.);
#3028=EDGE_CURVE('',#2421,#2417,#402,.T.);
#3029=EDGE_CURVE('',#2311,#2422,#1321,.T.);
#3030=EDGE_CURVE('',#2311,#2423,#1322,.T.);
#3031=EDGE_CURVE('',#2423,#2424,#1323,.T.);
#3032=EDGE_CURVE('',#2424,#2422,#1324,.T.);
#3033=EDGE_CURVE('',#2425,#2426,#403,.T.);
#3034=EDGE_CURVE('',#2426,#2427,#25,.T.);
#3035=EDGE_CURVE('',#2428,#2427,#404,.T.);
#3036=EDGE_CURVE('',#2428,#2425,#26,.T.);
#3037=EDGE_CURVE('',#2427,#2429,#1325,.T.);
#3038=EDGE_CURVE('',#2430,#2429,#405,.T.);
#3039=EDGE_CURVE('',#2430,#2428,#1326,.T.);
#3040=EDGE_CURVE('',#2429,#2431,#27,.T.);
#3041=EDGE_CURVE('',#2432,#2431,#406,.T.);
#3042=EDGE_CURVE('',#2432,#2430,#28,.T.);
#3043=EDGE_CURVE('',#2431,#2433,#29,.T.);
#3044=EDGE_CURVE('',#2429,#2433,#1327,.T.);
#3045=EDGE_CURVE('',#2433,#2434,#1328,.T.);
#3046=EDGE_CURVE('',#2434,#2427,#1329,.T.);
#3047=EDGE_CURVE('',#2434,#2426,#30,.T.);
#3048=EDGE_CURVE('',#2426,#2331,#407,.T.);
#3049=EDGE_CURVE('',#2434,#2330,#408,.T.);
#3050=EDGE_CURVE('',#2433,#2329,#409,.T.);
#3051=EDGE_CURVE('',#2431,#2328,#410,.T.);
#3052=EDGE_CURVE('',#2435,#2436,#1330,.T.);
#3053=EDGE_CURVE('',#2422,#2435,#1331,.T.);
#3054=EDGE_CURVE('',#2424,#2379,#1332,.T.);
#3055=EDGE_CURVE('',#2437,#2378,#1333,.T.);
#3056=EDGE_CURVE('',#2438,#2437,#2081,.T.);
#3057=EDGE_CURVE('',#2439,#2438,#2082,.T.);
#3058=EDGE_CURVE('',#2440,#2439,#2083,.T.);
#3059=EDGE_CURVE('',#2441,#2440,#1334,.T.);
#3060=EDGE_CURVE('',#2442,#2441,#2084,.T.);
#3061=EDGE_CURVE('',#2443,#2442,#2085,.T.);
#3062=EDGE_CURVE('',#2436,#2443,#2086,.T.);
#3063=EDGE_CURVE('',#2410,#2423,#1335,.T.);
#3064=EDGE_CURVE('',#2444,#2421,#2087,.F.);
#3065=EDGE_CURVE('',#2445,#2444,#2088,.F.);
#3066=EDGE_CURVE('',#2445,#2380,#1336,.T.);
#3067=EDGE_CURVE('',#2446,#2446,#411,.T.);
#3068=EDGE_CURVE('',#2447,#2447,#412,.T.);
#3069=EDGE_CURVE('',#2448,#2448,#413,.T.);
#3070=EDGE_CURVE('',#2449,#2449,#414,.T.);
#3071=EDGE_CURVE('',#2450,#2451,#415,.T.);
#3072=EDGE_CURVE('',#2323,#2451,#2089,.T.);
#3073=EDGE_CURVE('',#2322,#2450,#2090,.T.);
#3074=EDGE_CURVE('',#2452,#2453,#416,.T.);
#3075=EDGE_CURVE('',#2451,#2453,#2091,.T.);
#3076=EDGE_CURVE('',#2450,#2452,#2092,.T.);
#3077=EDGE_CURVE('',#2337,#2454,#1337,.T.);
#3078=EDGE_CURVE('',#2454,#2455,#1338,.T.);
#3079=EDGE_CURVE('',#2456,#2455,#2093,.T.);
#3080=EDGE_CURVE('',#2457,#2456,#2094,.T.);
#3081=EDGE_CURVE('',#2338,#2457,#2095,.T.);
#3082=EDGE_CURVE('',#2458,#2458,#417,.T.);
#3083=EDGE_CURVE('',#2458,#2459,#1339,.T.);
#3084=EDGE_CURVE('',#2459,#2459,#418,.T.);
#3085=EDGE_CURVE('',#2459,#2404,#1340,.T.);
#3086=EDGE_CURVE('',#2460,#2457,#419,.T.);
#3087=EDGE_CURVE('',#2339,#2460,#2096,.T.);
#3088=EDGE_CURVE('',#2461,#2456,#420,.T.);
#3089=EDGE_CURVE('',#2460,#2461,#2097,.T.);
#3090=EDGE_CURVE('',#2462,#2455,#421,.T.);
#3091=EDGE_CURVE('',#2461,#2462,#2098,.T.);
#3092=EDGE_CURVE('',#2463,#2464,#422,.T.);
#3093=EDGE_CURVE('',#2453,#2464,#2099,.T.);
#3094=EDGE_CURVE('',#2452,#2463,#2100,.T.);
#3095=EDGE_CURVE('',#2465,#2465,#423,.T.);
#3096=EDGE_CURVE('',#2465,#2405,#1341,.T.);
#3097=EDGE_CURVE('',#2466,#2466,#424,.T.);
#3098=EDGE_CURVE('',#2466,#2465,#1342,.T.);
#3099=EDGE_CURVE('',#2467,#2324,#1343,.T.);
#3100=EDGE_CURVE('',#2464,#2467,#1344,.T.);
#3101=EDGE_CURVE('',#2468,#2222,#1345,.T.);
#3102=EDGE_CURVE('',#2469,#2468,#2101,.T.);
#3103=EDGE_CURVE('',#2402,#2469,#2102,.T.);
#3104=EDGE_CURVE('',#2470,#2347,#1346,.T.);
#3105=EDGE_CURVE('',#2471,#2470,#1347,.T.);
#3106=EDGE_CURVE('',#2348,#2471,#1348,.T.);
#3107=EDGE_CURVE('',#2472,#2470,#425,.T.);
#3108=EDGE_CURVE('',#2472,#2473,#426,.T.);
#3109=EDGE_CURVE('',#2473,#2474,#427,.T.);
#3110=EDGE_CURVE('',#2474,#2475,#1349,.T.);
#3111=EDGE_CURVE('',#2471,#2475,#428,.T.);
#3112=EDGE_CURVE('',#2476,#2477,#429,.T.);
#3113=EDGE_CURVE('',#2477,#2478,#430,.T.);
#3114=EDGE_CURVE('',#2479,#2478,#431,.T.);
#3115=EDGE_CURVE('',#2479,#2480,#1350,.T.);
#3116=EDGE_CURVE('',#2481,#2480,#432,.T.);
#3117=EDGE_CURVE('',#2481,#2476,#1351,.T.);
#3118=EDGE_CURVE('',#2475,#2349,#1352,.T.);
#3119=EDGE_CURVE('',#2482,#2321,#2103,.T.);
#3120=EDGE_CURVE('',#2482,#2483,#2104,.T.);
#3121=EDGE_CURVE('',#2483,#2450,#2105,.T.);
#3122=EDGE_CURVE('',#2482,#2484,#433,.T.);
#3123=EDGE_CURVE('',#2485,#2484,#2106,.T.);
#3124=EDGE_CURVE('',#2452,#2485,#2107,.T.);
#3125=EDGE_CURVE('',#2486,#2487,#1353,.T.);
#3126=EDGE_CURVE('',#2487,#2488,#1354,.T.);
#3127=EDGE_CURVE('',#2488,#2489,#434,.T.);
#3128=EDGE_CURVE('',#2489,#2486,#1355,.T.);
#3129=EDGE_CURVE('',#2490,#2491,#1356,.T.);
#3130=EDGE_CURVE('',#2490,#2487,#1357,.T.);
#3131=EDGE_CURVE('',#2491,#2486,#1358,.T.);
#3132=EDGE_CURVE('',#2492,#2490,#1359,.T.);
#3133=EDGE_CURVE('',#2492,#2488,#1360,.T.);
#3134=EDGE_CURVE('',#2493,#2492,#435,.T.);
#3135=EDGE_CURVE('',#2493,#2489,#1361,.T.);
#3136=EDGE_CURVE('',#2491,#2493,#1362,.T.);
#3137=EDGE_CURVE('',#2494,#2495,#1363,.T.);
#3138=EDGE_CURVE('',#2494,#2496,#1364,.T.);
#3139=EDGE_CURVE('',#2497,#2496,#1365,.T.);
#3140=EDGE_CURVE('',#2495,#2497,#1366,.T.);
#3141=EDGE_CURVE('',#2495,#2498,#436,.T.);
#3142=EDGE_CURVE('',#2499,#2497,#437,.T.);
#3143=EDGE_CURVE('',#2498,#2499,#1367,.T.);
#3144=EDGE_CURVE('',#2498,#2500,#1368,.T.);
#3145=EDGE_CURVE('',#2501,#2499,#1369,.T.);
#3146=EDGE_CURVE('',#2500,#2501,#1370,.T.);
#3147=EDGE_CURVE('',#2500,#2494,#1371,.T.);
#3148=EDGE_CURVE('',#2496,#2501,#1372,.T.);
#3149=EDGE_CURVE('',#2502,#2503,#438,.T.);
#3150=EDGE_CURVE('',#2502,#2504,#1373,.T.);
#3151=EDGE_CURVE('',#2504,#2505,#439,.T.);
#3152=EDGE_CURVE('',#2505,#2503,#1374,.T.);
#3153=EDGE_CURVE('',#2506,#2505,#1375,.T.);
#3154=EDGE_CURVE('',#2507,#2506,#1376,.T.);
#3155=EDGE_CURVE('',#2503,#2507,#1377,.T.);
#3156=EDGE_CURVE('',#2508,#2509,#440,.T.);
#3157=EDGE_CURVE('',#2508,#2510,#1378,.T.);
#3158=EDGE_CURVE('',#2510,#2511,#441,.T.);
#3159=EDGE_CURVE('',#2511,#2509,#1379,.T.);
#3160=EDGE_CURVE('',#2509,#2502,#1380,.T.);
#3161=EDGE_CURVE('',#2504,#2511,#1381,.T.);
#3162=EDGE_CURVE('',#2346,#2512,#1382,.T.);
#3163=EDGE_CURVE('',#2345,#2513,#1383,.T.);
#3164=EDGE_CURVE('',#2512,#2513,#1384,.T.);
#3165=EDGE_CURVE('',#2514,#2515,#442,.T.);
#3166=EDGE_CURVE('',#2515,#2343,#1385,.T.);
#3167=EDGE_CURVE('',#2342,#2514,#1386,.T.);
#3168=EDGE_CURVE('',#2507,#2516,#443,.T.);
#3169=EDGE_CURVE('',#2517,#2506,#444,.T.);
#3170=EDGE_CURVE('',#2516,#2517,#1387,.T.);
#3171=EDGE_CURVE('',#2516,#2508,#445,.T.);
#3172=EDGE_CURVE('',#2510,#2517,#446,.T.);
#3173=EDGE_CURVE('',#2518,#2515,#447,.T.);
#3174=EDGE_CURVE('',#2344,#2518,#1388,.T.);
#3175=EDGE_CURVE('',#2513,#2518,#448,.T.);
#3176=EDGE_CURVE('',#2519,#2520,#449,.T.);
#3177=EDGE_CURVE('',#2519,#2521,#1389,.T.);
#3178=EDGE_CURVE('',#2522,#2521,#450,.T.);
#3179=EDGE_CURVE('',#2520,#2522,#1390,.T.);
#3180=EDGE_CURVE('',#2520,#2523,#1391,.T.);
#3181=EDGE_CURVE('',#2524,#2522,#1392,.T.);
#3182=EDGE_CURVE('',#2523,#2524,#1393,.T.);
#3183=EDGE_CURVE('',#2523,#2525,#1394,.T.);
#3184=EDGE_CURVE('',#2526,#2524,#1395,.T.);
#3185=EDGE_CURVE('',#2525,#2526,#1396,.T.);
#3186=EDGE_CURVE('',#2525,#2519,#1397,.T.);
#3187=EDGE_CURVE('',#2521,#2526,#1398,.T.);
#3188=EDGE_CURVE('',#2527,#2528,#451,.T.);
#3189=EDGE_CURVE('',#2527,#2529,#1399,.T.);
#3190=EDGE_CURVE('',#2530,#2529,#452,.T.);
#3191=EDGE_CURVE('',#2528,#2530,#1400,.T.);
#3192=EDGE_CURVE('',#2528,#2531,#1401,.T.);
#3193=EDGE_CURVE('',#2532,#2530,#1402,.T.);
#3194=EDGE_CURVE('',#2531,#2532,#1403,.T.);
#3195=EDGE_CURVE('',#2531,#2533,#1404,.T.);
#3196=EDGE_CURVE('',#2534,#2532,#1405,.T.);
#3197=EDGE_CURVE('',#2533,#2534,#1406,.T.);
#3198=EDGE_CURVE('',#2533,#2527,#1407,.T.);
#3199=EDGE_CURVE('',#2529,#2534,#1408,.T.);
#3200=EDGE_CURVE('',#2535,#2536,#453,.T.);
#3201=EDGE_CURVE('',#2535,#2481,#1409,.T.);
#3202=EDGE_CURVE('',#2480,#2536,#1410,.T.);
#3203=EDGE_CURVE('',#2537,#2479,#1411,.T.);
#3204=EDGE_CURVE('',#2536,#2537,#1412,.T.);
#3205=EDGE_CURVE('',#2537,#2538,#454,.T.);
#3206=EDGE_CURVE('',#2478,#2538,#1413,.T.);
#3207=EDGE_CURVE('',#2539,#2477,#1414,.T.);
#3208=EDGE_CURVE('',#2538,#2539,#455,.T.);
#3209=EDGE_CURVE('',#2352,#2472,#1415,.T.);
#3210=EDGE_CURVE('',#2540,#2535,#1416,.T.);
#3211=EDGE_CURVE('',#2540,#2476,#1417,.T.);
#3212=EDGE_CURVE('',#2539,#2540,#456,.T.);
#3213=EDGE_CURVE('',#2351,#2473,#1418,.T.);
#3214=EDGE_CURVE('',#2350,#2474,#1419,.T.);
#3215=EDGE_CURVE('',#2541,#2542,#457,.T.);
#3216=EDGE_CURVE('',#2542,#2543,#2108,.T.);
#3217=EDGE_CURVE('',#2544,#2543,#458,.T.);
#3218=EDGE_CURVE('',#2544,#2541,#2109,.T.);
#3219=EDGE_CURVE('',#2544,#2312,#2110,.T.);
#3220=EDGE_CURVE('',#2541,#2340,#2111,.T.);
#3221=EDGE_CURVE('',#2542,#2545,#1420,.T.);
#3222=EDGE_CURVE('',#2545,#2546,#2112,.T.);
#3223=EDGE_CURVE('',#2543,#2546,#1421,.T.);
#3224=EDGE_CURVE('',#2547,#2548,#1422,.T.);
#3225=EDGE_CURVE('',#2549,#2548,#1423,.F.);
#3226=EDGE_CURVE('',#2550,#2549,#1424,.T.);
#3227=EDGE_CURVE('',#2550,#2547,#1425,.T.);
#3228=EDGE_CURVE('',#2265,#2551,#1426,.T.);
#3229=EDGE_CURVE('',#2319,#2551,#2113,.F.);
#3230=EDGE_CURVE('',#2552,#2551,#2114,.T.);
#3231=EDGE_CURVE('',#2552,#2553,#2115,.T.);
#3232=EDGE_CURVE('',#2262,#2553,#1427,.T.);
#3233=EDGE_CURVE('',#2554,#2555,#2116,.F.);
#3234=EDGE_CURVE('',#2554,#2556,#1428,.T.);
#3235=EDGE_CURVE('',#2556,#2557,#2117,.T.);
#3236=EDGE_CURVE('',#2557,#2558,#2118,.F.);
#3237=EDGE_CURVE('',#2558,#2559,#1429,.T.);
#3238=EDGE_CURVE('',#2559,#2555,#2119,.T.);
#3239=EDGE_CURVE('',#2554,#2251,#2120,.F.);
#3240=EDGE_CURVE('',#2556,#2268,#459,.T.);
#3241=EDGE_CURVE('',#2555,#2560,#2121,.F.);
#3242=EDGE_CURVE('',#2560,#2243,#2122,.T.);
#3243=EDGE_CURVE('',#2553,#2270,#460,.T.);
#3244=EDGE_CURVE('',#2559,#2313,#2123,.T.);
#3245=EDGE_CURVE('',#2314,#2558,#2124,.T.);
#3246=EDGE_CURVE('',#2221,#2561,#1430,.T.);
#3247=EDGE_CURVE('',#2468,#2561,#2125,.T.);
#3248=EDGE_CURVE('',#2561,#2271,#2126,.T.);
#3249=EDGE_CURVE('',#2562,#2225,#1431,.T.);
#3250=EDGE_CURVE('',#2562,#2563,#2127,.T.);
#3251=EDGE_CURVE('',#2226,#2563,#1432,.T.);
#3252=EDGE_CURVE('',#2563,#2267,#2128,.T.);
#3253=EDGE_CURVE('',#2564,#2544,#2129,.T.);
#3254=EDGE_CURVE('',#2565,#2564,#2130,.T.);
#3255=EDGE_CURVE('',#2565,#2245,#2131,.T.);
#3256=EDGE_CURVE('',#2566,#2565,#2132,.T.);
#3257=EDGE_CURVE('',#2543,#2567,#2133,.T.);
#3258=EDGE_CURVE('',#2567,#2566,#2134,.T.);
#3259=EDGE_CURVE('',#2568,#2566,#2135,.T.);
#3260=EDGE_CURVE('',#2546,#2569,#2136,.T.);
#3261=EDGE_CURVE('',#2569,#2570,#2137,.T.);
#3262=EDGE_CURVE('',#2570,#2568,#2138,.F.);
#3263=EDGE_CURVE('',#2549,#2571,#1433,.T.);
#3264=EDGE_CURVE('',#2548,#2572,#1434,.F.);
#3265=EDGE_CURVE('',#2571,#2572,#1435,.T.);
#3266=EDGE_CURVE('',#2573,#2547,#1436,.F.);
#3267=EDGE_CURVE('',#2572,#2573,#1437,.T.);
#3268=EDGE_CURVE('',#2574,#2550,#1438,.T.);
#3269=EDGE_CURVE('',#2574,#2573,#1439,.F.);
#3270=EDGE_CURVE('',#2568,#2575,#2139,.F.);
#3271=EDGE_CURVE('',#2576,#2575,#2140,.T.);
#3272=EDGE_CURVE('',#2577,#2576,#2141,.T.);
#3273=EDGE_CURVE('',#2578,#2577,#1440,.T.);
#3274=EDGE_CURVE('',#2578,#2579,#2142,.T.);
#3275=EDGE_CURVE('',#2579,#2566,#2143,.T.);
#3276=EDGE_CURVE('',#2580,#2578,#461,.T.);
#3277=EDGE_CURVE('',#2581,#2580,#2144,.T.);
#3278=EDGE_CURVE('',#2565,#2581,#2145,.T.);
#3279=EDGE_CURVE('',#2580,#2320,#2146,.T.);
#3280=EDGE_CURVE('',#2580,#2482,#2147,.T.);
#3281=EDGE_CURVE('',#2484,#2578,#2148,.T.);
#3282=EDGE_CURVE('',#2582,#2577,#2149,.T.);
#3283=EDGE_CURVE('',#2484,#2582,#1441,.T.);
#3284=EDGE_CURVE('',#2571,#2574,#1442,.T.);
#3285=EDGE_CURVE('',#2583,#2562,#2150,.T.);
#3286=EDGE_CURVE('',#2403,#2583,#2151,.T.);
#3287=EDGE_CURVE('',#2584,#2582,#2152,.T.);
#3288=EDGE_CURVE('',#2463,#2584,#2153,.T.);
#3289=EDGE_CURVE('',#2585,#2545,#2154,.T.);
#3290=EDGE_CURVE('',#2586,#2542,#2155,.T.);
#3291=EDGE_CURVE('',#2461,#2586,#2156,.T.);
#3292=EDGE_CURVE('',#2462,#2585,#2157,.T.);
#3293=EDGE_CURVE('',#2541,#2587,#2158,.T.);
#3294=EDGE_CURVE('',#2587,#2460,#2159,.T.);
#3295=EDGE_CURVE('',#2512,#2588,#462,.T.);
#3296=EDGE_CURVE('',#2588,#2341,#1443,.T.);
#3297=EDGE_CURVE('',#2514,#2588,#1444,.T.);
#3298=EDGE_CURVE('',#2449,#2589,#1445,.T.);
#3299=EDGE_CURVE('',#2589,#2589,#463,.T.);
#3300=EDGE_CURVE('',#2448,#2590,#1446,.T.);
#3301=EDGE_CURVE('',#2590,#2590,#464,.T.);
#3302=EDGE_CURVE('',#2447,#2591,#1447,.T.);
#3303=EDGE_CURVE('',#2591,#2591,#465,.T.);
#3304=EDGE_CURVE('',#2446,#2592,#1448,.T.);
#3305=EDGE_CURVE('',#2592,#2592,#466,.T.);
#3306=EDGE_CURVE('',#2593,#2594,#1449,.T.);
#3307=EDGE_CURVE('',#2595,#2593,#1450,.T.);
#3308=EDGE_CURVE('',#2596,#2595,#1451,.T.);
#3309=EDGE_CURVE('',#2597,#2596,#1452,.T.);
#3310=EDGE_CURVE('',#2598,#2597,#1453,.T.);
#3311=EDGE_CURVE('',#2594,#2598,#1454,.T.);
#3312=EDGE_CURVE('',#2599,#2600,#1455,.T.);
#3313=EDGE_CURVE('',#2599,#2593,#1456,.T.);
#3314=EDGE_CURVE('',#2600,#2594,#1457,.T.);
#3315=EDGE_CURVE('',#2600,#2601,#1458,.T.);
#3316=EDGE_CURVE('',#2601,#2598,#1459,.T.);
#3317=EDGE_CURVE('',#2601,#2602,#1460,.T.);
#3318=EDGE_CURVE('',#2602,#2597,#1461,.T.);
#3319=EDGE_CURVE('',#2602,#2603,#1462,.T.);
#3320=EDGE_CURVE('',#2603,#2596,#1463,.T.);
#3321=EDGE_CURVE('',#2603,#2604,#1464,.T.);
#3322=EDGE_CURVE('',#2604,#2595,#1465,.T.);
#3323=EDGE_CURVE('',#2604,#2599,#1466,.T.);
#3324=EDGE_CURVE('',#2605,#2606,#1467,.T.);
#3325=EDGE_CURVE('',#2607,#2605,#1468,.T.);
#3326=EDGE_CURVE('',#2608,#2607,#1469,.T.);
#3327=EDGE_CURVE('',#2609,#2608,#1470,.T.);
#3328=EDGE_CURVE('',#2610,#2609,#1471,.T.);
#3329=EDGE_CURVE('',#2606,#2610,#1472,.T.);
#3330=EDGE_CURVE('',#2611,#2612,#1473,.T.);
#3331=EDGE_CURVE('',#2611,#2605,#1474,.T.);
#3332=EDGE_CURVE('',#2612,#2606,#1475,.T.);
#3333=EDGE_CURVE('',#2612,#2613,#1476,.T.);
#3334=EDGE_CURVE('',#2613,#2610,#1477,.T.);
#3335=EDGE_CURVE('',#2613,#2614,#1478,.T.);
#3336=EDGE_CURVE('',#2614,#2609,#1479,.T.);
#3337=EDGE_CURVE('',#2614,#2615,#1480,.T.);
#3338=EDGE_CURVE('',#2615,#2608,#1481,.T.);
#3339=EDGE_CURVE('',#2615,#2616,#1482,.T.);
#3340=EDGE_CURVE('',#2616,#2607,#1483,.T.);
#3341=EDGE_CURVE('',#2616,#2611,#1484,.T.);
#3342=EDGE_CURVE('',#2617,#2618,#1485,.T.);
#3343=EDGE_CURVE('',#2619,#2617,#1486,.T.);
#3344=EDGE_CURVE('',#2620,#2619,#1487,.T.);
#3345=EDGE_CURVE('',#2621,#2620,#1488,.T.);
#3346=EDGE_CURVE('',#2622,#2621,#1489,.T.);
#3347=EDGE_CURVE('',#2618,#2622,#1490,.T.);
#3348=EDGE_CURVE('',#2623,#2624,#1491,.T.);
#3349=EDGE_CURVE('',#2623,#2617,#1492,.T.);
#3350=EDGE_CURVE('',#2624,#2618,#1493,.T.);
#3351=EDGE_CURVE('',#2624,#2625,#1494,.T.);
#3352=EDGE_CURVE('',#2625,#2622,#1495,.T.);
#3353=EDGE_CURVE('',#2625,#2626,#1496,.T.);
#3354=EDGE_CURVE('',#2626,#2621,#1497,.T.);
#3355=EDGE_CURVE('',#2626,#2627,#1498,.T.);
#3356=EDGE_CURVE('',#2627,#2620,#1499,.T.);
#3357=EDGE_CURVE('',#2627,#2628,#1500,.T.);
#3358=EDGE_CURVE('',#2628,#2619,#1501,.T.);
#3359=EDGE_CURVE('',#2628,#2623,#1502,.T.);
#3360=EDGE_CURVE('',#2629,#2630,#1503,.T.);
#3361=EDGE_CURVE('',#2631,#2629,#1504,.T.);
#3362=EDGE_CURVE('',#2632,#2631,#1505,.T.);
#3363=EDGE_CURVE('',#2633,#2632,#1506,.T.);
#3364=EDGE_CURVE('',#2634,#2633,#1507,.T.);
#3365=EDGE_CURVE('',#2630,#2634,#1508,.T.);
#3366=EDGE_CURVE('',#2635,#2636,#1509,.T.);
#3367=EDGE_CURVE('',#2635,#2629,#1510,.T.);
#3368=EDGE_CURVE('',#2636,#2630,#1511,.T.);
#3369=EDGE_CURVE('',#2636,#2637,#1512,.T.);
#3370=EDGE_CURVE('',#2637,#2634,#1513,.T.);
#3371=EDGE_CURVE('',#2637,#2638,#1514,.T.);
#3372=EDGE_CURVE('',#2638,#2633,#1515,.T.);
#3373=EDGE_CURVE('',#2638,#2639,#1516,.T.);
#3374=EDGE_CURVE('',#2639,#2632,#1517,.T.);
#3375=EDGE_CURVE('',#2639,#2640,#1518,.T.);
#3376=EDGE_CURVE('',#2640,#2631,#1519,.T.);
#3377=EDGE_CURVE('',#2640,#2635,#1520,.T.);
#3378=EDGE_CURVE('',#2557,#2641,#2160,.T.);
#3379=EDGE_CURVE('',#2641,#2562,#467,.T.);
#3380=EDGE_CURVE('',#2641,#2642,#2161,.T.);
#3381=EDGE_CURVE('',#2403,#2642,#468,.T.);
#3382=EDGE_CURVE('',#2642,#2643,#1521,.T.);
#3383=EDGE_CURVE('',#2402,#2643,#469,.T.);
#3384=EDGE_CURVE('',#2643,#2644,#2162,.T.);
#3385=EDGE_CURVE('',#2644,#2468,#470,.T.);
#3386=EDGE_CURVE('',#2644,#2552,#2163,.T.);
#3387=EDGE_CURVE('',#2644,#2318,#471,.T.);
#3388=EDGE_CURVE('',#2643,#2317,#472,.T.);
#3389=EDGE_CURVE('',#2642,#2316,#473,.T.);
#3390=EDGE_CURVE('',#2641,#2315,#474,.T.);
#3391=EDGE_CURVE('',#2332,#2645,#2164,.T.);
#3392=EDGE_CURVE('',#2645,#2426,#1522,.T.);
#3393=EDGE_CURVE('',#2646,#2647,#2165,.T.);
#3394=EDGE_CURVE('',#2645,#2646,#2166,.T.);
#3395=EDGE_CURVE('',#2425,#2647,#1523,.T.);
#3396=EDGE_CURVE('',#2647,#2648,#1524,.T.);
#3397=EDGE_CURVE('',#2648,#2432,#1525,.T.);
#3398=EDGE_CURVE('',#2649,#2650,#2167,.T.);
#3399=EDGE_CURVE('',#2648,#2649,#2168,.T.);
#3400=EDGE_CURVE('',#2431,#2650,#1526,.T.);
#3401=EDGE_CURVE('',#2650,#2327,#2169,.T.);
#3402=EDGE_CURVE('',#2307,#2445,#475,.T.);
#3403=EDGE_CURVE('',#2418,#2308,#476,.T.);
#3404=EDGE_CURVE('',#2645,#2438,#1527,.T.);
#3405=EDGE_CURVE('',#2439,#2646,#1528,.T.);
#3406=EDGE_CURVE('',#2437,#2332,#1529,.T.);
#3407=EDGE_CURVE('',#2649,#2442,#1530,.T.);
#3408=EDGE_CURVE('',#2443,#2650,#1531,.T.);
#3409=EDGE_CURVE('',#2440,#2647,#1532,.T.);
#3410=EDGE_CURVE('',#2441,#2648,#1533,.T.);
#3411=EDGE_CURVE('',#2436,#2327,#1534,.T.);
#3412=EDGE_CURVE('',#2435,#2326,#1535,.T.);
#3413=EDGE_CURVE('',#2415,#2420,#2170,.T.);
#3414=EDGE_CURVE('',#2180,#2381,#1536,.T.);
#3415=EDGE_CURVE('',#2651,#2651,#477,.T.);
#3416=EDGE_CURVE('',#2652,#2652,#478,.T.);
#3417=EDGE_CURVE('',#2653,#2653,#479,.T.);
#3418=EDGE_CURVE('',#2653,#2652,#1537,.T.);
#3419=EDGE_CURVE('',#2654,#2654,#480,.T.);
#3420=EDGE_CURVE('',#2654,#2653,#1538,.T.);
#3421=EDGE_CURVE('',#2655,#2655,#481,.T.);
#3422=EDGE_CURVE('',#2655,#2651,#1539,.T.);
#3423=EDGE_CURVE('',#2656,#2656,#482,.T.);
#3424=EDGE_CURVE('',#2656,#2655,#1540,.T.);
#3425=EDGE_CURVE('',#2657,#2657,#483,.T.);
#3426=EDGE_CURVE('',#2383,#2657,#1541,.T.);
#3427=EDGE_CURVE('',#2658,#2658,#484,.T.);
#3428=EDGE_CURVE('',#2382,#2658,#1542,.T.);
#3429=EDGE_CURVE('',#2209,#2659,#1543,.T.);
#3430=EDGE_CURVE('',#2659,#2660,#1544,.T.);
#3431=EDGE_CURVE('',#2660,#2661,#485,.T.);
#3432=EDGE_CURVE('',#2661,#2662,#1545,.T.);
#3433=EDGE_CURVE('',#2454,#2662,#1546,.T.);
#3434=EDGE_CURVE('',#2663,#2664,#486,.T.);
#3435=EDGE_CURVE('',#2665,#2664,#1547,.F.);
#3436=EDGE_CURVE('',#2665,#2204,#1548,.T.);
#3437=EDGE_CURVE('',#2467,#2666,#1549,.T.);
#3438=EDGE_CURVE('',#2666,#2663,#1550,.T.);
#3439=EDGE_CURVE('',#2667,#2668,#1551,.T.);
#3440=EDGE_CURVE('',#2660,#2668,#1552,.F.);
#3441=EDGE_CURVE('',#2667,#2659,#1553,.F.);
#3442=EDGE_CURVE('',#2208,#2667,#1554,.F.);
#3443=EDGE_CURVE('',#2669,#2205,#1555,.F.);
#3444=EDGE_CURVE('',#2665,#2669,#1556,.F.);
#3445=EDGE_CURVE('',#2670,#2669,#1557,.T.);
#3446=EDGE_CURVE('',#2670,#2664,#1558,.F.);
#3447=EDGE_CURVE('',#2671,#2670,#487,.F.);
#3448=EDGE_CURVE('',#2663,#2671,#1559,.T.);
#3449=EDGE_CURVE('',#2672,#2673,#1560,.F.);
#3450=EDGE_CURVE('',#2662,#2673,#1561,.T.);
#3451=EDGE_CURVE('',#2672,#2661,#1562,.T.);
#3452=EDGE_CURVE('',#2674,#2671,#1563,.F.);
#3453=EDGE_CURVE('',#2674,#2666,#1564,.T.);
#3454=EDGE_CURVE('',#2673,#2675,#1565,.T.);
#3455=EDGE_CURVE('',#2675,#2676,#1566,.T.);
#3456=EDGE_CURVE('',#2676,#2674,#1567,.T.);
#3457=EDGE_CURVE('',#2668,#2672,#488,.F.);
#3458=EDGE_CURVE('',#2207,#2675,#1568,.T.);
#3459=EDGE_CURVE('',#2206,#2676,#1569,.F.);
#3460=ORIENTED_EDGE('',*,*,#2677,.T.);
#3461=ORIENTED_EDGE('',*,*,#2678,.T.);
#3462=ORIENTED_EDGE('',*,*,#2679,.T.);
#3463=ORIENTED_EDGE('',*,*,#2680,.F.);
#3464=ORIENTED_EDGE('',*,*,#2681,.T.);
#3465=ORIENTED_EDGE('',*,*,#2682,.T.);
#3466=ORIENTED_EDGE('',*,*,#2681,.F.);
#3467=ORIENTED_EDGE('',*,*,#2683,.F.);
#3468=ORIENTED_EDGE('',*,*,#2684,.T.);
#3469=ORIENTED_EDGE('',*,*,#2685,.F.);
#3470=ORIENTED_EDGE('',*,*,#2686,.F.);
#3471=ORIENTED_EDGE('',*,*,#2687,.F.);
#3472=ORIENTED_EDGE('',*,*,#2688,.F.);
#3473=ORIENTED_EDGE('',*,*,#2689,.F.);
#3474=ORIENTED_EDGE('',*,*,#2690,.T.);
#3475=ORIENTED_EDGE('',*,*,#2691,.T.);
#3476=ORIENTED_EDGE('',*,*,#2692,.F.);
#3477=ORIENTED_EDGE('',*,*,#2693,.T.);
#3478=ORIENTED_EDGE('',*,*,#2694,.F.);
#3479=ORIENTED_EDGE('',*,*,#2695,.F.);
#3480=ORIENTED_EDGE('',*,*,#2696,.F.);
#3481=ORIENTED_EDGE('',*,*,#2697,.F.);
#3482=ORIENTED_EDGE('',*,*,#2698,.F.);
#3483=ORIENTED_EDGE('',*,*,#2677,.F.);
#3484=ORIENTED_EDGE('',*,*,#2699,.T.);
#3485=ORIENTED_EDGE('',*,*,#2700,.F.);
#3486=ORIENTED_EDGE('',*,*,#2701,.F.);
#3487=ORIENTED_EDGE('',*,*,#2702,.F.);
#3488=ORIENTED_EDGE('',*,*,#2697,.T.);
#3489=ORIENTED_EDGE('',*,*,#2703,.F.);
#3490=ORIENTED_EDGE('',*,*,#2693,.F.);
#3491=ORIENTED_EDGE('',*,*,#2704,.F.);
#3492=ORIENTED_EDGE('',*,*,#2694,.T.);
#3493=ORIENTED_EDGE('',*,*,#2703,.T.);
#3494=ORIENTED_EDGE('',*,*,#2696,.T.);
#3495=ORIENTED_EDGE('',*,*,#2705,.F.);
#3496=ORIENTED_EDGE('',*,*,#2706,.T.);
#3497=ORIENTED_EDGE('',*,*,#2707,.F.);
#3498=ORIENTED_EDGE('',*,*,#2708,.F.);
#3499=ORIENTED_EDGE('',*,*,#2709,.F.);
#3500=ORIENTED_EDGE('',*,*,#2684,.F.);
#3501=ORIENTED_EDGE('',*,*,#2683,.T.);
#3502=ORIENTED_EDGE('',*,*,#2680,.T.);
#3503=ORIENTED_EDGE('',*,*,#2710,.F.);
#3504=ORIENTED_EDGE('',*,*,#2711,.T.);
#3505=ORIENTED_EDGE('',*,*,#2712,.F.);
#3506=ORIENTED_EDGE('',*,*,#2706,.F.);
#3507=ORIENTED_EDGE('',*,*,#2713,.F.);
#3508=ORIENTED_EDGE('',*,*,#2714,.F.);
#3509=ORIENTED_EDGE('',*,*,#2711,.F.);
#3510=ORIENTED_EDGE('',*,*,#2715,.F.);
#3511=ORIENTED_EDGE('',*,*,#2707,.T.);
#3512=ORIENTED_EDGE('',*,*,#2712,.T.);
#3513=ORIENTED_EDGE('',*,*,#2714,.T.);
#3514=ORIENTED_EDGE('',*,*,#2698,.T.);
#3515=ORIENTED_EDGE('',*,*,#2716,.F.);
#3516=ORIENTED_EDGE('',*,*,#2708,.T.);
#3517=ORIENTED_EDGE('',*,*,#2682,.F.);
#3518=ORIENTED_EDGE('',*,*,#2717,.F.);
#3519=ORIENTED_EDGE('',*,*,#2678,.F.);
#3520=ORIENTED_EDGE('',*,*,#2716,.T.);
#3521=ORIENTED_EDGE('',*,*,#2701,.T.);
#3522=ORIENTED_EDGE('',*,*,#2718,.T.);
#3523=ORIENTED_EDGE('',*,*,#2719,.T.);
#3524=ORIENTED_EDGE('',*,*,#2688,.T.);
#3525=ORIENTED_EDGE('',*,*,#2720,.T.);
#3526=ORIENTED_EDGE('',*,*,#2721,.T.);
#3527=ORIENTED_EDGE('',*,*,#2722,.F.);
#3528=ORIENTED_EDGE('',*,*,#2723,.T.);
#3529=ORIENTED_EDGE('',*,*,#2724,.T.);
#3530=ORIENTED_EDGE('',*,*,#2725,.T.);
#3531=ORIENTED_EDGE('',*,*,#2726,.T.);
#3532=ORIENTED_EDGE('',*,*,#2727,.T.);
#3533=ORIENTED_EDGE('',*,*,#2728,.T.);
#3534=ORIENTED_EDGE('',*,*,#2729,.T.);
#3535=ORIENTED_EDGE('',*,*,#2730,.T.);
#3536=ORIENTED_EDGE('',*,*,#2731,.T.);
#3537=ORIENTED_EDGE('',*,*,#2685,.T.);
#3538=ORIENTED_EDGE('',*,*,#2709,.T.);
#3539=ORIENTED_EDGE('',*,*,#2679,.F.);
#3540=ORIENTED_EDGE('',*,*,#2732,.F.);
#3541=ORIENTED_EDGE('',*,*,#2733,.T.);
#3542=ORIENTED_EDGE('',*,*,#2734,.T.);
#3543=ORIENTED_EDGE('',*,*,#2718,.F.);
#3544=ORIENTED_EDGE('',*,*,#2700,.T.);
#3545=ORIENTED_EDGE('',*,*,#2699,.F.);
#3546=ORIENTED_EDGE('',*,*,#2735,.T.);
#3547=ORIENTED_EDGE('',*,*,#2736,.T.);
#3548=ORIENTED_EDGE('',*,*,#2737,.T.);
#3549=ORIENTED_EDGE('',*,*,#2736,.F.);
#3550=ORIENTED_EDGE('',*,*,#2738,.F.);
#3551=ORIENTED_EDGE('',*,*,#2739,.F.);
#3552=ORIENTED_EDGE('',*,*,#2740,.T.);
#3553=ORIENTED_EDGE('',*,*,#2741,.T.);
#3554=ORIENTED_EDGE('',*,*,#2742,.T.);
#3555=ORIENTED_EDGE('',*,*,#2743,.T.);
#3556=ORIENTED_EDGE('',*,*,#2744,.T.);
#3557=ORIENTED_EDGE('',*,*,#2745,.F.);
#3558=ORIENTED_EDGE('',*,*,#2746,.F.);
#3559=ORIENTED_EDGE('',*,*,#2747,.F.);
#3560=ORIENTED_EDGE('',*,*,#2748,.F.);
#3561=ORIENTED_EDGE('',*,*,#2749,.F.);
#3562=ORIENTED_EDGE('',*,*,#2750,.F.);
#3563=ORIENTED_EDGE('',*,*,#2751,.F.);
#3564=ORIENTED_EDGE('',*,*,#2752,.F.);
#3565=ORIENTED_EDGE('',*,*,#2753,.F.);
#3566=ORIENTED_EDGE('',*,*,#2735,.F.);
#3567=ORIENTED_EDGE('',*,*,#2737,.F.);
#3568=ORIENTED_EDGE('',*,*,#2754,.T.);
#3569=ORIENTED_EDGE('',*,*,#2755,.F.);
#3570=ORIENTED_EDGE('',*,*,#2754,.F.);
#3571=ORIENTED_EDGE('',*,*,#2756,.F.);
#3572=ORIENTED_EDGE('',*,*,#2757,.T.);
#3573=ORIENTED_EDGE('',*,*,#2758,.T.);
#3574=ORIENTED_EDGE('',*,*,#2757,.F.);
#3575=ORIENTED_EDGE('',*,*,#2758,.F.);
#3576=ORIENTED_EDGE('',*,*,#2759,.F.);
#3577=ORIENTED_EDGE('',*,*,#2760,.T.);
#3578=ORIENTED_EDGE('',*,*,#2761,.T.);
#3579=ORIENTED_EDGE('',*,*,#2760,.F.);
#3580=ORIENTED_EDGE('',*,*,#2761,.F.);
#3581=ORIENTED_EDGE('',*,*,#2762,.T.);
#3582=ORIENTED_EDGE('',*,*,#2738,.T.);
#3583=ORIENTED_EDGE('',*,*,#2763,.T.);
#3584=ORIENTED_EDGE('',*,*,#2764,.T.);
#3585=ORIENTED_EDGE('',*,*,#2765,.T.);
#3586=ORIENTED_EDGE('',*,*,#2766,.T.);
#3587=ORIENTED_EDGE('',*,*,#2765,.F.);
#3588=ORIENTED_EDGE('',*,*,#2767,.F.);
#3589=ORIENTED_EDGE('',*,*,#2768,.F.);
#3590=ORIENTED_EDGE('',*,*,#2769,.F.);
#3591=ORIENTED_EDGE('',*,*,#2770,.T.);
#3592=ORIENTED_EDGE('',*,*,#2771,.T.);
#3593=ORIENTED_EDGE('',*,*,#2772,.F.);
#3594=ORIENTED_EDGE('',*,*,#2773,.F.);
#3595=ORIENTED_EDGE('',*,*,#2774,.F.);
#3596=ORIENTED_EDGE('',*,*,#2764,.F.);
#3597=ORIENTED_EDGE('',*,*,#2775,.F.);
#3598=ORIENTED_EDGE('',*,*,#2776,.F.);
#3599=ORIENTED_EDGE('',*,*,#2777,.T.);
#3600=ORIENTED_EDGE('',*,*,#2778,.F.);
#3601=ORIENTED_EDGE('',*,*,#2767,.T.);
#3602=ORIENTED_EDGE('',*,*,#2763,.F.);
#3603=ORIENTED_EDGE('',*,*,#2749,.T.);
#3604=ORIENTED_EDGE('',*,*,#2779,.T.);
#3605=ORIENTED_EDGE('',*,*,#2775,.T.);
#3606=ORIENTED_EDGE('',*,*,#2780,.F.);
#3607=ORIENTED_EDGE('',*,*,#2770,.F.);
#3608=ORIENTED_EDGE('',*,*,#2781,.F.);
#3609=ORIENTED_EDGE('',*,*,#2782,.T.);
#3610=ORIENTED_EDGE('',*,*,#2783,.T.);
#3611=ORIENTED_EDGE('',*,*,#2784,.T.);
#3612=ORIENTED_EDGE('',*,*,#2785,.T.);
#3613=ORIENTED_EDGE('',*,*,#2786,.T.);
#3614=ORIENTED_EDGE('',*,*,#2787,.T.);
#3615=ORIENTED_EDGE('',*,*,#2788,.T.);
#3616=ORIENTED_EDGE('',*,*,#2771,.F.);
#3617=ORIENTED_EDGE('',*,*,#2789,.T.);
#3618=ORIENTED_EDGE('',*,*,#2773,.T.);
#3619=ORIENTED_EDGE('',*,*,#2790,.T.);
#3620=ORIENTED_EDGE('',*,*,#2791,.F.);
#3621=ORIENTED_EDGE('',*,*,#2792,.F.);
#3622=ORIENTED_EDGE('',*,*,#2793,.F.);
#3623=ORIENTED_EDGE('',*,*,#2794,.T.);
#3624=ORIENTED_EDGE('',*,*,#2772,.T.);
#3625=ORIENTED_EDGE('',*,*,#2795,.T.);
#3626=ORIENTED_EDGE('',*,*,#2796,.T.);
#3627=ORIENTED_EDGE('',*,*,#2797,.T.);
#3628=ORIENTED_EDGE('',*,*,#2791,.T.);
#3629=ORIENTED_EDGE('',*,*,#2790,.F.);
#3630=ORIENTED_EDGE('',*,*,#2762,.F.);
#3631=ORIENTED_EDGE('',*,*,#2798,.T.);
#3632=ORIENTED_EDGE('',*,*,#2799,.T.);
#3633=ORIENTED_EDGE('',*,*,#2739,.T.);
#3634=ORIENTED_EDGE('',*,*,#2779,.F.);
#3635=ORIENTED_EDGE('',*,*,#2748,.T.);
#3636=ORIENTED_EDGE('',*,*,#2800,.T.);
#3637=ORIENTED_EDGE('',*,*,#2801,.T.);
#3638=ORIENTED_EDGE('',*,*,#2802,.T.);
#3639=ORIENTED_EDGE('',*,*,#2776,.T.);
#3640=ORIENTED_EDGE('',*,*,#2799,.F.);
#3641=ORIENTED_EDGE('',*,*,#2803,.F.);
#3642=ORIENTED_EDGE('',*,*,#2804,.F.);
#3643=ORIENTED_EDGE('',*,*,#2805,.F.);
#3644=ORIENTED_EDGE('',*,*,#2806,.F.);
#3645=ORIENTED_EDGE('',*,*,#2740,.F.);
#3646=ORIENTED_EDGE('',*,*,#2766,.F.);
#3647=ORIENTED_EDGE('',*,*,#2774,.T.);
#3648=ORIENTED_EDGE('',*,*,#2794,.F.);
#3649=ORIENTED_EDGE('',*,*,#2807,.F.);
#3650=ORIENTED_EDGE('',*,*,#2803,.T.);
#3651=ORIENTED_EDGE('',*,*,#2798,.F.);
#3652=ORIENTED_EDGE('',*,*,#2808,.F.);
#3653=ORIENTED_EDGE('',*,*,#2809,.T.);
#3654=ORIENTED_EDGE('',*,*,#2810,.T.);
#3655=ORIENTED_EDGE('',*,*,#2809,.F.);
#3656=ORIENTED_EDGE('',*,*,#2810,.F.);
#3657=ORIENTED_EDGE('',*,*,#2811,.F.);
#3658=ORIENTED_EDGE('',*,*,#2812,.T.);
#3659=ORIENTED_EDGE('',*,*,#2813,.T.);
#3660=ORIENTED_EDGE('',*,*,#2812,.F.);
#3661=ORIENTED_EDGE('',*,*,#2813,.F.);
#3662=ORIENTED_EDGE('',*,*,#2814,.F.);
#3663=ORIENTED_EDGE('',*,*,#2815,.T.);
#3664=ORIENTED_EDGE('',*,*,#2816,.T.);
#3665=ORIENTED_EDGE('',*,*,#2815,.F.);
#3666=ORIENTED_EDGE('',*,*,#2816,.F.);
#3667=ORIENTED_EDGE('',*,*,#2817,.F.);
#3668=ORIENTED_EDGE('',*,*,#2818,.T.);
#3669=ORIENTED_EDGE('',*,*,#2819,.T.);
#3670=ORIENTED_EDGE('',*,*,#2818,.F.);
#3671=ORIENTED_EDGE('',*,*,#2819,.F.);
#3672=ORIENTED_EDGE('',*,*,#2820,.T.);
#3673=ORIENTED_EDGE('',*,*,#2821,.T.);
#3674=ORIENTED_EDGE('',*,*,#2822,.F.);
#3675=ORIENTED_EDGE('',*,*,#2821,.F.);
#3676=ORIENTED_EDGE('',*,*,#2822,.T.);
#3677=ORIENTED_EDGE('',*,*,#2823,.T.);
#3678=ORIENTED_EDGE('',*,*,#2824,.F.);
#3679=ORIENTED_EDGE('',*,*,#2825,.F.);
#3680=ORIENTED_EDGE('',*,*,#2826,.F.);
#3681=ORIENTED_EDGE('',*,*,#2823,.F.);
#3682=ORIENTED_EDGE('',*,*,#2824,.T.);
#3683=ORIENTED_EDGE('',*,*,#2827,.F.);
#3684=ORIENTED_EDGE('',*,*,#2828,.T.);
#3685=ORIENTED_EDGE('',*,*,#2829,.T.);
#3686=ORIENTED_EDGE('',*,*,#2830,.T.);
#3687=ORIENTED_EDGE('',*,*,#2827,.T.);
#3688=ORIENTED_EDGE('',*,*,#2826,.T.);
#3689=ORIENTED_EDGE('',*,*,#2825,.T.);
#3690=ORIENTED_EDGE('',*,*,#2831,.T.);
#3691=ORIENTED_EDGE('',*,*,#2832,.T.);
#3692=ORIENTED_EDGE('',*,*,#2833,.F.);
#3693=ORIENTED_EDGE('',*,*,#2832,.F.);
#3694=ORIENTED_EDGE('',*,*,#2833,.T.);
#3695=ORIENTED_EDGE('',*,*,#2834,.T.);
#3696=ORIENTED_EDGE('',*,*,#2835,.F.);
#3697=ORIENTED_EDGE('',*,*,#2836,.F.);
#3698=ORIENTED_EDGE('',*,*,#2837,.F.);
#3699=ORIENTED_EDGE('',*,*,#2834,.F.);
#3700=ORIENTED_EDGE('',*,*,#2835,.T.);
#3701=ORIENTED_EDGE('',*,*,#2838,.F.);
#3702=ORIENTED_EDGE('',*,*,#2839,.T.);
#3703=ORIENTED_EDGE('',*,*,#2840,.T.);
#3704=ORIENTED_EDGE('',*,*,#2841,.T.);
#3705=ORIENTED_EDGE('',*,*,#2838,.T.);
#3706=ORIENTED_EDGE('',*,*,#2837,.T.);
#3707=ORIENTED_EDGE('',*,*,#2836,.T.);
#3708=ORIENTED_EDGE('',*,*,#2842,.T.);
#3709=ORIENTED_EDGE('',*,*,#2843,.T.);
#3710=ORIENTED_EDGE('',*,*,#2844,.T.);
#3711=ORIENTED_EDGE('',*,*,#2845,.T.);
#3712=ORIENTED_EDGE('',*,*,#2846,.T.);
#3713=ORIENTED_EDGE('',*,*,#2843,.F.);
#3714=ORIENTED_EDGE('',*,*,#2847,.T.);
#3715=ORIENTED_EDGE('',*,*,#2848,.T.);
#3716=ORIENTED_EDGE('',*,*,#2849,.T.);
#3717=ORIENTED_EDGE('',*,*,#2850,.T.);
#3718=ORIENTED_EDGE('',*,*,#2846,.F.);
#3719=ORIENTED_EDGE('',*,*,#2845,.F.);
#3720=ORIENTED_EDGE('',*,*,#2844,.F.);
#3721=ORIENTED_EDGE('',*,*,#2850,.F.);
#3722=ORIENTED_EDGE('',*,*,#2851,.T.);
#3723=ORIENTED_EDGE('',*,*,#2852,.T.);
#3724=ORIENTED_EDGE('',*,*,#2849,.F.);
#3725=ORIENTED_EDGE('',*,*,#2852,.F.);
#3726=ORIENTED_EDGE('',*,*,#2853,.T.);
#3727=ORIENTED_EDGE('',*,*,#2854,.T.);
#3728=ORIENTED_EDGE('',*,*,#2855,.T.);
#3729=ORIENTED_EDGE('',*,*,#2856,.T.);
#3730=ORIENTED_EDGE('',*,*,#2857,.T.);
#3731=ORIENTED_EDGE('',*,*,#2858,.T.);
#3732=ORIENTED_EDGE('',*,*,#2859,.T.);
#3733=ORIENTED_EDGE('',*,*,#2860,.F.);
#3734=ORIENTED_EDGE('',*,*,#2861,.F.);
#3735=ORIENTED_EDGE('',*,*,#2862,.F.);
#3736=ORIENTED_EDGE('',*,*,#2863,.F.);
#3737=ORIENTED_EDGE('',*,*,#2864,.F.);
#3738=ORIENTED_EDGE('',*,*,#2865,.F.);
#3739=ORIENTED_EDGE('',*,*,#2866,.F.);
#3740=ORIENTED_EDGE('',*,*,#2867,.F.);
#3741=ORIENTED_EDGE('',*,*,#2868,.F.);
#3742=ORIENTED_EDGE('',*,*,#2869,.F.);
#3743=ORIENTED_EDGE('',*,*,#2795,.F.);
#3744=ORIENTED_EDGE('',*,*,#2870,.T.);
#3745=ORIENTED_EDGE('',*,*,#2871,.T.);
#3746=ORIENTED_EDGE('',*,*,#2872,.T.);
#3747=ORIENTED_EDGE('',*,*,#2873,.T.);
#3748=ORIENTED_EDGE('',*,*,#2874,.F.);
#3749=ORIENTED_EDGE('',*,*,#2875,.F.);
#3750=ORIENTED_EDGE('',*,*,#2876,.T.);
#3751=ORIENTED_EDGE('',*,*,#2853,.F.);
#3752=ORIENTED_EDGE('',*,*,#2877,.F.);
#3753=ORIENTED_EDGE('',*,*,#2878,.F.);
#3754=ORIENTED_EDGE('',*,*,#2879,.F.);
#3755=ORIENTED_EDGE('',*,*,#2880,.F.);
#3756=ORIENTED_EDGE('',*,*,#2881,.F.);
#3757=ORIENTED_EDGE('',*,*,#2882,.F.);
#3758=ORIENTED_EDGE('',*,*,#2883,.F.);
#3759=ORIENTED_EDGE('',*,*,#2884,.F.);
#3760=ORIENTED_EDGE('',*,*,#2885,.F.);
#3761=ORIENTED_EDGE('',*,*,#2886,.T.);
#3762=ORIENTED_EDGE('',*,*,#2887,.T.);
#3763=ORIENTED_EDGE('',*,*,#2888,.T.);
#3764=ORIENTED_EDGE('',*,*,#2889,.F.);
#3765=ORIENTED_EDGE('',*,*,#2890,.F.);
#3766=ORIENTED_EDGE('',*,*,#2891,.F.);
#3767=ORIENTED_EDGE('',*,*,#2892,.F.);
#3768=ORIENTED_EDGE('',*,*,#2893,.T.);
#3769=ORIENTED_EDGE('',*,*,#2894,.T.);
#3770=ORIENTED_EDGE('',*,*,#2895,.T.);
#3771=ORIENTED_EDGE('',*,*,#2896,.T.);
#3772=ORIENTED_EDGE('',*,*,#2897,.T.);
#3773=ORIENTED_EDGE('',*,*,#2898,.T.);
#3774=ORIENTED_EDGE('',*,*,#2899,.T.);
#3775=ORIENTED_EDGE('',*,*,#2900,.T.);
#3776=ORIENTED_EDGE('',*,*,#2901,.T.);
#3777=ORIENTED_EDGE('',*,*,#2902,.T.);
#3778=ORIENTED_EDGE('',*,*,#2903,.T.);
#3779=ORIENTED_EDGE('',*,*,#2904,.T.);
#3780=ORIENTED_EDGE('',*,*,#2854,.F.);
#3781=ORIENTED_EDGE('',*,*,#2876,.F.);
#3782=ORIENTED_EDGE('',*,*,#2905,.F.);
#3783=ORIENTED_EDGE('',*,*,#2906,.F.);
#3784=ORIENTED_EDGE('',*,*,#2907,.T.);
#3785=ORIENTED_EDGE('',*,*,#2908,.F.);
#3786=ORIENTED_EDGE('',*,*,#2909,.T.);
#3787=ORIENTED_EDGE('',*,*,#2910,.F.);
#3788=ORIENTED_EDGE('',*,*,#2911,.F.);
#3789=ORIENTED_EDGE('',*,*,#2912,.T.);
#3790=ORIENTED_EDGE('',*,*,#2906,.T.);
#3791=ORIENTED_EDGE('',*,*,#2913,.F.);
#3792=ORIENTED_EDGE('',*,*,#2914,.T.);
#3793=ORIENTED_EDGE('',*,*,#2915,.F.);
#3794=ORIENTED_EDGE('',*,*,#2914,.F.);
#3795=ORIENTED_EDGE('',*,*,#2916,.F.);
#3796=ORIENTED_EDGE('',*,*,#2917,.T.);
#3797=ORIENTED_EDGE('',*,*,#2918,.F.);
#3798=ORIENTED_EDGE('',*,*,#2917,.F.);
#3799=ORIENTED_EDGE('',*,*,#2919,.T.);
#3800=ORIENTED_EDGE('',*,*,#2920,.F.);
#3801=ORIENTED_EDGE('',*,*,#2921,.F.);
#3802=ORIENTED_EDGE('',*,*,#2922,.T.);
#3803=ORIENTED_EDGE('',*,*,#2923,.T.);
#3804=ORIENTED_EDGE('',*,*,#2924,.T.);
#3805=ORIENTED_EDGE('',*,*,#2913,.T.);
#3806=ORIENTED_EDGE('',*,*,#2925,.F.);
#3807=ORIENTED_EDGE('',*,*,#2916,.T.);
#3808=ORIENTED_EDGE('',*,*,#2926,.F.);
#3809=ORIENTED_EDGE('',*,*,#2927,.F.);
#3810=ORIENTED_EDGE('',*,*,#2922,.F.);
#3811=ORIENTED_EDGE('',*,*,#2928,.T.);
#3812=ORIENTED_EDGE('',*,*,#2919,.F.);
#3813=ORIENTED_EDGE('',*,*,#2929,.F.);
#3814=ORIENTED_EDGE('',*,*,#2930,.F.);
#3815=ORIENTED_EDGE('',*,*,#2931,.T.);
#3816=ORIENTED_EDGE('',*,*,#2912,.F.);
#3817=ORIENTED_EDGE('',*,*,#2929,.T.);
#3818=ORIENTED_EDGE('',*,*,#2924,.F.);
#3819=ORIENTED_EDGE('',*,*,#2932,.F.);
#3820=ORIENTED_EDGE('',*,*,#2933,.F.);
#3821=ORIENTED_EDGE('',*,*,#2932,.T.);
#3822=ORIENTED_EDGE('',*,*,#2923,.F.);
#3823=ORIENTED_EDGE('',*,*,#2927,.T.);
#3824=ORIENTED_EDGE('',*,*,#2907,.F.);
#3825=ORIENTED_EDGE('',*,*,#2933,.T.);
#3826=ORIENTED_EDGE('',*,*,#2934,.T.);
#3827=ORIENTED_EDGE('',*,*,#2925,.T.);
#3828=ORIENTED_EDGE('',*,*,#2935,.T.);
#3829=ORIENTED_EDGE('',*,*,#2936,.T.);
#3830=ORIENTED_EDGE('',*,*,#2935,.F.);
#3831=ORIENTED_EDGE('',*,*,#2937,.T.);
#3832=ORIENTED_EDGE('',*,*,#2938,.F.);
#3833=ORIENTED_EDGE('',*,*,#2730,.F.);
#3834=ORIENTED_EDGE('',*,*,#2939,.T.);
#3835=ORIENTED_EDGE('',*,*,#2940,.T.);
#3836=ORIENTED_EDGE('',*,*,#2920,.T.);
#3837=ORIENTED_EDGE('',*,*,#2931,.F.);
#3838=ORIENTED_EDGE('',*,*,#2941,.T.);
#3839=ORIENTED_EDGE('',*,*,#2928,.F.);
#3840=ORIENTED_EDGE('',*,*,#2921,.T.);
#3841=ORIENTED_EDGE('',*,*,#2940,.F.);
#3842=ORIENTED_EDGE('',*,*,#2942,.T.);
#3843=ORIENTED_EDGE('',*,*,#2943,.F.);
#3844=ORIENTED_EDGE('',*,*,#2939,.F.);
#3845=ORIENTED_EDGE('',*,*,#2944,.T.);
#3846=ORIENTED_EDGE('',*,*,#2945,.F.);
#3847=ORIENTED_EDGE('',*,*,#2943,.T.);
#3848=ORIENTED_EDGE('',*,*,#2946,.T.);
#3849=ORIENTED_EDGE('',*,*,#2887,.F.);
#3850=ORIENTED_EDGE('',*,*,#2945,.T.);
#3851=ORIENTED_EDGE('',*,*,#2886,.F.);
#3852=ORIENTED_EDGE('',*,*,#2947,.T.);
#3853=ORIENTED_EDGE('',*,*,#2941,.F.);
#3854=ORIENTED_EDGE('',*,*,#2908,.T.);
#3855=ORIENTED_EDGE('',*,*,#2934,.F.);
#3856=ORIENTED_EDGE('',*,*,#2926,.T.);
#3857=ORIENTED_EDGE('',*,*,#2947,.F.);
#3858=ORIENTED_EDGE('',*,*,#2885,.T.);
#3859=ORIENTED_EDGE('',*,*,#2948,.T.);
#3860=ORIENTED_EDGE('',*,*,#2949,.T.);
#3861=ORIENTED_EDGE('',*,*,#2950,.T.);
#3862=ORIENTED_EDGE('',*,*,#2951,.T.);
#3863=ORIENTED_EDGE('',*,*,#2918,.T.);
#3864=ORIENTED_EDGE('',*,*,#2952,.T.);
#3865=ORIENTED_EDGE('',*,*,#2820,.F.);
#3866=ORIENTED_EDGE('',*,*,#2952,.F.);
#3867=ORIENTED_EDGE('',*,*,#2915,.T.);
#3868=ORIENTED_EDGE('',*,*,#2953,.T.);
#3869=ORIENTED_EDGE('',*,*,#2831,.F.);
#3870=ORIENTED_EDGE('',*,*,#2953,.F.);
#3871=ORIENTED_EDGE('',*,*,#2936,.F.);
#3872=ORIENTED_EDGE('',*,*,#2954,.T.);
#3873=ORIENTED_EDGE('',*,*,#2851,.F.);
#3874=ORIENTED_EDGE('',*,*,#2954,.F.);
#3875=ORIENTED_EDGE('',*,*,#2721,.F.);
#3876=ORIENTED_EDGE('',*,*,#2955,.T.);
#3877=ORIENTED_EDGE('',*,*,#2956,.T.);
#3878=ORIENTED_EDGE('',*,*,#2937,.F.);
#3879=ORIENTED_EDGE('',*,*,#2729,.F.);
#3880=ORIENTED_EDGE('',*,*,#2957,.T.);
#3881=ORIENTED_EDGE('',*,*,#2944,.F.);
#3882=ORIENTED_EDGE('',*,*,#2930,.T.);
#3883=ORIENTED_EDGE('',*,*,#2911,.T.);
#3884=ORIENTED_EDGE('',*,*,#2958,.F.);
#3885=ORIENTED_EDGE('',*,*,#2959,.T.);
#3886=ORIENTED_EDGE('',*,*,#2960,.T.);
#3887=ORIENTED_EDGE('',*,*,#2750,.T.);
#3888=ORIENTED_EDGE('',*,*,#2961,.T.);
#3889=ORIENTED_EDGE('',*,*,#2962,.T.);
#3890=ORIENTED_EDGE('',*,*,#2963,.T.);
#3891=ORIENTED_EDGE('',*,*,#2961,.F.);
#3892=ORIENTED_EDGE('',*,*,#2962,.F.);
#3893=ORIENTED_EDGE('',*,*,#2963,.F.);
#3894=ORIENTED_EDGE('',*,*,#2964,.T.);
#3895=ORIENTED_EDGE('',*,*,#2965,.F.);
#3896=ORIENTED_EDGE('',*,*,#2964,.F.);
#3897=ORIENTED_EDGE('',*,*,#2753,.T.);
#3898=ORIENTED_EDGE('',*,*,#2966,.T.);
#3899=ORIENTED_EDGE('',*,*,#2967,.T.);
#3900=ORIENTED_EDGE('',*,*,#2966,.F.);
#3901=ORIENTED_EDGE('',*,*,#2967,.F.);
#3902=ORIENTED_EDGE('',*,*,#2968,.T.);
#3903=ORIENTED_EDGE('',*,*,#2969,.F.);
#3904=ORIENTED_EDGE('',*,*,#2968,.F.);
#3905=ORIENTED_EDGE('',*,*,#2970,.T.);
#3906=ORIENTED_EDGE('',*,*,#2971,.T.);
#3907=ORIENTED_EDGE('',*,*,#2751,.T.);
#3908=ORIENTED_EDGE('',*,*,#2971,.F.);
#3909=ORIENTED_EDGE('',*,*,#2970,.F.);
#3910=ORIENTED_EDGE('',*,*,#2972,.T.);
#3911=ORIENTED_EDGE('',*,*,#2973,.F.);
#3912=ORIENTED_EDGE('',*,*,#2972,.F.);
#3913=ORIENTED_EDGE('',*,*,#2974,.T.);
#3914=ORIENTED_EDGE('',*,*,#2975,.T.);
#3915=ORIENTED_EDGE('',*,*,#2752,.T.);
#3916=ORIENTED_EDGE('',*,*,#2975,.F.);
#3917=ORIENTED_EDGE('',*,*,#2974,.F.);
#3918=ORIENTED_EDGE('',*,*,#2976,.T.);
#3919=ORIENTED_EDGE('',*,*,#2977,.F.);
#3920=ORIENTED_EDGE('',*,*,#2976,.F.);
#3921=ORIENTED_EDGE('',*,*,#2978,.T.);
#3922=ORIENTED_EDGE('',*,*,#2979,.T.);
#3923=ORIENTED_EDGE('',*,*,#2978,.F.);
#3924=ORIENTED_EDGE('',*,*,#2980,.T.);
#3925=ORIENTED_EDGE('',*,*,#2981,.T.);
#3926=ORIENTED_EDGE('',*,*,#2982,.T.);
#3927=ORIENTED_EDGE('',*,*,#2979,.F.);
#3928=ORIENTED_EDGE('',*,*,#2982,.F.);
#3929=ORIENTED_EDGE('',*,*,#2983,.T.);
#3930=ORIENTED_EDGE('',*,*,#2984,.T.);
#3931=ORIENTED_EDGE('',*,*,#2983,.F.);
#3932=ORIENTED_EDGE('',*,*,#2985,.T.);
#3933=ORIENTED_EDGE('',*,*,#2986,.T.);
#3934=ORIENTED_EDGE('',*,*,#2987,.T.);
#3935=ORIENTED_EDGE('',*,*,#2984,.F.);
#3936=ORIENTED_EDGE('',*,*,#2987,.F.);
#3937=ORIENTED_EDGE('',*,*,#2988,.T.);
#3938=ORIENTED_EDGE('',*,*,#2989,.T.);
#3939=ORIENTED_EDGE('',*,*,#2988,.F.);
#3940=ORIENTED_EDGE('',*,*,#2990,.T.);
#3941=ORIENTED_EDGE('',*,*,#2991,.T.);
#3942=ORIENTED_EDGE('',*,*,#2992,.T.);
#3943=ORIENTED_EDGE('',*,*,#2989,.F.);
#3944=ORIENTED_EDGE('',*,*,#2992,.F.);
#3945=ORIENTED_EDGE('',*,*,#2755,.T.);
#3946=ORIENTED_EDGE('',*,*,#2993,.T.);
#3947=ORIENTED_EDGE('',*,*,#2981,.F.);
#3948=ORIENTED_EDGE('',*,*,#2993,.F.);
#3949=ORIENTED_EDGE('',*,*,#2965,.T.);
#3950=ORIENTED_EDGE('',*,*,#2994,.T.);
#3951=ORIENTED_EDGE('',*,*,#2986,.F.);
#3952=ORIENTED_EDGE('',*,*,#2994,.F.);
#3953=ORIENTED_EDGE('',*,*,#2973,.T.);
#3954=ORIENTED_EDGE('',*,*,#2995,.T.);
#3955=ORIENTED_EDGE('',*,*,#2991,.F.);
#3956=ORIENTED_EDGE('',*,*,#2995,.F.);
#3957=ORIENTED_EDGE('',*,*,#2744,.F.);
#3958=ORIENTED_EDGE('',*,*,#2996,.T.);
#3959=ORIENTED_EDGE('',*,*,#2997,.F.);
#3960=ORIENTED_EDGE('',*,*,#2998,.F.);
#3961=ORIENTED_EDGE('',*,*,#2999,.F.);
#3962=ORIENTED_EDGE('',*,*,#3000,.T.);
#3963=ORIENTED_EDGE('',*,*,#2858,.F.);
#3964=ORIENTED_EDGE('',*,*,#3001,.F.);
#3965=ORIENTED_EDGE('',*,*,#3002,.T.);
#3966=ORIENTED_EDGE('',*,*,#3003,.T.);
#3967=ORIENTED_EDGE('',*,*,#3004,.T.);
#3968=ORIENTED_EDGE('',*,*,#3005,.T.);
#3969=ORIENTED_EDGE('',*,*,#3006,.T.);
#3970=ORIENTED_EDGE('',*,*,#3007,.F.);
#3971=ORIENTED_EDGE('',*,*,#3008,.T.);
#3972=ORIENTED_EDGE('',*,*,#3009,.T.);
#3973=ORIENTED_EDGE('',*,*,#3010,.F.);
#3974=ORIENTED_EDGE('',*,*,#3011,.F.);
#3975=ORIENTED_EDGE('',*,*,#3012,.F.);
#3976=ORIENTED_EDGE('',*,*,#3013,.T.);
#3977=ORIENTED_EDGE('',*,*,#3014,.F.);
#3978=ORIENTED_EDGE('',*,*,#3015,.T.);
#3979=ORIENTED_EDGE('',*,*,#3016,.F.);
#3980=ORIENTED_EDGE('',*,*,#3017,.F.);
#3981=ORIENTED_EDGE('',*,*,#3010,.T.);
#3982=ORIENTED_EDGE('',*,*,#3018,.F.);
#3983=ORIENTED_EDGE('',*,*,#3015,.F.);
#3984=ORIENTED_EDGE('',*,*,#3019,.T.);
#3985=ORIENTED_EDGE('',*,*,#3020,.T.);
#3986=ORIENTED_EDGE('',*,*,#3021,.T.);
#3987=ORIENTED_EDGE('',*,*,#3008,.F.);
#3988=ORIENTED_EDGE('',*,*,#3022,.T.);
#3989=ORIENTED_EDGE('',*,*,#3023,.F.);
#3990=ORIENTED_EDGE('',*,*,#3020,.F.);
#3991=ORIENTED_EDGE('',*,*,#3024,.F.);
#3992=ORIENTED_EDGE('',*,*,#3025,.F.);
#3993=ORIENTED_EDGE('',*,*,#3026,.F.);
#3994=ORIENTED_EDGE('',*,*,#3002,.F.);
#3995=ORIENTED_EDGE('',*,*,#3022,.F.);
#3996=ORIENTED_EDGE('',*,*,#3007,.T.);
#3997=ORIENTED_EDGE('',*,*,#3017,.T.);
#3998=ORIENTED_EDGE('',*,*,#3027,.T.);
#3999=ORIENTED_EDGE('',*,*,#3003,.F.);
#4000=ORIENTED_EDGE('',*,*,#3016,.T.);
#4001=ORIENTED_EDGE('',*,*,#3028,.F.);
#4002=ORIENTED_EDGE('',*,*,#3029,.F.);
#4003=ORIENTED_EDGE('',*,*,#3030,.T.);
#4004=ORIENTED_EDGE('',*,*,#3031,.T.);
#4005=ORIENTED_EDGE('',*,*,#3032,.T.);
#4006=ORIENTED_EDGE('',*,*,#3033,.T.);
#4007=ORIENTED_EDGE('',*,*,#3034,.T.);
#4008=ORIENTED_EDGE('',*,*,#3035,.F.);
#4009=ORIENTED_EDGE('',*,*,#3036,.T.);
#4010=ORIENTED_EDGE('',*,*,#3035,.T.);
#4011=ORIENTED_EDGE('',*,*,#3037,.T.);
#4012=ORIENTED_EDGE('',*,*,#3038,.F.);
#4013=ORIENTED_EDGE('',*,*,#3039,.T.);
#4014=ORIENTED_EDGE('',*,*,#3038,.T.);
#4015=ORIENTED_EDGE('',*,*,#3040,.T.);
#4016=ORIENTED_EDGE('',*,*,#3041,.F.);
#4017=ORIENTED_EDGE('',*,*,#3042,.T.);
#4018=ORIENTED_EDGE('',*,*,#3043,.F.);
#4019=ORIENTED_EDGE('',*,*,#3040,.F.);
#4020=ORIENTED_EDGE('',*,*,#3044,.T.);
#4021=ORIENTED_EDGE('',*,*,#3045,.F.);
#4022=ORIENTED_EDGE('',*,*,#3044,.F.);
#4023=ORIENTED_EDGE('',*,*,#3037,.F.);
#4024=ORIENTED_EDGE('',*,*,#3046,.F.);
#4025=ORIENTED_EDGE('',*,*,#3047,.F.);
#4026=ORIENTED_EDGE('',*,*,#3046,.T.);
#4027=ORIENTED_EDGE('',*,*,#3034,.F.);
#4028=ORIENTED_EDGE('',*,*,#3048,.T.);
#4029=ORIENTED_EDGE('',*,*,#2882,.T.);
#4030=ORIENTED_EDGE('',*,*,#3049,.F.);
#4031=ORIENTED_EDGE('',*,*,#3047,.T.);
#4032=ORIENTED_EDGE('',*,*,#3049,.T.);
#4033=ORIENTED_EDGE('',*,*,#2881,.T.);
#4034=ORIENTED_EDGE('',*,*,#3050,.F.);
#4035=ORIENTED_EDGE('',*,*,#3045,.T.);
#4036=ORIENTED_EDGE('',*,*,#3050,.T.);
#4037=ORIENTED_EDGE('',*,*,#2880,.T.);
#4038=ORIENTED_EDGE('',*,*,#3051,.F.);
#4039=ORIENTED_EDGE('',*,*,#3043,.T.);
#4040=ORIENTED_EDGE('',*,*,#3052,.F.);
#4041=ORIENTED_EDGE('',*,*,#3053,.F.);
#4042=ORIENTED_EDGE('',*,*,#3032,.F.);
#4043=ORIENTED_EDGE('',*,*,#3054,.T.);
#4044=ORIENTED_EDGE('',*,*,#2949,.F.);
#4045=ORIENTED_EDGE('',*,*,#3055,.F.);
#4046=ORIENTED_EDGE('',*,*,#3056,.F.);
#4047=ORIENTED_EDGE('',*,*,#3057,.F.);
#4048=ORIENTED_EDGE('',*,*,#3058,.F.);
#4049=ORIENTED_EDGE('',*,*,#3059,.F.);
#4050=ORIENTED_EDGE('',*,*,#3060,.F.);
#4051=ORIENTED_EDGE('',*,*,#3061,.F.);
#4052=ORIENTED_EDGE('',*,*,#3062,.F.);
#4053=ORIENTED_EDGE('',*,*,#3054,.F.);
#4054=ORIENTED_EDGE('',*,*,#3031,.F.);
#4055=ORIENTED_EDGE('',*,*,#3063,.F.);
#4056=ORIENTED_EDGE('',*,*,#3005,.F.);
#4057=ORIENTED_EDGE('',*,*,#3004,.F.);
#4058=ORIENTED_EDGE('',*,*,#3027,.F.);
#4059=ORIENTED_EDGE('',*,*,#3064,.F.);
#4060=ORIENTED_EDGE('',*,*,#3065,.F.);
#4061=ORIENTED_EDGE('',*,*,#3066,.T.);
#4062=ORIENTED_EDGE('',*,*,#2950,.F.);
#4063=ORIENTED_EDGE('',*,*,#3067,.T.);
#4064=ORIENTED_EDGE('',*,*,#3068,.T.);
#4065=ORIENTED_EDGE('',*,*,#3069,.T.);
#4066=ORIENTED_EDGE('',*,*,#3070,.T.);
#4067=ORIENTED_EDGE('',*,*,#2859,.F.);
#4068=ORIENTED_EDGE('',*,*,#3006,.F.);
#4069=ORIENTED_EDGE('',*,*,#3063,.T.);
#4070=ORIENTED_EDGE('',*,*,#3030,.F.);
#4071=ORIENTED_EDGE('',*,*,#3071,.T.);
#4072=ORIENTED_EDGE('',*,*,#3072,.F.);
#4073=ORIENTED_EDGE('',*,*,#2873,.F.);
#4074=ORIENTED_EDGE('',*,*,#3073,.T.);
#4075=ORIENTED_EDGE('',*,*,#3074,.T.);
#4076=ORIENTED_EDGE('',*,*,#3075,.F.);
#4077=ORIENTED_EDGE('',*,*,#3071,.F.);
#4078=ORIENTED_EDGE('',*,*,#3076,.T.);
#4079=ORIENTED_EDGE('',*,*,#3077,.T.);
#4080=ORIENTED_EDGE('',*,*,#3078,.T.);
#4081=ORIENTED_EDGE('',*,*,#3079,.F.);
#4082=ORIENTED_EDGE('',*,*,#3080,.F.);
#4083=ORIENTED_EDGE('',*,*,#3081,.F.);
#4084=ORIENTED_EDGE('',*,*,#2889,.T.);
#4085=ORIENTED_EDGE('',*,*,#3082,.F.);
#4086=ORIENTED_EDGE('',*,*,#3082,.T.);
#4087=ORIENTED_EDGE('',*,*,#3083,.T.);
#4088=ORIENTED_EDGE('',*,*,#3084,.T.);
#4089=ORIENTED_EDGE('',*,*,#3083,.F.);
#4090=ORIENTED_EDGE('',*,*,#3084,.F.);
#4091=ORIENTED_EDGE('',*,*,#3085,.T.);
#4092=ORIENTED_EDGE('',*,*,#2999,.T.);
#4093=ORIENTED_EDGE('',*,*,#3085,.F.);
#4094=ORIENTED_EDGE('',*,*,#2890,.T.);
#4095=ORIENTED_EDGE('',*,*,#3081,.T.);
#4096=ORIENTED_EDGE('',*,*,#3086,.F.);
#4097=ORIENTED_EDGE('',*,*,#3087,.F.);
#4098=ORIENTED_EDGE('',*,*,#3086,.T.);
#4099=ORIENTED_EDGE('',*,*,#3080,.T.);
#4100=ORIENTED_EDGE('',*,*,#3088,.F.);
#4101=ORIENTED_EDGE('',*,*,#3089,.F.);
#4102=ORIENTED_EDGE('',*,*,#3088,.T.);
#4103=ORIENTED_EDGE('',*,*,#3079,.T.);
#4104=ORIENTED_EDGE('',*,*,#3090,.F.);
#4105=ORIENTED_EDGE('',*,*,#3091,.F.);
#4106=ORIENTED_EDGE('',*,*,#3092,.T.);
#4107=ORIENTED_EDGE('',*,*,#3093,.F.);
#4108=ORIENTED_EDGE('',*,*,#3074,.F.);
#4109=ORIENTED_EDGE('',*,*,#3094,.T.);
#4110=ORIENTED_EDGE('',*,*,#3095,.T.);
#4111=ORIENTED_EDGE('',*,*,#3096,.T.);
#4112=ORIENTED_EDGE('',*,*,#3000,.F.);
#4113=ORIENTED_EDGE('',*,*,#3096,.F.);
#4114=ORIENTED_EDGE('',*,*,#3097,.F.);
#4115=ORIENTED_EDGE('',*,*,#3098,.T.);
#4116=ORIENTED_EDGE('',*,*,#3095,.F.);
#4117=ORIENTED_EDGE('',*,*,#3098,.F.);
#4118=ORIENTED_EDGE('',*,*,#3099,.T.);
#4119=ORIENTED_EDGE('',*,*,#2874,.T.);
#4120=ORIENTED_EDGE('',*,*,#3072,.T.);
#4121=ORIENTED_EDGE('',*,*,#3075,.T.);
#4122=ORIENTED_EDGE('',*,*,#3093,.T.);
#4123=ORIENTED_EDGE('',*,*,#3100,.T.);
#4124=ORIENTED_EDGE('',*,*,#3097,.T.);
#4125=ORIENTED_EDGE('',*,*,#2743,.F.);
#4126=ORIENTED_EDGE('',*,*,#3101,.F.);
#4127=ORIENTED_EDGE('',*,*,#3102,.F.);
#4128=ORIENTED_EDGE('',*,*,#3103,.F.);
#4129=ORIENTED_EDGE('',*,*,#2996,.F.);
#4130=ORIENTED_EDGE('',*,*,#2899,.F.);
#4131=ORIENTED_EDGE('',*,*,#3104,.F.);
#4132=ORIENTED_EDGE('',*,*,#3105,.F.);
#4133=ORIENTED_EDGE('',*,*,#3106,.F.);
#4134=ORIENTED_EDGE('',*,*,#3105,.T.);
#4135=ORIENTED_EDGE('',*,*,#3107,.F.);
#4136=ORIENTED_EDGE('',*,*,#3108,.T.);
#4137=ORIENTED_EDGE('',*,*,#3109,.T.);
#4138=ORIENTED_EDGE('',*,*,#3110,.T.);
#4139=ORIENTED_EDGE('',*,*,#3111,.F.);
#4140=ORIENTED_EDGE('',*,*,#3112,.T.);
#4141=ORIENTED_EDGE('',*,*,#3113,.T.);
#4142=ORIENTED_EDGE('',*,*,#3114,.F.);
#4143=ORIENTED_EDGE('',*,*,#3115,.T.);
#4144=ORIENTED_EDGE('',*,*,#3116,.F.);
#4145=ORIENTED_EDGE('',*,*,#3117,.T.);
#4146=ORIENTED_EDGE('',*,*,#3111,.T.);
#4147=ORIENTED_EDGE('',*,*,#3118,.T.);
#4148=ORIENTED_EDGE('',*,*,#2900,.F.);
#4149=ORIENTED_EDGE('',*,*,#3106,.T.);
#4150=ORIENTED_EDGE('',*,*,#2872,.F.);
#4151=ORIENTED_EDGE('',*,*,#3119,.F.);
#4152=ORIENTED_EDGE('',*,*,#3120,.T.);
#4153=ORIENTED_EDGE('',*,*,#3121,.T.);
#4154=ORIENTED_EDGE('',*,*,#3073,.F.);
#4155=ORIENTED_EDGE('',*,*,#3120,.F.);
#4156=ORIENTED_EDGE('',*,*,#3122,.T.);
#4157=ORIENTED_EDGE('',*,*,#3123,.F.);
#4158=ORIENTED_EDGE('',*,*,#3124,.F.);
#4159=ORIENTED_EDGE('',*,*,#3076,.F.);
#4160=ORIENTED_EDGE('',*,*,#3121,.F.);
#4161=ORIENTED_EDGE('',*,*,#3125,.T.);
#4162=ORIENTED_EDGE('',*,*,#3126,.T.);
#4163=ORIENTED_EDGE('',*,*,#3127,.T.);
#4164=ORIENTED_EDGE('',*,*,#3128,.T.);
#4165=ORIENTED_EDGE('',*,*,#3129,.F.);
#4166=ORIENTED_EDGE('',*,*,#3130,.T.);
#4167=ORIENTED_EDGE('',*,*,#3125,.F.);
#4168=ORIENTED_EDGE('',*,*,#3131,.F.);
#4169=ORIENTED_EDGE('',*,*,#3132,.F.);
#4170=ORIENTED_EDGE('',*,*,#3133,.T.);
#4171=ORIENTED_EDGE('',*,*,#3126,.F.);
#4172=ORIENTED_EDGE('',*,*,#3130,.F.);
#4173=ORIENTED_EDGE('',*,*,#3134,.F.);
#4174=ORIENTED_EDGE('',*,*,#3135,.T.);
#4175=ORIENTED_EDGE('',*,*,#3127,.F.);
#4176=ORIENTED_EDGE('',*,*,#3133,.F.);
#4177=ORIENTED_EDGE('',*,*,#3136,.F.);
#4178=ORIENTED_EDGE('',*,*,#3131,.T.);
#4179=ORIENTED_EDGE('',*,*,#3128,.F.);
#4180=ORIENTED_EDGE('',*,*,#3135,.F.);
#4181=ORIENTED_EDGE('',*,*,#3137,.F.);
#4182=ORIENTED_EDGE('',*,*,#3138,.T.);
#4183=ORIENTED_EDGE('',*,*,#3139,.F.);
#4184=ORIENTED_EDGE('',*,*,#3140,.F.);
#4185=ORIENTED_EDGE('',*,*,#3141,.F.);
#4186=ORIENTED_EDGE('',*,*,#3140,.T.);
#4187=ORIENTED_EDGE('',*,*,#3142,.F.);
#4188=ORIENTED_EDGE('',*,*,#3143,.F.);
#4189=ORIENTED_EDGE('',*,*,#3144,.F.);
#4190=ORIENTED_EDGE('',*,*,#3143,.T.);
#4191=ORIENTED_EDGE('',*,*,#3145,.F.);
#4192=ORIENTED_EDGE('',*,*,#3146,.F.);
#4193=ORIENTED_EDGE('',*,*,#3147,.F.);
#4194=ORIENTED_EDGE('',*,*,#3146,.T.);
#4195=ORIENTED_EDGE('',*,*,#3148,.F.);
#4196=ORIENTED_EDGE('',*,*,#3138,.F.);
#4197=ORIENTED_EDGE('',*,*,#3148,.T.);
#4198=ORIENTED_EDGE('',*,*,#3145,.T.);
#4199=ORIENTED_EDGE('',*,*,#3142,.T.);
#4200=ORIENTED_EDGE('',*,*,#3139,.T.);
#4201=ORIENTED_EDGE('',*,*,#3149,.F.);
#4202=ORIENTED_EDGE('',*,*,#3150,.T.);
#4203=ORIENTED_EDGE('',*,*,#3151,.T.);
#4204=ORIENTED_EDGE('',*,*,#3152,.T.);
#4205=ORIENTED_EDGE('',*,*,#3152,.F.);
#4206=ORIENTED_EDGE('',*,*,#3153,.F.);
#4207=ORIENTED_EDGE('',*,*,#3154,.F.);
#4208=ORIENTED_EDGE('',*,*,#3155,.F.);
#4209=ORIENTED_EDGE('',*,*,#3156,.F.);
#4210=ORIENTED_EDGE('',*,*,#3157,.T.);
#4211=ORIENTED_EDGE('',*,*,#3158,.T.);
#4212=ORIENTED_EDGE('',*,*,#3159,.T.);
#4213=ORIENTED_EDGE('',*,*,#3150,.F.);
#4214=ORIENTED_EDGE('',*,*,#3160,.F.);
#4215=ORIENTED_EDGE('',*,*,#3159,.F.);
#4216=ORIENTED_EDGE('',*,*,#3161,.F.);
#4217=ORIENTED_EDGE('',*,*,#3162,.F.);
#4218=ORIENTED_EDGE('',*,*,#2897,.F.);
#4219=ORIENTED_EDGE('',*,*,#3163,.T.);
#4220=ORIENTED_EDGE('',*,*,#3164,.F.);
#4221=ORIENTED_EDGE('',*,*,#3165,.T.);
#4222=ORIENTED_EDGE('',*,*,#3166,.T.);
#4223=ORIENTED_EDGE('',*,*,#2894,.F.);
#4224=ORIENTED_EDGE('',*,*,#3167,.T.);
#4225=ORIENTED_EDGE('',*,*,#3168,.F.);
#4226=ORIENTED_EDGE('',*,*,#3154,.T.);
#4227=ORIENTED_EDGE('',*,*,#3169,.F.);
#4228=ORIENTED_EDGE('',*,*,#3170,.F.);
#4229=ORIENTED_EDGE('',*,*,#3157,.F.);
#4230=ORIENTED_EDGE('',*,*,#3171,.F.);
#4231=ORIENTED_EDGE('',*,*,#3170,.T.);
#4232=ORIENTED_EDGE('',*,*,#3172,.F.);
#4233=ORIENTED_EDGE('',*,*,#3166,.F.);
#4234=ORIENTED_EDGE('',*,*,#3173,.F.);
#4235=ORIENTED_EDGE('',*,*,#3174,.F.);
#4236=ORIENTED_EDGE('',*,*,#2895,.F.);
#4237=ORIENTED_EDGE('',*,*,#2896,.F.);
#4238=ORIENTED_EDGE('',*,*,#3174,.T.);
#4239=ORIENTED_EDGE('',*,*,#3175,.F.);
#4240=ORIENTED_EDGE('',*,*,#3163,.F.);
#4241=ORIENTED_EDGE('',*,*,#3176,.F.);
#4242=ORIENTED_EDGE('',*,*,#3177,.T.);
#4243=ORIENTED_EDGE('',*,*,#3178,.F.);
#4244=ORIENTED_EDGE('',*,*,#3179,.F.);
#4245=ORIENTED_EDGE('',*,*,#3180,.F.);
#4246=ORIENTED_EDGE('',*,*,#3179,.T.);
#4247=ORIENTED_EDGE('',*,*,#3181,.F.);
#4248=ORIENTED_EDGE('',*,*,#3182,.F.);
#4249=ORIENTED_EDGE('',*,*,#3183,.F.);
#4250=ORIENTED_EDGE('',*,*,#3182,.T.);
#4251=ORIENTED_EDGE('',*,*,#3184,.F.);
#4252=ORIENTED_EDGE('',*,*,#3185,.F.);
#4253=ORIENTED_EDGE('',*,*,#3186,.F.);
#4254=ORIENTED_EDGE('',*,*,#3185,.T.);
#4255=ORIENTED_EDGE('',*,*,#3187,.F.);
#4256=ORIENTED_EDGE('',*,*,#3177,.F.);
#4257=ORIENTED_EDGE('',*,*,#3187,.T.);
#4258=ORIENTED_EDGE('',*,*,#3184,.T.);
#4259=ORIENTED_EDGE('',*,*,#3181,.T.);
#4260=ORIENTED_EDGE('',*,*,#3178,.T.);
#4261=ORIENTED_EDGE('',*,*,#3188,.F.);
#4262=ORIENTED_EDGE('',*,*,#3189,.T.);
#4263=ORIENTED_EDGE('',*,*,#3190,.F.);
#4264=ORIENTED_EDGE('',*,*,#3191,.F.);
#4265=ORIENTED_EDGE('',*,*,#3192,.F.);
#4266=ORIENTED_EDGE('',*,*,#3191,.T.);
#4267=ORIENTED_EDGE('',*,*,#3193,.F.);
#4268=ORIENTED_EDGE('',*,*,#3194,.F.);
#4269=ORIENTED_EDGE('',*,*,#3195,.F.);
#4270=ORIENTED_EDGE('',*,*,#3194,.T.);
#4271=ORIENTED_EDGE('',*,*,#3196,.F.);
#4272=ORIENTED_EDGE('',*,*,#3197,.F.);
#4273=ORIENTED_EDGE('',*,*,#3198,.F.);
#4274=ORIENTED_EDGE('',*,*,#3197,.T.);
#4275=ORIENTED_EDGE('',*,*,#3199,.F.);
#4276=ORIENTED_EDGE('',*,*,#3189,.F.);
#4277=ORIENTED_EDGE('',*,*,#3199,.T.);
#4278=ORIENTED_EDGE('',*,*,#3196,.T.);
#4279=ORIENTED_EDGE('',*,*,#3193,.T.);
#4280=ORIENTED_EDGE('',*,*,#3190,.T.);
#4281=ORIENTED_EDGE('',*,*,#3200,.F.);
#4282=ORIENTED_EDGE('',*,*,#3201,.T.);
#4283=ORIENTED_EDGE('',*,*,#3116,.T.);
#4284=ORIENTED_EDGE('',*,*,#3202,.T.);
#4285=ORIENTED_EDGE('',*,*,#3202,.F.);
#4286=ORIENTED_EDGE('',*,*,#3115,.F.);
#4287=ORIENTED_EDGE('',*,*,#3203,.F.);
#4288=ORIENTED_EDGE('',*,*,#3204,.F.);
#4289=ORIENTED_EDGE('',*,*,#3205,.F.);
#4290=ORIENTED_EDGE('',*,*,#3203,.T.);
#4291=ORIENTED_EDGE('',*,*,#3114,.T.);
#4292=ORIENTED_EDGE('',*,*,#3206,.T.);
#4293=ORIENTED_EDGE('',*,*,#3206,.F.);
#4294=ORIENTED_EDGE('',*,*,#3113,.F.);
#4295=ORIENTED_EDGE('',*,*,#3207,.F.);
#4296=ORIENTED_EDGE('',*,*,#3208,.F.);
#4297=ORIENTED_EDGE('',*,*,#3107,.T.);
#4298=ORIENTED_EDGE('',*,*,#3104,.T.);
#4299=ORIENTED_EDGE('',*,*,#2904,.F.);
#4300=ORIENTED_EDGE('',*,*,#3209,.T.);
#4301=ORIENTED_EDGE('',*,*,#3201,.F.);
#4302=ORIENTED_EDGE('',*,*,#3210,.F.);
#4303=ORIENTED_EDGE('',*,*,#3211,.T.);
#4304=ORIENTED_EDGE('',*,*,#3117,.F.);
#4305=ORIENTED_EDGE('',*,*,#3212,.F.);
#4306=ORIENTED_EDGE('',*,*,#3207,.T.);
#4307=ORIENTED_EDGE('',*,*,#3112,.F.);
#4308=ORIENTED_EDGE('',*,*,#3211,.F.);
#4309=ORIENTED_EDGE('',*,*,#3209,.F.);
#4310=ORIENTED_EDGE('',*,*,#2903,.F.);
#4311=ORIENTED_EDGE('',*,*,#3213,.T.);
#4312=ORIENTED_EDGE('',*,*,#3108,.F.);
#4313=ORIENTED_EDGE('',*,*,#3118,.F.);
#4314=ORIENTED_EDGE('',*,*,#3110,.F.);
#4315=ORIENTED_EDGE('',*,*,#3214,.F.);
#4316=ORIENTED_EDGE('',*,*,#2901,.F.);
#4317=ORIENTED_EDGE('',*,*,#2902,.F.);
#4318=ORIENTED_EDGE('',*,*,#3214,.T.);
#4319=ORIENTED_EDGE('',*,*,#3109,.F.);
#4320=ORIENTED_EDGE('',*,*,#3213,.F.);
#4321=ORIENTED_EDGE('',*,*,#3156,.T.);
#4322=ORIENTED_EDGE('',*,*,#3160,.T.);
#4323=ORIENTED_EDGE('',*,*,#3149,.T.);
#4324=ORIENTED_EDGE('',*,*,#3155,.T.);
#4325=ORIENTED_EDGE('',*,*,#3168,.T.);
#4326=ORIENTED_EDGE('',*,*,#3171,.T.);
#4327=ORIENTED_EDGE('',*,*,#3129,.T.);
#4328=ORIENTED_EDGE('',*,*,#3136,.T.);
#4329=ORIENTED_EDGE('',*,*,#3134,.T.);
#4330=ORIENTED_EDGE('',*,*,#3132,.T.);
#4331=ORIENTED_EDGE('',*,*,#3137,.T.);
#4332=ORIENTED_EDGE('',*,*,#3141,.T.);
#4333=ORIENTED_EDGE('',*,*,#3144,.T.);
#4334=ORIENTED_EDGE('',*,*,#3147,.T.);
#4335=ORIENTED_EDGE('',*,*,#3215,.T.);
#4336=ORIENTED_EDGE('',*,*,#3216,.T.);
#4337=ORIENTED_EDGE('',*,*,#3217,.F.);
#4338=ORIENTED_EDGE('',*,*,#3218,.T.);
#4339=ORIENTED_EDGE('',*,*,#3218,.F.);
#4340=ORIENTED_EDGE('',*,*,#3219,.T.);
#4341=ORIENTED_EDGE('',*,*,#2892,.T.);
#4342=ORIENTED_EDGE('',*,*,#3220,.F.);
#4343=ORIENTED_EDGE('',*,*,#3216,.F.);
#4344=ORIENTED_EDGE('',*,*,#3221,.T.);
#4345=ORIENTED_EDGE('',*,*,#3222,.T.);
#4346=ORIENTED_EDGE('',*,*,#3223,.F.);
#4347=ORIENTED_EDGE('',*,*,#3224,.T.);
#4348=ORIENTED_EDGE('',*,*,#3225,.F.);
#4349=ORIENTED_EDGE('',*,*,#3226,.F.);
#4350=ORIENTED_EDGE('',*,*,#3227,.T.);
#4351=ORIENTED_EDGE('',*,*,#3200,.T.);
#4352=ORIENTED_EDGE('',*,*,#3204,.T.);
#4353=ORIENTED_EDGE('',*,*,#3205,.T.);
#4354=ORIENTED_EDGE('',*,*,#3208,.T.);
#4355=ORIENTED_EDGE('',*,*,#3212,.T.);
#4356=ORIENTED_EDGE('',*,*,#3210,.T.);
#4357=ORIENTED_EDGE('',*,*,#3176,.T.);
#4358=ORIENTED_EDGE('',*,*,#3180,.T.);
#4359=ORIENTED_EDGE('',*,*,#3183,.T.);
#4360=ORIENTED_EDGE('',*,*,#3186,.T.);
#4361=ORIENTED_EDGE('',*,*,#3188,.T.);
#4362=ORIENTED_EDGE('',*,*,#3192,.T.);
#4363=ORIENTED_EDGE('',*,*,#3195,.T.);
#4364=ORIENTED_EDGE('',*,*,#3198,.T.);
#4365=ORIENTED_EDGE('',*,*,#3228,.F.);
#4366=ORIENTED_EDGE('',*,*,#2796,.F.);
#4367=ORIENTED_EDGE('',*,*,#2869,.T.);
#4368=ORIENTED_EDGE('',*,*,#3229,.T.);
#4369=ORIENTED_EDGE('',*,*,#2797,.F.);
#4370=ORIENTED_EDGE('',*,*,#3228,.T.);
#4371=ORIENTED_EDGE('',*,*,#3230,.F.);
#4372=ORIENTED_EDGE('',*,*,#3231,.T.);
#4373=ORIENTED_EDGE('',*,*,#3232,.F.);
#4374=ORIENTED_EDGE('',*,*,#2792,.T.);
#4375=ORIENTED_EDGE('',*,*,#3233,.F.);
#4376=ORIENTED_EDGE('',*,*,#3234,.T.);
#4377=ORIENTED_EDGE('',*,*,#3235,.T.);
#4378=ORIENTED_EDGE('',*,*,#3236,.T.);
#4379=ORIENTED_EDGE('',*,*,#3237,.T.);
#4380=ORIENTED_EDGE('',*,*,#3238,.T.);
#4381=ORIENTED_EDGE('',*,*,#3234,.F.);
#4382=ORIENTED_EDGE('',*,*,#3239,.T.);
#4383=ORIENTED_EDGE('',*,*,#2777,.F.);
#4384=ORIENTED_EDGE('',*,*,#2802,.F.);
#4385=ORIENTED_EDGE('',*,*,#3240,.F.);
#4386=ORIENTED_EDGE('',*,*,#2768,.T.);
#4387=ORIENTED_EDGE('',*,*,#2778,.T.);
#4388=ORIENTED_EDGE('',*,*,#3239,.F.);
#4389=ORIENTED_EDGE('',*,*,#3233,.T.);
#4390=ORIENTED_EDGE('',*,*,#3241,.T.);
#4391=ORIENTED_EDGE('',*,*,#3242,.T.);
#4392=ORIENTED_EDGE('',*,*,#3232,.T.);
#4393=ORIENTED_EDGE('',*,*,#3243,.T.);
#4394=ORIENTED_EDGE('',*,*,#2804,.T.);
#4395=ORIENTED_EDGE('',*,*,#2807,.T.);
#4396=ORIENTED_EDGE('',*,*,#2793,.T.);
#4397=ORIENTED_EDGE('',*,*,#2769,.T.);
#4398=ORIENTED_EDGE('',*,*,#3242,.F.);
#4399=ORIENTED_EDGE('',*,*,#3241,.F.);
#4400=ORIENTED_EDGE('',*,*,#3238,.F.);
#4401=ORIENTED_EDGE('',*,*,#3244,.T.);
#4402=ORIENTED_EDGE('',*,*,#2862,.T.);
#4403=ORIENTED_EDGE('',*,*,#3237,.F.);
#4404=ORIENTED_EDGE('',*,*,#3245,.F.);
#4405=ORIENTED_EDGE('',*,*,#2863,.T.);
#4406=ORIENTED_EDGE('',*,*,#3244,.F.);
#4407=ORIENTED_EDGE('',*,*,#3101,.T.);
#4408=ORIENTED_EDGE('',*,*,#2742,.F.);
#4409=ORIENTED_EDGE('',*,*,#3246,.T.);
#4410=ORIENTED_EDGE('',*,*,#3247,.F.);
#4411=ORIENTED_EDGE('',*,*,#2806,.T.);
#4412=ORIENTED_EDGE('',*,*,#3248,.F.);
#4413=ORIENTED_EDGE('',*,*,#3246,.F.);
#4414=ORIENTED_EDGE('',*,*,#2741,.F.);
#4415=ORIENTED_EDGE('',*,*,#3249,.F.);
#4416=ORIENTED_EDGE('',*,*,#3250,.T.);
#4417=ORIENTED_EDGE('',*,*,#3251,.F.);
#4418=ORIENTED_EDGE('',*,*,#2746,.T.);
#4419=ORIENTED_EDGE('',*,*,#2800,.F.);
#4420=ORIENTED_EDGE('',*,*,#2747,.T.);
#4421=ORIENTED_EDGE('',*,*,#3251,.T.);
#4422=ORIENTED_EDGE('',*,*,#3252,.T.);
#4423=ORIENTED_EDGE('',*,*,#2784,.F.);
#4424=ORIENTED_EDGE('',*,*,#2783,.F.);
#4425=ORIENTED_EDGE('',*,*,#2782,.F.);
#4426=ORIENTED_EDGE('',*,*,#2781,.T.);
#4427=ORIENTED_EDGE('',*,*,#2861,.T.);
#4428=ORIENTED_EDGE('',*,*,#3219,.F.);
#4429=ORIENTED_EDGE('',*,*,#3253,.F.);
#4430=ORIENTED_EDGE('',*,*,#3254,.F.);
#4431=ORIENTED_EDGE('',*,*,#3255,.T.);
#4432=ORIENTED_EDGE('',*,*,#2780,.T.);
#4433=ORIENTED_EDGE('',*,*,#3256,.T.);
#4434=ORIENTED_EDGE('',*,*,#3254,.T.);
#4435=ORIENTED_EDGE('',*,*,#3253,.T.);
#4436=ORIENTED_EDGE('',*,*,#3217,.T.);
#4437=ORIENTED_EDGE('',*,*,#3257,.T.);
#4438=ORIENTED_EDGE('',*,*,#3258,.T.);
#4439=ORIENTED_EDGE('',*,*,#3259,.T.);
#4440=ORIENTED_EDGE('',*,*,#3258,.F.);
#4441=ORIENTED_EDGE('',*,*,#3257,.F.);
#4442=ORIENTED_EDGE('',*,*,#3223,.T.);
#4443=ORIENTED_EDGE('',*,*,#3260,.T.);
#4444=ORIENTED_EDGE('',*,*,#3261,.T.);
#4445=ORIENTED_EDGE('',*,*,#3262,.T.);
#4446=ORIENTED_EDGE('',*,*,#3263,.F.);
#4447=ORIENTED_EDGE('',*,*,#3225,.T.);
#4448=ORIENTED_EDGE('',*,*,#3264,.T.);
#4449=ORIENTED_EDGE('',*,*,#3265,.F.);
#4450=ORIENTED_EDGE('',*,*,#3264,.F.);
#4451=ORIENTED_EDGE('',*,*,#3224,.F.);
#4452=ORIENTED_EDGE('',*,*,#3266,.F.);
#4453=ORIENTED_EDGE('',*,*,#3267,.F.);
#4454=ORIENTED_EDGE('',*,*,#2969,.T.);
#4455=ORIENTED_EDGE('',*,*,#2977,.T.);
#4456=ORIENTED_EDGE('',*,*,#3266,.T.);
#4457=ORIENTED_EDGE('',*,*,#3227,.F.);
#4458=ORIENTED_EDGE('',*,*,#3268,.F.);
#4459=ORIENTED_EDGE('',*,*,#3269,.T.);
#4460=ORIENTED_EDGE('',*,*,#3259,.F.);
#4461=ORIENTED_EDGE('',*,*,#3270,.T.);
#4462=ORIENTED_EDGE('',*,*,#3271,.F.);
#4463=ORIENTED_EDGE('',*,*,#3272,.F.);
#4464=ORIENTED_EDGE('',*,*,#3273,.F.);
#4465=ORIENTED_EDGE('',*,*,#3274,.T.);
#4466=ORIENTED_EDGE('',*,*,#3275,.T.);
#4467=ORIENTED_EDGE('',*,*,#3256,.F.);
#4468=ORIENTED_EDGE('',*,*,#3275,.F.);
#4469=ORIENTED_EDGE('',*,*,#3274,.F.);
#4470=ORIENTED_EDGE('',*,*,#3276,.F.);
#4471=ORIENTED_EDGE('',*,*,#3277,.F.);
#4472=ORIENTED_EDGE('',*,*,#3278,.F.);
#4473=ORIENTED_EDGE('',*,*,#2785,.F.);
#4474=ORIENTED_EDGE('',*,*,#2789,.F.);
#4475=ORIENTED_EDGE('',*,*,#3255,.F.);
#4476=ORIENTED_EDGE('',*,*,#3278,.T.);
#4477=ORIENTED_EDGE('',*,*,#3277,.T.);
#4478=ORIENTED_EDGE('',*,*,#3279,.T.);
#4479=ORIENTED_EDGE('',*,*,#2870,.F.);
#4480=ORIENTED_EDGE('',*,*,#2788,.F.);
#4481=ORIENTED_EDGE('',*,*,#2787,.F.);
#4482=ORIENTED_EDGE('',*,*,#2786,.F.);
#4483=ORIENTED_EDGE('',*,*,#3122,.F.);
#4484=ORIENTED_EDGE('',*,*,#3280,.F.);
#4485=ORIENTED_EDGE('',*,*,#3276,.T.);
#4486=ORIENTED_EDGE('',*,*,#3281,.F.);
#4487=ORIENTED_EDGE('',*,*,#3280,.T.);
#4488=ORIENTED_EDGE('',*,*,#3119,.T.);
#4489=ORIENTED_EDGE('',*,*,#2871,.F.);
#4490=ORIENTED_EDGE('',*,*,#3279,.F.);
#4491=ORIENTED_EDGE('',*,*,#3281,.T.);
#4492=ORIENTED_EDGE('',*,*,#3273,.T.);
#4493=ORIENTED_EDGE('',*,*,#3282,.F.);
#4494=ORIENTED_EDGE('',*,*,#3283,.F.);
#4495=ORIENTED_EDGE('',*,*,#3284,.F.);
#4496=ORIENTED_EDGE('',*,*,#3265,.T.);
#4497=ORIENTED_EDGE('',*,*,#3267,.T.);
#4498=ORIENTED_EDGE('',*,*,#3269,.F.);
#4499=ORIENTED_EDGE('',*,*,#3285,.T.);
#4500=ORIENTED_EDGE('',*,*,#3249,.T.);
#4501=ORIENTED_EDGE('',*,*,#2745,.T.);
#4502=ORIENTED_EDGE('',*,*,#2998,.T.);
#4503=ORIENTED_EDGE('',*,*,#3286,.T.);
#4504=ORIENTED_EDGE('',*,*,#3123,.T.);
#4505=ORIENTED_EDGE('',*,*,#3283,.T.);
#4506=ORIENTED_EDGE('',*,*,#3287,.F.);
#4507=ORIENTED_EDGE('',*,*,#3288,.F.);
#4508=ORIENTED_EDGE('',*,*,#3094,.F.);
#4509=ORIENTED_EDGE('',*,*,#3124,.T.);
#4510=ORIENTED_EDGE('',*,*,#3289,.T.);
#4511=ORIENTED_EDGE('',*,*,#3221,.F.);
#4512=ORIENTED_EDGE('',*,*,#3290,.F.);
#4513=ORIENTED_EDGE('',*,*,#3291,.F.);
#4514=ORIENTED_EDGE('',*,*,#3091,.T.);
#4515=ORIENTED_EDGE('',*,*,#3292,.T.);
#4516=ORIENTED_EDGE('',*,*,#3290,.T.);
#4517=ORIENTED_EDGE('',*,*,#3215,.F.);
#4518=ORIENTED_EDGE('',*,*,#3293,.T.);
#4519=ORIENTED_EDGE('',*,*,#3294,.T.);
#4520=ORIENTED_EDGE('',*,*,#3089,.T.);
#4521=ORIENTED_EDGE('',*,*,#3291,.T.);
#4522=ORIENTED_EDGE('',*,*,#3293,.F.);
#4523=ORIENTED_EDGE('',*,*,#3220,.T.);
#4524=ORIENTED_EDGE('',*,*,#2891,.T.);
#4525=ORIENTED_EDGE('',*,*,#3087,.T.);
#4526=ORIENTED_EDGE('',*,*,#3294,.F.);
#4527=ORIENTED_EDGE('',*,*,#2898,.F.);
#4528=ORIENTED_EDGE('',*,*,#3162,.T.);
#4529=ORIENTED_EDGE('',*,*,#3295,.T.);
#4530=ORIENTED_EDGE('',*,*,#3296,.T.);
#4531=ORIENTED_EDGE('',*,*,#3295,.F.);
#4532=ORIENTED_EDGE('',*,*,#3164,.T.);
#4533=ORIENTED_EDGE('',*,*,#3175,.T.);
#4534=ORIENTED_EDGE('',*,*,#3173,.T.);
#4535=ORIENTED_EDGE('',*,*,#3165,.F.);
#4536=ORIENTED_EDGE('',*,*,#3297,.T.);
#4537=ORIENTED_EDGE('',*,*,#3161,.T.);
#4538=ORIENTED_EDGE('',*,*,#3158,.F.);
#4539=ORIENTED_EDGE('',*,*,#3172,.T.);
#4540=ORIENTED_EDGE('',*,*,#3169,.T.);
#4541=ORIENTED_EDGE('',*,*,#3153,.T.);
#4542=ORIENTED_EDGE('',*,*,#3151,.F.);
#4543=ORIENTED_EDGE('',*,*,#3297,.F.);
#4544=ORIENTED_EDGE('',*,*,#3167,.F.);
#4545=ORIENTED_EDGE('',*,*,#2893,.F.);
#4546=ORIENTED_EDGE('',*,*,#3296,.F.);
#4547=ORIENTED_EDGE('',*,*,#3070,.F.);
#4548=ORIENTED_EDGE('',*,*,#3298,.T.);
#4549=ORIENTED_EDGE('',*,*,#3299,.T.);
#4550=ORIENTED_EDGE('',*,*,#3298,.F.);
#4551=ORIENTED_EDGE('',*,*,#3069,.F.);
#4552=ORIENTED_EDGE('',*,*,#3300,.T.);
#4553=ORIENTED_EDGE('',*,*,#3301,.T.);
#4554=ORIENTED_EDGE('',*,*,#3300,.F.);
#4555=ORIENTED_EDGE('',*,*,#3068,.F.);
#4556=ORIENTED_EDGE('',*,*,#3302,.T.);
#4557=ORIENTED_EDGE('',*,*,#3303,.T.);
#4558=ORIENTED_EDGE('',*,*,#3302,.F.);
#4559=ORIENTED_EDGE('',*,*,#3067,.F.);
#4560=ORIENTED_EDGE('',*,*,#3304,.T.);
#4561=ORIENTED_EDGE('',*,*,#3305,.T.);
#4562=ORIENTED_EDGE('',*,*,#3304,.F.);
#4563=ORIENTED_EDGE('',*,*,#3306,.F.);
#4564=ORIENTED_EDGE('',*,*,#3307,.F.);
#4565=ORIENTED_EDGE('',*,*,#3308,.F.);
#4566=ORIENTED_EDGE('',*,*,#3309,.F.);
#4567=ORIENTED_EDGE('',*,*,#3310,.F.);
#4568=ORIENTED_EDGE('',*,*,#3311,.F.);
#4569=ORIENTED_EDGE('',*,*,#3305,.F.);
#4570=ORIENTED_EDGE('',*,*,#3312,.F.);
#4571=ORIENTED_EDGE('',*,*,#3313,.T.);
#4572=ORIENTED_EDGE('',*,*,#3306,.T.);
#4573=ORIENTED_EDGE('',*,*,#3314,.F.);
#4574=ORIENTED_EDGE('',*,*,#3315,.F.);
#4575=ORIENTED_EDGE('',*,*,#3314,.T.);
#4576=ORIENTED_EDGE('',*,*,#3311,.T.);
#4577=ORIENTED_EDGE('',*,*,#3316,.F.);
#4578=ORIENTED_EDGE('',*,*,#3317,.F.);
#4579=ORIENTED_EDGE('',*,*,#3316,.T.);
#4580=ORIENTED_EDGE('',*,*,#3310,.T.);
#4581=ORIENTED_EDGE('',*,*,#3318,.F.);
#4582=ORIENTED_EDGE('',*,*,#3319,.F.);
#4583=ORIENTED_EDGE('',*,*,#3318,.T.);
#4584=ORIENTED_EDGE('',*,*,#3309,.T.);
#4585=ORIENTED_EDGE('',*,*,#3320,.F.);
#4586=ORIENTED_EDGE('',*,*,#3321,.F.);
#4587=ORIENTED_EDGE('',*,*,#3320,.T.);
#4588=ORIENTED_EDGE('',*,*,#3308,.T.);
#4589=ORIENTED_EDGE('',*,*,#3322,.F.);
#4590=ORIENTED_EDGE('',*,*,#3323,.F.);
#4591=ORIENTED_EDGE('',*,*,#3322,.T.);
#4592=ORIENTED_EDGE('',*,*,#3307,.T.);
#4593=ORIENTED_EDGE('',*,*,#3313,.F.);
#4594=ORIENTED_EDGE('',*,*,#3324,.F.);
#4595=ORIENTED_EDGE('',*,*,#3325,.F.);
#4596=ORIENTED_EDGE('',*,*,#3326,.F.);
#4597=ORIENTED_EDGE('',*,*,#3327,.F.);
#4598=ORIENTED_EDGE('',*,*,#3328,.F.);
#4599=ORIENTED_EDGE('',*,*,#3329,.F.);
#4600=ORIENTED_EDGE('',*,*,#3303,.F.);
#4601=ORIENTED_EDGE('',*,*,#3330,.F.);
#4602=ORIENTED_EDGE('',*,*,#3331,.T.);
#4603=ORIENTED_EDGE('',*,*,#3324,.T.);
#4604=ORIENTED_EDGE('',*,*,#3332,.F.);
#4605=ORIENTED_EDGE('',*,*,#3333,.F.);
#4606=ORIENTED_EDGE('',*,*,#3332,.T.);
#4607=ORIENTED_EDGE('',*,*,#3329,.T.);
#4608=ORIENTED_EDGE('',*,*,#3334,.F.);
#4609=ORIENTED_EDGE('',*,*,#3335,.F.);
#4610=ORIENTED_EDGE('',*,*,#3334,.T.);
#4611=ORIENTED_EDGE('',*,*,#3328,.T.);
#4612=ORIENTED_EDGE('',*,*,#3336,.F.);
#4613=ORIENTED_EDGE('',*,*,#3337,.F.);
#4614=ORIENTED_EDGE('',*,*,#3336,.T.);
#4615=ORIENTED_EDGE('',*,*,#3327,.T.);
#4616=ORIENTED_EDGE('',*,*,#3338,.F.);
#4617=ORIENTED_EDGE('',*,*,#3339,.F.);
#4618=ORIENTED_EDGE('',*,*,#3338,.T.);
#4619=ORIENTED_EDGE('',*,*,#3326,.T.);
#4620=ORIENTED_EDGE('',*,*,#3340,.F.);
#4621=ORIENTED_EDGE('',*,*,#3341,.F.);
#4622=ORIENTED_EDGE('',*,*,#3340,.T.);
#4623=ORIENTED_EDGE('',*,*,#3325,.T.);
#4624=ORIENTED_EDGE('',*,*,#3331,.F.);
#4625=ORIENTED_EDGE('',*,*,#3342,.F.);
#4626=ORIENTED_EDGE('',*,*,#3343,.F.);
#4627=ORIENTED_EDGE('',*,*,#3344,.F.);
#4628=ORIENTED_EDGE('',*,*,#3345,.F.);
#4629=ORIENTED_EDGE('',*,*,#3346,.F.);
#4630=ORIENTED_EDGE('',*,*,#3347,.F.);
#4631=ORIENTED_EDGE('',*,*,#3301,.F.);
#4632=ORIENTED_EDGE('',*,*,#3348,.F.);
#4633=ORIENTED_EDGE('',*,*,#3349,.T.);
#4634=ORIENTED_EDGE('',*,*,#3342,.T.);
#4635=ORIENTED_EDGE('',*,*,#3350,.F.);
#4636=ORIENTED_EDGE('',*,*,#3351,.F.);
#4637=ORIENTED_EDGE('',*,*,#3350,.T.);
#4638=ORIENTED_EDGE('',*,*,#3347,.T.);
#4639=ORIENTED_EDGE('',*,*,#3352,.F.);
#4640=ORIENTED_EDGE('',*,*,#3353,.F.);
#4641=ORIENTED_EDGE('',*,*,#3352,.T.);
#4642=ORIENTED_EDGE('',*,*,#3346,.T.);
#4643=ORIENTED_EDGE('',*,*,#3354,.F.);
#4644=ORIENTED_EDGE('',*,*,#3355,.F.);
#4645=ORIENTED_EDGE('',*,*,#3354,.T.);
#4646=ORIENTED_EDGE('',*,*,#3345,.T.);
#4647=ORIENTED_EDGE('',*,*,#3356,.F.);
#4648=ORIENTED_EDGE('',*,*,#3357,.F.);
#4649=ORIENTED_EDGE('',*,*,#3356,.T.);
#4650=ORIENTED_EDGE('',*,*,#3344,.T.);
#4651=ORIENTED_EDGE('',*,*,#3358,.F.);
#4652=ORIENTED_EDGE('',*,*,#3359,.F.);
#4653=ORIENTED_EDGE('',*,*,#3358,.T.);
#4654=ORIENTED_EDGE('',*,*,#3343,.T.);
#4655=ORIENTED_EDGE('',*,*,#3349,.F.);
#4656=ORIENTED_EDGE('',*,*,#3360,.F.);
#4657=ORIENTED_EDGE('',*,*,#3361,.F.);
#4658=ORIENTED_EDGE('',*,*,#3362,.F.);
#4659=ORIENTED_EDGE('',*,*,#3363,.F.);
#4660=ORIENTED_EDGE('',*,*,#3364,.F.);
#4661=ORIENTED_EDGE('',*,*,#3365,.F.);
#4662=ORIENTED_EDGE('',*,*,#3299,.F.);
#4663=ORIENTED_EDGE('',*,*,#3366,.F.);
#4664=ORIENTED_EDGE('',*,*,#3367,.T.);
#4665=ORIENTED_EDGE('',*,*,#3360,.T.);
#4666=ORIENTED_EDGE('',*,*,#3368,.F.);
#4667=ORIENTED_EDGE('',*,*,#3369,.F.);
#4668=ORIENTED_EDGE('',*,*,#3368,.T.);
#4669=ORIENTED_EDGE('',*,*,#3365,.T.);
#4670=ORIENTED_EDGE('',*,*,#3370,.F.);
#4671=ORIENTED_EDGE('',*,*,#3371,.F.);
#4672=ORIENTED_EDGE('',*,*,#3370,.T.);
#4673=ORIENTED_EDGE('',*,*,#3364,.T.);
#4674=ORIENTED_EDGE('',*,*,#3372,.F.);
#4675=ORIENTED_EDGE('',*,*,#3373,.F.);
#4676=ORIENTED_EDGE('',*,*,#3372,.T.);
#4677=ORIENTED_EDGE('',*,*,#3363,.T.);
#4678=ORIENTED_EDGE('',*,*,#3374,.F.);
#4679=ORIENTED_EDGE('',*,*,#3375,.F.);
#4680=ORIENTED_EDGE('',*,*,#3374,.T.);
#4681=ORIENTED_EDGE('',*,*,#3362,.T.);
#4682=ORIENTED_EDGE('',*,*,#3376,.F.);
#4683=ORIENTED_EDGE('',*,*,#3377,.F.);
#4684=ORIENTED_EDGE('',*,*,#3376,.T.);
#4685=ORIENTED_EDGE('',*,*,#3361,.T.);
#4686=ORIENTED_EDGE('',*,*,#3367,.F.);
#4687=ORIENTED_EDGE('',*,*,#3378,.F.);
#4688=ORIENTED_EDGE('',*,*,#3235,.F.);
#4689=ORIENTED_EDGE('',*,*,#3240,.T.);
#4690=ORIENTED_EDGE('',*,*,#2801,.F.);
#4691=ORIENTED_EDGE('',*,*,#3252,.F.);
#4692=ORIENTED_EDGE('',*,*,#3250,.F.);
#4693=ORIENTED_EDGE('',*,*,#3379,.F.);
#4694=ORIENTED_EDGE('',*,*,#3380,.F.);
#4695=ORIENTED_EDGE('',*,*,#3379,.T.);
#4696=ORIENTED_EDGE('',*,*,#3285,.F.);
#4697=ORIENTED_EDGE('',*,*,#3286,.F.);
#4698=ORIENTED_EDGE('',*,*,#3381,.T.);
#4699=ORIENTED_EDGE('',*,*,#3382,.F.);
#4700=ORIENTED_EDGE('',*,*,#3381,.F.);
#4701=ORIENTED_EDGE('',*,*,#2997,.T.);
#4702=ORIENTED_EDGE('',*,*,#3383,.T.);
#4703=ORIENTED_EDGE('',*,*,#3384,.F.);
#4704=ORIENTED_EDGE('',*,*,#3383,.F.);
#4705=ORIENTED_EDGE('',*,*,#3103,.T.);
#4706=ORIENTED_EDGE('',*,*,#3102,.T.);
#4707=ORIENTED_EDGE('',*,*,#3385,.F.);
#4708=ORIENTED_EDGE('',*,*,#3386,.F.);
#4709=ORIENTED_EDGE('',*,*,#3385,.T.);
#4710=ORIENTED_EDGE('',*,*,#3247,.T.);
#4711=ORIENTED_EDGE('',*,*,#3248,.T.);
#4712=ORIENTED_EDGE('',*,*,#2805,.T.);
#4713=ORIENTED_EDGE('',*,*,#3243,.F.);
#4714=ORIENTED_EDGE('',*,*,#3231,.F.);
#4715=ORIENTED_EDGE('',*,*,#3229,.F.);
#4716=ORIENTED_EDGE('',*,*,#2868,.T.);
#4717=ORIENTED_EDGE('',*,*,#3387,.F.);
#4718=ORIENTED_EDGE('',*,*,#3386,.T.);
#4719=ORIENTED_EDGE('',*,*,#3230,.T.);
#4720=ORIENTED_EDGE('',*,*,#3388,.F.);
#4721=ORIENTED_EDGE('',*,*,#3384,.T.);
#4722=ORIENTED_EDGE('',*,*,#3387,.T.);
#4723=ORIENTED_EDGE('',*,*,#2867,.T.);
#4724=ORIENTED_EDGE('',*,*,#3388,.T.);
#4725=ORIENTED_EDGE('',*,*,#2866,.T.);
#4726=ORIENTED_EDGE('',*,*,#3389,.F.);
#4727=ORIENTED_EDGE('',*,*,#3382,.T.);
#4728=ORIENTED_EDGE('',*,*,#3389,.T.);
#4729=ORIENTED_EDGE('',*,*,#2865,.T.);
#4730=ORIENTED_EDGE('',*,*,#3390,.F.);
#4731=ORIENTED_EDGE('',*,*,#3380,.T.);
#4732=ORIENTED_EDGE('',*,*,#3236,.F.);
#4733=ORIENTED_EDGE('',*,*,#3378,.T.);
#4734=ORIENTED_EDGE('',*,*,#3390,.T.);
#4735=ORIENTED_EDGE('',*,*,#2864,.T.);
#4736=ORIENTED_EDGE('',*,*,#3245,.T.);
#4737=ORIENTED_EDGE('',*,*,#3391,.F.);
#4738=ORIENTED_EDGE('',*,*,#2883,.T.);
#4739=ORIENTED_EDGE('',*,*,#3048,.F.);
#4740=ORIENTED_EDGE('',*,*,#3392,.F.);
#4741=ORIENTED_EDGE('',*,*,#3393,.F.);
#4742=ORIENTED_EDGE('',*,*,#3394,.F.);
#4743=ORIENTED_EDGE('',*,*,#3392,.T.);
#4744=ORIENTED_EDGE('',*,*,#3033,.F.);
#4745=ORIENTED_EDGE('',*,*,#3395,.T.);
#4746=ORIENTED_EDGE('',*,*,#3396,.F.);
#4747=ORIENTED_EDGE('',*,*,#3395,.F.);
#4748=ORIENTED_EDGE('',*,*,#3036,.F.);
#4749=ORIENTED_EDGE('',*,*,#3039,.F.);
#4750=ORIENTED_EDGE('',*,*,#3042,.F.);
#4751=ORIENTED_EDGE('',*,*,#3397,.F.);
#4752=ORIENTED_EDGE('',*,*,#3398,.F.);
#4753=ORIENTED_EDGE('',*,*,#3399,.F.);
#4754=ORIENTED_EDGE('',*,*,#3397,.T.);
#4755=ORIENTED_EDGE('',*,*,#3041,.T.);
#4756=ORIENTED_EDGE('',*,*,#3400,.T.);
#4757=ORIENTED_EDGE('',*,*,#3401,.F.);
#4758=ORIENTED_EDGE('',*,*,#3400,.F.);
#4759=ORIENTED_EDGE('',*,*,#3051,.T.);
#4760=ORIENTED_EDGE('',*,*,#2879,.T.);
#4761=ORIENTED_EDGE('',*,*,#2855,.F.);
#4762=ORIENTED_EDGE('',*,*,#2909,.F.);
#4763=ORIENTED_EDGE('',*,*,#2951,.F.);
#4764=ORIENTED_EDGE('',*,*,#3066,.F.);
#4765=ORIENTED_EDGE('',*,*,#3402,.F.);
#4766=ORIENTED_EDGE('',*,*,#2856,.F.);
#4767=ORIENTED_EDGE('',*,*,#3402,.T.);
#4768=ORIENTED_EDGE('',*,*,#3065,.T.);
#4769=ORIENTED_EDGE('',*,*,#3064,.T.);
#4770=ORIENTED_EDGE('',*,*,#3028,.T.);
#4771=ORIENTED_EDGE('',*,*,#3018,.T.);
#4772=ORIENTED_EDGE('',*,*,#3403,.T.);
#4773=ORIENTED_EDGE('',*,*,#2857,.F.);
#4774=ORIENTED_EDGE('',*,*,#3403,.F.);
#4775=ORIENTED_EDGE('',*,*,#3023,.T.);
#4776=ORIENTED_EDGE('',*,*,#3001,.T.);
#4777=ORIENTED_EDGE('',*,*,#3404,.F.);
#4778=ORIENTED_EDGE('',*,*,#3394,.T.);
#4779=ORIENTED_EDGE('',*,*,#3405,.F.);
#4780=ORIENTED_EDGE('',*,*,#3057,.T.);
#4781=ORIENTED_EDGE('',*,*,#2948,.F.);
#4782=ORIENTED_EDGE('',*,*,#2884,.T.);
#4783=ORIENTED_EDGE('',*,*,#3406,.F.);
#4784=ORIENTED_EDGE('',*,*,#3055,.T.);
#4785=ORIENTED_EDGE('',*,*,#3404,.T.);
#4786=ORIENTED_EDGE('',*,*,#3056,.T.);
#4787=ORIENTED_EDGE('',*,*,#3406,.T.);
#4788=ORIENTED_EDGE('',*,*,#3391,.T.);
#4789=ORIENTED_EDGE('',*,*,#3407,.F.);
#4790=ORIENTED_EDGE('',*,*,#3398,.T.);
#4791=ORIENTED_EDGE('',*,*,#3408,.F.);
#4792=ORIENTED_EDGE('',*,*,#3061,.T.);
#4793=ORIENTED_EDGE('',*,*,#3405,.T.);
#4794=ORIENTED_EDGE('',*,*,#3393,.T.);
#4795=ORIENTED_EDGE('',*,*,#3409,.F.);
#4796=ORIENTED_EDGE('',*,*,#3058,.T.);
#4797=ORIENTED_EDGE('',*,*,#3410,.F.);
#4798=ORIENTED_EDGE('',*,*,#3059,.T.);
#4799=ORIENTED_EDGE('',*,*,#3409,.T.);
#4800=ORIENTED_EDGE('',*,*,#3396,.T.);
#4801=ORIENTED_EDGE('',*,*,#3410,.T.);
#4802=ORIENTED_EDGE('',*,*,#3399,.T.);
#4803=ORIENTED_EDGE('',*,*,#3407,.T.);
#4804=ORIENTED_EDGE('',*,*,#3060,.T.);
#4805=ORIENTED_EDGE('',*,*,#3408,.T.);
#4806=ORIENTED_EDGE('',*,*,#3401,.T.);
#4807=ORIENTED_EDGE('',*,*,#3411,.F.);
#4808=ORIENTED_EDGE('',*,*,#3062,.T.);
#4809=ORIENTED_EDGE('',*,*,#3052,.T.);
#4810=ORIENTED_EDGE('',*,*,#3411,.T.);
#4811=ORIENTED_EDGE('',*,*,#2878,.T.);
#4812=ORIENTED_EDGE('',*,*,#3412,.F.);
#4813=ORIENTED_EDGE('',*,*,#2877,.T.);
#4814=ORIENTED_EDGE('',*,*,#2860,.T.);
#4815=ORIENTED_EDGE('',*,*,#3029,.T.);
#4816=ORIENTED_EDGE('',*,*,#3053,.T.);
#4817=ORIENTED_EDGE('',*,*,#3412,.T.);
#4818=ORIENTED_EDGE('',*,*,#3413,.T.);
#4819=ORIENTED_EDGE('',*,*,#3024,.T.);
#4820=ORIENTED_EDGE('',*,*,#3019,.F.);
#4821=ORIENTED_EDGE('',*,*,#3014,.T.);
#4822=ORIENTED_EDGE('',*,*,#3011,.T.);
#4823=ORIENTED_EDGE('',*,*,#3009,.F.);
#4824=ORIENTED_EDGE('',*,*,#3021,.F.);
#4825=ORIENTED_EDGE('',*,*,#2733,.F.);
#4826=ORIENTED_EDGE('',*,*,#3413,.F.);
#4827=ORIENTED_EDGE('',*,*,#3013,.F.);
#4828=ORIENTED_EDGE('',*,*,#2690,.F.);
#4829=ORIENTED_EDGE('',*,*,#3025,.T.);
#4830=ORIENTED_EDGE('',*,*,#2686,.T.);
#4831=ORIENTED_EDGE('',*,*,#2731,.F.);
#4832=ORIENTED_EDGE('',*,*,#2938,.T.);
#4833=ORIENTED_EDGE('',*,*,#2956,.F.);
#4834=ORIENTED_EDGE('',*,*,#3414,.F.);
#4835=ORIENTED_EDGE('',*,*,#2687,.T.);
#4836=ORIENTED_EDGE('',*,*,#3414,.T.);
#4837=ORIENTED_EDGE('',*,*,#2955,.F.);
#4838=ORIENTED_EDGE('',*,*,#2720,.F.);
#4839=ORIENTED_EDGE('',*,*,#2717,.T.);
#4840=ORIENTED_EDGE('',*,*,#2691,.F.);
#4841=ORIENTED_EDGE('',*,*,#3012,.T.);
#4842=ORIENTED_EDGE('',*,*,#2732,.T.);
#4843=ORIENTED_EDGE('',*,*,#2719,.F.);
#4844=ORIENTED_EDGE('',*,*,#2734,.F.);
#4845=ORIENTED_EDGE('',*,*,#3026,.T.);
#4846=ORIENTED_EDGE('',*,*,#2689,.T.);
#4847=ORIENTED_EDGE('',*,*,#3415,.F.);
#4848=ORIENTED_EDGE('',*,*,#3416,.F.);
#4849=ORIENTED_EDGE('',*,*,#3417,.F.);
#4850=ORIENTED_EDGE('',*,*,#3418,.T.);
#4851=ORIENTED_EDGE('',*,*,#3416,.T.);
#4852=ORIENTED_EDGE('',*,*,#3418,.F.);
#4853=ORIENTED_EDGE('',*,*,#3419,.T.);
#4854=ORIENTED_EDGE('',*,*,#3420,.T.);
#4855=ORIENTED_EDGE('',*,*,#3417,.T.);
#4856=ORIENTED_EDGE('',*,*,#3420,.F.);
#4857=ORIENTED_EDGE('',*,*,#3421,.F.);
#4858=ORIENTED_EDGE('',*,*,#3422,.T.);
#4859=ORIENTED_EDGE('',*,*,#3415,.T.);
#4860=ORIENTED_EDGE('',*,*,#3422,.F.);
#4861=ORIENTED_EDGE('',*,*,#3423,.T.);
#4862=ORIENTED_EDGE('',*,*,#3424,.T.);
#4863=ORIENTED_EDGE('',*,*,#3421,.T.);
#4864=ORIENTED_EDGE('',*,*,#3424,.F.);
#4865=ORIENTED_EDGE('',*,*,#3425,.F.);
#4866=ORIENTED_EDGE('',*,*,#2960,.F.);
#4867=ORIENTED_EDGE('',*,*,#3426,.T.);
#4868=ORIENTED_EDGE('',*,*,#3425,.T.);
#4869=ORIENTED_EDGE('',*,*,#3426,.F.);
#4870=ORIENTED_EDGE('',*,*,#3427,.F.);
#4871=ORIENTED_EDGE('',*,*,#2959,.F.);
#4872=ORIENTED_EDGE('',*,*,#3428,.T.);
#4873=ORIENTED_EDGE('',*,*,#3427,.T.);
#4874=ORIENTED_EDGE('',*,*,#3428,.F.);
#4875=ORIENTED_EDGE('',*,*,#3429,.T.);
#4876=ORIENTED_EDGE('',*,*,#3430,.T.);
#4877=ORIENTED_EDGE('',*,*,#3431,.T.);
#4878=ORIENTED_EDGE('',*,*,#3432,.T.);
#4879=ORIENTED_EDGE('',*,*,#3433,.F.);
#4880=ORIENTED_EDGE('',*,*,#3077,.F.);
#4881=ORIENTED_EDGE('',*,*,#2888,.F.);
#4882=ORIENTED_EDGE('',*,*,#2946,.F.);
#4883=ORIENTED_EDGE('',*,*,#2942,.F.);
#4884=ORIENTED_EDGE('',*,*,#2957,.F.);
#4885=ORIENTED_EDGE('',*,*,#2728,.F.);
#4886=ORIENTED_EDGE('',*,*,#2759,.T.);
#4887=ORIENTED_EDGE('',*,*,#3419,.F.);
#4888=ORIENTED_EDGE('',*,*,#3434,.T.);
#4889=ORIENTED_EDGE('',*,*,#3435,.F.);
#4890=ORIENTED_EDGE('',*,*,#3436,.T.);
#4891=ORIENTED_EDGE('',*,*,#2722,.T.);
#4892=ORIENTED_EDGE('',*,*,#2958,.T.);
#4893=ORIENTED_EDGE('',*,*,#2910,.T.);
#4894=ORIENTED_EDGE('',*,*,#2905,.T.);
#4895=ORIENTED_EDGE('',*,*,#2875,.T.);
#4896=ORIENTED_EDGE('',*,*,#3099,.F.);
#4897=ORIENTED_EDGE('',*,*,#3437,.T.);
#4898=ORIENTED_EDGE('',*,*,#3438,.T.);
#4899=ORIENTED_EDGE('',*,*,#2756,.T.);
#4900=ORIENTED_EDGE('',*,*,#3423,.F.);
#4901=ORIENTED_EDGE('',*,*,#3439,.T.);
#4902=ORIENTED_EDGE('',*,*,#3440,.F.);
#4903=ORIENTED_EDGE('',*,*,#3430,.F.);
#4904=ORIENTED_EDGE('',*,*,#3441,.F.);
#4905=ORIENTED_EDGE('',*,*,#3442,.T.);
#4906=ORIENTED_EDGE('',*,*,#3441,.T.);
#4907=ORIENTED_EDGE('',*,*,#3429,.F.);
#4908=ORIENTED_EDGE('',*,*,#2727,.F.);
#4909=ORIENTED_EDGE('',*,*,#3443,.T.);
#4910=ORIENTED_EDGE('',*,*,#2723,.F.);
#4911=ORIENTED_EDGE('',*,*,#3436,.F.);
#4912=ORIENTED_EDGE('',*,*,#3444,.T.);
#4913=ORIENTED_EDGE('',*,*,#3445,.T.);
#4914=ORIENTED_EDGE('',*,*,#3444,.F.);
#4915=ORIENTED_EDGE('',*,*,#3435,.T.);
#4916=ORIENTED_EDGE('',*,*,#3446,.F.);
#4917=ORIENTED_EDGE('',*,*,#2702,.T.);
#4918=ORIENTED_EDGE('',*,*,#2692,.T.);
#4919=ORIENTED_EDGE('',*,*,#2704,.T.);
#4920=ORIENTED_EDGE('',*,*,#2695,.T.);
#4921=ORIENTED_EDGE('',*,*,#2713,.T.);
#4922=ORIENTED_EDGE('',*,*,#2710,.T.);
#4923=ORIENTED_EDGE('',*,*,#2705,.T.);
#4924=ORIENTED_EDGE('',*,*,#2715,.T.);
#4925=ORIENTED_EDGE('',*,*,#3447,.T.);
#4926=ORIENTED_EDGE('',*,*,#3446,.T.);
#4927=ORIENTED_EDGE('',*,*,#3434,.F.);
#4928=ORIENTED_EDGE('',*,*,#3448,.T.);
#4929=ORIENTED_EDGE('',*,*,#3449,.T.);
#4930=ORIENTED_EDGE('',*,*,#3450,.F.);
#4931=ORIENTED_EDGE('',*,*,#3432,.F.);
#4932=ORIENTED_EDGE('',*,*,#3451,.F.);
#4933=ORIENTED_EDGE('',*,*,#3452,.T.);
#4934=ORIENTED_EDGE('',*,*,#3448,.F.);
#4935=ORIENTED_EDGE('',*,*,#3438,.F.);
#4936=ORIENTED_EDGE('',*,*,#3453,.F.);
#4937=ORIENTED_EDGE('',*,*,#3454,.T.);
#4938=ORIENTED_EDGE('',*,*,#3455,.T.);
#4939=ORIENTED_EDGE('',*,*,#3456,.T.);
#4940=ORIENTED_EDGE('',*,*,#3453,.T.);
#4941=ORIENTED_EDGE('',*,*,#3437,.F.);
#4942=ORIENTED_EDGE('',*,*,#3100,.F.);
#4943=ORIENTED_EDGE('',*,*,#3092,.F.);
#4944=ORIENTED_EDGE('',*,*,#3288,.T.);
#4945=ORIENTED_EDGE('',*,*,#3287,.T.);
#4946=ORIENTED_EDGE('',*,*,#3282,.T.);
#4947=ORIENTED_EDGE('',*,*,#3272,.T.);
#4948=ORIENTED_EDGE('',*,*,#3271,.T.);
#4949=ORIENTED_EDGE('',*,*,#3270,.F.);
#4950=ORIENTED_EDGE('',*,*,#3262,.F.);
#4951=ORIENTED_EDGE('',*,*,#3261,.F.);
#4952=ORIENTED_EDGE('',*,*,#3260,.F.);
#4953=ORIENTED_EDGE('',*,*,#3222,.F.);
#4954=ORIENTED_EDGE('',*,*,#3289,.F.);
#4955=ORIENTED_EDGE('',*,*,#3292,.F.);
#4956=ORIENTED_EDGE('',*,*,#3090,.T.);
#4957=ORIENTED_EDGE('',*,*,#3078,.F.);
#4958=ORIENTED_EDGE('',*,*,#3433,.T.);
#4959=ORIENTED_EDGE('',*,*,#3450,.T.);
#4960=ORIENTED_EDGE('',*,*,#2828,.F.);
#4961=ORIENTED_EDGE('',*,*,#2830,.F.);
#4962=ORIENTED_EDGE('',*,*,#2829,.F.);
#4963=ORIENTED_EDGE('',*,*,#2839,.F.);
#4964=ORIENTED_EDGE('',*,*,#2841,.F.);
#4965=ORIENTED_EDGE('',*,*,#2840,.F.);
#4966=ORIENTED_EDGE('',*,*,#2980,.F.);
#4967=ORIENTED_EDGE('',*,*,#2990,.F.);
#4968=ORIENTED_EDGE('',*,*,#3263,.T.);
#4969=ORIENTED_EDGE('',*,*,#3284,.T.);
#4970=ORIENTED_EDGE('',*,*,#3268,.T.);
#4971=ORIENTED_EDGE('',*,*,#3226,.T.);
#4972=ORIENTED_EDGE('',*,*,#2985,.F.);
#4973=ORIENTED_EDGE('',*,*,#3323,.T.);
#4974=ORIENTED_EDGE('',*,*,#3312,.T.);
#4975=ORIENTED_EDGE('',*,*,#3315,.T.);
#4976=ORIENTED_EDGE('',*,*,#3317,.T.);
#4977=ORIENTED_EDGE('',*,*,#3319,.T.);
#4978=ORIENTED_EDGE('',*,*,#3321,.T.);
#4979=ORIENTED_EDGE('',*,*,#3341,.T.);
#4980=ORIENTED_EDGE('',*,*,#3330,.T.);
#4981=ORIENTED_EDGE('',*,*,#3333,.T.);
#4982=ORIENTED_EDGE('',*,*,#3335,.T.);
#4983=ORIENTED_EDGE('',*,*,#3337,.T.);
#4984=ORIENTED_EDGE('',*,*,#3339,.T.);
#4985=ORIENTED_EDGE('',*,*,#3359,.T.);
#4986=ORIENTED_EDGE('',*,*,#3348,.T.);
#4987=ORIENTED_EDGE('',*,*,#3351,.T.);
#4988=ORIENTED_EDGE('',*,*,#3353,.T.);
#4989=ORIENTED_EDGE('',*,*,#3355,.T.);
#4990=ORIENTED_EDGE('',*,*,#3357,.T.);
#4991=ORIENTED_EDGE('',*,*,#3377,.T.);
#4992=ORIENTED_EDGE('',*,*,#3366,.T.);
#4993=ORIENTED_EDGE('',*,*,#3369,.T.);
#4994=ORIENTED_EDGE('',*,*,#3371,.T.);
#4995=ORIENTED_EDGE('',*,*,#3373,.T.);
#4996=ORIENTED_EDGE('',*,*,#3375,.T.);
#4997=ORIENTED_EDGE('',*,*,#2848,.F.);
#4998=ORIENTED_EDGE('',*,*,#2847,.F.);
#4999=ORIENTED_EDGE('',*,*,#2842,.F.);
#5000=ORIENTED_EDGE('',*,*,#3457,.T.);
#5001=ORIENTED_EDGE('',*,*,#3451,.T.);
#5002=ORIENTED_EDGE('',*,*,#3431,.F.);
#5003=ORIENTED_EDGE('',*,*,#3440,.T.);
#5004=ORIENTED_EDGE('',*,*,#3454,.F.);
#5005=ORIENTED_EDGE('',*,*,#3449,.F.);
#5006=ORIENTED_EDGE('',*,*,#3457,.F.);
#5007=ORIENTED_EDGE('',*,*,#3439,.F.);
#5008=ORIENTED_EDGE('',*,*,#3442,.F.);
#5009=ORIENTED_EDGE('',*,*,#2726,.F.);
#5010=ORIENTED_EDGE('',*,*,#3458,.T.);
#5011=ORIENTED_EDGE('',*,*,#3456,.F.);
#5012=ORIENTED_EDGE('',*,*,#3459,.F.);
#5013=ORIENTED_EDGE('',*,*,#2724,.F.);
#5014=ORIENTED_EDGE('',*,*,#3443,.F.);
#5015=ORIENTED_EDGE('',*,*,#3445,.F.);
#5016=ORIENTED_EDGE('',*,*,#3447,.F.);
#5017=ORIENTED_EDGE('',*,*,#3452,.F.);
#5018=ORIENTED_EDGE('',*,*,#3455,.F.);
#5019=ORIENTED_EDGE('',*,*,#3458,.F.);
#5020=ORIENTED_EDGE('',*,*,#2725,.F.);
#5021=ORIENTED_EDGE('',*,*,#3459,.T.);
#5022=ORIENTED_EDGE('',*,*,#2808,.T.);
#5023=ORIENTED_EDGE('',*,*,#2811,.T.);
#5024=ORIENTED_EDGE('',*,*,#2814,.T.);
#5025=ORIENTED_EDGE('',*,*,#2817,.T.);
#5026=B_SPLINE_SURFACE_WITH_KNOTS('',3,3,((#7076,#7077,#7078,#7079,#7080,
#7081),(#7082,#7083,#7084,#7085,#7086,#7087),(#7088,#7089,#7090,#7091,#7092,
#7093),(#7094,#7095,#7096,#7097,#7098,#7099)),.UNSPECIFIED.,.F.,.F.,.F.,
(4,4),(4,2,4),(0.,1.),(6.49027554434242,7.59880123609664,7.60076596251963),
 .UNSPECIFIED.);
#5027=B_SPLINE_SURFACE_WITH_KNOTS('',3,3,((#7120,#7121,#7122,#7123,#7124,
#7125),(#7126,#7127,#7128,#7129,#7130,#7131),(#7132,#7133,#7134,#7135,#7136,
#7137),(#7138,#7139,#7140,#7141,#7142,#7143)),.UNSPECIFIED.,.F.,.F.,.F.,
(4,4),(4,2,4),(0.,1.),(-0.00233889594023499,0.,1.11011003999344),
 .UNSPECIFIED.);
#5028=B_SPLINE_SURFACE_WITH_KNOTS('',3,1,((#7237,#7238),(#7239,#7240),(#7241,
#7242),(#7243,#7244),(#7245,#7246),(#7247,#7248),(#7249,#7250),(#7251,#7252),
(#7253,#7254),(#7255,#7256)),.UNSPECIFIED.,.F.,.F.,.F.,(4,2,2,2,4),(2,2),
(-6.927594318265,-6.91967960359352,-6.72689247492378,-6.4015893165343,-6.15146463859685),
(0.,1.15),.UNSPECIFIED.);
#5029=B_SPLINE_SURFACE_WITH_KNOTS('',3,1,((#7269,#7270),(#7271,#7272),(#7273,
#7274),(#7275,#7276),(#7277,#7278),(#7279,#7280),(#7281,#7282),(#7283,#7284),
(#7285,#7286),(#7287,#7288),(#7289,#7290),(#7291,#7292),(#7293,#7294),(#7295,
#7296),(#7297,#7298),(#7299,#7300),(#7301,#7302),(#7303,#7304),(#7305,#7306),
(#7307,#7308),(#7309,#7310),(#7311,#7312),(#7313,#7314),(#7315,#7316),(#7317,
#7318),(#7319,#7320),(#7321,#7322),(#7323,#7324),(#7325,#7326),(#7327,#7328),
(#7329,#7330),(#7331,#7332),(#7333,#7334),(#7335,#7336),(#7337,#7338),(#7339,
#7340),(#7341,#7342),(#7343,#7344)),.UNSPECIFIED.,.F.,.F.,.F.,(4,2,2,2,
2,2,2,2,3,2,2,2,3,2,2,2,2,4),(2,2),(-9.60881645624598,-9.03660651022219,
-8.52116585923497,-8.18755459844212,-7.93388099361318,-7.7134487399212,
-7.49254469402555,-7.2466789133454,-6.927594318265,-6.91967960359352,-6.72689247492378,
-6.4015893165343,-6.15146463859685,-5.59380236315495,-5.2362715285681,-4.93455134449646,
-4.57876411969851,-4.02587458752263),(-2.39999999999999,2.49918971917827),
 .UNSPECIFIED.);
#5030=B_SPLINE_SURFACE_WITH_KNOTS('',3,1,((#7382,#7383),(#7384,#7385),(#7386,
#7387),(#7388,#7389),(#7390,#7391),(#7392,#7393),(#7394,#7395),(#7396,#7397),
(#7398,#7399),(#7400,#7401)),.UNSPECIFIED.,.F.,.F.,.F.,(4,2,2,2,4),(2,2),
(-9.18545982398465,-8.93533514604722,-8.61003198765773,-8.41724485898799,
-8.40933014431651),(0.,1.15),.UNSPECIFIED.);
#5031=B_SPLINE_SURFACE_WITH_KNOTS('',3,1,((#7414,#7415),(#7416,#7417),(#7418,
#7419),(#7420,#7421),(#7422,#7423),(#7424,#7425),(#7426,#7427),(#7428,#7429),
(#7430,#7431),(#7432,#7433),(#7434,#7435),(#7436,#7437),(#7438,#7439),(#7440,
#7441),(#7442,#7443),(#7444,#7445),(#7446,#7447),(#7448,#7449),(#7450,#7451),
(#7452,#7453),(#7454,#7455),(#7456,#7457),(#7458,#7459),(#7460,#7461),(#7462,
#7463),(#7464,#7465),(#7466,#7467),(#7468,#7469),(#7470,#7471),(#7472,#7473),
(#7474,#7475),(#7476,#7477),(#7478,#7479),(#7480,#7481),(#7482,#7483),(#7484,
#7485),(#7486,#7487),(#7488,#7489),(#7490,#7491)),.UNSPECIFIED.,.F.,.F.,
 .F.,(4,2,2,2,2,3,2,2,2,3,2,2,2,2,2,3,2,4),(2,2),(-11.3110498750589,-10.758160342883,
-10.4023731180851,-10.1006529340134,-9.74312209942654,-9.18545982398465,
-8.93533514604722,-8.61003198765773,-8.41724485898799,-8.40933014431651,
-8.09024554923606,-7.84437976855587,-7.62347572266019,-7.40304346896818,
-7.14936986413921,-7.11588497168959,-6.76831389588468,-6.21716143006351),
(-2.40000000000001,2.49918971917818),.UNSPECIFIED.);
#5032=B_SPLINE_SURFACE_WITH_KNOTS('',3,3,((#7663,#7664,#7665,#7666),(#7667,
#7668,#7669,#7670),(#7671,#7672,#7673,#7674),(#7675,#7676,#7677,#7678)),
 .UNSPECIFIED.,.F.,.F.,.F.,(4,4),(4,4),(0.,1.),(1.48014031327658,8.94058047267848),
 .UNSPECIFIED.);
#5033=B_SPLINE_SURFACE_WITH_KNOTS('',3,3,((#7755,#7756,#7757,#7758),(#7759,
#7760,#7761,#7762),(#7763,#7764,#7765,#7766),(#7767,#7768,#7769,#7770)),
 .UNSPECIFIED.,.F.,.F.,.F.,(4,4),(4,4),(-1.05529715074465E-15,1.03029050069504),
(0.180593139888789,0.248329529484818),.UNSPECIFIED.);
#5034=B_SPLINE_SURFACE_WITH_KNOTS('',3,3,((#7790,#7791,#7792,#7793),(#7794,
#7795,#7796,#7797),(#7798,#7799,#7800,#7801),(#7802,#7803,#7804,#7805)),
 .UNSPECIFIED.,.F.,.F.,.F.,(4,4),(4,4),(0.,1.),(13.7795904782115,15.5173354538755),
 .UNSPECIFIED.);
#5035=B_SPLINE_SURFACE_WITH_KNOTS('',3,3,((#7854,#7855,#7856,#7857),(#7858,
#7859,#7860,#7861),(#7862,#7863,#7864,#7865),(#7866,#7867,#7868,#7869),
(#7870,#7871,#7872,#7873)),.UNSPECIFIED.,.F.,.F.,.F.,(4,1,4),(4,4),(0.,
0.571428571428571,1.),(-0.398368440636003,1.88411921215131),
 .UNSPECIFIED.);
#5036=B_SPLINE_SURFACE_WITH_KNOTS('',3,3,((#7902,#7903,#7904,#7905),(#7906,
#7907,#7908,#7909),(#7910,#7911,#7912,#7913),(#7914,#7915,#7916,#7917)),
 .UNSPECIFIED.,.F.,.F.,.F.,(4,4),(4,4),(0.691389344692189,1.),(1.89333830237713,
2.87460467800137),.UNSPECIFIED.);
#5037=B_SPLINE_SURFACE_WITH_KNOTS('',3,3,((#7932,#7933,#7934,#7935),(#7936,
#7937,#7938,#7939),(#7940,#7941,#7942,#7943),(#7944,#7945,#7946,#7947)),
 .UNSPECIFIED.,.F.,.F.,.F.,(4,4),(4,4),(0.,1.),(-2.07869151883488,-0.350187823662135),
 .UNSPECIFIED.);
#5038=B_SPLINE_SURFACE_WITH_KNOTS('',3,3,((#7986,#7987,#7988,#7989),(#7990,
#7991,#7992,#7993),(#7994,#7995,#7996,#7997),(#7998,#7999,#8000,#8001)),
 .UNSPECIFIED.,.F.,.F.,.F.,(4,4),(4,4),(1.39328245470021E-15,1.03029050069504),
(0.180593139888789,0.248329529484828),.UNSPECIFIED.);
#5039=B_SPLINE_SURFACE_WITH_KNOTS('',3,3,((#8066,#8067,#8068,#8069,#8070,
#8071,#8072,#8073,#8074,#8075,#8076,#8077,#8078),(#8079,#8080,#8081,#8082,
#8083,#8084,#8085,#8086,#8087,#8088,#8089,#8090,#8091),(#8092,#8093,#8094,
#8095,#8096,#8097,#8098,#8099,#8100,#8101,#8102,#8103,#8104),(#8105,#8106,
#8107,#8108,#8109,#8110,#8111,#8112,#8113,#8114,#8115,#8116,#8117)),
 .UNSPECIFIED.,.F.,.T.,.F.,(4,4),(4,1,1,1,1,1,1,1,1,1,4),(0.,1.),(-3.14159265358979,
-2.24399475256414,-1.34639685153848,-0.448798950512828,-0.149599650170943,
0.448798950512828,1.34639685153848,1.79519580205131,2.24399475256414,2.69279370307697,
3.14159265358979),.UNSPECIFIED.);
#5040=B_SPLINE_SURFACE_WITH_KNOTS('',3,3,((#8175,#8176,#8177,#8178,#8179,
#8180,#8181,#8182,#8183,#8184,#8185,#8186,#8187),(#8188,#8189,#8190,#8191,
#8192,#8193,#8194,#8195,#8196,#8197,#8198,#8199,#8200),(#8201,#8202,#8203,
#8204,#8205,#8206,#8207,#8208,#8209,#8210,#8211,#8212,#8213),(#8214,#8215,
#8216,#8217,#8218,#8219,#8220,#8221,#8222,#8223,#8224,#8225,#8226)),
 .UNSPECIFIED.,.F.,.T.,.F.,(4,4),(4,1,1,1,1,1,1,1,1,1,4),(0.,1.),(-3.14159265358979,
-2.24399475256414,-1.34639685153848,-0.448798950512828,-0.149599650170943,
0.448798950512828,1.34639685153848,1.79519580205131,2.24399475256414,2.69279370307697,
3.14159265358979),.UNSPECIFIED.);
#5041=B_SPLINE_SURFACE_WITH_KNOTS('',3,3,((#8252,#8253,#8254,#8255,#8256,
#8257,#8258,#8259,#8260,#8261,#8262,#8263,#8264),(#8265,#8266,#8267,#8268,
#8269,#8270,#8271,#8272,#8273,#8274,#8275,#8276,#8277),(#8278,#8279,#8280,
#8281,#8282,#8283,#8284,#8285,#8286,#8287,#8288,#8289,#8290),(#8291,#8292,
#8293,#8294,#8295,#8296,#8297,#8298,#8299,#8300,#8301,#8302,#8303)),
 .UNSPECIFIED.,.F.,.T.,.F.,(4,4),(4,1,1,1,1,1,1,1,1,1,4),(0.,1.),(-3.14159265358979,
-2.24399475256414,-1.34639685153848,-0.448798950512828,-0.149599650170943,
0.448798950512828,1.34639685153848,1.79519580205131,2.24399475256414,2.69279370307697,
3.14159265358979),.UNSPECIFIED.);
#5042=B_SPLINE_SURFACE_WITH_KNOTS('',3,3,((#8634,#8635,#8636,#8637,#8638,
#8639,#8640,#8641,#8642,#8643,#8644,#8645,#8646,#8647),(#8648,#8649,#8650,
#8651,#8652,#8653,#8654,#8655,#8656,#8657,#8658,#8659,#8660,#8661),(#8662,
#8663,#8664,#8665,#8666,#8667,#8668,#8669,#8670,#8671,#8672,#8673,#8674,
#8675),(#8676,#8677,#8678,#8679,#8680,#8681,#8682,#8683,#8684,#8685,#8686,
#8687,#8688,#8689)),.UNSPECIFIED.,.F.,.T.,.F.,(4,4),(4,1,1,1,1,1,1,1,1,
1,1,4),(0.,1.),(-3.14159265358979,-2.69279370307697,-2.24399475256414,-1.34639685153848,
-0.747998250854713,-0.448798950512828,0.448798950512828,1.34639685153848,
1.79519580205131,2.24399475256414,2.69279370307697,3.14159265358979),
 .UNSPECIFIED.);
#5043=B_SPLINE_SURFACE_WITH_KNOTS('',3,3,((#8725,#8726,#8727,#8728,#8729,
#8730,#8731,#8732,#8733,#8734,#8735,#8736,#8737,#8738),(#8739,#8740,#8741,
#8742,#8743,#8744,#8745,#8746,#8747,#8748,#8749,#8750,#8751,#8752),(#8753,
#8754,#8755,#8756,#8757,#8758,#8759,#8760,#8761,#8762,#8763,#8764,#8765,
#8766),(#8767,#8768,#8769,#8770,#8771,#8772,#8773,#8774,#8775,#8776,#8777,
#8778,#8779,#8780)),.UNSPECIFIED.,.F.,.T.,.F.,(4,4),(4,1,1,1,1,1,1,1,1,
1,1,4),(0.,1.),(-3.14159265358979,-2.69279370307697,-2.24399475256414,-1.34639685153848,
-0.747998250854713,-0.448798950512828,0.448798950512828,1.34639685153848,
1.79519580205131,2.24399475256414,2.69279370307697,3.14159265358979),
 .UNSPECIFIED.);
#5044=B_SPLINE_SURFACE_WITH_KNOTS('',3,3,((#8816,#8817,#8818,#8819,#8820,
#8821,#8822,#8823,#8824,#8825,#8826,#8827,#8828),(#8829,#8830,#8831,#8832,
#8833,#8834,#8835,#8836,#8837,#8838,#8839,#8840,#8841),(#8842,#8843,#8844,
#8845,#8846,#8847,#8848,#8849,#8850,#8851,#8852,#8853,#8854),(#8855,#8856,
#8857,#8858,#8859,#8860,#8861,#8862,#8863,#8864,#8865,#8866,#8867)),
 .UNSPECIFIED.,.F.,.T.,.F.,(4,4),(4,1,1,1,1,1,1,1,1,1,4),(0.,1.),(-3.14159265358979,
-2.24399475256414,-1.34639685153848,-0.747998250854713,-0.448798950512828,
0.448798950512828,1.34639685153848,1.79519580205131,2.24399475256414,2.69279370307697,
3.14159265358979),.UNSPECIFIED.);
#5045=B_SPLINE_SURFACE_WITH_KNOTS('',3,3,((#8992,#8993,#8994,#8995,#8996,
#8997),(#8998,#8999,#9000,#9001,#9002,#9003),(#9004,#9005,#9006,#9007,#9008,
#9009),(#9010,#9011,#9012,#9013,#9014,#9015),(#9016,#9017,#9018,#9019,#9020,
#9021),(#9022,#9023,#9024,#9025,#9026,#9027)),.UNSPECIFIED.,.F.,.F.,.F.,
(4,1,1,4),(4,1,1,4),(0.,0.285714285714286,0.571428571428571,1.),(-1.5707963267949,
-0.897597901025655,-0.448798950512828,5.12157583022525E-48),
 .UNSPECIFIED.);
#5046=B_SPLINE_SURFACE_WITH_KNOTS('',3,3,((#9042,#9043,#9044,#9045,#9046,
#9047),(#9048,#9049,#9050,#9051,#9052,#9053),(#9054,#9055,#9056,#9057,#9058,
#9059),(#9060,#9061,#9062,#9063,#9064,#9065),(#9066,#9067,#9068,#9069,#9070,
#9071),(#9072,#9073,#9074,#9075,#9076,#9077)),.UNSPECIFIED.,.F.,.F.,.F.,
(4,1,1,4),(4,1,1,4),(0.,0.285714285714286,0.571428571428571,1.),(0.,0.673198425769242,
1.12199737628207,1.5707963267949),.UNSPECIFIED.);
#5047=B_SPLINE_SURFACE_WITH_KNOTS('',3,3,((#9093,#9094,#9095,#9096,#9097,
#9098),(#9099,#9100,#9101,#9102,#9103,#9104),(#9105,#9106,#9107,#9108,#9109,
#9110),(#9111,#9112,#9113,#9114,#9115,#9116),(#9117,#9118,#9119,#9120,#9121,
#9122)),.UNSPECIFIED.,.F.,.F.,.F.,(4,1,4),(4,1,1,4),(0.,0.571428571428571,
1.),(-1.5707963267949,-0.897597901025656,-0.448798950512828,-4.62592926927148E-16),
 .UNSPECIFIED.);
#5048=B_SPLINE_SURFACE_WITH_KNOTS('',3,3,((#9127,#9128,#9129,#9130,#9131,
#9132,#9133),(#9134,#9135,#9136,#9137,#9138,#9139,#9140),(#9141,#9142,#9143,
#9144,#9145,#9146,#9147),(#9148,#9149,#9150,#9151,#9152,#9153,#9154),(#9155,
#9156,#9157,#9158,#9159,#9160,#9161)),.UNSPECIFIED.,.F.,.F.,.F.,(4,1,4),
(4,1,1,1,4),(0.,0.571428571428571,1.),(-2.77555756156289E-17,0.448798950512828,
0.673198425769241,1.12199737628207,1.5707963267949),.UNSPECIFIED.);
#5049=B_SPLINE_SURFACE_WITH_KNOTS('',3,3,((#9456,#9457,#9458,#9459,#9460,
#9461,#9462,#9463,#9464,#9465),(#9466,#9467,#9468,#9469,#9470,#9471,#9472,
#9473,#9474,#9475),(#9476,#9477,#9478,#9479,#9480,#9481,#9482,#9483,#9484,
#9485),(#9486,#9487,#9488,#9489,#9490,#9491,#9492,#9493,#9494,#9495)),
 .UNSPECIFIED.,.F.,.F.,.F.,(4,4),(4,1,1,1,1,1,1,4),(0.,1.),(25.5117207358661,
25.8878284287103,26.2639361215546,26.4519899679767,26.6400438143989,27.0161515072431,
27.3922592000874,28.1444745857759),.UNSPECIFIED.);
#5050=B_SPLINE_SURFACE_WITH_KNOTS('',3,1,((#9543,#9544),(#9545,#9546),(#9547,
#9548),(#9549,#9550)),.UNSPECIFIED.,.F.,.F.,.F.,(4,4),(2,2),(0.0127539453306453,
3.23606365879846),(0.,29.4254168590281),.UNSPECIFIED.);
#5051=B_SPLINE_SURFACE_WITH_KNOTS('',3,3,((#9565,#9566,#9567,#9568),(#9569,
#9570,#9571,#9572),(#9573,#9574,#9575,#9576),(#9577,#9578,#9579,#9580),
(#9581,#9582,#9583,#9584)),.UNSPECIFIED.,.F.,.F.,.F.,(4,1,4),(4,4),(0.,
0.571428571428571,1.),(0.,20.0347668590281),.UNSPECIFIED.);
#5052=B_SPLINE_SURFACE_WITH_KNOTS('',3,3,((#9782,#9783,#9784,#9785,#9786,
#9787,#9788,#9789,#9790,#9791),(#9792,#9793,#9794,#9795,#9796,#9797,#9798,
#9799,#9800,#9801),(#9802,#9803,#9804,#9805,#9806,#9807,#9808,#9809,#9810,
#9811),(#9812,#9813,#9814,#9815,#9816,#9817,#9818,#9819,#9820,#9821),(#9822,
#9823,#9824,#9825,#9826,#9827,#9828,#9829,#9830,#9831)),.UNSPECIFIED.,.F.,
 .F.,.F.,(4,1,4),(4,1,1,1,1,1,1,4),(0.,0.571428571428571,1.),(0.,0.018590006163356,
0.037180012326712,0.0557700184900679,0.0743600246534239,0.0929500308167799,
0.111540036980136,0.130130043143492),.UNSPECIFIED.);
#5053=B_SPLINE_SURFACE_WITH_KNOTS('',3,3,((#9886,#9887,#9888,#9889,#9890,
#9891,#9892),(#9893,#9894,#9895,#9896,#9897,#9898,#9899),(#9900,#9901,#9902,
#9903,#9904,#9905,#9906),(#9907,#9908,#9909,#9910,#9911,#9912,#9913)),
 .UNSPECIFIED.,.F.,.F.,.F.,(4,4),(4,1,1,1,4),(0.,0.310758100902007),(-1.67242785854225E-15,
0.248677713620049,0.746033140860149,1.24338856810025,1.74074399534035),
 .UNSPECIFIED.);
#5054=B_SPLINE_SURFACE_WITH_KNOTS('',3,3,((#10020,#10021,#10022,#10023),
(#10024,#10025,#10026,#10027),(#10028,#10029,#10030,#10031),(#10032,#10033,
#10034,#10035),(#10036,#10037,#10038,#10039)),.UNSPECIFIED.,.F.,.F.,.F.,
(4,1,4),(4,4),(0.,0.571428571428571,1.),(-0.0770465483791672,2.21300567110456),
 .UNSPECIFIED.);
#5055=B_SPLINE_SURFACE_WITH_KNOTS('',3,3,((#10051,#10052,#10053,#10054),
(#10055,#10056,#10057,#10058),(#10059,#10060,#10061,#10062),(#10063,#10064,
#10065,#10066)),.UNSPECIFIED.,.F.,.F.,.F.,(4,4),(4,4),(-1.53632697937044E-15,
0.308610655307813),(1.89333830237693,2.87460467800059),.UNSPECIFIED.);
#5056=B_SPLINE_SURFACE_WITH_KNOTS('',3,3,((#10086,#10087,#10088,#10089),
(#10090,#10091,#10092,#10093),(#10094,#10095,#10096,#10097),(#10098,#10099,
#10100,#10101)),.UNSPECIFIED.,.F.,.F.,.F.,(4,4),(4,4),(0.,1.),(25.5109801658727,
25.5117207358661),.UNSPECIFIED.);
#5057=B_SPLINE_SURFACE_WITH_KNOTS('',3,3,((#10108,#10109,#10110,#10111),
(#10112,#10113,#10114,#10115),(#10116,#10117,#10118,#10119),(#10120,#10121,
#10122,#10123)),.UNSPECIFIED.,.F.,.F.,.F.,(4,4),(4,4),(0.,1.),(230.809840947552,
230.934263491799),.UNSPECIFIED.);
#5058=B_SPLINE_SURFACE_WITH_KNOTS('',3,3,((#10128,#10129,#10130,#10131),
(#10132,#10133,#10134,#10135),(#10136,#10137,#10138,#10139),(#10140,#10141,
#10142,#10143)),.UNSPECIFIED.,.F.,.F.,.F.,(4,4),(4,4),(0.,1.),(25.5109801658727,
25.5117207358661),.UNSPECIFIED.);
#5059=B_SPLINE_SURFACE_WITH_KNOTS('',3,3,((#10152,#10153,#10154,#10155),
(#10156,#10157,#10158,#10159),(#10160,#10161,#10162,#10163),(#10164,#10165,
#10166,#10167)),.UNSPECIFIED.,.F.,.F.,.F.,(4,4),(4,4),(0.,1.),(230.809840947552,
230.934263491799),.UNSPECIFIED.);
#5060=B_SPLINE_SURFACE_WITH_KNOTS('',3,3,((#10218,#10219,#10220,#10221),
(#10222,#10223,#10224,#10225),(#10226,#10227,#10228,#10229),(#10230,#10231,
#10232,#10233),(#10234,#10235,#10236,#10237)),.UNSPECIFIED.,.F.,.F.,.F.,
(4,1,4),(4,4),(0.,0.571428571428571,1.),(1.02400072156051,13.6429328563282),
 .UNSPECIFIED.);
#5061=B_SPLINE_SURFACE_WITH_KNOTS('',3,3,((#10303,#10304,#10305,#10306),
(#10307,#10308,#10309,#10310),(#10311,#10312,#10313,#10314),(#10315,#10316,
#10317,#10318)),.UNSPECIFIED.,.F.,.F.,.F.,(4,4),(4,4),(0.,0.310758100902002),
(0.012710111370399,0.169947668545452),.UNSPECIFIED.);
#5062=B_SPLINE_SURFACE_WITH_KNOTS('',3,3,((#10356,#10357,#10358,#10359),
(#10360,#10361,#10362,#10363),(#10364,#10365,#10366,#10367),(#10368,#10369,
#10370,#10371)),.UNSPECIFIED.,.F.,.F.,.F.,(4,4),(4,4),(0.,0.310758100902002),
(0.0127101113704008,0.169947668545452),.UNSPECIFIED.);
#5063=B_SPLINE_SURFACE_WITH_KNOTS('',3,3,((#10400,#10401,#10402,#10403),
(#10404,#10405,#10406,#10407),(#10408,#10409,#10410,#10411),(#10412,#10413,
#10414,#10415),(#10416,#10417,#10418,#10419)),.UNSPECIFIED.,.F.,.F.,.F.,
(4,1,4),(4,4),(0.,0.571428571428571,1.),(1.0240007215606,13.6429328563282),
 .UNSPECIFIED.);
#5064=B_SPLINE_SURFACE_WITH_KNOTS('',3,3,((#10465,#10466,#10467,#10468,
#10469,#10470,#10471,#10472,#10473,#10474),(#10475,#10476,#10477,#10478,
#10479,#10480,#10481,#10482,#10483,#10484),(#10485,#10486,#10487,#10488,
#10489,#10490,#10491,#10492,#10493,#10494),(#10495,#10496,#10497,#10498,
#10499,#10500,#10501,#10502,#10503,#10504),(#10505,#10506,#10507,#10508,
#10509,#10510,#10511,#10512,#10513,#10514)),.UNSPECIFIED.,.F.,.F.,.F.,(4,
1,4),(4,1,1,1,1,1,1,4),(0.,0.571428571428571,1.),(0.,0.018590006163356,
0.037180012326712,0.0557700184900679,0.0743600246534239,0.0929500308167799,
0.111540036980136,0.130130043143492),.UNSPECIFIED.);
#5065=B_SPLINE_SURFACE_WITH_KNOTS('',3,3,((#10555,#10556,#10557,#10558,
#10559,#10560,#10561),(#10562,#10563,#10564,#10565,#10566,#10567,#10568),
(#10569,#10570,#10571,#10572,#10573,#10574,#10575),(#10576,#10577,#10578,
#10579,#10580,#10581,#10582)),.UNSPECIFIED.,.F.,.F.,.F.,(4,4),(4,1,1,1,
4),(0.,0.310758100902007),(-1.67242785854225E-15,0.248677713620049,0.746033140860149,
1.24338856810025,1.74074399534035),.UNSPECIFIED.);
#5066=B_SPLINE_SURFACE_WITH_KNOTS('',3,3,((#10600,#10601,#10602,#10603,
#10604,#10605,#10606,#10607,#10608,#10609),(#10610,#10611,#10612,#10613,
#10614,#10615,#10616,#10617,#10618,#10619),(#10620,#10621,#10622,#10623,
#10624,#10625,#10626,#10627,#10628,#10629),(#10630,#10631,#10632,#10633,
#10634,#10635,#10636,#10637,#10638,#10639)),.UNSPECIFIED.,.F.,.F.,.F.,(4,
4),(4,1,1,1,1,1,1,4),(0.,1.),(25.5117207358661,25.8878284287103,26.2639361215546,
26.4519899679767,26.6400438143989,27.0161515072431,27.3922592000874,28.1444745857759),
 .UNSPECIFIED.);
#5067=B_SPLINE_SURFACE_WITH_KNOTS('',3,3,((#10655,#10656,#10657,#10658),
(#10659,#10660,#10661,#10662),(#10663,#10664,#10665,#10666),(#10667,#10668,
#10669,#10670)),.UNSPECIFIED.,.F.,.F.,.F.,(4,4),(4,4),(0.,0.310758100902001),
(0.,20.0347668590281),.UNSPECIFIED.);
#5068=B_SPLINE_SURFACE_WITH_KNOTS('',3,3,((#10680,#10681,#10682,#10683),
(#10684,#10685,#10686,#10687),(#10688,#10689,#10690,#10691),(#10692,#10693,
#10694,#10695)),.UNSPECIFIED.,.F.,.F.,.F.,(4,4),(4,4),(0.,0.310758100902001),
(0.,20.0347668590281),.UNSPECIFIED.);
#5069=B_SPLINE_SURFACE_WITH_KNOTS('',3,3,((#10714,#10715,#10716,#10717),
(#10718,#10719,#10720,#10721),(#10722,#10723,#10724,#10725),(#10726,#10727,
#10728,#10729),(#10730,#10731,#10732,#10733)),.UNSPECIFIED.,.F.,.F.,.F.,
(4,1,4),(4,4),(0.,0.571428571428571,1.),(0.,20.0347668590281),
 .UNSPECIFIED.);
#5070=B_SPLINE_SURFACE_WITH_KNOTS('',3,1,((#10743,#10744),(#10745,#10746),
(#10747,#10748),(#10749,#10750)),.UNSPECIFIED.,.F.,.F.,.F.,(4,4),(2,2),
(0.0127539453306453,3.23606365879846),(0.,29.4254168590281),
 .UNSPECIFIED.);
#5071=B_SPLINE_SURFACE_WITH_KNOTS('',3,3,((#10954,#10955,#10956,#10957),
(#10958,#10959,#10960,#10961),(#10962,#10963,#10964,#10965),(#10966,#10967,
#10968,#10969),(#10970,#10971,#10972,#10973),(#10974,#10975,#10976,#10977)),
 .UNSPECIFIED.,.F.,.F.,.F.,(4,1,1,4),(4,4),(0.,0.285714285714286,0.571428571428571,
1.),(3.082019822588E-15,4.46289147626109),.UNSPECIFIED.);
#5072=B_SPLINE_SURFACE_WITH_KNOTS('',3,3,((#10979,#10980,#10981,#10982,
#10983),(#10984,#10985,#10986,#10987,#10988),(#10989,#10990,#10991,#10992,
#10993),(#10994,#10995,#10996,#10997,#10998),(#10999,#11000,#11001,#11002,
#11003),(#11004,#11005,#11006,#11007,#11008)),.UNSPECIFIED.,.F.,.F.,.F.,
(4,1,1,4),(4,1,4),(0.,0.285714285714286,0.571428571428571,1.),(0.,1.28165075722054,
2.9905184335146),.UNSPECIFIED.);
#5073=B_SPLINE_SURFACE_WITH_KNOTS('',3,3,((#11012,#11013,#11014,#11015,
#11016),(#11017,#11018,#11019,#11020,#11021),(#11022,#11023,#11024,#11025,
#11026),(#11027,#11028,#11029,#11030,#11031),(#11032,#11033,#11034,#11035,
#11036),(#11037,#11038,#11039,#11040,#11041)),.UNSPECIFIED.,.F.,.F.,.F.,
(4,1,1,4),(4,1,4),(0.,0.285714285714286,0.571428571428571,1.),(2.1205104899104E-16,
1.28165073874038,2.99051839039423),.UNSPECIFIED.);
#5074=B_SPLINE_SURFACE_WITH_KNOTS('',3,3,((#11043,#11044,#11045,#11046),
(#11047,#11048,#11049,#11050),(#11051,#11052,#11053,#11054),(#11055,#11056,
#11057,#11058),(#11059,#11060,#11061,#11062),(#11063,#11064,#11065,#11066)),
 .UNSPECIFIED.,.F.,.F.,.F.,(4,1,1,4),(4,4),(0.,0.285714285714286,0.571428571428571,
1.),(7.10513098847122,11.5668194371298),.UNSPECIFIED.);
#5075=B_SPLINE_SURFACE_WITH_KNOTS('',3,3,((#11122,#11123,#11124,#11125),
(#11126,#11127,#11128,#11129),(#11130,#11131,#11132,#11133),(#11134,#11135,
#11136,#11137)),.UNSPECIFIED.,.F.,.F.,.F.,(4,4),(4,4),(0.,1.),(-1.5707963267949,
-1.11502557871104),.UNSPECIFIED.);
#5076=B_SPLINE_SURFACE_WITH_KNOTS('',3,3,((#11142,#11143,#11144,#11145,
#11146,#11147),(#11148,#11149,#11150,#11151,#11152,#11153),(#11154,#11155,
#11156,#11157,#11158,#11159),(#11160,#11161,#11162,#11163,#11164,#11165)),
 .UNSPECIFIED.,.F.,.F.,.F.,(4,4),(4,1,1,4),(0.,1.),(-1.11502557871181,-0.637157473549605,
-0.318578736774802,0.),.UNSPECIFIED.);
#5077=B_SPLINE_SURFACE_WITH_KNOTS('',3,3,((#11166,#11167,#11168,#11169),
(#11170,#11171,#11172,#11173),(#11174,#11175,#11176,#11177),(#11178,#11179,
#11180,#11181)),.UNSPECIFIED.,.F.,.F.,.F.,(4,4),(4,4),(0.,1.),(1.11502557871105,
1.5707963267949),.UNSPECIFIED.);
#5078=B_SPLINE_SURFACE_WITH_KNOTS('',3,3,((#11184,#11185,#11186,#11187,
#11188,#11189,#11190),(#11191,#11192,#11193,#11194,#11195,#11196,#11197),
(#11198,#11199,#11200,#11201,#11202,#11203,#11204),(#11205,#11206,#11207,
#11208,#11209,#11210,#11211)),.UNSPECIFIED.,.F.,.F.,.F.,(4,4),(4,1,1,1,
4),(0.,1.),(-1.52655665885959E-16,0.448798950512827,0.673198425769241,1.12199737628207,
1.5707963267949),.UNSPECIFIED.);
#5079=B_SPLINE_SURFACE_WITH_KNOTS('',3,3,((#11215,#11216,#11217,#11218,
#11219,#11220),(#11221,#11222,#11223,#11224,#11225,#11226),(#11227,#11228,
#11229,#11230,#11231,#11232),(#11233,#11234,#11235,#11236,#11237,#11238)),
 .UNSPECIFIED.,.F.,.F.,.F.,(4,4),(4,1,1,4),(0.,1.),(-1.5707963267949,-0.897597901025655,
-0.448798950512828,-7.93016446160825E-17),.UNSPECIFIED.);
#5080=B_SPLINE_SURFACE_WITH_KNOTS('',3,3,((#11239,#11240,#11241,#11242,
#11243,#11244,#11245),(#11246,#11247,#11248,#11249,#11250,#11251,#11252),
(#11253,#11254,#11255,#11256,#11257,#11258,#11259),(#11260,#11261,#11262,
#11263,#11264,#11265,#11266)),.UNSPECIFIED.,.F.,.F.,.F.,(4,4),(4,1,1,1,
4),(0.,1.),(5.55111512312578E-17,0.159289368387402,0.477868105162205,0.796446841937009,
1.11502557871181),.UNSPECIFIED.);
#5081=ADVANCED_FACE('',(#497),#5026,.F.);
#5082=ADVANCED_FACE('',(#498),#5027,.F.);
#5083=ADVANCED_FACE('',(#499),#489,.F.);
#5084=ADVANCED_FACE('',(#500),#185,.T.);
#5085=ADVANCED_FACE('',(#501),#5028,.T.);
#5086=ADVANCED_FACE('',(#502),#5029,.T.);
#5087=ADVANCED_FACE('',(#503),#186,.T.);
#5088=ADVANCED_FACE('',(#504),#187,.F.);
#5089=ADVANCED_FACE('',(#505),#5030,.T.);
#5090=ADVANCED_FACE('',(#506),#5031,.T.);
#5091=ADVANCED_FACE('',(#507),#188,.T.);
#5092=ADVANCED_FACE('',(#508),#189,.T.);
#5093=ADVANCED_FACE('',(#509),#190,.F.);
#5094=ADVANCED_FACE('',(#510),#191,.T.);
#5095=ADVANCED_FACE('',(#511),#192,.T.);
#5096=ADVANCED_FACE('',(#512),#490,.F.);
#5097=ADVANCED_FACE('',(#513),#165,.F.);
#5098=ADVANCED_FACE('',(#514,#114,#115,#116,#117,#118),#193,.T.);
#5099=ADVANCED_FACE('',(#515),#42,.F.);
#5100=ADVANCED_FACE('',(#516),#43,.F.);
#5101=ADVANCED_FACE('',(#517),#194,.T.);
#5102=ADVANCED_FACE('',(#518),#44,.F.);
#5103=ADVANCED_FACE('',(#519),#195,.T.);
#5104=ADVANCED_FACE('',(#520),#5032,.T.);
#5105=ADVANCED_FACE('',(#521),#31,.F.);
#5106=ADVANCED_FACE('',(#522),#5033,.T.);
#5107=ADVANCED_FACE('',(#523),#5034,.T.);
#5108=ADVANCED_FACE('',(#524),#196,.F.);
#5109=ADVANCED_FACE('',(#525),#197,.F.);
#5110=ADVANCED_FACE('',(#526),#5035,.T.);
#5111=ADVANCED_FACE('',(#527),#5036,.T.);
#5112=ADVANCED_FACE('',(#528),#5037,.T.);
#5113=ADVANCED_FACE('',(#529),#198,.T.);
#5114=ADVANCED_FACE('',(#530),#199,.F.);
#5115=ADVANCED_FACE('',(#531),#5038,.F.);
#5116=ADVANCED_FACE('',(#532),#45,.F.);
#5117=ADVANCED_FACE('',(#533),#200,.T.);
#5118=ADVANCED_FACE('',(#534),#46,.F.);
#5119=ADVANCED_FACE('',(#535),#201,.T.);
#5120=ADVANCED_FACE('',(#536),#47,.F.);
#5121=ADVANCED_FACE('',(#537),#202,.T.);
#5122=ADVANCED_FACE('',(#538),#48,.F.);
#5123=ADVANCED_FACE('',(#539),#203,.T.);
#5124=ADVANCED_FACE('',(#540),#166,.F.);
#5125=ADVANCED_FACE('',(#541),#49,.F.);
#5126=ADVANCED_FACE('',(#542),#5039,.T.);
#5127=ADVANCED_FACE('',(#543),#167,.F.);
#5128=ADVANCED_FACE('',(#544),#50,.F.);
#5129=ADVANCED_FACE('',(#545),#5040,.T.);
#5130=ADVANCED_FACE('',(#546),#5041,.T.);
#5131=ADVANCED_FACE('',(#547),#51,.F.);
#5132=ADVANCED_FACE('',(#548),#168,.F.);
#5133=ADVANCED_FACE('',(#549),#204,.T.);
#5134=ADVANCED_FACE('',(#550,#119,#120),#205,.T.);
#5135=ADVANCED_FACE('',(#551),#206,.F.);
#5136=ADVANCED_FACE('',(#552),#207,.F.);
#5137=ADVANCED_FACE('',(#553),#169,.F.);
#5138=ADVANCED_FACE('',(#554),#170,.F.);
#5139=ADVANCED_FACE('',(#555,#121,#122,#123),#208,.T.);
#5140=ADVANCED_FACE('',(#556),#209,.F.);
#5141=ADVANCED_FACE('',(#557),#210,.F.);
#5142=ADVANCED_FACE('',(#558),#211,.F.);
#5143=ADVANCED_FACE('',(#559),#212,.F.);
#5144=ADVANCED_FACE('',(#560),#213,.F.);
#5145=ADVANCED_FACE('',(#561),#171,.F.);
#5146=ADVANCED_FACE('',(#562),#214,.T.);
#5147=ADVANCED_FACE('',(#563),#215,.T.);
#5148=ADVANCED_FACE('',(#564),#216,.T.);
#5149=ADVANCED_FACE('',(#565),#217,.T.);
#5150=ADVANCED_FACE('',(#566),#218,.T.);
#5151=ADVANCED_FACE('',(#567),#219,.T.);
#5152=ADVANCED_FACE('',(#568),#220,.T.);
#5153=ADVANCED_FACE('',(#569),#52,.F.);
#5154=ADVANCED_FACE('',(#570),#53,.F.);
#5155=ADVANCED_FACE('',(#571),#54,.F.);
#5156=ADVANCED_FACE('',(#572,#124,#125),#221,.F.);
#5157=ADVANCED_FACE('',(#573),#172,.F.);
#5158=ADVANCED_FACE('',(#574),#55,.F.);
#5159=ADVANCED_FACE('',(#575),#173,.F.);
#5160=ADVANCED_FACE('',(#576),#56,.F.);
#5161=ADVANCED_FACE('',(#577),#174,.F.);
#5162=ADVANCED_FACE('',(#578),#57,.F.);
#5163=ADVANCED_FACE('',(#579),#175,.F.);
#5164=ADVANCED_FACE('',(#580),#58,.F.);
#5165=ADVANCED_FACE('',(#581),#5042,.T.);
#5166=ADVANCED_FACE('',(#582),#59,.F.);
#5167=ADVANCED_FACE('',(#583),#5043,.T.);
#5168=ADVANCED_FACE('',(#584),#60,.F.);
#5169=ADVANCED_FACE('',(#585),#5044,.T.);
#5170=ADVANCED_FACE('',(#586),#61,.F.);
#5171=ADVANCED_FACE('',(#587),#176,.F.);
#5172=ADVANCED_FACE('',(#588),#177,.F.);
#5173=ADVANCED_FACE('',(#589),#178,.F.);
#5174=ADVANCED_FACE('',(#590),#222,.F.);
#5175=ADVANCED_FACE('',(#591),#223,.T.);
#5176=ADVANCED_FACE('',(#592),#224,.F.);
#5177=ADVANCED_FACE('',(#593),#491,.T.);
#5178=ADVANCED_FACE('',(#594),#492,.F.);
#5179=ADVANCED_FACE('',(#595),#225,.F.);
#5180=ADVANCED_FACE('',(#596),#62,.F.);
#5181=ADVANCED_FACE('',(#597),#226,.F.);
#5182=ADVANCED_FACE('',(#598),#63,.F.);
#5183=ADVANCED_FACE('',(#599),#64,.T.);
#5184=ADVANCED_FACE('',(#600),#227,.T.);
#5185=ADVANCED_FACE('',(#601),#5045,.T.);
#5186=ADVANCED_FACE('',(#602),#65,.F.);
#5187=ADVANCED_FACE('',(#603),#5046,.T.);
#5188=ADVANCED_FACE('',(#604),#66,.F.);
#5189=ADVANCED_FACE('',(#605),#228,.F.);
#5190=ADVANCED_FACE('',(#606),#67,.F.);
#5191=ADVANCED_FACE('',(#607),#5047,.F.);
#5192=ADVANCED_FACE('',(#608),#68,.T.);
#5193=ADVANCED_FACE('',(#609),#5048,.F.);
#5194=ADVANCED_FACE('',(#610),#229,.F.);
#5195=ADVANCED_FACE('',(#611,#126,#127,#128,#129),#230,.T.);
#5196=ADVANCED_FACE('',(#612),#231,.T.);
#5197=ADVANCED_FACE('',(#613),#32,.F.);
#5198=ADVANCED_FACE('',(#614),#33,.F.);
#5199=ADVANCED_FACE('',(#615,#130),#232,.F.);
#5200=ADVANCED_FACE('',(#616),#179,.F.);
#5201=ADVANCED_FACE('',(#617),#69,.F.);
#5202=ADVANCED_FACE('',(#618),#34,.T.);
#5203=ADVANCED_FACE('',(#619),#35,.T.);
#5204=ADVANCED_FACE('',(#620),#36,.T.);
#5205=ADVANCED_FACE('',(#621),#37,.F.);
#5206=ADVANCED_FACE('',(#622),#70,.F.);
#5207=ADVANCED_FACE('',(#623),#180,.F.);
#5208=ADVANCED_FACE('',(#624,#131),#233,.F.);
#5209=ADVANCED_FACE('',(#625),#5049,.F.);
#5210=ADVANCED_FACE('',(#626),#234,.T.);
#5211=ADVANCED_FACE('',(#627,#132),#235,.T.);
#5212=ADVANCED_FACE('',(#628),#71,.T.);
#5213=ADVANCED_FACE('',(#629),#5050,.F.);
#5214=ADVANCED_FACE('',(#630),#5051,.T.);
#5215=ADVANCED_FACE('',(#631),#236,.T.);
#5216=ADVANCED_FACE('',(#632),#237,.T.);
#5217=ADVANCED_FACE('',(#633),#238,.T.);
#5218=ADVANCED_FACE('',(#634),#72,.F.);
#5219=ADVANCED_FACE('',(#635),#239,.T.);
#5220=ADVANCED_FACE('',(#636),#240,.T.);
#5221=ADVANCED_FACE('',(#637),#73,.F.);
#5222=ADVANCED_FACE('',(#638),#241,.T.);
#5223=ADVANCED_FACE('',(#639),#242,.T.);
#5224=ADVANCED_FACE('',(#640),#243,.T.);
#5225=ADVANCED_FACE('',(#641),#74,.F.);
#5226=ADVANCED_FACE('',(#642),#244,.T.);
#5227=ADVANCED_FACE('',(#643),#75,.F.);
#5228=ADVANCED_FACE('',(#644),#245,.T.);
#5229=ADVANCED_FACE('',(#645),#246,.T.);
#5230=ADVANCED_FACE('',(#646),#76,.T.);
#5231=ADVANCED_FACE('',(#647),#77,.F.);
#5232=ADVANCED_FACE('',(#648),#78,.T.);
#5233=ADVANCED_FACE('',(#649),#79,.F.);
#5234=ADVANCED_FACE('',(#650),#80,.T.);
#5235=ADVANCED_FACE('',(#651),#81,.F.);
#5236=ADVANCED_FACE('',(#652),#247,.T.);
#5237=ADVANCED_FACE('',(#653),#248,.T.);
#5238=ADVANCED_FACE('',(#654),#249,.T.);
#5239=ADVANCED_FACE('',(#655),#250,.T.);
#5240=ADVANCED_FACE('',(#656),#82,.F.);
#5241=ADVANCED_FACE('',(#657),#251,.T.);
#5242=ADVANCED_FACE('',(#658),#252,.T.);
#5243=ADVANCED_FACE('',(#659),#253,.T.);
#5244=ADVANCED_FACE('',(#660),#254,.T.);
#5245=ADVANCED_FACE('',(#661),#83,.F.);
#5246=ADVANCED_FACE('',(#662),#255,.T.);
#5247=ADVANCED_FACE('',(#663),#84,.F.);
#5248=ADVANCED_FACE('',(#664),#85,.T.);
#5249=ADVANCED_FACE('',(#665),#86,.T.);
#5250=ADVANCED_FACE('',(#666),#256,.T.);
#5251=ADVANCED_FACE('',(#667),#87,.F.);
#5252=ADVANCED_FACE('',(#668),#88,.F.);
#5253=ADVANCED_FACE('',(#669),#257,.T.);
#5254=ADVANCED_FACE('',(#670),#89,.T.);
#5255=ADVANCED_FACE('',(#671,#133,#134),#258,.T.);
#5256=ADVANCED_FACE('',(#672),#5052,.F.);
#5257=ADVANCED_FACE('',(#673),#38,.T.);
#5258=ADVANCED_FACE('',(#674),#5053,.T.);
#5259=ADVANCED_FACE('',(#675),#259,.F.);
#5260=ADVANCED_FACE('',(#676,#135,#136),#260,.T.);
#5261=ADVANCED_FACE('',(#677),#261,.T.);
#5262=ADVANCED_FACE('',(#678),#90,.F.);
#5263=ADVANCED_FACE('',(#679),#91,.F.);
#5264=ADVANCED_FACE('',(#680),#262,.T.);
#5265=ADVANCED_FACE('',(#681),#5054,.T.);
#5266=ADVANCED_FACE('',(#682),#263,.F.);
#5267=ADVANCED_FACE('',(#683),#5055,.T.);
#5268=ADVANCED_FACE('',(#684),#264,.T.);
#5269=ADVANCED_FACE('',(#685),#5056,.F.);
#5270=ADVANCED_FACE('',(#686),#5057,.F.);
#5271=ADVANCED_FACE('',(#687),#5058,.T.);
#5272=ADVANCED_FACE('',(#688),#5059,.T.);
#5273=ADVANCED_FACE('',(#689),#39,.T.);
#5274=ADVANCED_FACE('',(#690),#5060,.F.);
#5275=ADVANCED_FACE('',(#691),#5061,.T.);
#5276=ADVANCED_FACE('',(#692),#265,.F.);
#5277=ADVANCED_FACE('',(#693,#137,#138),#266,.F.);
#5278=ADVANCED_FACE('',(#694),#267,.F.);
#5279=ADVANCED_FACE('',(#695),#5062,.F.);
#5280=ADVANCED_FACE('',(#696),#5063,.T.);
#5281=ADVANCED_FACE('',(#697),#40,.F.);
#5282=ADVANCED_FACE('',(#698),#5064,.T.);
#5283=ADVANCED_FACE('',(#699),#41,.F.);
#5284=ADVANCED_FACE('',(#700),#5065,.F.);
#5285=ADVANCED_FACE('',(#701),#268,.F.);
#5286=ADVANCED_FACE('',(#702),#5066,.T.);
#5287=ADVANCED_FACE('',(#703),#5067,.F.);
#5288=ADVANCED_FACE('',(#704),#5068,.T.);
#5289=ADVANCED_FACE('',(#705),#5069,.F.);
#5290=ADVANCED_FACE('',(#706),#5070,.T.);
#5291=ADVANCED_FACE('',(#707),#92,.T.);
#5292=ADVANCED_FACE('',(#708,#139),#269,.T.);
#5293=ADVANCED_FACE('',(#709),#270,.T.);
#5294=ADVANCED_FACE('',(#710),#93,.F.);
#5295=ADVANCED_FACE('',(#711),#94,.F.);
#5296=ADVANCED_FACE('',(#712),#95,.F.);
#5297=ADVANCED_FACE('',(#713),#96,.F.);
#5298=ADVANCED_FACE('',(#714,#140),#271,.F.);
#5299=ADVANCED_FACE('',(#715),#272,.F.);
#5300=ADVANCED_FACE('',(#716),#273,.F.);
#5301=ADVANCED_FACE('',(#717),#274,.F.);
#5302=ADVANCED_FACE('',(#718),#275,.F.);
#5303=ADVANCED_FACE('',(#719),#276,.F.);
#5304=ADVANCED_FACE('',(#720),#277,.F.);
#5305=ADVANCED_FACE('',(#721,#141),#278,.F.);
#5306=ADVANCED_FACE('',(#722),#279,.F.);
#5307=ADVANCED_FACE('',(#723),#280,.F.);
#5308=ADVANCED_FACE('',(#724),#281,.F.);
#5309=ADVANCED_FACE('',(#725),#282,.F.);
#5310=ADVANCED_FACE('',(#726),#283,.F.);
#5311=ADVANCED_FACE('',(#727),#284,.F.);
#5312=ADVANCED_FACE('',(#728,#142),#285,.F.);
#5313=ADVANCED_FACE('',(#729),#286,.F.);
#5314=ADVANCED_FACE('',(#730),#287,.F.);
#5315=ADVANCED_FACE('',(#731),#288,.F.);
#5316=ADVANCED_FACE('',(#732),#289,.F.);
#5317=ADVANCED_FACE('',(#733),#290,.F.);
#5318=ADVANCED_FACE('',(#734),#291,.F.);
#5319=ADVANCED_FACE('',(#735,#143),#292,.F.);
#5320=ADVANCED_FACE('',(#736),#293,.F.);
#5321=ADVANCED_FACE('',(#737),#294,.F.);
#5322=ADVANCED_FACE('',(#738),#295,.F.);
#5323=ADVANCED_FACE('',(#739),#296,.F.);
#5324=ADVANCED_FACE('',(#740),#297,.F.);
#5325=ADVANCED_FACE('',(#741),#298,.F.);
#5326=ADVANCED_FACE('',(#742),#181,.T.);
#5327=ADVANCED_FACE('',(#743),#493,.T.);
#5328=ADVANCED_FACE('',(#744),#97,.T.);
#5329=ADVANCED_FACE('',(#745),#494,.T.);
#5330=ADVANCED_FACE('',(#746),#182,.T.);
#5331=ADVANCED_FACE('',(#747),#5071,.T.);
#5332=ADVANCED_FACE('',(#748),#5072,.T.);
#5333=ADVANCED_FACE('',(#749),#98,.F.);
#5334=ADVANCED_FACE('',(#750),#5073,.T.);
#5335=ADVANCED_FACE('',(#751),#5074,.T.);
#5336=ADVANCED_FACE('',(#752),#99,.T.);
#5337=ADVANCED_FACE('',(#753),#100,.F.);
#5338=ADVANCED_FACE('',(#754),#299,.F.);
#5339=ADVANCED_FACE('',(#755),#101,.F.);
#5340=ADVANCED_FACE('',(#756),#102,.T.);
#5341=ADVANCED_FACE('',(#757),#300,.T.);
#5342=ADVANCED_FACE('',(#758),#495,.T.);
#5343=ADVANCED_FACE('',(#759),#103,.T.);
#5344=ADVANCED_FACE('',(#760),#5075,.T.);
#5345=ADVANCED_FACE('',(#761),#301,.T.);
#5346=ADVANCED_FACE('',(#762),#5076,.T.);
#5347=ADVANCED_FACE('',(#763),#5077,.T.);
#5348=ADVANCED_FACE('',(#764),#5078,.T.);
#5349=ADVANCED_FACE('',(#765),#302,.T.);
#5350=ADVANCED_FACE('',(#766),#5079,.T.);
#5351=ADVANCED_FACE('',(#767),#5080,.T.);
#5352=ADVANCED_FACE('',(#768),#303,.T.);
#5353=ADVANCED_FACE('',(#769),#304,.T.);
#5354=ADVANCED_FACE('',(#770),#496,.F.);
#5355=ADVANCED_FACE('',(#771),#104,.F.);
#5356=ADVANCED_FACE('',(#772),#105,.F.);
#5357=ADVANCED_FACE('',(#773),#305,.F.);
#5358=ADVANCED_FACE('',(#774),#306,.F.);
#5359=ADVANCED_FACE('',(#775),#106,.F.);
#5360=ADVANCED_FACE('',(#776),#107,.T.);
#5361=ADVANCED_FACE('',(#777),#307,.T.);
#5362=ADVANCED_FACE('',(#778),#308,.T.);
#5363=ADVANCED_FACE('',(#779),#108,.F.);
#5364=ADVANCED_FACE('',(#780),#183,.F.);
#5365=ADVANCED_FACE('',(#781),#109,.F.);
#5366=ADVANCED_FACE('',(#782),#184,.F.);
#5367=ADVANCED_FACE('',(#783),#309,.T.);
#5368=ADVANCED_FACE('',(#784),#110,.F.);
#5369=ADVANCED_FACE('',(#785),#310,.T.);
#5370=ADVANCED_FACE('',(#786),#111,.F.);
#5371=ADVANCED_FACE('',(#787,#144,#145),#311,.T.);
#5372=ADVANCED_FACE('',(#788,#146,#147),#312,.F.);
#5373=ADVANCED_FACE('',(#789),#313,.T.);
#5374=ADVANCED_FACE('',(#790),#314,.F.);
#5375=ADVANCED_FACE('',(#791),#315,.F.);
#5376=ADVANCED_FACE('',(#792,#148,#149),#316,.T.);
#5377=ADVANCED_FACE('',(#793),#112,.F.);
#5378=ADVANCED_FACE('',(#794),#317,.F.);
#5379=ADVANCED_FACE('',(#795),#318,.F.);
#5380=ADVANCED_FACE('',(#796,#150,#151,#152,#153,#154,#155,#156,#157,#158,
#159,#160),#319,.F.);
#5381=ADVANCED_FACE('',(#797),#113,.F.);
#5382=ADVANCED_FACE('',(#798),#320,.F.);
#5383=ADVANCED_FACE('',(#799),#321,.F.);
#5384=ADVANCED_FACE('',(#800,#161,#162,#163,#164),#322,.F.);
#5385=CLOSED_SHELL('',(#5081,#5082,#5083,#5084,#5085,#5086,#5087,#5088,
#5089,#5090,#5091,#5092,#5093,#5094,#5095,#5096,#5097,#5098,#5099,#5100,
#5101,#5102,#5103,#5104,#5105,#5106,#5107,#5108,#5109,#5110,#5111,#5112,
#5113,#5114,#5115,#5116,#5117,#5118,#5119,#5120,#5121,#5122,#5123,#5124,
#5125,#5126,#5127,#5128,#5129,#5130,#5131,#5132,#5133,#5134,#5135,#5136,
#5137,#5138,#5139,#5140,#5141,#5142,#5143,#5144,#5145,#5146,#5147,#5148,
#5149,#5150,#5151,#5152,#5153,#5154,#5155,#5156,#5157,#5158,#5159,#5160,
#5161,#5162,#5163,#5164,#5165,#5166,#5167,#5168,#5169,#5170,#5171,#5172,
#5173,#5174,#5175,#5176,#5177,#5178,#5179,#5180,#5181,#5182,#5183,#5184,
#5185,#5186,#5187,#5188,#5189,#5190,#5191,#5192,#5193,#5194,#5195,#5196,
#5197,#5198,#5199,#5200,#5201,#5202,#5203,#5204,#5205,#5206,#5207,#5208,
#5209,#5210,#5211,#5212,#5213,#5214,#5215,#5216,#5217,#5218,#5219,#5220,
#5221,#5222,#5223,#5224,#5225,#5226,#5227,#5228,#5229,#5230,#5231,#5232,
#5233,#5234,#5235,#5236,#5237,#5238,#5239,#5240,#5241,#5242,#5243,#5244,
#5245,#5246,#5247,#5248,#5249,#5250,#5251,#5252,#5253,#5254,#5255,#5256,
#5257,#5258,#5259,#5260,#5261,#5262,#5263,#5264,#5265,#5266,#5267,#5268,
#5269,#5270,#5271,#5272,#5273,#5274,#5275,#5276,#5277,#5278,#5279,#5280,
#5281,#5282,#5283,#5284,#5285,#5286,#5287,#5288,#5289,#5290,#5291,#5292,
#5293,#5294,#5295,#5296,#5297,#5298,#5299,#5300,#5301,#5302,#5303,#5304,
#5305,#5306,#5307,#5308,#5309,#5310,#5311,#5312,#5313,#5314,#5315,#5316,
#5317,#5318,#5319,#5320,#5321,#5322,#5323,#5324,#5325,#5326,#5327,#5328,
#5329,#5330,#5331,#5332,#5333,#5334,#5335,#5336,#5337,#5338,#5339,#5340,
#5341,#5342,#5343,#5344,#5345,#5346,#5347,#5348,#5349,#5350,#5351,#5352,
#5353,#5354,#5355,#5356,#5357,#5358,#5359,#5360,#5361,#5362,#5363,#5364,
#5365,#5366,#5367,#5368,#5369,#5370,#5371,#5372,#5373,#5374,#5375,#5376,
#5377,#5378,#5379,#5380,#5381,#5382,#5383,#5384));
#5386=DERIVED_UNIT_ELEMENT(#5388,1.);
#5387=DERIVED_UNIT_ELEMENT(#11405,-3.);
#5388=(
MASS_UNIT()
NAMED_UNIT(*)
SI_UNIT(.KILO.,.GRAM.)
);
#5389=DERIVED_UNIT((#5386,#5387));
#5390=MEASURE_REPRESENTATION_ITEM('density measure',
POSITIVE_RATIO_MEASURE(7850.),#5389);
#5391=PROPERTY_DEFINITION_REPRESENTATION(#5396,#5393);
#5392=PROPERTY_DEFINITION_REPRESENTATION(#5397,#5394);
#5393=REPRESENTATION('material name',(#5395),#11402);
#5394=REPRESENTATION('density',(#5390),#11402);
#5395=DESCRIPTIVE_REPRESENTATION_ITEM('Steel','Steel');
#5396=PROPERTY_DEFINITION('material property','material name',#11412);
#5397=PROPERTY_DEFINITION('material property','density of part',#11412);
#5398=AXIS2_PLACEMENT_3D('',#7075,#5819,#5820);
#5399=AXIS2_PLACEMENT_3D('',#7164,#5823,#5824);
#5400=AXIS2_PLACEMENT_3D('',#7226,#5825,#5826);
#5401=AXIS2_PLACEMENT_3D('',#7228,#5827,#5828);
#5402=AXIS2_PLACEMENT_3D('',#7229,#5829,#5830);
#5403=AXIS2_PLACEMENT_3D('',#7230,#5831,#5832);
#5404=AXIS2_PLACEMENT_3D('',#7377,#5838,#5839);
#5405=AXIS2_PLACEMENT_3D('',#7380,#5842,#5843);
#5406=AXIS2_PLACEMENT_3D('',#7500,#5847,#5848);
#5407=AXIS2_PLACEMENT_3D('',#7506,#5852,#5853);
#5408=AXIS2_PLACEMENT_3D('',#7510,#5856,#5857);
#5409=AXIS2_PLACEMENT_3D('',#7512,#5859,#5860);
#5410=AXIS2_PLACEMENT_3D('',#7515,#5863,#5864);
#5411=AXIS2_PLACEMENT_3D('',#7561,#5878,#5879);
#5412=AXIS2_PLACEMENT_3D('',#7563,#5880,#5881);
#5413=AXIS2_PLACEMENT_3D('',#7565,#5882,#5883);
#5414=AXIS2_PLACEMENT_3D('',#7566,#5884,#5885);
#5415=AXIS2_PLACEMENT_3D('',#7567,#5886,#5887);
#5416=AXIS2_PLACEMENT_3D('',#7569,#5888,#5889);
#5417=AXIS2_PLACEMENT_3D('',#7572,#5891,#5892);
#5418=AXIS2_PLACEMENT_3D('',#7573,#5893,#5894);
#5419=AXIS2_PLACEMENT_3D('',#7638,#5898,#5899);
#5420=AXIS2_PLACEMENT_3D('',#7640,#5900,#5901);
#5421=AXIS2_PLACEMENT_3D('',#7642,#5902,#5903);
#5422=AXIS2_PLACEMENT_3D('',#7644,#5904,#5905);
#5423=AXIS2_PLACEMENT_3D('',#7645,#5906,#5907);
#5424=AXIS2_PLACEMENT_3D('',#7648,#5909,#5910);
#5425=AXIS2_PLACEMENT_3D('',#7649,#5911,#5912);
#5426=AXIS2_PLACEMENT_3D('',#7651,#5913,#5914);
#5427=AXIS2_PLACEMENT_3D('',#7654,#5916,#5917);
#5428=AXIS2_PLACEMENT_3D('',#7655,#5918,#5919);
#5429=AXIS2_PLACEMENT_3D('',#7656,#5920,#5921);
#5430=AXIS2_PLACEMENT_3D('',#7658,#5922,#5923);
#5431=AXIS2_PLACEMENT_3D('',#7661,#5925,#5926);
#5432=AXIS2_PLACEMENT_3D('',#7662,#5927,#5928);
#5433=AXIS2_PLACEMENT_3D('',#7732,#5929,#5930);
#5434=AXIS2_PLACEMENT_3D('',#7734,#5931,#5932);
#5435=AXIS2_PLACEMENT_3D('',#7812,#5933,#5934);
#5436=AXIS2_PLACEMENT_3D('',#7814,#5935,#5936);
#5437=AXIS2_PLACEMENT_3D('',#7816,#5937,#5938);
#5438=AXIS2_PLACEMENT_3D('',#7833,#5939,#5940);
#5439=AXIS2_PLACEMENT_3D('',#7852,#5941,#5942);
#5440=AXIS2_PLACEMENT_3D('',#7853,#5943,#5944);
#5441=AXIS2_PLACEMENT_3D('',#7959,#5945,#5946);
#5442=AXIS2_PLACEMENT_3D('',#7968,#5947,#5948);
#5443=AXIS2_PLACEMENT_3D('',#7970,#5950,#5951);
#5444=AXIS2_PLACEMENT_3D('',#7979,#5953,#5954);
#5445=AXIS2_PLACEMENT_3D('',#8006,#5955,#5956);
#5446=AXIS2_PLACEMENT_3D('',#8008,#5957,#5958);
#5447=AXIS2_PLACEMENT_3D('',#8011,#5960,#5961);
#5448=AXIS2_PLACEMENT_3D('',#8012,#5962,#5963);
#5449=AXIS2_PLACEMENT_3D('',#8013,#5964,#5965);
#5450=AXIS2_PLACEMENT_3D('',#8015,#5966,#5967);
#5451=AXIS2_PLACEMENT_3D('',#8018,#5969,#5970);
#5452=AXIS2_PLACEMENT_3D('',#8019,#5971,#5972);
#5453=AXIS2_PLACEMENT_3D('',#8020,#5973,#5974);
#5454=AXIS2_PLACEMENT_3D('',#8022,#5975,#5976);
#5455=AXIS2_PLACEMENT_3D('',#8025,#5978,#5979);
#5456=AXIS2_PLACEMENT_3D('',#8026,#5980,#5981);
#5457=AXIS2_PLACEMENT_3D('',#8027,#5982,#5983);
#5458=AXIS2_PLACEMENT_3D('',#8029,#5984,#5985);
#5459=AXIS2_PLACEMENT_3D('',#8032,#5987,#5988);
#5460=AXIS2_PLACEMENT_3D('',#8033,#5989,#5990);
#5461=AXIS2_PLACEMENT_3D('',#8034,#5991,#5992);
#5462=AXIS2_PLACEMENT_3D('',#8036,#5993,#5994);
#5463=AXIS2_PLACEMENT_3D('',#8039,#5996,#5997);
#5464=AXIS2_PLACEMENT_3D('',#8040,#5998,#5999);
#5465=AXIS2_PLACEMENT_3D('',#8143,#6002,#6003);
#5466=AXIS2_PLACEMENT_3D('',#8145,#6004,#6005);
#5467=AXIS2_PLACEMENT_3D('',#8148,#6007,#6008);
#5468=AXIS2_PLACEMENT_3D('',#8149,#6009,#6010);
#5469=AXIS2_PLACEMENT_3D('',#8353,#6014,#6015);
#5470=AXIS2_PLACEMENT_3D('',#8355,#6016,#6017);
#5471=AXIS2_PLACEMENT_3D('',#8357,#6019,#6020);
#5472=AXIS2_PLACEMENT_3D('',#8359,#6021,#6022);
#5473=AXIS2_PLACEMENT_3D('',#8361,#6024,#6025);
#5474=AXIS2_PLACEMENT_3D('',#8388,#6032,#6033);
#5475=AXIS2_PLACEMENT_3D('',#8390,#6034,#6035);
#5476=AXIS2_PLACEMENT_3D('',#8424,#6039,#6040);
#5477=AXIS2_PLACEMENT_3D('',#8426,#6041,#6042);
#5478=AXIS2_PLACEMENT_3D('',#8430,#6044,#6045);
#5479=AXIS2_PLACEMENT_3D('',#8443,#6052,#6053);
#5480=AXIS2_PLACEMENT_3D('',#8447,#6055,#6056);
#5481=AXIS2_PLACEMENT_3D('',#8463,#6064,#6065);
#5482=AXIS2_PLACEMENT_3D('',#8466,#6067,#6068);
#5483=AXIS2_PLACEMENT_3D('',#8471,#6070,#6071);
#5484=AXIS2_PLACEMENT_3D('',#8473,#6072,#6073);
#5485=AXIS2_PLACEMENT_3D('',#8475,#6074,#6075);
#5486=AXIS2_PLACEMENT_3D('',#8478,#6077,#6078);
#5487=AXIS2_PLACEMENT_3D('',#8483,#6080,#6081);
#5488=AXIS2_PLACEMENT_3D('',#8487,#6083,#6084);
#5489=AXIS2_PLACEMENT_3D('',#8489,#6085,#6086);
#5490=AXIS2_PLACEMENT_3D('',#8490,#6087,#6088);
#5491=AXIS2_PLACEMENT_3D('',#8491,#6089,#6090);
#5492=AXIS2_PLACEMENT_3D('',#8501,#6096,#6097);
#5493=AXIS2_PLACEMENT_3D('',#8507,#6101,#6102);
#5494=AXIS2_PLACEMENT_3D('',#8509,#6103,#6104);
#5495=AXIS2_PLACEMENT_3D('',#8512,#6106,#6107);
#5496=AXIS2_PLACEMENT_3D('',#8513,#6108,#6109);
#5497=AXIS2_PLACEMENT_3D('',#8515,#6110,#6111);
#5498=AXIS2_PLACEMENT_3D('',#8518,#6113,#6114);
#5499=AXIS2_PLACEMENT_3D('',#8519,#6115,#6116);
#5500=AXIS2_PLACEMENT_3D('',#8533,#6123,#6124);
#5501=AXIS2_PLACEMENT_3D('',#8534,#6125,#6126);
#5502=AXIS2_PLACEMENT_3D('',#8540,#6130,#6131);
#5503=AXIS2_PLACEMENT_3D('',#8545,#6135,#6136);
#5504=AXIS2_PLACEMENT_3D('',#8547,#6138,#6139);
#5505=AXIS2_PLACEMENT_3D('',#8549,#6141,#6142);
#5506=AXIS2_PLACEMENT_3D('',#8551,#6144,#6145);
#5507=AXIS2_PLACEMENT_3D('',#8554,#6147,#6148);
#5508=AXIS2_PLACEMENT_3D('',#8555,#6149,#6150);
#5509=AXIS2_PLACEMENT_3D('',#8559,#6153,#6154);
#5510=AXIS2_PLACEMENT_3D('',#8563,#6157,#6158);
#5511=AXIS2_PLACEMENT_3D('',#8565,#6160,#6161);
#5512=AXIS2_PLACEMENT_3D('',#8571,#6165,#6166);
#5513=AXIS2_PLACEMENT_3D('',#8574,#6169,#6170);
#5514=AXIS2_PLACEMENT_3D('',#8576,#6172,#6173);
#5515=AXIS2_PLACEMENT_3D('',#8584,#6178,#6179);
#5516=AXIS2_PLACEMENT_3D('',#8586,#6181,#6182);
#5517=AXIS2_PLACEMENT_3D('',#8588,#6184,#6185);
#5518=AXIS2_PLACEMENT_3D('',#8590,#6187,#6188);
#5519=AXIS2_PLACEMENT_3D('',#8597,#6193,#6194);
#5520=AXIS2_PLACEMENT_3D('',#8599,#6195,#6196);
#5521=AXIS2_PLACEMENT_3D('',#8600,#6197,#6198);
#5522=AXIS2_PLACEMENT_3D('',#8604,#6200,#6201);
#5523=AXIS2_PLACEMENT_3D('',#8605,#6202,#6203);
#5524=AXIS2_PLACEMENT_3D('',#8606,#6204,#6205);
#5525=AXIS2_PLACEMENT_3D('',#8609,#6207,#6208);
#5526=AXIS2_PLACEMENT_3D('',#8610,#6209,#6210);
#5527=AXIS2_PLACEMENT_3D('',#8613,#6212,#6213);
#5528=AXIS2_PLACEMENT_3D('',#8614,#6214,#6215);
#5529=AXIS2_PLACEMENT_3D('',#8617,#6217,#6218);
#5530=AXIS2_PLACEMENT_3D('',#8618,#6219,#6220);
#5531=AXIS2_PLACEMENT_3D('',#8620,#6221,#6222);
#5532=AXIS2_PLACEMENT_3D('',#8622,#6224,#6225);
#5533=AXIS2_PLACEMENT_3D('',#8625,#6227,#6228);
#5534=AXIS2_PLACEMENT_3D('',#8626,#6229,#6230);
#5535=AXIS2_PLACEMENT_3D('',#8628,#6231,#6232);
#5536=AXIS2_PLACEMENT_3D('',#8630,#6234,#6235);
#5537=AXIS2_PLACEMENT_3D('',#8633,#6237,#6238);
#5538=AXIS2_PLACEMENT_3D('',#8721,#6240,#6241);
#5539=AXIS2_PLACEMENT_3D('',#8723,#6242,#6243);
#5540=AXIS2_PLACEMENT_3D('',#8812,#6246,#6247);
#5541=AXIS2_PLACEMENT_3D('',#8814,#6248,#6249);
#5542=AXIS2_PLACEMENT_3D('',#8897,#6252,#6253);
#5543=AXIS2_PLACEMENT_3D('',#8899,#6254,#6255);
#5544=AXIS2_PLACEMENT_3D('',#8901,#6257,#6258);
#5545=AXIS2_PLACEMENT_3D('',#8903,#6260,#6261);
#5546=AXIS2_PLACEMENT_3D('',#8905,#6263,#6264);
#5547=AXIS2_PLACEMENT_3D('',#8907,#6266,#6267);
#5548=AXIS2_PLACEMENT_3D('',#8913,#6271,#6272);
#5549=AXIS2_PLACEMENT_3D('',#8915,#6273,#6274);
#5550=AXIS2_PLACEMENT_3D('',#8916,#6275,#6276);
#5551=AXIS2_PLACEMENT_3D('',#8918,#6277,#6278);
#5552=AXIS2_PLACEMENT_3D('',#8919,#6279,#6280);
#5553=AXIS2_PLACEMENT_3D('',#8921,#6281,#6282);
#5554=AXIS2_PLACEMENT_3D('',#8923,#6283,#6284);
#5555=AXIS2_PLACEMENT_3D('',#8925,#6285,#6286);
#5556=AXIS2_PLACEMENT_3D('',#8944,#6287,#6288);
#5557=AXIS2_PLACEMENT_3D('',#8945,#6289,#6290);
#5558=AXIS2_PLACEMENT_3D('',#8948,#6291,#6292);
#5559=AXIS2_PLACEMENT_3D('',#8950,#6293,#6294);
#5560=AXIS2_PLACEMENT_3D('',#8952,#6295,#6296);
#5561=AXIS2_PLACEMENT_3D('',#8953,#6297,#6298);
#5562=AXIS2_PLACEMENT_3D('',#8954,#6299,#6300);
#5563=AXIS2_PLACEMENT_3D('',#8960,#6304,#6305);
#5564=AXIS2_PLACEMENT_3D('',#8965,#6309,#6310);
#5565=AXIS2_PLACEMENT_3D('',#8967,#6311,#6312);
#5566=AXIS2_PLACEMENT_3D('',#8969,#6313,#6314);
#5567=AXIS2_PLACEMENT_3D('',#8971,#6316,#6317);
#5568=AXIS2_PLACEMENT_3D('',#8976,#6321,#6322);
#5569=AXIS2_PLACEMENT_3D('',#8979,#6325,#6326);
#5570=AXIS2_PLACEMENT_3D('',#8980,#6327,#6328);
#5571=AXIS2_PLACEMENT_3D('',#8983,#6330,#6331);
#5572=AXIS2_PLACEMENT_3D('',#8984,#6332,#6333);
#5573=AXIS2_PLACEMENT_3D('',#9030,#6338,#6339);
#5574=AXIS2_PLACEMENT_3D('',#9032,#6340,#6341);
#5575=AXIS2_PLACEMENT_3D('',#9034,#6342,#6343);
#5576=AXIS2_PLACEMENT_3D('',#9035,#6344,#6345);
#5577=AXIS2_PLACEMENT_3D('',#9036,#6346,#6347);
#5578=AXIS2_PLACEMENT_3D('',#9040,#6349,#6350);
#5579=AXIS2_PLACEMENT_3D('',#9079,#6352,#6353);
#5580=AXIS2_PLACEMENT_3D('',#9081,#6354,#6355);
#5581=AXIS2_PLACEMENT_3D('',#9082,#6356,#6357);
#5582=AXIS2_PLACEMENT_3D('',#9083,#6358,#6359);
#5583=AXIS2_PLACEMENT_3D('',#9085,#6360,#6361);
#5584=AXIS2_PLACEMENT_3D('',#9087,#6363,#6364);
#5585=AXIS2_PLACEMENT_3D('',#9091,#6367,#6368);
#5586=AXIS2_PLACEMENT_3D('',#9092,#6369,#6370);
#5587=AXIS2_PLACEMENT_3D('',#9123,#6371,#6372);
#5588=AXIS2_PLACEMENT_3D('',#9124,#6373,#6374);
#5589=AXIS2_PLACEMENT_3D('',#9125,#6375,#6376);
#5590=AXIS2_PLACEMENT_3D('',#9126,#6377,#6378);
#5591=AXIS2_PLACEMENT_3D('',#9162,#6379,#6380);
#5592=AXIS2_PLACEMENT_3D('',#9163,#6381,#6382);
#5593=AXIS2_PLACEMENT_3D('',#9212,#6388,#6389);
#5594=AXIS2_PLACEMENT_3D('',#9234,#6392,#6393);
#5595=AXIS2_PLACEMENT_3D('',#9236,#6394,#6395);
#5596=AXIS2_PLACEMENT_3D('',#9238,#6396,#6397);
#5597=AXIS2_PLACEMENT_3D('',#9240,#6398,#6399);
#5598=AXIS2_PLACEMENT_3D('',#9241,#6400,#6401);
#5599=AXIS2_PLACEMENT_3D('',#9256,#6402,#6403);
#5600=AXIS2_PLACEMENT_3D('',#9293,#6404,#6405);
#5601=AXIS2_PLACEMENT_3D('',#9312,#6406,#6407);
#5602=AXIS2_PLACEMENT_3D('',#9340,#6410,#6411);
#5603=AXIS2_PLACEMENT_3D('',#9341,#6412,#6413);
#5604=AXIS2_PLACEMENT_3D('',#9344,#6415,#6416);
#5605=AXIS2_PLACEMENT_3D('',#9345,#6417,#6418);
#5606=AXIS2_PLACEMENT_3D('',#9360,#6420,#6421);
#5607=AXIS2_PLACEMENT_3D('',#9390,#6422,#6423);
#5608=AXIS2_PLACEMENT_3D('',#9414,#6424,#6425);
#5609=AXIS2_PLACEMENT_3D('',#9433,#6426,#6427);
#5610=AXIS2_PLACEMENT_3D('',#9444,#6428,#6429);
#5611=AXIS2_PLACEMENT_3D('',#9446,#6430,#6431);
#5612=AXIS2_PLACEMENT_3D('',#9448,#6433,#6434);
#5613=AXIS2_PLACEMENT_3D('',#9450,#6435,#6436);
#5614=AXIS2_PLACEMENT_3D('',#9452,#6438,#6439);
#5615=AXIS2_PLACEMENT_3D('',#9513,#6443,#6444);
#5616=AXIS2_PLACEMENT_3D('',#9519,#6448,#6449);
#5617=AXIS2_PLACEMENT_3D('',#9521,#6450,#6451);
#5618=AXIS2_PLACEMENT_3D('',#9523,#6452,#6453);
#5619=AXIS2_PLACEMENT_3D('',#9525,#6454,#6455);
#5620=AXIS2_PLACEMENT_3D('',#9528,#6457,#6458);
#5621=AXIS2_PLACEMENT_3D('',#9531,#6459,#6460);
#5622=AXIS2_PLACEMENT_3D('',#9533,#6461,#6462);
#5623=AXIS2_PLACEMENT_3D('',#9535,#6463,#6464);
#5624=AXIS2_PLACEMENT_3D('',#9539,#6466,#6467);
#5625=AXIS2_PLACEMENT_3D('',#9541,#6469,#6470);
#5626=AXIS2_PLACEMENT_3D('',#9586,#6472,#6473);
#5627=AXIS2_PLACEMENT_3D('',#9596,#6474,#6475);
#5628=AXIS2_PLACEMENT_3D('',#9603,#6478,#6479);
#5629=AXIS2_PLACEMENT_3D('',#9605,#6481,#6482);
#5630=AXIS2_PLACEMENT_3D('',#9611,#6486,#6487);
#5631=AXIS2_PLACEMENT_3D('',#9615,#6490,#6491);
#5632=AXIS2_PLACEMENT_3D('',#9617,#6492,#6493);
#5633=AXIS2_PLACEMENT_3D('',#9619,#6495,#6496);
#5634=AXIS2_PLACEMENT_3D('',#9621,#6498,#6499);
#5635=AXIS2_PLACEMENT_3D('',#9630,#6504,#6505);
#5636=AXIS2_PLACEMENT_3D('',#9632,#6506,#6507);
#5637=AXIS2_PLACEMENT_3D('',#9634,#6508,#6509);
#5638=AXIS2_PLACEMENT_3D('',#9636,#6511,#6512);
#5639=AXIS2_PLACEMENT_3D('',#9642,#6516,#6517);
#5640=AXIS2_PLACEMENT_3D('',#9645,#6520,#6521);
#5641=AXIS2_PLACEMENT_3D('',#9646,#6522,#6523);
#5642=AXIS2_PLACEMENT_3D('',#9649,#6524,#6525);
#5643=AXIS2_PLACEMENT_3D('',#9653,#6527,#6528);
#5644=AXIS2_PLACEMENT_3D('',#9655,#6530,#6531);
#5645=AXIS2_PLACEMENT_3D('',#9661,#6535,#6536);
#5646=AXIS2_PLACEMENT_3D('',#9664,#6537,#6538);
#5647=AXIS2_PLACEMENT_3D('',#9668,#6540,#6541);
#5648=AXIS2_PLACEMENT_3D('',#9670,#6543,#6544);
#5649=AXIS2_PLACEMENT_3D('',#9673,#6547,#6548);
#5650=AXIS2_PLACEMENT_3D('',#9679,#6552,#6553);
#5651=AXIS2_PLACEMENT_3D('',#9682,#6554,#6555);
#5652=AXIS2_PLACEMENT_3D('',#9685,#6558,#6559);
#5653=AXIS2_PLACEMENT_3D('',#9687,#6560,#6561);
#5654=AXIS2_PLACEMENT_3D('',#9689,#6562,#6563);
#5655=AXIS2_PLACEMENT_3D('',#9691,#6565,#6566);
#5656=AXIS2_PLACEMENT_3D('',#9692,#6567,#6568);
#5657=AXIS2_PLACEMENT_3D('',#9693,#6569,#6570);
#5658=AXIS2_PLACEMENT_3D('',#9694,#6571,#6572);
#5659=AXIS2_PLACEMENT_3D('',#9696,#6573,#6574);
#5660=AXIS2_PLACEMENT_3D('',#9698,#6576,#6577);
#5661=AXIS2_PLACEMENT_3D('',#9699,#6578,#6579);
#5662=AXIS2_PLACEMENT_3D('',#9700,#6580,#6581);
#5663=AXIS2_PLACEMENT_3D('',#9703,#6582,#6583);
#5664=AXIS2_PLACEMENT_3D('',#9707,#6585,#6586);
#5665=AXIS2_PLACEMENT_3D('',#9709,#6588,#6589);
#5666=AXIS2_PLACEMENT_3D('',#9715,#6593,#6594);
#5667=AXIS2_PLACEMENT_3D('',#9721,#6598,#6599);
#5668=AXIS2_PLACEMENT_3D('',#9724,#6602,#6603);
#5669=AXIS2_PLACEMENT_3D('',#9725,#6604,#6605);
#5670=AXIS2_PLACEMENT_3D('',#9728,#6606,#6607);
#5671=AXIS2_PLACEMENT_3D('',#9732,#6609,#6610);
#5672=AXIS2_PLACEMENT_3D('',#9734,#6612,#6613);
#5673=AXIS2_PLACEMENT_3D('',#9740,#6617,#6618);
#5674=AXIS2_PLACEMENT_3D('',#9746,#6622,#6623);
#5675=AXIS2_PLACEMENT_3D('',#9749,#6626,#6627);
#5676=AXIS2_PLACEMENT_3D('',#9750,#6628,#6629);
#5677=AXIS2_PLACEMENT_3D('',#9753,#6630,#6631);
#5678=AXIS2_PLACEMENT_3D('',#9756,#6634,#6635);
#5679=AXIS2_PLACEMENT_3D('',#9760,#6638,#6639);
#5680=AXIS2_PLACEMENT_3D('',#9762,#6640,#6641);
#5681=AXIS2_PLACEMENT_3D('',#9764,#6643,#6644);
#5682=AXIS2_PLACEMENT_3D('',#9767,#6646,#6647);
#5683=AXIS2_PLACEMENT_3D('',#9768,#6648,#6649);
#5684=AXIS2_PLACEMENT_3D('',#9770,#6651,#6652);
#5685=AXIS2_PLACEMENT_3D('',#9774,#6655,#6656);
#5686=AXIS2_PLACEMENT_3D('',#9775,#6657,#6658);
#5687=AXIS2_PLACEMENT_3D('',#9776,#6659,#6660);
#5688=AXIS2_PLACEMENT_3D('',#9778,#6662,#6663);
#5689=AXIS2_PLACEMENT_3D('',#9780,#6665,#6666);
#5690=AXIS2_PLACEMENT_3D('',#9781,#6667,#6668);
#5691=AXIS2_PLACEMENT_3D('',#9834,#6669,#6670);
#5692=AXIS2_PLACEMENT_3D('',#9847,#6671,#6672);
#5693=AXIS2_PLACEMENT_3D('',#9931,#6675,#6676);
#5694=AXIS2_PLACEMENT_3D('',#9940,#6681,#6682);
#5695=AXIS2_PLACEMENT_3D('',#9941,#6683,#6684);
#5696=AXIS2_PLACEMENT_3D('',#9958,#6686,#6687);
#5697=AXIS2_PLACEMENT_3D('',#9976,#6689,#6690);
#5698=AXIS2_PLACEMENT_3D('',#10014,#6693,#6694);
#5699=AXIS2_PLACEMENT_3D('',#10019,#6695,#6696);
#5700=AXIS2_PLACEMENT_3D('',#10049,#6697,#6698);
#5701=AXIS2_PLACEMENT_3D('',#10050,#6699,#6700);
#5702=AXIS2_PLACEMENT_3D('',#10071,#6701,#6702);
#5703=AXIS2_PLACEMENT_3D('',#10342,#6706,#6707);
#5704=AXIS2_PLACEMENT_3D('',#10348,#6711,#6712);
#5705=AXIS2_PLACEMENT_3D('',#10352,#6715,#6716);
#5706=AXIS2_PLACEMENT_3D('',#10421,#6720,#6721);
#5707=AXIS2_PLACEMENT_3D('',#10598,#6723,#6724);
#5708=AXIS2_PLACEMENT_3D('',#10751,#6726,#6727);
#5709=AXIS2_PLACEMENT_3D('',#10753,#6728,#6729);
#5710=AXIS2_PLACEMENT_3D('',#10755,#6731,#6732);
#5711=AXIS2_PLACEMENT_3D('',#10757,#6734,#6735);
#5712=AXIS2_PLACEMENT_3D('',#10758,#6736,#6737);
#5713=AXIS2_PLACEMENT_3D('',#10761,#6739,#6740);
#5714=AXIS2_PLACEMENT_3D('',#10762,#6741,#6742);
#5715=AXIS2_PLACEMENT_3D('',#10765,#6744,#6745);
#5716=AXIS2_PLACEMENT_3D('',#10766,#6746,#6747);
#5717=AXIS2_PLACEMENT_3D('',#10769,#6749,#6750);
#5718=AXIS2_PLACEMENT_3D('',#10770,#6751,#6752);
#5719=AXIS2_PLACEMENT_3D('',#10773,#6754,#6755);
#5720=AXIS2_PLACEMENT_3D('',#10774,#6756,#6757);
#5721=AXIS2_PLACEMENT_3D('',#10787,#6764,#6765);
#5722=AXIS2_PLACEMENT_3D('',#10793,#6769,#6770);
#5723=AXIS2_PLACEMENT_3D('',#10797,#6773,#6774);
#5724=AXIS2_PLACEMENT_3D('',#10801,#6777,#6778);
#5725=AXIS2_PLACEMENT_3D('',#10805,#6781,#6782);
#5726=AXIS2_PLACEMENT_3D('',#10809,#6785,#6786);
#5727=AXIS2_PLACEMENT_3D('',#10811,#6788,#6789);
#5728=AXIS2_PLACEMENT_3D('',#10824,#6796,#6797);
#5729=AXIS2_PLACEMENT_3D('',#10830,#6801,#6802);
#5730=AXIS2_PLACEMENT_3D('',#10834,#6805,#6806);
#5731=AXIS2_PLACEMENT_3D('',#10838,#6809,#6810);
#5732=AXIS2_PLACEMENT_3D('',#10842,#6813,#6814);
#5733=AXIS2_PLACEMENT_3D('',#10846,#6817,#6818);
#5734=AXIS2_PLACEMENT_3D('',#10848,#6820,#6821);
#5735=AXIS2_PLACEMENT_3D('',#10861,#6828,#6829);
#5736=AXIS2_PLACEMENT_3D('',#10867,#6833,#6834);
#5737=AXIS2_PLACEMENT_3D('',#10871,#6837,#6838);
#5738=AXIS2_PLACEMENT_3D('',#10875,#6841,#6842);
#5739=AXIS2_PLACEMENT_3D('',#10879,#6845,#6846);
#5740=AXIS2_PLACEMENT_3D('',#10883,#6849,#6850);
#5741=AXIS2_PLACEMENT_3D('',#10885,#6852,#6853);
#5742=AXIS2_PLACEMENT_3D('',#10898,#6860,#6861);
#5743=AXIS2_PLACEMENT_3D('',#10904,#6865,#6866);
#5744=AXIS2_PLACEMENT_3D('',#10908,#6869,#6870);
#5745=AXIS2_PLACEMENT_3D('',#10912,#6873,#6874);
#5746=AXIS2_PLACEMENT_3D('',#10916,#6877,#6878);
#5747=AXIS2_PLACEMENT_3D('',#10920,#6881,#6882);
#5748=AXIS2_PLACEMENT_3D('',#10922,#6884,#6885);
#5749=AXIS2_PLACEMENT_3D('',#10928,#6886,#6887);
#5750=AXIS2_PLACEMENT_3D('',#10929,#6888,#6889);
#5751=AXIS2_PLACEMENT_3D('',#10936,#6890,#6891);
#5752=AXIS2_PLACEMENT_3D('',#10937,#6892,#6893);
#5753=AXIS2_PLACEMENT_3D('',#10940,#6895,#6896);
#5754=AXIS2_PLACEMENT_3D('',#10941,#6897,#6898);
#5755=AXIS2_PLACEMENT_3D('',#10948,#6899,#6900);
#5756=AXIS2_PLACEMENT_3D('',#10949,#6901,#6902);
#5757=AXIS2_PLACEMENT_3D('',#10978,#6903,#6904);
#5758=AXIS2_PLACEMENT_3D('',#11009,#6905,#6906);
#5759=AXIS2_PLACEMENT_3D('',#11010,#6907,#6908);
#5760=AXIS2_PLACEMENT_3D('',#11011,#6909,#6910);
#5761=AXIS2_PLACEMENT_3D('',#11042,#6911,#6912);
#5762=AXIS2_PLACEMENT_3D('',#11067,#6913,#6914);
#5763=AXIS2_PLACEMENT_3D('',#11076,#6916,#6917);
#5764=AXIS2_PLACEMENT_3D('',#11091,#6919,#6920);
#5765=AXIS2_PLACEMENT_3D('',#11095,#6923,#6924);
#5766=AXIS2_PLACEMENT_3D('',#11109,#6926,#6927);
#5767=AXIS2_PLACEMENT_3D('',#11117,#6928,#6929);
#5768=AXIS2_PLACEMENT_3D('',#11118,#6930,#6931);
#5769=AXIS2_PLACEMENT_3D('',#11119,#6932,#6933);
#5770=AXIS2_PLACEMENT_3D('',#11120,#6934,#6935);
#5771=AXIS2_PLACEMENT_3D('',#11121,#6936,#6937);
#5772=AXIS2_PLACEMENT_3D('',#11140,#6940,#6941);
#5773=AXIS2_PLACEMENT_3D('',#11213,#6946,#6947);
#5774=AXIS2_PLACEMENT_3D('',#11268,#6950,#6951);
#5775=AXIS2_PLACEMENT_3D('',#11270,#6953,#6954);
#5776=AXIS2_PLACEMENT_3D('',#11271,#6955,#6956);
#5777=AXIS2_PLACEMENT_3D('',#11298,#6957,#6958);
#5778=AXIS2_PLACEMENT_3D('',#11299,#6959,#6960);
#5779=AXIS2_PLACEMENT_3D('',#11300,#6961,#6962);
#5780=AXIS2_PLACEMENT_3D('',#11302,#6964,#6965);
#5781=AXIS2_PLACEMENT_3D('',#11303,#6966,#6967);
#5782=AXIS2_PLACEMENT_3D('',#11304,#6968,#6969);
#5783=AXIS2_PLACEMENT_3D('',#11305,#6970,#6971);
#5784=AXIS2_PLACEMENT_3D('',#11307,#6972,#6973);
#5785=AXIS2_PLACEMENT_3D('',#11308,#6974,#6975);
#5786=AXIS2_PLACEMENT_3D('',#11310,#6976,#6977);
#5787=AXIS2_PLACEMENT_3D('',#11311,#6978,#6979);
#5788=AXIS2_PLACEMENT_3D('',#11313,#6980,#6981);
#5789=AXIS2_PLACEMENT_3D('',#11315,#6983,#6984);
#5790=AXIS2_PLACEMENT_3D('',#11317,#6985,#6986);
#5791=AXIS2_PLACEMENT_3D('',#11319,#6988,#6989);
#5792=AXIS2_PLACEMENT_3D('',#11321,#6990,#6991);
#5793=AXIS2_PLACEMENT_3D('',#11323,#6993,#6994);
#5794=AXIS2_PLACEMENT_3D('',#11325,#6995,#6996);
#5795=AXIS2_PLACEMENT_3D('',#11327,#6998,#6999);
#5796=AXIS2_PLACEMENT_3D('',#11329,#7000,#7001);
#5797=AXIS2_PLACEMENT_3D('',#11330,#7002,#7003);
#5798=AXIS2_PLACEMENT_3D('',#11332,#7005,#7006);
#5799=AXIS2_PLACEMENT_3D('',#11334,#7007,#7008);
#5800=AXIS2_PLACEMENT_3D('',#11335,#7009,#7010);
#5801=AXIS2_PLACEMENT_3D('',#11337,#7012,#7013);
#5802=AXIS2_PLACEMENT_3D('',#11343,#7016,#7017);
#5803=AXIS2_PLACEMENT_3D('',#11347,#7020,#7021);
#5804=AXIS2_PLACEMENT_3D('',#11350,#7022,#7023);
#5805=AXIS2_PLACEMENT_3D('',#11357,#7028,#7029);
#5806=AXIS2_PLACEMENT_3D('',#11363,#7033,#7034);
#5807=AXIS2_PLACEMENT_3D('',#11365,#7036,#7037);
#5808=AXIS2_PLACEMENT_3D('',#11369,#7040,#7041);
#5809=AXIS2_PLACEMENT_3D('',#11373,#7044,#7045);
#5810=AXIS2_PLACEMENT_3D('',#11375,#7046,#7047);
#5811=AXIS2_PLACEMENT_3D('',#11377,#7049,#7050);
#5812=AXIS2_PLACEMENT_3D('',#11383,#7054,#7055);
#5813=AXIS2_PLACEMENT_3D('',#11387,#7058,#7059);
#5814=AXIS2_PLACEMENT_3D('',#11393,#7063,#7064);
#5815=AXIS2_PLACEMENT_3D('',#11394,#7065,#7066);
#5816=AXIS2_PLACEMENT_3D('',#11395,#7067,#7068);
#5817=AXIS2_PLACEMENT_3D('',#11397,#7070,#7071);
#5818=AXIS2_PLACEMENT_3D('',#11399,#7073,#7074);
#5819=DIRECTION('axis',(0.,0.,1.));
#5820=DIRECTION('refdir',(1.,0.,0.));
#5821=DIRECTION('',(0.,0.,-1.));
#5822=DIRECTION('',(0.,0.,-1.));
#5823=DIRECTION('center_axis',(0.,0.,1.));
#5824=DIRECTION('ref_axis',(1.,0.,0.));
#5825=DIRECTION('center_axis',(0.,0.,1.));
#5826=DIRECTION('ref_axis',(9.47390314346789E-15,-1.,0.));
#5827=DIRECTION('center_axis',(1.,0.,0.));
#5828=DIRECTION('ref_axis',(0.,-1.,0.));
#5829=DIRECTION('center_axis',(0.,0.,1.));
#5830=DIRECTION('ref_axis',(2.2920733411616E-15,-1.,0.));
#5831=DIRECTION('center_axis',(-4.63397436365283E-15,0.,1.));
#5832=DIRECTION('ref_axis',(0.,-1.,0.));
#5833=DIRECTION('',(0.707106781186548,0.707106781186547,3.27671469638354E-15));
#5834=DIRECTION('',(1.,0.,4.63397436365283E-15));
#5835=DIRECTION('',(0.,-1.,0.));
#5836=DIRECTION('',(1.,0.,4.63397436365283E-15));
#5837=DIRECTION('',(-1.,0.,0.));
#5838=DIRECTION('center_axis',(0.,-1.,0.));
#5839=DIRECTION('ref_axis',(4.83351712864411E-15,0.,-1.));
#5840=DIRECTION('',(0.,0.,1.));
#5841=DIRECTION('',(4.83351712864411E-15,0.,-1.));
#5842=DIRECTION('center_axis',(-1.,0.,-4.83351712864411E-15));
#5843=DIRECTION('ref_axis',(4.83351712864411E-15,0.,-1.));
#5844=DIRECTION('',(4.83351712864411E-15,4.83351712864411E-15,-1.));
#5845=DIRECTION('',(1.,0.,5.02013889395724E-15));
#5846=DIRECTION('',(1.,0.,0.));
#5847=DIRECTION('center_axis',(0.,-1.,0.));
#5848=DIRECTION('ref_axis',(4.83351712864411E-15,0.,-1.));
#5849=DIRECTION('',(0.,0.,1.));
#5850=DIRECTION('',(1.,0.,5.02013889395724E-15));
#5851=DIRECTION('',(4.83351712864411E-15,0.,-1.));
#5852=DIRECTION('center_axis',(5.02013889395724E-15,0.,-1.));
#5853=DIRECTION('ref_axis',(0.,1.,0.));
#5854=DIRECTION('',(-0.707106781186548,-0.707106781186547,-3.5497742544155E-15));
#5855=DIRECTION('',(0.,1.,0.));
#5856=DIRECTION('center_axis',(-1.,0.,-4.83351712864411E-15));
#5857=DIRECTION('ref_axis',(4.83351712864411E-15,0.,-1.));
#5858=DIRECTION('',(4.83351712864411E-15,4.83351712864411E-15,-1.));
#5859=DIRECTION('center_axis',(-0.789163919453909,0.614182634264552,0.));
#5860=DIRECTION('ref_axis',(-0.614182634264552,-0.789163919453909,0.));
#5861=DIRECTION('',(0.,0.,1.));
#5862=DIRECTION('',(0.,0.,-1.));
#5863=DIRECTION('center_axis',(0.,1.,0.));
#5864=DIRECTION('ref_axis',(-1.,0.,0.));
#5865=DIRECTION('',(0.,0.,-1.));
#5866=DIRECTION('',(-1.,0.,0.));
#5867=DIRECTION('',(0.,0.,1.));
#5868=DIRECTION('',(-1.,0.,0.));
#5869=DIRECTION('',(0.,0.,-1.));
#5870=DIRECTION('',(1.,0.,0.));
#5871=DIRECTION('',(0.,0.,1.));
#5872=DIRECTION('',(-1.,0.,0.));
#5873=DIRECTION('',(0.,0.,-1.));
#5874=DIRECTION('',(-1.,0.,0.));
#5875=DIRECTION('',(0.,0.,1.));
#5876=DIRECTION('',(1.,0.,0.));
#5877=DIRECTION('',(0.,0.,1.));
#5878=DIRECTION('center_axis',(0.,0.,1.));
#5879=DIRECTION('ref_axis',(1.,0.,0.));
#5880=DIRECTION('center_axis',(0.,0.,1.));
#5881=DIRECTION('ref_axis',(2.2920733411616E-15,-1.,0.));
#5882=DIRECTION('center_axis',(1.,0.,0.));
#5883=DIRECTION('ref_axis',(0.,0.,-1.));
#5884=DIRECTION('center_axis',(0.,0.,1.));
#5885=DIRECTION('ref_axis',(9.47390314346789E-15,-1.,0.));
#5886=DIRECTION('center_axis',(0.0871557427476674,0.996194698091745,0.));
#5887=DIRECTION('ref_axis',(-0.996194698091745,0.0871557427476582,0.));
#5888=DIRECTION('center_axis',(0.0871557427476582,0.996194698091746,0.));
#5889=DIRECTION('ref_axis',(-0.996194698091745,0.0871557427476582,0.));
#5890=DIRECTION('',(-0.76604444311897,-0.64278760968655,8.65956056235474E-17));
#5891=DIRECTION('center_axis',(-0.0871557427476582,-0.996194698091746,0.));
#5892=DIRECTION('ref_axis',(-0.996194698091745,0.0871557427476581,0.));
#5893=DIRECTION('center_axis',(0.0871557427476582,0.996194698091746,0.));
#5894=DIRECTION('ref_axis',(0.,0.,1.));
#5895=DIRECTION('',(0.996194698091746,-0.0871557427476582,0.));
#5896=DIRECTION('',(0.,0.,-1.));
#5897=DIRECTION('',(0.996194698091746,-0.0871557427476582,0.));
#5898=DIRECTION('center_axis',(0.0871557427476582,0.996194698091746,0.));
#5899=DIRECTION('ref_axis',(0.996194698091745,-0.0871557427476582,0.));
#5900=DIRECTION('center_axis',(0.0871557427476582,0.996194698091746,0.));
#5901=DIRECTION('ref_axis',(-0.996194698091745,0.0871557427476582,0.));
#5902=DIRECTION('center_axis',(0.0871557427476582,0.996194698091746,0.));
#5903=DIRECTION('ref_axis',(-0.996194698091745,0.0871557427476582,0.));
#5904=DIRECTION('center_axis',(0.0871557427476582,0.996194698091746,0.));
#5905=DIRECTION('ref_axis',(-0.996194698091745,0.0871557427476582,0.));
#5906=DIRECTION('center_axis',(-0.0871557427476581,-0.996194698091746,0.));
#5907=DIRECTION('ref_axis',(-0.996194698091745,0.0871557427476581,0.));
#5908=DIRECTION('',(-0.0871557427476582,-0.996194698091746,0.));
#5909=DIRECTION('center_axis',(0.0871557427476582,0.996194698091746,0.));
#5910=DIRECTION('ref_axis',(-0.996194698091745,0.0871557427476582,0.));
#5911=DIRECTION('center_axis',(0.,0.,-1.));
#5912=DIRECTION('ref_axis',(-1.,0.,0.));
#5913=DIRECTION('center_axis',(0.,0.,-1.));
#5914=DIRECTION('ref_axis',(-1.,0.,0.));
#5915=DIRECTION('',(0.,0.,-1.));
#5916=DIRECTION('center_axis',(0.,0.,-1.));
#5917=DIRECTION('ref_axis',(-1.,0.,0.));
#5918=DIRECTION('center_axis',(0.,0.,1.));
#5919=DIRECTION('ref_axis',(-1.,0.,0.));
#5920=DIRECTION('center_axis',(0.,0.,1.));
#5921=DIRECTION('ref_axis',(1.,0.,0.));
#5922=DIRECTION('center_axis',(0.,0.,1.));
#5923=DIRECTION('ref_axis',(1.,0.,0.));
#5924=DIRECTION('',(0.,0.,1.));
#5925=DIRECTION('center_axis',(0.,0.,1.));
#5926=DIRECTION('ref_axis',(1.,0.,0.));
#5927=DIRECTION('center_axis',(0.,0.,-1.));
#5928=DIRECTION('ref_axis',(1.,0.,0.));
#5929=DIRECTION('center_axis',(0.,-1.,0.));
#5930=DIRECTION('ref_axis',(1.,0.,0.));
#5931=DIRECTION('center_axis',(0.,-1.,0.));
#5932=DIRECTION('ref_axis',(1.,0.,0.));
#5933=DIRECTION('center_axis',(0.,-1.,0.));
#5934=DIRECTION('ref_axis',(1.,0.,0.));
#5935=DIRECTION('center_axis',(-1.55959950757533E-15,1.,1.99871285095292E-16));
#5936=DIRECTION('ref_axis',(1.,1.56439562348123E-15,-1.96116262943662E-15));
#5937=DIRECTION('center_axis',(-1.55959950757533E-15,1.,1.99871285095292E-16));
#5938=DIRECTION('ref_axis',(1.,1.56439562348123E-15,-1.96116262943662E-15));
#5939=DIRECTION('center_axis',(0.,-1.,0.));
#5940=DIRECTION('ref_axis',(1.,0.,0.));
#5941=DIRECTION('center_axis',(1.55959950757533E-15,-1.,1.99871285095292E-16));
#5942=DIRECTION('ref_axis',(1.,1.56439562348123E-15,1.96116262943662E-15));
#5943=DIRECTION('center_axis',(1.55959950757533E-15,-1.,1.99871285095292E-16));
#5944=DIRECTION('ref_axis',(1.,1.56439562348123E-15,1.96116262943662E-15));
#5945=DIRECTION('center_axis',(0.0616284167162194,0.704416026402759,-0.707106781186547));
#5946=DIRECTION('ref_axis',(-0.996223440096615,0.,-0.0868265938642478));
#5947=DIRECTION('center_axis',(0.0616284167162194,0.704416026402759,-0.707106781186547));
#5948=DIRECTION('ref_axis',(0.0616284167162192,0.704416026402758,0.707106781186548));
#5949=DIRECTION('',(-0.996194698091746,0.0871557427476582,0.));
#5950=DIRECTION('center_axis',(-0.0616284167162194,-0.704416026402759,-0.707106781186547));
#5951=DIRECTION('ref_axis',(-0.996223440096615,0.,0.0868265938642478));
#5952=DIRECTION('',(-0.996194698091746,0.0871557427476582,0.));
#5953=DIRECTION('center_axis',(-0.0616284167162194,-0.704416026402759,-0.707106781186547));
#5954=DIRECTION('ref_axis',(0.0616284167162192,0.704416026402758,-0.707106781186548));
#5955=DIRECTION('center_axis',(-0.996194698091746,0.0871557427476588,0.));
#5956=DIRECTION('ref_axis',(0.0871557427476588,0.996194698091745,0.));
#5957=DIRECTION('center_axis',(1.,0.,0.));
#5958=DIRECTION('ref_axis',(0.,1.,0.));
#5959=DIRECTION('',(-0.996194698091745,0.0871557427476588,0.));
#5960=DIRECTION('center_axis',(-0.996194698091745,0.087155742747659,0.));
#5961=DIRECTION('ref_axis',(0.0871557427476588,0.996194698091745,0.));
#5962=DIRECTION('center_axis',(0.996194698091745,-0.087155742747659,0.));
#5963=DIRECTION('ref_axis',(0.087155742747659,0.996194698091746,0.));
#5964=DIRECTION('center_axis',(-0.996194698091746,0.0871557427476588,0.));
#5965=DIRECTION('ref_axis',(0.0871557427476588,0.996194698091745,0.));
#5966=DIRECTION('center_axis',(1.,0.,0.));
#5967=DIRECTION('ref_axis',(0.,1.,0.));
#5968=DIRECTION('',(-0.996194698091745,0.0871557427476588,0.));
#5969=DIRECTION('center_axis',(-0.996194698091745,0.087155742747659,0.));
#5970=DIRECTION('ref_axis',(0.0871557427476588,0.996194698091745,0.));
#5971=DIRECTION('center_axis',(0.996194698091745,-0.087155742747659,0.));
#5972=DIRECTION('ref_axis',(0.087155742747659,0.996194698091746,0.));
#5973=DIRECTION('center_axis',(-0.996194698091746,0.0871557427476588,0.));
#5974=DIRECTION('ref_axis',(0.0871557427476588,0.996194698091745,0.));
#5975=DIRECTION('center_axis',(1.,0.,0.));
#5976=DIRECTION('ref_axis',(0.,1.,0.));
#5977=DIRECTION('',(-0.996194698091745,0.0871557427476588,0.));
#5978=DIRECTION('center_axis',(-0.996194698091745,0.087155742747659,0.));
#5979=DIRECTION('ref_axis',(0.0871557427476588,0.996194698091745,0.));
#5980=DIRECTION('center_axis',(0.996194698091745,-0.087155742747659,0.));
#5981=DIRECTION('ref_axis',(0.087155742747659,0.996194698091746,0.));
#5982=DIRECTION('center_axis',(-0.996194698091746,0.0871557427476588,0.));
#5983=DIRECTION('ref_axis',(0.0871557427476588,0.996194698091745,0.));
#5984=DIRECTION('center_axis',(1.,0.,0.));
#5985=DIRECTION('ref_axis',(0.,1.,0.));
#5986=DIRECTION('',(-0.996194698091745,0.0871557427476588,0.));
#5987=DIRECTION('center_axis',(-0.996194698091745,0.087155742747659,0.));
#5988=DIRECTION('ref_axis',(0.0871557427476588,0.996194698091745,0.));
#5989=DIRECTION('center_axis',(0.996194698091745,-0.087155742747659,0.));
#5990=DIRECTION('ref_axis',(0.087155742747659,0.996194698091746,0.));
#5991=DIRECTION('center_axis',(-0.0871557427476622,-0.996194698091745,0.));
#5992=DIRECTION('ref_axis',(-0.996194698091746,0.0871557427476582,0.));
#5993=DIRECTION('center_axis',(0.0871557427476582,0.996194698091746,0.));
#5994=DIRECTION('ref_axis',(-0.996194698091746,0.0871557427476581,0.));
#5995=DIRECTION('',(0.642787609686549,-0.76604444311897,-8.65956056235508E-17));
#5996=DIRECTION('center_axis',(0.0871557427476582,0.996194698091746,0.));
#5997=DIRECTION('ref_axis',(-0.996194698091746,0.0871557427476582,0.));
#5998=DIRECTION('center_axis',(-0.0871557427476582,-0.996194698091746,0.));
#5999=DIRECTION('ref_axis',(-0.996194698091746,0.0871557427476582,0.));
#6000=DIRECTION('',(-0.0871557427476582,-0.996194698091746,0.));
#6001=DIRECTION('',(-0.675590207615712,0.737277336810077,-1.3694482889553E-15));
#6002=DIRECTION('center_axis',(-0.0871557427476622,-0.996194698091745,0.));
#6003=DIRECTION('ref_axis',(-0.996194698091746,0.0871557427476582,0.));
#6004=DIRECTION('center_axis',(0.0871557427476582,0.996194698091746,0.));
#6005=DIRECTION('ref_axis',(-0.996194698091746,0.0871557427476581,0.));
#6006=DIRECTION('',(0.642787609686549,-0.76604444311897,-8.65956056235508E-17));
#6007=DIRECTION('center_axis',(0.0871557427476582,0.996194698091746,0.));
#6008=DIRECTION('ref_axis',(-0.996194698091746,0.0871557427476582,0.));
#6009=DIRECTION('center_axis',(-0.0871557427476582,-0.996194698091746,0.));
#6010=DIRECTION('ref_axis',(-0.996194698091746,0.0871557427476582,0.));
#6011=DIRECTION('',(-0.0871557427476582,-0.996194698091746,0.));
#6012=DIRECTION('',(-0.675590207615712,0.737277336810077,0.));
#6013=DIRECTION('',(-0.675590207615712,0.737277336810077,0.));
#6014=DIRECTION('center_axis',(-0.0871557427476582,-0.996194698091746,0.));
#6015=DIRECTION('ref_axis',(-0.996194698091746,0.0871557427476582,0.));
#6016=DIRECTION('center_axis',(0.0871557427476582,0.996194698091746,0.));
#6017=DIRECTION('ref_axis',(-0.996194698091746,0.0871557427476582,0.));
#6018=DIRECTION('',(-0.0871557427476582,-0.996194698091746,0.));
#6019=DIRECTION('center_axis',(-0.0871557427476622,-0.996194698091745,0.));
#6020=DIRECTION('ref_axis',(-0.996194698091746,0.0871557427476582,0.));
#6021=DIRECTION('center_axis',(0.0871557427476582,0.996194698091746,0.));
#6022=DIRECTION('ref_axis',(-0.996194698091746,0.0871557427476581,0.));
#6023=DIRECTION('',(0.642787609686549,-0.76604444311897,-8.65956056235508E-17));
#6024=DIRECTION('center_axis',(0.,0.707106781186548,-0.707106781186548));
#6025=DIRECTION('ref_axis',(-1.,0.,0.));
#6026=DIRECTION('',(1.,0.,0.));
#6027=DIRECTION('',(0.0617457854184491,0.705757556807952,0.705757556807952));
#6028=DIRECTION('',(-1.,0.,0.));
#6029=DIRECTION('',(-1.,0.,0.));
#6030=DIRECTION('',(-1.,0.,0.));
#6031=DIRECTION('',(0.577350269189631,-0.577350269189623,-0.577350269189623));
#6032=DIRECTION('center_axis',(0.,1.,0.));
#6033=DIRECTION('ref_axis',(-1.,0.,0.));
#6034=DIRECTION('center_axis',(-1.55959950757533E-15,1.,1.99871285095292E-16));
#6035=DIRECTION('ref_axis',(1.,1.56439562348123E-15,-1.96116262943662E-15));
#6036=DIRECTION('',(-1.,0.,0.));
#6037=DIRECTION('',(0.,0.,-1.));
#6038=DIRECTION('',(1.,0.,0.));
#6039=DIRECTION('center_axis',(1.55959950757533E-15,-1.,1.99871285095292E-16));
#6040=DIRECTION('ref_axis',(1.,1.56439562348123E-15,1.96116262943662E-15));
#6041=DIRECTION('center_axis',(2.89959999531939E-16,1.,-6.23686807706483E-16));
#6042=DIRECTION('ref_axis',(-0.985593619118414,0.,-0.169130771750934));
#6043=DIRECTION('',(1.,0.,0.));
#6044=DIRECTION('center_axis',(-5.71641942712111E-16,1.,-4.34205163736169E-15));
#6045=DIRECTION('ref_axis',(0.,4.29060283084561E-15,1.));
#6046=DIRECTION('',(0.,0.,1.));
#6047=DIRECTION('',(-1.,0.,0.));
#6048=DIRECTION('',(0.,0.,-1.));
#6049=DIRECTION('',(0.,0.,1.));
#6050=DIRECTION('',(-1.,0.,0.));
#6051=DIRECTION('',(0.,0.,1.));
#6052=DIRECTION('center_axis',(0.,1.,0.));
#6053=DIRECTION('ref_axis',(7.08733482197371E-17,0.,-1.));
#6054=DIRECTION('',(-1.,0.,0.));
#6055=DIRECTION('center_axis',(0.,1.,0.));
#6056=DIRECTION('ref_axis',(-3.54366741098686E-16,0.,-1.));
#6057=DIRECTION('',(0.,0.,-1.));
#6058=DIRECTION('',(-1.,0.,0.));
#6059=DIRECTION('',(0.,0.,-1.));
#6060=DIRECTION('',(0.708453436019947,0.,-0.705757556807953));
#6061=DIRECTION('',(0.,0.,-1.));
#6062=DIRECTION('',(-1.,0.,0.));
#6063=DIRECTION('',(0.,0.,1.));
#6064=DIRECTION('center_axis',(5.71641942712111E-16,-1.,-4.34205163736169E-15));
#6065=DIRECTION('ref_axis',(0.,4.29060283084561E-15,-1.));
#6066=DIRECTION('',(1.,0.,0.));
#6067=DIRECTION('center_axis',(-2.89959999531939E-16,-1.,-6.23686807706483E-16));
#6068=DIRECTION('ref_axis',(-0.985593619118414,0.,0.169130771750934));
#6069=DIRECTION('',(-0.734374451386682,0.,0.678744550733565));
#6070=DIRECTION('center_axis',(0.,-1.,0.));
#6071=DIRECTION('ref_axis',(-0.345976740716262,0.,0.938243089440766));
#6072=DIRECTION('center_axis',(0.,1.,0.));
#6073=DIRECTION('ref_axis',(0.997494004787461,0.,-0.070751045314346));
#6074=DIRECTION('center_axis',(0.,-1.,0.));
#6075=DIRECTION('ref_axis',(-1.01277526125844E-14,0.,-1.));
#6076=DIRECTION('',(1.,0.,-1.77327428055374E-16));
#6077=DIRECTION('center_axis',(0.,-1.,0.));
#6078=DIRECTION('ref_axis',(0.931228879327389,0.,-0.364434869773264));
#6079=DIRECTION('',(0.734374451409272,0.,0.678744550709124));
#6080=DIRECTION('center_axis',(0.,-1.,0.));
#6081=DIRECTION('ref_axis',(0.931228879333452,0.,0.364434869757771));
#6082=DIRECTION('',(-1.,0.,5.31982284166122E-16));
#6083=DIRECTION('center_axis',(0.,-1.,0.));
#6084=DIRECTION('ref_axis',(-0.985593619118407,0.,-0.169130771750975));
#6085=DIRECTION('center_axis',(0.,1.,0.));
#6086=DIRECTION('ref_axis',(0.985593619118415,0.,0.169130771750926));
#6087=DIRECTION('center_axis',(0.,-1.,0.));
#6088=DIRECTION('ref_axis',(-0.345976740732147,0.,-0.938243089434908));
#6089=DIRECTION('center_axis',(0.996194698091746,-0.0871557427476582,0.));
#6090=DIRECTION('ref_axis',(-0.0871557427476582,-0.996194698091746,0.));
#6091=DIRECTION('',(-0.0871557427476586,-0.996194698091746,0.));
#6092=DIRECTION('',(0.,0.,1.));
#6093=DIRECTION('',(-0.0871557427476582,-0.996194698091746,-1.96261557335472E-17));
#6094=DIRECTION('',(0.,0.,1.));
#6095=DIRECTION('',(-0.0871557427476582,-0.996194698091746,0.));
#6096=DIRECTION('center_axis',(-0.0871557427476594,-0.996194698091746,0.));
#6097=DIRECTION('ref_axis',(0.996194698091746,-0.0871557427476594,0.));
#6098=DIRECTION('',(-0.996194698091746,0.0871557427476594,0.));
#6099=DIRECTION('',(0.,0.,1.));
#6100=DIRECTION('',(-0.996194698091746,0.0871557427476582,0.));
#6101=DIRECTION('center_axis',(0.087155742747669,0.996194698091745,0.));
#6102=DIRECTION('ref_axis',(-0.996194698091746,0.0871557427476581,0.));
#6103=DIRECTION('center_axis',(-0.0871557427476582,-0.996194698091746,0.));
#6104=DIRECTION('ref_axis',(-0.996194698091746,0.0871557427476582,0.));
#6105=DIRECTION('',(-0.766044443118995,-0.642787609686519,-8.65956056235506E-17));
#6106=DIRECTION('center_axis',(0.0871557427476582,0.996194698091746,0.));
#6107=DIRECTION('ref_axis',(-0.996194698091746,0.0871557427476581,0.));
#6108=DIRECTION('center_axis',(0.087155742747669,0.996194698091745,0.));
#6109=DIRECTION('ref_axis',(-0.996194698091745,0.0871557427476582,0.));
#6110=DIRECTION('center_axis',(-0.0871557427476582,-0.996194698091746,0.));
#6111=DIRECTION('ref_axis',(-0.996194698091745,0.0871557427476582,0.));
#6112=DIRECTION('',(-0.766044443118994,-0.64278760968652,-8.65956056235506E-17));
#6113=DIRECTION('center_axis',(0.0871557427476582,0.996194698091746,0.));
#6114=DIRECTION('ref_axis',(-0.996194698091746,0.0871557427476581,0.));
#6115=DIRECTION('center_axis',(0.0871557427476582,0.996194698091746,0.));
#6116=DIRECTION('ref_axis',(0.,0.,1.));
#6117=DIRECTION('',(0.,0.,-1.));
#6118=DIRECTION('',(0.996194698091746,-0.0871557427476582,0.));
#6119=DIRECTION('',(0.704416026402757,-0.0616284167162192,-0.707106781186549));
#6120=DIRECTION('',(0.,0.,1.));
#6121=DIRECTION('',(0.704416026402757,-0.0616284167162192,0.707106781186549));
#6122=DIRECTION('',(0.996194698091746,-0.0871557427476582,0.));
#6123=DIRECTION('center_axis',(0.0871557427476582,0.996194698091746,0.));
#6124=DIRECTION('ref_axis',(-0.996194698091745,0.0871557427476582,0.));
#6125=DIRECTION('center_axis',(0.642787609686435,-0.766044443119065,0.));
#6126=DIRECTION('ref_axis',(0.,0.,-1.));
#6127=DIRECTION('',(0.,0.,-1.));
#6128=DIRECTION('',(-0.735159815716755,-0.616872330224103,0.281084637714678));
#6129=DIRECTION('',(-0.735159815716755,-0.616872330224103,-0.281084637714678));
#6130=DIRECTION('center_axis',(-0.766044443119011,-0.6427876096865,0.));
#6131=DIRECTION('ref_axis',(0.,0.,1.));
#6132=DIRECTION('',(-0.524833885571735,0.625472668645334,-0.577350269189648));
#6133=DIRECTION('',(0.,0.,1.));
#6134=DIRECTION('',(-0.524833885571735,0.625472668645334,0.577350269189648));
#6135=DIRECTION('center_axis',(-0.0616284167162197,-0.704416026402762,-0.707106781186544));
#6136=DIRECTION('ref_axis',(-0.996223440096615,0.,0.0868265938642485));
#6137=DIRECTION('',(0.339158768552827,0.651517932595389,-0.678598344545844));
#6138=DIRECTION('center_axis',(0.436468932329647,-0.747993897776597,-0.499999999999992));
#6139=DIRECTION('ref_axis',(-0.753346057235817,0.,-0.657624298552942));
#6140=DIRECTION('',(-0.704416026402757,0.0616284167162192,-0.707106781186549));
#6141=DIRECTION('center_axis',(0.70441602640276,-0.0616284167162195,-0.707106781186546));
#6142=DIRECTION('ref_axis',(-0.708453436019947,0.,-0.705757556807953));
#6143=DIRECTION('',(0.,-0.996223440096615,0.0868265938642479));
#6144=DIRECTION('center_axis',(0.087155742747669,0.996194698091745,0.));
#6145=DIRECTION('ref_axis',(-0.996194698091745,0.0871557427476582,0.));
#6146=DIRECTION('',(-0.766044443118994,-0.64278760968652,8.65956056235506E-17));
#6147=DIRECTION('center_axis',(-0.0871557427476582,-0.996194698091746,0.));
#6148=DIRECTION('ref_axis',(-0.996194698091746,0.0871557427476581,0.));
#6149=DIRECTION('center_axis',(0.,0.707106781186548,-0.707106781186547));
#6150=DIRECTION('ref_axis',(-1.,0.,0.));
#6151=DIRECTION('',(0.0617457854184498,0.705757556807951,0.705757556807952));
#6152=DIRECTION('',(-0.543774795917195,0.593426057451647,0.593426057451649));
#6153=DIRECTION('center_axis',(0.0616284167162197,0.704416026402762,-0.707106781186544));
#6154=DIRECTION('ref_axis',(-0.996223440096615,0.,-0.0868265938642485));
#6155=DIRECTION('',(-0.996194698091746,0.0871557427476582,0.));
#6156=DIRECTION('',(0.339158768552827,0.651517932595389,0.678598344545844));
#6157=DIRECTION('center_axis',(-0.436468932329647,0.747993897776597,-0.499999999999992));
#6158=DIRECTION('ref_axis',(-0.753346057235817,0.,0.657624298552942));
#6159=DIRECTION('',(-0.704416026402757,0.0616284167162192,0.707106781186549));
#6160=DIRECTION('center_axis',(0.0871557427476594,0.996194698091746,0.));
#6161=DIRECTION('ref_axis',(0.996194698091746,-0.0871557427476594,0.));
#6162=DIRECTION('',(-0.996194698091746,0.0871557427476594,0.));
#6163=DIRECTION('',(0.,0.,-1.));
#6164=DIRECTION('',(0.,0.,-1.));
#6165=DIRECTION('center_axis',(-0.996194698091746,0.0871557427476582,0.));
#6166=DIRECTION('ref_axis',(-0.0871557427476582,-0.996194698091746,0.));
#6167=DIRECTION('',(-0.0871557427476582,-0.996194698091746,1.96261557335472E-17));
#6168=DIRECTION('',(-0.0871557427476586,-0.996194698091746,0.));
#6169=DIRECTION('center_axis',(-0.70441602640276,0.0616284167162195,-0.707106781186546));
#6170=DIRECTION('ref_axis',(-0.708453436019947,0.,0.705757556807953));
#6171=DIRECTION('',(0.,0.996223440096615,0.0868265938642479));
#6172=DIRECTION('center_axis',(-1.,0.,0.));
#6173=DIRECTION('ref_axis',(0.,1.,0.));
#6174=DIRECTION('',(0.,-0.38268343236509,0.923879532511287));
#6175=DIRECTION('',(0.,-0.707106781186548,0.707106781186547));
#6176=DIRECTION('',(0.,0.,1.));
#6177=DIRECTION('',(0.,1.,0.));
#6178=DIRECTION('center_axis',(0.0871557427476581,0.996194698091746,0.));
#6179=DIRECTION('ref_axis',(-0.996194698091746,0.0871557427476581,0.));
#6180=DIRECTION('',(-0.0871557427476581,-0.996194698091746,0.));
#6181=DIRECTION('center_axis',(0.0871557427476581,0.996194698091746,0.));
#6182=DIRECTION('ref_axis',(-0.996194698091746,0.0871557427476581,0.));
#6183=DIRECTION('',(-0.0871557427476581,-0.996194698091746,0.));
#6184=DIRECTION('center_axis',(-0.0871557427476581,-0.996194698091746,0.));
#6185=DIRECTION('ref_axis',(-0.996194698091746,0.0871557427476581,0.));
#6186=DIRECTION('',(-0.0871557427476581,-0.996194698091746,0.));
#6187=DIRECTION('center_axis',(-0.996194698091746,0.0871557427476582,0.));
#6188=DIRECTION('ref_axis',(0.,0.,1.));
#6189=DIRECTION('',(0.0617457854184498,0.705757556807951,-0.705757556807952));
#6190=DIRECTION('',(0.,0.,-1.));
#6191=DIRECTION('',(0.0871557427476592,0.996194698091746,0.));
#6192=DIRECTION('',(0.0871557427476592,0.996194698091746,0.));
#6193=DIRECTION('center_axis',(-0.996194698091746,0.0871557427476582,0.));
#6194=DIRECTION('ref_axis',(0.0871557427476582,0.996194698091746,0.));
#6195=DIRECTION('center_axis',(-0.996194698091746,0.0871557427476582,0.));
#6196=DIRECTION('ref_axis',(0.0871557427476582,0.996194698091746,0.));
#6197=DIRECTION('center_axis',(0.0871557427476671,0.996194698091745,0.));
#6198=DIRECTION('ref_axis',(0.996194698091745,-0.0871557427476581,0.));
#6199=DIRECTION('',(0.642787609686528,-0.766044443118988,-8.65956056235488E-17));
#6200=DIRECTION('center_axis',(-0.0871557427476582,-0.996194698091746,0.));
#6201=DIRECTION('ref_axis',(0.996194698091745,-0.0871557427476581,0.));
#6202=DIRECTION('center_axis',(-0.0871557427476582,-0.996194698091746,0.));
#6203=DIRECTION('ref_axis',(0.996194698091745,-0.0871557427476581,0.));
#6204=DIRECTION('center_axis',(0.0871557427476581,0.996194698091746,0.));
#6205=DIRECTION('ref_axis',(-0.996194698091745,0.0871557427476581,0.));
#6206=DIRECTION('',(-0.0871557427476581,-0.996194698091745,0.));
#6207=DIRECTION('center_axis',(0.0871557427476582,0.996194698091746,0.));
#6208=DIRECTION('ref_axis',(-0.996194698091745,0.0871557427476581,0.));
#6209=DIRECTION('center_axis',(0.0871557427476677,0.996194698091745,0.));
#6210=DIRECTION('ref_axis',(-0.996194698091745,0.0871557427476581,0.));
#6211=DIRECTION('',(-0.76604444311897,-0.642787609686548,8.65956056235475E-17));
#6212=DIRECTION('center_axis',(-0.0871557427476582,-0.996194698091746,0.));
#6213=DIRECTION('ref_axis',(-0.996194698091745,0.0871557427476581,0.));
#6214=DIRECTION('center_axis',(-0.0871557427476581,-0.996194698091746,0.));
#6215=DIRECTION('ref_axis',(-0.996194698091745,0.0871557427476581,0.));
#6216=DIRECTION('',(-0.0871557427476581,-0.996194698091745,0.));
#6217=DIRECTION('center_axis',(0.,1.,0.));
#6218=DIRECTION('ref_axis',(-1.,0.,0.));
#6219=DIRECTION('center_axis',(0.0871557427476674,0.996194698091745,0.));
#6220=DIRECTION('ref_axis',(-0.996194698091745,0.0871557427476582,0.));
#6221=DIRECTION('center_axis',(-0.0871557427476582,-0.996194698091746,0.));
#6222=DIRECTION('ref_axis',(-0.996194698091745,0.0871557427476581,0.));
#6223=DIRECTION('',(0.76604444311897,0.64278760968655,8.65956056235474E-17));
#6224=DIRECTION('center_axis',(0.0871557427476581,0.996194698091746,0.));
#6225=DIRECTION('ref_axis',(-0.996194698091745,0.0871557427476581,0.));
#6226=DIRECTION('',(-0.0871557427476582,-0.996194698091746,0.));
#6227=DIRECTION('center_axis',(0.0871557427476582,0.996194698091746,0.));
#6228=DIRECTION('ref_axis',(-0.996194698091745,0.0871557427476582,0.));
#6229=DIRECTION('center_axis',(0.0871557427476677,0.996194698091745,0.));
#6230=DIRECTION('ref_axis',(-0.996194698091745,0.0871557427476581,0.));
#6231=DIRECTION('center_axis',(-0.0871557427476582,-0.996194698091746,0.));
#6232=DIRECTION('ref_axis',(-0.996194698091745,0.0871557427476581,0.));
#6233=DIRECTION('',(0.76604444311897,0.642787609686548,8.65956056235475E-17));
#6234=DIRECTION('center_axis',(0.0871557427476581,0.996194698091746,0.));
#6235=DIRECTION('ref_axis',(-0.996194698091745,0.0871557427476581,0.));
#6236=DIRECTION('',(-0.0871557427476581,-0.996194698091745,0.));
#6237=DIRECTION('center_axis',(0.,1.,0.));
#6238=DIRECTION('ref_axis',(-1.,0.,0.));
#6239=DIRECTION('',(-0.675590207615646,0.737277336810137,0.));
#6240=DIRECTION('center_axis',(-0.0871557427476582,-0.996194698091746,0.));
#6241=DIRECTION('ref_axis',(-0.996194698091746,0.0871557427476581,0.));
#6242=DIRECTION('center_axis',(0.0871557427476582,0.996194698091746,0.));
#6243=DIRECTION('ref_axis',(-0.996194698091746,0.0871557427476582,0.));
#6244=DIRECTION('',(-0.0871557427476582,-0.996194698091746,0.));
#6245=DIRECTION('',(-0.675590207615627,0.737277336810154,0.));
#6246=DIRECTION('center_axis',(-0.0871557427476581,-0.996194698091746,0.));
#6247=DIRECTION('ref_axis',(-0.996194698091746,0.0871557427476581,0.));
#6248=DIRECTION('center_axis',(0.0871557427476582,0.996194698091746,0.));
#6249=DIRECTION('ref_axis',(-0.996194698091746,0.0871557427476582,0.));
#6250=DIRECTION('',(-0.0871557427476581,-0.996194698091746,0.));
#6251=DIRECTION('',(-0.675590207615646,0.737277336810137,8.9014138782103E-15));
#6252=DIRECTION('center_axis',(-0.0871557427476582,-0.996194698091746,0.));
#6253=DIRECTION('ref_axis',(-0.996194698091746,0.0871557427476582,0.));
#6254=DIRECTION('center_axis',(0.0871557427476582,0.996194698091746,0.));
#6255=DIRECTION('ref_axis',(-0.996194698091746,0.0871557427476582,0.));
#6256=DIRECTION('',(-0.0871557427476582,-0.996194698091746,0.));
#6257=DIRECTION('center_axis',(-0.0871557427476584,-0.996194698091746,0.));
#6258=DIRECTION('ref_axis',(-0.996194698091746,0.0871557427476582,0.));
#6259=DIRECTION('',(0.642787609686533,-0.766044443118984,-8.65956056235486E-17));
#6260=DIRECTION('center_axis',(-0.0871557427476592,-0.996194698091745,0.));
#6261=DIRECTION('ref_axis',(-0.996194698091746,0.0871557427476582,0.));
#6262=DIRECTION('',(0.642787609686536,-0.766044443118981,-8.65956056235491E-17));
#6263=DIRECTION('center_axis',(-0.0871557427476584,-0.996194698091746,0.));
#6264=DIRECTION('ref_axis',(-0.996194698091746,0.0871557427476582,0.));
#6265=DIRECTION('',(0.642787609686533,-0.766044443118984,-8.65956056235486E-17));
#6266=DIRECTION('center_axis',(-0.758400345612292,-0.65178901170176,0.));
#6267=DIRECTION('ref_axis',(0.,0.,1.));
#6268=DIRECTION('',(0.651789011701773,-0.75840034561228,0.));
#6269=DIRECTION('',(0.,0.,1.));
#6270=DIRECTION('',(0.651789011701773,-0.75840034561228,0.));
#6271=DIRECTION('center_axis',(1.,0.,0.));
#6272=DIRECTION('ref_axis',(0.,1.,0.));
#6273=DIRECTION('center_axis',(-1.,0.,0.));
#6274=DIRECTION('ref_axis',(0.,1.,0.));
#6275=DIRECTION('center_axis',(-1.,0.,0.));
#6276=DIRECTION('ref_axis',(0.,1.,0.));
#6277=DIRECTION('center_axis',(1.,0.,0.));
#6278=DIRECTION('ref_axis',(0.,1.,0.));
#6279=DIRECTION('center_axis',(0.,0.,1.));
#6280=DIRECTION('ref_axis',(-1.,2.368475785867E-15,0.));
#6281=DIRECTION('center_axis',(1.,0.,0.));
#6282=DIRECTION('ref_axis',(0.,-1.,0.));
#6283=DIRECTION('center_axis',(0.,0.,1.));
#6284=DIRECTION('ref_axis',(-1.,-1.11022302462516E-15,0.));
#6285=DIRECTION('center_axis',(-1.,0.,0.));
#6286=DIRECTION('ref_axis',(0.,1.,0.));
#6287=DIRECTION('center_axis',(0.,0.,-1.));
#6288=DIRECTION('ref_axis',(-1.,-1.11022302462516E-15,0.));
#6289=DIRECTION('center_axis',(0.,1.,0.));
#6290=DIRECTION('ref_axis',(0.,0.,1.));
#6291=DIRECTION('center_axis',(2.91433543964103E-16,1.19348975147205E-15,
1.));
#6292=DIRECTION('ref_axis',(-1.,-3.43932569468673E-30,2.91433543964103E-16));
#6293=DIRECTION('center_axis',(0.,1.,0.));
#6294=DIRECTION('ref_axis',(-1.,0.,0.));
#6295=DIRECTION('center_axis',(1.,0.,6.12323399573677E-17));
#6296=DIRECTION('ref_axis',(6.12323399573677E-17,0.,-1.));
#6297=DIRECTION('center_axis',(0.,1.,0.));
#6298=DIRECTION('ref_axis',(-1.,0.,0.));
#6299=DIRECTION('center_axis',(0.,-1.,0.));
#6300=DIRECTION('ref_axis',(0.,0.,-1.));
#6301=DIRECTION('',(-1.,0.,0.));
#6302=DIRECTION('',(0.,0.,-1.));
#6303=DIRECTION('',(-1.,0.,0.));
#6304=DIRECTION('center_axis',(0.,1.,0.));
#6305=DIRECTION('ref_axis',(-1.,0.,0.));
#6306=DIRECTION('',(0.,-2.22044604925031E-15,-1.));
#6307=DIRECTION('',(1.,0.,0.));
#6308=DIRECTION('',(0.,-2.22044604925031E-15,-1.));
#6309=DIRECTION('center_axis',(0.,2.22044604925031E-15,1.));
#6310=DIRECTION('ref_axis',(1.,-1.22464679914731E-16,2.7192621468936E-31));
#6311=DIRECTION('center_axis',(0.,0.,1.));
#6312=DIRECTION('ref_axis',(1.,-1.11022302462516E-15,0.));
#6313=DIRECTION('center_axis',(2.91433543964103E-16,1.19348975147205E-15,
1.));
#6314=DIRECTION('ref_axis',(-1.,-3.43932569468673E-30,2.91433543964103E-16));
#6315=DIRECTION('',(0.,-2.22044604925031E-15,-1.));
#6316=DIRECTION('center_axis',(0.,1.,0.));
#6317=DIRECTION('ref_axis',(0.,0.,1.));
#6318=DIRECTION('',(-1.,0.,0.));
#6319=DIRECTION('',(0.,-2.22044604925031E-15,-1.));
#6320=DIRECTION('',(-1.,0.,0.));
#6321=DIRECTION('center_axis',(0.,-1.,0.));
#6322=DIRECTION('ref_axis',(-1.,0.,0.));
#6323=DIRECTION('',(-1.,0.,0.));
#6324=DIRECTION('',(0.,0.,1.));
#6325=DIRECTION('center_axis',(0.,2.22044604925031E-15,1.));
#6326=DIRECTION('ref_axis',(-1.,-4.08643815600084E-30,0.));
#6327=DIRECTION('center_axis',(1.,0.,0.));
#6328=DIRECTION('ref_axis',(0.,0.70710678118655,-0.707106781186545));
#6329=DIRECTION('',(1.,0.,0.));
#6330=DIRECTION('center_axis',(1.,0.,0.));
#6331=DIRECTION('ref_axis',(0.,0.,-1.));
#6332=DIRECTION('center_axis',(1.,0.,0.));
#6333=DIRECTION('ref_axis',(0.,0.,1.));
#6334=DIRECTION('',(0.,0.,-1.));
#6335=DIRECTION('',(0.,-1.,0.));
#6336=DIRECTION('',(0.,0.,-1.));
#6337=DIRECTION('',(0.,0.707106781186548,-0.707106781186547));
#6338=DIRECTION('center_axis',(0.,0.,1.));
#6339=DIRECTION('ref_axis',(0.,-1.,0.));
#6340=DIRECTION('center_axis',(0.,0.870891858451619,-0.491474689971605));
#6341=DIRECTION('ref_axis',(0.,-0.491474689971605,-0.870891858451619));
#6342=DIRECTION('center_axis',(1.,0.,0.));
#6343=DIRECTION('ref_axis',(0.,-1.,0.));
#6344=DIRECTION('center_axis',(0.,-1.,0.));
#6345=DIRECTION('ref_axis',(0.,0.,-1.));
#6346=DIRECTION('center_axis',(1.,0.,0.));
#6347=DIRECTION('ref_axis',(0.,-0.90630778703665,-0.422618261740699));
#6348=DIRECTION('',(-1.,0.,0.));
#6349=DIRECTION('center_axis',(1.,0.,0.));
#6350=DIRECTION('ref_axis',(0.,-1.,0.));
#6351=DIRECTION('',(1.,0.,0.));
#6352=DIRECTION('center_axis',(8.59452616188074E-16,0.87089185845162,-0.491474689971603));
#6353=DIRECTION('ref_axis',(0.,-0.491474689971603,-0.87089185845162));
#6354=DIRECTION('center_axis',(0.,0.,-1.));
#6355=DIRECTION('ref_axis',(0.,-1.,0.));
#6356=DIRECTION('center_axis',(0.,-1.,0.));
#6357=DIRECTION('ref_axis',(3.18930066988817E-16,0.,-1.));
#6358=DIRECTION('center_axis',(0.,-0.766044443118978,0.642787609686539));
#6359=DIRECTION('ref_axis',(-0.707106781186547,-0.454519477672043,-0.541675220419703));
#6360=DIRECTION('center_axis',(-9.76752888192954E-16,-0.989753387242238,
-0.142787367937494));
#6361=DIRECTION('ref_axis',(0.,0.142787367937494,-0.989753387242238));
#6362=DIRECTION('',(0.,0.766044443118978,-0.642787609686539));
#6363=DIRECTION('center_axis',(0.,-0.642787609686539,-0.766044443118978));
#6364=DIRECTION('ref_axis',(1.,0.,0.));
#6365=DIRECTION('',(1.,0.,0.));
#6366=DIRECTION('',(0.,-0.766044443118978,0.642787609686539));
#6367=DIRECTION('center_axis',(0.,-0.766044443118978,0.642787609686539));
#6368=DIRECTION('ref_axis',(0.707106781186549,-0.454519477672042,-0.541675220419701));
#6369=DIRECTION('center_axis',(9.76752888192954E-16,-0.989753387242238,
-0.142787367937493));
#6370=DIRECTION('ref_axis',(0.,0.142787367937493,-0.989753387242238));
#6371=DIRECTION('center_axis',(0.,0.,-1.));
#6372=DIRECTION('ref_axis',(-1.,0.,0.));
#6373=DIRECTION('center_axis',(-1.,0.,0.));
#6374=DIRECTION('ref_axis',(0.,0.642787609686539,0.766044443118978));
#6375=DIRECTION('center_axis',(1.,0.,0.));
#6376=DIRECTION('ref_axis',(0.,0.906307787036651,0.422618261740696));
#6377=DIRECTION('center_axis',(-1.,0.,0.));
#6378=DIRECTION('ref_axis',(0.,0.642787609686539,0.766044443118978));
#6379=DIRECTION('center_axis',(0.,0.,1.));
#6380=DIRECTION('ref_axis',(1.,2.96059473233374E-15,0.));
#6381=DIRECTION('center_axis',(0.,-0.707106781186547,-0.707106781186548));
#6382=DIRECTION('ref_axis',(1.,0.,0.));
#6383=DIRECTION('',(1.,0.,0.));
#6384=DIRECTION('',(-0.577350269189631,0.577350269189623,-0.577350269189623));
#6385=DIRECTION('',(1.,0.,0.));
#6386=DIRECTION('',(1.,0.,0.));
#6387=DIRECTION('',(1.,0.,0.));
#6388=DIRECTION('center_axis',(0.,1.,0.));
#6389=DIRECTION('ref_axis',(0.,0.,1.));
#6390=DIRECTION('',(-1.,0.,0.));
#6391=DIRECTION('',(1.,0.,0.));
#6392=DIRECTION('center_axis',(0.,-1.,0.));
#6393=DIRECTION('ref_axis',(1.,0.,3.44099483397188E-31));
#6394=DIRECTION('center_axis',(0.,-1.,0.));
#6395=DIRECTION('ref_axis',(1.,0.,3.44099483397188E-31));
#6396=DIRECTION('center_axis',(0.,-1.,0.));
#6397=DIRECTION('ref_axis',(1.,0.,3.44099483397188E-31));
#6398=DIRECTION('center_axis',(0.,-1.,0.));
#6399=DIRECTION('ref_axis',(1.,0.,3.44099483397188E-31));
#6400=DIRECTION('center_axis',(0.,0.,-1.));
#6401=DIRECTION('ref_axis',(1.,0.,0.));
#6402=DIRECTION('center_axis',(-5.53322346070381E-16,1.,-4.20290048582681E-15));
#6403=DIRECTION('ref_axis',(2.29136577990112E-15,4.15310047607078E-15,1.));
#6404=DIRECTION('center_axis',(-5.76343516594484E-16,1.,-4.37776363651499E-15));
#6405=DIRECTION('ref_axis',(2.38669885785615E-15,4.32589167986428E-15,1.));
#6406=DIRECTION('center_axis',(-1.,0.,0.));
#6407=DIRECTION('ref_axis',(0.,0.,-1.));
#6408=DIRECTION('',(0.,-1.,0.));
#6409=DIRECTION('',(0.,0.,-1.));
#6410=DIRECTION('center_axis',(1.,0.,0.));
#6411=DIRECTION('ref_axis',(0.,1.,0.));
#6412=DIRECTION('center_axis',(1.,0.,0.));
#6413=DIRECTION('ref_axis',(0.,1.,0.));
#6414=DIRECTION('',(-0.707106781186529,0.707106781186566,8.65956056235516E-17));
#6415=DIRECTION('center_axis',(-1.,0.,0.));
#6416=DIRECTION('ref_axis',(0.,1.,0.));
#6417=DIRECTION('center_axis',(-1.,0.,0.));
#6418=DIRECTION('ref_axis',(0.,1.,0.));
#6419=DIRECTION('',(-1.,0.,0.));
#6420=DIRECTION('center_axis',(5.53322346070381E-16,-1.,-4.20290048582681E-15));
#6421=DIRECTION('ref_axis',(2.29136577990112E-15,4.15310047607078E-15,-1.));
#6422=DIRECTION('center_axis',(5.76343516594484E-16,-1.,-4.37776363651499E-15));
#6423=DIRECTION('ref_axis',(2.38669885785615E-15,4.32589167986428E-15,-1.));
#6424=DIRECTION('center_axis',(6.04975675188432E-16,-1.,-4.59524647291121E-15));
#6425=DIRECTION('ref_axis',(0.,4.54079757031313E-15,-1.));
#6426=DIRECTION('center_axis',(-6.04975675188432E-16,1.,-4.59524647291121E-15));
#6427=DIRECTION('ref_axis',(0.,4.54079757031313E-15,1.));
#6428=DIRECTION('center_axis',(1.,0.,0.));
#6429=DIRECTION('ref_axis',(0.,1.,0.));
#6430=DIRECTION('center_axis',(1.,0.,0.));
#6431=DIRECTION('ref_axis',(0.,1.,0.));
#6432=DIRECTION('',(-1.,0.,0.));
#6433=DIRECTION('center_axis',(1.,0.,0.));
#6434=DIRECTION('ref_axis',(0.,1.,0.));
#6435=DIRECTION('center_axis',(-1.,0.,0.));
#6436=DIRECTION('ref_axis',(0.,1.,0.));
#6437=DIRECTION('',(-0.707106781186529,0.707106781186566,-8.65956056235516E-17));
#6438=DIRECTION('center_axis',(-1.,0.,0.));
#6439=DIRECTION('ref_axis',(0.,0.,-1.));
#6440=DIRECTION('',(0.,1.,0.));
#6441=DIRECTION('',(0.,0.,-1.));
#6442=DIRECTION('',(-0.531001714330097,0.749063271947168,-0.396158294117769));
#6443=DIRECTION('center_axis',(0.678744550709124,0.,-0.734374451409272));
#6444=DIRECTION('ref_axis',(-0.734374451409272,0.,-0.678744550709124));
#6445=DIRECTION('',(0.,-1.,0.));
#6446=DIRECTION('',(-0.734374451409272,0.,-0.678744550709124));
#6447=DIRECTION('',(0.,1.,0.));
#6448=DIRECTION('center_axis',(0.,1.,0.));
#6449=DIRECTION('ref_axis',(-1.,0.,0.));
#6450=DIRECTION('center_axis',(0.,-1.,0.));
#6451=DIRECTION('ref_axis',(-0.345976740732147,0.,-0.938243089434908));
#6452=DIRECTION('center_axis',(0.,-1.,0.));
#6453=DIRECTION('ref_axis',(0.985593619118415,0.,0.169130771750926));
#6454=DIRECTION('center_axis',(0.,1.,0.));
#6455=DIRECTION('ref_axis',(-0.985593619118407,0.,-0.169130771750975));
#6456=DIRECTION('',(1.,0.,-5.31982284166122E-16));
#6457=DIRECTION('center_axis',(0.,-1.,0.));
#6458=DIRECTION('ref_axis',(0.931228879333452,0.,0.364434869757771));
#6459=DIRECTION('center_axis',(0.,-1.,0.));
#6460=DIRECTION('ref_axis',(-0.985593619118401,0.,-0.169130771751009));
#6461=DIRECTION('center_axis',(0.,1.,0.));
#6462=DIRECTION('ref_axis',(0.985593619118415,0.,0.169130771750926));
#6463=DIRECTION('center_axis',(0.,1.,0.));
#6464=DIRECTION('ref_axis',(-0.340806202606805,0.,-0.9401335715018));
#6465=DIRECTION('',(0.734374451384773,0.,0.678744550735631));
#6466=DIRECTION('center_axis',(0.,1.,0.));
#6467=DIRECTION('ref_axis',(0.931228879326872,0.,0.364434869774585));
#6468=DIRECTION('',(-1.,0.,4.43318570138435E-16));
#6469=DIRECTION('center_axis',(0.,1.,0.));
#6470=DIRECTION('ref_axis',(0.931228879333452,0.,0.364434869757771));
#6471=DIRECTION('',(0.,-1.,0.));
#6472=DIRECTION('center_axis',(1.,-1.17478808320222E-14,7.39013046545246E-15));
#6473=DIRECTION('ref_axis',(-3.15796771448933E-15,0.325904102663007,0.945402832589061));
#6474=DIRECTION('center_axis',(0.,1.,0.));
#6475=DIRECTION('ref_axis',(-1.,0.,0.));
#6476=DIRECTION('',(-1.,0.,0.));
#6477=DIRECTION('',(-0.734374451384114,0.,0.678744550736345));
#6478=DIRECTION('center_axis',(0.,-1.,0.));
#6479=DIRECTION('ref_axis',(0.9961678347662,0.,-0.0874622488689914));
#6480=DIRECTION('',(0.734374451386682,0.,-0.678744550733565));
#6481=DIRECTION('center_axis',(0.,0.,-1.));
#6482=DIRECTION('ref_axis',(-1.,0.,0.));
#6483=DIRECTION('',(1.,0.,0.));
#6484=DIRECTION('',(0.,1.,0.));
#6485=DIRECTION('',(0.,1.,0.));
#6486=DIRECTION('center_axis',(-0.678744550736345,0.,-0.734374451384114));
#6487=DIRECTION('ref_axis',(-0.734374451384114,0.,0.678744550736345));
#6488=DIRECTION('',(0.734374451384114,0.,-0.678744550736345));
#6489=DIRECTION('',(0.,1.,0.));
#6490=DIRECTION('center_axis',(0.,1.,0.));
#6491=DIRECTION('ref_axis',(0.9961678347662,0.,-0.0874622488689914));
#6492=DIRECTION('center_axis',(0.,1.,0.));
#6493=DIRECTION('ref_axis',(0.9961678347662,0.,-0.0874622488689914));
#6494=DIRECTION('',(0.,1.,0.));
#6495=DIRECTION('center_axis',(0.678744550733565,0.,0.734374451386682));
#6496=DIRECTION('ref_axis',(0.734374451386682,0.,-0.678744550733565));
#6497=DIRECTION('',(-0.734374451386682,0.,0.678744550733565));
#6498=DIRECTION('center_axis',(0.678744550733565,0.,0.734374451386682));
#6499=DIRECTION('ref_axis',(0.734374451386682,0.,-0.678744550733565));
#6500=DIRECTION('',(-0.734374451386682,0.,0.678744550733565));
#6501=DIRECTION('',(0.,1.,0.));
#6502=DIRECTION('',(0.734374451386682,0.,-0.678744550733565));
#6503=DIRECTION('',(0.,1.,0.));
#6504=DIRECTION('center_axis',(0.,1.,0.));
#6505=DIRECTION('ref_axis',(0.9961678347662,0.,-0.0874622488689914));
#6506=DIRECTION('center_axis',(0.,1.,0.));
#6507=DIRECTION('ref_axis',(0.9961678347662,0.,-0.0874622488689914));
#6508=DIRECTION('center_axis',(0.,-1.,0.));
#6509=DIRECTION('ref_axis',(0.9961678347662,0.,-0.0874622488689914));
#6510=DIRECTION('',(0.,1.,0.));
#6511=DIRECTION('center_axis',(-0.678744550736344,0.,-0.734374451384114));
#6512=DIRECTION('ref_axis',(-0.734374451384114,0.,0.678744550736344));
#6513=DIRECTION('',(0.734374451384114,0.,-0.678744550736344));
#6514=DIRECTION('',(-0.734374451384114,0.,0.678744550736344));
#6515=DIRECTION('',(0.,1.,0.));
#6516=DIRECTION('center_axis',(0.,0.,-1.));
#6517=DIRECTION('ref_axis',(-1.,0.,0.));
#6518=DIRECTION('',(1.,0.,0.));
#6519=DIRECTION('',(-1.,0.,0.));
#6520=DIRECTION('center_axis',(0.,1.,0.));
#6521=DIRECTION('ref_axis',(-1.,0.,0.));
#6522=DIRECTION('center_axis',(0.,1.,0.));
#6523=DIRECTION('ref_axis',(0.931228879326692,0.,-0.364434869775043));
#6524=DIRECTION('center_axis',(0.,1.,0.));
#6525=DIRECTION('ref_axis',(0.931228879326692,0.,-0.364434869775043));
#6526=DIRECTION('',(0.,1.,0.));
#6527=DIRECTION('center_axis',(0.,1.,0.));
#6528=DIRECTION('ref_axis',(0.931228879326692,0.,-0.364434869775043));
#6529=DIRECTION('',(0.,-1.,0.));
#6530=DIRECTION('center_axis',(0.,0.,1.));
#6531=DIRECTION('ref_axis',(1.,0.,0.));
#6532=DIRECTION('',(1.,0.,0.));
#6533=DIRECTION('',(0.,1.,0.));
#6534=DIRECTION('',(-1.,0.,0.));
#6535=DIRECTION('center_axis',(0.,1.,0.));
#6536=DIRECTION('ref_axis',(-0.340806202606377,0.,0.940133571501955));
#6537=DIRECTION('center_axis',(0.,1.,0.));
#6538=DIRECTION('ref_axis',(-0.340806202606377,0.,0.940133571501955));
#6539=DIRECTION('',(0.,1.,0.));
#6540=DIRECTION('center_axis',(0.,1.,0.));
#6541=DIRECTION('ref_axis',(-0.340806202606377,0.,0.940133571501955));
#6542=DIRECTION('',(0.,-1.,0.));
#6543=DIRECTION('center_axis',(-0.678744550736344,0.,-0.734374451384114));
#6544=DIRECTION('ref_axis',(-0.734374451384114,0.,0.678744550736344));
#6545=DIRECTION('',(0.734374451384114,0.,-0.678744550736344));
#6546=DIRECTION('',(-0.734374451384114,0.,0.678744550736344));
#6547=DIRECTION('center_axis',(-1.77327428055374E-16,0.,-1.));
#6548=DIRECTION('ref_axis',(-1.,0.,1.77327428055374E-16));
#6549=DIRECTION('',(0.,1.,0.));
#6550=DIRECTION('',(0.,1.,0.));
#6551=DIRECTION('',(-1.,0.,1.77327428055374E-16));
#6552=DIRECTION('center_axis',(0.,1.,0.));
#6553=DIRECTION('ref_axis',(-0.345976740716262,0.,0.938243089440766));
#6554=DIRECTION('center_axis',(0.,-1.,0.));
#6555=DIRECTION('ref_axis',(-0.345976740716262,0.,0.938243089440766));
#6556=DIRECTION('',(0.,-1.,0.));
#6557=DIRECTION('',(0.,1.,0.));
#6558=DIRECTION('center_axis',(0.,1.,0.));
#6559=DIRECTION('ref_axis',(-1.76936841085041E-14,0.,-1.));
#6560=DIRECTION('center_axis',(0.,1.,0.));
#6561=DIRECTION('ref_axis',(-1.76936841085041E-14,0.,-1.));
#6562=DIRECTION('center_axis',(0.,-1.,0.));
#6563=DIRECTION('ref_axis',(-1.76936841085041E-14,0.,-1.));
#6564=DIRECTION('',(0.,1.,0.));
#6565=DIRECTION('center_axis',(0.,1.,0.));
#6566=DIRECTION('ref_axis',(0.996748192854194,0.,-0.0805794020944518));
#6567=DIRECTION('center_axis',(0.,-1.,0.));
#6568=DIRECTION('ref_axis',(0.996748192854194,0.,-0.0805794020944518));
#6569=DIRECTION('center_axis',(0.,1.,0.));
#6570=DIRECTION('ref_axis',(0.996748192854194,0.,-0.0805794020944518));
#6571=DIRECTION('center_axis',(0.,1.,0.));
#6572=DIRECTION('ref_axis',(0.997494004787461,0.,-0.070751045314346));
#6573=DIRECTION('center_axis',(0.,-1.,0.));
#6574=DIRECTION('ref_axis',(0.997494004787461,0.,-0.070751045314346));
#6575=DIRECTION('',(0.,1.,0.));
#6576=DIRECTION('center_axis',(0.,1.,0.));
#6577=DIRECTION('ref_axis',(-1.01277526125844E-14,0.,-1.));
#6578=DIRECTION('center_axis',(0.,1.,0.));
#6579=DIRECTION('ref_axis',(-1.01277526125844E-14,0.,-1.));
#6580=DIRECTION('center_axis',(0.,1.,0.));
#6581=DIRECTION('ref_axis',(0.985593619118415,0.,0.169130771750926));
#6582=DIRECTION('center_axis',(0.,1.,0.));
#6583=DIRECTION('ref_axis',(0.985593619118415,0.,0.169130771750926));
#6584=DIRECTION('',(0.,1.,0.));
#6585=DIRECTION('center_axis',(0.,-1.,0.));
#6586=DIRECTION('ref_axis',(0.985593619118415,0.,0.169130771750926));
#6587=DIRECTION('',(0.,1.,0.));
#6588=DIRECTION('center_axis',(0.678744550709124,0.,-0.734374451409272));
#6589=DIRECTION('ref_axis',(-0.734374451409272,0.,-0.678744550709124));
#6590=DIRECTION('',(0.734374451409272,0.,0.678744550709124));
#6591=DIRECTION('',(-0.734374451409272,0.,-0.678744550709124));
#6592=DIRECTION('',(0.,1.,0.));
#6593=DIRECTION('center_axis',(5.43394059685867E-16,0.,1.));
#6594=DIRECTION('ref_axis',(1.,0.,-5.43394059685867E-16));
#6595=DIRECTION('',(-1.,0.,5.43394059685867E-16));
#6596=DIRECTION('',(1.,0.,-5.43394059685867E-16));
#6597=DIRECTION('',(0.,1.,0.));
#6598=DIRECTION('center_axis',(-0.678744550735692,0.,0.734374451384716));
#6599=DIRECTION('ref_axis',(0.734374451384716,0.,0.678744550735692));
#6600=DIRECTION('',(-0.734374451384716,0.,-0.678744550735692));
#6601=DIRECTION('',(0.734374451384716,0.,0.678744550735692));
#6602=DIRECTION('center_axis',(0.,1.,0.));
#6603=DIRECTION('ref_axis',(-1.,0.,0.));
#6604=DIRECTION('center_axis',(0.,1.,0.));
#6605=DIRECTION('ref_axis',(0.985593619118415,0.,0.169130771750926));
#6606=DIRECTION('center_axis',(0.,1.,0.));
#6607=DIRECTION('ref_axis',(0.985593619118415,0.,0.169130771750926));
#6608=DIRECTION('',(0.,1.,0.));
#6609=DIRECTION('center_axis',(0.,-1.,0.));
#6610=DIRECTION('ref_axis',(0.985593619118415,0.,0.169130771750926));
#6611=DIRECTION('',(0.,1.,0.));
#6612=DIRECTION('center_axis',(0.678744550709124,0.,-0.734374451409272));
#6613=DIRECTION('ref_axis',(-0.734374451409272,0.,-0.678744550709124));
#6614=DIRECTION('',(0.734374451409272,0.,0.678744550709124));
#6615=DIRECTION('',(-0.734374451409272,0.,-0.678744550709124));
#6616=DIRECTION('',(0.,1.,0.));
#6617=DIRECTION('center_axis',(5.43394059685867E-16,0.,1.));
#6618=DIRECTION('ref_axis',(1.,0.,-5.43394059685867E-16));
#6619=DIRECTION('',(-1.,0.,5.43394059685867E-16));
#6620=DIRECTION('',(1.,0.,-5.43394059685867E-16));
#6621=DIRECTION('',(0.,1.,0.));
#6622=DIRECTION('center_axis',(-0.678744550735662,0.,0.734374451384745));
#6623=DIRECTION('ref_axis',(0.734374451384745,0.,0.678744550735662));
#6624=DIRECTION('',(-0.734374451384745,0.,-0.678744550735662));
#6625=DIRECTION('',(0.734374451384744,0.,0.678744550735662));
#6626=DIRECTION('center_axis',(0.,1.,0.));
#6627=DIRECTION('ref_axis',(-1.,0.,0.));
#6628=DIRECTION('center_axis',(0.,1.,0.));
#6629=DIRECTION('ref_axis',(0.931228879326872,0.,0.364434869774585));
#6630=DIRECTION('center_axis',(0.,1.,0.));
#6631=DIRECTION('ref_axis',(0.931228879326872,0.,0.364434869774585));
#6632=DIRECTION('',(0.,1.,0.));
#6633=DIRECTION('',(0.,-1.,0.));
#6634=DIRECTION('center_axis',(-0.678744550735631,0.,0.734374451384773));
#6635=DIRECTION('ref_axis',(0.734374451384773,0.,0.678744550735631));
#6636=DIRECTION('',(0.,1.,0.));
#6637=DIRECTION('',(-0.734374451384773,0.,-0.678744550735631));
#6638=DIRECTION('center_axis',(0.,1.,0.));
#6639=DIRECTION('ref_axis',(-0.340806202606805,0.,-0.9401335715018));
#6640=DIRECTION('center_axis',(0.,1.,0.));
#6641=DIRECTION('ref_axis',(-0.340806202606805,0.,-0.9401335715018));
#6642=DIRECTION('',(0.,-1.,0.));
#6643=DIRECTION('center_axis',(0.,1.,0.));
#6644=DIRECTION('ref_axis',(0.985593619118415,0.,0.169130771750926));
#6645=DIRECTION('',(0.,1.,0.));
#6646=DIRECTION('center_axis',(0.,-1.,0.));
#6647=DIRECTION('ref_axis',(0.985593619118415,0.,0.169130771750926));
#6648=DIRECTION('center_axis',(0.,1.,0.));
#6649=DIRECTION('ref_axis',(-0.345976740732147,0.,-0.938243089434908));
#6650=DIRECTION('',(0.,1.,0.));
#6651=DIRECTION('center_axis',(-4.43318570138435E-16,0.,-1.));
#6652=DIRECTION('ref_axis',(-1.,0.,4.43318570138435E-16));
#6653=DIRECTION('',(1.,0.,-4.43318570138435E-16));
#6654=DIRECTION('',(0.,1.,0.));
#6655=DIRECTION('center_axis',(0.,1.,0.));
#6656=DIRECTION('ref_axis',(-0.985593619118401,0.,-0.169130771751009));
#6657=DIRECTION('center_axis',(0.,1.,0.));
#6658=DIRECTION('ref_axis',(-0.985593619118401,0.,-0.169130771751009));
#6659=DIRECTION('center_axis',(0.,1.,0.));
#6660=DIRECTION('ref_axis',(0.985593619118415,0.,0.169130771750926));
#6661=DIRECTION('',(0.,1.,0.));
#6662=DIRECTION('center_axis',(5.31982284166122E-16,0.,1.));
#6663=DIRECTION('ref_axis',(1.,0.,-5.31982284166122E-16));
#6664=DIRECTION('',(0.,1.,0.));
#6665=DIRECTION('center_axis',(0.,1.,0.));
#6666=DIRECTION('ref_axis',(-0.985593619118407,0.,-0.169130771750975));
#6667=DIRECTION('center_axis',(0.,1.,0.));
#6668=DIRECTION('ref_axis',(-1.,0.,0.));
#6669=DIRECTION('center_axis',(-1.,1.17478808320222E-14,7.39013046545246E-15));
#6670=DIRECTION('ref_axis',(-3.15796771448933E-15,0.325904102663007,-0.945402832589061));
#6671=DIRECTION('center_axis',(0.169130771750931,1.55062498330895E-15,0.985593619118415));
#6672=DIRECTION('ref_axis',(-0.931782999296253,0.325904102663008,0.159896710691304));
#6673=DIRECTION('',(0.,-0.835302343501792,0.549790864729866));
#6674=DIRECTION('',(0.541870368127345,-0.835302343501797,-0.0929865532533718));
#6675=DIRECTION('center_axis',(0.,0.,-1.));
#6676=DIRECTION('ref_axis',(-1.,0.,0.));
#6677=DIRECTION('',(-1.,0.,0.));
#6678=DIRECTION('',(-0.0174524064372835,-0.999847695156391,0.));
#6679=DIRECTION('',(-1.,0.,0.));
#6680=DIRECTION('',(-0.0174524064372835,0.999847695156391,0.));
#6681=DIRECTION('center_axis',(0.,1.,0.));
#6682=DIRECTION('ref_axis',(-1.,0.,0.));
#6683=DIRECTION('center_axis',(0.,0.707106781186547,0.707106781186548));
#6684=DIRECTION('ref_axis',(1.,0.,0.));
#6685=DIRECTION('',(1.,0.,0.));
#6686=DIRECTION('center_axis',(-1.,0.,0.));
#6687=DIRECTION('ref_axis',(0.,-0.38268343236509,-0.923879532511287));
#6688=DIRECTION('',(1.,0.,0.));
#6689=DIRECTION('center_axis',(1.,0.,0.));
#6690=DIRECTION('ref_axis',(0.,-0.38268343236509,0.923879532511287));
#6691=DIRECTION('',(1.,0.,0.));
#6692=DIRECTION('',(-1.,0.,0.));
#6693=DIRECTION('center_axis',(0.,0.,-1.));
#6694=DIRECTION('ref_axis',(-1.,0.,0.));
#6695=DIRECTION('center_axis',(0.,0.,1.));
#6696=DIRECTION('ref_axis',(1.,0.,0.));
#6697=DIRECTION('center_axis',(0.,0.,-1.));
#6698=DIRECTION('ref_axis',(-1.,0.,0.));
#6699=DIRECTION('center_axis',(0.,0.,1.));
#6700=DIRECTION('ref_axis',(1.,0.,0.));
#6701=DIRECTION('center_axis',(0.,0.707106781186547,-0.707106781186548));
#6702=DIRECTION('ref_axis',(-1.,0.,0.));
#6703=DIRECTION('',(0.530934342954306,-0.749057676833645,0.396259157936143));
#6704=DIRECTION('',(-0.531001714330097,0.749063271947168,0.396158294117769));
#6705=DIRECTION('',(0.530934342954306,-0.749057676833645,-0.396259157936143));
#6706=DIRECTION('center_axis',(-0.999847695156391,0.0174524064372835,0.));
#6707=DIRECTION('ref_axis',(0.,0.,1.));
#6708=DIRECTION('',(0.,0.,1.));
#6709=DIRECTION('',(0.,0.,-1.));
#6710=DIRECTION('',(0.0174524064372835,0.999847695156391,0.));
#6711=DIRECTION('center_axis',(0.,1.,0.));
#6712=DIRECTION('ref_axis',(0.,0.,1.));
#6713=DIRECTION('',(0.,0.,1.));
#6714=DIRECTION('',(1.,0.,0.));
#6715=DIRECTION('center_axis',(0.999847695156391,0.0174524064372835,0.));
#6716=DIRECTION('ref_axis',(0.,0.,-1.));
#6717=DIRECTION('',(0.,0.,-1.));
#6718=DIRECTION('',(0.0174524064372835,-0.999847695156391,0.));
#6719=DIRECTION('',(0.541870368127345,-0.835302343501797,0.0929865532533718));
#6720=DIRECTION('center_axis',(-0.169130771750931,-1.55062498330895E-15,
0.985593619118415));
#6721=DIRECTION('ref_axis',(-0.931782999296253,0.325904102663008,-0.159896710691304));
#6722=DIRECTION('',(0.,-0.835302343501792,-0.549790864729866));
#6723=DIRECTION('center_axis',(0.,0.,1.));
#6724=DIRECTION('ref_axis',(1.,0.,0.));
#6725=DIRECTION('',(1.,0.,0.));
#6726=DIRECTION('center_axis',(0.,1.,0.));
#6727=DIRECTION('ref_axis',(0.931228879327389,0.,-0.364434869773264));
#6728=DIRECTION('center_axis',(0.,-1.,0.));
#6729=DIRECTION('ref_axis',(0.931228879327389,0.,-0.364434869773264));
#6730=DIRECTION('',(0.,-1.,0.));
#6731=DIRECTION('center_axis',(0.,1.,0.));
#6732=DIRECTION('ref_axis',(-1.,0.,0.));
#6733=DIRECTION('',(0.734374451386682,0.,-0.678744550733565));
#6734=DIRECTION('center_axis',(0.678744550733565,0.,0.734374451386682));
#6735=DIRECTION('ref_axis',(0.734374451386682,0.,-0.678744550733565));
#6736=DIRECTION('center_axis',(0.,-1.,2.96059473233375E-16));
#6737=DIRECTION('ref_axis',(1.,0.,3.44099483397188E-31));
#6738=DIRECTION('',(0.,-1.,2.96059473233375E-16));
#6739=DIRECTION('center_axis',(0.,-1.,0.));
#6740=DIRECTION('ref_axis',(1.,0.,3.44099483397188E-31));
#6741=DIRECTION('center_axis',(0.,-1.,2.96059473233375E-16));
#6742=DIRECTION('ref_axis',(1.,0.,3.44099483397188E-31));
#6743=DIRECTION('',(0.,-1.,2.96059473233375E-16));
#6744=DIRECTION('center_axis',(0.,-1.,0.));
#6745=DIRECTION('ref_axis',(1.,0.,3.44099483397188E-31));
#6746=DIRECTION('center_axis',(0.,-1.,2.96059473233375E-16));
#6747=DIRECTION('ref_axis',(1.,0.,3.44099483397188E-31));
#6748=DIRECTION('',(0.,-1.,2.96059473233375E-16));
#6749=DIRECTION('center_axis',(0.,-1.,0.));
#6750=DIRECTION('ref_axis',(1.,0.,3.44099483397188E-31));
#6751=DIRECTION('center_axis',(0.,-1.,2.96059473233375E-16));
#6752=DIRECTION('ref_axis',(1.,0.,3.44099483397188E-31));
#6753=DIRECTION('',(0.,-1.,2.96059473233375E-16));
#6754=DIRECTION('center_axis',(0.,-1.,0.));
#6755=DIRECTION('ref_axis',(1.,0.,3.44099483397188E-31));
#6756=DIRECTION('center_axis',(0.,1.,0.));
#6757=DIRECTION('ref_axis',(0.,0.,1.));
#6758=DIRECTION('',(-1.,0.,-4.39534328316238E-15));
#6759=DIRECTION('',(-0.50000000000001,0.,-0.866025403784433));
#6760=DIRECTION('',(0.500000000000008,0.,-0.866025403784434));
#6761=DIRECTION('',(1.,0.,-2.19767164158119E-15));
#6762=DIRECTION('',(0.500000000000008,0.,0.866025403784434));
#6763=DIRECTION('',(-0.500000000000007,0.,0.866025403784435));
#6764=DIRECTION('center_axis',(4.39534328316238E-15,0.,-1.));
#6765=DIRECTION('ref_axis',(-1.,0.,-4.39534328316238E-15));
#6766=DIRECTION('',(-1.,0.,-4.39534328316238E-15));
#6767=DIRECTION('',(0.,1.,0.));
#6768=DIRECTION('',(0.,1.,0.));
#6769=DIRECTION('center_axis',(-0.866025403784435,0.,-0.500000000000007));
#6770=DIRECTION('ref_axis',(-0.500000000000007,0.,0.866025403784435));
#6771=DIRECTION('',(-0.500000000000007,0.,0.866025403784435));
#6772=DIRECTION('',(0.,1.,0.));
#6773=DIRECTION('center_axis',(-0.866025403784434,0.,0.500000000000008));
#6774=DIRECTION('ref_axis',(0.500000000000008,0.,0.866025403784434));
#6775=DIRECTION('',(0.500000000000008,0.,0.866025403784434));
#6776=DIRECTION('',(0.,1.,0.));
#6777=DIRECTION('center_axis',(2.19767164158119E-15,0.,1.));
#6778=DIRECTION('ref_axis',(1.,0.,-2.19767164158119E-15));
#6779=DIRECTION('',(1.,0.,-2.19767164158119E-15));
#6780=DIRECTION('',(0.,1.,0.));
#6781=DIRECTION('center_axis',(0.866025403784434,0.,0.500000000000008));
#6782=DIRECTION('ref_axis',(0.500000000000008,0.,-0.866025403784434));
#6783=DIRECTION('',(0.500000000000008,0.,-0.866025403784434));
#6784=DIRECTION('',(0.,1.,0.));
#6785=DIRECTION('center_axis',(0.866025403784433,0.,-0.50000000000001));
#6786=DIRECTION('ref_axis',(-0.50000000000001,0.,-0.866025403784433));
#6787=DIRECTION('',(-0.50000000000001,0.,-0.866025403784433));
#6788=DIRECTION('center_axis',(0.,1.,0.));
#6789=DIRECTION('ref_axis',(0.,0.,1.));
#6790=DIRECTION('',(-1.,0.,4.39534328316246E-15));
#6791=DIRECTION('',(-0.499999999999999,0.,-0.866025403784439));
#6792=DIRECTION('',(0.499999999999999,0.,-0.866025403784439));
#6793=DIRECTION('',(1.,0.,0.));
#6794=DIRECTION('',(0.5,0.,0.866025403784438));
#6795=DIRECTION('',(-0.5,0.,0.866025403784438));
#6796=DIRECTION('center_axis',(-4.39534328316246E-15,0.,-1.));
#6797=DIRECTION('ref_axis',(-1.,0.,4.39534328316246E-15));
#6798=DIRECTION('',(-1.,0.,4.39534328316246E-15));
#6799=DIRECTION('',(0.,1.,0.));
#6800=DIRECTION('',(0.,1.,0.));
#6801=DIRECTION('center_axis',(-0.866025403784439,0.,-0.5));
#6802=DIRECTION('ref_axis',(-0.5,0.,0.866025403784439));
#6803=DIRECTION('',(-0.5,0.,0.866025403784439));
#6804=DIRECTION('',(0.,1.,0.));
#6805=DIRECTION('center_axis',(-0.866025403784439,0.,0.5));
#6806=DIRECTION('ref_axis',(0.5,0.,0.866025403784439));
#6807=DIRECTION('',(0.5,0.,0.866025403784439));
#6808=DIRECTION('',(0.,1.,0.));
#6809=DIRECTION('center_axis',(0.,0.,1.));
#6810=DIRECTION('ref_axis',(1.,0.,0.));
#6811=DIRECTION('',(1.,0.,0.));
#6812=DIRECTION('',(0.,1.,0.));
#6813=DIRECTION('center_axis',(0.866025403784439,0.,0.499999999999999));
#6814=DIRECTION('ref_axis',(0.499999999999999,0.,-0.866025403784439));
#6815=DIRECTION('',(0.499999999999999,0.,-0.866025403784439));
#6816=DIRECTION('',(0.,1.,0.));
#6817=DIRECTION('center_axis',(0.866025403784439,0.,-0.499999999999999));
#6818=DIRECTION('ref_axis',(-0.499999999999999,0.,-0.866025403784439));
#6819=DIRECTION('',(-0.499999999999999,0.,-0.866025403784439));
#6820=DIRECTION('center_axis',(0.,1.,0.));
#6821=DIRECTION('ref_axis',(0.,0.,1.));
#6822=DIRECTION('',(-1.,0.,4.39534328316246E-15));
#6823=DIRECTION('',(-0.499999999999999,0.,-0.866025403784439));
#6824=DIRECTION('',(0.499999999999999,0.,-0.866025403784439));
#6825=DIRECTION('',(1.,0.,0.));
#6826=DIRECTION('',(0.5,0.,0.866025403784438));
#6827=DIRECTION('',(-0.5,0.,0.866025403784438));
#6828=DIRECTION('center_axis',(-4.39534328316246E-15,0.,-1.));
#6829=DIRECTION('ref_axis',(-1.,0.,4.39534328316246E-15));
#6830=DIRECTION('',(-1.,0.,4.39534328316246E-15));
#6831=DIRECTION('',(0.,1.,0.));
#6832=DIRECTION('',(0.,1.,0.));
#6833=DIRECTION('center_axis',(-0.866025403784439,0.,-0.5));
#6834=DIRECTION('ref_axis',(-0.5,0.,0.866025403784439));
#6835=DIRECTION('',(-0.5,0.,0.866025403784439));
#6836=DIRECTION('',(0.,1.,0.));
#6837=DIRECTION('center_axis',(-0.866025403784439,0.,0.5));
#6838=DIRECTION('ref_axis',(0.5,0.,0.866025403784439));
#6839=DIRECTION('',(0.5,0.,0.866025403784439));
#6840=DIRECTION('',(0.,1.,0.));
#6841=DIRECTION('center_axis',(0.,0.,1.));
#6842=DIRECTION('ref_axis',(1.,0.,0.));
#6843=DIRECTION('',(1.,0.,0.));
#6844=DIRECTION('',(0.,1.,0.));
#6845=DIRECTION('center_axis',(0.866025403784439,0.,0.499999999999999));
#6846=DIRECTION('ref_axis',(0.499999999999999,0.,-0.866025403784439));
#6847=DIRECTION('',(0.499999999999999,0.,-0.866025403784439));
#6848=DIRECTION('',(0.,1.,0.));
#6849=DIRECTION('center_axis',(0.866025403784439,0.,-0.499999999999999));
#6850=DIRECTION('ref_axis',(-0.499999999999999,0.,-0.866025403784439));
#6851=DIRECTION('',(-0.499999999999999,0.,-0.866025403784439));
#6852=DIRECTION('center_axis',(0.,1.,0.));
#6853=DIRECTION('ref_axis',(0.,0.,1.));
#6854=DIRECTION('',(-1.,0.,4.39534328316246E-15));
#6855=DIRECTION('',(-0.499999999999999,0.,-0.866025403784439));
#6856=DIRECTION('',(0.499999999999999,0.,-0.866025403784439));
#6857=DIRECTION('',(1.,0.,0.));
#6858=DIRECTION('',(0.5,0.,0.866025403784438));
#6859=DIRECTION('',(-0.5,0.,0.866025403784438));
#6860=DIRECTION('center_axis',(-4.39534328316246E-15,0.,-1.));
#6861=DIRECTION('ref_axis',(-1.,0.,4.39534328316246E-15));
#6862=DIRECTION('',(-1.,0.,4.39534328316246E-15));
#6863=DIRECTION('',(0.,1.,0.));
#6864=DIRECTION('',(0.,1.,0.));
#6865=DIRECTION('center_axis',(-0.866025403784439,0.,-0.5));
#6866=DIRECTION('ref_axis',(-0.5,0.,0.866025403784439));
#6867=DIRECTION('',(-0.5,0.,0.866025403784439));
#6868=DIRECTION('',(0.,1.,0.));
#6869=DIRECTION('center_axis',(-0.866025403784439,0.,0.5));
#6870=DIRECTION('ref_axis',(0.5,0.,0.866025403784439));
#6871=DIRECTION('',(0.5,0.,0.866025403784439));
#6872=DIRECTION('',(0.,1.,0.));
#6873=DIRECTION('center_axis',(0.,0.,1.));
#6874=DIRECTION('ref_axis',(1.,0.,0.));
#6875=DIRECTION('',(1.,0.,0.));
#6876=DIRECTION('',(0.,1.,0.));
#6877=DIRECTION('center_axis',(0.866025403784439,0.,0.499999999999999));
#6878=DIRECTION('ref_axis',(0.499999999999999,0.,-0.866025403784439));
#6879=DIRECTION('',(0.499999999999999,0.,-0.866025403784439));
#6880=DIRECTION('',(0.,1.,0.));
#6881=DIRECTION('center_axis',(0.866025403784439,0.,-0.499999999999999));
#6882=DIRECTION('ref_axis',(-0.499999999999999,0.,-0.866025403784439));
#6883=DIRECTION('',(-0.499999999999999,0.,-0.866025403784439));
#6884=DIRECTION('center_axis',(0.,0.,1.));
#6885=DIRECTION('ref_axis',(1.,0.,0.));
#6886=DIRECTION('center_axis',(0.,0.,1.));
#6887=DIRECTION('ref_axis',(0.999996795737652,0.00253150438060772,0.));
#6888=DIRECTION('center_axis',(0.,0.,-1.));
#6889=DIRECTION('ref_axis',(-1.,0.,0.));
#6890=DIRECTION('center_axis',(0.,0.,-1.));
#6891=DIRECTION('ref_axis',(0.999996795737652,0.0025315043806077,0.));
#6892=DIRECTION('center_axis',(0.,0.,-1.));
#6893=DIRECTION('ref_axis',(-1.,0.,0.));
#6894=DIRECTION('',(0.,0.,1.));
#6895=DIRECTION('center_axis',(0.,0.,-1.));
#6896=DIRECTION('ref_axis',(0.999996795737652,0.0025315043806077,0.));
#6897=DIRECTION('center_axis',(0.,0.,1.));
#6898=DIRECTION('ref_axis',(-1.,0.,0.));
#6899=DIRECTION('center_axis',(0.,0.,1.));
#6900=DIRECTION('ref_axis',(0.999996795737652,0.00253150438060772,0.));
#6901=DIRECTION('center_axis',(0.,0.,-1.));
#6902=DIRECTION('ref_axis',(1.,0.,0.));
#6903=DIRECTION('center_axis',(-0.566221104907134,-2.86328253459019E-16,
0.824253395721088));
#6904=DIRECTION('ref_axis',(-0.807482300435954,0.200698846011506,-0.55470019622523));
#6905=DIRECTION('center_axis',(0.,0.,1.));
#6906=DIRECTION('ref_axis',(-0.972130973124793,0.234438416415575,0.));
#6907=DIRECTION('center_axis',(0.,0.,-1.));
#6908=DIRECTION('ref_axis',(-0.785632998420887,-0.61869280890617,0.));
#6909=DIRECTION('center_axis',(0.,0.,1.));
#6910=DIRECTION('ref_axis',(-0.972130973124792,0.234438416415578,0.));
#6911=DIRECTION('center_axis',(0.566221104907126,0.,0.824253395721093));
#6912=DIRECTION('ref_axis',(-0.80748230043596,0.200698846011502,0.554700196225224));
#6913=DIRECTION('center_axis',(0.,0.,1.));
#6914=DIRECTION('ref_axis',(-0.707106781186543,0.707106781186552,0.));
#6915=DIRECTION('',(0.,0.,-1.));
#6916=DIRECTION('center_axis',(0.,0.,1.));
#6917=DIRECTION('ref_axis',(0.707106781186556,-0.707106781186539,0.));
#6918=DIRECTION('',(0.,0.,1.));
#6919=DIRECTION('center_axis',(0.,-1.,0.));
#6920=DIRECTION('ref_axis',(0.,0.,-1.));
#6921=DIRECTION('',(-1.,0.,0.));
#6922=DIRECTION('',(0.,0.,-1.));
#6923=DIRECTION('center_axis',(0.,0.,-1.));
#6924=DIRECTION('ref_axis',(-0.707106781186548,-0.707106781186547,0.));
#6925=DIRECTION('',(0.,0.,1.));
#6926=DIRECTION('center_axis',(0.,0.,-1.));
#6927=DIRECTION('ref_axis',(0.707106781186552,0.707106781186543,0.));
#6928=DIRECTION('center_axis',(0.,0.,-1.));
#6929=DIRECTION('ref_axis',(1.,0.,0.));
#6930=DIRECTION('center_axis',(0.,0.,-1.));
#6931=DIRECTION('ref_axis',(1.,-1.11022302462516E-15,0.));
#6932=DIRECTION('center_axis',(0.,0.,1.));
#6933=DIRECTION('ref_axis',(1.,0.,0.));
#6934=DIRECTION('center_axis',(1.,0.,0.));
#6935=DIRECTION('ref_axis',(0.,-1.,0.));
#6936=DIRECTION('center_axis',(-1.,0.,0.));
#6937=DIRECTION('ref_axis',(0.,-0.70710678118655,-0.707106781186545));
#6938=DIRECTION('',(0.720213416047751,0.281175354829926,0.634218460139008));
#6939=DIRECTION('',(-0.732050807568891,-0.481716522001133,-0.48171652200113));
#6940=DIRECTION('center_axis',(0.,0.923879532511287,0.38268343236509));
#6941=DIRECTION('ref_axis',(0.,-0.38268343236509,0.923879532511287));
#6942=DIRECTION('',(0.,0.382683432365088,-0.923879532511288));
#6943=DIRECTION('',(-0.732050807568873,0.481716522001143,0.481716522001149));
#6944=DIRECTION('',(0.720213416047758,-0.281175354829918,-0.634218460139003));
#6945=DIRECTION('',(0.,0.382683432365088,-0.923879532511288));
#6946=DIRECTION('center_axis',(0.,0.923879532511288,0.382683432365088));
#6947=DIRECTION('ref_axis',(0.,-0.382683432365088,0.923879532511288));
#6948=DIRECTION('',(0.,0.38268343236509,-0.923879532511287));
#6949=DIRECTION('',(0.,0.38268343236509,-0.923879532511287));
#6950=DIRECTION('center_axis',(0.,0.923879532511287,0.38268343236509));
#6951=DIRECTION('ref_axis',(0.,-0.38268343236509,0.923879532511287));
#6952=DIRECTION('',(-0.357406744336601,0.357406744336592,-0.862856209461014));
#6953=DIRECTION('center_axis',(0.707106781186543,0.707106781186552,0.));
#6954=DIRECTION('ref_axis',(0.,0.,-1.));
#6955=DIRECTION('center_axis',(-8.36053763420933E-93,1.,1.69571848803778E-61));
#6956=DIRECTION('ref_axis',(0.,0.,1.));
#6957=DIRECTION('center_axis',(1.,0.,0.));
#6958=DIRECTION('ref_axis',(0.,-1.22464679914735E-16,1.));
#6959=DIRECTION('center_axis',(-1.,0.,0.));
#6960=DIRECTION('ref_axis',(0.,-1.,0.));
#6961=DIRECTION('center_axis',(-0.737277336810126,-0.675590207615658,0.));
#6962=DIRECTION('ref_axis',(0.,0.,1.));
#6963=DIRECTION('',(-0.543774795917195,0.593426057451647,-0.593426057451649));
#6964=DIRECTION('center_axis',(0.,-0.707106781186548,-0.707106781186547));
#6965=DIRECTION('ref_axis',(-1.,0.,0.));
#6966=DIRECTION('center_axis',(0.,0.,1.));
#6967=DIRECTION('ref_axis',(0.,-1.,0.));
#6968=DIRECTION('center_axis',(0.,0.,1.));
#6969=DIRECTION('ref_axis',(0.,-1.,0.));
#6970=DIRECTION('center_axis',(0.,0.,1.));
#6971=DIRECTION('ref_axis',(-1.,0.,0.));
#6972=DIRECTION('center_axis',(0.,0.,-1.));
#6973=DIRECTION('ref_axis',(-1.,0.,0.));
#6974=DIRECTION('center_axis',(0.,0.,-1.));
#6975=DIRECTION('ref_axis',(1.,0.,0.));
#6976=DIRECTION('center_axis',(0.,0.,1.));
#6977=DIRECTION('ref_axis',(1.,0.,0.));
#6978=DIRECTION('center_axis',(0.,0.,1.));
#6979=DIRECTION('ref_axis',(1.,0.,0.));
#6980=DIRECTION('center_axis',(0.,0.,1.));
#6981=DIRECTION('ref_axis',(1.,0.,0.));
#6982=DIRECTION('',(0.,0.,1.));
#6983=DIRECTION('center_axis',(0.,0.,-1.));
#6984=DIRECTION('ref_axis',(1.,0.,0.));
#6985=DIRECTION('center_axis',(0.,0.,-1.));
#6986=DIRECTION('ref_axis',(1.,0.,0.));
#6987=DIRECTION('',(0.707106781186558,-8.65956056235506E-17,0.707106781186537));
#6988=DIRECTION('center_axis',(0.,0.,-1.));
#6989=DIRECTION('ref_axis',(-1.,0.,0.));
#6990=DIRECTION('center_axis',(0.,0.,-1.));
#6991=DIRECTION('ref_axis',(-1.,0.,0.));
#6992=DIRECTION('',(0.,0.,-1.));
#6993=DIRECTION('center_axis',(0.,0.,1.));
#6994=DIRECTION('ref_axis',(-1.,0.,0.));
#6995=DIRECTION('center_axis',(0.,0.,1.));
#6996=DIRECTION('ref_axis',(-1.,0.,0.));
#6997=DIRECTION('',(-0.707106781186563,-8.65956056235513E-17,-0.707106781186532));
#6998=DIRECTION('center_axis',(0.996194698091746,-0.0871557427476585,0.));
#6999=DIRECTION('ref_axis',(0.0871557427476585,0.996194698091746,0.));
#7000=DIRECTION('center_axis',(-0.996194698091746,0.0871557427476585,0.));
#7001=DIRECTION('ref_axis',(0.0871557427476585,0.996194698091746,0.));
#7002=DIRECTION('center_axis',(-0.996194698091746,0.0871557427476582,0.));
#7003=DIRECTION('ref_axis',(0.0871557427476582,0.996194698091746,0.));
#7004=DIRECTION('',(-0.996194698091746,0.0871557427476582,0.));
#7005=DIRECTION('center_axis',(0.996194698091746,-0.0871557427476585,0.));
#7006=DIRECTION('ref_axis',(0.0871557427476585,0.996194698091746,0.));
#7007=DIRECTION('center_axis',(-0.996194698091746,0.0871557427476585,0.));
#7008=DIRECTION('ref_axis',(0.0871557427476585,0.996194698091746,0.));
#7009=DIRECTION('center_axis',(-0.996194698091746,0.0871557427476582,0.));
#7010=DIRECTION('ref_axis',(0.0871557427476582,0.996194698091746,0.));
#7011=DIRECTION('',(-0.996194698091746,0.0871557427476582,0.));
#7012=DIRECTION('center_axis',(0.,0.,-1.));
#7013=DIRECTION('ref_axis',(1.,0.,0.));
#7014=DIRECTION('',(0.,-1.,0.));
#7015=DIRECTION('',(-0.707106781186548,-0.707106781186547,0.));
#7016=DIRECTION('center_axis',(0.,0.,1.));
#7017=DIRECTION('ref_axis',(-1.,0.,0.));
#7018=DIRECTION('',(-0.087155742747659,-0.996194698091746,0.));
#7019=DIRECTION('',(1.,0.,0.));
#7020=DIRECTION('center_axis',(0.,0.,-1.));
#7021=DIRECTION('ref_axis',(1.,0.,0.));
#7022=DIRECTION('center_axis',(0.,0.,-1.));
#7023=DIRECTION('ref_axis',(-1.,0.,0.));
#7024=DIRECTION('',(0.707106781186548,0.707106781186547,0.));
#7025=DIRECTION('',(0.,1.,0.));
#7026=DIRECTION('',(1.,0.,0.));
#7027=DIRECTION('',(0.087155742747659,0.996194698091746,0.));
#7028=DIRECTION('center_axis',(0.707106781186547,-0.707106781186548,0.));
#7029=DIRECTION('ref_axis',(-0.707106781186548,-0.707106781186547,0.));
#7030=DIRECTION('',(-0.707106781186548,-0.707106781186547,0.));
#7031=DIRECTION('',(0.,0.,-1.));
#7032=DIRECTION('',(0.,0.,1.));
#7033=DIRECTION('center_axis',(-1.,0.,0.));
#7034=DIRECTION('ref_axis',(0.,1.,0.));
#7035=DIRECTION('',(0.,1.,0.));
#7036=DIRECTION('center_axis',(-1.,0.,0.));
#7037=DIRECTION('ref_axis',(0.,1.,0.));
#7038=DIRECTION('',(0.,-1.,0.));
#7039=DIRECTION('',(0.,0.,1.));
#7040=DIRECTION('center_axis',(0.707106781186547,-0.707106781186548,0.));
#7041=DIRECTION('ref_axis',(-0.707106781186548,-0.707106781186547,0.));
#7042=DIRECTION('',(0.707106781186548,0.707106781186547,0.));
#7043=DIRECTION('',(0.,0.,-1.));
#7044=DIRECTION('center_axis',(0.,0.,1.));
#7045=DIRECTION('ref_axis',(-1.,0.,0.));
#7046=DIRECTION('center_axis',(0.,0.,1.));
#7047=DIRECTION('ref_axis',(-1.,0.,0.));
#7048=DIRECTION('',(0.,0.,-1.));
#7049=DIRECTION('center_axis',(-0.996194698091745,0.087155742747659,0.));
#7050=DIRECTION('ref_axis',(0.087155742747659,0.996194698091746,0.));
#7051=DIRECTION('',(0.087155742747659,0.996194698091746,0.));
#7052=DIRECTION('',(0.,0.,1.));
#7053=DIRECTION('',(0.,0.,-1.));
#7054=DIRECTION('center_axis',(-0.996194698091745,0.087155742747659,0.));
#7055=DIRECTION('ref_axis',(0.087155742747659,0.996194698091746,0.));
#7056=DIRECTION('',(-0.087155742747659,-0.996194698091746,0.));
#7057=DIRECTION('',(0.,0.,1.));
#7058=DIRECTION('center_axis',(0.,1.,0.));
#7059=DIRECTION('ref_axis',(-1.,0.,0.));
#7060=DIRECTION('',(-1.,0.,0.));
#7061=DIRECTION('',(0.,0.,1.));
#7062=DIRECTION('',(1.,0.,0.));
#7063=DIRECTION('center_axis',(0.,0.,1.));
#7064=DIRECTION('ref_axis',(-1.,0.,0.));
#7065=DIRECTION('center_axis',(0.,0.,-1.));
#7066=DIRECTION('ref_axis',(-1.,0.,0.));
#7067=DIRECTION('center_axis',(0.,0.,-1.));
#7068=DIRECTION('ref_axis',(1.,0.,0.));
#7069=DIRECTION('',(0.,-1.,0.));
#7070=DIRECTION('center_axis',(0.,0.,1.));
#7071=DIRECTION('ref_axis',(-1.,0.,0.));
#7072=DIRECTION('',(0.,1.,0.));
#7073=DIRECTION('center_axis',(-1.,0.,0.));
#7074=DIRECTION('ref_axis',(0.,0.,-1.));
#7075=CARTESIAN_POINT('',(0.,0.,0.));
#7076=CARTESIAN_POINT('Ctrl Pts',(437.127210566792,-48.0000000000002,50.3278034289772));
#7077=CARTESIAN_POINT('Ctrl Pts',(437.127210566792,-48.0000000000002,47.6495779630978));
#7078=CARTESIAN_POINT('Ctrl Pts',(437.127210566803,-47.9999999999998,44.8236934333151));
#7079=CARTESIAN_POINT('Ctrl Pts',(437.127210566792,-48.0000000000001,42.0096017905794));
#7080=CARTESIAN_POINT('Ctrl Pts',(437.127210566792,-48.0000000000002,42.0046339955153));
#7081=CARTESIAN_POINT('Ctrl Pts',(437.127210566792,-48.0000000000002,41.9996616622013));
#7082=CARTESIAN_POINT('Ctrl Pts',(435.411691108557,-48.2886004866624,48.6408412321093));
#7083=CARTESIAN_POINT('Ctrl Pts',(435.991260808725,-48.6603143876426,46.6118005304019));
#7084=CARTESIAN_POINT('Ctrl Pts',(436.755241188574,-48.4848298102064,44.3001733576288));
#7085=CARTESIAN_POINT('Ctrl Pts',(437.125885626031,-48.0016884980539,42.0077617169005));
#7086=CARTESIAN_POINT('Ctrl Pts',(437.126550801945,-48.0008477325535,42.0037131930206));
#7087=CARTESIAN_POINT('Ctrl Pts',(437.127210566792,-48.0000000000002,41.9996616622013));
#7088=CARTESIAN_POINT('Ctrl Pts',(433.856185941981,-49.4807706732804,46.961536498119));
#7089=CARTESIAN_POINT('Ctrl Pts',(435.129461179792,-49.541469127071,45.5666737654921));
#7090=CARTESIAN_POINT('Ctrl Pts',(436.379431392495,-48.9647176116298,43.7771884213751));
#7091=CARTESIAN_POINT('Ctrl Pts',(437.124567166035,-48.0033844565629,42.005920973702));
#7092=CARTESIAN_POINT('Ctrl Pts',(437.125891037097,-48.0016954651069,42.0027923905259));
#7093=CARTESIAN_POINT('Ctrl Pts',(437.127210566792,-48.0000000000002,41.9996616622012));
#7094=CARTESIAN_POINT('Ctrl Pts',(432.841552181579,-51.2846140705064,45.7010580029906));
#7095=CARTESIAN_POINT('Ctrl Pts',(434.512469985097,-50.6116919972247,44.5107355737108));
#7096=CARTESIAN_POINT('Ctrl Pts',(436.002090664504,-49.442866331865,43.254786896329));
#7097=CARTESIAN_POINT('Ctrl Pts',(437.123252309993,-48.0050838924407,42.0040794970513));
#7098=CARTESIAN_POINT('Ctrl Pts',(437.12523127225,-48.0025431976603,42.0018715880312));
#7099=CARTESIAN_POINT('Ctrl Pts',(437.127210566792,-48.0000000000002,41.9996616622012));
#7100=CARTESIAN_POINT('',(433.241813472667,-51.1123764315897,45.4121748654849));
#7101=CARTESIAN_POINT('',(437.127210566792,-48.0000000000002,48.2160458989691));
#7102=CARTESIAN_POINT('Ctrl Pts',(437.127210566792,-48.0000000000001,48.2160458989692));
#7103=CARTESIAN_POINT('Ctrl Pts',(436.38193996538,-48.2849302282124,48.0592999405494));
#7104=CARTESIAN_POINT('Ctrl Pts',(435.603315127269,-48.6370903910748,47.8503599419366));
#7105=CARTESIAN_POINT('Ctrl Pts',(434.491283580643,-49.313645238025,47.3624433145078));
#7106=CARTESIAN_POINT('Ctrl Pts',(434.062020789095,-49.636298428896,47.1086484787234));
#7107=CARTESIAN_POINT('Ctrl Pts',(433.578473530072,-50.1829311249682,46.5829249285737));
#7108=CARTESIAN_POINT('Ctrl Pts',(433.446444090224,-50.3821770294886,46.3730899272944));
#7109=CARTESIAN_POINT('Ctrl Pts',(433.278647716134,-50.7688511704159,45.9092244298701));
#7110=CARTESIAN_POINT('Ctrl Pts',(433.241813472667,-50.9474950503381,45.6683102592649));
#7111=CARTESIAN_POINT('Ctrl Pts',(433.241813472667,-51.1123764315897,45.412174865485));
#7112=CARTESIAN_POINT('',(437.127210566792,-48.0000000000002,41.9996616622013));
#7113=CARTESIAN_POINT('',(437.127210566792,-48.0000000000002,27.941387916249));
#7114=CARTESIAN_POINT('Ctrl Pts',(437.127210566792,-48.0000000000002,41.9996616622012));
#7115=CARTESIAN_POINT('Ctrl Pts',(437.12523127225,-48.0025431976603,42.0018715880312));
#7116=CARTESIAN_POINT('Ctrl Pts',(437.123252309993,-48.0050838924407,42.0040794970513));
#7117=CARTESIAN_POINT('Ctrl Pts',(436.09225678532,-49.3272369169073,43.1542024400884));
#7118=CARTESIAN_POINT('Ctrl Pts',(434.750086931493,-50.4216308798503,44.3084139729096));
#7119=CARTESIAN_POINT('Ctrl Pts',(433.241773491471,-51.1124367856042,45.4121248277395));
#7120=CARTESIAN_POINT('Ctrl Pts',(437.127210566792,-48.0000000000002,28.5834393548156));
#7121=CARTESIAN_POINT('Ctrl Pts',(437.127210566792,-48.0000000000002,28.577520073101));
#7122=CARTESIAN_POINT('Ctrl Pts',(437.127210566792,-48.0000000000002,28.5716085629592));
#7123=CARTESIAN_POINT('Ctrl Pts',(437.127210566781,-47.9999999999986,25.7509435636728));
#7124=CARTESIAN_POINT('Ctrl Pts',(437.127210566792,-48.0000000000002,22.9226313707518));
#7125=CARTESIAN_POINT('Ctrl Pts',(437.127210566792,-48.0000000000002,20.2409608382045));
#7126=CARTESIAN_POINT('Ctrl Pts',(437.127210566792,-48.0000000000002,28.5834393548156));
#7127=CARTESIAN_POINT('Ctrl Pts',(437.126645149205,-48.0013809522704,28.5787780668152));
#7128=CARTESIAN_POINT('Ctrl Pts',(437.125431498452,-48.0016684601957,28.5736496247624));
#7129=CARTESIAN_POINT('Ctrl Pts',(436.758016487383,-48.492423929331,26.2787220751976));
#7130=CARTESIAN_POINT('Ctrl Pts',(435.994938012122,-48.6600359504568,23.9661811110272));
#7131=CARTESIAN_POINT('Ctrl Pts',(435.408604654136,-48.2866627431995,21.9313838491795));
#7132=CARTESIAN_POINT('Ctrl Pts',(437.127210566792,-48.0000000000002,28.5834393548156));
#7133=CARTESIAN_POINT('Ctrl Pts',(437.125932194408,-48.0021942508797,28.579697245509));
#7134=CARTESIAN_POINT('Ctrl Pts',(437.123795343272,-48.0038676067813,28.5760033030901));
#7135=CARTESIAN_POINT('Ctrl Pts',(436.381876667418,-48.9695228586565,26.8002254766782));
#7136=CARTESIAN_POINT('Ctrl Pts',(435.126248872808,-49.5426742278549,25.0159845524222));
#7137=CARTESIAN_POINT('Ctrl Pts',(433.849389256345,-49.4804931276721,23.6140789576488));
#7138=CARTESIAN_POINT('Ctrl Pts',(437.127210566792,-48.0000000000002,28.5834393548156));
#7139=CARTESIAN_POINT('Ctrl Pts',(437.124854328518,-48.0030275330619,28.580808562969));
#7140=CARTESIAN_POINT('Ctrl Pts',(437.122498972828,-48.0060511443526,28.5781812250594));
#7141=CARTESIAN_POINT('Ctrl Pts',(435.998614289719,-49.4466891322281,27.324552340086));
#7142=CARTESIAN_POINT('Ctrl Pts',(434.506625107123,-50.616086976361,26.0675246952318));
#7143=CARTESIAN_POINT('Ctrl Pts',(432.832605080967,-51.2882118311315,24.8756711252107));
#7144=CARTESIAN_POINT('',(433.241813472667,-51.1123764315896,25.170926151532));
#7145=CARTESIAN_POINT('',(437.127210566792,-48.0000000000002,22.3670551180477));
#7146=CARTESIAN_POINT('Ctrl Pts',(433.241813472667,-51.1123764315896,25.170926151532));
#7147=CARTESIAN_POINT('Ctrl Pts',(433.241813472667,-50.8951313864429,24.8334462932059));
#7148=CARTESIAN_POINT('Ctrl Pts',(433.305818112475,-50.6561827433451,24.5255863999792));
#7149=CARTESIAN_POINT('Ctrl Pts',(433.585841779591,-50.1626383232435,23.9738030486313));
#7150=CARTESIAN_POINT('Ctrl Pts',(433.787912391139,-49.9255284925726,23.7459745272564));
#7151=CARTESIAN_POINT('Ctrl Pts',(434.347666549764,-49.4194533320371,23.302411756316));
#7152=CARTESIAN_POINT('Ctrl Pts',(434.727320237555,-49.1607800955124,23.106887496772));
#7153=CARTESIAN_POINT('Ctrl Pts',(435.734343796392,-48.5783872364675,22.698438774547));
#7154=CARTESIAN_POINT('Ctrl Pts',(436.441805011157,-48.2620427546923,22.5112102081865));
#7155=CARTESIAN_POINT('Ctrl Pts',(437.127210566792,-48.0000000000002,22.3670551180478));
#7156=CARTESIAN_POINT('',(437.127210566792,-48.0000000000002,28.5834393548156));
#7157=CARTESIAN_POINT('Ctrl Pts',(433.241776091033,-51.1124433859587,25.1709751401775));
#7158=CARTESIAN_POINT('Ctrl Pts',(434.749495204341,-50.421952125942,26.2742168699558));
#7159=CARTESIAN_POINT('Ctrl Pts',(436.0908380099,-49.3284732719412,27.4274226089285));
#7160=CARTESIAN_POINT('Ctrl Pts',(437.122498972828,-48.0060511443526,28.5781812250594));
#7161=CARTESIAN_POINT('Ctrl Pts',(437.124854328518,-48.0030275330619,28.580808562969));
#7162=CARTESIAN_POINT('Ctrl Pts',(437.127210566792,-48.0000000000002,28.5834393548156));
#7163=CARTESIAN_POINT('',(437.127210566792,-48.0000000000002,27.941387916249));
#7164=CARTESIAN_POINT('Origin',(412.663129063721,-28.9603383377992,28.5834393548156));
#7165=CARTESIAN_POINT('',(433.241813472667,-48.0000000000002,22.3670551180477));
#7166=CARTESIAN_POINT('Ctrl Pts',(433.241813472667,-48.0000000000002,22.3670551180477));
#7167=CARTESIAN_POINT('Ctrl Pts',(433.241813472667,-49.0162650307154,22.926123340635));
#7168=CARTESIAN_POINT('Ctrl Pts',(433.241813472667,-49.9425124039411,23.6512780232871));
#7169=CARTESIAN_POINT('Ctrl Pts',(433.241813472667,-50.6686971542165,24.5557157484119));
#7170=CARTESIAN_POINT('Ctrl Pts',(433.241813472667,-50.8275304458949,24.7535370617144));
#7171=CARTESIAN_POINT('Ctrl Pts',(433.241813472732,-50.9757894953337,24.9587840577345));
#7172=CARTESIAN_POINT('Ctrl Pts',(433.241813472824,-51.1123565024822,25.1709389801693));
#7173=CARTESIAN_POINT('',(433.241813472667,-40.0000000000002,20.5912253239896));
#7174=CARTESIAN_POINT('Ctrl Pts',(433.241813472667,-48.0000000000002,22.3670551180477));
#7175=CARTESIAN_POINT('Ctrl Pts',(433.241813472667,-47.9747921150921,22.3531877439034));
#7176=CARTESIAN_POINT('Ctrl Pts',(433.241813472667,-47.9495231780516,22.3394187533403));
#7177=CARTESIAN_POINT('Ctrl Pts',(433.241813472667,-47.9241979447843,22.3257495876257));
#7178=CARTESIAN_POINT('Ctrl Pts',(433.241813472667,-47.3073242851319,21.9927951705935));
#7179=CARTESIAN_POINT('Ctrl Pts',(433.241813472667,-46.6555956745485,21.7216802289624));
#7180=CARTESIAN_POINT('Ctrl Pts',(433.241813472667,-46.0469387837304,21.5155198810644));
#7181=CARTESIAN_POINT('Ctrl Pts',(433.241813472667,-45.0199095918706,21.1676511578325));
#7182=CARTESIAN_POINT('Ctrl Pts',(433.241813472667,-43.8604209195132,20.9188873218222));
#7183=CARTESIAN_POINT('Ctrl Pts',(433.241813472667,-42.6845263535094,20.773913297061));
#7184=CARTESIAN_POINT('Ctrl Pts',(433.241813472667,-41.7803843492748,20.6624431796721));
#7185=CARTESIAN_POINT('Ctrl Pts',(433.241813472667,-40.8668686797714,20.6093183999641));
#7186=CARTESIAN_POINT('Ctrl Pts',(433.241813472667,-40.0000000000002,20.5912253239896));
#7187=CARTESIAN_POINT('',(430.637898897996,-40.0000000000002,20.8137524004193));
#7188=CARTESIAN_POINT('Ctrl Pts',(430.637898897996,-40.0000000000002,20.8137524004193));
#7189=CARTESIAN_POINT('Ctrl Pts',(430.735806877393,-40.0000000000002,20.7932886579489));
#7190=CARTESIAN_POINT('Ctrl Pts',(430.834174233082,-40.0000000000002,20.7741095097907));
#7191=CARTESIAN_POINT('Ctrl Pts',(431.580108012321,-40.0000000000002,20.6392043044682));
#7192=CARTESIAN_POINT('Ctrl Pts',(432.238295745299,-40.0000000000002,20.5834393548156));
#7193=CARTESIAN_POINT('Ctrl Pts',(432.971704302242,-40.0000000000002,20.5834393548156));
#7194=CARTESIAN_POINT('Ctrl Pts',(433.105743297178,-40.0000000000002,20.5859313246465));
#7195=CARTESIAN_POINT('Ctrl Pts',(433.241813472667,-40.0000000000002,20.5912253239896));
#7196=CARTESIAN_POINT('',(429.248905947578,-38.4841801852836,21.5841801852834));
#7197=CARTESIAN_POINT('Ctrl Pts',(429.248905947578,-38.4841801852836,21.5841801852834));
#7198=CARTESIAN_POINT('Ctrl Pts',(429.43216388249,-38.684171127541,21.4410869569753));
#7199=CARTESIAN_POINT('Ctrl Pts',(429.616858511721,-38.8857299465235,21.3156029167732));
#7200=CARTESIAN_POINT('Ctrl Pts',(430.055429590392,-39.3643462930003,21.0544450148971));
#7201=CARTESIAN_POINT('Ctrl Pts',(430.341916214223,-39.6769915810296,20.9170799234598));
#7202=CARTESIAN_POINT('Ctrl Pts',(430.637898897996,-40.0000000000002,20.8137524004193));
#7203=CARTESIAN_POINT('',(425.819981164482,-40.0000000000002,23.1000000000001));
#7204=CARTESIAN_POINT('Ctrl Pts',(425.819981164482,-40.0000000000002,23.1000000000001));
#7205=CARTESIAN_POINT('Ctrl Pts',(426.287323293066,-39.7740025113051,22.874002511305));
#7206=CARTESIAN_POINT('Ctrl Pts',(426.75911182711,-39.549623060959,22.6496230609589));
#7207=CARTESIAN_POINT('Ctrl Pts',(427.799556632767,-39.0728952335209,22.1728952335208));
#7208=CARTESIAN_POINT('Ctrl Pts',(428.478275701338,-38.776867483564,21.8768674835639));
#7209=CARTESIAN_POINT('Ctrl Pts',(429.201643896759,-38.5020087060406,21.6020087060405));
#7210=CARTESIAN_POINT('Ctrl Pts',(429.225264073101,-38.4930766426732,21.5930766426731));
#7211=CARTESIAN_POINT('Ctrl Pts',(429.248905947578,-38.4841801852836,21.5841801852834));
#7212=CARTESIAN_POINT('',(422.818219924177,-40.0000000000002,28.5834393548156));
#7213=CARTESIAN_POINT('Ctrl Pts',(422.818219924177,-40.0000000000002,28.5834393548156));
#7214=CARTESIAN_POINT('Ctrl Pts',(422.818219924177,-40.0000000000002,28.1345306453843));
#7215=CARTESIAN_POINT('Ctrl Pts',(422.878374421019,-40.0000000000002,27.6474306298819));
#7216=CARTESIAN_POINT('Ctrl Pts',(423.12494379092,-40.0000000000002,26.70441773503));
#7217=CARTESIAN_POINT('Ctrl Pts',(423.310252172545,-40.0000000000002,26.2482158883279));
#7218=CARTESIAN_POINT('Ctrl Pts',(423.769053348382,-40.0000000000002,25.363582439847));
#7219=CARTESIAN_POINT('Ctrl Pts',(424.103025305967,-40.0000000000002,24.8661140512388));
#7220=CARTESIAN_POINT('Ctrl Pts',(424.869298431518,-40.0000000000002,23.9506691742954));
#7221=CARTESIAN_POINT('Ctrl Pts',(425.300814127727,-40.0000000000002,23.5320354932688));
#7222=CARTESIAN_POINT('Ctrl Pts',(425.753856430438,-40.0000000000002,23.1541465581048));
#7223=CARTESIAN_POINT('Ctrl Pts',(425.78673835472,-40.0000000000002,23.127052457401));
#7224=CARTESIAN_POINT('Ctrl Pts',(425.819981164482,-40.0000000000002,23.1000000000001));
#7225=CARTESIAN_POINT('',(412.663129063721,-43.9603383377992,28.5834393548156));
#7226=CARTESIAN_POINT('Origin',(412.66312906372,-28.960338337799,28.5834393548156));
#7227=CARTESIAN_POINT('',(412.663129063721,-59.9603383377992,28.5834393548156));
#7228=CARTESIAN_POINT('Origin',(412.663129063721,-51.9603383377992,28.5834393548156));
#7229=CARTESIAN_POINT('Origin',(412.663129063721,-28.960338337799,28.5834393548156));
#7230=CARTESIAN_POINT('Origin',(433.241813472667,-40.0000000000002,49.9918756930272));
#7231=CARTESIAN_POINT('',(444.703549966154,-48.0000000000002,49.9918756930273));
#7232=CARTESIAN_POINT('',(444.741813472667,-47.9617364934873,49.9918756930273));
#7233=CARTESIAN_POINT('',(445.271619261854,-47.4319307042996,49.9918756930273));
#7234=CARTESIAN_POINT('',(444.741813472667,-48.0000000000002,49.9918756930273));
#7235=CARTESIAN_POINT('',(433.241813472667,-48.0000000000002,49.9918756930272));
#7236=CARTESIAN_POINT('',(444.741813472667,-40.0000000000002,49.9918756930273));
#7237=CARTESIAN_POINT('Ctrl Pts',(433.241813472667,-48.0000000000002,48.2160458989692));
#7238=CARTESIAN_POINT('Ctrl Pts',(444.741813472667,-48.0000000000002,48.2160458989692));
#7239=CARTESIAN_POINT('Ctrl Pts',(433.241813472667,-47.9747921150922,48.2299132731135));
#7240=CARTESIAN_POINT('Ctrl Pts',(444.741813472667,-47.9747921150922,48.2299132731136));
#7241=CARTESIAN_POINT('Ctrl Pts',(433.241813472667,-47.9495231780517,48.2436822636766));
#7242=CARTESIAN_POINT('Ctrl Pts',(444.741813472667,-47.9495231780517,48.2436822636767));
#7243=CARTESIAN_POINT('Ctrl Pts',(433.241813472667,-47.307324285132,48.5903058464234));
#7244=CARTESIAN_POINT('Ctrl Pts',(444.741813472667,-47.307324285132,48.5903058464234));
#7245=CARTESIAN_POINT('Ctrl Pts',(433.241813472667,-46.6555956745487,48.8614207880545));
#7246=CARTESIAN_POINT('Ctrl Pts',(444.741813472667,-46.6555956745487,48.8614207880545));
#7247=CARTESIAN_POINT('Ctrl Pts',(433.241813472667,-45.0199095918707,49.4154498591843));
#7248=CARTESIAN_POINT('Ctrl Pts',(444.741813472667,-45.0199095918707,49.4154498591844));
#7249=CARTESIAN_POINT('Ctrl Pts',(433.241813472667,-43.8604209195134,49.6642136951946));
#7250=CARTESIAN_POINT('Ctrl Pts',(444.741813472667,-43.8604209195134,49.6642136951947));
#7251=CARTESIAN_POINT('Ctrl Pts',(433.241813472667,-41.780384349275,49.9206578373448));
#7252=CARTESIAN_POINT('Ctrl Pts',(444.741813472667,-41.780384349275,49.9206578373449));
#7253=CARTESIAN_POINT('Ctrl Pts',(433.241813472667,-40.8668686797715,49.9737826170528));
#7254=CARTESIAN_POINT('Ctrl Pts',(444.741813472667,-40.8668686797715,49.9737826170529));
#7255=CARTESIAN_POINT('Ctrl Pts',(433.241813472667,-40.0000000000002,49.9918756930272));
#7256=CARTESIAN_POINT('Ctrl Pts',(444.741813472667,-40.0000000000002,49.9918756930273));
#7257=CARTESIAN_POINT('',(444.741813472461,-47.9617364941059,48.236994479744));
#7258=CARTESIAN_POINT('',(444.703549966154,-48.0000000000002,48.2160458989692));
#7259=CARTESIAN_POINT('Ctrl Pts',(444.741813472667,-47.9617364934873,48.2369944801934));
#7260=CARTESIAN_POINT('Ctrl Pts',(444.72905101855,-47.9744989476041,48.2300408107148));
#7261=CARTESIAN_POINT('Ctrl Pts',(444.716296427963,-47.9872535381913,48.2230579888596));
#7262=CARTESIAN_POINT('Ctrl Pts',(444.703549966154,-48.0000000000002,48.2160458989692));
#7263=CARTESIAN_POINT('',(444.741813472667,-48.0000000000002,48.2160458989692));
#7264=CARTESIAN_POINT('Ctrl Pts',(444.741813472667,-48.0000000000002,48.2160458989692));
#7265=CARTESIAN_POINT('Ctrl Pts',(444.741813472667,-47.9872608853905,48.2230539470147));
#7266=CARTESIAN_POINT('Ctrl Pts',(444.741813472667,-47.9745061786125,48.230036868774));
#7267=CARTESIAN_POINT('Ctrl Pts',(444.741813472667,-47.9617364934872,48.2369944782299));
#7268=CARTESIAN_POINT('',(433.241813472667,-48.0000000000002,48.2160458989691));
#7269=CARTESIAN_POINT('Ctrl Pts',(409.241813472667,-34.7230759636862,34.1674074762674));
#7270=CARTESIAN_POINT('Ctrl Pts',(458.23371066445,-34.7230759636862,34.1674074762676));
#7271=CARTESIAN_POINT('Ctrl Pts',(409.241813472667,-36.7998295662662,34.0508841554129));
#7272=CARTESIAN_POINT('Ctrl Pts',(458.23371066445,-36.7998295662662,34.0508841554131));
#7273=CARTESIAN_POINT('Ctrl Pts',(409.241813472667,-38.9224735074234,33.9330977620308));
#7274=CARTESIAN_POINT('Ctrl Pts',(458.23371066445,-38.9224735074234,33.933097762031));
#7275=CARTESIAN_POINT('Ctrl Pts',(409.241813472667,-42.8705237670253,34.1440109794095));
#7276=CARTESIAN_POINT('Ctrl Pts',(458.23371066445,-42.8705237670253,34.1440109794097));
#7277=CARTESIAN_POINT('Ctrl Pts',(409.241813472667,-44.772455712455,34.4350026934967));
#7278=CARTESIAN_POINT('Ctrl Pts',(458.23371066445,-44.772455712455,34.4350026934969));
#7279=CARTESIAN_POINT('Ctrl Pts',(409.241813472667,-47.6559870627546,35.5353912497058));
#7280=CARTESIAN_POINT('Ctrl Pts',(458.23371066445,-47.6559870627546,35.535391249706));
#7281=CARTESIAN_POINT('Ctrl Pts',(409.241813471972,-48.7343241610822,36.1303410480935));
#7282=CARTESIAN_POINT('Ctrl Pts',(458.233710663755,-48.7343241610822,36.1303410480938));
#7283=CARTESIAN_POINT('Ctrl Pts',(409.241813471972,-50.350098838745,37.5255906279329));
#7284=CARTESIAN_POINT('Ctrl Pts',(458.233710663755,-50.350098838745,37.5255906279331));
#7285=CARTESIAN_POINT('Ctrl Pts',(409.241813472652,-50.9475928370836,38.2369053135438));
#7286=CARTESIAN_POINT('Ctrl Pts',(458.233710664434,-50.9475928370836,38.236905313544));
#7287=CARTESIAN_POINT('Ctrl Pts',(409.241813472652,-51.7648518135984,39.7542100572566));
#7288=CARTESIAN_POINT('Ctrl Pts',(458.233710664434,-51.7648518135984,39.7542100572568));
#7289=CARTESIAN_POINT('Ctrl Pts',(409.241813472676,-52.0136240282066,40.5174273458489));
#7290=CARTESIAN_POINT('Ctrl Pts',(458.233710664459,-52.0136240282066,40.5174273458492));
#7291=CARTESIAN_POINT('Ctrl Pts',(409.241813472676,-52.1972285030007,42.1111721649825));
#7292=CARTESIAN_POINT('Ctrl Pts',(458.233710664459,-52.1972285030007,42.1111721649827));
#7293=CARTESIAN_POINT('Ctrl Pts',(409.24181347347,-52.1277884127428,42.9114353883374));
#7294=CARTESIAN_POINT('Ctrl Pts',(458.233710665253,-52.1277884127428,42.9114353883376));
#7295=CARTESIAN_POINT('Ctrl Pts',(409.24181347347,-51.656564811849,44.5414260146231));
#7296=CARTESIAN_POINT('Ctrl Pts',(458.233710665253,-51.656564811849,44.5414260146233));
#7297=CARTESIAN_POINT('Ctrl Pts',(409.241813472667,-51.2282477664907,45.3304845382254));
#7298=CARTESIAN_POINT('Ctrl Pts',(458.23371066445,-51.2282477664907,45.3304845382256));
#7299=CARTESIAN_POINT('Ctrl Pts',(409.241813472667,-49.9425124039411,46.9318229937298));
#7300=CARTESIAN_POINT('Ctrl Pts',(458.23371066445,-49.9425124039411,46.93182299373));
#7301=CARTESIAN_POINT('Ctrl Pts',(409.241813472667,-49.0162650307154,47.6569776763818));
#7302=CARTESIAN_POINT('Ctrl Pts',(458.23371066445,-49.0162650307154,47.656977676382));
#7303=CARTESIAN_POINT('Ctrl Pts',(409.241813472667,-48.0000000000002,48.216045898969));
#7304=CARTESIAN_POINT('Ctrl Pts',(458.23371066445,-48.0000000000002,48.2160458989692));
#7305=CARTESIAN_POINT('Ctrl Pts',(409.241813472667,-47.9747921150921,48.2299132731133));
#7306=CARTESIAN_POINT('Ctrl Pts',(458.23371066445,-47.9747921150921,48.2299132731136));
#7307=CARTESIAN_POINT('Ctrl Pts',(409.241813472667,-47.9495231780517,48.2436822636765));
#7308=CARTESIAN_POINT('Ctrl Pts',(458.23371066445,-47.9495231780517,48.2436822636767));
#7309=CARTESIAN_POINT('Ctrl Pts',(409.241813472667,-47.307324285132,48.5903058464233));
#7310=CARTESIAN_POINT('Ctrl Pts',(458.23371066445,-47.307324285132,48.5903058464235));
#7311=CARTESIAN_POINT('Ctrl Pts',(409.241813472667,-46.6555956745487,48.8614207880544));
#7312=CARTESIAN_POINT('Ctrl Pts',(458.23371066445,-46.6555956745487,48.8614207880546));
#7313=CARTESIAN_POINT('Ctrl Pts',(409.241813472667,-45.0199095918707,49.4154498591842));
#7314=CARTESIAN_POINT('Ctrl Pts',(458.23371066445,-45.0199095918707,49.4154498591845));
#7315=CARTESIAN_POINT('Ctrl Pts',(409.241813472667,-43.8604209195134,49.6642136951945));
#7316=CARTESIAN_POINT('Ctrl Pts',(458.23371066445,-43.8604209195134,49.6642136951947));
#7317=CARTESIAN_POINT('Ctrl Pts',(409.241813472667,-41.780384349275,49.9206578373447));
#7318=CARTESIAN_POINT('Ctrl Pts',(458.23371066445,-41.780384349275,49.9206578373449));
#7319=CARTESIAN_POINT('Ctrl Pts',(409.241813472667,-40.8668686797715,49.9737826170527));
#7320=CARTESIAN_POINT('Ctrl Pts',(458.23371066445,-40.8668686797715,49.9737826170529));
#7321=CARTESIAN_POINT('Ctrl Pts',(409.241813472667,-40.0000000000002,49.9918756930271));
#7322=CARTESIAN_POINT('Ctrl Pts',(458.23371066445,-40.0000000000002,49.9918756930274));
#7323=CARTESIAN_POINT('Ctrl Pts',(409.241813472667,-38.0672840262829,50.0322148790717));
#7324=CARTESIAN_POINT('Ctrl Pts',(458.23371066445,-38.0672840262829,50.0322148790719));
#7325=CARTESIAN_POINT('Ctrl Pts',(409.241813472667,-36.0971222699057,49.9083395833512));
#7326=CARTESIAN_POINT('Ctrl Pts',(458.23371066445,-36.0971222699057,49.9083395833514));
#7327=CARTESIAN_POINT('Ctrl Pts',(409.241813472667,-32.929521731653,49.7317697110281));
#7328=CARTESIAN_POINT('Ctrl Pts',(458.23371066445,-32.929521731653,49.7317697110283));
#7329=CARTESIAN_POINT('Ctrl Pts',(409.241813472667,-31.767620837406,49.6722214434059));
#7330=CARTESIAN_POINT('Ctrl Pts',(458.23371066445,-31.767620837406,49.6722214434061));
#7331=CARTESIAN_POINT('Ctrl Pts',(409.241813472667,-29.4829560325165,49.6185818944748));
#7332=CARTESIAN_POINT('Ctrl Pts',(458.23371066445,-29.4829560325165,49.618581894475));
#7333=CARTESIAN_POINT('Ctrl Pts',(409.241813472667,-28.4842954466687,49.6181899638059));
#7334=CARTESIAN_POINT('Ctrl Pts',(458.23371066445,-28.4842954466687,49.6181899638061));
#7335=CARTESIAN_POINT('Ctrl Pts',(409.241813472667,-26.2056385985385,49.6701928934943));
#7336=CARTESIAN_POINT('Ctrl Pts',(458.23371066445,-26.2056385985385,49.6701928934945));
#7337=CARTESIAN_POINT('Ctrl Pts',(409.241813472524,-25.0489088598226,49.7287192097203));
#7338=CARTESIAN_POINT('Ctrl Pts',(458.233710664306,-25.0489088598226,49.7287192097205));
#7339=CARTESIAN_POINT('Ctrl Pts',(409.241813472524,-21.9038389098948,49.9036125846711));
#7340=CARTESIAN_POINT('Ctrl Pts',(458.233710664306,-21.9038389098948,49.9036125846713));
#7341=CARTESIAN_POINT('Ctrl Pts',(409.241813472667,-19.9506499222684,50.0277076386248));
#7342=CARTESIAN_POINT('Ctrl Pts',(458.23371066445,-19.9506499222684,50.0277076386251));
#7343=CARTESIAN_POINT('Ctrl Pts',(409.241813472667,-18.0343531329899,49.9940592946307));
#7344=CARTESIAN_POINT('Ctrl Pts',(458.23371066445,-18.0343531329899,49.994059294631));
#7345=CARTESIAN_POINT('',(443.353370877715,-40.0000000000002,49.9918756930272));
#7346=CARTESIAN_POINT('Ctrl Pts',(437.127210566792,-48.0000000000002,48.2160458989692));
#7347=CARTESIAN_POINT('Ctrl Pts',(437.508027188715,-47.5106883177995,48.4852262841947));
#7348=CARTESIAN_POINT('Ctrl Pts',(437.901638656769,-47.0049365242092,48.7137572857802));
#7349=CARTESIAN_POINT('Ctrl Pts',(438.490262083834,-46.2486136572481,49.0002817959358));
#7350=CARTESIAN_POINT('Ctrl Pts',(438.682553446227,-46.0015382799759,49.0854020328541));
#7351=CARTESIAN_POINT('Ctrl Pts',(440.321000066433,-43.8962964765079,49.7470319006236));
#7352=CARTESIAN_POINT('Ctrl Pts',(441.856873332429,-41.9228512862557,49.9517424003826));
#7353=CARTESIAN_POINT('Ctrl Pts',(443.353370877715,-40.0000000000002,49.9918756930273));
#7354=CARTESIAN_POINT('',(433.241813472667,-48.0000000000002,48.2160458989691));
#7355=CARTESIAN_POINT('Ctrl Pts',(433.241813472824,-51.1123565024823,45.4121620368476));
#7356=CARTESIAN_POINT('Ctrl Pts',(433.241813472732,-50.9757894953337,45.6243169592824));
#7357=CARTESIAN_POINT('Ctrl Pts',(433.241813472667,-50.827530445895,45.8295639553025));
#7358=CARTESIAN_POINT('Ctrl Pts',(433.241813472667,-50.6686971542165,46.0273852686051));
#7359=CARTESIAN_POINT('Ctrl Pts',(433.241813472667,-49.9425124039411,46.9318229937299));
#7360=CARTESIAN_POINT('Ctrl Pts',(433.241813472667,-49.0162650307154,47.6569776763819));
#7361=CARTESIAN_POINT('Ctrl Pts',(433.241813472667,-48.0000000000002,48.2160458989691));
#7362=CARTESIAN_POINT('',(433.241813472667,-40.0000000000002,49.9918756930272));
#7363=CARTESIAN_POINT('Ctrl Pts',(433.241813472667,-40.0000000000002,49.9918756930272));
#7364=CARTESIAN_POINT('Ctrl Pts',(433.241813472667,-40.8668686797715,49.9737826170528));
#7365=CARTESIAN_POINT('Ctrl Pts',(433.241813472667,-41.780384349275,49.9206578373448));
#7366=CARTESIAN_POINT('Ctrl Pts',(433.241813472667,-42.6845263535096,49.8091877199558));
#7367=CARTESIAN_POINT('Ctrl Pts',(433.241813472667,-43.8604209195134,49.6642136951946));
#7368=CARTESIAN_POINT('Ctrl Pts',(433.241813472667,-45.0199095918707,49.4154498591843));
#7369=CARTESIAN_POINT('Ctrl Pts',(433.241813472667,-46.0469387837306,49.0675811359524));
#7370=CARTESIAN_POINT('Ctrl Pts',(433.241813472667,-46.6555956745487,48.8614207880545));
#7371=CARTESIAN_POINT('Ctrl Pts',(433.241813472667,-47.307324285132,48.5903058464234));
#7372=CARTESIAN_POINT('Ctrl Pts',(433.241813472667,-47.9241979447844,48.2573514293912));
#7373=CARTESIAN_POINT('Ctrl Pts',(433.241813472667,-47.9495231780517,48.2436822636766));
#7374=CARTESIAN_POINT('Ctrl Pts',(433.241813472667,-47.9747921150921,48.2299132731134));
#7375=CARTESIAN_POINT('Ctrl Pts',(433.241813472667,-48.0000000000002,48.2160458989691));
#7376=CARTESIAN_POINT('',(454.315399231139,-40.0000000000002,49.9918756930272));
#7377=CARTESIAN_POINT('Origin',(433.241813472667,-48.0000000000002,49.9918756930272));
#7378=CARTESIAN_POINT('',(444.703549966154,-48.0000000000001,54.4459378465136));
#7379=CARTESIAN_POINT('',(444.741813472667,-48.0000000000002,20.5912253239897));
#7380=CARTESIAN_POINT('Origin',(444.741813472667,-40.0000000000002,49.9918756930273));
#7381=CARTESIAN_POINT('',(444.741813472667,-47.9617364934873,54.4459378465136));
#7382=CARTESIAN_POINT('Ctrl Pts',(433.241813472667,-40.0000000000002,20.5912253239896));
#7383=CARTESIAN_POINT('Ctrl Pts',(444.741813472667,-40.0000000000002,20.5912253239897));
#7384=CARTESIAN_POINT('Ctrl Pts',(433.241813472667,-40.8668686797714,20.6093183999641));
#7385=CARTESIAN_POINT('Ctrl Pts',(444.741813472667,-40.8668686797714,20.6093183999641));
#7386=CARTESIAN_POINT('Ctrl Pts',(433.241813472667,-41.7803843492748,20.6624431796721));
#7387=CARTESIAN_POINT('Ctrl Pts',(444.741813472667,-41.7803843492748,20.6624431796721));
#7388=CARTESIAN_POINT('Ctrl Pts',(433.241813472667,-43.8604209195132,20.9188873218222));
#7389=CARTESIAN_POINT('Ctrl Pts',(444.741813472667,-43.8604209195132,20.9188873218223));
#7390=CARTESIAN_POINT('Ctrl Pts',(433.241813472667,-45.0199095918706,21.1676511578325));
#7391=CARTESIAN_POINT('Ctrl Pts',(444.741813472667,-45.0199095918706,21.1676511578326));
#7392=CARTESIAN_POINT('Ctrl Pts',(433.241813472667,-46.6555956745485,21.7216802289624));
#7393=CARTESIAN_POINT('Ctrl Pts',(444.741813472667,-46.6555956745485,21.7216802289624));
#7394=CARTESIAN_POINT('Ctrl Pts',(433.241813472667,-47.3073242851319,21.9927951705935));
#7395=CARTESIAN_POINT('Ctrl Pts',(444.741813472667,-47.3073242851319,21.9927951705935));
#7396=CARTESIAN_POINT('Ctrl Pts',(433.241813472667,-47.9495231780516,22.3394187533403));
#7397=CARTESIAN_POINT('Ctrl Pts',(444.741813472667,-47.9495231780516,22.3394187533403));
#7398=CARTESIAN_POINT('Ctrl Pts',(433.241813472667,-47.9747921150921,22.3531877439034));
#7399=CARTESIAN_POINT('Ctrl Pts',(444.741813472667,-47.9747921150921,22.3531877439035));
#7400=CARTESIAN_POINT('Ctrl Pts',(433.241813472667,-48.0000000000002,22.3670551180477));
#7401=CARTESIAN_POINT('Ctrl Pts',(444.741813472667,-48.0000000000002,22.3670551180478));
#7402=CARTESIAN_POINT('',(444.703549966154,-48.0000000000002,22.3670551180478));
#7403=CARTESIAN_POINT('',(444.741813472461,-47.9617364941059,22.3461065372731));
#7404=CARTESIAN_POINT('Ctrl Pts',(444.703549966154,-48.0000000000002,22.3670551180478));
#7405=CARTESIAN_POINT('Ctrl Pts',(444.716296427962,-47.9872535381921,22.3600430281579));
#7406=CARTESIAN_POINT('Ctrl Pts',(444.729051018548,-47.9744989476059,22.3530602063033));
#7407=CARTESIAN_POINT('Ctrl Pts',(444.741813472667,-47.9617364934871,22.3461065368235));
#7408=CARTESIAN_POINT('',(444.741813472667,-48.0000000000002,22.3670551180478));
#7409=CARTESIAN_POINT('',(433.241813472667,-48.0000000000002,22.3670551180477));
#7410=CARTESIAN_POINT('Ctrl Pts',(444.741813472667,-47.9617364934872,22.3461065387871));
#7411=CARTESIAN_POINT('Ctrl Pts',(444.741813472667,-47.9745061786125,22.353064148243));
#7412=CARTESIAN_POINT('Ctrl Pts',(444.741813472667,-47.9872608853904,22.3600470700023));
#7413=CARTESIAN_POINT('Ctrl Pts',(444.741813472667,-48.0000000000002,22.3670551180478));
#7414=CARTESIAN_POINT('Ctrl Pts',(409.241813472667,-18.0343531329898,20.5890417223859));
#7415=CARTESIAN_POINT('Ctrl Pts',(458.233710664449,-18.0343531329898,20.5890417223861));
#7416=CARTESIAN_POINT('Ctrl Pts',(409.241813472667,-19.9506499222685,20.5553933783918));
#7417=CARTESIAN_POINT('Ctrl Pts',(458.233710664449,-19.9506499222685,20.555393378392));
#7418=CARTESIAN_POINT('Ctrl Pts',(409.241813472523,-21.9038389098947,20.6794884323455));
#7419=CARTESIAN_POINT('Ctrl Pts',(458.233710664305,-21.9038389098947,20.6794884323458));
#7420=CARTESIAN_POINT('Ctrl Pts',(409.241813472523,-25.0489088598224,20.8543818072963));
#7421=CARTESIAN_POINT('Ctrl Pts',(458.233710664305,-25.0489088598224,20.8543818072965));
#7422=CARTESIAN_POINT('Ctrl Pts',(409.241813472667,-26.2056385985387,20.9129081235223));
#7423=CARTESIAN_POINT('Ctrl Pts',(458.233710664449,-26.2056385985387,20.9129081235226));
#7424=CARTESIAN_POINT('Ctrl Pts',(409.241813472667,-28.4842954466687,20.9649110532107));
#7425=CARTESIAN_POINT('Ctrl Pts',(458.233710664449,-28.4842954466687,20.9649110532109));
#7426=CARTESIAN_POINT('Ctrl Pts',(409.241813472667,-29.4829560325165,20.9645191225418));
#7427=CARTESIAN_POINT('Ctrl Pts',(458.233710664449,-29.4829560325165,20.9645191225421));
#7428=CARTESIAN_POINT('Ctrl Pts',(409.241813472667,-31.7676208374062,20.9108795736107));
#7429=CARTESIAN_POINT('Ctrl Pts',(458.233710664449,-31.7676208374062,20.9108795736109));
#7430=CARTESIAN_POINT('Ctrl Pts',(409.241813472667,-32.9295217316528,20.8513313059885));
#7431=CARTESIAN_POINT('Ctrl Pts',(458.233710664449,-32.9295217316528,20.8513313059887));
#7432=CARTESIAN_POINT('Ctrl Pts',(409.241813472667,-36.0971222699056,20.6747614336654));
#7433=CARTESIAN_POINT('Ctrl Pts',(458.233710664449,-36.0971222699056,20.6747614336656));
#7434=CARTESIAN_POINT('Ctrl Pts',(409.241813472667,-38.067284026283,20.5508861379449));
#7435=CARTESIAN_POINT('Ctrl Pts',(458.233710664449,-38.067284026283,20.5508861379452));
#7436=CARTESIAN_POINT('Ctrl Pts',(409.241813472667,-40.0000000000002,20.5912253239895));
#7437=CARTESIAN_POINT('Ctrl Pts',(458.233710664449,-40.0000000000002,20.5912253239898));
#7438=CARTESIAN_POINT('Ctrl Pts',(409.241813472667,-40.8668686797714,20.609318399964));
#7439=CARTESIAN_POINT('Ctrl Pts',(458.233710664449,-40.8668686797714,20.6093183999642));
#7440=CARTESIAN_POINT('Ctrl Pts',(409.241813472667,-41.7803843492748,20.6624431796719));
#7441=CARTESIAN_POINT('Ctrl Pts',(458.233710664449,-41.7803843492748,20.6624431796722));
#7442=CARTESIAN_POINT('Ctrl Pts',(409.241813472667,-43.8604209195132,20.9188873218221));
#7443=CARTESIAN_POINT('Ctrl Pts',(458.233710664449,-43.8604209195132,20.9188873218223));
#7444=CARTESIAN_POINT('Ctrl Pts',(409.241813472667,-45.0199095918706,21.1676511578324));
#7445=CARTESIAN_POINT('Ctrl Pts',(458.233710664449,-45.0199095918706,21.1676511578326));
#7446=CARTESIAN_POINT('Ctrl Pts',(409.241813472667,-46.6555956745485,21.7216802289623));
#7447=CARTESIAN_POINT('Ctrl Pts',(458.233710664449,-46.6555956745485,21.7216802289625));
#7448=CARTESIAN_POINT('Ctrl Pts',(409.241813472667,-47.3073242851319,21.9927951705933));
#7449=CARTESIAN_POINT('Ctrl Pts',(458.233710664449,-47.3073242851319,21.9927951705936));
#7450=CARTESIAN_POINT('Ctrl Pts',(409.241813472667,-47.9495231780516,22.3394187533402));
#7451=CARTESIAN_POINT('Ctrl Pts',(458.233710664449,-47.9495231780516,22.3394187533404));
#7452=CARTESIAN_POINT('Ctrl Pts',(409.241813472667,-47.9747921150921,22.3531877439033));
#7453=CARTESIAN_POINT('Ctrl Pts',(458.233710664449,-47.9747921150921,22.3531877439035));
#7454=CARTESIAN_POINT('Ctrl Pts',(409.241813472667,-48.0000000000002,22.3670551180476));
#7455=CARTESIAN_POINT('Ctrl Pts',(458.233710664449,-48.0000000000002,22.3670551180479));
#7456=CARTESIAN_POINT('Ctrl Pts',(409.241813472667,-49.0162650307154,22.9261233406349));
#7457=CARTESIAN_POINT('Ctrl Pts',(458.233710664449,-49.0162650307154,22.9261233406351));
#7458=CARTESIAN_POINT('Ctrl Pts',(409.241813472667,-49.9425124039411,23.6512780232869));
#7459=CARTESIAN_POINT('Ctrl Pts',(458.233710664449,-49.9425124039411,23.6512780232872));
#7460=CARTESIAN_POINT('Ctrl Pts',(409.241813472667,-51.2282477664906,25.2526164787913));
#7461=CARTESIAN_POINT('Ctrl Pts',(458.233710664449,-51.2282477664906,25.2526164787916));
#7462=CARTESIAN_POINT('Ctrl Pts',(409.24181347347,-51.656564811849,26.0416750023936));
#7463=CARTESIAN_POINT('Ctrl Pts',(458.233710665252,-51.656564811849,26.0416750023938));
#7464=CARTESIAN_POINT('Ctrl Pts',(409.24181347347,-52.1277884127428,27.6716656286793));
#7465=CARTESIAN_POINT('Ctrl Pts',(458.233710665252,-52.1277884127428,27.6716656286796));
#7466=CARTESIAN_POINT('Ctrl Pts',(409.241813472676,-52.1972285030007,28.4719288520342));
#7467=CARTESIAN_POINT('Ctrl Pts',(458.233710664458,-52.1972285030007,28.4719288520344));
#7468=CARTESIAN_POINT('Ctrl Pts',(409.241813472676,-52.0136240282065,30.0656736711678));
#7469=CARTESIAN_POINT('Ctrl Pts',(458.233710664458,-52.0136240282065,30.065673671168));
#7470=CARTESIAN_POINT('Ctrl Pts',(409.241813472652,-51.7648518135984,30.8288909597601));
#7471=CARTESIAN_POINT('Ctrl Pts',(458.233710664433,-51.7648518135984,30.8288909597604));
#7472=CARTESIAN_POINT('Ctrl Pts',(409.241813472652,-50.9475928370836,32.346195703473));
#7473=CARTESIAN_POINT('Ctrl Pts',(458.233710664433,-50.9475928370836,32.3461957034732));
#7474=CARTESIAN_POINT('Ctrl Pts',(409.241813471972,-50.3500988387449,33.0575103890838));
#7475=CARTESIAN_POINT('Ctrl Pts',(458.233710663754,-50.3500988387449,33.057510389084));
#7476=CARTESIAN_POINT('Ctrl Pts',(409.241813471972,-49.5600505069406,33.7397308856924));
#7477=CARTESIAN_POINT('Ctrl Pts',(458.233710663754,-49.5600505069406,33.7397308856926));
#7478=CARTESIAN_POINT('Ctrl Pts',(409.241813472667,-49.4662523075958,33.8173325250231));
#7479=CARTESIAN_POINT('Ctrl Pts',(458.233710664449,-49.4662523075958,33.8173325250233));
#7480=CARTESIAN_POINT('Ctrl Pts',(409.241813472667,-49.3709107382646,33.893000750554));
#7481=CARTESIAN_POINT('Ctrl Pts',(458.233710664449,-49.3709107382646,33.8930007505543));
#7482=CARTESIAN_POINT('Ctrl Pts',(409.241813472667,-48.3812712502109,34.6784321683678));
#7483=CARTESIAN_POINT('Ctrl Pts',(458.233710664449,-48.3812712502109,34.6784321683681));
#7484=CARTESIAN_POINT('Ctrl Pts',(409.241813472667,-47.2316258409534,35.2513490364417));
#7485=CARTESIAN_POINT('Ctrl Pts',(458.233710664449,-47.2316258409534,35.251349036442));
#7486=CARTESIAN_POINT('Ctrl Pts',(409.241813472667,-44.1363923481888,36.2964722394926));
#7487=CARTESIAN_POINT('Ctrl Pts',(458.233710664449,-44.1363923481888,36.2964722394929));
#7488=CARTESIAN_POINT('Ctrl Pts',(409.241813472667,-42.0881611791576,36.5268844735537));
#7489=CARTESIAN_POINT('Ctrl Pts',(458.233710664449,-42.0881611791576,36.5268844735539));
#7490=CARTESIAN_POINT('Ctrl Pts',(409.241813472667,-40.0852350801958,36.5737666529284));
#7491=CARTESIAN_POINT('Ctrl Pts',(458.233710664449,-40.0852350801958,36.5737666529287));
#7492=CARTESIAN_POINT('',(443.353370877715,-40.0000000000002,20.5912253239896));
#7493=CARTESIAN_POINT('Ctrl Pts',(443.353370877715,-40.0000000000002,20.5912253239897));
#7494=CARTESIAN_POINT('Ctrl Pts',(442.526346656099,-41.0626443012273,20.613404581961));
#7495=CARTESIAN_POINT('Ctrl Pts',(441.694166327941,-42.1319136892291,20.6856632705387));
#7496=CARTESIAN_POINT('Ctrl Pts',(439.812839986427,-44.5492319047122,21.0439337273926));
#7497=CARTESIAN_POINT('Ctrl Pts',(438.424682858883,-46.3328764730786,21.4499362968151));
#7498=CARTESIAN_POINT('Ctrl Pts',(437.127210566792,-48.0000000000002,22.3670551180477));
#7499=CARTESIAN_POINT('',(449.120906736333,-40.0000000000002,20.5912253239896));
#7500=CARTESIAN_POINT('Origin',(433.241813472667,-48.0000000000002,22.3670551180477));
#7501=CARTESIAN_POINT('',(444.703549966154,-48.0000000000002,20.5912253239897));
#7502=CARTESIAN_POINT('',(444.703549966154,-48.0000000000001,40.6335275590238));
#7503=CARTESIAN_POINT('',(444.741813472667,-48.0000000000002,20.5912253239897));
#7504=CARTESIAN_POINT('',(433.241813472667,-48.0000000000002,20.5912253239896));
#7505=CARTESIAN_POINT('',(444.741813472667,-48.0000000000002,20.5912253239897));
#7506=CARTESIAN_POINT('Origin',(433.241813472667,-48.0000000000002,20.5912253239896));
#7507=CARTESIAN_POINT('',(444.741813472667,-47.9617364934871,20.5912253239897));
#7508=CARTESIAN_POINT('',(443.271619261855,-49.4319307042996,20.5912253239897));
#7509=CARTESIAN_POINT('',(444.741813472667,-40.0000000000002,20.5912253239897));
#7510=CARTESIAN_POINT('Origin',(444.741813472667,-40.0000000000002,49.9918756930273));
#7511=CARTESIAN_POINT('',(444.741813472667,-47.9617364934873,54.4459378465136));
#7512=CARTESIAN_POINT('Origin',(443.353370877715,-40.0000000000002,20.5912253239896));
#7513=CARTESIAN_POINT('',(443.353370877715,-40.0000000000002,20.5912253239896));
#7514=CARTESIAN_POINT('',(437.127210566792,-48.0000000000002,35.2915505085084));
#7515=CARTESIAN_POINT('Origin',(465.,-40.0000000000002,-57.));
#7516=CARTESIAN_POINT('',(422.818219924177,-40.0000000000002,41.9996616622013));
#7517=CARTESIAN_POINT('Ctrl Pts',(433.241813472667,-40.0000000000002,49.9918756930272));
#7518=CARTESIAN_POINT('Ctrl Pts',(433.105743297177,-40.0000000000002,49.9971696923704));
#7519=CARTESIAN_POINT('Ctrl Pts',(432.971704302242,-40.0000000000002,49.9996616622013));
#7520=CARTESIAN_POINT('Ctrl Pts',(432.238295745299,-40.0000000000002,49.9996616622013));
#7521=CARTESIAN_POINT('Ctrl Pts',(431.580108012321,-40.0000000000002,49.9438967125486));
#7522=CARTESIAN_POINT('Ctrl Pts',(430.285447387031,-40.0000000000002,49.7097519904048));
#7523=CARTESIAN_POINT('Ctrl Pts',(429.648916353873,-40.0000000000002,49.5316938111751));
#7524=CARTESIAN_POINT('Ctrl Pts',(428.509013772453,-40.0000000000002,49.1166926888917));
#7525=CARTESIAN_POINT('Ctrl Pts',(427.898638235674,-40.0000000000002,48.8392860256077));
#7526=CARTESIAN_POINT('Ctrl Pts',(426.739354838794,-40.0000000000002,48.1775384262487));
#7527=CARTESIAN_POINT('Ctrl Pts',(426.190476652893,-40.0000000000002,47.7931455067397));
#7528=CARTESIAN_POINT('Ctrl Pts',(425.300814127727,-40.0000000000002,47.0510655237481));
#7529=CARTESIAN_POINT('Ctrl Pts',(424.869298431518,-40.0000000000002,46.6324318427214));
#7530=CARTESIAN_POINT('Ctrl Pts',(424.103025305967,-40.0000000000002,45.716986965778));
#7531=CARTESIAN_POINT('Ctrl Pts',(423.769053348382,-40.0000000000002,45.2195185771699));
#7532=CARTESIAN_POINT('Ctrl Pts',(423.310252172545,-40.0000000000002,44.334885128689));
#7533=CARTESIAN_POINT('Ctrl Pts',(423.12494379092,-40.0000000000002,43.8786832819869));
#7534=CARTESIAN_POINT('Ctrl Pts',(422.878374421019,-40.0000000000002,42.935670387135));
#7535=CARTESIAN_POINT('Ctrl Pts',(422.818219924177,-40.0000000000002,42.4485703716326));
#7536=CARTESIAN_POINT('Ctrl Pts',(422.818219924177,-40.0000000000002,41.9996616622013));
#7537=CARTESIAN_POINT('',(422.818219924177,-40.0000000000002,35.2915505085084));
#7538=CARTESIAN_POINT('',(422.637898897996,-40.0000000000001,23.1));
#7539=CARTESIAN_POINT('',(396.75,-40.0000000000002,23.1000000000001));
#7540=CARTESIAN_POINT('',(422.637898897996,-40.0000000000001,58.8999999999999));
#7541=CARTESIAN_POINT('',(422.637898897996,-40.0000000000002,-62.));
#7542=CARTESIAN_POINT('',(449.203549966154,-40.0000000000001,58.8999999999999));
#7543=CARTESIAN_POINT('',(515.,-40.0000000000001,58.9));
#7544=CARTESIAN_POINT('',(449.203549966154,-40.0000000000002,-5.30000000000001));
#7545=CARTESIAN_POINT('',(449.203549966154,-40.0000000000002,0.949999999999989));
#7546=CARTESIAN_POINT('',(431.003549966154,-40.0000000000002,-5.30000000000001));
#7547=CARTESIAN_POINT('',(462.433250082517,-40.0000000000002,-5.30000000000001));
#7548=CARTESIAN_POINT('',(431.003549966154,-40.0000000000002,-70.7));
#7549=CARTESIAN_POINT('',(431.003549966154,-40.0000000000002,-40.15));
#7550=CARTESIAN_POINT('',(449.203549966154,-40.0000000000002,-70.7));
#7551=CARTESIAN_POINT('',(450.001774983077,-40.0000000000002,-70.7));
#7552=CARTESIAN_POINT('',(449.203549966154,-40.0000000000001,-132.9));
#7553=CARTESIAN_POINT('',(449.203549966154,-40.0000000000002,0.949999999999989));
#7554=CARTESIAN_POINT('',(422.637898897996,-40.0000000000001,-132.9));
#7555=CARTESIAN_POINT('',(340.64095576377,-40.0000000000002,-132.9));
#7556=CARTESIAN_POINT('',(422.637898897996,-40.0000000000001,-97.1));
#7557=CARTESIAN_POINT('',(422.637898897996,-40.0000000000002,-62.));
#7558=CARTESIAN_POINT('',(430.637898897996,-40.0000000000001,-97.1));
#7559=CARTESIAN_POINT('',(396.75,-40.0000000000002,-97.1000000000001));
#7560=CARTESIAN_POINT('',(430.637898897996,-40.0000000000002,-78.475));
#7561=CARTESIAN_POINT('Origin',(412.663129063721,-28.9603383377992,41.9996616622013));
#7562=CARTESIAN_POINT('',(412.663129063721,-59.9603383377992,41.9996616622013));
#7563=CARTESIAN_POINT('Origin',(412.663129063721,-28.960338337799,41.9996616622013));
#7564=CARTESIAN_POINT('',(412.663129063721,-43.9603383377992,41.9996616622013));
#7565=CARTESIAN_POINT('Origin',(412.663129063721,-51.9603383377992,41.9996616622013));
#7566=CARTESIAN_POINT('Origin',(412.66312906372,-28.960338337799,41.9996616622013));
#7567=CARTESIAN_POINT('Origin',(201.826074638946,19.3810725242375,-72.393143808515));
#7568=CARTESIAN_POINT('',(205.139663865473,19.3923169825978,-72.393143808515));
#7569=CARTESIAN_POINT('Origin',(201.85222136177,19.679930933665,-72.393143808515));
#7570=CARTESIAN_POINT('',(204.48965360097,18.8468936093913,-72.393143808515));
#7571=CARTESIAN_POINT('',(204.814658733221,19.1196052959945,-72.393143808515));
#7572=CARTESIAN_POINT('Origin',(201.799927916122,19.08221411481,-72.393143808515));
#7573=CARTESIAN_POINT('Origin',(332.297177204002,8.26747608332997,-37.));
#7574=CARTESIAN_POINT('',(195.892007179008,20.2013821068431,0.114865233997795));
#7575=CARTESIAN_POINT('',(195.892007179008,20.2013821068431,-74.1148652339978));
#7576=CARTESIAN_POINT('Ctrl Pts',(195.892007173133,20.2013821073572,0.114865233654622));
#7577=CARTESIAN_POINT('Ctrl Pts',(197.325271310572,20.075987743493,-24.609449568108));
#7578=CARTESIAN_POINT('Ctrl Pts',(197.325271315839,20.0759877430322,-49.3905503410326));
#7579=CARTESIAN_POINT('Ctrl Pts',(195.892007173133,20.2013821073572,-74.1148652336547));
#7580=CARTESIAN_POINT('',(204.684574747892,19.4321321212802,14.5));
#7581=CARTESIAN_POINT('Ctrl Pts',(204.684574747931,19.4321321212767,14.4999999999755));
#7582=CARTESIAN_POINT('Ctrl Pts',(201.765179273541,19.6875461296347,9.72363268225933));
#7583=CARTESIAN_POINT('Ctrl Pts',(198.833293893677,19.9440528631302,4.92690024981207));
#7584=CARTESIAN_POINT('Ctrl Pts',(195.89200717902,20.2013821068422,0.114865233990913));
#7585=CARTESIAN_POINT('',(229.255324543588,17.2824700598248,14.4999999999988));
#7586=CARTESIAN_POINT('',(403.70903726597,2.01974788660808,14.5));
#7587=CARTESIAN_POINT('',(241.058505641679,16.2498255201984,-3.26647728670937));
#7588=CARTESIAN_POINT('Ctrl Pts',(229.255324543632,17.282470059821,14.5000000000276));
#7589=CARTESIAN_POINT('Ctrl Pts',(233.03215141474,16.952040524499,8.81509500872562));
#7590=CARTESIAN_POINT('Ctrl Pts',(236.959979062642,16.6084001330238,2.90282261164257));
#7591=CARTESIAN_POINT('Ctrl Pts',(241.058505641679,16.2498255201984,-3.26647728670936));
#7592=CARTESIAN_POINT('',(241.062911896929,16.2494400228154,-3.27311101621389));
#7593=CARTESIAN_POINT('Ctrl Pts',(241.058505641679,16.2498255201984,-3.26647728670935));
#7594=CARTESIAN_POINT('Ctrl Pts',(241.059974581188,16.249697004644,-3.26868840531135));
#7595=CARTESIAN_POINT('Ctrl Pts',(241.061443332971,16.2495685055134,-3.27089964853029));
#7596=CARTESIAN_POINT('Ctrl Pts',(241.062911896929,16.2494400228154,-3.27311101621388));
#7597=CARTESIAN_POINT('',(248.907798798745,15.5631013522635,-29.2818427922697));
#7598=CARTESIAN_POINT('Ctrl Pts',(241.062911896929,16.2494400228154,-3.27311101621388));
#7599=CARTESIAN_POINT('Ctrl Pts',(241.808740389582,16.1841884847737,-4.39618163062845));
#7600=CARTESIAN_POINT('Ctrl Pts',(243.201123645426,16.062370734604,-6.70367496187742));
#7601=CARTESIAN_POINT('Ctrl Pts',(244.648274717027,15.9357614214295,-9.64933808224262));
#7602=CARTESIAN_POINT('Ctrl Pts',(245.604428456574,15.8521088086312,-11.9304113075098));
#7603=CARTESIAN_POINT('Ctrl Pts',(246.497865800958,15.7739431694269,-14.3176836530478));
#7604=CARTESIAN_POINT('Ctrl Pts',(247.46736371462,15.6891230926695,-17.4981671660246));
#7605=CARTESIAN_POINT('Ctrl Pts',(248.598017048877,15.5902037435442,-22.7985877719896));
#7606=CARTESIAN_POINT('Ctrl Pts',(248.907798798745,15.5631013522635,-26.8061400001013));
#7607=CARTESIAN_POINT('Ctrl Pts',(248.907798798745,15.5631013522635,-29.2818427922697));
#7608=CARTESIAN_POINT('',(248.907798798745,15.5631013522635,-44.7181572077303));
#7609=CARTESIAN_POINT('',(248.907798798745,15.5631013522635,-89.1));
#7610=CARTESIAN_POINT('',(241.062911896929,16.2494400228154,-70.7268889837861));
#7611=CARTESIAN_POINT('Ctrl Pts',(241.062911896929,16.2494400228154,-70.7268889837861));
#7612=CARTESIAN_POINT('Ctrl Pts',(241.808740389582,16.1841884847737,-69.6038183693715));
#7613=CARTESIAN_POINT('Ctrl Pts',(243.201095993288,16.0623731538525,-67.2963565600895));
#7614=CARTESIAN_POINT('Ctrl Pts',(244.648241718868,15.9357643083943,-64.3506992378469));
#7615=CARTESIAN_POINT('Ctrl Pts',(245.60438816915,15.8521123333241,-62.0696299196847));
#7616=CARTESIAN_POINT('Ctrl Pts',(246.497823673585,15.7739468550944,-59.6823560327915));
#7617=CARTESIAN_POINT('Ctrl Pts',(247.46732432411,15.6891265388925,-56.5018624969061));
#7618=CARTESIAN_POINT('Ctrl Pts',(248.597955594543,15.5902091201017,-51.2014363620977));
#7619=CARTESIAN_POINT('Ctrl Pts',(248.907798798745,15.5631013522635,-47.1938599998987));
#7620=CARTESIAN_POINT('Ctrl Pts',(248.907798798745,15.5631013522635,-44.7181572077303));
#7621=CARTESIAN_POINT('',(241.058505641679,16.2498255201984,-70.7335227132906));
#7622=CARTESIAN_POINT('Ctrl Pts',(241.058505641679,16.2498255201984,-70.7335227132906));
#7623=CARTESIAN_POINT('Ctrl Pts',(241.059974581188,16.249697004644,-70.7313115946886));
#7624=CARTESIAN_POINT('Ctrl Pts',(241.061443332971,16.2495685055134,-70.7291003514697));
#7625=CARTESIAN_POINT('Ctrl Pts',(241.062911896929,16.2494400228154,-70.7268889837861));
#7626=CARTESIAN_POINT('',(229.255324543588,17.2824700598248,-88.4999999999988));
#7627=CARTESIAN_POINT('Ctrl Pts',(229.255324543632,17.282470059821,-88.5000000000276));
#7628=CARTESIAN_POINT('Ctrl Pts',(233.03215141474,16.952040524499,-82.8150950087256));
#7629=CARTESIAN_POINT('Ctrl Pts',(236.959979062642,16.6084001330238,-76.9028226116425));
#7630=CARTESIAN_POINT('Ctrl Pts',(241.058505641679,16.2498255201984,-70.7335227132906));
#7631=CARTESIAN_POINT('',(204.684574747902,19.4321321212792,-88.5000000000086));
#7632=CARTESIAN_POINT('',(403.70903726597,2.01974788660808,-88.5));
#7633=CARTESIAN_POINT('Ctrl Pts',(195.89200717902,20.2013821068421,-74.1148652339907));
#7634=CARTESIAN_POINT('Ctrl Pts',(198.833730852589,19.944014634179,-78.9276151279032));
#7635=CARTESIAN_POINT('Ctrl Pts',(201.765594865225,19.6875097700737,-83.7243126238005));
#7636=CARTESIAN_POINT('Ctrl Pts',(204.684574747939,19.432132121276,-88.4999999999856));
#7637=CARTESIAN_POINT('',(239.643188106492,16.3736497598167,-37.));
#7638=CARTESIAN_POINT('Origin',(242.930630610195,16.0860358087494,-37.));
#7639=CARTESIAN_POINT('',(205.139663865473,19.3923169825978,-1.60685619148501));
#7640=CARTESIAN_POINT('Origin',(201.85222136177,19.679930933665,-1.60685619148501));
#7641=CARTESIAN_POINT('',(229.344496368702,17.2746685360214,8.50000001056284));
#7642=CARTESIAN_POINT('Origin',(226.057053865,17.5622824870887,8.50000001056284));
#7643=CARTESIAN_POINT('',(229.344496368702,17.2746685360214,-82.5000000105628));
#7644=CARTESIAN_POINT('Origin',(226.057053865,17.5622824870887,-82.5000000105628));
#7645=CARTESIAN_POINT('Origin',(201.85222136177,19.679930933665,-72.393143808515));
#7646=CARTESIAN_POINT('',(197.661001156691,-59.2049609860969,-72.393143808515));
#7647=CARTESIAN_POINT('',(204.541947046618,19.4446104282463,-72.393143808515));
#7648=CARTESIAN_POINT('Origin',(194.971275471843,-58.9696404806782,-72.393143808515));
#7649=CARTESIAN_POINT('Origin',(435.920724432075,-55.0000000000001,58.8999999999999));
#7650=CARTESIAN_POINT('',(438.220724432075,-55.0000000000001,58.8999999999999));
#7651=CARTESIAN_POINT('Origin',(435.920724432075,-55.0000000000001,58.9));
#7652=CARTESIAN_POINT('',(438.220724432075,-55.0000000000001,-3.10000000000005));
#7653=CARTESIAN_POINT('',(438.220724432075,-55.0000000000001,58.8999999999999));
#7654=CARTESIAN_POINT('Origin',(435.920724432075,-55.0000000000001,-3.10000000000005));
#7655=CARTESIAN_POINT('Origin',(435.920724432075,-55.0000000000001,-3.10000000000005));
#7656=CARTESIAN_POINT('Origin',(435.920724432075,-55.0000000000001,-152.9));
#7657=CARTESIAN_POINT('',(433.620724432075,-55.0000000000001,-132.9));
#7658=CARTESIAN_POINT('Origin',(435.920724432075,-55.0000000000001,-132.9));
#7659=CARTESIAN_POINT('',(433.620724432075,-55.0000000000001,-72.8999999999999));
#7660=CARTESIAN_POINT('',(433.620724432075,-55.0000000000001,-152.9));
#7661=CARTESIAN_POINT('Origin',(435.920724432075,-55.0000000000001,-72.8999999999999));
#7662=CARTESIAN_POINT('Origin',(435.920724432075,-55.0000000000001,-72.8999999999999));
#7663=CARTESIAN_POINT('Ctrl Pts',(195.881178856848,20.2023294622772,-74.3011884029157));
#7664=CARTESIAN_POINT('Ctrl Pts',(197.328880754641,20.0756719580553,-49.4529447946595));
#7665=CARTESIAN_POINT('Ctrl Pts',(197.328880749294,20.0756719585231,-24.5470551135616));
#7666=CARTESIAN_POINT('Ctrl Pts',(195.881178856848,20.2023294622772,0.301188402918947));
#7667=CARTESIAN_POINT('Ctrl Pts',(195.529878902062,19.8985875966445,-74.2822693021527));
#7668=CARTESIAN_POINT('Ctrl Pts',(196.976813302937,19.7719962957562,-49.4466198807583));
#7669=CARTESIAN_POINT('Ctrl Pts',(196.976813297593,19.7719962962238,-24.5533800275092));
#7670=CARTESIAN_POINT('Ctrl Pts',(195.529878902062,19.8985875966445,0.282269302155919));
#7671=CARTESIAN_POINT('Ctrl Pts',(195.178578947277,19.5948457310118,-74.2633502013897));
#7672=CARTESIAN_POINT('Ctrl Pts',(196.624745851233,19.468320633457,-49.4402949668571));
#7673=CARTESIAN_POINT('Ctrl Pts',(196.624745845892,19.4683206339244,-24.5597049414569));
#7674=CARTESIAN_POINT('Ctrl Pts',(195.178578947277,19.5948457310118,0.263350201392891));
#7675=CARTESIAN_POINT('Ctrl Pts',(194.827278992491,19.2911038653791,-74.2444311006267));
#7676=CARTESIAN_POINT('Ctrl Pts',(196.272678399529,19.1646449711579,-49.433970052956));
#7677=CARTESIAN_POINT('Ctrl Pts',(196.272678394191,19.164644971625,-24.5660298554046));
#7678=CARTESIAN_POINT('Ctrl Pts',(194.827278992491,19.2911038653791,0.244431100629863));
#7679=CARTESIAN_POINT('',(195.248784480593,19.6555470188338,0.267131088750532));
#7680=CARTESIAN_POINT('Ctrl Pts',(195.248784480593,19.6555470188338,0.267131088750575));
#7681=CARTESIAN_POINT('Ctrl Pts',(195.463198046109,19.8374896946727,0.21639279341002));
#7682=CARTESIAN_POINT('Ctrl Pts',(195.677605631618,20.0194347428462,0.165637496771354));
#7683=CARTESIAN_POINT('Ctrl Pts',(195.892007179008,20.2013821068432,0.114865233997839));
#7684=CARTESIAN_POINT('',(195.248784480594,19.6555470188339,-74.2671310887506));
#7685=CARTESIAN_POINT('Ctrl Pts',(195.892007179008,20.2013821068431,-74.1148652339977));
#7686=CARTESIAN_POINT('Ctrl Pts',(195.677605632483,20.0194347435807,-74.1656374965663));
#7687=CARTESIAN_POINT('Ctrl Pts',(195.463198046576,19.8374896950689,-74.2163927932996));
#7688=CARTESIAN_POINT('Ctrl Pts',(195.248784480593,19.6555470188338,-74.2671310887506));
#7689=CARTESIAN_POINT('',(194.860415789955,19.2882047063456,-73.6712101990627));
#7690=CARTESIAN_POINT('Ctrl Pts',(195.248784480594,19.6555470188339,-74.2671310887506));
#7691=CARTESIAN_POINT('Ctrl Pts',(195.11940607403,19.5330826025023,-74.0684507612315));
#7692=CARTESIAN_POINT('Ctrl Pts',(194.989949752977,19.4106350570895,-73.8698101085277));
#7693=CARTESIAN_POINT('Ctrl Pts',(194.860415789955,19.2882047063456,-73.6712101990627));
#7694=CARTESIAN_POINT('',(194.860415789955,19.2882047063456,-0.328789800937271));
#7695=CARTESIAN_POINT('Ctrl Pts',(194.860415735269,19.2882047111181,-73.671210195902));
#7696=CARTESIAN_POINT('Ctrl Pts',(196.261632818482,19.1656113559222,-49.2420246682474));
#7697=CARTESIAN_POINT('Ctrl Pts',(196.261632813386,19.165611356368,-24.7579752429206));
#7698=CARTESIAN_POINT('Ctrl Pts',(194.860415735269,19.2882047111181,-0.32878980409803));
#7699=CARTESIAN_POINT('Ctrl Pts',(194.860415789955,19.2882047063456,-0.328789800937342));
#7700=CARTESIAN_POINT('Ctrl Pts',(194.989949752998,19.4106350571094,-0.130189891439989));
#7701=CARTESIAN_POINT('Ctrl Pts',(195.11940607407,19.53308260254,0.0684507612925753));
#7702=CARTESIAN_POINT('Ctrl Pts',(195.248784480593,19.6555470188338,0.267131088750532));
#7703=CARTESIAN_POINT('Ctrl Pts',(178.680661196484,-40.0000000000002,49.7964842126284));
#7704=CARTESIAN_POINT('Ctrl Pts',(190.218253363948,-4.46852467097507,49.7964842126284));
#7705=CARTESIAN_POINT('Ctrl Pts',(190.446050143611,32.8885346445951,49.7964842126284));
#7706=CARTESIAN_POINT('Ctrl Pts',(191.20261633902,-40.0000000000002,-37.0678112644222));
#7707=CARTESIAN_POINT('Ctrl Pts',(202.740208506484,-2.52554761418756,-37.0678112644222));
#7708=CARTESIAN_POINT('Ctrl Pts',(202.379214709853,36.683128697543,-37.0678112644222));
#7709=CARTESIAN_POINT('Ctrl Pts',(178.661494134519,-40.0000000000002,-123.929341547786));
#7710=CARTESIAN_POINT('Ctrl Pts',(190.199086301983,-4.47149874021738,-123.929341547786));
#7711=CARTESIAN_POINT('Ctrl Pts',(190.427784329521,32.8827263488046,-123.929341547786));
#7712=CARTESIAN_POINT('',(193.331035432602,3.13620398681477,-73.6684239752408));
#7713=CARTESIAN_POINT('Ctrl Pts',(193.331035432602,3.13620398681477,-73.6684239752408));
#7714=CARTESIAN_POINT('Ctrl Pts',(194.018569124154,8.501913795355,-73.6690115699069));
#7715=CARTESIAN_POINT('Ctrl Pts',(194.528639403487,13.8888527662123,-73.6699408251918));
#7716=CARTESIAN_POINT('Ctrl Pts',(194.860415789955,19.2882047063456,-73.6712101990627));
#7717=CARTESIAN_POINT('',(183.802224875888,-33.9737023833088,-96.7969757559617));
#7718=CARTESIAN_POINT('Ctrl Pts',(183.802224875888,-33.9737023833088,-96.7969757559618));
#7719=CARTESIAN_POINT('Ctrl Pts',(185.040773130289,-31.221223382773,-92.3562407143239));
#7720=CARTESIAN_POINT('Ctrl Pts',(186.298635264799,-27.9341191624299,-88.2344689679286));
#7721=CARTESIAN_POINT('Ctrl Pts',(188.869327106135,-19.8021577343929,-80.8158373017402));
#7722=CARTESIAN_POINT('Ctrl Pts',(190.154753827749,-14.8842916985449,-77.7117338993541));
#7723=CARTESIAN_POINT('Ctrl Pts',(192.08401989502,-5.36494974462845,-74.3896820410415));
#7724=CARTESIAN_POINT('Ctrl Pts',(192.780067257484,-1.16370942506647,-73.667953095101));
#7725=CARTESIAN_POINT('Ctrl Pts',(193.331035432602,3.13620398681475,-73.6684239752409));
#7726=CARTESIAN_POINT('',(180.949142733735,-40.0000000000002,-106.258656030757));
#7727=CARTESIAN_POINT('Ctrl Pts',(180.949142733735,-40.0000000000002,-106.258656030757));
#7728=CARTESIAN_POINT('Ctrl Pts',(181.961757957003,-37.9608585722949,-103.143616934106));
#7729=CARTESIAN_POINT('Ctrl Pts',(182.912212867384,-35.9516143095738,-99.9880565229826));
#7730=CARTESIAN_POINT('Ctrl Pts',(183.802224875888,-33.9737023833088,-96.7969757559618));
#7731=CARTESIAN_POINT('',(184.904582874539,-40.0000000000001,-37.0000000000007));
#7732=CARTESIAN_POINT('Origin',(-423.423033090342,-40.0000000000002,-37.0000000000001));
#7733=CARTESIAN_POINT('',(180.949142733735,-40.0000000000002,32.2586560307569));
#7734=CARTESIAN_POINT('Origin',(-423.423033090342,-40.0000000000002,-37.0000000000001));
#7735=CARTESIAN_POINT('',(183.802224875888,-33.9737023833088,22.7969757559618));
#7736=CARTESIAN_POINT('Ctrl Pts',(183.802224875888,-33.9737023833089,22.7969757559618));
#7737=CARTESIAN_POINT('Ctrl Pts',(182.912212867384,-35.9516143095719,25.9880565229793));
#7738=CARTESIAN_POINT('Ctrl Pts',(181.961757957003,-37.960858572294,29.1436169341048));
#7739=CARTESIAN_POINT('Ctrl Pts',(180.949142733735,-40.0000000000001,32.2586560307569));
#7740=CARTESIAN_POINT('',(193.331035432602,3.13620398681481,-0.331576024759102));
#7741=CARTESIAN_POINT('Ctrl Pts',(193.331035432602,3.13620398681481,-0.331576024759142));
#7742=CARTESIAN_POINT('Ctrl Pts',(192.955588809843,0.206111031262854,-0.331896896936958));
#7743=CARTESIAN_POINT('Ctrl Pts',(192.511317977399,-2.68957622390034,0.00324070401111862));
#7744=CARTESIAN_POINT('Ctrl Pts',(191.423676379658,-8.77799959675491,1.43210453936467));
#7745=CARTESIAN_POINT('Ctrl Pts',(190.771891888663,-11.8878971686781,2.61627459770309));
#7746=CARTESIAN_POINT('Ctrl Pts',(189.083876949641,-18.9395487443939,6.33317207853598));
#7747=CARTESIAN_POINT('Ctrl Pts',(188.018574858628,-22.6334980658154,9.17102677114815));
#7748=CARTESIAN_POINT('Ctrl Pts',(185.893727649129,-28.9793175421519,15.5707619807242));
#7749=CARTESIAN_POINT('Ctrl Pts',(184.84125822843,-31.6646139214224,19.0715885523012));
#7750=CARTESIAN_POINT('Ctrl Pts',(183.802224875888,-33.9737023833088,22.7969757559617));
#7751=CARTESIAN_POINT('Ctrl Pts',(194.860415789955,19.2882047063456,-0.328789800937268));
#7752=CARTESIAN_POINT('Ctrl Pts',(194.528639403487,13.8888527662123,-0.330059174808146));
#7753=CARTESIAN_POINT('Ctrl Pts',(194.018569124154,8.50191379535504,-0.330988430093124));
#7754=CARTESIAN_POINT('Ctrl Pts',(193.331035432602,3.13620398681481,-0.331576024759195));
#7755=CARTESIAN_POINT('Ctrl Pts',(202.718446281742,1.93398640221785,-89.1000000000001));
#7756=CARTESIAN_POINT('Ctrl Pts',(203.449206645376,7.64006478069897,-89.1000000000001));
#7757=CARTESIAN_POINT('Ctrl Pts',(203.986638321328,13.3709001505962,-89.1000000000001));
#7758=CARTESIAN_POINT('Ctrl Pts',(204.329509230581,19.1133543915994,-89.1000000000001));
#7759=CARTESIAN_POINT('Ctrl Pts',(199.589309332028,2.33472559708349,-83.9561413250803));
#7760=CARTESIAN_POINT('Ctrl Pts',(200.311021486919,7.97015182905625,-83.9561413250803));
#7761=CARTESIAN_POINT('Ctrl Pts',(200.841798732458,13.630028513616,-83.9561413250803));
#7762=CARTESIAN_POINT('Ctrl Pts',(201.180424245117,19.3013802054705,-83.9561413250803));
#7763=CARTESIAN_POINT('Ctrl Pts',(196.460172382315,2.73546479194914,-78.8122826501605));
#7764=CARTESIAN_POINT('Ctrl Pts',(197.172836328463,8.30023887741351,-78.8122826501605));
#7765=CARTESIAN_POINT('Ctrl Pts',(197.696959143587,13.8891568766359,-78.8122826501605));
#7766=CARTESIAN_POINT('Ctrl Pts',(198.031339259652,19.4894060193415,-78.8122826501605));
#7767=CARTESIAN_POINT('Ctrl Pts',(193.331035432602,3.13620398681478,-73.6684239752408));
#7768=CARTESIAN_POINT('Ctrl Pts',(194.034651170006,8.63032592577079,-73.6684239752408));
#7769=CARTESIAN_POINT('Ctrl Pts',(194.552119554716,14.1482852396557,-73.6684239752408));
#7770=CARTESIAN_POINT('Ctrl Pts',(194.882254274187,19.6774318332125,-73.6684239752408));
#7771=CARTESIAN_POINT('',(204.314297591823,18.8624046179274,-89.0998312987567));
#7772=CARTESIAN_POINT('Ctrl Pts',(204.314297591823,18.8624046179274,-89.0998312987567));
#7773=CARTESIAN_POINT('Ctrl Pts',(201.305113471559,19.1256781295766,-84.1762365640484));
#7774=CARTESIAN_POINT('Ctrl Pts',(198.282170278227,19.3901556361294,-79.230191458228));
#7775=CARTESIAN_POINT('Ctrl Pts',(195.248784480593,19.6555470188338,-74.2671310887506));
#7776=CARTESIAN_POINT('',(204.314390473277,18.8622271470263,-89.1));
#7777=CARTESIAN_POINT('Ctrl Pts',(204.314297545945,18.8624046219168,-89.0998312987568));
#7778=CARTESIAN_POINT('Ctrl Pts',(204.314328506351,18.8623454648071,-89.0998875323814));
#7779=CARTESIAN_POINT('Ctrl Pts',(204.314359466741,18.8622863076938,-89.0999437660113));
#7780=CARTESIAN_POINT('Ctrl Pts',(204.314390427115,18.8622271505768,-89.0999999996461));
#7781=CARTESIAN_POINT('',(202.870975819374,3.14813332251346,-89.1));
#7782=CARTESIAN_POINT('Ctrl Pts',(204.31439042736,18.8622271510286,-89.1000000000001));
#7783=CARTESIAN_POINT('Ctrl Pts',(203.995641892485,13.6109688370398,-89.1000000000001));
#7784=CARTESIAN_POINT('Ctrl Pts',(203.51418925051,8.36958803886915,-89.1000000000001));
#7785=CARTESIAN_POINT('Ctrl Pts',(202.870974854338,3.14813341867587,-89.1000000000001));
#7786=CARTESIAN_POINT('Ctrl Pts',(193.331035433911,3.13620398854149,-73.6684239747782));
#7787=CARTESIAN_POINT('Ctrl Pts',(196.511921201285,3.14072414332961,-78.8120374583276));
#7788=CARTESIAN_POINT('Ctrl Pts',(199.691862989902,3.14466509251165,-83.9559041670888));
#7789=CARTESIAN_POINT('Ctrl Pts',(202.870976147132,3.14813371426336,-89.0999999402698));
#7790=CARTESIAN_POINT('Ctrl Pts',(195.248784480593,19.6555470188338,-74.2671310887506));
#7791=CARTESIAN_POINT('Ctrl Pts',(198.282170278227,19.3901556361294,-79.230191458228));
#7792=CARTESIAN_POINT('Ctrl Pts',(201.305113471559,19.1256781295766,-84.1762365640484));
#7793=CARTESIAN_POINT('Ctrl Pts',(204.314297591823,18.8624046179274,-89.0998312987567));
#7794=CARTESIAN_POINT('Ctrl Pts',(195.431855328977,19.8402336557259,-74.1651079841252));
#7795=CARTESIAN_POINT('Ctrl Pts',(198.465293500739,19.574839195316,-79.1281373196911));
#7796=CARTESIAN_POINT('Ctrl Pts',(201.488286932578,19.3103587090145,-84.0741526356745));
#7797=CARTESIAN_POINT('Ctrl Pts',(204.497519346231,19.0470823104625,-88.9977187164148));
#7798=CARTESIAN_POINT('Ctrl Pts',(195.61492617736,20.0249202926181,-74.0630848794997));
#7799=CARTESIAN_POINT('Ctrl Pts',(198.64841672325,19.7595227545026,-79.0260831811543));
#7800=CARTESIAN_POINT('Ctrl Pts',(201.671460393596,19.4950392884524,-83.9720687073006));
#7801=CARTESIAN_POINT('Ctrl Pts',(204.680741100639,19.2317600029975,-88.8956061340728));
#7802=CARTESIAN_POINT('Ctrl Pts',(195.797997025743,20.2096069295102,-73.9610617748743));
#7803=CARTESIAN_POINT('Ctrl Pts',(198.831539945762,19.9442063136892,-78.9240290426174));
#7804=CARTESIAN_POINT('Ctrl Pts',(201.854633854614,19.6797198678904,-83.8699847789267));
#7805=CARTESIAN_POINT('Ctrl Pts',(204.863962855048,19.4164376955326,-88.7934935517308));
#7806=CARTESIAN_POINT('Ctrl Pts',(204.684574747892,19.4321321212802,-88.5));
#7807=CARTESIAN_POINT('Ctrl Pts',(204.62286975365,19.3371865125594,-88.5999622566191));
#7808=CARTESIAN_POINT('Ctrl Pts',(204.561163930125,19.2422411920787,-88.6999242983718));
#7809=CARTESIAN_POINT('Ctrl Pts',(204.437738215965,19.0523320317658,-88.8998680567863));
#7810=CARTESIAN_POINT('Ctrl Pts',(204.376018311084,18.9573681706474,-88.9998497958949));
#7811=CARTESIAN_POINT('Ctrl Pts',(204.314297591823,18.8624046179274,-89.0998312987568));
#7812=CARTESIAN_POINT('Origin',(172.997145272147,-40.0000000000002,-37.066428667579));
#7813=CARTESIAN_POINT('',(184.49953868135,-40.0000000000002,-54.1));
#7814=CARTESIAN_POINT('Origin',(-598.520250000005,-40.0000000000014,-26.9999999999985));
#7815=CARTESIAN_POINT('',(181.784361606651,-40.0000000000002,-97.5633178368589));
#7816=CARTESIAN_POINT('Origin',(-598.520250000005,-40.0000000000014,-26.9999999999985));
#7817=CARTESIAN_POINT('',(183.234224732649,-40.0000000000002,-79.0999999999046));
#7818=CARTESIAN_POINT('Ctrl Pts',(181.784361635727,-40.0000000000002,-97.5633178394883));
#7819=CARTESIAN_POINT('Ctrl Pts',(181.906935027323,-40.0000000000002,-96.2078744497207));
#7820=CARTESIAN_POINT('Ctrl Pts',(182.025979645918,-40.0000000000002,-94.8520787712164));
#7821=CARTESIAN_POINT('Ctrl Pts',(182.549974290748,-40.0000000000002,-88.7003867257257));
#7822=CARTESIAN_POINT('Ctrl Pts',(182.914226633212,-40.0000000000002,-83.9015344746845));
#7823=CARTESIAN_POINT('Ctrl Pts',(183.234224732643,-40.0000000000002,-79.0999999999042));
#7824=CARTESIAN_POINT('',(184.088409799864,-40.0000000000002,-64.1221386197087));
#7825=CARTESIAN_POINT('Ctrl Pts',(183.234224732649,-40.0000000000002,-79.0999999998093));
#7826=CARTESIAN_POINT('Ctrl Pts',(183.56677787776,-40.0000000000002,-74.1100785165464));
#7827=CARTESIAN_POINT('Ctrl Pts',(183.85153604523,-40.0000000000002,-69.117260207678));
#7828=CARTESIAN_POINT('Ctrl Pts',(184.088470013395,-40.0000000000002,-64.1222321998032));
#7829=CARTESIAN_POINT('Ctrl Pts',(184.08839248554,-40.0000000000002,-64.1221117108715));
#7830=CARTESIAN_POINT('Ctrl Pts',(184.246828611859,-40.0000000000002,-60.7822772300038));
#7831=CARTESIAN_POINT('Ctrl Pts',(184.383879606761,-40.0000000000002,-57.4415047923965));
#7832=CARTESIAN_POINT('Ctrl Pts',(184.49953868135,-40.0000000000002,-54.1));
#7833=CARTESIAN_POINT('Origin',(172.997145272147,-40.0000000000002,-37.066428667579));
#7834=CARTESIAN_POINT('',(184.49953868135,-40.0000000000002,-19.9));
#7835=CARTESIAN_POINT('',(184.088409799864,-40.0000000000002,-9.8778613802913));
#7836=CARTESIAN_POINT('Ctrl Pts',(184.49953868135,-40.0000000000002,-19.9));
#7837=CARTESIAN_POINT('Ctrl Pts',(184.383879606761,-40.0000000000002,-16.5584952076054));
#7838=CARTESIAN_POINT('Ctrl Pts',(184.24682861186,-40.0000000000002,-13.2177227700134));
#7839=CARTESIAN_POINT('Ctrl Pts',(184.08839248554,-40.0000000000002,-9.87788828912846));
#7840=CARTESIAN_POINT('',(183.234224732649,-40.0000000000002,5.09999999990451));
#7841=CARTESIAN_POINT('Ctrl Pts',(184.088470013395,-40.0000000000002,-9.87776780019677));
#7842=CARTESIAN_POINT('Ctrl Pts',(183.851536045229,-40.0000000000002,-4.88273979228638));
#7843=CARTESIAN_POINT('Ctrl Pts',(183.566777877759,-40.0000000000002,0.110078516569637));
#7844=CARTESIAN_POINT('Ctrl Pts',(183.234224732649,-40.0000000000002,5.09999999980904));
#7845=CARTESIAN_POINT('',(181.784361606651,-40.0000000000002,23.5633178368589));
#7846=CARTESIAN_POINT('Ctrl Pts',(183.234224732643,-40.0000000000002,5.09999999990408));
#7847=CARTESIAN_POINT('Ctrl Pts',(182.914226633212,-40.0000000000002,9.90153447468399));
#7848=CARTESIAN_POINT('Ctrl Pts',(182.549974290749,-40.0000000000002,14.7003867257145));
#7849=CARTESIAN_POINT('Ctrl Pts',(182.025979645918,-40.0000000000002,20.8520787712164));
#7850=CARTESIAN_POINT('Ctrl Pts',(181.906935027323,-40.0000000000002,22.2078744497207));
#7851=CARTESIAN_POINT('Ctrl Pts',(181.784361635727,-40.0000000000002,23.5633178394882));
#7852=CARTESIAN_POINT('Origin',(-598.520250000005,-40.0000000000014,-47.0000000000015));
#7853=CARTESIAN_POINT('Origin',(-598.520250000005,-40.0000000000014,-47.0000000000015));
#7854=CARTESIAN_POINT('Ctrl Pts',(187.839451211296,-34.0003187436736,29.2089286236788));
#7855=CARTESIAN_POINT('Ctrl Pts',(183.778503549418,-33.9738569824739,22.7566639477377));
#7856=CARTESIAN_POINT('Ctrl Pts',(179.713503535828,-33.9464409536356,16.3057774179896));
#7857=CARTESIAN_POINT('Ctrl Pts',(175.643789168649,-33.9179684609007,9.85646764040339));
#7858=CARTESIAN_POINT('Ctrl Pts',(193.351605802006,-28.8137970805646,25.8796282170974));
#7859=CARTESIAN_POINT('Ctrl Pts',(189.299137238796,-28.7977764051836,19.4234692447034));
#7860=CARTESIAN_POINT('Ctrl Pts',(185.243023722791,-28.7812754359955,12.9685206684242));
#7861=CARTESIAN_POINT('Ctrl Pts',(181.182597620361,-28.7643856008036,6.51497380778512));
#7862=CARTESIAN_POINT('Ctrl Pts',(201.233292394234,-17.1574380589397,21.1743975227312));
#7863=CARTESIAN_POINT('Ctrl Pts',(197.199583934476,-17.1556931206265,14.7101329895649));
#7864=CARTESIAN_POINT('Ctrl Pts',(193.163063729293,-17.1542832184634,8.24675057340766));
#7865=CARTESIAN_POINT('Ctrl Pts',(189.123266668523,-17.1532972441113,1.7843760459746));
#7866=CARTESIAN_POINT('Ctrl Pts',(204.675173199623,-3.01719436068994,19.2375723005613));
#7867=CARTESIAN_POINT('Ctrl Pts',(200.663545175767,-3.02073025108224,12.7644968363654));
#7868=CARTESIAN_POINT('Ctrl Pts',(196.650172937295,-3.02491053452336,6.2919345883823));
#7869=CARTESIAN_POINT('Ctrl Pts',(192.634766474698,-3.02993732632589,-0.180049623795625));
#7870=CARTESIAN_POINT('Ctrl Pts',(205.256234177953,3.15064938633755,18.9598568496416));
#7871=CARTESIAN_POINT('Ctrl Pts',(201.254121404918,3.14657131398203,12.4831003425487));
#7872=CARTESIAN_POINT('Ctrl Pts',(197.250740808817,3.14178685724119,6.00669737362989));
#7873=CARTESIAN_POINT('Ctrl Pts',(193.245862260612,3.13608281599382,-0.469303865956903));
#7874=CARTESIAN_POINT('',(187.770811940075,-33.9998713911366,29.0998713911365));
#7875=CARTESIAN_POINT('Ctrl Pts',(183.802226503756,-33.973702527718,22.796975285318));
#7876=CARTESIAN_POINT('Ctrl Pts',(185.125533670179,-33.9825290881611,24.8977898220095));
#7877=CARTESIAN_POINT('Ctrl Pts',(186.448387862655,-33.9912508663346,26.9987574765713));
#7878=CARTESIAN_POINT('Ctrl Pts',(187.7708119411,-33.9998713912284,29.0998713908417));
#7879=CARTESIAN_POINT('',(187.839451211296,-34.0003187436737,29.2089286236784));
#7880=CARTESIAN_POINT('Ctrl Pts',(187.839451211296,-34.0003187436736,29.2089286236788));
#7881=CARTESIAN_POINT('Ctrl Pts',(187.816571583236,-34.0001696564889,29.1725761689751));
#7882=CARTESIAN_POINT('Ctrl Pts',(187.793691826543,-34.0000205390133,29.1362237580175));
#7883=CARTESIAN_POINT('Ctrl Pts',(187.7708119411,-33.9998713912284,29.0998713908414));
#7884=CARTESIAN_POINT('',(202.824379874078,2.78174594782309,15.1));
#7885=CARTESIAN_POINT('Ctrl Pts',(202.824379871847,2.78174594811563,15.1));
#7886=CARTESIAN_POINT('Ctrl Pts',(202.368542502426,-0.693465683629538,15.0999999988882));
#7887=CARTESIAN_POINT('Ctrl Pts',(201.726873045383,-4.12710165792123,15.4294390388329));
#7888=CARTESIAN_POINT('Ctrl Pts',(200.031271790773,-10.9432751597671,16.7230751750754));
#7889=CARTESIAN_POINT('Ctrl Pts',(198.971695412995,-14.2856900791339,17.7039491340938));
#7890=CARTESIAN_POINT('Ctrl Pts',(195.073544112407,-24.137854381949,21.6032232933246));
#7891=CARTESIAN_POINT('Ctrl Pts',(191.732379159901,-29.670522936921,25.3142194847476));
#7892=CARTESIAN_POINT('Ctrl Pts',(187.839451211296,-34.0003187436737,29.2089286236784));
#7893=CARTESIAN_POINT('',(202.870975819374,3.14813332251352,15.1));
#7894=CARTESIAN_POINT('Ctrl Pts',(202.824372901207,2.781745638594,15.1000044391518));
#7895=CARTESIAN_POINT('Ctrl Pts',(202.84038598892,2.90379062200749,15.1000014392927));
#7896=CARTESIAN_POINT('Ctrl Pts',(202.855920930642,3.02592055025446,15.0999999338266));
#7897=CARTESIAN_POINT('Ctrl Pts',(202.870976144587,3.14813371086303,15.0999999412327));
#7898=CARTESIAN_POINT('Ctrl Pts',(202.870976144587,3.14813371086303,15.0999999412326));
#7899=CARTESIAN_POINT('Ctrl Pts',(199.691862981412,3.14466508116914,9.95590417029985));
#7900=CARTESIAN_POINT('Ctrl Pts',(196.511921179849,3.14072411489098,4.81203746613631));
#7901=CARTESIAN_POINT('Ctrl Pts',(193.331035433214,3.13620398761619,-0.331576024967231));
#7902=CARTESIAN_POINT('Ctrl Pts',(183.802224875888,-33.9737023833088,22.7969757559618));
#7903=CARTESIAN_POINT('Ctrl Pts',(185.558025516783,-33.9717207190009,25.5526152209541));
#7904=CARTESIAN_POINT('Ctrl Pts',(187.31323292494,-33.9697992031089,28.3095228031266));
#7905=CARTESIAN_POINT('Ctrl Pts',(189.068362284627,-33.9679327421659,31.0683770896058));
#7906=CARTESIAN_POINT('Ctrl Pts',(181.695740939766,-35.9824682555393,24.1472839623105));
#7907=CARTESIAN_POINT('Ctrl Pts',(183.453678285884,-35.9811471460007,26.9007278958161));
#7908=CARTESIAN_POINT('Ctrl Pts',(185.210986036461,-35.979866135406,29.6554922072465));
#7909=CARTESIAN_POINT('Ctrl Pts',(186.968181543229,-35.9786218281107,32.4122513930705));
#7910=CARTESIAN_POINT('Ctrl Pts',(179.589257003644,-37.9912341277697,25.4975921686593));
#7911=CARTESIAN_POINT('Ctrl Pts',(181.349331054985,-37.9905735730004,28.248840570678));
#7912=CARTESIAN_POINT('Ctrl Pts',(183.108739147983,-37.9899330677031,31.0014616113664));
#7913=CARTESIAN_POINT('Ctrl Pts',(184.868000801832,-37.9893109140554,33.7561256965353));
#7914=CARTESIAN_POINT('Ctrl Pts',(177.482773067521,-40.0000000000002,26.847900375008));
#7915=CARTESIAN_POINT('Ctrl Pts',(179.244983824086,-40.0000000000002,29.59695324554));
#7916=CARTESIAN_POINT('Ctrl Pts',(181.006492259504,-40.0000000000002,32.3474310154863));
#7917=CARTESIAN_POINT('Ctrl Pts',(182.767820060435,-40.0000000000002,35.1));
#7918=CARTESIAN_POINT('',(182.767820060435,-40.0000000000002,35.1));
#7919=CARTESIAN_POINT('Ctrl Pts',(180.949235161192,-40.0000000000002,32.2588001672368));
#7920=CARTESIAN_POINT('Ctrl Pts',(181.555465698855,-40.0000000000002,33.2056371986985));
#7921=CARTESIAN_POINT('Ctrl Pts',(182.161653576944,-40.0000000000002,34.1526947561797));
#7922=CARTESIAN_POINT('Ctrl Pts',(182.767820060435,-40.0000000000002,35.1));
#7923=CARTESIAN_POINT('',(186.01000957082,-36.1091270347429,31.2091270347428));
#7924=CARTESIAN_POINT('Ctrl Pts',(182.767820060435,-40.0000000000002,35.1));
#7925=CARTESIAN_POINT('Ctrl Pts',(183.847614301218,-38.7026377099206,33.8026377099205));
#7926=CARTESIAN_POINT('Ctrl Pts',(184.928350566779,-37.4056833560115,32.5057001779157));
#7927=CARTESIAN_POINT('Ctrl Pts',(186.010035772173,-36.1091270150409,31.2091680558772));
#7928=CARTESIAN_POINT('Ctrl Pts',(187.839500904835,-34.0003186860376,29.2090065887292));
#7929=CARTESIAN_POINT('Ctrl Pts',(187.203007114932,-34.7082326252699,29.8457736022838));
#7930=CARTESIAN_POINT('Ctrl Pts',(186.591517670324,-35.4121367565224,30.5121908061612));
#7931=CARTESIAN_POINT('Ctrl Pts',(186.010035772173,-36.1091270150409,31.2091680558772));
#7932=CARTESIAN_POINT('Ctrl Pts',(195.797997025743,20.2096069295102,-0.0389382251257864));
#7933=CARTESIAN_POINT('Ctrl Pts',(198.831075295162,19.9442469653492,4.92326886028939));
#7934=CARTESIAN_POINT('Ctrl Pts',(201.854192625613,19.679758470426,9.86926289213464));
#7935=CARTESIAN_POINT('Ctrl Pts',(204.863962855048,19.4164376955326,14.7934935517308));
#7936=CARTESIAN_POINT('Ctrl Pts',(195.61492617736,20.0249202926181,0.0630848794996567));
#7937=CARTESIAN_POINT('Ctrl Pts',(198.647952080672,19.7595634056912,5.02532299407277));
#7938=CARTESIAN_POINT('Ctrl Pts',(201.671019171675,19.4950778905648,9.97134681630726));
#7939=CARTESIAN_POINT('Ctrl Pts',(204.68074110064,19.2317600029975,14.8956061340728));
#7940=CARTESIAN_POINT('Ctrl Pts',(195.431855328977,19.840233655726,0.1651079841251));
#7941=CARTESIAN_POINT('Ctrl Pts',(198.464828866183,19.5748798460332,5.12737712785614));
#7942=CARTESIAN_POINT('Ctrl Pts',(201.487845717738,19.3103973107036,10.0734307404799));
#7943=CARTESIAN_POINT('Ctrl Pts',(204.497519346231,19.0470823104625,14.9977187164148));
#7944=CARTESIAN_POINT('Ctrl Pts',(195.248784480593,19.6555470188338,0.267131088750543));
#7945=CARTESIAN_POINT('Ctrl Pts',(198.281705651694,19.3901962863751,5.22943126163952));
#7946=CARTESIAN_POINT('Ctrl Pts',(201.3046722638,19.1257167308424,10.1755146646525));
#7947=CARTESIAN_POINT('Ctrl Pts',(204.314297591823,18.8624046179274,15.0998312987568));
#7948=CARTESIAN_POINT('',(204.314297591823,18.8624046179274,15.0998312987568));
#7949=CARTESIAN_POINT('Ctrl Pts',(195.248784480593,19.6555470188338,0.267131088750543));
#7950=CARTESIAN_POINT('Ctrl Pts',(198.281705651694,19.3901962863751,5.22943126163952));
#7951=CARTESIAN_POINT('Ctrl Pts',(201.3046722638,19.1257167308424,10.1755146646525));
#7952=CARTESIAN_POINT('Ctrl Pts',(204.314297591823,18.8624046179274,15.0998312987568));
#7953=CARTESIAN_POINT('Ctrl Pts',(204.314297591823,18.8624046179274,15.0998312987568));
#7954=CARTESIAN_POINT('Ctrl Pts',(204.376006159416,18.9573494740805,14.9998694804035));
#7955=CARTESIAN_POINT('Ctrl Pts',(204.437713909005,19.0522946324413,14.8999074322863));
#7956=CARTESIAN_POINT('Ctrl Pts',(204.561139621559,19.2422037890513,14.6999636777005));
#7957=CARTESIAN_POINT('Ctrl Pts',(204.622857599534,19.3371678109961,14.5999819463182));
#7958=CARTESIAN_POINT('Ctrl Pts',(204.684574747892,19.4321321212802,14.5));
#7959=CARTESIAN_POINT('Origin',(403.682890543146,1.72088947718056,-88.8));
#7960=CARTESIAN_POINT('',(229.538082962258,16.6555734908156,-89.0998670182811));
#7961=CARTESIAN_POINT('Ctrl Pts',(229.255324543586,17.282470059825,-88.5000000000015));
#7962=CARTESIAN_POINT('Ctrl Pts',(229.302459739607,17.1779644251683,-88.5999998561484));
#7963=CARTESIAN_POINT('Ctrl Pts',(229.349595570589,17.0734590714161,-88.6999993771185));
#7964=CARTESIAN_POINT('Ctrl Pts',(229.443848460105,16.8644933641666,-88.8999552261715));
#7965=CARTESIAN_POINT('Ctrl Pts',(229.490965361313,16.7600333580287,-88.9999112219261));
#7966=CARTESIAN_POINT('Ctrl Pts',(229.538082962231,16.6555734908077,-89.0998670183104));
#7967=CARTESIAN_POINT('',(229.537986240102,16.6554484632408,-89.1));
#7968=CARTESIAN_POINT('Origin',(-21.1790395508978,363.723966071395,234.796388513507));
#7969=CARTESIAN_POINT('',(403.656743820322,1.42203106775303,-89.1));
#7970=CARTESIAN_POINT('Origin',(403.682890543146,1.72088947718056,14.8));
#7971=CARTESIAN_POINT('',(204.314390473277,18.8622271470263,15.1));
#7972=CARTESIAN_POINT('Ctrl Pts',(204.314390427115,18.8622271505768,15.0999999996461));
#7973=CARTESIAN_POINT('Ctrl Pts',(204.31435946674,18.8622863076785,15.0999437660112));
#7974=CARTESIAN_POINT('Ctrl Pts',(204.314328506349,18.8623454647766,15.0998875323814));
#7975=CARTESIAN_POINT('Ctrl Pts',(204.314297545942,18.862404621871,15.0998312987566));
#7976=CARTESIAN_POINT('',(229.537986240102,16.6554484632408,15.1));
#7977=CARTESIAN_POINT('',(403.656743820322,1.42203106775303,15.1));
#7978=CARTESIAN_POINT('',(229.538082962258,16.6555734908156,15.0998670182811));
#7979=CARTESIAN_POINT('Origin',(-21.1790395508978,363.723966071395,-308.796388513507));
#7980=CARTESIAN_POINT('Ctrl Pts',(229.255324543586,17.282470059825,14.5000000000015));
#7981=CARTESIAN_POINT('Ctrl Pts',(229.302459739607,17.1779644251683,14.5999998561484));
#7982=CARTESIAN_POINT('Ctrl Pts',(229.349595570589,17.0734590714161,14.6999993771185));
#7983=CARTESIAN_POINT('Ctrl Pts',(229.443848460105,16.8644933641666,14.8999552261715));
#7984=CARTESIAN_POINT('Ctrl Pts',(229.490965361313,16.7600333580287,14.9999112219261));
#7985=CARTESIAN_POINT('Ctrl Pts',(229.538082962231,16.6555734908077,15.0998670183104));
#7986=CARTESIAN_POINT('Ctrl Pts',(202.718446281742,1.9339864022179,15.1));
#7987=CARTESIAN_POINT('Ctrl Pts',(203.449206645376,7.64006478069982,15.1));
#7988=CARTESIAN_POINT('Ctrl Pts',(203.986638321328,13.3709001505978,15.1));
#7989=CARTESIAN_POINT('Ctrl Pts',(204.329509230582,19.1133543916019,15.1));
#7990=CARTESIAN_POINT('Ctrl Pts',(199.589309332028,2.33472559708354,9.95614132508027));
#7991=CARTESIAN_POINT('Ctrl Pts',(200.311021486919,7.97015182905707,9.95614132508027));
#7992=CARTESIAN_POINT('Ctrl Pts',(200.841798732458,13.6300285136177,9.95614132508027));
#7993=CARTESIAN_POINT('Ctrl Pts',(201.180424245117,19.3013802054729,9.95614132508027));
#7994=CARTESIAN_POINT('Ctrl Pts',(196.460172382315,2.73546479194918,4.81228265016054));
#7995=CARTESIAN_POINT('Ctrl Pts',(197.172836328463,8.30023887741436,4.81228265016054));
#7996=CARTESIAN_POINT('Ctrl Pts',(197.696959143587,13.8891568766375,4.81228265016054));
#7997=CARTESIAN_POINT('Ctrl Pts',(198.031339259652,19.4894060193439,4.81228265016054));
#7998=CARTESIAN_POINT('Ctrl Pts',(193.331035432602,3.13620398681482,-0.331576024759199));
#7999=CARTESIAN_POINT('Ctrl Pts',(194.034651170006,8.63032592577161,-0.331576024759199));
#8000=CARTESIAN_POINT('Ctrl Pts',(194.552119554716,14.1482852396573,-0.331576024759199));
#8001=CARTESIAN_POINT('Ctrl Pts',(194.882254274187,19.6774318332149,-0.331576024759199));
#8002=CARTESIAN_POINT('Ctrl Pts',(204.31439042736,18.8622271510285,15.1));
#8003=CARTESIAN_POINT('Ctrl Pts',(203.995641892485,13.6109688370398,15.1));
#8004=CARTESIAN_POINT('Ctrl Pts',(203.51418925051,8.36958803886919,15.1));
#8005=CARTESIAN_POINT('Ctrl Pts',(202.870974854338,3.14813341867593,15.1));
#8006=CARTESIAN_POINT('Origin',(436.184887564018,-63.3125760890045,-10.5));
#8007=CARTESIAN_POINT('',(431.003549966154,-64.7163344867459,-10.5));
#8008=CARTESIAN_POINT('Origin',(431.003549966154,-62.8592677872907,-10.5));
#8009=CARTESIAN_POINT('',(409.126392591458,-62.8023312262874,-10.5));
#8010=CARTESIAN_POINT('',(436.023649439935,-65.1555362804742,-10.5));
#8011=CARTESIAN_POINT('Origin',(409.287630715541,-60.9593710348177,-10.5));
#8012=CARTESIAN_POINT('Origin',(409.287630715541,-60.9593710348177,-10.5));
#8013=CARTESIAN_POINT('Origin',(437.48681469474,-48.4314808904744,-10.5));
#8014=CARTESIAN_POINT('',(431.003549966154,-49.7213354235408,-10.5));
#8015=CARTESIAN_POINT('Origin',(431.003549966154,-47.8642687240856,-10.5));
#8016=CARTESIAN_POINT('',(410.428319722179,-47.9212360277573,-10.5));
#8017=CARTESIAN_POINT('',(437.325576570656,-50.2744410819441,-10.5));
#8018=CARTESIAN_POINT('Origin',(410.589557846263,-46.0782758362876,-10.5));
#8019=CARTESIAN_POINT('Origin',(410.589557846263,-46.0782758362876,-10.5));
#8020=CARTESIAN_POINT('Origin',(436.184887564018,-63.3125760890045,-65.5));
#8021=CARTESIAN_POINT('',(431.003549966154,-64.7163344867459,-65.5));
#8022=CARTESIAN_POINT('Origin',(431.003549966154,-62.8592677872907,-65.5));
#8023=CARTESIAN_POINT('',(409.126392591458,-62.8023312262874,-65.5));
#8024=CARTESIAN_POINT('',(436.023649439935,-65.1555362804742,-65.5));
#8025=CARTESIAN_POINT('Origin',(409.287630715541,-60.9593710348177,-65.5));
#8026=CARTESIAN_POINT('Origin',(409.287630715541,-60.9593710348177,-65.5));
#8027=CARTESIAN_POINT('Origin',(437.48681469474,-48.4314808904744,-65.5));
#8028=CARTESIAN_POINT('',(431.003549966154,-49.7213354235408,-65.5));
#8029=CARTESIAN_POINT('Origin',(431.003549966154,-47.8642687240856,-65.5));
#8030=CARTESIAN_POINT('',(410.428319722179,-47.9212360277573,-65.5));
#8031=CARTESIAN_POINT('',(437.325576570656,-50.2744410819441,-65.5));
#8032=CARTESIAN_POINT('Origin',(410.589557846263,-46.0782758362876,-65.5));
#8033=CARTESIAN_POINT('Origin',(410.589557846263,-46.0782758362876,-65.5));
#8034=CARTESIAN_POINT('Origin',(410.699474167149,-62.811210202174,9.85147186257613));
#8035=CARTESIAN_POINT('',(413.478534488314,-62.0254311420487,9.85147186257613));
#8036=CARTESIAN_POINT('Origin',(410.788808803466,-61.79011063663,9.85147186257613));
#8037=CARTESIAN_POINT('',(415.342064346769,-64.2462995457695,9.85147186257613));
#8038=CARTESIAN_POINT('',(414.410299417541,-63.1358653439091,9.85147186257613));
#8039=CARTESIAN_POINT('Origin',(410.610139530833,-63.8323097677181,9.85147186257613));
#8040=CARTESIAN_POINT('Origin',(410.610139530833,-63.8323097677181,9.85147186257613));
#8041=CARTESIAN_POINT('',(414.890974229348,-69.4022831811451,9.85147186257613));
#8042=CARTESIAN_POINT('',(415.342064346769,-64.2462995457694,9.85147186257614));
#8043=CARTESIAN_POINT('',(407.665162961873,-69.4006038345661,13.9163213569144));
#8044=CARTESIAN_POINT('Ctrl Pts',(407.665162961873,-69.4006038345661,13.9163213569144));
#8045=CARTESIAN_POINT('Ctrl Pts',(408.080699266091,-69.4003933010676,14.1694568500922));
#8046=CARTESIAN_POINT('Ctrl Pts',(409.194284338187,-69.3999537557726,14.6395157633765));
#8047=CARTESIAN_POINT('Ctrl Pts',(411.168032729035,-69.3999616411398,14.6507523916734));
#8048=CARTESIAN_POINT('Ctrl Pts',(413.162106575953,-69.4008307287262,13.7244963054177));
#8049=CARTESIAN_POINT('Ctrl Pts',(414.558178668134,-69.4019518509119,12.005676028944));
#8050=CARTESIAN_POINT('Ctrl Pts',(414.890974229348,-69.4022831811451,10.5699231649625));
#8051=CARTESIAN_POINT('Ctrl Pts',(414.890974229348,-69.4022831811451,9.85147186257614));
#8052=CARTESIAN_POINT('',(407.667596368646,-69.4005846187383,5.78478853377443));
#8053=CARTESIAN_POINT('Ctrl Pts',(407.667596368646,-69.4005846187383,5.78478853377443));
#8054=CARTESIAN_POINT('Ctrl Pts',(406.871670646731,-69.4009847894314,6.26654905131389));
#8055=CARTESIAN_POINT('Ctrl Pts',(405.878425101131,-69.4017813181136,7.33554296277657));
#8056=CARTESIAN_POINT('Ctrl Pts',(405.199181446591,-69.4024494280381,9.59227983120196));
#8057=CARTESIAN_POINT('Ctrl Pts',(405.54729342292,-69.4020510435383,12.0008808845208));
#8058=CARTESIAN_POINT('Ctrl Pts',(406.8703212165,-69.4010065450192,13.4321214081475));
#8059=CARTESIAN_POINT('Ctrl Pts',(407.665162961873,-69.4006038345661,13.9163213569145));
#8060=CARTESIAN_POINT('Ctrl Pts',(414.890974229348,-69.4022831811451,9.85147186257613));
#8061=CARTESIAN_POINT('Ctrl Pts',(414.890974229348,-69.4022831811451,8.41456925780331));
#8062=CARTESIAN_POINT('Ctrl Pts',(413.492159645239,-69.4005967580505,5.55269111069659));
#8063=CARTESIAN_POINT('Ctrl Pts',(409.858446225291,-69.399693900163,4.79053657054769));
#8064=CARTESIAN_POINT('Ctrl Pts',(408.083699354745,-69.40037541301,5.53292836087926));
#8065=CARTESIAN_POINT('Ctrl Pts',(407.667596368645,-69.4005846187383,5.78478853377445));
#8066=CARTESIAN_POINT('Ctrl Pts',(415.4386807837,-70.0000000000002,9.85147186257613));
#8067=CARTESIAN_POINT('Ctrl Pts',(415.4386807837,-70.0000000000002,8.2500698701148));
#8068=CARTESIAN_POINT('Ctrl Pts',(413.905049573173,-70.0000000000001,5.0581383015856));
#8069=CARTESIAN_POINT('Ctrl Pts',(408.700822812558,-70.0000000000002,3.88944383018839));
#8070=CARTESIAN_POINT('Ctrl Pts',(405.468043198806,-70.0000000000001,6.45289213008038));
#8071=CARTESIAN_POINT('Ctrl Pts',(404.522740616766,-70.0000000000002,9.55494095542398));
#8072=CARTESIAN_POINT('Ctrl Pts',(405.009244675721,-70.0000000000002,12.8720054807032));
#8073=CARTESIAN_POINT('Ctrl Pts',(408.000431117882,-70.0000000000002,15.2649850806989));
#8074=CARTESIAN_POINT('Ctrl Pts',(411.306397878404,-70.0000000000002,15.2422764856517));
#8075=CARTESIAN_POINT('Ctrl Pts',(413.528568902596,-70.0000000000002,14.1820902919775));
#8076=CARTESIAN_POINT('Ctrl Pts',(415.072149617253,-70.0000000000002,12.2522681121117));
#8077=CARTESIAN_POINT('Ctrl Pts',(415.4386807837,-70.0000000000002,10.6521728588068));
#8078=CARTESIAN_POINT('Ctrl Pts',(415.4386807837,-70.0000000000002,9.85147186257613));
#8079=CARTESIAN_POINT('Ctrl Pts',(415.256111932249,-69.8007610603818,9.85147186257613));
#8080=CARTESIAN_POINT('Ctrl Pts',(415.256111932249,-69.8007610603818,8.30490299934431));
#8081=CARTESIAN_POINT('Ctrl Pts',(413.767419597195,-69.8001989193503,5.22298923795593));
#8082=CARTESIAN_POINT('Ctrl Pts',(408.747260354151,-69.7998136278441,4.1186127550341));
#8083=CARTESIAN_POINT('Ctrl Pts',(405.651756443686,-69.8005476224982,6.59122324081664));
#8084=CARTESIAN_POINT('Ctrl Pts',(404.748220893374,-69.8008164760128,9.56738724734997));
#8085=CARTESIAN_POINT('Ctrl Pts',(405.21264036094,-69.8006561624634,12.7480065877496));
#8086=CARTESIAN_POINT('Ctrl Pts',(408.076754422869,-69.7999833003152,15.0546642685467));
#8087=CARTESIAN_POINT('Ctrl Pts',(411.260276161947,-69.7999872137133,15.045101787659));
#8088=CARTESIAN_POINT('Ctrl Pts',(413.406414793715,-69.8002769095755,14.0295589631242));
#8089=CARTESIAN_POINT('Ctrl Pts',(414.900825967547,-69.8006506169707,12.1700707510558));
#8090=CARTESIAN_POINT('Ctrl Pts',(415.256111932249,-69.8007610603818,10.624756294192));
#8091=CARTESIAN_POINT('Ctrl Pts',(415.256111932249,-69.8007610603818,9.85147186257613));
#8092=CARTESIAN_POINT('Ctrl Pts',(415.073543080799,-69.6015221207634,9.85147186257613));
#8093=CARTESIAN_POINT('Ctrl Pts',(415.073543080799,-69.6015221207634,8.35973612857381));
#8094=CARTESIAN_POINT('Ctrl Pts',(413.629789621217,-69.6003978387004,5.38784017432626));
#8095=CARTESIAN_POINT('Ctrl Pts',(408.793697895745,-69.5996272556881,4.34778167987981));
#8096=CARTESIAN_POINT('Ctrl Pts',(405.835469688566,-69.6010952449962,6.72955435155288));
#8097=CARTESIAN_POINT('Ctrl Pts',(404.973701169983,-69.6016329520255,9.57983353927597));
#8098=CARTESIAN_POINT('Ctrl Pts',(405.41603604616,-69.6013123249267,12.6240076947959));
#8099=CARTESIAN_POINT('Ctrl Pts',(408.153077727857,-69.5999666006303,14.8443434563944));
#8100=CARTESIAN_POINT('Ctrl Pts',(411.214154445491,-69.5999744274266,14.8479270896662));
#8101=CARTESIAN_POINT('Ctrl Pts',(413.284260684834,-69.6005538191509,13.877027634271));
#8102=CARTESIAN_POINT('Ctrl Pts',(414.72950231784,-69.6013012339413,12.0878733899999));
#8103=CARTESIAN_POINT('Ctrl Pts',(415.073543080799,-69.6015221207634,10.5973397295773));
#8104=CARTESIAN_POINT('Ctrl Pts',(415.073543080799,-69.6015221207634,9.85147186257614));
#8105=CARTESIAN_POINT('Ctrl Pts',(414.890974229348,-69.4022831811451,9.85147186257613));
#8106=CARTESIAN_POINT('Ctrl Pts',(414.890974229348,-69.4022831811451,8.41456925780331));
#8107=CARTESIAN_POINT('Ctrl Pts',(413.492159645239,-69.4005967580505,5.55269111069659));
#8108=CARTESIAN_POINT('Ctrl Pts',(408.840135437338,-69.3994408835321,4.57695060472552));
#8109=CARTESIAN_POINT('Ctrl Pts',(406.019182933445,-69.4016428674942,6.86788546228914));
#8110=CARTESIAN_POINT('Ctrl Pts',(405.199181446591,-69.4024494280381,9.59227983120196));
#8111=CARTESIAN_POINT('Ctrl Pts',(405.61943173138,-69.40196848739,12.5000088018423));
#8112=CARTESIAN_POINT('Ctrl Pts',(408.229401032844,-69.3999499009453,14.6340226442422));
#8113=CARTESIAN_POINT('Ctrl Pts',(411.168032729035,-69.3999616411398,14.6507523916734));
#8114=CARTESIAN_POINT('Ctrl Pts',(413.162106575953,-69.4008307287262,13.7244963054177));
#8115=CARTESIAN_POINT('Ctrl Pts',(414.558178668134,-69.4019518509119,12.005676028944));
#8116=CARTESIAN_POINT('Ctrl Pts',(414.890974229348,-69.4022831811451,10.5699231649625));
#8117=CARTESIAN_POINT('Ctrl Pts',(414.890974229348,-69.4022831811451,9.85147186257614));
#8118=CARTESIAN_POINT('',(415.4386807837,-70.0000000000002,9.85147186257613));
#8119=CARTESIAN_POINT('',(415.4386807837,-70.0000000000002,9.85147186257613));
#8120=CARTESIAN_POINT('',(407.663129063721,-70.0000000000002,14.6333133189467));
#8121=CARTESIAN_POINT('Ctrl Pts',(415.4386807837,-70.0000000000002,9.85147186257613));
#8122=CARTESIAN_POINT('Ctrl Pts',(415.4386807837,-70.0000000000002,10.6521728588068));
#8123=CARTESIAN_POINT('Ctrl Pts',(415.072149617253,-70.0000000000002,12.2522681121117));
#8124=CARTESIAN_POINT('Ctrl Pts',(413.528568902596,-70.0000000000002,14.1820902919775));
#8125=CARTESIAN_POINT('Ctrl Pts',(411.306397878404,-70.0000000000002,15.2422764856517));
#8126=CARTESIAN_POINT('Ctrl Pts',(409.209938710566,-70.0000000000002,15.2566770062026));
#8127=CARTESIAN_POINT('Ctrl Pts',(408.047177735531,-70.0000000000002,14.8263181879431));
#8128=CARTESIAN_POINT('Ctrl Pts',(407.663881778623,-70.0000000000002,14.6304380785967));
#8129=CARTESIAN_POINT('',(407.663129070678,-70.0000000000002,5.06963039924795));
#8130=CARTESIAN_POINT('Ctrl Pts',(407.663881778623,-70.0000000000002,14.6304380785967));
#8131=CARTESIAN_POINT('Ctrl Pts',(406.618504819809,-70.0000000000002,14.0962071551793));
#8132=CARTESIAN_POINT('Ctrl Pts',(404.943983048387,-70.0000000000002,12.4270409939585));
#8133=CARTESIAN_POINT('Ctrl Pts',(404.522740616766,-70.0000000000002,9.55494095542398));
#8134=CARTESIAN_POINT('Ctrl Pts',(405.341236477987,-70.0000000000002,6.86901353589898));
#8135=CARTESIAN_POINT('Ctrl Pts',(406.621209714169,-70.0000000000002,5.60198077768205));
#8136=CARTESIAN_POINT('Ctrl Pts',(407.66733660899,-70.0000000000002,5.07174265434164));
#8137=CARTESIAN_POINT('Ctrl Pts',(407.66733660899,-70.0000000000002,5.07174265434163));
#8138=CARTESIAN_POINT('Ctrl Pts',(408.05090753224,-70.0000000000002,4.8773265395101));
#8139=CARTESIAN_POINT('Ctrl Pts',(409.970154348265,-70.0000000000002,4.17449304429599));
#8140=CARTESIAN_POINT('Ctrl Pts',(413.905049573173,-70.0000000000001,5.0581383015856));
#8141=CARTESIAN_POINT('Ctrl Pts',(415.4386807837,-70.0000000000002,8.2500698701148));
#8142=CARTESIAN_POINT('Ctrl Pts',(415.4386807837,-70.0000000000002,9.85147186257613));
#8143=CARTESIAN_POINT('Origin',(410.699474167149,-62.811210202174,-37.));
#8144=CARTESIAN_POINT('',(413.478534488314,-62.0254311420487,-37.));
#8145=CARTESIAN_POINT('Origin',(410.788808803466,-61.79011063663,-37.));
#8146=CARTESIAN_POINT('',(415.342064346769,-64.2462995457694,-37.));
#8147=CARTESIAN_POINT('',(414.410299417541,-63.1358653439091,-37.));
#8148=CARTESIAN_POINT('Origin',(410.610139530833,-63.8323097677181,-37.));
#8149=CARTESIAN_POINT('Origin',(410.610139530833,-63.8323097677181,-37.));
#8150=CARTESIAN_POINT('',(414.890974229348,-69.4022831811451,-37.));
#8151=CARTESIAN_POINT('',(415.342064346769,-64.2462995457694,-37.));
#8152=CARTESIAN_POINT('',(407.665128737152,-69.4006038729183,-32.9351809598396));
#8153=CARTESIAN_POINT('Ctrl Pts',(407.665128737152,-69.4006038729183,-32.9351809598396));
#8154=CARTESIAN_POINT('Ctrl Pts',(408.080663969819,-69.4003933289841,-32.6820388954566));
#8155=CARTESIAN_POINT('Ctrl Pts',(409.194246456614,-69.3999537563183,-32.2119632910569));
#8156=CARTESIAN_POINT('Ctrl Pts',(411.167995517472,-69.3999616038065,-32.2007091002313));
#8157=CARTESIAN_POINT('Ctrl Pts',(413.16207877555,-69.4008307034442,-33.1269698171153));
#8158=CARTESIAN_POINT('Ctrl Pts',(414.558163087634,-69.4019518267501,-34.8457890756269));
#8159=CARTESIAN_POINT('Ctrl Pts',(414.890974229348,-69.4022831811451,-36.2815486976136));
#8160=CARTESIAN_POINT('Ctrl Pts',(414.890974229348,-69.4022831811451,-37.));
#8161=CARTESIAN_POINT('',(407.667584740241,-69.4005845695924,-41.0666977785662));
#8162=CARTESIAN_POINT('Ctrl Pts',(407.667584740241,-69.4005845695924,-41.0666977785662));
#8163=CARTESIAN_POINT('Ctrl Pts',(406.871653978188,-69.4009847629841,-40.584947060217));
#8164=CARTESIAN_POINT('Ctrl Pts',(405.87839720247,-69.4017813106977,-39.51597318873));
#8165=CARTESIAN_POINT('Ctrl Pts',(405.199142198138,-69.4024495057227,-37.2592428492828));
#8166=CARTESIAN_POINT('Ctrl Pts',(405.547265519027,-69.4020511368662,-34.8506576819687));
#8167=CARTESIAN_POINT('Ctrl Pts',(406.870289041452,-69.401006603333,-33.4193934780696));
#8168=CARTESIAN_POINT('Ctrl Pts',(407.665128737152,-69.4006038729183,-32.9351809598396));
#8169=CARTESIAN_POINT('Ctrl Pts',(414.890974229348,-69.4022831811451,-37.));
#8170=CARTESIAN_POINT('Ctrl Pts',(414.890974229348,-69.4022831811451,-38.4369026047729));
#8171=CARTESIAN_POINT('Ctrl Pts',(413.492137633779,-69.4005963746193,-41.2988112469985));
#8172=CARTESIAN_POINT('Ctrl Pts',(409.858444965758,-69.3996937819441,-42.0609283097713));
#8173=CARTESIAN_POINT('Ctrl Pts',(408.083690361281,-69.4003753519974,-41.3185528285307));
#8174=CARTESIAN_POINT('Ctrl Pts',(407.667584740241,-69.4005845695924,-41.0666977785662));
#8175=CARTESIAN_POINT('Ctrl Pts',(415.4386807837,-70.0000000000002,-37.));
#8176=CARTESIAN_POINT('Ctrl Pts',(415.4386807837,-70.0000000000002,-38.6014019924614));
#8177=CARTESIAN_POINT('Ctrl Pts',(413.905032999776,-70.0000000000001,-41.7933678092321));
#8178=CARTESIAN_POINT('Ctrl Pts',(408.700827936204,-70.0000000000001,-42.9620103149542));
#8179=CARTESIAN_POINT('Ctrl Pts',(405.468014401597,-70.0000000000001,-40.3986382979376));
#8180=CARTESIAN_POINT('Ctrl Pts',(404.522694371592,-70.0000000000001,-37.2966020728676));
#8181=CARTESIAN_POINT('Ctrl Pts',(405.009213117439,-70.0000000000002,-33.9795611714613));
#8182=CARTESIAN_POINT('Ctrl Pts',(408.00038796663,-70.0000000000002,-31.5865107313686));
#8183=CARTESIAN_POINT('Ctrl Pts',(411.306357447284,-70.0000000000001,-31.6091845181326));
#8184=CARTESIAN_POINT('Ctrl Pts',(413.528538598962,-70.0000000000001,-32.6693763805409));
#8185=CARTESIAN_POINT('Ctrl Pts',(415.072132890934,-70.0000000000001,-34.5991961550857));
#8186=CARTESIAN_POINT('Ctrl Pts',(415.4386807837,-70.0000000000002,-36.1992990037694));
#8187=CARTESIAN_POINT('Ctrl Pts',(415.4386807837,-70.0000000000002,-37.));
#8188=CARTESIAN_POINT('Ctrl Pts',(415.256111932249,-69.8007610603818,-37.));
#8189=CARTESIAN_POINT('Ctrl Pts',(415.256111932249,-69.8007610603818,-38.5465688632319));
#8190=CARTESIAN_POINT('Ctrl Pts',(413.767401211111,-69.8001987915399,-41.6285156218209));
#8191=CARTESIAN_POINT('Ctrl Pts',(408.747265288576,-69.7998136132122,-42.7328414676176));
#8192=CARTESIAN_POINT('Ctrl Pts',(405.651728729989,-69.8005476141478,-40.26030197737));
#8193=CARTESIAN_POINT('Ctrl Pts',(404.748176980441,-69.8008165019077,-37.2841489983393));
#8194=CARTESIAN_POINT('Ctrl Pts',(405.212610804422,-69.8006561946533,-34.1035517998613));
#8195=CARTESIAN_POINT('Ctrl Pts',(408.076712918997,-69.7999833066696,-31.7968288195055));
#8196=CARTESIAN_POINT('Ctrl Pts',(411.260236804013,-69.7999872012689,-31.8063593788322));
#8197=CARTESIAN_POINT('Ctrl Pts',(413.406385324491,-69.8002769011481,-32.8219075260657));
#8198=CARTESIAN_POINT('Ctrl Pts',(414.900809623167,-69.8006506089168,-34.6813937952661));
#8199=CARTESIAN_POINT('Ctrl Pts',(415.256111932249,-69.8007610603818,-36.2267155683841));
#8200=CARTESIAN_POINT('Ctrl Pts',(415.256111932249,-69.8007610603818,-37.));
#8201=CARTESIAN_POINT('Ctrl Pts',(415.073543080799,-69.6015221207634,-37.));
#8202=CARTESIAN_POINT('Ctrl Pts',(415.073543080799,-69.6015221207634,-38.4917357340024));
#8203=CARTESIAN_POINT('Ctrl Pts',(413.629769422445,-69.6003975830796,-41.4636634344097));
#8204=CARTESIAN_POINT('Ctrl Pts',(408.793702640948,-69.5996272264242,-42.503672620281));
#8205=CARTESIAN_POINT('Ctrl Pts',(405.83544305838,-69.6010952282954,-40.1219656568024));
#8206=CARTESIAN_POINT('Ctrl Pts',(404.973659589289,-69.6016330038152,-37.271695923811));
#8207=CARTESIAN_POINT('Ctrl Pts',(405.416008491405,-69.6013123893065,-34.2275424282613));
#8208=CARTESIAN_POINT('Ctrl Pts',(408.153037871364,-69.599966613339,-32.0071469076424));
#8209=CARTESIAN_POINT('Ctrl Pts',(411.214116160742,-69.5999744025377,-32.0035342395317));
#8210=CARTESIAN_POINT('Ctrl Pts',(413.284232050021,-69.6005538022961,-32.9744386715905));
#8211=CARTESIAN_POINT('Ctrl Pts',(414.729486355401,-69.6013012178334,-34.7635914354465));
#8212=CARTESIAN_POINT('Ctrl Pts',(415.073543080799,-69.6015221207634,-36.2541321329989));
#8213=CARTESIAN_POINT('Ctrl Pts',(415.073543080799,-69.6015221207634,-37.));
#8214=CARTESIAN_POINT('Ctrl Pts',(414.890974229348,-69.4022831811451,-37.));
#8215=CARTESIAN_POINT('Ctrl Pts',(414.890974229348,-69.4022831811451,-38.4369026047729));
#8216=CARTESIAN_POINT('Ctrl Pts',(413.492137633779,-69.4005963746193,-41.2988112469985));
#8217=CARTESIAN_POINT('Ctrl Pts',(408.84013999332,-69.3994408396363,-42.2745037729445));
#8218=CARTESIAN_POINT('Ctrl Pts',(406.019157386771,-69.4016428424431,-39.9836293362349));
#8219=CARTESIAN_POINT('Ctrl Pts',(405.199142198138,-69.4024495057227,-37.2592428492828));
#8220=CARTESIAN_POINT('Ctrl Pts',(405.619406178389,-69.4019685839597,-34.3515330566613));
#8221=CARTESIAN_POINT('Ctrl Pts',(408.229362823731,-69.3999499200084,-32.2174649957792));
#8222=CARTESIAN_POINT('Ctrl Pts',(411.167995517472,-69.3999616038065,-32.2007091002313));
#8223=CARTESIAN_POINT('Ctrl Pts',(413.16207877555,-69.4008307034442,-33.1269698171153));
#8224=CARTESIAN_POINT('Ctrl Pts',(414.558163087634,-69.4019518267501,-34.8457890756269));
#8225=CARTESIAN_POINT('Ctrl Pts',(414.890974229348,-69.4022831811451,-36.2815486976136));
#8226=CARTESIAN_POINT('Ctrl Pts',(414.890974229348,-69.4022831811451,-37.));
#8227=CARTESIAN_POINT('',(415.4386807837,-70.0000000000002,-37.));
#8228=CARTESIAN_POINT('',(415.4386807837,-70.0000000000002,-37.));
#8229=CARTESIAN_POINT('',(407.663129063721,-70.0000000000002,-32.2181585436295));
#8230=CARTESIAN_POINT('Ctrl Pts',(415.4386807837,-70.0000000000002,-37.));
#8231=CARTESIAN_POINT('Ctrl Pts',(415.4386807837,-70.0000000000002,-36.1992990037694));
#8232=CARTESIAN_POINT('Ctrl Pts',(415.072132890934,-70.0000000000001,-34.5991961550857));
#8233=CARTESIAN_POINT('Ctrl Pts',(413.528538598962,-70.0000000000001,-32.6693763805409));
#8234=CARTESIAN_POINT('Ctrl Pts',(411.306357447284,-70.0000000000001,-31.6091845181326));
#8235=CARTESIAN_POINT('Ctrl Pts',(409.209896554491,-70.0000000000002,-31.5948060710476));
#8236=CARTESIAN_POINT('Ctrl Pts',(408.047137175255,-70.0000000000002,-32.0251842779933));
#8237=CARTESIAN_POINT('Ctrl Pts',(407.663841864147,-70.0000000000002,-32.2210711791314));
#8238=CARTESIAN_POINT('',(407.663129070678,-70.0000000000002,-41.7818414633282));
#8239=CARTESIAN_POINT('Ctrl Pts',(407.663841864147,-70.0000000000002,-32.2210711791314));
#8240=CARTESIAN_POINT('Ctrl Pts',(406.618466666644,-70.0000000000002,-32.7553206260485));
#8241=CARTESIAN_POINT('Ctrl Pts',(404.943949519945,-70.0000000000002,-34.4245224892039));
#8242=CARTESIAN_POINT('Ctrl Pts',(404.522694371592,-70.0000000000001,-37.2966020728676));
#8243=CARTESIAN_POINT('Ctrl Pts',(405.341205340237,-70.0000000000001,-39.9825185823708));
#8244=CARTESIAN_POINT('Ctrl Pts',(406.621192813661,-70.0000000000002,-41.2495221774548));
#8245=CARTESIAN_POINT('Ctrl Pts',(407.66732585183,-70.0000000000001,-41.7797472185645));
#8246=CARTESIAN_POINT('Ctrl Pts',(407.66732585183,-70.0000000000001,-41.7797472185645));
#8247=CARTESIAN_POINT('Ctrl Pts',(408.050899027588,-70.0000000000001,-41.9741585366898));
#8248=CARTESIAN_POINT('Ctrl Pts',(409.970154179917,-70.0000000000001,-42.6769737754807));
#8249=CARTESIAN_POINT('Ctrl Pts',(413.905032999776,-70.0000000000001,-41.7933678092321));
#8250=CARTESIAN_POINT('Ctrl Pts',(415.4386807837,-70.0000000000002,-38.6014019924614));
#8251=CARTESIAN_POINT('Ctrl Pts',(415.4386807837,-70.0000000000002,-37.));
#8252=CARTESIAN_POINT('Ctrl Pts',(415.4386807837,-70.0000000000002,-83.8514718625761));
#8253=CARTESIAN_POINT('Ctrl Pts',(415.4386807837,-70.0000000000002,-85.4528738550374));
#8254=CARTESIAN_POINT('Ctrl Pts',(413.905005525846,-70.0000000000001,-88.6448952829864));
#8255=CARTESIAN_POINT('Ctrl Pts',(408.70083253678,-70.0000000000002,-89.8134603720807));
#8256=CARTESIAN_POINT('Ctrl Pts',(405.467966132238,-70.0000000000002,-87.2502061214954));
#8257=CARTESIAN_POINT('Ctrl Pts',(404.522619100116,-70.0000000000002,-84.1481897408673));
#8258=CARTESIAN_POINT('Ctrl Pts',(405.009159674923,-70.0000000000002,-80.831184934111));
#8259=CARTESIAN_POINT('Ctrl Pts',(408.000317948681,-70.0000000000002,-78.438023441799));
#8260=CARTESIAN_POINT('Ctrl Pts',(411.306292398131,-70.0000000000002,-78.4606422452833));
#8261=CARTESIAN_POINT('Ctrl Pts',(413.528489626815,-70.0000000000002,-79.520842157979));
#8262=CARTESIAN_POINT('Ctrl Pts',(415.072106013414,-70.0000000000001,-81.450657177976));
#8263=CARTESIAN_POINT('Ctrl Pts',(415.4386807837,-70.0000000000002,-83.0507708663455));
#8264=CARTESIAN_POINT('Ctrl Pts',(415.4386807837,-70.0000000000002,-83.8514718625761));
#8265=CARTESIAN_POINT('Ctrl Pts',(415.256111932249,-69.8007610603818,-83.8514718625761));
#8266=CARTESIAN_POINT('Ctrl Pts',(415.256111932249,-69.8007610603818,-85.3980407258079));
#8267=CARTESIAN_POINT('Ctrl Pts',(413.767371045893,-69.8001985953219,-88.4800408434635));
#8268=CARTESIAN_POINT('Ctrl Pts',(408.747269687515,-69.7998135881223,-89.5842911498606));
#8269=CARTESIAN_POINT('Ctrl Pts',(405.651682285214,-69.8005476009209,-87.1118612107365));
#8270=CARTESIAN_POINT('Ctrl Pts',(404.748105461652,-69.8008165414882,-84.1357256281321));
#8271=CARTESIAN_POINT('Ctrl Pts',(405.212560637367,-69.8006562442746,-80.9551622480725));
#8272=CARTESIAN_POINT('Ctrl Pts',(408.076645578074,-69.7999833165956,-78.6483369392016));
#8273=CARTESIAN_POINT('Ctrl Pts',(411.260173515916,-69.7999871823082,-78.6578170901126));
#8274=CARTESIAN_POINT('Ctrl Pts',(413.406337724421,-69.8002768882551,-79.6733728219124));
#8275=CARTESIAN_POINT('Ctrl Pts',(414.900783376292,-69.8006505965891,-81.5328551569881));
#8276=CARTESIAN_POINT('Ctrl Pts',(415.256111932249,-69.8007610603818,-83.0781874309602));
#8277=CARTESIAN_POINT('Ctrl Pts',(415.256111932249,-69.8007610603818,-83.8514718625761));
#8278=CARTESIAN_POINT('Ctrl Pts',(415.073543080799,-69.6015221207634,-83.8514718625761));
#8279=CARTESIAN_POINT('Ctrl Pts',(415.073543080799,-69.6015221207634,-85.3432075965785));
#8280=CARTESIAN_POINT('Ctrl Pts',(413.62973656594,-69.6003971906436,-88.3151864039407));
#8281=CARTESIAN_POINT('Ctrl Pts',(408.793706838249,-69.5996271762444,-89.3551219276406));
#8282=CARTESIAN_POINT('Ctrl Pts',(405.83539843819,-69.6010952018415,-86.9735162999776));
#8283=CARTESIAN_POINT('Ctrl Pts',(404.973591823189,-69.6016330829762,-84.123261515397));
#8284=CARTESIAN_POINT('Ctrl Pts',(405.41596159981,-69.601312488549,-81.079139562034));
#8285=CARTESIAN_POINT('Ctrl Pts',(408.152973207467,-69.599966633191,-78.8586504366042));
#8286=CARTESIAN_POINT('Ctrl Pts',(411.214054633702,-69.5999743646162,-78.854991934942));
#8287=CARTESIAN_POINT('Ctrl Pts',(413.284185822027,-69.60055377651,-79.8259034858457));
#8288=CARTESIAN_POINT('Ctrl Pts',(414.729460739169,-69.6013011931779,-81.6150531360002));
#8289=CARTESIAN_POINT('Ctrl Pts',(415.073543080799,-69.6015221207634,-83.105603995575));
#8290=CARTESIAN_POINT('Ctrl Pts',(415.073543080799,-69.6015221207634,-83.8514718625761));
#8291=CARTESIAN_POINT('Ctrl Pts',(414.890974229348,-69.4022831811451,-83.8514718625761));
#8292=CARTESIAN_POINT('Ctrl Pts',(414.890974229348,-69.4022831811451,-85.2883744673489));
#8293=CARTESIAN_POINT('Ctrl Pts',(413.492102085988,-69.4005957859653,-88.1503319644179));
#8294=CARTESIAN_POINT('Ctrl Pts',(408.840143988983,-69.3994407643665,-89.1259527054205));
#8295=CARTESIAN_POINT('Ctrl Pts',(406.019114591167,-69.4016428027622,-86.8351713892187));
#8296=CARTESIAN_POINT('Ctrl Pts',(405.199078184725,-69.4024496244642,-84.1107974026619));
#8297=CARTESIAN_POINT('Ctrl Pts',(405.619362562254,-69.4019687328235,-81.2031168759955));
#8298=CARTESIAN_POINT('Ctrl Pts',(408.22930083686,-69.3999499497864,-79.0689639340067));
#8299=CARTESIAN_POINT('Ctrl Pts',(411.167935751487,-69.3999615469242,-79.0521667797714));
#8300=CARTESIAN_POINT('Ctrl Pts',(413.162033919633,-69.4008306647649,-79.9784341497791));
#8301=CARTESIAN_POINT('Ctrl Pts',(414.558138102047,-69.4019517897669,-81.6972511150123));
#8302=CARTESIAN_POINT('Ctrl Pts',(414.890974229348,-69.4022831811451,-83.1330205601897));
#8303=CARTESIAN_POINT('Ctrl Pts',(414.890974229348,-69.4022831811451,-83.8514718625761));
#8304=CARTESIAN_POINT('',(407.663129070678,-70.0000000000002,-88.6333133259043));
#8305=CARTESIAN_POINT('',(415.4386807837,-70.0000000000002,-83.8514718625761));
#8306=CARTESIAN_POINT('Ctrl Pts',(407.667305815372,-70.0000000000002,-88.6312522521018));
#8307=CARTESIAN_POINT('Ctrl Pts',(408.050882542283,-70.0000000000002,-88.825656094936));
#8308=CARTESIAN_POINT('Ctrl Pts',(409.970150957393,-70.0000000000002,-89.5284427148296));
#8309=CARTESIAN_POINT('Ctrl Pts',(413.905005525846,-70.0000000000001,-88.6448952829864));
#8310=CARTESIAN_POINT('Ctrl Pts',(415.4386807837,-70.0000000000002,-85.4528738550374));
#8311=CARTESIAN_POINT('Ctrl Pts',(415.4386807837,-70.0000000000002,-83.8514718625761));
#8312=CARTESIAN_POINT('',(414.890974229348,-69.4022831811451,-83.8514718625761));
#8313=CARTESIAN_POINT('',(415.4386807837,-70.0000000000002,-83.8514718625761));
#8314=CARTESIAN_POINT('',(407.667563662997,-69.4005844899013,-87.9181958320167));
#8315=CARTESIAN_POINT('Ctrl Pts',(414.890974229348,-69.4022831811451,-83.8514718625761));
#8316=CARTESIAN_POINT('Ctrl Pts',(414.890974229348,-69.4022831811451,-85.2883744673489));
#8317=CARTESIAN_POINT('Ctrl Pts',(413.492102085988,-69.4005957859653,-88.1503319644179));
#8318=CARTESIAN_POINT('Ctrl Pts',(409.858440305507,-69.3996935942964,-88.9123929557043));
#8319=CARTESIAN_POINT('Ctrl Pts',(408.083673421794,-69.4003752535903,-88.1700429278359));
#8320=CARTESIAN_POINT('Ctrl Pts',(407.667563662997,-69.4005844899013,-87.9181958320167));
#8321=CARTESIAN_POINT('',(407.665072600418,-69.4006039323189,-79.7867028537817));
#8322=CARTESIAN_POINT('Ctrl Pts',(407.667563662997,-69.4005844899013,-87.9181958320167));
#8323=CARTESIAN_POINT('Ctrl Pts',(406.871624986203,-69.4009847190931,-87.436460328432));
#8324=CARTESIAN_POINT('Ctrl Pts',(405.87835076471,-69.4017812982109,-86.3675173874764));
#8325=CARTESIAN_POINT('Ctrl Pts',(405.199078184725,-69.4024496244642,-84.1107974026619));
#8326=CARTESIAN_POINT('Ctrl Pts',(405.547218401585,-69.4020512805594,-81.7022364776383));
#8327=CARTESIAN_POINT('Ctrl Pts',(406.870235794894,-69.401006693379,-80.2709350980588));
#8328=CARTESIAN_POINT('Ctrl Pts',(407.665072600418,-69.4006039323189,-79.7867028537817));
#8329=CARTESIAN_POINT('Ctrl Pts',(407.665072600418,-69.4006039323189,-79.7867028537817));
#8330=CARTESIAN_POINT('Ctrl Pts',(408.080606322127,-69.4003933723636,-79.533550476794));
#8331=CARTESIAN_POINT('Ctrl Pts',(409.194185198959,-69.3999537576418,-79.0634486822248));
#8332=CARTESIAN_POINT('Ctrl Pts',(411.167935751487,-69.3999615469242,-79.0521667797714));
#8333=CARTESIAN_POINT('Ctrl Pts',(413.162033919633,-69.4008306647649,-79.9784341497791));
#8334=CARTESIAN_POINT('Ctrl Pts',(414.558138102047,-69.4019517897669,-81.6972511150123));
#8335=CARTESIAN_POINT('Ctrl Pts',(414.890974229348,-69.4022831811451,-83.1330205601897));
#8336=CARTESIAN_POINT('Ctrl Pts',(414.890974229348,-69.4022831811451,-83.8514718625761));
#8337=CARTESIAN_POINT('',(407.663129063721,-70.0000000000002,-79.0696304062056));
#8338=CARTESIAN_POINT('Ctrl Pts',(415.4386807837,-70.0000000000002,-83.8514718625761));
#8339=CARTESIAN_POINT('Ctrl Pts',(415.4386807837,-70.0000000000002,-83.0507708663455));
#8340=CARTESIAN_POINT('Ctrl Pts',(415.072106013414,-70.0000000000001,-81.450657177976));
#8341=CARTESIAN_POINT('Ctrl Pts',(413.528489626815,-70.0000000000002,-79.520842157979));
#8342=CARTESIAN_POINT('Ctrl Pts',(411.306292398131,-70.0000000000002,-78.4606422452833));
#8343=CARTESIAN_POINT('Ctrl Pts',(409.209828354405,-70.0000000000002,-78.4462986655183));
#8344=CARTESIAN_POINT('Ctrl Pts',(408.047071054512,-70.0000000000002,-78.8767073450585));
#8345=CARTESIAN_POINT('Ctrl Pts',(407.663776610258,-70.0000000000002,-79.0726049186933));
#8346=CARTESIAN_POINT('Ctrl Pts',(407.663776610258,-70.0000000000002,-79.0726049186933));
#8347=CARTESIAN_POINT('Ctrl Pts',(406.618403776956,-70.0000000000002,-79.6068834730976));
#8348=CARTESIAN_POINT('Ctrl Pts',(404.943893149205,-70.0000000000002,-81.2761414099708));
#8349=CARTESIAN_POINT('Ctrl Pts',(404.522619100116,-70.0000000000002,-84.1481897408673));
#8350=CARTESIAN_POINT('Ctrl Pts',(405.341153448705,-70.0000000000002,-86.8340890679425));
#8351=CARTESIAN_POINT('Ctrl Pts',(406.621163092014,-70.0000000000002,-88.1010475986249));
#8352=CARTESIAN_POINT('Ctrl Pts',(407.667305815372,-70.0000000000002,-88.6312522521018));
#8353=CARTESIAN_POINT('Origin',(410.610139530833,-63.8323097677181,-83.8514718625761));
#8354=CARTESIAN_POINT('',(415.342064346769,-64.2462995457694,-83.8514718625761));
#8355=CARTESIAN_POINT('Origin',(410.610139530833,-63.8323097677181,-83.8514718625761));
#8356=CARTESIAN_POINT('',(415.342064346769,-64.2462995457694,-83.8514718625761));
#8357=CARTESIAN_POINT('Origin',(410.699474167149,-62.811210202174,-83.8514718625761));
#8358=CARTESIAN_POINT('',(413.478534488314,-62.0254311420487,-83.8514718625761));
#8359=CARTESIAN_POINT('Origin',(410.788808803466,-61.79011063663,-83.8514718625761));
#8360=CARTESIAN_POINT('',(414.410299417541,-63.1358653439091,-83.8514718625761));
#8361=CARTESIAN_POINT('Origin',(356.466991869676,-41.0000000000002,15.9919485905377));
#8362=CARTESIAN_POINT('',(245.933983739352,-40.0000000000002,16.9919485905377));
#8363=CARTESIAN_POINT('',(407.771593212013,-40.0000000000002,16.9919485905377));
#8364=CARTESIAN_POINT('',(356.466991869676,-40.0000000000002,16.9919485905377));
#8365=CARTESIAN_POINT('',(407.596615884962,-42.0000000000002,14.9919485905377));
#8366=CARTESIAN_POINT('',(406.541372836052,-54.0614832411564,2.93046534938147));
#8367=CARTESIAN_POINT('',(369.389752885114,-42.0000000000002,14.9919485905377));
#8368=CARTESIAN_POINT('',(356.466991869676,-42.0000000000002,14.9919485905377));
#8369=CARTESIAN_POINT('',(368.499999999999,-41.9996143122687,14.9923342782691));
#8370=CARTESIAN_POINT('Ctrl Pts',(369.389752885113,-42.0000000000001,14.9919485905377));
#8371=CARTESIAN_POINT('Ctrl Pts',(369.308690764525,-42.0000000000001,14.9919485905377));
#8372=CARTESIAN_POINT('Ctrl Pts',(369.211416242178,-41.9999533642961,14.9919952262418));
#8373=CARTESIAN_POINT('Ctrl Pts',(368.933368493271,-41.9997825866226,14.9921660039153));
#8374=CARTESIAN_POINT('Ctrl Pts',(368.696985733209,-41.9996143122687,14.9923342782691));
#8375=CARTESIAN_POINT('Ctrl Pts',(368.499999999999,-41.9996143122687,14.9923342782691));
#8376=CARTESIAN_POINT('',(289.999999999999,-41.9996143122688,14.9923342782691));
#8377=CARTESIAN_POINT('',(281.466991869676,-41.9996143122688,14.9923342782691));
#8378=CARTESIAN_POINT('',(289.110247114883,-42.0000000000002,14.9919485905377));
#8379=CARTESIAN_POINT('Ctrl Pts',(289.999999999999,-41.9996143122687,14.9923342782691));
#8380=CARTESIAN_POINT('Ctrl Pts',(289.803014266788,-41.9996143122687,14.9923342782691));
#8381=CARTESIAN_POINT('Ctrl Pts',(289.566631506726,-41.9997825866226,14.9921660039153));
#8382=CARTESIAN_POINT('Ctrl Pts',(289.288583757819,-41.9999533642961,14.9919952262418));
#8383=CARTESIAN_POINT('Ctrl Pts',(289.191309235472,-42.0000000000001,14.9919485905377));
#8384=CARTESIAN_POINT('Ctrl Pts',(289.110247114883,-42.0000000000001,14.9919485905377));
#8385=CARTESIAN_POINT('',(247.933983739352,-42.0000000000002,14.9919485905377));
#8386=CARTESIAN_POINT('',(356.466991869676,-42.0000000000002,14.9919485905377));
#8387=CARTESIAN_POINT('',(245.933983739352,-40.0000000000002,16.9919485905377));
#8388=CARTESIAN_POINT('Origin',(465.,-40.0000000000002,-57.));
#8389=CARTESIAN_POINT('',(173.681166661501,-40.0000000000001,-159.512040473579));
#8390=CARTESIAN_POINT('Origin',(-598.520250000005,-40.0000000000014,-26.9999999999985));
#8391=CARTESIAN_POINT('',(182.767820060435,-40.0000000000002,-109.1));
#8392=CARTESIAN_POINT('Ctrl Pts',(182.767820060434,-40.0000000000002,-109.1));
#8393=CARTESIAN_POINT('Ctrl Pts',(182.161653576944,-40.0000000000002,-108.15269475618));
#8394=CARTESIAN_POINT('Ctrl Pts',(181.555465698856,-40.0000000000002,-107.205637198699));
#8395=CARTESIAN_POINT('Ctrl Pts',(180.949235161192,-40.0000000000002,-106.258800167237));
#8396=CARTESIAN_POINT('',(211.0935221771,-40.0000000000002,-109.1));
#8397=CARTESIAN_POINT('',(468.5,-40.0000000000002,-109.1));
#8398=CARTESIAN_POINT('',(236.071987130431,-40.0000000000002,-72.8392383555645));
#8399=CARTESIAN_POINT('Ctrl Pts',(236.071987130431,-40.0000000000002,-72.8392383555645));
#8400=CARTESIAN_POINT('Ctrl Pts',(227.761474787399,-40.0000000000002,-84.9369294510767));
#8401=CARTESIAN_POINT('Ctrl Pts',(219.436779522709,-40.0000000000002,-97.0248733212222));
#8402=CARTESIAN_POINT('Ctrl Pts',(211.093522250379,-40.0000000000002,-109.100000050632));
#8403=CARTESIAN_POINT('',(244.837824301169,-40.0000000000002,-44.7181572077303));
#8404=CARTESIAN_POINT('Ctrl Pts',(244.837824301169,-40.0000000000002,-44.7181572077303));
#8405=CARTESIAN_POINT('Ctrl Pts',(244.837824301169,-40.0000000000002,-50.4143827132431));
#8406=CARTESIAN_POINT('Ctrl Pts',(243.088734890656,-40.0000000000002,-60.3794382392926));
#8407=CARTESIAN_POINT('Ctrl Pts',(238.49097945508,-40.0000000000002,-69.3178884437805));
#8408=CARTESIAN_POINT('Ctrl Pts',(236.071987130431,-40.0000000000002,-72.8392383555645));
#8409=CARTESIAN_POINT('',(244.837824301169,-40.0000000000002,-29.2818427922697));
#8410=CARTESIAN_POINT('',(244.837824301169,-40.0000000000002,-89.1));
#8411=CARTESIAN_POINT('',(236.071987130431,-40.0000000000002,-1.16076164443547));
#8412=CARTESIAN_POINT('Ctrl Pts',(236.071987130431,-40.0000000000001,-1.16076164443547));
#8413=CARTESIAN_POINT('Ctrl Pts',(238.490979489959,-40.0000000000001,-4.68211160699393));
#8414=CARTESIAN_POINT('Ctrl Pts',(243.088775649051,-40.0000000000002,-13.6205518972708));
#8415=CARTESIAN_POINT('Ctrl Pts',(244.837824301169,-40.0000000000002,-23.5856172046228));
#8416=CARTESIAN_POINT('Ctrl Pts',(244.837824301169,-40.0000000000002,-29.2818427922697));
#8417=CARTESIAN_POINT('',(211.0935221771,-40.0000000000002,35.1));
#8418=CARTESIAN_POINT('Ctrl Pts',(211.093522253426,-40.0000000000001,35.100000052737));
#8419=CARTESIAN_POINT('Ctrl Pts',(219.436779597879,-40.0000000000002,23.0248733762581));
#8420=CARTESIAN_POINT('Ctrl Pts',(227.761474787419,-40.0000000000002,10.936929451048));
#8421=CARTESIAN_POINT('Ctrl Pts',(236.071987130431,-40.0000000000002,-1.16076164443547));
#8422=CARTESIAN_POINT('',(468.5,-40.0000000000002,35.1));
#8423=CARTESIAN_POINT('',(173.681166661501,-40.0000000000001,85.5120404735792));
#8424=CARTESIAN_POINT('Origin',(-598.520250000005,-40.0000000000014,-47.0000000000015));
#8425=CARTESIAN_POINT('',(193.424181232433,-40.0000000000001,108.931597392638));
#8426=CARTESIAN_POINT('Origin',(193.424181232434,-40.0000000000001,88.9000000000001));
#8427=CARTESIAN_POINT('',(393.771849822715,-40.0000000000001,108.931597392638));
#8428=CARTESIAN_POINT('',(193.424181232433,-40.0000000000001,108.931597392638));
#8429=CARTESIAN_POINT('',(407.564364335703,-40.0000000000001,107.325672686934));
#8430=CARTESIAN_POINT('Origin',(393.771849822715,-40.0000000000004,48.8999999999999));
#8431=CARTESIAN_POINT('',(407.564364335703,-40.0000000000002,58.9));
#8432=CARTESIAN_POINT('',(407.564364335703,-40.0000000000002,-14.05));
#8433=CARTESIAN_POINT('',(407.771593212013,-40.0000000000001,58.8999999999999));
#8434=CARTESIAN_POINT('',(515.,-40.0000000000001,58.9));
#8435=CARTESIAN_POINT('',(407.771593212013,-40.0000000000002,-73.05));
#8436=CARTESIAN_POINT('',(245.933983739352,-40.0000000000002,-110.991948590538));
#8437=CARTESIAN_POINT('',(245.933983739352,-40.0000000000002,-42.));
#8438=CARTESIAN_POINT('',(254.933983739352,-40.0000000000002,-110.991948590538));
#8439=CARTESIAN_POINT('',(356.466991869676,-40.0000000000002,-110.991948590538));
#8440=CARTESIAN_POINT('',(254.933983739352,-40.0000000000002,-133.116980404788));
#8441=CARTESIAN_POINT('',(254.933983739352,-40.0000000000002,-77.9959742952688));
#8442=CARTESIAN_POINT('',(266.933983739352,-40.0000000000002,-148.781867876775));
#8443=CARTESIAN_POINT('Origin',(266.933983739352,-40.0000000000002,-133.116980404788));
#8444=CARTESIAN_POINT('',(388.771593212013,-40.0000000000002,-148.781867876775));
#8445=CARTESIAN_POINT('',(361.466991869676,-40.0000000000002,-148.781867876775));
#8446=CARTESIAN_POINT('',(400.771593212013,-40.0000000000002,-133.116980404788));
#8447=CARTESIAN_POINT('Origin',(388.771593212013,-40.0000000000002,-133.116980404788));
#8448=CARTESIAN_POINT('',(400.771593212013,-40.0000000000002,-110.991948590538));
#8449=CARTESIAN_POINT('',(400.771593212013,-40.0000000000002,-102.995974295269));
#8450=CARTESIAN_POINT('',(407.663129063721,-40.0000000000002,-110.991948590538));
#8451=CARTESIAN_POINT('',(356.466991869676,-40.0000000000002,-110.991948590538));
#8452=CARTESIAN_POINT('',(407.663129063721,-40.0000000000002,-88.9919485905376));
#8453=CARTESIAN_POINT('',(407.663129063721,-40.0000000000002,-47.));
#8454=CARTESIAN_POINT('',(407.771593212013,-40.0000000000001,-89.1));
#8455=CARTESIAN_POINT('',(414.784143490636,-40.0000000000002,-96.0858654076659));
#8456=CARTESIAN_POINT('',(407.771593212013,-40.0000000000001,-132.9));
#8457=CARTESIAN_POINT('',(407.771593212013,-40.0000000000002,-20.95));
#8458=CARTESIAN_POINT('',(407.564364335703,-40.0000000000002,-132.9));
#8459=CARTESIAN_POINT('',(340.64095576377,-40.0000000000002,-132.9));
#8460=CARTESIAN_POINT('',(407.564364335703,-40.0000000000001,-181.325672686934));
#8461=CARTESIAN_POINT('',(407.564364335703,-40.0000000000002,-42.));
#8462=CARTESIAN_POINT('',(393.771849822715,-40.0000000000001,-182.931597392638));
#8463=CARTESIAN_POINT('Origin',(393.771849822715,-40.0000000000004,-122.9));
#8464=CARTESIAN_POINT('',(193.424181232433,-40.0000000000001,-182.931597392638));
#8465=CARTESIAN_POINT('',(193.424181232433,-40.0000000000001,-182.931597392638));
#8466=CARTESIAN_POINT('Origin',(193.424181232434,-40.0000000000001,-162.9));
#8467=CARTESIAN_POINT('',(249.04265229722,-40.0000000000002,-169.126912361398));
#8468=CARTESIAN_POINT('',(192.9840753138,-40.0000000000002,-117.314851664668));
#8469=CARTESIAN_POINT('',(248.038248353574,-40.0000000000002,-168.198593433367));
#8470=CARTESIAN_POINT('',(185.46111577527,-40.0000000000002,-120.088939799154));
#8471=CARTESIAN_POINT('Origin',(189.929724835498,-40.0000000000002,-120.619536695908));
#8472=CARTESIAN_POINT('',(179.594728376211,-40.0000000000002,-160.526825104085));
#8473=CARTESIAN_POINT('Origin',(-598.520250000005,-40.0000000000002,-26.9999999999985));
#8474=CARTESIAN_POINT('',(193.424181232433,-40.0000000000002,-176.931597392638));
#8475=CARTESIAN_POINT('Origin',(193.424181232434,-40.0000000000002,-162.9));
#8476=CARTESIAN_POINT('',(245.988301818919,-40.0000000000002,-176.931597392638));
#8477=CARTESIAN_POINT('',(361.243504641143,-40.0000000000002,-176.931597392638));
#8478=CARTESIAN_POINT('Origin',(245.988301818919,-40.0000000000002,-172.431597392638));
#8479=CARTESIAN_POINT('',(194.181884898482,-40.0000000000002,43.3868482294074));
#8480=CARTESIAN_POINT('',(250.24046188618,-40.0000000000002,95.1989089266313));
#8481=CARTESIAN_POINT('',(274.44120110067,-40.0000000000002,117.566408004855));
#8482=CARTESIAN_POINT('',(247.186111407989,-40.0000000000002,103.003593957973));
#8483=CARTESIAN_POINT('Origin',(247.186111407989,-40.0000000000002,98.5035939579731));
#8484=CARTESIAN_POINT('',(194.621990817167,-40.0000000000002,103.003593957973));
#8485=CARTESIAN_POINT('',(329.810995408584,-40.0000000000002,103.003593957973));
#8486=CARTESIAN_POINT('',(180.792537960945,-40.0000000000002,86.5988216694193));
#8487=CARTESIAN_POINT('Origin',(194.621990817167,-40.0000000000002,88.9719965653351));
#8488=CARTESIAN_POINT('',(186.658925360062,-40.0000000000002,46.1609363639977));
#8489=CARTESIAN_POINT('Origin',(-597.322440415271,-40.0000000000002,-46.9280034346635));
#8490=CARTESIAN_POINT('Origin',(191.127534420291,-40.0000000000002,46.6915332607491));
#8491=CARTESIAN_POINT('Origin',(412.644102554179,15.69303662665,-89.1));
#8492=CARTESIAN_POINT('',(412.644102554179,15.69303662665,58.8999999999999));
#8493=CARTESIAN_POINT('',(407.049242741175,-48.2565036626044,58.8999999999999));
#8494=CARTESIAN_POINT('',(412.644102554179,15.69303662665,15.1));
#8495=CARTESIAN_POINT('',(412.644102554179,15.69303662665,15.1));
#8496=CARTESIAN_POINT('',(407.663129063721,-41.2397508879607,15.1));
#8497=CARTESIAN_POINT('',(414.044888498027,31.7040932298042,15.0999999999999));
#8498=CARTESIAN_POINT('',(407.663129063721,-41.2397508879607,14.9919485905377));
#8499=CARTESIAN_POINT('',(407.663129063721,-41.239750887961,-37.));
#8500=CARTESIAN_POINT('',(409.600774772835,-19.0923590885666,14.9919485905377));
#8501=CARTESIAN_POINT('Origin',(412.644102554179,15.69303662665,15.1));
#8502=CARTESIAN_POINT('',(427.397481946274,14.4022831811448,58.8999999999999));
#8503=CARTESIAN_POINT('',(416.304430279249,15.3727994459168,58.8999999999999));
#8504=CARTESIAN_POINT('',(427.397481946273,14.4022831811448,15.1));
#8505=CARTESIAN_POINT('',(427.397481946274,14.4022831811448,15.1));
#8506=CARTESIAN_POINT('',(404.964079961537,16.3649515391292,15.1));
#8507=CARTESIAN_POINT('Origin',(417.556452227822,15.5644076701941,-37.));
#8508=CARTESIAN_POINT('',(420.870041454349,15.5756521285543,-37.));
#8509=CARTESIAN_POINT('Origin',(417.582598950646,15.8632660796216,-37.));
#8510=CARTESIAN_POINT('',(420.220031189845,15.0302287553479,-37.));
#8511=CARTESIAN_POINT('',(420.545036322097,15.3029404419511,-37.));
#8512=CARTESIAN_POINT('Origin',(417.530305504997,15.2655492607665,-37.));
#8513=CARTESIAN_POINT('Origin',(417.556452227822,15.5644076701941,9.85147186257613));
#8514=CARTESIAN_POINT('',(420.870041454349,15.5756521285543,9.85147186257613));
#8515=CARTESIAN_POINT('Origin',(417.582598950646,15.8632660796216,9.85147186257613));
#8516=CARTESIAN_POINT('',(420.220031189845,15.0302287553479,9.85147186257613));
#8517=CARTESIAN_POINT('',(420.545036322097,15.3029404419511,9.85147186257613));
#8518=CARTESIAN_POINT('Origin',(417.530305504997,15.2655492607665,9.85147186257613));
#8519=CARTESIAN_POINT('Origin',(333.604513345217,23.2103965547062,-37.));
#8520=CARTESIAN_POINT('',(426.852058573067,15.0522934456484,14.5));
#8521=CARTESIAN_POINT('',(426.852058573067,15.0522934456484,-88.5));
#8522=CARTESIAN_POINT('',(426.852058573067,15.0522934456484,-52.));
#8523=CARTESIAN_POINT('',(412.943978412656,16.2690927910942,-88.5));
#8524=CARTESIAN_POINT('',(405.016373407185,16.9626683579843,-88.5));
#8525=CARTESIAN_POINT('',(408.313139328224,16.6742387135947,-83.8514718625763));
#8526=CARTESIAN_POINT('',(379.125395636757,19.2278354004984,-54.5522357319508));
#8527=CARTESIAN_POINT('',(408.313139328224,16.6742387135947,9.85147186257628));
#8528=CARTESIAN_POINT('',(408.313139328224,16.6742387135947,-52.));
#8529=CARTESIAN_POINT('',(412.943978412656,16.2690927910942,14.5));
#8530=CARTESIAN_POINT('',(379.125395636757,19.2278354004984,-19.4477642680491));
#8531=CARTESIAN_POINT('',(405.016373407185,16.9626683579843,14.5));
#8532=CARTESIAN_POINT('',(420.870041454349,15.5756521285543,-83.8514718625761));
#8533=CARTESIAN_POINT('Origin',(417.582598950646,15.8632660796216,-83.8514718625761));
#8534=CARTESIAN_POINT('Origin',(407.988134195973,16.4015270269915,-52.));
#8535=CARTESIAN_POINT('',(407.663129063721,16.1288153403883,10.1));
#8536=CARTESIAN_POINT('',(407.663129063721,16.1288153403883,-84.1));
#8537=CARTESIAN_POINT('',(407.663129063721,16.1288153403883,-52.));
#8538=CARTESIAN_POINT('',(408.313139328224,16.6742387135947,9.85147186257628));
#8539=CARTESIAN_POINT('',(408.313139328224,16.6742387135947,-83.8514718625763));
#8540=CARTESIAN_POINT('Origin',(427.12477025967,14.7272883133966,-52.));
#8541=CARTESIAN_POINT('',(427.397481946273,14.4022831811448,15.1));
#8542=CARTESIAN_POINT('',(427.397481946273,14.4022831811448,-89.1));
#8543=CARTESIAN_POINT('',(427.397481946273,14.4022831811448,-52.));
#8544=CARTESIAN_POINT('',(427.397481946273,14.4022831811448,-89.1));
#8545=CARTESIAN_POINT('Origin',(404.990226684361,16.6638099485567,14.8));
#8546=CARTESIAN_POINT('',(412.644102554179,15.69303662665,15.1));
#8547=CARTESIAN_POINT('Origin',(378.887924106012,18.9474655160858,-19.2356322336932));
#8548=CARTESIAN_POINT('',(378.650452575267,18.6670956316731,-19.0235001993372));
#8549=CARTESIAN_POINT('Origin',(412.955187696646,47.9330391898276,12.6));
#8550=CARTESIAN_POINT('',(407.663129063721,10.7306903834186,10.5704775900694));
#8551=CARTESIAN_POINT('Origin',(417.556452227822,15.5644076701941,-83.8514718625761));
#8552=CARTESIAN_POINT('',(420.220031189845,15.0302287553479,-83.8514718625761));
#8553=CARTESIAN_POINT('',(420.545036322097,15.3029404419511,-83.8514718625761));
#8554=CARTESIAN_POINT('Origin',(417.530305504997,15.2655492607665,-83.8514718625761));
#8555=CARTESIAN_POINT('Origin',(328.5,-36.0000000000001,-93.1));
#8556=CARTESIAN_POINT('',(423.335144839978,-32.0304424152662,-89.130442415266));
#8557=CARTESIAN_POINT('',(424.001499277468,-24.4139763425781,-81.513976342578));
#8558=CARTESIAN_POINT('',(430.637898897996,-40.0000000000001,-97.1));
#8559=CARTESIAN_POINT('Origin',(404.990226684361,16.6638099485567,-88.8));
#8560=CARTESIAN_POINT('',(412.644102554179,15.69303662665,-89.1));
#8561=CARTESIAN_POINT('',(404.964079961537,16.3649515391292,-89.1));
#8562=CARTESIAN_POINT('',(412.644102554179,15.69303662665,-89.1));
#8563=CARTESIAN_POINT('Origin',(378.887924106012,18.9474655160858,-54.7643677663068));
#8564=CARTESIAN_POINT('',(378.650452575267,18.6670956316731,-54.9764998006628));
#8565=CARTESIAN_POINT('Origin',(412.644102554179,15.69303662665,-89.1));
#8566=CARTESIAN_POINT('',(427.397481946274,14.4022831811448,-132.9));
#8567=CARTESIAN_POINT('',(412.644102554179,15.69303662665,-132.9));
#8568=CARTESIAN_POINT('',(416.304430279249,15.3727994459168,-132.9));
#8569=CARTESIAN_POINT('',(412.644102554179,15.69303662665,-89.1));
#8570=CARTESIAN_POINT('',(427.397481946274,14.4022831811448,-89.1));
#8571=CARTESIAN_POINT('Origin',(412.644102554179,15.69303662665,15.1));
#8572=CARTESIAN_POINT('',(414.044888498027,31.7040932298042,-89.0999999999999));
#8573=CARTESIAN_POINT('',(407.049242741175,-48.2565036626044,-132.9));
#8574=CARTESIAN_POINT('Origin',(412.955187696646,47.9330391898276,-86.6));
#8575=CARTESIAN_POINT('',(407.663129063721,10.7306903834186,-84.5704775900693));
#8576=CARTESIAN_POINT('Origin',(407.663129063721,-25.9000000000002,15.1));
#8577=CARTESIAN_POINT('',(407.663129063721,-41.4142135623732,-107.577735028165));
#8578=CARTESIAN_POINT('',(407.663129063721,-61.6112227696247,-58.8178414806439));
#8579=CARTESIAN_POINT('',(407.663129063721,-60.0000000000002,-88.9919485905377));
#8580=CARTESIAN_POINT('',(407.663129063721,-70.4269193357691,-78.5650292547687));
#8581=CARTESIAN_POINT('',(407.663129063721,-60.0000000000002,14.9919485905377));
#8582=CARTESIAN_POINT('',(407.663129063721,-60.0000000000002,12.0479871476344));
#8583=CARTESIAN_POINT('',(407.663129063721,-32.9500000000002,14.9919485905377));
#8584=CARTESIAN_POINT('Origin',(417.582598950646,15.8632660796216,9.85147186257613));
#8585=CARTESIAN_POINT('',(420.272324635493,15.6279455742029,9.85147186257613));
#8586=CARTESIAN_POINT('Origin',(417.582598950646,15.8632660796216,-37.));
#8587=CARTESIAN_POINT('',(420.272324635494,15.6279455742029,-37.));
#8588=CARTESIAN_POINT('Origin',(417.582598950646,15.8632660796216,-83.8514718625761));
#8589=CARTESIAN_POINT('',(420.272324635493,15.6279455742029,-83.8514718625761));
#8590=CARTESIAN_POINT('Origin',(422.948611227038,-36.4485418279452,-67.));
#8591=CARTESIAN_POINT('',(423.335144839978,-32.0304424152662,15.130442415266));
#8592=CARTESIAN_POINT('',(424.001499277468,-24.4139763425781,7.51397634257797));
#8593=CARTESIAN_POINT('',(423.335144839978,-32.0304424152662,-99.95));
#8594=CARTESIAN_POINT('',(425.551206757241,-6.70073879478451,-132.9));
#8595=CARTESIAN_POINT('',(425.551206757241,-6.70073879478451,58.8999999999999));
#8596=CARTESIAN_POINT('',(425.452995944234,-7.82329352415422,-127.611765156224));
#8597=CARTESIAN_POINT('Origin',(425.60987628118,-6.03014306758908,-127.611765156224));
#8598=CARTESIAN_POINT('',(425.452995944234,-7.82329352415427,-26.6117651562244));
#8599=CARTESIAN_POINT('Origin',(425.60987628118,-6.03014306758912,-26.6117651562244));
#8600=CARTESIAN_POINT('Origin',(242.904483887371,15.7871773993219,-37.));
#8601=CARTESIAN_POINT('',(240.188611479699,15.723639495313,-37.));
#8602=CARTESIAN_POINT('',(239.915899793095,16.0486446275649,-37.));
#8603=CARTESIAN_POINT('',(245.568062849394,15.2529984844757,-37.));
#8604=CARTESIAN_POINT('Origin',(242.878337164546,15.4883189898944,-37.));
#8605=CARTESIAN_POINT('Origin',(242.878337164546,15.4883189898944,-37.));
#8606=CARTESIAN_POINT('Origin',(242.930630610195,16.0860358087494,-37.));
#8607=CARTESIAN_POINT('',(238.739410405115,-62.7988561110125,-37.));
#8608=CARTESIAN_POINT('',(245.620356295043,15.8507153033307,-37.));
#8609=CARTESIAN_POINT('Origin',(236.049684720267,-62.5635356055939,-37.));
#8610=CARTESIAN_POINT('Origin',(226.030907142175,17.2634240776611,-82.5000000105628));
#8611=CARTESIAN_POINT('',(228.694486104199,16.7292451628149,-82.5000000105628));
#8612=CARTESIAN_POINT('',(229.019491236451,17.0019568494182,-82.5000000105628));
#8613=CARTESIAN_POINT('Origin',(226.004760419351,16.9645656682336,-82.5000000105628));
#8614=CARTESIAN_POINT('Origin',(226.057053865,17.5622824870887,-82.5000000105628));
#8615=CARTESIAN_POINT('',(223.29387694444,-45.0000000000001,-82.5000000105628));
#8616=CARTESIAN_POINT('',(228.746779549847,17.32696198167,-82.5000000105628));
#8617=CARTESIAN_POINT('Origin',(220.583563383073,-45.0000000000001,-82.5000000105628));
#8618=CARTESIAN_POINT('Origin',(201.826074638946,19.3810725242375,-1.60685619148501));
#8619=CARTESIAN_POINT('',(204.48965360097,18.8468936093913,-1.60685619148501));
#8620=CARTESIAN_POINT('Origin',(201.799927916122,19.08221411481,-1.60685619148501));
#8621=CARTESIAN_POINT('',(204.814658733221,19.1196052959945,-1.60685619148501));
#8622=CARTESIAN_POINT('Origin',(201.85222136177,19.679930933665,-1.60685619148501));
#8623=CARTESIAN_POINT('',(197.661001156691,-59.2049609860969,-1.60685619148501));
#8624=CARTESIAN_POINT('',(204.541947046618,19.4446104282463,-1.60685619148501));
#8625=CARTESIAN_POINT('Origin',(194.971275471843,-58.9696404806782,-1.60685619148501));
#8626=CARTESIAN_POINT('Origin',(226.030907142175,17.2634240776611,8.50000001056284));
#8627=CARTESIAN_POINT('',(228.694486104199,16.7292451628149,8.50000001056284));
#8628=CARTESIAN_POINT('Origin',(226.004760419351,16.9645656682336,8.50000001056284));
#8629=CARTESIAN_POINT('',(229.019491236451,17.0019568494182,8.50000001056284));
#8630=CARTESIAN_POINT('Origin',(226.057053865,17.5622824870887,8.50000001056284));
#8631=CARTESIAN_POINT('',(223.29387694444,-45.0000000000001,8.50000001056284));
#8632=CARTESIAN_POINT('',(228.746779549847,17.32696198167,8.50000001056284));
#8633=CARTESIAN_POINT('Origin',(220.583563383073,-45.0000000000001,8.50000001056284));
#8634=CARTESIAN_POINT('Ctrl Pts',(199.374388287618,-70.0000000000002,-72.393143808515));
#8635=CARTESIAN_POINT('Ctrl Pts',(199.374388287618,-70.0000000000002,-73.1938448047456));
#8636=CARTESIAN_POINT('Ctrl Pts',(199.005366234238,-70.0000000000001,-74.7894077985842));
#8637=CARTESIAN_POINT('Ctrl Pts',(196.960400871884,-70.0000000000002,-77.3822512023161));
#8638=CARTESIAN_POINT('Ctrl Pts',(193.219725700532,-70.0000000000002,-78.2197044366683));
#8639=CARTESIAN_POINT('Ctrl Pts',(190.316833785135,-70.0000000000001,-76.5319612776379));
#8640=CARTESIAN_POINT('Ctrl Pts',(188.470846258228,-70.0000000000002,-73.8643272908795));
#8641=CARTESIAN_POINT('Ctrl Pts',(188.477073411084,-70.0000000000002,-69.7394194288576));
#8642=CARTESIAN_POINT('Ctrl Pts',(191.943190730589,-70.0000000000001,-66.9778153843798));
#8643=CARTESIAN_POINT('Ctrl Pts',(195.242545709654,-70.0000000000001,-67.0021989350272));
#8644=CARTESIAN_POINT('Ctrl Pts',(197.466063673322,-70.0000000000001,-68.062147742917));
#8645=CARTESIAN_POINT('Ctrl Pts',(199.008054760329,-70.0000000000001,-69.9923467331084));
#8646=CARTESIAN_POINT('Ctrl Pts',(199.374388287618,-70.0000000000002,-71.5924428122843));
#8647=CARTESIAN_POINT('Ctrl Pts',(199.374388287618,-70.0000000000002,-72.393143808515));
#8648=CARTESIAN_POINT('Ctrl Pts',(199.191819436167,-69.8007610603818,-72.393143808515));
#8649=CARTESIAN_POINT('Ctrl Pts',(199.191819436167,-69.8007610603818,-73.1664282401309));
#8650=CARTESIAN_POINT('Ctrl Pts',(198.834283300135,-69.8006576038817,-74.7072513068531));
#8651=CARTESIAN_POINT('Ctrl Pts',(196.853800145287,-69.8001302718618,-77.2062137119315));
#8652=CARTESIAN_POINT('Ctrl Pts',(193.245861489215,-69.7998696328996,-77.9981459520824));
#8653=CARTESIAN_POINT('Ctrl Pts',(190.461729843102,-69.8003411900123,-76.3668578543747));
#8654=CARTESIAN_POINT('Ctrl Pts',(188.695597570868,-69.8008057760213,-73.8029693605453));
#8655=CARTESIAN_POINT('Ctrl Pts',(188.700712321289,-69.8007745223059,-69.8502715051278));
#8656=CARTESIAN_POINT('Ctrl Pts',(192.018995158127,-69.7999735515476,-67.1882783238911));
#8657=CARTESIAN_POINT('Ctrl Pts',(195.196420521189,-69.7999876068374,-67.199391369531));
#8658=CARTESIAN_POINT('Ctrl Pts',(197.343790690536,-69.8002748871137,-68.2147122765669));
#8659=CARTESIAN_POINT('Ctrl Pts',(198.836727315338,-69.8006507265253,-70.0745470770387));
#8660=CARTESIAN_POINT('Ctrl Pts',(199.191819436167,-69.8007610603818,-71.6198593768991));
#8661=CARTESIAN_POINT('Ctrl Pts',(199.191819436167,-69.8007610603818,-72.393143808515));
#8662=CARTESIAN_POINT('Ctrl Pts',(199.009250584717,-69.6015221207634,-72.393143808515));
#8663=CARTESIAN_POINT('Ctrl Pts',(199.009250584717,-69.6015221207634,-73.1390116755161));
#8664=CARTESIAN_POINT('Ctrl Pts',(198.663200366033,-69.6013152077632,-74.625094815122));
#8665=CARTESIAN_POINT('Ctrl Pts',(196.74719941869,-69.6002605437236,-77.030176221547));
#8666=CARTESIAN_POINT('Ctrl Pts',(193.271997277897,-69.599739265799,-77.7765874674965));
#8667=CARTESIAN_POINT('Ctrl Pts',(190.606625901068,-69.6006823800245,-76.2017544311115));
#8668=CARTESIAN_POINT('Ctrl Pts',(188.920348883508,-69.6016115520424,-73.741611430211));
#8669=CARTESIAN_POINT('Ctrl Pts',(188.924351231494,-69.6015490446116,-69.961123581398));
#8670=CARTESIAN_POINT('Ctrl Pts',(192.094799585666,-69.5999471030952,-67.3987412634022));
#8671=CARTESIAN_POINT('Ctrl Pts',(195.150295332724,-69.5999752136746,-67.3965838040348));
#8672=CARTESIAN_POINT('Ctrl Pts',(197.221517707749,-69.6005497742273,-68.3672768102167));
#8673=CARTESIAN_POINT('Ctrl Pts',(198.665399870346,-69.6013014530504,-70.156747420969));
#8674=CARTESIAN_POINT('Ctrl Pts',(199.009250584717,-69.6015221207634,-71.6472759415138));
#8675=CARTESIAN_POINT('Ctrl Pts',(199.009250584717,-69.6015221207634,-72.393143808515));
#8676=CARTESIAN_POINT('Ctrl Pts',(198.826681733266,-69.4022831811451,-72.393143808515));
#8677=CARTESIAN_POINT('Ctrl Pts',(198.826681733266,-69.4022831811451,-73.1115951109014));
#8678=CARTESIAN_POINT('Ctrl Pts',(198.49211743193,-69.4019728116448,-74.5429383233908));
#8679=CARTESIAN_POINT('Ctrl Pts',(196.640598692093,-69.4003908155852,-76.8541387311625));
#8680=CARTESIAN_POINT('Ctrl Pts',(193.29813306658,-69.3996088986984,-77.5550289829106));
#8681=CARTESIAN_POINT('Ctrl Pts',(190.751521959034,-69.4010235700367,-76.0366510078483));
#8682=CARTESIAN_POINT('Ctrl Pts',(189.145100196148,-69.4024173280635,-73.6802534998768));
#8683=CARTESIAN_POINT('Ctrl Pts',(189.147990141699,-69.4023235669173,-70.0719756576681));
#8684=CARTESIAN_POINT('Ctrl Pts',(192.170604013204,-69.3999206546426,-67.6092042029135));
#8685=CARTESIAN_POINT('Ctrl Pts',(195.104170144259,-69.3999628205118,-67.5937762385387));
#8686=CARTESIAN_POINT('Ctrl Pts',(197.099244724963,-69.400824661341,-68.5198413438665));
#8687=CARTESIAN_POINT('Ctrl Pts',(198.494072425355,-69.4019521795755,-70.2389477648993));
#8688=CARTESIAN_POINT('Ctrl Pts',(198.826681733266,-69.4022831811451,-71.6746925061286));
#8689=CARTESIAN_POINT('Ctrl Pts',(198.826681733266,-69.4022831811451,-72.393143808515));
#8690=CARTESIAN_POINT('',(199.374388287618,-70.0000000000002,-72.393143808515));
#8691=CARTESIAN_POINT('',(198.826681733266,-69.4022831811451,-72.393143808515));
#8692=CARTESIAN_POINT('',(199.374388287618,-70.0000000000002,-72.393143808515));
#8693=CARTESIAN_POINT('Ctrl Pts',(198.826681733266,-69.4022831811451,-72.393143808515));
#8694=CARTESIAN_POINT('Ctrl Pts',(198.826681733266,-69.4022831811451,-73.1115951109014));
#8695=CARTESIAN_POINT('Ctrl Pts',(198.49211743193,-69.4019728116448,-74.5429383233908));
#8696=CARTESIAN_POINT('Ctrl Pts',(196.640598692093,-69.4003908155852,-76.8541387311625));
#8697=CARTESIAN_POINT('Ctrl Pts',(193.29813306658,-69.3996088986984,-77.5550289829106));
#8698=CARTESIAN_POINT('Ctrl Pts',(190.751521959034,-69.4010235700367,-76.0366510078483));
#8699=CARTESIAN_POINT('Ctrl Pts',(189.145100196148,-69.4024173280635,-73.6802534998768));
#8700=CARTESIAN_POINT('Ctrl Pts',(189.147990141699,-69.4023235669173,-70.0719756576681));
#8701=CARTESIAN_POINT('Ctrl Pts',(192.170604013204,-69.3999206546426,-67.6092042029135));
#8702=CARTESIAN_POINT('Ctrl Pts',(195.104170144259,-69.3999628205118,-67.5937762385387));
#8703=CARTESIAN_POINT('Ctrl Pts',(197.099244724963,-69.400824661341,-68.5198413438665));
#8704=CARTESIAN_POINT('Ctrl Pts',(198.494072425355,-69.4019521795755,-70.2389477648993));
#8705=CARTESIAN_POINT('Ctrl Pts',(198.826681733266,-69.4022831811451,-71.6746925061286));
#8706=CARTESIAN_POINT('Ctrl Pts',(198.826681733266,-69.4022831811451,-72.393143808515));
#8707=CARTESIAN_POINT('Ctrl Pts',(199.374388287618,-70.0000000000002,-72.393143808515));
#8708=CARTESIAN_POINT('Ctrl Pts',(199.374388287618,-70.0000000000002,-71.5924428122843));
#8709=CARTESIAN_POINT('Ctrl Pts',(199.008054760329,-70.0000000000001,-69.9923467331084));
#8710=CARTESIAN_POINT('Ctrl Pts',(197.466063673322,-70.0000000000001,-68.062147742917));
#8711=CARTESIAN_POINT('Ctrl Pts',(195.242545709654,-70.0000000000001,-67.0021989350272));
#8712=CARTESIAN_POINT('Ctrl Pts',(191.943190730589,-70.0000000000001,-66.9778153843798));
#8713=CARTESIAN_POINT('Ctrl Pts',(188.477073411084,-70.0000000000002,-69.7394194288576));
#8714=CARTESIAN_POINT('Ctrl Pts',(188.470846258228,-70.0000000000002,-73.8643272908795));
#8715=CARTESIAN_POINT('Ctrl Pts',(190.316833785135,-70.0000000000001,-76.5319612776379));
#8716=CARTESIAN_POINT('Ctrl Pts',(193.219725700532,-70.0000000000002,-78.2197044366683));
#8717=CARTESIAN_POINT('Ctrl Pts',(196.960400871884,-70.0000000000002,-77.3822512023161));
#8718=CARTESIAN_POINT('Ctrl Pts',(199.005366234238,-70.0000000000001,-74.7894077985842));
#8719=CARTESIAN_POINT('Ctrl Pts',(199.374388287618,-70.0000000000002,-73.1938448047456));
#8720=CARTESIAN_POINT('Ctrl Pts',(199.374388287618,-70.0000000000002,-72.393143808515));
#8721=CARTESIAN_POINT('Origin',(194.79260619921,-61.0118396117664,-72.393143808515));
#8722=CARTESIAN_POINT('',(199.524531015146,-61.4258293898177,-72.393143808515));
#8723=CARTESIAN_POINT('Origin',(194.79260619921,-61.0118396117664,-72.393143808515));
#8724=CARTESIAN_POINT('',(199.524531015146,-61.4258293898177,-72.393143808515));
#8725=CARTESIAN_POINT('Ctrl Pts',(240.767222617373,-70.0000000000002,-37.));
#8726=CARTESIAN_POINT('Ctrl Pts',(240.767222617373,-70.0000000000002,-37.8007009962307));
#8727=CARTESIAN_POINT('Ctrl Pts',(240.398197865731,-70.0000000000001,-39.3962684630549));
#8728=CARTESIAN_POINT('Ctrl Pts',(238.353223113532,-70.0000000000002,-41.9891063195884));
#8729=CARTESIAN_POINT('Ctrl Pts',(234.612532880141,-70.0000000000002,-42.8265452686637));
#8730=CARTESIAN_POINT('Ctrl Pts',(231.7096447996,-70.0000000000002,-41.1388164018721));
#8731=CARTESIAN_POINT('Ctrl Pts',(229.863668426366,-70.0000000000002,-38.4711794401162));
#8732=CARTESIAN_POINT('Ctrl Pts',(229.869932328973,-70.0000000000002,-34.3462871607606));
#8733=CARTESIAN_POINT('Ctrl Pts',(233.336029567269,-70.0000000000002,-31.5846627778207));
#8734=CARTESIAN_POINT('Ctrl Pts',(236.635384268355,-70.0000000000001,-31.6090382298597));
#8735=CARTESIAN_POINT('Ctrl Pts',(238.858900699759,-70.0000000000001,-32.6689925808824));
#8736=CARTESIAN_POINT('Ctrl Pts',(240.400890043312,-70.0000000000002,-34.5991956131498));
#8737=CARTESIAN_POINT('Ctrl Pts',(240.767222617373,-70.0000000000002,-36.1992990037694));
#8738=CARTESIAN_POINT('Ctrl Pts',(240.767222617373,-70.0000000000002,-37.));
#8739=CARTESIAN_POINT('Ctrl Pts',(240.584653765923,-69.8007610603818,-37.));
#8740=CARTESIAN_POINT('Ctrl Pts',(240.584653765923,-69.8007610603818,-37.7732844316159));
#8741=CARTESIAN_POINT('Ctrl Pts',(240.227115124823,-69.8006576065776,-39.3141117541877));
#8742=CARTESIAN_POINT('Ctrl Pts',(238.246623482231,-69.8001302980482,-41.8130684493612));
#8743=CARTESIAN_POINT('Ctrl Pts',(234.63867127325,-69.7998697003293,-42.6049862663692));
#8744=CARTESIAN_POINT('Ctrl Pts',(231.854543139282,-69.8003412478532,-40.9737120161459));
#8745=CARTESIAN_POINT('Ctrl Pts',(230.088421159224,-69.8008058167446,-38.4098208308812));
#8746=CARTESIAN_POINT('Ctrl Pts',(230.093570430698,-69.8007745268545,-34.4571379572514));
#8747=CARTESIAN_POINT('Ctrl Pts',(233.411833658431,-69.7999735467784,-31.7951260102513));
#8748=CARTESIAN_POINT('Ctrl Pts',(236.589258322552,-69.7999875852061,-31.8062317398723));
#8749=CARTESIAN_POINT('Ctrl Pts',(238.736627241306,-69.8002748735479,-32.8215577754004));
#8750=CARTESIAN_POINT('Ctrl Pts',(240.229562299462,-69.8006507167135,-34.6813964159085));
#8751=CARTESIAN_POINT('Ctrl Pts',(240.584653765923,-69.8007610603818,-36.2267155683841));
#8752=CARTESIAN_POINT('Ctrl Pts',(240.584653765923,-69.8007610603818,-37.));
#8753=CARTESIAN_POINT('Ctrl Pts',(240.402084914473,-69.6015221207635,-37.));
#8754=CARTESIAN_POINT('Ctrl Pts',(240.402084914473,-69.6015221207635,-37.7458678670012));
#8755=CARTESIAN_POINT('Ctrl Pts',(240.056032383914,-69.601315213155,-39.2319550453206));
#8756=CARTESIAN_POINT('Ctrl Pts',(238.140023850931,-69.6002605960963,-41.6370305791341));
#8757=CARTESIAN_POINT('Ctrl Pts',(234.66480966636,-69.5997394006585,-42.3834272640747));
#8758=CARTESIAN_POINT('Ctrl Pts',(231.999441478963,-69.6006824957062,-40.8086076304197));
#8759=CARTESIAN_POINT('Ctrl Pts',(230.313173892082,-69.6016116334891,-38.3484622216462));
#8760=CARTESIAN_POINT('Ctrl Pts',(230.317208532422,-69.6015490537088,-34.5679887537423));
#8761=CARTESIAN_POINT('Ctrl Pts',(233.487637749593,-69.5999470935566,-32.0055892426819));
#8762=CARTESIAN_POINT('Ctrl Pts',(236.543132376748,-69.5999751704121,-32.0034252498849));
#8763=CARTESIAN_POINT('Ctrl Pts',(238.614353782853,-69.6005497470957,-32.9741229699184));
#8764=CARTESIAN_POINT('Ctrl Pts',(240.058234555612,-69.6013014334269,-34.7635972186672));
#8765=CARTESIAN_POINT('Ctrl Pts',(240.402084914473,-69.6015221207635,-36.2541321329988));
#8766=CARTESIAN_POINT('Ctrl Pts',(240.402084914473,-69.6015221207635,-37.));
#8767=CARTESIAN_POINT('Ctrl Pts',(240.219516063022,-69.4022831811451,-37.));
#8768=CARTESIAN_POINT('Ctrl Pts',(240.219516063022,-69.4022831811451,-37.7184513023864));
#8769=CARTESIAN_POINT('Ctrl Pts',(239.884949643006,-69.4019728197324,-39.1497983364534));
#8770=CARTESIAN_POINT('Ctrl Pts',(238.03342421963,-69.4003908941444,-41.4609927089069));
#8771=CARTESIAN_POINT('Ctrl Pts',(234.690948059469,-69.3996091009877,-42.1618682617802));
#8772=CARTESIAN_POINT('Ctrl Pts',(232.144339818645,-69.4010237435592,-40.6435032446935));
#8773=CARTESIAN_POINT('Ctrl Pts',(230.537926624939,-69.4024174502336,-38.2871036124112));
#8774=CARTESIAN_POINT('Ctrl Pts',(230.540846634147,-69.4023235805631,-34.6788395502332));
#8775=CARTESIAN_POINT('Ctrl Pts',(233.563441840755,-69.3999206403348,-32.2160524751125));
#8776=CARTESIAN_POINT('Ctrl Pts',(236.497006430945,-69.3999627556181,-32.2006187598975));
#8777=CARTESIAN_POINT('Ctrl Pts',(238.492080324401,-69.4008246206434,-33.1266881644363));
#8778=CARTESIAN_POINT('Ctrl Pts',(239.886906811761,-69.4019521501402,-34.8457980214259));
#8779=CARTESIAN_POINT('Ctrl Pts',(240.219516063022,-69.4022831811451,-36.2815486976136));
#8780=CARTESIAN_POINT('Ctrl Pts',(240.219516063022,-69.4022831811451,-37.));
#8781=CARTESIAN_POINT('',(240.767222617373,-70.0000000000002,-37.));
#8782=CARTESIAN_POINT('',(240.219516063022,-69.4022831811451,-37.));
#8783=CARTESIAN_POINT('',(240.767222617373,-70.0000000000002,-37.));
#8784=CARTESIAN_POINT('Ctrl Pts',(240.219516063022,-69.4022831811451,-37.));
#8785=CARTESIAN_POINT('Ctrl Pts',(240.219516063022,-69.4022831811451,-37.7184513023864));
#8786=CARTESIAN_POINT('Ctrl Pts',(239.884949643006,-69.4019728197324,-39.1497983364534));
#8787=CARTESIAN_POINT('Ctrl Pts',(238.03342421963,-69.4003908941444,-41.4609927089069));
#8788=CARTESIAN_POINT('Ctrl Pts',(234.690948059469,-69.3996091009877,-42.1618682617802));
#8789=CARTESIAN_POINT('Ctrl Pts',(232.144339818645,-69.4010237435592,-40.6435032446935));
#8790=CARTESIAN_POINT('Ctrl Pts',(230.537926624939,-69.4024174502336,-38.2871036124112));
#8791=CARTESIAN_POINT('Ctrl Pts',(230.540846634147,-69.4023235805631,-34.6788395502332));
#8792=CARTESIAN_POINT('Ctrl Pts',(233.563441840755,-69.3999206403348,-32.2160524751125));
#8793=CARTESIAN_POINT('Ctrl Pts',(236.497006430945,-69.3999627556181,-32.2006187598975));
#8794=CARTESIAN_POINT('Ctrl Pts',(238.492080324401,-69.4008246206434,-33.1266881644363));
#8795=CARTESIAN_POINT('Ctrl Pts',(239.886906811761,-69.4019521501402,-34.8457980214259));
#8796=CARTESIAN_POINT('Ctrl Pts',(240.219516063022,-69.4022831811451,-36.2815486976136));
#8797=CARTESIAN_POINT('Ctrl Pts',(240.219516063022,-69.4022831811451,-37.));
#8798=CARTESIAN_POINT('Ctrl Pts',(240.767222617373,-70.0000000000002,-37.));
#8799=CARTESIAN_POINT('Ctrl Pts',(240.767222617373,-70.0000000000002,-36.1992990037694));
#8800=CARTESIAN_POINT('Ctrl Pts',(240.400890043312,-70.0000000000002,-34.5991956131498));
#8801=CARTESIAN_POINT('Ctrl Pts',(238.858900699759,-70.0000000000001,-32.6689925808824));
#8802=CARTESIAN_POINT('Ctrl Pts',(236.635384268355,-70.0000000000001,-31.6090382298597));
#8803=CARTESIAN_POINT('Ctrl Pts',(233.336029567269,-70.0000000000002,-31.5846627778207));
#8804=CARTESIAN_POINT('Ctrl Pts',(229.869932328973,-70.0000000000002,-34.3462871607606));
#8805=CARTESIAN_POINT('Ctrl Pts',(229.863668426366,-70.0000000000002,-38.4711794401162));
#8806=CARTESIAN_POINT('Ctrl Pts',(231.7096447996,-70.0000000000002,-41.1388164018721));
#8807=CARTESIAN_POINT('Ctrl Pts',(234.612532880141,-70.0000000000002,-42.8265452686637));
#8808=CARTESIAN_POINT('Ctrl Pts',(238.353223113532,-70.0000000000002,-41.9891063195884));
#8809=CARTESIAN_POINT('Ctrl Pts',(240.398197865731,-70.0000000000001,-39.3962684630549));
#8810=CARTESIAN_POINT('Ctrl Pts',(240.767222617373,-70.0000000000002,-37.8007009962307));
#8811=CARTESIAN_POINT('Ctrl Pts',(240.767222617373,-70.0000000000002,-37.));
#8812=CARTESIAN_POINT('Origin',(235.871015447635,-64.605734736682,-37.));
#8813=CARTESIAN_POINT('',(240.60294026357,-65.0197245147333,-37.));
#8814=CARTESIAN_POINT('Origin',(235.871015447635,-64.605734736682,-37.));
#8815=CARTESIAN_POINT('',(240.60294026357,-65.0197245147333,-37.));
#8816=CARTESIAN_POINT('Ctrl Pts',(199.374388287618,-70.0000000000002,-1.60685619148502));
#8817=CARTESIAN_POINT('Ctrl Pts',(199.374388287618,-70.0000000000002,-3.20825818394634));
#8818=CARTESIAN_POINT('Ctrl Pts',(197.834131524168,-70.0000000000002,-6.40632461045402));
#8819=CARTESIAN_POINT('Ctrl Pts',(193.216869915037,-70.0000000000002,-7.4351150821098));
#8820=CARTESIAN_POINT('Ctrl Pts',(190.317907614474,-70.0000000000001,-5.74657866484649));
#8821=CARTESIAN_POINT('Ctrl Pts',(188.470530547096,-70.0000000000002,-3.07866415322616));
#8822=CARTESIAN_POINT('Ctrl Pts',(188.477112896394,-70.0000000000002,1.04679324223299));
#8823=CARTESIAN_POINT('Ctrl Pts',(191.943013123797,-70.0000000000002,3.80823374778542));
#8824=CARTESIAN_POINT('Ctrl Pts',(195.242520635501,-70.0000000000002,3.78388658273122));
#8825=CARTESIAN_POINT('Ctrl Pts',(197.466013080222,-70.0000000000002,2.72398718122475));
#8826=CARTESIAN_POINT('Ctrl Pts',(199.008050032633,-70.0000000000002,0.793860235799702));
#8827=CARTESIAN_POINT('Ctrl Pts',(199.374388287618,-70.0000000000002,-0.806155195254345));
#8828=CARTESIAN_POINT('Ctrl Pts',(199.374388287618,-70.0000000000002,-1.606856191485));
#8829=CARTESIAN_POINT('Ctrl Pts',(199.191819436167,-69.8007610603818,-1.60685619148502));
#8830=CARTESIAN_POINT('Ctrl Pts',(199.191819436167,-69.8007610603818,-3.15342505471685));
#8831=CARTESIAN_POINT('Ctrl Pts',(197.696767165916,-69.8002020926558,-6.24085707423645));
#8832=CARTESIAN_POINT('Ctrl Pts',(193.242918326959,-69.7998606941145,-7.21347965601009));
#8833=CARTESIAN_POINT('Ctrl Pts',(190.462749627177,-69.8003405518119,-5.58147490767948));
#8834=CARTESIAN_POINT('Ctrl Pts',(188.695246095632,-69.8008035899803,-3.01729213085153));
#8835=CARTESIAN_POINT('Ctrl Pts',(188.700753497351,-69.8007746570555,0.935929606960058));
#8836=CARTESIAN_POINT('Ctrl Pts',(192.018814768889,-69.7999730816619,3.59777943190307));
#8837=CARTESIAN_POINT('Ctrl Pts',(195.196401174415,-69.7999877676888,3.58670538082197));
#8838=CARTESIAN_POINT('Ctrl Pts',(197.343742832554,-69.8002748887476,2.57143044687018));
#8839=CARTESIAN_POINT('Ctrl Pts',(198.836724985603,-69.8006508062871,0.711664516102523));
#8840=CARTESIAN_POINT('Ctrl Pts',(199.191819436167,-69.8007610603818,-0.833571759869093));
#8841=CARTESIAN_POINT('Ctrl Pts',(199.191819436167,-69.8007610603818,-1.60685619148501));
#8842=CARTESIAN_POINT('Ctrl Pts',(199.009250584717,-69.6015221207634,-1.60685619148502));
#8843=CARTESIAN_POINT('Ctrl Pts',(199.009250584717,-69.6015221207634,-3.09859192548735));
#8844=CARTESIAN_POINT('Ctrl Pts',(197.559402807664,-69.6004041853115,-6.07538953801887));
#8845=CARTESIAN_POINT('Ctrl Pts',(193.26896673888,-69.5997213882288,-6.9918442299104));
#8846=CARTESIAN_POINT('Ctrl Pts',(190.60759163988,-69.6006811036236,-5.41637115051246));
#8847=CARTESIAN_POINT('Ctrl Pts',(188.919961644168,-69.6016071799604,-2.9559201084769));
#8848=CARTESIAN_POINT('Ctrl Pts',(188.924394098308,-69.601549314111,0.825065971687126));
#8849=CARTESIAN_POINT('Ctrl Pts',(192.094616413982,-69.5999461633237,3.38732511602073));
#8850=CARTESIAN_POINT('Ctrl Pts',(195.150281713329,-69.5999755353776,3.38952417891272));
#8851=CARTESIAN_POINT('Ctrl Pts',(197.221472584887,-69.600549777495,2.41887371251562));
#8852=CARTESIAN_POINT('Ctrl Pts',(198.665399938573,-69.6013016125741,0.629468796405346));
#8853=CARTESIAN_POINT('Ctrl Pts',(199.009250584717,-69.6015221207634,-0.860988324483843));
#8854=CARTESIAN_POINT('Ctrl Pts',(199.009250584717,-69.6015221207634,-1.60685619148501));
#8855=CARTESIAN_POINT('Ctrl Pts',(198.826681733266,-69.4022831811451,-1.60685619148502));
#8856=CARTESIAN_POINT('Ctrl Pts',(198.826681733266,-69.4022831811451,-3.04375879625786));
#8857=CARTESIAN_POINT('Ctrl Pts',(197.422038449411,-69.4006062779672,-5.9099220018013));
#8858=CARTESIAN_POINT('Ctrl Pts',(193.295015150801,-69.3995820823432,-6.7702088038107));
#8859=CARTESIAN_POINT('Ctrl Pts',(190.752433652584,-69.4010216554353,-5.25126739334544));
#8860=CARTESIAN_POINT('Ctrl Pts',(189.144677192704,-69.4024107699406,-2.89454808610226));
#8861=CARTESIAN_POINT('Ctrl Pts',(189.148034699265,-69.4023239711663,0.714202336414195));
#8862=CARTESIAN_POINT('Ctrl Pts',(192.170418059074,-69.3999192449855,3.17687080013838));
#8863=CARTESIAN_POINT('Ctrl Pts',(195.104162252243,-69.3999633030662,3.19234297700346));
#8864=CARTESIAN_POINT('Ctrl Pts',(197.09920233722,-69.4008246662425,2.26631697816105));
#8865=CARTESIAN_POINT('Ctrl Pts',(198.494074891543,-69.401952418861,0.547273076708167));
#8866=CARTESIAN_POINT('Ctrl Pts',(198.826681733266,-69.4022831811451,-0.888404889098592));
#8867=CARTESIAN_POINT('Ctrl Pts',(198.826681733266,-69.4022831811451,-1.60685619148501));
#8868=CARTESIAN_POINT('',(199.374388287618,-70.0000000000002,-1.606856191485));
#8869=CARTESIAN_POINT('',(198.826681733266,-69.4022831811451,-1.60685619148502));
#8870=CARTESIAN_POINT('',(199.374388287618,-70.0000000000002,-1.60685619148502));
#8871=CARTESIAN_POINT('Ctrl Pts',(198.826681733266,-69.4022831811451,-1.60685619148502));
#8872=CARTESIAN_POINT('Ctrl Pts',(198.826681733266,-69.4022831811451,-3.04375879625786));
#8873=CARTESIAN_POINT('Ctrl Pts',(197.422038449411,-69.4006062779672,-5.9099220018013));
#8874=CARTESIAN_POINT('Ctrl Pts',(193.295015150801,-69.3995820823432,-6.7702088038107));
#8875=CARTESIAN_POINT('Ctrl Pts',(190.752433652584,-69.4010216554353,-5.25126739334544));
#8876=CARTESIAN_POINT('Ctrl Pts',(189.144677192704,-69.4024107699406,-2.89454808610226));
#8877=CARTESIAN_POINT('Ctrl Pts',(189.148034699265,-69.4023239711663,0.714202336414195));
#8878=CARTESIAN_POINT('Ctrl Pts',(192.170418059074,-69.3999192449855,3.17687080013838));
#8879=CARTESIAN_POINT('Ctrl Pts',(195.104162252243,-69.3999633030662,3.19234297700346));
#8880=CARTESIAN_POINT('Ctrl Pts',(197.09920233722,-69.4008246662425,2.26631697816105));
#8881=CARTESIAN_POINT('Ctrl Pts',(198.494074891543,-69.401952418861,0.547273076708167));
#8882=CARTESIAN_POINT('Ctrl Pts',(198.826681733266,-69.4022831811451,-0.888404889098592));
#8883=CARTESIAN_POINT('Ctrl Pts',(198.826681733266,-69.4022831811451,-1.60685619148501));
#8884=CARTESIAN_POINT('Ctrl Pts',(199.374388287618,-70.0000000000002,-1.606856191485));
#8885=CARTESIAN_POINT('Ctrl Pts',(199.374388287618,-70.0000000000002,-0.806155195254345));
#8886=CARTESIAN_POINT('Ctrl Pts',(199.008050032633,-70.0000000000002,0.793860235799702));
#8887=CARTESIAN_POINT('Ctrl Pts',(197.466013080222,-70.0000000000002,2.72398718122475));
#8888=CARTESIAN_POINT('Ctrl Pts',(195.242520635501,-70.0000000000002,3.78388658273122));
#8889=CARTESIAN_POINT('Ctrl Pts',(191.943013123797,-70.0000000000002,3.80823374778542));
#8890=CARTESIAN_POINT('Ctrl Pts',(188.477112896394,-70.0000000000002,1.04679324223299));
#8891=CARTESIAN_POINT('Ctrl Pts',(188.470530547096,-70.0000000000002,-3.07866415322616));
#8892=CARTESIAN_POINT('Ctrl Pts',(190.317907614474,-70.0000000000001,-5.74657866484649));
#8893=CARTESIAN_POINT('Ctrl Pts',(193.216869915037,-70.0000000000002,-7.4351150821098));
#8894=CARTESIAN_POINT('Ctrl Pts',(197.834131524168,-70.0000000000002,-6.40632461045402));
#8895=CARTESIAN_POINT('Ctrl Pts',(199.374388287618,-70.0000000000002,-3.20825818394634));
#8896=CARTESIAN_POINT('Ctrl Pts',(199.374388287618,-70.0000000000002,-1.60685619148502));
#8897=CARTESIAN_POINT('Origin',(194.79260619921,-61.0118396117664,-1.60685619148501));
#8898=CARTESIAN_POINT('',(199.524531015146,-61.4258293898177,-1.60685619148501));
#8899=CARTESIAN_POINT('Origin',(194.79260619921,-61.0118396117664,-1.60685619148501));
#8900=CARTESIAN_POINT('',(199.524531015146,-61.4258293898177,-1.60685619148501));
#8901=CARTESIAN_POINT('Origin',(194.881940835527,-59.9907400462223,-72.393143808515));
#8902=CARTESIAN_POINT('',(198.592766085918,-60.3153951879573,-72.393143808515));
#8903=CARTESIAN_POINT('Origin',(235.960350083951,-63.5846351711379,-37.));
#8904=CARTESIAN_POINT('',(239.671175334343,-63.9092903128729,-37.));
#8905=CARTESIAN_POINT('Origin',(194.881940835527,-59.9907400462223,-1.60685619148501));
#8906=CARTESIAN_POINT('',(198.592766085918,-60.3153951879573,-1.60685619148501));
#8907=CARTESIAN_POINT('Origin',(249.187575726627,15.2375620826682,-89.1));
#8908=CARTESIAN_POINT('',(249.467352654508,14.9120228130729,-29.2818427922697));
#8909=CARTESIAN_POINT('',(248.907798798745,15.5631013522635,-29.2818427922697));
#8910=CARTESIAN_POINT('',(249.467352654508,14.9120228130729,-44.7181572077303));
#8911=CARTESIAN_POINT('',(249.467352654508,14.9120228130729,-89.1));
#8912=CARTESIAN_POINT('',(248.907798798745,15.5631013522635,-44.7181572077303));
#8913=CARTESIAN_POINT('Origin',(359.,-55.0000000000001,-175.931597392638));
#8914=CARTESIAN_POINT('',(359.,-57.3000000000001,-175.931597392638));
#8915=CARTESIAN_POINT('Origin',(359.,-55.0000000000001,-175.931597392638));
#8916=CARTESIAN_POINT('Origin',(359.,-55.0000000000001,101.931597392638));
#8917=CARTESIAN_POINT('',(359.,-57.3000000000001,101.931597392638));
#8918=CARTESIAN_POINT('Origin',(359.,-55.0000000000001,101.931597392638));
#8919=CARTESIAN_POINT('Origin',(289.999999999999,-51.9603383377992,16.9919485905377));
#8920=CARTESIAN_POINT('',(289.999999999999,-43.9603383377992,16.9919485905377));
#8921=CARTESIAN_POINT('Origin',(289.999999999999,-41.9603383377992,16.9919485905377));
#8922=CARTESIAN_POINT('',(289.999999999999,-59.9603383377992,16.9919485905377));
#8923=CARTESIAN_POINT('Origin',(289.999999999999,-51.9603383377992,16.9919485905377));
#8924=CARTESIAN_POINT('',(289.999999999999,-60.0000000000002,16.5956234697651));
#8925=CARTESIAN_POINT('Origin',(289.999999999999,-61.9603383377992,16.9919485905377));
#8926=CARTESIAN_POINT('',(285.223525817663,-60.0000000000002,15.1000000017676));
#8927=CARTESIAN_POINT('Ctrl Pts',(285.223525817364,-60.0000000000002,15.1000000034829));
#8928=CARTESIAN_POINT('Ctrl Pts',(285.261070240228,-60.0000000000002,15.1065729523527));
#8929=CARTESIAN_POINT('Ctrl Pts',(285.298599686017,-60.0000000000002,15.1134119069353));
#8930=CARTESIAN_POINT('Ctrl Pts',(285.77182883715,-60.0000000000002,15.2029273163524));
#8931=CARTESIAN_POINT('Ctrl Pts',(286.201944650887,-60.0000000000002,15.3204989259388));
#8932=CARTESIAN_POINT('Ctrl Pts',(287.033209144317,-60.0000000000002,15.5861494547865));
#8933=CARTESIAN_POINT('Ctrl Pts',(287.557229552538,-60.0000000000002,15.7853195957619));
#8934=CARTESIAN_POINT('Ctrl Pts',(288.303049520247,-60.0000000000002,16.0854355618333));
#8935=CARTESIAN_POINT('Ctrl Pts',(288.642971565364,-60.0000000000002,16.2289671430542));
#8936=CARTESIAN_POINT('Ctrl Pts',(289.323254016927,-60.0000000000002,16.4835395128619));
#8937=CARTESIAN_POINT('Ctrl Pts',(289.663223597378,-60.0000000000002,16.5956234697651));
#8938=CARTESIAN_POINT('Ctrl Pts',(289.999999999999,-60.0000000000002,16.5956234697651));
#8939=CARTESIAN_POINT('',(284.053249596851,-60.0000000000002,14.9919485905377));
#8940=CARTESIAN_POINT('Ctrl Pts',(284.053249596851,-60.0000000000002,14.9919485905377));
#8941=CARTESIAN_POINT('Ctrl Pts',(284.423878948227,-60.0000000000002,14.9919485905377));
#8942=CARTESIAN_POINT('Ctrl Pts',(284.824686323176,-60.0000000000002,15.0301746764923));
#8943=CARTESIAN_POINT('Ctrl Pts',(285.223525817663,-60.0000000000002,15.1000000035352));
#8944=CARTESIAN_POINT('Origin',(289.999999999999,-51.9603383377992,14.9919485905377));
#8945=CARTESIAN_POINT('Origin',(314.999999999999,-51.9603383377992,16.9996616622013));
#8946=CARTESIAN_POINT('',(289.999999999999,-43.9603383377992,16.9996616622013));
#8947=CARTESIAN_POINT('',(289.999999999999,-59.9603383377992,16.9996616622013));
#8948=CARTESIAN_POINT('Origin',(289.999999999999,-51.9603383377992,16.9996616622013));
#8949=CARTESIAN_POINT('',(314.999999999999,-43.9603383377992,41.9996616622013));
#8950=CARTESIAN_POINT('Origin',(314.999999999999,-43.9603383377992,16.9996616622013));
#8951=CARTESIAN_POINT('',(314.999999999999,-59.9603383377992,41.9996616622013));
#8952=CARTESIAN_POINT('Origin',(314.999999999999,-51.9603383377992,41.9996616622013));
#8953=CARTESIAN_POINT('Origin',(314.999999999999,-59.9603383377992,16.9996616622013));
#8954=CARTESIAN_POINT('Origin',(289.999999999999,-59.9603383377992,16.9996616622013));
#8955=CARTESIAN_POINT('',(314.999999999999,-59.9603383377992,41.9996616622013));
#8956=CARTESIAN_POINT('',(412.663129063721,-59.9603383377992,16.0498308311006));
#8957=CARTESIAN_POINT('',(371.345630354981,-59.9603383377992,28.5834393548156));
#8958=CARTESIAN_POINT('',(407.663129063721,-59.9603383377992,28.5834393548156));
#8959=CARTESIAN_POINT('',(368.499999999999,-59.9603383377992,16.9996616622012));
#8960=CARTESIAN_POINT('Origin',(393.499999999999,-59.9603383377992,16.9996616622012));
#8961=CARTESIAN_POINT('',(368.499999999999,-59.9603383377992,16.9919485905377));
#8962=CARTESIAN_POINT('',(368.499999999999,-59.9603383377992,12.9996616622013));
#8963=CARTESIAN_POINT('',(268.966991869676,-59.9603383377992,16.9919485905377));
#8964=CARTESIAN_POINT('',(289.999999999999,-59.9603383377992,12.9996616622013));
#8965=CARTESIAN_POINT('Origin',(368.499999999999,-51.9603383377992,12.9996616622012));
#8966=CARTESIAN_POINT('',(368.499999999999,-43.9603383377992,16.9919485905377));
#8967=CARTESIAN_POINT('Origin',(368.499999999999,-51.9603383377992,16.9919485905377));
#8968=CARTESIAN_POINT('',(368.499999999999,-43.9603383377992,16.9996616622012));
#8969=CARTESIAN_POINT('Origin',(368.499999999999,-51.9603383377992,16.9996616622012));
#8970=CARTESIAN_POINT('',(368.499999999999,-43.9603383377992,12.9996616622012));
#8971=CARTESIAN_POINT('Origin',(314.999999999999,-43.9603383377992,16.9996616622013));
#8972=CARTESIAN_POINT('',(314.999999999999,-43.9603383377992,41.9996616622013));
#8973=CARTESIAN_POINT('',(289.999999999999,-43.9603383377992,12.9996616622012));
#8974=CARTESIAN_POINT('',(281.466991869676,-43.9603383377992,16.9919485905377));
#8975=CARTESIAN_POINT('',(371.345630354981,-43.9603383377992,28.5834393548156));
#8976=CARTESIAN_POINT('Origin',(393.499999999999,-43.9603383377992,16.9996616622012));
#8977=CARTESIAN_POINT('',(407.663129063721,-43.9603383377992,28.5834393548156));
#8978=CARTESIAN_POINT('',(412.663129063721,-43.9603383377992,16.0498308311006));
#8979=CARTESIAN_POINT('Origin',(289.999999999999,-51.9603383377992,12.9996616622013));
#8980=CARTESIAN_POINT('Origin',(268.966991869676,-61.9603383377992,16.9919485905377));
#8981=CARTESIAN_POINT('',(368.499999999999,-60.0000000000002,16.5956234697648));
#8982=CARTESIAN_POINT('',(268.966991869676,-60.0000000000002,16.5956234697651));
#8983=CARTESIAN_POINT('Origin',(368.499999999999,-61.9603383377991,16.9919485905377));
#8984=CARTESIAN_POINT('Origin',(247.933983739352,-40.0000000000002,-27.));
#8985=CARTESIAN_POINT('',(247.933983739352,-42.0000000000002,-106.991948590538));
#8986=CARTESIAN_POINT('',(247.933983739352,-42.0000000000002,-42.));
#8987=CARTESIAN_POINT('',(247.933983739352,-60.0000000000002,14.9919485905377));
#8988=CARTESIAN_POINT('',(247.933983739352,-40.0000000000002,14.9919485905377));
#8989=CARTESIAN_POINT('',(247.933983739352,-60.0000000000002,-88.9919485905377));
#8990=CARTESIAN_POINT('',(247.933983739352,-60.0000000000002,-57.9959742952688));
#8991=CARTESIAN_POINT('',(247.933983739352,-63.4269193357691,-85.5650292547687));
#8992=CARTESIAN_POINT('Ctrl Pts',(390.771593212013,-50.0000000000002,-133.116980404788));
#8993=CARTESIAN_POINT('Ctrl Pts',(390.771593212013,-50.0000000000002,-133.702845826232));
#8994=CARTESIAN_POINT('Ctrl Pts',(390.50915210012,-50.0000000000002,-134.675623872091));
#8995=CARTESIAN_POINT('Ctrl Pts',(389.668037878533,-50.0000000000001,-135.549070314309));
#8996=CARTESIAN_POINT('Ctrl Pts',(389.070792512355,-50.0000000000002,-135.727794983453));
#8997=CARTESIAN_POINT('Ctrl Pts',(388.771593212013,-50.0000000000002,-135.727794983453));
#8998=CARTESIAN_POINT('Ctrl Pts',(391.81879076321,-50.0000000000002,-133.116980404788));
#8999=CARTESIAN_POINT('Ctrl Pts',(391.722309765851,-49.999687302942,-133.883004437048));
#9000=CARTESIAN_POINT('Ctrl Pts',(391.22842840823,-49.9998839139046,-135.073087873736));
#9001=CARTESIAN_POINT('Ctrl Pts',(390.009176215592,-49.9996822193002,-136.102109879413));
#9002=CARTESIAN_POINT('Ctrl Pts',(389.184418303115,-50.0000000000002,-136.309571400784));
#9003=CARTESIAN_POINT('Ctrl Pts',(388.771593212013,-50.0000000000002,-136.309571400784));
#9004=CARTESIAN_POINT('Ctrl Pts',(393.907412124601,-49.5203118842339,-133.116980404788));
#9005=CARTESIAN_POINT('Ctrl Pts',(393.619809586389,-49.6094455092543,-134.242518030223));
#9006=CARTESIAN_POINT('Ctrl Pts',(392.665668801267,-49.735751167745,-135.867289320938));
#9007=CARTESIAN_POINT('Ctrl Pts',(390.690870543718,-49.8342281541654,-137.207766394184));
#9008=CARTESIAN_POINT('Ctrl Pts',(389.411608889004,-49.8537841555352,-137.472757442861));
#9009=CARTESIAN_POINT('Ctrl Pts',(388.771593212013,-49.8537841555352,-137.472757442861));
#9010=CARTESIAN_POINT('Ctrl Pts',(396.853436521053,-47.1791201776228,-133.116980404788));
#9011=CARTESIAN_POINT('Ctrl Pts',(396.425587123218,-47.6760412622423,-134.748400781593));
#9012=CARTESIAN_POINT('Ctrl Pts',(394.933024391597,-48.4019765182999,-137.090953006148));
#9013=CARTESIAN_POINT('Ctrl Pts',(391.811438681369,-48.9889708986477,-139.006029500039));
#9014=CARTESIAN_POINT('Ctrl Pts',(389.78471380282,-49.1046324658424,-139.383487795579));
#9015=CARTESIAN_POINT('Ctrl Pts',(388.771593212013,-49.1046324658424,-139.383487795579));
#9016=CARTESIAN_POINT('Ctrl Pts',(397.771593212013,-44.570796326795,-133.116980404788));
#9017=CARTESIAN_POINT('Ctrl Pts',(397.542130277903,-45.4363770558676,-134.907381275824));
#9018=CARTESIAN_POINT('Ctrl Pts',(396.117152547578,-46.786614099901,-137.679367445921));
#9019=CARTESIAN_POINT('Ctrl Pts',(392.477758224856,-47.936589448757,-140.052409223216));
#9020=CARTESIAN_POINT('Ctrl Pts',(390.008536601137,-48.1680131552576,-140.529168076283));
#9021=CARTESIAN_POINT('Ctrl Pts',(388.771593212013,-48.1680131552576,-140.529168076283));
#9022=CARTESIAN_POINT('Ctrl Pts',(397.771593212013,-43.0000000000001,-133.116980404788));
#9023=CARTESIAN_POINT('Ctrl Pts',(397.771593212013,-44.009688416205,-134.906145623645));
#9024=CARTESIAN_POINT('Ctrl Pts',(396.590608208494,-45.686187298868,-137.876897235898));
#9025=CARTESIAN_POINT('Ctrl Pts',(392.805594211351,-47.1914967481079,-140.544301622213));
#9026=CARTESIAN_POINT('Ctrl Pts',(390.117990063552,-47.4995132678059,-141.090106085286));
#9027=CARTESIAN_POINT('Ctrl Pts',(388.771593212013,-47.4995132678059,-141.090106085286));
#9028=CARTESIAN_POINT('',(390.771593212013,-50.0000000000002,-133.116980404788));
#9029=CARTESIAN_POINT('',(397.771593212013,-43.0000000000002,-133.116980404788));
#9030=CARTESIAN_POINT('Origin',(390.771593212013,-43.0000000000002,-133.116980404788));
#9031=CARTESIAN_POINT('',(388.771593212013,-47.4995132678059,-141.090106085286));
#9032=CARTESIAN_POINT('Origin',(388.771593212013,-43.0000000000002,-133.116980404788));
#9033=CARTESIAN_POINT('',(388.771593212013,-50.0000000000002,-135.727794983453));
#9034=CARTESIAN_POINT('Origin',(388.771593212013,-43.0000000000002,-135.727794983453));
#9035=CARTESIAN_POINT('Origin',(388.771593212013,-50.0000000000002,-133.116980404788));
#9036=CARTESIAN_POINT('Origin',(292.893386107518,-43.0000000000002,-135.727794983453));
#9037=CARTESIAN_POINT('',(266.933983739352,-47.4995132678059,-141.090106085286));
#9038=CARTESIAN_POINT('',(292.893386107518,-47.4995132678059,-141.090106085286));
#9039=CARTESIAN_POINT('',(266.933983739352,-50.0000000000002,-135.727794983453));
#9040=CARTESIAN_POINT('Origin',(266.933983739352,-43.0000000000002,-135.727794983453));
#9041=CARTESIAN_POINT('',(292.893386107518,-50.0000000000002,-135.727794983453));
#9042=CARTESIAN_POINT('Ctrl Pts',(266.933983739352,-50.0000000000002,-135.727794983453));
#9043=CARTESIAN_POINT('Ctrl Pts',(266.48518478884,-50.0000000000002,-135.727794983453));
#9044=CARTESIAN_POINT('Ctrl Pts',(265.739985205603,-50.0000000000002,-135.385228046757));
#9045=CARTESIAN_POINT('Ctrl Pts',(265.070888824728,-50.0000000000001,-134.287218667964));
#9046=CARTESIAN_POINT('Ctrl Pts',(264.933983739352,-50.0000000000002,-133.507557352418));
#9047=CARTESIAN_POINT('Ctrl Pts',(264.933983739352,-50.0000000000002,-133.116980404788));
#9048=CARTESIAN_POINT('Ctrl Pts',(266.933983739352,-50.0000000000002,-136.309571400784));
#9049=CARTESIAN_POINT('Ctrl Pts',(266.3147461027,-50.0000000000002,-136.309571400784));
#9050=CARTESIAN_POINT('Ctrl Pts',(265.28536801871,-49.9995078970195,-135.913694493322));
#9051=CARTESIAN_POINT('Ctrl Pts',(264.255777444237,-49.9998191560824,-134.603174339107));
#9052=CARTESIAN_POINT('Ctrl Pts',(263.951106853062,-49.9997915352947,-133.627663092962));
#9053=CARTESIAN_POINT('Ctrl Pts',(263.886786188156,-50.0000000000002,-133.116980404788));
#9054=CARTESIAN_POINT('Ctrl Pts',(266.933983739352,-49.8537864265228,-137.472759008134));
#9055=CARTESIAN_POINT('Ctrl Pts',(265.973960223867,-49.8537864265228,-137.472759008134));
#9056=CARTESIAN_POINT('Ctrl Pts',(264.376920425493,-49.8172831143346,-136.970154974914));
#9057=CARTESIAN_POINT('Ctrl Pts',(262.627729303431,-49.687151912433,-135.234272854414));
#9058=CARTESIAN_POINT('Ctrl Pts',(261.98987562783,-49.5797464722949,-133.867338821745));
#9059=CARTESIAN_POINT('Ctrl Pts',(261.798140602356,-49.5203240556147,-133.116980404788));
#9060=CARTESIAN_POINT('Ctrl Pts',(266.933983739352,-49.1046363910477,-139.383490922891));
#9061=CARTESIAN_POINT('Ctrl Pts',(265.414302853142,-49.1046363910477,-139.383490922891));
#9062=CARTESIAN_POINT('Ctrl Pts',(262.882818024613,-48.8867558025916,-138.669010251274));
#9063=CARTESIAN_POINT('Ctrl Pts',(260.125364386621,-48.1202168819356,-136.180283680292));
#9064=CARTESIAN_POINT('Ctrl Pts',(259.137325169232,-47.5104184043434,-134.204593989325));
#9065=CARTESIAN_POINT('Ctrl Pts',(258.852092237342,-47.1791376812638,-133.116980404788));
#9066=CARTESIAN_POINT('Ctrl Pts',(266.933983739352,-48.1680131552576,-140.529168076283));
#9067=CARTESIAN_POINT('Ctrl Pts',(265.078568655667,-48.1680131552576,-140.529168076283));
#9068=CARTESIAN_POINT('Ctrl Pts',(261.995725300975,-47.7283228280987,-139.621425131373));
#9069=CARTESIAN_POINT('Ctrl Pts',(258.94265427364,-46.2550626910788,-136.587307860025));
#9070=CARTESIAN_POINT('Ctrl Pts',(258.08695902876,-45.1478501461767,-134.310580985479));
#9071=CARTESIAN_POINT('Ctrl Pts',(257.933983739352,-44.570796326795,-133.116980404788));
#9072=CARTESIAN_POINT('Ctrl Pts',(266.933983739352,-47.4995132678059,-141.090106085286));
#9073=CARTESIAN_POINT('Ctrl Pts',(264.914388462045,-47.4995132678059,-141.090106085286));
#9074=CARTESIAN_POINT('Ctrl Pts',(261.560990337479,-46.9091287612351,-140.043946291872));
#9075=CARTESIAN_POINT('Ctrl Pts',(258.550056623542,-45.0168045002833,-136.690752676737));
#9076=CARTESIAN_POINT('Ctrl Pts',(257.933983739352,-43.6731256108034,-134.30975721736));
#9077=CARTESIAN_POINT('Ctrl Pts',(257.933983739352,-43.0000000000001,-133.116980404788));
#9078=CARTESIAN_POINT('',(257.933983739352,-43.0000000000002,-133.116980404788));
#9079=CARTESIAN_POINT('Origin',(266.933983739352,-43.0000000000002,-133.116980404788));
#9080=CARTESIAN_POINT('',(264.933983739352,-50.0000000000002,-133.116980404788));
#9081=CARTESIAN_POINT('Origin',(264.933983739352,-43.0000000000002,-133.116980404788));
#9082=CARTESIAN_POINT('Origin',(266.933983739352,-50.0000000000002,-133.116980404788));
#9083=CARTESIAN_POINT('Origin',(266.933983739352,-49.7606657657117,-127.444108254267));
#9084=CARTESIAN_POINT('',(266.933983739352,-41.0716371709405,-146.483734547419));
#9085=CARTESIAN_POINT('Origin',(266.933983739352,-43.0000000000002,-133.116980404788));
#9086=CARTESIAN_POINT('',(266.933983739352,-55.5457542528905,-134.338508242338));
#9087=CARTESIAN_POINT('Origin',(257.933983739352,-42.3395555688104,-145.419824687403));
#9088=CARTESIAN_POINT('',(388.771593212013,-41.0716371709405,-146.483734547419));
#9089=CARTESIAN_POINT('',(361.466991869676,-41.0716371709405,-146.483734547419));
#9090=CARTESIAN_POINT('',(388.771593212013,-43.2356573402379,-144.667906021501));
#9091=CARTESIAN_POINT('Origin',(388.771593212013,-37.4505688530591,-137.77350603343));
#9092=CARTESIAN_POINT('Origin',(388.771593212013,-43.0000000000001,-133.116980404788));
#9093=CARTESIAN_POINT('Ctrl Pts',(400.771593212013,-40.0000000000002,-133.116980404788));
#9094=CARTESIAN_POINT('Ctrl Pts',(400.771593212013,-40.0000000000002,-136.632172933453));
#9095=CARTESIAN_POINT('Ctrl Pts',(399.197067377023,-40.0000000000002,-142.468908494458));
#9096=CARTESIAN_POINT('Ctrl Pts',(394.1503219008,-40.0000000000001,-147.709567747169));
#9097=CARTESIAN_POINT('Ctrl Pts',(390.566789014065,-40.0000000000002,-148.781867876775));
#9098=CARTESIAN_POINT('Ctrl Pts',(388.771593212013,-40.0000000000002,-148.781867876775));
#9099=CARTESIAN_POINT('Ctrl Pts',(399.873995310988,-40.0000000000002,-133.116980404788));
#9100=CARTESIAN_POINT('Ctrl Pts',(399.958070405667,-40.0031047108438,-136.477255887592));
#9101=CARTESIAN_POINT('Ctrl Pts',(398.581180406155,-40.0012658670649,-142.128012608701));
#9102=CARTESIAN_POINT('Ctrl Pts',(393.858816458641,-40.0025043820003,-147.235450197601));
#9103=CARTESIAN_POINT('Ctrl Pts',(390.46936799071,-40.0000000000002,-148.283202376206));
#9104=CARTESIAN_POINT('Ctrl Pts',(388.771593212013,-40.0000000000002,-148.283202376206));
#9105=CARTESIAN_POINT('Ctrl Pts',(398.320252789978,-40.7536472176357,-133.116980404788));
#9106=CARTESIAN_POINT('Ctrl Pts',(398.538803244014,-40.6065770570347,-136.210915616243));
#9107=CARTESIAN_POINT('Ctrl Pts',(397.503866501024,-40.405544353895,-141.53437747216));
#9108=CARTESIAN_POINT('Ctrl Pts',(393.345958575672,-40.2517009760577,-146.407249248869));
#9109=CARTESIAN_POINT('Ctrl Pts',(390.299170128999,-40.2224142159146,-147.411444217589));
#9110=CARTESIAN_POINT('Ctrl Pts',(388.771593212013,-40.2224142159146,-147.411444217589));
#9111=CARTESIAN_POINT('Ctrl Pts',(397.771593212013,-42.3268015742309,-133.116980404788));
#9112=CARTESIAN_POINT('Ctrl Pts',(397.869449883183,-41.9546961825267,-136.116113700879));
#9113=CARTESIAN_POINT('Ctrl Pts',(396.793384749049,-41.3766808714961,-141.181659045687));
#9114=CARTESIAN_POINT('Ctrl Pts',(392.945827640123,-40.8834220535852,-145.779591257833));
#9115=CARTESIAN_POINT('Ctrl Pts',(390.164907666749,-40.7851372191756,-146.724136551277));
#9116=CARTESIAN_POINT('Ctrl Pts',(388.771593212013,-40.7851372191756,-146.724136551277));
#9117=CARTESIAN_POINT('Ctrl Pts',(397.771593212013,-43.0000000000001,-133.116980404788));
#9118=CARTESIAN_POINT('Ctrl Pts',(397.771593212013,-42.5672763930552,-136.116473020276));
#9119=CARTESIAN_POINT('Ctrl Pts',(396.590698835771,-41.8487685889602,-141.096924324444));
#9120=CARTESIAN_POINT('Ctrl Pts',(392.805639728603,-41.2036383560895,-145.568747304441));
#9121=CARTESIAN_POINT('Ctrl Pts',(390.117990063552,-41.0716371709405,-146.483734547419));
#9122=CARTESIAN_POINT('Ctrl Pts',(388.771593212013,-41.0716371709405,-146.483734547419));
#9123=CARTESIAN_POINT('Origin',(400.771593212013,-43.0000000000002,-133.116980404788));
#9124=CARTESIAN_POINT('Origin',(388.771593212013,-43.0000000000002,-148.781867876775));
#9125=CARTESIAN_POINT('Origin',(361.466991869676,-43.0000000000002,-148.781867876775));
#9126=CARTESIAN_POINT('Origin',(266.933983739352,-43.0000000000002,-148.781867876775));
#9127=CARTESIAN_POINT('Ctrl Pts',(266.933983739352,-40.0000000000002,-148.781867876775));
#9128=CARTESIAN_POINT('Ctrl Pts',(265.138787937301,-40.0000000000002,-148.781867876775));
#9129=CARTESIAN_POINT('Ctrl Pts',(262.449432529659,-40.0000000000002,-147.975921587738));
#9130=CARTESIAN_POINT('Ctrl Pts',(258.623730154436,-40.0000000000002,-144.840095801818));
#9131=CARTESIAN_POINT('Ctrl Pts',(255.753766920273,-40.0000000000002,-140.14665324587));
#9132=CARTESIAN_POINT('Ctrl Pts',(254.933983739352,-40.0000000000002,-135.460442090565));
#9133=CARTESIAN_POINT('Ctrl Pts',(254.933983739352,-40.0000000000002,-133.116980404788));
#9134=CARTESIAN_POINT('Ctrl Pts',(266.933983739352,-40.0000000000002,-148.283202376206));
#9135=CARTESIAN_POINT('Ctrl Pts',(265.236208960656,-40.0000000000002,-148.283202376206));
#9136=CARTESIAN_POINT('Ctrl Pts',(262.692138691838,-40.0019853313869,-147.495657979739));
#9137=CARTESIAN_POINT('Ctrl Pts',(259.101002437162,-40.0020037632525,-144.438974891559));
#9138=CARTESIAN_POINT('Ctrl Pts',(256.451389651254,-40.0021169075897,-139.875603697275));
#9139=CARTESIAN_POINT('Ctrl Pts',(255.775531577259,-40.0020698072292,-135.357164059991));
#9140=CARTESIAN_POINT('Ctrl Pts',(255.831581640378,-40.0000000000002,-133.116980404788));
#9141=CARTESIAN_POINT('Ctrl Pts',(266.933983739353,-40.2224106834426,-147.411442882542));
#9142=CARTESIAN_POINT('Ctrl Pts',(265.406406822367,-40.2224106834426,-147.411442882542));
#9143=CARTESIAN_POINT('Ctrl Pts',(263.119040606814,-40.2442290528588,-146.656432342493));
#9144=CARTESIAN_POINT('Ctrl Pts',(259.937399563696,-40.3358799347089,-143.739261821395));
#9145=CARTESIAN_POINT('Ctrl Pts',(257.670928110035,-40.4823917397925,-139.40501085611));
#9146=CARTESIAN_POINT('Ctrl Pts',(257.239646430015,-40.6555704692059,-135.179603879091));
#9147=CARTESIAN_POINT('Ctrl Pts',(257.385346732706,-40.7536172429399,-133.116980404788));
#9148=CARTESIAN_POINT('Ctrl Pts',(266.933983739352,-40.7851372191755,-146.724136551277));
#9149=CARTESIAN_POINT('Ctrl Pts',(265.540669284617,-40.7851372191755,-146.724136551277));
#9150=CARTESIAN_POINT('Ctrl Pts',(263.453324006219,-40.8588036800781,-146.013983454429));
#9151=CARTESIAN_POINT('Ctrl Pts',(260.521088328471,-41.1533992001291,-143.262011246232));
#9152=CARTESIAN_POINT('Ctrl Pts',(258.380558476568,-41.6036812572835,-139.160454316927));
#9153=CARTESIAN_POINT('Ctrl Pts',(257.868745958573,-42.0787313130948,-135.116402602182));
#9154=CARTESIAN_POINT('Ctrl Pts',(257.933983739352,-42.3268015742309,-133.116980404788));
#9155=CARTESIAN_POINT('Ctrl Pts',(266.933983739352,-41.0716371709405,-146.483734547419));
#9156=CARTESIAN_POINT('Ctrl Pts',(265.587586887814,-41.0716371709405,-146.483734547419));
#9157=CARTESIAN_POINT('Ctrl Pts',(263.570570332082,-41.170849940185,-145.796025432559));
#9158=CARTESIAN_POINT('Ctrl Pts',(260.701293550665,-41.5568731334437,-143.12024417403));
#9159=CARTESIAN_POINT('Ctrl Pts',(258.548821125043,-42.1346404606205,-139.115357905929));
#9160=CARTESIAN_POINT('Ctrl Pts',(257.933983739352,-42.7115175953702,-135.116642148447));
#9161=CARTESIAN_POINT('Ctrl Pts',(257.933983739352,-43.0000000000001,-133.116980404788));
#9162=CARTESIAN_POINT('Origin',(254.933983739352,-43.0000000000002,-133.116980404788));
#9163=CARTESIAN_POINT('Origin',(247.933983739352,-45.8578643762692,-103.134084214269));
#9164=CARTESIAN_POINT('',(247.348197301726,-41.4142135623732,-107.577735028165));
#9165=CARTESIAN_POINT('',(254.933983739352,-41.4142135623732,-107.577735028165));
#9166=CARTESIAN_POINT('',(356.466991869676,-41.4142135623732,-107.577735028165));
#9167=CARTESIAN_POINT('',(259.718596629865,-53.7846128905127,-95.2073357000252));
#9168=CARTESIAN_POINT('',(247.933983739352,-60.0000000000002,-88.9919485905377));
#9169=CARTESIAN_POINT('',(400.771593212013,-41.4142135623732,-107.577735028165));
#9170=CARTESIAN_POINT('',(356.466991869676,-41.4142135623732,-107.577735028165));
#9171=CARTESIAN_POINT('',(399.967527733362,-42.1426948533718,-106.849253737166));
#9172=CARTESIAN_POINT('Ctrl Pts',(399.967527733361,-42.142694853373,-106.849253737165));
#9173=CARTESIAN_POINT('Ctrl Pts',(400.096174250899,-41.8802539602768,-107.111694630261));
#9174=CARTESIAN_POINT('Ctrl Pts',(400.403252817933,-41.5459691914342,-107.445979399104));
#9175=CARTESIAN_POINT('Ctrl Pts',(400.711258339701,-41.4129060910647,-107.579042499473));
#9176=CARTESIAN_POINT('Ctrl Pts',(400.753373388726,-41.4142135623732,-107.577735028165));
#9177=CARTESIAN_POINT('Ctrl Pts',(400.771593212013,-41.4142135623732,-107.577735028165));
#9178=CARTESIAN_POINT('',(399.771593212013,-43.0000000000002,-105.991948590538));
#9179=CARTESIAN_POINT('Ctrl Pts',(399.771593212013,-43.0000000000002,-105.991948590538));
#9180=CARTESIAN_POINT('Ctrl Pts',(399.771593212013,-42.6961528346109,-106.295795755927));
#9181=CARTESIAN_POINT('Ctrl Pts',(399.844830028905,-42.3930000754237,-106.598948515114));
#9182=CARTESIAN_POINT('Ctrl Pts',(399.967527733362,-42.1426948533718,-106.849253737166));
#9183=CARTESIAN_POINT('',(390.771593212013,-51.4142135623732,-97.5777350281646));
#9184=CARTESIAN_POINT('Ctrl Pts',(390.771593212013,-51.4142135623732,-97.5777350281646));
#9185=CARTESIAN_POINT('Ctrl Pts',(392.241922471606,-51.4142135623732,-97.5777350281646));
#9186=CARTESIAN_POINT('Ctrl Pts',(394.416948336974,-50.8965501572083,-98.0953984333296));
#9187=CARTESIAN_POINT('Ctrl Pts',(397.254939727575,-49.0965105755154,-99.8954380150224));
#9188=CARTESIAN_POINT('Ctrl Pts',(399.230280321907,-46.5886858359263,-102.403262754612));
#9189=CARTESIAN_POINT('Ctrl Pts',(399.771593212013,-44.1967972013677,-104.79515138917));
#9190=CARTESIAN_POINT('Ctrl Pts',(399.771593212013,-43.0000000000002,-105.991948590538));
#9191=CARTESIAN_POINT('',(264.933983739352,-51.4142135623732,-97.5777350281646));
#9192=CARTESIAN_POINT('',(287.893386107518,-51.4142135623732,-97.5777350281646));
#9193=CARTESIAN_POINT('',(255.933983739353,-43.0000000000002,-105.991948590538));
#9194=CARTESIAN_POINT('Ctrl Pts',(255.933983739353,-43.0000000000002,-105.991948590538));
#9195=CARTESIAN_POINT('Ctrl Pts',(255.933983739353,-44.7951958020515,-104.196752788486));
#9196=CARTESIAN_POINT('Ctrl Pts',(256.958449923734,-47.7770346303643,-101.214913960174));
#9197=CARTESIAN_POINT('Ctrl Pts',(260.564638038176,-50.7185436609997,-98.2734049295381));
#9198=CARTESIAN_POINT('Ctrl Pts',(263.46365447976,-51.4142135623732,-97.5777350281646));
#9199=CARTESIAN_POINT('Ctrl Pts',(264.933983739352,-51.4142135623732,-97.5777350281646));
#9200=CARTESIAN_POINT('',(255.738049218004,-42.1426948533718,-106.849253737166));
#9201=CARTESIAN_POINT('Ctrl Pts',(255.738049218004,-42.1426948533718,-106.849253737166));
#9202=CARTESIAN_POINT('Ctrl Pts',(255.860746922461,-42.3930000754237,-106.598948515114));
#9203=CARTESIAN_POINT('Ctrl Pts',(255.933983739352,-42.6961528346109,-106.295795755927));
#9204=CARTESIAN_POINT('Ctrl Pts',(255.933983739352,-43.0000000000002,-105.991948590538));
#9205=CARTESIAN_POINT('Ctrl Pts',(254.933983739352,-41.4142135623732,-107.577735028165));
#9206=CARTESIAN_POINT('Ctrl Pts',(254.943093650996,-41.4142135623732,-107.577735028165));
#9207=CARTESIAN_POINT('Ctrl Pts',(254.967976713136,-41.4160236449905,-107.575924945547));
#9208=CARTESIAN_POINT('Ctrl Pts',(255.103335365176,-41.4453715395735,-107.546577050964));
#9209=CARTESIAN_POINT('Ctrl Pts',(255.434346561908,-41.668869814272,-107.323078776266));
#9210=CARTESIAN_POINT('Ctrl Pts',(255.65228487298,-41.9677342579755,-107.024214332562));
#9211=CARTESIAN_POINT('Ctrl Pts',(255.738049218005,-42.142694853373,-106.849253737165));
#9212=CARTESIAN_POINT('Origin',(327.798556401537,-60.0000000000002,8.99597429526885));
#9213=CARTESIAN_POINT('',(327.749174037528,-60.0000000000002,14.9919485905377));
#9214=CARTESIAN_POINT('',(373.276474182334,-60.0000000000002,15.1000000017676));
#9215=CARTESIAN_POINT('Ctrl Pts',(368.499999999999,-60.0000000000002,16.5956234697649));
#9216=CARTESIAN_POINT('Ctrl Pts',(368.836776402619,-60.0000000000002,16.5956234697649));
#9217=CARTESIAN_POINT('Ctrl Pts',(369.17674598307,-60.0000000000002,16.4835395128618));
#9218=CARTESIAN_POINT('Ctrl Pts',(369.857028434634,-60.0000000000002,16.2289671430541));
#9219=CARTESIAN_POINT('Ctrl Pts',(370.19695047975,-60.0000000000002,16.0854355618332));
#9220=CARTESIAN_POINT('Ctrl Pts',(370.942770447459,-60.0000000000002,15.7853195957618));
#9221=CARTESIAN_POINT('Ctrl Pts',(371.466790855681,-60.0000000000002,15.5861494547865));
#9222=CARTESIAN_POINT('Ctrl Pts',(372.29805534911,-60.0000000000002,15.3204989259388));
#9223=CARTESIAN_POINT('Ctrl Pts',(372.728171162847,-60.0000000000002,15.2029273163524));
#9224=CARTESIAN_POINT('Ctrl Pts',(373.20140031398,-60.0000000000002,15.1134119069353));
#9225=CARTESIAN_POINT('Ctrl Pts',(373.238929759769,-60.0000000000002,15.1065729523527));
#9226=CARTESIAN_POINT('Ctrl Pts',(373.276474182633,-60.0000000000002,15.1000000034829));
#9227=CARTESIAN_POINT('',(374.446750403146,-60.0000000000002,14.9919485905377));
#9228=CARTESIAN_POINT('Ctrl Pts',(373.276474182334,-60.0000000000002,15.1000000035352));
#9229=CARTESIAN_POINT('Ctrl Pts',(373.675313676822,-60.0000000000002,15.0301746764923));
#9230=CARTESIAN_POINT('Ctrl Pts',(374.07612105177,-60.0000000000002,14.9919485905377));
#9231=CARTESIAN_POINT('Ctrl Pts',(374.446750403146,-60.0000000000002,14.9919485905377));
#9232=CARTESIAN_POINT('',(247.933983739352,-60.0000000000002,14.9919485905377));
#9233=CARTESIAN_POINT('',(381.699999999999,-60.0000000000002,-48.0003383377984));
#9234=CARTESIAN_POINT('Origin',(383.499999999999,-60.0000000000002,-48.0003383377984));
#9235=CARTESIAN_POINT('',(273.199999999999,-60.0000000000002,-48.0003383377984));
#9236=CARTESIAN_POINT('Origin',(274.999999999999,-60.0000000000002,-48.0003383377984));
#9237=CARTESIAN_POINT('',(351.699999999999,-60.0000000000002,-48.0003383377984));
#9238=CARTESIAN_POINT('Origin',(353.499999999999,-60.0000000000002,-48.0003383377984));
#9239=CARTESIAN_POINT('',(303.199999999999,-60.0000000000002,-48.0003383377984));
#9240=CARTESIAN_POINT('Origin',(304.999999999999,-60.0000000000002,-48.0003383377984));
#9241=CARTESIAN_POINT('Origin',(247.933983739352,-40.0000000000002,14.9919485905377));
#9242=CARTESIAN_POINT('Ctrl Pts',(393.771849822715,-46.01547183055,110.919145261981));
#9243=CARTESIAN_POINT('Ctrl Pts',(410.389829710931,-46.01547183055,110.919145261981));
#9244=CARTESIAN_POINT('Ctrl Pts',(424.781422453705,-46.01547183055,102.610155317873));
#9245=CARTESIAN_POINT('Ctrl Pts',(393.771849822715,-44.0190408603065,110.230925360942));
#9246=CARTESIAN_POINT('Ctrl Pts',(410.205421744233,-44.0190408603065,110.230925360942));
#9247=CARTESIAN_POINT('Ctrl Pts',(424.437312503186,-44.0190408603065,102.014139400183));
#9248=CARTESIAN_POINT('Ctrl Pts',(393.771849822715,-42.0137190334241,109.568351392803));
#9249=CARTESIAN_POINT('Ctrl Pts',(410.027885584544,-42.0137190334241,109.568351392803));
#9250=CARTESIAN_POINT('Ctrl Pts',(424.106025519116,-42.0137190334241,101.440333511888));
#9251=CARTESIAN_POINT('Ctrl Pts',(393.771849822715,-40.0000000000002,108.931597392638));
#9252=CARTESIAN_POINT('Ctrl Pts',(409.857267864422,-40.0000000000002,108.931597392638));
#9253=CARTESIAN_POINT('Ctrl Pts',(423.787648519034,-40.0000000000002,100.888888371784));
#9254=CARTESIAN_POINT('',(393.771849822715,-46.01547183055,110.919145261981));
#9255=CARTESIAN_POINT('',(407.564364335703,-46.01547183055,109.366031145062));
#9256=CARTESIAN_POINT('Origin',(393.771849822715,-46.0154718305503,48.8999999999995));
#9257=CARTESIAN_POINT('Ctrl Pts',(407.564364335703,-40.0000000000002,107.325672686934));
#9258=CARTESIAN_POINT('Ctrl Pts',(407.564364335703,-41.0070855906918,107.652874248358));
#9259=CARTESIAN_POINT('Ctrl Pts',(407.564364335703,-42.0120600143383,107.986562565465));
#9260=CARTESIAN_POINT('Ctrl Pts',(407.564364335703,-44.0172705530842,108.666713554171));
#9261=CARTESIAN_POINT('Ctrl Pts',(407.564364335703,-45.0175020170545,109.013169343937));
#9262=CARTESIAN_POINT('Ctrl Pts',(407.564364335703,-46.01547183055,109.366031145062));
#9263=CARTESIAN_POINT('Ctrl Pts',(393.771849822715,-40.0000000000002,108.931597392638));
#9264=CARTESIAN_POINT('Ctrl Pts',(393.771849822715,-42.0137190334241,109.568351392803));
#9265=CARTESIAN_POINT('Ctrl Pts',(393.771849822715,-44.0190408603065,110.230925360942));
#9266=CARTESIAN_POINT('Ctrl Pts',(393.771849822715,-46.01547183055,110.919145261981));
#9267=CARTESIAN_POINT('Ctrl Pts',(393.771849822715,-65.7186085968896,108.441884257517));
#9268=CARTESIAN_POINT('Ctrl Pts',(409.726049625344,-65.7186085968896,108.441884257517));
#9269=CARTESIAN_POINT('Ctrl Pts',(423.542791951473,-65.7186085968896,100.464784356203));
#9270=CARTESIAN_POINT('Ctrl Pts',(393.771849822715,-63.2713117661686,110.052679978707));
#9271=CARTESIAN_POINT('Ctrl Pts',(410.157661038008,-63.2713117661686,110.052679978707));
#9272=CARTESIAN_POINT('Ctrl Pts',(424.348189812068,-63.2713117661686,101.85977437106));
#9273=CARTESIAN_POINT('Ctrl Pts',(393.771849822715,-60.5327882039101,111.170064124022));
#9274=CARTESIAN_POINT('Ctrl Pts',(410.457063217381,-60.5327882039101,111.170064124022));
#9275=CARTESIAN_POINT('Ctrl Pts',(424.906881884726,-60.5327882039101,102.827457426689));
#9276=CARTESIAN_POINT('Ctrl Pts',(393.771849822715,-55.7233441444943,112.108465999923));
#9277=CARTESIAN_POINT('Ctrl Pts',(410.708507242204,-55.7233441444943,112.108465999923));
#9278=CARTESIAN_POINT('Ctrl Pts',(425.376082822676,-55.7233441444943,103.640137290179));
#9279=CARTESIAN_POINT('Ctrl Pts',(393.771849822715,-53.7482948027303,112.230143699975));
#9280=CARTESIAN_POINT('Ctrl Pts',(410.74111068367,-53.7482948027303,112.230143699975));
#9281=CARTESIAN_POINT('Ctrl Pts',(425.436921672702,-53.7482948027303,103.745513269497));
#9282=CARTESIAN_POINT('Ctrl Pts',(393.771849822715,-49.8172368850153,111.955956462022));
#9283=CARTESIAN_POINT('Ctrl Pts',(410.667642434686,-49.8172368850153,111.955956462022));
#9284=CARTESIAN_POINT('Ctrl Pts',(425.299828053726,-49.8172368850153,103.508060156037));
#9285=CARTESIAN_POINT('Ctrl Pts',(393.771849822715,-47.8782030281868,111.561275493181));
#9286=CARTESIAN_POINT('Ctrl Pts',(410.561887987817,-47.8782030281868,111.561275493181));
#9287=CARTESIAN_POINT('Ctrl Pts',(425.102487569305,-47.8782030281868,103.16625641063));
#9288=CARTESIAN_POINT('Ctrl Pts',(393.771849822715,-46.01547183055,110.919145261981));
#9289=CARTESIAN_POINT('Ctrl Pts',(410.389829710931,-46.01547183055,110.919145261981));
#9290=CARTESIAN_POINT('Ctrl Pts',(424.781422453705,-46.01547183055,102.610155317873));
#9291=CARTESIAN_POINT('',(393.771849822715,-65.7186085968896,108.441884257517));
#9292=CARTESIAN_POINT('',(407.564364335703,-65.7186085968896,106.822383621054));
#9293=CARTESIAN_POINT('Origin',(393.771849822715,-65.7186085968898,48.8999999999997));
#9294=CARTESIAN_POINT('Ctrl Pts',(407.564364335703,-46.01547183055,109.366031145062));
#9295=CARTESIAN_POINT('Ctrl Pts',(407.564364335703,-47.8989316084234,110.031984163461));
#9296=CARTESIAN_POINT('Ctrl Pts',(407.564364335703,-49.863214286546,110.438902203241));
#9297=CARTESIAN_POINT('Ctrl Pts',(407.564364335703,-53.8474780061325,110.710245593746));
#9298=CARTESIAN_POINT('Ctrl Pts',(407.564364335703,-55.8471037869235,110.573743460395));
#9299=CARTESIAN_POINT('Ctrl Pts',(407.564364335703,-60.6347229417183,109.582843737849));
#9300=CARTESIAN_POINT('Ctrl Pts',(407.564364335703,-63.3215634660147,108.444216792943));
#9301=CARTESIAN_POINT('Ctrl Pts',(407.564364335703,-65.7186085968896,106.822383621054));
#9302=CARTESIAN_POINT('Ctrl Pts',(393.771849822715,-46.01547183055,110.919145261981));
#9303=CARTESIAN_POINT('Ctrl Pts',(393.771849822715,-47.8782030281868,111.561275493181));
#9304=CARTESIAN_POINT('Ctrl Pts',(393.771849822715,-49.8172368850153,111.955956462022));
#9305=CARTESIAN_POINT('Ctrl Pts',(393.771849822715,-51.7827658438728,112.093050080999));
#9306=CARTESIAN_POINT('Ctrl Pts',(393.771849822715,-53.7482948027303,112.230143699975));
#9307=CARTESIAN_POINT('Ctrl Pts',(393.771849822715,-55.7233441444943,112.108465999923));
#9308=CARTESIAN_POINT('Ctrl Pts',(393.771849822715,-57.6571811897729,111.731142490479));
#9309=CARTESIAN_POINT('Ctrl Pts',(393.771849822715,-60.5327882039101,111.170064124022));
#9310=CARTESIAN_POINT('Ctrl Pts',(393.771849822715,-63.2713117661686,110.052679978707));
#9311=CARTESIAN_POINT('Ctrl Pts',(393.771849822715,-65.7186085968896,108.441884257517));
#9312=CARTESIAN_POINT('Origin',(407.564364335703,-40.0000000000002,-122.9));
#9313=CARTESIAN_POINT('',(407.564364335703,-70.0000000000001,-132.9));
#9314=CARTESIAN_POINT('',(407.564364335703,-47.5000000000002,-132.9));
#9315=CARTESIAN_POINT('',(407.564364335703,-70.0000000000002,-177.921516110214));
#9316=CARTESIAN_POINT('',(407.564364335703,-70.0000000000002,-74.95));
#9317=CARTESIAN_POINT('',(407.564364335703,-65.7186085968896,-180.822383621054));
#9318=CARTESIAN_POINT('Ctrl Pts',(407.564364335703,-65.7186085968896,-180.822383621054));
#9319=CARTESIAN_POINT('Ctrl Pts',(407.564364335703,-66.4326075842691,-180.339294159153));
#9320=CARTESIAN_POINT('Ctrl Pts',(407.564364335703,-67.146794429011,-179.855753297463));
#9321=CARTESIAN_POINT('Ctrl Pts',(407.564364335703,-68.5737029506289,-178.888965031311));
#9322=CARTESIAN_POINT('Ctrl Pts',(407.564364335703,-69.2871146488214,-178.405250574463));
#9323=CARTESIAN_POINT('Ctrl Pts',(407.564364335703,-70.0000000000001,-177.921516110214));
#9324=CARTESIAN_POINT('',(407.564364335703,-46.01547183055,-183.366031145062));
#9325=CARTESIAN_POINT('Ctrl Pts',(407.564364335703,-46.01547183055,-183.366031145062));
#9326=CARTESIAN_POINT('Ctrl Pts',(407.564364335703,-47.8989316084234,-184.031984163461));
#9327=CARTESIAN_POINT('Ctrl Pts',(407.564364335703,-49.863214286546,-184.438902203241));
#9328=CARTESIAN_POINT('Ctrl Pts',(407.564364335703,-53.8474780061325,-184.710245593746));
#9329=CARTESIAN_POINT('Ctrl Pts',(407.564364335703,-55.8471037869235,-184.573743460395));
#9330=CARTESIAN_POINT('Ctrl Pts',(407.564364335703,-60.6347229417183,-183.582843737849));
#9331=CARTESIAN_POINT('Ctrl Pts',(407.564364335703,-63.3215634660147,-182.444216792943));
#9332=CARTESIAN_POINT('Ctrl Pts',(407.564364335703,-65.7186085968896,-180.822383621054));
#9333=CARTESIAN_POINT('Ctrl Pts',(407.564364335703,-40.0000000000002,-181.325672686934));
#9334=CARTESIAN_POINT('Ctrl Pts',(407.564364335703,-41.0070855906918,-181.652874248358));
#9335=CARTESIAN_POINT('Ctrl Pts',(407.564364335703,-42.0120600143383,-181.986562565465));
#9336=CARTESIAN_POINT('Ctrl Pts',(407.564364335703,-44.0172705530842,-182.666713554171));
#9337=CARTESIAN_POINT('Ctrl Pts',(407.564364335703,-45.0175020170545,-183.013169343937));
#9338=CARTESIAN_POINT('Ctrl Pts',(407.564364335703,-46.01547183055,-183.366031145062));
#9339=CARTESIAN_POINT('',(407.564364335703,-57.8000000000001,-175.931597392638));
#9340=CARTESIAN_POINT('Origin',(407.564364335703,-55.0000000000001,-175.931597392638));
#9341=CARTESIAN_POINT('Origin',(407.314364335703,-55.0000000000001,-175.931597392638));
#9342=CARTESIAN_POINT('',(407.064364335703,-57.3000000000001,-175.931597392638));
#9343=CARTESIAN_POINT('',(407.314364335703,-57.5500000000002,-175.931597392638));
#9344=CARTESIAN_POINT('Origin',(407.064364335703,-55.0000000000001,-175.931597392638));
#9345=CARTESIAN_POINT('Origin',(420.,-55.0000000000001,-175.931597392638));
#9346=CARTESIAN_POINT('',(420.,-57.3000000000001,-175.931597392638));
#9347=CARTESIAN_POINT('Ctrl Pts',(393.771849822715,-46.01547183055,-184.919145261981));
#9348=CARTESIAN_POINT('Ctrl Pts',(410.389829710931,-46.01547183055,-184.919145261981));
#9349=CARTESIAN_POINT('Ctrl Pts',(424.781422453705,-46.01547183055,-176.610155317873));
#9350=CARTESIAN_POINT('Ctrl Pts',(393.771849822715,-44.0190408603065,-184.230925360942));
#9351=CARTESIAN_POINT('Ctrl Pts',(410.205421744233,-44.0190408603065,-184.230925360942));
#9352=CARTESIAN_POINT('Ctrl Pts',(424.437312503186,-44.0190408603065,-176.014139400183));
#9353=CARTESIAN_POINT('Ctrl Pts',(393.771849822715,-42.0137190334241,-183.568351392803));
#9354=CARTESIAN_POINT('Ctrl Pts',(410.027885584544,-42.0137190334241,-183.568351392803));
#9355=CARTESIAN_POINT('Ctrl Pts',(424.106025519116,-42.0137190334241,-175.440333511888));
#9356=CARTESIAN_POINT('Ctrl Pts',(393.771849822715,-40.0000000000002,-182.931597392638));
#9357=CARTESIAN_POINT('Ctrl Pts',(409.857267864422,-40.0000000000002,-182.931597392638));
#9358=CARTESIAN_POINT('Ctrl Pts',(423.787648519034,-40.0000000000002,-174.888888371784));
#9359=CARTESIAN_POINT('',(393.771849822715,-46.01547183055,-184.919145261981));
#9360=CARTESIAN_POINT('Origin',(393.771849822715,-46.0154718305503,-122.899999999999));
#9361=CARTESIAN_POINT('Ctrl Pts',(393.771849822715,-40.0000000000002,-182.931597392638));
#9362=CARTESIAN_POINT('Ctrl Pts',(393.771849822715,-42.0137190334241,-183.568351392803));
#9363=CARTESIAN_POINT('Ctrl Pts',(393.771849822715,-44.0190408603065,-184.230925360942));
#9364=CARTESIAN_POINT('Ctrl Pts',(393.771849822715,-46.01547183055,-184.919145261981));
#9365=CARTESIAN_POINT('Ctrl Pts',(393.771849822715,-65.7186085968896,-182.441884257517));
#9366=CARTESIAN_POINT('Ctrl Pts',(409.726049625344,-65.7186085968896,-182.441884257517));
#9367=CARTESIAN_POINT('Ctrl Pts',(423.542791951473,-65.7186085968896,-174.464784356203));
#9368=CARTESIAN_POINT('Ctrl Pts',(393.771849822715,-63.2713117661686,-184.052679978707));
#9369=CARTESIAN_POINT('Ctrl Pts',(410.157661038008,-63.2713117661686,-184.052679978707));
#9370=CARTESIAN_POINT('Ctrl Pts',(424.348189812068,-63.2713117661686,-175.85977437106));
#9371=CARTESIAN_POINT('Ctrl Pts',(393.771849822715,-60.5327882039101,-185.170064124022));
#9372=CARTESIAN_POINT('Ctrl Pts',(410.457063217381,-60.5327882039101,-185.170064124022));
#9373=CARTESIAN_POINT('Ctrl Pts',(424.906881884726,-60.5327882039101,-176.827457426689));
#9374=CARTESIAN_POINT('Ctrl Pts',(393.771849822715,-55.7233441444943,-186.108465999923));
#9375=CARTESIAN_POINT('Ctrl Pts',(410.708507242204,-55.7233441444943,-186.108465999923));
#9376=CARTESIAN_POINT('Ctrl Pts',(425.376082822676,-55.7233441444943,-177.640137290179));
#9377=CARTESIAN_POINT('Ctrl Pts',(393.771849822715,-53.7482948027303,-186.230143699975));
#9378=CARTESIAN_POINT('Ctrl Pts',(410.74111068367,-53.7482948027303,-186.230143699975));
#9379=CARTESIAN_POINT('Ctrl Pts',(425.436921672702,-53.7482948027303,-177.745513269497));
#9380=CARTESIAN_POINT('Ctrl Pts',(393.771849822715,-49.8172368850153,-185.955956462022));
#9381=CARTESIAN_POINT('Ctrl Pts',(410.667642434686,-49.8172368850153,-185.955956462022));
#9382=CARTESIAN_POINT('Ctrl Pts',(425.299828053726,-49.8172368850153,-177.508060156037));
#9383=CARTESIAN_POINT('Ctrl Pts',(393.771849822715,-47.8782030281868,-185.561275493181));
#9384=CARTESIAN_POINT('Ctrl Pts',(410.561887987817,-47.8782030281868,-185.561275493181));
#9385=CARTESIAN_POINT('Ctrl Pts',(425.102487569305,-47.8782030281868,-177.16625641063));
#9386=CARTESIAN_POINT('Ctrl Pts',(393.771849822715,-46.01547183055,-184.919145261981));
#9387=CARTESIAN_POINT('Ctrl Pts',(410.389829710931,-46.01547183055,-184.919145261981));
#9388=CARTESIAN_POINT('Ctrl Pts',(424.781422453705,-46.01547183055,-176.610155317873));
#9389=CARTESIAN_POINT('',(393.771849822715,-65.7186085968896,-182.441884257517));
#9390=CARTESIAN_POINT('Origin',(393.771849822715,-65.7186085968898,-122.9));
#9391=CARTESIAN_POINT('Ctrl Pts',(393.771849822715,-46.01547183055,-184.919145261981));
#9392=CARTESIAN_POINT('Ctrl Pts',(393.771849822715,-47.8782030281868,-185.561275493181));
#9393=CARTESIAN_POINT('Ctrl Pts',(393.771849822715,-49.8172368850153,-185.955956462022));
#9394=CARTESIAN_POINT('Ctrl Pts',(393.771849822715,-51.7827658438728,-186.093050080999));
#9395=CARTESIAN_POINT('Ctrl Pts',(393.771849822715,-53.7482948027303,-186.230143699975));
#9396=CARTESIAN_POINT('Ctrl Pts',(393.771849822715,-55.7233441444943,-186.108465999923));
#9397=CARTESIAN_POINT('Ctrl Pts',(393.771849822715,-57.6571811897729,-185.731142490479));
#9398=CARTESIAN_POINT('Ctrl Pts',(393.771849822715,-60.5327882039101,-185.170064124022));
#9399=CARTESIAN_POINT('Ctrl Pts',(393.771849822715,-63.2713117661686,-184.052679978707));
#9400=CARTESIAN_POINT('Ctrl Pts',(393.771849822715,-65.7186085968896,-182.441884257517));
#9401=CARTESIAN_POINT('Ctrl Pts',(393.771849822715,-70.0000000000002,-179.623898769897));
#9402=CARTESIAN_POINT('Ctrl Pts',(408.970972689653,-70.0000000000002,-179.623898769897));
#9403=CARTESIAN_POINT('Ctrl Pts',(422.133799207663,-70.0000000000002,-172.024337336428));
#9404=CARTESIAN_POINT('Ctrl Pts',(393.771849822715,-68.5728695322966,-180.56322726577));
#9405=CARTESIAN_POINT('Ctrl Pts',(409.22266500155,-68.5728695322966,-180.56322726577));
#9406=CARTESIAN_POINT('Ctrl Pts',(422.6034634556,-68.5728695322966,-172.837819676352));
#9407=CARTESIAN_POINT('Ctrl Pts',(393.771849822715,-67.1457390645931,-181.502555761644));
#9408=CARTESIAN_POINT('Ctrl Pts',(409.474357313447,-67.1457390645931,-181.502555761644));
#9409=CARTESIAN_POINT('Ctrl Pts',(423.073127703537,-67.1457390645931,-173.651302016277));
#9410=CARTESIAN_POINT('Ctrl Pts',(393.771849822715,-65.7186085968895,-182.441884257517));
#9411=CARTESIAN_POINT('Ctrl Pts',(409.726049625344,-65.7186085968895,-182.441884257517));
#9412=CARTESIAN_POINT('Ctrl Pts',(423.542791951473,-65.7186085968896,-174.464784356203));
#9413=CARTESIAN_POINT('',(393.771849822715,-70.0000000000002,-179.623898769897));
#9414=CARTESIAN_POINT('Origin',(393.771849822715,-70.0000000000004,-122.9));
#9415=CARTESIAN_POINT('Ctrl Pts',(393.771849822715,-65.7186085968895,-182.441884257517));
#9416=CARTESIAN_POINT('Ctrl Pts',(393.771849822715,-67.1457390645931,-181.502555761644));
#9417=CARTESIAN_POINT('Ctrl Pts',(393.771849822715,-68.5728695322966,-180.56322726577));
#9418=CARTESIAN_POINT('Ctrl Pts',(393.771849822715,-70.0000000000002,-179.623898769897));
#9419=CARTESIAN_POINT('Ctrl Pts',(393.771849822715,-70.0000000000002,105.623898769897));
#9420=CARTESIAN_POINT('Ctrl Pts',(408.970972689653,-70.0000000000002,105.623898769897));
#9421=CARTESIAN_POINT('Ctrl Pts',(422.133799207663,-70.0000000000002,98.0243373364275));
#9422=CARTESIAN_POINT('Ctrl Pts',(393.771849822715,-68.5728695322966,106.56322726577));
#9423=CARTESIAN_POINT('Ctrl Pts',(409.22266500155,-68.5728695322966,106.56322726577));
#9424=CARTESIAN_POINT('Ctrl Pts',(422.6034634556,-68.5728695322966,98.8378196763525));
#9425=CARTESIAN_POINT('Ctrl Pts',(393.771849822715,-67.1457390645931,107.502555761644));
#9426=CARTESIAN_POINT('Ctrl Pts',(409.474357313447,-67.1457390645931,107.502555761644));
#9427=CARTESIAN_POINT('Ctrl Pts',(423.073127703537,-67.1457390645931,99.6513020162775));
#9428=CARTESIAN_POINT('Ctrl Pts',(393.771849822715,-65.7186085968895,108.441884257517));
#9429=CARTESIAN_POINT('Ctrl Pts',(409.726049625344,-65.7186085968895,108.441884257517));
#9430=CARTESIAN_POINT('Ctrl Pts',(423.542791951473,-65.7186085968896,100.464784356203));
#9431=CARTESIAN_POINT('',(393.771849822715,-70.0000000000002,105.623898769897));
#9432=CARTESIAN_POINT('',(407.564364335703,-70.0000000000002,103.921516110214));
#9433=CARTESIAN_POINT('Origin',(393.771849822715,-70.0000000000004,48.8999999999998));
#9434=CARTESIAN_POINT('Ctrl Pts',(407.564364335703,-65.7186085968895,106.822383621054));
#9435=CARTESIAN_POINT('Ctrl Pts',(407.564364335703,-66.4326075842691,106.339294159153));
#9436=CARTESIAN_POINT('Ctrl Pts',(407.564364335703,-67.146794429011,105.855753297463));
#9437=CARTESIAN_POINT('Ctrl Pts',(407.564364335703,-68.5737029506289,104.888965031311));
#9438=CARTESIAN_POINT('Ctrl Pts',(407.564364335703,-69.2871146488215,104.405250574463));
#9439=CARTESIAN_POINT('Ctrl Pts',(407.564364335703,-70.0000000000002,103.921516110214));
#9440=CARTESIAN_POINT('Ctrl Pts',(393.771849822715,-65.7186085968895,108.441884257517));
#9441=CARTESIAN_POINT('Ctrl Pts',(393.771849822715,-67.1457390645931,107.502555761644));
#9442=CARTESIAN_POINT('Ctrl Pts',(393.771849822715,-68.5728695322966,106.56322726577));
#9443=CARTESIAN_POINT('Ctrl Pts',(393.771849822715,-70.0000000000002,105.623898769897));
#9444=CARTESIAN_POINT('Origin',(420.,-55.0000000000001,101.931597392638));
#9445=CARTESIAN_POINT('',(407.064364335703,-57.3000000000001,101.931597392638));
#9446=CARTESIAN_POINT('Origin',(407.064364335703,-55.0000000000001,101.931597392638));
#9447=CARTESIAN_POINT('',(420.,-57.3000000000001,101.931597392638));
#9448=CARTESIAN_POINT('Origin',(407.314364335703,-55.0000000000001,101.931597392638));
#9449=CARTESIAN_POINT('',(407.564364335703,-57.8000000000001,101.931597392638));
#9450=CARTESIAN_POINT('Origin',(407.564364335703,-55.0000000000001,101.931597392638));
#9451=CARTESIAN_POINT('',(407.314364335703,-57.5500000000002,101.931597392638));
#9452=CARTESIAN_POINT('Origin',(407.564364335703,-40.0000000000002,-122.9));
#9453=CARTESIAN_POINT('',(407.564364335703,-70.0000000000001,58.9));
#9454=CARTESIAN_POINT('',(407.564364335703,-47.5000000000002,58.9));
#9455=CARTESIAN_POINT('',(407.564364335703,-70.0000000000002,-84.95));
#9456=CARTESIAN_POINT('Ctrl Pts',(241.518007021641,15.6074551968443,-2.9335834715712));
#9457=CARTESIAN_POINT('Ctrl Pts',(242.273737054059,15.5413414587927,-4.07120108816244));
#9458=CARTESIAN_POINT('Ctrl Pts',(243.684622702327,15.4179127007973,-6.40863583105903));
#9459=CARTESIAN_POINT('Ctrl Pts',(245.151032365296,15.2896267465805,-9.39263329491524));
#9460=CARTESIAN_POINT('Ctrl Pts',(246.119920728743,15.2048655379916,-11.7034406540146));
#9461=CARTESIAN_POINT('Ctrl Pts',(247.025263476069,15.1256635326507,-14.1218609214583));
#9462=CARTESIAN_POINT('Ctrl Pts',(248.0076900124,15.0397180858419,-17.3438964967264));
#9463=CARTESIAN_POINT('Ctrl Pts',(249.153432679298,14.9394853672018,-22.7136601748876));
#9464=CARTESIAN_POINT('Ctrl Pts',(249.467352654508,14.9120228130729,-26.7737099637712));
#9465=CARTESIAN_POINT('Ctrl Pts',(249.467352654508,14.9120228130729,-29.2818427922697));
#9466=CARTESIAN_POINT('Ctrl Pts',(241.366308646737,15.8214501388347,-3.04675931978542));
#9467=CARTESIAN_POINT('Ctrl Pts',(242.1187381659,15.7556238007864,-4.17952793565111));
#9468=CARTESIAN_POINT('Ctrl Pts',(243.523456350027,15.6327320453995,-6.5069822079985));
#9469=CARTESIAN_POINT('Ctrl Pts',(244.983446482539,15.5050049715302,-9.4782015573577));
#9470=CARTESIAN_POINT('Ctrl Pts',(245.948089971353,15.4206132948715,-11.779097538513));
#9471=CARTESIAN_POINT('Ctrl Pts',(246.849464251032,15.3417567449095,-14.1871351653215));
#9472=CARTESIAN_POINT('Ctrl Pts',(247.827581246473,15.2561864214511,-17.3953200531591));
#9473=CARTESIAN_POINT('Ctrl Pts',(248.968294135824,15.1563914926493,-22.7419693739216));
#9474=CARTESIAN_POINT('Ctrl Pts',(249.280834702587,15.1290489928031,-26.7845199758812));
#9475=CARTESIAN_POINT('Ctrl Pts',(249.280834702587,15.1290489928031,-29.2818427922697));
#9476=CARTESIAN_POINT('Ctrl Pts',(241.214610271833,16.0354450808251,-3.15993516799965));
#9477=CARTESIAN_POINT('Ctrl Pts',(241.963739277741,15.96990614278,-4.28785478313978));
#9478=CARTESIAN_POINT('Ctrl Pts',(243.362289997726,15.8475513900018,-6.60532858493796));
#9479=CARTESIAN_POINT('Ctrl Pts',(244.815860599783,15.7203831964798,-9.56376981980016));
#9480=CARTESIAN_POINT('Ctrl Pts',(245.776259213964,15.6363610517514,-11.8547544230114));
#9481=CARTESIAN_POINT('Ctrl Pts',(246.673665025995,15.5578499571682,-14.2524094091847));
#9482=CARTESIAN_POINT('Ctrl Pts',(247.647472480547,15.4726547570603,-17.4467436095918));
#9483=CARTESIAN_POINT('Ctrl Pts',(248.78315559235,15.3732976180967,-22.7702785729556));
#9484=CARTESIAN_POINT('Ctrl Pts',(249.094316750666,15.3460751725333,-26.7953299879913));
#9485=CARTESIAN_POINT('Ctrl Pts',(249.094316750666,15.3460751725333,-29.2818427922697));
#9486=CARTESIAN_POINT('Ctrl Pts',(241.062911896929,16.2494400228154,-3.27311101621388));
#9487=CARTESIAN_POINT('Ctrl Pts',(241.808740389582,16.1841884847737,-4.39618163062845));
#9488=CARTESIAN_POINT('Ctrl Pts',(243.201123645426,16.062370734604,-6.70367496187742));
#9489=CARTESIAN_POINT('Ctrl Pts',(244.648274717027,15.9357614214295,-9.64933808224262));
#9490=CARTESIAN_POINT('Ctrl Pts',(245.604428456574,15.8521088086312,-11.9304113075098));
#9491=CARTESIAN_POINT('Ctrl Pts',(246.497865800958,15.7739431694269,-14.3176836530478));
#9492=CARTESIAN_POINT('Ctrl Pts',(247.46736371462,15.6891230926695,-17.4981671660246));
#9493=CARTESIAN_POINT('Ctrl Pts',(248.598017048877,15.5902037435442,-22.7985877719896));
#9494=CARTESIAN_POINT('Ctrl Pts',(248.907798798745,15.5631013522635,-26.8061400001013));
#9495=CARTESIAN_POINT('Ctrl Pts',(248.907798798745,15.5631013522635,-29.2818427922697));
#9496=CARTESIAN_POINT('',(241.518007021641,15.6074551968443,-2.93358347157123));
#9497=CARTESIAN_POINT('',(241.518007021641,15.6074551968443,-2.93358347157123));
#9498=CARTESIAN_POINT('',(247.933983739352,15.0461661290922,-17.2893104010091));
#9499=CARTESIAN_POINT('Ctrl Pts',(247.93336974403,15.0462198426284,-17.289471317337));
#9500=CARTESIAN_POINT('Ctrl Pts',(247.598518688401,15.0755135483738,-16.0020271238923));
#9501=CARTESIAN_POINT('Ctrl Pts',(247.015942221725,15.1264789829744,-14.0969612793163));
#9502=CARTESIAN_POINT('Ctrl Pts',(246.119920728743,15.2048655379916,-11.7034406540146));
#9503=CARTESIAN_POINT('Ctrl Pts',(245.151032365296,15.2896267465805,-9.39263329491524));
#9504=CARTESIAN_POINT('Ctrl Pts',(243.684622702327,15.4179127007973,-6.40863583105903));
#9505=CARTESIAN_POINT('Ctrl Pts',(242.273737054059,15.5413414587927,-4.07120108816244));
#9506=CARTESIAN_POINT('Ctrl Pts',(241.518007021641,15.6074551968443,-2.9335834715712));
#9507=CARTESIAN_POINT('Ctrl Pts',(249.467352654508,14.9120228130729,-29.2818427922697));
#9508=CARTESIAN_POINT('Ctrl Pts',(249.467352654508,14.9120228130729,-26.7737099637712));
#9509=CARTESIAN_POINT('Ctrl Pts',(249.153432679298,14.9394853672018,-22.7136601748876));
#9510=CARTESIAN_POINT('Ctrl Pts',(248.288227493689,15.0151758956604,-18.6586943312799));
#9511=CARTESIAN_POINT('Ctrl Pts',(247.940409850079,15.0456039544849,-17.3165393032431));
#9512=CARTESIAN_POINT('Ctrl Pts',(247.93336974403,15.0462198426284,-17.289471317337));
#9513=CARTESIAN_POINT('Origin',(258.68481887192,-40.0000000000002,103.003593957973));
#9514=CARTESIAN_POINT('',(194.181884898482,-39.0000000000002,43.3868482294074));
#9515=CARTESIAN_POINT('',(194.181884898482,-40.0000000000002,43.3868482294074));
#9516=CARTESIAN_POINT('',(250.24046188618,-39.0000000000002,95.1989089266313));
#9517=CARTESIAN_POINT('',(290.502094119491,-39.0000000000002,132.410665719877));
#9518=CARTESIAN_POINT('',(250.24046188618,-40.0000000000002,95.1989089266313));
#9519=CARTESIAN_POINT('Origin',(219.637606148225,-39.0000000000002,70.1787827660353));
#9520=CARTESIAN_POINT('',(186.658925360062,-39.0000000000002,46.1609363639977));
#9521=CARTESIAN_POINT('Origin',(191.127534420291,-39.0000000000002,46.6915332607491));
#9522=CARTESIAN_POINT('',(180.792537960945,-39.0000000000002,86.5988216694193));
#9523=CARTESIAN_POINT('Origin',(-597.322440415271,-39.0000000000002,-46.9280034346635));
#9524=CARTESIAN_POINT('',(194.621990817167,-39.0000000000002,103.003593957973));
#9525=CARTESIAN_POINT('Origin',(194.621990817167,-39.0000000000002,88.9719965653351));
#9526=CARTESIAN_POINT('',(247.186111407989,-39.0000000000002,103.003593957973));
#9527=CARTESIAN_POINT('',(194.621990817167,-39.0000000000002,103.003593957973));
#9528=CARTESIAN_POINT('Origin',(247.186111407989,-39.0000000000002,98.5035939579731));
#9529=CARTESIAN_POINT('',(194.621990817167,-39.0000000000002,97.0035939579731));
#9530=CARTESIAN_POINT('',(186.706099675656,-39.0000000000002,87.6136062999248));
#9531=CARTESIAN_POINT('Origin',(194.621990817167,-39.0000000000002,88.9719965653351));
#9532=CARTESIAN_POINT('',(191.536451448334,-39.0000000000002,55.5602649418116));
#9533=CARTESIAN_POINT('Origin',(-597.322440415271,-39.0000000000002,-46.9280034346635));
#9534=CARTESIAN_POINT('',(196.547682503501,-39.0000000000002,53.7436521986152));
#9535=CARTESIAN_POINT('Origin',(194.511448851294,-39.0000000000002,55.9467755527696));
#9536=CARTESIAN_POINT('',(237.723637592173,-39.0000000000002,91.8004706038187));
#9537=CARTESIAN_POINT('',(181.225122245943,-39.0000000000002,39.5817974955755));
#9538=CARTESIAN_POINT('',(235.687403939966,-39.0000000000002,97.003593957973));
#9539=CARTESIAN_POINT('Origin',(235.687403939966,-39.0000000000002,94.003593957973));
#9540=CARTESIAN_POINT('',(194.621990817167,-39.0000000000002,97.0035939579731));
#9541=CARTESIAN_POINT('Origin',(247.186111407989,-40.0000000000002,98.5035939579731));
#9542=CARTESIAN_POINT('',(247.186111407989,-40.0000000000002,103.003593957973));
#9543=CARTESIAN_POINT('Ctrl Pts',(193.424181232433,-70.0000000000003,120.623898769897));
#9544=CARTESIAN_POINT('Ctrl Pts',(487.678349822715,-70.0000000000003,120.623898769897));
#9545=CARTESIAN_POINT('Ctrl Pts',(193.424181232433,-60.2654483955576,116.076601360619));
#9546=CARTESIAN_POINT('Ctrl Pts',(487.678349822715,-60.2654483955576,116.076601360619));
#9547=CARTESIAN_POINT('Ctrl Pts',(193.424181232433,-50.2440512996097,112.170848020285));
#9548=CARTESIAN_POINT('Ctrl Pts',(487.678349822715,-50.2440512996097,112.170848020285));
#9549=CARTESIAN_POINT('Ctrl Pts',(193.424181232433,-40.0000000000002,108.931597392638));
#9550=CARTESIAN_POINT('Ctrl Pts',(487.678349822715,-40.0000000000002,108.931597392638));
#9551=CARTESIAN_POINT('',(193.424181232433,-46.0154718305499,110.919145261981));
#9552=CARTESIAN_POINT('Ctrl Pts',(193.424181232433,-46.0154718149618,110.9191453072));
#9553=CARTESIAN_POINT('Ctrl Pts',(193.424181232433,-44.0192451660342,110.230995805892));
#9554=CARTESIAN_POINT('Ctrl Pts',(193.424181232433,-42.0139253134208,109.568416620181));
#9555=CARTESIAN_POINT('Ctrl Pts',(193.424181232433,-40.0000000000002,108.931597392638));
#9556=CARTESIAN_POINT('',(247.933983739352,-46.01547183055,110.919145261981));
#9557=CARTESIAN_POINT('Ctrl Pts',(193.424181232433,-46.01547183055,110.919145261981));
#9558=CARTESIAN_POINT('Ctrl Pts',(211.594115401406,-46.01547183055,110.919145261981));
#9559=CARTESIAN_POINT('Ctrl Pts',(229.764049570379,-46.01547183055,110.919145261981));
#9560=CARTESIAN_POINT('Ctrl Pts',(247.933983739352,-46.01547183055,110.919145261981));
#9561=CARTESIAN_POINT('Ctrl Pts',(247.933983739352,-46.0154718305501,110.919145261981));
#9562=CARTESIAN_POINT('Ctrl Pts',(296.54660576714,-46.0154718305501,110.919145261981));
#9563=CARTESIAN_POINT('Ctrl Pts',(345.159227794927,-46.0154718305501,110.919145261981));
#9564=CARTESIAN_POINT('Ctrl Pts',(393.771849822715,-46.01547183055,110.919145261981));
#9565=CARTESIAN_POINT('Ctrl Pts',(193.424181232433,-46.01547183055,110.919145261981));
#9566=CARTESIAN_POINT('Ctrl Pts',(260.206737429194,-46.01547183055,110.919145261981));
#9567=CARTESIAN_POINT('Ctrl Pts',(326.989293625954,-46.01547183055,110.919145261981));
#9568=CARTESIAN_POINT('Ctrl Pts',(393.771849822715,-46.01547183055,110.919145261981));
#9569=CARTESIAN_POINT('Ctrl Pts',(193.424181232433,-49.7190809385739,112.195872347364));
#9570=CARTESIAN_POINT('Ctrl Pts',(260.206737429194,-49.7190809385739,112.195872347364));
#9571=CARTESIAN_POINT('Ctrl Pts',(326.989293625954,-49.7190809385739,112.195872347364));
#9572=CARTESIAN_POINT('Ctrl Pts',(393.771849822715,-49.7190809385739,112.195872347364));
#9573=CARTESIAN_POINT('Ctrl Pts',(193.424181232433,-56.7901296420402,112.692703559842));
#9574=CARTESIAN_POINT('Ctrl Pts',(260.206737429194,-56.7901296420402,112.692703559842));
#9575=CARTESIAN_POINT('Ctrl Pts',(326.989293625954,-56.7901296420402,112.692703559842));
#9576=CARTESIAN_POINT('Ctrl Pts',(393.771849822715,-56.7901296420402,112.692703559842));
#9577=CARTESIAN_POINT('Ctrl Pts',(193.424181232433,-63.2643901986264,110.05723571189));
#9578=CARTESIAN_POINT('Ctrl Pts',(260.206737429194,-63.2643901986264,110.05723571189));
#9579=CARTESIAN_POINT('Ctrl Pts',(326.989293625954,-63.2643901986264,110.05723571189));
#9580=CARTESIAN_POINT('Ctrl Pts',(393.771849822715,-63.2643901986264,110.05723571189));
#9581=CARTESIAN_POINT('Ctrl Pts',(193.424181232433,-65.7186085968896,108.441884257517));
#9582=CARTESIAN_POINT('Ctrl Pts',(260.206737429194,-65.7186085968896,108.441884257517));
#9583=CARTESIAN_POINT('Ctrl Pts',(326.989293625954,-65.7186085968896,108.441884257517));
#9584=CARTESIAN_POINT('Ctrl Pts',(393.771849822715,-65.7186085968896,108.441884257517));
#9585=CARTESIAN_POINT('',(193.424181232433,-65.7186085968896,108.441884257517));
#9586=CARTESIAN_POINT('Origin',(193.424181232434,-53.3483141404676,89.6475815287267));
#9587=CARTESIAN_POINT('',(247.933983739352,-65.7186085968896,108.441884257517));
#9588=CARTESIAN_POINT('Ctrl Pts',(247.933983739352,-65.7186085968896,108.441884257517));
#9589=CARTESIAN_POINT('Ctrl Pts',(229.764049570379,-65.7186085968896,108.441884257517));
#9590=CARTESIAN_POINT('Ctrl Pts',(211.594115401406,-65.7186085968896,108.441884257517));
#9591=CARTESIAN_POINT('Ctrl Pts',(193.424181232433,-65.7186085968896,108.441884257517));
#9592=CARTESIAN_POINT('Ctrl Pts',(393.771849822715,-65.7186085968896,108.441884257517));
#9593=CARTESIAN_POINT('Ctrl Pts',(345.159227794927,-65.7186085968896,108.441884257517));
#9594=CARTESIAN_POINT('Ctrl Pts',(296.54660576714,-65.7186085968896,108.441884257517));
#9595=CARTESIAN_POINT('Ctrl Pts',(247.933983739352,-65.7186085968896,108.441884257517));
#9596=CARTESIAN_POINT('Origin',(200.345112429718,-39.0000000000002,-157.920621888444));
#9597=CARTESIAN_POINT('',(208.503489330463,-39.0000000000002,-164.931597392638));
#9598=CARTESIAN_POINT('',(199.663639354796,-39.0000000000002,-164.931597392638));
#9599=CARTESIAN_POINT('',(389.564364335703,-39.0000000000002,-164.931597392638));
#9600=CARTESIAN_POINT('',(192.186735528972,-39.0000000000002,-158.021079579018));
#9601=CARTESIAN_POINT('',(144.027312661209,-39.0000000000002,-113.50980093024));
#9602=CARTESIAN_POINT('',(193.332299273724,-39.0000000000002,-150.909646384251));
#9603=CARTESIAN_POINT('Origin',(-598.520250000005,-39.0000000000002,-26.9999999999985));
#9604=CARTESIAN_POINT('',(253.304284527733,-39.0000000000002,-206.338669154542));
#9605=CARTESIAN_POINT('Origin',(208.503489330463,-40.0000000000002,-164.931597392638));
#9606=CARTESIAN_POINT('',(199.663639354796,-40.0000000000002,-164.931597392638));
#9607=CARTESIAN_POINT('',(208.503489330463,-40.0000000000002,-164.931597392638));
#9608=CARTESIAN_POINT('',(336.751744665232,-40.0000000000002,-164.931597392638));
#9609=CARTESIAN_POINT('',(199.663639354796,-40.0000000000002,-164.931597392638));
#9610=CARTESIAN_POINT('',(208.503489330463,-40.0000000000002,-164.931597392638));
#9611=CARTESIAN_POINT('Origin',(199.663639354796,-40.0000000000002,-164.931597392638));
#9612=CARTESIAN_POINT('',(192.186735528972,-40.0000000000002,-158.021079579018));
#9613=CARTESIAN_POINT('',(244.312967349678,-40.0000000000002,-206.19867580672));
#9614=CARTESIAN_POINT('',(192.186735528972,-40.0000000000002,-158.021079579018));
#9615=CARTESIAN_POINT('Origin',(-598.520250000005,-40.0000000000002,-26.9999999999985));
#9616=CARTESIAN_POINT('',(193.332299273724,-40.0000000000002,-150.909646384251));
#9617=CARTESIAN_POINT('Origin',(-598.520250000005,-40.0000000000002,-26.9999999999985));
#9618=CARTESIAN_POINT('',(193.332299273724,-40.0000000000002,-150.909646384251));
#9619=CARTESIAN_POINT('Origin',(193.332299273724,-40.0000000000002,-150.909646384251));
#9620=CARTESIAN_POINT('',(243.183530961957,-40.0000000000002,-196.984576948425));
#9621=CARTESIAN_POINT('Origin',(195.485761596572,-40.0000000000002,-136.26350629039));
#9622=CARTESIAN_POINT('',(226.503489330463,-40.0000000000002,-164.931597392638));
#9623=CARTESIAN_POINT('',(195.485761596571,-40.0000000000002,-136.26350629039));
#9624=CARTESIAN_POINT('',(248.406509609735,-40.0000000000002,-185.175432987805));
#9625=CARTESIAN_POINT('',(226.503489330463,-39.0000000000002,-164.931597392638));
#9626=CARTESIAN_POINT('',(226.503489330463,-40.0000000000002,-164.931597392638));
#9627=CARTESIAN_POINT('',(195.485761596571,-39.0000000000002,-136.26350629039));
#9628=CARTESIAN_POINT('',(271.304284527733,-39.0000000000002,-206.338669154542));
#9629=CARTESIAN_POINT('',(195.485761596571,-40.0000000000002,-136.26350629039));
#9630=CARTESIAN_POINT('Origin',(-598.520250000005,-40.0000000000002,-26.9999999999985));
#9631=CARTESIAN_POINT('',(194.458597042942,-40.0000000000002,-143.484369770419));
#9632=CARTESIAN_POINT('Origin',(-598.520250000005,-40.0000000000002,-26.9999999999985));
#9633=CARTESIAN_POINT('',(194.458597042942,-39.0000000000002,-143.484369770419));
#9634=CARTESIAN_POINT('Origin',(-598.520250000005,-39.0000000000002,-26.9999999999985));
#9635=CARTESIAN_POINT('',(194.458597042942,-40.0000000000002,-143.484369770419));
#9636=CARTESIAN_POINT('Origin',(217.663639354796,-40.0000000000002,-164.931597392638));
#9637=CARTESIAN_POINT('',(217.663639354796,-40.0000000000002,-164.931597392638));
#9638=CARTESIAN_POINT('',(257.459214836067,-40.0000000000002,-201.712601893027));
#9639=CARTESIAN_POINT('',(217.663639354796,-39.0000000000002,-164.931597392638));
#9640=CARTESIAN_POINT('',(162.027312661209,-39.0000000000002,-113.50980093024));
#9641=CARTESIAN_POINT('',(217.663639354796,-40.0000000000002,-164.931597392638));
#9642=CARTESIAN_POINT('Origin',(226.503489330463,-40.0000000000002,-164.931597392638));
#9643=CARTESIAN_POINT('',(345.751744665232,-40.0000000000002,-164.931597392638));
#9644=CARTESIAN_POINT('',(389.564364335703,-39.0000000000002,-164.931597392638));
#9645=CARTESIAN_POINT('Origin',(210.481043186703,-39.0000000000002,-150.597551841514));
#9646=CARTESIAN_POINT('Origin',(234.489594355122,-40.0000000000002,-167.931597392638));
#9647=CARTESIAN_POINT('',(236.525828007331,-40.0000000000002,-165.728474038486));
#9648=CARTESIAN_POINT('',(234.489594355122,-40.0000000000002,-170.931597392638));
#9649=CARTESIAN_POINT('Origin',(234.489594355122,-40.0000000000002,-167.931597392638));
#9650=CARTESIAN_POINT('',(236.525828007331,-39.0000000000002,-165.728474038486));
#9651=CARTESIAN_POINT('',(236.525828007331,-40.0000000000002,-165.728474038486));
#9652=CARTESIAN_POINT('',(234.489594355122,-39.0000000000002,-170.931597392638));
#9653=CARTESIAN_POINT('Origin',(234.489594355122,-39.0000000000002,-167.931597392638));
#9654=CARTESIAN_POINT('',(234.489594355122,-40.0000000000002,-170.931597392638));
#9655=CARTESIAN_POINT('Origin',(193.424181232433,-40.0000000000002,-170.931597392638));
#9656=CARTESIAN_POINT('',(193.424181232433,-39.0000000000002,-170.931597392638));
#9657=CARTESIAN_POINT('',(393.771849822715,-39.0000000000002,-170.931597392638));
#9658=CARTESIAN_POINT('',(193.424181232433,-40.0000000000002,-170.931597392638));
#9659=CARTESIAN_POINT('',(193.424181232433,-40.0000000000002,-170.931597392638));
#9660=CARTESIAN_POINT('',(329.212090616217,-40.0000000000002,-170.931597392638));
#9661=CARTESIAN_POINT('Origin',(193.313639266557,-40.0000000000002,-129.874778987459));
#9662=CARTESIAN_POINT('',(190.338641863597,-40.0000000000002,-129.488268376501));
#9663=CARTESIAN_POINT('',(195.349872918766,-40.0000000000002,-127.671655633307));
#9664=CARTESIAN_POINT('Origin',(193.313639266557,-40.0000000000002,-129.874778987459));
#9665=CARTESIAN_POINT('',(190.338641863597,-39.0000000000002,-129.488268376501));
#9666=CARTESIAN_POINT('',(190.338641863597,-40.0000000000002,-129.488268376501));
#9667=CARTESIAN_POINT('',(195.349872918766,-39.0000000000002,-127.671655633307));
#9668=CARTESIAN_POINT('Origin',(193.313639266557,-39.0000000000002,-129.874778987459));
#9669=CARTESIAN_POINT('',(195.349872918766,-40.0000000000002,-127.671655633307));
#9670=CARTESIAN_POINT('Origin',(242.155399330658,-40.0000000000002,-170.931597392638));
#9671=CARTESIAN_POINT('',(273.851342310387,-40.0000000000002,-200.226527979334));
#9672=CARTESIAN_POINT('',(180.027312661209,-39.0000000000002,-113.50980093024));
#9673=CARTESIAN_POINT('Origin',(257.487009282286,-40.0000000000002,-176.931597392638));
#9674=CARTESIAN_POINT('',(245.988301818919,-39.0000000000002,-176.931597392638));
#9675=CARTESIAN_POINT('',(245.988301818919,-40.0000000000002,-176.931597392638));
#9676=CARTESIAN_POINT('',(193.424181232433,-39.0000000000002,-176.931597392638));
#9677=CARTESIAN_POINT('',(193.424181232433,-40.0000000000002,-176.931597392638));
#9678=CARTESIAN_POINT('',(393.771849822715,-39.0000000000002,-176.931597392638));
#9679=CARTESIAN_POINT('Origin',(189.929724835498,-40.0000000000002,-120.619536695908));
#9680=CARTESIAN_POINT('',(192.9840753138,-39.0000000000002,-117.314851664668));
#9681=CARTESIAN_POINT('',(185.46111577527,-39.0000000000002,-120.088939799154));
#9682=CARTESIAN_POINT('Origin',(189.929724835498,-39.0000000000002,-120.619536695908));
#9683=CARTESIAN_POINT('',(185.46111577527,-40.0000000000002,-120.088939799154));
#9684=CARTESIAN_POINT('',(192.9840753138,-40.0000000000002,-117.314851664668));
#9685=CARTESIAN_POINT('Origin',(193.424181232434,-40.0000000000002,-162.9));
#9686=CARTESIAN_POINT('',(185.508290090922,-40.0000000000002,-161.541609734589));
#9687=CARTESIAN_POINT('Origin',(193.424181232434,-40.0000000000002,-162.9));
#9688=CARTESIAN_POINT('',(185.508290090922,-39.0000000000002,-161.541609734589));
#9689=CARTESIAN_POINT('Origin',(193.424181232434,-39.0000000000002,-162.9));
#9690=CARTESIAN_POINT('',(185.508290090922,-40.0000000000002,-161.541609734589));
#9691=CARTESIAN_POINT('Origin',(-598.520250000005,-40.0000000000002,-26.9999999999985));
#9692=CARTESIAN_POINT('Origin',(-598.520250000005,-40.0000000000002,-26.9999999999985));
#9693=CARTESIAN_POINT('Origin',(-598.520250000005,-39.0000000000002,-26.9999999999985));
#9694=CARTESIAN_POINT('Origin',(-598.520250000005,-40.0000000000002,-26.9999999999985));
#9695=CARTESIAN_POINT('',(179.594728376211,-39.0000000000002,-160.526825104085));
#9696=CARTESIAN_POINT('Origin',(-598.520250000005,-39.0000000000002,-26.9999999999985));
#9697=CARTESIAN_POINT('',(179.594728376211,-40.0000000000002,-160.526825104085));
#9698=CARTESIAN_POINT('Origin',(193.424181232434,-40.0000000000002,-162.9));
#9699=CARTESIAN_POINT('Origin',(193.424181232434,-39.0000000000002,-162.9));
#9700=CARTESIAN_POINT('Origin',(-597.322440415271,-40.0000000000002,-46.9280034346635));
#9701=CARTESIAN_POINT('',(193.384545113717,-40.0000000000002,84.0930761442839));
#9702=CARTESIAN_POINT('',(194.530108858839,-40.0000000000002,76.981642947147));
#9703=CARTESIAN_POINT('Origin',(-597.322440415271,-40.0000000000002,-46.9280034346635));
#9704=CARTESIAN_POINT('',(193.384545113717,-39.0000000000002,84.0930761442839));
#9705=CARTESIAN_POINT('',(193.384545113717,-40.0000000000002,84.0930761442839));
#9706=CARTESIAN_POINT('',(194.530108858839,-39.0000000000002,76.981642947147));
#9707=CARTESIAN_POINT('Origin',(-597.322440415271,-39.0000000000002,-46.9280034346635));
#9708=CARTESIAN_POINT('',(194.530108858839,-40.0000000000002,76.981642947147));
#9709=CARTESIAN_POINT('Origin',(209.701298919231,-40.0000000000002,91.0035939579731));
#9710=CARTESIAN_POINT('',(209.701298919231,-40.0000000000002,91.0035939579731));
#9711=CARTESIAN_POINT('',(241.656946152213,-40.0000000000002,120.538555832188));
#9712=CARTESIAN_POINT('',(209.701298919231,-39.0000000000002,91.0035939579731));
#9713=CARTESIAN_POINT('',(254.502094119491,-39.0000000000002,132.410665719877));
#9714=CARTESIAN_POINT('',(209.701298919231,-40.0000000000002,91.0035939579731));
#9715=CARTESIAN_POINT('Origin',(200.861448939629,-40.0000000000002,91.0035939579731));
#9716=CARTESIAN_POINT('',(200.861448939629,-40.0000000000002,91.0035939579731));
#9717=CARTESIAN_POINT('',(332.930724469814,-40.0000000000002,91.003593957973));
#9718=CARTESIAN_POINT('',(200.861448939629,-39.0000000000002,91.0035939579731));
#9719=CARTESIAN_POINT('',(194.621990817167,-39.0000000000002,91.0035939579731));
#9720=CARTESIAN_POINT('',(200.861448939629,-40.0000000000002,91.0035939579731));
#9721=CARTESIAN_POINT('Origin',(193.384545113717,-40.0000000000002,84.0930761442838));
#9722=CARTESIAN_POINT('',(231.462335591425,-40.0000000000002,119.286420278284));
#9723=CARTESIAN_POINT('',(145.225122245943,-39.0000000000002,39.5817974955755));
#9724=CARTESIAN_POINT('Origin',(201.542922016474,-39.0000000000002,83.99261845256));
#9725=CARTESIAN_POINT('Origin',(-597.322440415271,-40.0000000000002,-46.9280034346635));
#9726=CARTESIAN_POINT('',(195.656406627683,-40.0000000000002,69.556366335705));
#9727=CARTESIAN_POINT('',(196.683571181527,-40.0000000000002,62.3355028541164));
#9728=CARTESIAN_POINT('Origin',(-597.322440415271,-40.0000000000002,-46.9280034346635));
#9729=CARTESIAN_POINT('',(195.656406627683,-39.0000000000002,69.556366335705));
#9730=CARTESIAN_POINT('',(195.656406627683,-40.0000000000002,69.556366335705));
#9731=CARTESIAN_POINT('',(196.683571181527,-39.0000000000002,62.3355028541164));
#9732=CARTESIAN_POINT('Origin',(-597.322440415271,-39.0000000000002,-46.9280034346635));
#9733=CARTESIAN_POINT('',(196.683571181527,-40.0000000000002,62.3355028541164));
#9734=CARTESIAN_POINT('Origin',(227.70129891923,-40.0000000000002,91.003593957973));
#9735=CARTESIAN_POINT('',(227.70129891923,-40.0000000000002,91.0035939579731));
#9736=CARTESIAN_POINT('',(254.803193638269,-40.0000000000002,116.052481918521));
#9737=CARTESIAN_POINT('',(227.70129891923,-39.0000000000002,91.0035939579731));
#9738=CARTESIAN_POINT('',(272.502094119491,-39.0000000000002,132.410665719877));
#9739=CARTESIAN_POINT('',(227.70129891923,-40.0000000000002,91.0035939579731));
#9740=CARTESIAN_POINT('Origin',(218.861448939633,-40.0000000000002,91.0035939579731));
#9741=CARTESIAN_POINT('',(218.861448939633,-40.0000000000002,91.0035939579731));
#9742=CARTESIAN_POINT('',(341.930724469817,-40.0000000000002,91.003593957973));
#9743=CARTESIAN_POINT('',(218.861448939633,-39.0000000000002,91.0035939579731));
#9744=CARTESIAN_POINT('',(194.621990817167,-39.0000000000002,91.0035939579731));
#9745=CARTESIAN_POINT('',(218.861448939633,-40.0000000000002,91.0035939579731));
#9746=CARTESIAN_POINT('Origin',(195.656406627683,-40.0000000000002,69.5563663357049));
#9747=CARTESIAN_POINT('',(236.744513834795,-40.0000000000002,107.531991460304));
#9748=CARTESIAN_POINT('',(163.225122245943,-39.0000000000002,39.5817974955755));
#9749=CARTESIAN_POINT('Origin',(211.678852773457,-39.0000000000002,76.6695484060447));
#9750=CARTESIAN_POINT('Origin',(235.687403939966,-40.0000000000002,94.003593957973));
#9751=CARTESIAN_POINT('',(235.687403939966,-40.0000000000002,97.0035939579731));
#9752=CARTESIAN_POINT('',(237.723637592173,-40.0000000000002,91.8004706038187));
#9753=CARTESIAN_POINT('Origin',(235.687403939966,-40.0000000000002,94.003593957973));
#9754=CARTESIAN_POINT('',(235.687403939966,-40.0000000000002,97.003593957973));
#9755=CARTESIAN_POINT('',(237.723637592173,-40.0000000000002,91.8004706038187));
#9756=CARTESIAN_POINT('Origin',(192.26522190718,-40.0000000000002,49.7855940335856));
#9757=CARTESIAN_POINT('',(196.547682503501,-40.0000000000002,53.7436521986152));
#9758=CARTESIAN_POINT('',(196.547682503501,-40.0000000000002,53.7436521986153));
#9759=CARTESIAN_POINT('',(239.19516896093,-40.0000000000002,93.1605313955539));
#9760=CARTESIAN_POINT('Origin',(194.511448851294,-40.0000000000002,55.9467755527696));
#9761=CARTESIAN_POINT('',(191.536451448334,-40.0000000000002,55.5602649418116));
#9762=CARTESIAN_POINT('Origin',(194.511448851294,-40.0000000000002,55.9467755527696));
#9763=CARTESIAN_POINT('',(191.536451448334,-40.0000000000002,55.5602649418116));
#9764=CARTESIAN_POINT('Origin',(-597.322440415271,-40.0000000000002,-46.9280034346635));
#9765=CARTESIAN_POINT('',(186.706099675656,-40.0000000000002,87.6136062999248));
#9766=CARTESIAN_POINT('',(186.706099675656,-40.0000000000002,87.6136062999248));
#9767=CARTESIAN_POINT('Origin',(-597.322440415271,-40.0000000000002,-46.9280034346635));
#9768=CARTESIAN_POINT('Origin',(191.127534420291,-40.0000000000002,46.6915332607491));
#9769=CARTESIAN_POINT('',(186.658925360063,-40.0000000000002,46.1609363639977));
#9770=CARTESIAN_POINT('Origin',(243.353208915513,-40.0000000000002,97.003593957973));
#9771=CARTESIAN_POINT('',(194.621990817167,-40.0000000000002,97.0035939579731));
#9772=CARTESIAN_POINT('',(354.176604457756,-40.0000000000002,97.003593957973));
#9773=CARTESIAN_POINT('',(194.621990817167,-40.0000000000002,97.0035939579731));
#9774=CARTESIAN_POINT('Origin',(194.621990817167,-40.0000000000002,88.9719965653351));
#9775=CARTESIAN_POINT('Origin',(194.621990817167,-40.0000000000002,88.9719965653351));
#9776=CARTESIAN_POINT('Origin',(-597.322440415271,-40.0000000000002,-46.9280034346635));
#9777=CARTESIAN_POINT('',(180.792537960945,-40.0000000000002,86.5988216694193));
#9778=CARTESIAN_POINT('Origin',(194.621990817167,-40.0000000000002,103.003593957973));
#9779=CARTESIAN_POINT('',(194.621990817167,-40.0000000000002,103.003593957973));
#9780=CARTESIAN_POINT('Origin',(194.621990817167,-40.0000000000002,88.9719965653351));
#9781=CARTESIAN_POINT('Origin',(465.,-40.0000000000002,-57.));
#9782=CARTESIAN_POINT('Ctrl Pts',(171.722252163784,-46.01547183055,-159.175884968545));
#9783=CARTESIAN_POINT('Ctrl Pts',(171.413561990973,-46.01547183055,-160.974747833399));
#9784=CARTESIAN_POINT('Ctrl Pts',(171.24586047117,-46.0154718305499,-164.649932760344));
#9785=CARTESIAN_POINT('Ctrl Pts',(172.35850754145,-46.01547183055,-170.054553443713));
#9786=CARTESIAN_POINT('Ctrl Pts',(174.767261520009,-46.01547183055,-175.019594484901));
#9787=CARTESIAN_POINT('Ctrl Pts',(178.324455569061,-46.01547183055,-179.238220391656));
#9788=CARTESIAN_POINT('Ctrl Pts',(182.809976466622,-46.0154718305499,-182.452516004492));
#9789=CARTESIAN_POINT('Ctrl Pts',(187.948720791641,-46.01547183055,-184.462864158329));
#9790=CARTESIAN_POINT('Ctrl Pts',(191.599024464006,-46.01547183055,-184.919145261981));
#9791=CARTESIAN_POINT('Ctrl Pts',(193.424181232433,-46.01547183055,-184.919145261981));
#9792=CARTESIAN_POINT('Ctrl Pts',(170.463918095074,-49.7190809385738,-158.959951131279));
#9793=CARTESIAN_POINT('Ctrl Pts',(170.13720400633,-49.7190809385738,-160.863846666131));
#9794=CARTESIAN_POINT('Ctrl Pts',(169.957887477898,-49.7190809385738,-164.751348121503));
#9795=CARTESIAN_POINT('Ctrl Pts',(171.135118856969,-49.7190809385738,-170.471061172366));
#9796=CARTESIAN_POINT('Ctrl Pts',(173.682794278684,-49.7190809385738,-175.723921629138));
#9797=CARTESIAN_POINT('Ctrl Pts',(177.446755049184,-49.7190809385738,-180.187738492091));
#9798=CARTESIAN_POINT('Ctrl Pts',(182.192785096398,-49.7190809385738,-183.588119792552));
#9799=CARTESIAN_POINT('Ctrl Pts',(187.630690079832,-49.7190809385738,-185.714825980401));
#9800=CARTESIAN_POINT('Ctrl Pts',(191.492456535845,-49.7190809385738,-186.195872347364));
#9801=CARTESIAN_POINT('Ctrl Pts',(193.424181232433,-49.7190809385738,-186.195872347364));
#9802=CARTESIAN_POINT('Ctrl Pts',(169.974062874892,-56.790132916006,-158.875890530817));
#9803=CARTESIAN_POINT('Ctrl Pts',(169.64052611475,-56.790132916006,-160.81954453969));
#9804=CARTESIAN_POINT('Ctrl Pts',(169.459614618373,-56.790132916006,-164.790905771168));
#9805=CARTESIAN_POINT('Ctrl Pts',(170.661879385056,-56.790132916006,-170.630621465481));
#9806=CARTESIAN_POINT('Ctrl Pts',(173.264787211308,-56.790132916006,-175.995629712531));
#9807=CARTESIAN_POINT('Ctrl Pts',(177.108448562796,-56.790132916006,-180.55399277262));
#9808=CARTESIAN_POINT('Ctrl Pts',(181.95523106585,-56.790132916006,-184.027260020495));
#9809=CARTESIAN_POINT('Ctrl Pts',(187.507734389624,-56.790132916006,-186.199583647239));
#9810=CARTESIAN_POINT('Ctrl Pts',(191.452116913865,-56.790132916006,-186.692887760898));
#9811=CARTESIAN_POINT('Ctrl Pts',(193.424181232433,-56.790132916006,-186.692887760898));
#9812=CARTESIAN_POINT('Ctrl Pts',(172.57174471661,-63.2643901986264,-159.321660395933));
#9813=CARTESIAN_POINT('Ctrl Pts',(172.275133359914,-63.2643901986264,-161.050135099211));
#9814=CARTESIAN_POINT('Ctrl Pts',(172.113929226134,-63.2643901986264,-164.581432235314));
#9815=CARTESIAN_POINT('Ctrl Pts',(173.183025724729,-63.2643901986264,-169.774557314447));
#9816=CARTESIAN_POINT('Ctrl Pts',(175.497465904375,-63.2643901986264,-174.545246205174));
#9817=CARTESIAN_POINT('Ctrl Pts',(178.915436555085,-63.2643901986264,-178.598760439394));
#9818=CARTESIAN_POINT('Ctrl Pts',(183.225392968412,-63.2643901986264,-181.687226619348));
#9819=CARTESIAN_POINT('Ctrl Pts',(188.163030778651,-63.2643901986264,-183.618875077992));
#9820=CARTESIAN_POINT('Ctrl Pts',(191.670441486407,-63.2643901986264,-184.05723571189));
#9821=CARTESIAN_POINT('Ctrl Pts',(193.424181232433,-63.2643901986264,-184.05723571189));
#9822=CARTESIAN_POINT('Ctrl Pts',(174.163824802674,-65.7186085968895,-159.59486603406));
#9823=CARTESIAN_POINT('Ctrl Pts',(173.889863776634,-65.7186085968895,-161.191348071935));
#9824=CARTESIAN_POINT('Ctrl Pts',(173.741029493976,-65.7186085968896,-164.453056808256));
#9825=CARTESIAN_POINT('Ctrl Pts',(174.728498353834,-65.7186085968896,-169.249631361608));
#9826=CARTESIAN_POINT('Ctrl Pts',(176.866255786913,-65.7186085968896,-173.656081121865));
#9827=CARTESIAN_POINT('Ctrl Pts',(180.02324819334,-65.7186085968896,-177.400091082955));
#9828=CARTESIAN_POINT('Ctrl Pts',(184.00412615985,-65.7186085968896,-180.252762796055));
#9829=CARTESIAN_POINT('Ctrl Pts',(188.56473673913,-65.7186085968895,-182.036936998649));
#9830=CARTESIAN_POINT('Ctrl Pts',(191.804363483103,-65.7186085968895,-182.441884257517));
#9831=CARTESIAN_POINT('Ctrl Pts',(193.424181232433,-65.7186085968895,-182.441884257517));
#9832=CARTESIAN_POINT('',(193.424181232433,-46.0154718305499,-184.919145261981));
#9833=CARTESIAN_POINT('',(193.424181232433,-65.7186085968896,-182.441884257517));
#9834=CARTESIAN_POINT('Origin',(193.424181232434,-53.3483141404676,-163.647581528727));
#9835=CARTESIAN_POINT('',(174.163824802674,-65.7186085968897,-159.594866034059));
#9836=CARTESIAN_POINT('Ctrl Pts',(193.424181232433,-65.7186085968895,-182.441884257517));
#9837=CARTESIAN_POINT('Ctrl Pts',(191.804363483103,-65.7186085968895,-182.441884257517));
#9838=CARTESIAN_POINT('Ctrl Pts',(188.56473673913,-65.7186085968895,-182.036936998649));
#9839=CARTESIAN_POINT('Ctrl Pts',(184.00412615985,-65.7186085968896,-180.252762796055));
#9840=CARTESIAN_POINT('Ctrl Pts',(180.02324819334,-65.7186085968896,-177.400091082955));
#9841=CARTESIAN_POINT('Ctrl Pts',(176.866255786913,-65.7186085968896,-173.656081121865));
#9842=CARTESIAN_POINT('Ctrl Pts',(174.728498353834,-65.7186085968896,-169.249631361608));
#9843=CARTESIAN_POINT('Ctrl Pts',(173.741029493976,-65.7186085968896,-164.453056808256));
#9844=CARTESIAN_POINT('Ctrl Pts',(173.889863776634,-65.7186085968895,-161.191348071935));
#9845=CARTESIAN_POINT('Ctrl Pts',(174.163824802674,-65.7186085968895,-159.59486603406));
#9846=CARTESIAN_POINT('',(171.722252163784,-46.0154718305501,-159.175884968545));
#9847=CARTESIAN_POINT('Origin',(192.68736964795,-53.3483141404678,-162.7735609591));
#9848=CARTESIAN_POINT('Ctrl Pts',(171.722252163784,-46.01547183055,-159.175884968545));
#9849=CARTESIAN_POINT('Ctrl Pts',(171.413561990973,-46.01547183055,-160.974747833399));
#9850=CARTESIAN_POINT('Ctrl Pts',(171.24586047117,-46.0154718305499,-164.649932760344));
#9851=CARTESIAN_POINT('Ctrl Pts',(172.35850754145,-46.01547183055,-170.054553443713));
#9852=CARTESIAN_POINT('Ctrl Pts',(174.767261520009,-46.01547183055,-175.019594484901));
#9853=CARTESIAN_POINT('Ctrl Pts',(178.324455569061,-46.01547183055,-179.238220391656));
#9854=CARTESIAN_POINT('Ctrl Pts',(182.809976466622,-46.0154718305499,-182.452516004492));
#9855=CARTESIAN_POINT('Ctrl Pts',(187.948720791641,-46.01547183055,-184.462864158329));
#9856=CARTESIAN_POINT('Ctrl Pts',(191.599024464006,-46.01547183055,-184.919145261981));
#9857=CARTESIAN_POINT('Ctrl Pts',(193.424181232433,-46.01547183055,-184.919145261981));
#9858=CARTESIAN_POINT('Ctrl Pts',(162.157309031265,-70.0000000000002,-157.534512518099));
#9859=CARTESIAN_POINT('Ctrl Pts',(159.662825055467,-70.0000000000002,-172.070882594861));
#9860=CARTESIAN_POINT('Ctrl Pts',(169.169079347576,-70.0000000000002,-183.347390682379));
#9861=CARTESIAN_POINT('Ctrl Pts',(178.675333639686,-70.0000000000002,-194.623898769897));
#9862=CARTESIAN_POINT('Ctrl Pts',(193.424181232433,-70.0000000000002,-194.623898769897));
#9863=CARTESIAN_POINT('Ctrl Pts',(166.639096342082,-60.2654483955575,-158.303600438311));
#9864=CARTESIAN_POINT('Ctrl Pts',(164.502171208686,-60.2654483955575,-170.756330087716));
#9865=CARTESIAN_POINT('Ctrl Pts',(172.645800880537,-60.2654483955575,-180.416465724168));
#9866=CARTESIAN_POINT('Ctrl Pts',(180.789430552388,-60.2654483955575,-190.076601360619));
#9867=CARTESIAN_POINT('Ctrl Pts',(193.424181232433,-60.2654483955575,-190.076601360619));
#9868=CARTESIAN_POINT('Ctrl Pts',(170.488581912166,-50.2440512996096,-158.964183515031));
#9869=CARTESIAN_POINT('Ctrl Pts',(168.658770327188,-50.2440512996096,-169.627237929513));
#9870=CARTESIAN_POINT('Ctrl Pts',(175.632017861434,-50.2440512996096,-177.899042974899));
#9871=CARTESIAN_POINT('Ctrl Pts',(182.605265395681,-50.2440512996096,-186.170848020285));
#9872=CARTESIAN_POINT('Ctrl Pts',(193.424181232433,-50.2440512996096,-186.170848020285));
#9873=CARTESIAN_POINT('Ctrl Pts',(173.681166661501,-40.0000000000002,-159.512040473579));
#9874=CARTESIAN_POINT('Ctrl Pts',(172.106060806195,-40.0000000000002,-168.69082127351));
#9875=CARTESIAN_POINT('Ctrl Pts',(178.108647691016,-40.0000000000002,-175.811209333074));
#9876=CARTESIAN_POINT('Ctrl Pts',(184.111234575837,-40.0000000000002,-182.931597392638));
#9877=CARTESIAN_POINT('Ctrl Pts',(193.424181232433,-40.0000000000002,-182.931597392638));
#9878=CARTESIAN_POINT('Ctrl Pts',(171.722252119216,-46.015471814962,-159.175884960897));
#9879=CARTESIAN_POINT('Ctrl Pts',(172.400487876705,-44.0192451660343,-159.292272217134));
#9880=CARTESIAN_POINT('Ctrl Pts',(173.053521694302,-42.0139253134209,-159.404334746159));
#9881=CARTESIAN_POINT('Ctrl Pts',(173.681166661501,-40.0000000000002,-159.512040473579));
#9882=CARTESIAN_POINT('Ctrl Pts',(193.424181232433,-46.0154718149618,-184.9191453072));
#9883=CARTESIAN_POINT('Ctrl Pts',(193.424181232433,-44.0192451660342,-184.230995805892));
#9884=CARTESIAN_POINT('Ctrl Pts',(193.424181232433,-42.0139253134208,-183.568416620181));
#9885=CARTESIAN_POINT('Ctrl Pts',(193.424181232433,-40.0000000000002,-182.931597392638));
#9886=CARTESIAN_POINT('Ctrl Pts',(176.941213318041,-70.0000000000002,-160.071474094363));
#9887=CARTESIAN_POINT('Ctrl Pts',(176.706749532998,-70.0000000000002,-161.437789685904));
#9888=CARTESIAN_POINT('Ctrl Pts',(176.509791090374,-70.0000000000002,-165.624938711377));
#9889=CARTESIAN_POINT('Ctrl Pts',(178.806752639733,-70.0000000000001,-172.39372448285));
#9890=CARTESIAN_POINT('Ctrl Pts',(185.109601521508,-70.0000000000002,-178.215247324972));
#9891=CARTESIAN_POINT('Ctrl Pts',(190.651607293159,-70.0000000000002,-179.623898769897));
#9892=CARTESIAN_POINT('Ctrl Pts',(193.424181232433,-70.0000000000002,-179.623898769897));
#9893=CARTESIAN_POINT('Ctrl Pts',(176.015417146252,-68.5728695322966,-159.912604740928));
#9894=CARTESIAN_POINT('Ctrl Pts',(175.767784272017,-68.5728695322966,-161.355661957562));
#9895=CARTESIAN_POINT('Ctrl Pts',(175.559763296654,-68.5728695322966,-165.777989899758));
#9896=CARTESIAN_POINT('Ctrl Pts',(177.985737910904,-68.5728695322966,-172.926956958208));
#9897=CARTESIAN_POINT('Ctrl Pts',(184.64259787833,-68.5728695322966,-179.075456324777));
#9898=CARTESIAN_POINT('Ctrl Pts',(190.495880584698,-68.5728695322966,-180.56322726577));
#9899=CARTESIAN_POINT('Ctrl Pts',(193.424181232433,-68.5728695322966,-180.56322726577));
#9900=CARTESIAN_POINT('Ctrl Pts',(175.089620974463,-67.145739064593,-159.753735387493));
#9901=CARTESIAN_POINT('Ctrl Pts',(174.828819011036,-67.145739064593,-161.273534229221));
#9902=CARTESIAN_POINT('Ctrl Pts',(174.609735502934,-67.145739064593,-165.93104108814));
#9903=CARTESIAN_POINT('Ctrl Pts',(177.164723182076,-67.145739064593,-173.460189433567));
#9904=CARTESIAN_POINT('Ctrl Pts',(184.175594235151,-67.145739064593,-179.935665324582));
#9905=CARTESIAN_POINT('Ctrl Pts',(190.340153876237,-67.145739064593,-181.502555761644));
#9906=CARTESIAN_POINT('Ctrl Pts',(193.424181232433,-67.145739064593,-181.502555761644));
#9907=CARTESIAN_POINT('Ctrl Pts',(174.163824802674,-65.7186085968894,-159.594866034059));
#9908=CARTESIAN_POINT('Ctrl Pts',(173.889853750055,-65.7186085968894,-161.191406500879));
#9909=CARTESIAN_POINT('Ctrl Pts',(173.659707709215,-65.7186085968894,-166.084092276521));
#9910=CARTESIAN_POINT('Ctrl Pts',(176.343708453248,-65.7186085968894,-173.993421908925));
#9911=CARTESIAN_POINT('Ctrl Pts',(183.708590591973,-65.7186085968894,-180.795874324387));
#9912=CARTESIAN_POINT('Ctrl Pts',(190.184427167775,-65.7186085968894,-182.441884257517));
#9913=CARTESIAN_POINT('Ctrl Pts',(193.424181232433,-65.7186085968894,-182.441884257517));
#9914=CARTESIAN_POINT('',(193.424181232433,-70.0000000000002,-179.623898769897));
#9915=CARTESIAN_POINT('',(193.424181232433,-56.2227520676582,-188.691998618109));
#9916=CARTESIAN_POINT('',(176.941213318041,-70.0000000000002,-160.071474094363));
#9917=CARTESIAN_POINT('Ctrl Pts',(193.424181232433,-70.0000000000002,-179.623898769897));
#9918=CARTESIAN_POINT('Ctrl Pts',(190.651607293159,-70.0000000000002,-179.623898769897));
#9919=CARTESIAN_POINT('Ctrl Pts',(187.880604407334,-70.0000000000002,-178.919573047434));
#9920=CARTESIAN_POINT('Ctrl Pts',(185.444628150792,-70.0000000000002,-177.597156379183));
#9921=CARTESIAN_POINT('Ctrl Pts',(183.008651894249,-70.0000000000001,-176.274739710931));
#9922=CARTESIAN_POINT('Ctrl Pts',(180.907702266991,-70.0000000000001,-174.334232096891));
#9923=CARTESIAN_POINT('Ctrl Pts',(179.39783514349,-70.0000000000001,-172.010221135576));
#9924=CARTESIAN_POINT('Ctrl Pts',(177.887968019989,-70.0000000000001,-169.686210174261));
#9925=CARTESIAN_POINT('Ctrl Pts',(176.969183400246,-70.0000000000002,-166.978695865672));
#9926=CARTESIAN_POINT('Ctrl Pts',(176.750458945942,-70.0000000000002,-164.215235973709));
#9927=CARTESIAN_POINT('Ctrl Pts',(176.64109671879,-70.0000000000002,-162.833506027728));
#9928=CARTESIAN_POINT('Ctrl Pts',(176.706749532998,-70.0000000000002,-161.437789685904));
#9929=CARTESIAN_POINT('Ctrl Pts',(176.941213318041,-70.0000000000002,-160.071474094363));
#9930=CARTESIAN_POINT('',(168.003751970114,-56.2227520676582,-158.53777936872));
#9931=CARTESIAN_POINT('Origin',(225.364491023256,-70.0000000000002,-174.623898769897));
#9932=CARTESIAN_POINT('',(224.92811440005,-45.0000000000001,-174.623898769897));
#9933=CARTESIAN_POINT('',(212.100867646461,-45.0000000000001,-174.623898769897));
#9934=CARTESIAN_POINT('',(225.364491023256,-45.0000000000001,-174.623898769897));
#9935=CARTESIAN_POINT('',(211.664491023256,-70.0000000000002,-174.623898769897));
#9936=CARTESIAN_POINT('',(211.666577440715,-69.8804692237941,-174.623898769897));
#9937=CARTESIAN_POINT('',(225.364491023256,-70.0000000000002,-174.623898769897));
#9938=CARTESIAN_POINT('',(370.182245511628,-70.0000000000002,-174.623898769897));
#9939=CARTESIAN_POINT('',(225.364491023256,-70.0000000000002,-174.623898769897));
#9940=CARTESIAN_POINT('Origin',(465.,-40.0000000000002,-57.));
#9941=CARTESIAN_POINT('Origin',(468.5,-30.0000000000002,25.1));
#9942=CARTESIAN_POINT('',(209.989857493586,-36.1091270347399,31.2091270347397));
#9943=CARTESIAN_POINT('',(470.25,-36.10912703474,31.2091270347399));
#9944=CARTESIAN_POINT('Ctrl Pts',(209.989857501382,-36.1091270384874,31.2091270384873));
#9945=CARTESIAN_POINT('Ctrl Pts',(209.471795098312,-36.6479930704158,31.7479930704157));
#9946=CARTESIAN_POINT('Ctrl Pts',(209.1106610695,-37.2088152129526,32.30881521293));
#9947=CARTESIAN_POINT('Ctrl Pts',(208.828192425833,-38.0915045200088,33.1915045199862));
#9948=CARTESIAN_POINT('Ctrl Pts',(208.803946441389,-38.4224773668956,33.5224773668859));
#9949=CARTESIAN_POINT('Ctrl Pts',(208.914211263778,-38.9289792142893,34.0289792142797));
#9950=CARTESIAN_POINT('Ctrl Pts',(209.008270104776,-39.1331906772297,34.2331906772292));
#9951=CARTESIAN_POINT('Ctrl Pts',(209.294538198692,-39.4683538753272,34.5683538753267));
#9952=CARTESIAN_POINT('Ctrl Pts',(209.462216186538,-39.5989850981106,34.6989850981105));
#9953=CARTESIAN_POINT('Ctrl Pts',(209.86008586708,-39.8047403942774,34.9047403942773));
#9954=CARTESIAN_POINT('Ctrl Pts',(210.077962678518,-39.8771983875779,34.9771983875778));
#9955=CARTESIAN_POINT('Ctrl Pts',(210.563253762163,-39.9777350203929,35.0777350203928));
#9956=CARTESIAN_POINT('Ctrl Pts',(210.828782675809,-40.0000000000002,35.1));
#9957=CARTESIAN_POINT('Ctrl Pts',(211.0935221771,-40.0000000000002,35.1));
#9958=CARTESIAN_POINT('Origin',(470.25,2.78174593052007,70.1));
#9959=CARTESIAN_POINT('',(209.990082990615,-36.1088925050488,31.208892506463));
#9960=CARTESIAN_POINT('Ctrl Pts',(209.990084732933,-36.1088926650265,31.2088938699964));
#9961=CARTESIAN_POINT('Ctrl Pts',(209.990009568049,-36.1089708426903,31.2089720471566));
#9962=CARTESIAN_POINT('Ctrl Pts',(209.989934405648,-36.1090490199847,31.2090502265838));
#9963=CARTESIAN_POINT('Ctrl Pts',(209.989859246887,-36.1091271979207,31.2091284062042));
#9964=CARTESIAN_POINT('',(228.315372675616,2.78174593052007,15.1));
#9965=CARTESIAN_POINT('Ctrl Pts',(209.990082990615,-36.1088925050488,31.208892506463));
#9966=CARTESIAN_POINT('Ctrl Pts',(212.057563467615,-33.9585848219201,29.0586107577707));
#9967=CARTESIAN_POINT('Ctrl Pts',(214.117637726944,-31.5151562799655,26.9763832392332));
#9968=CARTESIAN_POINT('Ctrl Pts',(218.159184275714,-25.8860052733037,23.0264803139002));
#9969=CARTESIAN_POINT('Ctrl Pts',(220.120312171159,-22.6555116793101,21.1899459728795));
#9970=CARTESIAN_POINT('Ctrl Pts',(223.531798113075,-15.7351930279936,18.1734108658555));
#9971=CARTESIAN_POINT('Ctrl Pts',(224.984658987694,-12.0385055429411,16.9910163789294));
#9972=CARTESIAN_POINT('Ctrl Pts',(227.147638404659,-4.6228086363494,15.4773224050267));
#9973=CARTESIAN_POINT('Ctrl Pts',(227.896434044331,-0.917735702714721,15.1));
#9974=CARTESIAN_POINT('Ctrl Pts',(228.315372675616,2.78174593052008,15.1));
#9975=CARTESIAN_POINT('',(470.25,2.78174593052007,15.1));
#9976=CARTESIAN_POINT('Origin',(470.25,2.78174593052007,-144.1));
#9977=CARTESIAN_POINT('',(202.824379869539,2.78174593052007,-89.1));
#9978=CARTESIAN_POINT('',(187.839451211296,-34.0003187436737,-103.208928623678));
#9979=CARTESIAN_POINT('Ctrl Pts',(187.839451211296,-34.0003187436737,-103.208928623678));
#9980=CARTESIAN_POINT('Ctrl Pts',(190.147783360119,-31.4329434953986,-100.899540308662));
#9981=CARTESIAN_POINT('Ctrl Pts',(192.200543406566,-28.5090248751987,-98.7133019375568));
#9982=CARTESIAN_POINT('Ctrl Pts',(195.814873030203,-22.0794316409586,-94.8983304490006));
#9983=CARTESIAN_POINT('Ctrl Pts',(197.370824795195,-18.5921648638025,-93.2711789961112));
#9984=CARTESIAN_POINT('Ctrl Pts',(200.644430545071,-9.31332273443222,-90.126090838452));
#9985=CARTESIAN_POINT('Ctrl Pts',(202.020125616841,-3.3497253296045,-89.1000000000002));
#9986=CARTESIAN_POINT('Ctrl Pts',(202.824379869539,2.78174593051822,-89.1));
#9987=CARTESIAN_POINT('',(228.315372675616,2.78174593052007,-89.1));
#9988=CARTESIAN_POINT('',(470.25,2.78174593052007,-89.1));
#9989=CARTESIAN_POINT('',(209.990082990615,-36.1088925050488,-105.208892506463));
#9990=CARTESIAN_POINT('Ctrl Pts',(228.315372675616,2.78174593052006,-89.1));
#9991=CARTESIAN_POINT('Ctrl Pts',(227.896320810635,-0.918735624770448,-89.1));
#9992=CARTESIAN_POINT('Ctrl Pts',(227.147233618432,-4.6247996763599,-89.4775275831856));
#9993=CARTESIAN_POINT('Ctrl Pts',(224.983606270993,-12.0414733596574,-90.9918361266486));
#9994=CARTESIAN_POINT('Ctrl Pts',(223.530529722499,-15.7381934481567,-92.1744737250727));
#9995=CARTESIAN_POINT('Ctrl Pts',(220.118621383014,-22.658513689561,-95.191499756145));
#9996=CARTESIAN_POINT('Ctrl Pts',(218.157286641088,-25.8889754517489,-97.0282822330282));
#9997=CARTESIAN_POINT('Ctrl Pts',(214.11617880221,-31.516885405468,-100.977857867641));
#9998=CARTESIAN_POINT('Ctrl Pts',(212.056847304448,-33.9593296759473,-103.059355602814));
#9999=CARTESIAN_POINT('Ctrl Pts',(209.990082990615,-36.1088925050489,-105.208892506463));
#10000=CARTESIAN_POINT('',(209.989857493586,-36.1091270347404,-105.20912703474));
#10001=CARTESIAN_POINT('Ctrl Pts',(209.989859233599,-36.1091271966987,-105.209128395801));
#10002=CARTESIAN_POINT('Ctrl Pts',(209.989934392368,-36.1090490187592,-105.209050216179));
#10003=CARTESIAN_POINT('Ctrl Pts',(209.990009554773,-36.1089708414659,-105.208972036754));
#10004=CARTESIAN_POINT('Ctrl Pts',(209.990084719655,-36.108892663808,-105.208893859601));
#10005=CARTESIAN_POINT('',(186.01000957082,-36.109127034743,-105.209127034743));
#10006=CARTESIAN_POINT('',(470.25,-36.10912703474,-105.20912703474));
#10007=CARTESIAN_POINT('Ctrl Pts',(186.010035772173,-36.1091270150408,-105.209168055877));
#10008=CARTESIAN_POINT('Ctrl Pts',(186.042919372359,-36.069711258389,-105.169753034891));
#10009=CARTESIAN_POINT('Ctrl Pts',(186.075896301892,-36.0302765519228,-105.130438907733));
#10010=CARTESIAN_POINT('Ctrl Pts',(186.108965555828,-35.9908234952018,-105.091225525632));
#10011=CARTESIAN_POINT('Ctrl Pts',(186.653515649993,-35.3411515735418,-104.445500316451));
#10012=CARTESIAN_POINT('Ctrl Pts',(187.230725597127,-34.6774038878473,-103.818043221552));
#10013=CARTESIAN_POINT('Ctrl Pts',(187.839500904835,-34.0003186860376,-103.209006588729));
#10014=CARTESIAN_POINT('Origin',(472.,-39.9000000000002,-89.1));
#10015=CARTESIAN_POINT('Ctrl Pts',(202.870976147132,3.14813371426335,-89.0999999402698));
#10016=CARTESIAN_POINT('Ctrl Pts',(202.855919251254,3.0259068997108,-89.0999999328346));
#10017=CARTESIAN_POINT('Ctrl Pts',(202.840384037233,2.90377730058912,-89.1000012096122));
#10018=CARTESIAN_POINT('Ctrl Pts',(202.824372772899,2.78174572091873,-89.1000045187224));
#10019=CARTESIAN_POINT('Origin',(-50.0000000000005,34.298880722335,-89.1));
#10020=CARTESIAN_POINT('Ctrl Pts',(175.603325759032,-33.9176853374623,-83.7923452417919));
#10021=CARTESIAN_POINT('Ctrl Pts',(179.686559310782,-33.9462592266538,-90.2630186547475));
#10022=CARTESIAN_POINT('Ctrl Pts',(183.765044852412,-33.9737692835288,-96.7352800042577));
#10023=CARTESIAN_POINT('Ctrl Pts',(187.839451211296,-34.0003187436736,-103.208928623678));
#10024=CARTESIAN_POINT('Ctrl Pts',(181.142226676766,-28.7642174796444,-80.4508092500697));
#10025=CARTESIAN_POINT('Ctrl Pts',(185.21613830908,-28.7811662156645,-86.9257350040515));
#10026=CARTESIAN_POINT('Ctrl Pts',(189.285706643019,-28.7977233098389,-93.4020723948379));
#10027=CARTESIAN_POINT('Ctrl Pts',(193.351605802006,-28.8137970805645,-99.879628217097));
#10028=CARTESIAN_POINT('Ctrl Pts',(189.082843014518,-17.1530921330283,-75.7202853912365));
#10029=CARTESIAN_POINT('Ctrl Pts',(193.136050575506,-17.1540784169874,-82.2040706350815));
#10030=CARTESIAN_POINT('Ctrl Pts',(197.185957052197,-17.1554937465518,-88.6888710759696));
#10031=CARTESIAN_POINT('Ctrl Pts',(201.23303393344,-17.1572444678984,-95.1745593222593));
#10032=CARTESIAN_POINT('Ctrl Pts',(192.594843081279,-3.02998732196216,-73.7556025165063));
#10033=CARTESIAN_POINT('Ctrl Pts',(196.623570934476,-3.02493822692013,-80.2490321431765));
#10034=CARTESIAN_POINT('Ctrl Pts',(200.650249932742,-3.02074196964677,-86.7430439222617));
#10035=CARTESIAN_POINT('Ctrl Pts',(204.675173199623,-3.01719436068988,-93.2375723005611));
#10036=CARTESIAN_POINT('Ctrl Pts',(193.206043589249,3.13602607290906,-73.4663083159848));
#10037=CARTESIAN_POINT('Ctrl Pts',(197.224205003114,3.1417551724793,-79.9637694838938));
#10038=CARTESIAN_POINT('Ctrl Pts',(201.240857697114,3.14655779853084,-86.4616352288195));
#10039=CARTESIAN_POINT('Ctrl Pts',(205.256234177953,3.15064938633761,-92.9598568496414));
#10040=CARTESIAN_POINT('',(187.770811940075,-33.9998713911365,-103.099871391136));
#10041=CARTESIAN_POINT('Ctrl Pts',(187.770811941107,-33.999871391229,-103.099871390839));
#10042=CARTESIAN_POINT('Ctrl Pts',(187.793691826545,-34.0000205390135,-103.136223758016));
#10043=CARTESIAN_POINT('Ctrl Pts',(187.816571583236,-34.0001696564889,-103.172576168975));
#10044=CARTESIAN_POINT('Ctrl Pts',(187.839451211296,-34.0003187436736,-103.208928623678));
#10045=CARTESIAN_POINT('Ctrl Pts',(187.770811941107,-33.999871391229,-103.099871390839));
#10046=CARTESIAN_POINT('Ctrl Pts',(186.448387862897,-33.9912508663589,-100.998757476423));
#10047=CARTESIAN_POINT('Ctrl Pts',(185.12553367831,-33.9825290888939,-98.8977898189974));
#10048=CARTESIAN_POINT('Ctrl Pts',(183.802226519848,-33.9737025291649,-96.79697527944));
#10049=CARTESIAN_POINT('Origin',(472.,-39.9000000000002,15.1));
#10050=CARTESIAN_POINT('Origin',(-50.0000000000005,34.298880722335,15.1));
#10051=CARTESIAN_POINT('Ctrl Pts',(177.482773067521,-40.0000000000002,-100.847900375008));
#10052=CARTESIAN_POINT('Ctrl Pts',(179.24498382409,-40.0000000000002,-103.596953245547));
#10053=CARTESIAN_POINT('Ctrl Pts',(181.006492259505,-40.0000000000002,-106.347431015488));
#10054=CARTESIAN_POINT('Ctrl Pts',(182.767820060434,-40.0000000000002,-109.1));
#10055=CARTESIAN_POINT('Ctrl Pts',(179.589257003644,-37.9912341277697,-99.4975921686593));
#10056=CARTESIAN_POINT('Ctrl Pts',(181.349331054989,-37.9905735730004,-102.248840570685));
#10057=CARTESIAN_POINT('Ctrl Pts',(183.108739147984,-37.9899330677031,-105.001461611368));
#10058=CARTESIAN_POINT('Ctrl Pts',(184.868000801832,-37.9893109140554,-107.756125696535));
#10059=CARTESIAN_POINT('Ctrl Pts',(181.695740939766,-35.9824682555393,-98.1472839623105));
#10060=CARTESIAN_POINT('Ctrl Pts',(183.453678285888,-35.9811471460006,-100.900727895823));
#10061=CARTESIAN_POINT('Ctrl Pts',(185.210986036463,-35.979866135406,-103.655492207248));
#10062=CARTESIAN_POINT('Ctrl Pts',(186.968181543229,-35.9786218281107,-106.412251393071));
#10063=CARTESIAN_POINT('Ctrl Pts',(183.802224875888,-33.9737023833088,-96.7969757559618));
#10064=CARTESIAN_POINT('Ctrl Pts',(185.558025516787,-33.9717207190009,-99.5526152209608));
#10065=CARTESIAN_POINT('Ctrl Pts',(187.313232924941,-33.9697992031089,-102.309522803129));
#10066=CARTESIAN_POINT('Ctrl Pts',(189.068362284627,-33.9679327421659,-105.068377089606));
#10067=CARTESIAN_POINT('Ctrl Pts',(186.010035772173,-36.1091270150409,-105.209168055877));
#10068=CARTESIAN_POINT('Ctrl Pts',(184.92835057463,-37.4056833465948,-106.505700168492));
#10069=CARTESIAN_POINT('Ctrl Pts',(183.847614309072,-38.7026377004848,-107.802637700485));
#10070=CARTESIAN_POINT('Ctrl Pts',(182.767820060435,-40.0000000000001,-109.1));
#10071=CARTESIAN_POINT('Origin',(468.5,-30.0000000000002,-99.1));
#10072=CARTESIAN_POINT('Ctrl Pts',(211.0935221771,-40.0000000000002,-109.1));
#10073=CARTESIAN_POINT('Ctrl Pts',(210.751992399345,-40.0000000000002,-109.1));
#10074=CARTESIAN_POINT('Ctrl Pts',(210.40985668758,-39.9629454144686,-109.062945414467));
#10075=CARTESIAN_POINT('Ctrl Pts',(209.853626232351,-39.8030047091863,-108.903004709185));
#10076=CARTESIAN_POINT('Ctrl Pts',(209.636340202692,-39.7046838557188,-108.804683855719));
#10077=CARTESIAN_POINT('Ctrl Pts',(209.276408326452,-39.4521157141769,-108.552115714177));
#10078=CARTESIAN_POINT('Ctrl Pts',(209.140147291756,-39.3073610828819,-108.407361082882));
#10079=CARTESIAN_POINT('Ctrl Pts',(208.921824208096,-38.9547948614626,-108.054794861462));
#10080=CARTESIAN_POINT('Ctrl Pts',(208.860039807072,-38.7470768820263,-107.847076882026));
#10081=CARTESIAN_POINT('Ctrl Pts',(208.811166768443,-38.2252273993674,-107.325227399367));
#10082=CARTESIAN_POINT('Ctrl Pts',(208.874341787439,-37.9048554519305,-107.00485545193));
#10083=CARTESIAN_POINT('Ctrl Pts',(209.173445690644,-37.1129623380273,-106.212962338027));
#10084=CARTESIAN_POINT('Ctrl Pts',(209.516448922048,-36.6015461005824,-105.701546100582));
#10085=CARTESIAN_POINT('Ctrl Pts',(209.989857501381,-36.1091270384876,-105.209127038487));
#10086=CARTESIAN_POINT('Ctrl Pts',(241.513542839686,15.6078457520118,-2.92686343557178));
#10087=CARTESIAN_POINT('Ctrl Pts',(241.515030900521,15.6077155623032,-2.92910344828213));
#10088=CARTESIAN_POINT('Ctrl Pts',(241.516518961185,15.607585377246,-2.93134346030094));
#10089=CARTESIAN_POINT('Ctrl Pts',(241.518007021641,15.6074551968443,-2.93358347157122));
#10090=CARTESIAN_POINT('Ctrl Pts',(241.361863773684,15.821839008074,-3.04006805261764));
#10091=CARTESIAN_POINT('Ctrl Pts',(241.363345460743,15.8217093764168,-3.04229843395854));
#10092=CARTESIAN_POINT('Ctrl Pts',(241.364827085114,15.8215797533352,-3.04452885637739));
#10093=CARTESIAN_POINT('Ctrl Pts',(241.366308646737,15.8214501388347,-3.04675931978544));
#10094=CARTESIAN_POINT('Ctrl Pts',(241.210184707682,16.0358322641362,-3.15327266966349));
#10095=CARTESIAN_POINT('Ctrl Pts',(241.211660020965,16.0357031905304,-3.15549341963494));
#10096=CARTESIAN_POINT('Ctrl Pts',(241.213135209042,16.0355741294243,-3.15771425245384));
#10097=CARTESIAN_POINT('Ctrl Pts',(241.214610271833,16.0354450808251,-3.15993516799966));
#10098=CARTESIAN_POINT('Ctrl Pts',(241.058505641679,16.2498255201984,-3.26647728670935));
#10099=CARTESIAN_POINT('Ctrl Pts',(241.059974581188,16.249697004644,-3.26868840531135));
#10100=CARTESIAN_POINT('Ctrl Pts',(241.061443332971,16.2495685055134,-3.27089964853029));
#10101=CARTESIAN_POINT('Ctrl Pts',(241.062911896929,16.2494400228154,-3.27311101621388));
#10102=CARTESIAN_POINT('',(241.513542839686,15.6078457520118,-2.92686343557179));
#10103=CARTESIAN_POINT('',(241.058505641679,16.2498255201984,-3.26647728670937));
#10104=CARTESIAN_POINT('Ctrl Pts',(241.518007021641,15.6074551968443,-2.93358347157122));
#10105=CARTESIAN_POINT('Ctrl Pts',(241.516518961185,15.607585377246,-2.93134346030094));
#10106=CARTESIAN_POINT('Ctrl Pts',(241.515030900521,15.6077155623032,-2.92910344828213));
#10107=CARTESIAN_POINT('Ctrl Pts',(241.513542839686,15.6078457520118,-2.92686343557178));
#10108=CARTESIAN_POINT('Ctrl Pts',(229.538082962231,16.6555734908077,15.0998670183104));
#10109=CARTESIAN_POINT('Ctrl Pts',(233.367699450484,16.3205217988489,9.3351923626622));
#10110=CARTESIAN_POINT('Ctrl Pts',(237.352648318372,15.9718803619212,3.33662821737839));
#10111=CARTESIAN_POINT('Ctrl Pts',(241.513542839686,15.6078457520118,-2.92686343557179));
#10112=CARTESIAN_POINT('Ctrl Pts',(229.386261474044,16.8695756208601,14.9865640909557));
#10113=CARTESIAN_POINT('Ctrl Pts',(233.215925452417,16.5345209952491,9.22192223839967));
#10114=CARTESIAN_POINT('Ctrl Pts',(237.200921794384,16.1858766002966,3.22339086318824));
#10115=CARTESIAN_POINT('Ctrl Pts',(241.361863773684,15.821839008074,-3.04006805261765));
#10116=CARTESIAN_POINT('Ctrl Pts',(229.234439985858,17.0835777509125,14.8732611636009));
#10117=CARTESIAN_POINT('Ctrl Pts',(233.06415145435,16.7485201916493,9.10865211413713));
#10118=CARTESIAN_POINT('Ctrl Pts',(237.049195270397,16.3998728386721,3.11015350899811));
#10119=CARTESIAN_POINT('Ctrl Pts',(241.210184707682,16.0358322641362,-3.15327266966351));
#10120=CARTESIAN_POINT('Ctrl Pts',(229.082618497671,17.2975798809649,14.7599582362462));
#10121=CARTESIAN_POINT('Ctrl Pts',(232.912377456283,16.9625193880495,8.99538198987459));
#10122=CARTESIAN_POINT('Ctrl Pts',(236.897468746409,16.6138690770476,2.99691615480797));
#10123=CARTESIAN_POINT('Ctrl Pts',(241.058505641679,16.2498255201984,-3.26647728670936));
#10124=CARTESIAN_POINT('Ctrl Pts',(241.513542839686,15.6078457520118,-2.92686343557179));
#10125=CARTESIAN_POINT('Ctrl Pts',(237.352648318372,15.9718803619212,3.33662821737839));
#10126=CARTESIAN_POINT('Ctrl Pts',(233.367699450484,16.3205217988489,9.3351923626622));
#10127=CARTESIAN_POINT('Ctrl Pts',(229.538082962231,16.6555734908077,15.0998670183104));
#10128=CARTESIAN_POINT('Ctrl Pts',(241.513542839686,15.6078457520118,-71.0731365644282));
#10129=CARTESIAN_POINT('Ctrl Pts',(241.515030900521,15.6077155623032,-71.0708965517178));
#10130=CARTESIAN_POINT('Ctrl Pts',(241.516518961185,15.607585377246,-71.0686565396991));
#10131=CARTESIAN_POINT('Ctrl Pts',(241.518007021641,15.6074551968443,-71.0664165284288));
#10132=CARTESIAN_POINT('Ctrl Pts',(241.361863773684,15.821839008074,-70.9599319473823));
#10133=CARTESIAN_POINT('Ctrl Pts',(241.363345460743,15.8217093764168,-70.9577015660414));
#10134=CARTESIAN_POINT('Ctrl Pts',(241.364827085114,15.8215797533352,-70.9554711436226));
#10135=CARTESIAN_POINT('Ctrl Pts',(241.366308646737,15.8214501388347,-70.9532406802145));
#10136=CARTESIAN_POINT('Ctrl Pts',(241.210184707682,16.0358322641362,-70.8467273303365));
#10137=CARTESIAN_POINT('Ctrl Pts',(241.211660020965,16.0357031905304,-70.844506580365));
#10138=CARTESIAN_POINT('Ctrl Pts',(241.213135209042,16.0355741294243,-70.8422857475462));
#10139=CARTESIAN_POINT('Ctrl Pts',(241.214610271833,16.0354450808251,-70.8400648320003));
#10140=CARTESIAN_POINT('Ctrl Pts',(241.058505641679,16.2498255201984,-70.7335227132906));
#10141=CARTESIAN_POINT('Ctrl Pts',(241.059974581188,16.249697004644,-70.7313115946886));
#10142=CARTESIAN_POINT('Ctrl Pts',(241.061443332971,16.2495685055134,-70.7291003514697));
#10143=CARTESIAN_POINT('Ctrl Pts',(241.062911896929,16.2494400228154,-70.7268889837861));
#10144=CARTESIAN_POINT('',(241.518007021641,15.6074551968443,-71.0664165284288));
#10145=CARTESIAN_POINT('',(241.518007021641,15.6074551968443,-71.0664165284288));
#10146=CARTESIAN_POINT('',(241.513542839686,15.6078457520118,-71.0731365644282));
#10147=CARTESIAN_POINT('Ctrl Pts',(241.518007021641,15.6074551968443,-71.0664165284288));
#10148=CARTESIAN_POINT('Ctrl Pts',(241.516518961185,15.607585377246,-71.0686565396991));
#10149=CARTESIAN_POINT('Ctrl Pts',(241.515030900521,15.6077155623032,-71.0708965517178));
#10150=CARTESIAN_POINT('Ctrl Pts',(241.513542839686,15.6078457520118,-71.0731365644282));
#10151=CARTESIAN_POINT('',(241.058505641679,16.2498255201984,-70.7335227132906));
#10152=CARTESIAN_POINT('Ctrl Pts',(229.538082962231,16.6555734908077,-89.0998670183104));
#10153=CARTESIAN_POINT('Ctrl Pts',(233.367699450484,16.3205217988489,-83.3351923626622));
#10154=CARTESIAN_POINT('Ctrl Pts',(237.352648318372,15.9718803619212,-77.3366282173784));
#10155=CARTESIAN_POINT('Ctrl Pts',(241.513542839686,15.6078457520118,-71.0731365644282));
#10156=CARTESIAN_POINT('Ctrl Pts',(229.386261474044,16.8695756208601,-88.9865640909557));
#10157=CARTESIAN_POINT('Ctrl Pts',(233.215925452417,16.5345209952491,-83.2219222383996));
#10158=CARTESIAN_POINT('Ctrl Pts',(237.200921794384,16.1858766002966,-77.2233908631882));
#10159=CARTESIAN_POINT('Ctrl Pts',(241.361863773684,15.821839008074,-70.9599319473823));
#10160=CARTESIAN_POINT('Ctrl Pts',(229.234439985858,17.0835777509125,-88.8732611636009));
#10161=CARTESIAN_POINT('Ctrl Pts',(233.06415145435,16.7485201916493,-83.1086521141371));
#10162=CARTESIAN_POINT('Ctrl Pts',(237.049195270397,16.3998728386721,-77.1101535089981));
#10163=CARTESIAN_POINT('Ctrl Pts',(241.210184707682,16.0358322641362,-70.8467273303365));
#10164=CARTESIAN_POINT('Ctrl Pts',(229.082618497671,17.2975798809649,-88.7599582362462));
#10165=CARTESIAN_POINT('Ctrl Pts',(232.912377456283,16.9625193880495,-82.9953819898746));
#10166=CARTESIAN_POINT('Ctrl Pts',(236.897468746409,16.6138690770476,-76.9969161548079));
#10167=CARTESIAN_POINT('Ctrl Pts',(241.058505641679,16.2498255201984,-70.7335227132906));
#10168=CARTESIAN_POINT('Ctrl Pts',(241.513542839686,15.6078457520118,-71.0731365644282));
#10169=CARTESIAN_POINT('Ctrl Pts',(237.352648318372,15.9718803619212,-77.3366282173784));
#10170=CARTESIAN_POINT('Ctrl Pts',(233.367699450484,16.3205217988489,-83.3351923626622));
#10171=CARTESIAN_POINT('Ctrl Pts',(229.538082962231,16.6555734908077,-89.0998670183104));
#10172=CARTESIAN_POINT('Ctrl Pts',(142.488898576508,-111.850394575403,66.9497722442417));
#10173=CARTESIAN_POINT('Ctrl Pts',(160.548222919024,-111.850394575403,-75.4893655550989));
#10174=CARTESIAN_POINT('Ctrl Pts',(124.511595031978,-111.850394575403,-214.472848830121));
#10175=CARTESIAN_POINT('Ctrl Pts',(152.058096051577,-98.7546815470016,68.1630149215688));
#10176=CARTESIAN_POINT('Ctrl Pts',(170.350633764307,-98.7546815470016,-76.1155444832928));
#10177=CARTESIAN_POINT('Ctrl Pts',(133.848638331868,-98.7546815470016,-216.89382394914));
#10178=CARTESIAN_POINT('Ctrl Pts',(160.317659845653,-84.7361461851813,69.2102140536996));
#10179=CARTESIAN_POINT('Ctrl Pts',(178.811493509684,-84.7361461851813,-76.6560250008492));
#10180=CARTESIAN_POINT('Ctrl Pts',(141.907820408989,-84.7361461851813,-218.983466104765));
#10181=CARTESIAN_POINT('Ctrl Pts',(167.146681638798,-70.0000000000002,70.0760401279788));
#10182=CARTESIAN_POINT('Ctrl Pts',(185.806947147485,-70.0000000000002,-77.1028952382109));
#10183=CARTESIAN_POINT('Ctrl Pts',(148.571166248034,-70.0000000000002,-220.711185894384));
#10184=CARTESIAN_POINT('Ctrl Pts',(171.657865514002,-60.2654483955575,70.6479962211545));
#10185=CARTESIAN_POINT('Ctrl Pts',(190.42807424394,-60.2654483955575,-77.3980932724473));
#10186=CARTESIAN_POINT('Ctrl Pts',(152.972906235769,-60.2654483955575,-221.85250040353));
#10187=CARTESIAN_POINT('Ctrl Pts',(175.532600307793,-50.2440512996096,71.1392593210538));
#10188=CARTESIAN_POINT('Ctrl Pts',(194.3972411949,-50.2440512996096,-77.6516440311742));
#10189=CARTESIAN_POINT('Ctrl Pts',(156.753637758917,-50.2440512996096,-222.832795412909));
#10190=CARTESIAN_POINT('Ctrl Pts',(178.746125591926,-40.0000000000002,71.5466901457952));
#10191=CARTESIAN_POINT('Ctrl Pts',(197.689084129362,-40.0000000000002,-77.8619272679227));
#10192=CARTESIAN_POINT('Ctrl Pts',(159.889201091309,-40.0000000000002,-223.645806616564));
#10193=CARTESIAN_POINT('Ctrl Pts',(188.344106261061,-9.40363070029328,72.7635821364031));
#10194=CARTESIAN_POINT('Ctrl Pts',(207.520979651331,-9.40363070029328,-78.4899896800407));
#10195=CARTESIAN_POINT('Ctrl Pts',(169.254329288603,-9.40363070029328,-226.074063787904));
#10196=CARTESIAN_POINT('Ctrl Pts',(191.921634862688,22.7899272768693,73.2171635772878));
#10197=CARTESIAN_POINT('Ctrl Pts',(211.185697121658,22.7899272768693,-78.7240921772654));
#10198=CARTESIAN_POINT('Ctrl Pts',(172.745065010905,22.7899272768693,-226.979166619639));
#10199=CARTESIAN_POINT('Ctrl Pts',(189.277343039298,54.7685950876614,72.8819037292386));
#10200=CARTESIAN_POINT('Ctrl Pts',(208.47696058286,54.7685950876614,-78.5510578320012));
#10201=CARTESIAN_POINT('Ctrl Pts',(170.16492521163,54.7685950876614,-226.310169587387));
#10202=CARTESIAN_POINT('',(181.242256604893,-46.0154718305501,-79.1));
#10203=CARTESIAN_POINT('Ctrl Pts',(181.24124892376,-46.0154718305501,-79.0999326484068));
#10204=CARTESIAN_POINT('Ctrl Pts',(179.447847538645,-46.0154718305501,-105.931914658071));
#10205=CARTESIAN_POINT('Ctrl Pts',(176.270493878209,-46.0154718305502,-132.671435390634));
#10206=CARTESIAN_POINT('Ctrl Pts',(171.722252163784,-46.0154718305502,-159.175884968545));
#10207=CARTESIAN_POINT('',(182.916872682782,-46.01547183055,-36.9999999999995));
#10208=CARTESIAN_POINT('Ctrl Pts',(182.916872681471,-46.01547183055,-36.9999999998974));
#10209=CARTESIAN_POINT('Ctrl Pts',(182.737138715567,-46.01547183055,-51.0449881999151));
#10210=CARTESIAN_POINT('Ctrl Pts',(182.177976922289,-46.0154718305501,-65.0850729448926));
#10211=CARTESIAN_POINT('Ctrl Pts',(181.24124892376,-46.0154718305501,-79.0999326484068));
#10212=CARTESIAN_POINT('Ctrl Pts',(182.916872682782,-46.0154718305502,-37.0000000000022));
#10213=CARTESIAN_POINT('Ctrl Pts',(183.261000498071,-45.0172862510556,-37.0000000000022));
#10214=CARTESIAN_POINT('Ctrl Pts',(183.598709356586,-44.0168992519141,-36.9999999999999));
#10215=CARTESIAN_POINT('Ctrl Pts',(184.261302089045,-42.0116805472466,-36.9999999999999));
#10216=CARTESIAN_POINT('Ctrl Pts',(184.586176985465,-41.0068688554095,-37.0000000000011));
#10217=CARTESIAN_POINT('Ctrl Pts',(184.904582874539,-40.0000000000001,-37.0000000000011));
#10218=CARTESIAN_POINT('Ctrl Pts',(182.917276408894,-46.01547183055,-36.9684014111511));
#10219=CARTESIAN_POINT('Ctrl Pts',(182.394959215575,-46.0154718305501,-77.9136080409626));
#10220=CARTESIAN_POINT('Ctrl Pts',(178.647909483629,-46.0154718305502,-118.817270199777));
#10221=CARTESIAN_POINT('Ctrl Pts',(171.722252163784,-46.0154718305502,-159.175884968545));
#10222=CARTESIAN_POINT('Ctrl Pts',(181.64065319051,-49.7190809385738,-36.9521161775123));
#10223=CARTESIAN_POINT('Ctrl Pts',(181.119195270914,-49.7190809385739,-77.8299630867996));
#10224=CARTESIAN_POINT('Ctrl Pts',(177.378181887327,-49.719080938574,-118.667731069861));
#10225=CARTESIAN_POINT('Ctrl Pts',(170.463918095074,-49.719080938574,-158.959951131279));
#10226=CARTESIAN_POINT('Ctrl Pts',(181.143674053626,-56.7901329899087,-36.9457764672194));
#10227=CARTESIAN_POINT('Ctrl Pts',(180.622541398655,-56.7901329899087,-77.7981254081259));
#10228=CARTESIAN_POINT('Ctrl Pts',(176.884009727487,-56.7901329899088,-118.608802443904));
#10229=CARTESIAN_POINT('Ctrl Pts',(169.974058776856,-56.7901329899089,-158.875889827581));
#10230=CARTESIAN_POINT('Ctrl Pts',(183.779115839098,-63.2643901986264,-36.97939545879));
#10231=CARTESIAN_POINT('Ctrl Pts',(183.256222799256,-63.2643901986264,-77.9697435373719));
#10232=CARTESIAN_POINT('Ctrl Pts',(179.505037465138,-63.2643901986265,-118.918550886729));
#10233=CARTESIAN_POINT('Ctrl Pts',(172.57174471661,-63.2643901986265,-159.321660395932));
#10234=CARTESIAN_POINT('Ctrl Pts',(185.394335877986,-65.7186085968895,-36.9999999999988));
#10235=CARTESIAN_POINT('Ctrl Pts',(184.870363004326,-65.7186085968896,-78.0749978266349));
#10236=CARTESIAN_POINT('Ctrl Pts',(181.111435592201,-65.7186085968897,-119.108319491484));
#10237=CARTESIAN_POINT('Ctrl Pts',(174.163824802674,-65.7186085968897,-159.594866034059));
#10238=CARTESIAN_POINT('',(185.394335877986,-65.7186085968895,-37.0000000000003));
#10239=CARTESIAN_POINT('Ctrl Pts',(185.394335877986,-65.7186085968895,-36.9999999999988));
#10240=CARTESIAN_POINT('Ctrl Pts',(185.144599466199,-65.339212625627,-36.9999999999988));
#10241=CARTESIAN_POINT('Ctrl Pts',(184.9067163115,-64.9525355285111,-37.0000013873508));
#10242=CARTESIAN_POINT('Ctrl Pts',(184.680854618851,-64.5592111299974,-37.0000029479739));
#10243=CARTESIAN_POINT('Ctrl Pts',(184.452674899571,-64.1618500291123,-37.0000045246137));
#10244=CARTESIAN_POINT('Ctrl Pts',(184.236764388916,-63.7577040415374,-37.00000627497));
#10245=CARTESIAN_POINT('Ctrl Pts',(184.033339453946,-63.3473956083654,-37.0000074318706));
#10246=CARTESIAN_POINT('Ctrl Pts',(183.829665335208,-62.9365845711175,-37.0000085901883));
#10247=CARTESIAN_POINT('Ctrl Pts',(183.638507178957,-62.5195954876757,-37.0000091511027));
#10248=CARTESIAN_POINT('Ctrl Pts',(183.460128585455,-62.0970292001602,-37.0000088693076));
#10249=CARTESIAN_POINT('Ctrl Pts',(183.282594876539,-61.6764643845455,-37.0000085888473));
#10250=CARTESIAN_POINT('Ctrl Pts',(183.117719780597,-61.2503745701576,-37.0000074716881));
#10251=CARTESIAN_POINT('Ctrl Pts',(182.965812034136,-60.8193359323434,-37.0000058278447));
#10252=CARTESIAN_POINT('Ctrl Pts',(182.919088077508,-60.6867565801556,-37.0000053222295));
#10253=CARTESIAN_POINT('Ctrl Pts',(182.87359127248,-60.5537089521112,-37.0000047708559));
#10254=CARTESIAN_POINT('Ctrl Pts',(182.829331579504,-60.4202096175157,-37.0000041937604));
#10255=CARTESIAN_POINT('Ctrl Pts',(182.68486888063,-59.9844706216776,-37.0000023101327));
#10256=CARTESIAN_POINT('Ctrl Pts',(182.553871186967,-59.5447924426411,-37.000000041317));
#10257=CARTESIAN_POINT('Ctrl Pts',(182.436556490841,-59.1017907547747,-36.9999988061767));
#10258=CARTESIAN_POINT('Ctrl Pts',(182.319383776962,-58.6593252177645,-36.9999975725313));
#10259=CARTESIAN_POINT('Ctrl Pts',(182.215860768203,-58.21354370899,-36.999997367821));
#10260=CARTESIAN_POINT('Ctrl Pts',(182.126253152913,-57.7650413155711,-37.0000001265613));
#10261=CARTESIAN_POINT('Ctrl Pts',(182.115629760842,-57.7118693083206,-37.0000004536226));
#10262=CARTESIAN_POINT('Ctrl Pts',(182.105202010256,-57.6586590424634,-37.0000008229609));
#10263=CARTESIAN_POINT('Ctrl Pts',(182.094970391128,-57.6054114976121,-37.0000012383089));
#10264=CARTESIAN_POINT('Ctrl Pts',(182.008636709499,-57.1561124641805,-37.0000047429863));
#10265=CARTESIAN_POINT('Ctrl Pts',(181.936263062624,-56.7041597777279,-37.0000114780379));
#10266=CARTESIAN_POINT('Ctrl Pts',(181.877786009695,-56.2501886651392,-37.0000190429269));
#10267=CARTESIAN_POINT('Ctrl Pts',(181.819141199124,-55.7949152105319,-37.0000266295178));
#10268=CARTESIAN_POINT('Ctrl Pts',(181.774472826825,-55.3376112009942,-37.0000350508128));
#10269=CARTESIAN_POINT('Ctrl Pts',(181.743769073602,-54.8789151916922,-37.0000424411332));
#10270=CARTESIAN_POINT('Ctrl Pts',(181.73844057444,-54.7993105491091,-37.0000437236903));
#10271=CARTESIAN_POINT('Ctrl Pts',(181.733532789123,-54.7196639883762,-37.0000449765431));
#10272=CARTESIAN_POINT('Ctrl Pts',(181.729045815418,-54.6399788590176,-37.0000461916342));
#10273=CARTESIAN_POINT('Ctrl Pts',(181.703409301534,-54.184694504926,-37.0000531341085));
#10274=CARTESIAN_POINT('Ctrl Pts',(181.691568939147,-53.7292723860976,-37.0000585641299));
#10275=CARTESIAN_POINT('Ctrl Pts',(181.693369883505,-53.2743434855315,-37.0000618974596));
#10276=CARTESIAN_POINT('Ctrl Pts',(181.695185273937,-52.8157654234789,-37.0000652575273));
#10277=CARTESIAN_POINT('Ctrl Pts',(181.710861671334,-52.3576880113264,-37.0000664868122));
#10278=CARTESIAN_POINT('Ctrl Pts',(181.740292608053,-51.9007472593227,-37.0000655401879));
#10279=CARTESIAN_POINT('Ctrl Pts',(181.769824754998,-51.442235130999,-37.0000645903083));
#10280=CARTESIAN_POINT('Ctrl Pts',(181.813206215178,-50.9848669610643,-37.0000614496013));
#10281=CARTESIAN_POINT('Ctrl Pts',(181.870381731699,-50.5292829353349,-37.0000566285803));
#10282=CARTESIAN_POINT('Ctrl Pts',(181.927327580955,-50.0755289365708,-37.0000518269248));
#10283=CARTESIAN_POINT('Ctrl Pts',(181.997956956862,-49.6235442528627,-37.0000453591472));
#10284=CARTESIAN_POINT('Ctrl Pts',(182.082266403038,-49.1739669199853,-37.0000382733555));
#10285=CARTESIAN_POINT('Ctrl Pts',(182.165993520847,-48.7274948338653,-37.0000312365057));
#10286=CARTESIAN_POINT('Ctrl Pts',(182.263212464317,-48.28339645868,-37.0000235910708));
#10287=CARTESIAN_POINT('Ctrl Pts',(182.373969258589,-47.8423097839944,-37.0000168882946));
#10288=CARTESIAN_POINT('Ctrl Pts',(182.483064297856,-47.4078410147344,-37.0000102860844));
#10289=CARTESIAN_POINT('Ctrl Pts',(182.605294133837,-46.9762938127407,-37.0000045999734));
#10290=CARTESIAN_POINT('Ctrl Pts',(182.740749183522,-46.5482975089207,-37.0000018041861));
#10291=CARTESIAN_POINT('Ctrl Pts',(182.797159819112,-46.3700572470424,-37.0000006398726));
#10292=CARTESIAN_POINT('Ctrl Pts',(182.855864691694,-46.1924331021441,-36.9999999826442));
#10293=CARTESIAN_POINT('Ctrl Pts',(182.916872681471,-46.01547183055,-36.9999999998976));
#10294=CARTESIAN_POINT('',(183.725023525034,-65.7186085968896,-79.1));
#10295=CARTESIAN_POINT('Ctrl Pts',(174.163824802674,-65.7186085968897,-159.594866034059));
#10296=CARTESIAN_POINT('Ctrl Pts',(178.735815240085,-65.7186085968897,-132.952023013048));
#10297=CARTESIAN_POINT('Ctrl Pts',(181.926941183958,-65.7186085968896,-106.072398141056));
#10298=CARTESIAN_POINT('Ctrl Pts',(183.724016427131,-65.7186085968896,-79.0999329008049));
#10299=CARTESIAN_POINT('Ctrl Pts',(183.724016427131,-65.7186085968896,-79.0999329008049));
#10300=CARTESIAN_POINT('Ctrl Pts',(184.657782273846,-65.7186085968896,-65.0849566560671));
#10301=CARTESIAN_POINT('Ctrl Pts',(185.215172038742,-65.7186085968896,-51.0449146845076));
#10302=CARTESIAN_POINT('Ctrl Pts',(185.394335877986,-65.7186085968895,-36.9999999999988));
#10303=CARTESIAN_POINT('Ctrl Pts',(188.212549817704,-70.0000000000002,-36.9999999999987));
#10304=CARTESIAN_POINT('Ctrl Pts',(187.688424627121,-70.0000000000002,-78.2346478642746));
#10305=CARTESIAN_POINT('Ctrl Pts',(183.915824490135,-70.0000000000002,-119.427585369189));
#10306=CARTESIAN_POINT('Ctrl Pts',(176.941213318041,-70.0000000000002,-160.071474094363));
#10307=CARTESIAN_POINT('Ctrl Pts',(187.273297193628,-68.5728695322966,-36.9880613516509));
#10308=CARTESIAN_POINT('Ctrl Pts',(186.749797737678,-68.5728695322966,-78.1734806198666));
#10309=CARTESIAN_POINT('Ctrl Pts',(182.981701575331,-68.5728695322966,-119.317239325252));
#10310=CARTESIAN_POINT('Ctrl Pts',(176.015417146252,-68.5728695322966,-159.912604740928));
#10311=CARTESIAN_POINT('Ctrl Pts',(186.334044569551,-67.145739064593,-36.976122703303));
#10312=CARTESIAN_POINT('Ctrl Pts',(185.811170848235,-67.1457390645931,-78.1123133754589));
#10313=CARTESIAN_POINT('Ctrl Pts',(182.047578660527,-67.1457390645931,-119.206893281315));
#10314=CARTESIAN_POINT('Ctrl Pts',(175.089620974463,-67.1457390645931,-159.753735387493));
#10315=CARTESIAN_POINT('Ctrl Pts',(185.394791945474,-65.7186085968895,-36.9641840549551));
#10316=CARTESIAN_POINT('Ctrl Pts',(184.872543958792,-65.7186085968895,-78.0511461310509));
#10317=CARTESIAN_POINT('Ctrl Pts',(181.113455745724,-65.7186085968895,-119.096547237379));
#10318=CARTESIAN_POINT('Ctrl Pts',(174.163824802674,-65.7186085968895,-159.594866034059));
#10319=CARTESIAN_POINT('',(188.212549817705,-70.0000000000002,-36.9999999999987));
#10320=CARTESIAN_POINT('Ctrl Pts',(188.212549817704,-70.0000000000001,-36.9999999999998));
#10321=CARTESIAN_POINT('Ctrl Pts',(187.742847576096,-69.2864346830354,-36.9999999999998));
#10322=CARTESIAN_POINT('Ctrl Pts',(187.27314528708,-68.5728693972767,-36.9999999999995));
#10323=CARTESIAN_POINT('Ctrl Pts',(186.333740640679,-67.1457389294606,-36.9999999999995));
#10324=CARTESIAN_POINT('Ctrl Pts',(185.864038283293,-66.4321737474032,-36.9999999999999));
#10325=CARTESIAN_POINT('Ctrl Pts',(185.394335877986,-65.7186085968895,-36.9999999999999));
#10326=CARTESIAN_POINT('',(186.549229924551,-70.0000000000002,-79.1));
#10327=CARTESIAN_POINT('Ctrl Pts',(176.941213318041,-70.0000000000002,-160.071474094363));
#10328=CARTESIAN_POINT('Ctrl Pts',(181.540219247283,-70.0000000000002,-133.271200842942));
#10329=CARTESIAN_POINT('Ctrl Pts',(184.746995903396,-70.0000000000002,-106.232202060863));
#10330=CARTESIAN_POINT('Ctrl Pts',(186.54822195381,-70.0000000000002,-79.099933083991));
#10331=CARTESIAN_POINT('',(186.973040889156,-70.0000000000002,-72.2635424721389));
#10332=CARTESIAN_POINT('Ctrl Pts',(186.54822195381,-70.0000000000002,-79.099933083991));
#10333=CARTESIAN_POINT('Ctrl Pts',(186.699463425828,-70.0000000000002,-76.8217491224092));
#10334=CARTESIAN_POINT('Ctrl Pts',(186.840795395627,-70.0000000000002,-74.5429075813717));
#10335=CARTESIAN_POINT('Ctrl Pts',(186.972209977227,-70.0000000000002,-72.2634945677254));
#10336=CARTESIAN_POINT('Ctrl Pts',(188.212549817705,-70.0000000000002,-36.9999999999987));
#10337=CARTESIAN_POINT('Ctrl Pts',(188.137798057342,-70.0000000000002,-42.88096617213));
#10338=CARTESIAN_POINT('Ctrl Pts',(187.997106760459,-70.0000000000002,-48.7609093212545));
#10339=CARTESIAN_POINT('Ctrl Pts',(187.58389815643,-70.0000000000002,-60.5165319089048));
#10340=CARTESIAN_POINT('Ctrl Pts',(187.31139383716,-70.0000000000002,-66.3918418474471));
#10341=CARTESIAN_POINT('Ctrl Pts',(186.973040889156,-70.0000000000002,-72.2635424721389));
#10342=CARTESIAN_POINT('Origin',(211.664491023256,-70.0000000000002,-174.623898769897));
#10343=CARTESIAN_POINT('',(211.664491023256,-70.0000000000002,100.623898769897));
#10344=CARTESIAN_POINT('',(211.664491023256,-70.0000000000002,-168.761949384948));
#10345=CARTESIAN_POINT('',(212.100867646461,-45.0000000000001,100.623898769897));
#10346=CARTESIAN_POINT('',(212.100867646461,-45.0000000000001,-120.811949384948));
#10347=CARTESIAN_POINT('',(211.664491023256,-70.0000000000002,100.623898769897));
#10348=CARTESIAN_POINT('Origin',(218.514491023256,-45.0000000000001,-27.));
#10349=CARTESIAN_POINT('',(224.92811440005,-45.0000000000001,100.623898769897));
#10350=CARTESIAN_POINT('',(224.92811440005,-45.0000000000001,26.8119493849484));
#10351=CARTESIAN_POINT('',(211.664491023256,-45.0000000000001,100.623898769897));
#10352=CARTESIAN_POINT('Origin',(225.364491023256,-70.0000000000002,120.623898769897));
#10353=CARTESIAN_POINT('',(225.364491023256,-70.0000000000002,100.623898769897));
#10354=CARTESIAN_POINT('',(225.364491023256,-70.0000000000002,-21.1380506150516));
#10355=CARTESIAN_POINT('',(225.362404605796,-69.8804692237941,100.623898769897));
#10356=CARTESIAN_POINT('Ctrl Pts',(188.212549817704,-70.0000000000002,-36.9999999999998));
#10357=CARTESIAN_POINT('Ctrl Pts',(187.688424627121,-70.0000000000002,4.23464786427562));
#10358=CARTESIAN_POINT('Ctrl Pts',(183.915824490134,-70.0000000000002,45.4275853691892));
#10359=CARTESIAN_POINT('Ctrl Pts',(176.941213318041,-70.0000000000002,86.0714740943629));
#10360=CARTESIAN_POINT('Ctrl Pts',(187.273297193628,-68.5728695322966,-37.0119386483477));
#10361=CARTESIAN_POINT('Ctrl Pts',(186.749797737678,-68.5728695322966,4.1734806198676));
#10362=CARTESIAN_POINT('Ctrl Pts',(182.981701575331,-68.5728695322966,45.3172393252526));
#10363=CARTESIAN_POINT('Ctrl Pts',(176.015417146252,-68.5728695322966,85.9126047409282));
#10364=CARTESIAN_POINT('Ctrl Pts',(186.334044569551,-67.145739064593,-37.0238772966956));
#10365=CARTESIAN_POINT('Ctrl Pts',(185.811170848235,-67.1457390645931,4.11231337545986));
#10366=CARTESIAN_POINT('Ctrl Pts',(182.047578660527,-67.1457390645931,45.2068932813158));
#10367=CARTESIAN_POINT('Ctrl Pts',(175.089620974463,-67.1457390645931,85.7537353874935));
#10368=CARTESIAN_POINT('Ctrl Pts',(185.394791945474,-65.7186085968895,-37.0358159450435));
#10369=CARTESIAN_POINT('Ctrl Pts',(184.872543958792,-65.7186085968895,4.05114613105185));
#10370=CARTESIAN_POINT('Ctrl Pts',(181.113455745724,-65.7186085968895,45.0965472373791));
#10371=CARTESIAN_POINT('Ctrl Pts',(174.163824802674,-65.7186085968895,85.5948660340588));
#10372=CARTESIAN_POINT('',(186.899650420207,-70.0000000000002,-0.480344660382741));
#10373=CARTESIAN_POINT('Ctrl Pts',(186.899650420207,-70.0000000000002,-0.480344660382741));
#10374=CARTESIAN_POINT('Ctrl Pts',(187.259792578366,-70.0000000000002,-6.56084581485792));
#10375=CARTESIAN_POINT('Ctrl Pts',(187.549312286494,-70.0000000000002,-12.6453241553972));
#10376=CARTESIAN_POINT('Ctrl Pts',(187.986989682644,-70.0000000000002,-24.8197738411747));
#10377=CARTESIAN_POINT('Ctrl Pts',(188.13513261512,-70.0000000000002,-30.9093347456607));
#10378=CARTESIAN_POINT('Ctrl Pts',(188.212549817705,-70.0000000000002,-36.9999999999987));
#10379=CARTESIAN_POINT('',(186.549229924551,-70.0000000000002,5.09999999999998));
#10380=CARTESIAN_POINT('Ctrl Pts',(186.54822195381,-70.0000000000002,5.09993308399097));
#10381=CARTESIAN_POINT('Ctrl Pts',(186.671680736091,-70.0000000000002,3.2402459627501));
#10382=CARTESIAN_POINT('Ctrl Pts',(186.788536324842,-70.0000000000002,1.38012066365616));
#10383=CARTESIAN_POINT('Ctrl Pts',(186.898784430539,-70.0000000000002,-0.480395976086335));
#10384=CARTESIAN_POINT('',(176.941213318041,-70.0000000000002,86.0714740943629));
#10385=CARTESIAN_POINT('Ctrl Pts',(176.941213318041,-70.0000000000002,86.0714740943629));
#10386=CARTESIAN_POINT('Ctrl Pts',(181.540219247283,-70.0000000000002,59.2712008429422));
#10387=CARTESIAN_POINT('Ctrl Pts',(184.746995903396,-70.0000000000002,32.2322020608632));
#10388=CARTESIAN_POINT('Ctrl Pts',(186.54822195381,-70.0000000000002,5.09993308399097));
#10389=CARTESIAN_POINT('',(174.163824802674,-65.7186085968897,85.5948660340588));
#10390=CARTESIAN_POINT('',(168.003751970114,-56.2227520676582,84.5377793687203));
#10391=CARTESIAN_POINT('',(183.725023525034,-65.7186085968896,5.09999999999997));
#10392=CARTESIAN_POINT('Ctrl Pts',(174.163824802674,-65.7186085968897,85.5948660340588));
#10393=CARTESIAN_POINT('Ctrl Pts',(178.735815240085,-65.7186085968897,58.9520230130484));
#10394=CARTESIAN_POINT('Ctrl Pts',(181.926941183958,-65.7186085968896,32.0723981410556));
#10395=CARTESIAN_POINT('Ctrl Pts',(183.724016427131,-65.7186085968896,5.09993290080483));
#10396=CARTESIAN_POINT('Ctrl Pts',(183.724016427131,-65.7186085968896,5.09993290080483));
#10397=CARTESIAN_POINT('Ctrl Pts',(184.657782273846,-65.7186085968896,-8.91504334393257));
#10398=CARTESIAN_POINT('Ctrl Pts',(185.215172038743,-65.7186085968896,-22.9550853154918));
#10399=CARTESIAN_POINT('Ctrl Pts',(185.394335877986,-65.7186085968895,-37.0000000000003));
#10400=CARTESIAN_POINT('Ctrl Pts',(182.917276408894,-46.01547183055,-37.031598588848));
#10401=CARTESIAN_POINT('Ctrl Pts',(182.394959215575,-46.0154718305501,3.9136080409632));
#10402=CARTESIAN_POINT('Ctrl Pts',(178.647909483629,-46.0154718305502,44.8172701997774));
#10403=CARTESIAN_POINT('Ctrl Pts',(171.722252163784,-46.0154718305502,85.1758849685454));
#10404=CARTESIAN_POINT('Ctrl Pts',(181.64065319051,-49.7190809385738,-37.0478838224868));
#10405=CARTESIAN_POINT('Ctrl Pts',(181.119195270914,-49.7190809385739,3.82996308680024));
#10406=CARTESIAN_POINT('Ctrl Pts',(177.378181887327,-49.719080938574,44.6677310698611));
#10407=CARTESIAN_POINT('Ctrl Pts',(170.463918095074,-49.719080938574,84.9599511312791));
#10408=CARTESIAN_POINT('Ctrl Pts',(181.143553915248,-56.7901351254065,-37.0542250653239));
#10409=CARTESIAN_POINT('Ctrl Pts',(180.622421260277,-56.7901351254065,3.79812387558225));
#10410=CARTESIAN_POINT('Ctrl Pts',(176.883891310235,-56.7901351254066,44.608782123154));
#10411=CARTESIAN_POINT('Ctrl Pts',(169.973940359604,-56.7901351254066,84.8758695068312));
#10412=CARTESIAN_POINT('Ctrl Pts',(183.779115839098,-63.2643901986264,-37.0206045412091));
#10413=CARTESIAN_POINT('Ctrl Pts',(183.256222799256,-63.2643901986264,3.96974353737256));
#10414=CARTESIAN_POINT('Ctrl Pts',(179.505037465138,-63.2643901986265,44.9185508867291));
#10415=CARTESIAN_POINT('Ctrl Pts',(172.57174471661,-63.2643901986265,85.3216603959316));
#10416=CARTESIAN_POINT('Ctrl Pts',(185.394335877986,-65.7186085968895,-37.0000000000003));
#10417=CARTESIAN_POINT('Ctrl Pts',(184.870363004326,-65.7186085968896,4.07499782663558));
#10418=CARTESIAN_POINT('Ctrl Pts',(181.111435592201,-65.7186085968897,45.1083194914842));
#10419=CARTESIAN_POINT('Ctrl Pts',(174.163824802674,-65.7186085968897,85.5948660340588));
#10420=CARTESIAN_POINT('',(171.722252163784,-46.0154718305501,85.1758849685454));
#10421=CARTESIAN_POINT('Origin',(192.68736964795,-53.3483141404678,88.7735609590998));
#10422=CARTESIAN_POINT('',(181.242256604893,-46.0154718305501,5.09999999999998));
#10423=CARTESIAN_POINT('Ctrl Pts',(181.24124892376,-46.0154718305501,5.09993264840672));
#10424=CARTESIAN_POINT('Ctrl Pts',(179.447847538645,-46.0154718305501,31.9319146580714));
#10425=CARTESIAN_POINT('Ctrl Pts',(176.270493878209,-46.0154718305502,58.6714353906343));
#10426=CARTESIAN_POINT('Ctrl Pts',(171.722252163784,-46.0154718305502,85.1758849685454));
#10427=CARTESIAN_POINT('Ctrl Pts',(182.916872681471,-46.01547183055,-37.0000000001017));
#10428=CARTESIAN_POINT('Ctrl Pts',(182.737138715567,-46.01547183055,-22.9550118000843));
#10429=CARTESIAN_POINT('Ctrl Pts',(182.177976922289,-46.01547183055,-8.91492705510717));
#10430=CARTESIAN_POINT('Ctrl Pts',(181.24124892376,-46.0154718305501,5.09993264840672));
#10431=CARTESIAN_POINT('Ctrl Pts',(142.488898576509,-111.850394575403,-140.949772244241));
#10432=CARTESIAN_POINT('Ctrl Pts',(160.548222919024,-111.850394575403,1.48936555509908));
#10433=CARTESIAN_POINT('Ctrl Pts',(124.511595031978,-111.850394575403,140.472848830121));
#10434=CARTESIAN_POINT('Ctrl Pts',(152.058096051577,-98.7546815470016,-142.163014921569));
#10435=CARTESIAN_POINT('Ctrl Pts',(170.350633764307,-98.7546815470016,2.11554448329299));
#10436=CARTESIAN_POINT('Ctrl Pts',(133.848638331868,-98.7546815470016,142.89382394914));
#10437=CARTESIAN_POINT('Ctrl Pts',(160.317659845653,-84.7361461851813,-143.210214053699));
#10438=CARTESIAN_POINT('Ctrl Pts',(178.811493509684,-84.7361461851813,2.65602500084934));
#10439=CARTESIAN_POINT('Ctrl Pts',(141.907820408989,-84.7361461851813,144.983466104765));
#10440=CARTESIAN_POINT('Ctrl Pts',(167.146681638798,-70.0000000000002,-144.076040127978));
#10441=CARTESIAN_POINT('Ctrl Pts',(185.806947147485,-70.0000000000002,3.10289523821103));
#10442=CARTESIAN_POINT('Ctrl Pts',(148.571166248034,-70.0000000000002,146.711185894384));
#10443=CARTESIAN_POINT('Ctrl Pts',(171.657865514002,-60.2654483955575,-144.647996221154));
#10444=CARTESIAN_POINT('Ctrl Pts',(190.42807424394,-60.2654483955575,3.3980932724475));
#10445=CARTESIAN_POINT('Ctrl Pts',(152.972906235769,-60.2654483955575,147.85250040353));
#10446=CARTESIAN_POINT('Ctrl Pts',(175.532600307793,-50.2440512996096,-145.139259321053));
#10447=CARTESIAN_POINT('Ctrl Pts',(194.3972411949,-50.2440512996096,3.65164403117442));
#10448=CARTESIAN_POINT('Ctrl Pts',(156.753637758917,-50.2440512996096,148.832795412909));
#10449=CARTESIAN_POINT('Ctrl Pts',(178.746125591926,-40.0000000000002,-145.546690145795));
#10450=CARTESIAN_POINT('Ctrl Pts',(197.689084129362,-40.0000000000002,3.86192726792287));
#10451=CARTESIAN_POINT('Ctrl Pts',(159.889201091309,-40.0000000000002,149.645806616564));
#10452=CARTESIAN_POINT('Ctrl Pts',(188.344106261062,-9.40363070029328,-146.763582136403));
#10453=CARTESIAN_POINT('Ctrl Pts',(207.520979651331,-9.40363070029328,4.48998968004091));
#10454=CARTESIAN_POINT('Ctrl Pts',(169.254329288603,-9.40363070029328,152.074063787904));
#10455=CARTESIAN_POINT('Ctrl Pts',(191.921634862688,22.7899272768693,-147.217163577287));
#10456=CARTESIAN_POINT('Ctrl Pts',(211.185697121658,22.7899272768693,4.72409217726558));
#10457=CARTESIAN_POINT('Ctrl Pts',(172.745065010905,22.7899272768693,152.979166619639));
#10458=CARTESIAN_POINT('Ctrl Pts',(189.277343039298,54.7685950876614,-146.881903729238));
#10459=CARTESIAN_POINT('Ctrl Pts',(208.47696058286,54.7685950876614,4.55105783200136));
#10460=CARTESIAN_POINT('Ctrl Pts',(170.16492521163,54.7685950876614,152.310169587387));
#10461=CARTESIAN_POINT('Ctrl Pts',(171.722252119216,-46.015471814962,85.1758849608975));
#10462=CARTESIAN_POINT('Ctrl Pts',(172.400487876705,-44.0192451660343,85.2922722171338));
#10463=CARTESIAN_POINT('Ctrl Pts',(173.053521694302,-42.0139253134209,85.404334746159));
#10464=CARTESIAN_POINT('Ctrl Pts',(173.681166661501,-40.0000000000002,85.5120404735793));
#10465=CARTESIAN_POINT('Ctrl Pts',(171.722252163784,-46.0154718305499,85.1758849685455));
#10466=CARTESIAN_POINT('Ctrl Pts',(171.413561990973,-46.0154718305499,86.9747478333992));
#10467=CARTESIAN_POINT('Ctrl Pts',(171.245860740174,-46.0154718305499,90.6499325128824));
#10468=CARTESIAN_POINT('Ctrl Pts',(172.358508099924,-46.0154718305499,96.0545531196548));
#10469=CARTESIAN_POINT('Ctrl Pts',(174.767262244776,-46.0154718305499,101.019594024224));
#10470=CARTESIAN_POINT('Ctrl Pts',(178.324456282655,-46.0154718305499,105.23821993498));
#10471=CARTESIAN_POINT('Ctrl Pts',(182.809976982036,-46.0154718305499,108.452515647785));
#10472=CARTESIAN_POINT('Ctrl Pts',(187.948721177913,-46.01547183055,110.462863969641));
#10473=CARTESIAN_POINT('Ctrl Pts',(191.599024464006,-46.01547183055,110.919145261981));
#10474=CARTESIAN_POINT('Ctrl Pts',(193.424181232433,-46.01547183055,110.919145261981));
#10475=CARTESIAN_POINT('Ctrl Pts',(170.463918095074,-49.7190809385738,84.9599511312794));
#10476=CARTESIAN_POINT('Ctrl Pts',(170.13720400633,-49.7190809385738,86.8638466661313));
#10477=CARTESIAN_POINT('Ctrl Pts',(169.957899004137,-49.7190809385738,90.7513402120844));
#10478=CARTESIAN_POINT('Ctrl Pts',(171.135132520913,-49.7190809385737,96.4710510535226));
#10479=CARTESIAN_POINT('Ctrl Pts',(173.682811555067,-49.7190809385737,101.723907961413));
#10480=CARTESIAN_POINT('Ctrl Pts',(177.446773828209,-49.7190809385738,106.187722373726));
#10481=CARTESIAN_POINT('Ctrl Pts',(182.192797731038,-49.7190809385738,109.588108441302));
#10482=CARTESIAN_POINT('Ctrl Pts',(187.63069998259,-49.7190809385738,111.714816282911));
#10483=CARTESIAN_POINT('Ctrl Pts',(191.492456535845,-49.7190809385738,112.195872347364));
#10484=CARTESIAN_POINT('Ctrl Pts',(193.424181232433,-49.7190809385738,112.195872347364));
#10485=CARTESIAN_POINT('Ctrl Pts',(169.973958401011,-56.7901348000537,84.8758726027907));
#10486=CARTESIAN_POINT('Ctrl Pts',(169.640421640869,-56.7901348000537,86.8195266116639));
#10487=CARTESIAN_POINT('Ctrl Pts',(169.459530153426,-56.7901348000537,90.790915824825));
#10488=CARTESIAN_POINT('Ctrl Pts',(170.661799445577,-56.7901348000537,96.6306374290573));
#10489=CARTESIAN_POINT('Ctrl Pts',(173.264727293781,-56.7901348000537,101.995670798488));
#10490=CARTESIAN_POINT('Ctrl Pts',(177.108399433111,-56.7901348000537,106.554047659392));
#10491=CARTESIAN_POINT('Ctrl Pts',(181.955199258482,-56.7901348000537,110.02733310722));
#10492=CARTESIAN_POINT('Ctrl Pts',(187.507713350681,-56.7901348000537,112.199668800113));
#10493=CARTESIAN_POINT('Ctrl Pts',(191.452116913865,-56.7901348000537,112.692993761869));
#10494=CARTESIAN_POINT('Ctrl Pts',(193.424181232433,-56.7901348000537,112.692993761869));
#10495=CARTESIAN_POINT('Ctrl Pts',(172.57174471661,-63.2643901986264,85.3216603959326));
#10496=CARTESIAN_POINT('Ctrl Pts',(172.275133359914,-63.2643901986264,87.0501350992109));
#10497=CARTESIAN_POINT('Ctrl Pts',(172.113929883231,-63.2643901986264,90.5814317263585));
#10498=CARTESIAN_POINT('Ctrl Pts',(173.183026724907,-63.2643901986264,95.7745566564219));
#10499=CARTESIAN_POINT('Ctrl Pts',(175.497467186192,-63.2643901986264,100.545245295162));
#10500=CARTESIAN_POINT('Ctrl Pts',(178.91543787987,-63.2643901986264,104.598759446178));
#10501=CARTESIAN_POINT('Ctrl Pts',(183.225393892332,-63.2643901986264,107.687225887476));
#10502=CARTESIAN_POINT('Ctrl Pts',(188.163031486459,-63.2643901986264,109.618874559901));
#10503=CARTESIAN_POINT('Ctrl Pts',(191.670441486407,-63.2643901986264,110.05723571189));
#10504=CARTESIAN_POINT('Ctrl Pts',(193.424181232433,-63.2643901986264,110.05723571189));
#10505=CARTESIAN_POINT('Ctrl Pts',(174.163824802674,-65.7186085968895,85.5948660340598));
#10506=CARTESIAN_POINT('Ctrl Pts',(173.889863776634,-65.7186085968895,87.191348071935));
#10507=CARTESIAN_POINT('Ctrl Pts',(173.741029732716,-65.7186085968895,90.4530565886345));
#10508=CARTESIAN_POINT('Ctrl Pts',(174.728498849477,-65.7186085968895,95.2496310740074));
#10509=CARTESIAN_POINT('Ctrl Pts',(176.866256430139,-65.7186085968895,99.6560807130156));
#10510=CARTESIAN_POINT('Ctrl Pts',(180.023248826651,-65.7186085968895,103.400090677657));
#10511=CARTESIAN_POINT('Ctrl Pts',(184.004126617277,-65.7186085968895,106.252762479479));
#10512=CARTESIAN_POINT('Ctrl Pts',(188.564737081945,-65.7186085968896,108.03693683119));
#10513=CARTESIAN_POINT('Ctrl Pts',(191.804363483103,-65.7186085968895,108.441884257517));
#10514=CARTESIAN_POINT('Ctrl Pts',(193.424181232433,-65.7186085968895,108.441884257517));
#10515=CARTESIAN_POINT('Ctrl Pts',(171.722252163784,-46.0154718305499,85.1758849685455));
#10516=CARTESIAN_POINT('Ctrl Pts',(171.413561990973,-46.0154718305499,86.9747478333992));
#10517=CARTESIAN_POINT('Ctrl Pts',(171.245860740174,-46.0154718305499,90.6499325128824));
#10518=CARTESIAN_POINT('Ctrl Pts',(172.358508099924,-46.0154718305499,96.0545531196548));
#10519=CARTESIAN_POINT('Ctrl Pts',(174.767262244776,-46.0154718305499,101.019594024224));
#10520=CARTESIAN_POINT('Ctrl Pts',(178.324456282655,-46.0154718305499,105.23821993498));
#10521=CARTESIAN_POINT('Ctrl Pts',(182.809976982036,-46.0154718305499,108.452515647785));
#10522=CARTESIAN_POINT('Ctrl Pts',(187.948721177913,-46.01547183055,110.462863969641));
#10523=CARTESIAN_POINT('Ctrl Pts',(191.599024464006,-46.01547183055,110.919145261981));
#10524=CARTESIAN_POINT('Ctrl Pts',(193.424181232433,-46.01547183055,110.919145261981));
#10525=CARTESIAN_POINT('Ctrl Pts',(193.424181232433,-65.7186085968895,108.441884257517));
#10526=CARTESIAN_POINT('Ctrl Pts',(191.804363483103,-65.7186085968895,108.441884257517));
#10527=CARTESIAN_POINT('Ctrl Pts',(188.564737081945,-65.7186085968896,108.03693683119));
#10528=CARTESIAN_POINT('Ctrl Pts',(184.004126617277,-65.7186085968895,106.252762479479));
#10529=CARTESIAN_POINT('Ctrl Pts',(180.023248826651,-65.7186085968895,103.400090677657));
#10530=CARTESIAN_POINT('Ctrl Pts',(176.866256430139,-65.7186085968895,99.6560807130156));
#10531=CARTESIAN_POINT('Ctrl Pts',(174.728498849477,-65.7186085968895,95.2496310740074));
#10532=CARTESIAN_POINT('Ctrl Pts',(173.741029732716,-65.7186085968895,90.4530565886345));
#10533=CARTESIAN_POINT('Ctrl Pts',(173.889863776634,-65.7186085968895,87.191348071935));
#10534=CARTESIAN_POINT('Ctrl Pts',(174.163824802674,-65.7186085968895,85.5948660340598));
#10535=CARTESIAN_POINT('Ctrl Pts',(162.157309031265,-70.0000000000002,83.534512518099));
#10536=CARTESIAN_POINT('Ctrl Pts',(159.662825055467,-70.0000000000002,98.0708825948612));
#10537=CARTESIAN_POINT('Ctrl Pts',(169.169079347576,-70.0000000000002,109.347390682379));
#10538=CARTESIAN_POINT('Ctrl Pts',(178.675333639686,-70.0000000000002,120.623898769897));
#10539=CARTESIAN_POINT('Ctrl Pts',(193.424181232433,-70.0000000000002,120.623898769897));
#10540=CARTESIAN_POINT('Ctrl Pts',(166.639096342082,-60.2654483955575,84.3036004383111));
#10541=CARTESIAN_POINT('Ctrl Pts',(164.502171208686,-60.2654483955575,96.7563300877157));
#10542=CARTESIAN_POINT('Ctrl Pts',(172.645800880537,-60.2654483955575,106.416465724168));
#10543=CARTESIAN_POINT('Ctrl Pts',(180.789430552388,-60.2654483955575,116.076601360619));
#10544=CARTESIAN_POINT('Ctrl Pts',(193.424181232433,-60.2654483955575,116.076601360619));
#10545=CARTESIAN_POINT('Ctrl Pts',(170.488581912166,-50.2440512996096,84.9641835150306));
#10546=CARTESIAN_POINT('Ctrl Pts',(168.658770327188,-50.2440512996096,95.6272379295135));
#10547=CARTESIAN_POINT('Ctrl Pts',(175.632017861434,-50.2440512996096,103.899042974899));
#10548=CARTESIAN_POINT('Ctrl Pts',(182.605265395681,-50.2440512996096,112.170848020285));
#10549=CARTESIAN_POINT('Ctrl Pts',(193.424181232433,-50.2440512996096,112.170848020285));
#10550=CARTESIAN_POINT('Ctrl Pts',(173.681166661501,-40.0000000000002,85.5120404735793));
#10551=CARTESIAN_POINT('Ctrl Pts',(172.106060806195,-40.0000000000002,94.6908212735105));
#10552=CARTESIAN_POINT('Ctrl Pts',(178.108647691016,-40.0000000000002,101.811209333074));
#10553=CARTESIAN_POINT('Ctrl Pts',(184.111234575837,-40.0000000000002,108.931597392638));
#10554=CARTESIAN_POINT('Ctrl Pts',(193.424181232433,-40.0000000000002,108.931597392638));
#10555=CARTESIAN_POINT('Ctrl Pts',(176.941213318041,-70.0000000000002,86.0714740943629));
#10556=CARTESIAN_POINT('Ctrl Pts',(176.706749532998,-70.0000000000002,87.4377896859042));
#10557=CARTESIAN_POINT('Ctrl Pts',(176.509797258798,-70.0000000000002,91.6249660854976));
#10558=CARTESIAN_POINT('Ctrl Pts',(178.806759214606,-70.0000000000001,98.3937660650392));
#10559=CARTESIAN_POINT('Ctrl Pts',(185.10960593776,-70.0000000000002,104.215328730183));
#10560=CARTESIAN_POINT('Ctrl Pts',(190.651607293159,-70.0000000000002,105.623898769897));
#10561=CARTESIAN_POINT('Ctrl Pts',(193.424181232433,-70.0000000000002,105.623898769897));
#10562=CARTESIAN_POINT('Ctrl Pts',(176.015417146252,-68.5728695322966,85.9126047409282));
#10563=CARTESIAN_POINT('Ctrl Pts',(175.767784272017,-68.5728695322966,87.3556619575624));
#10564=CARTESIAN_POINT('Ctrl Pts',(175.559769811539,-68.5728695322966,91.7780188113968));
#10565=CARTESIAN_POINT('Ctrl Pts',(177.985744855068,-68.5728695322966,98.9270008759375));
#10566=CARTESIAN_POINT('Ctrl Pts',(184.642602542629,-68.5728695322966,105.075542302262));
#10567=CARTESIAN_POINT('Ctrl Pts',(190.495880584698,-68.5728695322966,106.56322726577));
#10568=CARTESIAN_POINT('Ctrl Pts',(193.424181232433,-68.5728695322966,106.56322726577));
#10569=CARTESIAN_POINT('Ctrl Pts',(175.089620974463,-67.145739064593,85.7537353874935));
#10570=CARTESIAN_POINT('Ctrl Pts',(174.828819011036,-67.145739064593,87.2735342292205));
#10571=CARTESIAN_POINT('Ctrl Pts',(174.60974236428,-67.145739064593,91.9310715372961));
#10572=CARTESIAN_POINT('Ctrl Pts',(177.164730495529,-67.145739064593,99.4602356868357));
#10573=CARTESIAN_POINT('Ctrl Pts',(184.175599147498,-67.145739064593,105.93575587434));
#10574=CARTESIAN_POINT('Ctrl Pts',(190.340153876237,-67.145739064593,107.502555761644));
#10575=CARTESIAN_POINT('Ctrl Pts',(193.424181232433,-67.145739064593,107.502555761644));
#10576=CARTESIAN_POINT('Ctrl Pts',(174.163824802674,-65.7186085968894,85.5948660340588));
#10577=CARTESIAN_POINT('Ctrl Pts',(173.889853750055,-65.7186085968894,87.1914065008787));
#10578=CARTESIAN_POINT('Ctrl Pts',(173.659714917021,-65.7186085968894,92.0841242631954));
#10579=CARTESIAN_POINT('Ctrl Pts',(176.343716135991,-65.7186085968894,99.9934704977339));
#10580=CARTESIAN_POINT('Ctrl Pts',(183.708595752367,-65.7186085968895,106.795969446418));
#10581=CARTESIAN_POINT('Ctrl Pts',(190.184427167775,-65.7186085968894,108.441884257517));
#10582=CARTESIAN_POINT('Ctrl Pts',(193.424181232433,-65.7186085968894,108.441884257517));
#10583=CARTESIAN_POINT('',(193.424181232433,-70.0000000000002,105.623898769897));
#10584=CARTESIAN_POINT('Ctrl Pts',(193.424181232433,-70.0000000000002,105.623898769897));
#10585=CARTESIAN_POINT('Ctrl Pts',(190.651607293159,-70.0000000000002,105.623898769897));
#10586=CARTESIAN_POINT('Ctrl Pts',(187.88060661546,-70.0000000000002,104.91961375004));
#10587=CARTESIAN_POINT('Ctrl Pts',(185.444631822751,-70.0000000000002,103.597210795921));
#10588=CARTESIAN_POINT('Ctrl Pts',(183.008657030042,-70.0000000000002,102.274807841802));
#10589=CARTESIAN_POINT('Ctrl Pts',(180.907708122324,-70.0000000000001,100.334286953421));
#10590=CARTESIAN_POINT('Ctrl Pts',(179.397841277304,-70.0000000000001,98.0102665133215));
#10591=CARTESIAN_POINT('Ctrl Pts',(177.887974432283,-70.0000000000001,95.6862460732226));
#10592=CARTESIAN_POINT('Ctrl Pts',(176.969189649959,-70.0000000000002,92.9787260814059));
#10593=CARTESIAN_POINT('Ctrl Pts',(176.750462399941,-70.0000000000002,90.2152521287589));
#10594=CARTESIAN_POINT('Ctrl Pts',(176.641098774931,-70.0000000000002,88.8335151524353));
#10595=CARTESIAN_POINT('Ctrl Pts',(176.706749532998,-70.0000000000002,87.4377896859042));
#10596=CARTESIAN_POINT('Ctrl Pts',(176.941213318041,-70.0000000000002,86.0714740943629));
#10597=CARTESIAN_POINT('',(193.424181232433,-56.2227520676582,114.691998618109));
#10598=CARTESIAN_POINT('Origin',(211.664491023256,-70.0000000000002,100.623898769897));
#10599=CARTESIAN_POINT('',(363.332245511628,-70.0000000000002,100.623898769897));
#10600=CARTESIAN_POINT('Ctrl Pts',(241.518007021641,15.6074551968443,-71.0664165284288));
#10601=CARTESIAN_POINT('Ctrl Pts',(242.273737054059,15.5413414587927,-69.9287989118376));
#10602=CARTESIAN_POINT('Ctrl Pts',(243.684594680126,15.4179151522492,-67.591396103098));
#10603=CARTESIAN_POINT('Ctrl Pts',(245.150998925382,15.2896296719866,-64.6074045136494));
#10604=CARTESIAN_POINT('Ctrl Pts',(246.119879901795,15.2048691096324,-62.2966011131549));
#10605=CARTESIAN_POINT('Ctrl Pts',(247.025220784343,15.1256672674255,-59.8781792844622));
#10606=CARTESIAN_POINT('Ctrl Pts',(248.007650093791,15.0397215780147,-56.6561335557888));
#10607=CARTESIAN_POINT('Ctrl Pts',(249.153370400127,14.9394908155217,-51.2863642780189));
#10608=CARTESIAN_POINT('Ctrl Pts',(249.467352654508,14.9120228130729,-47.2262900362288));
#10609=CARTESIAN_POINT('Ctrl Pts',(249.467352654508,14.9120228130729,-44.7181572077303));
#10610=CARTESIAN_POINT('Ctrl Pts',(241.366308646737,15.8214501388347,-70.9532406802146));
#10611=CARTESIAN_POINT('Ctrl Pts',(242.1187381659,15.7556238007864,-69.8204720643489));
#10612=CARTESIAN_POINT('Ctrl Pts',(243.52342845118,15.632734486117,-67.4930495887619));
#10613=CARTESIAN_POINT('Ctrl Pts',(244.983413189877,15.5050078841225,-64.5218360883819));
#10614=CARTESIAN_POINT('Ctrl Pts',(245.948049324247,15.4206168508629,-62.2209440486648));
#10615=CARTESIAN_POINT('Ctrl Pts',(246.849421747424,15.3417604633152,-59.8129048672386));
#10616=CARTESIAN_POINT('Ctrl Pts',(247.827541503897,15.2561898983073,-56.6047098694946));
#10617=CARTESIAN_POINT('Ctrl Pts',(248.968232131599,15.1563969170483,-51.2580549727118));
#10618=CARTESIAN_POINT('Ctrl Pts',(249.280834702587,15.1290489928031,-47.2154800241187));
#10619=CARTESIAN_POINT('Ctrl Pts',(249.280834702587,15.1290489928031,-44.7181572077303));
#10620=CARTESIAN_POINT('Ctrl Pts',(241.214610271833,16.0354450808251,-70.8400648320003));
#10621=CARTESIAN_POINT('Ctrl Pts',(241.963739277741,15.96990614278,-69.7121452168602));
#10622=CARTESIAN_POINT('Ctrl Pts',(243.362262222234,15.8475538199847,-67.3947030744257));
#10623=CARTESIAN_POINT('Ctrl Pts',(244.815827454372,15.7203860962584,-64.4362676631144));
#10624=CARTESIAN_POINT('Ctrl Pts',(245.776218746698,15.6363645920935,-62.1452869841747));
#10625=CARTESIAN_POINT('Ctrl Pts',(246.673622710504,15.5578536592048,-59.7476304500151));
#10626=CARTESIAN_POINT('Ctrl Pts',(247.647432914004,15.4726582185999,-56.5532861832003));
#10627=CARTESIAN_POINT('Ctrl Pts',(248.783093863071,15.373303018575,-51.2297456674047));
#10628=CARTESIAN_POINT('Ctrl Pts',(249.094316750666,15.3460751725333,-47.2046700120087));
#10629=CARTESIAN_POINT('Ctrl Pts',(249.094316750666,15.3460751725333,-44.7181572077303));
#10630=CARTESIAN_POINT('Ctrl Pts',(241.062911896929,16.2494400228154,-70.7268889837861));
#10631=CARTESIAN_POINT('Ctrl Pts',(241.808740389582,16.1841884847737,-69.6038183693715));
#10632=CARTESIAN_POINT('Ctrl Pts',(243.201095993288,16.0623731538525,-67.2963565600895));
#10633=CARTESIAN_POINT('Ctrl Pts',(244.648241718868,15.9357643083943,-64.3506992378469));
#10634=CARTESIAN_POINT('Ctrl Pts',(245.60438816915,15.8521123333241,-62.0696299196847));
#10635=CARTESIAN_POINT('Ctrl Pts',(246.497823673585,15.7739468550944,-59.6823560327915));
#10636=CARTESIAN_POINT('Ctrl Pts',(247.46732432411,15.6891265388925,-56.5018624969061));
#10637=CARTESIAN_POINT('Ctrl Pts',(248.597955594543,15.5902091201017,-51.2014363620977));
#10638=CARTESIAN_POINT('Ctrl Pts',(248.907798798745,15.5631013522635,-47.1938599998987));
#10639=CARTESIAN_POINT('Ctrl Pts',(248.907798798745,15.5631013522635,-44.7181572077303));
#10640=CARTESIAN_POINT('',(247.933983739352,15.0461661290922,-56.7106895989909));
#10641=CARTESIAN_POINT('Ctrl Pts',(247.933337044979,15.0462227032125,-56.7105201148245));
#10642=CARTESIAN_POINT('Ctrl Pts',(247.59848562826,15.0755164405493,-57.9979809538079));
#10643=CARTESIAN_POINT('Ctrl Pts',(247.015904154644,15.1264823131719,-59.9030666402292));
#10644=CARTESIAN_POINT('Ctrl Pts',(246.119879901795,15.2048691096324,-62.2966011131549));
#10645=CARTESIAN_POINT('Ctrl Pts',(245.150998925382,15.2896296719866,-64.6074045136494));
#10646=CARTESIAN_POINT('Ctrl Pts',(243.684594680126,15.4179151522492,-67.591396103098));
#10647=CARTESIAN_POINT('Ctrl Pts',(242.273737054059,15.5413414587927,-69.9287989118376));
#10648=CARTESIAN_POINT('Ctrl Pts',(241.518007021641,15.6074551968443,-71.0664165284288));
#10649=CARTESIAN_POINT('Ctrl Pts',(249.467352654508,14.9120228130729,-44.7181572077303));
#10650=CARTESIAN_POINT('Ctrl Pts',(249.467352654508,14.9120228130729,-47.2262900362288));
#10651=CARTESIAN_POINT('Ctrl Pts',(249.153370400127,14.9394908155217,-51.2863642780189));
#10652=CARTESIAN_POINT('Ctrl Pts',(248.288185014175,15.0151796118642,-55.3413206922206));
#10653=CARTESIAN_POINT('Ctrl Pts',(247.940373607139,15.0456071250983,-56.6834654339446));
#10654=CARTESIAN_POINT('Ctrl Pts',(247.933337044979,15.0462227032125,-56.7105201148245));
#10655=CARTESIAN_POINT('Ctrl Pts',(193.424181232433,-70.0000000000002,105.623898769897));
#10656=CARTESIAN_POINT('Ctrl Pts',(260.206737429194,-70.0000000000002,105.623898769897));
#10657=CARTESIAN_POINT('Ctrl Pts',(326.989293625954,-70.0000000000002,105.623898769897));
#10658=CARTESIAN_POINT('Ctrl Pts',(393.771849822715,-70.0000000000002,105.623898769897));
#10659=CARTESIAN_POINT('Ctrl Pts',(193.424181232433,-68.5728695322966,106.56322726577));
#10660=CARTESIAN_POINT('Ctrl Pts',(260.206737429194,-68.5728695322966,106.56322726577));
#10661=CARTESIAN_POINT('Ctrl Pts',(326.989293625954,-68.5728695322966,106.56322726577));
#10662=CARTESIAN_POINT('Ctrl Pts',(393.771849822715,-68.5728695322966,106.56322726577));
#10663=CARTESIAN_POINT('Ctrl Pts',(193.424181232433,-67.1457390645931,107.502555761644));
#10664=CARTESIAN_POINT('Ctrl Pts',(260.206737429194,-67.1457390645931,107.502555761644));
#10665=CARTESIAN_POINT('Ctrl Pts',(326.989293625954,-67.1457390645931,107.502555761644));
#10666=CARTESIAN_POINT('Ctrl Pts',(393.771849822715,-67.1457390645931,107.502555761644));
#10667=CARTESIAN_POINT('Ctrl Pts',(193.424181232433,-65.7186085968895,108.441884257517));
#10668=CARTESIAN_POINT('Ctrl Pts',(260.206737429194,-65.7186085968895,108.441884257517));
#10669=CARTESIAN_POINT('Ctrl Pts',(326.989293625954,-65.7186085968895,108.441884257517));
#10670=CARTESIAN_POINT('Ctrl Pts',(393.771849822715,-65.7186085968895,108.441884257517));
#10671=CARTESIAN_POINT('',(247.933983739352,-70.0000000000002,105.623898769897));
#10672=CARTESIAN_POINT('Ctrl Pts',(247.933983739352,-70.0000000000002,105.623898769897));
#10673=CARTESIAN_POINT('Ctrl Pts',(229.764049570379,-70.0000000000002,105.623898769897));
#10674=CARTESIAN_POINT('Ctrl Pts',(211.594115401406,-70.0000000000002,105.623898769897));
#10675=CARTESIAN_POINT('Ctrl Pts',(193.424181232433,-70.0000000000002,105.623898769897));
#10676=CARTESIAN_POINT('Ctrl Pts',(393.771849822715,-70.0000000000002,105.623898769897));
#10677=CARTESIAN_POINT('Ctrl Pts',(345.159227794927,-70.0000000000002,105.623898769897));
#10678=CARTESIAN_POINT('Ctrl Pts',(296.54660576714,-70.0000000000002,105.623898769897));
#10679=CARTESIAN_POINT('Ctrl Pts',(247.933983739352,-70.0000000000002,105.623898769897));
#10680=CARTESIAN_POINT('Ctrl Pts',(193.424181232433,-70.0000000000002,-179.623898769897));
#10681=CARTESIAN_POINT('Ctrl Pts',(260.206737429194,-70.0000000000002,-179.623898769897));
#10682=CARTESIAN_POINT('Ctrl Pts',(326.989293625954,-70.0000000000002,-179.623898769897));
#10683=CARTESIAN_POINT('Ctrl Pts',(393.771849822715,-70.0000000000002,-179.623898769897));
#10684=CARTESIAN_POINT('Ctrl Pts',(193.424181232433,-68.5728695322966,-180.56322726577));
#10685=CARTESIAN_POINT('Ctrl Pts',(260.206737429194,-68.5728695322966,-180.56322726577));
#10686=CARTESIAN_POINT('Ctrl Pts',(326.989293625954,-68.5728695322966,-180.56322726577));
#10687=CARTESIAN_POINT('Ctrl Pts',(393.771849822715,-68.5728695322966,-180.56322726577));
#10688=CARTESIAN_POINT('Ctrl Pts',(193.424181232433,-67.1457390645931,-181.502555761644));
#10689=CARTESIAN_POINT('Ctrl Pts',(260.206737429194,-67.1457390645931,-181.502555761644));
#10690=CARTESIAN_POINT('Ctrl Pts',(326.989293625954,-67.1457390645931,-181.502555761644));
#10691=CARTESIAN_POINT('Ctrl Pts',(393.771849822715,-67.1457390645931,-181.502555761644));
#10692=CARTESIAN_POINT('Ctrl Pts',(193.424181232433,-65.7186085968895,-182.441884257517));
#10693=CARTESIAN_POINT('Ctrl Pts',(260.206737429194,-65.7186085968895,-182.441884257517));
#10694=CARTESIAN_POINT('Ctrl Pts',(326.989293625954,-65.7186085968895,-182.441884257517));
#10695=CARTESIAN_POINT('Ctrl Pts',(393.771849822715,-65.7186085968895,-182.441884257517));
#10696=CARTESIAN_POINT('',(247.933983739352,-70.0000000000002,-179.623898769897));
#10697=CARTESIAN_POINT('Ctrl Pts',(247.933983739352,-70.0000000000002,-179.623898769897));
#10698=CARTESIAN_POINT('Ctrl Pts',(229.764049570379,-70.0000000000002,-179.623898769897));
#10699=CARTESIAN_POINT('Ctrl Pts',(211.594115401406,-70.0000000000002,-179.623898769897));
#10700=CARTESIAN_POINT('Ctrl Pts',(193.424181232433,-70.0000000000002,-179.623898769897));
#10701=CARTESIAN_POINT('',(247.933983739352,-65.7186085968895,-182.441884257517));
#10702=CARTESIAN_POINT('Ctrl Pts',(247.933983739352,-65.7186085968895,-182.441884257517));
#10703=CARTESIAN_POINT('Ctrl Pts',(229.764049570379,-65.7186085968895,-182.441884257517));
#10704=CARTESIAN_POINT('Ctrl Pts',(211.594115401406,-65.7186085968895,-182.441884257517));
#10705=CARTESIAN_POINT('Ctrl Pts',(193.424181232433,-65.7186085968895,-182.441884257517));
#10706=CARTESIAN_POINT('Ctrl Pts',(393.771849822715,-65.7186085968895,-182.441884257517));
#10707=CARTESIAN_POINT('Ctrl Pts',(345.159227794927,-65.7186085968895,-182.441884257517));
#10708=CARTESIAN_POINT('Ctrl Pts',(296.54660576714,-65.7186085968895,-182.441884257517));
#10709=CARTESIAN_POINT('Ctrl Pts',(247.933983739352,-65.7186085968895,-182.441884257517));
#10710=CARTESIAN_POINT('Ctrl Pts',(393.771849822715,-70.0000000000002,-179.623898769897));
#10711=CARTESIAN_POINT('Ctrl Pts',(345.159227794927,-70.0000000000002,-179.623898769897));
#10712=CARTESIAN_POINT('Ctrl Pts',(296.54660576714,-70.0000000000002,-179.623898769897));
#10713=CARTESIAN_POINT('Ctrl Pts',(247.933983739352,-70.0000000000002,-179.623898769897));
#10714=CARTESIAN_POINT('Ctrl Pts',(193.424181232433,-46.01547183055,-184.919145261981));
#10715=CARTESIAN_POINT('Ctrl Pts',(260.206737429194,-46.01547183055,-184.919145261981));
#10716=CARTESIAN_POINT('Ctrl Pts',(326.989293625954,-46.01547183055,-184.919145261981));
#10717=CARTESIAN_POINT('Ctrl Pts',(393.771849822715,-46.01547183055,-184.919145261981));
#10718=CARTESIAN_POINT('Ctrl Pts',(193.424181232433,-49.7190809385738,-186.195872347364));
#10719=CARTESIAN_POINT('Ctrl Pts',(260.206737429194,-49.7190809385738,-186.195872347364));
#10720=CARTESIAN_POINT('Ctrl Pts',(326.989293625954,-49.7190809385738,-186.195872347364));
#10721=CARTESIAN_POINT('Ctrl Pts',(393.771849822715,-49.7190809385738,-186.195872347364));
#10722=CARTESIAN_POINT('Ctrl Pts',(193.424181232433,-56.7901288520885,-186.692659115294));
#10723=CARTESIAN_POINT('Ctrl Pts',(260.206737429194,-56.7901288520885,-186.692659115294));
#10724=CARTESIAN_POINT('Ctrl Pts',(326.989293625954,-56.7901288520885,-186.692659115294));
#10725=CARTESIAN_POINT('Ctrl Pts',(393.771849822715,-56.7901288520885,-186.692659115294));
#10726=CARTESIAN_POINT('Ctrl Pts',(193.424181232433,-63.2643901986264,-184.05723571189));
#10727=CARTESIAN_POINT('Ctrl Pts',(260.206737429194,-63.2643901986264,-184.05723571189));
#10728=CARTESIAN_POINT('Ctrl Pts',(326.989293625954,-63.2643901986264,-184.05723571189));
#10729=CARTESIAN_POINT('Ctrl Pts',(393.771849822715,-63.2643901986264,-184.05723571189));
#10730=CARTESIAN_POINT('Ctrl Pts',(193.424181232433,-65.7186085968895,-182.441884257517));
#10731=CARTESIAN_POINT('Ctrl Pts',(260.206737429194,-65.7186085968895,-182.441884257517));
#10732=CARTESIAN_POINT('Ctrl Pts',(326.989293625954,-65.7186085968895,-182.441884257517));
#10733=CARTESIAN_POINT('Ctrl Pts',(393.771849822715,-65.7186085968895,-182.441884257517));
#10734=CARTESIAN_POINT('',(247.933983739352,-46.01547183055,-184.919145261981));
#10735=CARTESIAN_POINT('Ctrl Pts',(193.424181232433,-46.01547183055,-184.919145261981));
#10736=CARTESIAN_POINT('Ctrl Pts',(211.594115401406,-46.01547183055,-184.919145261981));
#10737=CARTESIAN_POINT('Ctrl Pts',(229.764049570379,-46.01547183055,-184.919145261981));
#10738=CARTESIAN_POINT('Ctrl Pts',(247.933983739352,-46.01547183055,-184.919145261981));
#10739=CARTESIAN_POINT('Ctrl Pts',(247.933983739352,-46.01547183055,-184.919145261981));
#10740=CARTESIAN_POINT('Ctrl Pts',(296.54660576714,-46.01547183055,-184.919145261981));
#10741=CARTESIAN_POINT('Ctrl Pts',(345.159227794927,-46.01547183055,-184.919145261981));
#10742=CARTESIAN_POINT('Ctrl Pts',(393.771849822715,-46.01547183055,-184.919145261981));
#10743=CARTESIAN_POINT('Ctrl Pts',(193.424181232433,-70.0000000000002,-194.623898769897));
#10744=CARTESIAN_POINT('Ctrl Pts',(487.678349822715,-70.0000000000002,-194.623898769897));
#10745=CARTESIAN_POINT('Ctrl Pts',(193.424181232433,-60.2654483955575,-190.076601360619));
#10746=CARTESIAN_POINT('Ctrl Pts',(487.678349822715,-60.2654483955575,-190.076601360619));
#10747=CARTESIAN_POINT('Ctrl Pts',(193.424181232433,-50.2440512996097,-186.170848020285));
#10748=CARTESIAN_POINT('Ctrl Pts',(487.678349822715,-50.2440512996097,-186.170848020285));
#10749=CARTESIAN_POINT('Ctrl Pts',(193.424181232433,-40.0000000000002,-182.931597392638));
#10750=CARTESIAN_POINT('Ctrl Pts',(487.678349822715,-40.0000000000002,-182.931597392638));
#10751=CARTESIAN_POINT('Origin',(245.988301818919,-40.0000000000002,-172.431597392638));
#10752=CARTESIAN_POINT('',(249.04265229722,-39.0000000000002,-169.126912361398));
#10753=CARTESIAN_POINT('Origin',(245.988301818919,-39.0000000000002,-172.431597392638));
#10754=CARTESIAN_POINT('',(249.04265229722,-40.0000000000002,-169.126912361398));
#10755=CARTESIAN_POINT('Origin',(218.439796561041,-39.0000000000002,-144.106786200766));
#10756=CARTESIAN_POINT('',(289.304284527733,-39.0000000000002,-206.338669154542));
#10757=CARTESIAN_POINT('Origin',(186.45674411154,-40.0000000000002,-111.281975008895));
#10758=CARTESIAN_POINT('Origin',(304.999999999999,-59.9603383377992,-48.0003383377984));
#10759=CARTESIAN_POINT('',(303.199999999999,-66.0000000000001,-48.0003383377984));
#10760=CARTESIAN_POINT('',(303.199999999999,-59.9603383377992,-48.0003383377984));
#10761=CARTESIAN_POINT('Origin',(304.999999999999,-66.0000000000001,-48.0003383377984));
#10762=CARTESIAN_POINT('Origin',(353.499999999999,-59.9603383377992,-48.0003383377984));
#10763=CARTESIAN_POINT('',(351.699999999999,-66.0000000000001,-48.0003383377984));
#10764=CARTESIAN_POINT('',(351.699999999999,-59.9603383377992,-48.0003383377984));
#10765=CARTESIAN_POINT('Origin',(353.499999999999,-66.0000000000001,-48.0003383377984));
#10766=CARTESIAN_POINT('Origin',(274.999999999999,-59.9603383377992,-48.0003383377984));
#10767=CARTESIAN_POINT('',(273.199999999999,-66.0000000000001,-48.0003383377984));
#10768=CARTESIAN_POINT('',(273.199999999999,-59.9603383377992,-48.0003383377984));
#10769=CARTESIAN_POINT('Origin',(274.999999999999,-66.0000000000001,-48.0003383377984));
#10770=CARTESIAN_POINT('Origin',(383.499999999999,-59.9603383377992,-48.0003383377984));
#10771=CARTESIAN_POINT('',(381.699999999999,-66.0000000000001,-48.0003383377984));
#10772=CARTESIAN_POINT('',(381.699999999999,-59.9603383377992,-48.0003383377984));
#10773=CARTESIAN_POINT('Origin',(383.499999999999,-66.0000000000001,-48.0003383377984));
#10774=CARTESIAN_POINT('Origin',(383.499999999999,-66.0000000000001,-48.0003383377984));
#10775=CARTESIAN_POINT('',(385.520725942162,-66.0000000000001,-51.5003383377984));
#10776=CARTESIAN_POINT('',(381.479274057835,-66.0000000000001,-51.5003383377984));
#10777=CARTESIAN_POINT('',(381.479274057835,-66.0000000000001,-51.5003383377984));
#10778=CARTESIAN_POINT('',(387.541451884326,-66.0000000000001,-48.0003383377984));
#10779=CARTESIAN_POINT('',(385.520725942162,-66.0000000000001,-51.5003383377984));
#10780=CARTESIAN_POINT('',(385.520725942162,-66.0000000000001,-44.5003383377984));
#10781=CARTESIAN_POINT('',(387.541451884326,-66.0000000000001,-48.0003383377984));
#10782=CARTESIAN_POINT('',(381.479274057835,-66.0000000000001,-44.5003383377984));
#10783=CARTESIAN_POINT('',(385.520725942162,-66.0000000000001,-44.5003383377984));
#10784=CARTESIAN_POINT('',(379.458548115671,-66.0000000000001,-48.0003383377984));
#10785=CARTESIAN_POINT('',(381.479274057835,-66.0000000000001,-44.5003383377984));
#10786=CARTESIAN_POINT('',(379.458548115671,-66.0000000000001,-48.0003383377984));
#10787=CARTESIAN_POINT('Origin',(385.520725942162,-70.0000000000002,-51.5003383377984));
#10788=CARTESIAN_POINT('',(385.520725942162,-70.0000000000002,-51.5003383377984));
#10789=CARTESIAN_POINT('',(381.479274057835,-70.0000000000002,-51.5003383377984));
#10790=CARTESIAN_POINT('',(450.260362971081,-70.0000000000002,-51.5003383377981));
#10791=CARTESIAN_POINT('',(385.520725942162,-70.0000000000002,-51.5003383377984));
#10792=CARTESIAN_POINT('',(381.479274057835,-70.0000000000002,-51.5003383377984));
#10793=CARTESIAN_POINT('Origin',(381.479274057835,-70.0000000000002,-51.5003383377984));
#10794=CARTESIAN_POINT('',(379.458548115671,-70.0000000000002,-48.0003383377984));
#10795=CARTESIAN_POINT('',(413.627845005876,-70.0000000000002,-107.183296610538));
#10796=CARTESIAN_POINT('',(379.458548115671,-70.0000000000002,-48.0003383377984));
#10797=CARTESIAN_POINT('Origin',(379.458548115671,-70.0000000000002,-48.0003383377984));
#10798=CARTESIAN_POINT('',(381.479274057835,-70.0000000000002,-44.5003383377984));
#10799=CARTESIAN_POINT('',(380.184977167631,-70.0000000000002,-46.7421263117096));
#10800=CARTESIAN_POINT('',(381.479274057835,-70.0000000000002,-44.5003383377984));
#10801=CARTESIAN_POINT('Origin',(381.479274057835,-70.0000000000002,-44.5003383377984));
#10802=CARTESIAN_POINT('',(385.520725942162,-70.0000000000002,-44.5003383377984));
#10803=CARTESIAN_POINT('',(448.239637028917,-70.0000000000002,-44.5003383377985));
#10804=CARTESIAN_POINT('',(385.520725942162,-70.0000000000002,-44.5003383377984));
#10805=CARTESIAN_POINT('Origin',(385.520725942162,-70.0000000000002,-44.5003383377984));
#10806=CARTESIAN_POINT('',(387.541451884326,-70.0000000000002,-48.0003383377984));
#10807=CARTESIAN_POINT('',(418.679659861285,-70.0000000000002,-101.933296610538));
#10808=CARTESIAN_POINT('',(387.541451884326,-70.0000000000002,-48.0003383377984));
#10809=CARTESIAN_POINT('Origin',(387.541451884326,-70.0000000000002,-48.0003383377984));
#10810=CARTESIAN_POINT('',(387.257517965204,-70.0000000000002,-48.4921263117096));
#10811=CARTESIAN_POINT('Origin',(274.999999999999,-66.0000000000001,-48.0003383377984));
#10812=CARTESIAN_POINT('',(277.020725942162,-66.0000000000001,-51.5003383377984));
#10813=CARTESIAN_POINT('',(272.979274057835,-66.0000000000001,-51.5003383377984));
#10814=CARTESIAN_POINT('',(272.979274057835,-66.0000000000001,-51.5003383377984));
#10815=CARTESIAN_POINT('',(279.041451884326,-66.0000000000001,-48.0003383377984));
#10816=CARTESIAN_POINT('',(277.020725942162,-66.0000000000001,-51.5003383377984));
#10817=CARTESIAN_POINT('',(277.020725942162,-66.0000000000001,-44.5003383377984));
#10818=CARTESIAN_POINT('',(279.041451884326,-66.0000000000001,-48.0003383377984));
#10819=CARTESIAN_POINT('',(272.979274057835,-66.0000000000001,-44.5003383377984));
#10820=CARTESIAN_POINT('',(277.020725942162,-66.0000000000001,-44.5003383377984));
#10821=CARTESIAN_POINT('',(270.958548115671,-66.0000000000001,-48.0003383377984));
#10822=CARTESIAN_POINT('',(272.979274057835,-66.0000000000001,-44.5003383377984));
#10823=CARTESIAN_POINT('',(270.958548115671,-66.0000000000001,-48.0003383377984));
#10824=CARTESIAN_POINT('Origin',(277.020725942162,-70.0000000000002,-51.5003383377984));
#10825=CARTESIAN_POINT('',(277.020725942162,-70.0000000000002,-51.5003383377984));
#10826=CARTESIAN_POINT('',(272.979274057835,-70.0000000000002,-51.5003383377984));
#10827=CARTESIAN_POINT('',(396.010362971081,-70.0000000000002,-51.5003383377989));
#10828=CARTESIAN_POINT('',(277.020725942162,-70.0000000000002,-51.5003383377984));
#10829=CARTESIAN_POINT('',(272.979274057835,-70.0000000000002,-51.5003383377984));
#10830=CARTESIAN_POINT('Origin',(272.979274057835,-70.0000000000002,-51.5003383377984));
#10831=CARTESIAN_POINT('',(270.958548115671,-70.0000000000002,-48.0003383377984));
#10832=CARTESIAN_POINT('',(318.690345005876,-70.0000000000002,-130.674235688191));
#10833=CARTESIAN_POINT('',(270.958548115671,-70.0000000000002,-48.0003383377984));
#10834=CARTESIAN_POINT('Origin',(270.958548115671,-70.0000000000002,-48.0003383377984));
#10835=CARTESIAN_POINT('',(272.979274057835,-70.0000000000002,-44.5003383377984));
#10836=CARTESIAN_POINT('',(285.247477167631,-70.0000000000002,-23.2511872340574));
#10837=CARTESIAN_POINT('',(272.979274057835,-70.0000000000002,-44.5003383377984));
#10838=CARTESIAN_POINT('Origin',(272.979274057835,-70.0000000000002,-44.5003383377984));
#10839=CARTESIAN_POINT('',(277.020725942162,-70.0000000000002,-44.5003383377984));
#10840=CARTESIAN_POINT('',(393.989637028918,-70.0000000000002,-44.5003383377984));
#10841=CARTESIAN_POINT('',(277.020725942162,-70.0000000000002,-44.5003383377984));
#10842=CARTESIAN_POINT('Origin',(277.020725942162,-70.0000000000002,-44.5003383377984));
#10843=CARTESIAN_POINT('',(279.041451884326,-70.0000000000002,-48.0003383377984));
#10844=CARTESIAN_POINT('',(323.742159861285,-70.0000000000002,-125.424235688191));
#10845=CARTESIAN_POINT('',(279.041451884326,-70.0000000000002,-48.0003383377984));
#10846=CARTESIAN_POINT('Origin',(279.041451884326,-70.0000000000002,-48.0003383377984));
#10847=CARTESIAN_POINT('',(292.320017965204,-70.0000000000002,-25.0011872340575));
#10848=CARTESIAN_POINT('Origin',(353.499999999999,-66.0000000000001,-48.0003383377984));
#10849=CARTESIAN_POINT('',(355.520725942162,-66.0000000000001,-51.5003383377984));
#10850=CARTESIAN_POINT('',(351.479274057835,-66.0000000000001,-51.5003383377984));
#10851=CARTESIAN_POINT('',(351.479274057835,-66.0000000000001,-51.5003383377984));
#10852=CARTESIAN_POINT('',(357.541451884326,-66.0000000000001,-48.0003383377984));
#10853=CARTESIAN_POINT('',(355.520725942162,-66.0000000000001,-51.5003383377984));
#10854=CARTESIAN_POINT('',(355.520725942162,-66.0000000000001,-44.5003383377984));
#10855=CARTESIAN_POINT('',(357.541451884326,-66.0000000000001,-48.0003383377984));
#10856=CARTESIAN_POINT('',(351.479274057835,-66.0000000000001,-44.5003383377984));
#10857=CARTESIAN_POINT('',(355.520725942162,-66.0000000000001,-44.5003383377984));
#10858=CARTESIAN_POINT('',(349.458548115671,-66.0000000000001,-48.0003383377984));
#10859=CARTESIAN_POINT('',(351.479274057835,-66.0000000000001,-44.5003383377984));
#10860=CARTESIAN_POINT('',(349.458548115671,-66.0000000000001,-48.0003383377984));
#10861=CARTESIAN_POINT('Origin',(355.520725942162,-70.0000000000002,-51.5003383377984));
#10862=CARTESIAN_POINT('',(355.520725942162,-70.0000000000002,-51.5003383377984));
#10863=CARTESIAN_POINT('',(351.479274057835,-70.0000000000002,-51.5003383377984));
#10864=CARTESIAN_POINT('',(435.260362971081,-70.0000000000002,-51.5003383377988));
#10865=CARTESIAN_POINT('',(355.520725942162,-70.0000000000002,-51.5003383377984));
#10866=CARTESIAN_POINT('',(351.479274057835,-70.0000000000002,-51.5003383377984));
#10867=CARTESIAN_POINT('Origin',(351.479274057835,-70.0000000000002,-51.5003383377984));
#10868=CARTESIAN_POINT('',(349.458548115671,-70.0000000000002,-48.0003383377984));
#10869=CARTESIAN_POINT('',(387.377845005876,-70.0000000000002,-113.678487138921));
#10870=CARTESIAN_POINT('',(349.458548115671,-70.0000000000002,-48.0003383377984));
#10871=CARTESIAN_POINT('Origin',(349.458548115671,-70.0000000000002,-48.0003383377984));
#10872=CARTESIAN_POINT('',(351.479274057835,-70.0000000000002,-44.5003383377984));
#10873=CARTESIAN_POINT('',(353.934977167631,-70.0000000000002,-40.246935783327));
#10874=CARTESIAN_POINT('',(351.479274057835,-70.0000000000002,-44.5003383377984));
#10875=CARTESIAN_POINT('Origin',(351.479274057835,-70.0000000000002,-44.5003383377984));
#10876=CARTESIAN_POINT('',(355.520725942162,-70.0000000000002,-44.5003383377984));
#10877=CARTESIAN_POINT('',(433.239637028917,-70.0000000000002,-44.5003383377984));
#10878=CARTESIAN_POINT('',(355.520725942162,-70.0000000000002,-44.5003383377984));
#10879=CARTESIAN_POINT('Origin',(355.520725942162,-70.0000000000002,-44.5003383377984));
#10880=CARTESIAN_POINT('',(357.541451884326,-70.0000000000002,-48.0003383377984));
#10881=CARTESIAN_POINT('',(392.429659861285,-70.0000000000002,-108.428487138921));
#10882=CARTESIAN_POINT('',(357.541451884326,-70.0000000000002,-48.0003383377984));
#10883=CARTESIAN_POINT('Origin',(357.541451884326,-70.0000000000002,-48.0003383377984));
#10884=CARTESIAN_POINT('',(361.007517965204,-70.0000000000002,-41.9969357833271));
#10885=CARTESIAN_POINT('Origin',(304.999999999999,-66.0000000000001,-48.0003383377984));
#10886=CARTESIAN_POINT('',(307.020725942162,-66.0000000000001,-51.5003383377984));
#10887=CARTESIAN_POINT('',(302.979274057835,-66.0000000000001,-51.5003383377984));
#10888=CARTESIAN_POINT('',(302.979274057835,-66.0000000000001,-51.5003383377984));
#10889=CARTESIAN_POINT('',(309.041451884326,-66.0000000000001,-48.0003383377984));
#10890=CARTESIAN_POINT('',(307.020725942162,-66.0000000000001,-51.5003383377984));
#10891=CARTESIAN_POINT('',(307.020725942162,-66.0000000000001,-44.5003383377984));
#10892=CARTESIAN_POINT('',(309.041451884326,-66.0000000000001,-48.0003383377984));
#10893=CARTESIAN_POINT('',(302.979274057835,-66.0000000000001,-44.5003383377984));
#10894=CARTESIAN_POINT('',(307.020725942162,-66.0000000000001,-44.5003383377984));
#10895=CARTESIAN_POINT('',(300.958548115671,-66.0000000000001,-48.0003383377984));
#10896=CARTESIAN_POINT('',(302.979274057835,-66.0000000000001,-44.5003383377984));
#10897=CARTESIAN_POINT('',(300.958548115671,-66.0000000000001,-48.0003383377984));
#10898=CARTESIAN_POINT('Origin',(307.020725942162,-70.0000000000002,-51.5003383377984));
#10899=CARTESIAN_POINT('',(307.020725942162,-70.0000000000002,-51.5003383377984));
#10900=CARTESIAN_POINT('',(302.979274057835,-70.0000000000002,-51.5003383377984));
#10901=CARTESIAN_POINT('',(411.010362971081,-70.0000000000002,-51.5003383377989));
#10902=CARTESIAN_POINT('',(307.020725942162,-70.0000000000002,-51.5003383377984));
#10903=CARTESIAN_POINT('',(302.979274057835,-70.0000000000002,-51.5003383377984));
#10904=CARTESIAN_POINT('Origin',(302.979274057835,-70.0000000000002,-51.5003383377984));
#10905=CARTESIAN_POINT('',(300.958548115671,-70.0000000000002,-48.0003383377984));
#10906=CARTESIAN_POINT('',(344.940345005876,-70.0000000000002,-124.179045159807));
#10907=CARTESIAN_POINT('',(300.958548115671,-70.0000000000002,-48.0003383377984));
#10908=CARTESIAN_POINT('Origin',(300.958548115671,-70.0000000000002,-48.0003383377984));
#10909=CARTESIAN_POINT('',(302.979274057835,-70.0000000000002,-44.5003383377984));
#10910=CARTESIAN_POINT('',(311.497477167631,-70.0000000000002,-29.7463777624407));
#10911=CARTESIAN_POINT('',(302.979274057835,-70.0000000000002,-44.5003383377984));
#10912=CARTESIAN_POINT('Origin',(302.979274057835,-70.0000000000002,-44.5003383377984));
#10913=CARTESIAN_POINT('',(307.020725942162,-70.0000000000002,-44.5003383377984));
#10914=CARTESIAN_POINT('',(408.989637028918,-70.0000000000002,-44.5003383377984));
#10915=CARTESIAN_POINT('',(307.020725942162,-70.0000000000002,-44.5003383377984));
#10916=CARTESIAN_POINT('Origin',(307.020725942162,-70.0000000000002,-44.5003383377984));
#10917=CARTESIAN_POINT('',(309.041451884326,-70.0000000000002,-48.0003383377984));
#10918=CARTESIAN_POINT('',(349.992159861285,-70.0000000000002,-118.929045159807));
#10919=CARTESIAN_POINT('',(309.041451884326,-70.0000000000002,-48.0003383377984));
#10920=CARTESIAN_POINT('Origin',(309.041451884326,-70.0000000000002,-48.0003383377984));
#10921=CARTESIAN_POINT('',(318.570017965204,-70.0000000000002,-31.4963777624408));
#10922=CARTESIAN_POINT('Origin',(-50.0000000000005,34.298880722335,-74.1));
#10923=CARTESIAN_POINT('',(233.491273698238,-36.1625664881474,-71.0664165284287));
#10924=CARTESIAN_POINT('Ctrl Pts',(209.990084793935,-36.1088926639913,-105.208893751983));
#10925=CARTESIAN_POINT('Ctrl Pts',(217.838222576226,-36.128264772632,-93.8384168780436));
#10926=CARTESIAN_POINT('Ctrl Pts',(225.670796697595,-36.1460428973117,-82.4567370431747));
#10927=CARTESIAN_POINT('Ctrl Pts',(233.491273698238,-36.1625664881474,-71.0664165284287));
#10928=CARTESIAN_POINT('Origin',(-50.0000000000006,34.298880722335,-71.0664165284287));
#10929=CARTESIAN_POINT('Origin',(-50.0000000000005,34.298880722335,-44.7181572077303));
#10930=CARTESIAN_POINT('',(241.730893711062,-36.054734821136,-44.7181572077303));
#10931=CARTESIAN_POINT('Ctrl Pts',(233.491273698238,-36.1625664881474,-71.0664165284287));
#10932=CARTESIAN_POINT('Ctrl Pts',(235.765369904513,-36.1319766049238,-67.7670611392512));
#10933=CARTESIAN_POINT('Ctrl Pts',(240.087098755521,-36.0754647314552,-59.3921127268878));
#10934=CARTESIAN_POINT('Ctrl Pts',(241.730893711062,-36.054734821136,-50.0552787067017));
#10935=CARTESIAN_POINT('Ctrl Pts',(241.730893711062,-36.054734821136,-44.7181572077303));
#10936=CARTESIAN_POINT('Origin',(-50.0000000000005,34.298880722335,-44.7181572077303));
#10937=CARTESIAN_POINT('Origin',(-50.0000000000005,34.298880722335,-89.1));
#10938=CARTESIAN_POINT('',(241.730893711062,-36.054734821136,-29.2818427922697));
#10939=CARTESIAN_POINT('',(241.730893711062,-36.054734821136,-89.1));
#10940=CARTESIAN_POINT('Origin',(-50.0000000000005,34.298880722335,-29.2818427922697));
#10941=CARTESIAN_POINT('Origin',(-50.0000000000005,34.298880722335,-29.2818427922697));
#10942=CARTESIAN_POINT('',(233.491273698238,-36.1625664881474,-2.93358347157131));
#10943=CARTESIAN_POINT('Ctrl Pts',(241.730893711062,-36.054734821136,-29.2818427922697));
#10944=CARTESIAN_POINT('Ctrl Pts',(241.730893711062,-36.054734821136,-23.9447212163421));
#10945=CARTESIAN_POINT('Ctrl Pts',(240.087136929836,-36.075464574851,-14.6078780314908));
#10946=CARTESIAN_POINT('Ctrl Pts',(235.765369937304,-36.1319766044827,-6.23293890832224));
#10947=CARTESIAN_POINT('Ctrl Pts',(233.491273698238,-36.1625664881474,-2.9335834715713));
#10948=CARTESIAN_POINT('Origin',(-50.0000000000006,34.298880722335,-2.93358347157132));
#10949=CARTESIAN_POINT('Origin',(-50.0000000000005,34.298880722335,0.100000000000033));
#10950=CARTESIAN_POINT('Ctrl Pts',(233.491273698238,-36.1625664881474,-2.93358347157133));
#10951=CARTESIAN_POINT('Ctrl Pts',(225.670796697786,-36.1460428973121,8.45673704289773));
#10952=CARTESIAN_POINT('Ctrl Pts',(217.838222638987,-36.1282647783574,19.8384169263289));
#10953=CARTESIAN_POINT('Ctrl Pts',(209.990084807785,-36.1088926652112,31.2088937615492));
#10954=CARTESIAN_POINT('Ctrl Pts',(236.071987130431,-40.0000000000002,-1.16076164443547));
#10955=CARTESIAN_POINT('Ctrl Pts',(227.6487093212,-40.0000000000002,11.1010832023742));
#10956=CARTESIAN_POINT('Ctrl Pts',(219.210861159609,-40.0000000000002,23.352914565281));
#10957=CARTESIAN_POINT('Ctrl Pts',(210.753882638698,-40.0000000000002,35.5915356885641));
#10958=CARTESIAN_POINT('Ctrl Pts',(235.627197648278,-40.0000000000002,-1.46630990585985));
#10959=CARTESIAN_POINT('Ctrl Pts',(227.202731843176,-40.0000062518294,10.7941947076997));
#10960=CARTESIAN_POINT('Ctrl Pts',(218.763632958145,-39.9999925556496,23.0445733048978));
#10961=CARTESIAN_POINT('Ctrl Pts',(210.305275637642,-40.0000000000002,35.2815449033243));
#10962=CARTESIAN_POINT('Ctrl Pts',(234.740656298133,-39.7201644939763,-2.07531973879617));
#10963=CARTESIAN_POINT('Ctrl Pts',(226.313855119795,-39.7183425846097,10.1825361208539));
#10964=CARTESIAN_POINT('Ctrl Pts',(217.872298041065,-39.7163632569954,22.4300425246836));
#10965=CARTESIAN_POINT('Ctrl Pts',(209.411232462015,-39.714167306669,34.6637543976062));
#10966=CARTESIAN_POINT('Ctrl Pts',(233.571062558181,-38.3775979953316,-2.87877249151212));
#10967=CARTESIAN_POINT('Ctrl Pts',(225.143585753524,-38.3677417249421,9.37724424827852));
#10968=CARTESIAN_POINT('Ctrl Pts',(216.701307742504,-38.357019160745,21.622694776545));
#10969=CARTESIAN_POINT('Ctrl Pts',(208.23961237105,-38.3451737893579,33.8541561721074));
#10970=CARTESIAN_POINT('Ctrl Pts',(233.357370594559,-36.9555374603878,-3.02556824677436));
#10971=CARTESIAN_POINT('Ctrl Pts',(224.934387975333,-36.9393487837918,9.23327943689746));
#10972=CARTESIAN_POINT('Ctrl Pts',(216.497211885572,-36.9218583309962,21.4819777075073));
#10973=CARTESIAN_POINT('Ctrl Pts',(208.041026152921,-36.902518719945,33.7169316135281));
#10974=CARTESIAN_POINT('Ctrl Pts',(233.491273698238,-36.1625664881474,-2.93358347157133));
#10975=CARTESIAN_POINT('Ctrl Pts',(225.07241704835,-36.144778603524,9.32826137523834));
#10976=CARTESIAN_POINT('Ctrl Pts',(216.639541318318,-36.1255368670842,21.5800927381452));
#10977=CARTESIAN_POINT('Ctrl Pts',(208.188321592545,-36.1044177763167,33.8187138614283));
#10978=CARTESIAN_POINT('Origin',(236.071987130431,-36.8040000000002,-1.16076164443547));
#10979=CARTESIAN_POINT('Ctrl Pts',(233.491273698238,-36.1625664881474,-2.9335834715713));
#10980=CARTESIAN_POINT('Ctrl Pts',(235.765369937304,-36.1319766044827,-6.23293890832224));
#10981=CARTESIAN_POINT('Ctrl Pts',(240.087136929836,-36.075464574851,-14.6078780314908));
#10982=CARTESIAN_POINT('Ctrl Pts',(241.730893711062,-36.054734821136,-23.9447212163421));
#10983=CARTESIAN_POINT('Ctrl Pts',(241.730893711062,-36.054734821136,-29.2818427922697));
#10984=CARTESIAN_POINT('Ctrl Pts',(233.402004962452,-36.6912138029744,-2.99490665503999));
#10985=CARTESIAN_POINT('Ctrl Pts',(235.666102068401,-36.6624828856341,-6.28991534348927));
#10986=CARTESIAN_POINT('Ctrl Pts',(239.967019310001,-36.6091969190318,-14.6487470231371));
#10987=CARTESIAN_POINT('Ctrl Pts',(241.601917545763,-36.5895521390432,-23.9597417453578));
#10988=CARTESIAN_POINT('Ctrl Pts',(241.601917545763,-36.5895521390432,-29.2818427922697));
#10989=CARTESIAN_POINT('Ctrl Pts',(233.450042298556,-37.8010553895033,-2.96190739332408));
#10990=CARTESIAN_POINT('Ctrl Pts',(235.709548567384,-37.779294277359,-6.26605222490788));
#10991=CARTESIAN_POINT('Ctrl Pts',(239.998826500885,-37.738642477365,-14.6403750931239));
#10992=CARTESIAN_POINT('Ctrl Pts',(241.627825215423,-37.723517576698,-23.9567526495388));
#10993=CARTESIAN_POINT('Ctrl Pts',(241.627825215423,-37.723517576698,-29.2818427922697));
#10994=CARTESIAN_POINT('Ctrl Pts',(234.299405873158,-39.4606028983631,-2.37843684388394));
#10995=CARTESIAN_POINT('Ctrl Pts',(236.605674321741,-39.4543801754004,-5.75633404509875));
#10996=CARTESIAN_POINT('Ctrl Pts',(240.983505100242,-39.4426943817411,-14.3168019800899));
#10997=CARTESIAN_POINT('Ctrl Pts',(242.646004891875,-39.43831719425,-23.8390030889236));
#10998=CARTESIAN_POINT('Ctrl Pts',(242.646004891875,-39.43831719425,-29.2818427922697));
#10999=CARTESIAN_POINT('Ctrl Pts',(235.404802907202,-40.0000000000001,-1.61908403657203));
#11000=CARTESIAN_POINT('Ctrl Pts',(237.781212080534,-40.0001128647214,-5.08640056807244));
#11001=CARTESIAN_POINT('Ctrl Pts',(242.296093521452,-40.0001028420437,-13.8826554237725));
#11002=CARTESIAN_POINT('Ctrl Pts',(244.012600129695,-40.0000000000002,-23.6811983212092));
#11003=CARTESIAN_POINT('Ctrl Pts',(244.012600129695,-40.0000000000002,-29.2818427922697));
#11004=CARTESIAN_POINT('Ctrl Pts',(236.071987130431,-40.0000000000001,-1.16076164443547));
#11005=CARTESIAN_POINT('Ctrl Pts',(238.490979489959,-40.0000000000001,-4.68211160699393));
#11006=CARTESIAN_POINT('Ctrl Pts',(243.088775649051,-40.0000000000002,-13.6205518972708));
#11007=CARTESIAN_POINT('Ctrl Pts',(244.837824301169,-40.0000000000002,-23.5856172046228));
#11008=CARTESIAN_POINT('Ctrl Pts',(244.837824301169,-40.0000000000002,-29.2818427922697));
#11009=CARTESIAN_POINT('Origin',(244.837824301169,-36.8040000000001,-29.2818427922697));
#11010=CARTESIAN_POINT('Origin',(244.837824301169,-36.8040000000001,-89.1));
#11011=CARTESIAN_POINT('Origin',(244.837824301169,-36.8040000000002,-44.7181572077303));
#11012=CARTESIAN_POINT('Ctrl Pts',(236.071987130431,-40.0000000000002,-72.8392383555645));
#11013=CARTESIAN_POINT('Ctrl Pts',(238.49097945508,-40.0000000000002,-69.3178884437805));
#11014=CARTESIAN_POINT('Ctrl Pts',(243.088734890656,-40.0000000000002,-60.3794382392926));
#11015=CARTESIAN_POINT('Ctrl Pts',(244.837824301169,-40.0000000000002,-50.4143827132431));
#11016=CARTESIAN_POINT('Ctrl Pts',(244.837824301169,-40.0000000000002,-44.7181572077303));
#11017=CARTESIAN_POINT('Ctrl Pts',(235.627197648278,-40.0000000000002,-72.5336900941401));
#11018=CARTESIAN_POINT('Ctrl Pts',(238.017828984245,-40.0000107512914,-69.0483467223314));
#11019=CARTESIAN_POINT('Ctrl Pts',(242.56030508748,-40.0000102030001,-60.2046972793908));
#11020=CARTESIAN_POINT('Ctrl Pts',(244.28767485352,-40.0000000000002,-50.3507072689823));
#11021=CARTESIAN_POINT('Ctrl Pts',(244.28767485352,-40.0000000000002,-44.7181572077303));
#11022=CARTESIAN_POINT('Ctrl Pts',(234.740666385792,-39.7201595783922,-71.9246871909242));
#11023=CARTESIAN_POINT('Ctrl Pts',(237.074836887967,-39.7170264349101,-68.5111329700482));
#11024=CARTESIAN_POINT('Ctrl Pts',(241.507262233443,-39.7111575456069,-59.8564806724113));
#11025=CARTESIAN_POINT('Ctrl Pts',(243.191392438862,-39.7089667740093,-50.223847388654));
#11026=CARTESIAN_POINT('Ctrl Pts',(243.191392438862,-39.7089667740093,-44.7181572077303));
#11027=CARTESIAN_POINT('Ctrl Pts',(233.571082378464,-38.3775929697308,-71.1212411240364));
#11028=CARTESIAN_POINT('Ctrl Pts',(235.835049823046,-38.3606431093838,-67.8050280599455));
#11029=CARTESIAN_POINT('Ctrl Pts',(240.131741093037,-38.3289529905134,-59.4026382998779));
#11030=CARTESIAN_POINT('Ctrl Pts',(241.763089547136,-38.3171479922796,-50.0589467722306));
#11031=CARTESIAN_POINT('Ctrl Pts',(241.763089547136,-38.3171479922796,-44.7181572077303));
#11032=CARTESIAN_POINT('Ctrl Pts',(233.357370594559,-36.9555374603878,-70.9744317532257));
#11033=CARTESIAN_POINT('Ctrl Pts',(235.616195499104,-36.9276977404266,-67.6818238074815));
#11034=CARTESIAN_POINT('Ctrl Pts',(239.90664759242,-36.8760259007387,-59.3309189192756));
#11035=CARTESIAN_POINT('Ctrl Pts',(241.537429463114,-36.8569607979968,-50.0322409141216));
#11036=CARTESIAN_POINT('Ctrl Pts',(241.537429463114,-36.8569607979968,-44.7181572077303));
#11037=CARTESIAN_POINT('Ctrl Pts',(233.491273698238,-36.1625664881474,-71.0664165284287));
#11038=CARTESIAN_POINT('Ctrl Pts',(235.765369904513,-36.1319766049238,-67.7670611392512));
#11039=CARTESIAN_POINT('Ctrl Pts',(240.087098755521,-36.0754647314552,-59.3921127268878));
#11040=CARTESIAN_POINT('Ctrl Pts',(241.730893711062,-36.054734821136,-50.0552787067017));
#11041=CARTESIAN_POINT('Ctrl Pts',(241.730893711062,-36.054734821136,-44.7181572077303));
#11042=CARTESIAN_POINT('Origin',(236.071987130431,-36.8040000000002,-72.8392383555645));
#11043=CARTESIAN_POINT('Ctrl Pts',(210.760721684011,-40.0000000000002,-109.581638470523));
#11044=CARTESIAN_POINT('Ctrl Pts',(219.215410134102,-40.0000000000002,-97.3463092425925));
#11045=CARTESIAN_POINT('Ctrl Pts',(227.650979919928,-40.0000000000002,-85.0977778704193));
#11046=CARTESIAN_POINT('Ctrl Pts',(236.071987130431,-40.0000000000002,-72.8392383555645));
#11047=CARTESIAN_POINT('Ctrl Pts',(210.312115791168,-40.0000000000002,-109.271649013745));
#11048=CARTESIAN_POINT('Ctrl Pts',(218.768182612282,-39.9999925580208,-97.0379687688502));
#11049=CARTESIAN_POINT('Ctrl Pts',(227.205002762142,-40.0000062501442,-84.7908897370213));
#11050=CARTESIAN_POINT('Ctrl Pts',(235.627197648278,-40.0000000000002,-72.5336900941401));
#11051=CARTESIAN_POINT('Ctrl Pts',(209.418086854784,-39.7141634217982,-108.653869468816));
#11052=CARTESIAN_POINT('Ctrl Pts',(217.876861093312,-39.7163586644623,-96.4234478787834));
#11053=CARTESIAN_POINT('Ctrl Pts',(226.316138236227,-39.7183374407456,-84.1792398107776));
#11054=CARTESIAN_POINT('Ctrl Pts',(234.74066786607,-39.720158858994,-71.9246882078017));
#11055=CARTESIAN_POINT('Ctrl Pts',(208.246478914391,-38.3451777973861,-107.844281108981));
#11056=CARTESIAN_POINT('Ctrl Pts',(216.705882796662,-38.357019361666,-95.6161092609463));
#11057=CARTESIAN_POINT('Ctrl Pts',(225.145880204405,-38.3677386197986,-83.3739560950528));
#11058=CARTESIAN_POINT('Ctrl Pts',(233.571085278444,-38.3775922333085,-71.1212431161787));
#11059=CARTESIAN_POINT('Ctrl Pts',(208.047864501007,-36.9025343390053,-107.707037316389));
#11060=CARTESIAN_POINT('Ctrl Pts',(216.501760546472,-36.9218677686439,-95.4753741075094));
#11061=CARTESIAN_POINT('Ctrl Pts',(224.936658494488,-36.9393531476498,-83.2299749128649));
#11062=CARTESIAN_POINT('Ctrl Pts',(233.357370594559,-36.9555374603878,-70.9744317532257));
#11063=CARTESIAN_POINT('Ctrl Pts',(208.195155980968,-36.1044348546413,-107.808816643387));
#11064=CARTESIAN_POINT('Ctrl Pts',(216.644087616978,-36.1255472340442,-95.5734874154567));
#11065=CARTESIAN_POINT('Ctrl Pts',(225.0746864553,-36.1447833984683,-83.3249560432834));
#11066=CARTESIAN_POINT('Ctrl Pts',(233.491273698238,-36.1625664881474,-71.0664165284287));
#11067=CARTESIAN_POINT('Origin',(400.771593212013,-43.0000000000002,-102.995974295269));
#11068=CARTESIAN_POINT('',(397.771593212013,-42.9999999999653,-108.782989182332));
#11069=CARTESIAN_POINT('Ctrl Pts',(400.771593212013,-40.0000000000002,-110.991948590538));
#11070=CARTESIAN_POINT('Ctrl Pts',(400.240628650722,-40.0000000000002,-110.991948590538));
#11071=CARTESIAN_POINT('Ctrl Pts',(399.18859330811,-40.3031873254158,-110.814606161397));
#11072=CARTESIAN_POINT('Ctrl Pts',(398.008377014971,-41.4877715044259,-110.039007251886));
#11073=CARTESIAN_POINT('Ctrl Pts',(397.771593212022,-42.461630870286,-109.266402693086));
#11074=CARTESIAN_POINT('Ctrl Pts',(397.771593212013,-42.9999999999522,-108.782989182313));
#11075=CARTESIAN_POINT('',(397.771593212013,-43.0000000000002,-126.491948590538));
#11076=CARTESIAN_POINT('Origin',(390.771593212013,-43.0000000000002,-126.491948590538));
#11077=CARTESIAN_POINT('',(397.627999672564,-44.410563875801,-107.402512466339));
#11078=CARTESIAN_POINT('',(390.771593212013,-50.0000000000002,-100.991948590538));
#11079=CARTESIAN_POINT('Ctrl Pts',(397.627999672564,-44.410563875801,-107.402512466339));
#11080=CARTESIAN_POINT('Ctrl Pts',(397.416979810201,-45.4362798837292,-106.355314915142));
#11081=CARTESIAN_POINT('Ctrl Pts',(396.535736335331,-47.3434838030349,-104.307093230047));
#11082=CARTESIAN_POINT('Ctrl Pts',(394.671607954121,-48.9388447215154,-102.395334782643));
#11083=CARTESIAN_POINT('Ctrl Pts',(392.666443864583,-49.8308099201768,-101.237712984808));
#11084=CARTESIAN_POINT('Ctrl Pts',(391.519591462868,-50.0000000000002,-100.991948590538));
#11085=CARTESIAN_POINT('Ctrl Pts',(390.771593212013,-50.0000000000002,-100.991948590538));
#11086=CARTESIAN_POINT('Ctrl Pts',(397.771593212013,-42.9999999999497,-108.782989182315));
#11087=CARTESIAN_POINT('Ctrl Pts',(397.771593212017,-43.5134741120003,-108.321929456714));
#11088=CARTESIAN_POINT('Ctrl Pts',(397.723014156011,-43.9487216796934,-107.874027011364));
#11089=CARTESIAN_POINT('Ctrl Pts',(397.627999672564,-44.410563875801,-107.402512466339));
#11090=CARTESIAN_POINT('',(390.771593212013,-50.0000000000002,-126.491948590538));
#11091=CARTESIAN_POINT('Origin',(327.852788475683,-50.0000000000002,-113.991948590538));
#11092=CARTESIAN_POINT('',(264.933983739352,-50.0000000000002,-100.991948590538));
#11093=CARTESIAN_POINT('',(287.893386107518,-50.0000000000002,-100.991948590538));
#11094=CARTESIAN_POINT('',(264.933983739352,-50.0000000000002,-101.491948590538));
#11095=CARTESIAN_POINT('Origin',(264.933983739352,-43.0000000000002,-101.491948590538));
#11096=CARTESIAN_POINT('',(258.077577278801,-44.410563875801,-107.402512466339));
#11097=CARTESIAN_POINT('',(257.933983739352,-42.9999999999653,-108.782989182332));
#11098=CARTESIAN_POINT('Ctrl Pts',(258.077577278801,-44.410563875801,-107.402512466339));
#11099=CARTESIAN_POINT('Ctrl Pts',(257.982562795355,-43.9487216796934,-107.874027011364));
#11100=CARTESIAN_POINT('Ctrl Pts',(257.933983739349,-43.5134741120003,-108.321929456714));
#11101=CARTESIAN_POINT('Ctrl Pts',(257.933983739353,-42.9999999999497,-108.782989182315));
#11102=CARTESIAN_POINT('Ctrl Pts',(264.933983739352,-50.0000000000002,-100.991948590538));
#11103=CARTESIAN_POINT('Ctrl Pts',(264.185985488498,-50.0000000000002,-100.991948590538));
#11104=CARTESIAN_POINT('Ctrl Pts',(262.659765227557,-49.7799893539748,-101.312266086968));
#11105=CARTESIAN_POINT('Ctrl Pts',(259.804367577489,-48.2226047866482,-103.308898704196));
#11106=CARTESIAN_POINT('Ctrl Pts',(258.394107072347,-45.9491378876933,-105.831716139544));
#11107=CARTESIAN_POINT('Ctrl Pts',(258.077577278801,-44.410563875801,-107.402512466339));
#11108=CARTESIAN_POINT('',(257.933983739352,-43.0000000000002,-101.491948590538));
#11109=CARTESIAN_POINT('Origin',(254.933983739352,-43.0000000000002,-77.9959742952688));
#11110=CARTESIAN_POINT('Ctrl Pts',(257.933983739352,-42.9999999999523,-108.782989182313));
#11111=CARTESIAN_POINT('Ctrl Pts',(257.933983739347,-42.6410872468415,-109.105264856161));
#11112=CARTESIAN_POINT('Ctrl Pts',(257.806086537663,-41.8887411436196,-109.730199004011));
#11113=CARTESIAN_POINT('Ctrl Pts',(257.104695773082,-40.7723945297538,-110.519255971046));
#11114=CARTESIAN_POINT('Ctrl Pts',(256.000054190268,-40.1061407183832,-110.928551726465));
#11115=CARTESIAN_POINT('Ctrl Pts',(255.199466019998,-40.0000000000002,-110.991948590538));
#11116=CARTESIAN_POINT('Ctrl Pts',(254.933983739352,-40.0000000000002,-110.991948590538));
#11117=CARTESIAN_POINT('Origin',(247.933983739352,-40.0000000000002,14.9919485905377));
#11118=CARTESIAN_POINT('Origin',(368.499999999999,-51.9603383377992,14.9919485905377));
#11119=CARTESIAN_POINT('Origin',(368.499999999999,-51.9603383377992,16.9919485905377));
#11120=CARTESIAN_POINT('Origin',(368.499999999999,-41.9603383377992,16.9919485905377));
#11121=CARTESIAN_POINT('Origin',(281.466991869676,-41.9603383377992,16.9919485905377));
#11122=CARTESIAN_POINT('Ctrl Pts',(397.627999672564,-44.410563875801,-107.402512466339));
#11123=CARTESIAN_POINT('Ctrl Pts',(397.723014156011,-43.9487216796934,-107.874027011364));
#11124=CARTESIAN_POINT('Ctrl Pts',(397.771593212017,-43.5134741120003,-108.321929456714));
#11125=CARTESIAN_POINT('Ctrl Pts',(397.771593212013,-42.9999999999497,-108.782989182315));
#11126=CARTESIAN_POINT('Ctrl Pts',(398.342530852381,-43.9403759172007,-106.932324507738));
#11127=CARTESIAN_POINT('Ctrl Pts',(398.405873841345,-43.5311987313326,-107.347949926218));
#11128=CARTESIAN_POINT('Ctrl Pts',(398.46267215098,-43.1399827664747,-107.74760247618));
#11129=CARTESIAN_POINT('Ctrl Pts',(398.503571385796,-42.714231617757,-108.138410700599));
#11130=CARTESIAN_POINT('Ctrl Pts',(399.057062032197,-43.4701879586004,-106.462136549138));
#11131=CARTESIAN_POINT('Ctrl Pts',(399.088733526679,-43.1136757829717,-106.821872841072));
#11132=CARTESIAN_POINT('Ctrl Pts',(399.153751089942,-42.7664914209492,-107.173275495647));
#11133=CARTESIAN_POINT('Ctrl Pts',(399.235549559579,-42.4284632355644,-107.493832218882));
#11134=CARTESIAN_POINT('Ctrl Pts',(399.771593212013,-43.0000000000002,-105.991948590538));
#11135=CARTESIAN_POINT('Ctrl Pts',(399.771593212013,-42.6961528346109,-106.295795755927));
#11136=CARTESIAN_POINT('Ctrl Pts',(399.844830028905,-42.3930000754237,-106.598948515114));
#11137=CARTESIAN_POINT('Ctrl Pts',(399.967527733362,-42.1426948533718,-106.849253737166));
#11138=CARTESIAN_POINT('',(397.771593212013,-42.9999999999653,-108.782989182332));
#11139=CARTESIAN_POINT('',(399.771593212013,-43.0000000000002,-105.991948590538));
#11140=CARTESIAN_POINT('Origin',(356.466991869676,-40.7071067811867,-109.284841809351));
#11141=CARTESIAN_POINT('',(400.771593212013,-41.4142135623732,-107.577735028165));
#11142=CARTESIAN_POINT('Ctrl Pts',(397.771593212013,-42.9999999999522,-108.782989182313));
#11143=CARTESIAN_POINT('Ctrl Pts',(397.771593212022,-42.461630870286,-109.266402693086));
#11144=CARTESIAN_POINT('Ctrl Pts',(398.008377014971,-41.4877715044259,-110.039007251886));
#11145=CARTESIAN_POINT('Ctrl Pts',(399.18859330811,-40.3031873254158,-110.814606161397));
#11146=CARTESIAN_POINT('Ctrl Pts',(400.240628650722,-40.0000000000002,-110.991948590538));
#11147=CARTESIAN_POINT('Ctrl Pts',(400.771593212013,-40.0000000000002,-110.991948590538));
#11148=CARTESIAN_POINT('Ctrl Pts',(398.503571385796,-42.7142316177592,-108.138410700597));
#11149=CARTESIAN_POINT('Ctrl Pts',(398.546453558314,-42.2678385669496,-108.548166672144));
#11150=CARTESIAN_POINT('Ctrl Pts',(398.806668949292,-41.5071707334286,-109.174664634292));
#11151=CARTESIAN_POINT('Ctrl Pts',(399.69614831864,-40.6730935806321,-109.736084940756));
#11152=CARTESIAN_POINT('Ctrl Pts',(400.41154356339,-40.4714045207912,-109.85387740308));
#11153=CARTESIAN_POINT('Ctrl Pts',(400.771593212013,-40.4714045207912,-109.85387740308));
#11154=CARTESIAN_POINT('Ctrl Pts',(399.235549559579,-42.4284632355661,-107.493832218881));
#11155=CARTESIAN_POINT('Ctrl Pts',(399.321313904607,-42.0740462636132,-107.829930651203));
#11156=CARTESIAN_POINT('Ctrl Pts',(399.604960883612,-41.5265699624314,-108.310322016698));
#11157=CARTESIAN_POINT('Ctrl Pts',(400.20370332917,-41.0429998358484,-108.657563720115));
#11158=CARTESIAN_POINT('Ctrl Pts',(400.582458476058,-40.9428090415822,-108.715806215622));
#11159=CARTESIAN_POINT('Ctrl Pts',(400.771593212013,-40.9428090415822,-108.715806215622));
#11160=CARTESIAN_POINT('Ctrl Pts',(399.967527733361,-42.142694853373,-106.849253737165));
#11161=CARTESIAN_POINT('Ctrl Pts',(400.096174250899,-41.8802539602768,-107.111694630261));
#11162=CARTESIAN_POINT('Ctrl Pts',(400.403252817933,-41.5459691914342,-107.445979399104));
#11163=CARTESIAN_POINT('Ctrl Pts',(400.711258339701,-41.4129060910647,-107.579042499473));
#11164=CARTESIAN_POINT('Ctrl Pts',(400.753373388726,-41.4142135623732,-107.577735028165));
#11165=CARTESIAN_POINT('Ctrl Pts',(400.771593212013,-41.4142135623732,-107.577735028165));
#11166=CARTESIAN_POINT('Ctrl Pts',(257.933983739353,-42.9999999999497,-108.782989182315));
#11167=CARTESIAN_POINT('Ctrl Pts',(257.933983739349,-43.5134741120003,-108.321929456714));
#11168=CARTESIAN_POINT('Ctrl Pts',(257.982562795355,-43.9487216796934,-107.874027011364));
#11169=CARTESIAN_POINT('Ctrl Pts',(258.077577278801,-44.410563875801,-107.402512466339));
#11170=CARTESIAN_POINT('Ctrl Pts',(257.20200556557,-42.714231617757,-108.138410700599));
#11171=CARTESIAN_POINT('Ctrl Pts',(257.242904800386,-43.1399827664748,-107.74760247618));
#11172=CARTESIAN_POINT('Ctrl Pts',(257.299703110021,-43.5311987313326,-107.347949926218));
#11173=CARTESIAN_POINT('Ctrl Pts',(257.363046098985,-43.9403759172007,-106.932324507738));
#11174=CARTESIAN_POINT('Ctrl Pts',(256.470027391787,-42.4284632355644,-107.493832218882));
#11175=CARTESIAN_POINT('Ctrl Pts',(256.551825861424,-42.7664914209492,-107.173275495647));
#11176=CARTESIAN_POINT('Ctrl Pts',(256.616843424687,-43.1136757829718,-106.821872841072));
#11177=CARTESIAN_POINT('Ctrl Pts',(256.648514919169,-43.4701879586004,-106.462136549138));
#11178=CARTESIAN_POINT('Ctrl Pts',(255.738049218004,-42.1426948533718,-106.849253737166));
#11179=CARTESIAN_POINT('Ctrl Pts',(255.860746922461,-42.3930000754237,-106.598948515114));
#11180=CARTESIAN_POINT('Ctrl Pts',(255.933983739352,-42.6961528346109,-106.295795755927));
#11181=CARTESIAN_POINT('Ctrl Pts',(255.933983739352,-43.0000000000002,-105.991948590538));
#11182=CARTESIAN_POINT('',(258.077577278801,-44.410563875801,-107.402512466339));
#11183=CARTESIAN_POINT('',(255.738049218004,-42.1426948533718,-106.849253737166));
#11184=CARTESIAN_POINT('Ctrl Pts',(390.771593212013,-50.0000000000002,-100.991948590538));
#11185=CARTESIAN_POINT('Ctrl Pts',(391.519591462868,-50.0000000000002,-100.991948590538));
#11186=CARTESIAN_POINT('Ctrl Pts',(392.666443864583,-49.8308099201768,-101.237712984808));
#11187=CARTESIAN_POINT('Ctrl Pts',(394.671607954121,-48.9388447215154,-102.395334782643));
#11188=CARTESIAN_POINT('Ctrl Pts',(396.535736335331,-47.3434838030349,-104.307093230047));
#11189=CARTESIAN_POINT('Ctrl Pts',(397.416979810201,-45.4362798837292,-106.355314915142));
#11190=CARTESIAN_POINT('Ctrl Pts',(397.627999672564,-44.410563875801,-107.402512466339));
#11191=CARTESIAN_POINT('Ctrl Pts',(390.771593212013,-50.4714045207912,-99.85387740308));
#11192=CARTESIAN_POINT('Ctrl Pts',(391.760368465781,-50.4714045207912,-99.85387740308));
#11193=CARTESIAN_POINT('Ctrl Pts',(393.24994535538,-50.186056665854,-100.190274800982));
#11194=CARTESIAN_POINT('Ctrl Pts',(395.532718545272,-48.991400006182,-101.562035860103));
#11195=CARTESIAN_POINT('Ctrl Pts',(397.43391766419,-47.0918844806654,-103.672483071569));
#11196=CARTESIAN_POINT('Ctrl Pts',(398.201850944138,-45.0231189896087,-105.835260406485));
#11197=CARTESIAN_POINT('Ctrl Pts',(398.342530852381,-43.9403759172007,-106.932324507738));
#11198=CARTESIAN_POINT('Ctrl Pts',(390.771593212013,-50.9428090415822,-98.7158062156223));
#11199=CARTESIAN_POINT('Ctrl Pts',(392.001145468693,-50.9428090415822,-98.7158062156223));
#11200=CARTESIAN_POINT('Ctrl Pts',(393.833446846177,-50.5413034115311,-99.1428366171559));
#11201=CARTESIAN_POINT('Ctrl Pts',(396.393829136424,-49.0439552908487,-100.728736937563));
#11202=CARTESIAN_POINT('Ctrl Pts',(398.332098993049,-46.8402851582958,-103.03787291309));
#11203=CARTESIAN_POINT('Ctrl Pts',(398.986722078076,-44.6099580954882,-105.315205897827));
#11204=CARTESIAN_POINT('Ctrl Pts',(399.057062032197,-43.4701879586004,-106.462136549138));
#11205=CARTESIAN_POINT('Ctrl Pts',(390.771593212013,-51.4142135623732,-97.5777350281646));
#11206=CARTESIAN_POINT('Ctrl Pts',(392.241922471606,-51.4142135623732,-97.5777350281646));
#11207=CARTESIAN_POINT('Ctrl Pts',(394.416948336974,-50.8965501572083,-98.0953984333296));
#11208=CARTESIAN_POINT('Ctrl Pts',(397.254939727575,-49.0965105755154,-99.8954380150224));
#11209=CARTESIAN_POINT('Ctrl Pts',(399.230280321907,-46.5886858359263,-102.403262754612));
#11210=CARTESIAN_POINT('Ctrl Pts',(399.771593212013,-44.1967972013677,-104.79515138917));
#11211=CARTESIAN_POINT('Ctrl Pts',(399.771593212013,-43.0000000000002,-105.991948590538));
#11212=CARTESIAN_POINT('',(390.771593212013,-51.4142135623732,-97.5777350281646));
#11213=CARTESIAN_POINT('Origin',(287.893386107518,-50.7071067811867,-99.2848418093512));
#11214=CARTESIAN_POINT('',(264.933983739352,-51.4142135623732,-97.5777350281646));
#11215=CARTESIAN_POINT('Ctrl Pts',(258.077577278801,-44.410563875801,-107.402512466339));
#11216=CARTESIAN_POINT('Ctrl Pts',(258.394107072347,-45.9491378876933,-105.831716139544));
#11217=CARTESIAN_POINT('Ctrl Pts',(259.804367577489,-48.2226047866482,-103.308898704196));
#11218=CARTESIAN_POINT('Ctrl Pts',(262.659765227557,-49.7799893539748,-101.312266086968));
#11219=CARTESIAN_POINT('Ctrl Pts',(264.185985488498,-50.0000000000002,-100.991948590538));
#11220=CARTESIAN_POINT('Ctrl Pts',(264.933983739352,-50.0000000000002,-100.991948590538));
#11221=CARTESIAN_POINT('Ctrl Pts',(257.363046098985,-43.9403759172007,-106.932324507738));
#11222=CARTESIAN_POINT('Ctrl Pts',(257.574065961349,-45.5644905258127,-105.286728355858));
#11223=CARTESIAN_POINT('Ctrl Pts',(258.855728359571,-48.0740814012203,-102.610903789522));
#11224=CARTESIAN_POINT('Ctrl Pts',(261.961389497763,-50.0928407896498,-100.299312367825));
#11225=CARTESIAN_POINT('Ctrl Pts',(263.945208485585,-50.4714045207912,-99.85387740308));
#11226=CARTESIAN_POINT('Ctrl Pts',(264.933983739352,-50.4714045207912,-99.85387740308));
#11227=CARTESIAN_POINT('Ctrl Pts',(256.648514919169,-43.4701879586004,-106.462136549138));
#11228=CARTESIAN_POINT('Ctrl Pts',(256.754024850351,-45.1798431639321,-104.741740572172));
#11229=CARTESIAN_POINT('Ctrl Pts',(257.907089141653,-47.9255580157923,-101.912908874848));
#11230=CARTESIAN_POINT('Ctrl Pts',(261.263013767969,-50.4056922253248,-99.2863586486815));
#11231=CARTESIAN_POINT('Ctrl Pts',(263.704431482672,-50.9428090415822,-98.7158062156223));
#11232=CARTESIAN_POINT('Ctrl Pts',(264.933983739352,-50.9428090415822,-98.7158062156223));
#11233=CARTESIAN_POINT('Ctrl Pts',(255.933983739353,-43.0000000000002,-105.991948590538));
#11234=CARTESIAN_POINT('Ctrl Pts',(255.933983739353,-44.7951958020515,-104.196752788486));
#11235=CARTESIAN_POINT('Ctrl Pts',(256.958449923734,-47.7770346303643,-101.214913960174));
#11236=CARTESIAN_POINT('Ctrl Pts',(260.564638038176,-50.7185436609997,-98.2734049295381));
#11237=CARTESIAN_POINT('Ctrl Pts',(263.46365447976,-51.4142135623732,-97.5777350281646));
#11238=CARTESIAN_POINT('Ctrl Pts',(264.933983739352,-51.4142135623732,-97.5777350281646));
#11239=CARTESIAN_POINT('Ctrl Pts',(254.933983739352,-40.0000000000002,-110.991948590538));
#11240=CARTESIAN_POINT('Ctrl Pts',(255.199466019998,-40.0000000000002,-110.991948590538));
#11241=CARTESIAN_POINT('Ctrl Pts',(256.000054190268,-40.1061407183832,-110.928551726465));
#11242=CARTESIAN_POINT('Ctrl Pts',(257.104695773082,-40.7723945297538,-110.519255971046));
#11243=CARTESIAN_POINT('Ctrl Pts',(257.806086537663,-41.8887411436196,-109.730199004011));
#11244=CARTESIAN_POINT('Ctrl Pts',(257.933983739347,-42.6410872468415,-109.105264856161));
#11245=CARTESIAN_POINT('Ctrl Pts',(257.933983739352,-42.9999999999523,-108.782989182313));
#11246=CARTESIAN_POINT('Ctrl Pts',(254.933983739352,-40.4714045207912,-109.85387740308));
#11247=CARTESIAN_POINT('Ctrl Pts',(255.114008563664,-40.4714045207912,-109.85387740308));
#11248=CARTESIAN_POINT('Ctrl Pts',(255.656028364557,-40.5427683605857,-109.811009466159));
#11249=CARTESIAN_POINT('Ctrl Pts',(256.437575637113,-40.9967201996937,-109.528362997685));
#11250=CARTESIAN_POINT('Ctrl Pts',(257.015506545745,-41.8154507005038,-108.927825594763));
#11251=CARTESIAN_POINT('Ctrl Pts',(257.173417450558,-42.4166362505528,-108.411581348295));
#11252=CARTESIAN_POINT('Ctrl Pts',(257.20200556557,-42.7142316177592,-108.138410700597));
#11253=CARTESIAN_POINT('Ctrl Pts',(254.933983739352,-40.9428090415822,-108.715806215622));
#11254=CARTESIAN_POINT('Ctrl Pts',(255.02855110733,-40.9428090415822,-108.715806215622));
#11255=CARTESIAN_POINT('Ctrl Pts',(255.312002538847,-40.9793960027881,-108.693467205853));
#11256=CARTESIAN_POINT('Ctrl Pts',(255.770455501145,-41.2210458696336,-108.537470024325));
#11257=CARTESIAN_POINT('Ctrl Pts',(256.224926553826,-41.7421602573879,-108.125452185514));
#11258=CARTESIAN_POINT('Ctrl Pts',(256.412851161769,-42.1921852542642,-107.717897840429));
#11259=CARTESIAN_POINT('Ctrl Pts',(256.470027391787,-42.4284632355661,-107.493832218881));
#11260=CARTESIAN_POINT('Ctrl Pts',(254.933983739352,-41.4142135623732,-107.577735028165));
#11261=CARTESIAN_POINT('Ctrl Pts',(254.943093650996,-41.4142135623732,-107.577735028165));
#11262=CARTESIAN_POINT('Ctrl Pts',(254.967976713136,-41.4160236449905,-107.575924945547));
#11263=CARTESIAN_POINT('Ctrl Pts',(255.103335365176,-41.4453715395735,-107.546577050964));
#11264=CARTESIAN_POINT('Ctrl Pts',(255.434346561908,-41.668869814272,-107.323078776266));
#11265=CARTESIAN_POINT('Ctrl Pts',(255.65228487298,-41.9677342579755,-107.024214332562));
#11266=CARTESIAN_POINT('Ctrl Pts',(255.738049218005,-42.142694853373,-106.849253737165));
#11267=CARTESIAN_POINT('',(254.933983739352,-41.4142135623732,-107.577735028165));
#11268=CARTESIAN_POINT('Origin',(356.466991869676,-40.7071067811867,-109.284841809351));
#11269=CARTESIAN_POINT('',(247.348197301726,-41.4142135623732,-107.577735028165));
#11270=CARTESIAN_POINT('Origin',(246.933983739352,-41.0000000000002,-42.));
#11271=CARTESIAN_POINT('Origin',(393.499999999999,-51.9603383377992,16.9996616622012));
#11272=CARTESIAN_POINT('Ctrl Pts',(371.345630354981,-59.9603383377992,28.5834393548156));
#11273=CARTESIAN_POINT('Ctrl Pts',(371.348481249907,-59.9603383377992,28.5787316376533));
#11274=CARTESIAN_POINT('Ctrl Pts',(371.351332545522,-59.9603341823152,28.5740241674917));
#11275=CARTESIAN_POINT('Ctrl Pts',(371.825231543272,-59.9589532678856,27.791771188374));
#11276=CARTESIAN_POINT('Ctrl Pts',(372.307397674767,-59.8442485022211,27.0211775645265));
#11277=CARTESIAN_POINT('Ctrl Pts',(373.246193687489,-59.4087491774482,25.5717613897867));
#11278=CARTESIAN_POINT('Ctrl Pts',(373.703786470277,-59.0962409608593,24.8894571493544));
#11279=CARTESIAN_POINT('Ctrl Pts',(374.764993316207,-58.11159629608,23.3583096052807));
#11280=CARTESIAN_POINT('Ctrl Pts',(375.353532933531,-57.3406868418504,22.5552903275864));
#11281=CARTESIAN_POINT('Ctrl Pts',(376.208248577979,-55.6515720812699,21.4296518428336));
#11282=CARTESIAN_POINT('Ctrl Pts',(376.512296015989,-54.8035867206109,21.0452788072438));
#11283=CARTESIAN_POINT('Ctrl Pts',(376.825739078335,-53.2138864160085,20.6526565310685));
#11284=CARTESIAN_POINT('Ctrl Pts',(376.890397773643,-52.5259755582815,20.5730885864838));
#11285=CARTESIAN_POINT('Ctrl Pts',(376.871522909901,-51.1001539818398,20.5964690938368));
#11286=CARTESIAN_POINT('Ctrl Pts',(376.781335121265,-50.3862568873252,20.7076081352573));
#11287=CARTESIAN_POINT('Ctrl Pts',(376.437019790262,-48.9131406064824,21.140773189467));
#11288=CARTESIAN_POINT('Ctrl Pts',(376.164609341309,-48.185203723172,21.4872734606056));
#11289=CARTESIAN_POINT('Ctrl Pts',(375.425498614648,-46.719315292176,22.4603279763726));
#11290=CARTESIAN_POINT('Ctrl Pts',(374.930214637719,-46.0317297273449,23.132696666258));
#11291=CARTESIAN_POINT('Ctrl Pts',(373.931273389024,-44.9991597657952,24.554589506072));
#11292=CARTESIAN_POINT('Ctrl Pts',(373.431875514776,-44.623981030133,25.2911640664299));
#11293=CARTESIAN_POINT('Ctrl Pts',(372.402912661774,-44.1002125235032,26.8688988997908));
#11294=CARTESIAN_POINT('Ctrl Pts',(371.871782984182,-43.961859055933,27.7149299142247));
#11295=CARTESIAN_POINT('Ctrl Pts',(371.351332545135,-43.9603424932821,28.5740241681055));
#11296=CARTESIAN_POINT('Ctrl Pts',(371.348481250281,-43.9603383377992,28.5787316370356));
#11297=CARTESIAN_POINT('Ctrl Pts',(371.345630354981,-43.9603383377992,28.5834393548156));
#11298=CARTESIAN_POINT('Origin',(314.999999999999,-51.9603383377992,41.9996616622013));
#11299=CARTESIAN_POINT('Origin',(407.663129063721,-51.9603383377992,28.5834393548156));
#11300=CARTESIAN_POINT('Origin',(426.986521868987,-36.0152212076332,-99.95));
#11301=CARTESIAN_POINT('',(430.637898897996,-40.0000000000001,23.1));
#11302=CARTESIAN_POINT('Origin',(328.5,-36.0000000000001,19.1));
#11303=CARTESIAN_POINT('Origin',(412.663129063721,-28.9603383377992,35.2915505085084));
#11304=CARTESIAN_POINT('Origin',(412.663129063721,-28.9603383377992,35.2915505085084));
#11305=CARTESIAN_POINT('Origin',(419.49785779374,9.07049171534693,15.1));
#11306=CARTESIAN_POINT('',(421.84785779374,9.07049171534693,15.1));
#11307=CARTESIAN_POINT('Origin',(419.49785779374,9.07049171534693,15.1));
#11308=CARTESIAN_POINT('Origin',(419.49785779374,9.07049171534693,-89.0999999999999));
#11309=CARTESIAN_POINT('',(417.14785779374,9.07049171534693,-89.0999999999999));
#11310=CARTESIAN_POINT('Origin',(419.49785779374,9.07049171534693,-89.0999999999999));
#11311=CARTESIAN_POINT('Origin',(419.49785779374,9.07049171534693,-132.9));
#11312=CARTESIAN_POINT('',(417.14785779374,9.07049171534693,-132.3));
#11313=CARTESIAN_POINT('Origin',(419.49785779374,9.07049171534693,-132.3));
#11314=CARTESIAN_POINT('',(417.14785779374,9.07049171534693,-132.9));
#11315=CARTESIAN_POINT('Origin',(419.49785779374,9.07049171534693,-132.6));
#11316=CARTESIAN_POINT('',(416.54785779374,9.07049171534693,-132.9));
#11317=CARTESIAN_POINT('Origin',(419.49785779374,9.07049171534693,-132.9));
#11318=CARTESIAN_POINT('',(416.84785779374,9.07049171534693,-132.6));
#11319=CARTESIAN_POINT('Origin',(419.49785779374,9.07049171534693,58.8999999999999));
#11320=CARTESIAN_POINT('',(421.84785779374,9.07049171534693,58.3));
#11321=CARTESIAN_POINT('Origin',(419.49785779374,9.07049171534693,58.3));
#11322=CARTESIAN_POINT('',(421.84785779374,9.07049171534693,58.8999999999999));
#11323=CARTESIAN_POINT('Origin',(419.49785779374,9.07049171534693,58.6000000000001));
#11324=CARTESIAN_POINT('',(422.44785779374,9.07049171534693,58.9));
#11325=CARTESIAN_POINT('Origin',(419.49785779374,9.07049171534693,58.9));
#11326=CARTESIAN_POINT('',(422.14785779374,9.07049171534693,58.6000000000001));
#11327=CARTESIAN_POINT('Origin',(412.253078507462,-4.86157468138051,-26.6117651562244));
#11328=CARTESIAN_POINT('',(412.096198170516,-6.65472513794566,-26.6117651562244));
#11329=CARTESIAN_POINT('Origin',(412.253078507462,-4.86157468138051,-26.6117651562244));
#11330=CARTESIAN_POINT('Origin',(426.697901629792,-6.12533295122156,-26.6117651562244));
#11331=CARTESIAN_POINT('',(426.541021292846,-7.91848340778671,-26.6117651562244));
#11332=CARTESIAN_POINT('Origin',(412.253078507462,-4.86157468138046,-127.611765156224));
#11333=CARTESIAN_POINT('',(412.096198170516,-6.65472513794562,-127.611765156224));
#11334=CARTESIAN_POINT('Origin',(412.253078507462,-4.86157468138046,-127.611765156224));
#11335=CARTESIAN_POINT('Origin',(426.697901629792,-6.12533295122152,-127.611765156224));
#11336=CARTESIAN_POINT('',(426.541021292846,-7.91848340778666,-127.611765156224));
#11337=CARTESIAN_POINT('Origin',(350.,-55.0000000000001,-132.9));
#11338=CARTESIAN_POINT('',(449.203549966154,-43.5000000000001,-132.9));
#11339=CARTESIAN_POINT('',(449.203549966154,-49.2500000000001,-132.9));
#11340=CARTESIAN_POINT('',(444.355434362967,-48.3481156031873,-132.9));
#11341=CARTESIAN_POINT('',(420.711165893688,-71.9923840724663,-132.9));
#11342=CARTESIAN_POINT('',(444.359833586642,-61.6622214435191,-132.9));
#11343=CARTESIAN_POINT('Origin',(460.,-55.0000000000001,-132.9));
#11344=CARTESIAN_POINT('',(443.630372483961,-70.0000000000002,-132.9));
#11345=CARTESIAN_POINT('',(443.925939214128,-66.6216568152333,-132.9));
#11346=CARTESIAN_POINT('',(162.5,-70.0000000000002,-132.9));
#11347=CARTESIAN_POINT('Origin',(350.,-55.0000000000001,58.9));
#11348=CARTESIAN_POINT('',(444.359833586642,-61.6622214435191,58.8999999999999));
#11349=CARTESIAN_POINT('',(444.355434362967,-48.3481156031873,58.9));
#11350=CARTESIAN_POINT('Origin',(460.,-55.0000000000001,58.9));
#11351=CARTESIAN_POINT('',(449.203549966154,-43.5000000000001,58.8999999999999));
#11352=CARTESIAN_POINT('',(420.711165893688,-71.9923840724663,58.9));
#11353=CARTESIAN_POINT('',(449.203549966154,-49.2500000000001,58.9));
#11354=CARTESIAN_POINT('',(443.630372483961,-70.0000000000002,58.8999999999999));
#11355=CARTESIAN_POINT('',(162.5,-70.0000000000002,58.9));
#11356=CARTESIAN_POINT('',(443.925939214128,-66.6216568152333,58.9));
#11357=CARTESIAN_POINT('Origin',(447.570556804299,-45.1329931618556,58.8999999999999));
#11358=CARTESIAN_POINT('',(449.203549966154,-43.5000000000001,-70.7));
#11359=CARTESIAN_POINT('',(444.355434362967,-48.3481156031873,-70.7));
#11360=CARTESIAN_POINT('',(445.712053385226,-46.9914965809279,-70.7));
#11361=CARTESIAN_POINT('',(444.355434362967,-48.3481156031873,58.7));
#11362=CARTESIAN_POINT('',(449.203549966154,-43.5000000000001,58.8999999999999));
#11363=CARTESIAN_POINT('Origin',(449.203549966154,-43.5000000000001,58.8999999999999));
#11364=CARTESIAN_POINT('',(449.203549966154,-41.7500000000001,-70.7));
#11365=CARTESIAN_POINT('Origin',(449.203549966154,-43.5000000000001,58.8999999999999));
#11366=CARTESIAN_POINT('',(449.203549966154,-43.5000000000001,-5.30000000000001));
#11367=CARTESIAN_POINT('',(449.203549966154,-41.7500000000001,-5.30000000000001));
#11368=CARTESIAN_POINT('',(449.203549966154,-43.5000000000001,58.8999999999999));
#11369=CARTESIAN_POINT('Origin',(447.570556804299,-45.1329931618556,58.8999999999999));
#11370=CARTESIAN_POINT('',(444.355434362967,-48.3481156031873,-5.30000000000001));
#11371=CARTESIAN_POINT('',(451.927790934946,-40.7757590312078,-5.30000000000001));
#11372=CARTESIAN_POINT('',(444.355434362967,-48.3481156031873,58.7));
#11373=CARTESIAN_POINT('Origin',(460.,-55.0000000000001,58.7));
#11374=CARTESIAN_POINT('',(444.359833586642,-61.662221443519,-5.30000000000001));
#11375=CARTESIAN_POINT('Origin',(460.,-55.0000000000001,-5.30000000000001));
#11376=CARTESIAN_POINT('',(444.359833586642,-61.662221443519,58.7));
#11377=CARTESIAN_POINT('Origin',(443.630372483961,-70.0000000000002,58.8999999999999));
#11378=CARTESIAN_POINT('',(444.359833586642,-61.662221443519,-70.7));
#11379=CARTESIAN_POINT('',(443.630372483961,-70.0000000000002,-70.7));
#11380=CARTESIAN_POINT('',(444.89996861186,-55.4884498547269,-70.7));
#11381=CARTESIAN_POINT('',(443.630372483961,-70.0000000000002,-32.));
#11382=CARTESIAN_POINT('',(444.359833586642,-61.662221443519,58.7));
#11383=CARTESIAN_POINT('Origin',(443.630372483961,-70.0000000000002,58.8999999999999));
#11384=CARTESIAN_POINT('',(443.630372483961,-70.0000000000002,-5.30000000000001));
#11385=CARTESIAN_POINT('',(444.994399631927,-54.4090983563621,-5.30000000000001));
#11386=CARTESIAN_POINT('',(443.630372483961,-70.0000000000002,-32.));
#11387=CARTESIAN_POINT('Origin',(515.,-70.0000000000002,-122.9));
#11388=CARTESIAN_POINT('',(431.003549966154,-70.0000000000002,-70.7));
#11389=CARTESIAN_POINT('',(475.001774983077,-70.0000000000002,-70.7));
#11390=CARTESIAN_POINT('',(431.003549966154,-70.0000000000002,-5.30000000000001));
#11391=CARTESIAN_POINT('',(431.003549966154,-70.0000000000002,-73.1));
#11392=CARTESIAN_POINT('',(487.433250082517,-70.0000000000002,-5.30000000000001));
#11393=CARTESIAN_POINT('Origin',(460.,-55.0000000000001,58.7));
#11394=CARTESIAN_POINT('Origin',(460.,-55.0000000000001,-70.7));
#11395=CARTESIAN_POINT('Origin',(435.003549966154,-40.0000000000002,-70.7));
#11396=CARTESIAN_POINT('',(431.003549966154,-40.0000000000002,-70.7));
#11397=CARTESIAN_POINT('Origin',(459.866500165034,-40.0000000000002,-5.30000000000001));
#11398=CARTESIAN_POINT('',(431.003549966154,-40.0000000000002,-5.30000000000001));
#11399=CARTESIAN_POINT('Origin',(431.003549966154,-40.0000000000002,-23.3));
#11400=UNCERTAINTY_MEASURE_WITH_UNIT(LENGTH_MEASURE(0.01),#11404,
'DISTANCE_ACCURACY_VALUE',
'Maximum model space distance between geometric entities at asserted c
onnectivities');
#11401=UNCERTAINTY_MEASURE_WITH_UNIT(LENGTH_MEASURE(0.01),#11404,
'DISTANCE_ACCURACY_VALUE',
'Maximum model space distance between geometric entities at asserted c
onnectivities');
#11402=(
GEOMETRIC_REPRESENTATION_CONTEXT(3)
GLOBAL_UNCERTAINTY_ASSIGNED_CONTEXT((#11400))
GLOBAL_UNIT_ASSIGNED_CONTEXT((#11404,#11406,#11407))
REPRESENTATION_CONTEXT('','3D')
);
#11403=(
GEOMETRIC_REPRESENTATION_CONTEXT(3)
GLOBAL_UNCERTAINTY_ASSIGNED_CONTEXT((#11401))
GLOBAL_UNIT_ASSIGNED_CONTEXT((#11404,#11406,#11407))
REPRESENTATION_CONTEXT('','3D')
);
#11404=(
LENGTH_UNIT()
NAMED_UNIT(*)
SI_UNIT(.MILLI.,.METRE.)
);
#11405=(
LENGTH_UNIT()
NAMED_UNIT(*)
SI_UNIT($,.METRE.)
);
#11406=(
NAMED_UNIT(*)
PLANE_ANGLE_UNIT()
SI_UNIT($,.RADIAN.)
);
#11407=(
NAMED_UNIT(*)
SI_UNIT($,.STERADIAN.)
SOLID_ANGLE_UNIT()
);
#11408=SHAPE_DEFINITION_REPRESENTATION(#11409,#11410);
#11409=PRODUCT_DEFINITION_SHAPE('',$,#11412);
#11410=SHAPE_REPRESENTATION('',(#5398),#11402);
#11411=PRODUCT_DEFINITION_CONTEXT('part definition',#11416,'design');
#11412=PRODUCT_DEFINITION('(Unsaved)','(Unsaved)',#11413,#11411);
#11413=PRODUCT_DEFINITION_FORMATION('',$,#11418);
#11414=PRODUCT_RELATED_PRODUCT_CATEGORY('(Unsaved)','(Unsaved)',(#11418));
#11415=APPLICATION_PROTOCOL_DEFINITION('international standard',
'automotive_design',2009,#11416);
#11416=APPLICATION_CONTEXT(
'Core Data for Automotive Mechanical Design Process');
#11417=PRODUCT_CONTEXT('part definition',#11416,'mechanical');
#11418=PRODUCT('(Unsaved)','(Unsaved)',$,(#11417));
#11419=PRESENTATION_STYLE_ASSIGNMENT((#11432));
#11420=PRESENTATION_STYLE_ASSIGNMENT((#11433));
#11421=PRESENTATION_STYLE_ASSIGNMENT((#11434));
#11422=PRESENTATION_STYLE_ASSIGNMENT((#11435));
#11423=PRESENTATION_STYLE_ASSIGNMENT((#11436));
#11424=PRESENTATION_STYLE_ASSIGNMENT((#11437));
#11425=PRESENTATION_STYLE_ASSIGNMENT((#11438));
#11426=PRESENTATION_STYLE_ASSIGNMENT((#11439));
#11427=PRESENTATION_STYLE_ASSIGNMENT((#11440));
#11428=PRESENTATION_STYLE_ASSIGNMENT((#11441));
#11429=PRESENTATION_STYLE_ASSIGNMENT((#11442));
#11430=PRESENTATION_STYLE_ASSIGNMENT((#11443));
#11431=PRESENTATION_STYLE_ASSIGNMENT((#11444));
#11432=SURFACE_STYLE_USAGE(.BOTH.,#11445);
#11433=SURFACE_STYLE_USAGE(.BOTH.,#11446);
#11434=SURFACE_STYLE_USAGE(.BOTH.,#11447);
#11435=SURFACE_STYLE_USAGE(.BOTH.,#11448);
#11436=SURFACE_STYLE_USAGE(.BOTH.,#11449);
#11437=SURFACE_STYLE_USAGE(.BOTH.,#11450);
#11438=SURFACE_STYLE_USAGE(.BOTH.,#11451);
#11439=SURFACE_STYLE_USAGE(.BOTH.,#11452);
#11440=SURFACE_STYLE_USAGE(.BOTH.,#11453);
#11441=SURFACE_STYLE_USAGE(.BOTH.,#11454);
#11442=SURFACE_STYLE_USAGE(.BOTH.,#11455);
#11443=SURFACE_STYLE_USAGE(.BOTH.,#11456);
#11444=SURFACE_STYLE_USAGE(.BOTH.,#11457);
#11445=SURFACE_SIDE_STYLE('',(#11458));
#11446=SURFACE_SIDE_STYLE('',(#11459));
#11447=SURFACE_SIDE_STYLE('',(#11460));
#11448=SURFACE_SIDE_STYLE('',(#11461));
#11449=SURFACE_SIDE_STYLE('',(#11462));
#11450=SURFACE_SIDE_STYLE('',(#11463));
#11451=SURFACE_SIDE_STYLE('',(#11464));
#11452=SURFACE_SIDE_STYLE('',(#11465));
#11453=SURFACE_SIDE_STYLE('',(#11466));
#11454=SURFACE_SIDE_STYLE('',(#11467));
#11455=SURFACE_SIDE_STYLE('',(#11468));
#11456=SURFACE_SIDE_STYLE('',(#11469));
#11457=SURFACE_SIDE_STYLE('',(#11470));
#11458=SURFACE_STYLE_FILL_AREA(#11471);
#11459=SURFACE_STYLE_FILL_AREA(#11472);
#11460=SURFACE_STYLE_FILL_AREA(#11473);
#11461=SURFACE_STYLE_FILL_AREA(#11474);
#11462=SURFACE_STYLE_FILL_AREA(#11475);
#11463=SURFACE_STYLE_FILL_AREA(#11476);
#11464=SURFACE_STYLE_FILL_AREA(#11477);
#11465=SURFACE_STYLE_FILL_AREA(#11478);
#11466=SURFACE_STYLE_FILL_AREA(#11479);
#11467=SURFACE_STYLE_FILL_AREA(#11480);
#11468=SURFACE_STYLE_FILL_AREA(#11481);
#11469=SURFACE_STYLE_FILL_AREA(#11482);
#11470=SURFACE_STYLE_FILL_AREA(#11483);
#11471=FILL_AREA_STYLE('Steel - Satin',(#11484));
#11472=FILL_AREA_STYLE('Plastic - Glossy (Red)',(#11485));
#11473=FILL_AREA_STYLE('Opaque(255,255,0)',(#11486));
#11474=FILL_AREA_STYLE('Stainless Steel - Polished',(#11487));
#11475=FILL_AREA_STYLE('Plastic - Matte (Black)',(#11488));
#11476=FILL_AREA_STYLE('Rubber - Hard',(#11489));
#11477=FILL_AREA_STYLE('Plastic - Glossy (Black)',(#11490));
#11478=FILL_AREA_STYLE('Opaque(215,208,192)',(#11491));
#11479=FILL_AREA_STYLE('Plastic - Translucent Glossy (Gray)',(#11492));
#11480=FILL_AREA_STYLE('ABS (White)',(#11493));
#11481=FILL_AREA_STYLE('Opaque(255,255,255)',(#11494));
#11482=FILL_AREA_STYLE('Paint - Enamel Glossy (Black)',(#11495));
#11483=FILL_AREA_STYLE('Opaque(0,255,0)',(#11496));
#11484=FILL_AREA_STYLE_COLOUR('Steel - Satin',#11497);
#11485=FILL_AREA_STYLE_COLOUR('Plastic - Glossy (Red)',#11498);
#11486=FILL_AREA_STYLE_COLOUR('Opaque(255,255,0)',#11499);
#11487=FILL_AREA_STYLE_COLOUR('Stainless Steel - Polished',#11500);
#11488=FILL_AREA_STYLE_COLOUR('Plastic - Matte (Black)',#11501);
#11489=FILL_AREA_STYLE_COLOUR('Rubber - Hard',#11502);
#11490=FILL_AREA_STYLE_COLOUR('Plastic - Glossy (Black)',#11503);
#11491=FILL_AREA_STYLE_COLOUR('Opaque(215,208,192)',#11504);
#11492=FILL_AREA_STYLE_COLOUR('Plastic - Translucent Glossy (Gray)',#11505);
#11493=FILL_AREA_STYLE_COLOUR('ABS (White)',#11506);
#11494=FILL_AREA_STYLE_COLOUR('Opaque(255,255,255)',#11507);
#11495=FILL_AREA_STYLE_COLOUR('Paint - Enamel Glossy (Black)',#11508);
#11496=FILL_AREA_STYLE_COLOUR('Opaque(0,255,0)',#11509);
#11497=COLOUR_RGB('Steel - Satin',0.627450980392157,0.627450980392157,0.627450980392157);
#11498=COLOUR_RGB('Plastic - Glossy (Red)',0.768627450980392,0.207843137254902,
0.152941176470588);
#11499=COLOUR_RGB('Opaque(255,255,0)',1.,1.,0.);
#11500=COLOUR_RGB('Stainless Steel - Polished',0.796078431372549,0.796078431372549,
0.796078431372549);
#11501=COLOUR_RGB('Plastic - Matte (Black)',0.384313725490196,0.384313725490196,
0.384313725490196);
#11502=COLOUR_RGB('Rubber - Hard',0.152941176470588,0.152941176470588,0.152941176470588);
#11503=COLOUR_RGB('Plastic - Glossy (Black)',0.0980392156862745,0.0980392156862745,
0.0980392156862745);
#11504=COLOUR_RGB('Opaque(215,208,192)',0.843137254901961,0.815686274509804,
0.752941176470588);
#11505=COLOUR_RGB('Plastic - Translucent Glossy (Gray)',0.701960784313725,
0.701960784313725,0.701960784313725);
#11506=COLOUR_RGB('ABS (White)',0.964705882352941,0.964705882352941,0.952941176470588);
#11507=COLOUR_RGB('Opaque(255,255,255)',1.,1.,1.);
#11508=COLOUR_RGB('Paint - Enamel Glossy (Black)',0.0980392156862745,0.0980392156862745,
0.0980392156862745);
#11509=COLOUR_RGB('Opaque(0,255,0)',0.,1.,0.);
ENDSEC;
END-ISO-10303-21;
