ISO-10303-21;
HEADER;
FILE_DESCRIPTION(('FreeCAD Model'),'2;1');
FILE_NAME('Open CASCADE Shape Model','2026-09-15T09:30:16',(''),(''),
  'Open CASCADE STEP processor 7.8','FreeCAD','Unknown');
FILE_SCHEMA(('AUTOMOTIVE_DESIGN { 1 0 10303 214 1 1 1 1 }'));
ENDSEC;
DATA;
#1 = APPLICATION_PROTOCOL_DEFINITION('international standard',
  'automotive_design',2000,#2);
#2 = APPLICATION_CONTEXT(
  'core data for automotive mechanical design processes');
#3 = SHAPE_DEFINITION_REPRESENTATION(#4,#10);
#4 = PRODUCT_DEFINITION_SHAPE('','',#5);
#5 = PRODUCT_DEFINITION('design','',#6,#9);
#6 = PRODUCT_DEFINITION_FORMATION('','',#7);
#7 = PRODUCT('LinearPattern001.0','LinearPattern001.0','',(#8));
#8 = PRODUCT_CONTEXT('',#2,'mechanical');
#9 = PRODUCT_DEFINITION_CONTEXT('part definition',#2,'design');
#10 = ADVANCED_BREP_SHAPE_REPRESENTATION('',(#11,#15),#10987);
#11 = AXIS2_PLACEMENT_3D('',#12,#13,#14);
#12 = CARTESIAN_POINT('',(0.,0.,0.));
#13 = DIRECTION('',(0.,0.,1.));
#14 = DIRECTION('',(1.,0.,-0.));
#15 = MANIFOLD_SOLID_BREP('',#16);
#16 = CLOSED_SHELL('',(#17,#298,#596,#899,#926,#1322,#1377,#1533,#1583,
    #1763,#1836,#1977,#2049,#2266,#2529,#2663,#2712,#3009,#3112,#3119,
    #3257,#3385,#3594,#3687,#3872,#4054,#4505,#4706,#5720,#5774,#5972,
    #5999,#6058,#6088,#6377,#6404,#6411,#6460,#6583,#6815,#6986,#7045,
    #7100,#7159,#7214,#7263,#7270,#7320,#7399,#7890,#7917,#7966,#8046,
    #8073,#8100,#8523,#8573,#8646,#8674,#8681,#8755,#8829,#8859,#8864,
    #8958,#9035,#9157,#9184,#9191,#9198,#9225,#9252,#9279,#9306,#9333,
    #9380,#9407,#9434,#9461,#9488,#9564,#9613,#9662,#9738,#9787,#9836,
    #9885,#9934,#9961,#9988,#10035,#10042,#10070,#10098,#10102,#10172,
    #10198,#10227,#10233,#10281,#10329,#10357,#10364,#10370,#10464,
    #10492,#10548,#10603,#10607,#10666,#10670,#10680,#10734,#10793,
    #10848,#10855,#10882,#10894,#10953,#10957,#10961,#10965,#10969,
    #10976));
#17 = ADVANCED_FACE('',(#18),#35,.F.);
#18 = FACE_BOUND('',#19,.F.);
#19 = EDGE_LOOP('',(#20,#99,#149));
#20 = ORIENTED_EDGE('',*,*,#21,.F.);
#21 = EDGE_CURVE('',#22,#24,#26,.T.);
#22 = VERTEX_POINT('',#23);
#23 = CARTESIAN_POINT('',(437.12721056679,-48.,41.999661662201));
#24 = VERTEX_POINT('',#25);
#25 = CARTESIAN_POINT('',(433.24181347266,-51.11237643159,
    45.412174865485));
#26 = SURFACE_CURVE('',#27,(#34,#65),.PCURVE_S1.);
#27 = B_SPLINE_CURVE_WITH_KNOTS('',3,(#28,#29,#30,#31,#32,#33),
  .UNSPECIFIED.,.F.,.F.,(4,2,4),(-7.60076596252,-7.598801236097,
    -6.579583463155),.UNSPECIFIED.);
#28 = CARTESIAN_POINT('',(437.12721056679,-48.,41.999661662201));
#29 = CARTESIAN_POINT('',(437.12523127225,-48.00254319766,
    42.001871588031));
#30 = CARTESIAN_POINT('',(437.12325230999,-48.00508389244,
    42.004079497051));
#31 = CARTESIAN_POINT('',(436.09225678532,-49.3272369169,43.154202440088
    ));
#32 = CARTESIAN_POINT('',(434.75008693149,-50.42163087985,44.30841397291
    ));
#33 = CARTESIAN_POINT('',(433.24177349147,-51.1124367856,45.412124827739
    ));
#34 = PCURVE('',#35,#60);
#35 = B_SPLINE_SURFACE_WITH_KNOTS('',3,3,(
    (#36,#37,#38,#39,#40,#41)
    ,(#42,#43,#44,#45,#46,#47)
    ,(#48,#49,#50,#51,#52,#53)
    ,(#54,#55,#56,#57,#58,#59
  )),.UNSPECIFIED.,.F.,.F.,.F.,(4,4),(4,2,4),(0.,1.),(6.490275544342,
    7.598801236097,7.60076596252),.UNSPECIFIED.);
#36 = CARTESIAN_POINT('',(437.12721056679,-48.,50.327803428977));
#37 = CARTESIAN_POINT('',(437.12721056679,-48.,47.649577963098));
#38 = CARTESIAN_POINT('',(437.1272105668,-48.,44.823693433315));
#39 = CARTESIAN_POINT('',(437.12721056679,-48.,42.009601790579));
#40 = CARTESIAN_POINT('',(437.12721056679,-48.,42.004633995515));
#41 = CARTESIAN_POINT('',(437.12721056679,-48.,41.999661662201));
#42 = CARTESIAN_POINT('',(435.41169110855,-48.28860048666,
    48.640841232109));
#43 = CARTESIAN_POINT('',(435.99126080872,-48.66031438764,
    46.611800530402));
#44 = CARTESIAN_POINT('',(436.75524118857,-48.4848298102,44.300173357629
    ));
#45 = CARTESIAN_POINT('',(437.12588562603,-48.00168849805,42.0077617169)
  );
#46 = CARTESIAN_POINT('',(437.12655080194,-48.00084773255,
    42.003713193021));
#47 = CARTESIAN_POINT('',(437.12721056679,-48.,41.999661662201));
#48 = CARTESIAN_POINT('',(433.85618594198,-49.48077067328,
    46.961536498119));
#49 = CARTESIAN_POINT('',(435.12946117979,-49.54146912707,
    45.566673765492));
#50 = CARTESIAN_POINT('',(436.37943139249,-48.96471761163,
    43.777188421375));
#51 = CARTESIAN_POINT('',(437.12456716603,-48.00338445656,
    42.005920973702));
#52 = CARTESIAN_POINT('',(437.12589103709,-48.0016954651,42.002792390526
    ));
#53 = CARTESIAN_POINT('',(437.12721056679,-48.,41.999661662201));
#54 = CARTESIAN_POINT('',(432.84155218157,-51.2846140705,45.701058002991
    ));
#55 = CARTESIAN_POINT('',(434.51246998509,-50.61169199722,
    44.510735573711));
#56 = CARTESIAN_POINT('',(436.0020906645,-49.44286633186,43.254786896329
    ));
#57 = CARTESIAN_POINT('',(437.12325230999,-48.00508389244,
    42.004079497051));
#58 = CARTESIAN_POINT('',(437.12523127225,-48.00254319766,
    42.001871588031));
#59 = CARTESIAN_POINT('',(437.12721056679,-48.,41.999661662201));
#60 = DEFINITIONAL_REPRESENTATION('',(#61),#64);
#61 = B_SPLINE_CURVE_WITH_KNOTS('',1,(#62,#63),.UNSPECIFIED.,.F.,.F.,(2,
    2),(-7.60076596252,-6.57958746517),.PIECEWISE_BEZIER_KNOTS.);
#62 = CARTESIAN_POINT('',(0.999886363636,7.60076596252));
#63 = CARTESIAN_POINT('',(1.,6.57958746517));
#64 = ( GEOMETRIC_REPRESENTATION_CONTEXT(2) 
PARAMETRIC_REPRESENTATION_CONTEXT() REPRESENTATION_CONTEXT('2D SPACE',''
  ) );
#65 = PCURVE('',#66,#71);
#66 = TOROIDAL_SURFACE('',#67,23.,8.);
#67 = AXIS2_PLACEMENT_3D('',#68,#69,#70);
#68 = CARTESIAN_POINT('',(412.66312906372,-28.96033833779,
    41.999661662201));
#69 = DIRECTION('',(0.,0.,1.));
#70 = DIRECTION('',(1.,0.,0.));
#71 = DEFINITIONAL_REPRESENTATION('',(#72),#98);
#72 = B_SPLINE_CURVE_WITH_KNOTS('',3,(#73,#74,#75,#76,#77,#78,#79,#80,
    #81,#82,#83,#84,#85,#86,#87,#88,#89,#90,#91,#92,#93,#94,#95,#96,#97)
  ,.UNSPECIFIED.,.F.,.F.,(4,1,1,1,1,1,1,1,1,1,1,1,1,1,1,1,1,1,1,1,1,1,4)
  ,(-7.60076596252,-7.554348758095,-7.50793155367,-7.461514349245,
    -7.41509714482,-7.368679940395,-7.32226273597,-7.275845531545,
    -7.22942832712,-7.183011122695,-7.13659391827,-7.090176713845,
    -7.04375950942,-6.997342304995,-6.95092510057,-6.904507896145,
    -6.85809069172,-6.811673487295,-6.76525628287,-6.718839078445,
    -6.67242187402,-6.626004669595,-6.57958746517),
  .QUASI_UNIFORM_KNOTS.);
#73 = CARTESIAN_POINT('',(5.621835494967,0.));
#74 = CARTESIAN_POINT('',(5.61937737139,6.534030158826E-03));
#75 = CARTESIAN_POINT('',(5.61445893439,1.960608505617E-02));
#76 = CARTESIAN_POINT('',(5.607076547649,3.922896874537E-02));
#77 = CARTESIAN_POINT('',(5.599691399563,5.886901079731E-02));
#78 = CARTESIAN_POINT('',(5.592304999462,7.853018027744E-02));
#79 = CARTESIAN_POINT('',(5.584918981847,9.821599217703E-02));
#80 = CARTESIAN_POINT('',(5.577534949239,0.117930098146));
#81 = CARTESIAN_POINT('',(5.570154514091,0.137676165086));
#82 = CARTESIAN_POINT('',(5.562779287365,0.157457944206));
#83 = CARTESIAN_POINT('',(5.555410881426,0.177279288548));
#84 = CARTESIAN_POINT('',(5.548050909118,0.197144183706));
#85 = CARTESIAN_POINT('',(5.540700983888,0.217056774262));
#86 = CARTESIAN_POINT('',(5.533362719676,0.237021390476));
#87 = CARTESIAN_POINT('',(5.526037730899,0.257042573887));
#88 = CARTESIAN_POINT('',(5.518727632462,0.277125102044));
#89 = CARTESIAN_POINT('',(5.51143403982,0.297274012133));
#90 = CARTESIAN_POINT('',(5.504158569085,0.317494623521));
#91 = CARTESIAN_POINT('',(5.49690283719,0.337792558671));
#92 = CARTESIAN_POINT('',(5.48966846212,0.358173763832));
#93 = CARTESIAN_POINT('',(5.482457063181,0.378644523637));
#94 = CARTESIAN_POINT('',(5.47527026147,0.399211490878));
#95 = CARTESIAN_POINT('',(5.468109679923,0.419881651301));
#96 = CARTESIAN_POINT('',(5.463354523543,0.433735565015));
#97 = CARTESIAN_POINT('',(5.460981857466,0.440682201095));
#98 = ( GEOMETRIC_REPRESENTATION_CONTEXT(2) 
PARAMETRIC_REPRESENTATION_CONTEXT() REPRESENTATION_CONTEXT('2D SPACE',''
  ) );
#99 = ORIENTED_EDGE('',*,*,#100,.F.);
#100 = EDGE_CURVE('',#101,#22,#103,.T.);
#101 = VERTEX_POINT('',#102);
#102 = CARTESIAN_POINT('',(437.12721056679,-48.,48.216045898969));
#103 = SURFACE_CURVE('',#104,(#108,#137),.PCURVE_S1.);
#104 = LINE('',#105,#106);
#105 = CARTESIAN_POINT('',(437.12721056679,-48.,27.941387916249));
#106 = VECTOR('',#107,1.);
#107 = DIRECTION('',(0.,0.,-1.));
#108 = PCURVE('',#35,#109);
#109 = DEFINITIONAL_REPRESENTATION('',(#110),#136);
#110 = B_SPLINE_CURVE_WITH_KNOTS('',3,(#111,#112,#113,#114,#115,#116,
    #117,#118,#119,#120,#121,#122,#123,#124,#125,#126,#127,#128,#129,
    #130,#131,#132,#133,#134,#135),.UNSPECIFIED.,.F.,.F.,(4,1,1,1,1,1,1,
    1,1,1,1,1,1,1,1,1,1,1,1,1,1,1,4),(-20.27465798272,-19.99209506286,
    -19.70953214301,-19.42696922316,-19.1444063033,-18.86184338345,
    -18.5792804636,-18.29671754374,-18.01415462389,-17.73159170404,
    -17.44902878418,-17.16646586433,-16.88390294448,-16.60134002463,
    -16.31877710477,-16.03621418492,-15.75365126507,-15.47108834521,
    -15.18852542536,-14.90596250551,-14.62339958565,-14.3408366658,
    -14.05827374595),.QUASI_UNIFORM_KNOTS.);
#111 = CARTESIAN_POINT('',(0.,6.777911323921));
#112 = CARTESIAN_POINT('',(0.,6.790595676964));
#113 = CARTESIAN_POINT('',(0.,6.815931103244));
#114 = CARTESIAN_POINT('',(0.,6.853840339577));
#115 = CARTESIAN_POINT('',(0.,6.891661660834));
#116 = CARTESIAN_POINT('',(0.,6.929400874133));
#117 = CARTESIAN_POINT('',(0.,6.967063681045));
#118 = CARTESIAN_POINT('',(0.,7.004655669784));
#119 = CARTESIAN_POINT('',(0.,7.04218232907));
#120 = CARTESIAN_POINT('',(0.,7.079649055661));
#121 = CARTESIAN_POINT('',(0.,7.117061163088));
#122 = CARTESIAN_POINT('',(0.,7.154423889642));
#123 = CARTESIAN_POINT('',(0.,7.191742406168));
#124 = CARTESIAN_POINT('',(0.,7.229021823581));
#125 = CARTESIAN_POINT('',(0.,7.266267200113));
#126 = CARTESIAN_POINT('',(0.,7.303483548528));
#127 = CARTESIAN_POINT('',(0.,7.340675842528));
#128 = CARTESIAN_POINT('',(0.,7.37784902538));
#129 = CARTESIAN_POINT('',(0.,7.415008009602));
#130 = CARTESIAN_POINT('',(0.,7.452157709482));
#131 = CARTESIAN_POINT('',(0.,7.489302950629));
#132 = CARTESIAN_POINT('',(0.,7.526448838153));
#133 = CARTESIAN_POINT('',(0.,7.563599413045));
#134 = CARTESIAN_POINT('',(-0.,7.588374935656));
#135 = CARTESIAN_POINT('',(0.,7.60076596252));
#136 = ( GEOMETRIC_REPRESENTATION_CONTEXT(2) 
PARAMETRIC_REPRESENTATION_CONTEXT() REPRESENTATION_CONTEXT('2D SPACE',''
  ) );
#137 = PCURVE('',#138,#143);
#138 = PLANE('',#139);
#139 = AXIS2_PLACEMENT_3D('',#140,#141,#142);
#140 = CARTESIAN_POINT('',(443.35337087771,-40.,20.59122532399));
#141 = DIRECTION('',(-0.789163919454,0.614182634265,0.));
#142 = DIRECTION('',(-0.614182634265,-0.789163919454,0.));
#143 = DEFINITIONAL_REPRESENTATION('',(#144),#148);
#144 = LINE('',#145,#146);
#145 = CARTESIAN_POINT('',(10.137310896747,7.350162592259));
#146 = VECTOR('',#147,1.);
#147 = DIRECTION('',(-0.,-1.));
#148 = ( GEOMETRIC_REPRESENTATION_CONTEXT(2) 
PARAMETRIC_REPRESENTATION_CONTEXT() REPRESENTATION_CONTEXT('2D SPACE',''
  ) );
#149 = ORIENTED_EDGE('',*,*,#150,.T.);
#150 = EDGE_CURVE('',#101,#24,#151,.T.);
#151 = SURFACE_CURVE('',#152,(#163,#192),.PCURVE_S1.);
#152 = B_SPLINE_CURVE_WITH_KNOTS('',3,(#153,#154,#155,#156,#157,#158,
    #159,#160,#161,#162),.UNSPECIFIED.,.F.,.F.,(4,2,2,2,4),(0.,
    0.243939443261,0.416300788791,0.512529936945,0.603606342331),
  .UNSPECIFIED.);
#153 = CARTESIAN_POINT('',(437.12721056679,-48.,48.216045898969));
#154 = CARTESIAN_POINT('',(436.38193996538,-48.28493022821,
    48.059299940549));
#155 = CARTESIAN_POINT('',(435.60331512726,-48.63709039107,
    47.850359941937));
#156 = CARTESIAN_POINT('',(434.49128358064,-49.31364523802,
    47.362443314508));
#157 = CARTESIAN_POINT('',(434.06202078909,-49.63629842889,
    47.108648478723));
#158 = CARTESIAN_POINT('',(433.57847353007,-50.18293112496,
    46.582924928574));
#159 = CARTESIAN_POINT('',(433.44644409022,-50.38217702948,
    46.373089927294));
#160 = CARTESIAN_POINT('',(433.27864771613,-50.76885117041,
    45.90922442987));
#161 = CARTESIAN_POINT('',(433.24181347266,-50.94749505033,
    45.668310259265));
#162 = CARTESIAN_POINT('',(433.24181347266,-51.11237643159,
    45.412174865485));
#163 = PCURVE('',#35,#164);
#164 = DEFINITIONAL_REPRESENTATION('',(#165),#191);
#165 = B_SPLINE_CURVE_WITH_KNOTS('',3,(#166,#167,#168,#169,#170,#171,
    #172,#173,#174,#175,#176,#177,#178,#179,#180,#181,#182,#183,#184,
    #185,#186,#187,#188,#189,#190),.UNSPECIFIED.,.F.,.F.,(4,1,1,1,1,1,1,
    1,1,1,1,1,1,1,1,1,1,1,1,1,1,1,4),(0.,2.743665192414E-02,
    5.487330384828E-02,8.230995577243E-02,0.109746607697,0.137183259621,
    0.164619911545,0.192056563469,0.219493215393,0.246929867317,
    0.274366519241,0.301803171166,0.32923982309,0.356676475014,
    0.384113126938,0.411549778862,0.438986430786,0.46642308271,
    0.493859734635,0.521296386559,0.548733038483,0.576169690407,
    0.603606342331),.QUASI_UNIFORM_KNOTS.);
#166 = CARTESIAN_POINT('',(0.,6.777911323921));
#167 = CARTESIAN_POINT('',(2.259837624387E-02,6.769275328221));
#168 = CARTESIAN_POINT('',(6.680075919575E-02,6.75188091021));
#169 = CARTESIAN_POINT('',(0.130084059852,6.725664561437));
#170 = CARTESIAN_POINT('',(0.190283112175,6.699560731058));
#171 = CARTESIAN_POINT('',(0.247427774491,6.673825271971));
#172 = CARTESIAN_POINT('',(0.301591939955,6.648724450923));
#173 = CARTESIAN_POINT('',(0.352898353869,6.624531142703));
#174 = CARTESIAN_POINT('',(0.401482808327,6.601531682767));
#175 = CARTESIAN_POINT('',(0.447574436025,6.57998224138));
#176 = CARTESIAN_POINT('',(0.49116084439,6.560253811238));
#177 = CARTESIAN_POINT('',(0.533240455335,6.542256100173));
#178 = CARTESIAN_POINT('',(0.574259661926,6.526262459662));
#179 = CARTESIAN_POINT('',(0.614232976441,6.512752348182));
#180 = CARTESIAN_POINT('',(0.653354349479,6.502127065693));
#181 = CARTESIAN_POINT('',(0.691808852453,6.494780255199));
#182 = CARTESIAN_POINT('',(0.729890380096,6.491066701627));
#183 = CARTESIAN_POINT('',(0.767714276746,6.491328845124));
#184 = CARTESIAN_POINT('',(0.805199155374,6.495743684401));
#185 = CARTESIAN_POINT('',(0.842861980961,6.504379659359));
#186 = CARTESIAN_POINT('',(0.881387338575,6.517425291919));
#187 = CARTESIAN_POINT('',(0.920111438607,6.53443484741));
#188 = CARTESIAN_POINT('',(0.959399060071,6.55506254134));
#189 = CARTESIAN_POINT('',(0.986290748329,6.571064928009));
#190 = CARTESIAN_POINT('',(0.999986851552,6.579583463528));
#191 = ( GEOMETRIC_REPRESENTATION_CONTEXT(2) 
PARAMETRIC_REPRESENTATION_CONTEXT() REPRESENTATION_CONTEXT('2D SPACE',''
  ) );
#192 = PCURVE('',#193,#270);
#193 = B_SPLINE_SURFACE_WITH_KNOTS('',3,1,(
    (#194,#195)
    ,(#196,#197)
    ,(#198,#199)
    ,(#200,#201)
    ,(#202,#203)
    ,(#204,#205)
    ,(#206,#207)
    ,(#208,#209)
    ,(#210,#211)
    ,(#212,#213)
    ,(#214,#215)
    ,(#216,#217)
    ,(#218,#219)
    ,(#220,#221)
    ,(#222,#223)
    ,(#224,#225)
    ,(#226,#227)
    ,(#228,#229)
    ,(#230,#231)
    ,(#232,#233)
    ,(#234,#235)
    ,(#236,#237)
    ,(#238,#239)
    ,(#240,#241)
    ,(#242,#243)
    ,(#244,#245)
    ,(#246,#247)
    ,(#248,#249)
    ,(#250,#251)
    ,(#252,#253)
    ,(#254,#255)
    ,(#256,#257)
    ,(#258,#259)
    ,(#260,#261)
    ,(#262,#263)
    ,(#264,#265)
    ,(#266,#267)
    ,(#268,#269
    )),.UNSPECIFIED.,.F.,.F.,.F.,(4,2,2,2,2,2,2,2,3,2,2,2,3,2,2,2,2,4),(
    2,2),(-9.608816456246,-9.036606510222,-8.521165859235,
    -8.187554598442,-7.933880993613,-7.713448739921,-7.492544694026,
    -7.246678913345,-6.927594318265,-6.919679603594,-6.726892474924,
    -6.401589316534,-6.151464638597,-5.593802363155,-5.236271528568,
    -4.934551344496,-4.578764119699,-4.025874587523),(-2.4,
    2.499189719178),.UNSPECIFIED.);
#194 = CARTESIAN_POINT('',(409.24181347266,-34.72307596368,
    34.167407476267));
#195 = CARTESIAN_POINT('',(458.23371066445,-34.72307596368,
    34.167407476268));
#196 = CARTESIAN_POINT('',(409.24181347266,-36.79982956626,
    34.050884155413));
#197 = CARTESIAN_POINT('',(458.23371066445,-36.79982956626,
    34.050884155413));
#198 = CARTESIAN_POINT('',(409.24181347266,-38.92247350742,
    33.933097762031));
#199 = CARTESIAN_POINT('',(458.23371066445,-38.92247350742,
    33.933097762031));
#200 = CARTESIAN_POINT('',(409.24181347266,-42.87052376702,
    34.14401097941));
#201 = CARTESIAN_POINT('',(458.23371066445,-42.87052376702,
    34.14401097941));
#202 = CARTESIAN_POINT('',(409.24181347266,-44.77245571245,
    34.435002693497));
#203 = CARTESIAN_POINT('',(458.23371066445,-44.77245571245,
    34.435002693497));
#204 = CARTESIAN_POINT('',(409.24181347266,-47.65598706275,
    35.535391249706));
#205 = CARTESIAN_POINT('',(458.23371066445,-47.65598706275,
    35.535391249706));
#206 = CARTESIAN_POINT('',(409.24181347197,-48.73432416108,
    36.130341048093));
#207 = CARTESIAN_POINT('',(458.23371066375,-48.73432416108,
    36.130341048094));
#208 = CARTESIAN_POINT('',(409.24181347197,-50.35009883874,
    37.525590627933));
#209 = CARTESIAN_POINT('',(458.23371066375,-50.35009883874,
    37.525590627933));
#210 = CARTESIAN_POINT('',(409.24181347265,-50.94759283708,
    38.236905313544));
#211 = CARTESIAN_POINT('',(458.23371066443,-50.94759283708,
    38.236905313544));
#212 = CARTESIAN_POINT('',(409.24181347265,-51.76485181359,
    39.754210057257));
#213 = CARTESIAN_POINT('',(458.23371066443,-51.76485181359,
    39.754210057257));
#214 = CARTESIAN_POINT('',(409.24181347267,-52.0136240282,
    40.517427345849));
#215 = CARTESIAN_POINT('',(458.23371066445,-52.0136240282,
    40.517427345849));
#216 = CARTESIAN_POINT('',(409.24181347267,-52.197228503,42.111172164982
    ));
#217 = CARTESIAN_POINT('',(458.23371066445,-52.197228503,42.111172164983
    ));
#218 = CARTESIAN_POINT('',(409.24181347347,-52.12778841274,
    42.911435388337));
#219 = CARTESIAN_POINT('',(458.23371066525,-52.12778841274,
    42.911435388338));
#220 = CARTESIAN_POINT('',(409.24181347347,-51.65656481184,
    44.541426014623));
#221 = CARTESIAN_POINT('',(458.23371066525,-51.65656481184,
    44.541426014623));
#222 = CARTESIAN_POINT('',(409.24181347266,-51.22824776649,
    45.330484538225));
#223 = CARTESIAN_POINT('',(458.23371066445,-51.22824776649,
    45.330484538226));
#224 = CARTESIAN_POINT('',(409.24181347266,-49.94251240394,
    46.93182299373));
#225 = CARTESIAN_POINT('',(458.23371066445,-49.94251240394,
    46.93182299373));
#226 = CARTESIAN_POINT('',(409.24181347266,-49.01626503071,
    47.656977676382));
#227 = CARTESIAN_POINT('',(458.23371066445,-49.01626503071,
    47.656977676382));
#228 = CARTESIAN_POINT('',(409.24181347266,-48.,48.216045898969));
#229 = CARTESIAN_POINT('',(458.23371066445,-48.,48.216045898969));
#230 = CARTESIAN_POINT('',(409.24181347266,-47.97479211509,
    48.229913273113));
#231 = CARTESIAN_POINT('',(458.23371066445,-47.97479211509,
    48.229913273114));
#232 = CARTESIAN_POINT('',(409.24181347266,-47.94952317805,
    48.243682263676));
#233 = CARTESIAN_POINT('',(458.23371066445,-47.94952317805,
    48.243682263677));
#234 = CARTESIAN_POINT('',(409.24181347266,-47.30732428513,
    48.590305846423));
#235 = CARTESIAN_POINT('',(458.23371066445,-47.30732428513,
    48.590305846423));
#236 = CARTESIAN_POINT('',(409.24181347266,-46.65559567454,
    48.861420788054));
#237 = CARTESIAN_POINT('',(458.23371066445,-46.65559567454,
    48.861420788055));
#238 = CARTESIAN_POINT('',(409.24181347266,-45.01990959187,
    49.415449859184));
#239 = CARTESIAN_POINT('',(458.23371066445,-45.01990959187,
    49.415449859184));
#240 = CARTESIAN_POINT('',(409.24181347266,-43.86042091951,
    49.664213695194));
#241 = CARTESIAN_POINT('',(458.23371066445,-43.86042091951,
    49.664213695195));
#242 = CARTESIAN_POINT('',(409.24181347266,-41.78038434927,
    49.920657837345));
#243 = CARTESIAN_POINT('',(458.23371066445,-41.78038434927,
    49.920657837345));
#244 = CARTESIAN_POINT('',(409.24181347266,-40.86686867977,
    49.973782617053));
#245 = CARTESIAN_POINT('',(458.23371066445,-40.86686867977,
    49.973782617053));
#246 = CARTESIAN_POINT('',(409.24181347266,-40.,49.991875693027));
#247 = CARTESIAN_POINT('',(458.23371066445,-40.,49.991875693027));
#248 = CARTESIAN_POINT('',(409.24181347266,-38.06728402628,
    50.032214879072));
#249 = CARTESIAN_POINT('',(458.23371066445,-38.06728402628,
    50.032214879072));
#250 = CARTESIAN_POINT('',(409.24181347266,-36.0971222699,
    49.908339583351));
#251 = CARTESIAN_POINT('',(458.23371066445,-36.0971222699,
    49.908339583351));
#252 = CARTESIAN_POINT('',(409.24181347266,-32.92952173165,
    49.731769711028));
#253 = CARTESIAN_POINT('',(458.23371066445,-32.92952173165,
    49.731769711028));
#254 = CARTESIAN_POINT('',(409.24181347266,-31.7676208374,
    49.672221443406));
#255 = CARTESIAN_POINT('',(458.23371066445,-31.7676208374,
    49.672221443406));
#256 = CARTESIAN_POINT('',(409.24181347266,-29.48295603251,
    49.618581894475));
#257 = CARTESIAN_POINT('',(458.23371066445,-29.48295603251,
    49.618581894475));
#258 = CARTESIAN_POINT('',(409.24181347266,-28.48429544666,
    49.618189963806));
#259 = CARTESIAN_POINT('',(458.23371066445,-28.48429544666,
    49.618189963806));
#260 = CARTESIAN_POINT('',(409.24181347266,-26.20563859853,
    49.670192893494));
#261 = CARTESIAN_POINT('',(458.23371066445,-26.20563859853,
    49.670192893495));
#262 = CARTESIAN_POINT('',(409.24181347252,-25.04890885982,
    49.72871920972));
#263 = CARTESIAN_POINT('',(458.2337106643,-25.04890885982,
    49.728719209721));
#264 = CARTESIAN_POINT('',(409.24181347252,-21.90383890989,
    49.903612584671));
#265 = CARTESIAN_POINT('',(458.2337106643,-21.90383890989,
    49.903612584671));
#266 = CARTESIAN_POINT('',(409.24181347266,-19.95064992226,
    50.027707638625));
#267 = CARTESIAN_POINT('',(458.23371066445,-19.95064992226,
    50.027707638625));
#268 = CARTESIAN_POINT('',(409.24181347266,-18.03435313299,
    49.994059294631));
#269 = CARTESIAN_POINT('',(458.23371066445,-18.03435313299,
    49.994059294631));
#270 = DEFINITIONAL_REPRESENTATION('',(#271),#297);
#271 = B_SPLINE_CURVE_WITH_KNOTS('',3,(#272,#273,#274,#275,#276,#277,
    #278,#279,#280,#281,#282,#283,#284,#285,#286,#287,#288,#289,#290,
    #291,#292,#293,#294,#295,#296),.UNSPECIFIED.,.F.,.F.,(4,1,1,1,1,1,1,
    1,1,1,1,1,1,1,1,1,1,1,1,1,1,1,4),(0.,2.743665192414E-02,
    5.487330384828E-02,8.230995577243E-02,0.109746607697,0.137183259621,
    0.164619911545,0.192056563469,0.219493215393,0.246929867317,
    0.274366519241,0.301803171166,0.32923982309,0.356676475014,
    0.384113126938,0.411549778862,0.438986430786,0.46642308271,
    0.493859734635,0.521296386559,0.548733038483,0.576169690407,
    0.603606342331),.QUASI_UNIFORM_KNOTS.);
#272 = CARTESIAN_POINT('',(-6.927594318265,0.388539709412));
#273 = CARTESIAN_POINT('',(-6.930948402561,0.38015741182));
#274 = CARTESIAN_POINT('',(-6.937851126551,0.363308430397));
#275 = CARTESIAN_POINT('',(-6.948784884489,0.33791868596));
#276 = CARTESIAN_POINT('',(-6.960293956299,0.312549608447));
#277 = CARTESIAN_POINT('',(-6.972375257334,0.287337952215));
#278 = CARTESIAN_POINT('',(-6.985025993357,0.262421158291));
#279 = CARTESIAN_POINT('',(-6.998246066044,0.237934105887));
#280 = CARTESIAN_POINT('',(-7.012029440748,0.214021234808));
#281 = CARTESIAN_POINT('',(-7.026396152875,0.190791304294));
#282 = CARTESIAN_POINT('',(-7.041272648645,0.168486235263));
#283 = CARTESIAN_POINT('',(-7.056950127152,0.146833603181));
#284 = CARTESIAN_POINT('',(-7.073591400744,0.125848461001));
#285 = CARTESIAN_POINT('',(-7.091183361624,0.105796551654));
#286 = CARTESIAN_POINT('',(-7.109766330229,8.687481763656E-02));
#287 = CARTESIAN_POINT('',(-7.129361917793,6.930471320353E-02));
#288 = CARTESIAN_POINT('',(-7.150030179924,5.327844601104E-02));
#289 = CARTESIAN_POINT('',(-7.171709307549,3.908069835129E-02));
#290 = CARTESIAN_POINT('',(-7.194147050094,2.698520136388E-02));
#291 = CARTESIAN_POINT('',(-7.21741875809,1.701246125147E-02));
#292 = CARTESIAN_POINT('',(-7.24169285003,9.210289812763E-03));
#293 = CARTESIAN_POINT('',(-7.26627435299,3.807109425856E-03));
#294 = CARTESIAN_POINT('',(-7.291189471919,6.685021811922E-04));
#295 = CARTESIAN_POINT('',(-7.308008993242,-1.235117E-11));
#296 = CARTESIAN_POINT('',(-7.316470046444,-1.574529E-11));
#297 = ( GEOMETRIC_REPRESENTATION_CONTEXT(2) 
PARAMETRIC_REPRESENTATION_CONTEXT() REPRESENTATION_CONTEXT('2D SPACE',''
  ) );
#298 = ADVANCED_FACE('',(#299),#66,.F.);
#299 = FACE_BOUND('',#300,.F.);
#300 = EDGE_LOOP('',(#301,#349,#404,#510,#539,#568,#595));
#301 = ORIENTED_EDGE('',*,*,#302,.T.);
#302 = EDGE_CURVE('',#24,#303,#305,.T.);
#303 = VERTEX_POINT('',#304);
#304 = CARTESIAN_POINT('',(433.24181347266,-48.,48.216045898969));
#305 = SURFACE_CURVE('',#306,(#314,#343),.PCURVE_S1.);
#306 = B_SPLINE_CURVE_WITH_KNOTS('',3,(#307,#308,#309,#310,#311,#312,
    #313),.UNSPECIFIED.,.F.,.F.,(4,3,4),(2.119252277173,2.206309553738,
    2.6043348416),.UNSPECIFIED.);
#307 = CARTESIAN_POINT('',(433.24181347282,-51.11235650248,
    45.412162036848));
#308 = CARTESIAN_POINT('',(433.24181347273,-50.97578949533,
    45.624316959282));
#309 = CARTESIAN_POINT('',(433.24181347266,-50.82753044589,
    45.829563955302));
#310 = CARTESIAN_POINT('',(433.24181347266,-50.66869715421,
    46.027385268605));
#311 = CARTESIAN_POINT('',(433.24181347266,-49.94251240394,
    46.93182299373));
#312 = CARTESIAN_POINT('',(433.24181347266,-49.01626503071,
    47.656977676382));
#313 = CARTESIAN_POINT('',(433.24181347266,-48.,48.216045898969));
#314 = PCURVE('',#66,#315);
#315 = DEFINITIONAL_REPRESENTATION('',(#316),#342);
#316 = B_SPLINE_CURVE_WITH_KNOTS('',3,(#317,#318,#319,#320,#321,#322,
    #323,#324,#325,#326,#327,#328,#329,#330,#331,#332,#333,#334,#335,
    #336,#337,#338,#339,#340,#341),.UNSPECIFIED.,.F.,.F.,(4,1,1,1,1,1,1,
    1,1,1,1,1,1,1,1,1,1,1,1,1,1,1,4),(2.119252277173,2.141301484647,
    2.163350692121,2.185399899595,2.207449107069,2.229498314543,
    2.251547522017,2.273596729491,2.295645936965,2.317695144439,
    2.339744351913,2.361793559387,2.383842766861,2.405891974335,
    2.427941181809,2.449990389283,2.472039596757,2.494088804231,
    2.516138011705,2.538187219179,2.560236426653,2.582285634126,
    2.6043348416),.QUASI_UNIFORM_KNOTS.);
#317 = CARTESIAN_POINT('',(5.460984019745,0.440689889974));
#318 = CARTESIAN_POINT('',(5.461762619364,0.448115981205));
#319 = CARTESIAN_POINT('',(5.463357472834,0.462923629165));
#320 = CARTESIAN_POINT('',(5.465862060942,0.485001863598));
#321 = CARTESIAN_POINT('',(5.468477655502,0.506942716158));
#322 = CARTESIAN_POINT('',(5.471205218365,0.528757828753));
#323 = CARTESIAN_POINT('',(5.474037384693,0.550397372577));
#324 = CARTESIAN_POINT('',(5.476968501389,0.571832026795));
#325 = CARTESIAN_POINT('',(5.479998824916,0.593075238996));
#326 = CARTESIAN_POINT('',(5.483127023069,0.614128369219));
#327 = CARTESIAN_POINT('',(5.486352178914,0.634995390973));
#328 = CARTESIAN_POINT('',(5.489673248631,0.655678958234));
#329 = CARTESIAN_POINT('',(5.493089201576,0.67618146885));
#330 = CARTESIAN_POINT('',(5.496598977536,0.696504792308));
#331 = CARTESIAN_POINT('',(5.500201492954,0.71665035829));
#332 = CARTESIAN_POINT('',(5.503895634021,0.736619151209));
#333 = CARTESIAN_POINT('',(5.507680253281,0.756411732377));
#334 = CARTESIAN_POINT('',(5.511554165278,0.776028256929));
#335 = CARTESIAN_POINT('',(5.515516142491,0.795468494325));
#336 = CARTESIAN_POINT('',(5.519564911011,0.814731848967));
#337 = CARTESIAN_POINT('',(5.523699146986,0.83381738501));
#338 = CARTESIAN_POINT('',(5.527917470233,0.852723841463));
#339 = CARTESIAN_POINT('',(5.532218448466,0.871449688177));
#340 = CARTESIAN_POINT('',(5.535139857454,0.883811918215));
#341 = CARTESIAN_POINT('',(5.536613835365,0.889962318198));
#342 = ( GEOMETRIC_REPRESENTATION_CONTEXT(2) 
PARAMETRIC_REPRESENTATION_CONTEXT() REPRESENTATION_CONTEXT('2D SPACE',''
  ) );
#343 = PCURVE('',#193,#344);
#344 = DEFINITIONAL_REPRESENTATION('',(#345),#348);
#345 = B_SPLINE_CURVE_WITH_KNOTS('',1,(#346,#347),.UNSPECIFIED.,.F.,.F.,
  (2,2),(2.119252277173,2.6043348416),.PIECEWISE_BEZIER_KNOTS.);
#346 = CARTESIAN_POINT('',(-7.316470046444,-4.513E-14));
#347 = CARTESIAN_POINT('',(-6.927594318265,-9.69E-15));
#348 = ( GEOMETRIC_REPRESENTATION_CONTEXT(2) 
PARAMETRIC_REPRESENTATION_CONTEXT() REPRESENTATION_CONTEXT('2D SPACE',''
  ) );
#349 = ORIENTED_EDGE('',*,*,#350,.F.);
#350 = EDGE_CURVE('',#351,#303,#353,.T.);
#351 = VERTEX_POINT('',#352);
#352 = CARTESIAN_POINT('',(433.24181347266,-40.,49.991875693027));
#353 = SURFACE_CURVE('',#354,(#368,#397),.PCURVE_S1.);
#354 = B_SPLINE_CURVE_WITH_KNOTS('',3,(#355,#356,#357,#358,#359,#360,
    #361,#362,#363,#364,#365,#366,#367),.UNSPECIFIED.,.F.,.F.,(4,3,3,3,4
    ),(6.151464638597,6.401589316534,6.726892474924,6.919679603594,
    6.927594318265),.UNSPECIFIED.);
#355 = CARTESIAN_POINT('',(433.24181347266,-40.,49.991875693027));
#356 = CARTESIAN_POINT('',(433.24181347266,-40.86686867977,
    49.973782617053));
#357 = CARTESIAN_POINT('',(433.24181347266,-41.78038434927,
    49.920657837345));
#358 = CARTESIAN_POINT('',(433.24181347266,-42.68452635351,
    49.809187719956));
#359 = CARTESIAN_POINT('',(433.24181347266,-43.86042091951,
    49.664213695195));
#360 = CARTESIAN_POINT('',(433.24181347266,-45.01990959187,
    49.415449859184));
#361 = CARTESIAN_POINT('',(433.24181347266,-46.04693878373,
    49.067581135952));
#362 = CARTESIAN_POINT('',(433.24181347266,-46.65559567454,
    48.861420788055));
#363 = CARTESIAN_POINT('',(433.24181347266,-47.30732428513,
    48.590305846423));
#364 = CARTESIAN_POINT('',(433.24181347266,-47.92419794478,
    48.257351429391));
#365 = CARTESIAN_POINT('',(433.24181347266,-47.94952317805,
    48.243682263677));
#366 = CARTESIAN_POINT('',(433.24181347266,-47.97479211509,
    48.229913273113));
#367 = CARTESIAN_POINT('',(433.24181347266,-48.,48.216045898969));
#368 = PCURVE('',#66,#369);
#369 = DEFINITIONAL_REPRESENTATION('',(#370),#396);
#370 = B_SPLINE_CURVE_WITH_KNOTS('',3,(#371,#372,#373,#374,#375,#376,
    #377,#378,#379,#380,#381,#382,#383,#384,#385,#386,#387,#388,#389,
    #390,#391,#392,#393,#394,#395),.UNSPECIFIED.,.F.,.F.,(4,1,1,1,1,1,1,
    1,1,1,1,1,1,1,1,1,1,1,1,1,1,1,4),(6.151464638597,6.1867432604,
    6.222021882203,6.257300504006,6.292579125809,6.327857747612,
    6.363136369415,6.398414991219,6.433693613022,6.468972234825,
    6.504250856628,6.539529478431,6.574808100234,6.610086722037,
    6.64536534384,6.680643965643,6.715922587446,6.75120120925,
    6.786479831053,6.821758452856,6.857037074659,6.892315696462,
    6.927594318265),.QUASI_UNIFORM_KNOTS.);
#371 = CARTESIAN_POINT('',(5.790796107643,1.526673678285));
#372 = CARTESIAN_POINT('',(5.786182249943,1.51944205319));
#373 = CARTESIAN_POINT('',(5.776953763947,1.504673996665));
#374 = CARTESIAN_POINT('',(5.763150655876,1.481643832983));
#375 = CARTESIAN_POINT('',(5.749430050382,1.457770386028));
#376 = CARTESIAN_POINT('',(5.735831507824,1.433093857116));
#377 = CARTESIAN_POINT('',(5.722392318721,1.407657463577));
#378 = CARTESIAN_POINT('',(5.709147260308,1.381506890682));
#379 = CARTESIAN_POINT('',(5.696128397914,1.35469096204));
#380 = CARTESIAN_POINT('',(5.683366181995,1.327254889875));
#381 = CARTESIAN_POINT('',(5.670887311782,1.29924789914));
#382 = CARTESIAN_POINT('',(5.658714817928,1.270731887441));
#383 = CARTESIAN_POINT('',(5.646870015779,1.241770363328));
#384 = CARTESIAN_POINT('',(5.635372246527,1.212430457393));
#385 = CARTESIAN_POINT('',(5.624238704513,1.182779891339));
#386 = CARTESIAN_POINT('',(5.613486177456,1.15289067626));
#387 = CARTESIAN_POINT('',(5.603125111911,1.122820562116));
#388 = CARTESIAN_POINT('',(5.593182513512,1.092676566097));
#389 = CARTESIAN_POINT('',(5.583617218401,1.062372440649));
#390 = CARTESIAN_POINT('',(5.573925827342,1.030247958141));
#391 = CARTESIAN_POINT('',(5.564312881424,0.996833642027));
#392 = CARTESIAN_POINT('',(5.554827094656,0.962205920838));
#393 = CARTESIAN_POINT('',(5.545552687789,0.926565321508));
#394 = CARTESIAN_POINT('',(5.539554709688,0.902238423044));
#395 = CARTESIAN_POINT('',(5.536613835365,0.889962318198));
#396 = ( GEOMETRIC_REPRESENTATION_CONTEXT(2) 
PARAMETRIC_REPRESENTATION_CONTEXT() REPRESENTATION_CONTEXT('2D SPACE',''
  ) );
#397 = PCURVE('',#193,#398);
#398 = DEFINITIONAL_REPRESENTATION('',(#399),#403);
#399 = LINE('',#400,#401);
#400 = CARTESIAN_POINT('',(0.,-9.69E-15));
#401 = VECTOR('',#402,1.);
#402 = DIRECTION('',(-1.,0.));
#403 = ( GEOMETRIC_REPRESENTATION_CONTEXT(2) 
PARAMETRIC_REPRESENTATION_CONTEXT() REPRESENTATION_CONTEXT('2D SPACE',''
  ) );
#404 = ORIENTED_EDGE('',*,*,#405,.T.);
#405 = EDGE_CURVE('',#351,#406,#408,.T.);
#406 = VERTEX_POINT('',#407);
#407 = CARTESIAN_POINT('',(422.81821992417,-40.,41.999661662201));
#408 = SURFACE_CURVE('',#409,(#430,#481),.PCURVE_S1.);
#409 = B_SPLINE_CURVE_WITH_KNOTS('',3,(#410,#411,#412,#413,#414,#415,
    #416,#417,#418,#419,#420,#421,#422,#423,#424,#425,#426,#427,#428,
    #429),.UNSPECIFIED.,.F.,.F.,(4,2,2,2,2,2,2,2,2,4),(1.207316809467,
    1.246681278325,1.42733937655,1.607997474775,1.791268414133,
    1.974539353491,2.138826164566,2.30311297564,2.43778558847,
    2.572458201299),.UNSPECIFIED.);
#410 = CARTESIAN_POINT('',(433.24181347266,-40.,49.991875693027));
#411 = CARTESIAN_POINT('',(433.10574329717,-40.,49.99716969237));
#412 = CARTESIAN_POINT('',(432.97170430224,-40.,49.999661662201));
#413 = CARTESIAN_POINT('',(432.23829574529,-40.,49.999661662201));
#414 = CARTESIAN_POINT('',(431.58010801232,-40.,49.943896712549));
#415 = CARTESIAN_POINT('',(430.28544738703,-40.,49.709751990405));
#416 = CARTESIAN_POINT('',(429.64891635387,-40.,49.531693811175));
#417 = CARTESIAN_POINT('',(428.50901377245,-40.,49.116692688892));
#418 = CARTESIAN_POINT('',(427.89863823567,-40.,48.839286025608));
#419 = CARTESIAN_POINT('',(426.73935483879,-40.,48.177538426249));
#420 = CARTESIAN_POINT('',(426.19047665289,-40.,47.79314550674));
#421 = CARTESIAN_POINT('',(425.30081412772,-40.,47.051065523748));
#422 = CARTESIAN_POINT('',(424.86929843151,-40.,46.632431842721));
#423 = CARTESIAN_POINT('',(424.10302530596,-40.,45.716986965778));
#424 = CARTESIAN_POINT('',(423.76905334838,-40.,45.21951857717));
#425 = CARTESIAN_POINT('',(423.31025217254,-40.,44.334885128689));
#426 = CARTESIAN_POINT('',(423.12494379092,-40.,43.878683281987));
#427 = CARTESIAN_POINT('',(422.87837442101,-40.,42.935670387135));
#428 = CARTESIAN_POINT('',(422.81821992417,-40.,42.448570371633));
#429 = CARTESIAN_POINT('',(422.81821992417,-40.,41.999661662201));
#430 = PCURVE('',#66,#431);
#431 = DEFINITIONAL_REPRESENTATION('',(#432),#480);
#432 = B_SPLINE_CURVE_WITH_KNOTS('',3,(#433,#434,#435,#436,#437,#438,
    #439,#440,#441,#442,#443,#444,#445,#446,#447,#448,#449,#450,#451,
    #452,#453,#454,#455,#456,#457,#458,#459,#460,#461,#462,#463,#464,
    #465,#466,#467,#468,#469,#470,#471,#472,#473,#474,#475,#476,#477,
    #478,#479),.UNSPECIFIED.,.F.,.F.,(4,1,1,1,1,1,1,1,1,1,1,1,1,1,1,1,1,
    1,1,1,1,1,1,1,1,1,1,1,1,1,1,1,1,1,1,1,1,1,1,1,1,1,1,1,4),(
    1.207316809467,1.23834275019,1.269368690914,1.300394631637,
    1.331420572361,1.362446513084,1.393472453807,1.424498394531,
    1.455524335254,1.486550275978,1.517576216701,1.548602157425,
    1.579628098148,1.610654038872,1.641679979595,1.672705920319,
    1.703731861042,1.734757801766,1.765783742489,1.796809683212,
    1.827835623936,1.858861564659,1.889887505383,1.920913446106,
    1.95193938683,1.982965327553,2.013991268277,2.045017209,
    2.076043149724,2.107069090447,2.13809503117,2.169120971894,
    2.200146912617,2.231172853341,2.262198794064,2.293224734788,
    2.324250675511,2.355276616235,2.386302556958,2.417328497682,
    2.448354438405,2.479380379129,2.510406319852,2.541432260575,
    2.572458201299),.QUASI_UNIFORM_KNOTS.);
#433 = CARTESIAN_POINT('',(5.790796107643,1.526673678285));
#434 = CARTESIAN_POINT('',(5.788609119848,1.53857287343));
#435 = CARTESIAN_POINT('',(5.784296921871,1.561730246707));
#436 = CARTESIAN_POINT('',(5.777785488302,1.595726602873));
#437 = CARTESIAN_POINT('',(5.770869142953,1.630889579173));
#438 = CARTESIAN_POINT('',(5.763652680717,1.666595081438));
#439 = CARTESIAN_POINT('',(5.75614450103,1.702769555383));
#440 = CARTESIAN_POINT('',(5.748383520156,1.73919833708));
#441 = CARTESIAN_POINT('',(5.740405781319,1.77571402125));
#442 = CARTESIAN_POINT('',(5.73225402107,1.812152717147));
#443 = CARTESIAN_POINT('',(5.723970979456,1.848346742222));
#444 = CARTESIAN_POINT('',(5.715601559067,1.884131614811));
#445 = CARTESIAN_POINT('',(5.707206077674,1.919300443967));
#446 = CARTESIAN_POINT('',(5.69881233587,1.953797704577));
#447 = CARTESIAN_POINT('',(5.690595208754,1.98700470572));
#448 = CARTESIAN_POINT('',(5.682195072639,2.020463595512));
#449 = CARTESIAN_POINT('',(5.673407490299,2.054963361683));
#450 = CARTESIAN_POINT('',(5.664340619716,2.090068879706));
#451 = CARTESIAN_POINT('',(5.655025534621,2.125679973009));
#452 = CARTESIAN_POINT('',(5.645521073236,2.161616422777));
#453 = CARTESIAN_POINT('',(5.635887295969,2.197732736036));
#454 = CARTESIAN_POINT('',(5.626189495658,2.233887512899));
#455 = CARTESIAN_POINT('',(5.616482950072,2.26991649863));
#456 = CARTESIAN_POINT('',(5.606826601046,2.305665940789));
#457 = CARTESIAN_POINT('',(5.597296785042,2.340934622059));
#458 = CARTESIAN_POINT('',(5.587928339231,2.375695652892));
#459 = CARTESIAN_POINT('',(5.578935776692,2.409277986059));
#460 = CARTESIAN_POINT('',(5.569751810799,2.443927344021));
#461 = CARTESIAN_POINT('',(5.560377153749,2.479733972146));
#462 = CARTESIAN_POINT('',(5.550928630522,2.516402389545));
#463 = CARTESIAN_POINT('',(5.541502846124,2.553753383291));
#464 = CARTESIAN_POINT('',(5.532210889799,2.59158983442));
#465 = CARTESIAN_POINT('',(5.523176393508,2.629743435182));
#466 = CARTESIAN_POINT('',(5.514485054332,2.668008700111));
#467 = CARTESIAN_POINT('',(5.50621989882,2.706161211513));
#468 = CARTESIAN_POINT('',(5.498465077292,2.74399659738));
#469 = CARTESIAN_POINT('',(5.491321315601,2.781232588685));
#470 = CARTESIAN_POINT('',(5.484835846882,2.817878184706));
#471 = CARTESIAN_POINT('',(5.478593566324,2.856663176134));
#472 = CARTESIAN_POINT('',(5.472861583073,2.896590418058));
#473 = CARTESIAN_POINT('',(5.467769305855,2.937443166176));
#474 = CARTESIAN_POINT('',(5.463497031341,2.978814438613));
#475 = CARTESIAN_POINT('',(5.460179199193,3.02036101389));
#476 = CARTESIAN_POINT('',(5.457807952306,3.061664936442));
#477 = CARTESIAN_POINT('',(5.45638965715,3.102303179264));
#478 = CARTESIAN_POINT('',(5.456075560141,3.128665333473));
#479 = CARTESIAN_POINT('',(5.456075982352,3.14159265359));
#480 = ( GEOMETRIC_REPRESENTATION_CONTEXT(2) 
PARAMETRIC_REPRESENTATION_CONTEXT() REPRESENTATION_CONTEXT('2D SPACE',''
  ) );
#481 = PCURVE('',#482,#487);
#482 = PLANE('',#483);
#483 = AXIS2_PLACEMENT_3D('',#484,#485,#486);
#484 = CARTESIAN_POINT('',(465.,-40.,-57.));
#485 = DIRECTION('',(0.,1.,0.));
#486 = DIRECTION('',(-1.,0.,0.));
#487 = DEFINITIONAL_REPRESENTATION('',(#488),#509);
#488 = B_SPLINE_CURVE_WITH_KNOTS('',3,(#489,#490,#491,#492,#493,#494,
    #495,#496,#497,#498,#499,#500,#501,#502,#503,#504,#505,#506,#507,
    #508),.UNSPECIFIED.,.F.,.F.,(4,2,2,2,2,2,2,2,2,4),(1.207316809467,
    1.246681278325,1.42733937655,1.607997474775,1.791268414133,
    1.974539353491,2.138826164566,2.30311297564,2.43778558847,
    2.572458201299),.UNSPECIFIED.);
#489 = CARTESIAN_POINT('',(31.758186527333,106.99187569302));
#490 = CARTESIAN_POINT('',(31.894256702823,106.99716969237));
#491 = CARTESIAN_POINT('',(32.028295697758,106.9996616622));
#492 = CARTESIAN_POINT('',(32.761704254701,106.9996616622));
#493 = CARTESIAN_POINT('',(33.419891987679,106.94389671254));
#494 = CARTESIAN_POINT('',(34.714552612969,106.7097519904));
#495 = CARTESIAN_POINT('',(35.351083646127,106.53169381117));
#496 = CARTESIAN_POINT('',(36.490986227547,106.11669268889));
#497 = CARTESIAN_POINT('',(37.101361764326,105.8392860256));
#498 = CARTESIAN_POINT('',(38.260645161206,105.17753842624));
#499 = CARTESIAN_POINT('',(38.809523347107,104.79314550674));
#500 = CARTESIAN_POINT('',(39.699185872273,104.05106552374));
#501 = CARTESIAN_POINT('',(40.130701568482,103.63243184272));
#502 = CARTESIAN_POINT('',(40.896974694033,102.71698696577));
#503 = CARTESIAN_POINT('',(41.230946651618,102.21951857717));
#504 = CARTESIAN_POINT('',(41.689747827455,101.33488512868));
#505 = CARTESIAN_POINT('',(41.87505620908,100.87868328198));
#506 = CARTESIAN_POINT('',(42.121625578981,99.935670387135));
#507 = CARTESIAN_POINT('',(42.181780075823,99.448570371633));
#508 = CARTESIAN_POINT('',(42.181780075823,98.999661662201));
#509 = ( GEOMETRIC_REPRESENTATION_CONTEXT(2) 
PARAMETRIC_REPRESENTATION_CONTEXT() REPRESENTATION_CONTEXT('2D SPACE',''
  ) );
#510 = ORIENTED_EDGE('',*,*,#511,.F.);
#511 = EDGE_CURVE('',#512,#406,#514,.T.);
#512 = VERTEX_POINT('',#513);
#513 = CARTESIAN_POINT('',(412.66312906372,-43.96033833779,
    41.999661662201));
#514 = SURFACE_CURVE('',#515,(#520,#527),.PCURVE_S1.);
#515 = CIRCLE('',#516,15.);
#516 = AXIS2_PLACEMENT_3D('',#517,#518,#519);
#517 = CARTESIAN_POINT('',(412.66312906372,-28.96033833779,
    41.999661662201));
#518 = DIRECTION('',(-0.,0.,1.));
#519 = DIRECTION('',(9.47E-15,-1.,0.));
#520 = PCURVE('',#66,#521);
#521 = DEFINITIONAL_REPRESENTATION('',(#522),#526);
#522 = LINE('',#523,#524);
#523 = CARTESIAN_POINT('',(4.712388980385,3.14159265359));
#524 = VECTOR('',#525,1.);
#525 = DIRECTION('',(1.,1.19E-15));
#526 = ( GEOMETRIC_REPRESENTATION_CONTEXT(2) 
PARAMETRIC_REPRESENTATION_CONTEXT() REPRESENTATION_CONTEXT('2D SPACE',''
  ) );
#527 = PCURVE('',#528,#533);
#528 = CYLINDRICAL_SURFACE('',#529,15.);
#529 = AXIS2_PLACEMENT_3D('',#530,#531,#532);
#530 = CARTESIAN_POINT('',(412.66312906372,-28.96033833779,
    35.291550508508));
#531 = DIRECTION('',(0.,0.,1.));
#532 = DIRECTION('',(0.,-1.,0.));
#533 = DEFINITIONAL_REPRESENTATION('',(#534),#538);
#534 = LINE('',#535,#536);
#535 = CARTESIAN_POINT('',(0.,6.708111153693));
#536 = VECTOR('',#537,1.);
#537 = DIRECTION('',(1.,0.));
#538 = ( GEOMETRIC_REPRESENTATION_CONTEXT(2) 
PARAMETRIC_REPRESENTATION_CONTEXT() REPRESENTATION_CONTEXT('2D SPACE',''
  ) );
#539 = ORIENTED_EDGE('',*,*,#540,.T.);
#540 = EDGE_CURVE('',#512,#541,#543,.T.);
#541 = VERTEX_POINT('',#542);
#542 = CARTESIAN_POINT('',(412.66312906372,-59.96033833779,
    41.999661662201));
#543 = SURFACE_CURVE('',#544,(#549,#556),.PCURVE_S1.);
#544 = CIRCLE('',#545,8.);
#545 = AXIS2_PLACEMENT_3D('',#546,#547,#548);
#546 = CARTESIAN_POINT('',(412.66312906372,-51.96033833779,
    41.999661662201));
#547 = DIRECTION('',(1.,-0.,0.));
#548 = DIRECTION('',(0.,0.,-1.));
#549 = PCURVE('',#66,#550);
#550 = DEFINITIONAL_REPRESENTATION('',(#551),#555);
#551 = LINE('',#552,#553);
#552 = CARTESIAN_POINT('',(4.712388980385,4.712388980385));
#553 = VECTOR('',#554,1.);
#554 = DIRECTION('',(0.,-1.));
#555 = ( GEOMETRIC_REPRESENTATION_CONTEXT(2) 
PARAMETRIC_REPRESENTATION_CONTEXT() REPRESENTATION_CONTEXT('2D SPACE',''
  ) );
#556 = PCURVE('',#557,#562);
#557 = CYLINDRICAL_SURFACE('',#558,8.);
#558 = AXIS2_PLACEMENT_3D('',#559,#560,#561);
#559 = CARTESIAN_POINT('',(314.99999999999,-51.96033833779,
    41.999661662201));
#560 = DIRECTION('',(1.,0.,0.));
#561 = DIRECTION('',(0.,-1.2E-16,1.));
#562 = DEFINITIONAL_REPRESENTATION('',(#563),#567);
#563 = LINE('',#564,#565);
#564 = CARTESIAN_POINT('',(3.14159265359,97.663129063722));
#565 = VECTOR('',#566,1.);
#566 = DIRECTION('',(1.,0.));
#567 = ( GEOMETRIC_REPRESENTATION_CONTEXT(2) 
PARAMETRIC_REPRESENTATION_CONTEXT() REPRESENTATION_CONTEXT('2D SPACE',''
  ) );
#568 = ORIENTED_EDGE('',*,*,#569,.T.);
#569 = EDGE_CURVE('',#541,#22,#570,.T.);
#570 = SURFACE_CURVE('',#571,(#576,#583),.PCURVE_S1.);
#571 = CIRCLE('',#572,31.);
#572 = AXIS2_PLACEMENT_3D('',#573,#574,#575);
#573 = CARTESIAN_POINT('',(412.66312906372,-28.96033833779,
    41.999661662201));
#574 = DIRECTION('',(-0.,0.,1.));
#575 = DIRECTION('',(2.29E-15,-1.,0.));
#576 = PCURVE('',#66,#577);
#577 = DEFINITIONAL_REPRESENTATION('',(#578),#582);
#578 = LINE('',#579,#580);
#579 = CARTESIAN_POINT('',(4.712388980385,0.));
#580 = VECTOR('',#581,1.);
#581 = DIRECTION('',(1.,0.));
#582 = ( GEOMETRIC_REPRESENTATION_CONTEXT(2) 
PARAMETRIC_REPRESENTATION_CONTEXT() REPRESENTATION_CONTEXT('2D SPACE',''
  ) );
#583 = PCURVE('',#584,#589);
#584 = CYLINDRICAL_SURFACE('',#585,31.);
#585 = AXIS2_PLACEMENT_3D('',#586,#587,#588);
#586 = CARTESIAN_POINT('',(412.66312906372,-28.96033833779,
    35.291550508508));
#587 = DIRECTION('',(0.,0.,1.));
#588 = DIRECTION('',(0.,-1.,0.));
#589 = DEFINITIONAL_REPRESENTATION('',(#590),#594);
#590 = LINE('',#591,#592);
#591 = CARTESIAN_POINT('',(0.,6.708111153693));
#592 = VECTOR('',#593,1.);
#593 = DIRECTION('',(1.,0.));
#594 = ( GEOMETRIC_REPRESENTATION_CONTEXT(2) 
PARAMETRIC_REPRESENTATION_CONTEXT() REPRESENTATION_CONTEXT('2D SPACE',''
  ) );
#595 = ORIENTED_EDGE('',*,*,#21,.T.);
#596 = ADVANCED_FACE('',(#597),#138,.T.);
#597 = FACE_BOUND('',#598,.T.);
#598 = EDGE_LOOP('',(#599,#654,#677,#807,#877,#898));
#599 = ORIENTED_EDGE('',*,*,#600,.T.);
#600 = EDGE_CURVE('',#101,#601,#603,.T.);
#601 = VERTEX_POINT('',#602);
#602 = CARTESIAN_POINT('',(443.35337087771,-40.,49.991875693027));
#603 = SURFACE_CURVE('',#604,(#613,#625),.PCURVE_S1.);
#604 = B_SPLINE_CURVE_WITH_KNOTS('',3,(#605,#606,#607,#608,#609,#610,
    #611,#612),.UNSPECIFIED.,.F.,.F.,(4,2,2,4),(0.,0.202784311892,
    0.299964081778,1.026965289413),.UNSPECIFIED.);
#605 = CARTESIAN_POINT('',(437.12721056679,-48.,48.216045898969));
#606 = CARTESIAN_POINT('',(437.50802718871,-47.51068831779,
    48.485226284195));
#607 = CARTESIAN_POINT('',(437.90163865676,-47.0049365242,48.71375728578
    ));
#608 = CARTESIAN_POINT('',(438.49026208383,-46.24861365724,
    49.000281795936));
#609 = CARTESIAN_POINT('',(438.68255344622,-46.00153827997,
    49.085402032854));
#610 = CARTESIAN_POINT('',(440.32100006643,-43.8962964765,
    49.747031900624));
#611 = CARTESIAN_POINT('',(441.85687333242,-41.92285128625,
    49.951742400383));
#612 = CARTESIAN_POINT('',(443.35337087771,-40.,49.991875693027));
#613 = PCURVE('',#138,#614);
#614 = DEFINITIONAL_REPRESENTATION('',(#615),#624);
#615 = B_SPLINE_CURVE_WITH_KNOTS('',3,(#616,#617,#618,#619,#620,#621,
    #622,#623),.UNSPECIFIED.,.F.,.F.,(4,2,2,4),(0.,0.202784311892,
    0.299964081778,1.026965289413),.UNSPECIFIED.);
#616 = CARTESIAN_POINT('',(10.137310896747,27.62482057498));
#617 = CARTESIAN_POINT('',(9.517272815763,27.894000960205));
#618 = CARTESIAN_POINT('',(8.876402419736,28.122531961791));
#619 = CARTESIAN_POINT('',(7.918017414648,28.409056471946));
#620 = CARTESIAN_POINT('',(7.604932426018,28.494176708864));
#621 = CARTESIAN_POINT('',(4.937246091695,29.155806576634));
#622 = CARTESIAN_POINT('',(2.436567662123,29.360517076393));
#623 = CARTESIAN_POINT('',(0.,29.400650369038));
#624 = ( GEOMETRIC_REPRESENTATION_CONTEXT(2) 
PARAMETRIC_REPRESENTATION_CONTEXT() REPRESENTATION_CONTEXT('2D SPACE',''
  ) );
#625 = PCURVE('',#193,#626);
#626 = DEFINITIONAL_REPRESENTATION('',(#627),#653);
#627 = B_SPLINE_CURVE_WITH_KNOTS('',3,(#628,#629,#630,#631,#632,#633,
    #634,#635,#636,#637,#638,#639,#640,#641,#642,#643,#644,#645,#646,
    #647,#648,#649,#650,#651,#652),.UNSPECIFIED.,.F.,.F.,(4,1,1,1,1,1,1,
    1,1,1,1,1,1,1,1,1,1,1,1,1,1,1,4),(0.,4.668024042786E-02,
    9.336048085571E-02,0.140040721284,0.186720961711,0.233401202139,
    0.280081442567,0.326761682995,0.373441923423,0.420122163851,
    0.466802404279,0.513482644706,0.560162885134,0.606843125562,
    0.65352336599,0.700203606418,0.746883846846,0.793564087274,
    0.840244327701,0.886924568129,0.933604808557,0.980285048985,
    1.026965289413),.QUASI_UNIFORM_KNOTS.);
#628 = CARTESIAN_POINT('',(-6.927594318265,0.388539709412));
#629 = CARTESIAN_POINT('',(-6.915804942352,0.397305975059));
#630 = CARTESIAN_POINT('',(-6.892301615961,0.414974110925));
#631 = CARTESIAN_POINT('',(-6.857073268562,0.441821030633));
#632 = CARTESIAN_POINT('',(-6.821688700761,0.468950701186));
#633 = CARTESIAN_POINT('',(-6.785906349606,0.496300692914));
#634 = CARTESIAN_POINT('',(-6.749598473982,0.523810301822));
#635 = CARTESIAN_POINT('',(-6.71190331527,0.551524642243));
#636 = CARTESIAN_POINT('',(-6.675062796638,0.579373732844));
#637 = CARTESIAN_POINT('',(-6.638801703314,0.607447434664));
#638 = CARTESIAN_POINT('',(-6.603043971606,0.635709498618));
#639 = CARTESIAN_POINT('',(-6.567694232043,0.664143457826));
#640 = CARTESIAN_POINT('',(-6.532674823215,0.692727544784));
#641 = CARTESIAN_POINT('',(-6.497913706347,0.721441412285));
#642 = CARTESIAN_POINT('',(-6.463345800066,0.750264332553));
#643 = CARTESIAN_POINT('',(-6.428911000963,0.779175679788));
#644 = CARTESIAN_POINT('',(-6.394553224283,0.808154800864));
#645 = CARTESIAN_POINT('',(-6.360219748769,0.837181049976));
#646 = CARTESIAN_POINT('',(-6.325856153166,0.86623377936));
#647 = CARTESIAN_POINT('',(-6.291406736146,0.895292341774));
#648 = CARTESIAN_POINT('',(-6.25681373205,0.924336089839));
#649 = CARTESIAN_POINT('',(-6.22201580423,0.95334437621));
#650 = CARTESIAN_POINT('',(-6.186947662256,0.982296553535));
#651 = CARTESIAN_POINT('',(-6.163338709326,1.001546834154));
#652 = CARTESIAN_POINT('',(-6.151464638597,1.011155740505));
#653 = ( GEOMETRIC_REPRESENTATION_CONTEXT(2) 
PARAMETRIC_REPRESENTATION_CONTEXT() REPRESENTATION_CONTEXT('2D SPACE',''
  ) );
#654 = ORIENTED_EDGE('',*,*,#655,.F.);
#655 = EDGE_CURVE('',#656,#601,#658,.T.);
#656 = VERTEX_POINT('',#657);
#657 = CARTESIAN_POINT('',(443.35337087771,-40.,20.59122532399));
#658 = SURFACE_CURVE('',#659,(#663,#670),.PCURVE_S1.);
#659 = LINE('',#660,#661);
#660 = CARTESIAN_POINT('',(443.35337087771,-40.,20.59122532399));
#661 = VECTOR('',#662,1.);
#662 = DIRECTION('',(0.,0.,1.));
#663 = PCURVE('',#138,#664);
#664 = DEFINITIONAL_REPRESENTATION('',(#665),#669);
#665 = LINE('',#666,#667);
#666 = CARTESIAN_POINT('',(0.,0.));
#667 = VECTOR('',#668,1.);
#668 = DIRECTION('',(0.,1.));
#669 = ( GEOMETRIC_REPRESENTATION_CONTEXT(2) 
PARAMETRIC_REPRESENTATION_CONTEXT() REPRESENTATION_CONTEXT('2D SPACE',''
  ) );
#670 = PCURVE('',#482,#671);
#671 = DEFINITIONAL_REPRESENTATION('',(#672),#676);
#672 = LINE('',#673,#674);
#673 = CARTESIAN_POINT('',(21.646629122285,77.59122532399));
#674 = VECTOR('',#675,1.);
#675 = DIRECTION('',(0.,1.));
#676 = ( GEOMETRIC_REPRESENTATION_CONTEXT(2) 
PARAMETRIC_REPRESENTATION_CONTEXT() REPRESENTATION_CONTEXT('2D SPACE',''
  ) );
#677 = ORIENTED_EDGE('',*,*,#678,.T.);
#678 = EDGE_CURVE('',#656,#679,#681,.T.);
#679 = VERTEX_POINT('',#680);
#680 = CARTESIAN_POINT('',(437.12721056679,-48.,22.367055118048));
#681 = SURFACE_CURVE('',#682,(#689,#699),.PCURVE_S1.);
#682 = B_SPLINE_CURVE_WITH_KNOTS('',3,(#683,#684,#685,#686,#687,#688),
  .UNSPECIFIED.,.F.,.F.,(4,2,4),(0.,0.404018131301,0.925620935685),
  .UNSPECIFIED.);
#683 = CARTESIAN_POINT('',(443.35337087771,-40.,20.59122532399));
#684 = CARTESIAN_POINT('',(442.52634665609,-41.06264430122,
    20.613404581961));
#685 = CARTESIAN_POINT('',(441.69416632794,-42.13191368922,
    20.685663270539));
#686 = CARTESIAN_POINT('',(439.81283998642,-44.54923190471,
    21.043933727393));
#687 = CARTESIAN_POINT('',(438.42468285888,-46.33287647307,
    21.449936296815));
#688 = CARTESIAN_POINT('',(437.12721056679,-48.,22.367055118048));
#689 = PCURVE('',#138,#690);
#690 = DEFINITIONAL_REPRESENTATION('',(#691),#698);
#691 = B_SPLINE_CURVE_WITH_KNOTS('',3,(#692,#693,#694,#695,#696,#697),
  .UNSPECIFIED.,.F.,.F.,(4,2,4),(0.,0.404018131301,0.925620935685),
  .UNSPECIFIED.);
#692 = CARTESIAN_POINT('',(0.,9.947598300641E-14));
#693 = CARTESIAN_POINT('',(1.346544456774,2.21792579714E-02));
#694 = CARTESIAN_POINT('',(2.701483984093,9.44379465491E-02));
#695 = CARTESIAN_POINT('',(5.764622269934,0.452708403403));
#696 = CARTESIAN_POINT('',(8.024792209786,0.858710972825));
#697 = CARTESIAN_POINT('',(10.137310896747,1.775829794058));
#698 = ( GEOMETRIC_REPRESENTATION_CONTEXT(2) 
PARAMETRIC_REPRESENTATION_CONTEXT() REPRESENTATION_CONTEXT('2D SPACE',''
  ) );
#699 = PCURVE('',#700,#779);
#700 = B_SPLINE_SURFACE_WITH_KNOTS('',3,1,(
    (#701,#702)
    ,(#703,#704)
    ,(#705,#706)
    ,(#707,#708)
    ,(#709,#710)
    ,(#711,#712)
    ,(#713,#714)
    ,(#715,#716)
    ,(#717,#718)
    ,(#719,#720)
    ,(#721,#722)
    ,(#723,#724)
    ,(#725,#726)
    ,(#727,#728)
    ,(#729,#730)
    ,(#731,#732)
    ,(#733,#734)
    ,(#735,#736)
    ,(#737,#738)
    ,(#739,#740)
    ,(#741,#742)
    ,(#743,#744)
    ,(#745,#746)
    ,(#747,#748)
    ,(#749,#750)
    ,(#751,#752)
    ,(#753,#754)
    ,(#755,#756)
    ,(#757,#758)
    ,(#759,#760)
    ,(#761,#762)
    ,(#763,#764)
    ,(#765,#766)
    ,(#767,#768)
    ,(#769,#770)
    ,(#771,#772)
    ,(#773,#774)
    ,(#775,#776)
    ,(#777,#778
    )),.UNSPECIFIED.,.F.,.F.,.F.,(4,2,2,2,2,3,2,2,2,3,2,2,2,2,2,3,2,4),(
    2,2),(-11.31104987505,-10.75816034288,-10.40237311808,
    -10.10065293401,-9.743122099427,-9.185459823985,-8.935335146047,
    -8.610031987658,-8.417244858988,-8.409330144317,-8.090245549236,
    -7.844379768556,-7.62347572266,-7.403043468968,-7.149369864139,
    -7.11588497169,-6.768313895885,-6.217161430064),(-2.4,2.499189719178
    ),.UNSPECIFIED.);
#701 = CARTESIAN_POINT('',(409.24181347266,-18.03435313299,
    20.589041722386));
#702 = CARTESIAN_POINT('',(458.23371066444,-18.03435313299,
    20.589041722386));
#703 = CARTESIAN_POINT('',(409.24181347266,-19.95064992226,
    20.555393378392));
#704 = CARTESIAN_POINT('',(458.23371066444,-19.95064992226,
    20.555393378392));
#705 = CARTESIAN_POINT('',(409.24181347252,-21.90383890989,
    20.679488432346));
#706 = CARTESIAN_POINT('',(458.2337106643,-21.90383890989,
    20.679488432346));
#707 = CARTESIAN_POINT('',(409.24181347252,-25.04890885982,
    20.854381807296));
#708 = CARTESIAN_POINT('',(458.2337106643,-25.04890885982,
    20.854381807297));
#709 = CARTESIAN_POINT('',(409.24181347266,-26.20563859853,
    20.912908123522));
#710 = CARTESIAN_POINT('',(458.23371066444,-26.20563859853,
    20.912908123523));
#711 = CARTESIAN_POINT('',(409.24181347266,-28.48429544666,
    20.964911053211));
#712 = CARTESIAN_POINT('',(458.23371066444,-28.48429544666,
    20.964911053211));
#713 = CARTESIAN_POINT('',(409.24181347266,-29.48295603251,
    20.964519122542));
#714 = CARTESIAN_POINT('',(458.23371066444,-29.48295603251,
    20.964519122542));
#715 = CARTESIAN_POINT('',(409.24181347266,-31.7676208374,
    20.910879573611));
#716 = CARTESIAN_POINT('',(458.23371066444,-31.7676208374,
    20.910879573611));
#717 = CARTESIAN_POINT('',(409.24181347266,-32.92952173165,
    20.851331305988));
#718 = CARTESIAN_POINT('',(458.23371066444,-32.92952173165,
    20.851331305989));
#719 = CARTESIAN_POINT('',(409.24181347266,-36.0971222699,
    20.674761433665));
#720 = CARTESIAN_POINT('',(458.23371066444,-36.0971222699,
    20.674761433666));
#721 = CARTESIAN_POINT('',(409.24181347266,-38.06728402628,
    20.550886137945));
#722 = CARTESIAN_POINT('',(458.23371066444,-38.06728402628,
    20.550886137945));
#723 = CARTESIAN_POINT('',(409.24181347266,-40.,20.59122532399));
#724 = CARTESIAN_POINT('',(458.23371066444,-40.,20.59122532399));
#725 = CARTESIAN_POINT('',(409.24181347266,-40.86686867977,
    20.609318399964));
#726 = CARTESIAN_POINT('',(458.23371066444,-40.86686867977,
    20.609318399964));
#727 = CARTESIAN_POINT('',(409.24181347266,-41.78038434927,
    20.662443179672));
#728 = CARTESIAN_POINT('',(458.23371066444,-41.78038434927,
    20.662443179672));
#729 = CARTESIAN_POINT('',(409.24181347266,-43.86042091951,
    20.918887321822));
#730 = CARTESIAN_POINT('',(458.23371066444,-43.86042091951,
    20.918887321822));
#731 = CARTESIAN_POINT('',(409.24181347266,-45.01990959187,
    21.167651157832));
#732 = CARTESIAN_POINT('',(458.23371066444,-45.01990959187,
    21.167651157833));
#733 = CARTESIAN_POINT('',(409.24181347266,-46.65559567454,
    21.721680228962));
#734 = CARTESIAN_POINT('',(458.23371066444,-46.65559567454,
    21.721680228963));
#735 = CARTESIAN_POINT('',(409.24181347266,-47.30732428513,
    21.992795170593));
#736 = CARTESIAN_POINT('',(458.23371066444,-47.30732428513,
    21.992795170594));
#737 = CARTESIAN_POINT('',(409.24181347266,-47.94952317805,
    22.33941875334));
#738 = CARTESIAN_POINT('',(458.23371066444,-47.94952317805,
    22.33941875334));
#739 = CARTESIAN_POINT('',(409.24181347266,-47.97479211509,
    22.353187743903));
#740 = CARTESIAN_POINT('',(458.23371066444,-47.97479211509,
    22.353187743904));
#741 = CARTESIAN_POINT('',(409.24181347266,-48.,22.367055118048));
#742 = CARTESIAN_POINT('',(458.23371066444,-48.,22.367055118048));
#743 = CARTESIAN_POINT('',(409.24181347266,-49.01626503071,
    22.926123340635));
#744 = CARTESIAN_POINT('',(458.23371066444,-49.01626503071,
    22.926123340635));
#745 = CARTESIAN_POINT('',(409.24181347266,-49.94251240394,
    23.651278023287));
#746 = CARTESIAN_POINT('',(458.23371066444,-49.94251240394,
    23.651278023287));
#747 = CARTESIAN_POINT('',(409.24181347266,-51.22824776649,
    25.252616478791));
#748 = CARTESIAN_POINT('',(458.23371066444,-51.22824776649,
    25.252616478792));
#749 = CARTESIAN_POINT('',(409.24181347347,-51.65656481184,
    26.041675002394));
#750 = CARTESIAN_POINT('',(458.23371066525,-51.65656481184,
    26.041675002394));
#751 = CARTESIAN_POINT('',(409.24181347347,-52.12778841274,
    27.671665628679));
#752 = CARTESIAN_POINT('',(458.23371066525,-52.12778841274,
    27.67166562868));
#753 = CARTESIAN_POINT('',(409.24181347267,-52.197228503,28.471928852034
    ));
#754 = CARTESIAN_POINT('',(458.23371066445,-52.197228503,28.471928852034
    ));
#755 = CARTESIAN_POINT('',(409.24181347267,-52.0136240282,
    30.065673671168));
#756 = CARTESIAN_POINT('',(458.23371066445,-52.0136240282,
    30.065673671168));
#757 = CARTESIAN_POINT('',(409.24181347265,-51.76485181359,
    30.82889095976));
#758 = CARTESIAN_POINT('',(458.23371066443,-51.76485181359,
    30.82889095976));
#759 = CARTESIAN_POINT('',(409.24181347265,-50.94759283708,
    32.346195703473));
#760 = CARTESIAN_POINT('',(458.23371066443,-50.94759283708,
    32.346195703473));
#761 = CARTESIAN_POINT('',(409.24181347197,-50.35009883874,
    33.057510389084));
#762 = CARTESIAN_POINT('',(458.23371066375,-50.35009883874,
    33.057510389084));
#763 = CARTESIAN_POINT('',(409.24181347197,-49.56005050694,
    33.739730885692));
#764 = CARTESIAN_POINT('',(458.23371066375,-49.56005050694,
    33.739730885693));
#765 = CARTESIAN_POINT('',(409.24181347266,-49.46625230759,
    33.817332525023));
#766 = CARTESIAN_POINT('',(458.23371066444,-49.46625230759,
    33.817332525023));
#767 = CARTESIAN_POINT('',(409.24181347266,-49.37091073826,
    33.893000750554));
#768 = CARTESIAN_POINT('',(458.23371066444,-49.37091073826,
    33.893000750554));
#769 = CARTESIAN_POINT('',(409.24181347266,-48.38127125021,
    34.678432168368));
#770 = CARTESIAN_POINT('',(458.23371066444,-48.38127125021,
    34.678432168368));
#771 = CARTESIAN_POINT('',(409.24181347266,-47.23162584095,
    35.251349036442));
#772 = CARTESIAN_POINT('',(458.23371066444,-47.23162584095,
    35.251349036442));
#773 = CARTESIAN_POINT('',(409.24181347266,-44.13639234818,
    36.296472239493));
#774 = CARTESIAN_POINT('',(458.23371066444,-44.13639234818,
    36.296472239493));
#775 = CARTESIAN_POINT('',(409.24181347266,-42.08816117915,
    36.526884473554));
#776 = CARTESIAN_POINT('',(458.23371066444,-42.08816117915,
    36.526884473554));
#777 = CARTESIAN_POINT('',(409.24181347266,-40.08523508019,
    36.573766652928));
#778 = CARTESIAN_POINT('',(458.23371066444,-40.08523508019,
    36.573766652929));
#779 = DEFINITIONAL_REPRESENTATION('',(#780),#806);
#780 = B_SPLINE_CURVE_WITH_KNOTS('',3,(#781,#782,#783,#784,#785,#786,
    #787,#788,#789,#790,#791,#792,#793,#794,#795,#796,#797,#798,#799,
    #800,#801,#802,#803,#804,#805),.UNSPECIFIED.,.F.,.F.,(4,1,1,1,1,1,1,
    1,1,1,1,1,1,1,1,1,1,1,1,1,1,1,4),(0.,4.207367889479E-02,
    8.414735778958E-02,0.126221036684,0.168294715579,0.210368394474,
    0.252442073369,0.294515752264,0.336589431158,0.378663110053,
    0.420736788948,0.462810467843,0.504884146737,0.546957825632,
    0.589031504527,0.631105183422,0.673178862317,0.715252541211,
    0.757326220106,0.799399899001,0.841473577896,0.883547256791,
    0.925620935685),.QUASI_UNIFORM_KNOTS.);
#781 = CARTESIAN_POINT('',(-9.185459823985,1.011155740505));
#782 = CARTESIAN_POINT('',(-9.17481699085,1.002543267736));
#783 = CARTESIAN_POINT('',(-9.153661659918,0.985307137977));
#784 = CARTESIAN_POINT('',(-9.122261110478,0.959430354851));
#785 = CARTESIAN_POINT('',(-9.091132215624,0.933541915298));
#786 = CARTESIAN_POINT('',(-9.060221999616,0.907652863802));
#787 = CARTESIAN_POINT('',(-9.029480330434,0.881773827272));
#788 = CARTESIAN_POINT('',(-8.998862087228,0.855916990484));
#789 = CARTESIAN_POINT('',(-8.96831727467,0.83008872433));
#790 = CARTESIAN_POINT('',(-8.937823324941,0.804317097369));
#791 = CARTESIAN_POINT('',(-8.907261569474,0.778549201371));
#792 = CARTESIAN_POINT('',(-8.87687727788,0.7530343376));
#793 = CARTESIAN_POINT('',(-8.844804132354,0.726261035706));
#794 = CARTESIAN_POINT('',(-8.811143738667,0.698399646981));
#795 = CARTESIAN_POINT('',(-8.775920783872,0.669571692878));
#796 = CARTESIAN_POINT('',(-8.739156618108,0.639911778766));
#797 = CARTESIAN_POINT('',(-8.700827219731,0.60955100419));
#798 = CARTESIAN_POINT('',(-8.660942720189,0.578621408077));
#799 = CARTESIAN_POINT('',(-8.619251873014,0.547254777647));
#800 = CARTESIAN_POINT('',(-8.576319957093,0.515582967566));
#801 = CARTESIAN_POINT('',(-8.534557467063,0.483737814428));
#802 = CARTESIAN_POINT('',(-8.492945548141,0.451851159667));
#803 = CARTESIAN_POINT('',(-8.451350599698,0.420054843422));
#804 = CARTESIAN_POINT('',(-8.423404347183,0.399005418595));
#805 = CARTESIAN_POINT('',(-8.409330144317,0.388539709412));
#806 = ( GEOMETRIC_REPRESENTATION_CONTEXT(2) 
PARAMETRIC_REPRESENTATION_CONTEXT() REPRESENTATION_CONTEXT('2D SPACE',''
  ) );
#807 = ORIENTED_EDGE('',*,*,#808,.F.);
#808 = EDGE_CURVE('',#809,#679,#811,.T.);
#809 = VERTEX_POINT('',#810);
#810 = CARTESIAN_POINT('',(437.12721056679,-48.,28.583439354816));
#811 = SURFACE_CURVE('',#812,(#816,#823),.PCURVE_S1.);
#812 = LINE('',#813,#814);
#813 = CARTESIAN_POINT('',(437.12721056679,-48.,27.941387916249));
#814 = VECTOR('',#815,1.);
#815 = DIRECTION('',(0.,0.,-1.));
#816 = PCURVE('',#138,#817);
#817 = DEFINITIONAL_REPRESENTATION('',(#818),#822);
#818 = LINE('',#819,#820);
#819 = CARTESIAN_POINT('',(10.137310896747,7.350162592259));
#820 = VECTOR('',#821,1.);
#821 = DIRECTION('',(-0.,-1.));
#822 = ( GEOMETRIC_REPRESENTATION_CONTEXT(2) 
PARAMETRIC_REPRESENTATION_CONTEXT() REPRESENTATION_CONTEXT('2D SPACE',''
  ) );
#823 = PCURVE('',#824,#849);
#824 = B_SPLINE_SURFACE_WITH_KNOTS('',3,3,(
    (#825,#826,#827,#828,#829,#830)
    ,(#831,#832,#833,#834,#835,#836)
    ,(#837,#838,#839,#840,#841,#842)
    ,(#843,#844,#845,#846,#847,#848
    )),.UNSPECIFIED.,.F.,.F.,.F.,(4,4),(4,2,4),(0.,1.),(
    -2.338895940235E-03,0.,1.110110039993),.UNSPECIFIED.);
#825 = CARTESIAN_POINT('',(437.12721056679,-48.,28.583439354816));
#826 = CARTESIAN_POINT('',(437.12721056679,-48.,28.577520073101));
#827 = CARTESIAN_POINT('',(437.12721056679,-48.,28.571608562959));
#828 = CARTESIAN_POINT('',(437.12721056678,-47.99999999999,
    25.750943563673));
#829 = CARTESIAN_POINT('',(437.12721056679,-48.,22.922631370752));
#830 = CARTESIAN_POINT('',(437.12721056679,-48.,20.240960838205));
#831 = CARTESIAN_POINT('',(437.12721056679,-48.,28.583439354816));
#832 = CARTESIAN_POINT('',(437.1266451492,-48.00138095227,
    28.578778066815));
#833 = CARTESIAN_POINT('',(437.12543149845,-48.00166846019,
    28.573649624762));
#834 = CARTESIAN_POINT('',(436.75801648738,-48.49242392933,
    26.278722075198));
#835 = CARTESIAN_POINT('',(435.99493801212,-48.66003595045,
    23.966181111027));
#836 = CARTESIAN_POINT('',(435.40860465413,-48.28666274319,
    21.93138384918));
#837 = CARTESIAN_POINT('',(437.12721056679,-48.,28.583439354816));
#838 = CARTESIAN_POINT('',(437.1259321944,-48.00219425088,
    28.579697245509));
#839 = CARTESIAN_POINT('',(437.12379534327,-48.00386760678,
    28.57600330309));
#840 = CARTESIAN_POINT('',(436.38187666741,-48.96952285865,
    26.800225476678));
#841 = CARTESIAN_POINT('',(435.1262488728,-49.54267422785,
    25.015984552422));
#842 = CARTESIAN_POINT('',(433.84938925634,-49.48049312767,
    23.614078957649));
#843 = CARTESIAN_POINT('',(437.12721056679,-48.,28.583439354816));
#844 = CARTESIAN_POINT('',(437.12485432851,-48.00302753306,
    28.580808562969));
#845 = CARTESIAN_POINT('',(437.12249897282,-48.00605114435,
    28.578181225059));
#846 = CARTESIAN_POINT('',(435.99861428971,-49.44668913222,
    27.324552340086));
#847 = CARTESIAN_POINT('',(434.50662510712,-50.61608697636,
    26.067524695232));
#848 = CARTESIAN_POINT('',(432.83260508096,-51.28821183113,
    24.875671125211));
#849 = DEFINITIONAL_REPRESENTATION('',(#850),#876);
#850 = B_SPLINE_CURVE_WITH_KNOTS('',3,(#851,#852,#853,#854,#855,#856,
    #857,#858,#859,#860,#861,#862,#863,#864,#865,#866,#867,#868,#869,
    #870,#871,#872,#873,#874,#875),.UNSPECIFIED.,.F.,.F.,(4,1,1,1,1,1,1,
    1,1,1,1,1,1,1,1,1,1,1,1,1,1,1,4),(-0.642051438567,-0.359488518714,
    -7.692559886043E-02,0.205637320993,0.488200240846,0.770763160699,
    1.053326080552,1.335889000405,1.618451920258,1.901014840111,
    2.183577759964,2.466140679817,2.74870359967,3.031266519524,
    3.313829439377,3.59639235923,3.878955279083,4.161518198936,
    4.444081118789,4.726644038642,5.009206958495,5.291769878348,
    5.574332798201),.UNSPECIFIED.);
#851 = CARTESIAN_POINT('',(0.,-2.338895940235E-03));
#852 = CARTESIAN_POINT('',(0.,1.004604787209E-02));
#853 = CARTESIAN_POINT('',(0.,3.480928550692E-02));
#854 = CARTESIAN_POINT('',(0.,7.19423516646E-02));
#855 = CARTESIAN_POINT('',(0.,0.109073736589));
#856 = CARTESIAN_POINT('',(0.,0.146206726489));
#857 = CARTESIAN_POINT('',(0.,0.183346437221));
#858 = CARTESIAN_POINT('',(0.,0.2204975035));
#859 = CARTESIAN_POINT('',(0.,0.257664705749));
#860 = CARTESIAN_POINT('',(0.,0.294852809869));
#861 = CARTESIAN_POINT('',(0.,0.332066617993));
#862 = CARTESIAN_POINT('',(0.,0.369310962829));
#863 = CARTESIAN_POINT('',(0.,0.406590717257));
#864 = CARTESIAN_POINT('',(0.,0.443910800021));
#865 = CARTESIAN_POINT('',(0.,0.48127618267));
#866 = CARTESIAN_POINT('',(0.,0.518691896413));
#867 = CARTESIAN_POINT('',(0.,0.556163039264));
#868 = CARTESIAN_POINT('',(0.,0.593694783445));
#869 = CARTESIAN_POINT('',(0.,0.631292382981));
#870 = CARTESIAN_POINT('',(0.,0.66896118201));
#871 = CARTESIAN_POINT('',(0.,0.706706621918));
#872 = CARTESIAN_POINT('',(0.,0.744534254622));
#873 = CARTESIAN_POINT('',(0.,0.782449734795));
#874 = CARTESIAN_POINT('',(-0.,0.807789173452));
#875 = CARTESIAN_POINT('',(0.,0.820475469108));
#876 = ( GEOMETRIC_REPRESENTATION_CONTEXT(2) 
PARAMETRIC_REPRESENTATION_CONTEXT() REPRESENTATION_CONTEXT('2D SPACE',''
  ) );
#877 = ORIENTED_EDGE('',*,*,#878,.F.);
#878 = EDGE_CURVE('',#22,#809,#879,.T.);
#879 = SURFACE_CURVE('',#880,(#884,#891),.PCURVE_S1.);
#880 = LINE('',#881,#882);
#881 = CARTESIAN_POINT('',(437.12721056679,-48.,35.291550508508));
#882 = VECTOR('',#883,1.);
#883 = DIRECTION('',(0.,0.,-1.));
#884 = PCURVE('',#138,#885);
#885 = DEFINITIONAL_REPRESENTATION('',(#886),#890);
#886 = LINE('',#887,#888);
#887 = CARTESIAN_POINT('',(10.137310896747,14.700325184519));
#888 = VECTOR('',#889,1.);
#889 = DIRECTION('',(-0.,-1.));
#890 = ( GEOMETRIC_REPRESENTATION_CONTEXT(2) 
PARAMETRIC_REPRESENTATION_CONTEXT() REPRESENTATION_CONTEXT('2D SPACE',''
  ) );
#891 = PCURVE('',#584,#892);
#892 = DEFINITIONAL_REPRESENTATION('',(#893),#897);
#893 = LINE('',#894,#895);
#894 = CARTESIAN_POINT('',(0.909446514582,0.));
#895 = VECTOR('',#896,1.);
#896 = DIRECTION('',(0.,-1.));
#897 = ( GEOMETRIC_REPRESENTATION_CONTEXT(2) 
PARAMETRIC_REPRESENTATION_CONTEXT() REPRESENTATION_CONTEXT('2D SPACE',''
  ) );
#898 = ORIENTED_EDGE('',*,*,#100,.F.);
#899 = ADVANCED_FACE('',(#900),#193,.T.);
#900 = FACE_BOUND('',#901,.T.);
#901 = EDGE_LOOP('',(#902,#903,#904,#905,#906));
#902 = ORIENTED_EDGE('',*,*,#600,.F.);
#903 = ORIENTED_EDGE('',*,*,#150,.T.);
#904 = ORIENTED_EDGE('',*,*,#302,.T.);
#905 = ORIENTED_EDGE('',*,*,#350,.F.);
#906 = ORIENTED_EDGE('',*,*,#907,.F.);
#907 = EDGE_CURVE('',#601,#351,#908,.T.);
#908 = SURFACE_CURVE('',#909,(#913,#919),.PCURVE_S1.);
#909 = LINE('',#910,#911);
#910 = CARTESIAN_POINT('',(454.31539923113,-40.,49.991875693027));
#911 = VECTOR('',#912,1.);
#912 = DIRECTION('',(-1.,0.,0.));
#913 = PCURVE('',#193,#914);
#914 = DEFINITIONAL_REPRESENTATION('',(#915),#918);
#915 = B_SPLINE_CURVE_WITH_KNOTS('',1,(#916,#917),.UNSPECIFIED.,.F.,.F.,
  (2,2),(10.962028353424,21.073585758472),.PIECEWISE_BEZIER_KNOTS.);
#916 = CARTESIAN_POINT('',(-6.151464638597,1.011155740505));
#917 = CARTESIAN_POINT('',(-6.151464638597,-9.69E-15));
#918 = ( GEOMETRIC_REPRESENTATION_CONTEXT(2) 
PARAMETRIC_REPRESENTATION_CONTEXT() REPRESENTATION_CONTEXT('2D SPACE',''
  ) );
#919 = PCURVE('',#482,#920);
#920 = DEFINITIONAL_REPRESENTATION('',(#921),#925);
#921 = LINE('',#922,#923);
#922 = CARTESIAN_POINT('',(10.684600768861,106.99187569302));
#923 = VECTOR('',#924,1.);
#924 = DIRECTION('',(1.,0.));
#925 = ( GEOMETRIC_REPRESENTATION_CONTEXT(2) 
PARAMETRIC_REPRESENTATION_CONTEXT() REPRESENTATION_CONTEXT('2D SPACE',''
  ) );
#926 = ADVANCED_FACE('',(#927),#482,.T.);
#927 = FACE_BOUND('',#928,.T.);
#928 = EDGE_LOOP('',(#929,#951,#952,#953,#954,#977,#1045,#1073,#1101,
    #1129,#1157,#1185,#1213,#1241,#1269));
#929 = ORIENTED_EDGE('',*,*,#930,.T.);
#930 = EDGE_CURVE('',#931,#656,#933,.T.);
#931 = VERTEX_POINT('',#932);
#932 = CARTESIAN_POINT('',(433.24181347266,-40.,20.59122532399));
#933 = SURFACE_CURVE('',#934,(#938,#945),.PCURVE_S1.);
#934 = LINE('',#935,#936);
#935 = CARTESIAN_POINT('',(449.12090673633,-40.,20.59122532399));
#936 = VECTOR('',#937,1.);
#937 = DIRECTION('',(1.,0.,0.));
#938 = PCURVE('',#482,#939);
#939 = DEFINITIONAL_REPRESENTATION('',(#940),#944);
#940 = LINE('',#941,#942);
#941 = CARTESIAN_POINT('',(15.879093263667,77.59122532399));
#942 = VECTOR('',#943,1.);
#943 = DIRECTION('',(-1.,0.));
#944 = ( GEOMETRIC_REPRESENTATION_CONTEXT(2) 
PARAMETRIC_REPRESENTATION_CONTEXT() REPRESENTATION_CONTEXT('2D SPACE',''
  ) );
#945 = PCURVE('',#700,#946);
#946 = DEFINITIONAL_REPRESENTATION('',(#947),#950);
#947 = B_SPLINE_CURVE_WITH_KNOTS('',1,(#948,#949),.UNSPECIFIED.,.F.,.F.,
  (2,2),(-15.87909326366,-5.767535858618),.PIECEWISE_BEZIER_KNOTS.);
#948 = CARTESIAN_POINT('',(-9.185459823985,-1.245E-14));
#949 = CARTESIAN_POINT('',(-9.185459823985,1.011155740505));
#950 = ( GEOMETRIC_REPRESENTATION_CONTEXT(2) 
PARAMETRIC_REPRESENTATION_CONTEXT() REPRESENTATION_CONTEXT('2D SPACE',''
  ) );
#951 = ORIENTED_EDGE('',*,*,#655,.T.);
#952 = ORIENTED_EDGE('',*,*,#907,.T.);
#953 = ORIENTED_EDGE('',*,*,#405,.T.);
#954 = ORIENTED_EDGE('',*,*,#955,.T.);
#955 = EDGE_CURVE('',#406,#956,#958,.T.);
#956 = VERTEX_POINT('',#957);
#957 = CARTESIAN_POINT('',(422.81821992417,-40.,28.583439354816));
#958 = SURFACE_CURVE('',#959,(#963,#970),.PCURVE_S1.);
#959 = LINE('',#960,#961);
#960 = CARTESIAN_POINT('',(422.81821992417,-40.,35.291550508508));
#961 = VECTOR('',#962,1.);
#962 = DIRECTION('',(0.,0.,-1.));
#963 = PCURVE('',#482,#964);
#964 = DEFINITIONAL_REPRESENTATION('',(#965),#969);
#965 = LINE('',#966,#967);
#966 = CARTESIAN_POINT('',(42.181780075823,92.291550508508));
#967 = VECTOR('',#968,1.);
#968 = DIRECTION('',(0.,-1.));
#969 = ( GEOMETRIC_REPRESENTATION_CONTEXT(2) 
PARAMETRIC_REPRESENTATION_CONTEXT() REPRESENTATION_CONTEXT('2D SPACE',''
  ) );
#970 = PCURVE('',#528,#971);
#971 = DEFINITIONAL_REPRESENTATION('',(#972),#976);
#972 = LINE('',#973,#974);
#973 = CARTESIAN_POINT('',(0.743687001967,0.));
#974 = VECTOR('',#975,1.);
#975 = DIRECTION('',(0.,-1.));
#976 = ( GEOMETRIC_REPRESENTATION_CONTEXT(2) 
PARAMETRIC_REPRESENTATION_CONTEXT() REPRESENTATION_CONTEXT('2D SPACE',''
  ) );
#977 = ORIENTED_EDGE('',*,*,#978,.T.);
#978 = EDGE_CURVE('',#956,#979,#981,.T.);
#979 = VERTEX_POINT('',#980);
#980 = CARTESIAN_POINT('',(425.81998116448,-40.,23.1));
#981 = SURFACE_CURVE('',#982,(#995,#1011),.PCURVE_S1.);
#982 = B_SPLINE_CURVE_WITH_KNOTS('',3,(#983,#984,#985,#986,#987,#988,
    #989,#990,#991,#992,#993,#994),.UNSPECIFIED.,.F.,.F.,(4,2,2,2,2,4),(
    -2.572458201299,-2.43778558847,-2.30311297564,-2.138826164566,
    -1.974539353491,-1.961839544216),.UNSPECIFIED.);
#983 = CARTESIAN_POINT('',(422.81821992417,-40.,28.583439354816));
#984 = CARTESIAN_POINT('',(422.81821992417,-40.,28.134530645384));
#985 = CARTESIAN_POINT('',(422.87837442101,-40.,27.647430629882));
#986 = CARTESIAN_POINT('',(423.12494379092,-40.,26.70441773503));
#987 = CARTESIAN_POINT('',(423.31025217254,-40.,26.248215888328));
#988 = CARTESIAN_POINT('',(423.76905334838,-40.,25.363582439847));
#989 = CARTESIAN_POINT('',(424.10302530596,-40.,24.866114051239));
#990 = CARTESIAN_POINT('',(424.86929843151,-40.,23.950669174295));
#991 = CARTESIAN_POINT('',(425.30081412772,-40.,23.532035493269));
#992 = CARTESIAN_POINT('',(425.75385643043,-40.,23.154146558105));
#993 = CARTESIAN_POINT('',(425.78673835472,-40.,23.127052457401));
#994 = CARTESIAN_POINT('',(425.81998116448,-40.,23.1));
#995 = PCURVE('',#482,#996);
#996 = DEFINITIONAL_REPRESENTATION('',(#997),#1010);
#997 = B_SPLINE_CURVE_WITH_KNOTS('',3,(#998,#999,#1000,#1001,#1002,#1003
    ,#1004,#1005,#1006,#1007,#1008,#1009),.UNSPECIFIED.,.F.,.F.,(4,2,2,2
    ,2,4),(-2.572458201299,-2.43778558847,-2.30311297564,-2.138826164566
    ,-1.974539353491,-1.961839544216),.UNSPECIFIED.);
#998 = CARTESIAN_POINT('',(42.181780075823,85.583439354816));
#999 = CARTESIAN_POINT('',(42.181780075823,85.134530645384));
#1000 = CARTESIAN_POINT('',(42.121625578981,84.647430629882));
#1001 = CARTESIAN_POINT('',(41.87505620908,83.70441773503));
#1002 = CARTESIAN_POINT('',(41.689747827455,83.248215888328));
#1003 = CARTESIAN_POINT('',(41.230946651618,82.363582439847));
#1004 = CARTESIAN_POINT('',(40.896974694033,81.866114051239));
#1005 = CARTESIAN_POINT('',(40.130701568482,80.950669174295));
#1006 = CARTESIAN_POINT('',(39.699185872273,80.532035493269));
#1007 = CARTESIAN_POINT('',(39.246143569562,80.154146558105));
#1008 = CARTESIAN_POINT('',(39.21326164528,80.127052457401));
#1009 = CARTESIAN_POINT('',(39.180018835518,80.1));
#1010 = ( GEOMETRIC_REPRESENTATION_CONTEXT(2) 
PARAMETRIC_REPRESENTATION_CONTEXT() REPRESENTATION_CONTEXT('2D SPACE',''
  ) );
#1011 = PCURVE('',#1012,#1017);
#1012 = TOROIDAL_SURFACE('',#1013,23.,8.);
#1013 = AXIS2_PLACEMENT_3D('',#1014,#1015,#1016);
#1014 = CARTESIAN_POINT('',(412.66312906372,-28.96033833779,
    28.583439354816));
#1015 = DIRECTION('',(0.,0.,1.));
#1016 = DIRECTION('',(1.,0.,0.));
#1017 = DEFINITIONAL_REPRESENTATION('',(#1018),#1044);
#1018 = B_SPLINE_CURVE_WITH_KNOTS('',3,(#1019,#1020,#1021,#1022,#1023,
    #1024,#1025,#1026,#1027,#1028,#1029,#1030,#1031,#1032,#1033,#1034,
    #1035,#1036,#1037,#1038,#1039,#1040,#1041,#1042,#1043),
  .UNSPECIFIED.,.F.,.F.,(4,1,1,1,1,1,1,1,1,1,1,1,1,1,1,1,1,1,1,1,1,1,4),
  (-2.572458201299,-2.544702807795,-2.516947414291,-2.489192020788,
    -2.461436627284,-2.43368123378,-2.405925840276,-2.378170446772,
    -2.350415053269,-2.322659659765,-2.294904266261,-2.267148872757,
    -2.239393479254,-2.21163808575,-2.183882692246,-2.156127298742,
    -2.128371905239,-2.100616511735,-2.072861118231,-2.045105724727,
    -2.017350331223,-1.98959493772,-1.961839544216),
  .QUASI_UNIFORM_KNOTS.);
#1019 = CARTESIAN_POINT('',(5.456075982352,3.14159265359));
#1020 = CARTESIAN_POINT('',(5.456075712852,3.15315724856));
#1021 = CARTESIAN_POINT('',(5.456326943388,3.176692664888));
#1022 = CARTESIAN_POINT('',(5.457461482215,3.212908064226));
#1023 = CARTESIAN_POINT('',(5.459358025946,3.24972883086));
#1024 = CARTESIAN_POINT('',(5.462014140337,3.286849818531));
#1025 = CARTESIAN_POINT('',(5.465432694481,3.323970567754));
#1026 = CARTESIAN_POINT('',(5.469580760065,3.36081183206));
#1027 = CARTESIAN_POINT('',(5.474328908041,3.397134825401));
#1028 = CARTESIAN_POINT('',(5.47955686043,3.432636887657));
#1029 = CARTESIAN_POINT('',(5.485173257214,3.467179137973));
#1030 = CARTESIAN_POINT('',(5.4909767486,3.499983735587));
#1031 = CARTESIAN_POINT('',(5.497301871267,3.533217919725));
#1032 = CARTESIAN_POINT('',(5.504130031778,3.566973805391));
#1033 = CARTESIAN_POINT('',(5.511384607494,3.601026839392));
#1034 = CARTESIAN_POINT('',(5.519006425818,3.635236069913));
#1035 = CARTESIAN_POINT('',(5.526932637285,3.669440229889));
#1036 = CARTESIAN_POINT('',(5.535108457388,3.70348248358));
#1037 = CARTESIAN_POINT('',(5.543459496852,3.737228575179));
#1038 = CARTESIAN_POINT('',(5.551898863509,3.770555197891));
#1039 = CARTESIAN_POINT('',(5.560347775731,3.803319097058));
#1040 = CARTESIAN_POINT('',(5.568738007,3.835394394673));
#1041 = CARTESIAN_POINT('',(5.576983232011,3.866559365158));
#1042 = CARTESIAN_POINT('',(5.582388303357,3.886799073295));
#1043 = CARTESIAN_POINT('',(5.585064671524,3.896786624628));
#1044 = ( GEOMETRIC_REPRESENTATION_CONTEXT(2) 
PARAMETRIC_REPRESENTATION_CONTEXT() REPRESENTATION_CONTEXT('2D SPACE',''
  ) );
#1045 = ORIENTED_EDGE('',*,*,#1046,.T.);
#1046 = EDGE_CURVE('',#979,#1047,#1049,.T.);
#1047 = VERTEX_POINT('',#1048);
#1048 = CARTESIAN_POINT('',(422.63789889799,-40.,23.1));
#1049 = SURFACE_CURVE('',#1050,(#1054,#1061),.PCURVE_S1.);
#1050 = LINE('',#1051,#1052);
#1051 = CARTESIAN_POINT('',(396.75,-40.,23.1));
#1052 = VECTOR('',#1053,1.);
#1053 = DIRECTION('',(-1.,0.,0.));
#1054 = PCURVE('',#482,#1055);
#1055 = DEFINITIONAL_REPRESENTATION('',(#1056),#1060);
#1056 = LINE('',#1057,#1058);
#1057 = CARTESIAN_POINT('',(68.25,80.1));
#1058 = VECTOR('',#1059,1.);
#1059 = DIRECTION('',(1.,0.));
#1060 = ( GEOMETRIC_REPRESENTATION_CONTEXT(2) 
PARAMETRIC_REPRESENTATION_CONTEXT() REPRESENTATION_CONTEXT('2D SPACE',''
  ) );
#1061 = PCURVE('',#1062,#1067);
#1062 = PLANE('',#1063);
#1063 = AXIS2_PLACEMENT_3D('',#1064,#1065,#1066);
#1064 = CARTESIAN_POINT('',(328.5,-36.,19.1));
#1065 = DIRECTION('',(0.,-0.707106781187,-0.707106781187));
#1066 = DIRECTION('',(-1.,0.,0.));
#1067 = DEFINITIONAL_REPRESENTATION('',(#1068),#1072);
#1068 = LINE('',#1069,#1070);
#1069 = CARTESIAN_POINT('',(-68.25,-5.656854249493));
#1070 = VECTOR('',#1071,1.);
#1071 = DIRECTION('',(1.,0.));
#1072 = ( GEOMETRIC_REPRESENTATION_CONTEXT(2) 
PARAMETRIC_REPRESENTATION_CONTEXT() REPRESENTATION_CONTEXT('2D SPACE',''
  ) );
#1073 = ORIENTED_EDGE('',*,*,#1074,.T.);
#1074 = EDGE_CURVE('',#1047,#1075,#1077,.T.);
#1075 = VERTEX_POINT('',#1076);
#1076 = CARTESIAN_POINT('',(422.63789889799,-40.,58.9));
#1077 = SURFACE_CURVE('',#1078,(#1082,#1089),.PCURVE_S1.);
#1078 = LINE('',#1079,#1080);
#1079 = CARTESIAN_POINT('',(422.63789889799,-40.,-62.));
#1080 = VECTOR('',#1081,1.);
#1081 = DIRECTION('',(0.,0.,1.));
#1082 = PCURVE('',#482,#1083);
#1083 = DEFINITIONAL_REPRESENTATION('',(#1084),#1088);
#1084 = LINE('',#1085,#1086);
#1085 = CARTESIAN_POINT('',(42.362101102004,-5.));
#1086 = VECTOR('',#1087,1.);
#1087 = DIRECTION('',(0.,1.));
#1088 = ( GEOMETRIC_REPRESENTATION_CONTEXT(2) 
PARAMETRIC_REPRESENTATION_CONTEXT() REPRESENTATION_CONTEXT('2D SPACE',''
  ) );
#1089 = PCURVE('',#1090,#1095);
#1090 = PLANE('',#1091);
#1091 = AXIS2_PLACEMENT_3D('',#1092,#1093,#1094);
#1092 = CARTESIAN_POINT('',(422.94861122703,-36.44854182794,-67.));
#1093 = DIRECTION('',(-0.996194698092,8.715574274766E-02,0.));
#1094 = DIRECTION('',(0.,0.,1.));
#1095 = DEFINITIONAL_REPRESENTATION('',(#1096),#1100);
#1096 = LINE('',#1097,#1098);
#1097 = CARTESIAN_POINT('',(5.,-3.565024165314));
#1098 = VECTOR('',#1099,1.);
#1099 = DIRECTION('',(1.,0.));
#1100 = ( GEOMETRIC_REPRESENTATION_CONTEXT(2) 
PARAMETRIC_REPRESENTATION_CONTEXT() REPRESENTATION_CONTEXT('2D SPACE',''
  ) );
#1101 = ORIENTED_EDGE('',*,*,#1102,.F.);
#1102 = EDGE_CURVE('',#1103,#1075,#1105,.T.);
#1103 = VERTEX_POINT('',#1104);
#1104 = CARTESIAN_POINT('',(449.20354996615,-40.,58.9));
#1105 = SURFACE_CURVE('',#1106,(#1110,#1117),.PCURVE_S1.);
#1106 = LINE('',#1107,#1108);
#1107 = CARTESIAN_POINT('',(515.,-40.,58.9));
#1108 = VECTOR('',#1109,1.);
#1109 = DIRECTION('',(-1.,0.,0.));
#1110 = PCURVE('',#482,#1111);
#1111 = DEFINITIONAL_REPRESENTATION('',(#1112),#1116);
#1112 = LINE('',#1113,#1114);
#1113 = CARTESIAN_POINT('',(-50.,115.9));
#1114 = VECTOR('',#1115,1.);
#1115 = DIRECTION('',(1.,0.));
#1116 = ( GEOMETRIC_REPRESENTATION_CONTEXT(2) 
PARAMETRIC_REPRESENTATION_CONTEXT() REPRESENTATION_CONTEXT('2D SPACE',''
  ) );
#1117 = PCURVE('',#1118,#1123);
#1118 = PLANE('',#1119);
#1119 = AXIS2_PLACEMENT_3D('',#1120,#1121,#1122);
#1120 = CARTESIAN_POINT('',(350.,-55.,58.9));
#1121 = DIRECTION('',(0.,0.,-1.));
#1122 = DIRECTION('',(1.,0.,0.));
#1123 = DEFINITIONAL_REPRESENTATION('',(#1124),#1128);
#1124 = LINE('',#1125,#1126);
#1125 = CARTESIAN_POINT('',(165.,-15.));
#1126 = VECTOR('',#1127,1.);
#1127 = DIRECTION('',(-1.,0.));
#1128 = ( GEOMETRIC_REPRESENTATION_CONTEXT(2) 
PARAMETRIC_REPRESENTATION_CONTEXT() REPRESENTATION_CONTEXT('2D SPACE',''
  ) );
#1129 = ORIENTED_EDGE('',*,*,#1130,.T.);
#1130 = EDGE_CURVE('',#1103,#1131,#1133,.T.);
#1131 = VERTEX_POINT('',#1132);
#1132 = CARTESIAN_POINT('',(449.20354996615,-40.,-5.3));
#1133 = SURFACE_CURVE('',#1134,(#1138,#1145),.PCURVE_S1.);
#1134 = LINE('',#1135,#1136);
#1135 = CARTESIAN_POINT('',(449.20354996615,-40.,0.95));
#1136 = VECTOR('',#1137,1.);
#1137 = DIRECTION('',(0.,0.,-1.));
#1138 = PCURVE('',#482,#1139);
#1139 = DEFINITIONAL_REPRESENTATION('',(#1140),#1144);
#1140 = LINE('',#1141,#1142);
#1141 = CARTESIAN_POINT('',(15.796450033846,57.95));
#1142 = VECTOR('',#1143,1.);
#1143 = DIRECTION('',(0.,-1.));
#1144 = ( GEOMETRIC_REPRESENTATION_CONTEXT(2) 
PARAMETRIC_REPRESENTATION_CONTEXT() REPRESENTATION_CONTEXT('2D SPACE',''
  ) );
#1145 = PCURVE('',#1146,#1151);
#1146 = PLANE('',#1147);
#1147 = AXIS2_PLACEMENT_3D('',#1148,#1149,#1150);
#1148 = CARTESIAN_POINT('',(449.20354996615,-43.5,58.9));
#1149 = DIRECTION('',(-1.,0.,0.));
#1150 = DIRECTION('',(0.,1.,0.));
#1151 = DEFINITIONAL_REPRESENTATION('',(#1152),#1156);
#1152 = LINE('',#1153,#1154);
#1153 = CARTESIAN_POINT('',(3.5,57.95));
#1154 = VECTOR('',#1155,1.);
#1155 = DIRECTION('',(0.,1.));
#1156 = ( GEOMETRIC_REPRESENTATION_CONTEXT(2) 
PARAMETRIC_REPRESENTATION_CONTEXT() REPRESENTATION_CONTEXT('2D SPACE',''
  ) );
#1157 = ORIENTED_EDGE('',*,*,#1158,.F.);
#1158 = EDGE_CURVE('',#1159,#1131,#1161,.T.);
#1159 = VERTEX_POINT('',#1160);
#1160 = CARTESIAN_POINT('',(431.00354996615,-40.,-5.3));
#1161 = SURFACE_CURVE('',#1162,(#1166,#1173),.PCURVE_S1.);
#1162 = LINE('',#1163,#1164);
#1163 = CARTESIAN_POINT('',(462.43325008251,-40.,-5.3));
#1164 = VECTOR('',#1165,1.);
#1165 = DIRECTION('',(1.,0.,0.));
#1166 = PCURVE('',#482,#1167);
#1167 = DEFINITIONAL_REPRESENTATION('',(#1168),#1172);
#1168 = LINE('',#1169,#1170);
#1169 = CARTESIAN_POINT('',(2.566749917483,51.7));
#1170 = VECTOR('',#1171,1.);
#1171 = DIRECTION('',(-1.,0.));
#1172 = ( GEOMETRIC_REPRESENTATION_CONTEXT(2) 
PARAMETRIC_REPRESENTATION_CONTEXT() REPRESENTATION_CONTEXT('2D SPACE',''
  ) );
#1173 = PCURVE('',#1174,#1179);
#1174 = PLANE('',#1175);
#1175 = AXIS2_PLACEMENT_3D('',#1176,#1177,#1178);
#1176 = CARTESIAN_POINT('',(459.86650016503,-40.,-5.3));
#1177 = DIRECTION('',(0.,0.,1.));
#1178 = DIRECTION('',(-1.,0.,0.));
#1179 = DEFINITIONAL_REPRESENTATION('',(#1180),#1184);
#1180 = LINE('',#1181,#1182);
#1181 = CARTESIAN_POINT('',(-2.566749917483,0.));
#1182 = VECTOR('',#1183,1.);
#1183 = DIRECTION('',(-1.,0.));
#1184 = ( GEOMETRIC_REPRESENTATION_CONTEXT(2) 
PARAMETRIC_REPRESENTATION_CONTEXT() REPRESENTATION_CONTEXT('2D SPACE',''
  ) );
#1185 = ORIENTED_EDGE('',*,*,#1186,.F.);
#1186 = EDGE_CURVE('',#1187,#1159,#1189,.T.);
#1187 = VERTEX_POINT('',#1188);
#1188 = CARTESIAN_POINT('',(431.00354996615,-40.,-60.14549418873));
#1189 = SURFACE_CURVE('',#1190,(#1194,#1201),.PCURVE_S1.);
#1190 = LINE('',#1191,#1192);
#1191 = CARTESIAN_POINT('',(431.00354996615,-40.,-40.15));
#1192 = VECTOR('',#1193,1.);
#1193 = DIRECTION('',(0.,0.,1.));
#1194 = PCURVE('',#482,#1195);
#1195 = DEFINITIONAL_REPRESENTATION('',(#1196),#1200);
#1196 = LINE('',#1197,#1198);
#1197 = CARTESIAN_POINT('',(33.996450033846,16.85));
#1198 = VECTOR('',#1199,1.);
#1199 = DIRECTION('',(0.,1.));
#1200 = ( GEOMETRIC_REPRESENTATION_CONTEXT(2) 
PARAMETRIC_REPRESENTATION_CONTEXT() REPRESENTATION_CONTEXT('2D SPACE',''
  ) );
#1201 = PCURVE('',#1202,#1207);
#1202 = PLANE('',#1203);
#1203 = AXIS2_PLACEMENT_3D('',#1204,#1205,#1206);
#1204 = CARTESIAN_POINT('',(431.00354996615,-40.,-23.3));
#1205 = DIRECTION('',(-1.,0.,0.));
#1206 = DIRECTION('',(0.,0.,-1.));
#1207 = DEFINITIONAL_REPRESENTATION('',(#1208),#1212);
#1208 = LINE('',#1209,#1210);
#1209 = CARTESIAN_POINT('',(16.85,0.));
#1210 = VECTOR('',#1211,1.);
#1211 = DIRECTION('',(-1.,-0.));
#1212 = ( GEOMETRIC_REPRESENTATION_CONTEXT(2) 
PARAMETRIC_REPRESENTATION_CONTEXT() REPRESENTATION_CONTEXT('2D SPACE',''
  ) );
#1213 = ORIENTED_EDGE('',*,*,#1214,.T.);
#1214 = EDGE_CURVE('',#1187,#1215,#1217,.T.);
#1215 = VERTEX_POINT('',#1216);
#1216 = CARTESIAN_POINT('',(430.63789889799,-40.,-60.14549418873));
#1217 = SURFACE_CURVE('',#1218,(#1222,#1229),.PCURVE_S1.);
#1218 = LINE('',#1219,#1220);
#1219 = CARTESIAN_POINT('',(438.62278494732,-40.,-60.14549418873));
#1220 = VECTOR('',#1221,1.);
#1221 = DIRECTION('',(-1.,0.,-2.2E-16));
#1222 = PCURVE('',#482,#1223);
#1223 = DEFINITIONAL_REPRESENTATION('',(#1224),#1228);
#1224 = LINE('',#1225,#1226);
#1225 = CARTESIAN_POINT('',(26.37721505268,-3.145494188731));
#1226 = VECTOR('',#1227,1.);
#1227 = DIRECTION('',(1.,-2.2E-16));
#1228 = ( GEOMETRIC_REPRESENTATION_CONTEXT(2) 
PARAMETRIC_REPRESENTATION_CONTEXT() REPRESENTATION_CONTEXT('2D SPACE',''
  ) );
#1229 = PCURVE('',#1230,#1235);
#1230 = PLANE('',#1231);
#1231 = AXIS2_PLACEMENT_3D('',#1232,#1233,#1234);
#1232 = CARTESIAN_POINT('',(412.24556989464,-70.,-60.14549418873));
#1233 = DIRECTION('',(2.2E-16,0.,-1.));
#1234 = DIRECTION('',(1.,2.2E-16,2.2E-16));
#1235 = DEFINITIONAL_REPRESENTATION('',(#1236),#1240);
#1236 = LINE('',#1237,#1238);
#1237 = CARTESIAN_POINT('',(26.37721505268,-30.));
#1238 = VECTOR('',#1239,1.);
#1239 = DIRECTION('',(-1.,-2.2E-16));
#1240 = ( GEOMETRIC_REPRESENTATION_CONTEXT(2) 
PARAMETRIC_REPRESENTATION_CONTEXT() REPRESENTATION_CONTEXT('2D SPACE',''
  ) );
#1241 = ORIENTED_EDGE('',*,*,#1242,.T.);
#1242 = EDGE_CURVE('',#1215,#1243,#1245,.T.);
#1243 = VERTEX_POINT('',#1244);
#1244 = CARTESIAN_POINT('',(430.63789889799,-40.,20.813752400419));
#1245 = SURFACE_CURVE('',#1246,(#1250,#1257),.PCURVE_S1.);
#1246 = LINE('',#1247,#1248);
#1247 = CARTESIAN_POINT('',(430.63789889799,-40.,-78.475));
#1248 = VECTOR('',#1249,1.);
#1249 = DIRECTION('',(0.,0.,1.));
#1250 = PCURVE('',#482,#1251);
#1251 = DEFINITIONAL_REPRESENTATION('',(#1252),#1256);
#1252 = LINE('',#1253,#1254);
#1253 = CARTESIAN_POINT('',(34.362101102004,-21.475));
#1254 = VECTOR('',#1255,1.);
#1255 = DIRECTION('',(0.,1.));
#1256 = ( GEOMETRIC_REPRESENTATION_CONTEXT(2) 
PARAMETRIC_REPRESENTATION_CONTEXT() REPRESENTATION_CONTEXT('2D SPACE',''
  ) );
#1257 = PCURVE('',#1258,#1263);
#1258 = PLANE('',#1259);
#1259 = AXIS2_PLACEMENT_3D('',#1260,#1261,#1262);
#1260 = CARTESIAN_POINT('',(426.98652186898,-36.01522120763,-99.95));
#1261 = DIRECTION('',(-0.73727733681,-0.675590207616,0.));
#1262 = DIRECTION('',(0.,0.,1.));
#1263 = DEFINITIONAL_REPRESENTATION('',(#1264),#1268);
#1264 = LINE('',#1265,#1266);
#1265 = CARTESIAN_POINT('',(21.475,-5.404721660925));
#1266 = VECTOR('',#1267,1.);
#1267 = DIRECTION('',(1.,0.));
#1268 = ( GEOMETRIC_REPRESENTATION_CONTEXT(2) 
PARAMETRIC_REPRESENTATION_CONTEXT() REPRESENTATION_CONTEXT('2D SPACE',''
  ) );
#1269 = ORIENTED_EDGE('',*,*,#1270,.T.);
#1270 = EDGE_CURVE('',#1243,#931,#1271,.T.);
#1271 = SURFACE_CURVE('',#1272,(#1281,#1293),.PCURVE_S1.);
#1272 = B_SPLINE_CURVE_WITH_KNOTS('',3,(#1273,#1274,#1275,#1276,#1277,
    #1278,#1279,#1280),.UNSPECIFIED.,.F.,.F.,(4,2,2,4),(-1.454857807875,
    -1.42733937655,-1.246681278325,-1.207316809467),.UNSPECIFIED.);
#1273 = CARTESIAN_POINT('',(430.63789889799,-40.,20.813752400419));
#1274 = CARTESIAN_POINT('',(430.73580687739,-40.,20.793288657949));
#1275 = CARTESIAN_POINT('',(430.83417423308,-40.,20.774109509791));
#1276 = CARTESIAN_POINT('',(431.58010801232,-40.,20.639204304468));
#1277 = CARTESIAN_POINT('',(432.23829574529,-40.,20.583439354816));
#1278 = CARTESIAN_POINT('',(432.97170430224,-40.,20.583439354816));
#1279 = CARTESIAN_POINT('',(433.10574329717,-40.,20.585931324646));
#1280 = CARTESIAN_POINT('',(433.24181347266,-40.,20.59122532399));
#1281 = PCURVE('',#482,#1282);
#1282 = DEFINITIONAL_REPRESENTATION('',(#1283),#1292);
#1283 = B_SPLINE_CURVE_WITH_KNOTS('',3,(#1284,#1285,#1286,#1287,#1288,
    #1289,#1290,#1291),.UNSPECIFIED.,.F.,.F.,(4,2,2,4),(-1.454857807875,
    -1.42733937655,-1.246681278325,-1.207316809467),.UNSPECIFIED.);
#1284 = CARTESIAN_POINT('',(34.362101102004,77.813752400419));
#1285 = CARTESIAN_POINT('',(34.264193122607,77.793288657949));
#1286 = CARTESIAN_POINT('',(34.165825766918,77.774109509791));
#1287 = CARTESIAN_POINT('',(33.419891987679,77.639204304468));
#1288 = CARTESIAN_POINT('',(32.761704254701,77.583439354816));
#1289 = CARTESIAN_POINT('',(32.028295697758,77.583439354816));
#1290 = CARTESIAN_POINT('',(31.894256702822,77.585931324646));
#1291 = CARTESIAN_POINT('',(31.758186527333,77.59122532399));
#1292 = ( GEOMETRIC_REPRESENTATION_CONTEXT(2) 
PARAMETRIC_REPRESENTATION_CONTEXT() REPRESENTATION_CONTEXT('2D SPACE',''
  ) );
#1293 = PCURVE('',#1012,#1294);
#1294 = DEFINITIONAL_REPRESENTATION('',(#1295),#1321);
#1295 = B_SPLINE_CURVE_WITH_KNOTS('',3,(#1296,#1297,#1298,#1299,#1300,
    #1301,#1302,#1303,#1304,#1305,#1306,#1307,#1308,#1309,#1310,#1311,
    #1312,#1313,#1314,#1315,#1316,#1317,#1318,#1319,#1320),
  .UNSPECIFIED.,.F.,.F.,(4,1,1,1,1,1,1,1,1,1,1,1,1,1,1,1,1,1,1,1,1,1,4),
  (-1.454857807875,-1.443605944311,-1.432354080747,-1.421102217183,
    -1.409850353619,-1.398598490055,-1.387346626491,-1.376094762927,
    -1.364842899363,-1.353591035799,-1.342339172235,-1.331087308671,
    -1.319835445107,-1.308583581543,-1.297331717979,-1.286079854415,
    -1.274827990851,-1.263576127287,-1.252324263723,-1.241072400159,
    -1.229820536595,-1.218568673031,-1.207316809467),
  .QUASI_UNIFORM_KNOTS.);
#1296 = CARTESIAN_POINT('',(5.732407859998,4.471854838229));
#1297 = CARTESIAN_POINT('',(5.733401097733,4.476245341892));
#1298 = CARTESIAN_POINT('',(5.735381697405,4.485037051797));
#1299 = CARTESIAN_POINT('',(5.738332958421,4.498248614843));
#1300 = CARTESIAN_POINT('',(5.741262418112,4.511476069804));
#1301 = CARTESIAN_POINT('',(5.744168444731,4.524711298953));
#1302 = CARTESIAN_POINT('',(5.747048892899,4.537946749674));
#1303 = CARTESIAN_POINT('',(5.74990180018,4.55117449632));
#1304 = CARTESIAN_POINT('',(5.752725261713,4.564386445513));
#1305 = CARTESIAN_POINT('',(5.755517460285,4.577574303465));
#1306 = CARTESIAN_POINT('',(5.758276654617,4.590729607736));
#1307 = CARTESIAN_POINT('',(5.761001178844,4.603843742787));
#1308 = CARTESIAN_POINT('',(5.763689438589,4.616907958532));
#1309 = CARTESIAN_POINT('',(5.766339909094,4.629913394751));
#1310 = CARTESIAN_POINT('',(5.768951128261,4.642851079747));
#1311 = CARTESIAN_POINT('',(5.771521707751,4.655712025754));
#1312 = CARTESIAN_POINT('',(5.774050276769,4.668486961632));
#1313 = CARTESIAN_POINT('',(5.776535676932,4.681167417143));
#1314 = CARTESIAN_POINT('',(5.778976220021,4.693741759999));
#1315 = CARTESIAN_POINT('',(5.781372443072,4.70621006559));
#1316 = CARTESIAN_POINT('',(5.783716811238,4.718528697513));
#1317 = CARTESIAN_POINT('',(5.786073729393,4.73103681925));
#1318 = CARTESIAN_POINT('',(5.788433822283,4.743690610487));
#1319 = CARTESIAN_POINT('',(5.790008781839,4.752223255623));
#1320 = CARTESIAN_POINT('',(5.790796107643,4.756511628894));
#1321 = ( GEOMETRIC_REPRESENTATION_CONTEXT(2) 
PARAMETRIC_REPRESENTATION_CONTEXT() REPRESENTATION_CONTEXT('2D SPACE',''
  ) );
#1322 = ADVANCED_FACE('',(#1323),#528,.T.);
#1323 = FACE_BOUND('',#1324,.T.);
#1324 = EDGE_LOOP('',(#1325,#1326,#1327,#1355));
#1325 = ORIENTED_EDGE('',*,*,#955,.F.);
#1326 = ORIENTED_EDGE('',*,*,#511,.F.);
#1327 = ORIENTED_EDGE('',*,*,#1328,.F.);
#1328 = EDGE_CURVE('',#1329,#512,#1331,.T.);
#1329 = VERTEX_POINT('',#1330);
#1330 = CARTESIAN_POINT('',(412.66312906372,-43.96033833779,
    28.583439354816));
#1331 = SURFACE_CURVE('',#1332,(#1336,#1343),.PCURVE_S1.);
#1332 = LINE('',#1333,#1334);
#1333 = CARTESIAN_POINT('',(412.66312906372,-43.96033833779,
    16.049830831101));
#1334 = VECTOR('',#1335,1.);
#1335 = DIRECTION('',(0.,0.,1.));
#1336 = PCURVE('',#528,#1337);
#1337 = DEFINITIONAL_REPRESENTATION('',(#1338),#1342);
#1338 = LINE('',#1339,#1340);
#1339 = CARTESIAN_POINT('',(0.,-19.2417196774));
#1340 = VECTOR('',#1341,1.);
#1341 = DIRECTION('',(0.,1.));
#1342 = ( GEOMETRIC_REPRESENTATION_CONTEXT(2) 
PARAMETRIC_REPRESENTATION_CONTEXT() REPRESENTATION_CONTEXT('2D SPACE',''
  ) );
#1343 = PCURVE('',#1344,#1349);
#1344 = PLANE('',#1345);
#1345 = AXIS2_PLACEMENT_3D('',#1346,#1347,#1348);
#1346 = CARTESIAN_POINT('',(314.99999999999,-43.96033833779,
    16.999661662201));
#1347 = DIRECTION('',(0.,1.,0.));
#1348 = DIRECTION('',(0.,0.,1.));
#1349 = DEFINITIONAL_REPRESENTATION('',(#1350),#1354);
#1350 = LINE('',#1351,#1352);
#1351 = CARTESIAN_POINT('',(-0.949830831101,97.663129063722));
#1352 = VECTOR('',#1353,1.);
#1353 = DIRECTION('',(1.,0.));
#1354 = ( GEOMETRIC_REPRESENTATION_CONTEXT(2) 
PARAMETRIC_REPRESENTATION_CONTEXT() REPRESENTATION_CONTEXT('2D SPACE',''
  ) );
#1355 = ORIENTED_EDGE('',*,*,#1356,.T.);
#1356 = EDGE_CURVE('',#1329,#956,#1357,.T.);
#1357 = SURFACE_CURVE('',#1358,(#1363,#1370),.PCURVE_S1.);
#1358 = CIRCLE('',#1359,15.);
#1359 = AXIS2_PLACEMENT_3D('',#1360,#1361,#1362);
#1360 = CARTESIAN_POINT('',(412.66312906372,-28.96033833779,
    28.583439354816));
#1361 = DIRECTION('',(-0.,0.,1.));
#1362 = DIRECTION('',(9.47E-15,-1.,0.));
#1363 = PCURVE('',#528,#1364);
#1364 = DEFINITIONAL_REPRESENTATION('',(#1365),#1369);
#1365 = LINE('',#1366,#1367);
#1366 = CARTESIAN_POINT('',(0.,-6.708111153693));
#1367 = VECTOR('',#1368,1.);
#1368 = DIRECTION('',(1.,0.));
#1369 = ( GEOMETRIC_REPRESENTATION_CONTEXT(2) 
PARAMETRIC_REPRESENTATION_CONTEXT() REPRESENTATION_CONTEXT('2D SPACE',''
  ) );
#1370 = PCURVE('',#1012,#1371);
#1371 = DEFINITIONAL_REPRESENTATION('',(#1372),#1376);
#1372 = LINE('',#1373,#1374);
#1373 = CARTESIAN_POINT('',(4.712388980385,3.14159265359));
#1374 = VECTOR('',#1375,1.);
#1375 = DIRECTION('',(1.,1.19E-15));
#1376 = ( GEOMETRIC_REPRESENTATION_CONTEXT(2) 
PARAMETRIC_REPRESENTATION_CONTEXT() REPRESENTATION_CONTEXT('2D SPACE',''
  ) );
#1377 = ADVANCED_FACE('',(#1378,#1463),#557,.F.);
#1378 = FACE_BOUND('',#1379,.F.);
#1379 = EDGE_LOOP('',(#1380,#1381,#1404,#1437));
#1380 = ORIENTED_EDGE('',*,*,#540,.F.);
#1381 = ORIENTED_EDGE('',*,*,#1382,.T.);
#1382 = EDGE_CURVE('',#512,#1383,#1385,.T.);
#1383 = VERTEX_POINT('',#1384);
#1384 = CARTESIAN_POINT('',(315.34549418873,-43.96033833779,
    41.999661662201));
#1385 = SURFACE_CURVE('',#1386,(#1390,#1397),.PCURVE_S1.);
#1386 = LINE('',#1387,#1388);
#1387 = CARTESIAN_POINT('',(314.99999999999,-43.96033833779,
    41.999661662201));
#1388 = VECTOR('',#1389,1.);
#1389 = DIRECTION('',(-1.,0.,0.));
#1390 = PCURVE('',#557,#1391);
#1391 = DEFINITIONAL_REPRESENTATION('',(#1392),#1396);
#1392 = LINE('',#1393,#1394);
#1393 = CARTESIAN_POINT('',(4.712388980385,0.));
#1394 = VECTOR('',#1395,1.);
#1395 = DIRECTION('',(0.,-1.));
#1396 = ( GEOMETRIC_REPRESENTATION_CONTEXT(2) 
PARAMETRIC_REPRESENTATION_CONTEXT() REPRESENTATION_CONTEXT('2D SPACE',''
  ) );
#1397 = PCURVE('',#1344,#1398);
#1398 = DEFINITIONAL_REPRESENTATION('',(#1399),#1403);
#1399 = LINE('',#1400,#1401);
#1400 = CARTESIAN_POINT('',(25.,0.));
#1401 = VECTOR('',#1402,1.);
#1402 = DIRECTION('',(0.,-1.));
#1403 = ( GEOMETRIC_REPRESENTATION_CONTEXT(2) 
PARAMETRIC_REPRESENTATION_CONTEXT() REPRESENTATION_CONTEXT('2D SPACE',''
  ) );
#1404 = ORIENTED_EDGE('',*,*,#1405,.T.);
#1405 = EDGE_CURVE('',#1383,#1406,#1408,.T.);
#1406 = VERTEX_POINT('',#1407);
#1407 = CARTESIAN_POINT('',(315.34549418873,-59.96033833779,
    41.999661662201));
#1408 = SURFACE_CURVE('',#1409,(#1414,#1421),.PCURVE_S1.);
#1409 = CIRCLE('',#1410,8.);
#1410 = AXIS2_PLACEMENT_3D('',#1411,#1412,#1413);
#1411 = CARTESIAN_POINT('',(315.34549418873,-51.96033833779,
    41.999661662201));
#1412 = DIRECTION('',(1.,0.,0.));
#1413 = DIRECTION('',(0.,-1.2E-16,1.));
#1414 = PCURVE('',#557,#1415);
#1415 = DEFINITIONAL_REPRESENTATION('',(#1416),#1420);
#1416 = LINE('',#1417,#1418);
#1417 = CARTESIAN_POINT('',(0.,0.345494188732));
#1418 = VECTOR('',#1419,1.);
#1419 = DIRECTION('',(1.,0.));
#1420 = ( GEOMETRIC_REPRESENTATION_CONTEXT(2) 
PARAMETRIC_REPRESENTATION_CONTEXT() REPRESENTATION_CONTEXT('2D SPACE',''
  ) );
#1421 = PCURVE('',#1422,#1427);
#1422 = PLANE('',#1423);
#1423 = AXIS2_PLACEMENT_3D('',#1424,#1425,#1426);
#1424 = CARTESIAN_POINT('',(315.34549418873,-55.30068914844,
    33.767423377924));
#1425 = DIRECTION('',(-1.,-0.,-0.));
#1426 = DIRECTION('',(0.,0.,-1.));
#1427 = DEFINITIONAL_REPRESENTATION('',(#1428),#1436);
#1428 = ( BOUNDED_CURVE() B_SPLINE_CURVE(2,(#1429,#1430,#1431,#1432,
#1433,#1434,#1435),.UNSPECIFIED.,.T.,.F.) B_SPLINE_CURVE_WITH_KNOTS((1,2
    ,2,2,2,1),(-2.094395102393,0.,2.094395102393,4.188790204786,
6.28318530718,8.377580409573),.UNSPECIFIED.) CURVE() 
GEOMETRIC_REPRESENTATION_ITEM() RATIONAL_B_SPLINE_CURVE((1.,0.5,1.,0.5,
1.,0.5,1.)) REPRESENTATION_ITEM('') );
#1429 = CARTESIAN_POINT('',(-16.23223828427,-3.34035081065));
#1430 = CARTESIAN_POINT('',(-16.23223828427,10.516055649901));
#1431 = CARTESIAN_POINT('',(-4.232238284277,3.587852419626));
#1432 = CARTESIAN_POINT('',(7.767761715723,-3.34035081065));
#1433 = CARTESIAN_POINT('',(-4.232238284277,-10.26855404092));
#1434 = CARTESIAN_POINT('',(-16.23223828427,-17.1967572712));
#1435 = CARTESIAN_POINT('',(-16.23223828427,-3.34035081065));
#1436 = ( GEOMETRIC_REPRESENTATION_CONTEXT(2) 
PARAMETRIC_REPRESENTATION_CONTEXT() REPRESENTATION_CONTEXT('2D SPACE',''
  ) );
#1437 = ORIENTED_EDGE('',*,*,#1438,.F.);
#1438 = EDGE_CURVE('',#541,#1406,#1439,.T.);
#1439 = SURFACE_CURVE('',#1440,(#1444,#1451),.PCURVE_S1.);
#1440 = LINE('',#1441,#1442);
#1441 = CARTESIAN_POINT('',(314.99999999999,-59.96033833779,
    41.999661662201));
#1442 = VECTOR('',#1443,1.);
#1443 = DIRECTION('',(-1.,0.,0.));
#1444 = PCURVE('',#557,#1445);
#1445 = DEFINITIONAL_REPRESENTATION('',(#1446),#1450);
#1446 = LINE('',#1447,#1448);
#1447 = CARTESIAN_POINT('',(7.853981633974,0.));
#1448 = VECTOR('',#1449,1.);
#1449 = DIRECTION('',(0.,-1.));
#1450 = ( GEOMETRIC_REPRESENTATION_CONTEXT(2) 
PARAMETRIC_REPRESENTATION_CONTEXT() REPRESENTATION_CONTEXT('2D SPACE',''
  ) );
#1451 = PCURVE('',#1452,#1457);
#1452 = PLANE('',#1453);
#1453 = AXIS2_PLACEMENT_3D('',#1454,#1455,#1456);
#1454 = CARTESIAN_POINT('',(289.99999999999,-59.96033833779,
    16.999661662201));
#1455 = DIRECTION('',(0.,-1.,0.));
#1456 = DIRECTION('',(0.,0.,-1.));
#1457 = DEFINITIONAL_REPRESENTATION('',(#1458),#1462);
#1458 = LINE('',#1459,#1460);
#1459 = CARTESIAN_POINT('',(-25.,25.));
#1460 = VECTOR('',#1461,1.);
#1461 = DIRECTION('',(0.,-1.));
#1462 = ( GEOMETRIC_REPRESENTATION_CONTEXT(2) 
PARAMETRIC_REPRESENTATION_CONTEXT() REPRESENTATION_CONTEXT('2D SPACE',''
  ) );
#1463 = FACE_BOUND('',#1464,.F.);
#1464 = EDGE_LOOP('',(#1465,#1502));
#1465 = ORIENTED_EDGE('',*,*,#1466,.F.);
#1466 = EDGE_CURVE('',#1467,#1469,#1471,.T.);
#1467 = VERTEX_POINT('',#1468);
#1468 = CARTESIAN_POINT('',(330.34549418873,-46.90403300004,
    48.199159733126));
#1469 = VERTEX_POINT('',#1470);
#1470 = CARTESIAN_POINT('',(330.34549418873,-57.01664367555,
    48.199159733126));
#1471 = SURFACE_CURVE('',#1472,(#1477,#1490),.PCURVE_S1.);
#1472 = ELLIPSE('',#1473,16.,8.);
#1473 = AXIS2_PLACEMENT_3D('',#1474,#1475,#1476);
#1474 = CARTESIAN_POINT('',(341.08333982899,-51.96033833779,
    41.999661662201));
#1475 = DIRECTION('',(0.5,1.9E-16,0.866025403784));
#1476 = DIRECTION('',(0.866025403784,-1.1E-16,-0.5));
#1477 = PCURVE('',#557,#1478);
#1478 = DEFINITIONAL_REPRESENTATION('',(#1479),#1489);
#1479 = B_SPLINE_CURVE_WITH_KNOTS('',8,(#1480,#1481,#1482,#1483,#1484,
    #1485,#1486,#1487,#1488),.UNSPECIFIED.,.F.,.F.,(9,9),(2.300547350256
    ,3.982637956924),.PIECEWISE_BEZIER_KNOTS.);
#1480 = CARTESIAN_POINT('',(5.442140003846,16.845494188732));
#1481 = CARTESIAN_POINT('',(5.652401329679,14.673969940281));
#1482 = CARTESIAN_POINT('',(5.862662655513,12.9691925067));
#1483 = CARTESIAN_POINT('',(6.072923981346,11.877452768589));
#1484 = CARTESIAN_POINT('',(6.28318530718,11.501013507732));
#1485 = CARTESIAN_POINT('',(6.493446633013,11.877452768589));
#1486 = CARTESIAN_POINT('',(6.703707958847,12.969192506702));
#1487 = CARTESIAN_POINT('',(6.91396928468,14.673969940281));
#1488 = CARTESIAN_POINT('',(7.124230610513,16.845494188732));
#1489 = ( GEOMETRIC_REPRESENTATION_CONTEXT(2) 
PARAMETRIC_REPRESENTATION_CONTEXT() REPRESENTATION_CONTEXT('2D SPACE',''
  ) );
#1490 = PCURVE('',#1491,#1496);
#1491 = PLANE('',#1492);
#1492 = AXIS2_PLACEMENT_3D('',#1493,#1494,#1495);
#1493 = CARTESIAN_POINT('',(330.34549418873,-70.,48.199159733126));
#1494 = DIRECTION('',(0.5,1.9E-16,0.866025403784));
#1495 = DIRECTION('',(-0.866025403784,1.1E-16,0.5));
#1496 = DEFINITIONAL_REPRESENTATION('',(#1497),#1501);
#1497 = ELLIPSE('',#1498,16.,8.);
#1498 = AXIS2_PLACEMENT_2D('',#1499,#1500);
#1499 = CARTESIAN_POINT('',(-12.39899614185,-18.0396616622));
#1500 = DIRECTION('',(-1.,0.));
#1501 = ( GEOMETRIC_REPRESENTATION_CONTEXT(2) 
PARAMETRIC_REPRESENTATION_CONTEXT() REPRESENTATION_CONTEXT('2D SPACE',''
  ) );
#1502 = ORIENTED_EDGE('',*,*,#1503,.T.);
#1503 = EDGE_CURVE('',#1467,#1469,#1504,.T.);
#1504 = SURFACE_CURVE('',#1505,(#1510,#1517),.PCURVE_S1.);
#1505 = CIRCLE('',#1506,8.);
#1506 = AXIS2_PLACEMENT_3D('',#1507,#1508,#1509);
#1507 = CARTESIAN_POINT('',(330.34549418873,-51.96033833779,
    41.999661662201));
#1508 = DIRECTION('',(1.,0.,0.));
#1509 = DIRECTION('',(0.,-1.2E-16,1.));
#1510 = PCURVE('',#557,#1511);
#1511 = DEFINITIONAL_REPRESENTATION('',(#1512),#1516);
#1512 = LINE('',#1513,#1514);
#1513 = CARTESIAN_POINT('',(0.,15.345494188732));
#1514 = VECTOR('',#1515,1.);
#1515 = DIRECTION('',(1.,0.));
#1516 = ( GEOMETRIC_REPRESENTATION_CONTEXT(2) 
PARAMETRIC_REPRESENTATION_CONTEXT() REPRESENTATION_CONTEXT('2D SPACE',''
  ) );
#1517 = PCURVE('',#1518,#1523);
#1518 = PLANE('',#1519);
#1519 = AXIS2_PLACEMENT_3D('',#1520,#1521,#1522);
#1520 = CARTESIAN_POINT('',(330.34549418873,-70.,93.430099840803));
#1521 = DIRECTION('',(-1.,0.,0.));
#1522 = DIRECTION('',(-0.,-2.2E-16,-1.));
#1523 = DEFINITIONAL_REPRESENTATION('',(#1524),#1532);
#1524 = ( BOUNDED_CURVE() B_SPLINE_CURVE(2,(#1525,#1526,#1527,#1528,
#1529,#1530,#1531),.UNSPECIFIED.,.T.,.F.) B_SPLINE_CURVE_WITH_KNOTS((1,2
    ,2,2,2,1),(-2.094395102393,0.,2.094395102393,4.188790204786,
6.28318530718,8.377580409573),.UNSPECIFIED.) CURVE() 
GEOMETRIC_REPRESENTATION_ITEM() RATIONAL_B_SPLINE_CURVE((1.,0.5,1.,0.5,
1.,0.5,1.)) REPRESENTATION_ITEM('') );
#1525 = CARTESIAN_POINT('',(43.430438178601,-18.0396616622));
#1526 = CARTESIAN_POINT('',(43.430438178601,-4.18325520165));
#1527 = CARTESIAN_POINT('',(55.430438178601,-11.11145843192));
#1528 = CARTESIAN_POINT('',(67.430438178601,-18.0396616622));
#1529 = CARTESIAN_POINT('',(55.430438178601,-24.96786489247));
#1530 = CARTESIAN_POINT('',(43.430438178601,-31.89606812275));
#1531 = CARTESIAN_POINT('',(43.430438178601,-18.0396616622));
#1532 = ( GEOMETRIC_REPRESENTATION_CONTEXT(2) 
PARAMETRIC_REPRESENTATION_CONTEXT() REPRESENTATION_CONTEXT('2D SPACE',''
  ) );
#1533 = ADVANCED_FACE('',(#1534),#584,.F.);
#1534 = FACE_BOUND('',#1535,.F.);
#1535 = EDGE_LOOP('',(#1536,#1537,#1560,#1582));
#1536 = ORIENTED_EDGE('',*,*,#569,.F.);
#1537 = ORIENTED_EDGE('',*,*,#1538,.T.);
#1538 = EDGE_CURVE('',#541,#1539,#1541,.T.);
#1539 = VERTEX_POINT('',#1540);
#1540 = CARTESIAN_POINT('',(412.66312906372,-59.96033833779,
    28.583439354816));
#1541 = SURFACE_CURVE('',#1542,(#1546,#1553),.PCURVE_S1.);
#1542 = LINE('',#1543,#1544);
#1543 = CARTESIAN_POINT('',(412.66312906372,-59.96033833779,
    16.049830831101));
#1544 = VECTOR('',#1545,1.);
#1545 = DIRECTION('',(0.,0.,-1.));
#1546 = PCURVE('',#584,#1547);
#1547 = DEFINITIONAL_REPRESENTATION('',(#1548),#1552);
#1548 = LINE('',#1549,#1550);
#1549 = CARTESIAN_POINT('',(0.,-19.2417196774));
#1550 = VECTOR('',#1551,1.);
#1551 = DIRECTION('',(0.,-1.));
#1552 = ( GEOMETRIC_REPRESENTATION_CONTEXT(2) 
PARAMETRIC_REPRESENTATION_CONTEXT() REPRESENTATION_CONTEXT('2D SPACE',''
  ) );
#1553 = PCURVE('',#1452,#1554);
#1554 = DEFINITIONAL_REPRESENTATION('',(#1555),#1559);
#1555 = LINE('',#1556,#1557);
#1556 = CARTESIAN_POINT('',(0.949830831101,122.66312906372));
#1557 = VECTOR('',#1558,1.);
#1558 = DIRECTION('',(1.,0.));
#1559 = ( GEOMETRIC_REPRESENTATION_CONTEXT(2) 
PARAMETRIC_REPRESENTATION_CONTEXT() REPRESENTATION_CONTEXT('2D SPACE',''
  ) );
#1560 = ORIENTED_EDGE('',*,*,#1561,.T.);
#1561 = EDGE_CURVE('',#1539,#809,#1562,.T.);
#1562 = SURFACE_CURVE('',#1563,(#1568,#1575),.PCURVE_S1.);
#1563 = CIRCLE('',#1564,31.);
#1564 = AXIS2_PLACEMENT_3D('',#1565,#1566,#1567);
#1565 = CARTESIAN_POINT('',(412.66312906372,-28.96033833779,
    28.583439354816));
#1566 = DIRECTION('',(-0.,0.,1.));
#1567 = DIRECTION('',(2.29E-15,-1.,0.));
#1568 = PCURVE('',#584,#1569);
#1569 = DEFINITIONAL_REPRESENTATION('',(#1570),#1574);
#1570 = LINE('',#1571,#1572);
#1571 = CARTESIAN_POINT('',(0.,-6.708111153693));
#1572 = VECTOR('',#1573,1.);
#1573 = DIRECTION('',(1.,0.));
#1574 = ( GEOMETRIC_REPRESENTATION_CONTEXT(2) 
PARAMETRIC_REPRESENTATION_CONTEXT() REPRESENTATION_CONTEXT('2D SPACE',''
  ) );
#1575 = PCURVE('',#1012,#1576);
#1576 = DEFINITIONAL_REPRESENTATION('',(#1577),#1581);
#1577 = LINE('',#1578,#1579);
#1578 = CARTESIAN_POINT('',(4.712388980385,6.28318530718));
#1579 = VECTOR('',#1580,1.);
#1580 = DIRECTION('',(1.,0.));
#1581 = ( GEOMETRIC_REPRESENTATION_CONTEXT(2) 
PARAMETRIC_REPRESENTATION_CONTEXT() REPRESENTATION_CONTEXT('2D SPACE',''
  ) );
#1582 = ORIENTED_EDGE('',*,*,#878,.F.);
#1583 = ADVANCED_FACE('',(#1584),#700,.T.);
#1584 = FACE_BOUND('',#1585,.T.);
#1585 = EDGE_LOOP('',(#1586,#1587,#1588,#1643,#1691));
#1586 = ORIENTED_EDGE('',*,*,#678,.F.);
#1587 = ORIENTED_EDGE('',*,*,#930,.F.);
#1588 = ORIENTED_EDGE('',*,*,#1589,.F.);
#1589 = EDGE_CURVE('',#1590,#931,#1592,.T.);
#1590 = VERTEX_POINT('',#1591);
#1591 = CARTESIAN_POINT('',(433.24181347266,-48.,22.367055118048));
#1592 = SURFACE_CURVE('',#1593,(#1607,#1614),.PCURVE_S1.);
#1593 = B_SPLINE_CURVE_WITH_KNOTS('',3,(#1594,#1595,#1596,#1597,#1598,
    #1599,#1600,#1601,#1602,#1603,#1604,#1605,#1606),.UNSPECIFIED.,.F.,
  .F.,(4,3,3,3,4),(8.409330144317,8.417244858988,8.610031987658,
    8.935335146047,9.185459823985),.UNSPECIFIED.);
#1594 = CARTESIAN_POINT('',(433.24181347266,-48.,22.367055118048));
#1595 = CARTESIAN_POINT('',(433.24181347266,-47.97479211509,
    22.353187743903));
#1596 = CARTESIAN_POINT('',(433.24181347266,-47.94952317805,
    22.33941875334));
#1597 = CARTESIAN_POINT('',(433.24181347266,-47.92419794478,
    22.325749587626));
#1598 = CARTESIAN_POINT('',(433.24181347266,-47.30732428513,
    21.992795170593));
#1599 = CARTESIAN_POINT('',(433.24181347266,-46.65559567454,
    21.721680228962));
#1600 = CARTESIAN_POINT('',(433.24181347266,-46.04693878373,
    21.515519881064));
#1601 = CARTESIAN_POINT('',(433.24181347266,-45.01990959187,
    21.167651157832));
#1602 = CARTESIAN_POINT('',(433.24181347266,-43.86042091951,
    20.918887321822));
#1603 = CARTESIAN_POINT('',(433.24181347266,-42.6845263535,
    20.773913297061));
#1604 = CARTESIAN_POINT('',(433.24181347266,-41.78038434927,
    20.662443179672));
#1605 = CARTESIAN_POINT('',(433.24181347266,-40.86686867977,
    20.609318399964));
#1606 = CARTESIAN_POINT('',(433.24181347266,-40.,20.59122532399));
#1607 = PCURVE('',#700,#1608);
#1608 = DEFINITIONAL_REPRESENTATION('',(#1609),#1613);
#1609 = LINE('',#1610,#1611);
#1610 = CARTESIAN_POINT('',(-1.78E-15,-1.245E-14));
#1611 = VECTOR('',#1612,1.);
#1612 = DIRECTION('',(-1.,0.));
#1613 = ( GEOMETRIC_REPRESENTATION_CONTEXT(2) 
PARAMETRIC_REPRESENTATION_CONTEXT() REPRESENTATION_CONTEXT('2D SPACE',''
  ) );
#1614 = PCURVE('',#1012,#1615);
#1615 = DEFINITIONAL_REPRESENTATION('',(#1616),#1642);
#1616 = B_SPLINE_CURVE_WITH_KNOTS('',3,(#1617,#1618,#1619,#1620,#1621,
    #1622,#1623,#1624,#1625,#1626,#1627,#1628,#1629,#1630,#1631,#1632,
    #1633,#1634,#1635,#1636,#1637,#1638,#1639,#1640,#1641),
  .UNSPECIFIED.,.F.,.F.,(4,1,1,1,1,1,1,1,1,1,1,1,1,1,1,1,1,1,1,1,1,1,4),
  (8.409330144317,8.44460876612,8.479887387923,8.515166009726,
    8.550444631529,8.585723253332,8.621001875135,8.656280496938,
    8.691559118741,8.726837740544,8.762116362347,8.797394984151,
    8.832673605954,8.867952227757,8.90323084956,8.938509471363,
    8.973788093166,9.009066714969,9.044345336772,9.079623958575,
    9.114902580378,9.150181202182,9.185459823985),
  .QUASI_UNIFORM_KNOTS.);
#1617 = CARTESIAN_POINT('',(5.536613835365,5.393222988981));
#1618 = CARTESIAN_POINT('',(5.539554709688,5.380946884135));
#1619 = CARTESIAN_POINT('',(5.545552687789,5.356619985672));
#1620 = CARTESIAN_POINT('',(5.554827094656,5.320979386342));
#1621 = CARTESIAN_POINT('',(5.564312881424,5.286351665153));
#1622 = CARTESIAN_POINT('',(5.573925827342,5.252937349039));
#1623 = CARTESIAN_POINT('',(5.583617218401,5.220812866531));
#1624 = CARTESIAN_POINT('',(5.593182513512,5.190508741083));
#1625 = CARTESIAN_POINT('',(5.603125111911,5.160364745063));
#1626 = CARTESIAN_POINT('',(5.613486177456,5.13029463092));
#1627 = CARTESIAN_POINT('',(5.624238704513,5.100405415841));
#1628 = CARTESIAN_POINT('',(5.635372246527,5.070754849787));
#1629 = CARTESIAN_POINT('',(5.646870015779,5.041414943852));
#1630 = CARTESIAN_POINT('',(5.658714817928,5.012453419739));
#1631 = CARTESIAN_POINT('',(5.670887311782,4.98393740804));
#1632 = CARTESIAN_POINT('',(5.683366181995,4.955930417305));
#1633 = CARTESIAN_POINT('',(5.696128397914,4.92849434514));
#1634 = CARTESIAN_POINT('',(5.709147260308,4.901678416498));
#1635 = CARTESIAN_POINT('',(5.722392318721,4.875527843603));
#1636 = CARTESIAN_POINT('',(5.735831507824,4.850091450064));
#1637 = CARTESIAN_POINT('',(5.749430050382,4.825414921152));
#1638 = CARTESIAN_POINT('',(5.763150655876,4.801541474197));
#1639 = CARTESIAN_POINT('',(5.776953763947,4.778511310514));
#1640 = CARTESIAN_POINT('',(5.786182249943,4.763743253989));
#1641 = CARTESIAN_POINT('',(5.790796107643,4.756511628894));
#1642 = ( GEOMETRIC_REPRESENTATION_CONTEXT(2) 
PARAMETRIC_REPRESENTATION_CONTEXT() REPRESENTATION_CONTEXT('2D SPACE',''
  ) );
#1643 = ORIENTED_EDGE('',*,*,#1644,.T.);
#1644 = EDGE_CURVE('',#1590,#1645,#1647,.T.);
#1645 = VERTEX_POINT('',#1646);
#1646 = CARTESIAN_POINT('',(433.24181347266,-51.11237643159,
    25.170926151532));
#1647 = SURFACE_CURVE('',#1648,(#1656,#1662),.PCURVE_S1.);
#1648 = B_SPLINE_CURVE_WITH_KNOTS('',3,(#1649,#1650,#1651,#1652,#1653,
    #1654,#1655),.UNSPECIFIED.,.F.,.F.,(4,3,4),(0.90275951935,
    1.254550361457,1.331495102327),.UNSPECIFIED.);
#1649 = CARTESIAN_POINT('',(433.24181347266,-48.,22.367055118048));
#1650 = CARTESIAN_POINT('',(433.24181347266,-49.01626503071,
    22.926123340635));
#1651 = CARTESIAN_POINT('',(433.24181347266,-49.94251240394,
    23.651278023287));
#1652 = CARTESIAN_POINT('',(433.24181347266,-50.66869715421,
    24.555715748412));
#1653 = CARTESIAN_POINT('',(433.24181347266,-50.82753044589,
    24.753537061714));
#1654 = CARTESIAN_POINT('',(433.24181347273,-50.97578949533,
    24.958784057735));
#1655 = CARTESIAN_POINT('',(433.24181347282,-51.11235650248,
    25.170938980169));
#1656 = PCURVE('',#700,#1657);
#1657 = DEFINITIONAL_REPRESENTATION('',(#1658),#1661);
#1658 = B_SPLINE_CURVE_WITH_KNOTS('',1,(#1659,#1660),.UNSPECIFIED.,.F.,
  .F.,(2,2),(0.90275951935,1.331495102327),.PIECEWISE_BEZIER_KNOTS.);
#1659 = CARTESIAN_POINT('',(-8.409330144317,-1.245E-14));
#1660 = CARTESIAN_POINT('',(-8.020454416138,-5.346E-14));
#1661 = ( GEOMETRIC_REPRESENTATION_CONTEXT(2) 
PARAMETRIC_REPRESENTATION_CONTEXT() REPRESENTATION_CONTEXT('2D SPACE',''
  ) );
#1662 = PCURVE('',#1012,#1663);
#1663 = DEFINITIONAL_REPRESENTATION('',(#1664),#1690);
#1664 = B_SPLINE_CURVE_WITH_KNOTS('',3,(#1665,#1666,#1667,#1668,#1669,
    #1670,#1671,#1672,#1673,#1674,#1675,#1676,#1677,#1678,#1679,#1680,
    #1681,#1682,#1683,#1684,#1685,#1686,#1687,#1688,#1689),
  .UNSPECIFIED.,.F.,.F.,(4,1,1,1,1,1,1,1,1,1,1,1,1,1,1,1,1,1,1,1,1,1,4),
  (0.90275951935,0.922247500394,0.941735481439,0.961223462483,
    0.980711443527,1.000199424572,1.019687405616,1.039175386661,
    1.058663367705,1.07815134875,1.097639329794,1.117127310839,
    1.136615291883,1.156103272927,1.175591253972,1.195079235016,
    1.214567216061,1.234055197105,1.25354317815,1.273031159194,
    1.292519140239,1.312007121283,1.331495102327),
  .QUASI_UNIFORM_KNOTS.);
#1665 = CARTESIAN_POINT('',(5.536613835365,5.393222988981));
#1666 = CARTESIAN_POINT('',(5.535139857454,5.399373388965));
#1667 = CARTESIAN_POINT('',(5.532218448466,5.411735619002));
#1668 = CARTESIAN_POINT('',(5.527917470233,5.430461465716));
#1669 = CARTESIAN_POINT('',(5.523699146986,5.44936792217));
#1670 = CARTESIAN_POINT('',(5.519564911011,5.468453458213));
#1671 = CARTESIAN_POINT('',(5.515516142491,5.487716812855));
#1672 = CARTESIAN_POINT('',(5.511554165278,5.507157050251));
#1673 = CARTESIAN_POINT('',(5.507680253281,5.526773574802));
#1674 = CARTESIAN_POINT('',(5.503895634021,5.546566155971));
#1675 = CARTESIAN_POINT('',(5.500201492954,5.566534948889));
#1676 = CARTESIAN_POINT('',(5.496598977536,5.586680514871));
#1677 = CARTESIAN_POINT('',(5.493089201576,5.607003838329));
#1678 = CARTESIAN_POINT('',(5.489673248631,5.627506348945));
#1679 = CARTESIAN_POINT('',(5.486352178914,5.648189916207));
#1680 = CARTESIAN_POINT('',(5.483127023069,5.66905693796));
#1681 = CARTESIAN_POINT('',(5.479998824916,5.690110068184));
#1682 = CARTESIAN_POINT('',(5.476968501389,5.711353280384));
#1683 = CARTESIAN_POINT('',(5.474037384693,5.732787934603));
#1684 = CARTESIAN_POINT('',(5.471205218365,5.754427478426));
#1685 = CARTESIAN_POINT('',(5.468477655502,5.776242591022));
#1686 = CARTESIAN_POINT('',(5.465862060942,5.798183443581));
#1687 = CARTESIAN_POINT('',(5.463357472834,5.820261678015));
#1688 = CARTESIAN_POINT('',(5.461762619364,5.835069325975));
#1689 = CARTESIAN_POINT('',(5.460984019745,5.842495417205));
#1690 = ( GEOMETRIC_REPRESENTATION_CONTEXT(2) 
PARAMETRIC_REPRESENTATION_CONTEXT() REPRESENTATION_CONTEXT('2D SPACE',''
  ) );
#1691 = ORIENTED_EDGE('',*,*,#1692,.T.);
#1692 = EDGE_CURVE('',#1645,#679,#1693,.T.);
#1693 = SURFACE_CURVE('',#1694,(#1705,#1734),.PCURVE_S1.);
#1694 = B_SPLINE_CURVE_WITH_KNOTS('',3,(#1695,#1696,#1697,#1698,#1699,
    #1700,#1701,#1702,#1703,#1704),.UNSPECIFIED.,.F.,.F.,(4,2,2,2,4),(0.
    ,0.120407332823,0.237117937287,0.382476390535,0.60704743577),
  .UNSPECIFIED.);
#1695 = CARTESIAN_POINT('',(433.24181347266,-51.11237643159,
    25.170926151532));
#1696 = CARTESIAN_POINT('',(433.24181347266,-50.89513138644,
    24.833446293206));
#1697 = CARTESIAN_POINT('',(433.30581811247,-50.65618274334,
    24.525586399979));
#1698 = CARTESIAN_POINT('',(433.58584177959,-50.16263832324,
    23.973803048631));
#1699 = CARTESIAN_POINT('',(433.78791239113,-49.92552849257,
    23.745974527256));
#1700 = CARTESIAN_POINT('',(434.34766654976,-49.41945333203,
    23.302411756316));
#1701 = CARTESIAN_POINT('',(434.72732023755,-49.16078009551,
    23.106887496772));
#1702 = CARTESIAN_POINT('',(435.73434379639,-48.57838723646,
    22.698438774547));
#1703 = CARTESIAN_POINT('',(436.44180501115,-48.26204275469,
    22.511210208187));
#1704 = CARTESIAN_POINT('',(437.12721056679,-48.,22.367055118048));
#1705 = PCURVE('',#700,#1706);
#1706 = DEFINITIONAL_REPRESENTATION('',(#1707),#1733);
#1707 = B_SPLINE_CURVE_WITH_KNOTS('',3,(#1708,#1709,#1710,#1711,#1712,
    #1713,#1714,#1715,#1716,#1717,#1718,#1719,#1720,#1721,#1722,#1723,
    #1724,#1725,#1726,#1727,#1728,#1729,#1730,#1731,#1732),
  .UNSPECIFIED.,.F.,.F.,(4,1,1,1,1,1,1,1,1,1,1,1,1,1,1,1,1,1,1,1,1,1,4),
  (0.,2.759306526228E-02,5.518613052455E-02,8.277919578683E-02,
    0.110372261049,0.137965326311,0.165558391574,0.193151456836,
    0.220744522098,0.24833758736,0.275930652623,0.303523717885,
    0.331116783147,0.35870984841,0.386302913672,0.413895978934,
    0.441489044196,0.469082109459,0.496675174721,0.524268239983,
    0.551861305246,0.579454370508,0.60704743577),.QUASI_UNIFORM_KNOTS.);
#1708 = CARTESIAN_POINT('',(-8.020454416138,-1.575362E-11));
#1709 = CARTESIAN_POINT('',(-8.028934910083,-1.236102E-11));
#1710 = CARTESIAN_POINT('',(-8.045754931116,6.723105391192E-04));
#1711 = CARTESIAN_POINT('',(-8.070573365801,3.799659487061E-03));
#1712 = CARTESIAN_POINT('',(-8.094955904396,9.14976265349E-03));
#1713 = CARTESIAN_POINT('',(-8.119002857946,1.681977249722E-02));
#1714 = CARTESIAN_POINT('',(-8.142696863715,2.693179644137E-02));
#1715 = CARTESIAN_POINT('',(-8.165198666057,3.907801468019E-02));
#1716 = CARTESIAN_POINT('',(-8.186720646507,5.316820890598E-02));
#1717 = CARTESIAN_POINT('',(-8.207265243608,6.904961586518E-02));
#1718 = CARTESIAN_POINT('',(-8.226909898539,8.661333524181E-02));
#1719 = CARTESIAN_POINT('',(-8.24556637408,0.10558852488));
#1720 = CARTESIAN_POINT('',(-8.263262426492,0.125753218484));
#1721 = CARTESIAN_POINT('',(-8.280014487898,0.146882344802));
#1722 = CARTESIAN_POINT('',(-8.29586324222,0.168789556618));
#1723 = CARTESIAN_POINT('',(-8.310750048266,0.191136715531));
#1724 = CARTESIAN_POINT('',(-8.324993710923,0.214184584144));
#1725 = CARTESIAN_POINT('',(-8.338714821311,0.237994150499));
#1726 = CARTESIAN_POINT('',(-8.351880714757,0.262382283848));
#1727 = CARTESIAN_POINT('',(-8.364498894541,0.287231264881));
#1728 = CARTESIAN_POINT('',(-8.376565144722,0.312405847318));
#1729 = CARTESIAN_POINT('',(-8.388077373807,0.33777548133));
#1730 = CARTESIAN_POINT('',(-8.399031984546,0.363208358248));
#1731 = CARTESIAN_POINT('',(-8.405960344324,0.380118124961));
#1732 = CARTESIAN_POINT('',(-8.409330144317,0.388539709412));
#1733 = ( GEOMETRIC_REPRESENTATION_CONTEXT(2) 
PARAMETRIC_REPRESENTATION_CONTEXT() REPRESENTATION_CONTEXT('2D SPACE',''
  ) );
#1734 = PCURVE('',#824,#1735);
#1735 = DEFINITIONAL_REPRESENTATION('',(#1736),#1762);
#1736 = B_SPLINE_CURVE_WITH_KNOTS('',3,(#1737,#1738,#1739,#1740,#1741,
    #1742,#1743,#1744,#1745,#1746,#1747,#1748,#1749,#1750,#1751,#1752,
    #1753,#1754,#1755,#1756,#1757,#1758,#1759,#1760,#1761),
  .UNSPECIFIED.,.F.,.F.,(4,1,1,1,1,1,1,1,1,1,1,1,1,1,1,1,1,1,1,1,1,1,4),
  (0.,2.759306526228E-02,5.518613052455E-02,8.277919578683E-02,
    0.110372261049,0.137965326311,0.165558391574,0.193151456836,
    0.220744522098,0.24833758736,0.275930652623,0.303523717885,
    0.331116783147,0.35870984841,0.386302913672,0.413895978934,
    0.441489044196,0.469082109459,0.496675174721,0.524268239983,
    0.551861305246,0.579454370508,0.60704743577),.QUASI_UNIFORM_KNOTS.);
#1737 = CARTESIAN_POINT('',(0.99998637156,1.018824713843));
#1738 = CARTESIAN_POINT('',(0.986255052713,1.027372603727));
#1739 = CARTESIAN_POINT('',(0.959356197475,1.043383982264));
#1740 = CARTESIAN_POINT('',(0.920219717748,1.063938588576));
#1741 = CARTESIAN_POINT('',(0.881809681286,1.080821054284));
#1742 = CARTESIAN_POINT('',(0.843661082893,1.093823174839));
#1743 = CARTESIAN_POINT('',(0.805334516455,1.102668229769));
#1744 = CARTESIAN_POINT('',(0.767737114345,1.107081826611));
#1745 = CARTESIAN_POINT('',(0.730188201339,1.107357890911));
#1746 = CARTESIAN_POINT('',(0.692375982586,1.10371392739));
#1747 = CARTESIAN_POINT('',(0.653879227173,1.096415829141));
#1748 = CARTESIAN_POINT('',(0.614636938063,1.085815029343));
#1749 = CARTESIAN_POINT('',(0.574446914823,1.072289676127));
#1750 = CARTESIAN_POINT('',(0.53316438837,1.056246122151));
#1751 = CARTESIAN_POINT('',(0.490608832276,1.038072384203));
#1752 = CARTESIAN_POINT('',(0.446950001648,1.018311624182));
#1753 = CARTESIAN_POINT('',(0.40123574317,0.996950486035));
#1754 = CARTESIAN_POINT('',(0.352887631194,0.974069567377));
#1755 = CARTESIAN_POINT('',(0.301820439849,0.949984802814));
#1756 = CARTESIAN_POINT('',(0.247838439251,0.924948949354));
#1757 = CARTESIAN_POINT('',(0.190805303642,0.899227229176));
#1758 = CARTESIAN_POINT('',(0.130611153598,0.873072637799));
#1759 = CARTESIAN_POINT('',(6.718603724708E-02,0.846730695897));
#1760 = CARTESIAN_POINT('',(2.275480405717E-02,0.829196737602));
#1761 = CARTESIAN_POINT('',(0.,0.820475469108));
#1762 = ( GEOMETRIC_REPRESENTATION_CONTEXT(2) 
PARAMETRIC_REPRESENTATION_CONTEXT() REPRESENTATION_CONTEXT('2D SPACE',''
  ) );
#1763 = ADVANCED_FACE('',(#1764),#824,.F.);
#1764 = FACE_BOUND('',#1765,.F.);
#1765 = EDGE_LOOP('',(#1766,#1767,#1835));
#1766 = ORIENTED_EDGE('',*,*,#808,.F.);
#1767 = ORIENTED_EDGE('',*,*,#1768,.F.);
#1768 = EDGE_CURVE('',#1645,#809,#1769,.T.);
#1769 = SURFACE_CURVE('',#1770,(#1777,#1806),.PCURVE_S1.);
#1770 = B_SPLINE_CURVE_WITH_KNOTS('',3,(#1771,#1772,#1773,#1774,#1775,
    #1776),.UNSPECIFIED.,.F.,.F.,(4,2,4),(-1.01882471426,0.,
    2.338895940235E-03),.UNSPECIFIED.);
#1771 = CARTESIAN_POINT('',(433.24177609103,-51.11244338595,
    25.170975140178));
#1772 = CARTESIAN_POINT('',(434.74949520434,-50.42195212594,
    26.274216869956));
#1773 = CARTESIAN_POINT('',(436.0908380099,-49.32847327194,
    27.427422608928));
#1774 = CARTESIAN_POINT('',(437.12249897282,-48.00605114435,
    28.578181225059));
#1775 = CARTESIAN_POINT('',(437.12485432851,-48.00302753306,
    28.580808562969));
#1776 = CARTESIAN_POINT('',(437.12721056679,-48.,28.583439354816));
#1777 = PCURVE('',#824,#1778);
#1778 = DEFINITIONAL_REPRESENTATION('',(#1779),#1805);
#1779 = B_SPLINE_CURVE_WITH_KNOTS('',3,(#1780,#1781,#1782,#1783,#1784,
    #1785,#1786,#1787,#1788,#1789,#1790,#1791,#1792,#1793,#1794,#1795,
    #1796,#1797,#1798,#1799,#1800,#1801,#1802,#1803,#1804),
  .UNSPECIFIED.,.F.,.F.,(4,1,1,1,1,1,1,1,1,1,1,1,1,1,1,1,1,1,1,1,1,1,4),
  (-1.018820558443,-0.972404219607,-0.925987880772,-0.879571541936,
    -0.8331552031,-0.786738864265,-0.740322525429,-0.693906186594,
    -0.647489847758,-0.601073508922,-0.554657170087,-0.508240831251,
    -0.461824492416,-0.41540815358,-0.368991814745,-0.322575475909,
    -0.276159137073,-0.229742798238,-0.183326459402,-0.136910120567,
    -9.049378173095E-02,-4.407744289536E-02,2.338895940235E-03),
  .UNSPECIFIED.);
#1780 = CARTESIAN_POINT('',(1.,1.018820558443));
#1781 = CARTESIAN_POINT('',(1.,1.003348445498));
#1782 = CARTESIAN_POINT('',(1.,0.972404219607));
#1783 = CARTESIAN_POINT('',(1.,0.925987880772));
#1784 = CARTESIAN_POINT('',(1.,0.879571541936));
#1785 = CARTESIAN_POINT('',(1.,0.8331552031));
#1786 = CARTESIAN_POINT('',(1.,0.786738864265));
#1787 = CARTESIAN_POINT('',(1.,0.740322525429));
#1788 = CARTESIAN_POINT('',(1.,0.693906186594));
#1789 = CARTESIAN_POINT('',(1.,0.647489847758));
#1790 = CARTESIAN_POINT('',(1.,0.601073508923));
#1791 = CARTESIAN_POINT('',(1.,0.554657170087));
#1792 = CARTESIAN_POINT('',(1.,0.508240831251));
#1793 = CARTESIAN_POINT('',(1.,0.461824492416));
#1794 = CARTESIAN_POINT('',(1.,0.41540815358));
#1795 = CARTESIAN_POINT('',(1.,0.368991814745));
#1796 = CARTESIAN_POINT('',(1.,0.322575475909));
#1797 = CARTESIAN_POINT('',(1.,0.276159137073));
#1798 = CARTESIAN_POINT('',(1.,0.229742798238));
#1799 = CARTESIAN_POINT('',(1.,0.183326459402));
#1800 = CARTESIAN_POINT('',(1.,0.136910120567));
#1801 = CARTESIAN_POINT('',(1.,9.049378173097E-02));
#1802 = CARTESIAN_POINT('',(1.,4.407744289536E-02));
#1803 = CARTESIAN_POINT('',(1.,1.313321700496E-02));
#1804 = CARTESIAN_POINT('',(1.,-2.338895940235E-03));
#1805 = ( GEOMETRIC_REPRESENTATION_CONTEXT(2) 
PARAMETRIC_REPRESENTATION_CONTEXT() REPRESENTATION_CONTEXT('2D SPACE',''
  ) );
#1806 = PCURVE('',#1012,#1807);
#1807 = DEFINITIONAL_REPRESENTATION('',(#1808),#1834);
#1808 = B_SPLINE_CURVE_WITH_KNOTS('',3,(#1809,#1810,#1811,#1812,#1813,
    #1814,#1815,#1816,#1817,#1818,#1819,#1820,#1821,#1822,#1823,#1824,
    #1825,#1826,#1827,#1828,#1829,#1830,#1831,#1832,#1833),
  .UNSPECIFIED.,.F.,.F.,(4,1,1,1,1,1,1,1,1,1,1,1,1,1,1,1,1,1,1,1,1,1,4),
  (-1.018820558443,-0.972404219607,-0.925987880772,-0.879571541936,
    -0.8331552031,-0.786738864265,-0.740322525429,-0.693906186594,
    -0.647489847758,-0.601073508922,-0.554657170087,-0.508240831251,
    -0.461824492416,-0.41540815358,-0.368991814745,-0.322575475909,
    -0.276159137073,-0.229742798238,-0.183326459402,-0.136910120567,
    -9.049378173095E-02,-4.407744289536E-02,2.338895940235E-03),
  .UNSPECIFIED.);
#1809 = CARTESIAN_POINT('',(5.46098179545,5.842503408663));
#1810 = CARTESIAN_POINT('',(5.463354353395,5.849449750773));
#1811 = CARTESIAN_POINT('',(5.46810922965,5.863302822892));
#1812 = CARTESIAN_POINT('',(5.475269230687,5.883971058018));
#1813 = CARTESIAN_POINT('',(5.482455322956,5.90453553222));
#1814 = CARTESIAN_POINT('',(5.489665914468,5.925003336537));
#1815 = CARTESIAN_POINT('',(5.496899414816,5.945381234646));
#1816 = CARTESIAN_POINT('',(5.504154235109,5.965675627832));
#1817 = CARTESIAN_POINT('',(5.511428787526,5.98589258368));
#1818 = CARTESIAN_POINT('',(5.518721485072,6.006037849927));
#1819 = CARTESIAN_POINT('',(5.526030741355,6.026116874322));
#1820 = CARTESIAN_POINT('',(5.533354970446,6.046134824728));
#1821 = CARTESIAN_POINT('',(5.540692586782,6.066096610853));
#1822 = CARTESIAN_POINT('',(5.548042005118,6.08600690706));
#1823 = CARTESIAN_POINT('',(5.555401640536,6.105870176294));
#1824 = CARTESIAN_POINT('',(5.562769908455,6.125690694835));
#1825 = CARTESIAN_POINT('',(5.570145224803,6.145472578334));
#1826 = CARTESIAN_POINT('',(5.57752600575,6.16521980688));
#1827 = CARTESIAN_POINT('',(5.584910669195,6.184936257033));
#1828 = CARTESIAN_POINT('',(5.59229762984,6.204625710686));
#1829 = CARTESIAN_POINT('',(5.599685318268,6.224291952779));
#1830 = CARTESIAN_POINT('',(5.607072110508,6.243938539253));
#1831 = CARTESIAN_POINT('',(5.614456591696,6.263569797088));
#1832 = CARTESIAN_POINT('',(5.619376579179,6.276648083764));
#1833 = CARTESIAN_POINT('',(5.621835494967,6.28318530718));
#1834 = ( GEOMETRIC_REPRESENTATION_CONTEXT(2) 
PARAMETRIC_REPRESENTATION_CONTEXT() REPRESENTATION_CONTEXT('2D SPACE',''
  ) );
#1835 = ORIENTED_EDGE('',*,*,#1692,.T.);
#1836 = ADVANCED_FACE('',(#1837),#1012,.F.);
#1837 = FACE_BOUND('',#1838,.F.);
#1838 = EDGE_LOOP('',(#1839,#1840,#1841,#1868,#1869,#1870,#1925,#1974,
    #1975,#1976));
#1839 = ORIENTED_EDGE('',*,*,#1768,.T.);
#1840 = ORIENTED_EDGE('',*,*,#1561,.F.);
#1841 = ORIENTED_EDGE('',*,*,#1842,.T.);
#1842 = EDGE_CURVE('',#1539,#1329,#1843,.T.);
#1843 = SURFACE_CURVE('',#1844,(#1849,#1856),.PCURVE_S1.);
#1844 = CIRCLE('',#1845,8.);
#1845 = AXIS2_PLACEMENT_3D('',#1846,#1847,#1848);
#1846 = CARTESIAN_POINT('',(412.66312906372,-51.96033833779,
    28.583439354816));
#1847 = DIRECTION('',(1.,0.,0.));
#1848 = DIRECTION('',(0.,-1.,0.));
#1849 = PCURVE('',#1012,#1850);
#1850 = DEFINITIONAL_REPRESENTATION('',(#1851),#1855);
#1851 = LINE('',#1852,#1853);
#1852 = CARTESIAN_POINT('',(4.712388980385,6.28318530718));
#1853 = VECTOR('',#1854,1.);
#1854 = DIRECTION('',(0.,-1.));
#1855 = ( GEOMETRIC_REPRESENTATION_CONTEXT(2) 
PARAMETRIC_REPRESENTATION_CONTEXT() REPRESENTATION_CONTEXT('2D SPACE',''
  ) );
#1856 = PCURVE('',#1857,#1862);
#1857 = CYLINDRICAL_SURFACE('',#1858,8.);
#1858 = AXIS2_PLACEMENT_3D('',#1859,#1860,#1861);
#1859 = CARTESIAN_POINT('',(407.66312906372,-51.96033833779,
    28.583439354816));
#1860 = DIRECTION('',(-1.,0.,0.));
#1861 = DIRECTION('',(0.,-1.,0.));
#1862 = DEFINITIONAL_REPRESENTATION('',(#1863),#1867);
#1863 = LINE('',#1864,#1865);
#1864 = CARTESIAN_POINT('',(6.28318530718,-5.));
#1865 = VECTOR('',#1866,1.);
#1866 = DIRECTION('',(-1.,0.));
#1867 = ( GEOMETRIC_REPRESENTATION_CONTEXT(2) 
PARAMETRIC_REPRESENTATION_CONTEXT() REPRESENTATION_CONTEXT('2D SPACE',''
  ) );
#1868 = ORIENTED_EDGE('',*,*,#1356,.T.);
#1869 = ORIENTED_EDGE('',*,*,#978,.T.);
#1870 = ORIENTED_EDGE('',*,*,#1871,.T.);
#1871 = EDGE_CURVE('',#979,#1872,#1874,.T.);
#1872 = VERTEX_POINT('',#1873);
#1873 = CARTESIAN_POINT('',(429.24890594757,-38.48418018528,
    21.584180185283));
#1874 = SURFACE_CURVE('',#1875,(#1884,#1913),.PCURVE_S1.);
#1875 = B_SPLINE_CURVE_WITH_KNOTS('',3,(#1876,#1877,#1878,#1879,#1880,
    #1881,#1882,#1883),.UNSPECIFIED.,.F.,.F.,(4,2,2,4),(1.37401560545,
    1.528468721179,1.745950789706,1.753284342789),.UNSPECIFIED.);
#1876 = CARTESIAN_POINT('',(425.81998116448,-40.,23.1));
#1877 = CARTESIAN_POINT('',(426.28732329306,-39.7740025113,
    22.874002511305));
#1878 = CARTESIAN_POINT('',(426.75911182711,-39.54962306095,
    22.649623060959));
#1879 = CARTESIAN_POINT('',(427.79955663276,-39.07289523352,
    22.172895233521));
#1880 = CARTESIAN_POINT('',(428.47827570133,-38.77686748356,
    21.876867483564));
#1881 = CARTESIAN_POINT('',(429.20164389675,-38.50200870604,
    21.602008706041));
#1882 = CARTESIAN_POINT('',(429.2252640731,-38.49307664267,
    21.593076642673));
#1883 = CARTESIAN_POINT('',(429.24890594757,-38.48418018528,
    21.584180185283));
#1884 = PCURVE('',#1012,#1885);
#1885 = DEFINITIONAL_REPRESENTATION('',(#1886),#1912);
#1886 = B_SPLINE_CURVE_WITH_KNOTS('',3,(#1887,#1888,#1889,#1890,#1891,
    #1892,#1893,#1894,#1895,#1896,#1897,#1898,#1899,#1900,#1901,#1902,
    #1903,#1904,#1905,#1906,#1907,#1908,#1909,#1910,#1911),
  .UNSPECIFIED.,.F.,.F.,(4,1,1,1,1,1,1,1,1,1,1,1,1,1,1,1,1,1,1,1,1,1,4),
  (1.37401560545,1.391255093511,1.408494581572,1.425734069633,
    1.442973557693,1.460213045754,1.477452533815,1.494692021876,
    1.511931509937,1.529170997998,1.546410486059,1.56364997412,
    1.58088946218,1.598128950241,1.615368438302,1.632607926363,
    1.649847414424,1.667086902485,1.684326390546,1.701565878606,
    1.718805366667,1.736044854728,1.753284342789),
  .QUASI_UNIFORM_KNOTS.);
#1887 = CARTESIAN_POINT('',(5.585064671524,3.896786624628));
#1888 = CARTESIAN_POINT('',(5.588142076213,3.901116911874));
#1889 = CARTESIAN_POINT('',(5.59427345315,3.909825513388));
#1890 = CARTESIAN_POINT('',(5.60337723296,3.922999979577));
#1891 = CARTESIAN_POINT('',(5.612364394149,3.936253934756));
#1892 = CARTESIAN_POINT('',(5.62121281033,3.949553756224));
#1893 = CARTESIAN_POINT('',(5.629900706415,3.962864108636));
#1894 = CARTESIAN_POINT('',(5.638408548934,3.97615082187));
#1895 = CARTESIAN_POINT('',(5.646712313775,3.989369868369));
#1896 = CARTESIAN_POINT('',(5.65480845255,4.002508988217));
#1897 = CARTESIAN_POINT('',(5.662620642226,4.015432702445));
#1898 = CARTESIAN_POINT('',(5.670349166594,4.028463695717));
#1899 = CARTESIAN_POINT('',(5.678144609284,4.04186770568));
#1900 = CARTESIAN_POINT('',(5.685947916266,4.055560846345));
#1901 = CARTESIAN_POINT('',(5.693756584464,4.06955247583));
#1902 = CARTESIAN_POINT('',(5.701553365434,4.08382650825));
#1903 = CARTESIAN_POINT('',(5.709325395639,4.098373200364));
#1904 = CARTESIAN_POINT('',(5.717059094692,4.113180625432));
#1905 = CARTESIAN_POINT('',(5.724741553484,4.128236956781));
#1906 = CARTESIAN_POINT('',(5.732360182246,4.143529861175));
#1907 = CARTESIAN_POINT('',(5.73990281577,4.159046681268));
#1908 = CARTESIAN_POINT('',(5.747357716282,4.174774391473));
#1909 = CARTESIAN_POINT('',(5.754713514425,4.190699711757));
#1910 = CARTESIAN_POINT('',(5.759544162049,4.20143914219));
#1911 = CARTESIAN_POINT('',(5.761939363305,4.206837221549));
#1912 = ( GEOMETRIC_REPRESENTATION_CONTEXT(2) 
PARAMETRIC_REPRESENTATION_CONTEXT() REPRESENTATION_CONTEXT('2D SPACE',''
  ) );
#1913 = PCURVE('',#1062,#1914);
#1914 = DEFINITIONAL_REPRESENTATION('',(#1915),#1924);
#1915 = B_SPLINE_CURVE_WITH_KNOTS('',3,(#1916,#1917,#1918,#1919,#1920,
    #1921,#1922,#1923),.UNSPECIFIED.,.F.,.F.,(4,2,2,4),(1.37401560545,
    1.528468721179,1.745950789706,1.753284342789),.UNSPECIFIED.);
#1916 = CARTESIAN_POINT('',(-97.31998116448,-5.656854249493));
#1917 = CARTESIAN_POINT('',(-97.78732329306,-5.337245535918));
#1918 = CARTESIAN_POINT('',(-98.25911182711,-5.01992507412));
#1919 = CARTESIAN_POINT('',(-99.29955663276,-4.345730114997));
#1920 = CARTESIAN_POINT('',(-99.97827570133,-3.927083656169));
#1921 = CARTESIAN_POINT('',(-100.7016438967,-3.538374645258));
#1922 = CARTESIAN_POINT('',(-100.7252640731,-3.525742800104));
#1923 = CARTESIAN_POINT('',(-100.7489059475,-3.513161309406));
#1924 = ( GEOMETRIC_REPRESENTATION_CONTEXT(2) 
PARAMETRIC_REPRESENTATION_CONTEXT() REPRESENTATION_CONTEXT('2D SPACE',''
  ) );
#1925 = ORIENTED_EDGE('',*,*,#1926,.T.);
#1926 = EDGE_CURVE('',#1872,#1243,#1927,.T.);
#1927 = SURFACE_CURVE('',#1928,(#1935,#1964),.PCURVE_S1.);
#1928 = B_SPLINE_CURVE_WITH_KNOTS('',3,(#1929,#1930,#1931,#1932,#1933,
    #1934),.UNSPECIFIED.,.F.,.F.,(4,2,4),(3.230965187823,3.316694907971,
    3.440884096711),.UNSPECIFIED.);
#1929 = CARTESIAN_POINT('',(429.24890594757,-38.48418018528,
    21.584180185283));
#1930 = CARTESIAN_POINT('',(429.43216388249,-38.68417112754,
    21.441086956975));
#1931 = CARTESIAN_POINT('',(429.61685851172,-38.88572994652,
    21.315602916773));
#1932 = CARTESIAN_POINT('',(430.05542959039,-39.364346293,
    21.054445014897));
#1933 = CARTESIAN_POINT('',(430.34191621422,-39.67699158103,
    20.91707992346));
#1934 = CARTESIAN_POINT('',(430.63789889799,-40.,20.813752400419));
#1935 = PCURVE('',#1012,#1936);
#1936 = DEFINITIONAL_REPRESENTATION('',(#1937),#1963);
#1937 = B_SPLINE_CURVE_WITH_KNOTS('',3,(#1938,#1939,#1940,#1941,#1942,
    #1943,#1944,#1945,#1946,#1947,#1948,#1949,#1950,#1951,#1952,#1953,
    #1954,#1955,#1956,#1957,#1958,#1959,#1960,#1961,#1962),
  .UNSPECIFIED.,.F.,.F.,(4,1,1,1,1,1,1,1,1,1,1,1,1,1,1,1,1,1,1,1,1,1,4),
  (3.230965187823,3.240506956409,3.250048724994,3.25959049358,
    3.269132262166,3.278674030752,3.288215799338,3.297757567923,
    3.307299336509,3.316841105095,3.326382873681,3.335924642267,
    3.345466410852,3.355008179438,3.364549948024,3.37409171661,
    3.383633485196,3.393175253782,3.402717022367,3.412258790953,
    3.421800559539,3.431342328125,3.440884096711),
  .QUASI_UNIFORM_KNOTS.);
#1938 = CARTESIAN_POINT('',(5.761939363305,4.206837221549));
#1939 = CARTESIAN_POINT('',(5.761461137553,4.210947957897));
#1940 = CARTESIAN_POINT('',(5.760508182792,4.219149989714));
#1941 = CARTESIAN_POINT('',(5.759090425795,4.23138685582));
#1942 = CARTESIAN_POINT('',(5.75768554934,4.243549708874));
#1943 = CARTESIAN_POINT('',(5.756294687157,4.255630621015));
#1944 = CARTESIAN_POINT('',(5.754918968766,4.26762125806));
#1945 = CARTESIAN_POINT('',(5.753559351089,4.279514324194));
#1946 = CARTESIAN_POINT('',(5.752217234134,4.291298172966));
#1947 = CARTESIAN_POINT('',(5.750892176536,4.302976996412));
#1948 = CARTESIAN_POINT('',(5.749590427821,4.314495532665));
#1949 = CARTESIAN_POINT('',(5.74829307319,4.326020302723));
#1950 = CARTESIAN_POINT('',(5.746983671207,4.33770068326));
#1951 = CARTESIAN_POINT('',(5.745668372981,4.349486262027));
#1952 = CARTESIAN_POINT('',(5.744347227335,4.361380158766));
#1953 = CARTESIAN_POINT('',(5.743021869279,4.373371160786));
#1954 = CARTESIAN_POINT('',(5.741693459775,4.385451920986));
#1955 = CARTESIAN_POINT('',(5.740363237802,4.397614096503));
#1956 = CARTESIAN_POINT('',(5.739032372623,4.40984966683));
#1957 = CARTESIAN_POINT('',(5.737702003585,4.422150597189));
#1958 = CARTESIAN_POINT('',(5.736373230181,4.434508944482));
#1959 = CARTESIAN_POINT('',(5.735047114116,4.44691685002));
#1960 = CARTESIAN_POINT('',(5.733724683597,4.459366544222));
#1961 = CARTESIAN_POINT('',(5.732846172658,4.467689126459));
#1962 = CARTESIAN_POINT('',(5.732407859998,4.471854838229));
#1963 = ( GEOMETRIC_REPRESENTATION_CONTEXT(2) 
PARAMETRIC_REPRESENTATION_CONTEXT() REPRESENTATION_CONTEXT('2D SPACE',''
  ) );
#1964 = PCURVE('',#1258,#1965);
#1965 = DEFINITIONAL_REPRESENTATION('',(#1966),#1973);
#1966 = B_SPLINE_CURVE_WITH_KNOTS('',3,(#1967,#1968,#1969,#1970,#1971,
    #1972),.UNSPECIFIED.,.F.,.F.,(4,2,4),(3.230965187823,3.316694907971,
    3.440884096711),.UNSPECIFIED.);
#1967 = CARTESIAN_POINT('',(121.53418018528,-3.348752029097));
#1968 = CARTESIAN_POINT('',(121.39108695697,-3.620008084685));
#1969 = CARTESIAN_POINT('',(121.26560291677,-3.893390716863));
#1970 = CARTESIAN_POINT('',(121.00444501489,-4.542558028241));
#1971 = CARTESIAN_POINT('',(120.86707992346,-4.966611871238));
#1972 = CARTESIAN_POINT('',(120.76375240041,-5.404721660925));
#1973 = ( GEOMETRIC_REPRESENTATION_CONTEXT(2) 
PARAMETRIC_REPRESENTATION_CONTEXT() REPRESENTATION_CONTEXT('2D SPACE',''
  ) );
#1974 = ORIENTED_EDGE('',*,*,#1270,.T.);
#1975 = ORIENTED_EDGE('',*,*,#1589,.F.);
#1976 = ORIENTED_EDGE('',*,*,#1644,.T.);
#1977 = ADVANCED_FACE('',(#1978),#1258,.F.);
#1978 = FACE_BOUND('',#1979,.F.);
#1979 = EDGE_LOOP('',(#1980,#1981,#2004,#2027,#2048));
#1980 = ORIENTED_EDGE('',*,*,#1926,.F.);
#1981 = ORIENTED_EDGE('',*,*,#1982,.T.);
#1982 = EDGE_CURVE('',#1872,#1983,#1985,.T.);
#1983 = VERTEX_POINT('',#1984);
#1984 = CARTESIAN_POINT('',(423.33514483997,-32.03044241526,
    15.130442415266));
#1985 = SURFACE_CURVE('',#1986,(#1990,#1997),.PCURVE_S1.);
#1986 = LINE('',#1987,#1988);
#1987 = CARTESIAN_POINT('',(430.63789889799,-40.,23.1));
#1988 = VECTOR('',#1989,1.);
#1989 = DIRECTION('',(-0.543774795917,0.593426057452,-0.593426057452));
#1990 = PCURVE('',#1258,#1991);
#1991 = DEFINITIONAL_REPRESENTATION('',(#1992),#1996);
#1992 = LINE('',#1993,#1994);
#1993 = CARTESIAN_POINT('',(123.05,-5.404721660925));
#1994 = VECTOR('',#1995,1.);
#1995 = DIRECTION('',(-0.593426057452,0.804888510502));
#1996 = ( GEOMETRIC_REPRESENTATION_CONTEXT(2) 
PARAMETRIC_REPRESENTATION_CONTEXT() REPRESENTATION_CONTEXT('2D SPACE',''
  ) );
#1997 = PCURVE('',#1062,#1998);
#1998 = DEFINITIONAL_REPRESENTATION('',(#1999),#2003);
#1999 = LINE('',#2000,#2001);
#2000 = CARTESIAN_POINT('',(-102.1378988979,-5.656854249492));
#2001 = VECTOR('',#2002,1.);
#2002 = DIRECTION('',(0.543774795917,0.839231178714));
#2003 = ( GEOMETRIC_REPRESENTATION_CONTEXT(2) 
PARAMETRIC_REPRESENTATION_CONTEXT() REPRESENTATION_CONTEXT('2D SPACE',''
  ) );
#2004 = ORIENTED_EDGE('',*,*,#2005,.T.);
#2005 = EDGE_CURVE('',#1983,#2006,#2008,.T.);
#2006 = VERTEX_POINT('',#2007);
#2007 = CARTESIAN_POINT('',(423.33514483997,-32.03044241526,
    -60.14549418873));
#2008 = SURFACE_CURVE('',#2009,(#2013,#2020),.PCURVE_S1.);
#2009 = LINE('',#2010,#2011);
#2010 = CARTESIAN_POINT('',(423.33514483997,-32.03044241526,-99.95));
#2011 = VECTOR('',#2012,1.);
#2012 = DIRECTION('',(0.,0.,-1.));
#2013 = PCURVE('',#1258,#2014);
#2014 = DEFINITIONAL_REPRESENTATION('',(#2015),#2019);
#2015 = LINE('',#2016,#2017);
#2016 = CARTESIAN_POINT('',(0.,5.404721660925));
#2017 = VECTOR('',#2018,1.);
#2018 = DIRECTION('',(-1.,0.));
#2019 = ( GEOMETRIC_REPRESENTATION_CONTEXT(2) 
PARAMETRIC_REPRESENTATION_CONTEXT() REPRESENTATION_CONTEXT('2D SPACE',''
  ) );
#2020 = PCURVE('',#1090,#2021);
#2021 = DEFINITIONAL_REPRESENTATION('',(#2022),#2026);
#2022 = LINE('',#2023,#2024);
#2023 = CARTESIAN_POINT('',(-32.95,4.434975834686));
#2024 = VECTOR('',#2025,1.);
#2025 = DIRECTION('',(-1.,0.));
#2026 = ( GEOMETRIC_REPRESENTATION_CONTEXT(2) 
PARAMETRIC_REPRESENTATION_CONTEXT() REPRESENTATION_CONTEXT('2D SPACE',''
  ) );
#2027 = ORIENTED_EDGE('',*,*,#2028,.T.);
#2028 = EDGE_CURVE('',#2006,#1215,#2029,.T.);
#2029 = SURFACE_CURVE('',#2030,(#2034,#2041),.PCURVE_S1.);
#2030 = LINE('',#2031,#2032);
#2031 = CARTESIAN_POINT('',(432.08633764212,-41.58069351474,
    -60.14549418873));
#2032 = VECTOR('',#2033,1.);
#2033 = DIRECTION('',(0.675590207616,-0.73727733681,1.5E-16));
#2034 = PCURVE('',#1258,#2035);
#2035 = DEFINITIONAL_REPRESENTATION('',(#2036),#2040);
#2036 = LINE('',#2037,#2038);
#2037 = CARTESIAN_POINT('',(39.804505811269,-7.548682197658));
#2038 = VECTOR('',#2039,1.);
#2039 = DIRECTION('',(1.5E-16,-1.));
#2040 = ( GEOMETRIC_REPRESENTATION_CONTEXT(2) 
PARAMETRIC_REPRESENTATION_CONTEXT() REPRESENTATION_CONTEXT('2D SPACE',''
  ) );
#2041 = PCURVE('',#1230,#2042);
#2042 = DEFINITIONAL_REPRESENTATION('',(#2043),#2047);
#2043 = LINE('',#2044,#2045);
#2044 = CARTESIAN_POINT('',(19.840767747487,-28.41930648525));
#2045 = VECTOR('',#2046,1.);
#2046 = DIRECTION('',(0.675590207616,0.73727733681));
#2047 = ( GEOMETRIC_REPRESENTATION_CONTEXT(2) 
PARAMETRIC_REPRESENTATION_CONTEXT() REPRESENTATION_CONTEXT('2D SPACE',''
  ) );
#2048 = ORIENTED_EDGE('',*,*,#1242,.T.);
#2049 = ADVANCED_FACE('',(#2050),#1230,.T.);
#2050 = FACE_BOUND('',#2051,.T.);
#2051 = EDGE_LOOP('',(#2052,#2082,#2110,#2138,#2166,#2187,#2188,#2189,
    #2212,#2240));
#2052 = ORIENTED_EDGE('',*,*,#2053,.T.);
#2053 = EDGE_CURVE('',#2054,#2056,#2058,.T.);
#2054 = VERTEX_POINT('',#2055);
#2055 = CARTESIAN_POINT('',(423.81088075724,-60.,-60.14549418873));
#2056 = VERTEX_POINT('',#2057);
#2057 = CARTESIAN_POINT('',(412.24556989464,-60.,-60.14549418873));
#2058 = SURFACE_CURVE('',#2059,(#2063,#2070),.PCURVE_S1.);
#2059 = LINE('',#2060,#2061);
#2060 = CARTESIAN_POINT('',(411.54691846841,-60.,-60.14549418873));
#2061 = VECTOR('',#2062,1.);
#2062 = DIRECTION('',(-1.,-0.,-2.2E-16));
#2063 = PCURVE('',#1230,#2064);
#2064 = DEFINITIONAL_REPRESENTATION('',(#2065),#2069);
#2065 = LINE('',#2066,#2067);
#2066 = CARTESIAN_POINT('',(-0.698651426222,-10.));
#2067 = VECTOR('',#2068,1.);
#2068 = DIRECTION('',(-1.,-2.2E-16));
#2069 = ( GEOMETRIC_REPRESENTATION_CONTEXT(2) 
PARAMETRIC_REPRESENTATION_CONTEXT() REPRESENTATION_CONTEXT('2D SPACE',''
  ) );
#2070 = PCURVE('',#2071,#2076);
#2071 = PLANE('',#2072);
#2072 = AXIS2_PLACEMENT_3D('',#2073,#2074,#2075);
#2073 = CARTESIAN_POINT('',(410.84826704219,-60.,-37.26319067589));
#2074 = DIRECTION('',(0.,1.,-2.6E-16));
#2075 = DIRECTION('',(0.,2.6E-16,1.));
#2076 = DEFINITIONAL_REPRESENTATION('',(#2077),#2081);
#2077 = LINE('',#2078,#2079);
#2078 = CARTESIAN_POINT('',(-22.88230351284,0.698651426222));
#2079 = VECTOR('',#2080,1.);
#2080 = DIRECTION('',(-2.2E-16,-1.));
#2081 = ( GEOMETRIC_REPRESENTATION_CONTEXT(2) 
PARAMETRIC_REPRESENTATION_CONTEXT() REPRESENTATION_CONTEXT('2D SPACE',''
  ) );
#2082 = ORIENTED_EDGE('',*,*,#2083,.T.);
#2083 = EDGE_CURVE('',#2056,#2084,#2086,.T.);
#2084 = VERTEX_POINT('',#2085);
#2085 = CARTESIAN_POINT('',(412.24556989464,16.330195618931,
    -60.14549418873));
#2086 = SURFACE_CURVE('',#2087,(#2091,#2098),.PCURVE_S1.);
#2087 = LINE('',#2088,#2089);
#2088 = CARTESIAN_POINT('',(412.24556989464,-70.,-60.14549418873));
#2089 = VECTOR('',#2090,1.);
#2090 = DIRECTION('',(0.,1.,0.));
#2091 = PCURVE('',#1230,#2092);
#2092 = DEFINITIONAL_REPRESENTATION('',(#2093),#2097);
#2093 = LINE('',#2094,#2095);
#2094 = CARTESIAN_POINT('',(0.,0.));
#2095 = VECTOR('',#2096,1.);
#2096 = DIRECTION('',(2.2E-16,-1.));
#2097 = ( GEOMETRIC_REPRESENTATION_CONTEXT(2) 
PARAMETRIC_REPRESENTATION_CONTEXT() REPRESENTATION_CONTEXT('2D SPACE',''
  ) );
#2098 = PCURVE('',#2099,#2104);
#2099 = PLANE('',#2100);
#2100 = AXIS2_PLACEMENT_3D('',#2101,#2102,#2103);
#2101 = CARTESIAN_POINT('',(420.90582393248,-70.,-45.14549418873));
#2102 = DIRECTION('',(-0.866025403784,0.,0.5));
#2103 = DIRECTION('',(-0.5,-1.1E-16,-0.866025403784));
#2104 = DEFINITIONAL_REPRESENTATION('',(#2105),#2109);
#2105 = LINE('',#2106,#2107);
#2106 = CARTESIAN_POINT('',(17.320508075689,-1.905255888326E-15));
#2107 = VECTOR('',#2108,1.);
#2108 = DIRECTION('',(-1.1E-16,-1.));
#2109 = ( GEOMETRIC_REPRESENTATION_CONTEXT(2) 
PARAMETRIC_REPRESENTATION_CONTEXT() REPRESENTATION_CONTEXT('2D SPACE',''
  ) );
#2110 = ORIENTED_EDGE('',*,*,#2111,.F.);
#2111 = EDGE_CURVE('',#2112,#2084,#2114,.T.);
#2112 = VERTEX_POINT('',#2113);
#2113 = CARTESIAN_POINT('',(426.85205857306,15.052293445648,
    -60.14549418873));
#2114 = SURFACE_CURVE('',#2115,(#2119,#2126),.PCURVE_S1.);
#2115 = LINE('',#2116,#2117);
#2116 = CARTESIAN_POINT('',(376.67281190664,19.442408673232,
    -60.14549418873));
#2117 = VECTOR('',#2118,1.);
#2118 = DIRECTION('',(-0.996194698092,8.715574274766E-02,-2.2E-16));
#2119 = PCURVE('',#1230,#2120);
#2120 = DEFINITIONAL_REPRESENTATION('',(#2121),#2125);
#2121 = LINE('',#2122,#2123);
#2122 = CARTESIAN_POINT('',(-35.57275798799,-89.44240867323));
#2123 = VECTOR('',#2124,1.);
#2124 = DIRECTION('',(-0.996194698092,-8.715574274766E-02));
#2125 = ( GEOMETRIC_REPRESENTATION_CONTEXT(2) 
PARAMETRIC_REPRESENTATION_CONTEXT() REPRESENTATION_CONTEXT('2D SPACE',''
  ) );
#2126 = PCURVE('',#2127,#2132);
#2127 = PLANE('',#2128);
#2128 = AXIS2_PLACEMENT_3D('',#2129,#2130,#2131);
#2129 = CARTESIAN_POINT('',(333.60451334521,23.210396554706,-37.));
#2130 = DIRECTION('',(8.715574274766E-02,0.996194698092,0.));
#2131 = DIRECTION('',(0.,0.,1.));
#2132 = DEFINITIONAL_REPRESENTATION('',(#2133),#2137);
#2133 = LINE('',#2134,#2135);
#2134 = CARTESIAN_POINT('',(-23.14549418873,43.232812465199));
#2135 = VECTOR('',#2136,1.);
#2136 = DIRECTION('',(-2.2E-16,-1.));
#2137 = ( GEOMETRIC_REPRESENTATION_CONTEXT(2) 
PARAMETRIC_REPRESENTATION_CONTEXT() REPRESENTATION_CONTEXT('2D SPACE',''
  ) );
#2138 = ORIENTED_EDGE('',*,*,#2139,.T.);
#2139 = EDGE_CURVE('',#2112,#2140,#2142,.T.);
#2140 = VERTEX_POINT('',#2141);
#2141 = CARTESIAN_POINT('',(427.39748194627,14.402283181145,
    -60.14549418873));
#2142 = SURFACE_CURVE('',#2143,(#2147,#2154),.PCURVE_S1.);
#2143 = LINE('',#2144,#2145);
#2144 = CARTESIAN_POINT('',(444.91092928122,-6.469430598999,
    -60.14549418873));
#2145 = VECTOR('',#2146,1.);
#2146 = DIRECTION('',(0.642787609687,-0.766044443119,1.4E-16));
#2147 = PCURVE('',#1230,#2148);
#2148 = DEFINITIONAL_REPRESENTATION('',(#2149),#2153);
#2149 = LINE('',#2150,#2151);
#2150 = CARTESIAN_POINT('',(32.665359386588,-63.530569401));
#2151 = VECTOR('',#2152,1.);
#2152 = DIRECTION('',(0.642787609686,0.766044443119));
#2153 = ( GEOMETRIC_REPRESENTATION_CONTEXT(2) 
PARAMETRIC_REPRESENTATION_CONTEXT() REPRESENTATION_CONTEXT('2D SPACE',''
  ) );
#2154 = PCURVE('',#2155,#2160);
#2155 = PLANE('',#2156);
#2156 = AXIS2_PLACEMENT_3D('',#2157,#2158,#2159);
#2157 = CARTESIAN_POINT('',(427.12477025967,14.727288313397,-52.));
#2158 = DIRECTION('',(-0.766044443119,-0.642787609687,0.));
#2159 = DIRECTION('',(0.,0.,1.));
#2160 = DEFINITIONAL_REPRESENTATION('',(#2161),#2165);
#2161 = LINE('',#2162,#2163);
#2162 = CARTESIAN_POINT('',(-8.145494188731,-27.67035137816));
#2163 = VECTOR('',#2164,1.);
#2164 = DIRECTION('',(1.4E-16,-1.));
#2165 = ( GEOMETRIC_REPRESENTATION_CONTEXT(2) 
PARAMETRIC_REPRESENTATION_CONTEXT() REPRESENTATION_CONTEXT('2D SPACE',''
  ) );
#2166 = ORIENTED_EDGE('',*,*,#2167,.T.);
#2167 = EDGE_CURVE('',#2140,#2006,#2168,.T.);
#2168 = SURFACE_CURVE('',#2169,(#2173,#2180),.PCURVE_S1.);
#2169 = LINE('',#2170,#2171);
#2170 = CARTESIAN_POINT('',(421.45142302276,-53.56148130985,
    -60.14549418873));
#2171 = VECTOR('',#2172,1.);
#2172 = DIRECTION('',(-8.715574274766E-02,-0.996194698092,-2.E-17));
#2173 = PCURVE('',#1230,#2174);
#2174 = DEFINITIONAL_REPRESENTATION('',(#2175),#2179);
#2175 = LINE('',#2176,#2177);
#2176 = CARTESIAN_POINT('',(9.205853128126,-16.43851869014));
#2177 = VECTOR('',#2178,1.);
#2178 = DIRECTION('',(-8.715574274766E-02,0.996194698092));
#2179 = ( GEOMETRIC_REPRESENTATION_CONTEXT(2) 
PARAMETRIC_REPRESENTATION_CONTEXT() REPRESENTATION_CONTEXT('2D SPACE',''
  ) );
#2180 = PCURVE('',#1090,#2181);
#2181 = DEFINITIONAL_REPRESENTATION('',(#2182),#2186);
#2182 = LINE('',#2183,#2184);
#2183 = CARTESIAN_POINT('',(6.854505811269,-17.17830813061));
#2184 = VECTOR('',#2185,1.);
#2185 = DIRECTION('',(-2.E-17,-1.));
#2186 = ( GEOMETRIC_REPRESENTATION_CONTEXT(2) 
PARAMETRIC_REPRESENTATION_CONTEXT() REPRESENTATION_CONTEXT('2D SPACE',''
  ) );
#2187 = ORIENTED_EDGE('',*,*,#2028,.T.);
#2188 = ORIENTED_EDGE('',*,*,#1214,.F.);
#2189 = ORIENTED_EDGE('',*,*,#2190,.T.);
#2190 = EDGE_CURVE('',#1187,#2191,#2193,.T.);
#2191 = VERTEX_POINT('',#2192);
#2192 = CARTESIAN_POINT('',(431.00354996615,-70.,-60.14549418873));
#2193 = SURFACE_CURVE('',#2194,(#2198,#2205),.PCURVE_S1.);
#2194 = LINE('',#2195,#2196);
#2195 = CARTESIAN_POINT('',(431.00354996615,-55.,-60.14549418873));
#2196 = VECTOR('',#2197,1.);
#2197 = DIRECTION('',(-0.,-1.,-0.));
#2198 = PCURVE('',#1230,#2199);
#2199 = DEFINITIONAL_REPRESENTATION('',(#2200),#2204);
#2200 = LINE('',#2201,#2202);
#2201 = CARTESIAN_POINT('',(18.757980071514,-15.));
#2202 = VECTOR('',#2203,1.);
#2203 = DIRECTION('',(-2.2E-16,1.));
#2204 = ( GEOMETRIC_REPRESENTATION_CONTEXT(2) 
PARAMETRIC_REPRESENTATION_CONTEXT() REPRESENTATION_CONTEXT('2D SPACE',''
  ) );
#2205 = PCURVE('',#1202,#2206);
#2206 = DEFINITIONAL_REPRESENTATION('',(#2207),#2211);
#2207 = LINE('',#2208,#2209);
#2208 = CARTESIAN_POINT('',(36.845494188731,15.));
#2209 = VECTOR('',#2210,1.);
#2210 = DIRECTION('',(0.,1.));
#2211 = ( GEOMETRIC_REPRESENTATION_CONTEXT(2) 
PARAMETRIC_REPRESENTATION_CONTEXT() REPRESENTATION_CONTEXT('2D SPACE',''
  ) );
#2212 = ORIENTED_EDGE('',*,*,#2213,.F.);
#2213 = EDGE_CURVE('',#2214,#2191,#2216,.T.);
#2214 = VERTEX_POINT('',#2215);
#2215 = CARTESIAN_POINT('',(423.81088075724,-70.,-60.14549418873));
#2216 = SURFACE_CURVE('',#2217,(#2221,#2228),.PCURVE_S1.);
#2217 = LINE('',#2218,#2219);
#2218 = CARTESIAN_POINT('',(412.24556989464,-70.,-60.14549418873));
#2219 = VECTOR('',#2220,1.);
#2220 = DIRECTION('',(1.,0.,0.));
#2221 = PCURVE('',#1230,#2222);
#2222 = DEFINITIONAL_REPRESENTATION('',(#2223),#2227);
#2223 = LINE('',#2224,#2225);
#2224 = CARTESIAN_POINT('',(-8.526512829121E-14,1.42108547152E-14));
#2225 = VECTOR('',#2226,1.);
#2226 = DIRECTION('',(1.,2.2E-16));
#2227 = ( GEOMETRIC_REPRESENTATION_CONTEXT(2) 
PARAMETRIC_REPRESENTATION_CONTEXT() REPRESENTATION_CONTEXT('2D SPACE',''
  ) );
#2228 = PCURVE('',#2229,#2234);
#2229 = PLANE('',#2230);
#2230 = AXIS2_PLACEMENT_3D('',#2231,#2232,#2233);
#2231 = CARTESIAN_POINT('',(515.,-70.,-122.9));
#2232 = DIRECTION('',(0.,1.,0.));
#2233 = DIRECTION('',(-1.,0.,0.));
#2234 = DEFINITIONAL_REPRESENTATION('',(#2235),#2239);
#2235 = LINE('',#2236,#2237);
#2236 = CARTESIAN_POINT('',(102.75443010536,62.754505811269));
#2237 = VECTOR('',#2238,1.);
#2238 = DIRECTION('',(-1.,0.));
#2239 = ( GEOMETRIC_REPRESENTATION_CONTEXT(2) 
PARAMETRIC_REPRESENTATION_CONTEXT() REPRESENTATION_CONTEXT('2D SPACE',''
  ) );
#2240 = ORIENTED_EDGE('',*,*,#2241,.F.);
#2241 = EDGE_CURVE('',#2054,#2214,#2242,.T.);
#2242 = SURFACE_CURVE('',#2243,(#2247,#2254),.PCURVE_S1.);
#2243 = LINE('',#2244,#2245);
#2244 = CARTESIAN_POINT('',(423.81088075724,-67.5,-60.14549418873));
#2245 = VECTOR('',#2246,1.);
#2246 = DIRECTION('',(0.,-1.,0.));
#2247 = PCURVE('',#1230,#2248);
#2248 = DEFINITIONAL_REPRESENTATION('',(#2249),#2253);
#2249 = LINE('',#2250,#2251);
#2250 = CARTESIAN_POINT('',(11.565310862604,-2.5));
#2251 = VECTOR('',#2252,1.);
#2252 = DIRECTION('',(-2.2E-16,1.));
#2253 = ( GEOMETRIC_REPRESENTATION_CONTEXT(2) 
PARAMETRIC_REPRESENTATION_CONTEXT() REPRESENTATION_CONTEXT('2D SPACE',''
  ) );
#2254 = PCURVE('',#2255,#2260);
#2255 = PLANE('',#2256);
#2256 = AXIS2_PLACEMENT_3D('',#2257,#2258,#2259);
#2257 = CARTESIAN_POINT('',(423.81088075724,-65.,-37.26319067589));
#2258 = DIRECTION('',(-1.,-0.,-0.));
#2259 = DIRECTION('',(0.,0.,-1.));
#2260 = DEFINITIONAL_REPRESENTATION('',(#2261),#2265);
#2261 = LINE('',#2262,#2263);
#2262 = CARTESIAN_POINT('',(22.88230351284,2.5));
#2263 = VECTOR('',#2264,1.);
#2264 = DIRECTION('',(0.,1.));
#2265 = ( GEOMETRIC_REPRESENTATION_CONTEXT(2) 
PARAMETRIC_REPRESENTATION_CONTEXT() REPRESENTATION_CONTEXT('2D SPACE',''
  ) );
#2266 = ADVANCED_FACE('',(#2267,#2315,#2372),#1202,.F.);
#2267 = FACE_BOUND('',#2268,.F.);
#2268 = EDGE_LOOP('',(#2269,#2270,#2293,#2314));
#2269 = ORIENTED_EDGE('',*,*,#2190,.T.);
#2270 = ORIENTED_EDGE('',*,*,#2271,.T.);
#2271 = EDGE_CURVE('',#2191,#2272,#2274,.T.);
#2272 = VERTEX_POINT('',#2273);
#2273 = CARTESIAN_POINT('',(431.00354996615,-70.,-5.3));
#2274 = SURFACE_CURVE('',#2275,(#2279,#2286),.PCURVE_S1.);
#2275 = LINE('',#2276,#2277);
#2276 = CARTESIAN_POINT('',(431.00354996615,-70.,-73.1));
#2277 = VECTOR('',#2278,1.);
#2278 = DIRECTION('',(0.,0.,1.));
#2279 = PCURVE('',#1202,#2280);
#2280 = DEFINITIONAL_REPRESENTATION('',(#2281),#2285);
#2281 = LINE('',#2282,#2283);
#2282 = CARTESIAN_POINT('',(49.8,30.));
#2283 = VECTOR('',#2284,1.);
#2284 = DIRECTION('',(-1.,-0.));
#2285 = ( GEOMETRIC_REPRESENTATION_CONTEXT(2) 
PARAMETRIC_REPRESENTATION_CONTEXT() REPRESENTATION_CONTEXT('2D SPACE',''
  ) );
#2286 = PCURVE('',#2229,#2287);
#2287 = DEFINITIONAL_REPRESENTATION('',(#2288),#2292);
#2288 = LINE('',#2289,#2290);
#2289 = CARTESIAN_POINT('',(83.996450033846,49.8));
#2290 = VECTOR('',#2291,1.);
#2291 = DIRECTION('',(0.,1.));
#2292 = ( GEOMETRIC_REPRESENTATION_CONTEXT(2) 
PARAMETRIC_REPRESENTATION_CONTEXT() REPRESENTATION_CONTEXT('2D SPACE',''
  ) );
#2293 = ORIENTED_EDGE('',*,*,#2294,.T.);
#2294 = EDGE_CURVE('',#2272,#1159,#2295,.T.);
#2295 = SURFACE_CURVE('',#2296,(#2300,#2307),.PCURVE_S1.);
#2296 = LINE('',#2297,#2298);
#2297 = CARTESIAN_POINT('',(431.00354996615,-40.,-5.3));
#2298 = VECTOR('',#2299,1.);
#2299 = DIRECTION('',(0.,1.,0.));
#2300 = PCURVE('',#1202,#2301);
#2301 = DEFINITIONAL_REPRESENTATION('',(#2302),#2306);
#2302 = LINE('',#2303,#2304);
#2303 = CARTESIAN_POINT('',(-18.,-0.));
#2304 = VECTOR('',#2305,1.);
#2305 = DIRECTION('',(0.,-1.));
#2306 = ( GEOMETRIC_REPRESENTATION_CONTEXT(2) 
PARAMETRIC_REPRESENTATION_CONTEXT() REPRESENTATION_CONTEXT('2D SPACE',''
  ) );
#2307 = PCURVE('',#1174,#2308);
#2308 = DEFINITIONAL_REPRESENTATION('',(#2309),#2313);
#2309 = LINE('',#2310,#2311);
#2310 = CARTESIAN_POINT('',(28.86295019888,0.));
#2311 = VECTOR('',#2312,1.);
#2312 = DIRECTION('',(0.,-1.));
#2313 = ( GEOMETRIC_REPRESENTATION_CONTEXT(2) 
PARAMETRIC_REPRESENTATION_CONTEXT() REPRESENTATION_CONTEXT('2D SPACE',''
  ) );
#2314 = ORIENTED_EDGE('',*,*,#1186,.F.);
#2315 = FACE_BOUND('',#2316,.F.);
#2316 = EDGE_LOOP('',(#2317));
#2317 = ORIENTED_EDGE('',*,*,#2318,.T.);
#2318 = EDGE_CURVE('',#2319,#2319,#2321,.T.);
#2319 = VERTEX_POINT('',#2320);
#2320 = CARTESIAN_POINT('',(431.00354996615,-49.72133542354,-10.5));
#2321 = SURFACE_CURVE('',#2322,(#2327,#2338),.PCURVE_S1.);
#2322 = ELLIPSE('',#2323,1.857066699455,1.85);
#2323 = AXIS2_PLACEMENT_3D('',#2324,#2325,#2326);
#2324 = CARTESIAN_POINT('',(431.00354996615,-47.86426872408,-10.5));
#2325 = DIRECTION('',(1.,0.,0.));
#2326 = DIRECTION('',(0.,1.,0.));
#2327 = PCURVE('',#1202,#2328);
#2328 = DEFINITIONAL_REPRESENTATION('',(#2329),#2337);
#2329 = ( BOUNDED_CURVE() B_SPLINE_CURVE(2,(#2330,#2331,#2332,#2333,
#2334,#2335,#2336),.UNSPECIFIED.,.T.,.F.) B_SPLINE_CURVE_WITH_KNOTS((1,2
    ,2,2,2,1),(-2.094395102393,0.,2.094395102393,4.188790204786,
6.28318530718,8.377580409573),.UNSPECIFIED.) CURVE() 
GEOMETRIC_REPRESENTATION_ITEM() RATIONAL_B_SPLINE_CURVE((1.,0.5,1.,0.5,
1.,0.5,1.)) REPRESENTATION_ITEM('') );
#2330 = CARTESIAN_POINT('',(-12.8,6.00720202463));
#2331 = CARTESIAN_POINT('',(-16.004293994,6.00720202463));
#2332 = CARTESIAN_POINT('',(-14.402146997,8.792802073813));
#2333 = CARTESIAN_POINT('',(-12.8,11.578402122996));
#2334 = CARTESIAN_POINT('',(-11.19785300299,8.792802073813));
#2335 = CARTESIAN_POINT('',(-9.595706005998,6.00720202463));
#2336 = CARTESIAN_POINT('',(-12.8,6.00720202463));
#2337 = ( GEOMETRIC_REPRESENTATION_CONTEXT(2) 
PARAMETRIC_REPRESENTATION_CONTEXT() REPRESENTATION_CONTEXT('2D SPACE',''
  ) );
#2338 = PCURVE('',#2339,#2344);
#2339 = CYLINDRICAL_SURFACE('',#2340,1.85);
#2340 = AXIS2_PLACEMENT_3D('',#2341,#2342,#2343);
#2341 = CARTESIAN_POINT('',(437.48681469474,-48.43148089047,-10.5));
#2342 = DIRECTION('',(-0.996194698092,8.715574274766E-02,0.));
#2343 = DIRECTION('',(8.715574274766E-02,0.996194698092,0.));
#2344 = DEFINITIONAL_REPRESENTATION('',(#2345),#2371);
#2345 = B_SPLINE_CURVE_WITH_KNOTS('',3,(#2346,#2347,#2348,#2349,#2350,
    #2351,#2352,#2353,#2354,#2355,#2356,#2357,#2358,#2359,#2360,#2361,
    #2362,#2363,#2364,#2365,#2366,#2367,#2368,#2369,#2370),
  .UNSPECIFIED.,.F.,.F.,(4,1,1,1,1,1,1,1,1,1,1,1,1,1,1,1,1,1,1,1,1,1,4),
  (3.14159265359,3.427191985734,3.712791317879,3.998390650023,
    4.283989982168,4.569589314312,4.855188646457,5.140787978601,
    5.426387310746,5.711986642891,5.997585975035,6.28318530718,
    6.568784639324,6.854383971469,7.139983303613,7.425582635758,
    7.711181967902,7.996781300047,8.282380632191,8.567979964336,
    8.85357929648,9.139178628625,9.424777960769),.QUASI_UNIFORM_KNOTS.);
#2346 = CARTESIAN_POINT('',(3.14159265359,6.346175719077));
#2347 = CARTESIAN_POINT('',(3.046392876208,6.346091975826));
#2348 = CARTESIAN_POINT('',(2.855993321445,6.350645225394));
#2349 = CARTESIAN_POINT('',(2.570393989301,6.369995414025));
#2350 = CARTESIAN_POINT('',(2.284794657156,6.400589963364));
#2351 = CARTESIAN_POINT('',(1.999195325012,6.439872128582));
#2352 = CARTESIAN_POINT('',(1.713595992867,6.484680444217));
#2353 = CARTESIAN_POINT('',(1.427996660723,6.531379195643));
#2354 = CARTESIAN_POINT('',(1.142397328578,6.576186631313));
#2355 = CARTESIAN_POINT('',(0.856797996434,6.615472316388));
#2356 = CARTESIAN_POINT('',(0.571198664289,6.646053666266));
#2357 = CARTESIAN_POINT('',(0.285599332145,6.665453132887));
#2358 = CARTESIAN_POINT('',(-2.E-17,6.67209909474));
#2359 = CARTESIAN_POINT('',(-0.285599332145,6.665453132887));
#2360 = CARTESIAN_POINT('',(-0.571198664289,6.646053666266));
#2361 = CARTESIAN_POINT('',(-0.856797996434,6.615472316388));
#2362 = CARTESIAN_POINT('',(-1.142397328578,6.576186631313));
#2363 = CARTESIAN_POINT('',(-1.427996660723,6.531379195643));
#2364 = CARTESIAN_POINT('',(-1.713595992867,6.484680444217));
#2365 = CARTESIAN_POINT('',(-1.999195325012,6.439872128582));
#2366 = CARTESIAN_POINT('',(-2.284794657156,6.400589963364));
#2367 = CARTESIAN_POINT('',(-2.570393989301,6.369995414025));
#2368 = CARTESIAN_POINT('',(-2.855993321445,6.350645225394));
#2369 = CARTESIAN_POINT('',(-3.046392876208,6.346091975826));
#2370 = CARTESIAN_POINT('',(-3.14159265359,6.346175719077));
#2371 = ( GEOMETRIC_REPRESENTATION_CONTEXT(2) 
PARAMETRIC_REPRESENTATION_CONTEXT() REPRESENTATION_CONTEXT('2D SPACE',''
  ) );
#2372 = FACE_BOUND('',#2373,.F.);
#2373 = EDGE_LOOP('',(#2374,#2431,#2481));
#2374 = ORIENTED_EDGE('',*,*,#2375,.T.);
#2375 = EDGE_CURVE('',#2376,#2378,#2380,.T.);
#2376 = VERTEX_POINT('',#2377);
#2377 = CARTESIAN_POINT('',(431.00354996615,-64.71633448674,-10.5));
#2378 = VERTEX_POINT('',#2379);
#2379 = CARTESIAN_POINT('',(431.00354996615,-61.00220108783,-10.5));
#2380 = SURFACE_CURVE('',#2381,(#2386,#2397),.PCURVE_S1.);
#2381 = ELLIPSE('',#2382,1.857066699455,1.85);
#2382 = AXIS2_PLACEMENT_3D('',#2383,#2384,#2385);
#2383 = CARTESIAN_POINT('',(431.00354996615,-62.85926778729,-10.5));
#2384 = DIRECTION('',(1.,0.,0.));
#2385 = DIRECTION('',(0.,1.,0.));
#2386 = PCURVE('',#1202,#2387);
#2387 = DEFINITIONAL_REPRESENTATION('',(#2388),#2396);
#2388 = ( BOUNDED_CURVE() B_SPLINE_CURVE(2,(#2389,#2390,#2391,#2392,
#2393,#2394,#2395),.UNSPECIFIED.,.T.,.F.) B_SPLINE_CURVE_WITH_KNOTS((1,2
    ,2,2,2,1),(-2.094395102393,0.,2.094395102393,4.188790204786,
6.28318530718,8.377580409573),.UNSPECIFIED.) CURVE() 
GEOMETRIC_REPRESENTATION_ITEM() RATIONAL_B_SPLINE_CURVE((1.,0.5,1.,0.5,
1.,0.5,1.)) REPRESENTATION_ITEM('') );
#2389 = CARTESIAN_POINT('',(-12.8,21.002201087835));
#2390 = CARTESIAN_POINT('',(-16.004293994,21.002201087835));
#2391 = CARTESIAN_POINT('',(-14.402146997,23.787801137018));
#2392 = CARTESIAN_POINT('',(-12.8,26.573401186201));
#2393 = CARTESIAN_POINT('',(-11.19785300299,23.787801137018));
#2394 = CARTESIAN_POINT('',(-9.595706005998,21.002201087835));
#2395 = CARTESIAN_POINT('',(-12.8,21.002201087835));
#2396 = ( GEOMETRIC_REPRESENTATION_CONTEXT(2) 
PARAMETRIC_REPRESENTATION_CONTEXT() REPRESENTATION_CONTEXT('2D SPACE',''
  ) );
#2397 = PCURVE('',#2398,#2403);
#2398 = CYLINDRICAL_SURFACE('',#2399,1.85);
#2399 = AXIS2_PLACEMENT_3D('',#2400,#2401,#2402);
#2400 = CARTESIAN_POINT('',(436.18488756401,-63.312576089,-10.5));
#2401 = DIRECTION('',(-0.996194698092,8.715574274766E-02,0.));
#2402 = DIRECTION('',(8.715574274766E-02,0.996194698092,0.));
#2403 = DEFINITIONAL_REPRESENTATION('',(#2404),#2430);
#2404 = B_SPLINE_CURVE_WITH_KNOTS('',3,(#2405,#2406,#2407,#2408,#2409,
    #2410,#2411,#2412,#2413,#2414,#2415,#2416,#2417,#2418,#2419,#2420,
    #2421,#2422,#2423,#2424,#2425,#2426,#2427,#2428,#2429),
  .UNSPECIFIED.,.F.,.F.,(4,1,1,1,1,1,1,1,1,1,1,1,1,1,1,1,1,1,1,1,1,1,4),
  (3.14159265359,3.284392319662,3.427191985734,3.569991651807,
    3.712791317879,3.855590983951,3.998390650023,4.141190316096,
    4.283989982168,4.42678964824,4.569589314312,4.712388980385,
    4.855188646457,4.997988312529,5.140787978601,5.283587644674,
    5.426387310746,5.569186976818,5.711986642891,5.854786308963,
    5.997585975035,6.140385641107,6.28318530718),.QUASI_UNIFORM_KNOTS.);
#2405 = CARTESIAN_POINT('',(9.424777960769,5.039275438222));
#2406 = CARTESIAN_POINT('',(9.377178072079,5.039269924556));
#2407 = CARTESIAN_POINT('',(9.281978294697,5.040380029909));
#2408 = CARTESIAN_POINT('',(9.139178628625,5.045302281573));
#2409 = CARTESIAN_POINT('',(8.996378962553,5.053400825313));
#2410 = CARTESIAN_POINT('',(8.85357929648,5.064505599573));
#2411 = CARTESIAN_POINT('',(8.710779630408,5.078391936123));
#2412 = CARTESIAN_POINT('',(8.567979964336,5.094776775956));
#2413 = CARTESIAN_POINT('',(8.425180298264,5.113326670991));
#2414 = CARTESIAN_POINT('',(8.282380632191,5.133663972062));
#2415 = CARTESIAN_POINT('',(8.139580966119,5.155374677546));
#2416 = CARTESIAN_POINT('',(7.996781300047,5.178016818169));
#2417 = CARTESIAN_POINT('',(7.853981633974,5.201129465745));
#2418 = CARTESIAN_POINT('',(7.711181967902,5.224242113322));
#2419 = CARTESIAN_POINT('',(7.56838230183,5.246884253944));
#2420 = CARTESIAN_POINT('',(7.425582635758,5.268594959429));
#2421 = CARTESIAN_POINT('',(7.282782969685,5.2889322605));
#2422 = CARTESIAN_POINT('',(7.139983303613,5.307482155534));
#2423 = CARTESIAN_POINT('',(6.997183637541,5.323866995367));
#2424 = CARTESIAN_POINT('',(6.854383971469,5.337753331917));
#2425 = CARTESIAN_POINT('',(6.711584305396,5.348858106177));
#2426 = CARTESIAN_POINT('',(6.568784639324,5.356956649917));
#2427 = CARTESIAN_POINT('',(6.425984973252,5.361878901581));
#2428 = CARTESIAN_POINT('',(6.33078519587,5.362989006934));
#2429 = CARTESIAN_POINT('',(6.28318530718,5.362983493268));
#2430 = ( GEOMETRIC_REPRESENTATION_CONTEXT(2) 
PARAMETRIC_REPRESENTATION_CONTEXT() REPRESENTATION_CONTEXT('2D SPACE',''
  ) );
#2431 = ORIENTED_EDGE('',*,*,#2432,.T.);
#2432 = EDGE_CURVE('',#2378,#2433,#2435,.T.);
#2433 = VERTEX_POINT('',#2434);
#2434 = CARTESIAN_POINT('',(431.00354979386,-62.85926778011,-8.65));
#2435 = SURFACE_CURVE('',#2436,(#2441,#2452),.PCURVE_S1.);
#2436 = ELLIPSE('',#2437,1.857066699455,1.85);
#2437 = AXIS2_PLACEMENT_3D('',#2438,#2439,#2440);
#2438 = CARTESIAN_POINT('',(431.00354996615,-62.85926778729,-10.5));
#2439 = DIRECTION('',(1.,0.,0.));
#2440 = DIRECTION('',(0.,1.,0.));
#2441 = PCURVE('',#1202,#2442);
#2442 = DEFINITIONAL_REPRESENTATION('',(#2443),#2451);
#2443 = ( BOUNDED_CURVE() B_SPLINE_CURVE(2,(#2444,#2445,#2446,#2447,
#2448,#2449,#2450),.UNSPECIFIED.,.T.,.F.) B_SPLINE_CURVE_WITH_KNOTS((1,2
    ,2,2,2,1),(-2.094395102393,0.,2.094395102393,4.188790204786,
6.28318530718,8.377580409573),.UNSPECIFIED.) CURVE() 
GEOMETRIC_REPRESENTATION_ITEM() RATIONAL_B_SPLINE_CURVE((1.,0.5,1.,0.5,
1.,0.5,1.)) REPRESENTATION_ITEM('') );
#2444 = CARTESIAN_POINT('',(-12.8,21.002201087835));
#2445 = CARTESIAN_POINT('',(-16.004293994,21.002201087835));
#2446 = CARTESIAN_POINT('',(-14.402146997,23.787801137018));
#2447 = CARTESIAN_POINT('',(-12.8,26.573401186201));
#2448 = CARTESIAN_POINT('',(-11.19785300299,23.787801137018));
#2449 = CARTESIAN_POINT('',(-9.595706005998,21.002201087835));
#2450 = CARTESIAN_POINT('',(-12.8,21.002201087835));
#2451 = ( GEOMETRIC_REPRESENTATION_CONTEXT(2) 
PARAMETRIC_REPRESENTATION_CONTEXT() REPRESENTATION_CONTEXT('2D SPACE',''
  ) );
#2452 = PCURVE('',#2398,#2453);
#2453 = DEFINITIONAL_REPRESENTATION('',(#2454),#2480);
#2454 = B_SPLINE_CURVE_WITH_KNOTS('',3,(#2455,#2456,#2457,#2458,#2459,
    #2460,#2461,#2462,#2463,#2464,#2465,#2466,#2467,#2468,#2469,#2470,
    #2471,#2472,#2473,#2474,#2475,#2476,#2477,#2478,#2479),
  .UNSPECIFIED.,.F.,.F.,(4,1,1,1,1,1,1,1,1,1,1,1,1,1,1,1,1,1,1,1,1,1,4),
  (6.28318530718,6.35458514004,6.4259849729,6.497384805761,
    6.568784638621,6.640184471482,6.711584304342,6.782984137203,
    6.854383970063,6.925783802923,6.997183635784,7.068583468644,
    7.139983301505,7.211383134365,7.282782967226,7.354182800086,
    7.425582632947,7.496982465807,7.568382298667,7.639782131528,
    7.711181964388,7.782581797249,7.853981630109),
  .QUASI_UNIFORM_KNOTS.);
#2455 = CARTESIAN_POINT('',(6.28318530718,5.362983493268));
#2456 = CARTESIAN_POINT('',(6.259385362893,5.362983842315));
#2457 = CARTESIAN_POINT('',(6.211785474319,5.362708173912));
#2458 = CARTESIAN_POINT('',(6.140385641459,5.361472274385));
#2459 = CARTESIAN_POINT('',(6.068985808598,5.359419044449));
#2460 = CARTESIAN_POINT('',(5.997585975738,5.356559276831));
#2461 = CARTESIAN_POINT('',(5.926186142877,5.352907455845));
#2462 = CARTESIAN_POINT('',(5.854786310017,5.348482214022));
#2463 = CARTESIAN_POINT('',(5.783386477157,5.343306095033));
#2464 = CARTESIAN_POINT('',(5.711986644296,5.337405476893));
#2465 = CARTESIAN_POINT('',(5.640586811436,5.330810427345));
#2466 = CARTESIAN_POINT('',(5.569186978575,5.323554553371));
#2467 = CARTESIAN_POINT('',(5.497787145715,5.315674829209));
#2468 = CARTESIAN_POINT('',(5.426387312854,5.307211408135));
#2469 = CARTESIAN_POINT('',(5.354987479994,5.298207417802));
#2470 = CARTESIAN_POINT('',(5.283587647134,5.288708740481));
#2471 = CARTESIAN_POINT('',(5.212187814273,5.278763779245));
#2472 = CARTESIAN_POINT('',(5.140787981413,5.268423211377));
#2473 = CARTESIAN_POINT('',(5.069388148552,5.25773972989));
#2474 = CARTESIAN_POINT('',(4.997988315692,5.246767775912));
#2475 = CARTESIAN_POINT('',(4.926588482831,5.235563257934));
#2476 = CARTESIAN_POINT('',(4.855188649971,5.224183279344));
#2477 = CARTESIAN_POINT('',(4.78378881711,5.212685801041));
#2478 = CARTESIAN_POINT('',(4.736188928537,5.204981613187));
#2479 = CARTESIAN_POINT('',(4.71238898425,5.201129466371));
#2480 = ( GEOMETRIC_REPRESENTATION_CONTEXT(2) 
PARAMETRIC_REPRESENTATION_CONTEXT() REPRESENTATION_CONTEXT('2D SPACE',''
  ) );
#2481 = ORIENTED_EDGE('',*,*,#2482,.T.);
#2482 = EDGE_CURVE('',#2433,#2376,#2483,.T.);
#2483 = SURFACE_CURVE('',#2484,(#2489,#2500),.PCURVE_S1.);
#2484 = ELLIPSE('',#2485,1.857066699455,1.85);
#2485 = AXIS2_PLACEMENT_3D('',#2486,#2487,#2488);
#2486 = CARTESIAN_POINT('',(431.00354996615,-62.85926778729,-10.5));
#2487 = DIRECTION('',(1.,0.,0.));
#2488 = DIRECTION('',(0.,1.,0.));
#2489 = PCURVE('',#1202,#2490);
#2490 = DEFINITIONAL_REPRESENTATION('',(#2491),#2499);
#2491 = ( BOUNDED_CURVE() B_SPLINE_CURVE(2,(#2492,#2493,#2494,#2495,
#2496,#2497,#2498),.UNSPECIFIED.,.T.,.F.) B_SPLINE_CURVE_WITH_KNOTS((1,2
    ,2,2,2,1),(-2.094395102393,0.,2.094395102393,4.188790204786,
6.28318530718,8.377580409573),.UNSPECIFIED.) CURVE() 
GEOMETRIC_REPRESENTATION_ITEM() RATIONAL_B_SPLINE_CURVE((1.,0.5,1.,0.5,
1.,0.5,1.)) REPRESENTATION_ITEM('') );
#2492 = CARTESIAN_POINT('',(-12.8,21.002201087835));
#2493 = CARTESIAN_POINT('',(-16.004293994,21.002201087835));
#2494 = CARTESIAN_POINT('',(-14.402146997,23.787801137018));
#2495 = CARTESIAN_POINT('',(-12.8,26.573401186201));
#2496 = CARTESIAN_POINT('',(-11.19785300299,23.787801137018));
#2497 = CARTESIAN_POINT('',(-9.595706005998,21.002201087835));
#2498 = CARTESIAN_POINT('',(-12.8,21.002201087835));
#2499 = ( GEOMETRIC_REPRESENTATION_CONTEXT(2) 
PARAMETRIC_REPRESENTATION_CONTEXT() REPRESENTATION_CONTEXT('2D SPACE',''
  ) );
#2500 = PCURVE('',#2398,#2501);
#2501 = DEFINITIONAL_REPRESENTATION('',(#2502),#2528);
#2502 = B_SPLINE_CURVE_WITH_KNOTS('',3,(#2503,#2504,#2505,#2506,#2507,
    #2508,#2509,#2510,#2511,#2512,#2513,#2514,#2515,#2516,#2517,#2518,
    #2519,#2520,#2521,#2522,#2523,#2524,#2525,#2526,#2527),
  .UNSPECIFIED.,.F.,.F.,(4,1,1,1,1,1,1,1,1,1,1,1,1,1,1,1,1,1,1,1,1,1,4),
  (7.853981630109,7.925381463321,7.996781296533,8.068181129745,
    8.139580962956,8.210980796168,8.28238062938,8.353780462592,
    8.425180295804,8.496580129016,8.567979962227,8.639379795439,
    8.710779628651,8.782179461863,8.853579295075,8.924979128287,
    8.996378961498,9.06777879471,9.139178627922,9.210578461134,
    9.281978294346,9.353378127558,9.424777960769),
  .QUASI_UNIFORM_KNOTS.);
#2503 = CARTESIAN_POINT('',(4.71238898425,5.201129466371));
#2504 = CARTESIAN_POINT('',(4.688589039846,5.197277319535));
#2505 = CARTESIAN_POINT('',(4.640989151038,5.189573131641));
#2506 = CARTESIAN_POINT('',(4.569589317826,5.178075653272));
#2507 = CARTESIAN_POINT('',(4.498189484615,5.166695674613));
#2508 = CARTESIAN_POINT('',(4.426789651403,5.155491156561));
#2509 = CARTESIAN_POINT('',(4.355389818191,5.144519202507));
#2510 = CARTESIAN_POINT('',(4.283989984979,5.133835720942));
#2511 = CARTESIAN_POINT('',(4.212590151767,5.123495152994));
#2512 = CARTESIAN_POINT('',(4.141190318555,5.113550191679));
#2513 = CARTESIAN_POINT('',(4.069790485344,5.10405151428));
#2514 = CARTESIAN_POINT('',(3.998390652132,5.09504752387));
#2515 = CARTESIAN_POINT('',(3.92699081892,5.086584102723));
#2516 = CARTESIAN_POINT('',(3.855590985708,5.078704378491));
#2517 = CARTESIAN_POINT('',(3.784191152496,5.071448504451));
#2518 = CARTESIAN_POINT('',(3.712791319284,5.064853454842));
#2519 = CARTESIAN_POINT('',(3.641391486073,5.058952836647));
#2520 = CARTESIAN_POINT('',(3.569991652861,5.053776717609));
#2521 = CARTESIAN_POINT('',(3.498591819649,5.049351475743));
#2522 = CARTESIAN_POINT('',(3.427191986437,5.045699654722));
#2523 = CARTESIAN_POINT('',(3.355792153225,5.042839887076));
#2524 = CARTESIAN_POINT('',(3.284392320013,5.04078665712));
#2525 = CARTESIAN_POINT('',(3.212992486802,5.039550757581));
#2526 = CARTESIAN_POINT('',(3.165392597994,5.039275089175));
#2527 = CARTESIAN_POINT('',(3.14159265359,5.039275438222));
#2528 = ( GEOMETRIC_REPRESENTATION_CONTEXT(2) 
PARAMETRIC_REPRESENTATION_CONTEXT() REPRESENTATION_CONTEXT('2D SPACE',''
  ) );
#2529 = ADVANCED_FACE('',(#2530),#1174,.F.);
#2530 = FACE_BOUND('',#2531,.T.);
#2531 = EDGE_LOOP('',(#2532,#2555,#2556,#2557,#2580,#2608,#2637));
#2532 = ORIENTED_EDGE('',*,*,#2533,.F.);
#2533 = EDGE_CURVE('',#2272,#2534,#2536,.T.);
#2534 = VERTEX_POINT('',#2535);
#2535 = CARTESIAN_POINT('',(443.63037248396,-70.,-5.3));
#2536 = SURFACE_CURVE('',#2537,(#2541,#2548),.PCURVE_S1.);
#2537 = LINE('',#2538,#2539);
#2538 = CARTESIAN_POINT('',(487.43325008251,-70.,-5.3));
#2539 = VECTOR('',#2540,1.);
#2540 = DIRECTION('',(1.,0.,0.));
#2541 = PCURVE('',#1174,#2542);
#2542 = DEFINITIONAL_REPRESENTATION('',(#2543),#2547);
#2543 = LINE('',#2544,#2545);
#2544 = CARTESIAN_POINT('',(-27.56674991748,30.));
#2545 = VECTOR('',#2546,1.);
#2546 = DIRECTION('',(-1.,0.));
#2547 = ( GEOMETRIC_REPRESENTATION_CONTEXT(2) 
PARAMETRIC_REPRESENTATION_CONTEXT() REPRESENTATION_CONTEXT('2D SPACE',''
  ) );
#2548 = PCURVE('',#2229,#2549);
#2549 = DEFINITIONAL_REPRESENTATION('',(#2550),#2554);
#2550 = LINE('',#2551,#2552);
#2551 = CARTESIAN_POINT('',(27.566749917483,117.6));
#2552 = VECTOR('',#2553,1.);
#2553 = DIRECTION('',(-1.,0.));
#2554 = ( GEOMETRIC_REPRESENTATION_CONTEXT(2) 
PARAMETRIC_REPRESENTATION_CONTEXT() REPRESENTATION_CONTEXT('2D SPACE',''
  ) );
#2555 = ORIENTED_EDGE('',*,*,#2294,.T.);
#2556 = ORIENTED_EDGE('',*,*,#1158,.T.);
#2557 = ORIENTED_EDGE('',*,*,#2558,.T.);
#2558 = EDGE_CURVE('',#1131,#2559,#2561,.T.);
#2559 = VERTEX_POINT('',#2560);
#2560 = CARTESIAN_POINT('',(449.20354996615,-43.5,-5.3));
#2561 = SURFACE_CURVE('',#2562,(#2566,#2573),.PCURVE_S1.);
#2562 = LINE('',#2563,#2564);
#2563 = CARTESIAN_POINT('',(449.20354996615,-41.75,-5.3));
#2564 = VECTOR('',#2565,1.);
#2565 = DIRECTION('',(0.,-1.,0.));
#2566 = PCURVE('',#1174,#2567);
#2567 = DEFINITIONAL_REPRESENTATION('',(#2568),#2572);
#2568 = LINE('',#2569,#2570);
#2569 = CARTESIAN_POINT('',(10.66295019888,1.75));
#2570 = VECTOR('',#2571,1.);
#2571 = DIRECTION('',(0.,1.));
#2572 = ( GEOMETRIC_REPRESENTATION_CONTEXT(2) 
PARAMETRIC_REPRESENTATION_CONTEXT() REPRESENTATION_CONTEXT('2D SPACE',''
  ) );
#2573 = PCURVE('',#1146,#2574);
#2574 = DEFINITIONAL_REPRESENTATION('',(#2575),#2579);
#2575 = LINE('',#2576,#2577);
#2576 = CARTESIAN_POINT('',(1.75,64.2));
#2577 = VECTOR('',#2578,1.);
#2578 = DIRECTION('',(-1.,0.));
#2579 = ( GEOMETRIC_REPRESENTATION_CONTEXT(2) 
PARAMETRIC_REPRESENTATION_CONTEXT() REPRESENTATION_CONTEXT('2D SPACE',''
  ) );
#2580 = ORIENTED_EDGE('',*,*,#2581,.F.);
#2581 = EDGE_CURVE('',#2582,#2559,#2584,.T.);
#2582 = VERTEX_POINT('',#2583);
#2583 = CARTESIAN_POINT('',(444.35543436296,-48.34811560318,-5.3));
#2584 = SURFACE_CURVE('',#2585,(#2589,#2596),.PCURVE_S1.);
#2585 = LINE('',#2586,#2587);
#2586 = CARTESIAN_POINT('',(451.92779093494,-40.7757590312,-5.3));
#2587 = VECTOR('',#2588,1.);
#2588 = DIRECTION('',(0.707106781187,0.707106781187,0.));
#2589 = PCURVE('',#1174,#2590);
#2590 = DEFINITIONAL_REPRESENTATION('',(#2591),#2595);
#2591 = LINE('',#2592,#2593);
#2592 = CARTESIAN_POINT('',(7.938709230088,0.775759031208));
#2593 = VECTOR('',#2594,1.);
#2594 = DIRECTION('',(-0.707106781187,-0.707106781187));
#2595 = ( GEOMETRIC_REPRESENTATION_CONTEXT(2) 
PARAMETRIC_REPRESENTATION_CONTEXT() REPRESENTATION_CONTEXT('2D SPACE',''
  ) );
#2596 = PCURVE('',#2597,#2602);
#2597 = PLANE('',#2598);
#2598 = AXIS2_PLACEMENT_3D('',#2599,#2600,#2601);
#2599 = CARTESIAN_POINT('',(447.57055680429,-45.13299316185,58.9));
#2600 = DIRECTION('',(0.707106781187,-0.707106781187,0.));
#2601 = DIRECTION('',(-0.707106781187,-0.707106781187,0.));
#2602 = DEFINITIONAL_REPRESENTATION('',(#2603),#2607);
#2603 = LINE('',#2604,#2605);
#2604 = CARTESIAN_POINT('',(-6.162059601997,64.2));
#2605 = VECTOR('',#2606,1.);
#2606 = DIRECTION('',(-1.,0.));
#2607 = ( GEOMETRIC_REPRESENTATION_CONTEXT(2) 
PARAMETRIC_REPRESENTATION_CONTEXT() REPRESENTATION_CONTEXT('2D SPACE',''
  ) );
#2608 = ORIENTED_EDGE('',*,*,#2609,.T.);
#2609 = EDGE_CURVE('',#2582,#2610,#2612,.T.);
#2610 = VERTEX_POINT('',#2611);
#2611 = CARTESIAN_POINT('',(444.35983358664,-61.66222144351,-5.3));
#2612 = SURFACE_CURVE('',#2613,(#2618,#2625),.PCURVE_S1.);
#2613 = CIRCLE('',#2614,17.);
#2614 = AXIS2_PLACEMENT_3D('',#2615,#2616,#2617);
#2615 = CARTESIAN_POINT('',(460.,-55.,-5.3));
#2616 = DIRECTION('',(0.,0.,1.));
#2617 = DIRECTION('',(-1.,0.,0.));
#2618 = PCURVE('',#1174,#2619);
#2619 = DEFINITIONAL_REPRESENTATION('',(#2620),#2624);
#2620 = CIRCLE('',#2621,17.);
#2621 = AXIS2_PLACEMENT_2D('',#2622,#2623);
#2622 = CARTESIAN_POINT('',(-0.133499834966,15.));
#2623 = DIRECTION('',(1.,0.));
#2624 = ( GEOMETRIC_REPRESENTATION_CONTEXT(2) 
PARAMETRIC_REPRESENTATION_CONTEXT() REPRESENTATION_CONTEXT('2D SPACE',''
  ) );
#2625 = PCURVE('',#2626,#2631);
#2626 = CYLINDRICAL_SURFACE('',#2627,17.);
#2627 = AXIS2_PLACEMENT_3D('',#2628,#2629,#2630);
#2628 = CARTESIAN_POINT('',(460.,-55.,58.7));
#2629 = DIRECTION('',(0.,0.,1.));
#2630 = DIRECTION('',(-1.,0.,0.));
#2631 = DEFINITIONAL_REPRESENTATION('',(#2632),#2636);
#2632 = LINE('',#2633,#2634);
#2633 = CARTESIAN_POINT('',(-6.28318530718,-64.));
#2634 = VECTOR('',#2635,1.);
#2635 = DIRECTION('',(1.,0.));
#2636 = ( GEOMETRIC_REPRESENTATION_CONTEXT(2) 
PARAMETRIC_REPRESENTATION_CONTEXT() REPRESENTATION_CONTEXT('2D SPACE',''
  ) );
#2637 = ORIENTED_EDGE('',*,*,#2638,.T.);
#2638 = EDGE_CURVE('',#2610,#2534,#2639,.T.);
#2639 = SURFACE_CURVE('',#2640,(#2644,#2651),.PCURVE_S1.);
#2640 = LINE('',#2641,#2642);
#2641 = CARTESIAN_POINT('',(444.99439963192,-54.40909835636,-5.3));
#2642 = VECTOR('',#2643,1.);
#2643 = DIRECTION('',(-8.715574274766E-02,-0.996194698092,0.));
#2644 = PCURVE('',#1174,#2645);
#2645 = DEFINITIONAL_REPRESENTATION('',(#2646),#2650);
#2646 = LINE('',#2647,#2648);
#2647 = CARTESIAN_POINT('',(14.872100533107,14.409098356362));
#2648 = VECTOR('',#2649,1.);
#2649 = DIRECTION('',(8.715574274766E-02,0.996194698092));
#2650 = ( GEOMETRIC_REPRESENTATION_CONTEXT(2) 
PARAMETRIC_REPRESENTATION_CONTEXT() REPRESENTATION_CONTEXT('2D SPACE',''
  ) );
#2651 = PCURVE('',#2652,#2657);
#2652 = PLANE('',#2653);
#2653 = AXIS2_PLACEMENT_3D('',#2654,#2655,#2656);
#2654 = CARTESIAN_POINT('',(443.63037248396,-70.,58.9));
#2655 = DIRECTION('',(-0.996194698092,8.715574274766E-02,0.));
#2656 = DIRECTION('',(8.715574274766E-02,0.996194698092,0.));
#2657 = DEFINITIONAL_REPRESENTATION('',(#2658),#2662);
#2658 = LINE('',#2659,#2660);
#2659 = CARTESIAN_POINT('',(15.650456355071,64.2));
#2660 = VECTOR('',#2661,1.);
#2661 = DIRECTION('',(-1.,-0.));
#2662 = ( GEOMETRIC_REPRESENTATION_CONTEXT(2) 
PARAMETRIC_REPRESENTATION_CONTEXT() REPRESENTATION_CONTEXT('2D SPACE',''
  ) );
#2663 = ADVANCED_FACE('',(#2664),#1146,.F.);
#2664 = FACE_BOUND('',#2665,.T.);
#2665 = EDGE_LOOP('',(#2666,#2667,#2668,#2691));
#2666 = ORIENTED_EDGE('',*,*,#2558,.F.);
#2667 = ORIENTED_EDGE('',*,*,#1130,.F.);
#2668 = ORIENTED_EDGE('',*,*,#2669,.F.);
#2669 = EDGE_CURVE('',#2670,#1103,#2672,.T.);
#2670 = VERTEX_POINT('',#2671);
#2671 = CARTESIAN_POINT('',(449.20354996615,-43.5,58.9));
#2672 = SURFACE_CURVE('',#2673,(#2677,#2684),.PCURVE_S1.);
#2673 = LINE('',#2674,#2675);
#2674 = CARTESIAN_POINT('',(449.20354996615,-49.25,58.9));
#2675 = VECTOR('',#2676,1.);
#2676 = DIRECTION('',(0.,1.,0.));
#2677 = PCURVE('',#1146,#2678);
#2678 = DEFINITIONAL_REPRESENTATION('',(#2679),#2683);
#2679 = LINE('',#2680,#2681);
#2680 = CARTESIAN_POINT('',(-5.75,-9.947598300641E-14));
#2681 = VECTOR('',#2682,1.);
#2682 = DIRECTION('',(1.,0.));
#2683 = ( GEOMETRIC_REPRESENTATION_CONTEXT(2) 
PARAMETRIC_REPRESENTATION_CONTEXT() REPRESENTATION_CONTEXT('2D SPACE',''
  ) );
#2684 = PCURVE('',#1118,#2685);
#2685 = DEFINITIONAL_REPRESENTATION('',(#2686),#2690);
#2686 = LINE('',#2687,#2688);
#2687 = CARTESIAN_POINT('',(99.203549966154,-5.75));
#2688 = VECTOR('',#2689,1.);
#2689 = DIRECTION('',(0.,-1.));
#2690 = ( GEOMETRIC_REPRESENTATION_CONTEXT(2) 
PARAMETRIC_REPRESENTATION_CONTEXT() REPRESENTATION_CONTEXT('2D SPACE',''
  ) );
#2691 = ORIENTED_EDGE('',*,*,#2692,.F.);
#2692 = EDGE_CURVE('',#2559,#2670,#2693,.T.);
#2693 = SURFACE_CURVE('',#2694,(#2698,#2705),.PCURVE_S1.);
#2694 = LINE('',#2695,#2696);
#2695 = CARTESIAN_POINT('',(449.20354996615,-43.5,58.9));
#2696 = VECTOR('',#2697,1.);
#2697 = DIRECTION('',(0.,0.,1.));
#2698 = PCURVE('',#1146,#2699);
#2699 = DEFINITIONAL_REPRESENTATION('',(#2700),#2704);
#2700 = LINE('',#2701,#2702);
#2701 = CARTESIAN_POINT('',(0.,0.));
#2702 = VECTOR('',#2703,1.);
#2703 = DIRECTION('',(0.,-1.));
#2704 = ( GEOMETRIC_REPRESENTATION_CONTEXT(2) 
PARAMETRIC_REPRESENTATION_CONTEXT() REPRESENTATION_CONTEXT('2D SPACE',''
  ) );
#2705 = PCURVE('',#2597,#2706);
#2706 = DEFINITIONAL_REPRESENTATION('',(#2707),#2711);
#2707 = LINE('',#2708,#2709);
#2708 = CARTESIAN_POINT('',(-2.309401076758,0.));
#2709 = VECTOR('',#2710,1.);
#2710 = DIRECTION('',(0.,-1.));
#2711 = ( GEOMETRIC_REPRESENTATION_CONTEXT(2) 
PARAMETRIC_REPRESENTATION_CONTEXT() REPRESENTATION_CONTEXT('2D SPACE',''
  ) );
#2712 = ADVANCED_FACE('',(#2713,#2943,#2974),#1118,.F.);
#2713 = FACE_BOUND('',#2714,.T.);
#2714 = EDGE_LOOP('',(#2715,#2741,#2762,#2763,#2764,#2787,#2815,#2843,
    #2871,#2899,#2922));
#2715 = ORIENTED_EDGE('',*,*,#2716,.T.);
#2716 = EDGE_CURVE('',#2717,#2719,#2721,.T.);
#2717 = VERTEX_POINT('',#2718);
#2718 = CARTESIAN_POINT('',(444.35983358664,-61.66222144351,58.9));
#2719 = VERTEX_POINT('',#2720);
#2720 = CARTESIAN_POINT('',(444.35543436296,-48.34811560318,58.9));
#2721 = SURFACE_CURVE('',#2722,(#2727,#2734),.PCURVE_S1.);
#2722 = CIRCLE('',#2723,17.);
#2723 = AXIS2_PLACEMENT_3D('',#2724,#2725,#2726);
#2724 = CARTESIAN_POINT('',(460.,-55.,58.9));
#2725 = DIRECTION('',(0.,0.,-1.));
#2726 = DIRECTION('',(-1.,0.,0.));
#2727 = PCURVE('',#1118,#2728);
#2728 = DEFINITIONAL_REPRESENTATION('',(#2729),#2733);
#2729 = CIRCLE('',#2730,17.);
#2730 = AXIS2_PLACEMENT_2D('',#2731,#2732);
#2731 = CARTESIAN_POINT('',(110.,0.));
#2732 = DIRECTION('',(-1.,0.));
#2733 = ( GEOMETRIC_REPRESENTATION_CONTEXT(2) 
PARAMETRIC_REPRESENTATION_CONTEXT() REPRESENTATION_CONTEXT('2D SPACE',''
  ) );
#2734 = PCURVE('',#2626,#2735);
#2735 = DEFINITIONAL_REPRESENTATION('',(#2736),#2740);
#2736 = LINE('',#2737,#2738);
#2737 = CARTESIAN_POINT('',(6.28318530718,0.2));
#2738 = VECTOR('',#2739,1.);
#2739 = DIRECTION('',(-1.,0.));
#2740 = ( GEOMETRIC_REPRESENTATION_CONTEXT(2) 
PARAMETRIC_REPRESENTATION_CONTEXT() REPRESENTATION_CONTEXT('2D SPACE',''
  ) );
#2741 = ORIENTED_EDGE('',*,*,#2742,.T.);
#2742 = EDGE_CURVE('',#2719,#2670,#2743,.T.);
#2743 = SURFACE_CURVE('',#2744,(#2748,#2755),.PCURVE_S1.);
#2744 = LINE('',#2745,#2746);
#2745 = CARTESIAN_POINT('',(420.71116589368,-71.99238407246,58.9));
#2746 = VECTOR('',#2747,1.);
#2747 = DIRECTION('',(0.707106781187,0.707106781187,0.));
#2748 = PCURVE('',#1118,#2749);
#2749 = DEFINITIONAL_REPRESENTATION('',(#2750),#2754);
#2750 = LINE('',#2751,#2752);
#2751 = CARTESIAN_POINT('',(70.711165893688,16.992384072466));
#2752 = VECTOR('',#2753,1.);
#2753 = DIRECTION('',(0.707106781187,-0.707106781187));
#2754 = ( GEOMETRIC_REPRESENTATION_CONTEXT(2) 
PARAMETRIC_REPRESENTATION_CONTEXT() REPRESENTATION_CONTEXT('2D SPACE',''
  ) );
#2755 = PCURVE('',#2597,#2756);
#2756 = DEFINITIONAL_REPRESENTATION('',(#2757),#2761);
#2757 = LINE('',#2758,#2759);
#2758 = CARTESIAN_POINT('',(37.984914902866,-9.947598300641E-14));
#2759 = VECTOR('',#2760,1.);
#2760 = DIRECTION('',(-1.,0.));
#2761 = ( GEOMETRIC_REPRESENTATION_CONTEXT(2) 
PARAMETRIC_REPRESENTATION_CONTEXT() REPRESENTATION_CONTEXT('2D SPACE',''
  ) );
#2762 = ORIENTED_EDGE('',*,*,#2669,.T.);
#2763 = ORIENTED_EDGE('',*,*,#1102,.T.);
#2764 = ORIENTED_EDGE('',*,*,#2765,.T.);
#2765 = EDGE_CURVE('',#1075,#2766,#2768,.T.);
#2766 = VERTEX_POINT('',#2767);
#2767 = CARTESIAN_POINT('',(427.39748194627,14.402283181145,58.9));
#2768 = SURFACE_CURVE('',#2769,(#2773,#2780),.PCURVE_S1.);
#2769 = LINE('',#2770,#2771);
#2770 = CARTESIAN_POINT('',(425.55120675724,-6.700738794785,58.9));
#2771 = VECTOR('',#2772,1.);
#2772 = DIRECTION('',(8.715574274766E-02,0.996194698092,0.));
#2773 = PCURVE('',#1118,#2774);
#2774 = DEFINITIONAL_REPRESENTATION('',(#2775),#2779);
#2775 = LINE('',#2776,#2777);
#2776 = CARTESIAN_POINT('',(75.551206757241,-48.29926120521));
#2777 = VECTOR('',#2778,1.);
#2778 = DIRECTION('',(8.715574274766E-02,-0.996194698092));
#2779 = ( GEOMETRIC_REPRESENTATION_CONTEXT(2) 
PARAMETRIC_REPRESENTATION_CONTEXT() REPRESENTATION_CONTEXT('2D SPACE',''
  ) );
#2780 = PCURVE('',#1090,#2781);
#2781 = DEFINITIONAL_REPRESENTATION('',(#2782),#2786);
#2782 = LINE('',#2783,#2784);
#2783 = CARTESIAN_POINT('',(125.9,29.861434808019));
#2784 = VECTOR('',#2785,1.);
#2785 = DIRECTION('',(0.,1.));
#2786 = ( GEOMETRIC_REPRESENTATION_CONTEXT(2) 
PARAMETRIC_REPRESENTATION_CONTEXT() REPRESENTATION_CONTEXT('2D SPACE',''
  ) );
#2787 = ORIENTED_EDGE('',*,*,#2788,.T.);
#2788 = EDGE_CURVE('',#2766,#2789,#2791,.T.);
#2789 = VERTEX_POINT('',#2790);
#2790 = CARTESIAN_POINT('',(412.64410255417,15.69303662665,58.9));
#2791 = SURFACE_CURVE('',#2792,(#2796,#2803),.PCURVE_S1.);
#2792 = LINE('',#2793,#2794);
#2793 = CARTESIAN_POINT('',(416.30443027924,15.372799445917,58.9));
#2794 = VECTOR('',#2795,1.);
#2795 = DIRECTION('',(-0.996194698092,8.715574274766E-02,0.));
#2796 = PCURVE('',#1118,#2797);
#2797 = DEFINITIONAL_REPRESENTATION('',(#2798),#2802);
#2798 = LINE('',#2799,#2800);
#2799 = CARTESIAN_POINT('',(66.304430279249,-70.37279944591));
#2800 = VECTOR('',#2801,1.);
#2801 = DIRECTION('',(-0.996194698092,-8.715574274766E-02));
#2802 = ( GEOMETRIC_REPRESENTATION_CONTEXT(2) 
PARAMETRIC_REPRESENTATION_CONTEXT() REPRESENTATION_CONTEXT('2D SPACE',''
  ) );
#2803 = PCURVE('',#2804,#2809);
#2804 = PLANE('',#2805);
#2805 = AXIS2_PLACEMENT_3D('',#2806,#2807,#2808);
#2806 = CARTESIAN_POINT('',(412.64410255417,15.69303662665,15.1));
#2807 = DIRECTION('',(-8.715574274766E-02,-0.996194698092,0.));
#2808 = DIRECTION('',(0.996194698092,-8.715574274766E-02,0.));
#2809 = DEFINITIONAL_REPRESENTATION('',(#2810),#2814);
#2810 = LINE('',#2811,#2812);
#2811 = CARTESIAN_POINT('',(3.674309582335,43.8));
#2812 = VECTOR('',#2813,1.);
#2813 = DIRECTION('',(-1.,0.));
#2814 = ( GEOMETRIC_REPRESENTATION_CONTEXT(2) 
PARAMETRIC_REPRESENTATION_CONTEXT() REPRESENTATION_CONTEXT('2D SPACE',''
  ) );
#2815 = ORIENTED_EDGE('',*,*,#2816,.T.);
#2816 = EDGE_CURVE('',#2789,#2817,#2819,.T.);
#2817 = VERTEX_POINT('',#2818);
#2818 = CARTESIAN_POINT('',(407.77159321201,-40.,58.9));
#2819 = SURFACE_CURVE('',#2820,(#2824,#2831),.PCURVE_S1.);
#2820 = LINE('',#2821,#2822);
#2821 = CARTESIAN_POINT('',(407.04924274117,-48.2565036626,58.9));
#2822 = VECTOR('',#2823,1.);
#2823 = DIRECTION('',(-8.715574274766E-02,-0.996194698092,0.));
#2824 = PCURVE('',#1118,#2825);
#2825 = DEFINITIONAL_REPRESENTATION('',(#2826),#2830);
#2826 = LINE('',#2827,#2828);
#2827 = CARTESIAN_POINT('',(57.049242741175,-6.743496337396));
#2828 = VECTOR('',#2829,1.);
#2829 = DIRECTION('',(-8.715574274766E-02,0.996194698092));
#2830 = ( GEOMETRIC_REPRESENTATION_CONTEXT(2) 
PARAMETRIC_REPRESENTATION_CONTEXT() REPRESENTATION_CONTEXT('2D SPACE',''
  ) );
#2831 = PCURVE('',#2832,#2837);
#2832 = PLANE('',#2833);
#2833 = AXIS2_PLACEMENT_3D('',#2834,#2835,#2836);
#2834 = CARTESIAN_POINT('',(412.64410255417,15.69303662665,-89.1));
#2835 = DIRECTION('',(0.996194698092,-8.715574274766E-02,0.));
#2836 = DIRECTION('',(-8.715574274766E-02,-0.996194698092,0.));
#2837 = DEFINITIONAL_REPRESENTATION('',(#2838),#2842);
#2838 = LINE('',#2839,#2840);
#2839 = CARTESIAN_POINT('',(64.193817144131,-148.));
#2840 = VECTOR('',#2841,1.);
#2841 = DIRECTION('',(1.,0.));
#2842 = ( GEOMETRIC_REPRESENTATION_CONTEXT(2) 
PARAMETRIC_REPRESENTATION_CONTEXT() REPRESENTATION_CONTEXT('2D SPACE',''
  ) );
#2843 = ORIENTED_EDGE('',*,*,#2844,.T.);
#2844 = EDGE_CURVE('',#2817,#2845,#2847,.T.);
#2845 = VERTEX_POINT('',#2846);
#2846 = CARTESIAN_POINT('',(407.5643643357,-40.,58.9));
#2847 = SURFACE_CURVE('',#2848,(#2852,#2859),.PCURVE_S1.);
#2848 = LINE('',#2849,#2850);
#2849 = CARTESIAN_POINT('',(515.,-40.,58.9));
#2850 = VECTOR('',#2851,1.);
#2851 = DIRECTION('',(-1.,0.,0.));
#2852 = PCURVE('',#1118,#2853);
#2853 = DEFINITIONAL_REPRESENTATION('',(#2854),#2858);
#2854 = LINE('',#2855,#2856);
#2855 = CARTESIAN_POINT('',(165.,-15.));
#2856 = VECTOR('',#2857,1.);
#2857 = DIRECTION('',(-1.,0.));
#2858 = ( GEOMETRIC_REPRESENTATION_CONTEXT(2) 
PARAMETRIC_REPRESENTATION_CONTEXT() REPRESENTATION_CONTEXT('2D SPACE',''
  ) );
#2859 = PCURVE('',#2860,#2865);
#2860 = PLANE('',#2861);
#2861 = AXIS2_PLACEMENT_3D('',#2862,#2863,#2864);
#2862 = CARTESIAN_POINT('',(465.,-40.,-57.));
#2863 = DIRECTION('',(0.,1.,0.));
#2864 = DIRECTION('',(-1.,0.,0.));
#2865 = DEFINITIONAL_REPRESENTATION('',(#2866),#2870);
#2866 = LINE('',#2867,#2868);
#2867 = CARTESIAN_POINT('',(-50.,115.9));
#2868 = VECTOR('',#2869,1.);
#2869 = DIRECTION('',(1.,0.));
#2870 = ( GEOMETRIC_REPRESENTATION_CONTEXT(2) 
PARAMETRIC_REPRESENTATION_CONTEXT() REPRESENTATION_CONTEXT('2D SPACE',''
  ) );
#2871 = ORIENTED_EDGE('',*,*,#2872,.F.);
#2872 = EDGE_CURVE('',#2873,#2845,#2875,.T.);
#2873 = VERTEX_POINT('',#2874);
#2874 = CARTESIAN_POINT('',(407.5643643357,-70.,58.9));
#2875 = SURFACE_CURVE('',#2876,(#2880,#2887),.PCURVE_S1.);
#2876 = LINE('',#2877,#2878);
#2877 = CARTESIAN_POINT('',(407.5643643357,-47.5,58.9));
#2878 = VECTOR('',#2879,1.);
#2879 = DIRECTION('',(0.,1.,0.));
#2880 = PCURVE('',#1118,#2881);
#2881 = DEFINITIONAL_REPRESENTATION('',(#2882),#2886);
#2882 = LINE('',#2883,#2884);
#2883 = CARTESIAN_POINT('',(57.564364335703,-7.5));
#2884 = VECTOR('',#2885,1.);
#2885 = DIRECTION('',(0.,-1.));
#2886 = ( GEOMETRIC_REPRESENTATION_CONTEXT(2) 
PARAMETRIC_REPRESENTATION_CONTEXT() REPRESENTATION_CONTEXT('2D SPACE',''
  ) );
#2887 = PCURVE('',#2888,#2893);
#2888 = PLANE('',#2889);
#2889 = AXIS2_PLACEMENT_3D('',#2890,#2891,#2892);
#2890 = CARTESIAN_POINT('',(407.5643643357,-40.,-122.9));
#2891 = DIRECTION('',(-1.,0.,0.));
#2892 = DIRECTION('',(0.,0.,-1.));
#2893 = DEFINITIONAL_REPRESENTATION('',(#2894),#2898);
#2894 = LINE('',#2895,#2896);
#2895 = CARTESIAN_POINT('',(-181.8,7.5));
#2896 = VECTOR('',#2897,1.);
#2897 = DIRECTION('',(0.,-1.));
#2898 = ( GEOMETRIC_REPRESENTATION_CONTEXT(2) 
PARAMETRIC_REPRESENTATION_CONTEXT() REPRESENTATION_CONTEXT('2D SPACE',''
  ) );
#2899 = ORIENTED_EDGE('',*,*,#2900,.T.);
#2900 = EDGE_CURVE('',#2873,#2901,#2903,.T.);
#2901 = VERTEX_POINT('',#2902);
#2902 = CARTESIAN_POINT('',(443.63037248396,-70.,58.9));
#2903 = SURFACE_CURVE('',#2904,(#2908,#2915),.PCURVE_S1.);
#2904 = LINE('',#2905,#2906);
#2905 = CARTESIAN_POINT('',(162.5,-70.,58.9));
#2906 = VECTOR('',#2907,1.);
#2907 = DIRECTION('',(1.,0.,0.));
#2908 = PCURVE('',#1118,#2909);
#2909 = DEFINITIONAL_REPRESENTATION('',(#2910),#2914);
#2910 = LINE('',#2911,#2912);
#2911 = CARTESIAN_POINT('',(-187.5,15.));
#2912 = VECTOR('',#2913,1.);
#2913 = DIRECTION('',(1.,0.));
#2914 = ( GEOMETRIC_REPRESENTATION_CONTEXT(2) 
PARAMETRIC_REPRESENTATION_CONTEXT() REPRESENTATION_CONTEXT('2D SPACE',''
  ) );
#2915 = PCURVE('',#2229,#2916);
#2916 = DEFINITIONAL_REPRESENTATION('',(#2917),#2921);
#2917 = LINE('',#2918,#2919);
#2918 = CARTESIAN_POINT('',(352.5,181.8));
#2919 = VECTOR('',#2920,1.);
#2920 = DIRECTION('',(-1.,0.));
#2921 = ( GEOMETRIC_REPRESENTATION_CONTEXT(2) 
PARAMETRIC_REPRESENTATION_CONTEXT() REPRESENTATION_CONTEXT('2D SPACE',''
  ) );
#2922 = ORIENTED_EDGE('',*,*,#2923,.T.);
#2923 = EDGE_CURVE('',#2901,#2717,#2924,.T.);
#2924 = SURFACE_CURVE('',#2925,(#2929,#2936),.PCURVE_S1.);
#2925 = LINE('',#2926,#2927);
#2926 = CARTESIAN_POINT('',(443.92593921412,-66.62165681523,58.9));
#2927 = VECTOR('',#2928,1.);
#2928 = DIRECTION('',(8.715574274766E-02,0.996194698092,0.));
#2929 = PCURVE('',#1118,#2930);
#2930 = DEFINITIONAL_REPRESENTATION('',(#2931),#2935);
#2931 = LINE('',#2932,#2933);
#2932 = CARTESIAN_POINT('',(93.925939214128,11.621656815233));
#2933 = VECTOR('',#2934,1.);
#2934 = DIRECTION('',(8.715574274766E-02,-0.996194698092));
#2935 = ( GEOMETRIC_REPRESENTATION_CONTEXT(2) 
PARAMETRIC_REPRESENTATION_CONTEXT() REPRESENTATION_CONTEXT('2D SPACE',''
  ) );
#2936 = PCURVE('',#2652,#2937);
#2937 = DEFINITIONAL_REPRESENTATION('',(#2938),#2942);
#2938 = LINE('',#2939,#2940);
#2939 = CARTESIAN_POINT('',(3.391247906898,-9.947598300641E-14));
#2940 = VECTOR('',#2941,1.);
#2941 = DIRECTION('',(1.,0.));
#2942 = ( GEOMETRIC_REPRESENTATION_CONTEXT(2) 
PARAMETRIC_REPRESENTATION_CONTEXT() REPRESENTATION_CONTEXT('2D SPACE',''
  ) );
#2943 = FACE_BOUND('',#2944,.T.);
#2944 = EDGE_LOOP('',(#2945));
#2945 = ORIENTED_EDGE('',*,*,#2946,.T.);
#2946 = EDGE_CURVE('',#2947,#2947,#2949,.T.);
#2947 = VERTEX_POINT('',#2948);
#2948 = CARTESIAN_POINT('',(438.22072443207,-55.,58.9));
#2949 = SURFACE_CURVE('',#2950,(#2955,#2962),.PCURVE_S1.);
#2950 = CIRCLE('',#2951,2.3);
#2951 = AXIS2_PLACEMENT_3D('',#2952,#2953,#2954);
#2952 = CARTESIAN_POINT('',(435.92072443207,-55.,58.9));
#2953 = DIRECTION('',(0.,0.,-1.));
#2954 = DIRECTION('',(-1.,0.,0.));
#2955 = PCURVE('',#1118,#2956);
#2956 = DEFINITIONAL_REPRESENTATION('',(#2957),#2961);
#2957 = CIRCLE('',#2958,2.3);
#2958 = AXIS2_PLACEMENT_2D('',#2959,#2960);
#2959 = CARTESIAN_POINT('',(85.920724432075,0.));
#2960 = DIRECTION('',(-1.,0.));
#2961 = ( GEOMETRIC_REPRESENTATION_CONTEXT(2) 
PARAMETRIC_REPRESENTATION_CONTEXT() REPRESENTATION_CONTEXT('2D SPACE',''
  ) );
#2962 = PCURVE('',#2963,#2968);
#2963 = CYLINDRICAL_SURFACE('',#2964,2.3);
#2964 = AXIS2_PLACEMENT_3D('',#2965,#2966,#2967);
#2965 = CARTESIAN_POINT('',(435.92072443207,-55.,58.9));
#2966 = DIRECTION('',(0.,0.,-1.));
#2967 = DIRECTION('',(-1.,0.,0.));
#2968 = DEFINITIONAL_REPRESENTATION('',(#2969),#2973);
#2969 = LINE('',#2970,#2971);
#2970 = CARTESIAN_POINT('',(0.,-9.948E-14));
#2971 = VECTOR('',#2972,1.);
#2972 = DIRECTION('',(1.,0.));
#2973 = ( GEOMETRIC_REPRESENTATION_CONTEXT(2) 
PARAMETRIC_REPRESENTATION_CONTEXT() REPRESENTATION_CONTEXT('2D SPACE',''
  ) );
#2974 = FACE_BOUND('',#2975,.T.);
#2975 = EDGE_LOOP('',(#2976));
#2976 = ORIENTED_EDGE('',*,*,#2977,.F.);
#2977 = EDGE_CURVE('',#2978,#2978,#2980,.T.);
#2978 = VERTEX_POINT('',#2979);
#2979 = CARTESIAN_POINT('',(422.44785779374,9.070491715347,58.9));
#2980 = SURFACE_CURVE('',#2981,(#2986,#2997),.PCURVE_S1.);
#2981 = CIRCLE('',#2982,2.95);
#2982 = AXIS2_PLACEMENT_3D('',#2983,#2984,#2985);
#2983 = CARTESIAN_POINT('',(419.49785779374,9.070491715347,58.9));
#2984 = DIRECTION('',(0.,0.,1.));
#2985 = DIRECTION('',(-1.,0.,0.));
#2986 = PCURVE('',#1118,#2987);
#2987 = DEFINITIONAL_REPRESENTATION('',(#2988),#2996);
#2988 = ( BOUNDED_CURVE() B_SPLINE_CURVE(2,(#2989,#2990,#2991,#2992,
#2993,#2994,#2995),.UNSPECIFIED.,.T.,.F.) B_SPLINE_CURVE_WITH_KNOTS((1,2
    ,2,2,2,1),(-2.094395102393,0.,2.094395102393,4.188790204786,
6.28318530718,8.377580409573),.UNSPECIFIED.) CURVE() 
GEOMETRIC_REPRESENTATION_ITEM() RATIONAL_B_SPLINE_CURVE((1.,0.5,1.,0.5,
1.,0.5,1.)) REPRESENTATION_ITEM('') );
#2989 = CARTESIAN_POINT('',(66.54785779374,-64.07049171534));
#2990 = CARTESIAN_POINT('',(66.54785779374,-58.96094183301));
#2991 = CARTESIAN_POINT('',(70.97285779374,-61.51571677418));
#2992 = CARTESIAN_POINT('',(75.39785779374,-64.07049171534));
#2993 = CARTESIAN_POINT('',(70.97285779374,-66.62526665651));
#2994 = CARTESIAN_POINT('',(66.54785779374,-69.18004159767));
#2995 = CARTESIAN_POINT('',(66.54785779374,-64.07049171534));
#2996 = ( GEOMETRIC_REPRESENTATION_CONTEXT(2) 
PARAMETRIC_REPRESENTATION_CONTEXT() REPRESENTATION_CONTEXT('2D SPACE',''
  ) );
#2997 = PCURVE('',#2998,#3003);
#2998 = CONICAL_SURFACE('',#2999,2.65,0.785398163397);
#2999 = AXIS2_PLACEMENT_3D('',#3000,#3001,#3002);
#3000 = CARTESIAN_POINT('',(419.49785779374,9.070491715347,58.6));
#3001 = DIRECTION('',(0.,0.,1.));
#3002 = DIRECTION('',(-1.,0.,0.));
#3003 = DEFINITIONAL_REPRESENTATION('',(#3004),#3008);
#3004 = LINE('',#3005,#3006);
#3005 = CARTESIAN_POINT('',(0.,0.3));
#3006 = VECTOR('',#3007,1.);
#3007 = DIRECTION('',(1.,0.));
#3008 = ( GEOMETRIC_REPRESENTATION_CONTEXT(2) 
PARAMETRIC_REPRESENTATION_CONTEXT() REPRESENTATION_CONTEXT('2D SPACE',''
  ) );
#3009 = ADVANCED_FACE('',(#3010,#3081),#1090,.F.);
#3010 = FACE_BOUND('',#3011,.F.);
#3011 = EDGE_LOOP('',(#3012,#3033,#3034,#3035,#3058,#3079,#3080));
#3012 = ORIENTED_EDGE('',*,*,#3013,.F.);
#3013 = EDGE_CURVE('',#1047,#1983,#3014,.T.);
#3014 = SURFACE_CURVE('',#3015,(#3019,#3026),.PCURVE_S1.);
#3015 = LINE('',#3016,#3017);
#3016 = CARTESIAN_POINT('',(424.00149927746,-24.41397634257,
    7.513976342578));
#3017 = VECTOR('',#3018,1.);
#3018 = DIRECTION('',(6.174578541845E-02,0.705757556808,-0.705757556808)
  );
#3019 = PCURVE('',#1090,#3020);
#3020 = DEFINITIONAL_REPRESENTATION('',(#3021),#3025);
#3021 = LINE('',#3022,#3023);
#3022 = CARTESIAN_POINT('',(74.513976342578,12.080535570426));
#3023 = VECTOR('',#3024,1.);
#3024 = DIRECTION('',(-0.705757556808,0.70845343602));
#3025 = ( GEOMETRIC_REPRESENTATION_CONTEXT(2) 
PARAMETRIC_REPRESENTATION_CONTEXT() REPRESENTATION_CONTEXT('2D SPACE',''
  ) );
#3026 = PCURVE('',#1062,#3027);
#3027 = DEFINITIONAL_REPRESENTATION('',(#3028),#3032);
#3028 = LINE('',#3029,#3030);
#3029 = CARTESIAN_POINT('',(-95.50149927746,16.385111790302));
#3030 = VECTOR('',#3031,1.);
#3031 = DIRECTION('',(-6.174578541845E-02,0.998091908585));
#3032 = ( GEOMETRIC_REPRESENTATION_CONTEXT(2) 
PARAMETRIC_REPRESENTATION_CONTEXT() REPRESENTATION_CONTEXT('2D SPACE',''
  ) );
#3033 = ORIENTED_EDGE('',*,*,#1074,.T.);
#3034 = ORIENTED_EDGE('',*,*,#2765,.T.);
#3035 = ORIENTED_EDGE('',*,*,#3036,.F.);
#3036 = EDGE_CURVE('',#3037,#2766,#3039,.T.);
#3037 = VERTEX_POINT('',#3038);
#3038 = CARTESIAN_POINT('',(427.39748194627,14.402283181145,15.1));
#3039 = SURFACE_CURVE('',#3040,(#3044,#3051),.PCURVE_S1.);
#3040 = LINE('',#3041,#3042);
#3041 = CARTESIAN_POINT('',(427.39748194627,14.402283181145,15.1));
#3042 = VECTOR('',#3043,1.);
#3043 = DIRECTION('',(0.,0.,1.));
#3044 = PCURVE('',#1090,#3045);
#3045 = DEFINITIONAL_REPRESENTATION('',(#3046),#3050);
#3046 = LINE('',#3047,#3048);
#3047 = CARTESIAN_POINT('',(82.1,51.04506689957));
#3048 = VECTOR('',#3049,1.);
#3049 = DIRECTION('',(1.,0.));
#3050 = ( GEOMETRIC_REPRESENTATION_CONTEXT(2) 
PARAMETRIC_REPRESENTATION_CONTEXT() REPRESENTATION_CONTEXT('2D SPACE',''
  ) );
#3051 = PCURVE('',#2804,#3052);
#3052 = DEFINITIONAL_REPRESENTATION('',(#3053),#3057);
#3053 = LINE('',#3054,#3055);
#3054 = CARTESIAN_POINT('',(14.809734904588,0.));
#3055 = VECTOR('',#3056,1.);
#3056 = DIRECTION('',(0.,1.));
#3057 = ( GEOMETRIC_REPRESENTATION_CONTEXT(2) 
PARAMETRIC_REPRESENTATION_CONTEXT() REPRESENTATION_CONTEXT('2D SPACE',''
  ) );
#3058 = ORIENTED_EDGE('',*,*,#3059,.F.);
#3059 = EDGE_CURVE('',#2140,#3037,#3060,.T.);
#3060 = SURFACE_CURVE('',#3061,(#3065,#3072),.PCURVE_S1.);
#3061 = LINE('',#3062,#3063);
#3062 = CARTESIAN_POINT('',(427.39748194627,14.402283181145,-52.));
#3063 = VECTOR('',#3064,1.);
#3064 = DIRECTION('',(0.,0.,1.));
#3065 = PCURVE('',#1090,#3066);
#3066 = DEFINITIONAL_REPRESENTATION('',(#3067),#3071);
#3067 = LINE('',#3068,#3069);
#3068 = CARTESIAN_POINT('',(15.,51.04506689957));
#3069 = VECTOR('',#3070,1.);
#3070 = DIRECTION('',(1.,0.));
#3071 = ( GEOMETRIC_REPRESENTATION_CONTEXT(2) 
PARAMETRIC_REPRESENTATION_CONTEXT() REPRESENTATION_CONTEXT('2D SPACE',''
  ) );
#3072 = PCURVE('',#2155,#3073);
#3073 = DEFINITIONAL_REPRESENTATION('',(#3074),#3078);
#3074 = LINE('',#3075,#3076);
#3075 = CARTESIAN_POINT('',(0.,-0.424264068712));
#3076 = VECTOR('',#3077,1.);
#3077 = DIRECTION('',(1.,0.));
#3078 = ( GEOMETRIC_REPRESENTATION_CONTEXT(2) 
PARAMETRIC_REPRESENTATION_CONTEXT() REPRESENTATION_CONTEXT('2D SPACE',''
  ) );
#3079 = ORIENTED_EDGE('',*,*,#2167,.T.);
#3080 = ORIENTED_EDGE('',*,*,#2005,.F.);
#3081 = FACE_BOUND('',#3082,.F.);
#3082 = EDGE_LOOP('',(#3083));
#3083 = ORIENTED_EDGE('',*,*,#3084,.F.);
#3084 = EDGE_CURVE('',#3085,#3085,#3087,.T.);
#3085 = VERTEX_POINT('',#3086);
#3086 = CARTESIAN_POINT('',(425.45299594423,-7.823293524154,
    -26.61176515622));
#3087 = SURFACE_CURVE('',#3088,(#3093,#3100),.PCURVE_S1.);
#3088 = CIRCLE('',#3089,1.8);
#3089 = AXIS2_PLACEMENT_3D('',#3090,#3091,#3092);
#3090 = CARTESIAN_POINT('',(425.60987628118,-6.030143067589,
    -26.61176515622));
#3091 = DIRECTION('',(-0.996194698092,8.715574274766E-02,0.));
#3092 = DIRECTION('',(8.715574274766E-02,0.996194698092,0.));
#3093 = PCURVE('',#1090,#3094);
#3094 = DEFINITIONAL_REPRESENTATION('',(#3095),#3099);
#3095 = CIRCLE('',#3096,1.8);
#3096 = AXIS2_PLACEMENT_2D('',#3097,#3098);
#3097 = CARTESIAN_POINT('',(40.388234843776,30.534592101949));
#3098 = DIRECTION('',(0.,1.));
#3099 = ( GEOMETRIC_REPRESENTATION_CONTEXT(2) 
PARAMETRIC_REPRESENTATION_CONTEXT() REPRESENTATION_CONTEXT('2D SPACE',''
  ) );
#3100 = PCURVE('',#3101,#3106);
#3101 = CYLINDRICAL_SURFACE('',#3102,1.8);
#3102 = AXIS2_PLACEMENT_3D('',#3103,#3104,#3105);
#3103 = CARTESIAN_POINT('',(426.69790162979,-6.125332951222,
    -26.61176515622));
#3104 = DIRECTION('',(-0.996194698092,8.715574274766E-02,0.));
#3105 = DIRECTION('',(8.715574274766E-02,0.996194698092,0.));
#3106 = DEFINITIONAL_REPRESENTATION('',(#3107),#3111);
#3107 = LINE('',#3108,#3109);
#3108 = CARTESIAN_POINT('',(0.,1.092181428687));
#3109 = VECTOR('',#3110,1.);
#3110 = DIRECTION('',(1.,0.));
#3111 = ( GEOMETRIC_REPRESENTATION_CONTEXT(2) 
PARAMETRIC_REPRESENTATION_CONTEXT() REPRESENTATION_CONTEXT('2D SPACE',''
  ) );
#3112 = ADVANCED_FACE('',(#3113),#1062,.F.);
#3113 = FACE_BOUND('',#3114,.T.);
#3114 = EDGE_LOOP('',(#3115,#3116,#3117,#3118));
#3115 = ORIENTED_EDGE('',*,*,#1871,.T.);
#3116 = ORIENTED_EDGE('',*,*,#1982,.T.);
#3117 = ORIENTED_EDGE('',*,*,#3013,.F.);
#3118 = ORIENTED_EDGE('',*,*,#1046,.F.);
#3119 = ADVANCED_FACE('',(#3120),#1344,.F.);
#3120 = FACE_BOUND('',#3121,.F.);
#3121 = EDGE_LOOP('',(#3122,#3123,#3124,#3147,#3180,#3208,#3236));
#3122 = ORIENTED_EDGE('',*,*,#1382,.F.);
#3123 = ORIENTED_EDGE('',*,*,#1328,.F.);
#3124 = ORIENTED_EDGE('',*,*,#3125,.T.);
#3125 = EDGE_CURVE('',#1329,#3126,#3128,.T.);
#3126 = VERTEX_POINT('',#3127);
#3127 = CARTESIAN_POINT('',(371.34563035498,-43.96033833779,
    28.583439354816));
#3128 = SURFACE_CURVE('',#3129,(#3133,#3140),.PCURVE_S1.);
#3129 = LINE('',#3130,#3131);
#3130 = CARTESIAN_POINT('',(407.66312906372,-43.96033833779,
    28.583439354816));
#3131 = VECTOR('',#3132,1.);
#3132 = DIRECTION('',(-1.,0.,0.));
#3133 = PCURVE('',#1344,#3134);
#3134 = DEFINITIONAL_REPRESENTATION('',(#3135),#3139);
#3135 = LINE('',#3136,#3137);
#3136 = CARTESIAN_POINT('',(11.583777692614,92.663129063722));
#3137 = VECTOR('',#3138,1.);
#3138 = DIRECTION('',(0.,-1.));
#3139 = ( GEOMETRIC_REPRESENTATION_CONTEXT(2) 
PARAMETRIC_REPRESENTATION_CONTEXT() REPRESENTATION_CONTEXT('2D SPACE',''
  ) );
#3140 = PCURVE('',#1857,#3141);
#3141 = DEFINITIONAL_REPRESENTATION('',(#3142),#3146);
#3142 = LINE('',#3143,#3144);
#3143 = CARTESIAN_POINT('',(3.14159265359,0.));
#3144 = VECTOR('',#3145,1.);
#3145 = DIRECTION('',(0.,1.));
#3146 = ( GEOMETRIC_REPRESENTATION_CONTEXT(2) 
PARAMETRIC_REPRESENTATION_CONTEXT() REPRESENTATION_CONTEXT('2D SPACE',''
  ) );
#3147 = ORIENTED_EDGE('',*,*,#3148,.T.);
#3148 = EDGE_CURVE('',#3126,#3149,#3151,.T.);
#3149 = VERTEX_POINT('',#3150);
#3150 = CARTESIAN_POINT('',(368.49999999999,-43.96033833779,
    16.999661662201));
#3151 = SURFACE_CURVE('',#3152,(#3157,#3168),.PCURVE_S1.);
#3152 = CIRCLE('',#3153,25.);
#3153 = AXIS2_PLACEMENT_3D('',#3154,#3155,#3156);
#3154 = CARTESIAN_POINT('',(393.49999999999,-43.96033833779,
    16.999661662201));
#3155 = DIRECTION('',(0.,-1.,0.));
#3156 = DIRECTION('',(-1.,0.,0.));
#3157 = PCURVE('',#1344,#3158);
#3158 = DEFINITIONAL_REPRESENTATION('',(#3159),#3167);
#3159 = ( BOUNDED_CURVE() B_SPLINE_CURVE(2,(#3160,#3161,#3162,#3163,
#3164,#3165,#3166),.UNSPECIFIED.,.T.,.F.) B_SPLINE_CURVE_WITH_KNOTS((1,2
    ,2,2,2,1),(-2.094395102393,0.,2.094395102393,4.188790204786,
6.28318530718,8.377580409573),.UNSPECIFIED.) CURVE() 
GEOMETRIC_REPRESENTATION_ITEM() RATIONAL_B_SPLINE_CURVE((1.,0.5,1.,0.5,
1.,0.5,1.)) REPRESENTATION_ITEM('') );
#3160 = CARTESIAN_POINT('',(-1.030286966852E-13,53.5));
#3161 = CARTESIAN_POINT('',(-43.30127018922,53.5));
#3162 = CARTESIAN_POINT('',(-21.65063509461,91.));
#3163 = CARTESIAN_POINT('',(-1.09151930681E-13,128.5));
#3164 = CARTESIAN_POINT('',(21.650635094611,91.));
#3165 = CARTESIAN_POINT('',(43.301270189222,53.5));
#3166 = CARTESIAN_POINT('',(-1.030286966852E-13,53.5));
#3167 = ( GEOMETRIC_REPRESENTATION_CONTEXT(2) 
PARAMETRIC_REPRESENTATION_CONTEXT() REPRESENTATION_CONTEXT('2D SPACE',''
  ) );
#3168 = PCURVE('',#3169,#3174);
#3169 = TOROIDAL_SURFACE('',#3170,25.,8.);
#3170 = AXIS2_PLACEMENT_3D('',#3171,#3172,#3173);
#3171 = CARTESIAN_POINT('',(393.49999999999,-51.96033833779,
    16.999661662201));
#3172 = DIRECTION('',(0.,1.,0.));
#3173 = DIRECTION('',(0.,0.,1.));
#3174 = DEFINITIONAL_REPRESENTATION('',(#3175),#3179);
#3175 = LINE('',#3176,#3177);
#3176 = CARTESIAN_POINT('',(10.995574287564,1.570796326795));
#3177 = VECTOR('',#3178,1.);
#3178 = DIRECTION('',(-1.,-2.3E-15));
#3179 = ( GEOMETRIC_REPRESENTATION_CONTEXT(2) 
PARAMETRIC_REPRESENTATION_CONTEXT() REPRESENTATION_CONTEXT('2D SPACE',''
  ) );
#3180 = ORIENTED_EDGE('',*,*,#3181,.T.);
#3181 = EDGE_CURVE('',#3149,#3182,#3184,.T.);
#3182 = VERTEX_POINT('',#3183);
#3183 = CARTESIAN_POINT('',(368.49999999999,-43.96033833779,
    16.991948590538));
#3184 = SURFACE_CURVE('',#3185,(#3189,#3196),.PCURVE_S1.);
#3185 = LINE('',#3186,#3187);
#3186 = CARTESIAN_POINT('',(368.49999999999,-43.96033833779,
    12.999661662201));
#3187 = VECTOR('',#3188,1.);
#3188 = DIRECTION('',(0.,-2.22E-15,-1.));
#3189 = PCURVE('',#1344,#3190);
#3190 = DEFINITIONAL_REPRESENTATION('',(#3191),#3195);
#3191 = LINE('',#3192,#3193);
#3192 = CARTESIAN_POINT('',(-4.,53.5));
#3193 = VECTOR('',#3194,1.);
#3194 = DIRECTION('',(-1.,0.));
#3195 = ( GEOMETRIC_REPRESENTATION_CONTEXT(2) 
PARAMETRIC_REPRESENTATION_CONTEXT() REPRESENTATION_CONTEXT('2D SPACE',''
  ) );
#3196 = PCURVE('',#3197,#3202);
#3197 = CYLINDRICAL_SURFACE('',#3198,8.);
#3198 = AXIS2_PLACEMENT_3D('',#3199,#3200,#3201);
#3199 = CARTESIAN_POINT('',(368.49999999999,-51.96033833779,
    12.999661662201));
#3200 = DIRECTION('',(0.,2.22E-15,1.));
#3201 = DIRECTION('',(1.,-1.2E-16,2.664E-31));
#3202 = DEFINITIONAL_REPRESENTATION('',(#3203),#3207);
#3203 = LINE('',#3204,#3205);
#3204 = CARTESIAN_POINT('',(1.570796326795,1.954E-14));
#3205 = VECTOR('',#3206,1.);
#3206 = DIRECTION('',(0.,-1.));
#3207 = ( GEOMETRIC_REPRESENTATION_CONTEXT(2) 
PARAMETRIC_REPRESENTATION_CONTEXT() REPRESENTATION_CONTEXT('2D SPACE',''
  ) );
#3208 = ORIENTED_EDGE('',*,*,#3209,.T.);
#3209 = EDGE_CURVE('',#3182,#3210,#3212,.T.);
#3210 = VERTEX_POINT('',#3211);
#3211 = CARTESIAN_POINT('',(315.34549418873,-43.96033833779,
    16.991948590538));
#3212 = SURFACE_CURVE('',#3213,(#3217,#3224),.PCURVE_S1.);
#3213 = LINE('',#3214,#3215);
#3214 = CARTESIAN_POINT('',(281.46699186967,-43.96033833779,
    16.991948590538));
#3215 = VECTOR('',#3216,1.);
#3216 = DIRECTION('',(-1.,0.,0.));
#3217 = PCURVE('',#1344,#3218);
#3218 = DEFINITIONAL_REPRESENTATION('',(#3219),#3223);
#3219 = LINE('',#3220,#3221);
#3220 = CARTESIAN_POINT('',(-7.713071663602E-03,-33.53300813032));
#3221 = VECTOR('',#3222,1.);
#3222 = DIRECTION('',(0.,-1.));
#3223 = ( GEOMETRIC_REPRESENTATION_CONTEXT(2) 
PARAMETRIC_REPRESENTATION_CONTEXT() REPRESENTATION_CONTEXT('2D SPACE',''
  ) );
#3224 = PCURVE('',#3225,#3230);
#3225 = CYLINDRICAL_SURFACE('',#3226,2.);
#3226 = AXIS2_PLACEMENT_3D('',#3227,#3228,#3229);
#3227 = CARTESIAN_POINT('',(281.46699186967,-41.96033833779,
    16.991948590538));
#3228 = DIRECTION('',(-1.,0.,0.));
#3229 = DIRECTION('',(-0.,-0.707106781187,-0.707106781187));
#3230 = DEFINITIONAL_REPRESENTATION('',(#3231),#3235);
#3231 = LINE('',#3232,#3233);
#3232 = CARTESIAN_POINT('',(0.785398163397,0.));
#3233 = VECTOR('',#3234,1.);
#3234 = DIRECTION('',(0.,1.));
#3235 = ( GEOMETRIC_REPRESENTATION_CONTEXT(2) 
PARAMETRIC_REPRESENTATION_CONTEXT() REPRESENTATION_CONTEXT('2D SPACE',''
  ) );
#3236 = ORIENTED_EDGE('',*,*,#3237,.T.);
#3237 = EDGE_CURVE('',#3210,#1383,#3238,.T.);
#3238 = SURFACE_CURVE('',#3239,(#3243,#3250),.PCURVE_S1.);
#3239 = LINE('',#3240,#3241);
#3240 = CARTESIAN_POINT('',(315.34549418873,-43.96033833779,
    36.929537716586));
#3241 = VECTOR('',#3242,1.);
#3242 = DIRECTION('',(0.,0.,1.));
#3243 = PCURVE('',#1344,#3244);
#3244 = DEFINITIONAL_REPRESENTATION('',(#3245),#3249);
#3245 = LINE('',#3246,#3247);
#3246 = CARTESIAN_POINT('',(19.929876054385,0.345494188732));
#3247 = VECTOR('',#3248,1.);
#3248 = DIRECTION('',(1.,0.));
#3249 = ( GEOMETRIC_REPRESENTATION_CONTEXT(2) 
PARAMETRIC_REPRESENTATION_CONTEXT() REPRESENTATION_CONTEXT('2D SPACE',''
  ) );
#3250 = PCURVE('',#1422,#3251);
#3251 = DEFINITIONAL_REPRESENTATION('',(#3252),#3256);
#3252 = LINE('',#3253,#3254);
#3253 = CARTESIAN_POINT('',(-3.162114338662,-11.34035081065));
#3254 = VECTOR('',#3255,1.);
#3255 = DIRECTION('',(-1.,0.));
#3256 = ( GEOMETRIC_REPRESENTATION_CONTEXT(2) 
PARAMETRIC_REPRESENTATION_CONTEXT() REPRESENTATION_CONTEXT('2D SPACE',''
  ) );
#3257 = ADVANCED_FACE('',(#3258),#1452,.F.);
#3258 = FACE_BOUND('',#3259,.F.);
#3259 = EDGE_LOOP('',(#3260,#3261,#3262,#3285,#3313,#3336,#3364));
#3260 = ORIENTED_EDGE('',*,*,#1538,.F.);
#3261 = ORIENTED_EDGE('',*,*,#1438,.T.);
#3262 = ORIENTED_EDGE('',*,*,#3263,.T.);
#3263 = EDGE_CURVE('',#1406,#3264,#3266,.T.);
#3264 = VERTEX_POINT('',#3265);
#3265 = CARTESIAN_POINT('',(315.34549418873,-59.96033833779,
    16.991948590538));
#3266 = SURFACE_CURVE('',#3267,(#3271,#3278),.PCURVE_S1.);
#3267 = LINE('',#3268,#3269);
#3268 = CARTESIAN_POINT('',(315.34549418873,-59.96033833779,
    24.22225373258));
#3269 = VECTOR('',#3270,1.);
#3270 = DIRECTION('',(-0.,-0.,-1.));
#3271 = PCURVE('',#1452,#3272);
#3272 = DEFINITIONAL_REPRESENTATION('',(#3273),#3277);
#3273 = LINE('',#3274,#3275);
#3274 = CARTESIAN_POINT('',(-7.222592070378,25.345494188732));
#3275 = VECTOR('',#3276,1.);
#3276 = DIRECTION('',(1.,0.));
#3277 = ( GEOMETRIC_REPRESENTATION_CONTEXT(2) 
PARAMETRIC_REPRESENTATION_CONTEXT() REPRESENTATION_CONTEXT('2D SPACE',''
  ) );
#3278 = PCURVE('',#1422,#3279);
#3279 = DEFINITIONAL_REPRESENTATION('',(#3280),#3284);
#3280 = LINE('',#3281,#3282);
#3281 = CARTESIAN_POINT('',(9.545169645345,4.65964918935));
#3282 = VECTOR('',#3283,1.);
#3283 = DIRECTION('',(1.,0.));
#3284 = ( GEOMETRIC_REPRESENTATION_CONTEXT(2) 
PARAMETRIC_REPRESENTATION_CONTEXT() REPRESENTATION_CONTEXT('2D SPACE',''
  ) );
#3285 = ORIENTED_EDGE('',*,*,#3286,.T.);
#3286 = EDGE_CURVE('',#3264,#3287,#3289,.T.);
#3287 = VERTEX_POINT('',#3288);
#3288 = CARTESIAN_POINT('',(368.49999999999,-59.96033833779,
    16.991948590538));
#3289 = SURFACE_CURVE('',#3290,(#3294,#3301),.PCURVE_S1.);
#3290 = LINE('',#3291,#3292);
#3291 = CARTESIAN_POINT('',(268.96699186967,-59.96033833779,
    16.991948590538));
#3292 = VECTOR('',#3293,1.);
#3293 = DIRECTION('',(1.,0.,0.));
#3294 = PCURVE('',#1452,#3295);
#3295 = DEFINITIONAL_REPRESENTATION('',(#3296),#3300);
#3296 = LINE('',#3297,#3298);
#3297 = CARTESIAN_POINT('',(7.713071663602E-03,-21.03300813032));
#3298 = VECTOR('',#3299,1.);
#3299 = DIRECTION('',(0.,1.));
#3300 = ( GEOMETRIC_REPRESENTATION_CONTEXT(2) 
PARAMETRIC_REPRESENTATION_CONTEXT() REPRESENTATION_CONTEXT('2D SPACE',''
  ) );
#3301 = PCURVE('',#3302,#3307);
#3302 = CYLINDRICAL_SURFACE('',#3303,2.);
#3303 = AXIS2_PLACEMENT_3D('',#3304,#3305,#3306);
#3304 = CARTESIAN_POINT('',(268.96699186967,-61.96033833779,
    16.991948590538));
#3305 = DIRECTION('',(1.,0.,0.));
#3306 = DIRECTION('',(0.,0.707106781187,-0.707106781187));
#3307 = DEFINITIONAL_REPRESENTATION('',(#3308),#3312);
#3308 = LINE('',#3309,#3310);
#3309 = CARTESIAN_POINT('',(0.785398163397,0.));
#3310 = VECTOR('',#3311,1.);
#3311 = DIRECTION('',(0.,1.));
#3312 = ( GEOMETRIC_REPRESENTATION_CONTEXT(2) 
PARAMETRIC_REPRESENTATION_CONTEXT() REPRESENTATION_CONTEXT('2D SPACE',''
  ) );
#3313 = ORIENTED_EDGE('',*,*,#3314,.F.);
#3314 = EDGE_CURVE('',#3315,#3287,#3317,.T.);
#3315 = VERTEX_POINT('',#3316);
#3316 = CARTESIAN_POINT('',(368.49999999999,-59.96033833779,
    16.999661662201));
#3317 = SURFACE_CURVE('',#3318,(#3322,#3329),.PCURVE_S1.);
#3318 = LINE('',#3319,#3320);
#3319 = CARTESIAN_POINT('',(368.49999999999,-59.96033833779,
    12.999661662201));
#3320 = VECTOR('',#3321,1.);
#3321 = DIRECTION('',(0.,-2.22E-15,-1.));
#3322 = PCURVE('',#1452,#3323);
#3323 = DEFINITIONAL_REPRESENTATION('',(#3324),#3328);
#3324 = LINE('',#3325,#3326);
#3325 = CARTESIAN_POINT('',(4.,78.5));
#3326 = VECTOR('',#3327,1.);
#3327 = DIRECTION('',(1.,0.));
#3328 = ( GEOMETRIC_REPRESENTATION_CONTEXT(2) 
PARAMETRIC_REPRESENTATION_CONTEXT() REPRESENTATION_CONTEXT('2D SPACE',''
  ) );
#3329 = PCURVE('',#3197,#3330);
#3330 = DEFINITIONAL_REPRESENTATION('',(#3331),#3335);
#3331 = LINE('',#3332,#3333);
#3332 = CARTESIAN_POINT('',(-1.570796326795,8.349E-14));
#3333 = VECTOR('',#3334,1.);
#3334 = DIRECTION('',(0.,-1.));
#3335 = ( GEOMETRIC_REPRESENTATION_CONTEXT(2) 
PARAMETRIC_REPRESENTATION_CONTEXT() REPRESENTATION_CONTEXT('2D SPACE',''
  ) );
#3336 = ORIENTED_EDGE('',*,*,#3337,.T.);
#3337 = EDGE_CURVE('',#3315,#3338,#3340,.T.);
#3338 = VERTEX_POINT('',#3339);
#3339 = CARTESIAN_POINT('',(371.34563035498,-59.96033833779,
    28.583439354816));
#3340 = SURFACE_CURVE('',#3341,(#3346,#3357),.PCURVE_S1.);
#3341 = CIRCLE('',#3342,25.);
#3342 = AXIS2_PLACEMENT_3D('',#3343,#3344,#3345);
#3343 = CARTESIAN_POINT('',(393.49999999999,-59.96033833779,
    16.999661662201));
#3344 = DIRECTION('',(0.,1.,-0.));
#3345 = DIRECTION('',(-1.,0.,0.));
#3346 = PCURVE('',#1452,#3347);
#3347 = DEFINITIONAL_REPRESENTATION('',(#3348),#3356);
#3348 = ( BOUNDED_CURVE() B_SPLINE_CURVE(2,(#3349,#3350,#3351,#3352,
#3353,#3354,#3355),.UNSPECIFIED.,.T.,.F.) B_SPLINE_CURVE_WITH_KNOTS((1,2
    ,2,2,2,1),(-2.094395102393,0.,2.094395102393,4.188790204786,
6.28318530718,8.377580409573),.UNSPECIFIED.) CURVE() 
GEOMETRIC_REPRESENTATION_ITEM() RATIONAL_B_SPLINE_CURVE((1.,0.5,1.,0.5,
1.,0.5,1.)) REPRESENTATION_ITEM('') );
#3349 = CARTESIAN_POINT('',(1.030286966852E-13,78.5));
#3350 = CARTESIAN_POINT('',(-43.30127018922,78.5));
#3351 = CARTESIAN_POINT('',(-21.65063509461,116.));
#3352 = CARTESIAN_POINT('',(9.690546268948E-14,153.5));
#3353 = CARTESIAN_POINT('',(21.650635094611,116.));
#3354 = CARTESIAN_POINT('',(43.301270189222,78.5));
#3355 = CARTESIAN_POINT('',(1.030286966852E-13,78.5));
#3356 = ( GEOMETRIC_REPRESENTATION_CONTEXT(2) 
PARAMETRIC_REPRESENTATION_CONTEXT() REPRESENTATION_CONTEXT('2D SPACE',''
  ) );
#3357 = PCURVE('',#3169,#3358);
#3358 = DEFINITIONAL_REPRESENTATION('',(#3359),#3363);
#3359 = LINE('',#3360,#3361);
#3360 = CARTESIAN_POINT('',(4.712388980385,4.712388980385));
#3361 = VECTOR('',#3362,1.);
#3362 = DIRECTION('',(1.,-3.69E-15));
#3363 = ( GEOMETRIC_REPRESENTATION_CONTEXT(2) 
PARAMETRIC_REPRESENTATION_CONTEXT() REPRESENTATION_CONTEXT('2D SPACE',''
  ) );
#3364 = ORIENTED_EDGE('',*,*,#3365,.F.);
#3365 = EDGE_CURVE('',#1539,#3338,#3366,.T.);
#3366 = SURFACE_CURVE('',#3367,(#3371,#3378),.PCURVE_S1.);
#3367 = LINE('',#3368,#3369);
#3368 = CARTESIAN_POINT('',(407.66312906372,-59.96033833779,
    28.583439354816));
#3369 = VECTOR('',#3370,1.);
#3370 = DIRECTION('',(-1.,0.,0.));
#3371 = PCURVE('',#1452,#3372);
#3372 = DEFINITIONAL_REPRESENTATION('',(#3373),#3377);
#3373 = LINE('',#3374,#3375);
#3374 = CARTESIAN_POINT('',(-11.58377769261,117.66312906372));
#3375 = VECTOR('',#3376,1.);
#3376 = DIRECTION('',(0.,-1.));
#3377 = ( GEOMETRIC_REPRESENTATION_CONTEXT(2) 
PARAMETRIC_REPRESENTATION_CONTEXT() REPRESENTATION_CONTEXT('2D SPACE',''
  ) );
#3378 = PCURVE('',#1857,#3379);
#3379 = DEFINITIONAL_REPRESENTATION('',(#3380),#3384);
#3380 = LINE('',#3381,#3382);
#3381 = CARTESIAN_POINT('',(6.28318530718,0.));
#3382 = VECTOR('',#3383,1.);
#3383 = DIRECTION('',(0.,1.));
#3384 = ( GEOMETRIC_REPRESENTATION_CONTEXT(2) 
PARAMETRIC_REPRESENTATION_CONTEXT() REPRESENTATION_CONTEXT('2D SPACE',''
  ) );
#3385 = ADVANCED_FACE('',(#3386),#1422,.T.);
#3386 = FACE_BOUND('',#3387,.T.);
#3387 = EDGE_LOOP('',(#3388,#3413,#3436,#3459,#3487,#3509,#3510,#3511,
    #3512,#3540,#3568));
#3388 = ORIENTED_EDGE('',*,*,#3389,.F.);
#3389 = EDGE_CURVE('',#3390,#3392,#3394,.T.);
#3390 = VERTEX_POINT('',#3391);
#3391 = CARTESIAN_POINT('',(315.34549418873,-70.,56.859413770971));
#3392 = VERTEX_POINT('',#3393);
#3393 = CARTESIAN_POINT('',(315.34549418873,-70.,3.550785910634));
#3394 = SURFACE_CURVE('',#3395,(#3399,#3406),.PCURVE_S1.);
#3395 = LINE('',#3396,#3397);
#3396 = CARTESIAN_POINT('',(315.34549418873,-70.,56.859413770971));
#3397 = VECTOR('',#3398,1.);
#3398 = DIRECTION('',(0.,-2.2E-16,-1.));
#3399 = PCURVE('',#1422,#3400);
#3400 = DEFINITIONAL_REPRESENTATION('',(#3401),#3405);
#3401 = LINE('',#3402,#3403);
#3402 = CARTESIAN_POINT('',(-23.09199039304,14.699310851551));
#3403 = VECTOR('',#3404,1.);
#3404 = DIRECTION('',(1.,2.2E-16));
#3405 = ( GEOMETRIC_REPRESENTATION_CONTEXT(2) 
PARAMETRIC_REPRESENTATION_CONTEXT() REPRESENTATION_CONTEXT('2D SPACE',''
  ) );
#3406 = PCURVE('',#2229,#3407);
#3407 = DEFINITIONAL_REPRESENTATION('',(#3408),#3412);
#3408 = LINE('',#3409,#3410);
#3409 = CARTESIAN_POINT('',(199.65450581126,179.75941377097));
#3410 = VECTOR('',#3411,1.);
#3411 = DIRECTION('',(0.,-1.));
#3412 = ( GEOMETRIC_REPRESENTATION_CONTEXT(2) 
PARAMETRIC_REPRESENTATION_CONTEXT() REPRESENTATION_CONTEXT('2D SPACE',''
  ) );
#3413 = ORIENTED_EDGE('',*,*,#3414,.T.);
#3414 = EDGE_CURVE('',#3390,#3415,#3417,.T.);
#3415 = VERTEX_POINT('',#3416);
#3416 = CARTESIAN_POINT('',(315.34549418873,-40.,56.859413770971));
#3417 = SURFACE_CURVE('',#3418,(#3422,#3429),.PCURVE_S1.);
#3418 = LINE('',#3419,#3420);
#3419 = CARTESIAN_POINT('',(315.34549418873,-70.,56.859413770971));
#3420 = VECTOR('',#3421,1.);
#3421 = DIRECTION('',(0.,1.,-2.2E-16));
#3422 = PCURVE('',#1422,#3423);
#3423 = DEFINITIONAL_REPRESENTATION('',(#3424),#3428);
#3424 = LINE('',#3425,#3426);
#3425 = CARTESIAN_POINT('',(-23.09199039304,14.699310851551));
#3426 = VECTOR('',#3427,1.);
#3427 = DIRECTION('',(2.2E-16,-1.));
#3428 = ( GEOMETRIC_REPRESENTATION_CONTEXT(2) 
PARAMETRIC_REPRESENTATION_CONTEXT() REPRESENTATION_CONTEXT('2D SPACE',''
  ) );
#3429 = PCURVE('',#1491,#3430);
#3430 = DEFINITIONAL_REPRESENTATION('',(#3431),#3435);
#3431 = LINE('',#3432,#3433);
#3432 = CARTESIAN_POINT('',(17.320508075689,1.905255888326E-15));
#3433 = VECTOR('',#3434,1.);
#3434 = DIRECTION('',(-2.465190328816E-32,-1.));
#3435 = ( GEOMETRIC_REPRESENTATION_CONTEXT(2) 
PARAMETRIC_REPRESENTATION_CONTEXT() REPRESENTATION_CONTEXT('2D SPACE',''
  ) );
#3436 = ORIENTED_EDGE('',*,*,#3437,.F.);
#3437 = EDGE_CURVE('',#3438,#3415,#3440,.T.);
#3438 = VERTEX_POINT('',#3439);
#3439 = CARTESIAN_POINT('',(315.34549418873,-40.,16.991948590538));
#3440 = SURFACE_CURVE('',#3441,(#3445,#3452),.PCURVE_S1.);
#3441 = LINE('',#3442,#3443);
#3442 = CARTESIAN_POINT('',(315.34549418873,-40.,-12.77757709852));
#3443 = VECTOR('',#3444,1.);
#3444 = DIRECTION('',(0.,0.,1.));
#3445 = PCURVE('',#1422,#3446);
#3446 = DEFINITIONAL_REPRESENTATION('',(#3447),#3451);
#3447 = LINE('',#3448,#3449);
#3448 = CARTESIAN_POINT('',(46.545000476445,-15.30068914844));
#3449 = VECTOR('',#3450,1.);
#3450 = DIRECTION('',(-1.,0.));
#3451 = ( GEOMETRIC_REPRESENTATION_CONTEXT(2) 
PARAMETRIC_REPRESENTATION_CONTEXT() REPRESENTATION_CONTEXT('2D SPACE',''
  ) );
#3452 = PCURVE('',#2860,#3453);
#3453 = DEFINITIONAL_REPRESENTATION('',(#3454),#3458);
#3454 = LINE('',#3455,#3456);
#3455 = CARTESIAN_POINT('',(149.65450581126,44.222422901479));
#3456 = VECTOR('',#3457,1.);
#3457 = DIRECTION('',(0.,1.));
#3458 = ( GEOMETRIC_REPRESENTATION_CONTEXT(2) 
PARAMETRIC_REPRESENTATION_CONTEXT() REPRESENTATION_CONTEXT('2D SPACE',''
  ) );
#3459 = ORIENTED_EDGE('',*,*,#3460,.F.);
#3460 = EDGE_CURVE('',#3461,#3438,#3463,.T.);
#3461 = VERTEX_POINT('',#3462);
#3462 = CARTESIAN_POINT('',(315.34549418873,-41.99961431226,
    14.992334278269));
#3463 = SURFACE_CURVE('',#3464,(#3468,#3475),.PCURVE_S1.);
#3464 = LINE('',#3465,#3466);
#3465 = CARTESIAN_POINT('',(315.34549418873,-44.38677569689,
    12.605172893643));
#3466 = VECTOR('',#3467,1.);
#3467 = DIRECTION('',(0.,0.707106781187,0.707106781187));
#3468 = PCURVE('',#1422,#3469);
#3469 = DEFINITIONAL_REPRESENTATION('',(#3470),#3474);
#3470 = LINE('',#3471,#3472);
#3471 = CARTESIAN_POINT('',(21.162250484282,-10.91391345155));
#3472 = VECTOR('',#3473,1.);
#3473 = DIRECTION('',(-0.707106781187,-0.707106781187));
#3474 = ( GEOMETRIC_REPRESENTATION_CONTEXT(2) 
PARAMETRIC_REPRESENTATION_CONTEXT() REPRESENTATION_CONTEXT('2D SPACE',''
  ) );
#3475 = PCURVE('',#3476,#3481);
#3476 = PLANE('',#3477);
#3477 = AXIS2_PLACEMENT_3D('',#3478,#3479,#3480);
#3478 = CARTESIAN_POINT('',(356.46699186967,-41.,15.991948590538));
#3479 = DIRECTION('',(0.,0.707106781187,-0.707106781187));
#3480 = DIRECTION('',(-1.,0.,0.));
#3481 = DEFINITIONAL_REPRESENTATION('',(#3482),#3486);
#3482 = LINE('',#3483,#3484);
#3483 = CARTESIAN_POINT('',(41.121497680945,-4.789624123264));
#3484 = VECTOR('',#3485,1.);
#3485 = DIRECTION('',(0.,1.));
#3486 = ( GEOMETRIC_REPRESENTATION_CONTEXT(2) 
PARAMETRIC_REPRESENTATION_CONTEXT() REPRESENTATION_CONTEXT('2D SPACE',''
  ) );
#3487 = ORIENTED_EDGE('',*,*,#3488,.T.);
#3488 = EDGE_CURVE('',#3461,#3210,#3489,.T.);
#3489 = SURFACE_CURVE('',#3490,(#3495,#3502),.PCURVE_S1.);
#3490 = CIRCLE('',#3491,2.);
#3491 = AXIS2_PLACEMENT_3D('',#3492,#3493,#3494);
#3492 = CARTESIAN_POINT('',(315.34549418873,-41.96033833779,
    16.991948590538));
#3493 = DIRECTION('',(-1.,0.,0.));
#3494 = DIRECTION('',(-0.,-0.707106781187,-0.707106781187));
#3495 = PCURVE('',#1422,#3496);
#3496 = DEFINITIONAL_REPRESENTATION('',(#3497),#3501);
#3497 = CIRCLE('',#3498,2.);
#3498 = AXIS2_PLACEMENT_2D('',#3499,#3500);
#3499 = CARTESIAN_POINT('',(16.775474787387,-13.34035081065));
#3500 = DIRECTION('',(0.707106781187,0.707106781187));
#3501 = ( GEOMETRIC_REPRESENTATION_CONTEXT(2) 
PARAMETRIC_REPRESENTATION_CONTEXT() REPRESENTATION_CONTEXT('2D SPACE',''
  ) );
#3502 = PCURVE('',#3225,#3503);
#3503 = DEFINITIONAL_REPRESENTATION('',(#3504),#3508);
#3504 = LINE('',#3505,#3506);
#3505 = CARTESIAN_POINT('',(-6.28318530718,-33.87850231905));
#3506 = VECTOR('',#3507,1.);
#3507 = DIRECTION('',(1.,0.));
#3508 = ( GEOMETRIC_REPRESENTATION_CONTEXT(2) 
PARAMETRIC_REPRESENTATION_CONTEXT() REPRESENTATION_CONTEXT('2D SPACE',''
  ) );
#3509 = ORIENTED_EDGE('',*,*,#3237,.T.);
#3510 = ORIENTED_EDGE('',*,*,#1405,.T.);
#3511 = ORIENTED_EDGE('',*,*,#3263,.T.);
#3512 = ORIENTED_EDGE('',*,*,#3513,.F.);
#3513 = EDGE_CURVE('',#3514,#3264,#3516,.T.);
#3514 = VERTEX_POINT('',#3515);
#3515 = CARTESIAN_POINT('',(315.34549418873,-60.,16.595623469765));
#3516 = SURFACE_CURVE('',#3517,(#3522,#3533),.PCURVE_S1.);
#3517 = CIRCLE('',#3518,2.);
#3518 = AXIS2_PLACEMENT_3D('',#3519,#3520,#3521);
#3519 = CARTESIAN_POINT('',(315.34549418873,-61.96033833779,
    16.991948590538));
#3520 = DIRECTION('',(1.,-0.,0.));
#3521 = DIRECTION('',(0.,0.707106781187,-0.707106781187));
#3522 = PCURVE('',#1422,#3523);
#3523 = DEFINITIONAL_REPRESENTATION('',(#3524),#3532);
#3524 = ( BOUNDED_CURVE() B_SPLINE_CURVE(2,(#3525,#3526,#3527,#3528,
#3529,#3530,#3531),.UNSPECIFIED.,.T.,.F.) B_SPLINE_CURVE_WITH_KNOTS((1,2
    ,2,2,2,1),(-2.094395102393,0.,2.094395102393,4.188790204786,
6.28318530718,8.377580409573),.UNSPECIFIED.) CURVE() 
GEOMETRIC_REPRESENTATION_ITEM() RATIONAL_B_SPLINE_CURVE((1.,0.5,1.,0.5,
1.,0.5,1.)) REPRESENTATION_ITEM('') );
#3525 = CARTESIAN_POINT('',(18.18968834976,5.245435626977));
#3526 = CARTESIAN_POINT('',(15.740198606977,2.795945884194));
#3527 = CARTESIAN_POINT('',(14.843623134809,6.142011099145));
#3528 = CARTESIAN_POINT('',(13.947047662641,9.488076314097));
#3529 = CARTESIAN_POINT('',(17.293112877592,8.591500841928));
#3530 = CARTESIAN_POINT('',(20.639178092543,7.69492536976));
#3531 = CARTESIAN_POINT('',(18.18968834976,5.245435626977));
#3532 = ( GEOMETRIC_REPRESENTATION_CONTEXT(2) 
PARAMETRIC_REPRESENTATION_CONTEXT() REPRESENTATION_CONTEXT('2D SPACE',''
  ) );
#3533 = PCURVE('',#3302,#3534);
#3534 = DEFINITIONAL_REPRESENTATION('',(#3535),#3539);
#3535 = LINE('',#3536,#3537);
#3536 = CARTESIAN_POINT('',(0.,46.378502319055));
#3537 = VECTOR('',#3538,1.);
#3538 = DIRECTION('',(1.,0.));
#3539 = ( GEOMETRIC_REPRESENTATION_CONTEXT(2) 
PARAMETRIC_REPRESENTATION_CONTEXT() REPRESENTATION_CONTEXT('2D SPACE',''
  ) );
#3540 = ORIENTED_EDGE('',*,*,#3541,.F.);
#3541 = EDGE_CURVE('',#3542,#3514,#3544,.T.);
#3542 = VERTEX_POINT('',#3543);
#3543 = CARTESIAN_POINT('',(315.34549418873,-60.,3.550785910634));
#3544 = SURFACE_CURVE('',#3545,(#3549,#3556),.PCURVE_S1.);
#3545 = LINE('',#3546,#3547);
#3546 = CARTESIAN_POINT('',(315.34549418873,-60.,20.220410049113));
#3547 = VECTOR('',#3548,1.);
#3548 = DIRECTION('',(0.,0.,1.));
#3549 = PCURVE('',#1422,#3550);
#3550 = DEFINITIONAL_REPRESENTATION('',(#3551),#3555);
#3551 = LINE('',#3552,#3553);
#3552 = CARTESIAN_POINT('',(13.547013328811,4.699310851551));
#3553 = VECTOR('',#3554,1.);
#3554 = DIRECTION('',(-1.,0.));
#3555 = ( GEOMETRIC_REPRESENTATION_CONTEXT(2) 
PARAMETRIC_REPRESENTATION_CONTEXT() REPRESENTATION_CONTEXT('2D SPACE',''
  ) );
#3556 = PCURVE('',#3557,#3562);
#3557 = PLANE('',#3558);
#3558 = AXIS2_PLACEMENT_3D('',#3559,#3560,#3561);
#3559 = CARTESIAN_POINT('',(327.79855640153,-60.,8.995974295269));
#3560 = DIRECTION('',(0.,1.,0.));
#3561 = DIRECTION('',(0.,0.,1.));
#3562 = DEFINITIONAL_REPRESENTATION('',(#3563),#3567);
#3563 = LINE('',#3564,#3565);
#3564 = CARTESIAN_POINT('',(11.224435753845,-12.4530622128));
#3565 = VECTOR('',#3566,1.);
#3566 = DIRECTION('',(1.,0.));
#3567 = ( GEOMETRIC_REPRESENTATION_CONTEXT(2) 
PARAMETRIC_REPRESENTATION_CONTEXT() REPRESENTATION_CONTEXT('2D SPACE',''
  ) );
#3568 = ORIENTED_EDGE('',*,*,#3569,.F.);
#3569 = EDGE_CURVE('',#3392,#3542,#3570,.T.);
#3570 = SURFACE_CURVE('',#3571,(#3575,#3582),.PCURVE_S1.);
#3571 = LINE('',#3572,#3573);
#3572 = CARTESIAN_POINT('',(315.34549418873,-70.,3.550785910634));
#3573 = VECTOR('',#3574,1.);
#3574 = DIRECTION('',(0.,1.,-2.2E-16));
#3575 = PCURVE('',#1422,#3576);
#3576 = DEFINITIONAL_REPRESENTATION('',(#3577),#3581);
#3577 = LINE('',#3578,#3579);
#3578 = CARTESIAN_POINT('',(30.216637467291,14.699310851551));
#3579 = VECTOR('',#3580,1.);
#3580 = DIRECTION('',(2.2E-16,-1.));
#3581 = ( GEOMETRIC_REPRESENTATION_CONTEXT(2) 
PARAMETRIC_REPRESENTATION_CONTEXT() REPRESENTATION_CONTEXT('2D SPACE',''
  ) );
#3582 = PCURVE('',#3583,#3588);
#3583 = PLANE('',#3584);
#3584 = AXIS2_PLACEMENT_3D('',#3585,#3586,#3587);
#3585 = CARTESIAN_POINT('',(330.14549418873,-70.,12.09556989464));
#3586 = DIRECTION('',(-0.5,1.9E-16,0.866025403784));
#3587 = DIRECTION('',(-0.866025403784,-1.1E-16,-0.5));
#3588 = DEFINITIONAL_REPRESENTATION('',(#3589),#3593);
#3589 = LINE('',#3590,#3591);
#3590 = CARTESIAN_POINT('',(17.089567968013,-1.879852476481E-15));
#3591 = VECTOR('',#3592,1.);
#3592 = DIRECTION('',(-3.697785493223E-32,-1.));
#3593 = ( GEOMETRIC_REPRESENTATION_CONTEXT(2) 
PARAMETRIC_REPRESENTATION_CONTEXT() REPRESENTATION_CONTEXT('2D SPACE',''
  ) );
#3594 = ADVANCED_FACE('',(#3595),#1491,.T.);
#3595 = FACE_BOUND('',#3596,.T.);
#3596 = EDGE_LOOP('',(#3597,#3620,#3641,#3642,#3665,#3686));
#3597 = ORIENTED_EDGE('',*,*,#3598,.F.);
#3598 = EDGE_CURVE('',#3599,#3390,#3601,.T.);
#3599 = VERTEX_POINT('',#3600);
#3600 = CARTESIAN_POINT('',(330.34549418873,-70.,48.199159733126));
#3601 = SURFACE_CURVE('',#3602,(#3606,#3613),.PCURVE_S1.);
#3602 = LINE('',#3603,#3604);
#3603 = CARTESIAN_POINT('',(330.34549418873,-70.,48.199159733126));
#3604 = VECTOR('',#3605,1.);
#3605 = DIRECTION('',(-0.866025403784,0.,0.5));
#3606 = PCURVE('',#1491,#3607);
#3607 = DEFINITIONAL_REPRESENTATION('',(#3608),#3612);
#3608 = LINE('',#3609,#3610);
#3609 = CARTESIAN_POINT('',(-1.563194018672E-30,1.42108547152E-14));
#3610 = VECTOR('',#3611,1.);
#3611 = DIRECTION('',(1.,1.1E-16));
#3612 = ( GEOMETRIC_REPRESENTATION_CONTEXT(2) 
PARAMETRIC_REPRESENTATION_CONTEXT() REPRESENTATION_CONTEXT('2D SPACE',''
  ) );
#3613 = PCURVE('',#2229,#3614);
#3614 = DEFINITIONAL_REPRESENTATION('',(#3615),#3619);
#3615 = LINE('',#3616,#3617);
#3616 = CARTESIAN_POINT('',(184.65450581126,171.09915973312));
#3617 = VECTOR('',#3618,1.);
#3618 = DIRECTION('',(0.866025403784,0.5));
#3619 = ( GEOMETRIC_REPRESENTATION_CONTEXT(2) 
PARAMETRIC_REPRESENTATION_CONTEXT() REPRESENTATION_CONTEXT('2D SPACE',''
  ) );
#3620 = ORIENTED_EDGE('',*,*,#3621,.T.);
#3621 = EDGE_CURVE('',#3599,#1469,#3622,.T.);
#3622 = SURFACE_CURVE('',#3623,(#3627,#3634),.PCURVE_S1.);
#3623 = LINE('',#3624,#3625);
#3624 = CARTESIAN_POINT('',(330.34549418873,-70.,48.199159733126));
#3625 = VECTOR('',#3626,1.);
#3626 = DIRECTION('',(0.,1.,-2.2E-16));
#3627 = PCURVE('',#1491,#3628);
#3628 = DEFINITIONAL_REPRESENTATION('',(#3629),#3633);
#3629 = LINE('',#3630,#3631);
#3630 = CARTESIAN_POINT('',(0.,0.));
#3631 = VECTOR('',#3632,1.);
#3632 = DIRECTION('',(-2.465190328816E-32,-1.));
#3633 = ( GEOMETRIC_REPRESENTATION_CONTEXT(2) 
PARAMETRIC_REPRESENTATION_CONTEXT() REPRESENTATION_CONTEXT('2D SPACE',''
  ) );
#3634 = PCURVE('',#1518,#3635);
#3635 = DEFINITIONAL_REPRESENTATION('',(#3636),#3640);
#3636 = LINE('',#3637,#3638);
#3637 = CARTESIAN_POINT('',(45.230940107676,-9.950806823689E-15));
#3638 = VECTOR('',#3639,1.);
#3639 = DIRECTION('',(0.,-1.));
#3640 = ( GEOMETRIC_REPRESENTATION_CONTEXT(2) 
PARAMETRIC_REPRESENTATION_CONTEXT() REPRESENTATION_CONTEXT('2D SPACE',''
  ) );
#3641 = ORIENTED_EDGE('',*,*,#1466,.F.);
#3642 = ORIENTED_EDGE('',*,*,#3643,.T.);
#3643 = EDGE_CURVE('',#1467,#3644,#3646,.T.);
#3644 = VERTEX_POINT('',#3645);
#3645 = CARTESIAN_POINT('',(330.34549418873,-40.,48.199159733126));
#3646 = SURFACE_CURVE('',#3647,(#3651,#3658),.PCURVE_S1.);
#3647 = LINE('',#3648,#3649);
#3648 = CARTESIAN_POINT('',(330.34549418873,-70.,48.199159733126));
#3649 = VECTOR('',#3650,1.);
#3650 = DIRECTION('',(0.,1.,-2.2E-16));
#3651 = PCURVE('',#1491,#3652);
#3652 = DEFINITIONAL_REPRESENTATION('',(#3653),#3657);
#3653 = LINE('',#3654,#3655);
#3654 = CARTESIAN_POINT('',(0.,0.));
#3655 = VECTOR('',#3656,1.);
#3656 = DIRECTION('',(-2.465190328816E-32,-1.));
#3657 = ( GEOMETRIC_REPRESENTATION_CONTEXT(2) 
PARAMETRIC_REPRESENTATION_CONTEXT() REPRESENTATION_CONTEXT('2D SPACE',''
  ) );
#3658 = PCURVE('',#1518,#3659);
#3659 = DEFINITIONAL_REPRESENTATION('',(#3660),#3664);
#3660 = LINE('',#3661,#3662);
#3661 = CARTESIAN_POINT('',(45.230940107676,-9.950806823689E-15));
#3662 = VECTOR('',#3663,1.);
#3663 = DIRECTION('',(0.,-1.));
#3664 = ( GEOMETRIC_REPRESENTATION_CONTEXT(2) 
PARAMETRIC_REPRESENTATION_CONTEXT() REPRESENTATION_CONTEXT('2D SPACE',''
  ) );
#3665 = ORIENTED_EDGE('',*,*,#3666,.F.);
#3666 = EDGE_CURVE('',#3415,#3644,#3667,.T.);
#3667 = SURFACE_CURVE('',#3668,(#3672,#3679),.PCURVE_S1.);
#3668 = LINE('',#3669,#3670);
#3669 = CARTESIAN_POINT('',(403.61722006437,-40.,5.895709074836));
#3670 = VECTOR('',#3671,1.);
#3671 = DIRECTION('',(0.866025403784,0.,-0.5));
#3672 = PCURVE('',#1491,#3673);
#3673 = DEFINITIONAL_REPRESENTATION('',(#3674),#3678);
#3674 = LINE('',#3675,#3676);
#3675 = CARTESIAN_POINT('',(-84.60690131658,-30.));
#3676 = VECTOR('',#3677,1.);
#3677 = DIRECTION('',(-1.,-1.1E-16));
#3678 = ( GEOMETRIC_REPRESENTATION_CONTEXT(2) 
PARAMETRIC_REPRESENTATION_CONTEXT() REPRESENTATION_CONTEXT('2D SPACE',''
  ) );
#3679 = PCURVE('',#2860,#3680);
#3680 = DEFINITIONAL_REPRESENTATION('',(#3681),#3685);
#3681 = LINE('',#3682,#3683);
#3682 = CARTESIAN_POINT('',(61.382779935627,62.895709074836));
#3683 = VECTOR('',#3684,1.);
#3684 = DIRECTION('',(-0.866025403784,-0.5));
#3685 = ( GEOMETRIC_REPRESENTATION_CONTEXT(2) 
PARAMETRIC_REPRESENTATION_CONTEXT() REPRESENTATION_CONTEXT('2D SPACE',''
  ) );
#3686 = ORIENTED_EDGE('',*,*,#3414,.F.);
#3687 = ADVANCED_FACE('',(#3688),#1518,.T.);
#3688 = FACE_BOUND('',#3689,.T.);
#3689 = EDGE_LOOP('',(#3690,#3715,#3743,#3764,#3765,#3766,#3767,#3790,
    #3818,#3846));
#3690 = ORIENTED_EDGE('',*,*,#3691,.F.);
#3691 = EDGE_CURVE('',#3692,#3694,#3696,.T.);
#3692 = VERTEX_POINT('',#3693);
#3693 = CARTESIAN_POINT('',(330.34549418873,-70.,93.430099840803));
#3694 = VERTEX_POINT('',#3695);
#3695 = CARTESIAN_POINT('',(330.34549418873,-70.,81.163188571639));
#3696 = SURFACE_CURVE('',#3697,(#3701,#3708),.PCURVE_S1.);
#3697 = LINE('',#3698,#3699);
#3698 = CARTESIAN_POINT('',(330.34549418873,-70.,93.430099840803));
#3699 = VECTOR('',#3700,1.);
#3700 = DIRECTION('',(0.,0.,-1.));
#3701 = PCURVE('',#1518,#3702);
#3702 = DEFINITIONAL_REPRESENTATION('',(#3703),#3707);
#3703 = LINE('',#3704,#3705);
#3704 = CARTESIAN_POINT('',(3.126388037344E-30,1.42108547152E-14));
#3705 = VECTOR('',#3706,1.);
#3706 = DIRECTION('',(1.,-2.2E-16));
#3707 = ( GEOMETRIC_REPRESENTATION_CONTEXT(2) 
PARAMETRIC_REPRESENTATION_CONTEXT() REPRESENTATION_CONTEXT('2D SPACE',''
  ) );
#3708 = PCURVE('',#2229,#3709);
#3709 = DEFINITIONAL_REPRESENTATION('',(#3710),#3714);
#3710 = LINE('',#3711,#3712);
#3711 = CARTESIAN_POINT('',(184.65450581126,216.3300998408));
#3712 = VECTOR('',#3713,1.);
#3713 = DIRECTION('',(0.,-1.));
#3714 = ( GEOMETRIC_REPRESENTATION_CONTEXT(2) 
PARAMETRIC_REPRESENTATION_CONTEXT() REPRESENTATION_CONTEXT('2D SPACE',''
  ) );
#3715 = ORIENTED_EDGE('',*,*,#3716,.T.);
#3716 = EDGE_CURVE('',#3692,#3717,#3719,.T.);
#3717 = VERTEX_POINT('',#3718);
#3718 = CARTESIAN_POINT('',(330.34549418873,-40.,93.430099840803));
#3719 = SURFACE_CURVE('',#3720,(#3724,#3731),.PCURVE_S1.);
#3720 = LINE('',#3721,#3722);
#3721 = CARTESIAN_POINT('',(330.34549418873,-70.,93.430099840803));
#3722 = VECTOR('',#3723,1.);
#3723 = DIRECTION('',(0.,1.,-2.2E-16));
#3724 = PCURVE('',#1518,#3725);
#3725 = DEFINITIONAL_REPRESENTATION('',(#3726),#3730);
#3726 = LINE('',#3727,#3728);
#3727 = CARTESIAN_POINT('',(-0.,0.));
#3728 = VECTOR('',#3729,1.);
#3729 = DIRECTION('',(0.,-1.));
#3730 = ( GEOMETRIC_REPRESENTATION_CONTEXT(2) 
PARAMETRIC_REPRESENTATION_CONTEXT() REPRESENTATION_CONTEXT('2D SPACE',''
  ) );
#3731 = PCURVE('',#3732,#3737);
#3732 = PLANE('',#3733);
#3733 = AXIS2_PLACEMENT_3D('',#3734,#3735,#3736);
#3734 = CARTESIAN_POINT('',(330.14549418873,-70.,93.314629786965));
#3735 = DIRECTION('',(0.5,-1.9E-16,-0.866025403784));
#3736 = DIRECTION('',(0.866025403784,1.1E-16,0.5));
#3737 = DEFINITIONAL_REPRESENTATION('',(#3738),#3742);
#3738 = LINE('',#3739,#3740);
#3739 = CARTESIAN_POINT('',(0.230940107676,2.540341184434E-17));
#3740 = VECTOR('',#3741,1.);
#3741 = DIRECTION('',(3.697785493223E-32,-1.));
#3742 = ( GEOMETRIC_REPRESENTATION_CONTEXT(2) 
PARAMETRIC_REPRESENTATION_CONTEXT() REPRESENTATION_CONTEXT('2D SPACE',''
  ) );
#3743 = ORIENTED_EDGE('',*,*,#3744,.F.);
#3744 = EDGE_CURVE('',#3644,#3717,#3745,.T.);
#3745 = SURFACE_CURVE('',#3746,(#3750,#3757),.PCURVE_S1.);
#3746 = LINE('',#3747,#3748);
#3747 = CARTESIAN_POINT('',(330.34549418873,-40.,18.215049920401));
#3748 = VECTOR('',#3749,1.);
#3749 = DIRECTION('',(0.,0.,1.));
#3750 = PCURVE('',#1518,#3751);
#3751 = DEFINITIONAL_REPRESENTATION('',(#3752),#3756);
#3752 = LINE('',#3753,#3754);
#3753 = CARTESIAN_POINT('',(75.215049920401,-30.));
#3754 = VECTOR('',#3755,1.);
#3755 = DIRECTION('',(-1.,2.2E-16));
#3756 = ( GEOMETRIC_REPRESENTATION_CONTEXT(2) 
PARAMETRIC_REPRESENTATION_CONTEXT() REPRESENTATION_CONTEXT('2D SPACE',''
  ) );
#3757 = PCURVE('',#2860,#3758);
#3758 = DEFINITIONAL_REPRESENTATION('',(#3759),#3763);
#3759 = LINE('',#3760,#3761);
#3760 = CARTESIAN_POINT('',(134.65450581126,75.215049920401));
#3761 = VECTOR('',#3762,1.);
#3762 = DIRECTION('',(0.,1.));
#3763 = ( GEOMETRIC_REPRESENTATION_CONTEXT(2) 
PARAMETRIC_REPRESENTATION_CONTEXT() REPRESENTATION_CONTEXT('2D SPACE',''
  ) );
#3764 = ORIENTED_EDGE('',*,*,#3643,.F.);
#3765 = ORIENTED_EDGE('',*,*,#1503,.T.);
#3766 = ORIENTED_EDGE('',*,*,#3621,.F.);
#3767 = ORIENTED_EDGE('',*,*,#3768,.F.);
#3768 = EDGE_CURVE('',#3769,#3599,#3771,.T.);
#3769 = VERTEX_POINT('',#3770);
#3770 = CARTESIAN_POINT('',(330.34549418873,-70.,61.163188571639));
#3771 = SURFACE_CURVE('',#3772,(#3776,#3783),.PCURVE_S1.);
#3772 = LINE('',#3773,#3774);
#3773 = CARTESIAN_POINT('',(330.34549418873,-70.,93.430099840803));
#3774 = VECTOR('',#3775,1.);
#3775 = DIRECTION('',(0.,0.,-1.));
#3776 = PCURVE('',#1518,#3777);
#3777 = DEFINITIONAL_REPRESENTATION('',(#3778),#3782);
#3778 = LINE('',#3779,#3780);
#3779 = CARTESIAN_POINT('',(3.126388037344E-30,1.42108547152E-14));
#3780 = VECTOR('',#3781,1.);
#3781 = DIRECTION('',(1.,-2.2E-16));
#3782 = ( GEOMETRIC_REPRESENTATION_CONTEXT(2) 
PARAMETRIC_REPRESENTATION_CONTEXT() REPRESENTATION_CONTEXT('2D SPACE',''
  ) );
#3783 = PCURVE('',#2229,#3784);
#3784 = DEFINITIONAL_REPRESENTATION('',(#3785),#3789);
#3785 = LINE('',#3786,#3787);
#3786 = CARTESIAN_POINT('',(184.65450581126,216.3300998408));
#3787 = VECTOR('',#3788,1.);
#3788 = DIRECTION('',(0.,-1.));
#3789 = ( GEOMETRIC_REPRESENTATION_CONTEXT(2) 
PARAMETRIC_REPRESENTATION_CONTEXT() REPRESENTATION_CONTEXT('2D SPACE',''
  ) );
#3790 = ORIENTED_EDGE('',*,*,#3791,.T.);
#3791 = EDGE_CURVE('',#3769,#3792,#3794,.T.);
#3792 = VERTEX_POINT('',#3793);
#3793 = CARTESIAN_POINT('',(330.34549418873,-55.,61.163188571639));
#3794 = SURFACE_CURVE('',#3795,(#3799,#3806),.PCURVE_S1.);
#3795 = LINE('',#3796,#3797);
#3796 = CARTESIAN_POINT('',(330.34549418873,-70.,61.163188571639));
#3797 = VECTOR('',#3798,1.);
#3798 = DIRECTION('',(0.,1.,-2.2E-16));
#3799 = PCURVE('',#1518,#3800);
#3800 = DEFINITIONAL_REPRESENTATION('',(#3801),#3805);
#3801 = LINE('',#3802,#3803);
#3802 = CARTESIAN_POINT('',(32.266911269163,7.112134235986E-15));
#3803 = VECTOR('',#3804,1.);
#3804 = DIRECTION('',(0.,-1.));
#3805 = ( GEOMETRIC_REPRESENTATION_CONTEXT(2) 
PARAMETRIC_REPRESENTATION_CONTEXT() REPRESENTATION_CONTEXT('2D SPACE',''
  ) );
#3806 = PCURVE('',#3807,#3812);
#3807 = PLANE('',#3808);
#3808 = AXIS2_PLACEMENT_3D('',#3809,#3810,#3811);
#3809 = CARTESIAN_POINT('',(253.98351230808,-70.,61.163188571639));
#3810 = DIRECTION('',(0.,-2.2E-16,-1.));
#3811 = DIRECTION('',(1.,0.,0.));
#3812 = DEFINITIONAL_REPRESENTATION('',(#3813),#3817);
#3813 = LINE('',#3814,#3815);
#3814 = CARTESIAN_POINT('',(76.361981880645,1.42108547152E-14));
#3815 = VECTOR('',#3816,1.);
#3816 = DIRECTION('',(0.,-1.));
#3817 = ( GEOMETRIC_REPRESENTATION_CONTEXT(2) 
PARAMETRIC_REPRESENTATION_CONTEXT() REPRESENTATION_CONTEXT('2D SPACE',''
  ) );
#3818 = ORIENTED_EDGE('',*,*,#3819,.F.);
#3819 = EDGE_CURVE('',#3820,#3792,#3822,.T.);
#3820 = VERTEX_POINT('',#3821);
#3821 = CARTESIAN_POINT('',(330.34549418873,-55.,81.163188571639));
#3822 = SURFACE_CURVE('',#3823,(#3827,#3834),.PCURVE_S1.);
#3823 = LINE('',#3824,#3825);
#3824 = CARTESIAN_POINT('',(330.34549418873,-55.,82.296644206221));
#3825 = VECTOR('',#3826,1.);
#3826 = DIRECTION('',(0.,-3.6E-16,-1.));
#3827 = PCURVE('',#1518,#3828);
#3828 = DEFINITIONAL_REPRESENTATION('',(#3829),#3833);
#3829 = LINE('',#3830,#3831);
#3830 = CARTESIAN_POINT('',(11.133455634582,-15.));
#3831 = VECTOR('',#3832,1.);
#3832 = DIRECTION('',(1.,1.4E-16));
#3833 = ( GEOMETRIC_REPRESENTATION_CONTEXT(2) 
PARAMETRIC_REPRESENTATION_CONTEXT() REPRESENTATION_CONTEXT('2D SPACE',''
  ) );
#3834 = PCURVE('',#3835,#3840);
#3835 = PLANE('',#3836);
#3836 = AXIS2_PLACEMENT_3D('',#3837,#3838,#3839);
#3837 = CARTESIAN_POINT('',(311.48351230808,-55.,71.163188571639));
#3838 = DIRECTION('',(0.,-1.,3.6E-16));
#3839 = DIRECTION('',(0.,-3.6E-16,-1.));
#3840 = DEFINITIONAL_REPRESENTATION('',(#3841),#3845);
#3841 = LINE('',#3842,#3843);
#3842 = CARTESIAN_POINT('',(-11.13345563458,18.861981880645));
#3843 = VECTOR('',#3844,1.);
#3844 = DIRECTION('',(1.,0.));
#3845 = ( GEOMETRIC_REPRESENTATION_CONTEXT(2) 
PARAMETRIC_REPRESENTATION_CONTEXT() REPRESENTATION_CONTEXT('2D SPACE',''
  ) );
#3846 = ORIENTED_EDGE('',*,*,#3847,.T.);
#3847 = EDGE_CURVE('',#3820,#3694,#3848,.T.);
#3848 = SURFACE_CURVE('',#3849,(#3853,#3860),.PCURVE_S1.);
#3849 = LINE('',#3850,#3851);
#3850 = CARTESIAN_POINT('',(330.34549418873,-70.,81.163188571639));
#3851 = VECTOR('',#3852,1.);
#3852 = DIRECTION('',(0.,-1.,2.2E-16));
#3853 = PCURVE('',#1518,#3854);
#3854 = DEFINITIONAL_REPRESENTATION('',(#3855),#3859);
#3855 = LINE('',#3856,#3857);
#3856 = CARTESIAN_POINT('',(12.266911269163,-2.698720479216E-15));
#3857 = VECTOR('',#3858,1.);
#3858 = DIRECTION('',(0.,1.));
#3859 = ( GEOMETRIC_REPRESENTATION_CONTEXT(2) 
PARAMETRIC_REPRESENTATION_CONTEXT() REPRESENTATION_CONTEXT('2D SPACE',''
  ) );
#3860 = PCURVE('',#3861,#3866);
#3861 = PLANE('',#3862);
#3862 = AXIS2_PLACEMENT_3D('',#3863,#3864,#3865);
#3863 = CARTESIAN_POINT('',(368.98351230808,-70.,81.163188571639));
#3864 = DIRECTION('',(0.,2.2E-16,1.));
#3865 = DIRECTION('',(-1.,0.,0.));
#3866 = DEFINITIONAL_REPRESENTATION('',(#3867),#3871);
#3867 = LINE('',#3868,#3869);
#3868 = CARTESIAN_POINT('',(38.638018119355,0.));
#3869 = VECTOR('',#3870,1.);
#3870 = DIRECTION('',(0.,1.));
#3871 = ( GEOMETRIC_REPRESENTATION_CONTEXT(2) 
PARAMETRIC_REPRESENTATION_CONTEXT() REPRESENTATION_CONTEXT('2D SPACE',''
  ) );
#3872 = ADVANCED_FACE('',(#3873),#1857,.F.);
#3873 = FACE_BOUND('',#3874,.F.);
#3874 = EDGE_LOOP('',(#3875,#3876,#3877,#3878));
#3875 = ORIENTED_EDGE('',*,*,#3125,.F.);
#3876 = ORIENTED_EDGE('',*,*,#1842,.F.);
#3877 = ORIENTED_EDGE('',*,*,#3365,.T.);
#3878 = ORIENTED_EDGE('',*,*,#3879,.T.);
#3879 = EDGE_CURVE('',#3338,#3126,#3880,.T.);
#3880 = SURFACE_CURVE('',#3881,(#3908,#3981),.PCURVE_S1.);
#3881 = B_SPLINE_CURVE_WITH_KNOTS('',3,(#3882,#3883,#3884,#3885,#3886,
    #3887,#3888,#3889,#3890,#3891,#3892,#3893,#3894,#3895,#3896,#3897,
    #3898,#3899,#3900,#3901,#3902,#3903,#3904,#3905,#3906,#3907),
  .UNSPECIFIED.,.F.,.F.,(4,2,2,2,2,2,2,2,2,2,2,2,4),(-2.790043602951,
    -2.788394603512,-2.516010592918,-2.25473405381,-1.884137034147,
    -1.59157807275,-1.381376853797,-1.161457280941,-0.906872420704,
    -0.586627321993,-0.299683021735,0.,1.651096291466E-03),
  .UNSPECIFIED.);
#3882 = CARTESIAN_POINT('',(371.34563035498,-59.96033833779,
    28.583439354816));
#3883 = CARTESIAN_POINT('',(371.3484812499,-59.96033833779,
    28.578731637653));
#3884 = CARTESIAN_POINT('',(371.35133254552,-59.96033418231,
    28.574024167492));
#3885 = CARTESIAN_POINT('',(371.82523154327,-59.95895326788,
    27.791771188374));
#3886 = CARTESIAN_POINT('',(372.30739767476,-59.84424850222,
    27.021177564526));
#3887 = CARTESIAN_POINT('',(373.24619368748,-59.40874917744,
    25.571761389787));
#3888 = CARTESIAN_POINT('',(373.70378647027,-59.09624096085,
    24.889457149354));
#3889 = CARTESIAN_POINT('',(374.7649933162,-58.11159629608,
    23.358309605281));
#3890 = CARTESIAN_POINT('',(375.35353293353,-57.34068684185,
    22.555290327586));
#3891 = CARTESIAN_POINT('',(376.20824857797,-55.65157208127,
    21.429651842834));
#3892 = CARTESIAN_POINT('',(376.51229601598,-54.80358672061,
    21.045278807244));
#3893 = CARTESIAN_POINT('',(376.82573907833,-53.213886416,
    20.652656531069));
#3894 = CARTESIAN_POINT('',(376.89039777364,-52.52597555828,
    20.573088586484));
#3895 = CARTESIAN_POINT('',(376.8715229099,-51.10015398184,
    20.596469093837));
#3896 = CARTESIAN_POINT('',(376.78133512126,-50.38625688732,
    20.707608135257));
#3897 = CARTESIAN_POINT('',(376.43701979026,-48.91314060648,
    21.140773189467));
#3898 = CARTESIAN_POINT('',(376.1646093413,-48.18520372317,
    21.487273460606));
#3899 = CARTESIAN_POINT('',(375.42549861464,-46.71931529217,
    22.460327976373));
#3900 = CARTESIAN_POINT('',(374.93021463771,-46.03172972734,
    23.132696666258));
#3901 = CARTESIAN_POINT('',(373.93127338902,-44.99915976579,
    24.554589506072));
#3902 = CARTESIAN_POINT('',(373.43187551477,-44.62398103013,
    25.29116406643));
#3903 = CARTESIAN_POINT('',(372.40291266177,-44.1002125235,
    26.868898899791));
#3904 = CARTESIAN_POINT('',(371.87178298418,-43.96185905593,
    27.714929914225));
#3905 = CARTESIAN_POINT('',(371.35133254513,-43.96034249328,
    28.574024168105));
#3906 = CARTESIAN_POINT('',(371.34848125028,-43.96033833779,
    28.578731637036));
#3907 = CARTESIAN_POINT('',(371.34563035498,-43.96033833779,
    28.583439354816));
#3908 = PCURVE('',#1857,#3909);
#3909 = DEFINITIONAL_REPRESENTATION('',(#3910),#3980);
#3910 = B_SPLINE_CURVE_WITH_KNOTS('',3,(#3911,#3912,#3913,#3914,#3915,
    #3916,#3917,#3918,#3919,#3920,#3921,#3922,#3923,#3924,#3925,#3926,
    #3927,#3928,#3929,#3930,#3931,#3932,#3933,#3934,#3935,#3936,#3937,
    #3938,#3939,#3940,#3941,#3942,#3943,#3944,#3945,#3946,#3947,#3948,
    #3949,#3950,#3951,#3952,#3953,#3954,#3955,#3956,#3957,#3958,#3959,
    #3960,#3961,#3962,#3963,#3964,#3965,#3966,#3967,#3968,#3969,#3970,
    #3971,#3972,#3973,#3974,#3975,#3976,#3977,#3978,#3979),
  .UNSPECIFIED.,.F.,.F.,(4,1,1,1,1,1,1,1,1,1,1,1,1,1,1,1,1,1,1,1,1,1,1,1
    ,1,1,1,1,1,1,1,1,1,1,1,1,1,1,1,1,1,1,1,1,1,1,1,1,1,1,1,1,1,1,1,1,1,1
    ,1,1,1,1,1,1,1,1,4),(-2.790043602951,-2.747745198417,-2.705446793883
    ,-2.663148389349,-2.620849984815,-2.578551580281,-2.536253175747,
    -2.493954771214,-2.45165636668,-2.409357962146,-2.367059557612,
    -2.324761153078,-2.282462748544,-2.24016434401,-2.197865939476,
    -2.155567534942,-2.113269130408,-2.070970725874,-2.02867232134,
    -1.986373916806,-1.944075512272,-1.901777107738,-1.859478703204,
    -1.81718029867,-1.774881894136,-1.732583489602,-1.690285085068,
    -1.647986680534,-1.605688276,-1.563389871466,-1.521091466932,
    -1.478793062398,-1.436494657864,-1.39419625333,-1.351897848796,
    -1.309599444262,-1.267301039728,-1.225002635194,-1.18270423066,
    -1.140405826126,-1.098107421592,-1.055809017058,-1.013510612524,
    -0.97121220799,-0.928913803456,-0.886615398922,-0.844316994388,
    -0.802018589854,-0.75972018532,-0.717421780786,-0.675123376252,
    -0.632824971718,-0.590526567184,-0.54822816265,-0.505929758116,
    -0.463631353582,-0.421332949048,-0.379034544514,-0.33673613998,
    -0.294437735446,-0.252139330912,-0.209840926378,-0.167542521844,
    -0.12524411731,-8.29457127765E-02,-4.064730824252E-02,
    1.651096291466E-03),.UNSPECIFIED.);
#3911 = CARTESIAN_POINT('',(6.28318530718,36.31749870874));
#3912 = CARTESIAN_POINT('',(6.268090688569,36.244370934091));
#3913 = CARTESIAN_POINT('',(6.237942131074,36.097575018937));
#3914 = CARTESIAN_POINT('',(6.192817402383,35.876077221328));
#3915 = CARTESIAN_POINT('',(6.147766484735,35.653592660358));
#3916 = CARTESIAN_POINT('',(6.102766358692,35.430438536653));
#3917 = CARTESIAN_POINT('',(6.057794700161,35.20693203576));
#3918 = CARTESIAN_POINT('',(6.012828940407,34.983390364426));
#3919 = CARTESIAN_POINT('',(5.967848910694,34.76013065968));
#3920 = CARTESIAN_POINT('',(5.922808670252,34.537393031436));
#3921 = CARTESIAN_POINT('',(5.877690445077,34.315630002968));
#3922 = CARTESIAN_POINT('',(5.832471501991,34.095260328123));
#3923 = CARTESIAN_POINT('',(5.787129633548,33.876715562882));
#3924 = CARTESIAN_POINT('',(5.741637890785,33.660409824115));
#3925 = CARTESIAN_POINT('',(5.69597846018,33.446814183007));
#3926 = CARTESIAN_POINT('',(5.650074451606,33.2360904283));
#3927 = CARTESIAN_POINT('',(5.603914323521,33.028940510364));
#3928 = CARTESIAN_POINT('',(5.557483564375,32.826047630623));
#3929 = CARTESIAN_POINT('',(5.510764194077,32.628100079891));
#3930 = CARTESIAN_POINT('',(5.463734225289,32.435784540362));
#3931 = CARTESIAN_POINT('',(5.41636748773,32.24978903932));
#3932 = CARTESIAN_POINT('',(5.368632398447,32.070797832316));
#3933 = CARTESIAN_POINT('',(5.320495002515,31.899508916733));
#3934 = CARTESIAN_POINT('',(5.271906469559,31.736569094368));
#3935 = CARTESIAN_POINT('',(5.222956426296,31.583355181325));
#3936 = CARTESIAN_POINT('',(5.173614440386,31.440681149848));
#3937 = CARTESIAN_POINT('',(5.123862242985,31.309447581729));
#3938 = CARTESIAN_POINT('',(5.073669786505,31.190529499335));
#3939 = CARTESIAN_POINT('',(5.023003899763,31.084817553196));
#3940 = CARTESIAN_POINT('',(4.971814502486,30.993165440605));
#3941 = CARTESIAN_POINT('',(4.920078765861,30.916559043641));
#3942 = CARTESIAN_POINT('',(4.868330023892,30.856501623146));
#3943 = CARTESIAN_POINT('',(4.81641352429,30.813136551161));
#3944 = CARTESIAN_POINT('',(4.764314820978,30.786895243597));
#3945 = CARTESIAN_POINT('',(4.711957106188,30.778106589295));
#3946 = CARTESIAN_POINT('',(4.659354248726,30.787221541519));
#3947 = CARTESIAN_POINT('',(4.607205578822,30.813911785388));
#3948 = CARTESIAN_POINT('',(4.555307344267,30.857660223751));
#3949 = CARTESIAN_POINT('',(4.503647762459,30.918011934324));
#3950 = CARTESIAN_POINT('',(4.452184785498,30.994449152231));
#3951 = CARTESIAN_POINT('',(4.400828894044,31.086643308104));
#3952 = CARTESIAN_POINT('',(4.350062202888,31.192864997814));
#3953 = CARTESIAN_POINT('',(4.299788042425,31.312271073965));
#3954 = CARTESIAN_POINT('',(4.249983627082,31.443944447729));
#3955 = CARTESIAN_POINT('',(4.200615019593,31.586990316594));
#3956 = CARTESIAN_POINT('',(4.151661972773,31.740498674217));
#3957 = CARTESIAN_POINT('',(4.103100650766,31.903598043266));
#3958 = CARTESIAN_POINT('',(4.054991446134,32.075052864341));
#3959 = CARTESIAN_POINT('',(4.007285592993,32.25419905815));
#3960 = CARTESIAN_POINT('',(3.959953200494,32.440304001757));
#3961 = CARTESIAN_POINT('',(3.912965810693,32.632654047589));
#3962 = CARTESIAN_POINT('',(3.866301276541,32.830528190262));
#3963 = CARTESIAN_POINT('',(3.81993968264,33.033215880279));
#3964 = CARTESIAN_POINT('',(3.773872299152,33.239972102403));
#3965 = CARTESIAN_POINT('',(3.728066952335,33.450179248468));
#3966 = CARTESIAN_POINT('',(3.682454567147,33.663579143922));
#3967 = CARTESIAN_POINT('',(3.637018249732,33.879672051214));
#3968 = CARTESIAN_POINT('',(3.591730113585,34.098022061256));
#3969 = CARTESIAN_POINT('',(3.54656818698,34.318173186912));
#3970 = CARTESIAN_POINT('',(3.501509149432,34.53968592477));
#3971 = CARTESIAN_POINT('',(3.456538755581,34.762074914574));
#3972 = CARTESIAN_POINT('',(3.411614309029,34.985028656701));
#3973 = CARTESIAN_POINT('',(3.366703378306,35.208289944509));
#3974 = CARTESIAN_POINT('',(3.321786863322,35.431521107965));
#3975 = CARTESIAN_POINT('',(3.276842096337,35.654406036235));
#3976 = CARTESIAN_POINT('',(3.231846969585,35.876622845082));
#3977 = CARTESIAN_POINT('',(3.186778598255,36.097851184684));
#3978 = CARTESIAN_POINT('',(3.156668097204,36.244463955536));
#3979 = CARTESIAN_POINT('',(3.14159265359,36.31749870874));
#3980 = ( GEOMETRIC_REPRESENTATION_CONTEXT(2) 
PARAMETRIC_REPRESENTATION_CONTEXT() REPRESENTATION_CONTEXT('2D SPACE',''
  ) );
#3981 = PCURVE('',#3169,#3982);
#3982 = DEFINITIONAL_REPRESENTATION('',(#3983),#4053);
#3983 = B_SPLINE_CURVE_WITH_KNOTS('',3,(#3984,#3985,#3986,#3987,#3988,
    #3989,#3990,#3991,#3992,#3993,#3994,#3995,#3996,#3997,#3998,#3999,
    #4000,#4001,#4002,#4003,#4004,#4005,#4006,#4007,#4008,#4009,#4010,
    #4011,#4012,#4013,#4014,#4015,#4016,#4017,#4018,#4019,#4020,#4021,
    #4022,#4023,#4024,#4025,#4026,#4027,#4028,#4029,#4030,#4031,#4032,
    #4033,#4034,#4035,#4036,#4037,#4038,#4039,#4040,#4041,#4042,#4043,
    #4044,#4045,#4046,#4047,#4048,#4049,#4050,#4051,#4052),
  .UNSPECIFIED.,.F.,.F.,(4,1,1,1,1,1,1,1,1,1,1,1,1,1,1,1,1,1,1,1,1,1,1,1
    ,1,1,1,1,1,1,1,1,1,1,1,1,1,1,1,1,1,1,1,1,1,1,1,1,1,1,1,1,1,1,1,1,1,1
    ,1,1,1,1,1,1,1,1,4),(-2.790043602951,-2.747745198417,-2.705446793883
    ,-2.663148389349,-2.620849984815,-2.578551580281,-2.536253175747,
    -2.493954771214,-2.45165636668,-2.409357962146,-2.367059557612,
    -2.324761153078,-2.282462748544,-2.24016434401,-2.197865939476,
    -2.155567534942,-2.113269130408,-2.070970725874,-2.02867232134,
    -1.986373916806,-1.944075512272,-1.901777107738,-1.859478703204,
    -1.81718029867,-1.774881894136,-1.732583489602,-1.690285085068,
    -1.647986680534,-1.605688276,-1.563389871466,-1.521091466932,
    -1.478793062398,-1.436494657864,-1.39419625333,-1.351897848796,
    -1.309599444262,-1.267301039728,-1.225002635194,-1.18270423066,
    -1.140405826126,-1.098107421592,-1.055809017058,-1.013510612524,
    -0.97121220799,-0.928913803456,-0.886615398922,-0.844316994388,
    -0.802018589854,-0.75972018532,-0.717421780786,-0.675123376252,
    -0.632824971718,-0.590526567184,-0.54822816265,-0.505929758116,
    -0.463631353582,-0.421332949048,-0.379034544514,-0.33673613998,
    -0.294437735446,-0.252139330912,-0.209840926378,-0.167542521844,
    -0.12524411731,-8.29457127765E-02,-4.064730824252E-02,
    1.651096291466E-03),.UNSPECIFIED.);
#3984 = CARTESIAN_POINT('',(5.194161999339,4.712388980385));
#3985 = CARTESIAN_POINT('',(5.191236958618,4.697294319438));
#3986 = CARTESIAN_POINT('',(5.185323367408,4.667144402658));
#3987 = CARTESIAN_POINT('',(5.176269569793,4.622016204255));
#3988 = CARTESIAN_POINT('',(5.167038973343,4.576963293609));
#3989 = CARTESIAN_POINT('',(5.157639962921,4.531963758222));
#3990 = CARTESIAN_POINT('',(5.148082304053,4.486994941965));
#3991 = CARTESIAN_POINT('',(5.138377168729,4.442032721517));
#3992 = CARTESIAN_POINT('',(5.128538171645,4.397052561367));
#3993 = CARTESIAN_POINT('',(5.118574145204,4.352008084292));
#3994 = CARTESIAN_POINT('',(5.108500883129,4.30688679986));
#3995 = CARTESIAN_POINT('',(5.098335792908,4.261667691661));
#3996 = CARTESIAN_POINT('',(5.088098923759,4.216328729332));
#3997 = CARTESIAN_POINT('',(5.077812171112,4.170840880953));
#3998 = CARTESIAN_POINT('',(5.067502203585,4.125183347205));
#3999 = CARTESIAN_POINT('',(5.057187199181,4.079269034685));
#4000 = CARTESIAN_POINT('',(5.046899200023,4.033096790949));
#4001 = CARTESIAN_POINT('',(5.036674154256,3.986657474798));
#4002 = CARTESIAN_POINT('',(5.026551572582,3.939936047377));
#4003 = CARTESIAN_POINT('',(5.016574643059,3.89291072095));
#4004 = CARTESIAN_POINT('',(5.006790190468,3.845553432646));
#4005 = CARTESIAN_POINT('',(4.997248450023,3.797829018395));
#4006 = CARTESIAN_POINT('',(4.98800333965,3.749699323112));
#4007 = CARTESIAN_POINT('',(4.979110476959,3.7011099101));
#4008 = CARTESIAN_POINT('',(4.970652070688,3.652159724347));
#4009 = CARTESIAN_POINT('',(4.962690601543,3.602817868375));
#4010 = CARTESIAN_POINT('',(4.955294092926,3.553066106132));
#4011 = CARTESIAN_POINT('',(4.948530700637,3.502873893781));
#4012 = CARTESIAN_POINT('',(4.942469564669,3.452207900792));
#4013 = CARTESIAN_POINT('',(4.937177505367,3.40101806348));
#4014 = CARTESIAN_POINT('',(4.932725405428,3.349282731352));
#4015 = CARTESIAN_POINT('',(4.92921396051,3.297535088883));
#4016 = CARTESIAN_POINT('',(4.926670728299,3.245618268301));
#4017 = CARTESIAN_POINT('',(4.925130976838,3.193518693406));
#4018 = CARTESIAN_POINT('',(4.924618257815,3.141160718605));
#4019 = CARTESIAN_POINT('',(4.925153009984,3.088557964396));
#4020 = CARTESIAN_POINT('',(4.926717126532,3.036408409551));
#4021 = CARTESIAN_POINT('',(4.929280069258,2.984509247663));
#4022 = CARTESIAN_POINT('',(4.932806349422,2.932849801013));
#4023 = CARTESIAN_POINT('',(4.937251707248,2.881388412888));
#4024 = CARTESIAN_POINT('',(4.942575306011,2.830032564096));
#4025 = CARTESIAN_POINT('',(4.948664907199,2.77926591865));
#4026 = CARTESIAN_POINT('',(4.955454795514,2.728992086346));
#4027 = CARTESIAN_POINT('',(4.962874207525,2.679187989549));
#4028 = CARTESIAN_POINT('',(4.9708541318,2.629819312004));
#4029 = CARTESIAN_POINT('',(4.979326062881,2.580865754955));
#4030 = CARTESIAN_POINT('',(4.988225535881,2.532304036849));
#4031 = CARTESIAN_POINT('',(4.997475017453,2.484200685647));
#4032 = CARTESIAN_POINT('',(5.007018747719,2.436501683577));
#4033 = CARTESIAN_POINT('',(5.016802073095,2.389173920014));
#4034 = CARTESIAN_POINT('',(5.026774361926,2.342186570222));
#4035 = CARTESIAN_POINT('',(5.036888352816,2.295517134178));
#4036 = CARTESIAN_POINT('',(5.047100944949,2.24914765107));
#4037 = CARTESIAN_POINT('',(5.057371325243,2.203074483093));
#4038 = CARTESIAN_POINT('',(5.067667894784,2.157272562051));
#4039 = CARTESIAN_POINT('',(5.077968161034,2.111665441214));
#4040 = CARTESIAN_POINT('',(5.088242399337,2.066232918341));
#4041 = CARTESIAN_POINT('',(5.098466276792,2.020944863568));
#4042 = CARTESIAN_POINT('',(5.108617279139,1.975779269644));
#4043 = CARTESIAN_POINT('',(5.118675996672,1.93071461261));
#4044 = CARTESIAN_POINT('',(5.128623824472,1.885741383336));
#4045 = CARTESIAN_POINT('',(5.138450328504,1.840820654211));
#4046 = CARTESIAN_POINT('',(5.14814282876,1.795914253722));
#4047 = CARTESIAN_POINT('',(5.157687877392,1.751000534964));
#4048 = CARTESIAN_POINT('',(5.167074408692,1.70605539502));
#4049 = CARTESIAN_POINT('',(5.176292773233,1.661056985612));
#4050 = CARTESIAN_POINT('',(5.18533469388,1.615983999577));
#4051 = CARTESIAN_POINT('',(5.191240671804,1.585871797625));
#4052 = CARTESIAN_POINT('',(5.194161999339,1.570796326795));
#4053 = ( GEOMETRIC_REPRESENTATION_CONTEXT(2) 
PARAMETRIC_REPRESENTATION_CONTEXT() REPRESENTATION_CONTEXT('2D SPACE',''
  ) );
#4054 = ADVANCED_FACE('',(#4055,#4242,#4341,#4440),#2071,.F.);
#4055 = FACE_BOUND('',#4056,.F.);
#4056 = EDGE_LOOP('',(#4057,#4087,#4115,#4136,#4137,#4160,#4188,#4216));
#4057 = ORIENTED_EDGE('',*,*,#4058,.F.);
#4058 = EDGE_CURVE('',#4059,#4061,#4063,.T.);
#4059 = VERTEX_POINT('',#4060);
#4060 = CARTESIAN_POINT('',(397.88565332714,-60.,46.07133800679));
#4061 = VERTEX_POINT('',#4062);
#4062 = CARTESIAN_POINT('',(397.88565332714,-60.,14.991948590538));
#4063 = SURFACE_CURVE('',#4064,(#4068,#4075),.PCURVE_S1.);
#4064 = LINE('',#4065,#4066);
#4065 = CARTESIAN_POINT('',(397.88565332714,-60.,46.07133800679));
#4066 = VECTOR('',#4067,1.);
#4067 = DIRECTION('',(0.,0.,-1.));
#4068 = PCURVE('',#2071,#4069);
#4069 = DEFINITIONAL_REPRESENTATION('',(#4070),#4074);
#4070 = LINE('',#4071,#4072);
#4071 = CARTESIAN_POINT('',(83.334528682681,-12.96261371504));
#4072 = VECTOR('',#4073,1.);
#4073 = DIRECTION('',(-1.,0.));
#4074 = ( GEOMETRIC_REPRESENTATION_CONTEXT(2) 
PARAMETRIC_REPRESENTATION_CONTEXT() REPRESENTATION_CONTEXT('2D SPACE',''
  ) );
#4075 = PCURVE('',#4076,#4081);
#4076 = PLANE('',#4077);
#4077 = AXIS2_PLACEMENT_3D('',#4078,#4079,#4080);
#4078 = CARTESIAN_POINT('',(397.88565332714,-70.,46.07133800679));
#4079 = DIRECTION('',(-1.,0.,0.));
#4080 = DIRECTION('',(-0.,-2.2E-16,-1.));
#4081 = DEFINITIONAL_REPRESENTATION('',(#4082),#4086);
#4082 = LINE('',#4083,#4084);
#4083 = CARTESIAN_POINT('',(-2.2E-15,-10.));
#4084 = VECTOR('',#4085,1.);
#4085 = DIRECTION('',(1.,-2.2E-16));
#4086 = ( GEOMETRIC_REPRESENTATION_CONTEXT(2) 
PARAMETRIC_REPRESENTATION_CONTEXT() REPRESENTATION_CONTEXT('2D SPACE',''
  ) );
#4087 = ORIENTED_EDGE('',*,*,#4088,.F.);
#4088 = EDGE_CURVE('',#4089,#4059,#4091,.T.);
#4089 = VERTEX_POINT('',#4090);
#4090 = CARTESIAN_POINT('',(423.81088075724,-60.,46.07133800679));
#4091 = SURFACE_CURVE('',#4092,(#4096,#4103),.PCURVE_S1.);
#4092 = LINE('',#4093,#4094);
#4093 = CARTESIAN_POINT('',(423.81088075724,-60.,46.07133800679));
#4094 = VECTOR('',#4095,1.);
#4095 = DIRECTION('',(-1.,0.,0.));
#4096 = PCURVE('',#2071,#4097);
#4097 = DEFINITIONAL_REPRESENTATION('',(#4098),#4102);
#4098 = LINE('',#4099,#4100);
#4099 = CARTESIAN_POINT('',(83.334528682681,12.962613715048));
#4100 = VECTOR('',#4101,1.);
#4101 = DIRECTION('',(0.,-1.));
#4102 = ( GEOMETRIC_REPRESENTATION_CONTEXT(2) 
PARAMETRIC_REPRESENTATION_CONTEXT() REPRESENTATION_CONTEXT('2D SPACE',''
  ) );
#4103 = PCURVE('',#4104,#4109);
#4104 = PLANE('',#4105);
#4105 = AXIS2_PLACEMENT_3D('',#4106,#4107,#4108);
#4106 = CARTESIAN_POINT('',(423.81088075724,-70.,46.07133800679));
#4107 = DIRECTION('',(0.,2.2E-16,1.));
#4108 = DIRECTION('',(-1.,0.,0.));
#4109 = DEFINITIONAL_REPRESENTATION('',(#4110),#4114);
#4110 = LINE('',#4111,#4112);
#4111 = CARTESIAN_POINT('',(0.,-10.));
#4112 = VECTOR('',#4113,1.);
#4113 = DIRECTION('',(1.,0.));
#4114 = ( GEOMETRIC_REPRESENTATION_CONTEXT(2) 
PARAMETRIC_REPRESENTATION_CONTEXT() REPRESENTATION_CONTEXT('2D SPACE',''
  ) );
#4115 = ORIENTED_EDGE('',*,*,#4116,.F.);
#4116 = EDGE_CURVE('',#2054,#4089,#4117,.T.);
#4117 = SURFACE_CURVE('',#4118,(#4122,#4129),.PCURVE_S1.);
#4118 = LINE('',#4119,#4120);
#4119 = CARTESIAN_POINT('',(423.81088075724,-60.,-120.5977193585));
#4120 = VECTOR('',#4121,1.);
#4121 = DIRECTION('',(0.,0.,1.));
#4122 = PCURVE('',#2071,#4123);
#4123 = DEFINITIONAL_REPRESENTATION('',(#4124),#4128);
#4124 = LINE('',#4125,#4126);
#4125 = CARTESIAN_POINT('',(-83.33452868268,12.962613715048));
#4126 = VECTOR('',#4127,1.);
#4127 = DIRECTION('',(1.,0.));
#4128 = ( GEOMETRIC_REPRESENTATION_CONTEXT(2) 
PARAMETRIC_REPRESENTATION_CONTEXT() REPRESENTATION_CONTEXT('2D SPACE',''
  ) );
#4129 = PCURVE('',#2255,#4130);
#4130 = DEFINITIONAL_REPRESENTATION('',(#4131),#4135);
#4131 = LINE('',#4132,#4133);
#4132 = CARTESIAN_POINT('',(83.334528682681,-5.));
#4133 = VECTOR('',#4134,1.);
#4134 = DIRECTION('',(-1.,0.));
#4135 = ( GEOMETRIC_REPRESENTATION_CONTEXT(2) 
PARAMETRIC_REPRESENTATION_CONTEXT() REPRESENTATION_CONTEXT('2D SPACE',''
  ) );
#4136 = ORIENTED_EDGE('',*,*,#2053,.T.);
#4137 = ORIENTED_EDGE('',*,*,#4138,.T.);
#4138 = EDGE_CURVE('',#2056,#4139,#4141,.T.);
#4139 = VERTEX_POINT('',#4140);
#4140 = CARTESIAN_POINT('',(420.90582393248,-60.,-45.14549418873));
#4141 = SURFACE_CURVE('',#4142,(#4146,#4153),.PCURVE_S1.);
#4142 = LINE('',#4143,#4144);
#4143 = CARTESIAN_POINT('',(421.35519809181,-60.,-44.36715531316));
#4144 = VECTOR('',#4145,1.);
#4145 = DIRECTION('',(0.5,2.2E-16,0.866025403784));
#4146 = PCURVE('',#2071,#4147);
#4147 = DEFINITIONAL_REPRESENTATION('',(#4148),#4152);
#4148 = LINE('',#4149,#4150);
#4149 = CARTESIAN_POINT('',(-7.103964637274,10.506931049617));
#4150 = VECTOR('',#4151,1.);
#4151 = DIRECTION('',(0.866025403784,0.5));
#4152 = ( GEOMETRIC_REPRESENTATION_CONTEXT(2) 
PARAMETRIC_REPRESENTATION_CONTEXT() REPRESENTATION_CONTEXT('2D SPACE',''
  ) );
#4153 = PCURVE('',#2099,#4154);
#4154 = DEFINITIONAL_REPRESENTATION('',(#4155),#4159);
#4155 = LINE('',#4156,#4157);
#4156 = CARTESIAN_POINT('',(-0.898748318657,-10.));
#4157 = VECTOR('',#4158,1.);
#4158 = DIRECTION('',(-1.,-1.1E-16));
#4159 = ( GEOMETRIC_REPRESENTATION_CONTEXT(2) 
PARAMETRIC_REPRESENTATION_CONTEXT() REPRESENTATION_CONTEXT('2D SPACE',''
  ) );
#4160 = ORIENTED_EDGE('',*,*,#4161,.T.);
#4161 = EDGE_CURVE('',#4139,#4162,#4164,.T.);
#4162 = VERTEX_POINT('',#4163);
#4163 = CARTESIAN_POINT('',(407.66312906372,-60.,-45.14549418873));
#4164 = SURFACE_CURVE('',#4165,(#4169,#4176),.PCURVE_S1.);
#4165 = LINE('',#4166,#4167);
#4166 = CARTESIAN_POINT('',(401.64134040658,-60.,-45.14549418873));
#4167 = VECTOR('',#4168,1.);
#4168 = DIRECTION('',(-1.,-0.,-2.2E-16));
#4169 = PCURVE('',#2071,#4170);
#4170 = DEFINITIONAL_REPRESENTATION('',(#4171),#4175);
#4171 = LINE('',#4172,#4173);
#4172 = CARTESIAN_POINT('',(-7.88230351284,-9.206926635613));
#4173 = VECTOR('',#4174,1.);
#4174 = DIRECTION('',(-2.2E-16,-1.));
#4175 = ( GEOMETRIC_REPRESENTATION_CONTEXT(2) 
PARAMETRIC_REPRESENTATION_CONTEXT() REPRESENTATION_CONTEXT('2D SPACE',''
  ) );
#4176 = PCURVE('',#4177,#4182);
#4177 = PLANE('',#4178);
#4178 = AXIS2_PLACEMENT_3D('',#4179,#4180,#4181);
#4179 = CARTESIAN_POINT('',(392.43441377097,-70.,-45.14549418873));
#4180 = DIRECTION('',(2.2E-16,0.,-1.));
#4181 = DIRECTION('',(1.,2.2E-16,2.2E-16));
#4182 = DEFINITIONAL_REPRESENTATION('',(#4183),#4187);
#4183 = LINE('',#4184,#4185);
#4184 = CARTESIAN_POINT('',(9.206926635613,-10.));
#4185 = VECTOR('',#4186,1.);
#4186 = DIRECTION('',(-1.,-2.2E-16));
#4187 = ( GEOMETRIC_REPRESENTATION_CONTEXT(2) 
PARAMETRIC_REPRESENTATION_CONTEXT() REPRESENTATION_CONTEXT('2D SPACE',''
  ) );
#4188 = ORIENTED_EDGE('',*,*,#4189,.T.);
#4189 = EDGE_CURVE('',#4162,#4190,#4192,.T.);
#4190 = VERTEX_POINT('',#4191);
#4191 = CARTESIAN_POINT('',(407.66312906372,-60.,14.991948590538));
#4192 = SURFACE_CURVE('',#4193,(#4197,#4204),.PCURVE_S1.);
#4193 = LINE('',#4194,#4195);
#4194 = CARTESIAN_POINT('',(407.66312906372,-60.,12.047987147634));
#4195 = VECTOR('',#4196,1.);
#4196 = DIRECTION('',(0.,0.,1.));
#4197 = PCURVE('',#2071,#4198);
#4198 = DEFINITIONAL_REPRESENTATION('',(#4199),#4203);
#4199 = LINE('',#4200,#4201);
#4200 = CARTESIAN_POINT('',(49.311177823525,-3.185137978475));
#4201 = VECTOR('',#4202,1.);
#4202 = DIRECTION('',(1.,0.));
#4203 = ( GEOMETRIC_REPRESENTATION_CONTEXT(2) 
PARAMETRIC_REPRESENTATION_CONTEXT() REPRESENTATION_CONTEXT('2D SPACE',''
  ) );
#4204 = PCURVE('',#4205,#4210);
#4205 = PLANE('',#4206);
#4206 = AXIS2_PLACEMENT_3D('',#4207,#4208,#4209);
#4207 = CARTESIAN_POINT('',(407.66312906372,-25.9,15.1));
#4208 = DIRECTION('',(-1.,0.,0.));
#4209 = DIRECTION('',(0.,1.,0.));
#4210 = DEFINITIONAL_REPRESENTATION('',(#4211),#4215);
#4211 = LINE('',#4212,#4213);
#4212 = CARTESIAN_POINT('',(-34.1,3.052012852366));
#4213 = VECTOR('',#4214,1.);
#4214 = DIRECTION('',(0.,-1.));
#4215 = ( GEOMETRIC_REPRESENTATION_CONTEXT(2) 
PARAMETRIC_REPRESENTATION_CONTEXT() REPRESENTATION_CONTEXT('2D SPACE',''
  ) );
#4216 = ORIENTED_EDGE('',*,*,#4217,.F.);
#4217 = EDGE_CURVE('',#4061,#4190,#4218,.T.);
#4218 = SURFACE_CURVE('',#4219,(#4223,#4230),.PCURVE_S1.);
#4219 = LINE('',#4220,#4221);
#4220 = CARTESIAN_POINT('',(247.93398373935,-60.,14.991948590538));
#4221 = VECTOR('',#4222,1.);
#4222 = DIRECTION('',(1.,0.,0.));
#4223 = PCURVE('',#2071,#4224);
#4224 = DEFINITIONAL_REPRESENTATION('',(#4225),#4229);
#4225 = LINE('',#4226,#4227);
#4226 = CARTESIAN_POINT('',(52.255139266429,-162.9142833028));
#4227 = VECTOR('',#4228,1.);
#4228 = DIRECTION('',(0.,1.));
#4229 = ( GEOMETRIC_REPRESENTATION_CONTEXT(2) 
PARAMETRIC_REPRESENTATION_CONTEXT() REPRESENTATION_CONTEXT('2D SPACE',''
  ) );
#4230 = PCURVE('',#4231,#4236);
#4231 = PLANE('',#4232);
#4232 = AXIS2_PLACEMENT_3D('',#4233,#4234,#4235);
#4233 = CARTESIAN_POINT('',(247.93398373935,-40.,14.991948590538));
#4234 = DIRECTION('',(0.,0.,-1.));
#4235 = DIRECTION('',(1.,0.,0.));
#4236 = DEFINITIONAL_REPRESENTATION('',(#4237),#4241);
#4237 = LINE('',#4238,#4239);
#4238 = CARTESIAN_POINT('',(0.,20.));
#4239 = VECTOR('',#4240,1.);
#4240 = DIRECTION('',(1.,0.));
#4241 = ( GEOMETRIC_REPRESENTATION_CONTEXT(2) 
PARAMETRIC_REPRESENTATION_CONTEXT() REPRESENTATION_CONTEXT('2D SPACE',''
  ) );
#4242 = FACE_BOUND('',#4243,.F.);
#4243 = EDGE_LOOP('',(#4244,#4297));
#4244 = ORIENTED_EDGE('',*,*,#4245,.F.);
#4245 = EDGE_CURVE('',#4246,#4248,#4250,.T.);
#4246 = VERTEX_POINT('',#4247);
#4247 = CARTESIAN_POINT('',(413.65573675199,-60.,-37.));
#4248 = VERTEX_POINT('',#4249);
#4249 = CARTESIAN_POINT('',(408.23510962926,-60.,-37.));
#4250 = SURFACE_CURVE('',#4251,(#4256,#4263),.PCURVE_S1.);
#4251 = ELLIPSE('',#4252,2.710313561367,2.7);
#4252 = AXIS2_PLACEMENT_3D('',#4253,#4254,#4255);
#4253 = CARTESIAN_POINT('',(410.94542319062,-60.,-37.));
#4254 = DIRECTION('',(0.,1.,-2.6E-16));
#4255 = DIRECTION('',(1.,7.592E-31,2.92E-15));
#4256 = PCURVE('',#2071,#4257);
#4257 = DEFINITIONAL_REPRESENTATION('',(#4258),#4262);
#4258 = ELLIPSE('',#4259,2.710313561367,2.7);
#4259 = AXIS2_PLACEMENT_2D('',#4260,#4261);
#4260 = CARTESIAN_POINT('',(0.263190675891,9.715614843219E-02));
#4261 = DIRECTION('',(2.92E-15,1.));
#4262 = ( GEOMETRIC_REPRESENTATION_CONTEXT(2) 
PARAMETRIC_REPRESENTATION_CONTEXT() REPRESENTATION_CONTEXT('2D SPACE',''
  ) );
#4263 = PCURVE('',#4264,#4269);
#4264 = CYLINDRICAL_SURFACE('',#4265,2.7);
#4265 = AXIS2_PLACEMENT_3D('',#4266,#4267,#4268);
#4266 = CARTESIAN_POINT('',(417.58259895064,15.863266079622,-37.));
#4267 = DIRECTION('',(8.715574274766E-02,0.996194698092,0.));
#4268 = DIRECTION('',(-0.996194698092,8.715574274766E-02,0.));
#4269 = DEFINITIONAL_REPRESENTATION('',(#4270),#4296);
#4270 = B_SPLINE_CURVE_WITH_KNOTS('',3,(#4271,#4272,#4273,#4274,#4275,
    #4276,#4277,#4278,#4279,#4280,#4281,#4282,#4283,#4284,#4285,#4286,
    #4287,#4288,#4289,#4290,#4291,#4292,#4293,#4294,#4295),
  .UNSPECIFIED.,.F.,.F.,(4,1,1,1,1,1,1,1,1,1,1,1,1,1,1,1,1,1,1,1,1,1,4),
  (0.,0.142799666072,0.285599332145,0.428398998217,0.571198664289,
    0.713998330361,0.856797996434,0.999597662506,1.142397328578,
    1.28519699465,1.427996660723,1.570796326795,1.713595992867,
    1.856395658939,1.999195325012,2.141994991084,2.284794657156,
    2.427594323228,2.570393989301,2.713193655373,2.855993321445,
    2.998792987518,3.14159265359),.QUASI_UNIFORM_KNOTS.);
#4271 = CARTESIAN_POINT('',(3.14159265359,-75.91683204003));
#4272 = CARTESIAN_POINT('',(3.189192542281,-75.91682399306));
#4273 = CARTESIAN_POINT('',(3.284392319662,-75.91844414682));
#4274 = CARTESIAN_POINT('',(3.427191985734,-75.92562797357));
#4275 = CARTESIAN_POINT('',(3.569991651807,-75.93744746984));
#4276 = CARTESIAN_POINT('',(3.712791317879,-75.95365443768));
#4277 = CARTESIAN_POINT('',(3.855590983951,-75.97392098291));
#4278 = CARTESIAN_POINT('',(3.998390650023,-75.9978339924));
#4279 = CARTESIAN_POINT('',(4.141190316096,-76.02490681218));
#4280 = CARTESIAN_POINT('',(4.283989982168,-76.05458827861));
#4281 = CARTESIAN_POINT('',(4.42678964824,-76.0862741731));
#4282 = CARTESIAN_POINT('',(4.569589314312,-76.11931945941));
#4283 = CARTESIAN_POINT('',(4.712388980385,-76.15305143155));
#4284 = CARTESIAN_POINT('',(4.855188646457,-76.18678340369));
#4285 = CARTESIAN_POINT('',(4.997988312529,-76.21982869));
#4286 = CARTESIAN_POINT('',(5.140787978601,-76.25151458449));
#4287 = CARTESIAN_POINT('',(5.283587644674,-76.28119605092));
#4288 = CARTESIAN_POINT('',(5.426387310746,-76.3082688707));
#4289 = CARTESIAN_POINT('',(5.569186976818,-76.33218188019));
#4290 = CARTESIAN_POINT('',(5.711986642891,-76.35244842542));
#4291 = CARTESIAN_POINT('',(5.854786308963,-76.36865539326));
#4292 = CARTESIAN_POINT('',(5.997585975035,-76.38047488953));
#4293 = CARTESIAN_POINT('',(6.140385641107,-76.38765871628));
#4294 = CARTESIAN_POINT('',(6.235585418489,-76.38927887004));
#4295 = CARTESIAN_POINT('',(6.28318530718,-76.38927082307));
#4296 = ( GEOMETRIC_REPRESENTATION_CONTEXT(2) 
PARAMETRIC_REPRESENTATION_CONTEXT() REPRESENTATION_CONTEXT('2D SPACE',''
  ) );
#4297 = ORIENTED_EDGE('',*,*,#4298,.F.);
#4298 = EDGE_CURVE('',#4248,#4246,#4299,.T.);
#4299 = SURFACE_CURVE('',#4300,(#4305,#4312),.PCURVE_S1.);
#4300 = ELLIPSE('',#4301,2.710313561367,2.7);
#4301 = AXIS2_PLACEMENT_3D('',#4302,#4303,#4304);
#4302 = CARTESIAN_POINT('',(410.94542319062,-60.,-37.));
#4303 = DIRECTION('',(0.,1.,-2.6E-16));
#4304 = DIRECTION('',(1.,7.592E-31,2.92E-15));
#4305 = PCURVE('',#2071,#4306);
#4306 = DEFINITIONAL_REPRESENTATION('',(#4307),#4311);
#4307 = ELLIPSE('',#4308,2.710313561367,2.7);
#4308 = AXIS2_PLACEMENT_2D('',#4309,#4310);
#4309 = CARTESIAN_POINT('',(0.263190675891,9.715614843219E-02));
#4310 = DIRECTION('',(2.92E-15,1.));
#4311 = ( GEOMETRIC_REPRESENTATION_CONTEXT(2) 
PARAMETRIC_REPRESENTATION_CONTEXT() REPRESENTATION_CONTEXT('2D SPACE',''
  ) );
#4312 = PCURVE('',#4264,#4313);
#4313 = DEFINITIONAL_REPRESENTATION('',(#4314),#4340);
#4314 = B_SPLINE_CURVE_WITH_KNOTS('',3,(#4315,#4316,#4317,#4318,#4319,
    #4320,#4321,#4322,#4323,#4324,#4325,#4326,#4327,#4328,#4329,#4330,
    #4331,#4332,#4333,#4334,#4335,#4336,#4337,#4338,#4339),
  .UNSPECIFIED.,.F.,.F.,(4,1,1,1,1,1,1,1,1,1,1,1,1,1,1,1,1,1,1,1,1,1,4),
  (3.14159265359,3.284392319662,3.427191985734,3.569991651807,
    3.712791317879,3.855590983951,3.998390650023,4.141190316096,
    4.283989982168,4.42678964824,4.569589314312,4.712388980385,
    4.855188646457,4.997988312529,5.140787978601,5.283587644674,
    5.426387310746,5.569186976818,5.711986642891,5.854786308963,
    5.997585975035,6.140385641107,6.28318530718),.QUASI_UNIFORM_KNOTS.);
#4315 = CARTESIAN_POINT('',(0.,-76.38927082307));
#4316 = CARTESIAN_POINT('',(4.759988869076E-02,-76.38927887004));
#4317 = CARTESIAN_POINT('',(0.142799666072,-76.38765871628));
#4318 = CARTESIAN_POINT('',(0.285599332145,-76.38047488953));
#4319 = CARTESIAN_POINT('',(0.428398998217,-76.36865539326));
#4320 = CARTESIAN_POINT('',(0.571198664289,-76.35244842542));
#4321 = CARTESIAN_POINT('',(0.713998330361,-76.33218188019));
#4322 = CARTESIAN_POINT('',(0.856797996434,-76.3082688707));
#4323 = CARTESIAN_POINT('',(0.999597662506,-76.28119605092));
#4324 = CARTESIAN_POINT('',(1.142397328578,-76.25151458449));
#4325 = CARTESIAN_POINT('',(1.28519699465,-76.21982869));
#4326 = CARTESIAN_POINT('',(1.427996660723,-76.18678340369));
#4327 = CARTESIAN_POINT('',(1.570796326795,-76.15305143155));
#4328 = CARTESIAN_POINT('',(1.713595992867,-76.11931945941));
#4329 = CARTESIAN_POINT('',(1.856395658939,-76.0862741731));
#4330 = CARTESIAN_POINT('',(1.999195325012,-76.05458827861));
#4331 = CARTESIAN_POINT('',(2.141994991084,-76.02490681218));
#4332 = CARTESIAN_POINT('',(2.284794657156,-75.9978339924));
#4333 = CARTESIAN_POINT('',(2.427594323228,-75.97392098291));
#4334 = CARTESIAN_POINT('',(2.570393989301,-75.95365443768));
#4335 = CARTESIAN_POINT('',(2.713193655373,-75.93744746984));
#4336 = CARTESIAN_POINT('',(2.855993321445,-75.92562797357));
#4337 = CARTESIAN_POINT('',(2.998792987518,-75.91844414682));
#4338 = CARTESIAN_POINT('',(3.093992764899,-75.91682399306));
#4339 = CARTESIAN_POINT('',(3.14159265359,-75.91683204003));
#4340 = ( GEOMETRIC_REPRESENTATION_CONTEXT(2) 
PARAMETRIC_REPRESENTATION_CONTEXT() REPRESENTATION_CONTEXT('2D SPACE',''
  ) );
#4341 = FACE_BOUND('',#4342,.F.);
#4342 = EDGE_LOOP('',(#4343,#4396));
#4343 = ORIENTED_EDGE('',*,*,#4344,.F.);
#4344 = EDGE_CURVE('',#4345,#4347,#4349,.T.);
#4345 = VERTEX_POINT('',#4346);
#4346 = CARTESIAN_POINT('',(413.65573675199,-60.,9.851471862576));
#4347 = VERTEX_POINT('',#4348);
#4348 = CARTESIAN_POINT('',(408.23510962926,-60.,9.851471862576));
#4349 = SURFACE_CURVE('',#4350,(#4355,#4362),.PCURVE_S1.);
#4350 = ELLIPSE('',#4351,2.710313561367,2.7);
#4351 = AXIS2_PLACEMENT_3D('',#4352,#4353,#4354);
#4352 = CARTESIAN_POINT('',(410.94542319062,-60.,9.851471862576));
#4353 = DIRECTION('',(0.,1.,-2.6E-16));
#4354 = DIRECTION('',(1.,7.592E-31,2.92E-15));
#4355 = PCURVE('',#2071,#4356);
#4356 = DEFINITIONAL_REPRESENTATION('',(#4357),#4361);
#4357 = ELLIPSE('',#4358,2.710313561367,2.7);
#4358 = AXIS2_PLACEMENT_2D('',#4359,#4360);
#4359 = CARTESIAN_POINT('',(47.114662538467,9.715614843219E-02));
#4360 = DIRECTION('',(2.92E-15,1.));
#4361 = ( GEOMETRIC_REPRESENTATION_CONTEXT(2) 
PARAMETRIC_REPRESENTATION_CONTEXT() REPRESENTATION_CONTEXT('2D SPACE',''
  ) );
#4362 = PCURVE('',#4363,#4368);
#4363 = CYLINDRICAL_SURFACE('',#4364,2.7);
#4364 = AXIS2_PLACEMENT_3D('',#4365,#4366,#4367);
#4365 = CARTESIAN_POINT('',(417.58259895064,15.863266079622,
    9.851471862576));
#4366 = DIRECTION('',(8.715574274766E-02,0.996194698092,0.));
#4367 = DIRECTION('',(-0.996194698092,8.715574274766E-02,0.));
#4368 = DEFINITIONAL_REPRESENTATION('',(#4369),#4395);
#4369 = B_SPLINE_CURVE_WITH_KNOTS('',3,(#4370,#4371,#4372,#4373,#4374,
    #4375,#4376,#4377,#4378,#4379,#4380,#4381,#4382,#4383,#4384,#4385,
    #4386,#4387,#4388,#4389,#4390,#4391,#4392,#4393,#4394),
  .UNSPECIFIED.,.F.,.F.,(4,1,1,1,1,1,1,1,1,1,1,1,1,1,1,1,1,1,1,1,1,1,4),
  (0.,0.142799666072,0.285599332145,0.428398998217,0.571198664289,
    0.713998330361,0.856797996434,0.999597662506,1.142397328578,
    1.28519699465,1.427996660723,1.570796326795,1.713595992867,
    1.856395658939,1.999195325012,2.141994991084,2.284794657156,
    2.427594323228,2.570393989301,2.713193655373,2.855993321445,
    2.998792987518,3.14159265359),.QUASI_UNIFORM_KNOTS.);
#4370 = CARTESIAN_POINT('',(3.14159265359,-75.91683204003));
#4371 = CARTESIAN_POINT('',(3.189192542281,-75.91682399306));
#4372 = CARTESIAN_POINT('',(3.284392319662,-75.91844414682));
#4373 = CARTESIAN_POINT('',(3.427191985734,-75.92562797357));
#4374 = CARTESIAN_POINT('',(3.569991651807,-75.93744746984));
#4375 = CARTESIAN_POINT('',(3.712791317879,-75.95365443768));
#4376 = CARTESIAN_POINT('',(3.855590983951,-75.97392098291));
#4377 = CARTESIAN_POINT('',(3.998390650023,-75.9978339924));
#4378 = CARTESIAN_POINT('',(4.141190316096,-76.02490681218));
#4379 = CARTESIAN_POINT('',(4.283989982168,-76.05458827861));
#4380 = CARTESIAN_POINT('',(4.42678964824,-76.0862741731));
#4381 = CARTESIAN_POINT('',(4.569589314312,-76.11931945941));
#4382 = CARTESIAN_POINT('',(4.712388980385,-76.15305143155));
#4383 = CARTESIAN_POINT('',(4.855188646457,-76.18678340369));
#4384 = CARTESIAN_POINT('',(4.997988312529,-76.21982869));
#4385 = CARTESIAN_POINT('',(5.140787978601,-76.25151458449));
#4386 = CARTESIAN_POINT('',(5.283587644674,-76.28119605092));
#4387 = CARTESIAN_POINT('',(5.426387310746,-76.3082688707));
#4388 = CARTESIAN_POINT('',(5.569186976818,-76.33218188019));
#4389 = CARTESIAN_POINT('',(5.711986642891,-76.35244842542));
#4390 = CARTESIAN_POINT('',(5.854786308963,-76.36865539326));
#4391 = CARTESIAN_POINT('',(5.997585975035,-76.38047488953));
#4392 = CARTESIAN_POINT('',(6.140385641107,-76.38765871628));
#4393 = CARTESIAN_POINT('',(6.235585418489,-76.38927887004));
#4394 = CARTESIAN_POINT('',(6.28318530718,-76.38927082307));
#4395 = ( GEOMETRIC_REPRESENTATION_CONTEXT(2) 
PARAMETRIC_REPRESENTATION_CONTEXT() REPRESENTATION_CONTEXT('2D SPACE',''
  ) );
#4396 = ORIENTED_EDGE('',*,*,#4397,.F.);
#4397 = EDGE_CURVE('',#4347,#4345,#4398,.T.);
#4398 = SURFACE_CURVE('',#4399,(#4404,#4411),.PCURVE_S1.);
#4399 = ELLIPSE('',#4400,2.710313561367,2.7);
#4400 = AXIS2_PLACEMENT_3D('',#4401,#4402,#4403);
#4401 = CARTESIAN_POINT('',(410.94542319062,-60.,9.851471862576));
#4402 = DIRECTION('',(0.,1.,-2.6E-16));
#4403 = DIRECTION('',(1.,7.592E-31,2.92E-15));
#4404 = PCURVE('',#2071,#4405);
#4405 = DEFINITIONAL_REPRESENTATION('',(#4406),#4410);
#4406 = ELLIPSE('',#4407,2.710313561367,2.7);
#4407 = AXIS2_PLACEMENT_2D('',#4408,#4409);
#4408 = CARTESIAN_POINT('',(47.114662538467,9.715614843219E-02));
#4409 = DIRECTION('',(2.92E-15,1.));
#4410 = ( GEOMETRIC_REPRESENTATION_CONTEXT(2) 
PARAMETRIC_REPRESENTATION_CONTEXT() REPRESENTATION_CONTEXT('2D SPACE',''
  ) );
#4411 = PCURVE('',#4363,#4412);
#4412 = DEFINITIONAL_REPRESENTATION('',(#4413),#4439);
#4413 = B_SPLINE_CURVE_WITH_KNOTS('',3,(#4414,#4415,#4416,#4417,#4418,
    #4419,#4420,#4421,#4422,#4423,#4424,#4425,#4426,#4427,#4428,#4429,
    #4430,#4431,#4432,#4433,#4434,#4435,#4436,#4437,#4438),
  .UNSPECIFIED.,.F.,.F.,(4,1,1,1,1,1,1,1,1,1,1,1,1,1,1,1,1,1,1,1,1,1,4),
  (3.14159265359,3.284392319662,3.427191985734,3.569991651807,
    3.712791317879,3.855590983951,3.998390650023,4.141190316096,
    4.283989982168,4.42678964824,4.569589314312,4.712388980385,
    4.855188646457,4.997988312529,5.140787978601,5.283587644674,
    5.426387310746,5.569186976818,5.711986642891,5.854786308963,
    5.997585975035,6.140385641107,6.28318530718),.QUASI_UNIFORM_KNOTS.);
#4414 = CARTESIAN_POINT('',(0.,-76.38927082307));
#4415 = CARTESIAN_POINT('',(4.759988869075E-02,-76.38927887004));
#4416 = CARTESIAN_POINT('',(0.142799666072,-76.38765871628));
#4417 = CARTESIAN_POINT('',(0.285599332145,-76.38047488953));
#4418 = CARTESIAN_POINT('',(0.428398998217,-76.36865539326));
#4419 = CARTESIAN_POINT('',(0.571198664289,-76.35244842542));
#4420 = CARTESIAN_POINT('',(0.713998330361,-76.33218188019));
#4421 = CARTESIAN_POINT('',(0.856797996434,-76.3082688707));
#4422 = CARTESIAN_POINT('',(0.999597662506,-76.28119605092));
#4423 = CARTESIAN_POINT('',(1.142397328578,-76.25151458449));
#4424 = CARTESIAN_POINT('',(1.28519699465,-76.21982869));
#4425 = CARTESIAN_POINT('',(1.427996660723,-76.18678340369));
#4426 = CARTESIAN_POINT('',(1.570796326795,-76.15305143155));
#4427 = CARTESIAN_POINT('',(1.713595992867,-76.11931945941));
#4428 = CARTESIAN_POINT('',(1.856395658939,-76.0862741731));
#4429 = CARTESIAN_POINT('',(1.999195325012,-76.05458827861));
#4430 = CARTESIAN_POINT('',(2.141994991084,-76.02490681218));
#4431 = CARTESIAN_POINT('',(2.284794657156,-75.9978339924));
#4432 = CARTESIAN_POINT('',(2.427594323228,-75.97392098291));
#4433 = CARTESIAN_POINT('',(2.570393989301,-75.95365443768));
#4434 = CARTESIAN_POINT('',(2.713193655373,-75.93744746984));
#4435 = CARTESIAN_POINT('',(2.855993321445,-75.92562797357));
#4436 = CARTESIAN_POINT('',(2.998792987518,-75.91844414682));
#4437 = CARTESIAN_POINT('',(3.093992764899,-75.91682399306));
#4438 = CARTESIAN_POINT('',(3.14159265359,-75.91683204003));
#4439 = ( GEOMETRIC_REPRESENTATION_CONTEXT(2) 
PARAMETRIC_REPRESENTATION_CONTEXT() REPRESENTATION_CONTEXT('2D SPACE',''
  ) );
#4440 = FACE_BOUND('',#4441,.F.);
#4441 = EDGE_LOOP('',(#4442,#4479));
#4442 = ORIENTED_EDGE('',*,*,#4443,.F.);
#4443 = EDGE_CURVE('',#4444,#4446,#4448,.T.);
#4444 = VERTEX_POINT('',#4445);
#4445 = CARTESIAN_POINT('',(409.3715648052,-60.,-8.920423383895));
#4446 = VERTEX_POINT('',#4447);
#4447 = CARTESIAN_POINT('',(409.3715648052,-60.,-12.0795766161));
#4448 = SURFACE_CURVE('',#4449,(#4454,#4461),.PCURVE_S1.);
#4449 = ELLIPSE('',#4450,21.226369504489,1.85);
#4450 = AXIS2_PLACEMENT_3D('',#4451,#4452,#4453);
#4451 = CARTESIAN_POINT('',(398.32196960982,-60.,-10.5));
#4452 = DIRECTION('',(0.,1.,-2.6E-16));
#4453 = DIRECTION('',(-1.,5.2E-33,2.E-17));
#4454 = PCURVE('',#2071,#4455);
#4455 = DEFINITIONAL_REPRESENTATION('',(#4456),#4460);
#4456 = ELLIPSE('',#4457,21.226369504489,1.85);
#4457 = AXIS2_PLACEMENT_2D('',#4458,#4459);
#4458 = CARTESIAN_POINT('',(26.763190675891,-12.52629743237));
#4459 = DIRECTION('',(2.E-17,-1.));
#4460 = ( GEOMETRIC_REPRESENTATION_CONTEXT(2) 
PARAMETRIC_REPRESENTATION_CONTEXT() REPRESENTATION_CONTEXT('2D SPACE',''
  ) );
#4461 = PCURVE('',#4462,#4467);
#4462 = CYLINDRICAL_SURFACE('',#4463,1.85);
#4463 = AXIS2_PLACEMENT_3D('',#4464,#4465,#4466);
#4464 = CARTESIAN_POINT('',(436.18488756401,-63.312576089,-10.5));
#4465 = DIRECTION('',(-0.996194698092,8.715574274766E-02,0.));
#4466 = DIRECTION('',(8.715574274766E-02,0.996194698092,0.));
#4467 = DEFINITIONAL_REPRESENTATION('',(#4468),#4478);
#4468 = B_SPLINE_CURVE_WITH_KNOTS('',8,(#4469,#4470,#4471,#4472,#4473,
    #4474,#4475,#4476,#4477),.UNSPECIFIED.,.F.,.F.,(9,9),(2.118256242579
    ,4.1649290646),.PIECEWISE_BEZIER_KNOTS.);
#4469 = CARTESIAN_POINT('',(-1.02333641101,27.000840834623));
#4470 = CARTESIAN_POINT('',(-0.767502308258,22.381716211795));
#4471 = CARTESIAN_POINT('',(-0.511668205505,18.585906033057));
#4472 = CARTESIAN_POINT('',(-0.255834102753,16.074109831454));
#4473 = CARTESIAN_POINT('',(2.2737E-13,15.191991250875));
#4474 = CARTESIAN_POINT('',(0.255834102752,16.074109831432));
#4475 = CARTESIAN_POINT('',(0.511668205505,18.585906033059));
#4476 = CARTESIAN_POINT('',(0.767502308258,22.381716211795));
#4477 = CARTESIAN_POINT('',(1.02333641101,27.000840834623));
#4478 = ( GEOMETRIC_REPRESENTATION_CONTEXT(2) 
PARAMETRIC_REPRESENTATION_CONTEXT() REPRESENTATION_CONTEXT('2D SPACE',''
  ) );
#4479 = ORIENTED_EDGE('',*,*,#4480,.F.);
#4480 = EDGE_CURVE('',#4446,#4444,#4481,.T.);
#4481 = SURFACE_CURVE('',#4482,(#4486,#4493),.PCURVE_S1.);
#4482 = LINE('',#4483,#4484);
#4483 = CARTESIAN_POINT('',(409.3715648052,-60.,-23.88159533794));
#4484 = VECTOR('',#4485,1.);
#4485 = DIRECTION('',(2.E-17,2.6E-16,1.));
#4486 = PCURVE('',#2071,#4487);
#4487 = DEFINITIONAL_REPRESENTATION('',(#4488),#4492);
#4488 = LINE('',#4489,#4490);
#4489 = CARTESIAN_POINT('',(13.381595337945,-1.476702236994));
#4490 = VECTOR('',#4491,1.);
#4491 = DIRECTION('',(1.,2.E-17));
#4492 = ( GEOMETRIC_REPRESENTATION_CONTEXT(2) 
PARAMETRIC_REPRESENTATION_CONTEXT() REPRESENTATION_CONTEXT('2D SPACE',''
  ) );
#4493 = PCURVE('',#4494,#4499);
#4494 = PLANE('',#4495);
#4495 = AXIS2_PLACEMENT_3D('',#4496,#4497,#4498);
#4496 = CARTESIAN_POINT('',(409.28763071554,-60.95937103481,-10.5));
#4497 = DIRECTION('',(0.996194698092,-8.715574274766E-02,0.));
#4498 = DIRECTION('',(8.715574274766E-02,0.996194698092,0.));
#4499 = DEFINITIONAL_REPRESENTATION('',(#4500),#4504);
#4500 = LINE('',#4501,#4502);
#4501 = CARTESIAN_POINT('',(0.963035676314,-13.38159533794));
#4502 = VECTOR('',#4503,1.);
#4503 = DIRECTION('',(2.607537363588E-16,1.));
#4504 = ( GEOMETRIC_REPRESENTATION_CONTEXT(2) 
PARAMETRIC_REPRESENTATION_CONTEXT() REPRESENTATION_CONTEXT('2D SPACE',''
  ) );
#4505 = ADVANCED_FACE('',(#4506,#4554),#2255,.T.);
#4506 = FACE_BOUND('',#4507,.T.);
#4507 = EDGE_LOOP('',(#4508,#4509,#4532,#4553));
#4508 = ORIENTED_EDGE('',*,*,#2241,.T.);
#4509 = ORIENTED_EDGE('',*,*,#4510,.T.);
#4510 = EDGE_CURVE('',#2214,#4511,#4513,.T.);
#4511 = VERTEX_POINT('',#4512);
#4512 = CARTESIAN_POINT('',(423.81088075724,-70.,46.07133800679));
#4513 = SURFACE_CURVE('',#4514,(#4518,#4525),.PCURVE_S1.);
#4514 = LINE('',#4515,#4516);
#4515 = CARTESIAN_POINT('',(423.81088075724,-70.,-120.5977193585));
#4516 = VECTOR('',#4517,1.);
#4517 = DIRECTION('',(0.,0.,1.));
#4518 = PCURVE('',#2255,#4519);
#4519 = DEFINITIONAL_REPRESENTATION('',(#4520),#4524);
#4520 = LINE('',#4521,#4522);
#4521 = CARTESIAN_POINT('',(83.334528682681,5.));
#4522 = VECTOR('',#4523,1.);
#4523 = DIRECTION('',(-1.,0.));
#4524 = ( GEOMETRIC_REPRESENTATION_CONTEXT(2) 
PARAMETRIC_REPRESENTATION_CONTEXT() REPRESENTATION_CONTEXT('2D SPACE',''
  ) );
#4525 = PCURVE('',#2229,#4526);
#4526 = DEFINITIONAL_REPRESENTATION('',(#4527),#4531);
#4527 = LINE('',#4528,#4529);
#4528 = CARTESIAN_POINT('',(91.189119242756,2.302280641428));
#4529 = VECTOR('',#4530,1.);
#4530 = DIRECTION('',(0.,1.));
#4531 = ( GEOMETRIC_REPRESENTATION_CONTEXT(2) 
PARAMETRIC_REPRESENTATION_CONTEXT() REPRESENTATION_CONTEXT('2D SPACE',''
  ) );
#4532 = ORIENTED_EDGE('',*,*,#4533,.T.);
#4533 = EDGE_CURVE('',#4511,#4089,#4534,.T.);
#4534 = SURFACE_CURVE('',#4535,(#4539,#4546),.PCURVE_S1.);
#4535 = LINE('',#4536,#4537);
#4536 = CARTESIAN_POINT('',(423.81088075724,-70.,46.07133800679));
#4537 = VECTOR('',#4538,1.);
#4538 = DIRECTION('',(0.,1.,-2.2E-16));
#4539 = PCURVE('',#2255,#4540);
#4540 = DEFINITIONAL_REPRESENTATION('',(#4541),#4545);
#4541 = LINE('',#4542,#4543);
#4542 = CARTESIAN_POINT('',(-83.33452868268,5.));
#4543 = VECTOR('',#4544,1.);
#4544 = DIRECTION('',(2.2E-16,-1.));
#4545 = ( GEOMETRIC_REPRESENTATION_CONTEXT(2) 
PARAMETRIC_REPRESENTATION_CONTEXT() REPRESENTATION_CONTEXT('2D SPACE',''
  ) );
#4546 = PCURVE('',#4104,#4547);
#4547 = DEFINITIONAL_REPRESENTATION('',(#4548),#4552);
#4548 = LINE('',#4549,#4550);
#4549 = CARTESIAN_POINT('',(0.,0.));
#4550 = VECTOR('',#4551,1.);
#4551 = DIRECTION('',(0.,-1.));
#4552 = ( GEOMETRIC_REPRESENTATION_CONTEXT(2) 
PARAMETRIC_REPRESENTATION_CONTEXT() REPRESENTATION_CONTEXT('2D SPACE',''
  ) );
#4553 = ORIENTED_EDGE('',*,*,#4116,.F.);
#4554 = FACE_BOUND('',#4555,.T.);
#4555 = EDGE_LOOP('',(#4556,#4608,#4658));
#4556 = ORIENTED_EDGE('',*,*,#4557,.T.);
#4557 = EDGE_CURVE('',#4558,#4560,#4562,.T.);
#4558 = VERTEX_POINT('',#4559);
#4559 = CARTESIAN_POINT('',(423.81088075724,-62.54462927915,
    -12.32325385111));
#4560 = VERTEX_POINT('',#4561);
#4561 = CARTESIAN_POINT('',(423.81088075724,-62.54462927915,
    -8.676746148885));
#4562 = SURFACE_CURVE('',#4563,(#4568,#4579),.PCURVE_S1.);
#4563 = ELLIPSE('',#4564,1.857066699455,1.85);
#4564 = AXIS2_PLACEMENT_3D('',#4565,#4566,#4567);
#4565 = CARTESIAN_POINT('',(423.81088075724,-62.22999077101,-10.5));
#4566 = DIRECTION('',(1.,0.,0.));
#4567 = DIRECTION('',(0.,1.,0.));
#4568 = PCURVE('',#2255,#4569);
#4569 = DEFINITIONAL_REPRESENTATION('',(#4570),#4578);
#4570 = ( BOUNDED_CURVE() B_SPLINE_CURVE(2,(#4571,#4572,#4573,#4574,
#4575,#4576,#4577),.UNSPECIFIED.,.T.,.F.) B_SPLINE_CURVE_WITH_KNOTS((1,2
    ,2,2,2,1),(-2.094395102393,0.,2.094395102393,4.188790204786,
6.28318530718,8.377580409573),.UNSPECIFIED.) CURVE() 
GEOMETRIC_REPRESENTATION_ITEM() RATIONAL_B_SPLINE_CURVE((1.,0.5,1.,0.5,
1.,0.5,1.)) REPRESENTATION_ITEM('') );
#4571 = CARTESIAN_POINT('',(-26.76319067589,-4.627075928436));
#4572 = CARTESIAN_POINT('',(-29.96748466989,-4.627075928436));
#4573 = CARTESIAN_POINT('',(-28.36533767289,-1.841475879253));
#4574 = CARTESIAN_POINT('',(-26.76319067589,0.944124169929));
#4575 = CARTESIAN_POINT('',(-25.16104367889,-1.841475879253));
#4576 = CARTESIAN_POINT('',(-23.55889668188,-4.627075928436));
#4577 = CARTESIAN_POINT('',(-26.76319067589,-4.627075928436));
#4578 = ( GEOMETRIC_REPRESENTATION_CONTEXT(2) 
PARAMETRIC_REPRESENTATION_CONTEXT() REPRESENTATION_CONTEXT('2D SPACE',''
  ) );
#4579 = PCURVE('',#2398,#4580);
#4580 = DEFINITIONAL_REPRESENTATION('',(#4581),#4607);
#4581 = B_SPLINE_CURVE_WITH_KNOTS('',3,(#4582,#4583,#4584,#4585,#4586,
    #4587,#4588,#4589,#4590,#4591,#4592,#4593,#4594,#4595,#4596,#4597,
    #4598,#4599,#4600,#4601,#4602,#4603,#4604,#4605,#4606),
  .UNSPECIFIED.,.F.,.F.,(4,1,1,1,1,1,1,1,1,1,1,1,1,1,1,1,1,1,1,1,1,1,4),
  (4.542140052821,4.700416894126,4.858693735431,5.016970576737,
    5.175247418042,5.333524259347,5.491801100653,5.650077941958,
    5.808354783263,5.966631624569,6.124908465874,6.28318530718,
    6.441462148485,6.59973898979,6.758015831096,6.916292672401,
    7.074569513706,7.232846355012,7.391123196317,7.549400037622,
    7.707676878928,7.865953720233,8.024230561539),
  .QUASI_UNIFORM_KNOTS.);
#4582 = CARTESIAN_POINT('',(8.024230561539,12.393850949662));
#4583 = CARTESIAN_POINT('',(7.971471614437,12.40226690858));
#4584 = CARTESIAN_POINT('',(7.865953720233,12.419327620519));
#4585 = CARTESIAN_POINT('',(7.707676878928,12.444967875988));
#4586 = CARTESIAN_POINT('',(7.549400037622,12.470015643426));
#4587 = CARTESIAN_POINT('',(7.391123196317,12.493844930181));
#4588 = CARTESIAN_POINT('',(7.232846355012,12.515859971348));
#4589 = CARTESIAN_POINT('',(7.074569513706,12.535510419442));
#4590 = CARTESIAN_POINT('',(6.916292672401,12.5523050234));
#4591 = CARTESIAN_POINT('',(6.758015831096,12.565823930767));
#4592 = CARTESIAN_POINT('',(6.59973898979,12.575729178015));
#4593 = CARTESIAN_POINT('',(6.441462148485,12.581773140929));
#4594 = CARTESIAN_POINT('',(6.28318530718,12.583804724624));
#4595 = CARTESIAN_POINT('',(6.124908465874,12.581773140929));
#4596 = CARTESIAN_POINT('',(5.966631624569,12.575729178015));
#4597 = CARTESIAN_POINT('',(5.808354783263,12.565823930767));
#4598 = CARTESIAN_POINT('',(5.650077941958,12.5523050234));
#4599 = CARTESIAN_POINT('',(5.491801100653,12.535510419442));
#4600 = CARTESIAN_POINT('',(5.333524259347,12.515859971348));
#4601 = CARTESIAN_POINT('',(5.175247418042,12.493844930181));
#4602 = CARTESIAN_POINT('',(5.016970576737,12.470015643426));
#4603 = CARTESIAN_POINT('',(4.858693735431,12.444967875988));
#4604 = CARTESIAN_POINT('',(4.700416894126,12.419327620519));
#4605 = CARTESIAN_POINT('',(4.594898999922,12.40226690858));
#4606 = CARTESIAN_POINT('',(4.542140052821,12.393850949662));
#4607 = ( GEOMETRIC_REPRESENTATION_CONTEXT(2) 
PARAMETRIC_REPRESENTATION_CONTEXT() REPRESENTATION_CONTEXT('2D SPACE',''
  ) );
#4608 = ORIENTED_EDGE('',*,*,#4609,.T.);
#4609 = EDGE_CURVE('',#4560,#4610,#4612,.T.);
#4610 = VERTEX_POINT('',#4611);
#4611 = CARTESIAN_POINT('',(423.81088075724,-64.08705747047,-10.5));
#4612 = SURFACE_CURVE('',#4613,(#4618,#4629),.PCURVE_S1.);
#4613 = ELLIPSE('',#4614,1.857066699455,1.85);
#4614 = AXIS2_PLACEMENT_3D('',#4615,#4616,#4617);
#4615 = CARTESIAN_POINT('',(423.81088075724,-62.22999077101,-10.5));
#4616 = DIRECTION('',(1.,0.,0.));
#4617 = DIRECTION('',(0.,1.,0.));
#4618 = PCURVE('',#2255,#4619);
#4619 = DEFINITIONAL_REPRESENTATION('',(#4620),#4628);
#4620 = ( BOUNDED_CURVE() B_SPLINE_CURVE(2,(#4621,#4622,#4623,#4624,
#4625,#4626,#4627),.UNSPECIFIED.,.T.,.F.) B_SPLINE_CURVE_WITH_KNOTS((1,2
    ,2,2,2,1),(-2.094395102393,0.,2.094395102393,4.188790204786,
6.28318530718,8.377580409573),.UNSPECIFIED.) CURVE() 
GEOMETRIC_REPRESENTATION_ITEM() RATIONAL_B_SPLINE_CURVE((1.,0.5,1.,0.5,
1.,0.5,1.)) REPRESENTATION_ITEM('') );
#4621 = CARTESIAN_POINT('',(-26.76319067589,-4.627075928436));
#4622 = CARTESIAN_POINT('',(-29.96748466989,-4.627075928436));
#4623 = CARTESIAN_POINT('',(-28.36533767289,-1.841475879253));
#4624 = CARTESIAN_POINT('',(-26.76319067589,0.944124169929));
#4625 = CARTESIAN_POINT('',(-25.16104367889,-1.841475879253));
#4626 = CARTESIAN_POINT('',(-23.55889668188,-4.627075928436));
#4627 = CARTESIAN_POINT('',(-26.76319067589,-4.627075928436));
#4628 = ( GEOMETRIC_REPRESENTATION_CONTEXT(2) 
PARAMETRIC_REPRESENTATION_CONTEXT() REPRESENTATION_CONTEXT('2D SPACE',''
  ) );
#4629 = PCURVE('',#2398,#4630);
#4630 = DEFINITIONAL_REPRESENTATION('',(#4631),#4657);
#4631 = B_SPLINE_CURVE_WITH_KNOTS('',3,(#4632,#4633,#4634,#4635,#4636,
    #4637,#4638,#4639,#4640,#4641,#4642,#4643,#4644,#4645,#4646,#4647,
    #4648,#4649,#4650,#4651,#4652,#4653,#4654,#4655,#4656),
  .UNSPECIFIED.,.F.,.F.,(4,1,1,1,1,1,1,1,1,1,1,1,1,1,1,1,1,1,1,1,1,1,4),
  (8.024230561539,8.087891806958,8.151553052378,8.215214297797,
    8.278875543217,8.342536788636,8.406198034056,8.469859279476,
    8.533520524895,8.597181770315,8.660843015734,8.724504261154,
    8.788165506574,8.851826751993,8.915487997413,8.979149242832,
    9.042810488252,9.106471733671,9.170132979091,9.233794224511,
    9.29745546993,9.36111671535,9.424777960769),.QUASI_UNIFORM_KNOTS.);
#4632 = CARTESIAN_POINT('',(4.542140052821,12.393850949662));
#4633 = CARTESIAN_POINT('',(4.520919637681,12.390465941393));
#4634 = CARTESIAN_POINT('',(4.478478807401,12.383733171338));
#4635 = CARTESIAN_POINT('',(4.414817561981,12.373785955312));
#4636 = CARTESIAN_POINT('',(4.351156316562,12.364031170192));
#4637 = CARTESIAN_POINT('',(4.287495071142,12.354508284972));
#4638 = CARTESIAN_POINT('',(4.223833825723,12.345255894305));
#4639 = CARTESIAN_POINT('',(4.160172580303,12.336311479503));
#4640 = CARTESIAN_POINT('',(4.096511334884,12.327711278828));
#4641 = CARTESIAN_POINT('',(4.032850089464,12.319490134744));
#4642 = CARTESIAN_POINT('',(3.969188844044,12.311681354349));
#4643 = CARTESIAN_POINT('',(3.905527598625,12.304316574002));
#4644 = CARTESIAN_POINT('',(3.841866353205,12.297425631274));
#4645 = CARTESIAN_POINT('',(3.778205107786,12.29103644403));
#4646 = CARTESIAN_POINT('',(3.714543862366,12.285174897336));
#4647 = CARTESIAN_POINT('',(3.650882616946,12.279864738557));
#4648 = CARTESIAN_POINT('',(3.587221371527,12.275127481272));
#4649 = CARTESIAN_POINT('',(3.523560126107,12.270982317649));
#4650 = CARTESIAN_POINT('',(3.459898880688,12.267446042419));
#4651 = CARTESIAN_POINT('',(3.396237635268,12.264532978382));
#4652 = CARTESIAN_POINT('',(3.332576389849,12.26225494247));
#4653 = CARTESIAN_POINT('',(3.268915144429,12.260621107953));
#4654 = CARTESIAN_POINT('',(3.205253899009,12.259638302864));
#4655 = CARTESIAN_POINT('',(3.16281306873,12.259419254225));
#4656 = CARTESIAN_POINT('',(3.14159265359,12.259419475013));
#4657 = ( GEOMETRIC_REPRESENTATION_CONTEXT(2) 
PARAMETRIC_REPRESENTATION_CONTEXT() REPRESENTATION_CONTEXT('2D SPACE',''
  ) );
#4658 = ORIENTED_EDGE('',*,*,#4659,.T.);
#4659 = EDGE_CURVE('',#4610,#4558,#4660,.T.);
#4660 = SURFACE_CURVE('',#4661,(#4666,#4677),.PCURVE_S1.);
#4661 = ELLIPSE('',#4662,1.857066699455,1.85);
#4662 = AXIS2_PLACEMENT_3D('',#4663,#4664,#4665);
#4663 = CARTESIAN_POINT('',(423.81088075724,-62.22999077101,-10.5));
#4664 = DIRECTION('',(1.,0.,0.));
#4665 = DIRECTION('',(0.,1.,0.));
#4666 = PCURVE('',#2255,#4667);
#4667 = DEFINITIONAL_REPRESENTATION('',(#4668),#4676);
#4668 = ( BOUNDED_CURVE() B_SPLINE_CURVE(2,(#4669,#4670,#4671,#4672,
#4673,#4674,#4675),.UNSPECIFIED.,.T.,.F.) B_SPLINE_CURVE_WITH_KNOTS((1,2
    ,2,2,2,1),(-2.094395102393,0.,2.094395102393,4.188790204786,
6.28318530718,8.377580409573),.UNSPECIFIED.) CURVE() 
GEOMETRIC_REPRESENTATION_ITEM() RATIONAL_B_SPLINE_CURVE((1.,0.5,1.,0.5,
1.,0.5,1.)) REPRESENTATION_ITEM('') );
#4669 = CARTESIAN_POINT('',(-26.76319067589,-4.627075928436));
#4670 = CARTESIAN_POINT('',(-29.96748466989,-4.627075928436));
#4671 = CARTESIAN_POINT('',(-28.36533767289,-1.841475879253));
#4672 = CARTESIAN_POINT('',(-26.76319067589,0.944124169929));
#4673 = CARTESIAN_POINT('',(-25.16104367889,-1.841475879253));
#4674 = CARTESIAN_POINT('',(-23.55889668188,-4.627075928436));
#4675 = CARTESIAN_POINT('',(-26.76319067589,-4.627075928436));
#4676 = ( GEOMETRIC_REPRESENTATION_CONTEXT(2) 
PARAMETRIC_REPRESENTATION_CONTEXT() REPRESENTATION_CONTEXT('2D SPACE',''
  ) );
#4677 = PCURVE('',#2398,#4678);
#4678 = DEFINITIONAL_REPRESENTATION('',(#4679),#4705);
#4679 = B_SPLINE_CURVE_WITH_KNOTS('',3,(#4680,#4681,#4682,#4683,#4684,
    #4685,#4686,#4687,#4688,#4689,#4690,#4691,#4692,#4693,#4694,#4695,
    #4696,#4697,#4698,#4699,#4700,#4701,#4702,#4703,#4704),
  .UNSPECIFIED.,.F.,.F.,(4,1,1,1,1,1,1,1,1,1,1,1,1,1,1,1,1,1,1,1,1,1,4),
  (3.14159265359,3.205253899009,3.268915144429,3.332576389849,
    3.396237635268,3.459898880688,3.523560126107,3.587221371527,
    3.650882616946,3.714543862366,3.778205107786,3.841866353205,
    3.905527598625,3.969188844044,4.032850089464,4.096511334884,
    4.160172580303,4.223833825723,4.287495071142,4.351156316562,
    4.414817561981,4.478478807401,4.542140052821),
  .QUASI_UNIFORM_KNOTS.);
#4680 = CARTESIAN_POINT('',(9.424777960769,12.259419475013));
#4681 = CARTESIAN_POINT('',(9.40355754563,12.259419254225));
#4682 = CARTESIAN_POINT('',(9.36111671535,12.259638302864));
#4683 = CARTESIAN_POINT('',(9.29745546993,12.260621107953));
#4684 = CARTESIAN_POINT('',(9.233794224511,12.26225494247));
#4685 = CARTESIAN_POINT('',(9.170132979091,12.264532978382));
#4686 = CARTESIAN_POINT('',(9.106471733671,12.267446042419));
#4687 = CARTESIAN_POINT('',(9.042810488252,12.270982317649));
#4688 = CARTESIAN_POINT('',(8.979149242832,12.275127481272));
#4689 = CARTESIAN_POINT('',(8.915487997413,12.279864738557));
#4690 = CARTESIAN_POINT('',(8.851826751993,12.285174897336));
#4691 = CARTESIAN_POINT('',(8.788165506574,12.29103644403));
#4692 = CARTESIAN_POINT('',(8.724504261154,12.297425631274));
#4693 = CARTESIAN_POINT('',(8.660843015734,12.304316574002));
#4694 = CARTESIAN_POINT('',(8.597181770315,12.311681354349));
#4695 = CARTESIAN_POINT('',(8.533520524895,12.319490134744));
#4696 = CARTESIAN_POINT('',(8.469859279476,12.327711278828));
#4697 = CARTESIAN_POINT('',(8.406198034056,12.336311479503));
#4698 = CARTESIAN_POINT('',(8.342536788636,12.345255894305));
#4699 = CARTESIAN_POINT('',(8.278875543217,12.354508284972));
#4700 = CARTESIAN_POINT('',(8.215214297797,12.364031170192));
#4701 = CARTESIAN_POINT('',(8.151553052378,12.373785955312));
#4702 = CARTESIAN_POINT('',(8.087891806958,12.383733171338));
#4703 = CARTESIAN_POINT('',(8.045450976678,12.390465941393));
#4704 = CARTESIAN_POINT('',(8.024230561539,12.393850949662));
#4705 = ( GEOMETRIC_REPRESENTATION_CONTEXT(2) 
PARAMETRIC_REPRESENTATION_CONTEXT() REPRESENTATION_CONTEXT('2D SPACE',''
  ) );
#4706 = ADVANCED_FACE('',(#4707,#5550),#2229,.F.);
#4707 = FACE_BOUND('',#4708,.F.);
#4708 = EDGE_LOOP('',(#4709,#4710,#4711,#4712,#4735,#4758,#4786,#4814,
    #4842,#4870,#4893,#4921,#4949,#4977,#5005,#5033,#5061,#5089,#5117,
    #5145,#5173,#5201,#5222,#5223,#5224,#5225,#5248,#5276,#5297,#5298,
    #5321,#5349,#5377,#5405,#5447,#5506,#5527,#5528,#5549));
#4709 = ORIENTED_EDGE('',*,*,#2271,.F.);
#4710 = ORIENTED_EDGE('',*,*,#2213,.F.);
#4711 = ORIENTED_EDGE('',*,*,#4510,.T.);
#4712 = ORIENTED_EDGE('',*,*,#4713,.T.);
#4713 = EDGE_CURVE('',#4511,#4714,#4716,.T.);
#4714 = VERTEX_POINT('',#4715);
#4715 = CARTESIAN_POINT('',(397.88565332714,-70.,46.07133800679));
#4716 = SURFACE_CURVE('',#4717,(#4721,#4728),.PCURVE_S1.);
#4717 = LINE('',#4718,#4719);
#4718 = CARTESIAN_POINT('',(423.81088075724,-70.,46.07133800679));
#4719 = VECTOR('',#4720,1.);
#4720 = DIRECTION('',(-1.,0.,0.));
#4721 = PCURVE('',#2229,#4722);
#4722 = DEFINITIONAL_REPRESENTATION('',(#4723),#4727);
#4723 = LINE('',#4724,#4725);
#4724 = CARTESIAN_POINT('',(91.189119242756,168.97133800679));
#4725 = VECTOR('',#4726,1.);
#4726 = DIRECTION('',(1.,0.));
#4727 = ( GEOMETRIC_REPRESENTATION_CONTEXT(2) 
PARAMETRIC_REPRESENTATION_CONTEXT() REPRESENTATION_CONTEXT('2D SPACE',''
  ) );
#4728 = PCURVE('',#4104,#4729);
#4729 = DEFINITIONAL_REPRESENTATION('',(#4730),#4734);
#4730 = LINE('',#4731,#4732);
#4731 = CARTESIAN_POINT('',(0.,1.42108547152E-14));
#4732 = VECTOR('',#4733,1.);
#4733 = DIRECTION('',(1.,0.));
#4734 = ( GEOMETRIC_REPRESENTATION_CONTEXT(2) 
PARAMETRIC_REPRESENTATION_CONTEXT() REPRESENTATION_CONTEXT('2D SPACE',''
  ) );
#4735 = ORIENTED_EDGE('',*,*,#4736,.T.);
#4736 = EDGE_CURVE('',#4714,#4737,#4739,.T.);
#4737 = VERTEX_POINT('',#4738);
#4738 = CARTESIAN_POINT('',(397.88565332714,-70.,-45.14549418873));
#4739 = SURFACE_CURVE('',#4740,(#4744,#4751),.PCURVE_S1.);
#4740 = LINE('',#4741,#4742);
#4741 = CARTESIAN_POINT('',(397.88565332714,-70.,46.07133800679));
#4742 = VECTOR('',#4743,1.);
#4743 = DIRECTION('',(0.,0.,-1.));
#4744 = PCURVE('',#2229,#4745);
#4745 = DEFINITIONAL_REPRESENTATION('',(#4746),#4750);
#4746 = LINE('',#4747,#4748);
#4747 = CARTESIAN_POINT('',(117.11434667285,168.97133800679));
#4748 = VECTOR('',#4749,1.);
#4749 = DIRECTION('',(0.,-1.));
#4750 = ( GEOMETRIC_REPRESENTATION_CONTEXT(2) 
PARAMETRIC_REPRESENTATION_CONTEXT() REPRESENTATION_CONTEXT('2D SPACE',''
  ) );
#4751 = PCURVE('',#4076,#4752);
#4752 = DEFINITIONAL_REPRESENTATION('',(#4753),#4757);
#4753 = LINE('',#4754,#4755);
#4754 = CARTESIAN_POINT('',(3.126388037344E-30,1.42108547152E-14));
#4755 = VECTOR('',#4756,1.);
#4756 = DIRECTION('',(1.,-2.2E-16));
#4757 = ( GEOMETRIC_REPRESENTATION_CONTEXT(2) 
PARAMETRIC_REPRESENTATION_CONTEXT() REPRESENTATION_CONTEXT('2D SPACE',''
  ) );
#4758 = ORIENTED_EDGE('',*,*,#4759,.F.);
#4759 = EDGE_CURVE('',#4760,#4737,#4762,.T.);
#4760 = VERTEX_POINT('',#4761);
#4761 = CARTESIAN_POINT('',(385.89320684636,-70.,-45.14549418873));
#4762 = SURFACE_CURVE('',#4763,(#4767,#4774),.PCURVE_S1.);
#4763 = LINE('',#4764,#4765);
#4764 = CARTESIAN_POINT('',(375.68531585679,-70.,-45.14549418873));
#4765 = VECTOR('',#4766,1.);
#4766 = DIRECTION('',(1.,2.2E-16,2.2E-16));
#4767 = PCURVE('',#2229,#4768);
#4768 = DEFINITIONAL_REPRESENTATION('',(#4769),#4773);
#4769 = LINE('',#4770,#4771);
#4770 = CARTESIAN_POINT('',(139.3146841432,77.754505811269));
#4771 = VECTOR('',#4772,1.);
#4772 = DIRECTION('',(-1.,2.2E-16));
#4773 = ( GEOMETRIC_REPRESENTATION_CONTEXT(2) 
PARAMETRIC_REPRESENTATION_CONTEXT() REPRESENTATION_CONTEXT('2D SPACE',''
  ) );
#4774 = PCURVE('',#4775,#4780);
#4775 = PLANE('',#4776);
#4776 = AXIS2_PLACEMENT_3D('',#4777,#4778,#4779);
#4777 = CARTESIAN_POINT('',(386.42245100482,-65.0670483422,
    -45.14549418873));
#4778 = DIRECTION('',(1.72E-15,9.9E-16,-1.));
#4779 = DIRECTION('',(-1.,0.,-1.72E-15));
#4780 = DEFINITIONAL_REPRESENTATION('',(#4781),#4785);
#4781 = LINE('',#4782,#4783);
#4782 = CARTESIAN_POINT('',(10.737135148026,-4.932951657798));
#4783 = VECTOR('',#4784,1.);
#4784 = DIRECTION('',(-1.,2.2E-16));
#4785 = ( GEOMETRIC_REPRESENTATION_CONTEXT(2) 
PARAMETRIC_REPRESENTATION_CONTEXT() REPRESENTATION_CONTEXT('2D SPACE',''
  ) );
#4786 = ORIENTED_EDGE('',*,*,#4787,.F.);
#4787 = EDGE_CURVE('',#4788,#4760,#4790,.T.);
#4788 = VERTEX_POINT('',#4789);
#4789 = CARTESIAN_POINT('',(385.52072594216,-70.,-44.50033833779));
#4790 = SURFACE_CURVE('',#4791,(#4795,#4802),.PCURVE_S1.);
#4791 = LINE('',#4792,#4793);
#4792 = CARTESIAN_POINT('',(418.67965986128,-70.,-101.9332966105));
#4793 = VECTOR('',#4794,1.);
#4794 = DIRECTION('',(0.5,0.,-0.866025403784));
#4795 = PCURVE('',#2229,#4796);
#4796 = DEFINITIONAL_REPRESENTATION('',(#4797),#4801);
#4797 = LINE('',#4798,#4799);
#4798 = CARTESIAN_POINT('',(96.320340138715,20.966703389462));
#4799 = VECTOR('',#4800,1.);
#4800 = DIRECTION('',(-0.5,-0.866025403784));
#4801 = ( GEOMETRIC_REPRESENTATION_CONTEXT(2) 
PARAMETRIC_REPRESENTATION_CONTEXT() REPRESENTATION_CONTEXT('2D SPACE',''
  ) );
#4802 = PCURVE('',#4803,#4808);
#4803 = PLANE('',#4804);
#4804 = AXIS2_PLACEMENT_3D('',#4805,#4806,#4807);
#4805 = CARTESIAN_POINT('',(385.52072594216,-70.,-44.50033833779));
#4806 = DIRECTION('',(0.866025403784,0.,0.5));
#4807 = DIRECTION('',(0.5,0.,-0.866025403784));
#4808 = DEFINITIONAL_REPRESENTATION('',(#4809),#4813);
#4809 = LINE('',#4810,#4811);
#4810 = CARTESIAN_POINT('',(66.317867838246,0.));
#4811 = VECTOR('',#4812,1.);
#4812 = DIRECTION('',(1.,0.));
#4813 = ( GEOMETRIC_REPRESENTATION_CONTEXT(2) 
PARAMETRIC_REPRESENTATION_CONTEXT() REPRESENTATION_CONTEXT('2D SPACE',''
  ) );
#4814 = ORIENTED_EDGE('',*,*,#4815,.F.);
#4815 = EDGE_CURVE('',#4816,#4788,#4818,.T.);
#4816 = VERTEX_POINT('',#4817);
#4817 = CARTESIAN_POINT('',(381.47927405783,-70.,-44.50033833779));
#4818 = SURFACE_CURVE('',#4819,(#4823,#4830),.PCURVE_S1.);
#4819 = LINE('',#4820,#4821);
#4820 = CARTESIAN_POINT('',(448.23963702891,-70.,-44.50033833779));
#4821 = VECTOR('',#4822,1.);
#4822 = DIRECTION('',(1.,0.,-2.2E-15));
#4823 = PCURVE('',#2229,#4824);
#4824 = DEFINITIONAL_REPRESENTATION('',(#4825),#4829);
#4825 = LINE('',#4826,#4827);
#4826 = CARTESIAN_POINT('',(66.760362971083,78.399661662202));
#4827 = VECTOR('',#4828,1.);
#4828 = DIRECTION('',(-1.,-2.2E-15));
#4829 = ( GEOMETRIC_REPRESENTATION_CONTEXT(2) 
PARAMETRIC_REPRESENTATION_CONTEXT() REPRESENTATION_CONTEXT('2D SPACE',''
  ) );
#4830 = PCURVE('',#4831,#4836);
#4831 = PLANE('',#4832);
#4832 = AXIS2_PLACEMENT_3D('',#4833,#4834,#4835);
#4833 = CARTESIAN_POINT('',(381.47927405783,-70.,-44.50033833779));
#4834 = DIRECTION('',(2.2E-15,0.,1.));
#4835 = DIRECTION('',(1.,0.,-2.2E-15));
#4836 = DEFINITIONAL_REPRESENTATION('',(#4837),#4841);
#4837 = LINE('',#4838,#4839);
#4838 = CARTESIAN_POINT('',(66.760362971082,0.));
#4839 = VECTOR('',#4840,1.);
#4840 = DIRECTION('',(1.,0.));
#4841 = ( GEOMETRIC_REPRESENTATION_CONTEXT(2) 
PARAMETRIC_REPRESENTATION_CONTEXT() REPRESENTATION_CONTEXT('2D SPACE',''
  ) );
#4842 = ORIENTED_EDGE('',*,*,#4843,.F.);
#4843 = EDGE_CURVE('',#4844,#4816,#4846,.T.);
#4844 = VERTEX_POINT('',#4845);
#4845 = CARTESIAN_POINT('',(381.10679315362,-70.,-45.14549418873));
#4846 = SURFACE_CURVE('',#4847,(#4851,#4858),.PCURVE_S1.);
#4847 = LINE('',#4848,#4849);
#4848 = CARTESIAN_POINT('',(380.18497716763,-70.,-46.74212631171));
#4849 = VECTOR('',#4850,1.);
#4850 = DIRECTION('',(0.5,0.,0.866025403784));
#4851 = PCURVE('',#2229,#4852);
#4852 = DEFINITIONAL_REPRESENTATION('',(#4853),#4857);
#4853 = LINE('',#4854,#4855);
#4854 = CARTESIAN_POINT('',(134.81502283236,76.15787368829));
#4855 = VECTOR('',#4856,1.);
#4856 = DIRECTION('',(-0.5,0.866025403784));
#4857 = ( GEOMETRIC_REPRESENTATION_CONTEXT(2) 
PARAMETRIC_REPRESENTATION_CONTEXT() REPRESENTATION_CONTEXT('2D SPACE',''
  ) );
#4858 = PCURVE('',#4859,#4864);
#4859 = PLANE('',#4860);
#4860 = AXIS2_PLACEMENT_3D('',#4861,#4862,#4863);
#4861 = CARTESIAN_POINT('',(379.45854811567,-70.,-48.00033833779));
#4862 = DIRECTION('',(-0.866025403784,0.,0.5));
#4863 = DIRECTION('',(0.5,0.,0.866025403784));
#4864 = DEFINITIONAL_REPRESENTATION('',(#4865),#4869);
#4865 = LINE('',#4866,#4867);
#4866 = CARTESIAN_POINT('',(1.45285810392,0.));
#4867 = VECTOR('',#4868,1.);
#4868 = DIRECTION('',(1.,0.));
#4869 = ( GEOMETRIC_REPRESENTATION_CONTEXT(2) 
PARAMETRIC_REPRESENTATION_CONTEXT() REPRESENTATION_CONTEXT('2D SPACE',''
  ) );
#4870 = ORIENTED_EDGE('',*,*,#4871,.F.);
#4871 = EDGE_CURVE('',#4872,#4844,#4874,.T.);
#4872 = VERTEX_POINT('',#4873);
#4873 = CARTESIAN_POINT('',(375.68531585679,-70.,-45.14549418873));
#4874 = SURFACE_CURVE('',#4875,(#4879,#4886),.PCURVE_S1.);
#4875 = LINE('',#4876,#4877);
#4876 = CARTESIAN_POINT('',(375.68531585679,-70.,-45.14549418873));
#4877 = VECTOR('',#4878,1.);
#4878 = DIRECTION('',(1.,0.,0.));
#4879 = PCURVE('',#2229,#4880);
#4880 = DEFINITIONAL_REPRESENTATION('',(#4881),#4885);
#4881 = LINE('',#4882,#4883);
#4882 = CARTESIAN_POINT('',(139.3146841432,77.754505811269));
#4883 = VECTOR('',#4884,1.);
#4884 = DIRECTION('',(-1.,0.));
#4885 = ( GEOMETRIC_REPRESENTATION_CONTEXT(2) 
PARAMETRIC_REPRESENTATION_CONTEXT() REPRESENTATION_CONTEXT('2D SPACE',''
  ) );
#4886 = PCURVE('',#4775,#4887);
#4887 = DEFINITIONAL_REPRESENTATION('',(#4888),#4892);
#4888 = LINE('',#4889,#4890);
#4889 = CARTESIAN_POINT('',(10.737135148026,-4.932951657798));
#4890 = VECTOR('',#4891,1.);
#4891 = DIRECTION('',(-1.,-1.7028E-30));
#4892 = ( GEOMETRIC_REPRESENTATION_CONTEXT(2) 
PARAMETRIC_REPRESENTATION_CONTEXT() REPRESENTATION_CONTEXT('2D SPACE',''
  ) );
#4893 = ORIENTED_EDGE('',*,*,#4894,.F.);
#4894 = EDGE_CURVE('',#4895,#4872,#4897,.T.);
#4895 = VERTEX_POINT('',#4896);
#4896 = CARTESIAN_POINT('',(375.80078591063,-70.,-45.34549418873));
#4897 = SURFACE_CURVE('',#4898,(#4902,#4909),.PCURVE_S1.);
#4898 = LINE('',#4899,#4900);
#4899 = CARTESIAN_POINT('',(384.34556989464,-70.,-60.14549418873));
#4900 = VECTOR('',#4901,1.);
#4901 = DIRECTION('',(-0.5,0.,0.866025403784));
#4902 = PCURVE('',#2229,#4903);
#4903 = DEFINITIONAL_REPRESENTATION('',(#4904),#4908);
#4904 = LINE('',#4905,#4906);
#4905 = CARTESIAN_POINT('',(130.65443010536,62.754505811269));
#4906 = VECTOR('',#4907,1.);
#4907 = DIRECTION('',(0.5,0.866025403784));
#4908 = ( GEOMETRIC_REPRESENTATION_CONTEXT(2) 
PARAMETRIC_REPRESENTATION_CONTEXT() REPRESENTATION_CONTEXT('2D SPACE',''
  ) );
#4909 = PCURVE('',#4910,#4915);
#4910 = PLANE('',#4911);
#4911 = AXIS2_PLACEMENT_3D('',#4912,#4913,#4914);
#4912 = CARTESIAN_POINT('',(375.80078591063,-70.,-45.34549418873));
#4913 = DIRECTION('',(0.866025403784,0.,0.5));
#4914 = DIRECTION('',(-0.5,-1.1E-16,0.866025403784));
#4915 = DEFINITIONAL_REPRESENTATION('',(#4916),#4920);
#4916 = LINE('',#4917,#4918);
#4917 = CARTESIAN_POINT('',(-17.08956796801,1.609070719168E-14));
#4918 = VECTOR('',#4919,1.);
#4919 = DIRECTION('',(1.,-1.1E-16));
#4920 = ( GEOMETRIC_REPRESENTATION_CONTEXT(2) 
PARAMETRIC_REPRESENTATION_CONTEXT() REPRESENTATION_CONTEXT('2D SPACE',''
  ) );
#4921 = ORIENTED_EDGE('',*,*,#4922,.T.);
#4922 = EDGE_CURVE('',#4895,#4923,#4925,.T.);
#4923 = VERTEX_POINT('',#4924);
#4924 = CARTESIAN_POINT('',(375.56984580295,-70.,-45.34549418873));
#4925 = SURFACE_CURVE('',#4926,(#4930,#4937),.PCURVE_S1.);
#4926 = LINE('',#4927,#4928);
#4927 = CARTESIAN_POINT('',(403.69484580295,-70.,-45.34549418873));
#4928 = VECTOR('',#4929,1.);
#4929 = DIRECTION('',(-1.,0.,-0.));
#4930 = PCURVE('',#2229,#4931);
#4931 = DEFINITIONAL_REPRESENTATION('',(#4932),#4936);
#4932 = LINE('',#4933,#4934);
#4933 = CARTESIAN_POINT('',(111.30515419704,77.554505811269));
#4934 = VECTOR('',#4935,1.);
#4935 = DIRECTION('',(1.,-0.));
#4936 = ( GEOMETRIC_REPRESENTATION_CONTEXT(2) 
PARAMETRIC_REPRESENTATION_CONTEXT() REPRESENTATION_CONTEXT('2D SPACE',''
  ) );
#4937 = PCURVE('',#4938,#4943);
#4938 = PLANE('',#4939);
#4939 = AXIS2_PLACEMENT_3D('',#4940,#4941,#4942);
#4940 = CARTESIAN_POINT('',(375.80078591063,-70.,-45.34549418873));
#4941 = DIRECTION('',(-2.2E-16,0.,1.));
#4942 = DIRECTION('',(-1.,-2.2E-16,-2.2E-16));
#4943 = DEFINITIONAL_REPRESENTATION('',(#4944),#4948);
#4944 = LINE('',#4945,#4946);
#4945 = CARTESIAN_POINT('',(-27.89405989232,3.455840260672E-14));
#4946 = VECTOR('',#4947,1.);
#4947 = DIRECTION('',(1.,-2.2E-16));
#4948 = ( GEOMETRIC_REPRESENTATION_CONTEXT(2) 
PARAMETRIC_REPRESENTATION_CONTEXT() REPRESENTATION_CONTEXT('2D SPACE',''
  ) );
#4949 = ORIENTED_EDGE('',*,*,#4950,.T.);
#4950 = EDGE_CURVE('',#4923,#4951,#4953,.T.);
#4951 = VERTEX_POINT('',#4952);
#4952 = CARTESIAN_POINT('',(384.11462978696,-70.,-60.14549418873));
#4953 = SURFACE_CURVE('',#4954,(#4958,#4965),.PCURVE_S1.);
#4954 = LINE('',#4955,#4956);
#4955 = CARTESIAN_POINT('',(375.56984580295,-70.,-45.34549418873));
#4956 = VECTOR('',#4957,1.);
#4957 = DIRECTION('',(0.5,0.,-0.866025403784));
#4958 = PCURVE('',#2229,#4959);
#4959 = DEFINITIONAL_REPRESENTATION('',(#4960),#4964);
#4960 = LINE('',#4961,#4962);
#4961 = CARTESIAN_POINT('',(139.43015419704,77.554505811269));
#4962 = VECTOR('',#4963,1.);
#4963 = DIRECTION('',(-0.5,-0.866025403784));
#4964 = ( GEOMETRIC_REPRESENTATION_CONTEXT(2) 
PARAMETRIC_REPRESENTATION_CONTEXT() REPRESENTATION_CONTEXT('2D SPACE',''
  ) );
#4965 = PCURVE('',#4966,#4971);
#4966 = PLANE('',#4967);
#4967 = AXIS2_PLACEMENT_3D('',#4968,#4969,#4970);
#4968 = CARTESIAN_POINT('',(375.56984580295,-70.,-45.34549418873));
#4969 = DIRECTION('',(-0.866025403784,-0.,-0.5));
#4970 = DIRECTION('',(0.5,1.1E-16,-0.866025403784));
#4971 = DEFINITIONAL_REPRESENTATION('',(#4972),#4976);
#4972 = LINE('',#4973,#4974);
#4973 = CARTESIAN_POINT('',(-4.497825769734E-14,1.42108547152E-14));
#4974 = VECTOR('',#4975,1.);
#4975 = DIRECTION('',(1.,1.1E-16));
#4976 = ( GEOMETRIC_REPRESENTATION_CONTEXT(2) 
PARAMETRIC_REPRESENTATION_CONTEXT() REPRESENTATION_CONTEXT('2D SPACE',''
  ) );
#4977 = ORIENTED_EDGE('',*,*,#4978,.F.);
#4978 = EDGE_CURVE('',#4979,#4951,#4981,.T.);
#4979 = VERTEX_POINT('',#4980);
#4980 = CARTESIAN_POINT('',(339.34556989464,-70.,-60.14549418873));
#4981 = SURFACE_CURVE('',#4982,(#4986,#4993),.PCURVE_S1.);
#4982 = LINE('',#4983,#4984);
#4983 = CARTESIAN_POINT('',(339.34556989464,-70.,-60.14549418873));
#4984 = VECTOR('',#4985,1.);
#4985 = DIRECTION('',(1.,0.,0.));
#4986 = PCURVE('',#2229,#4987);
#4987 = DEFINITIONAL_REPRESENTATION('',(#4988),#4992);
#4988 = LINE('',#4989,#4990);
#4989 = CARTESIAN_POINT('',(175.65443010536,62.754505811269));
#4990 = VECTOR('',#4991,1.);
#4991 = DIRECTION('',(-1.,0.));
#4992 = ( GEOMETRIC_REPRESENTATION_CONTEXT(2) 
PARAMETRIC_REPRESENTATION_CONTEXT() REPRESENTATION_CONTEXT('2D SPACE',''
  ) );
#4993 = PCURVE('',#4994,#4999);
#4994 = PLANE('',#4995);
#4995 = AXIS2_PLACEMENT_3D('',#4996,#4997,#4998);
#4996 = CARTESIAN_POINT('',(339.34556989464,-70.,-60.14549418873));
#4997 = DIRECTION('',(2.2E-16,0.,-1.));
#4998 = DIRECTION('',(1.,2.2E-16,2.2E-16));
#4999 = DEFINITIONAL_REPRESENTATION('',(#5000),#5004);
#5000 = LINE('',#5001,#5002);
#5001 = CARTESIAN_POINT('',(-8.526512829121E-14,1.42108547152E-14));
#5002 = VECTOR('',#5003,1.);
#5003 = DIRECTION('',(1.,2.2E-16));
#5004 = ( GEOMETRIC_REPRESENTATION_CONTEXT(2) 
PARAMETRIC_REPRESENTATION_CONTEXT() REPRESENTATION_CONTEXT('2D SPACE',''
  ) );
#5005 = ORIENTED_EDGE('',*,*,#5006,.F.);
#5006 = EDGE_CURVE('',#5007,#4979,#5009,.T.);
#5007 = VERTEX_POINT('',#5008);
#5008 = CARTESIAN_POINT('',(348.00582393248,-70.,-45.14549418873));
#5009 = SURFACE_CURVE('',#5010,(#5014,#5021),.PCURVE_S1.);
#5010 = LINE('',#5011,#5012);
#5011 = CARTESIAN_POINT('',(348.00582393248,-70.,-45.14549418873));
#5012 = VECTOR('',#5013,1.);
#5013 = DIRECTION('',(-0.5,0.,-0.866025403784));
#5014 = PCURVE('',#2229,#5015);
#5015 = DEFINITIONAL_REPRESENTATION('',(#5016),#5020);
#5016 = LINE('',#5017,#5018);
#5017 = CARTESIAN_POINT('',(166.99417606751,77.754505811269));
#5018 = VECTOR('',#5019,1.);
#5019 = DIRECTION('',(0.5,-0.866025403784));
#5020 = ( GEOMETRIC_REPRESENTATION_CONTEXT(2) 
PARAMETRIC_REPRESENTATION_CONTEXT() REPRESENTATION_CONTEXT('2D SPACE',''
  ) );
#5021 = PCURVE('',#5022,#5027);
#5022 = PLANE('',#5023);
#5023 = AXIS2_PLACEMENT_3D('',#5024,#5025,#5026);
#5024 = CARTESIAN_POINT('',(348.00582393248,-70.,-45.14549418873));
#5025 = DIRECTION('',(-0.866025403784,0.,0.5));
#5026 = DIRECTION('',(-0.5,-1.1E-16,-0.866025403784));
#5027 = DEFINITIONAL_REPRESENTATION('',(#5028),#5032);
#5028 = LINE('',#5029,#5030);
#5029 = CARTESIAN_POINT('',(4.497825769734E-14,1.42108547152E-14));
#5030 = VECTOR('',#5031,1.);
#5031 = DIRECTION('',(1.,-1.1E-16));
#5032 = ( GEOMETRIC_REPRESENTATION_CONTEXT(2) 
PARAMETRIC_REPRESENTATION_CONTEXT() REPRESENTATION_CONTEXT('2D SPACE',''
  ) );
#5033 = ORIENTED_EDGE('',*,*,#5034,.F.);
#5034 = EDGE_CURVE('',#5035,#5007,#5037,.T.);
#5035 = VERTEX_POINT('',#5036);
#5036 = CARTESIAN_POINT('',(315.34549418873,-70.,-45.14549418873));
#5037 = SURFACE_CURVE('',#5038,(#5042,#5049),.PCURVE_S1.);
#5038 = LINE('',#5039,#5040);
#5039 = CARTESIAN_POINT('',(302.78531585679,-70.,-45.14549418873));
#5040 = VECTOR('',#5041,1.);
#5041 = DIRECTION('',(1.,2.2E-16,2.2E-16));
#5042 = PCURVE('',#2229,#5043);
#5043 = DEFINITIONAL_REPRESENTATION('',(#5044),#5048);
#5044 = LINE('',#5045,#5046);
#5045 = CARTESIAN_POINT('',(212.2146841432,77.754505811269));
#5046 = VECTOR('',#5047,1.);
#5047 = DIRECTION('',(-1.,2.2E-16));
#5048 = ( GEOMETRIC_REPRESENTATION_CONTEXT(2) 
PARAMETRIC_REPRESENTATION_CONTEXT() REPRESENTATION_CONTEXT('2D SPACE',''
  ) );
#5049 = PCURVE('',#5050,#5055);
#5050 = PLANE('',#5051);
#5051 = AXIS2_PLACEMENT_3D('',#5052,#5053,#5054);
#5052 = CARTESIAN_POINT('',(331.6756590606,-65.,-45.14549418873));
#5053 = DIRECTION('',(1.56E-15,1.71E-15,-1.));
#5054 = DIRECTION('',(0.,-1.,-1.71E-15));
#5055 = DEFINITIONAL_REPRESENTATION('',(#5056),#5060);
#5056 = LINE('',#5057,#5058);
#5057 = CARTESIAN_POINT('',(5.,28.890343203812));
#5058 = VECTOR('',#5059,1.);
#5059 = DIRECTION('',(-2.2E-16,-1.));
#5060 = ( GEOMETRIC_REPRESENTATION_CONTEXT(2) 
PARAMETRIC_REPRESENTATION_CONTEXT() REPRESENTATION_CONTEXT('2D SPACE',''
  ) );
#5061 = ORIENTED_EDGE('',*,*,#5062,.F.);
#5062 = EDGE_CURVE('',#5063,#5035,#5065,.T.);
#5063 = VERTEX_POINT('',#5064);
#5064 = CARTESIAN_POINT('',(315.34549418873,-70.,-24.59058622902));
#5065 = SURFACE_CURVE('',#5066,(#5070,#5077),.PCURVE_S1.);
#5066 = LINE('',#5067,#5068);
#5067 = CARTESIAN_POINT('',(315.34549418873,-70.,-24.59058622902));
#5068 = VECTOR('',#5069,1.);
#5069 = DIRECTION('',(0.,-2.2E-16,-1.));
#5070 = PCURVE('',#2229,#5071);
#5071 = DEFINITIONAL_REPRESENTATION('',(#5072),#5076);
#5072 = LINE('',#5073,#5074);
#5073 = CARTESIAN_POINT('',(199.65450581126,98.309413770971));
#5074 = VECTOR('',#5075,1.);
#5075 = DIRECTION('',(0.,-1.));
#5076 = ( GEOMETRIC_REPRESENTATION_CONTEXT(2) 
PARAMETRIC_REPRESENTATION_CONTEXT() REPRESENTATION_CONTEXT('2D SPACE',''
  ) );
#5077 = PCURVE('',#5078,#5083);
#5078 = PLANE('',#5079);
#5079 = AXIS2_PLACEMENT_3D('',#5080,#5081,#5082);
#5080 = CARTESIAN_POINT('',(315.34549418873,-65.,-51.24490015919));
#5081 = DIRECTION('',(-1.,-0.,-0.));
#5082 = DIRECTION('',(0.,0.,-1.));
#5083 = DEFINITIONAL_REPRESENTATION('',(#5084),#5088);
#5084 = LINE('',#5085,#5086);
#5085 = CARTESIAN_POINT('',(-26.65431393016,5.));
#5086 = VECTOR('',#5087,1.);
#5087 = DIRECTION('',(1.,2.2E-16));
#5088 = ( GEOMETRIC_REPRESENTATION_CONTEXT(2) 
PARAMETRIC_REPRESENTATION_CONTEXT() REPRESENTATION_CONTEXT('2D SPACE',''
  ) );
#5089 = ORIENTED_EDGE('',*,*,#5090,.F.);
#5090 = EDGE_CURVE('',#5091,#5063,#5093,.T.);
#5091 = VERTEX_POINT('',#5092);
#5092 = CARTESIAN_POINT('',(330.34549418873,-70.,-33.25084026687));
#5093 = SURFACE_CURVE('',#5094,(#5098,#5105),.PCURVE_S1.);
#5094 = LINE('',#5095,#5096);
#5095 = CARTESIAN_POINT('',(330.34549418873,-70.,-33.25084026687));
#5096 = VECTOR('',#5097,1.);
#5097 = DIRECTION('',(-0.866025403784,0.,0.5));
#5098 = PCURVE('',#2229,#5099);
#5099 = DEFINITIONAL_REPRESENTATION('',(#5100),#5104);
#5100 = LINE('',#5101,#5102);
#5101 = CARTESIAN_POINT('',(184.65450581126,89.649159733126));
#5102 = VECTOR('',#5103,1.);
#5103 = DIRECTION('',(0.866025403784,0.5));
#5104 = ( GEOMETRIC_REPRESENTATION_CONTEXT(2) 
PARAMETRIC_REPRESENTATION_CONTEXT() REPRESENTATION_CONTEXT('2D SPACE',''
  ) );
#5105 = PCURVE('',#5106,#5111);
#5106 = PLANE('',#5107);
#5107 = AXIS2_PLACEMENT_3D('',#5108,#5109,#5110);
#5108 = CARTESIAN_POINT('',(330.34549418873,-70.,-33.25084026687));
#5109 = DIRECTION('',(0.5,1.9E-16,0.866025403784));
#5110 = DIRECTION('',(-0.866025403784,1.1E-16,0.5));
#5111 = DEFINITIONAL_REPRESENTATION('',(#5112),#5116);
#5112 = LINE('',#5113,#5114);
#5113 = CARTESIAN_POINT('',(-1.563194018672E-30,1.42108547152E-14));
#5114 = VECTOR('',#5115,1.);
#5115 = DIRECTION('',(1.,1.1E-16));
#5116 = ( GEOMETRIC_REPRESENTATION_CONTEXT(2) 
PARAMETRIC_REPRESENTATION_CONTEXT() REPRESENTATION_CONTEXT('2D SPACE',''
  ) );
#5117 = ORIENTED_EDGE('',*,*,#5118,.F.);
#5118 = EDGE_CURVE('',#5119,#5091,#5121,.T.);
#5119 = VERTEX_POINT('',#5120);
#5120 = CARTESIAN_POINT('',(330.34549418873,-70.,11.980099840803));
#5121 = SURFACE_CURVE('',#5122,(#5126,#5133),.PCURVE_S1.);
#5122 = LINE('',#5123,#5124);
#5123 = CARTESIAN_POINT('',(330.34549418873,-70.,11.980099840803));
#5124 = VECTOR('',#5125,1.);
#5125 = DIRECTION('',(0.,0.,-1.));
#5126 = PCURVE('',#2229,#5127);
#5127 = DEFINITIONAL_REPRESENTATION('',(#5128),#5132);
#5128 = LINE('',#5129,#5130);
#5129 = CARTESIAN_POINT('',(184.65450581126,134.8800998408));
#5130 = VECTOR('',#5131,1.);
#5131 = DIRECTION('',(0.,-1.));
#5132 = ( GEOMETRIC_REPRESENTATION_CONTEXT(2) 
PARAMETRIC_REPRESENTATION_CONTEXT() REPRESENTATION_CONTEXT('2D SPACE',''
  ) );
#5133 = PCURVE('',#5134,#5139);
#5134 = PLANE('',#5135);
#5135 = AXIS2_PLACEMENT_3D('',#5136,#5137,#5138);
#5136 = CARTESIAN_POINT('',(330.34549418873,-70.,11.980099840803));
#5137 = DIRECTION('',(-1.,0.,0.));
#5138 = DIRECTION('',(-0.,-2.2E-16,-1.));
#5139 = DEFINITIONAL_REPRESENTATION('',(#5140),#5144);
#5140 = LINE('',#5141,#5142);
#5141 = CARTESIAN_POINT('',(3.126388037344E-30,1.42108547152E-14));
#5142 = VECTOR('',#5143,1.);
#5143 = DIRECTION('',(1.,-2.2E-16));
#5144 = ( GEOMETRIC_REPRESENTATION_CONTEXT(2) 
PARAMETRIC_REPRESENTATION_CONTEXT() REPRESENTATION_CONTEXT('2D SPACE',''
  ) );
#5145 = ORIENTED_EDGE('',*,*,#5146,.F.);
#5146 = EDGE_CURVE('',#5147,#5119,#5149,.T.);
#5147 = VERTEX_POINT('',#5148);
#5148 = CARTESIAN_POINT('',(330.14549418873,-70.,11.864629786965));
#5149 = SURFACE_CURVE('',#5150,(#5154,#5161),.PCURVE_S1.);
#5150 = LINE('',#5151,#5152);
#5151 = CARTESIAN_POINT('',(315.34549418873,-70.,3.319845802958));
#5152 = VECTOR('',#5153,1.);
#5153 = DIRECTION('',(0.866025403784,0.,0.5));
#5154 = PCURVE('',#2229,#5155);
#5155 = DEFINITIONAL_REPRESENTATION('',(#5156),#5160);
#5156 = LINE('',#5157,#5158);
#5157 = CARTESIAN_POINT('',(199.65450581126,126.21984580295));
#5158 = VECTOR('',#5159,1.);
#5159 = DIRECTION('',(-0.866025403784,0.5));
#5160 = ( GEOMETRIC_REPRESENTATION_CONTEXT(2) 
PARAMETRIC_REPRESENTATION_CONTEXT() REPRESENTATION_CONTEXT('2D SPACE',''
  ) );
#5161 = PCURVE('',#5162,#5167);
#5162 = PLANE('',#5163);
#5163 = AXIS2_PLACEMENT_3D('',#5164,#5165,#5166);
#5164 = CARTESIAN_POINT('',(330.14549418873,-70.,11.864629786965));
#5165 = DIRECTION('',(0.5,-1.9E-16,-0.866025403784));
#5166 = DIRECTION('',(0.866025403784,1.1E-16,0.5));
#5167 = DEFINITIONAL_REPRESENTATION('',(#5168),#5172);
#5168 = LINE('',#5169,#5170);
#5169 = CARTESIAN_POINT('',(-17.08956796801,1.233100223872E-14));
#5170 = VECTOR('',#5171,1.);
#5171 = DIRECTION('',(1.,1.1E-16));
#5172 = ( GEOMETRIC_REPRESENTATION_CONTEXT(2) 
PARAMETRIC_REPRESENTATION_CONTEXT() REPRESENTATION_CONTEXT('2D SPACE',''
  ) );
#5173 = ORIENTED_EDGE('',*,*,#5174,.T.);
#5174 = EDGE_CURVE('',#5147,#5175,#5177,.T.);
#5175 = VERTEX_POINT('',#5176);
#5176 = CARTESIAN_POINT('',(330.14549418873,-70.,12.09556989464));
#5177 = SURFACE_CURVE('',#5178,(#5182,#5189),.PCURVE_S1.);
#5178 = LINE('',#5179,#5180);
#5179 = CARTESIAN_POINT('',(330.14549418873,-70.,-32.90443010536));
#5180 = VECTOR('',#5181,1.);
#5181 = DIRECTION('',(0.,0.,1.));
#5182 = PCURVE('',#2229,#5183);
#5183 = DEFINITIONAL_REPRESENTATION('',(#5184),#5188);
#5184 = LINE('',#5185,#5186);
#5185 = CARTESIAN_POINT('',(184.85450581126,89.99556989464));
#5186 = VECTOR('',#5187,1.);
#5187 = DIRECTION('',(0.,1.));
#5188 = ( GEOMETRIC_REPRESENTATION_CONTEXT(2) 
PARAMETRIC_REPRESENTATION_CONTEXT() REPRESENTATION_CONTEXT('2D SPACE',''
  ) );
#5189 = PCURVE('',#5190,#5195);
#5190 = PLANE('',#5191);
#5191 = AXIS2_PLACEMENT_3D('',#5192,#5193,#5194);
#5192 = CARTESIAN_POINT('',(330.14549418873,-70.,11.864629786965));
#5193 = DIRECTION('',(1.,0.,0.));
#5194 = DIRECTION('',(0.,2.2E-16,1.));
#5195 = DEFINITIONAL_REPRESENTATION('',(#5196),#5200);
#5196 = LINE('',#5197,#5198);
#5197 = CARTESIAN_POINT('',(-44.76905989232,1.857251625409E-14));
#5198 = VECTOR('',#5199,1.);
#5199 = DIRECTION('',(1.,2.2E-16));
#5200 = ( GEOMETRIC_REPRESENTATION_CONTEXT(2) 
PARAMETRIC_REPRESENTATION_CONTEXT() REPRESENTATION_CONTEXT('2D SPACE',''
  ) );
#5201 = ORIENTED_EDGE('',*,*,#5202,.T.);
#5202 = EDGE_CURVE('',#5175,#3392,#5203,.T.);
#5203 = SURFACE_CURVE('',#5204,(#5208,#5215),.PCURVE_S1.);
#5204 = LINE('',#5205,#5206);
#5205 = CARTESIAN_POINT('',(330.14549418873,-70.,12.09556989464));
#5206 = VECTOR('',#5207,1.);
#5207 = DIRECTION('',(-0.866025403784,-0.,-0.5));
#5208 = PCURVE('',#2229,#5209);
#5209 = DEFINITIONAL_REPRESENTATION('',(#5210),#5214);
#5210 = LINE('',#5211,#5212);
#5211 = CARTESIAN_POINT('',(184.85450581126,134.99556989464));
#5212 = VECTOR('',#5213,1.);
#5213 = DIRECTION('',(0.866025403784,-0.5));
#5214 = ( GEOMETRIC_REPRESENTATION_CONTEXT(2) 
PARAMETRIC_REPRESENTATION_CONTEXT() REPRESENTATION_CONTEXT('2D SPACE',''
  ) );
#5215 = PCURVE('',#3583,#5216);
#5216 = DEFINITIONAL_REPRESENTATION('',(#5217),#5221);
#5217 = LINE('',#5218,#5219);
#5218 = CARTESIAN_POINT('',(1.563194018672E-30,1.42108547152E-14));
#5219 = VECTOR('',#5220,1.);
#5220 = DIRECTION('',(1.,-1.1E-16));
#5221 = ( GEOMETRIC_REPRESENTATION_CONTEXT(2) 
PARAMETRIC_REPRESENTATION_CONTEXT() REPRESENTATION_CONTEXT('2D SPACE',''
  ) );
#5222 = ORIENTED_EDGE('',*,*,#3389,.F.);
#5223 = ORIENTED_EDGE('',*,*,#3598,.F.);
#5224 = ORIENTED_EDGE('',*,*,#3768,.F.);
#5225 = ORIENTED_EDGE('',*,*,#5226,.T.);
#5226 = EDGE_CURVE('',#3769,#5227,#5229,.T.);
#5227 = VERTEX_POINT('',#5228);
#5228 = CARTESIAN_POINT('',(368.98351230808,-70.,61.163188571639));
#5229 = SURFACE_CURVE('',#5230,(#5234,#5241),.PCURVE_S1.);
#5230 = LINE('',#5231,#5232);
#5231 = CARTESIAN_POINT('',(253.98351230808,-70.,61.163188571639));
#5232 = VECTOR('',#5233,1.);
#5233 = DIRECTION('',(1.,0.,0.));
#5234 = PCURVE('',#2229,#5235);
#5235 = DEFINITIONAL_REPRESENTATION('',(#5236),#5240);
#5236 = LINE('',#5237,#5238);
#5237 = CARTESIAN_POINT('',(261.01648769191,184.06318857163));
#5238 = VECTOR('',#5239,1.);
#5239 = DIRECTION('',(-1.,0.));
#5240 = ( GEOMETRIC_REPRESENTATION_CONTEXT(2) 
PARAMETRIC_REPRESENTATION_CONTEXT() REPRESENTATION_CONTEXT('2D SPACE',''
  ) );
#5241 = PCURVE('',#3807,#5242);
#5242 = DEFINITIONAL_REPRESENTATION('',(#5243),#5247);
#5243 = LINE('',#5244,#5245);
#5244 = CARTESIAN_POINT('',(0.,1.42108547152E-14));
#5245 = VECTOR('',#5246,1.);
#5246 = DIRECTION('',(1.,0.));
#5247 = ( GEOMETRIC_REPRESENTATION_CONTEXT(2) 
PARAMETRIC_REPRESENTATION_CONTEXT() REPRESENTATION_CONTEXT('2D SPACE',''
  ) );
#5248 = ORIENTED_EDGE('',*,*,#5249,.T.);
#5249 = EDGE_CURVE('',#5227,#5250,#5252,.T.);
#5250 = VERTEX_POINT('',#5251);
#5251 = CARTESIAN_POINT('',(368.98351230808,-70.,81.163188571639));
#5252 = SURFACE_CURVE('',#5253,(#5257,#5264),.PCURVE_S1.);
#5253 = LINE('',#5254,#5255);
#5254 = CARTESIAN_POINT('',(368.98351230808,-70.,61.163188571639));
#5255 = VECTOR('',#5256,1.);
#5256 = DIRECTION('',(0.,0.,1.));
#5257 = PCURVE('',#2229,#5258);
#5258 = DEFINITIONAL_REPRESENTATION('',(#5259),#5263);
#5259 = LINE('',#5260,#5261);
#5260 = CARTESIAN_POINT('',(146.01648769191,184.06318857163));
#5261 = VECTOR('',#5262,1.);
#5262 = DIRECTION('',(0.,1.));
#5263 = ( GEOMETRIC_REPRESENTATION_CONTEXT(2) 
PARAMETRIC_REPRESENTATION_CONTEXT() REPRESENTATION_CONTEXT('2D SPACE',''
  ) );
#5264 = PCURVE('',#5265,#5270);
#5265 = PLANE('',#5266);
#5266 = AXIS2_PLACEMENT_3D('',#5267,#5268,#5269);
#5267 = CARTESIAN_POINT('',(368.98351230808,-70.,61.163188571639));
#5268 = DIRECTION('',(1.,0.,0.));
#5269 = DIRECTION('',(0.,2.2E-16,1.));
#5270 = DEFINITIONAL_REPRESENTATION('',(#5271),#5275);
#5271 = LINE('',#5272,#5273);
#5272 = CARTESIAN_POINT('',(-3.126388037344E-30,1.42108547152E-14));
#5273 = VECTOR('',#5274,1.);
#5274 = DIRECTION('',(1.,2.2E-16));
#5275 = ( GEOMETRIC_REPRESENTATION_CONTEXT(2) 
PARAMETRIC_REPRESENTATION_CONTEXT() REPRESENTATION_CONTEXT('2D SPACE',''
  ) );
#5276 = ORIENTED_EDGE('',*,*,#5277,.T.);
#5277 = EDGE_CURVE('',#5250,#3694,#5278,.T.);
#5278 = SURFACE_CURVE('',#5279,(#5283,#5290),.PCURVE_S1.);
#5279 = LINE('',#5280,#5281);
#5280 = CARTESIAN_POINT('',(368.98351230808,-70.,81.163188571639));
#5281 = VECTOR('',#5282,1.);
#5282 = DIRECTION('',(-1.,0.,0.));
#5283 = PCURVE('',#2229,#5284);
#5284 = DEFINITIONAL_REPRESENTATION('',(#5285),#5289);
#5285 = LINE('',#5286,#5287);
#5286 = CARTESIAN_POINT('',(146.01648769191,204.06318857163));
#5287 = VECTOR('',#5288,1.);
#5288 = DIRECTION('',(1.,0.));
#5289 = ( GEOMETRIC_REPRESENTATION_CONTEXT(2) 
PARAMETRIC_REPRESENTATION_CONTEXT() REPRESENTATION_CONTEXT('2D SPACE',''
  ) );
#5290 = PCURVE('',#3861,#5291);
#5291 = DEFINITIONAL_REPRESENTATION('',(#5292),#5296);
#5292 = LINE('',#5293,#5294);
#5293 = CARTESIAN_POINT('',(0.,1.42108547152E-14));
#5294 = VECTOR('',#5295,1.);
#5295 = DIRECTION('',(1.,0.));
#5296 = ( GEOMETRIC_REPRESENTATION_CONTEXT(2) 
PARAMETRIC_REPRESENTATION_CONTEXT() REPRESENTATION_CONTEXT('2D SPACE',''
  ) );
#5297 = ORIENTED_EDGE('',*,*,#3691,.F.);
#5298 = ORIENTED_EDGE('',*,*,#5299,.F.);
#5299 = EDGE_CURVE('',#5300,#3692,#5302,.T.);
#5300 = VERTEX_POINT('',#5301);
#5301 = CARTESIAN_POINT('',(330.14549418873,-70.,93.314629786965));
#5302 = SURFACE_CURVE('',#5303,(#5307,#5314),.PCURVE_S1.);
#5303 = LINE('',#5304,#5305);
#5304 = CARTESIAN_POINT('',(315.34549418873,-70.,84.769845802958));
#5305 = VECTOR('',#5306,1.);
#5306 = DIRECTION('',(0.866025403784,0.,0.5));
#5307 = PCURVE('',#2229,#5308);
#5308 = DEFINITIONAL_REPRESENTATION('',(#5309),#5313);
#5309 = LINE('',#5310,#5311);
#5310 = CARTESIAN_POINT('',(199.65450581126,207.66984580295));
#5311 = VECTOR('',#5312,1.);
#5312 = DIRECTION('',(-0.866025403784,0.5));
#5313 = ( GEOMETRIC_REPRESENTATION_CONTEXT(2) 
PARAMETRIC_REPRESENTATION_CONTEXT() REPRESENTATION_CONTEXT('2D SPACE',''
  ) );
#5314 = PCURVE('',#3732,#5315);
#5315 = DEFINITIONAL_REPRESENTATION('',(#5316),#5320);
#5316 = LINE('',#5317,#5318);
#5317 = CARTESIAN_POINT('',(-17.08956796801,1.233100223872E-14));
#5318 = VECTOR('',#5319,1.);
#5319 = DIRECTION('',(1.,1.1E-16));
#5320 = ( GEOMETRIC_REPRESENTATION_CONTEXT(2) 
PARAMETRIC_REPRESENTATION_CONTEXT() REPRESENTATION_CONTEXT('2D SPACE',''
  ) );
#5321 = ORIENTED_EDGE('',*,*,#5322,.T.);
#5322 = EDGE_CURVE('',#5300,#5323,#5325,.T.);
#5323 = VERTEX_POINT('',#5324);
#5324 = CARTESIAN_POINT('',(330.14549418873,-70.,93.54556989464));
#5325 = SURFACE_CURVE('',#5326,(#5330,#5337),.PCURVE_S1.);
#5326 = LINE('',#5327,#5328);
#5327 = CARTESIAN_POINT('',(330.14549418873,-70.,48.54556989464));
#5328 = VECTOR('',#5329,1.);
#5329 = DIRECTION('',(0.,0.,1.));
#5330 = PCURVE('',#2229,#5331);
#5331 = DEFINITIONAL_REPRESENTATION('',(#5332),#5336);
#5332 = LINE('',#5333,#5334);
#5333 = CARTESIAN_POINT('',(184.85450581126,171.44556989464));
#5334 = VECTOR('',#5335,1.);
#5335 = DIRECTION('',(0.,1.));
#5336 = ( GEOMETRIC_REPRESENTATION_CONTEXT(2) 
PARAMETRIC_REPRESENTATION_CONTEXT() REPRESENTATION_CONTEXT('2D SPACE',''
  ) );
#5337 = PCURVE('',#5338,#5343);
#5338 = PLANE('',#5339);
#5339 = AXIS2_PLACEMENT_3D('',#5340,#5341,#5342);
#5340 = CARTESIAN_POINT('',(330.14549418873,-70.,93.314629786965));
#5341 = DIRECTION('',(1.,0.,0.));
#5342 = DIRECTION('',(0.,2.2E-16,1.));
#5343 = DEFINITIONAL_REPRESENTATION('',(#5344),#5348);
#5344 = LINE('',#5345,#5346);
#5345 = CARTESIAN_POINT('',(-44.76905989232,1.857251625409E-14));
#5346 = VECTOR('',#5347,1.);
#5347 = DIRECTION('',(1.,2.2E-16));
#5348 = ( GEOMETRIC_REPRESENTATION_CONTEXT(2) 
PARAMETRIC_REPRESENTATION_CONTEXT() REPRESENTATION_CONTEXT('2D SPACE',''
  ) );
#5349 = ORIENTED_EDGE('',*,*,#5350,.T.);
#5350 = EDGE_CURVE('',#5323,#5351,#5353,.T.);
#5351 = VERTEX_POINT('',#5352);
#5352 = CARTESIAN_POINT('',(315.34549418873,-70.,85.000785910634));
#5353 = SURFACE_CURVE('',#5354,(#5358,#5365),.PCURVE_S1.);
#5354 = LINE('',#5355,#5356);
#5355 = CARTESIAN_POINT('',(330.14549418873,-70.,93.54556989464));
#5356 = VECTOR('',#5357,1.);
#5357 = DIRECTION('',(-0.866025403784,-0.,-0.5));
#5358 = PCURVE('',#2229,#5359);
#5359 = DEFINITIONAL_REPRESENTATION('',(#5360),#5364);
#5360 = LINE('',#5361,#5362);
#5361 = CARTESIAN_POINT('',(184.85450581126,216.44556989464));
#5362 = VECTOR('',#5363,1.);
#5363 = DIRECTION('',(0.866025403784,-0.5));
#5364 = ( GEOMETRIC_REPRESENTATION_CONTEXT(2) 
PARAMETRIC_REPRESENTATION_CONTEXT() REPRESENTATION_CONTEXT('2D SPACE',''
  ) );
#5365 = PCURVE('',#5366,#5371);
#5366 = PLANE('',#5367);
#5367 = AXIS2_PLACEMENT_3D('',#5368,#5369,#5370);
#5368 = CARTESIAN_POINT('',(330.14549418873,-70.,93.54556989464));
#5369 = DIRECTION('',(-0.5,1.9E-16,0.866025403784));
#5370 = DIRECTION('',(-0.866025403784,-1.1E-16,-0.5));
#5371 = DEFINITIONAL_REPRESENTATION('',(#5372),#5376);
#5372 = LINE('',#5373,#5374);
#5373 = CARTESIAN_POINT('',(1.563194018672E-30,1.42108547152E-14));
#5374 = VECTOR('',#5375,1.);
#5375 = DIRECTION('',(1.,-1.1E-16));
#5376 = ( GEOMETRIC_REPRESENTATION_CONTEXT(2) 
PARAMETRIC_REPRESENTATION_CONTEXT() REPRESENTATION_CONTEXT('2D SPACE',''
  ) );
#5377 = ORIENTED_EDGE('',*,*,#5378,.F.);
#5378 = EDGE_CURVE('',#5379,#5351,#5381,.T.);
#5379 = VERTEX_POINT('',#5380);
#5380 = CARTESIAN_POINT('',(315.34549418873,-70.,105.62389876989));
#5381 = SURFACE_CURVE('',#5382,(#5386,#5393),.PCURVE_S1.);
#5382 = LINE('',#5383,#5384);
#5383 = CARTESIAN_POINT('',(315.34549418873,-70.,112.89484580295));
#5384 = VECTOR('',#5385,1.);
#5385 = DIRECTION('',(0.,0.,-1.));
#5386 = PCURVE('',#2229,#5387);
#5387 = DEFINITIONAL_REPRESENTATION('',(#5388),#5392);
#5388 = LINE('',#5389,#5390);
#5389 = CARTESIAN_POINT('',(199.65450581126,235.79484580295));
#5390 = VECTOR('',#5391,1.);
#5391 = DIRECTION('',(0.,-1.));
#5392 = ( GEOMETRIC_REPRESENTATION_CONTEXT(2) 
PARAMETRIC_REPRESENTATION_CONTEXT() REPRESENTATION_CONTEXT('2D SPACE',''
  ) );
#5393 = PCURVE('',#5394,#5399);
#5394 = PLANE('',#5395);
#5395 = AXIS2_PLACEMENT_3D('',#5396,#5397,#5398);
#5396 = CARTESIAN_POINT('',(315.34549418873,-70.,112.89484580295));
#5397 = DIRECTION('',(-1.,0.,0.));
#5398 = DIRECTION('',(-0.,-2.2E-16,-1.));
#5399 = DEFINITIONAL_REPRESENTATION('',(#5400),#5404);
#5400 = LINE('',#5401,#5402);
#5401 = CARTESIAN_POINT('',(6.252776074689E-30,2.84217094304E-14));
#5402 = VECTOR('',#5403,1.);
#5403 = DIRECTION('',(1.,-2.2E-16));
#5404 = ( GEOMETRIC_REPRESENTATION_CONTEXT(2) 
PARAMETRIC_REPRESENTATION_CONTEXT() REPRESENTATION_CONTEXT('2D SPACE',''
  ) );
#5405 = ORIENTED_EDGE('',*,*,#5406,.F.);
#5406 = EDGE_CURVE('',#5407,#5379,#5409,.T.);
#5407 = VERTEX_POINT('',#5408);
#5408 = CARTESIAN_POINT('',(393.77184982271,-70.,105.62389876989));
#5409 = SURFACE_CURVE('',#5410,(#5415,#5423),.PCURVE_S1.);
#5410 = B_SPLINE_CURVE_WITH_KNOTS('',3,(#5411,#5412,#5413,#5414),
  .UNSPECIFIED.,.F.,.F.,(4,4),(-20.03476685902,-5.450980250692),
  .PIECEWISE_BEZIER_KNOTS.);
#5411 = CARTESIAN_POINT('',(393.77184982271,-70.,105.62389876989));
#5412 = CARTESIAN_POINT('',(345.15922779492,-70.,105.62389876989));
#5413 = CARTESIAN_POINT('',(296.54660576714,-70.,105.62389876989));
#5414 = CARTESIAN_POINT('',(247.93398373935,-70.,105.62389876989));
#5415 = PCURVE('',#2229,#5416);
#5416 = DEFINITIONAL_REPRESENTATION('',(#5417),#5422);
#5417 = B_SPLINE_CURVE_WITH_KNOTS('',3,(#5418,#5419,#5420,#5421),
  .UNSPECIFIED.,.F.,.F.,(4,4),(-20.03476685902,-5.450980250692),
  .PIECEWISE_BEZIER_KNOTS.);
#5418 = CARTESIAN_POINT('',(121.22815017728,228.52389876989));
#5419 = CARTESIAN_POINT('',(169.84077220507,228.52389876989));
#5420 = CARTESIAN_POINT('',(218.45339423286,228.52389876989));
#5421 = CARTESIAN_POINT('',(267.06601626064,228.52389876989));
#5422 = ( GEOMETRIC_REPRESENTATION_CONTEXT(2) 
PARAMETRIC_REPRESENTATION_CONTEXT() REPRESENTATION_CONTEXT('2D SPACE',''
  ) );
#5423 = PCURVE('',#5424,#5441);
#5424 = B_SPLINE_SURFACE_WITH_KNOTS('',3,3,(
    (#5425,#5426,#5427,#5428)
    ,(#5429,#5430,#5431,#5432)
    ,(#5433,#5434,#5435,#5436)
    ,(#5437,#5438,#5439,#5440
    )),.UNSPECIFIED.,.F.,.F.,.F.,(4,4),(4,4),(0.,0.310758100902),(0.,
    20.034766859028),.PIECEWISE_BEZIER_KNOTS.);
#5425 = CARTESIAN_POINT('',(193.42418123243,-70.,105.62389876989));
#5426 = CARTESIAN_POINT('',(260.20673742919,-70.,105.62389876989));
#5427 = CARTESIAN_POINT('',(326.98929362595,-70.,105.62389876989));
#5428 = CARTESIAN_POINT('',(393.77184982271,-70.,105.62389876989));
#5429 = CARTESIAN_POINT('',(193.42418123243,-68.57286953229,
    106.56322726577));
#5430 = CARTESIAN_POINT('',(260.20673742919,-68.57286953229,
    106.56322726577));
#5431 = CARTESIAN_POINT('',(326.98929362595,-68.57286953229,
    106.56322726577));
#5432 = CARTESIAN_POINT('',(393.77184982271,-68.57286953229,
    106.56322726577));
#5433 = CARTESIAN_POINT('',(193.42418123243,-67.14573906459,
    107.50255576164));
#5434 = CARTESIAN_POINT('',(260.20673742919,-67.14573906459,
    107.50255576164));
#5435 = CARTESIAN_POINT('',(326.98929362595,-67.14573906459,
    107.50255576164));
#5436 = CARTESIAN_POINT('',(393.77184982271,-67.14573906459,
    107.50255576164));
#5437 = CARTESIAN_POINT('',(193.42418123243,-65.71860859688,
    108.44188425751));
#5438 = CARTESIAN_POINT('',(260.20673742919,-65.71860859688,
    108.44188425751));
#5439 = CARTESIAN_POINT('',(326.98929362595,-65.71860859688,
    108.44188425751));
#5440 = CARTESIAN_POINT('',(393.77184982271,-65.71860859688,
    108.44188425751));
#5441 = DEFINITIONAL_REPRESENTATION('',(#5442),#5446);
#5442 = LINE('',#5443,#5444);
#5443 = CARTESIAN_POINT('',(9.3E-16,0.));
#5444 = VECTOR('',#5445,1.);
#5445 = DIRECTION('',(-2.E-17,-1.));
#5446 = ( GEOMETRIC_REPRESENTATION_CONTEXT(2) 
PARAMETRIC_REPRESENTATION_CONTEXT() REPRESENTATION_CONTEXT('2D SPACE',''
  ) );
#5447 = ORIENTED_EDGE('',*,*,#5448,.T.);
#5448 = EDGE_CURVE('',#5407,#5449,#5451,.T.);
#5449 = VERTEX_POINT('',#5450);
#5450 = CARTESIAN_POINT('',(407.5643643357,-70.,103.92151611021));
#5451 = SURFACE_CURVE('',#5452,(#5457,#5464),.PCURVE_S1.);
#5452 = CIRCLE('',#5453,56.723898769897);
#5453 = AXIS2_PLACEMENT_3D('',#5454,#5455,#5456);
#5454 = CARTESIAN_POINT('',(393.77184982271,-70.,48.9));
#5455 = DIRECTION('',(-6.E-16,1.,-4.6E-15));
#5456 = DIRECTION('',(0.,4.6E-15,1.));
#5457 = PCURVE('',#2229,#5458);
#5458 = DEFINITIONAL_REPRESENTATION('',(#5459),#5463);
#5459 = CIRCLE('',#5460,56.723898769897);
#5460 = AXIS2_PLACEMENT_2D('',#5461,#5462);
#5461 = CARTESIAN_POINT('',(121.22815017728,171.8));
#5462 = DIRECTION('',(0.,1.));
#5463 = ( GEOMETRIC_REPRESENTATION_CONTEXT(2) 
PARAMETRIC_REPRESENTATION_CONTEXT() REPRESENTATION_CONTEXT('2D SPACE',''
  ) );
#5464 = PCURVE('',#5465,#5478);
#5465 = ( BOUNDED_SURFACE() B_SPLINE_SURFACE(3,2,(
    (#5466,#5467,#5468)
    ,(#5469,#5470,#5471)
    ,(#5472,#5473,#5474)
    ,(#5475,#5476,#5477
)),.UNSPECIFIED.,.F.,.F.,.F.) B_SPLINE_SURFACE_WITH_KNOTS((4,4),(3,3),(
    0.,0.51255589505),(0.,0.523598775598),.PIECEWISE_BEZIER_KNOTS.) 
GEOMETRIC_REPRESENTATION_ITEM() RATIONAL_B_SPLINE_SURFACE((
    (1.,0.965925826289,1.)
    ,(1.,0.965925826289,1.)
    ,(1.,0.965925826289,1.)
,(1.,0.965925826289,1.))) REPRESENTATION_ITEM('') SURFACE() );
#5466 = CARTESIAN_POINT('',(393.77184982271,-70.,105.62389876989));
#5467 = CARTESIAN_POINT('',(408.97097268965,-70.,105.62389876989));
#5468 = CARTESIAN_POINT('',(422.13379920766,-70.,98.024337336427));
#5469 = CARTESIAN_POINT('',(393.77184982271,-68.57286953229,
    106.56322726577));
#5470 = CARTESIAN_POINT('',(409.22266500155,-68.57286953229,
    106.56322726577));
#5471 = CARTESIAN_POINT('',(422.6034634556,-68.57286953229,
    98.837819676352));
#5472 = CARTESIAN_POINT('',(393.77184982271,-67.14573906459,
    107.50255576164));
#5473 = CARTESIAN_POINT('',(409.47435731344,-67.14573906459,
    107.50255576164));
#5474 = CARTESIAN_POINT('',(423.07312770353,-67.14573906459,
    99.651302016277));
#5475 = CARTESIAN_POINT('',(393.77184982271,-65.71860859688,
    108.44188425751));
#5476 = CARTESIAN_POINT('',(409.72604962534,-65.71860859688,
    108.44188425751));
#5477 = CARTESIAN_POINT('',(423.54279195147,-65.71860859689,
    100.4647843562));
#5478 = DEFINITIONAL_REPRESENTATION('',(#5479),#5505);
#5479 = B_SPLINE_CURVE_WITH_KNOTS('',3,(#5480,#5481,#5482,#5483,#5484,
    #5485,#5486,#5487,#5488,#5489,#5490,#5491,#5492,#5493,#5494,#5495,
    #5496,#5497,#5498,#5499,#5500,#5501,#5502,#5503,#5504),
  .UNSPECIFIED.,.F.,.F.,(4,1,1,1,1,1,1,1,1,1,1,1,1,1,1,1,1,1,1,1,1,1,4),
  (0.,1.116426305573E-02,2.232852611145E-02,3.349278916718E-02,
    4.465705222291E-02,5.582131527864E-02,6.698557833436E-02,
    7.814984139009E-02,8.931410444582E-02,0.100478367502,0.111642630557,
    0.122806893613,0.133971156669,0.145135419724,0.15629968278,
    0.167463945836,0.178628208892,0.189792471947,0.200956735003,
    0.212120998059,0.223285261115,0.23444952417,0.245613787226),
  .UNSPECIFIED.);
#5480 = CARTESIAN_POINT('',(0.,0.));
#5481 = CARTESIAN_POINT('',(0.,3.764273442701E-03));
#5482 = CARTESIAN_POINT('',(0.,1.128728886065E-02));
#5483 = CARTESIAN_POINT('',(0.,2.255595144926E-02));
#5484 = CARTESIAN_POINT('',(0.,3.380948889114E-02));
#5485 = CARTESIAN_POINT('',(0.,4.504863123156E-02));
#5486 = CARTESIAN_POINT('',(0.,5.627410525683E-02));
#5487 = CARTESIAN_POINT('',(0.,6.748663417795E-02));
#5488 = CARTESIAN_POINT('',(0.,7.868693795588E-02));
#5489 = CARTESIAN_POINT('',(0.,8.987573345271E-02));
#5490 = CARTESIAN_POINT('',(0.,0.101053734627));
#5491 = CARTESIAN_POINT('',(0.,0.112221652717));
#5492 = CARTESIAN_POINT('',(0.,0.12338019642));
#5493 = CARTESIAN_POINT('',(0.,0.134530072079));
#5494 = CARTESIAN_POINT('',(0.,0.145671983861));
#5495 = CARTESIAN_POINT('',(0.,0.156806633933));
#5496 = CARTESIAN_POINT('',(0.,0.167934722644));
#5497 = CARTESIAN_POINT('',(0.,0.1790569487));
#5498 = CARTESIAN_POINT('',(0.,0.190174009342));
#5499 = CARTESIAN_POINT('',(0.,0.201286600518));
#5500 = CARTESIAN_POINT('',(0.,0.212395417063));
#5501 = CARTESIAN_POINT('',(0.,0.223501152857));
#5502 = CARTESIAN_POINT('',(0.,0.234604501059));
#5503 = CARTESIAN_POINT('',(-0.,0.242005603058));
#5504 = CARTESIAN_POINT('',(0.,0.245705986959));
#5505 = ( GEOMETRIC_REPRESENTATION_CONTEXT(2) 
PARAMETRIC_REPRESENTATION_CONTEXT() REPRESENTATION_CONTEXT('2D SPACE',''
  ) );
#5506 = ORIENTED_EDGE('',*,*,#5507,.T.);
#5507 = EDGE_CURVE('',#5449,#2873,#5508,.T.);
#5508 = SURFACE_CURVE('',#5509,(#5513,#5520),.PCURVE_S1.);
#5509 = LINE('',#5510,#5511);
#5510 = CARTESIAN_POINT('',(407.5643643357,-70.,-84.95));
#5511 = VECTOR('',#5512,1.);
#5512 = DIRECTION('',(0.,0.,-1.));
#5513 = PCURVE('',#2229,#5514);
#5514 = DEFINITIONAL_REPRESENTATION('',(#5515),#5519);
#5515 = LINE('',#5516,#5517);
#5516 = CARTESIAN_POINT('',(107.43563566429,37.95));
#5517 = VECTOR('',#5518,1.);
#5518 = DIRECTION('',(0.,-1.));
#5519 = ( GEOMETRIC_REPRESENTATION_CONTEXT(2) 
PARAMETRIC_REPRESENTATION_CONTEXT() REPRESENTATION_CONTEXT('2D SPACE',''
  ) );
#5520 = PCURVE('',#2888,#5521);
#5521 = DEFINITIONAL_REPRESENTATION('',(#5522),#5526);
#5522 = LINE('',#5523,#5524);
#5523 = CARTESIAN_POINT('',(-37.95,30.));
#5524 = VECTOR('',#5525,1.);
#5525 = DIRECTION('',(1.,0.));
#5526 = ( GEOMETRIC_REPRESENTATION_CONTEXT(2) 
PARAMETRIC_REPRESENTATION_CONTEXT() REPRESENTATION_CONTEXT('2D SPACE',''
  ) );
#5527 = ORIENTED_EDGE('',*,*,#2900,.T.);
#5528 = ORIENTED_EDGE('',*,*,#5529,.F.);
#5529 = EDGE_CURVE('',#2534,#2901,#5530,.T.);
#5530 = SURFACE_CURVE('',#5531,(#5535,#5542),.PCURVE_S1.);
#5531 = LINE('',#5532,#5533);
#5532 = CARTESIAN_POINT('',(443.63037248396,-70.,-32.));
#5533 = VECTOR('',#5534,1.);
#5534 = DIRECTION('',(0.,0.,1.));
#5535 = PCURVE('',#2229,#5536);
#5536 = DEFINITIONAL_REPRESENTATION('',(#5537),#5541);
#5537 = LINE('',#5538,#5539);
#5538 = CARTESIAN_POINT('',(71.369627516039,90.9));
#5539 = VECTOR('',#5540,1.);
#5540 = DIRECTION('',(0.,1.));
#5541 = ( GEOMETRIC_REPRESENTATION_CONTEXT(2) 
PARAMETRIC_REPRESENTATION_CONTEXT() REPRESENTATION_CONTEXT('2D SPACE',''
  ) );
#5542 = PCURVE('',#2652,#5543);
#5543 = DEFINITIONAL_REPRESENTATION('',(#5544),#5548);
#5544 = LINE('',#5545,#5546);
#5545 = CARTESIAN_POINT('',(0.,90.9));
#5546 = VECTOR('',#5547,1.);
#5547 = DIRECTION('',(0.,-1.));
#5548 = ( GEOMETRIC_REPRESENTATION_CONTEXT(2) 
PARAMETRIC_REPRESENTATION_CONTEXT() REPRESENTATION_CONTEXT('2D SPACE',''
  ) );
#5549 = ORIENTED_EDGE('',*,*,#2533,.F.);
#5550 = FACE_BOUND('',#5551,.F.);
#5551 = EDGE_LOOP('',(#5552,#5582,#5610,#5638,#5666,#5694));
#5552 = ORIENTED_EDGE('',*,*,#5553,.F.);
#5553 = EDGE_CURVE('',#5554,#5556,#5558,.T.);
#5554 = VERTEX_POINT('',#5555);
#5555 = CARTESIAN_POINT('',(357.54145188432,-70.,-48.00033833779));
#5556 = VERTEX_POINT('',#5557);
#5557 = CARTESIAN_POINT('',(355.52072594216,-70.,-51.50033833779));
#5558 = SURFACE_CURVE('',#5559,(#5563,#5570),.PCURVE_S1.);
#5559 = LINE('',#5560,#5561);
#5560 = CARTESIAN_POINT('',(361.0075179652,-70.,-41.99693578332));
#5561 = VECTOR('',#5562,1.);
#5562 = DIRECTION('',(-0.5,0.,-0.866025403784));
#5563 = PCURVE('',#2229,#5564);
#5564 = DEFINITIONAL_REPRESENTATION('',(#5565),#5569);
#5565 = LINE('',#5566,#5567);
#5566 = CARTESIAN_POINT('',(153.99248203479,80.903064216673));
#5567 = VECTOR('',#5568,1.);
#5568 = DIRECTION('',(0.5,-0.866025403784));
#5569 = ( GEOMETRIC_REPRESENTATION_CONTEXT(2) 
PARAMETRIC_REPRESENTATION_CONTEXT() REPRESENTATION_CONTEXT('2D SPACE',''
  ) );
#5570 = PCURVE('',#5571,#5576);
#5571 = PLANE('',#5572);
#5572 = AXIS2_PLACEMENT_3D('',#5573,#5574,#5575);
#5573 = CARTESIAN_POINT('',(357.54145188432,-70.,-48.00033833779));
#5574 = DIRECTION('',(0.866025403784,0.,-0.5));
#5575 = DIRECTION('',(-0.5,0.,-0.866025403784));
#5576 = DEFINITIONAL_REPRESENTATION('',(#5577),#5581);
#5577 = LINE('',#5578,#5579);
#5578 = CARTESIAN_POINT('',(-6.932132161756,0.));
#5579 = VECTOR('',#5580,1.);
#5580 = DIRECTION('',(1.,0.));
#5581 = ( GEOMETRIC_REPRESENTATION_CONTEXT(2) 
PARAMETRIC_REPRESENTATION_CONTEXT() REPRESENTATION_CONTEXT('2D SPACE',''
  ) );
#5582 = ORIENTED_EDGE('',*,*,#5583,.F.);
#5583 = EDGE_CURVE('',#5584,#5554,#5586,.T.);
#5584 = VERTEX_POINT('',#5585);
#5585 = CARTESIAN_POINT('',(355.52072594216,-70.,-44.50033833779));
#5586 = SURFACE_CURVE('',#5587,(#5591,#5598),.PCURVE_S1.);
#5587 = LINE('',#5588,#5589);
#5588 = CARTESIAN_POINT('',(392.42965986128,-70.,-108.4284871389));
#5589 = VECTOR('',#5590,1.);
#5590 = DIRECTION('',(0.5,0.,-0.866025403784));
#5591 = PCURVE('',#2229,#5592);
#5592 = DEFINITIONAL_REPRESENTATION('',(#5593),#5597);
#5593 = LINE('',#5594,#5595);
#5594 = CARTESIAN_POINT('',(122.57034013871,14.471512861079));
#5595 = VECTOR('',#5596,1.);
#5596 = DIRECTION('',(-0.5,-0.866025403784));
#5597 = ( GEOMETRIC_REPRESENTATION_CONTEXT(2) 
PARAMETRIC_REPRESENTATION_CONTEXT() REPRESENTATION_CONTEXT('2D SPACE',''
  ) );
#5598 = PCURVE('',#5599,#5604);
#5599 = PLANE('',#5600);
#5600 = AXIS2_PLACEMENT_3D('',#5601,#5602,#5603);
#5601 = CARTESIAN_POINT('',(355.52072594216,-70.,-44.50033833779));
#5602 = DIRECTION('',(0.866025403784,0.,0.5));
#5603 = DIRECTION('',(0.5,0.,-0.866025403784));
#5604 = DEFINITIONAL_REPRESENTATION('',(#5605),#5609);
#5605 = LINE('',#5606,#5607);
#5606 = CARTESIAN_POINT('',(73.817867838245,0.));
#5607 = VECTOR('',#5608,1.);
#5608 = DIRECTION('',(1.,0.));
#5609 = ( GEOMETRIC_REPRESENTATION_CONTEXT(2) 
PARAMETRIC_REPRESENTATION_CONTEXT() REPRESENTATION_CONTEXT('2D SPACE',''
  ) );
#5610 = ORIENTED_EDGE('',*,*,#5611,.F.);
#5611 = EDGE_CURVE('',#5612,#5584,#5614,.T.);
#5612 = VERTEX_POINT('',#5613);
#5613 = CARTESIAN_POINT('',(351.47927405783,-70.,-44.50033833779));
#5614 = SURFACE_CURVE('',#5615,(#5619,#5626),.PCURVE_S1.);
#5615 = LINE('',#5616,#5617);
#5616 = CARTESIAN_POINT('',(433.23963702891,-70.,-44.50033833779));
#5617 = VECTOR('',#5618,1.);
#5618 = DIRECTION('',(1.,0.,0.));
#5619 = PCURVE('',#2229,#5620);
#5620 = DEFINITIONAL_REPRESENTATION('',(#5621),#5625);
#5621 = LINE('',#5622,#5623);
#5622 = CARTESIAN_POINT('',(81.760362971083,78.399661662202));
#5623 = VECTOR('',#5624,1.);
#5624 = DIRECTION('',(-1.,0.));
#5625 = ( GEOMETRIC_REPRESENTATION_CONTEXT(2) 
PARAMETRIC_REPRESENTATION_CONTEXT() REPRESENTATION_CONTEXT('2D SPACE',''
  ) );
#5626 = PCURVE('',#5627,#5632);
#5627 = PLANE('',#5628);
#5628 = AXIS2_PLACEMENT_3D('',#5629,#5630,#5631);
#5629 = CARTESIAN_POINT('',(351.47927405783,-70.,-44.50033833779));
#5630 = DIRECTION('',(0.,0.,1.));
#5631 = DIRECTION('',(1.,0.,0.));
#5632 = DEFINITIONAL_REPRESENTATION('',(#5633),#5637);
#5633 = LINE('',#5634,#5635);
#5634 = CARTESIAN_POINT('',(81.760362971082,0.));
#5635 = VECTOR('',#5636,1.);
#5636 = DIRECTION('',(1.,0.));
#5637 = ( GEOMETRIC_REPRESENTATION_CONTEXT(2) 
PARAMETRIC_REPRESENTATION_CONTEXT() REPRESENTATION_CONTEXT('2D SPACE',''
  ) );
#5638 = ORIENTED_EDGE('',*,*,#5639,.F.);
#5639 = EDGE_CURVE('',#5640,#5612,#5642,.T.);
#5640 = VERTEX_POINT('',#5641);
#5641 = CARTESIAN_POINT('',(349.45854811567,-70.,-48.00033833779));
#5642 = SURFACE_CURVE('',#5643,(#5647,#5654),.PCURVE_S1.);
#5643 = LINE('',#5644,#5645);
#5644 = CARTESIAN_POINT('',(353.93497716763,-70.,-40.24693578332));
#5645 = VECTOR('',#5646,1.);
#5646 = DIRECTION('',(0.5,0.,0.866025403784));
#5647 = PCURVE('',#2229,#5648);
#5648 = DEFINITIONAL_REPRESENTATION('',(#5649),#5653);
#5649 = LINE('',#5650,#5651);
#5650 = CARTESIAN_POINT('',(161.06502283236,82.653064216673));
#5651 = VECTOR('',#5652,1.);
#5652 = DIRECTION('',(-0.5,0.866025403784));
#5653 = ( GEOMETRIC_REPRESENTATION_CONTEXT(2) 
PARAMETRIC_REPRESENTATION_CONTEXT() REPRESENTATION_CONTEXT('2D SPACE',''
  ) );
#5654 = PCURVE('',#5655,#5660);
#5655 = PLANE('',#5656);
#5656 = AXIS2_PLACEMENT_3D('',#5657,#5658,#5659);
#5657 = CARTESIAN_POINT('',(349.45854811567,-70.,-48.00033833779));
#5658 = DIRECTION('',(-0.866025403784,0.,0.5));
#5659 = DIRECTION('',(0.5,0.,0.866025403784));
#5660 = DEFINITIONAL_REPRESENTATION('',(#5661),#5665);
#5661 = LINE('',#5662,#5663);
#5662 = CARTESIAN_POINT('',(8.952858103919,0.));
#5663 = VECTOR('',#5664,1.);
#5664 = DIRECTION('',(1.,0.));
#5665 = ( GEOMETRIC_REPRESENTATION_CONTEXT(2) 
PARAMETRIC_REPRESENTATION_CONTEXT() REPRESENTATION_CONTEXT('2D SPACE',''
  ) );
#5666 = ORIENTED_EDGE('',*,*,#5667,.F.);
#5667 = EDGE_CURVE('',#5668,#5640,#5670,.T.);
#5668 = VERTEX_POINT('',#5669);
#5669 = CARTESIAN_POINT('',(351.47927405783,-70.,-51.50033833779));
#5670 = SURFACE_CURVE('',#5671,(#5675,#5682),.PCURVE_S1.);
#5671 = LINE('',#5672,#5673);
#5672 = CARTESIAN_POINT('',(387.37784500587,-70.,-113.6784871389));
#5673 = VECTOR('',#5674,1.);
#5674 = DIRECTION('',(-0.5,0.,0.866025403784));
#5675 = PCURVE('',#2229,#5676);
#5676 = DEFINITIONAL_REPRESENTATION('',(#5677),#5681);
#5677 = LINE('',#5678,#5679);
#5678 = CARTESIAN_POINT('',(127.62215499412,9.221512861079));
#5679 = VECTOR('',#5680,1.);
#5680 = DIRECTION('',(0.5,0.866025403784));
#5681 = ( GEOMETRIC_REPRESENTATION_CONTEXT(2) 
PARAMETRIC_REPRESENTATION_CONTEXT() REPRESENTATION_CONTEXT('2D SPACE',''
  ) );
#5682 = PCURVE('',#5683,#5688);
#5683 = PLANE('',#5684);
#5684 = AXIS2_PLACEMENT_3D('',#5685,#5686,#5687);
#5685 = CARTESIAN_POINT('',(351.47927405783,-70.,-51.50033833779));
#5686 = DIRECTION('',(-0.866025403784,0.,-0.5));
#5687 = DIRECTION('',(-0.5,0.,0.866025403784));
#5688 = DEFINITIONAL_REPRESENTATION('',(#5689),#5693);
#5689 = LINE('',#5690,#5691);
#5690 = CARTESIAN_POINT('',(-71.79714189608,0.));
#5691 = VECTOR('',#5692,1.);
#5692 = DIRECTION('',(1.,0.));
#5693 = ( GEOMETRIC_REPRESENTATION_CONTEXT(2) 
PARAMETRIC_REPRESENTATION_CONTEXT() REPRESENTATION_CONTEXT('2D SPACE',''
  ) );
#5694 = ORIENTED_EDGE('',*,*,#5695,.F.);
#5695 = EDGE_CURVE('',#5556,#5668,#5696,.T.);
#5696 = SURFACE_CURVE('',#5697,(#5701,#5708),.PCURVE_S1.);
#5697 = LINE('',#5698,#5699);
#5698 = CARTESIAN_POINT('',(435.26036297108,-70.,-51.50033833779));
#5699 = VECTOR('',#5700,1.);
#5700 = DIRECTION('',(-1.,0.,4.4E-15));
#5701 = PCURVE('',#2229,#5702);
#5702 = DEFINITIONAL_REPRESENTATION('',(#5703),#5707);
#5703 = LINE('',#5704,#5705);
#5704 = CARTESIAN_POINT('',(79.739637028919,71.399661662201));
#5705 = VECTOR('',#5706,1.);
#5706 = DIRECTION('',(1.,4.4E-15));
#5707 = ( GEOMETRIC_REPRESENTATION_CONTEXT(2) 
PARAMETRIC_REPRESENTATION_CONTEXT() REPRESENTATION_CONTEXT('2D SPACE',''
  ) );
#5708 = PCURVE('',#5709,#5714);
#5709 = PLANE('',#5710);
#5710 = AXIS2_PLACEMENT_3D('',#5711,#5712,#5713);
#5711 = CARTESIAN_POINT('',(355.52072594216,-70.,-51.50033833779));
#5712 = DIRECTION('',(-4.4E-15,0.,-1.));
#5713 = DIRECTION('',(-1.,0.,4.4E-15));
#5714 = DEFINITIONAL_REPRESENTATION('',(#5715),#5719);
#5715 = LINE('',#5716,#5717);
#5716 = CARTESIAN_POINT('',(-79.73963702891,0.));
#5717 = VECTOR('',#5718,1.);
#5718 = DIRECTION('',(1.,0.));
#5719 = ( GEOMETRIC_REPRESENTATION_CONTEXT(2) 
PARAMETRIC_REPRESENTATION_CONTEXT() REPRESENTATION_CONTEXT('2D SPACE',''
  ) );
#5720 = ADVANCED_FACE('',(#5721),#2155,.F.);
#5721 = FACE_BOUND('',#5722,.F.);
#5722 = EDGE_LOOP('',(#5723,#5751,#5772,#5773));
#5723 = ORIENTED_EDGE('',*,*,#5724,.T.);
#5724 = EDGE_CURVE('',#3037,#5725,#5727,.T.);
#5725 = VERTEX_POINT('',#5726);
#5726 = CARTESIAN_POINT('',(426.85205857306,15.052293445648,14.5));
#5727 = SURFACE_CURVE('',#5728,(#5732,#5739),.PCURVE_S1.);
#5728 = LINE('',#5729,#5730);
#5729 = CARTESIAN_POINT('',(427.39748194627,14.402283181145,15.1));
#5730 = VECTOR('',#5731,1.);
#5731 = DIRECTION('',(-0.524833885572,0.625472668645,-0.57735026919));
#5732 = PCURVE('',#2155,#5733);
#5733 = DEFINITIONAL_REPRESENTATION('',(#5734),#5738);
#5734 = LINE('',#5735,#5736);
#5735 = CARTESIAN_POINT('',(67.1,-0.424264068712));
#5736 = VECTOR('',#5737,1.);
#5737 = DIRECTION('',(-0.57735026919,0.816496580928));
#5738 = ( GEOMETRIC_REPRESENTATION_CONTEXT(2) 
PARAMETRIC_REPRESENTATION_CONTEXT() REPRESENTATION_CONTEXT('2D SPACE',''
  ) );
#5739 = PCURVE('',#5740,#5745);
#5740 = PLANE('',#5741);
#5741 = AXIS2_PLACEMENT_3D('',#5742,#5743,#5744);
#5742 = CARTESIAN_POINT('',(404.99022668436,16.663809948557,14.8));
#5743 = DIRECTION('',(-6.162841671622E-02,-0.704416026403,
    -0.707106781187));
#5744 = DIRECTION('',(-0.996223440097,2.081668171172E-17,
    8.682659386425E-02));
#5745 = DEFINITIONAL_REPRESENTATION('',(#5746),#5750);
#5746 = LINE('',#5747,#5748);
#5747 = CARTESIAN_POINT('',(-22.29658494198,-3.186203323239));
#5748 = VECTOR('',#5749,1.);
#5749 = DIRECTION('',(0.472722461623,0.881211367537));
#5750 = ( GEOMETRIC_REPRESENTATION_CONTEXT(2) 
PARAMETRIC_REPRESENTATION_CONTEXT() REPRESENTATION_CONTEXT('2D SPACE',''
  ) );
#5751 = ORIENTED_EDGE('',*,*,#5752,.T.);
#5752 = EDGE_CURVE('',#5725,#2112,#5753,.T.);
#5753 = SURFACE_CURVE('',#5754,(#5758,#5765),.PCURVE_S1.);
#5754 = LINE('',#5755,#5756);
#5755 = CARTESIAN_POINT('',(426.85205857306,15.052293445648,-52.));
#5756 = VECTOR('',#5757,1.);
#5757 = DIRECTION('',(0.,0.,-1.));
#5758 = PCURVE('',#2155,#5759);
#5759 = DEFINITIONAL_REPRESENTATION('',(#5760),#5764);
#5760 = LINE('',#5761,#5762);
#5761 = CARTESIAN_POINT('',(0.,0.424264068712));
#5762 = VECTOR('',#5763,1.);
#5763 = DIRECTION('',(-1.,0.));
#5764 = ( GEOMETRIC_REPRESENTATION_CONTEXT(2) 
PARAMETRIC_REPRESENTATION_CONTEXT() REPRESENTATION_CONTEXT('2D SPACE',''
  ) );
#5765 = PCURVE('',#2127,#5766);
#5766 = DEFINITIONAL_REPRESENTATION('',(#5767),#5771);
#5767 = LINE('',#5768,#5769);
#5768 = CARTESIAN_POINT('',(-15.,93.603735701936));
#5769 = VECTOR('',#5770,1.);
#5770 = DIRECTION('',(-1.,0.));
#5771 = ( GEOMETRIC_REPRESENTATION_CONTEXT(2) 
PARAMETRIC_REPRESENTATION_CONTEXT() REPRESENTATION_CONTEXT('2D SPACE',''
  ) );
#5772 = ORIENTED_EDGE('',*,*,#2139,.T.);
#5773 = ORIENTED_EDGE('',*,*,#3059,.T.);
#5774 = ADVANCED_FACE('',(#5775,#5902,#5937),#2127,.T.);
#5775 = FACE_BOUND('',#5776,.T.);
#5776 = EDGE_LOOP('',(#5777,#5800,#5801,#5802,#5825,#5848,#5876));
#5777 = ORIENTED_EDGE('',*,*,#5778,.T.);
#5778 = EDGE_CURVE('',#5779,#5725,#5781,.T.);
#5779 = VERTEX_POINT('',#5780);
#5780 = CARTESIAN_POINT('',(412.94397841265,16.269092791094,14.5));
#5781 = SURFACE_CURVE('',#5782,(#5786,#5793),.PCURVE_S1.);
#5782 = LINE('',#5783,#5784);
#5783 = CARTESIAN_POINT('',(405.01637340718,16.962668357984,14.5));
#5784 = VECTOR('',#5785,1.);
#5785 = DIRECTION('',(0.996194698092,-8.715574274766E-02,0.));
#5786 = PCURVE('',#2127,#5787);
#5787 = DEFINITIONAL_REPRESENTATION('',(#5788),#5792);
#5788 = LINE('',#5789,#5790);
#5789 = CARTESIAN_POINT('',(51.5,71.684641766073));
#5790 = VECTOR('',#5791,1.);
#5791 = DIRECTION('',(0.,1.));
#5792 = ( GEOMETRIC_REPRESENTATION_CONTEXT(2) 
PARAMETRIC_REPRESENTATION_CONTEXT() REPRESENTATION_CONTEXT('2D SPACE',''
  ) );
#5793 = PCURVE('',#5740,#5794);
#5794 = DEFINITIONAL_REPRESENTATION('',(#5795),#5799);
#5795 = LINE('',#5796,#5797);
#5796 = CARTESIAN_POINT('',(-5.209595631822E-02,0.421053454249));
#5797 = VECTOR('',#5798,1.);
#5798 = DIRECTION('',(-0.992432509139,-0.122791346617));
#5799 = ( GEOMETRIC_REPRESENTATION_CONTEXT(2) 
PARAMETRIC_REPRESENTATION_CONTEXT() REPRESENTATION_CONTEXT('2D SPACE',''
  ) );
#5800 = ORIENTED_EDGE('',*,*,#5752,.T.);
#5801 = ORIENTED_EDGE('',*,*,#2111,.T.);
#5802 = ORIENTED_EDGE('',*,*,#5803,.T.);
#5803 = EDGE_CURVE('',#2084,#5804,#5806,.T.);
#5804 = VERTEX_POINT('',#5805);
#5805 = CARTESIAN_POINT('',(420.90582393248,15.572521567365,
    -45.14549418873));
#5806 = SURFACE_CURVE('',#5807,(#5811,#5818),.PCURVE_S1.);
#5807 = LINE('',#5808,#5809);
#5808 = CARTESIAN_POINT('',(412.62485727238,16.297012273159,
    -59.4885491798));
#5809 = VECTOR('',#5810,1.);
#5810 = DIRECTION('',(0.499522293842,-4.370253788967E-02,0.865197992448)
  );
#5811 = PCURVE('',#2127,#5812);
#5812 = DEFINITIONAL_REPRESENTATION('',(#5813),#5817);
#5813 = LINE('',#5814,#5815);
#5814 = CARTESIAN_POINT('',(-22.4885491798,79.322188803589));
#5815 = VECTOR('',#5816,1.);
#5816 = DIRECTION('',(0.865197992448,0.501430387854));
#5817 = ( GEOMETRIC_REPRESENTATION_CONTEXT(2) 
PARAMETRIC_REPRESENTATION_CONTEXT() REPRESENTATION_CONTEXT('2D SPACE',''
  ) );
#5818 = PCURVE('',#2099,#5819);
#5819 = DEFINITIONAL_REPRESENTATION('',(#5820),#5824);
#5820 = LINE('',#5821,#5822);
#5821 = CARTESIAN_POINT('',(16.561933320201,-86.29701227316));
#5822 = VECTOR('',#5823,1.);
#5823 = DIRECTION('',(-0.999044587685,4.370253788967E-02));
#5824 = ( GEOMETRIC_REPRESENTATION_CONTEXT(2) 
PARAMETRIC_REPRESENTATION_CONTEXT() REPRESENTATION_CONTEXT('2D SPACE',''
  ) );
#5825 = ORIENTED_EDGE('',*,*,#5826,.T.);
#5826 = EDGE_CURVE('',#5804,#5827,#5829,.T.);
#5827 = VERTEX_POINT('',#5828);
#5828 = CARTESIAN_POINT('',(408.31313932822,16.674238713595,
    -45.14549418873));
#5829 = SURFACE_CURVE('',#5830,(#5834,#5841),.PCURVE_S1.);
#5830 = LINE('',#5831,#5832);
#5831 = CARTESIAN_POINT('',(366.84247783904,20.302451462819,
    -45.14549418873));
#5832 = VECTOR('',#5833,1.);
#5833 = DIRECTION('',(-0.996194698092,8.715574274766E-02,-2.2E-16));
#5834 = PCURVE('',#2127,#5835);
#5835 = DEFINITIONAL_REPRESENTATION('',(#5836),#5840);
#5836 = LINE('',#5837,#5838);
#5837 = CARTESIAN_POINT('',(-8.145494188731,33.364928118465));
#5838 = VECTOR('',#5839,1.);
#5839 = DIRECTION('',(-2.2E-16,-1.));
#5840 = ( GEOMETRIC_REPRESENTATION_CONTEXT(2) 
PARAMETRIC_REPRESENTATION_CONTEXT() REPRESENTATION_CONTEXT('2D SPACE',''
  ) );
#5841 = PCURVE('',#4177,#5842);
#5842 = DEFINITIONAL_REPRESENTATION('',(#5843),#5847);
#5843 = LINE('',#5844,#5845);
#5844 = CARTESIAN_POINT('',(-25.59193593192,-90.30245146281));
#5845 = VECTOR('',#5846,1.);
#5846 = DIRECTION('',(-0.996194698092,-8.715574274766E-02));
#5847 = ( GEOMETRIC_REPRESENTATION_CONTEXT(2) 
PARAMETRIC_REPRESENTATION_CONTEXT() REPRESENTATION_CONTEXT('2D SPACE',''
  ) );
#5848 = ORIENTED_EDGE('',*,*,#5849,.T.);
#5849 = EDGE_CURVE('',#5827,#5850,#5852,.T.);
#5850 = VERTEX_POINT('',#5851);
#5851 = CARTESIAN_POINT('',(408.31313932822,16.674238713595,
    9.851471862576));
#5852 = SURFACE_CURVE('',#5853,(#5857,#5864),.PCURVE_S1.);
#5853 = LINE('',#5854,#5855);
#5854 = CARTESIAN_POINT('',(408.31313932822,16.674238713595,-52.));
#5855 = VECTOR('',#5856,1.);
#5856 = DIRECTION('',(0.,0.,1.));
#5857 = PCURVE('',#2127,#5858);
#5858 = DEFINITIONAL_REPRESENTATION('',(#5859),#5863);
#5859 = LINE('',#5860,#5861);
#5860 = CARTESIAN_POINT('',(-15.,74.994000797349));
#5861 = VECTOR('',#5862,1.);
#5862 = DIRECTION('',(1.,0.));
#5863 = ( GEOMETRIC_REPRESENTATION_CONTEXT(2) 
PARAMETRIC_REPRESENTATION_CONTEXT() REPRESENTATION_CONTEXT('2D SPACE',''
  ) );
#5864 = PCURVE('',#5865,#5870);
#5865 = PLANE('',#5866);
#5866 = AXIS2_PLACEMENT_3D('',#5867,#5868,#5869);
#5867 = CARTESIAN_POINT('',(407.98813419597,16.401527026991,-52.));
#5868 = DIRECTION('',(0.642787609686,-0.766044443119,0.));
#5869 = DIRECTION('',(0.,0.,-1.));
#5870 = DEFINITIONAL_REPRESENTATION('',(#5871),#5875);
#5871 = LINE('',#5872,#5873);
#5872 = CARTESIAN_POINT('',(0.,0.424264068711));
#5873 = VECTOR('',#5874,1.);
#5874 = DIRECTION('',(-1.,0.));
#5875 = ( GEOMETRIC_REPRESENTATION_CONTEXT(2) 
PARAMETRIC_REPRESENTATION_CONTEXT() REPRESENTATION_CONTEXT('2D SPACE',''
  ) );
#5876 = ORIENTED_EDGE('',*,*,#5877,.T.);
#5877 = EDGE_CURVE('',#5850,#5779,#5878,.T.);
#5878 = SURFACE_CURVE('',#5879,(#5883,#5890),.PCURVE_S1.);
#5879 = LINE('',#5880,#5881);
#5880 = CARTESIAN_POINT('',(379.12539563675,19.227835400498,
    -19.44776426804));
#5881 = VECTOR('',#5882,1.);
#5882 = DIRECTION('',(0.704416026403,-6.162841671622E-02,0.707106781187)
  );
#5883 = PCURVE('',#2127,#5884);
#5884 = DEFINITIONAL_REPRESENTATION('',(#5885),#5889);
#5885 = LINE('',#5886,#5887);
#5886 = CARTESIAN_POINT('',(17.552235731951,45.694764666724));
#5887 = VECTOR('',#5888,1.);
#5888 = DIRECTION('',(0.707106781187,0.707106781187));
#5889 = ( GEOMETRIC_REPRESENTATION_CONTEXT(2) 
PARAMETRIC_REPRESENTATION_CONTEXT() REPRESENTATION_CONTEXT('2D SPACE',''
  ) );
#5890 = PCURVE('',#5891,#5896);
#5891 = PLANE('',#5892);
#5892 = AXIS2_PLACEMENT_3D('',#5893,#5894,#5895);
#5893 = CARTESIAN_POINT('',(378.88792410601,18.947465516086,
    -19.23563223369));
#5894 = DIRECTION('',(0.43646893233,-0.747993897777,-0.5));
#5895 = DIRECTION('',(-0.753346057236,-3.053113317719E-16,
    -0.657624298553));
#5896 = DEFINITIONAL_REPRESENTATION('',(#5897),#5901);
#5897 = LINE('',#5898,#5899);
#5898 = CARTESIAN_POINT('',(-3.939506109856E-02,0.42243109398));
#5899 = VECTOR('',#5900,1.);
#5900 = DIRECTION('',(-0.995679637124,-9.28550494937E-02));
#5901 = ( GEOMETRIC_REPRESENTATION_CONTEXT(2) 
PARAMETRIC_REPRESENTATION_CONTEXT() REPRESENTATION_CONTEXT('2D SPACE',''
  ) );
#5902 = FACE_BOUND('',#5903,.T.);
#5903 = EDGE_LOOP('',(#5904));
#5904 = ORIENTED_EDGE('',*,*,#5905,.T.);
#5905 = EDGE_CURVE('',#5906,#5906,#5908,.T.);
#5906 = VERTEX_POINT('',#5907);
#5907 = CARTESIAN_POINT('',(420.87004145434,15.575652128554,-37.));
#5908 = SURFACE_CURVE('',#5909,(#5914,#5925),.PCURVE_S1.);
#5909 = CIRCLE('',#5910,3.3);
#5910 = AXIS2_PLACEMENT_3D('',#5911,#5912,#5913);
#5911 = CARTESIAN_POINT('',(417.58259895064,15.863266079622,-37.));
#5912 = DIRECTION('',(-8.715574274766E-02,-0.996194698092,-0.));
#5913 = DIRECTION('',(-0.996194698092,8.715574274766E-02,0.));
#5914 = PCURVE('',#2127,#5915);
#5915 = DEFINITIONAL_REPRESENTATION('',(#5916),#5924);
#5916 = ( BOUNDED_CURVE() B_SPLINE_CURVE(2,(#5917,#5918,#5919,#5920,
#5921,#5922,#5923),.UNSPECIFIED.,.T.,.F.) B_SPLINE_CURVE_WITH_KNOTS((1,2
    ,2,2,2,1),(-2.094395102393,0.,2.094395102393,4.188790204786,
6.28318530718,8.377580409573),.UNSPECIFIED.) CURVE() 
GEOMETRIC_REPRESENTATION_ITEM() RATIONAL_B_SPLINE_CURVE((1.,0.5,1.,0.5,
1.,0.5,1.)) REPRESENTATION_ITEM('') );
#5917 = CARTESIAN_POINT('',(0.,80.998868249643));
#5918 = CARTESIAN_POINT('',(-5.715767664977,80.998868249643));
#5919 = CARTESIAN_POINT('',(-2.857883832489,85.948868249643));
#5920 = CARTESIAN_POINT('',(-8.082668874373E-16,90.898868249643));
#5921 = CARTESIAN_POINT('',(2.857883832489,85.948868249643));
#5922 = CARTESIAN_POINT('',(5.715767664977,80.998868249643));
#5923 = CARTESIAN_POINT('',(0.,80.998868249643));
#5924 = ( GEOMETRIC_REPRESENTATION_CONTEXT(2) 
PARAMETRIC_REPRESENTATION_CONTEXT() REPRESENTATION_CONTEXT('2D SPACE',''
  ) );
#5925 = PCURVE('',#5926,#5931);
#5926 = CONICAL_SURFACE('',#5927,3.,0.785398163397);
#5927 = AXIS2_PLACEMENT_3D('',#5928,#5929,#5930);
#5928 = CARTESIAN_POINT('',(417.55645222782,15.564407670194,-37.));
#5929 = DIRECTION('',(8.715574274767E-02,0.996194698092,0.));
#5930 = DIRECTION('',(-0.996194698092,8.715574274767E-02,0.));
#5931 = DEFINITIONAL_REPRESENTATION('',(#5932),#5936);
#5932 = LINE('',#5933,#5934);
#5933 = CARTESIAN_POINT('',(6.28318530718,0.3));
#5934 = VECTOR('',#5935,1.);
#5935 = DIRECTION('',(-1.,0.));
#5936 = ( GEOMETRIC_REPRESENTATION_CONTEXT(2) 
PARAMETRIC_REPRESENTATION_CONTEXT() REPRESENTATION_CONTEXT('2D SPACE',''
  ) );
#5937 = FACE_BOUND('',#5938,.T.);
#5938 = EDGE_LOOP('',(#5939));
#5939 = ORIENTED_EDGE('',*,*,#5940,.T.);
#5940 = EDGE_CURVE('',#5941,#5941,#5943,.T.);
#5941 = VERTEX_POINT('',#5942);
#5942 = CARTESIAN_POINT('',(420.87004145434,15.575652128554,
    9.851471862576));
#5943 = SURFACE_CURVE('',#5944,(#5949,#5960),.PCURVE_S1.);
#5944 = CIRCLE('',#5945,3.3);
#5945 = AXIS2_PLACEMENT_3D('',#5946,#5947,#5948);
#5946 = CARTESIAN_POINT('',(417.58259895064,15.863266079622,
    9.851471862576));
#5947 = DIRECTION('',(-8.715574274766E-02,-0.996194698092,-0.));
#5948 = DIRECTION('',(-0.996194698092,8.715574274766E-02,0.));
#5949 = PCURVE('',#2127,#5950);
#5950 = DEFINITIONAL_REPRESENTATION('',(#5951),#5959);
#5951 = ( BOUNDED_CURVE() B_SPLINE_CURVE(2,(#5952,#5953,#5954,#5955,
#5956,#5957,#5958),.UNSPECIFIED.,.T.,.F.) B_SPLINE_CURVE_WITH_KNOTS((1,2
    ,2,2,2,1),(-2.094395102393,0.,2.094395102393,4.188790204786,
6.28318530718,8.377580409573),.UNSPECIFIED.) CURVE() 
GEOMETRIC_REPRESENTATION_ITEM() RATIONAL_B_SPLINE_CURVE((1.,0.5,1.,0.5,
1.,0.5,1.)) REPRESENTATION_ITEM('') );
#5952 = CARTESIAN_POINT('',(46.851471862576,80.998868249643));
#5953 = CARTESIAN_POINT('',(41.135704197599,80.998868249643));
#5954 = CARTESIAN_POINT('',(43.993588030088,85.948868249643));
#5955 = CARTESIAN_POINT('',(46.851471862576,90.898868249643));
#5956 = CARTESIAN_POINT('',(49.709355695065,85.948868249643));
#5957 = CARTESIAN_POINT('',(52.567239527553,80.998868249643));
#5958 = CARTESIAN_POINT('',(46.851471862576,80.998868249643));
#5959 = ( GEOMETRIC_REPRESENTATION_CONTEXT(2) 
PARAMETRIC_REPRESENTATION_CONTEXT() REPRESENTATION_CONTEXT('2D SPACE',''
  ) );
#5960 = PCURVE('',#5961,#5966);
#5961 = CONICAL_SURFACE('',#5962,3.,0.785398163397);
#5962 = AXIS2_PLACEMENT_3D('',#5963,#5964,#5965);
#5963 = CARTESIAN_POINT('',(417.55645222782,15.564407670194,
    9.851471862576));
#5964 = DIRECTION('',(8.715574274767E-02,0.996194698092,0.));
#5965 = DIRECTION('',(-0.996194698092,8.715574274767E-02,0.));
#5966 = DEFINITIONAL_REPRESENTATION('',(#5967),#5971);
#5967 = LINE('',#5968,#5969);
#5968 = CARTESIAN_POINT('',(6.28318530718,0.3));
#5969 = VECTOR('',#5970,1.);
#5970 = DIRECTION('',(-1.,0.));
#5971 = ( GEOMETRIC_REPRESENTATION_CONTEXT(2) 
PARAMETRIC_REPRESENTATION_CONTEXT() REPRESENTATION_CONTEXT('2D SPACE',''
  ) );
#5972 = ADVANCED_FACE('',(#5973),#2099,.T.);
#5973 = FACE_BOUND('',#5974,.T.);
#5974 = EDGE_LOOP('',(#5975,#5976,#5997,#5998));
#5975 = ORIENTED_EDGE('',*,*,#4138,.T.);
#5976 = ORIENTED_EDGE('',*,*,#5977,.T.);
#5977 = EDGE_CURVE('',#4139,#5804,#5978,.T.);
#5978 = SURFACE_CURVE('',#5979,(#5983,#5990),.PCURVE_S1.);
#5979 = LINE('',#5980,#5981);
#5980 = CARTESIAN_POINT('',(420.90582393248,-70.,-45.14549418873));
#5981 = VECTOR('',#5982,1.);
#5982 = DIRECTION('',(0.,1.,0.));
#5983 = PCURVE('',#2099,#5984);
#5984 = DEFINITIONAL_REPRESENTATION('',(#5985),#5989);
#5985 = LINE('',#5986,#5987);
#5986 = CARTESIAN_POINT('',(-0.,0.));
#5987 = VECTOR('',#5988,1.);
#5988 = DIRECTION('',(-1.1E-16,-1.));
#5989 = ( GEOMETRIC_REPRESENTATION_CONTEXT(2) 
PARAMETRIC_REPRESENTATION_CONTEXT() REPRESENTATION_CONTEXT('2D SPACE',''
  ) );
#5990 = PCURVE('',#4177,#5991);
#5991 = DEFINITIONAL_REPRESENTATION('',(#5992),#5996);
#5992 = LINE('',#5993,#5994);
#5993 = CARTESIAN_POINT('',(28.471410161514,-7.947144479669E-15));
#5994 = VECTOR('',#5995,1.);
#5995 = DIRECTION('',(2.2E-16,-1.));
#5996 = ( GEOMETRIC_REPRESENTATION_CONTEXT(2) 
PARAMETRIC_REPRESENTATION_CONTEXT() REPRESENTATION_CONTEXT('2D SPACE',''
  ) );
#5997 = ORIENTED_EDGE('',*,*,#5803,.F.);
#5998 = ORIENTED_EDGE('',*,*,#2083,.F.);
#5999 = ADVANCED_FACE('',(#6000),#2339,.F.);
#6000 = FACE_BOUND('',#6001,.F.);
#6001 = EDGE_LOOP('',(#6002,#6025,#6056,#6057));
#6002 = ORIENTED_EDGE('',*,*,#6003,.T.);
#6003 = EDGE_CURVE('',#2319,#6004,#6006,.T.);
#6004 = VERTEX_POINT('',#6005);
#6005 = CARTESIAN_POINT('',(410.42831972217,-47.92123602775,-10.5));
#6006 = SEAM_CURVE('',#6007,(#6011,#6018),.PCURVE_S1.);
#6007 = LINE('',#6008,#6009);
#6008 = CARTESIAN_POINT('',(437.32557657065,-50.27444108194,-10.5));
#6009 = VECTOR('',#6010,1.);
#6010 = DIRECTION('',(-0.996194698092,8.715574274766E-02,0.));
#6011 = PCURVE('',#2339,#6012);
#6012 = DEFINITIONAL_REPRESENTATION('',(#6013),#6017);
#6013 = LINE('',#6014,#6015);
#6014 = CARTESIAN_POINT('',(3.14159265359,8.864E-13));
#6015 = VECTOR('',#6016,1.);
#6016 = DIRECTION('',(0.,1.));
#6017 = ( GEOMETRIC_REPRESENTATION_CONTEXT(2) 
PARAMETRIC_REPRESENTATION_CONTEXT() REPRESENTATION_CONTEXT('2D SPACE',''
  ) );
#6018 = PCURVE('',#2339,#6019);
#6019 = DEFINITIONAL_REPRESENTATION('',(#6020),#6024);
#6020 = LINE('',#6021,#6022);
#6021 = CARTESIAN_POINT('',(-3.14159265359,8.864E-13));
#6022 = VECTOR('',#6023,1.);
#6023 = DIRECTION('',(0.,1.));
#6024 = ( GEOMETRIC_REPRESENTATION_CONTEXT(2) 
PARAMETRIC_REPRESENTATION_CONTEXT() REPRESENTATION_CONTEXT('2D SPACE',''
  ) );
#6025 = ORIENTED_EDGE('',*,*,#6026,.F.);
#6026 = EDGE_CURVE('',#6004,#6004,#6027,.T.);
#6027 = SURFACE_CURVE('',#6028,(#6033,#6040),.PCURVE_S1.);
#6028 = CIRCLE('',#6029,1.85);
#6029 = AXIS2_PLACEMENT_3D('',#6030,#6031,#6032);
#6030 = CARTESIAN_POINT('',(410.58955784626,-46.07827583628,-10.5));
#6031 = DIRECTION('',(-0.996194698092,8.715574274766E-02,0.));
#6032 = DIRECTION('',(8.715574274766E-02,0.996194698092,0.));
#6033 = PCURVE('',#2339,#6034);
#6034 = DEFINITIONAL_REPRESENTATION('',(#6035),#6039);
#6035 = LINE('',#6036,#6037);
#6036 = CARTESIAN_POINT('',(-6.28318530718,27.));
#6037 = VECTOR('',#6038,1.);
#6038 = DIRECTION('',(1.,0.));
#6039 = ( GEOMETRIC_REPRESENTATION_CONTEXT(2) 
PARAMETRIC_REPRESENTATION_CONTEXT() REPRESENTATION_CONTEXT('2D SPACE',''
  ) );
#6040 = PCURVE('',#6041,#6046);
#6041 = PLANE('',#6042);
#6042 = AXIS2_PLACEMENT_3D('',#6043,#6044,#6045);
#6043 = CARTESIAN_POINT('',(410.58955784626,-46.07827583628,-10.5));
#6044 = DIRECTION('',(0.996194698092,-8.715574274766E-02,0.));
#6045 = DIRECTION('',(8.715574274766E-02,0.996194698092,0.));
#6046 = DEFINITIONAL_REPRESENTATION('',(#6047),#6055);
#6047 = ( BOUNDED_CURVE() B_SPLINE_CURVE(2,(#6048,#6049,#6050,#6051,
#6052,#6053,#6054),.UNSPECIFIED.,.T.,.F.) B_SPLINE_CURVE_WITH_KNOTS((1,2
    ,2,2,2,1),(-2.094395102393,0.,2.094395102393,4.188790204786,
6.28318530718,8.377580409573),.UNSPECIFIED.) CURVE() 
GEOMETRIC_REPRESENTATION_ITEM() RATIONAL_B_SPLINE_CURVE((1.,0.5,1.,0.5,
1.,0.5,1.)) REPRESENTATION_ITEM('') );
#6048 = CARTESIAN_POINT('',(1.85,0.));
#6049 = CARTESIAN_POINT('',(1.85,-3.204293994002));
#6050 = CARTESIAN_POINT('',(-0.925,-1.602146997001));
#6051 = CARTESIAN_POINT('',(-3.7,-4.531193156845E-16));
#6052 = CARTESIAN_POINT('',(-0.925,1.602146997001));
#6053 = CARTESIAN_POINT('',(1.85,3.204293994002));
#6054 = CARTESIAN_POINT('',(1.85,0.));
#6055 = ( GEOMETRIC_REPRESENTATION_CONTEXT(2) 
PARAMETRIC_REPRESENTATION_CONTEXT() REPRESENTATION_CONTEXT('2D SPACE',''
  ) );
#6056 = ORIENTED_EDGE('',*,*,#6003,.F.);
#6057 = ORIENTED_EDGE('',*,*,#2318,.F.);
#6058 = ADVANCED_FACE('',(#6059),#2398,.F.);
#6059 = FACE_BOUND('',#6060,.F.);
#6060 = EDGE_LOOP('',(#6061,#6062,#6063,#6083,#6084,#6085,#6086,#6087));
#6061 = ORIENTED_EDGE('',*,*,#2432,.F.);
#6062 = ORIENTED_EDGE('',*,*,#2375,.F.);
#6063 = ORIENTED_EDGE('',*,*,#6064,.T.);
#6064 = EDGE_CURVE('',#2376,#4610,#6065,.T.);
#6065 = SEAM_CURVE('',#6066,(#6069,#6076),.PCURVE_S1.);
#6066 = B_SPLINE_CURVE_WITH_KNOTS('',1,(#6067,#6068),.UNSPECIFIED.,.F.,
  .F.,(2,2),(5.039275438222,12.259419475013),.PIECEWISE_BEZIER_KNOTS.);
#6067 = CARTESIAN_POINT('',(431.00354996615,-64.71633448674,-10.5));
#6068 = CARTESIAN_POINT('',(423.81088075724,-64.08705747047,-10.5));
#6069 = PCURVE('',#2398,#6070);
#6070 = DEFINITIONAL_REPRESENTATION('',(#6071),#6075);
#6071 = LINE('',#6072,#6073);
#6072 = CARTESIAN_POINT('',(9.424777960769,0.));
#6073 = VECTOR('',#6074,1.);
#6074 = DIRECTION('',(0.,1.));
#6075 = ( GEOMETRIC_REPRESENTATION_CONTEXT(2) 
PARAMETRIC_REPRESENTATION_CONTEXT() REPRESENTATION_CONTEXT('2D SPACE',''
  ) );
#6076 = PCURVE('',#2398,#6077);
#6077 = DEFINITIONAL_REPRESENTATION('',(#6078),#6082);
#6078 = LINE('',#6079,#6080);
#6079 = CARTESIAN_POINT('',(3.14159265359,0.));
#6080 = VECTOR('',#6081,1.);
#6081 = DIRECTION('',(0.,1.));
#6082 = ( GEOMETRIC_REPRESENTATION_CONTEXT(2) 
PARAMETRIC_REPRESENTATION_CONTEXT() REPRESENTATION_CONTEXT('2D SPACE',''
  ) );
#6083 = ORIENTED_EDGE('',*,*,#4659,.T.);
#6084 = ORIENTED_EDGE('',*,*,#4557,.T.);
#6085 = ORIENTED_EDGE('',*,*,#4609,.T.);
#6086 = ORIENTED_EDGE('',*,*,#6064,.F.);
#6087 = ORIENTED_EDGE('',*,*,#2482,.F.);
#6088 = ADVANCED_FACE('',(#6089,#6115,#6246),#2597,.T.);
#6089 = FACE_BOUND('',#6090,.T.);
#6090 = EDGE_LOOP('',(#6091,#6092,#6093,#6094));
#6091 = ORIENTED_EDGE('',*,*,#2581,.T.);
#6092 = ORIENTED_EDGE('',*,*,#2692,.T.);
#6093 = ORIENTED_EDGE('',*,*,#2742,.F.);
#6094 = ORIENTED_EDGE('',*,*,#6095,.T.);
#6095 = EDGE_CURVE('',#2719,#2582,#6096,.T.);
#6096 = SURFACE_CURVE('',#6097,(#6101,#6108),.PCURVE_S1.);
#6097 = LINE('',#6098,#6099);
#6098 = CARTESIAN_POINT('',(444.35543436296,-48.34811560318,58.7));
#6099 = VECTOR('',#6100,1.);
#6100 = DIRECTION('',(0.,0.,-1.));
#6101 = PCURVE('',#2597,#6102);
#6102 = DEFINITIONAL_REPRESENTATION('',(#6103),#6107);
#6103 = LINE('',#6104,#6105);
#6104 = CARTESIAN_POINT('',(4.546869761222,0.2));
#6105 = VECTOR('',#6106,1.);
#6106 = DIRECTION('',(-0.,1.));
#6107 = ( GEOMETRIC_REPRESENTATION_CONTEXT(2) 
PARAMETRIC_REPRESENTATION_CONTEXT() REPRESENTATION_CONTEXT('2D SPACE',''
  ) );
#6108 = PCURVE('',#2626,#6109);
#6109 = DEFINITIONAL_REPRESENTATION('',(#6110),#6114);
#6110 = LINE('',#6111,#6112);
#6111 = CARTESIAN_POINT('',(-0.402030027159,0.));
#6112 = VECTOR('',#6113,1.);
#6113 = DIRECTION('',(0.,-1.));
#6114 = ( GEOMETRIC_REPRESENTATION_CONTEXT(2) 
PARAMETRIC_REPRESENTATION_CONTEXT() REPRESENTATION_CONTEXT('2D SPACE',''
  ) );
#6115 = FACE_BOUND('',#6116,.T.);
#6116 = EDGE_LOOP('',(#6117,#6147,#6175,#6203));
#6117 = ORIENTED_EDGE('',*,*,#6118,.T.);
#6118 = EDGE_CURVE('',#6119,#6121,#6123,.T.);
#6119 = VERTEX_POINT('',#6120);
#6120 = CARTESIAN_POINT('',(444.70354996615,-48.,48.216045898969));
#6121 = VERTEX_POINT('',#6122);
#6122 = CARTESIAN_POINT('',(444.70354996615,-48.,49.991875693027));
#6123 = SURFACE_CURVE('',#6124,(#6128,#6135),.PCURVE_S1.);
#6124 = LINE('',#6125,#6126);
#6125 = CARTESIAN_POINT('',(444.70354996615,-48.,54.445937846514));
#6126 = VECTOR('',#6127,1.);
#6127 = DIRECTION('',(0.,0.,1.));
#6128 = PCURVE('',#2597,#6129);
#6129 = DEFINITIONAL_REPRESENTATION('',(#6130),#6134);
#6130 = LINE('',#6131,#6132);
#6131 = CARTESIAN_POINT('',(4.054559953921,4.454062153486));
#6132 = VECTOR('',#6133,1.);
#6133 = DIRECTION('',(0.,-1.));
#6134 = ( GEOMETRIC_REPRESENTATION_CONTEXT(2) 
PARAMETRIC_REPRESENTATION_CONTEXT() REPRESENTATION_CONTEXT('2D SPACE',''
  ) );
#6135 = PCURVE('',#6136,#6141);
#6136 = PLANE('',#6137);
#6137 = AXIS2_PLACEMENT_3D('',#6138,#6139,#6140);
#6138 = CARTESIAN_POINT('',(433.24181347266,-48.,49.991875693027));
#6139 = DIRECTION('',(0.,-1.,0.));
#6140 = DIRECTION('',(4.83E-15,0.,-1.));
#6141 = DEFINITIONAL_REPRESENTATION('',(#6142),#6146);
#6142 = LINE('',#6143,#6144);
#6143 = CARTESIAN_POINT('',(-4.454062153486,11.461736493487));
#6144 = VECTOR('',#6145,1.);
#6145 = DIRECTION('',(-1.,4.83E-15));
#6146 = ( GEOMETRIC_REPRESENTATION_CONTEXT(2) 
PARAMETRIC_REPRESENTATION_CONTEXT() REPRESENTATION_CONTEXT('2D SPACE',''
  ) );
#6147 = ORIENTED_EDGE('',*,*,#6148,.T.);
#6148 = EDGE_CURVE('',#6121,#6149,#6151,.T.);
#6149 = VERTEX_POINT('',#6150);
#6150 = CARTESIAN_POINT('',(444.74181347266,-47.96173649348,
    49.991875693027));
#6151 = SURFACE_CURVE('',#6152,(#6156,#6163),.PCURVE_S1.);
#6152 = LINE('',#6153,#6154);
#6153 = CARTESIAN_POINT('',(445.27161926185,-47.4319307043,
    49.991875693027));
#6154 = VECTOR('',#6155,1.);
#6155 = DIRECTION('',(0.707106781187,0.707106781187,3.28E-15));
#6156 = PCURVE('',#2597,#6157);
#6157 = DEFINITIONAL_REPRESENTATION('',(#6158),#6162);
#6158 = LINE('',#6159,#6160);
#6159 = CARTESIAN_POINT('',(3.251188651574,8.908124306973));
#6160 = VECTOR('',#6161,1.);
#6161 = DIRECTION('',(-1.,-3.28E-15));
#6162 = ( GEOMETRIC_REPRESENTATION_CONTEXT(2) 
PARAMETRIC_REPRESENTATION_CONTEXT() REPRESENTATION_CONTEXT('2D SPACE',''
  ) );
#6163 = PCURVE('',#6164,#6169);
#6164 = PLANE('',#6165);
#6165 = AXIS2_PLACEMENT_3D('',#6166,#6167,#6168);
#6166 = CARTESIAN_POINT('',(433.24181347266,-40.,49.991875693027));
#6167 = DIRECTION('',(-4.63E-15,0.,1.));
#6168 = DIRECTION('',(0.,-1.,0.));
#6169 = DEFINITIONAL_REPRESENTATION('',(#6170),#6174);
#6170 = LINE('',#6171,#6172);
#6171 = CARTESIAN_POINT('',(7.431930704299,12.029805789187));
#6172 = VECTOR('',#6173,1.);
#6173 = DIRECTION('',(-0.707106781187,0.707106781187));
#6174 = ( GEOMETRIC_REPRESENTATION_CONTEXT(2) 
PARAMETRIC_REPRESENTATION_CONTEXT() REPRESENTATION_CONTEXT('2D SPACE',''
  ) );
#6175 = ORIENTED_EDGE('',*,*,#6176,.T.);
#6176 = EDGE_CURVE('',#6149,#6177,#6179,.T.);
#6177 = VERTEX_POINT('',#6178);
#6178 = CARTESIAN_POINT('',(444.74181347246,-47.9617364941,
    48.236994479744));
#6179 = SURFACE_CURVE('',#6180,(#6184,#6191),.PCURVE_S1.);
#6180 = LINE('',#6181,#6182);
#6181 = CARTESIAN_POINT('',(444.74181347266,-47.96173649348,
    54.445937846514));
#6182 = VECTOR('',#6183,1.);
#6183 = DIRECTION('',(4.83E-15,4.83E-15,-1.));
#6184 = PCURVE('',#2597,#6185);
#6185 = DEFINITIONAL_REPRESENTATION('',(#6186),#6190);
#6186 = LINE('',#6187,#6188);
#6187 = CARTESIAN_POINT('',(4.000447184066,4.454062153486));
#6188 = VECTOR('',#6189,1.);
#6189 = DIRECTION('',(-6.830651506262E-15,1.));
#6190 = ( GEOMETRIC_REPRESENTATION_CONTEXT(2) 
PARAMETRIC_REPRESENTATION_CONTEXT() REPRESENTATION_CONTEXT('2D SPACE',''
  ) );
#6191 = PCURVE('',#6192,#6197);
#6192 = PLANE('',#6193);
#6193 = AXIS2_PLACEMENT_3D('',#6194,#6195,#6196);
#6194 = CARTESIAN_POINT('',(444.74181347266,-40.,49.991875693027));
#6195 = DIRECTION('',(-1.,0.,-4.83E-15));
#6196 = DIRECTION('',(4.83E-15,0.,-1.));
#6197 = DEFINITIONAL_REPRESENTATION('',(#6198),#6202);
#6198 = LINE('',#6199,#6200);
#6199 = CARTESIAN_POINT('',(-4.454062153486,7.961736493487));
#6200 = VECTOR('',#6201,1.);
#6201 = DIRECTION('',(1.,-4.83E-15));
#6202 = ( GEOMETRIC_REPRESENTATION_CONTEXT(2) 
PARAMETRIC_REPRESENTATION_CONTEXT() REPRESENTATION_CONTEXT('2D SPACE',''
  ) );
#6203 = ORIENTED_EDGE('',*,*,#6204,.T.);
#6204 = EDGE_CURVE('',#6177,#6119,#6205,.T.);
#6205 = SURFACE_CURVE('',#6206,(#6211,#6219),.PCURVE_S1.);
#6206 = B_SPLINE_CURVE_WITH_KNOTS('',3,(#6207,#6208,#6209,#6210),
  .UNSPECIFIED.,.F.,.F.,(4,4),(0.,5.802607952011E-03),
  .PIECEWISE_BEZIER_KNOTS.);
#6207 = CARTESIAN_POINT('',(444.74181347266,-47.96173649348,
    48.236994480193));
#6208 = CARTESIAN_POINT('',(444.72905101855,-47.9744989476,
    48.230040810715));
#6209 = CARTESIAN_POINT('',(444.71629642796,-47.98725353819,
    48.22305798886));
#6210 = CARTESIAN_POINT('',(444.70354996615,-48.,48.216045898969));
#6211 = PCURVE('',#2597,#6212);
#6212 = DEFINITIONAL_REPRESENTATION('',(#6213),#6218);
#6213 = B_SPLINE_CURVE_WITH_KNOTS('',3,(#6214,#6215,#6216,#6217),
  .UNSPECIFIED.,.F.,.F.,(4,4),(0.,5.802607952011E-03),
  .PIECEWISE_BEZIER_KNOTS.);
#6214 = CARTESIAN_POINT('',(4.000447184066,10.663005519806));
#6215 = CARTESIAN_POINT('',(4.018496019767,10.669959189285));
#6216 = CARTESIAN_POINT('',(4.036533734758,10.67694201114));
#6217 = CARTESIAN_POINT('',(4.054559953921,10.683954101031));
#6218 = ( GEOMETRIC_REPRESENTATION_CONTEXT(2) 
PARAMETRIC_REPRESENTATION_CONTEXT() REPRESENTATION_CONTEXT('2D SPACE',''
  ) );
#6219 = PCURVE('',#6220,#6241);
#6220 = B_SPLINE_SURFACE_WITH_KNOTS('',3,1,(
    (#6221,#6222)
    ,(#6223,#6224)
    ,(#6225,#6226)
    ,(#6227,#6228)
    ,(#6229,#6230)
    ,(#6231,#6232)
    ,(#6233,#6234)
    ,(#6235,#6236)
    ,(#6237,#6238)
    ,(#6239,#6240
    )),.UNSPECIFIED.,.F.,.F.,.F.,(4,2,2,2,4),(2,2),(-6.927594318265,
    -6.919679603594,-6.726892474924,-6.401589316534,-6.151464638597),(0.
    ,1.15),.UNSPECIFIED.);
#6221 = CARTESIAN_POINT('',(433.24181347266,-48.,48.216045898969));
#6222 = CARTESIAN_POINT('',(444.74181347266,-48.,48.216045898969));
#6223 = CARTESIAN_POINT('',(433.24181347266,-47.97479211509,
    48.229913273114));
#6224 = CARTESIAN_POINT('',(444.74181347266,-47.97479211509,
    48.229913273114));
#6225 = CARTESIAN_POINT('',(433.24181347266,-47.94952317805,
    48.243682263677));
#6226 = CARTESIAN_POINT('',(444.74181347266,-47.94952317805,
    48.243682263677));
#6227 = CARTESIAN_POINT('',(433.24181347266,-47.30732428513,
    48.590305846423));
#6228 = CARTESIAN_POINT('',(444.74181347266,-47.30732428513,
    48.590305846423));
#6229 = CARTESIAN_POINT('',(433.24181347266,-46.65559567454,
    48.861420788055));
#6230 = CARTESIAN_POINT('',(444.74181347266,-46.65559567454,
    48.861420788055));
#6231 = CARTESIAN_POINT('',(433.24181347266,-45.01990959187,
    49.415449859184));
#6232 = CARTESIAN_POINT('',(444.74181347266,-45.01990959187,
    49.415449859184));
#6233 = CARTESIAN_POINT('',(433.24181347266,-43.86042091951,
    49.664213695195));
#6234 = CARTESIAN_POINT('',(444.74181347266,-43.86042091951,
    49.664213695195));
#6235 = CARTESIAN_POINT('',(433.24181347266,-41.78038434927,
    49.920657837345));
#6236 = CARTESIAN_POINT('',(444.74181347266,-41.78038434927,
    49.920657837345));
#6237 = CARTESIAN_POINT('',(433.24181347266,-40.86686867977,
    49.973782617053));
#6238 = CARTESIAN_POINT('',(444.74181347266,-40.86686867977,
    49.973782617053));
#6239 = CARTESIAN_POINT('',(433.24181347266,-40.,49.991875693027));
#6240 = CARTESIAN_POINT('',(444.74181347266,-40.,49.991875693027));
#6241 = DEFINITIONAL_REPRESENTATION('',(#6242),#6245);
#6242 = B_SPLINE_CURVE_WITH_KNOTS('',1,(#6243,#6244),.UNSPECIFIED.,.F.,
  .F.,(2,2),(0.,5.802607952011E-03),.PIECEWISE_BEZIER_KNOTS.);
#6243 = CARTESIAN_POINT('',(-6.923594519796,1.15));
#6244 = CARTESIAN_POINT('',(-6.927594318265,1.146173649349));
#6245 = ( GEOMETRIC_REPRESENTATION_CONTEXT(2) 
PARAMETRIC_REPRESENTATION_CONTEXT() REPRESENTATION_CONTEXT('2D SPACE',''
  ) );
#6246 = FACE_BOUND('',#6247,.T.);
#6247 = EDGE_LOOP('',(#6248,#6278,#6306,#6351));
#6248 = ORIENTED_EDGE('',*,*,#6249,.T.);
#6249 = EDGE_CURVE('',#6250,#6252,#6254,.T.);
#6250 = VERTEX_POINT('',#6251);
#6251 = CARTESIAN_POINT('',(444.74181347266,-47.96173649348,
    20.59122532399));
#6252 = VERTEX_POINT('',#6253);
#6253 = CARTESIAN_POINT('',(444.70354996615,-48.,20.59122532399));
#6254 = SURFACE_CURVE('',#6255,(#6259,#6266),.PCURVE_S1.);
#6255 = LINE('',#6256,#6257);
#6256 = CARTESIAN_POINT('',(443.27161926185,-49.4319307043,
    20.59122532399));
#6257 = VECTOR('',#6258,1.);
#6258 = DIRECTION('',(-0.707106781187,-0.707106781187,-3.55E-15));
#6259 = PCURVE('',#2597,#6260);
#6260 = DEFINITIONAL_REPRESENTATION('',(#6261),#6265);
#6261 = LINE('',#6262,#6263);
#6262 = CARTESIAN_POINT('',(6.079615776319,38.30877467601));
#6263 = VECTOR('',#6264,1.);
#6264 = DIRECTION('',(1.,3.55E-15));
#6265 = ( GEOMETRIC_REPRESENTATION_CONTEXT(2) 
PARAMETRIC_REPRESENTATION_CONTEXT() REPRESENTATION_CONTEXT('2D SPACE',''
  ) );
#6266 = PCURVE('',#6267,#6272);
#6267 = PLANE('',#6268);
#6268 = AXIS2_PLACEMENT_3D('',#6269,#6270,#6271);
#6269 = CARTESIAN_POINT('',(433.24181347266,-48.,20.59122532399));
#6270 = DIRECTION('',(5.02E-15,0.,-1.));
#6271 = DIRECTION('',(0.,1.,0.));
#6272 = DEFINITIONAL_REPRESENTATION('',(#6273),#6277);
#6273 = LINE('',#6274,#6275);
#6274 = CARTESIAN_POINT('',(-1.431930704299,10.029805789188));
#6275 = VECTOR('',#6276,1.);
#6276 = DIRECTION('',(-0.707106781187,-0.707106781187));
#6277 = ( GEOMETRIC_REPRESENTATION_CONTEXT(2) 
PARAMETRIC_REPRESENTATION_CONTEXT() REPRESENTATION_CONTEXT('2D SPACE',''
  ) );
#6278 = ORIENTED_EDGE('',*,*,#6279,.T.);
#6279 = EDGE_CURVE('',#6252,#6280,#6282,.T.);
#6280 = VERTEX_POINT('',#6281);
#6281 = CARTESIAN_POINT('',(444.70354996615,-48.,22.367055118048));
#6282 = SURFACE_CURVE('',#6283,(#6287,#6294),.PCURVE_S1.);
#6283 = LINE('',#6284,#6285);
#6284 = CARTESIAN_POINT('',(444.70354996615,-48.,40.633527559024));
#6285 = VECTOR('',#6286,1.);
#6286 = DIRECTION('',(0.,0.,1.));
#6287 = PCURVE('',#2597,#6288);
#6288 = DEFINITIONAL_REPRESENTATION('',(#6289),#6293);
#6289 = LINE('',#6290,#6291);
#6290 = CARTESIAN_POINT('',(4.054559953921,18.266472440976));
#6291 = VECTOR('',#6292,1.);
#6292 = DIRECTION('',(0.,-1.));
#6293 = ( GEOMETRIC_REPRESENTATION_CONTEXT(2) 
PARAMETRIC_REPRESENTATION_CONTEXT() REPRESENTATION_CONTEXT('2D SPACE',''
  ) );
#6294 = PCURVE('',#6295,#6300);
#6295 = PLANE('',#6296);
#6296 = AXIS2_PLACEMENT_3D('',#6297,#6298,#6299);
#6297 = CARTESIAN_POINT('',(433.24181347266,-48.,22.367055118048));
#6298 = DIRECTION('',(0.,-1.,0.));
#6299 = DIRECTION('',(4.83E-15,0.,-1.));
#6300 = DEFINITIONAL_REPRESENTATION('',(#6301),#6305);
#6301 = LINE('',#6302,#6303);
#6302 = CARTESIAN_POINT('',(-18.26647244097,11.461736493487));
#6303 = VECTOR('',#6304,1.);
#6304 = DIRECTION('',(-1.,4.83E-15));
#6305 = ( GEOMETRIC_REPRESENTATION_CONTEXT(2) 
PARAMETRIC_REPRESENTATION_CONTEXT() REPRESENTATION_CONTEXT('2D SPACE',''
  ) );
#6306 = ORIENTED_EDGE('',*,*,#6307,.T.);
#6307 = EDGE_CURVE('',#6280,#6308,#6310,.T.);
#6308 = VERTEX_POINT('',#6309);
#6309 = CARTESIAN_POINT('',(444.74181347246,-47.9617364941,
    22.346106537273));
#6310 = SURFACE_CURVE('',#6311,(#6316,#6324),.PCURVE_S1.);
#6311 = B_SPLINE_CURVE_WITH_KNOTS('',3,(#6312,#6313,#6314,#6315),
  .UNSPECIFIED.,.F.,.F.,(4,4),(0.,5.802607893724E-03),
  .PIECEWISE_BEZIER_KNOTS.);
#6312 = CARTESIAN_POINT('',(444.70354996615,-48.,22.367055118048));
#6313 = CARTESIAN_POINT('',(444.71629642796,-47.98725353819,
    22.360043028158));
#6314 = CARTESIAN_POINT('',(444.72905101854,-47.9744989476,
    22.353060206303));
#6315 = CARTESIAN_POINT('',(444.74181347266,-47.96173649348,
    22.346106536823));
#6316 = PCURVE('',#2597,#6317);
#6317 = DEFINITIONAL_REPRESENTATION('',(#6318),#6323);
#6318 = B_SPLINE_CURVE_WITH_KNOTS('',3,(#6319,#6320,#6321,#6322),
  .UNSPECIFIED.,.F.,.F.,(4,4),(0.,5.802607893724E-03),
  .PIECEWISE_BEZIER_KNOTS.);
#6319 = CARTESIAN_POINT('',(4.054559953921,36.532944881952));
#6320 = CARTESIAN_POINT('',(4.03653373476,36.539956971842));
#6321 = CARTESIAN_POINT('',(4.01849601977,36.546939793697));
#6322 = CARTESIAN_POINT('',(4.000447184066,36.553893463176));
#6323 = ( GEOMETRIC_REPRESENTATION_CONTEXT(2) 
PARAMETRIC_REPRESENTATION_CONTEXT() REPRESENTATION_CONTEXT('2D SPACE',''
  ) );
#6324 = PCURVE('',#6325,#6346);
#6325 = B_SPLINE_SURFACE_WITH_KNOTS('',3,1,(
    (#6326,#6327)
    ,(#6328,#6329)
    ,(#6330,#6331)
    ,(#6332,#6333)
    ,(#6334,#6335)
    ,(#6336,#6337)
    ,(#6338,#6339)
    ,(#6340,#6341)
    ,(#6342,#6343)
    ,(#6344,#6345
    )),.UNSPECIFIED.,.F.,.F.,.F.,(4,2,2,2,4),(2,2),(-9.185459823985,
    -8.935335146047,-8.610031987658,-8.417244858988,-8.409330144317),(0.
    ,1.15),.UNSPECIFIED.);
#6326 = CARTESIAN_POINT('',(433.24181347266,-40.,20.59122532399));
#6327 = CARTESIAN_POINT('',(444.74181347266,-40.,20.59122532399));
#6328 = CARTESIAN_POINT('',(433.24181347266,-40.86686867977,
    20.609318399964));
#6329 = CARTESIAN_POINT('',(444.74181347266,-40.86686867977,
    20.609318399964));
#6330 = CARTESIAN_POINT('',(433.24181347266,-41.78038434927,
    20.662443179672));
#6331 = CARTESIAN_POINT('',(444.74181347266,-41.78038434927,
    20.662443179672));
#6332 = CARTESIAN_POINT('',(433.24181347266,-43.86042091951,
    20.918887321822));
#6333 = CARTESIAN_POINT('',(444.74181347266,-43.86042091951,
    20.918887321822));
#6334 = CARTESIAN_POINT('',(433.24181347266,-45.01990959187,
    21.167651157832));
#6335 = CARTESIAN_POINT('',(444.74181347266,-45.01990959187,
    21.167651157833));
#6336 = CARTESIAN_POINT('',(433.24181347266,-46.65559567454,
    21.721680228962));
#6337 = CARTESIAN_POINT('',(444.74181347266,-46.65559567454,
    21.721680228962));
#6338 = CARTESIAN_POINT('',(433.24181347266,-47.30732428513,
    21.992795170593));
#6339 = CARTESIAN_POINT('',(444.74181347266,-47.30732428513,
    21.992795170593));
#6340 = CARTESIAN_POINT('',(433.24181347266,-47.94952317805,
    22.33941875334));
#6341 = CARTESIAN_POINT('',(444.74181347266,-47.94952317805,
    22.33941875334));
#6342 = CARTESIAN_POINT('',(433.24181347266,-47.97479211509,
    22.353187743903));
#6343 = CARTESIAN_POINT('',(444.74181347266,-47.97479211509,
    22.353187743904));
#6344 = CARTESIAN_POINT('',(433.24181347266,-48.,22.367055118048));
#6345 = CARTESIAN_POINT('',(444.74181347266,-48.,22.367055118048));
#6346 = DEFINITIONAL_REPRESENTATION('',(#6347),#6350);
#6347 = B_SPLINE_CURVE_WITH_KNOTS('',1,(#6348,#6349),.UNSPECIFIED.,.F.,
  .F.,(2,2),(0.,5.802607893724E-03),.PIECEWISE_BEZIER_KNOTS.);
#6348 = CARTESIAN_POINT('',(-8.409330144317,1.146173649349));
#6349 = CARTESIAN_POINT('',(-8.413329942786,1.15));
#6350 = ( GEOMETRIC_REPRESENTATION_CONTEXT(2) 
PARAMETRIC_REPRESENTATION_CONTEXT() REPRESENTATION_CONTEXT('2D SPACE',''
  ) );
#6351 = ORIENTED_EDGE('',*,*,#6352,.T.);
#6352 = EDGE_CURVE('',#6308,#6250,#6353,.T.);
#6353 = SURFACE_CURVE('',#6354,(#6358,#6365),.PCURVE_S1.);
#6354 = LINE('',#6355,#6356);
#6355 = CARTESIAN_POINT('',(444.74181347266,-47.96173649348,
    54.445937846514));
#6356 = VECTOR('',#6357,1.);
#6357 = DIRECTION('',(4.83E-15,4.83E-15,-1.));
#6358 = PCURVE('',#2597,#6359);
#6359 = DEFINITIONAL_REPRESENTATION('',(#6360),#6364);
#6360 = LINE('',#6361,#6362);
#6361 = CARTESIAN_POINT('',(4.000447184066,4.454062153486));
#6362 = VECTOR('',#6363,1.);
#6363 = DIRECTION('',(-6.830651506262E-15,1.));
#6364 = ( GEOMETRIC_REPRESENTATION_CONTEXT(2) 
PARAMETRIC_REPRESENTATION_CONTEXT() REPRESENTATION_CONTEXT('2D SPACE',''
  ) );
#6365 = PCURVE('',#6366,#6371);
#6366 = PLANE('',#6367);
#6367 = AXIS2_PLACEMENT_3D('',#6368,#6369,#6370);
#6368 = CARTESIAN_POINT('',(444.74181347266,-40.,49.991875693027));
#6369 = DIRECTION('',(-1.,0.,-4.83E-15));
#6370 = DIRECTION('',(4.83E-15,0.,-1.));
#6371 = DEFINITIONAL_REPRESENTATION('',(#6372),#6376);
#6372 = LINE('',#6373,#6374);
#6373 = CARTESIAN_POINT('',(-4.454062153486,7.961736493487));
#6374 = VECTOR('',#6375,1.);
#6375 = DIRECTION('',(1.,-4.83E-15));
#6376 = ( GEOMETRIC_REPRESENTATION_CONTEXT(2) 
PARAMETRIC_REPRESENTATION_CONTEXT() REPRESENTATION_CONTEXT('2D SPACE',''
  ) );
#6377 = ADVANCED_FACE('',(#6378),#2626,.F.);
#6378 = FACE_BOUND('',#6379,.F.);
#6379 = EDGE_LOOP('',(#6380,#6401,#6402,#6403));
#6380 = ORIENTED_EDGE('',*,*,#6381,.F.);
#6381 = EDGE_CURVE('',#2717,#2610,#6382,.T.);
#6382 = SURFACE_CURVE('',#6383,(#6387,#6394),.PCURVE_S1.);
#6383 = LINE('',#6384,#6385);
#6384 = CARTESIAN_POINT('',(444.35983358664,-61.66222144351,58.7));
#6385 = VECTOR('',#6386,1.);
#6386 = DIRECTION('',(0.,0.,-1.));
#6387 = PCURVE('',#2626,#6388);
#6388 = DEFINITIONAL_REPRESENTATION('',(#6389),#6393);
#6389 = LINE('',#6390,#6391);
#6390 = CARTESIAN_POINT('',(0.402690863654,0.));
#6391 = VECTOR('',#6392,1.);
#6392 = DIRECTION('',(0.,-1.));
#6393 = ( GEOMETRIC_REPRESENTATION_CONTEXT(2) 
PARAMETRIC_REPRESENTATION_CONTEXT() REPRESENTATION_CONTEXT('2D SPACE',''
  ) );
#6394 = PCURVE('',#2652,#6395);
#6395 = DEFINITIONAL_REPRESENTATION('',(#6396),#6400);
#6396 = LINE('',#6397,#6398);
#6397 = CARTESIAN_POINT('',(8.369627516039,0.2));
#6398 = VECTOR('',#6399,1.);
#6399 = DIRECTION('',(0.,1.));
#6400 = ( GEOMETRIC_REPRESENTATION_CONTEXT(2) 
PARAMETRIC_REPRESENTATION_CONTEXT() REPRESENTATION_CONTEXT('2D SPACE',''
  ) );
#6401 = ORIENTED_EDGE('',*,*,#2716,.T.);
#6402 = ORIENTED_EDGE('',*,*,#6095,.T.);
#6403 = ORIENTED_EDGE('',*,*,#2609,.T.);
#6404 = ADVANCED_FACE('',(#6405),#2652,.F.);
#6405 = FACE_BOUND('',#6406,.T.);
#6406 = EDGE_LOOP('',(#6407,#6408,#6409,#6410));
#6407 = ORIENTED_EDGE('',*,*,#2638,.F.);
#6408 = ORIENTED_EDGE('',*,*,#6381,.F.);
#6409 = ORIENTED_EDGE('',*,*,#2923,.F.);
#6410 = ORIENTED_EDGE('',*,*,#5529,.F.);
#6411 = ADVANCED_FACE('',(#6412),#2804,.F.);
#6412 = FACE_BOUND('',#6413,.T.);
#6413 = EDGE_LOOP('',(#6414,#6415,#6416,#6439));
#6414 = ORIENTED_EDGE('',*,*,#2788,.F.);
#6415 = ORIENTED_EDGE('',*,*,#3036,.F.);
#6416 = ORIENTED_EDGE('',*,*,#6417,.T.);
#6417 = EDGE_CURVE('',#3037,#6418,#6420,.T.);
#6418 = VERTEX_POINT('',#6419);
#6419 = CARTESIAN_POINT('',(412.64410255417,15.69303662665,15.1));
#6420 = SURFACE_CURVE('',#6421,(#6425,#6432),.PCURVE_S1.);
#6421 = LINE('',#6422,#6423);
#6422 = CARTESIAN_POINT('',(404.96407996153,16.364951539129,15.1));
#6423 = VECTOR('',#6424,1.);
#6424 = DIRECTION('',(-0.996194698092,8.715574274766E-02,0.));
#6425 = PCURVE('',#2804,#6426);
#6426 = DEFINITIONAL_REPRESENTATION('',(#6427),#6431);
#6427 = LINE('',#6428,#6429);
#6428 = CARTESIAN_POINT('',(-7.709359031275,0.));
#6429 = VECTOR('',#6430,1.);
#6430 = DIRECTION('',(-1.,0.));
#6431 = ( GEOMETRIC_REPRESENTATION_CONTEXT(2) 
PARAMETRIC_REPRESENTATION_CONTEXT() REPRESENTATION_CONTEXT('2D SPACE',''
  ) );
#6432 = PCURVE('',#5740,#6433);
#6433 = DEFINITIONAL_REPRESENTATION('',(#6434),#6438);
#6434 = LINE('',#6435,#6436);
#6435 = CARTESIAN_POINT('',(5.209595631827E-02,-0.421053454249));
#6436 = VECTOR('',#6437,1.);
#6437 = DIRECTION('',(0.992432509139,0.122791346617));
#6438 = ( GEOMETRIC_REPRESENTATION_CONTEXT(2) 
PARAMETRIC_REPRESENTATION_CONTEXT() REPRESENTATION_CONTEXT('2D SPACE',''
  ) );
#6439 = ORIENTED_EDGE('',*,*,#6440,.T.);
#6440 = EDGE_CURVE('',#6418,#2789,#6441,.T.);
#6441 = SURFACE_CURVE('',#6442,(#6446,#6453),.PCURVE_S1.);
#6442 = LINE('',#6443,#6444);
#6443 = CARTESIAN_POINT('',(412.64410255417,15.69303662665,15.1));
#6444 = VECTOR('',#6445,1.);
#6445 = DIRECTION('',(0.,0.,1.));
#6446 = PCURVE('',#2804,#6447);
#6447 = DEFINITIONAL_REPRESENTATION('',(#6448),#6452);
#6448 = LINE('',#6449,#6450);
#6449 = CARTESIAN_POINT('',(0.,0.));
#6450 = VECTOR('',#6451,1.);
#6451 = DIRECTION('',(0.,1.));
#6452 = ( GEOMETRIC_REPRESENTATION_CONTEXT(2) 
PARAMETRIC_REPRESENTATION_CONTEXT() REPRESENTATION_CONTEXT('2D SPACE',''
  ) );
#6453 = PCURVE('',#2832,#6454);
#6454 = DEFINITIONAL_REPRESENTATION('',(#6455),#6459);
#6455 = LINE('',#6456,#6457);
#6456 = CARTESIAN_POINT('',(0.,-104.2));
#6457 = VECTOR('',#6458,1.);
#6458 = DIRECTION('',(0.,-1.));
#6459 = ( GEOMETRIC_REPRESENTATION_CONTEXT(2) 
PARAMETRIC_REPRESENTATION_CONTEXT() REPRESENTATION_CONTEXT('2D SPACE',''
  ) );
#6460 = ADVANCED_FACE('',(#6461),#2832,.F.);
#6461 = FACE_BOUND('',#6462,.T.);
#6462 = EDGE_LOOP('',(#6463,#6488,#6509,#6510,#6511,#6539,#6562));
#6463 = ORIENTED_EDGE('',*,*,#6464,.T.);
#6464 = EDGE_CURVE('',#6465,#6467,#6469,.T.);
#6465 = VERTEX_POINT('',#6466);
#6466 = CARTESIAN_POINT('',(407.59661588496,-42.,14.991948590538));
#6467 = VERTEX_POINT('',#6468);
#6468 = CARTESIAN_POINT('',(407.77159321201,-40.,16.991948590538));
#6469 = SURFACE_CURVE('',#6470,(#6474,#6481),.PCURVE_S1.);
#6470 = LINE('',#6471,#6472);
#6471 = CARTESIAN_POINT('',(406.54137283605,-54.06148324115,
    2.930465349381));
#6472 = VECTOR('',#6473,1.);
#6473 = DIRECTION('',(6.174578541845E-02,0.705757556808,0.705757556808)
  );
#6474 = PCURVE('',#2832,#6475);
#6475 = DEFINITIONAL_REPRESENTATION('',(#6476),#6480);
#6476 = LINE('',#6477,#6478);
#6477 = CARTESIAN_POINT('',(70.020970801616,-92.03046534938));
#6478 = VECTOR('',#6479,1.);
#6479 = DIRECTION('',(-0.70845343602,-0.705757556808));
#6480 = ( GEOMETRIC_REPRESENTATION_CONTEXT(2) 
PARAMETRIC_REPRESENTATION_CONTEXT() REPRESENTATION_CONTEXT('2D SPACE',''
  ) );
#6481 = PCURVE('',#3476,#6482);
#6482 = DEFINITIONAL_REPRESENTATION('',(#6483),#6487);
#6483 = LINE('',#6484,#6485);
#6484 = CARTESIAN_POINT('',(-50.07438096637,-18.47172674435));
#6485 = VECTOR('',#6486,1.);
#6486 = DIRECTION('',(-6.174578541845E-02,0.998091908585));
#6487 = ( GEOMETRIC_REPRESENTATION_CONTEXT(2) 
PARAMETRIC_REPRESENTATION_CONTEXT() REPRESENTATION_CONTEXT('2D SPACE',''
  ) );
#6488 = ORIENTED_EDGE('',*,*,#6489,.F.);
#6489 = EDGE_CURVE('',#2817,#6467,#6490,.T.);
#6490 = SURFACE_CURVE('',#6491,(#6495,#6502),.PCURVE_S1.);
#6491 = LINE('',#6492,#6493);
#6492 = CARTESIAN_POINT('',(407.77159321201,-40.,-73.05));
#6493 = VECTOR('',#6494,1.);
#6494 = DIRECTION('',(0.,0.,-1.));
#6495 = PCURVE('',#2832,#6496);
#6496 = DEFINITIONAL_REPRESENTATION('',(#6497),#6501);
#6497 = LINE('',#6498,#6499);
#6498 = CARTESIAN_POINT('',(55.90577497886,-16.05));
#6499 = VECTOR('',#6500,1.);
#6500 = DIRECTION('',(-0.,1.));
#6501 = ( GEOMETRIC_REPRESENTATION_CONTEXT(2) 
PARAMETRIC_REPRESENTATION_CONTEXT() REPRESENTATION_CONTEXT('2D SPACE',''
  ) );
#6502 = PCURVE('',#2860,#6503);
#6503 = DEFINITIONAL_REPRESENTATION('',(#6504),#6508);
#6504 = LINE('',#6505,#6506);
#6505 = CARTESIAN_POINT('',(57.228406787987,-16.05));
#6506 = VECTOR('',#6507,1.);
#6507 = DIRECTION('',(0.,-1.));
#6508 = ( GEOMETRIC_REPRESENTATION_CONTEXT(2) 
PARAMETRIC_REPRESENTATION_CONTEXT() REPRESENTATION_CONTEXT('2D SPACE',''
  ) );
#6509 = ORIENTED_EDGE('',*,*,#2816,.F.);
#6510 = ORIENTED_EDGE('',*,*,#6440,.F.);
#6511 = ORIENTED_EDGE('',*,*,#6512,.T.);
#6512 = EDGE_CURVE('',#6418,#6513,#6515,.T.);
#6513 = VERTEX_POINT('',#6514);
#6514 = CARTESIAN_POINT('',(407.66312906372,-41.23975088796,15.1));
#6515 = SURFACE_CURVE('',#6516,(#6520,#6527),.PCURVE_S1.);
#6516 = LINE('',#6517,#6518);
#6517 = CARTESIAN_POINT('',(414.04488849802,31.704093229804,15.1));
#6518 = VECTOR('',#6519,1.);
#6519 = DIRECTION('',(-8.715574274766E-02,-0.996194698092,-2.E-17));
#6520 = PCURVE('',#2832,#6521);
#6521 = DEFINITIONAL_REPRESENTATION('',(#6522),#6526);
#6522 = LINE('',#6523,#6524);
#6523 = CARTESIAN_POINT('',(-16.07221623827,-104.2));
#6524 = VECTOR('',#6525,1.);
#6525 = DIRECTION('',(1.,2.E-17));
#6526 = ( GEOMETRIC_REPRESENTATION_CONTEXT(2) 
PARAMETRIC_REPRESENTATION_CONTEXT() REPRESENTATION_CONTEXT('2D SPACE',''
  ) );
#6527 = PCURVE('',#6528,#6533);
#6528 = PLANE('',#6529);
#6529 = AXIS2_PLACEMENT_3D('',#6530,#6531,#6532);
#6530 = CARTESIAN_POINT('',(412.95518769664,47.933039189828,12.6));
#6531 = DIRECTION('',(0.704416026403,-6.162841671622E-02,-0.707106781187
    ));
#6532 = DIRECTION('',(-0.70845343602,-3.816391647149E-17,-0.705757556808
    ));
#6533 = DEFINITIONAL_REPRESENTATION('',(#6534),#6538);
#6534 = LINE('',#6535,#6536);
#6535 = CARTESIAN_POINT('',(-2.536396168992,-16.25985329834));
#6536 = VECTOR('',#6537,1.);
#6537 = DIRECTION('',(6.174578541845E-02,-0.998091908585));
#6538 = ( GEOMETRIC_REPRESENTATION_CONTEXT(2) 
PARAMETRIC_REPRESENTATION_CONTEXT() REPRESENTATION_CONTEXT('2D SPACE',''
  ) );
#6539 = ORIENTED_EDGE('',*,*,#6540,.F.);
#6540 = EDGE_CURVE('',#6541,#6513,#6543,.T.);
#6541 = VERTEX_POINT('',#6542);
#6542 = CARTESIAN_POINT('',(407.66312906372,-41.23975088796,
    14.991948590538));
#6543 = SURFACE_CURVE('',#6544,(#6548,#6555),.PCURVE_S1.);
#6544 = LINE('',#6545,#6546);
#6545 = CARTESIAN_POINT('',(407.66312906372,-41.23975088796,-37.));
#6546 = VECTOR('',#6547,1.);
#6547 = DIRECTION('',(0.,0.,1.));
#6548 = PCURVE('',#2832,#6549);
#6549 = DEFINITIONAL_REPRESENTATION('',(#6550),#6554);
#6550 = LINE('',#6551,#6552);
#6551 = CARTESIAN_POINT('',(57.150261513807,-52.1));
#6552 = VECTOR('',#6553,1.);
#6553 = DIRECTION('',(0.,-1.));
#6554 = ( GEOMETRIC_REPRESENTATION_CONTEXT(2) 
PARAMETRIC_REPRESENTATION_CONTEXT() REPRESENTATION_CONTEXT('2D SPACE',''
  ) );
#6555 = PCURVE('',#4205,#6556);
#6556 = DEFINITIONAL_REPRESENTATION('',(#6557),#6561);
#6557 = LINE('',#6558,#6559);
#6558 = CARTESIAN_POINT('',(-15.33975088796,52.1));
#6559 = VECTOR('',#6560,1.);
#6560 = DIRECTION('',(0.,-1.));
#6561 = ( GEOMETRIC_REPRESENTATION_CONTEXT(2) 
PARAMETRIC_REPRESENTATION_CONTEXT() REPRESENTATION_CONTEXT('2D SPACE',''
  ) );
#6562 = ORIENTED_EDGE('',*,*,#6563,.T.);
#6563 = EDGE_CURVE('',#6541,#6465,#6564,.T.);
#6564 = SURFACE_CURVE('',#6565,(#6569,#6576),.PCURVE_S1.);
#6565 = LINE('',#6566,#6567);
#6566 = CARTESIAN_POINT('',(409.60077477283,-19.09235908856,
    14.991948590538));
#6567 = VECTOR('',#6568,1.);
#6568 = DIRECTION('',(-8.715574274766E-02,-0.996194698092,0.));
#6569 = PCURVE('',#2832,#6570);
#6570 = DEFINITIONAL_REPRESENTATION('',(#6571),#6575);
#6571 = LINE('',#6572,#6573);
#6572 = CARTESIAN_POINT('',(34.91827027573,-104.0919485905));
#6573 = VECTOR('',#6574,1.);
#6574 = DIRECTION('',(1.,0.));
#6575 = ( GEOMETRIC_REPRESENTATION_CONTEXT(2) 
PARAMETRIC_REPRESENTATION_CONTEXT() REPRESENTATION_CONTEXT('2D SPACE',''
  ) );
#6576 = PCURVE('',#4231,#6577);
#6577 = DEFINITIONAL_REPRESENTATION('',(#6578),#6582);
#6578 = LINE('',#6579,#6580);
#6579 = CARTESIAN_POINT('',(161.66679103348,-20.90764091143));
#6580 = VECTOR('',#6581,1.);
#6581 = DIRECTION('',(-8.715574274766E-02,0.996194698092));
#6582 = ( GEOMETRIC_REPRESENTATION_CONTEXT(2) 
PARAMETRIC_REPRESENTATION_CONTEXT() REPRESENTATION_CONTEXT('2D SPACE',''
  ) );
#6583 = ADVANCED_FACE('',(#6584),#2860,.T.);
#6584 = FACE_BOUND('',#6585,.T.);
#6585 = EDGE_LOOP('',(#6586,#6611,#6634,#6665,#6724,#6745,#6746,#6747,
    #6768,#6769,#6770,#6771,#6794));
#6586 = ORIENTED_EDGE('',*,*,#6587,.F.);
#6587 = EDGE_CURVE('',#6588,#6590,#6592,.T.);
#6588 = VERTEX_POINT('',#6589);
#6589 = CARTESIAN_POINT('',(315.34549418873,-40.,85.000785910634));
#6590 = VERTEX_POINT('',#6591);
#6591 = CARTESIAN_POINT('',(330.14549418873,-40.,93.54556989464));
#6592 = SURFACE_CURVE('',#6593,(#6597,#6604),.PCURVE_S1.);
#6593 = LINE('',#6594,#6595);
#6594 = CARTESIAN_POINT('',(348.12186187896,-40.,103.92423061964));
#6595 = VECTOR('',#6596,1.);
#6596 = DIRECTION('',(0.866025403784,0.,0.5));
#6597 = PCURVE('',#2860,#6598);
#6598 = DEFINITIONAL_REPRESENTATION('',(#6599),#6603);
#6599 = LINE('',#6600,#6601);
#6600 = CARTESIAN_POINT('',(116.87813812103,160.92423061964));
#6601 = VECTOR('',#6602,1.);
#6602 = DIRECTION('',(-0.866025403784,0.5));
#6603 = ( GEOMETRIC_REPRESENTATION_CONTEXT(2) 
PARAMETRIC_REPRESENTATION_CONTEXT() REPRESENTATION_CONTEXT('2D SPACE',''
  ) );
#6604 = PCURVE('',#5366,#6605);
#6605 = DEFINITIONAL_REPRESENTATION('',(#6606),#6610);
#6606 = LINE('',#6607,#6608);
#6607 = CARTESIAN_POINT('',(-20.75732145001,-30.));
#6608 = VECTOR('',#6609,1.);
#6609 = DIRECTION('',(-1.,1.1E-16));
#6610 = ( GEOMETRIC_REPRESENTATION_CONTEXT(2) 
PARAMETRIC_REPRESENTATION_CONTEXT() REPRESENTATION_CONTEXT('2D SPACE',''
  ) );
#6611 = ORIENTED_EDGE('',*,*,#6612,.T.);
#6612 = EDGE_CURVE('',#6588,#6613,#6615,.T.);
#6613 = VERTEX_POINT('',#6614);
#6614 = CARTESIAN_POINT('',(315.34549418873,-40.,108.93159739263));
#6615 = SURFACE_CURVE('',#6616,(#6620,#6627),.PCURVE_S1.);
#6616 = LINE('',#6617,#6618);
#6617 = CARTESIAN_POINT('',(315.34549418873,-40.,27.947422901479));
#6618 = VECTOR('',#6619,1.);
#6619 = DIRECTION('',(0.,0.,1.));
#6620 = PCURVE('',#2860,#6621);
#6621 = DEFINITIONAL_REPRESENTATION('',(#6622),#6626);
#6622 = LINE('',#6623,#6624);
#6623 = CARTESIAN_POINT('',(149.65450581126,84.947422901479));
#6624 = VECTOR('',#6625,1.);
#6625 = DIRECTION('',(0.,1.));
#6626 = ( GEOMETRIC_REPRESENTATION_CONTEXT(2) 
PARAMETRIC_REPRESENTATION_CONTEXT() REPRESENTATION_CONTEXT('2D SPACE',''
  ) );
#6627 = PCURVE('',#5394,#6628);
#6628 = DEFINITIONAL_REPRESENTATION('',(#6629),#6633);
#6629 = LINE('',#6630,#6631);
#6630 = CARTESIAN_POINT('',(84.947422901479,-30.));
#6631 = VECTOR('',#6632,1.);
#6632 = DIRECTION('',(-1.,2.2E-16));
#6633 = ( GEOMETRIC_REPRESENTATION_CONTEXT(2) 
PARAMETRIC_REPRESENTATION_CONTEXT() REPRESENTATION_CONTEXT('2D SPACE',''
  ) );
#6634 = ORIENTED_EDGE('',*,*,#6635,.T.);
#6635 = EDGE_CURVE('',#6613,#6636,#6638,.T.);
#6636 = VERTEX_POINT('',#6637);
#6637 = CARTESIAN_POINT('',(393.77184982271,-40.,108.93159739263));
#6638 = SURFACE_CURVE('',#6639,(#6643,#6650),.PCURVE_S1.);
#6639 = LINE('',#6640,#6641);
#6640 = CARTESIAN_POINT('',(193.42418123243,-40.,108.93159739263));
#6641 = VECTOR('',#6642,1.);
#6642 = DIRECTION('',(1.,0.,0.));
#6643 = PCURVE('',#2860,#6644);
#6644 = DEFINITIONAL_REPRESENTATION('',(#6645),#6649);
#6645 = LINE('',#6646,#6647);
#6646 = CARTESIAN_POINT('',(271.57581876756,165.93159739263));
#6647 = VECTOR('',#6648,1.);
#6648 = DIRECTION('',(-1.,0.));
#6649 = ( GEOMETRIC_REPRESENTATION_CONTEXT(2) 
PARAMETRIC_REPRESENTATION_CONTEXT() REPRESENTATION_CONTEXT('2D SPACE',''
  ) );
#6650 = PCURVE('',#6651,#6660);
#6651 = B_SPLINE_SURFACE_WITH_KNOTS('',3,1,(
    (#6652,#6653)
    ,(#6654,#6655)
    ,(#6656,#6657)
    ,(#6658,#6659
    )),.UNSPECIFIED.,.F.,.F.,.F.,(4,4),(2,2),(1.275394533065E-02,
    3.236063658798),(0.,29.425416859028),.PIECEWISE_BEZIER_KNOTS.);
#6652 = CARTESIAN_POINT('',(193.42418123243,-70.,120.62389876989));
#6653 = CARTESIAN_POINT('',(487.67834982271,-70.,120.62389876989));
#6654 = CARTESIAN_POINT('',(193.42418123243,-60.26544839555,
    116.07660136061));
#6655 = CARTESIAN_POINT('',(487.67834982271,-60.26544839555,
    116.07660136061));
#6656 = CARTESIAN_POINT('',(193.42418123243,-50.24405129961,
    112.17084802028));
#6657 = CARTESIAN_POINT('',(487.67834982271,-50.24405129961,
    112.17084802028));
#6658 = CARTESIAN_POINT('',(193.42418123243,-40.,108.93159739263));
#6659 = CARTESIAN_POINT('',(487.67834982271,-40.,108.93159739263));
#6660 = DEFINITIONAL_REPRESENTATION('',(#6661),#6664);
#6661 = B_SPLINE_CURVE_WITH_KNOTS('',1,(#6662,#6663),.UNSPECIFIED.,.F.,
  .F.,(2,2),(0.,200.34766859028),.PIECEWISE_BEZIER_KNOTS.);
#6662 = CARTESIAN_POINT('',(3.236063658798,-2.7E-16));
#6663 = CARTESIAN_POINT('',(3.236063658798,20.034766859028));
#6664 = ( GEOMETRIC_REPRESENTATION_CONTEXT(2) 
PARAMETRIC_REPRESENTATION_CONTEXT() REPRESENTATION_CONTEXT('2D SPACE',''
  ) );
#6665 = ORIENTED_EDGE('',*,*,#6666,.T.);
#6666 = EDGE_CURVE('',#6636,#6667,#6669,.T.);
#6667 = VERTEX_POINT('',#6668);
#6668 = CARTESIAN_POINT('',(407.5643643357,-40.,107.32567268693));
#6669 = SURFACE_CURVE('',#6670,(#6675,#6682),.PCURVE_S1.);
#6670 = CIRCLE('',#6671,60.031597392638);
#6671 = AXIS2_PLACEMENT_3D('',#6672,#6673,#6674);
#6672 = CARTESIAN_POINT('',(393.77184982271,-40.,48.9));
#6673 = DIRECTION('',(-5.7E-16,1.,-4.34E-15));
#6674 = DIRECTION('',(0.,4.34E-15,1.));
#6675 = PCURVE('',#2860,#6676);
#6676 = DEFINITIONAL_REPRESENTATION('',(#6677),#6681);
#6677 = CIRCLE('',#6678,60.031597392638);
#6678 = AXIS2_PLACEMENT_2D('',#6679,#6680);
#6679 = CARTESIAN_POINT('',(71.228150177285,105.9));
#6680 = DIRECTION('',(0.,1.));
#6681 = ( GEOMETRIC_REPRESENTATION_CONTEXT(2) 
PARAMETRIC_REPRESENTATION_CONTEXT() REPRESENTATION_CONTEXT('2D SPACE',''
  ) );
#6682 = PCURVE('',#6683,#6696);
#6683 = ( BOUNDED_SURFACE() B_SPLINE_SURFACE(3,2,(
    (#6684,#6685,#6686)
    ,(#6687,#6688,#6689)
    ,(#6690,#6691,#6692)
    ,(#6693,#6694,#6695
)),.UNSPECIFIED.,.F.,.F.,.F.) B_SPLINE_SURFACE_WITH_KNOTS((4,4),(3,3),(
    2.588781134956,3.222379430571),(0.,0.523598775598),
.PIECEWISE_BEZIER_KNOTS.) GEOMETRIC_REPRESENTATION_ITEM() 
RATIONAL_B_SPLINE_SURFACE((
    (1.,0.965925826289,1.)
    ,(1.,0.965925826289,1.)
    ,(1.,0.965925826289,1.)
,(1.,0.965925826289,1.))) REPRESENTATION_ITEM('') SURFACE() );
#6684 = CARTESIAN_POINT('',(393.77184982271,-46.01547183055,
    110.91914526198));
#6685 = CARTESIAN_POINT('',(410.38982971093,-46.01547183055,
    110.91914526198));
#6686 = CARTESIAN_POINT('',(424.7814224537,-46.01547183055,
    102.61015531787));
#6687 = CARTESIAN_POINT('',(393.77184982271,-44.0190408603,
    110.23092536094));
#6688 = CARTESIAN_POINT('',(410.20542174423,-44.0190408603,
    110.23092536094));
#6689 = CARTESIAN_POINT('',(424.43731250318,-44.0190408603,
    102.01413940018));
#6690 = CARTESIAN_POINT('',(393.77184982271,-42.01371903342,
    109.5683513928));
#6691 = CARTESIAN_POINT('',(410.02788558454,-42.01371903342,
    109.5683513928));
#6692 = CARTESIAN_POINT('',(424.10602551911,-42.01371903342,
    101.44033351188));
#6693 = CARTESIAN_POINT('',(393.77184982271,-40.,108.93159739263));
#6694 = CARTESIAN_POINT('',(409.85726786442,-40.,108.93159739263));
#6695 = CARTESIAN_POINT('',(423.78764851903,-40.,100.88888837178));
#6696 = DEFINITIONAL_REPRESENTATION('',(#6697),#6723);
#6697 = B_SPLINE_CURVE_WITH_KNOTS('',3,(#6698,#6699,#6700,#6701,#6702,
    #6703,#6704,#6705,#6706,#6707,#6708,#6709,#6710,#6711,#6712,#6713,
    #6714,#6715,#6716,#6717,#6718,#6719,#6720,#6721,#6722),
  .UNSPECIFIED.,.F.,.F.,(4,1,1,1,1,1,1,1,1,1,1,1,1,1,1,1,1,1,1,1,1,1,4),
  (0.,1.053750765466E-02,2.107501530931E-02,3.161252296397E-02,
    4.215003061862E-02,5.268753827328E-02,6.322504592793E-02,
    7.376255358259E-02,8.430006123725E-02,9.48375688919E-02,
    0.105375076547,0.115912584201,0.126450091856,0.136987599511,
    0.147525107165,0.15806261482,0.168600122474,0.179137630129,
    0.189675137784,0.200212645438,0.210750153093,0.221287660748,
    0.231825168402),.UNSPECIFIED.);
#6698 = CARTESIAN_POINT('',(3.222379430571,0.));
#6699 = CARTESIAN_POINT('',(3.222379430571,3.552949314178E-03));
#6700 = CARTESIAN_POINT('',(3.222379430571,1.065391998804E-02));
#6701 = CARTESIAN_POINT('',(3.222379430571,2.129120950657E-02));
#6702 = CARTESIAN_POINT('',(3.222379430571,3.191495112249E-02));
#6703 = CARTESIAN_POINT('',(3.222379430571,4.252575916102E-02));
#6704 = CARTESIAN_POINT('',(3.222379430571,5.312424533628E-02));
#6705 = CARTESIAN_POINT('',(3.222379430571,6.371101849058E-02));
#6706 = CARTESIAN_POINT('',(3.222379430571,7.428668484486E-02));
#6707 = CARTESIAN_POINT('',(3.222379430571,8.485184811065E-02));
#6708 = CARTESIAN_POINT('',(3.222379430571,9.540710963743E-02));
#6709 = CARTESIAN_POINT('',(3.222379430571,0.105953068549));
#6710 = CARTESIAN_POINT('',(3.222379430571,0.116490321882));
#6711 = CARTESIAN_POINT('',(3.222379430571,0.127019464722));
#6712 = CARTESIAN_POINT('',(3.222379430571,0.137541090337));
#6713 = CARTESIAN_POINT('',(3.222379430571,0.148055790318));
#6714 = CARTESIAN_POINT('',(3.222379430571,0.158564154704));
#6715 = CARTESIAN_POINT('',(3.222379430571,0.169066772125));
#6716 = CARTESIAN_POINT('',(3.222379430571,0.179564229925));
#6717 = CARTESIAN_POINT('',(3.222379430571,0.190057114302));
#6718 = CARTESIAN_POINT('',(3.222379430571,0.200546010437));
#6719 = CARTESIAN_POINT('',(3.222379430571,0.211031502608));
#6720 = CARTESIAN_POINT('',(3.222379430571,0.221514174392));
#6721 = CARTESIAN_POINT('',(3.222379430571,0.22850113049));
#6722 = CARTESIAN_POINT('',(3.222379430571,0.231994332765));
#6723 = ( GEOMETRIC_REPRESENTATION_CONTEXT(2) 
PARAMETRIC_REPRESENTATION_CONTEXT() REPRESENTATION_CONTEXT('2D SPACE',''
  ) );
#6724 = ORIENTED_EDGE('',*,*,#6725,.F.);
#6725 = EDGE_CURVE('',#2845,#6667,#6726,.T.);
#6726 = SURFACE_CURVE('',#6727,(#6731,#6738),.PCURVE_S1.);
#6727 = LINE('',#6728,#6729);
#6728 = CARTESIAN_POINT('',(407.5643643357,-40.,-14.05));
#6729 = VECTOR('',#6730,1.);
#6730 = DIRECTION('',(0.,0.,1.));
#6731 = PCURVE('',#2860,#6732);
#6732 = DEFINITIONAL_REPRESENTATION('',(#6733),#6737);
#6733 = LINE('',#6734,#6735);
#6734 = CARTESIAN_POINT('',(57.435635664297,42.95));
#6735 = VECTOR('',#6736,1.);
#6736 = DIRECTION('',(0.,1.));
#6737 = ( GEOMETRIC_REPRESENTATION_CONTEXT(2) 
PARAMETRIC_REPRESENTATION_CONTEXT() REPRESENTATION_CONTEXT('2D SPACE',''
  ) );
#6738 = PCURVE('',#2888,#6739);
#6739 = DEFINITIONAL_REPRESENTATION('',(#6740),#6744);
#6740 = LINE('',#6741,#6742);
#6741 = CARTESIAN_POINT('',(-108.85,-0.));
#6742 = VECTOR('',#6743,1.);
#6743 = DIRECTION('',(-1.,-0.));
#6744 = ( GEOMETRIC_REPRESENTATION_CONTEXT(2) 
PARAMETRIC_REPRESENTATION_CONTEXT() REPRESENTATION_CONTEXT('2D SPACE',''
  ) );
#6745 = ORIENTED_EDGE('',*,*,#2844,.F.);
#6746 = ORIENTED_EDGE('',*,*,#6489,.T.);
#6747 = ORIENTED_EDGE('',*,*,#6748,.F.);
#6748 = EDGE_CURVE('',#3438,#6467,#6749,.T.);
#6749 = SURFACE_CURVE('',#6750,(#6754,#6761),.PCURVE_S1.);
#6750 = LINE('',#6751,#6752);
#6751 = CARTESIAN_POINT('',(356.46699186967,-40.,16.991948590538));
#6752 = VECTOR('',#6753,1.);
#6753 = DIRECTION('',(1.,0.,0.));
#6754 = PCURVE('',#2860,#6755);
#6755 = DEFINITIONAL_REPRESENTATION('',(#6756),#6760);
#6756 = LINE('',#6757,#6758);
#6757 = CARTESIAN_POINT('',(108.53300813032,73.991948590538));
#6758 = VECTOR('',#6759,1.);
#6759 = DIRECTION('',(-1.,0.));
#6760 = ( GEOMETRIC_REPRESENTATION_CONTEXT(2) 
PARAMETRIC_REPRESENTATION_CONTEXT() REPRESENTATION_CONTEXT('2D SPACE',''
  ) );
#6761 = PCURVE('',#3476,#6762);
#6762 = DEFINITIONAL_REPRESENTATION('',(#6763),#6767);
#6763 = LINE('',#6764,#6765);
#6764 = CARTESIAN_POINT('',(0.,1.414213562373));
#6765 = VECTOR('',#6766,1.);
#6766 = DIRECTION('',(-1.,0.));
#6767 = ( GEOMETRIC_REPRESENTATION_CONTEXT(2) 
PARAMETRIC_REPRESENTATION_CONTEXT() REPRESENTATION_CONTEXT('2D SPACE',''
  ) );
#6768 = ORIENTED_EDGE('',*,*,#3437,.T.);
#6769 = ORIENTED_EDGE('',*,*,#3666,.T.);
#6770 = ORIENTED_EDGE('',*,*,#3744,.T.);
#6771 = ORIENTED_EDGE('',*,*,#6772,.T.);
#6772 = EDGE_CURVE('',#3717,#6773,#6775,.T.);
#6773 = VERTEX_POINT('',#6774);
#6774 = CARTESIAN_POINT('',(330.14549418873,-40.,93.314629786965));
#6775 = SURFACE_CURVE('',#6776,(#6780,#6787),.PCURVE_S1.);
#6776 = LINE('',#6777,#6778);
#6777 = CARTESIAN_POINT('',(348.17186187896,-40.,103.72215802543));
#6778 = VECTOR('',#6779,1.);
#6779 = DIRECTION('',(-0.866025403784,0.,-0.5));
#6780 = PCURVE('',#2860,#6781);
#6781 = DEFINITIONAL_REPRESENTATION('',(#6782),#6786);
#6782 = LINE('',#6783,#6784);
#6783 = CARTESIAN_POINT('',(116.82813812103,160.72215802543));
#6784 = VECTOR('',#6785,1.);
#6785 = DIRECTION('',(0.866025403784,-0.5));
#6786 = ( GEOMETRIC_REPRESENTATION_CONTEXT(2) 
PARAMETRIC_REPRESENTATION_CONTEXT() REPRESENTATION_CONTEXT('2D SPACE',''
  ) );
#6787 = PCURVE('',#3732,#6788);
#6788 = DEFINITIONAL_REPRESENTATION('',(#6789),#6793);
#6789 = LINE('',#6790,#6791);
#6790 = CARTESIAN_POINT('',(20.815056476936,-30.));
#6791 = VECTOR('',#6792,1.);
#6792 = DIRECTION('',(-1.,-1.1E-16));
#6793 = ( GEOMETRIC_REPRESENTATION_CONTEXT(2) 
PARAMETRIC_REPRESENTATION_CONTEXT() REPRESENTATION_CONTEXT('2D SPACE',''
  ) );
#6794 = ORIENTED_EDGE('',*,*,#6795,.F.);
#6795 = EDGE_CURVE('',#6590,#6773,#6796,.T.);
#6796 = SURFACE_CURVE('',#6797,(#6801,#6808),.PCURVE_S1.);
#6797 = LINE('',#6798,#6799);
#6798 = CARTESIAN_POINT('',(330.14549418873,-40.,18.157314893482));
#6799 = VECTOR('',#6800,1.);
#6800 = DIRECTION('',(0.,0.,-1.));
#6801 = PCURVE('',#2860,#6802);
#6802 = DEFINITIONAL_REPRESENTATION('',(#6803),#6807);
#6803 = LINE('',#6804,#6805);
#6804 = CARTESIAN_POINT('',(134.85450581126,75.157314893482));
#6805 = VECTOR('',#6806,1.);
#6806 = DIRECTION('',(0.,-1.));
#6807 = ( GEOMETRIC_REPRESENTATION_CONTEXT(2) 
PARAMETRIC_REPRESENTATION_CONTEXT() REPRESENTATION_CONTEXT('2D SPACE',''
  ) );
#6808 = PCURVE('',#5338,#6809);
#6809 = DEFINITIONAL_REPRESENTATION('',(#6810),#6814);
#6810 = LINE('',#6811,#6812);
#6811 = CARTESIAN_POINT('',(-75.15731489348,-30.));
#6812 = VECTOR('',#6813,1.);
#6813 = DIRECTION('',(-1.,-2.2E-16));
#6814 = ( GEOMETRIC_REPRESENTATION_CONTEXT(2) 
PARAMETRIC_REPRESENTATION_CONTEXT() REPRESENTATION_CONTEXT('2D SPACE',''
  ) );
#6815 = ADVANCED_FACE('',(#6816,#6955),#2888,.F.);
#6816 = FACE_BOUND('',#6817,.T.);
#6817 = EDGE_LOOP('',(#6818,#6819,#6820,#6848,#6928,#6954));
#6818 = ORIENTED_EDGE('',*,*,#2872,.T.);
#6819 = ORIENTED_EDGE('',*,*,#6725,.T.);
#6820 = ORIENTED_EDGE('',*,*,#6821,.T.);
#6821 = EDGE_CURVE('',#6667,#6822,#6824,.T.);
#6822 = VERTEX_POINT('',#6823);
#6823 = CARTESIAN_POINT('',(407.5643643357,-46.01547183055,
    109.36603114506));
#6824 = SURFACE_CURVE('',#6825,(#6832,#6842),.PCURVE_S1.);
#6825 = B_SPLINE_CURVE_WITH_KNOTS('',3,(#6826,#6827,#6828,#6829,#6830,
    #6831),.UNSPECIFIED.,.F.,.F.,(4,2,4),(-0.635226520712,
    -0.317554669216,0.),.UNSPECIFIED.);
#6826 = CARTESIAN_POINT('',(407.5643643357,-40.,107.32567268693));
#6827 = CARTESIAN_POINT('',(407.5643643357,-41.00708559069,
    107.65287424835));
#6828 = CARTESIAN_POINT('',(407.5643643357,-42.01206001433,
    107.98656256546));
#6829 = CARTESIAN_POINT('',(407.5643643357,-44.01727055308,
    108.66671355417));
#6830 = CARTESIAN_POINT('',(407.5643643357,-45.01750201705,
    109.01316934393));
#6831 = CARTESIAN_POINT('',(407.5643643357,-46.01547183055,
    109.36603114506));
#6832 = PCURVE('',#2888,#6833);
#6833 = DEFINITIONAL_REPRESENTATION('',(#6834),#6841);
#6834 = B_SPLINE_CURVE_WITH_KNOTS('',3,(#6835,#6836,#6837,#6838,#6839,
    #6840),.UNSPECIFIED.,.F.,.F.,(4,2,4),(-0.635226520712,
    -0.317554669216,0.),.UNSPECIFIED.);
#6835 = CARTESIAN_POINT('',(-230.2256726869,0.));
#6836 = CARTESIAN_POINT('',(-230.5528742483,1.007085590692));
#6837 = CARTESIAN_POINT('',(-230.8865625654,2.012060014338));
#6838 = CARTESIAN_POINT('',(-231.5667135541,4.017270553084));
#6839 = CARTESIAN_POINT('',(-231.9131693439,5.017502017054));
#6840 = CARTESIAN_POINT('',(-232.266031145,6.01547183055));
#6841 = ( GEOMETRIC_REPRESENTATION_CONTEXT(2) 
PARAMETRIC_REPRESENTATION_CONTEXT() REPRESENTATION_CONTEXT('2D SPACE',''
  ) );
#6842 = PCURVE('',#6683,#6843);
#6843 = DEFINITIONAL_REPRESENTATION('',(#6844),#6847);
#6844 = B_SPLINE_CURVE_WITH_KNOTS('',1,(#6845,#6846),.UNSPECIFIED.,.F.,
  .F.,(2,2),(-0.635226520712,0.),.PIECEWISE_BEZIER_KNOTS.);
#6845 = CARTESIAN_POINT('',(3.222379430571,0.231994332765));
#6846 = CARTESIAN_POINT('',(2.588781134956,0.224476682259));
#6847 = ( GEOMETRIC_REPRESENTATION_CONTEXT(2) 
PARAMETRIC_REPRESENTATION_CONTEXT() REPRESENTATION_CONTEXT('2D SPACE',''
  ) );
#6848 = ORIENTED_EDGE('',*,*,#6849,.T.);
#6849 = EDGE_CURVE('',#6822,#6850,#6852,.T.);
#6850 = VERTEX_POINT('',#6851);
#6851 = CARTESIAN_POINT('',(407.5643643357,-65.71860859689,
    106.82238362105));
#6852 = SURFACE_CURVE('',#6853,(#6862,#6874),.PCURVE_S1.);
#6853 = B_SPLINE_CURVE_WITH_KNOTS('',3,(#6854,#6855,#6856,#6857,#6858,
    #6859,#6860,#6861),.UNSPECIFIED.,.F.,.F.,(4,2,2,4),(-2.066730777216,
    -1.467230068078,-0.868248315702,0.),.UNSPECIFIED.);
#6854 = CARTESIAN_POINT('',(407.5643643357,-46.01547183055,
    109.36603114506));
#6855 = CARTESIAN_POINT('',(407.5643643357,-47.89893160842,
    110.03198416346));
#6856 = CARTESIAN_POINT('',(407.5643643357,-49.86321428654,
    110.43890220324));
#6857 = CARTESIAN_POINT('',(407.5643643357,-53.84747800613,
    110.71024559374));
#6858 = CARTESIAN_POINT('',(407.5643643357,-55.84710378692,
    110.57374346039));
#6859 = CARTESIAN_POINT('',(407.5643643357,-60.63472294171,
    109.58284373784));
#6860 = CARTESIAN_POINT('',(407.5643643357,-63.32156346601,
    108.44421679294));
#6861 = CARTESIAN_POINT('',(407.5643643357,-65.71860859689,
    106.82238362105));
#6862 = PCURVE('',#2888,#6863);
#6863 = DEFINITIONAL_REPRESENTATION('',(#6864),#6873);
#6864 = B_SPLINE_CURVE_WITH_KNOTS('',3,(#6865,#6866,#6867,#6868,#6869,
    #6870,#6871,#6872),.UNSPECIFIED.,.F.,.F.,(4,2,2,4),(-2.066730777216,
    -1.467230068078,-0.868248315702,0.),.UNSPECIFIED.);
#6865 = CARTESIAN_POINT('',(-232.266031145,6.01547183055));
#6866 = CARTESIAN_POINT('',(-232.9319841634,7.898931608423));
#6867 = CARTESIAN_POINT('',(-233.3389022032,9.863214286546));
#6868 = CARTESIAN_POINT('',(-233.6102455937,13.847478006132));
#6869 = CARTESIAN_POINT('',(-233.4737434603,15.847103786923));
#6870 = CARTESIAN_POINT('',(-232.4828437378,20.634722941718));
#6871 = CARTESIAN_POINT('',(-231.3442167929,23.321563466015));
#6872 = CARTESIAN_POINT('',(-229.722383621,25.718608596889));
#6873 = ( GEOMETRIC_REPRESENTATION_CONTEXT(2) 
PARAMETRIC_REPRESENTATION_CONTEXT() REPRESENTATION_CONTEXT('2D SPACE',''
  ) );
#6874 = PCURVE('',#6875,#6900);
#6875 = ( BOUNDED_SURFACE() B_SPLINE_SURFACE(3,2,(
    (#6876,#6877,#6878)
    ,(#6879,#6880,#6881)
    ,(#6882,#6883,#6884)
    ,(#6885,#6886,#6887)
    ,(#6888,#6889,#6890)
    ,(#6891,#6892,#6893)
    ,(#6894,#6895,#6896)
    ,(#6897,#6898,#6899
)),.UNSPECIFIED.,.F.,.F.,.F.) B_SPLINE_SURFACE_WITH_KNOTS((4,2,2,4),(3,3
    ),(0.,0.878950065121,1.470041333338,2.061132601555),(0.,
0.523598775598),.UNSPECIFIED.) GEOMETRIC_REPRESENTATION_ITEM() 
RATIONAL_B_SPLINE_SURFACE((
    (1.,0.965925826289,1.)
    ,(1.,0.965925826289,1.)
    ,(1.,0.965925826289,1.)
    ,(1.,0.965925826289,1.)
    ,(1.,0.965925826289,1.)
    ,(1.,0.965925826289,1.)
    ,(1.,0.965925826289,1.)
,(1.,0.965925826289,1.))) REPRESENTATION_ITEM('') SURFACE() );
#6876 = CARTESIAN_POINT('',(393.77184982271,-65.71860859689,
    108.44188425751));
#6877 = CARTESIAN_POINT('',(409.72604962534,-65.71860859689,
    108.44188425751));
#6878 = CARTESIAN_POINT('',(423.54279195147,-65.71860859689,
    100.4647843562));
#6879 = CARTESIAN_POINT('',(393.77184982271,-63.27131176616,
    110.0526799787));
#6880 = CARTESIAN_POINT('',(410.157661038,-63.27131176616,110.0526799787
    ));
#6881 = CARTESIAN_POINT('',(424.34818981206,-63.27131176616,
    101.85977437106));
#6882 = CARTESIAN_POINT('',(393.77184982271,-60.53278820391,
    111.17006412402));
#6883 = CARTESIAN_POINT('',(410.45706321738,-60.53278820391,
    111.17006412402));
#6884 = CARTESIAN_POINT('',(424.90688188472,-60.53278820391,
    102.82745742668));
#6885 = CARTESIAN_POINT('',(393.77184982271,-55.72334414449,
    112.10846599992));
#6886 = CARTESIAN_POINT('',(410.7085072422,-55.72334414449,
    112.10846599992));
#6887 = CARTESIAN_POINT('',(425.37608282267,-55.72334414449,
    103.64013729017));
#6888 = CARTESIAN_POINT('',(393.77184982271,-53.74829480273,
    112.23014369997));
#6889 = CARTESIAN_POINT('',(410.74111068367,-53.74829480273,
    112.23014369997));
#6890 = CARTESIAN_POINT('',(425.4369216727,-53.74829480273,
    103.74551326949));
#6891 = CARTESIAN_POINT('',(393.77184982271,-49.81723688501,
    111.95595646202));
#6892 = CARTESIAN_POINT('',(410.66764243468,-49.81723688501,
    111.95595646202));
#6893 = CARTESIAN_POINT('',(425.29982805372,-49.81723688501,
    103.50806015603));
#6894 = CARTESIAN_POINT('',(393.77184982271,-47.87820302818,
    111.56127549318));
#6895 = CARTESIAN_POINT('',(410.56188798781,-47.87820302818,
    111.56127549318));
#6896 = CARTESIAN_POINT('',(425.1024875693,-47.87820302818,
    103.16625641063));
#6897 = CARTESIAN_POINT('',(393.77184982271,-46.01547183055,
    110.91914526198));
#6898 = CARTESIAN_POINT('',(410.38982971093,-46.01547183055,
    110.91914526198));
#6899 = CARTESIAN_POINT('',(424.7814224537,-46.01547183055,
    102.61015531787));
#6900 = DEFINITIONAL_REPRESENTATION('',(#6901),#6927);
#6901 = B_SPLINE_CURVE_WITH_KNOTS('',3,(#6902,#6903,#6904,#6905,#6906,
    #6907,#6908,#6909,#6910,#6911,#6912,#6913,#6914,#6915,#6916,#6917,
    #6918,#6919,#6920,#6921,#6922,#6923,#6924,#6925,#6926),
  .UNSPECIFIED.,.F.,.F.,(4,1,1,1,1,1,1,1,1,1,1,1,1,1,1,1,1,1,1,1,1,1,4),
  (-2.066730777216,-1.97278846916,-1.878846161105,-1.78490385305,
    -1.690961544995,-1.597019236939,-1.503076928884,-1.409134620829,
    -1.315192312774,-1.221250004718,-1.127307696663,-1.033365388608,
    -0.939423080553,-0.845480772497,-0.751538464442,-0.657596156387,
    -0.563653848332,-0.469711540276,-0.375769232221,-0.281826924166,
    -0.187884616111,-9.394230805526E-02,0.),.UNSPECIFIED.);
#6902 = CARTESIAN_POINT('',(2.061132601555,0.224476682259));
#6903 = CARTESIAN_POINT('',(2.029914142906,0.224104533362));
#6904 = CARTESIAN_POINT('',(1.967462741931,0.223409090754));
#6905 = CARTESIAN_POINT('',(1.873744740631,0.222510200299));
#6906 = CARTESIAN_POINT('',(1.779988372093,0.221753083558));
#6907 = CARTESIAN_POINT('',(1.686196233984,0.221135967552));
#6908 = CARTESIAN_POINT('',(1.592368295162,0.220657552426));
#6909 = CARTESIAN_POINT('',(1.498512762235,0.220317011979));
#6910 = CARTESIAN_POINT('',(1.404605536701,0.22011419363));
#6911 = CARTESIAN_POINT('',(1.310711299628,0.22004930095));
#6912 = CARTESIAN_POINT('',(1.216830956913,0.2201215307));
#6913 = CARTESIAN_POINT('',(1.122967125612,0.220330876044));
#6914 = CARTESIAN_POINT('',(1.02911990403,0.220677816693));
#6915 = CARTESIAN_POINT('',(0.935298623414,0.221163126926));
#6916 = CARTESIAN_POINT('',(0.841479255066,0.221788971601));
#6917 = CARTESIAN_POINT('',(0.74767512722,0.222554268641));
#6918 = CARTESIAN_POINT('',(0.653959186028,0.223459340934));
#6919 = CARTESIAN_POINT('',(0.560310960754,0.224505804255));
#6920 = CARTESIAN_POINT('',(0.466735730917,0.225695552862));
#6921 = CARTESIAN_POINT('',(0.373232709102,0.227031045152));
#6922 = CARTESIAN_POINT('',(0.279803647992,0.228515239804));
#6923 = CARTESIAN_POINT('',(0.186450624677,0.230151656094));
#6924 = CARTESIAN_POINT('',(9.317657936811E-02,0.231944314316));
#6925 = CARTESIAN_POINT('',(3.10492229784E-02,0.233246811744));
#6926 = CARTESIAN_POINT('',(0.,0.23392567679));
#6927 = ( GEOMETRIC_REPRESENTATION_CONTEXT(2) 
PARAMETRIC_REPRESENTATION_CONTEXT() REPRESENTATION_CONTEXT('2D SPACE',''
  ) );
#6928 = ORIENTED_EDGE('',*,*,#6929,.T.);
#6929 = EDGE_CURVE('',#6850,#5449,#6930,.T.);
#6930 = SURFACE_CURVE('',#6931,(#6938,#6948),.PCURVE_S1.);
#6931 = B_SPLINE_CURVE_WITH_KNOTS('',3,(#6932,#6933,#6934,#6935,#6936,
    #6937),.UNSPECIFIED.,.F.,.F.,(4,2,4),(-0.517078835989,
    -0.258453883748,0.),.UNSPECIFIED.);
#6932 = CARTESIAN_POINT('',(407.5643643357,-65.71860859688,
    106.82238362105));
#6933 = CARTESIAN_POINT('',(407.5643643357,-66.43260758426,
    106.33929415915));
#6934 = CARTESIAN_POINT('',(407.5643643357,-67.14679442901,
    105.85575329746));
#6935 = CARTESIAN_POINT('',(407.5643643357,-68.57370295062,
    104.88896503131));
#6936 = CARTESIAN_POINT('',(407.5643643357,-69.28711464882,
    104.40525057446));
#6937 = CARTESIAN_POINT('',(407.5643643357,-70.,103.92151611021));
#6938 = PCURVE('',#2888,#6939);
#6939 = DEFINITIONAL_REPRESENTATION('',(#6940),#6947);
#6940 = B_SPLINE_CURVE_WITH_KNOTS('',3,(#6941,#6942,#6943,#6944,#6945,
    #6946),.UNSPECIFIED.,.F.,.F.,(4,2,4),(-0.517078835989,
    -0.258453883748,0.),.UNSPECIFIED.);
#6941 = CARTESIAN_POINT('',(-229.722383621,25.718608596889));
#6942 = CARTESIAN_POINT('',(-229.2392941591,26.432607584269));
#6943 = CARTESIAN_POINT('',(-228.7557532974,27.146794429011));
#6944 = CARTESIAN_POINT('',(-227.7889650313,28.573702950629));
#6945 = CARTESIAN_POINT('',(-227.3052505744,29.287114648821));
#6946 = CARTESIAN_POINT('',(-226.8215161102,30.));
#6947 = ( GEOMETRIC_REPRESENTATION_CONTEXT(2) 
PARAMETRIC_REPRESENTATION_CONTEXT() REPRESENTATION_CONTEXT('2D SPACE',''
  ) );
#6948 = PCURVE('',#5465,#6949);
#6949 = DEFINITIONAL_REPRESENTATION('',(#6950),#6953);
#6950 = B_SPLINE_CURVE_WITH_KNOTS('',1,(#6951,#6952),.UNSPECIFIED.,.F.,
  .F.,(2,2),(-0.517078835989,0.),.PIECEWISE_BEZIER_KNOTS.);
#6951 = CARTESIAN_POINT('',(0.51255589505,0.23392567679));
#6952 = CARTESIAN_POINT('',(7.75E-15,0.245705986959));
#6953 = ( GEOMETRIC_REPRESENTATION_CONTEXT(2) 
PARAMETRIC_REPRESENTATION_CONTEXT() REPRESENTATION_CONTEXT('2D SPACE',''
  ) );
#6954 = ORIENTED_EDGE('',*,*,#5507,.T.);
#6955 = FACE_BOUND('',#6956,.T.);
#6956 = EDGE_LOOP('',(#6957));
#6957 = ORIENTED_EDGE('',*,*,#6958,.T.);
#6958 = EDGE_CURVE('',#6959,#6959,#6961,.T.);
#6959 = VERTEX_POINT('',#6960);
#6960 = CARTESIAN_POINT('',(407.5643643357,-57.8,101.93159739263));
#6961 = SURFACE_CURVE('',#6962,(#6967,#6974),.PCURVE_S1.);
#6962 = CIRCLE('',#6963,2.8);
#6963 = AXIS2_PLACEMENT_3D('',#6964,#6965,#6966);
#6964 = CARTESIAN_POINT('',(407.5643643357,-55.,101.93159739263));
#6965 = DIRECTION('',(-1.,0.,0.));
#6966 = DIRECTION('',(0.,1.,0.));
#6967 = PCURVE('',#2888,#6968);
#6968 = DEFINITIONAL_REPRESENTATION('',(#6969),#6973);
#6969 = CIRCLE('',#6970,2.8);
#6970 = AXIS2_PLACEMENT_2D('',#6971,#6972);
#6971 = CARTESIAN_POINT('',(-224.8315973926,15.));
#6972 = DIRECTION('',(0.,-1.));
#6973 = ( GEOMETRIC_REPRESENTATION_CONTEXT(2) 
PARAMETRIC_REPRESENTATION_CONTEXT() REPRESENTATION_CONTEXT('2D SPACE',''
  ) );
#6974 = PCURVE('',#6975,#6980);
#6975 = CONICAL_SURFACE('',#6976,2.55,0.785398163397);
#6976 = AXIS2_PLACEMENT_3D('',#6977,#6978,#6979);
#6977 = CARTESIAN_POINT('',(407.3143643357,-55.,101.93159739263));
#6978 = DIRECTION('',(1.,0.,0.));
#6979 = DIRECTION('',(0.,1.,0.));
#6980 = DEFINITIONAL_REPRESENTATION('',(#6981),#6985);
#6981 = LINE('',#6982,#6983);
#6982 = CARTESIAN_POINT('',(6.28318530718,0.25));
#6983 = VECTOR('',#6984,1.);
#6984 = DIRECTION('',(-1.,0.));
#6985 = ( GEOMETRIC_REPRESENTATION_CONTEXT(2) 
PARAMETRIC_REPRESENTATION_CONTEXT() REPRESENTATION_CONTEXT('2D SPACE',''
  ) );
#6986 = ADVANCED_FACE('',(#6987),#2963,.F.);
#6987 = FACE_BOUND('',#6988,.F.);
#6988 = EDGE_LOOP('',(#6989,#7012,#7043,#7044));
#6989 = ORIENTED_EDGE('',*,*,#6990,.T.);
#6990 = EDGE_CURVE('',#2947,#6991,#6993,.T.);
#6991 = VERTEX_POINT('',#6992);
#6992 = CARTESIAN_POINT('',(438.22072443207,-55.,-3.1));
#6993 = SEAM_CURVE('',#6994,(#6998,#7005),.PCURVE_S1.);
#6994 = LINE('',#6995,#6996);
#6995 = CARTESIAN_POINT('',(438.22072443207,-55.,58.9));
#6996 = VECTOR('',#6997,1.);
#6997 = DIRECTION('',(0.,0.,-1.));
#6998 = PCURVE('',#2963,#6999);
#6999 = DEFINITIONAL_REPRESENTATION('',(#7000),#7004);
#7000 = LINE('',#7001,#7002);
#7001 = CARTESIAN_POINT('',(9.424777960769,0.));
#7002 = VECTOR('',#7003,1.);
#7003 = DIRECTION('',(0.,1.));
#7004 = ( GEOMETRIC_REPRESENTATION_CONTEXT(2) 
PARAMETRIC_REPRESENTATION_CONTEXT() REPRESENTATION_CONTEXT('2D SPACE',''
  ) );
#7005 = PCURVE('',#2963,#7006);
#7006 = DEFINITIONAL_REPRESENTATION('',(#7007),#7011);
#7007 = LINE('',#7008,#7009);
#7008 = CARTESIAN_POINT('',(3.14159265359,0.));
#7009 = VECTOR('',#7010,1.);
#7010 = DIRECTION('',(0.,1.));
#7011 = ( GEOMETRIC_REPRESENTATION_CONTEXT(2) 
PARAMETRIC_REPRESENTATION_CONTEXT() REPRESENTATION_CONTEXT('2D SPACE',''
  ) );
#7012 = ORIENTED_EDGE('',*,*,#7013,.F.);
#7013 = EDGE_CURVE('',#6991,#6991,#7014,.T.);
#7014 = SURFACE_CURVE('',#7015,(#7020,#7027),.PCURVE_S1.);
#7015 = CIRCLE('',#7016,2.3);
#7016 = AXIS2_PLACEMENT_3D('',#7017,#7018,#7019);
#7017 = CARTESIAN_POINT('',(435.92072443207,-55.,-3.1));
#7018 = DIRECTION('',(0.,0.,-1.));
#7019 = DIRECTION('',(-1.,0.,0.));
#7020 = PCURVE('',#2963,#7021);
#7021 = DEFINITIONAL_REPRESENTATION('',(#7022),#7026);
#7022 = LINE('',#7023,#7024);
#7023 = CARTESIAN_POINT('',(0.,62.));
#7024 = VECTOR('',#7025,1.);
#7025 = DIRECTION('',(1.,0.));
#7026 = ( GEOMETRIC_REPRESENTATION_CONTEXT(2) 
PARAMETRIC_REPRESENTATION_CONTEXT() REPRESENTATION_CONTEXT('2D SPACE',''
  ) );
#7027 = PCURVE('',#7028,#7033);
#7028 = PLANE('',#7029);
#7029 = AXIS2_PLACEMENT_3D('',#7030,#7031,#7032);
#7030 = CARTESIAN_POINT('',(435.92072443207,-55.,-3.1));
#7031 = DIRECTION('',(0.,0.,1.));
#7032 = DIRECTION('',(-1.,0.,0.));
#7033 = DEFINITIONAL_REPRESENTATION('',(#7034),#7042);
#7034 = ( BOUNDED_CURVE() B_SPLINE_CURVE(2,(#7035,#7036,#7037,#7038,
#7039,#7040,#7041),.UNSPECIFIED.,.T.,.F.) B_SPLINE_CURVE_WITH_KNOTS((1,2
    ,2,2,2,1),(-2.094395102393,0.,2.094395102393,4.188790204786,
6.28318530718,8.377580409573),.UNSPECIFIED.) CURVE() 
GEOMETRIC_REPRESENTATION_ITEM() RATIONAL_B_SPLINE_CURVE((1.,0.5,1.,0.5,
1.,0.5,1.)) REPRESENTATION_ITEM('') );
#7035 = CARTESIAN_POINT('',(2.3,0.));
#7036 = CARTESIAN_POINT('',(2.3,-3.983716857408));
#7037 = CARTESIAN_POINT('',(-1.15,-1.991858428704));
#7038 = CARTESIAN_POINT('',(-4.6,-5.633375276078E-16));
#7039 = CARTESIAN_POINT('',(-1.15,1.991858428704));
#7040 = CARTESIAN_POINT('',(2.3,3.983716857408));
#7041 = CARTESIAN_POINT('',(2.3,0.));
#7042 = ( GEOMETRIC_REPRESENTATION_CONTEXT(2) 
PARAMETRIC_REPRESENTATION_CONTEXT() REPRESENTATION_CONTEXT('2D SPACE',''
  ) );
#7043 = ORIENTED_EDGE('',*,*,#6990,.F.);
#7044 = ORIENTED_EDGE('',*,*,#2946,.T.);
#7045 = ADVANCED_FACE('',(#7046),#2998,.F.);
#7046 = FACE_BOUND('',#7047,.F.);
#7047 = EDGE_LOOP('',(#7048,#7071,#7098,#7099));
#7048 = ORIENTED_EDGE('',*,*,#7049,.T.);
#7049 = EDGE_CURVE('',#2978,#7050,#7052,.T.);
#7050 = VERTEX_POINT('',#7051);
#7051 = CARTESIAN_POINT('',(421.84785779374,9.070491715347,58.3));
#7052 = SEAM_CURVE('',#7053,(#7057,#7064),.PCURVE_S1.);
#7053 = LINE('',#7054,#7055);
#7054 = CARTESIAN_POINT('',(422.14785779374,9.070491715347,58.6));
#7055 = VECTOR('',#7056,1.);
#7056 = DIRECTION('',(-0.707106781187,-9.E-17,-0.707106781187));
#7057 = PCURVE('',#2998,#7058);
#7058 = DEFINITIONAL_REPRESENTATION('',(#7059),#7063);
#7059 = LINE('',#7060,#7061);
#7060 = CARTESIAN_POINT('',(3.14159265359,-1.994041122946E-14));
#7061 = VECTOR('',#7062,1.);
#7062 = DIRECTION('',(0.,-1.));
#7063 = ( GEOMETRIC_REPRESENTATION_CONTEXT(2) 
PARAMETRIC_REPRESENTATION_CONTEXT() REPRESENTATION_CONTEXT('2D SPACE',''
  ) );
#7064 = PCURVE('',#2998,#7065);
#7065 = DEFINITIONAL_REPRESENTATION('',(#7066),#7070);
#7066 = LINE('',#7067,#7068);
#7067 = CARTESIAN_POINT('',(9.424777960769,-1.994041122946E-14));
#7068 = VECTOR('',#7069,1.);
#7069 = DIRECTION('',(0.,-1.));
#7070 = ( GEOMETRIC_REPRESENTATION_CONTEXT(2) 
PARAMETRIC_REPRESENTATION_CONTEXT() REPRESENTATION_CONTEXT('2D SPACE',''
  ) );
#7071 = ORIENTED_EDGE('',*,*,#7072,.F.);
#7072 = EDGE_CURVE('',#7050,#7050,#7073,.T.);
#7073 = SURFACE_CURVE('',#7074,(#7079,#7086),.PCURVE_S1.);
#7074 = CIRCLE('',#7075,2.35);
#7075 = AXIS2_PLACEMENT_3D('',#7076,#7077,#7078);
#7076 = CARTESIAN_POINT('',(419.49785779374,9.070491715347,58.3));
#7077 = DIRECTION('',(0.,0.,-1.));
#7078 = DIRECTION('',(-1.,0.,0.));
#7079 = PCURVE('',#2998,#7080);
#7080 = DEFINITIONAL_REPRESENTATION('',(#7081),#7085);
#7081 = LINE('',#7082,#7083);
#7082 = CARTESIAN_POINT('',(12.566370614359,-0.3));
#7083 = VECTOR('',#7084,1.);
#7084 = DIRECTION('',(-1.,0.));
#7085 = ( GEOMETRIC_REPRESENTATION_CONTEXT(2) 
PARAMETRIC_REPRESENTATION_CONTEXT() REPRESENTATION_CONTEXT('2D SPACE',''
  ) );
#7086 = PCURVE('',#7087,#7092);
#7087 = CYLINDRICAL_SURFACE('',#7088,2.35);
#7088 = AXIS2_PLACEMENT_3D('',#7089,#7090,#7091);
#7089 = CARTESIAN_POINT('',(419.49785779374,9.070491715347,58.9));
#7090 = DIRECTION('',(0.,0.,-1.));
#7091 = DIRECTION('',(-1.,0.,0.));
#7092 = DEFINITIONAL_REPRESENTATION('',(#7093),#7097);
#7093 = LINE('',#7094,#7095);
#7094 = CARTESIAN_POINT('',(0.,0.6));
#7095 = VECTOR('',#7096,1.);
#7096 = DIRECTION('',(1.,0.));
#7097 = ( GEOMETRIC_REPRESENTATION_CONTEXT(2) 
PARAMETRIC_REPRESENTATION_CONTEXT() REPRESENTATION_CONTEXT('2D SPACE',''
  ) );
#7098 = ORIENTED_EDGE('',*,*,#7049,.F.);
#7099 = ORIENTED_EDGE('',*,*,#2977,.F.);
#7100 = ADVANCED_FACE('',(#7101),#3101,.F.);
#7101 = FACE_BOUND('',#7102,.F.);
#7102 = EDGE_LOOP('',(#7103,#7126,#7157,#7158));
#7103 = ORIENTED_EDGE('',*,*,#7104,.T.);
#7104 = EDGE_CURVE('',#3085,#7105,#7107,.T.);
#7105 = VERTEX_POINT('',#7106);
#7106 = CARTESIAN_POINT('',(412.09619817051,-6.654725137946,
    -26.61176515622));
#7107 = SEAM_CURVE('',#7108,(#7112,#7119),.PCURVE_S1.);
#7108 = LINE('',#7109,#7110);
#7109 = CARTESIAN_POINT('',(426.54102129284,-7.918483407787,
    -26.61176515622));
#7110 = VECTOR('',#7111,1.);
#7111 = DIRECTION('',(-0.996194698092,8.715574274766E-02,0.));
#7112 = PCURVE('',#3101,#7113);
#7113 = DEFINITIONAL_REPRESENTATION('',(#7114),#7118);
#7114 = LINE('',#7115,#7116);
#7115 = CARTESIAN_POINT('',(9.424777960769,2.0317E-13));
#7116 = VECTOR('',#7117,1.);
#7117 = DIRECTION('',(0.,1.));
#7118 = ( GEOMETRIC_REPRESENTATION_CONTEXT(2) 
PARAMETRIC_REPRESENTATION_CONTEXT() REPRESENTATION_CONTEXT('2D SPACE',''
  ) );
#7119 = PCURVE('',#3101,#7120);
#7120 = DEFINITIONAL_REPRESENTATION('',(#7121),#7125);
#7121 = LINE('',#7122,#7123);
#7122 = CARTESIAN_POINT('',(3.14159265359,2.0317E-13));
#7123 = VECTOR('',#7124,1.);
#7124 = DIRECTION('',(0.,1.));
#7125 = ( GEOMETRIC_REPRESENTATION_CONTEXT(2) 
PARAMETRIC_REPRESENTATION_CONTEXT() REPRESENTATION_CONTEXT('2D SPACE',''
  ) );
#7126 = ORIENTED_EDGE('',*,*,#7127,.F.);
#7127 = EDGE_CURVE('',#7105,#7105,#7128,.T.);
#7128 = SURFACE_CURVE('',#7129,(#7134,#7141),.PCURVE_S1.);
#7129 = CIRCLE('',#7130,1.8);
#7130 = AXIS2_PLACEMENT_3D('',#7131,#7132,#7133);
#7131 = CARTESIAN_POINT('',(412.25307850746,-4.861574681381,
    -26.61176515622));
#7132 = DIRECTION('',(-0.996194698092,8.715574274766E-02,0.));
#7133 = DIRECTION('',(8.715574274766E-02,0.996194698092,0.));
#7134 = PCURVE('',#3101,#7135);
#7135 = DEFINITIONAL_REPRESENTATION('',(#7136),#7140);
#7136 = LINE('',#7137,#7138);
#7137 = CARTESIAN_POINT('',(0.,14.5));
#7138 = VECTOR('',#7139,1.);
#7139 = DIRECTION('',(1.,0.));
#7140 = ( GEOMETRIC_REPRESENTATION_CONTEXT(2) 
PARAMETRIC_REPRESENTATION_CONTEXT() REPRESENTATION_CONTEXT('2D SPACE',''
  ) );
#7141 = PCURVE('',#7142,#7147);
#7142 = PLANE('',#7143);
#7143 = AXIS2_PLACEMENT_3D('',#7144,#7145,#7146);
#7144 = CARTESIAN_POINT('',(412.25307850746,-4.861574681381,
    -26.61176515622));
#7145 = DIRECTION('',(0.996194698092,-8.715574274766E-02,0.));
#7146 = DIRECTION('',(8.715574274766E-02,0.996194698092,0.));
#7147 = DEFINITIONAL_REPRESENTATION('',(#7148),#7156);
#7148 = ( BOUNDED_CURVE() B_SPLINE_CURVE(2,(#7149,#7150,#7151,#7152,
#7153,#7154,#7155),.UNSPECIFIED.,.T.,.F.) B_SPLINE_CURVE_WITH_KNOTS((1,2
    ,2,2,2,1),(-2.094395102393,0.,2.094395102393,4.188790204786,
6.28318530718,8.377580409573),.UNSPECIFIED.) CURVE() 
GEOMETRIC_REPRESENTATION_ITEM() RATIONAL_B_SPLINE_CURVE((1.,0.5,1.,0.5,
1.,0.5,1.)) REPRESENTATION_ITEM('') );
#7149 = CARTESIAN_POINT('',(1.8,0.));
#7150 = CARTESIAN_POINT('',(1.8,-3.117691453624));
#7151 = CARTESIAN_POINT('',(-0.9,-1.558845726812));
#7152 = CARTESIAN_POINT('',(-3.6,-4.40872847693E-16));
#7153 = CARTESIAN_POINT('',(-0.9,1.558845726812));
#7154 = CARTESIAN_POINT('',(1.8,3.117691453624));
#7155 = CARTESIAN_POINT('',(1.8,0.));
#7156 = ( GEOMETRIC_REPRESENTATION_CONTEXT(2) 
PARAMETRIC_REPRESENTATION_CONTEXT() REPRESENTATION_CONTEXT('2D SPACE',''
  ) );
#7157 = ORIENTED_EDGE('',*,*,#7104,.F.);
#7158 = ORIENTED_EDGE('',*,*,#3084,.T.);
#7159 = ADVANCED_FACE('',(#7160),#3225,.T.);
#7160 = FACE_BOUND('',#7161,.T.);
#7161 = EDGE_LOOP('',(#7162,#7185,#7212,#7213));
#7162 = ORIENTED_EDGE('',*,*,#7163,.F.);
#7163 = EDGE_CURVE('',#7164,#3461,#7166,.T.);
#7164 = VERTEX_POINT('',#7165);
#7165 = CARTESIAN_POINT('',(368.49999999999,-41.99961431226,
    14.992334278269));
#7166 = SURFACE_CURVE('',#7167,(#7171,#7178),.PCURVE_S1.);
#7167 = LINE('',#7168,#7169);
#7168 = CARTESIAN_POINT('',(281.46699186967,-41.99961431226,
    14.992334278269));
#7169 = VECTOR('',#7170,1.);
#7170 = DIRECTION('',(-1.,0.,0.));
#7171 = PCURVE('',#3225,#7172);
#7172 = DEFINITIONAL_REPRESENTATION('',(#7173),#7177);
#7173 = LINE('',#7174,#7175);
#7174 = CARTESIAN_POINT('',(-0.76575891371,0.));
#7175 = VECTOR('',#7176,1.);
#7176 = DIRECTION('',(0.,1.));
#7177 = ( GEOMETRIC_REPRESENTATION_CONTEXT(2) 
PARAMETRIC_REPRESENTATION_CONTEXT() REPRESENTATION_CONTEXT('2D SPACE',''
  ) );
#7178 = PCURVE('',#3476,#7179);
#7179 = DEFINITIONAL_REPRESENTATION('',(#7180),#7184);
#7180 = LINE('',#7181,#7182);
#7181 = CARTESIAN_POINT('',(75.,-1.413668117553));
#7182 = VECTOR('',#7183,1.);
#7183 = DIRECTION('',(1.,0.));
#7184 = ( GEOMETRIC_REPRESENTATION_CONTEXT(2) 
PARAMETRIC_REPRESENTATION_CONTEXT() REPRESENTATION_CONTEXT('2D SPACE',''
  ) );
#7185 = ORIENTED_EDGE('',*,*,#7186,.F.);
#7186 = EDGE_CURVE('',#3182,#7164,#7187,.T.);
#7187 = SURFACE_CURVE('',#7188,(#7193,#7200),.PCURVE_S1.);
#7188 = CIRCLE('',#7189,2.);
#7189 = AXIS2_PLACEMENT_3D('',#7190,#7191,#7192);
#7190 = CARTESIAN_POINT('',(368.49999999999,-41.96033833779,
    16.991948590538));
#7191 = DIRECTION('',(1.,0.,0.));
#7192 = DIRECTION('',(0.,-1.,0.));
#7193 = PCURVE('',#3225,#7194);
#7194 = DEFINITIONAL_REPRESENTATION('',(#7195),#7199);
#7195 = LINE('',#7196,#7197);
#7196 = CARTESIAN_POINT('',(0.785398163397,-87.03300813032));
#7197 = VECTOR('',#7198,1.);
#7198 = DIRECTION('',(-1.,0.));
#7199 = ( GEOMETRIC_REPRESENTATION_CONTEXT(2) 
PARAMETRIC_REPRESENTATION_CONTEXT() REPRESENTATION_CONTEXT('2D SPACE',''
  ) );
#7200 = PCURVE('',#7201,#7206);
#7201 = TOROIDAL_SURFACE('',#7202,10.,2.);
#7202 = AXIS2_PLACEMENT_3D('',#7203,#7204,#7205);
#7203 = CARTESIAN_POINT('',(368.49999999999,-51.96033833779,
    16.991948590538));
#7204 = DIRECTION('',(0.,0.,1.));
#7205 = DIRECTION('',(1.,0.,0.));
#7206 = DEFINITIONAL_REPRESENTATION('',(#7207),#7211);
#7207 = LINE('',#7208,#7209);
#7208 = CARTESIAN_POINT('',(7.853981633974,3.14159265359));
#7209 = VECTOR('',#7210,1.);
#7210 = DIRECTION('',(0.,1.));
#7211 = ( GEOMETRIC_REPRESENTATION_CONTEXT(2) 
PARAMETRIC_REPRESENTATION_CONTEXT() REPRESENTATION_CONTEXT('2D SPACE',''
  ) );
#7212 = ORIENTED_EDGE('',*,*,#3209,.T.);
#7213 = ORIENTED_EDGE('',*,*,#3488,.F.);
#7214 = ADVANCED_FACE('',(#7215),#3197,.F.);
#7215 = FACE_BOUND('',#7216,.F.);
#7216 = EDGE_LOOP('',(#7217,#7218,#7240,#7241));
#7217 = ORIENTED_EDGE('',*,*,#3181,.F.);
#7218 = ORIENTED_EDGE('',*,*,#7219,.F.);
#7219 = EDGE_CURVE('',#3315,#3149,#7220,.T.);
#7220 = SURFACE_CURVE('',#7221,(#7226,#7233),.PCURVE_S1.);
#7221 = CIRCLE('',#7222,8.);
#7222 = AXIS2_PLACEMENT_3D('',#7223,#7224,#7225);
#7223 = CARTESIAN_POINT('',(368.49999999999,-51.96033833779,
    16.999661662201));
#7224 = DIRECTION('',(2.9E-16,1.19E-15,1.));
#7225 = DIRECTION('',(-1.,0.,2.9E-16));
#7226 = PCURVE('',#3197,#7227);
#7227 = DEFINITIONAL_REPRESENTATION('',(#7228),#7232);
#7228 = LINE('',#7229,#7230);
#7229 = CARTESIAN_POINT('',(-3.14159265359,4.));
#7230 = VECTOR('',#7231,1.);
#7231 = DIRECTION('',(1.,4.52E-15));
#7232 = ( GEOMETRIC_REPRESENTATION_CONTEXT(2) 
PARAMETRIC_REPRESENTATION_CONTEXT() REPRESENTATION_CONTEXT('2D SPACE',''
  ) );
#7233 = PCURVE('',#3169,#7234);
#7234 = DEFINITIONAL_REPRESENTATION('',(#7235),#7239);
#7235 = LINE('',#7236,#7237);
#7236 = CARTESIAN_POINT('',(4.712388980385,6.28318530718));
#7237 = VECTOR('',#7238,1.);
#7238 = DIRECTION('',(0.,-1.));
#7239 = ( GEOMETRIC_REPRESENTATION_CONTEXT(2) 
PARAMETRIC_REPRESENTATION_CONTEXT() REPRESENTATION_CONTEXT('2D SPACE',''
  ) );
#7240 = ORIENTED_EDGE('',*,*,#3314,.T.);
#7241 = ORIENTED_EDGE('',*,*,#7242,.T.);
#7242 = EDGE_CURVE('',#3287,#3182,#7243,.T.);
#7243 = SURFACE_CURVE('',#7244,(#7249,#7256),.PCURVE_S1.);
#7244 = CIRCLE('',#7245,8.);
#7245 = AXIS2_PLACEMENT_3D('',#7246,#7247,#7248);
#7246 = CARTESIAN_POINT('',(368.49999999999,-51.96033833779,
    16.991948590538));
#7247 = DIRECTION('',(-0.,0.,1.));
#7248 = DIRECTION('',(1.,-1.11E-15,0.));
#7249 = PCURVE('',#3197,#7250);
#7250 = DEFINITIONAL_REPRESENTATION('',(#7251),#7255);
#7251 = LINE('',#7252,#7253);
#7252 = CARTESIAN_POINT('',(-6.28318530718,3.992286928336));
#7253 = VECTOR('',#7254,1.);
#7254 = DIRECTION('',(1.,1.131E-14));
#7255 = ( GEOMETRIC_REPRESENTATION_CONTEXT(2) 
PARAMETRIC_REPRESENTATION_CONTEXT() REPRESENTATION_CONTEXT('2D SPACE',''
  ) );
#7256 = PCURVE('',#7201,#7257);
#7257 = DEFINITIONAL_REPRESENTATION('',(#7258),#7262);
#7258 = LINE('',#7259,#7260);
#7259 = CARTESIAN_POINT('',(-8.9E-16,3.14159265359));
#7260 = VECTOR('',#7261,1.);
#7261 = DIRECTION('',(1.,1.4E-16));
#7262 = ( GEOMETRIC_REPRESENTATION_CONTEXT(2) 
PARAMETRIC_REPRESENTATION_CONTEXT() REPRESENTATION_CONTEXT('2D SPACE',''
  ) );
#7263 = ADVANCED_FACE('',(#7264),#3169,.F.);
#7264 = FACE_BOUND('',#7265,.F.);
#7265 = EDGE_LOOP('',(#7266,#7267,#7268,#7269));
#7266 = ORIENTED_EDGE('',*,*,#3337,.F.);
#7267 = ORIENTED_EDGE('',*,*,#7219,.T.);
#7268 = ORIENTED_EDGE('',*,*,#3148,.F.);
#7269 = ORIENTED_EDGE('',*,*,#3879,.F.);
#7270 = ADVANCED_FACE('',(#7271),#3302,.T.);
#7271 = FACE_BOUND('',#7272,.T.);
#7272 = EDGE_LOOP('',(#7273,#7296,#7297,#7298));
#7273 = ORIENTED_EDGE('',*,*,#7274,.F.);
#7274 = EDGE_CURVE('',#3514,#7275,#7277,.T.);
#7275 = VERTEX_POINT('',#7276);
#7276 = CARTESIAN_POINT('',(368.49999999999,-60.,16.595623469765));
#7277 = SURFACE_CURVE('',#7278,(#7282,#7289),.PCURVE_S1.);
#7278 = LINE('',#7279,#7280);
#7279 = CARTESIAN_POINT('',(268.96699186967,-60.,16.595623469765));
#7280 = VECTOR('',#7281,1.);
#7281 = DIRECTION('',(1.,0.,0.));
#7282 = PCURVE('',#3302,#7283);
#7283 = DEFINITIONAL_REPRESENTATION('',(#7284),#7288);
#7284 = LINE('',#7285,#7286);
#7285 = CARTESIAN_POINT('',(0.585915213858,0.));
#7286 = VECTOR('',#7287,1.);
#7287 = DIRECTION('',(0.,1.));
#7288 = ( GEOMETRIC_REPRESENTATION_CONTEXT(2) 
PARAMETRIC_REPRESENTATION_CONTEXT() REPRESENTATION_CONTEXT('2D SPACE',''
  ) );
#7289 = PCURVE('',#3557,#7290);
#7290 = DEFINITIONAL_REPRESENTATION('',(#7291),#7295);
#7291 = LINE('',#7292,#7293);
#7292 = CARTESIAN_POINT('',(7.599649174496,-58.83156453186));
#7293 = VECTOR('',#7294,1.);
#7294 = DIRECTION('',(0.,1.));
#7295 = ( GEOMETRIC_REPRESENTATION_CONTEXT(2) 
PARAMETRIC_REPRESENTATION_CONTEXT() REPRESENTATION_CONTEXT('2D SPACE',''
  ) );
#7296 = ORIENTED_EDGE('',*,*,#3513,.T.);
#7297 = ORIENTED_EDGE('',*,*,#3286,.T.);
#7298 = ORIENTED_EDGE('',*,*,#7299,.F.);
#7299 = EDGE_CURVE('',#7275,#3287,#7300,.T.);
#7300 = SURFACE_CURVE('',#7301,(#7306,#7313),.PCURVE_S1.);
#7301 = CIRCLE('',#7302,2.);
#7302 = AXIS2_PLACEMENT_3D('',#7303,#7304,#7305);
#7303 = CARTESIAN_POINT('',(368.49999999999,-61.96033833779,
    16.991948590538));
#7304 = DIRECTION('',(1.,-0.,0.));
#7305 = DIRECTION('',(0.,0.,-1.));
#7306 = PCURVE('',#3302,#7307);
#7307 = DEFINITIONAL_REPRESENTATION('',(#7308),#7312);
#7308 = LINE('',#7309,#7310);
#7309 = CARTESIAN_POINT('',(-0.785398163397,99.533008130323));
#7310 = VECTOR('',#7311,1.);
#7311 = DIRECTION('',(1.,0.));
#7312 = ( GEOMETRIC_REPRESENTATION_CONTEXT(2) 
PARAMETRIC_REPRESENTATION_CONTEXT() REPRESENTATION_CONTEXT('2D SPACE',''
  ) );
#7313 = PCURVE('',#7201,#7314);
#7314 = DEFINITIONAL_REPRESENTATION('',(#7315),#7319);
#7315 = LINE('',#7316,#7317);
#7316 = CARTESIAN_POINT('',(4.712388980385,4.712388980385));
#7317 = VECTOR('',#7318,1.);
#7318 = DIRECTION('',(0.,-1.));
#7319 = ( GEOMETRIC_REPRESENTATION_CONTEXT(2) 
PARAMETRIC_REPRESENTATION_CONTEXT() REPRESENTATION_CONTEXT('2D SPACE',''
  ) );
#7320 = ADVANCED_FACE('',(#7321),#3476,.T.);
#7321 = FACE_BOUND('',#7322,.T.);
#7322 = EDGE_LOOP('',(#7323,#7324,#7325,#7326,#7349,#7398));
#7323 = ORIENTED_EDGE('',*,*,#3460,.T.);
#7324 = ORIENTED_EDGE('',*,*,#6748,.T.);
#7325 = ORIENTED_EDGE('',*,*,#6464,.F.);
#7326 = ORIENTED_EDGE('',*,*,#7327,.T.);
#7327 = EDGE_CURVE('',#6465,#7328,#7330,.T.);
#7328 = VERTEX_POINT('',#7329);
#7329 = CARTESIAN_POINT('',(369.38975288511,-42.,14.991948590538));
#7330 = SURFACE_CURVE('',#7331,(#7335,#7342),.PCURVE_S1.);
#7331 = LINE('',#7332,#7333);
#7332 = CARTESIAN_POINT('',(356.46699186967,-42.,14.991948590538));
#7333 = VECTOR('',#7334,1.);
#7334 = DIRECTION('',(-1.,0.,0.));
#7335 = PCURVE('',#3476,#7336);
#7336 = DEFINITIONAL_REPRESENTATION('',(#7337),#7341);
#7337 = LINE('',#7338,#7339);
#7338 = CARTESIAN_POINT('',(-0.,-1.414213562373));
#7339 = VECTOR('',#7340,1.);
#7340 = DIRECTION('',(1.,0.));
#7341 = ( GEOMETRIC_REPRESENTATION_CONTEXT(2) 
PARAMETRIC_REPRESENTATION_CONTEXT() REPRESENTATION_CONTEXT('2D SPACE',''
  ) );
#7342 = PCURVE('',#4231,#7343);
#7343 = DEFINITIONAL_REPRESENTATION('',(#7344),#7348);
#7344 = LINE('',#7345,#7346);
#7345 = CARTESIAN_POINT('',(108.53300813032,2.));
#7346 = VECTOR('',#7347,1.);
#7347 = DIRECTION('',(-1.,0.));
#7348 = ( GEOMETRIC_REPRESENTATION_CONTEXT(2) 
PARAMETRIC_REPRESENTATION_CONTEXT() REPRESENTATION_CONTEXT('2D SPACE',''
  ) );
#7349 = ORIENTED_EDGE('',*,*,#7350,.T.);
#7350 = EDGE_CURVE('',#7328,#7164,#7351,.T.);
#7351 = SURFACE_CURVE('',#7352,(#7359,#7369),.PCURVE_S1.);
#7352 = B_SPLINE_CURVE_WITH_KNOTS('',3,(#7353,#7354,#7355,#7356,#7357,
    #7358),.UNSPECIFIED.,.F.,.F.,(4,2,4),(-8.341435613953E-02,
    -5.90957199631E-02,0.),.UNSPECIFIED.);
#7353 = CARTESIAN_POINT('',(369.38975288511,-42.,14.991948590538));
#7354 = CARTESIAN_POINT('',(369.30869076452,-42.,14.991948590538));
#7355 = CARTESIAN_POINT('',(369.21141624217,-41.99995336429,
    14.991995226242));
#7356 = CARTESIAN_POINT('',(368.93336849327,-41.99978258662,
    14.992166003915));
#7357 = CARTESIAN_POINT('',(368.6969857332,-41.99961431226,
    14.992334278269));
#7358 = CARTESIAN_POINT('',(368.49999999999,-41.99961431226,
    14.992334278269));
#7359 = PCURVE('',#3476,#7360);
#7360 = DEFINITIONAL_REPRESENTATION('',(#7361),#7368);
#7361 = B_SPLINE_CURVE_WITH_KNOTS('',3,(#7362,#7363,#7364,#7365,#7366,
    #7367),.UNSPECIFIED.,.F.,.F.,(4,2,4),(-8.341435613953E-02,
    -5.90957199631E-02,0.),.UNSPECIFIED.);
#7362 = CARTESIAN_POINT('',(-12.92276101543,-1.414213562373));
#7363 = CARTESIAN_POINT('',(-12.84169889484,-1.414213562373));
#7364 = CARTESIAN_POINT('',(-12.7444243725,-1.414147609528));
#7365 = CARTESIAN_POINT('',(-12.46637662359,-1.413906093426));
#7366 = CARTESIAN_POINT('',(-12.22999386353,-1.413668117552));
#7367 = CARTESIAN_POINT('',(-12.03300813032,-1.413668117552));
#7368 = ( GEOMETRIC_REPRESENTATION_CONTEXT(2) 
PARAMETRIC_REPRESENTATION_CONTEXT() REPRESENTATION_CONTEXT('2D SPACE',''
  ) );
#7369 = PCURVE('',#7201,#7370);
#7370 = DEFINITIONAL_REPRESENTATION('',(#7371),#7397);
#7371 = B_SPLINE_CURVE_WITH_KNOTS('',3,(#7372,#7373,#7374,#7375,#7376,
    #7377,#7378,#7379,#7380,#7381,#7382,#7383,#7384,#7385,#7386,#7387,
    #7388,#7389,#7390,#7391,#7392,#7393,#7394,#7395,#7396),
  .UNSPECIFIED.,.F.,.F.,(4,1,1,1,1,1,1,1,1,1,1,1,1,1,1,1,1,1,1,1,1,1,4),
  (-8.341435613953E-02,-7.962279449683E-02,-7.583123285412E-02,
    -7.203967121141E-02,-6.824810956871E-02,-6.4456547926E-02,
    -6.06649862833E-02,-5.687342464059E-02,-5.308186299788E-02,
    -4.929030135518E-02,-4.549873971247E-02,-4.170717806977E-02,
    -3.791561642706E-02,-3.412405478435E-02,-3.033249314165E-02,
    -2.654093149894E-02,-2.274936985624E-02,-1.895780821353E-02,
    -1.516624657082E-02,-1.137468492812E-02,-7.583123285412E-03,
    -3.791561642706E-03,0.),.UNSPECIFIED.);
#7372 = CARTESIAN_POINT('',(7.764888528268,4.712388980385));
#7373 = CARTESIAN_POINT('',(7.766147351665,4.711826261642));
#7374 = CARTESIAN_POINT('',(7.768744439137,4.71069238851));
#7375 = CARTESIAN_POINT('',(7.772804998717,4.709003486186));
#7376 = CARTESIAN_POINT('',(7.77695704396,4.70736601071));
#7377 = CARTESIAN_POINT('',(7.781127303822,4.705811413493));
#7378 = CARTESIAN_POINT('',(7.785240626769,4.704365924216));
#7379 = CARTESIAN_POINT('',(7.789228077215,4.703048297809));
#7380 = CARTESIAN_POINT('',(7.792996764111,4.701876372078));
#7381 = CARTESIAN_POINT('',(7.796899028503,4.700736961631));
#7382 = CARTESIAN_POINT('',(7.80086941093,4.699656873858));
#7383 = CARTESIAN_POINT('',(7.804909571451,4.698638748991));
#7384 = CARTESIAN_POINT('',(7.809003144264,4.69769053008));
#7385 = CARTESIAN_POINT('',(7.813138555836,4.696817515519));
#7386 = CARTESIAN_POINT('',(7.81730291493,4.696024447606));
#7387 = CARTESIAN_POINT('',(7.821483654422,4.695314922043));
#7388 = CARTESIAN_POINT('',(7.825668096446,4.694691525487));
#7389 = CARTESIAN_POINT('',(7.829843574282,4.694155788019));
#7390 = CARTESIAN_POINT('',(7.833997405244,4.693708196085));
#7391 = CARTESIAN_POINT('',(7.838116903584,4.693348196924));
#7392 = CARTESIAN_POINT('',(7.842189382478,4.693074224916));
#7393 = CARTESIAN_POINT('',(7.846202159307,4.692883697097));
#7394 = CARTESIAN_POINT('',(7.850142557711,4.692773158381));
#7395 = CARTESIAN_POINT('',(7.852712797767,4.692749657497));
#7396 = CARTESIAN_POINT('',(7.853981633974,4.692749730697));
#7397 = ( GEOMETRIC_REPRESENTATION_CONTEXT(2) 
PARAMETRIC_REPRESENTATION_CONTEXT() REPRESENTATION_CONTEXT('2D SPACE',''
  ) );
#7398 = ORIENTED_EDGE('',*,*,#7163,.T.);
#7399 = ADVANCED_FACE('',(#7400,#7855),#3557,.T.);
#7400 = FACE_BOUND('',#7401,.T.);
#7401 = EDGE_LOOP('',(#7402,#7425,#7448,#7471,#7494,#7517,#7540,#7563,
    #7586,#7609,#7632,#7655,#7678,#7701,#7722,#7723,#7724,#7787,#7834));
#7402 = ORIENTED_EDGE('',*,*,#7403,.T.);
#7403 = EDGE_CURVE('',#4061,#7404,#7406,.T.);
#7404 = VERTEX_POINT('',#7405);
#7405 = CARTESIAN_POINT('',(397.88565332714,-60.,-45.14549418873));
#7406 = SURFACE_CURVE('',#7407,(#7411,#7418),.PCURVE_S1.);
#7407 = LINE('',#7408,#7409);
#7408 = CARTESIAN_POINT('',(397.88565332714,-60.,46.07133800679));
#7409 = VECTOR('',#7410,1.);
#7410 = DIRECTION('',(0.,0.,-1.));
#7411 = PCURVE('',#3557,#7412);
#7412 = DEFINITIONAL_REPRESENTATION('',(#7413),#7417);
#7413 = LINE('',#7414,#7415);
#7414 = CARTESIAN_POINT('',(37.075363711521,70.087096925611));
#7415 = VECTOR('',#7416,1.);
#7416 = DIRECTION('',(-1.,0.));
#7417 = ( GEOMETRIC_REPRESENTATION_CONTEXT(2) 
PARAMETRIC_REPRESENTATION_CONTEXT() REPRESENTATION_CONTEXT('2D SPACE',''
  ) );
#7418 = PCURVE('',#4076,#7419);
#7419 = DEFINITIONAL_REPRESENTATION('',(#7420),#7424);
#7420 = LINE('',#7421,#7422);
#7421 = CARTESIAN_POINT('',(-2.2E-15,-10.));
#7422 = VECTOR('',#7423,1.);
#7423 = DIRECTION('',(1.,-2.2E-16));
#7424 = ( GEOMETRIC_REPRESENTATION_CONTEXT(2) 
PARAMETRIC_REPRESENTATION_CONTEXT() REPRESENTATION_CONTEXT('2D SPACE',''
  ) );
#7425 = ORIENTED_EDGE('',*,*,#7426,.T.);
#7426 = EDGE_CURVE('',#7404,#7427,#7429,.T.);
#7427 = VERTEX_POINT('',#7428);
#7428 = CARTESIAN_POINT('',(375.68531585679,-60.,-45.14549418873));
#7429 = SURFACE_CURVE('',#7430,(#7434,#7441),.PCURVE_S1.);
#7430 = LINE('',#7431,#7432);
#7431 = CARTESIAN_POINT('',(360.11648508625,-60.,-45.14549418873));
#7432 = VECTOR('',#7433,1.);
#7433 = DIRECTION('',(-1.,0.,-2.2E-16));
#7434 = PCURVE('',#3557,#7435);
#7435 = DEFINITIONAL_REPRESENTATION('',(#7436),#7440);
#7436 = LINE('',#7437,#7438);
#7437 = CARTESIAN_POINT('',(-54.141468484,32.317928684717));
#7438 = VECTOR('',#7439,1.);
#7439 = DIRECTION('',(-2.2E-16,-1.));
#7440 = ( GEOMETRIC_REPRESENTATION_CONTEXT(2) 
PARAMETRIC_REPRESENTATION_CONTEXT() REPRESENTATION_CONTEXT('2D SPACE',''
  ) );
#7441 = PCURVE('',#4775,#7442);
#7442 = DEFINITIONAL_REPRESENTATION('',(#7443),#7447);
#7443 = LINE('',#7444,#7445);
#7444 = CARTESIAN_POINT('',(26.305965918568,5.067048342202));
#7445 = VECTOR('',#7446,1.);
#7446 = DIRECTION('',(1.,1.485E-30));
#7447 = ( GEOMETRIC_REPRESENTATION_CONTEXT(2) 
PARAMETRIC_REPRESENTATION_CONTEXT() REPRESENTATION_CONTEXT('2D SPACE',''
  ) );
#7448 = ORIENTED_EDGE('',*,*,#7449,.T.);
#7449 = EDGE_CURVE('',#7427,#7450,#7452,.T.);
#7450 = VERTEX_POINT('',#7451);
#7451 = CARTESIAN_POINT('',(375.80078591063,-60.,-45.34549418873));
#7452 = SURFACE_CURVE('',#7453,(#7457,#7464),.PCURVE_S1.);
#7453 = LINE('',#7454,#7455);
#7454 = CARTESIAN_POINT('',(358.03523417547,-60.,-14.57465595893));
#7455 = VECTOR('',#7456,1.);
#7456 = DIRECTION('',(0.5,0.,-0.866025403784));
#7457 = PCURVE('',#3557,#7458);
#7458 = DEFINITIONAL_REPRESENTATION('',(#7459),#7463);
#7459 = LINE('',#7460,#7461);
#7460 = CARTESIAN_POINT('',(-23.5706302542,30.236677773936));
#7461 = VECTOR('',#7462,1.);
#7462 = DIRECTION('',(-0.866025403784,0.5));
#7463 = ( GEOMETRIC_REPRESENTATION_CONTEXT(2) 
PARAMETRIC_REPRESENTATION_CONTEXT() REPRESENTATION_CONTEXT('2D SPACE',''
  ) );
#7464 = PCURVE('',#4910,#7465);
#7465 = DEFINITIONAL_REPRESENTATION('',(#7466),#7470);
#7466 = LINE('',#7467,#7468);
#7467 = CARTESIAN_POINT('',(35.531103470322,-10.));
#7468 = VECTOR('',#7469,1.);
#7469 = DIRECTION('',(-1.,1.1E-16));
#7470 = ( GEOMETRIC_REPRESENTATION_CONTEXT(2) 
PARAMETRIC_REPRESENTATION_CONTEXT() REPRESENTATION_CONTEXT('2D SPACE',''
  ) );
#7471 = ORIENTED_EDGE('',*,*,#7472,.F.);
#7472 = EDGE_CURVE('',#7473,#7450,#7475,.T.);
#7473 = VERTEX_POINT('',#7474);
#7474 = CARTESIAN_POINT('',(375.56984580295,-60.,-45.34549418873));
#7475 = SURFACE_CURVE('',#7476,(#7480,#7487),.PCURVE_S1.);
#7476 = LINE('',#7477,#7478);
#7477 = CARTESIAN_POINT('',(351.79967115608,-60.,-45.34549418873));
#7478 = VECTOR('',#7479,1.);
#7479 = DIRECTION('',(1.,0.,2.2E-16));
#7480 = PCURVE('',#3557,#7481);
#7481 = DEFINITIONAL_REPRESENTATION('',(#7482),#7486);
#7482 = LINE('',#7483,#7484);
#7483 = CARTESIAN_POINT('',(-54.341468484,24.001114754548));
#7484 = VECTOR('',#7485,1.);
#7485 = DIRECTION('',(2.2E-16,1.));
#7486 = ( GEOMETRIC_REPRESENTATION_CONTEXT(2) 
PARAMETRIC_REPRESENTATION_CONTEXT() REPRESENTATION_CONTEXT('2D SPACE',''
  ) );
#7487 = PCURVE('',#4938,#7488);
#7488 = DEFINITIONAL_REPRESENTATION('',(#7489),#7493);
#7489 = LINE('',#7490,#7491);
#7490 = CARTESIAN_POINT('',(24.001114754548,-10.));
#7491 = VECTOR('',#7492,1.);
#7492 = DIRECTION('',(-1.,2.2E-16));
#7493 = ( GEOMETRIC_REPRESENTATION_CONTEXT(2) 
PARAMETRIC_REPRESENTATION_CONTEXT() REPRESENTATION_CONTEXT('2D SPACE',''
  ) );
#7494 = ORIENTED_EDGE('',*,*,#7495,.F.);
#7495 = EDGE_CURVE('',#7496,#7473,#7498,.T.);
#7496 = VERTEX_POINT('',#7497);
#7497 = CARTESIAN_POINT('',(384.11462978696,-60.,-60.14549418873));
#7498 = SURFACE_CURVE('',#7499,(#7503,#7510),.PCURVE_S1.);
#7499 = LINE('',#7500,#7501);
#7500 = CARTESIAN_POINT('',(357.83316158125,-60.,-14.62465595893));
#7501 = VECTOR('',#7502,1.);
#7502 = DIRECTION('',(-0.5,0.,0.866025403784));
#7503 = PCURVE('',#3557,#7504);
#7504 = DEFINITIONAL_REPRESENTATION('',(#7505),#7509);
#7505 = LINE('',#7506,#7507);
#7506 = CARTESIAN_POINT('',(-23.6206302542,30.03460517972));
#7507 = VECTOR('',#7508,1.);
#7508 = DIRECTION('',(0.866025403784,-0.5));
#7509 = ( GEOMETRIC_REPRESENTATION_CONTEXT(2) 
PARAMETRIC_REPRESENTATION_CONTEXT() REPRESENTATION_CONTEXT('2D SPACE',''
  ) );
#7510 = PCURVE('',#4966,#7511);
#7511 = DEFINITIONAL_REPRESENTATION('',(#7512),#7516);
#7512 = LINE('',#7513,#7514);
#7513 = CARTESIAN_POINT('',(-35.4733684434,-10.));
#7514 = VECTOR('',#7515,1.);
#7515 = DIRECTION('',(-1.,-1.1E-16));
#7516 = ( GEOMETRIC_REPRESENTATION_CONTEXT(2) 
PARAMETRIC_REPRESENTATION_CONTEXT() REPRESENTATION_CONTEXT('2D SPACE',''
  ) );
#7517 = ORIENTED_EDGE('',*,*,#7518,.T.);
#7518 = EDGE_CURVE('',#7496,#7519,#7521,.T.);
#7519 = VERTEX_POINT('',#7520);
#7520 = CARTESIAN_POINT('',(339.34556989464,-60.,-60.14549418873));
#7521 = SURFACE_CURVE('',#7522,(#7526,#7533),.PCURVE_S1.);
#7522 = LINE('',#7523,#7524);
#7523 = CARTESIAN_POINT('',(333.57206314808,-60.,-60.14549418873));
#7524 = VECTOR('',#7525,1.);
#7525 = DIRECTION('',(-1.,0.,-2.2E-16));
#7526 = PCURVE('',#3557,#7527);
#7527 = DEFINITIONAL_REPRESENTATION('',(#7528),#7532);
#7528 = LINE('',#7529,#7530);
#7529 = CARTESIAN_POINT('',(-69.141468484,5.773506746552));
#7530 = VECTOR('',#7531,1.);
#7531 = DIRECTION('',(-2.2E-16,-1.));
#7532 = ( GEOMETRIC_REPRESENTATION_CONTEXT(2) 
PARAMETRIC_REPRESENTATION_CONTEXT() REPRESENTATION_CONTEXT('2D SPACE',''
  ) );
#7533 = PCURVE('',#4994,#7534);
#7534 = DEFINITIONAL_REPRESENTATION('',(#7535),#7539);
#7535 = LINE('',#7536,#7537);
#7536 = CARTESIAN_POINT('',(-5.773506746552,-10.));
#7537 = VECTOR('',#7538,1.);
#7538 = DIRECTION('',(-1.,-2.2E-16));
#7539 = ( GEOMETRIC_REPRESENTATION_CONTEXT(2) 
PARAMETRIC_REPRESENTATION_CONTEXT() REPRESENTATION_CONTEXT('2D SPACE',''
  ) );
#7540 = ORIENTED_EDGE('',*,*,#7541,.T.);
#7541 = EDGE_CURVE('',#7519,#7542,#7544,.T.);
#7542 = VERTEX_POINT('',#7543);
#7543 = CARTESIAN_POINT('',(348.00582393248,-60.,-45.14549418873));
#7544 = SURFACE_CURVE('',#7545,(#7549,#7556),.PCURVE_S1.);
#7545 = LINE('',#7546,#7547);
#7546 = CARTESIAN_POINT('',(357.20188726745,-60.,-29.21744526294));
#7547 = VECTOR('',#7548,1.);
#7548 = DIRECTION('',(0.5,0.,0.866025403784));
#7549 = PCURVE('',#3557,#7550);
#7550 = DEFINITIONAL_REPRESENTATION('',(#7551),#7555);
#7551 = LINE('',#7552,#7553);
#7552 = CARTESIAN_POINT('',(-38.21341955821,29.403330865914));
#7553 = VECTOR('',#7554,1.);
#7554 = DIRECTION('',(0.866025403784,0.5));
#7555 = ( GEOMETRIC_REPRESENTATION_CONTEXT(2) 
PARAMETRIC_REPRESENTATION_CONTEXT() REPRESENTATION_CONTEXT('2D SPACE',''
  ) );
#7556 = PCURVE('',#5022,#7557);
#7557 = DEFINITIONAL_REPRESENTATION('',(#7558),#7562);
#7558 = LINE('',#7559,#7560);
#7559 = CARTESIAN_POINT('',(-18.39212666993,-10.));
#7560 = VECTOR('',#7561,1.);
#7561 = DIRECTION('',(-1.,1.1E-16));
#7562 = ( GEOMETRIC_REPRESENTATION_CONTEXT(2) 
PARAMETRIC_REPRESENTATION_CONTEXT() REPRESENTATION_CONTEXT('2D SPACE',''
  ) );
#7563 = ORIENTED_EDGE('',*,*,#7564,.T.);
#7564 = EDGE_CURVE('',#7542,#7565,#7567,.T.);
#7565 = VERTEX_POINT('',#7566);
#7566 = CARTESIAN_POINT('',(315.34549418873,-60.,-45.14549418873));
#7567 = SURFACE_CURVE('',#7568,(#7572,#7579),.PCURVE_S1.);
#7568 = LINE('',#7569,#7570);
#7569 = CARTESIAN_POINT('',(323.66648508625,-60.,-45.14549418873));
#7570 = VECTOR('',#7571,1.);
#7571 = DIRECTION('',(-1.,0.,-2.2E-16));
#7572 = PCURVE('',#3557,#7573);
#7573 = DEFINITIONAL_REPRESENTATION('',(#7574),#7578);
#7574 = LINE('',#7575,#7576);
#7575 = CARTESIAN_POINT('',(-54.141468484,-4.132071315283));
#7576 = VECTOR('',#7577,1.);
#7577 = DIRECTION('',(-2.2E-16,-1.));
#7578 = ( GEOMETRIC_REPRESENTATION_CONTEXT(2) 
PARAMETRIC_REPRESENTATION_CONTEXT() REPRESENTATION_CONTEXT('2D SPACE',''
  ) );
#7579 = PCURVE('',#5050,#7580);
#7580 = DEFINITIONAL_REPRESENTATION('',(#7581),#7585);
#7581 = LINE('',#7582,#7583);
#7582 = CARTESIAN_POINT('',(-5.,8.009173974354));
#7583 = VECTOR('',#7584,1.);
#7584 = DIRECTION('',(3.762E-31,1.));
#7585 = ( GEOMETRIC_REPRESENTATION_CONTEXT(2) 
PARAMETRIC_REPRESENTATION_CONTEXT() REPRESENTATION_CONTEXT('2D SPACE',''
  ) );
#7586 = ORIENTED_EDGE('',*,*,#7587,.T.);
#7587 = EDGE_CURVE('',#7565,#7588,#7590,.T.);
#7588 = VERTEX_POINT('',#7589);
#7589 = CARTESIAN_POINT('',(315.34549418873,-60.,-24.59058622902));
#7590 = SURFACE_CURVE('',#7591,(#7595,#7602),.PCURVE_S1.);
#7591 = LINE('',#7592,#7593);
#7592 = CARTESIAN_POINT('',(315.34549418873,-60.,-20.50458995088));
#7593 = VECTOR('',#7594,1.);
#7594 = DIRECTION('',(0.,0.,1.));
#7595 = PCURVE('',#3557,#7596);
#7596 = DEFINITIONAL_REPRESENTATION('',(#7597),#7601);
#7597 = LINE('',#7598,#7599);
#7598 = CARTESIAN_POINT('',(-29.50056424615,-12.4530622128));
#7599 = VECTOR('',#7600,1.);
#7600 = DIRECTION('',(1.,0.));
#7601 = ( GEOMETRIC_REPRESENTATION_CONTEXT(2) 
PARAMETRIC_REPRESENTATION_CONTEXT() REPRESENTATION_CONTEXT('2D SPACE',''
  ) );
#7602 = PCURVE('',#5078,#7603);
#7603 = DEFINITIONAL_REPRESENTATION('',(#7604),#7608);
#7604 = LINE('',#7605,#7606);
#7605 = CARTESIAN_POINT('',(-30.74031020831,-5.));
#7606 = VECTOR('',#7607,1.);
#7607 = DIRECTION('',(-1.,0.));
#7608 = ( GEOMETRIC_REPRESENTATION_CONTEXT(2) 
PARAMETRIC_REPRESENTATION_CONTEXT() REPRESENTATION_CONTEXT('2D SPACE',''
  ) );
#7609 = ORIENTED_EDGE('',*,*,#7610,.T.);
#7610 = EDGE_CURVE('',#7588,#7611,#7613,.T.);
#7611 = VERTEX_POINT('',#7612);
#7612 = CARTESIAN_POINT('',(330.34549418873,-60.,-33.25084026687));
#7613 = SURFACE_CURVE('',#7614,(#7618,#7625),.PCURVE_S1.);
#7614 = LINE('',#7615,#7616);
#7615 = CARTESIAN_POINT('',(320.24368885858,-60.,-27.41856024021));
#7616 = VECTOR('',#7617,1.);
#7617 = DIRECTION('',(0.866025403784,0.,-0.5));
#7618 = PCURVE('',#3557,#7619);
#7619 = DEFINITIONAL_REPRESENTATION('',(#7620),#7624);
#7620 = LINE('',#7621,#7622);
#7621 = CARTESIAN_POINT('',(-36.41453453548,-7.55486754295));
#7622 = VECTOR('',#7623,1.);
#7623 = DIRECTION('',(-0.5,0.866025403784));
#7624 = ( GEOMETRIC_REPRESENTATION_CONTEXT(2) 
PARAMETRIC_REPRESENTATION_CONTEXT() REPRESENTATION_CONTEXT('2D SPACE',''
  ) );
#7625 = PCURVE('',#5106,#7626);
#7626 = DEFINITIONAL_REPRESENTATION('',(#7627),#7631);
#7627 = LINE('',#7628,#7629);
#7628 = CARTESIAN_POINT('',(11.66456005332,-10.));
#7629 = VECTOR('',#7630,1.);
#7630 = DIRECTION('',(-1.,-1.1E-16));
#7631 = ( GEOMETRIC_REPRESENTATION_CONTEXT(2) 
PARAMETRIC_REPRESENTATION_CONTEXT() REPRESENTATION_CONTEXT('2D SPACE',''
  ) );
#7632 = ORIENTED_EDGE('',*,*,#7633,.T.);
#7633 = EDGE_CURVE('',#7611,#7634,#7636,.T.);
#7634 = VERTEX_POINT('',#7635);
#7635 = CARTESIAN_POINT('',(330.34549418873,-60.,11.980099840803));
#7636 = SURFACE_CURVE('',#7637,(#7641,#7648),.PCURVE_S1.);
#7637 = LINE('',#7638,#7639);
#7638 = CARTESIAN_POINT('',(330.34549418873,-60.,10.488037068036));
#7639 = VECTOR('',#7640,1.);
#7640 = DIRECTION('',(0.,0.,1.));
#7641 = PCURVE('',#3557,#7642);
#7642 = DEFINITIONAL_REPRESENTATION('',(#7643),#7647);
#7643 = LINE('',#7644,#7645);
#7644 = CARTESIAN_POINT('',(1.492062772767,2.546937787194));
#7645 = VECTOR('',#7646,1.);
#7646 = DIRECTION('',(1.,0.));
#7647 = ( GEOMETRIC_REPRESENTATION_CONTEXT(2) 
PARAMETRIC_REPRESENTATION_CONTEXT() REPRESENTATION_CONTEXT('2D SPACE',''
  ) );
#7648 = PCURVE('',#5134,#7649);
#7649 = DEFINITIONAL_REPRESENTATION('',(#7650),#7654);
#7650 = LINE('',#7651,#7652);
#7651 = CARTESIAN_POINT('',(1.492062772767,-10.));
#7652 = VECTOR('',#7653,1.);
#7653 = DIRECTION('',(-1.,2.2E-16));
#7654 = ( GEOMETRIC_REPRESENTATION_CONTEXT(2) 
PARAMETRIC_REPRESENTATION_CONTEXT() REPRESENTATION_CONTEXT('2D SPACE',''
  ) );
#7655 = ORIENTED_EDGE('',*,*,#7656,.T.);
#7656 = EDGE_CURVE('',#7634,#7657,#7659,.T.);
#7657 = VERTEX_POINT('',#7658);
#7658 = CARTESIAN_POINT('',(330.14549418873,-60.,11.864629786965));
#7659 = SURFACE_CURVE('',#7660,(#7664,#7671),.PCURVE_S1.);
#7660 = LINE('',#7661,#7662);
#7661 = CARTESIAN_POINT('',(328.6443103859,-60.,10.9979209143));
#7662 = VECTOR('',#7663,1.);
#7663 = DIRECTION('',(-0.866025403784,0.,-0.5));
#7664 = PCURVE('',#3557,#7665);
#7665 = DEFINITIONAL_REPRESENTATION('',(#7666),#7670);
#7666 = LINE('',#7667,#7668);
#7667 = CARTESIAN_POINT('',(2.001946619031,0.845753984368));
#7668 = VECTOR('',#7669,1.);
#7669 = DIRECTION('',(-0.5,-0.866025403784));
#7670 = ( GEOMETRIC_REPRESENTATION_CONTEXT(2) 
PARAMETRIC_REPRESENTATION_CONTEXT() REPRESENTATION_CONTEXT('2D SPACE',''
  ) );
#7671 = PCURVE('',#5162,#7672);
#7672 = DEFINITIONAL_REPRESENTATION('',(#7673),#7677);
#7673 = LINE('',#7674,#7675);
#7674 = CARTESIAN_POINT('',(-1.73341774533,-10.));
#7675 = VECTOR('',#7676,1.);
#7676 = DIRECTION('',(-1.,-1.1E-16));
#7677 = ( GEOMETRIC_REPRESENTATION_CONTEXT(2) 
PARAMETRIC_REPRESENTATION_CONTEXT() REPRESENTATION_CONTEXT('2D SPACE',''
  ) );
#7678 = ORIENTED_EDGE('',*,*,#7679,.F.);
#7679 = EDGE_CURVE('',#7680,#7657,#7682,.T.);
#7680 = VERTEX_POINT('',#7681);
#7681 = CARTESIAN_POINT('',(330.14549418873,-60.,12.09556989464));
#7682 = SURFACE_CURVE('',#7683,(#7687,#7694),.PCURVE_S1.);
#7683 = LINE('',#7684,#7685);
#7684 = CARTESIAN_POINT('',(330.14549418873,-60.,10.430302041117));
#7685 = VECTOR('',#7686,1.);
#7686 = DIRECTION('',(0.,0.,-1.));
#7687 = PCURVE('',#3557,#7688);
#7688 = DEFINITIONAL_REPRESENTATION('',(#7689),#7693);
#7689 = LINE('',#7690,#7691);
#7690 = CARTESIAN_POINT('',(1.434327745848,2.346937787194));
#7691 = VECTOR('',#7692,1.);
#7692 = DIRECTION('',(-1.,0.));
#7693 = ( GEOMETRIC_REPRESENTATION_CONTEXT(2) 
PARAMETRIC_REPRESENTATION_CONTEXT() REPRESENTATION_CONTEXT('2D SPACE',''
  ) );
#7694 = PCURVE('',#5190,#7695);
#7695 = DEFINITIONAL_REPRESENTATION('',(#7696),#7700);
#7696 = LINE('',#7697,#7698);
#7697 = CARTESIAN_POINT('',(-1.434327745848,-10.));
#7698 = VECTOR('',#7699,1.);
#7699 = DIRECTION('',(-1.,-2.2E-16));
#7700 = ( GEOMETRIC_REPRESENTATION_CONTEXT(2) 
PARAMETRIC_REPRESENTATION_CONTEXT() REPRESENTATION_CONTEXT('2D SPACE',''
  ) );
#7701 = ORIENTED_EDGE('',*,*,#7702,.F.);
#7702 = EDGE_CURVE('',#3542,#7680,#7703,.T.);
#7703 = SURFACE_CURVE('',#7704,(#7708,#7715),.PCURVE_S1.);
#7704 = LINE('',#7705,#7706);
#7705 = CARTESIAN_POINT('',(328.5943103859,-60.,11.199993508516));
#7706 = VECTOR('',#7707,1.);
#7707 = DIRECTION('',(0.866025403784,0.,0.5));
#7708 = PCURVE('',#3557,#7709);
#7709 = DEFINITIONAL_REPRESENTATION('',(#7710),#7714);
#7710 = LINE('',#7711,#7712);
#7711 = CARTESIAN_POINT('',(2.204019213247,0.795753984368));
#7712 = VECTOR('',#7713,1.);
#7713 = DIRECTION('',(0.5,0.866025403784));
#7714 = ( GEOMETRIC_REPRESENTATION_CONTEXT(2) 
PARAMETRIC_REPRESENTATION_CONTEXT() REPRESENTATION_CONTEXT('2D SPACE',''
  ) );
#7715 = PCURVE('',#3583,#7716);
#7716 = DEFINITIONAL_REPRESENTATION('',(#7717),#7721);
#7717 = LINE('',#7718,#7719);
#7718 = CARTESIAN_POINT('',(1.791152772249,-10.));
#7719 = VECTOR('',#7720,1.);
#7720 = DIRECTION('',(-1.,1.1E-16));
#7721 = ( GEOMETRIC_REPRESENTATION_CONTEXT(2) 
PARAMETRIC_REPRESENTATION_CONTEXT() REPRESENTATION_CONTEXT('2D SPACE',''
  ) );
#7722 = ORIENTED_EDGE('',*,*,#3541,.T.);
#7723 = ORIENTED_EDGE('',*,*,#7274,.T.);
#7724 = ORIENTED_EDGE('',*,*,#7725,.T.);
#7725 = EDGE_CURVE('',#7275,#7726,#7728,.T.);
#7726 = VERTEX_POINT('',#7727);
#7727 = CARTESIAN_POINT('',(373.27647418233,-60.,15.100000001768));
#7728 = SURFACE_CURVE('',#7729,(#7742,#7758),.PCURVE_S1.);
#7729 = B_SPLINE_CURVE_WITH_KNOTS('',3,(#7730,#7731,#7732,#7733,#7734,
    #7735,#7736,#7737,#7738,#7739,#7740,#7741),.UNSPECIFIED.,.F.,.F.,(4,
    2,2,2,2,4),(0.,0.101032920786,0.202065841572,0.342214453162,
    0.463869923925,0.474336589302),.UNSPECIFIED.);
#7730 = CARTESIAN_POINT('',(368.49999999999,-60.,16.595623469765));
#7731 = CARTESIAN_POINT('',(368.83677640261,-60.,16.595623469765));
#7732 = CARTESIAN_POINT('',(369.17674598307,-60.,16.483539512862));
#7733 = CARTESIAN_POINT('',(369.85702843463,-60.,16.228967143054));
#7734 = CARTESIAN_POINT('',(370.19695047975,-60.,16.085435561833));
#7735 = CARTESIAN_POINT('',(370.94277044745,-60.,15.785319595762));
#7736 = CARTESIAN_POINT('',(371.46679085568,-60.,15.586149454787));
#7737 = CARTESIAN_POINT('',(372.29805534911,-60.,15.320498925939));
#7738 = CARTESIAN_POINT('',(372.72817116284,-60.,15.202927316352));
#7739 = CARTESIAN_POINT('',(373.20140031398,-60.,15.113411906935));
#7740 = CARTESIAN_POINT('',(373.23892975976,-60.,15.106572952353));
#7741 = CARTESIAN_POINT('',(373.27647418263,-60.,15.100000003483));
#7742 = PCURVE('',#3557,#7743);
#7743 = DEFINITIONAL_REPRESENTATION('',(#7744),#7757);
#7744 = B_SPLINE_CURVE_WITH_KNOTS('',3,(#7745,#7746,#7747,#7748,#7749,
    #7750,#7751,#7752,#7753,#7754,#7755,#7756),.UNSPECIFIED.,.F.,.F.,(4,
    2,2,2,2,4),(0.,0.101032920786,0.202065841572,0.342214453162,
    0.463869923925,0.474336589302),.UNSPECIFIED.);
#7745 = CARTESIAN_POINT('',(7.599649174496,40.701443598462));
#7746 = CARTESIAN_POINT('',(7.599649174496,41.038220001082));
#7747 = CARTESIAN_POINT('',(7.487565217593,41.378189581533));
#7748 = CARTESIAN_POINT('',(7.232992847785,42.058472033097));
#7749 = CARTESIAN_POINT('',(7.089461266564,42.398394078213));
#7750 = CARTESIAN_POINT('',(6.789345300493,43.144214045922));
#7751 = CARTESIAN_POINT('',(6.590175159518,43.668234454144));
#7752 = CARTESIAN_POINT('',(6.32452463067,44.499498947573));
#7753 = CARTESIAN_POINT('',(6.206953021084,44.92961476131));
#7754 = CARTESIAN_POINT('',(6.117437611666,45.402843912443));
#7755 = CARTESIAN_POINT('',(6.110598657084,45.440373358232));
#7756 = CARTESIAN_POINT('',(6.104025708214,45.477917781096));
#7757 = ( GEOMETRIC_REPRESENTATION_CONTEXT(2) 
PARAMETRIC_REPRESENTATION_CONTEXT() REPRESENTATION_CONTEXT('2D SPACE',''
  ) );
#7758 = PCURVE('',#7201,#7759);
#7759 = DEFINITIONAL_REPRESENTATION('',(#7760),#7786);
#7760 = B_SPLINE_CURVE_WITH_KNOTS('',3,(#7761,#7762,#7763,#7764,#7765,
    #7766,#7767,#7768,#7769,#7770,#7771,#7772,#7773,#7774,#7775,#7776,
    #7777,#7778,#7779,#7780,#7781,#7782,#7783,#7784,#7785),
  .UNSPECIFIED.,.F.,.F.,(4,1,1,1,1,1,1,1,1,1,1,1,1,1,1,1,1,1,1,1,1,1,4),
  (0.,2.156075405919E-02,4.312150811837E-02,6.468226217756E-02,
    8.624301623675E-02,0.107803770296,0.129364524355,0.150925278414,
    0.172486032473,0.194046786533,0.215607540592,0.237168294651,
    0.25872904871,0.280289802769,0.301850556829,0.323411310888,
    0.344972064947,0.366532819006,0.388093573065,0.409654327125,
    0.431215081184,0.452775835243,0.474336589302),
  .QUASI_UNIFORM_KNOTS.);
#7761 = CARTESIAN_POINT('',(4.712388980385,3.34107560313));
#7762 = CARTESIAN_POINT('',(4.72132829642,3.341077328921));
#7763 = CARTESIAN_POINT('',(4.739243210305,3.346268501947));
#7764 = CARTESIAN_POINT('',(4.766163011884,3.366881906929));
#7765 = CARTESIAN_POINT('',(4.793070157625,3.397562283298));
#7766 = CARTESIAN_POINT('',(4.819899912595,3.43563100008));
#7767 = CARTESIAN_POINT('',(4.846607028419,3.478259405668));
#7768 = CARTESIAN_POINT('',(4.873069848563,3.523477758909));
#7769 = CARTESIAN_POINT('',(4.899043583542,3.570575811138));
#7770 = CARTESIAN_POINT('',(4.92432366658,3.618568899794));
#7771 = CARTESIAN_POINT('',(4.948691111867,3.666509765341));
#7772 = CARTESIAN_POINT('',(4.972016930455,3.713440827817));
#7773 = CARTESIAN_POINT('',(4.996648144887,3.764169544267));
#7774 = CARTESIAN_POINT('',(5.021596202503,3.817025983967));
#7775 = CARTESIAN_POINT('',(5.046532488176,3.871456284452));
#7776 = CARTESIAN_POINT('',(5.070945704671,3.926376227233));
#7777 = CARTESIAN_POINT('',(5.094557259854,3.981074942087));
#7778 = CARTESIAN_POINT('',(5.116525498992,4.033234829122));
#7779 = CARTESIAN_POINT('',(5.138325012066,4.086273288744));
#7780 = CARTESIAN_POINT('',(5.160551022464,4.141977432242));
#7781 = CARTESIAN_POINT('',(5.182816762108,4.199580646167));
#7782 = CARTESIAN_POINT('',(5.205012746996,4.258980243899));
#7783 = CARTESIAN_POINT('',(5.226969626102,4.319875846193));
#7784 = CARTESIAN_POINT('',(5.241359832288,4.361302540291));
#7785 = CARTESIAN_POINT('',(5.248469173213,4.382179041742));
#7786 = ( GEOMETRIC_REPRESENTATION_CONTEXT(2) 
PARAMETRIC_REPRESENTATION_CONTEXT() REPRESENTATION_CONTEXT('2D SPACE',''
  ) );
#7787 = ORIENTED_EDGE('',*,*,#7788,.T.);
#7788 = EDGE_CURVE('',#7726,#7789,#7791,.T.);
#7789 = VERTEX_POINT('',#7790);
#7790 = CARTESIAN_POINT('',(374.44675040314,-60.,14.991948590538));
#7791 = SURFACE_CURVE('',#7792,(#7797,#7805),.PCURVE_S1.);
#7792 = B_SPLINE_CURVE_WITH_KNOTS('',3,(#7793,#7794,#7795,#7796),
  .UNSPECIFIED.,.F.,.F.,(4,4),(0.474336589274,0.585525394687),
  .PIECEWISE_BEZIER_KNOTS.);
#7793 = CARTESIAN_POINT('',(373.27647418233,-60.,15.100000003535));
#7794 = CARTESIAN_POINT('',(373.67531367682,-60.,15.030174676492));
#7795 = CARTESIAN_POINT('',(374.07612105177,-60.,14.991948590538));
#7796 = CARTESIAN_POINT('',(374.44675040314,-60.,14.991948590538));
#7797 = PCURVE('',#3557,#7798);
#7798 = DEFINITIONAL_REPRESENTATION('',(#7799),#7804);
#7799 = B_SPLINE_CURVE_WITH_KNOTS('',3,(#7800,#7801,#7802,#7803),
  .UNSPECIFIED.,.F.,.F.,(4,4),(0.474336589274,0.585525394687),
  .PIECEWISE_BEZIER_KNOTS.);
#7800 = CARTESIAN_POINT('',(6.104025708266,45.477917780797));
#7801 = CARTESIAN_POINT('',(6.034200381223,45.876757275285));
#7802 = CARTESIAN_POINT('',(5.995974295269,46.277564650233));
#7803 = CARTESIAN_POINT('',(5.995974295269,46.648194001609));
#7804 = ( GEOMETRIC_REPRESENTATION_CONTEXT(2) 
PARAMETRIC_REPRESENTATION_CONTEXT() REPRESENTATION_CONTEXT('2D SPACE',''
  ) );
#7805 = PCURVE('',#7201,#7806);
#7806 = DEFINITIONAL_REPRESENTATION('',(#7807),#7833);
#7807 = B_SPLINE_CURVE_WITH_KNOTS('',3,(#7808,#7809,#7810,#7811,#7812,
    #7813,#7814,#7815,#7816,#7817,#7818,#7819,#7820,#7821,#7822,#7823,
    #7824,#7825,#7826,#7827,#7828,#7829,#7830,#7831,#7832),
  .UNSPECIFIED.,.F.,.F.,(4,1,1,1,1,1,1,1,1,1,1,1,1,1,1,1,1,1,1,1,1,1,4),
  (0.474336589274,0.479390625884,0.484444662494,0.489498699103,
    0.494552735713,0.499606772323,0.504660808932,0.509714845542,
    0.514768882152,0.519822918761,0.524876955371,0.529930991981,
    0.53498502859,0.5400390652,0.54509310181,0.550147138419,
    0.555201175029,0.560255211639,0.565309248248,0.570363284858,
    0.575417321468,0.580471358077,0.585525394687),
  .QUASI_UNIFORM_KNOTS.);
#7808 = CARTESIAN_POINT('',(5.248469173186,4.382179041662));
#7809 = CARTESIAN_POINT('',(5.250135845106,4.387073335174));
#7810 = CARTESIAN_POINT('',(5.253460020315,4.396879642372));
#7811 = CARTESIAN_POINT('',(5.258417158982,4.4116397038));
#7812 = CARTESIAN_POINT('',(5.263343537587,4.426447884567));
#7813 = CARTESIAN_POINT('',(5.268237582034,4.441301428313));
#7814 = CARTESIAN_POINT('',(5.273097758397,4.456197408973));
#7815 = CARTESIAN_POINT('',(5.277922578277,4.47113271426));
#7816 = CARTESIAN_POINT('',(5.282710596844,4.486104062877));
#7817 = CARTESIAN_POINT('',(5.28746041276,4.501108013742));
#7818 = CARTESIAN_POINT('',(5.292170667523,4.516140978349));
#7819 = CARTESIAN_POINT('',(5.296840044894,4.531199233242));
#7820 = CARTESIAN_POINT('',(5.301467270231,4.546278933338));
#7821 = CARTESIAN_POINT('',(5.306051109784,4.561376125841));
#7822 = CARTESIAN_POINT('',(5.310590369939,4.576486764732));
#7823 = CARTESIAN_POINT('',(5.315083896415,4.591606725763));
#7824 = CARTESIAN_POINT('',(5.319530573415,4.606731821874));
#7825 = CARTESIAN_POINT('',(5.323929322749,4.62185781898));
#7826 = CARTESIAN_POINT('',(5.328279102891,4.636980451976));
#7827 = CARTESIAN_POINT('',(5.332578908091,4.652095441139));
#7828 = CARTESIAN_POINT('',(5.336827767107,4.66719850791));
#7829 = CARTESIAN_POINT('',(5.341024743227,4.682285393424));
#7830 = CARTESIAN_POINT('',(5.345168929326,4.697351866867));
#7831 = CARTESIAN_POINT('',(5.347895950658,4.707379803291));
#7832 = CARTESIAN_POINT('',(5.349250372912,4.712388980385));
#7833 = ( GEOMETRIC_REPRESENTATION_CONTEXT(2) 
PARAMETRIC_REPRESENTATION_CONTEXT() REPRESENTATION_CONTEXT('2D SPACE',''
  ) );
#7834 = ORIENTED_EDGE('',*,*,#7835,.T.);
#7835 = EDGE_CURVE('',#7789,#4061,#7836,.T.);
#7836 = SURFACE_CURVE('',#7837,(#7841,#7848),.PCURVE_S1.);
#7837 = LINE('',#7838,#7839);
#7838 = CARTESIAN_POINT('',(247.93398373935,-60.,14.991948590538));
#7839 = VECTOR('',#7840,1.);
#7840 = DIRECTION('',(1.,0.,0.));
#7841 = PCURVE('',#3557,#7842);
#7842 = DEFINITIONAL_REPRESENTATION('',(#7843),#7847);
#7843 = LINE('',#7844,#7845);
#7844 = CARTESIAN_POINT('',(5.995974295269,-79.86457266218));
#7845 = VECTOR('',#7846,1.);
#7846 = DIRECTION('',(0.,1.));
#7847 = ( GEOMETRIC_REPRESENTATION_CONTEXT(2) 
PARAMETRIC_REPRESENTATION_CONTEXT() REPRESENTATION_CONTEXT('2D SPACE',''
  ) );
#7848 = PCURVE('',#4231,#7849);
#7849 = DEFINITIONAL_REPRESENTATION('',(#7850),#7854);
#7850 = LINE('',#7851,#7852);
#7851 = CARTESIAN_POINT('',(0.,20.));
#7852 = VECTOR('',#7853,1.);
#7853 = DIRECTION('',(1.,0.));
#7854 = ( GEOMETRIC_REPRESENTATION_CONTEXT(2) 
PARAMETRIC_REPRESENTATION_CONTEXT() REPRESENTATION_CONTEXT('2D SPACE',''
  ) );
#7855 = FACE_BOUND('',#7856,.T.);
#7856 = EDGE_LOOP('',(#7857));
#7857 = ORIENTED_EDGE('',*,*,#7858,.T.);
#7858 = EDGE_CURVE('',#7859,#7859,#7861,.T.);
#7859 = VERTEX_POINT('',#7860);
#7860 = CARTESIAN_POINT('',(351.69999999999,-60.,-48.00033833779));
#7861 = SURFACE_CURVE('',#7862,(#7867,#7878),.PCURVE_S1.);
#7862 = CIRCLE('',#7863,1.8);
#7863 = AXIS2_PLACEMENT_3D('',#7864,#7865,#7866);
#7864 = CARTESIAN_POINT('',(353.49999999999,-60.,-48.00033833779));
#7865 = DIRECTION('',(0.,-1.,0.));
#7866 = DIRECTION('',(1.,0.,0.));
#7867 = PCURVE('',#3557,#7868);
#7868 = DEFINITIONAL_REPRESENTATION('',(#7869),#7877);
#7869 = ( BOUNDED_CURVE() B_SPLINE_CURVE(2,(#7870,#7871,#7872,#7873,
#7874,#7875,#7876),.UNSPECIFIED.,.T.,.F.) B_SPLINE_CURVE_WITH_KNOTS((1,2
    ,2,2,2,1),(-2.094395102393,0.,2.094395102393,4.188790204786,
6.28318530718,8.377580409573),.UNSPECIFIED.) CURVE() 
GEOMETRIC_REPRESENTATION_ITEM() RATIONAL_B_SPLINE_CURVE((1.,0.5,1.,0.5,
1.,0.5,1.)) REPRESENTATION_ITEM('') );
#7870 = CARTESIAN_POINT('',(-56.99631263306,27.501443598462));
#7871 = CARTESIAN_POINT('',(-53.87862117944,27.501443598462));
#7872 = CARTESIAN_POINT('',(-55.43746690625,24.801443598462));
#7873 = CARTESIAN_POINT('',(-56.99631263306,22.101443598462));
#7874 = CARTESIAN_POINT('',(-58.55515835987,24.801443598462));
#7875 = CARTESIAN_POINT('',(-60.11400408669,27.501443598462));
#7876 = CARTESIAN_POINT('',(-56.99631263306,27.501443598462));
#7877 = ( GEOMETRIC_REPRESENTATION_CONTEXT(2) 
PARAMETRIC_REPRESENTATION_CONTEXT() REPRESENTATION_CONTEXT('2D SPACE',''
  ) );
#7878 = PCURVE('',#7879,#7884);
#7879 = CYLINDRICAL_SURFACE('',#7880,1.8);
#7880 = AXIS2_PLACEMENT_3D('',#7881,#7882,#7883);
#7881 = CARTESIAN_POINT('',(353.49999999999,-59.96033833779,
    -48.00033833779));
#7882 = DIRECTION('',(0.,-1.,3.E-16));
#7883 = DIRECTION('',(1.,0.,0.));
#7884 = DEFINITIONAL_REPRESENTATION('',(#7885),#7889);
#7885 = LINE('',#7886,#7887);
#7886 = CARTESIAN_POINT('',(-6.28318530718,3.9661662201E-02));
#7887 = VECTOR('',#7888,1.);
#7888 = DIRECTION('',(1.,0.));
#7889 = ( GEOMETRIC_REPRESENTATION_CONTEXT(2) 
PARAMETRIC_REPRESENTATION_CONTEXT() REPRESENTATION_CONTEXT('2D SPACE',''
  ) );
#7890 = ADVANCED_FACE('',(#7891),#3583,.F.);
#7891 = FACE_BOUND('',#7892,.F.);
#7892 = EDGE_LOOP('',(#7893,#7894,#7915,#7916));
#7893 = ORIENTED_EDGE('',*,*,#5202,.F.);
#7894 = ORIENTED_EDGE('',*,*,#7895,.T.);
#7895 = EDGE_CURVE('',#5175,#7680,#7896,.T.);
#7896 = SURFACE_CURVE('',#7897,(#7901,#7908),.PCURVE_S1.);
#7897 = LINE('',#7898,#7899);
#7898 = CARTESIAN_POINT('',(330.14549418873,-70.,12.09556989464));
#7899 = VECTOR('',#7900,1.);
#7900 = DIRECTION('',(0.,1.,-2.2E-16));
#7901 = PCURVE('',#3583,#7902);
#7902 = DEFINITIONAL_REPRESENTATION('',(#7903),#7907);
#7903 = LINE('',#7904,#7905);
#7904 = CARTESIAN_POINT('',(-0.,0.));
#7905 = VECTOR('',#7906,1.);
#7906 = DIRECTION('',(-3.697785493223E-32,-1.));
#7907 = ( GEOMETRIC_REPRESENTATION_CONTEXT(2) 
PARAMETRIC_REPRESENTATION_CONTEXT() REPRESENTATION_CONTEXT('2D SPACE',''
  ) );
#7908 = PCURVE('',#5190,#7909);
#7909 = DEFINITIONAL_REPRESENTATION('',(#7910),#7914);
#7910 = LINE('',#7911,#7912);
#7911 = CARTESIAN_POINT('',(0.230940107676,1.426166153889E-14));
#7912 = VECTOR('',#7913,1.);
#7913 = DIRECTION('',(0.,-1.));
#7914 = ( GEOMETRIC_REPRESENTATION_CONTEXT(2) 
PARAMETRIC_REPRESENTATION_CONTEXT() REPRESENTATION_CONTEXT('2D SPACE',''
  ) );
#7915 = ORIENTED_EDGE('',*,*,#7702,.F.);
#7916 = ORIENTED_EDGE('',*,*,#3569,.F.);
#7917 = ADVANCED_FACE('',(#7918),#3861,.F.);
#7918 = FACE_BOUND('',#7919,.F.);
#7919 = EDGE_LOOP('',(#7920,#7921,#7944,#7965));
#7920 = ORIENTED_EDGE('',*,*,#5277,.F.);
#7921 = ORIENTED_EDGE('',*,*,#7922,.T.);
#7922 = EDGE_CURVE('',#5250,#7923,#7925,.T.);
#7923 = VERTEX_POINT('',#7924);
#7924 = CARTESIAN_POINT('',(368.98351230808,-55.,81.163188571639));
#7925 = SURFACE_CURVE('',#7926,(#7930,#7937),.PCURVE_S1.);
#7926 = LINE('',#7927,#7928);
#7927 = CARTESIAN_POINT('',(368.98351230808,-70.,81.163188571639));
#7928 = VECTOR('',#7929,1.);
#7929 = DIRECTION('',(0.,1.,-2.2E-16));
#7930 = PCURVE('',#3861,#7931);
#7931 = DEFINITIONAL_REPRESENTATION('',(#7932),#7936);
#7932 = LINE('',#7933,#7934);
#7933 = CARTESIAN_POINT('',(0.,0.));
#7934 = VECTOR('',#7935,1.);
#7935 = DIRECTION('',(0.,-1.));
#7936 = ( GEOMETRIC_REPRESENTATION_CONTEXT(2) 
PARAMETRIC_REPRESENTATION_CONTEXT() REPRESENTATION_CONTEXT('2D SPACE',''
  ) );
#7937 = PCURVE('',#5265,#7938);
#7938 = DEFINITIONAL_REPRESENTATION('',(#7939),#7943);
#7939 = LINE('',#7940,#7941);
#7940 = CARTESIAN_POINT('',(20.,4.4E-15));
#7941 = VECTOR('',#7942,1.);
#7942 = DIRECTION('',(0.,-1.));
#7943 = ( GEOMETRIC_REPRESENTATION_CONTEXT(2) 
PARAMETRIC_REPRESENTATION_CONTEXT() REPRESENTATION_CONTEXT('2D SPACE',''
  ) );
#7944 = ORIENTED_EDGE('',*,*,#7945,.T.);
#7945 = EDGE_CURVE('',#7923,#3820,#7946,.T.);
#7946 = SURFACE_CURVE('',#7947,(#7951,#7958),.PCURVE_S1.);
#7947 = LINE('',#7948,#7949);
#7948 = CARTESIAN_POINT('',(368.98351230808,-55.,81.163188571639));
#7949 = VECTOR('',#7950,1.);
#7950 = DIRECTION('',(-1.,0.,0.));
#7951 = PCURVE('',#3861,#7952);
#7952 = DEFINITIONAL_REPRESENTATION('',(#7953),#7957);
#7953 = LINE('',#7954,#7955);
#7954 = CARTESIAN_POINT('',(0.,-15.));
#7955 = VECTOR('',#7956,1.);
#7956 = DIRECTION('',(1.,0.));
#7957 = ( GEOMETRIC_REPRESENTATION_CONTEXT(2) 
PARAMETRIC_REPRESENTATION_CONTEXT() REPRESENTATION_CONTEXT('2D SPACE',''
  ) );
#7958 = PCURVE('',#3835,#7959);
#7959 = DEFINITIONAL_REPRESENTATION('',(#7960),#7964);
#7960 = LINE('',#7961,#7962);
#7961 = CARTESIAN_POINT('',(-10.,57.5));
#7962 = VECTOR('',#7963,1.);
#7963 = DIRECTION('',(-0.,-1.));
#7964 = ( GEOMETRIC_REPRESENTATION_CONTEXT(2) 
PARAMETRIC_REPRESENTATION_CONTEXT() REPRESENTATION_CONTEXT('2D SPACE',''
  ) );
#7965 = ORIENTED_EDGE('',*,*,#3847,.T.);
#7966 = ADVANCED_FACE('',(#7967,#8015),#3835,.T.);
#7967 = FACE_BOUND('',#7968,.T.);
#7968 = EDGE_LOOP('',(#7969,#7970,#7971,#7994));
#7969 = ORIENTED_EDGE('',*,*,#7945,.T.);
#7970 = ORIENTED_EDGE('',*,*,#3819,.T.);
#7971 = ORIENTED_EDGE('',*,*,#7972,.T.);
#7972 = EDGE_CURVE('',#3792,#7973,#7975,.T.);
#7973 = VERTEX_POINT('',#7974);
#7974 = CARTESIAN_POINT('',(368.98351230808,-55.,61.163188571639));
#7975 = SURFACE_CURVE('',#7976,(#7980,#7987),.PCURVE_S1.);
#7976 = LINE('',#7977,#7978);
#7977 = CARTESIAN_POINT('',(253.98351230808,-55.,61.163188571639));
#7978 = VECTOR('',#7979,1.);
#7979 = DIRECTION('',(1.,0.,0.));
#7980 = PCURVE('',#3835,#7981);
#7981 = DEFINITIONAL_REPRESENTATION('',(#7982),#7986);
#7982 = LINE('',#7983,#7984);
#7983 = CARTESIAN_POINT('',(10.,-57.5));
#7984 = VECTOR('',#7985,1.);
#7985 = DIRECTION('',(0.,1.));
#7986 = ( GEOMETRIC_REPRESENTATION_CONTEXT(2) 
PARAMETRIC_REPRESENTATION_CONTEXT() REPRESENTATION_CONTEXT('2D SPACE',''
  ) );
#7987 = PCURVE('',#3807,#7988);
#7988 = DEFINITIONAL_REPRESENTATION('',(#7989),#7993);
#7989 = LINE('',#7990,#7991);
#7990 = CARTESIAN_POINT('',(0.,-15.));
#7991 = VECTOR('',#7992,1.);
#7992 = DIRECTION('',(1.,0.));
#7993 = ( GEOMETRIC_REPRESENTATION_CONTEXT(2) 
PARAMETRIC_REPRESENTATION_CONTEXT() REPRESENTATION_CONTEXT('2D SPACE',''
  ) );
#7994 = ORIENTED_EDGE('',*,*,#7995,.T.);
#7995 = EDGE_CURVE('',#7973,#7923,#7996,.T.);
#7996 = SURFACE_CURVE('',#7997,(#8001,#8008),.PCURVE_S1.);
#7997 = LINE('',#7998,#7999);
#7998 = CARTESIAN_POINT('',(368.98351230808,-55.,61.163188571639));
#7999 = VECTOR('',#8000,1.);
#8000 = DIRECTION('',(0.,0.,1.));
#8001 = PCURVE('',#3835,#8002);
#8002 = DEFINITIONAL_REPRESENTATION('',(#8003),#8007);
#8003 = LINE('',#8004,#8005);
#8004 = CARTESIAN_POINT('',(10.,57.5));
#8005 = VECTOR('',#8006,1.);
#8006 = DIRECTION('',(-1.,0.));
#8007 = ( GEOMETRIC_REPRESENTATION_CONTEXT(2) 
PARAMETRIC_REPRESENTATION_CONTEXT() REPRESENTATION_CONTEXT('2D SPACE',''
  ) );
#8008 = PCURVE('',#5265,#8009);
#8009 = DEFINITIONAL_REPRESENTATION('',(#8010),#8014);
#8010 = LINE('',#8011,#8012);
#8011 = CARTESIAN_POINT('',(3.3E-15,-15.));
#8012 = VECTOR('',#8013,1.);
#8013 = DIRECTION('',(1.,2.2E-16));
#8014 = ( GEOMETRIC_REPRESENTATION_CONTEXT(2) 
PARAMETRIC_REPRESENTATION_CONTEXT() REPRESENTATION_CONTEXT('2D SPACE',''
  ) );
#8015 = FACE_BOUND('',#8016,.T.);
#8016 = EDGE_LOOP('',(#8017));
#8017 = ORIENTED_EDGE('',*,*,#8018,.F.);
#8018 = EDGE_CURVE('',#8019,#8019,#8021,.T.);
#8019 = VERTEX_POINT('',#8020);
#8020 = CARTESIAN_POINT('',(349.4167693535,-55.,71.163188571639));
#8021 = SURFACE_CURVE('',#8022,(#8027,#8034),.PCURVE_S1.);
#8022 = CIRCLE('',#8023,2.25);
#8023 = AXIS2_PLACEMENT_3D('',#8024,#8025,#8026);
#8024 = CARTESIAN_POINT('',(347.1667693535,-55.,71.163188571639));
#8025 = DIRECTION('',(0.,-1.,2.2E-16));
#8026 = DIRECTION('',(1.,0.,0.));
#8027 = PCURVE('',#3835,#8028);
#8028 = DEFINITIONAL_REPRESENTATION('',(#8029),#8033);
#8029 = CIRCLE('',#8030,2.25);
#8030 = AXIS2_PLACEMENT_2D('',#8031,#8032);
#8031 = CARTESIAN_POINT('',(4.263256414561E-14,35.683257045419));
#8032 = DIRECTION('',(0.,1.));
#8033 = ( GEOMETRIC_REPRESENTATION_CONTEXT(2) 
PARAMETRIC_REPRESENTATION_CONTEXT() REPRESENTATION_CONTEXT('2D SPACE',''
  ) );
#8034 = PCURVE('',#8035,#8040);
#8035 = CYLINDRICAL_SURFACE('',#8036,2.25);
#8036 = AXIS2_PLACEMENT_3D('',#8037,#8038,#8039);
#8037 = CARTESIAN_POINT('',(347.1667693535,-70.,71.163188571639));
#8038 = DIRECTION('',(0.,-1.,2.2E-16));
#8039 = DIRECTION('',(1.,0.,0.));
#8040 = DEFINITIONAL_REPRESENTATION('',(#8041),#8045);
#8041 = LINE('',#8042,#8043);
#8042 = CARTESIAN_POINT('',(0.,-15.));
#8043 = VECTOR('',#8044,1.);
#8044 = DIRECTION('',(1.,0.));
#8045 = ( GEOMETRIC_REPRESENTATION_CONTEXT(2) 
PARAMETRIC_REPRESENTATION_CONTEXT() REPRESENTATION_CONTEXT('2D SPACE',''
  ) );
#8046 = ADVANCED_FACE('',(#8047),#3807,.F.);
#8047 = FACE_BOUND('',#8048,.F.);
#8048 = EDGE_LOOP('',(#8049,#8050,#8051,#8052));
#8049 = ORIENTED_EDGE('',*,*,#5226,.F.);
#8050 = ORIENTED_EDGE('',*,*,#3791,.T.);
#8051 = ORIENTED_EDGE('',*,*,#7972,.T.);
#8052 = ORIENTED_EDGE('',*,*,#8053,.F.);
#8053 = EDGE_CURVE('',#5227,#7973,#8054,.T.);
#8054 = SURFACE_CURVE('',#8055,(#8059,#8066),.PCURVE_S1.);
#8055 = LINE('',#8056,#8057);
#8056 = CARTESIAN_POINT('',(368.98351230808,-70.,61.163188571639));
#8057 = VECTOR('',#8058,1.);
#8058 = DIRECTION('',(0.,1.,-2.2E-16));
#8059 = PCURVE('',#3807,#8060);
#8060 = DEFINITIONAL_REPRESENTATION('',(#8061),#8065);
#8061 = LINE('',#8062,#8063);
#8062 = CARTESIAN_POINT('',(115.,0.));
#8063 = VECTOR('',#8064,1.);
#8064 = DIRECTION('',(0.,-1.));
#8065 = ( GEOMETRIC_REPRESENTATION_CONTEXT(2) 
PARAMETRIC_REPRESENTATION_CONTEXT() REPRESENTATION_CONTEXT('2D SPACE',''
  ) );
#8066 = PCURVE('',#5265,#8067);
#8067 = DEFINITIONAL_REPRESENTATION('',(#8068),#8072);
#8068 = LINE('',#8069,#8070);
#8069 = CARTESIAN_POINT('',(0.,0.));
#8070 = VECTOR('',#8071,1.);
#8071 = DIRECTION('',(0.,-1.));
#8072 = ( GEOMETRIC_REPRESENTATION_CONTEXT(2) 
PARAMETRIC_REPRESENTATION_CONTEXT() REPRESENTATION_CONTEXT('2D SPACE',''
  ) );
#8073 = ADVANCED_FACE('',(#8074),#3732,.T.);
#8074 = FACE_BOUND('',#8075,.T.);
#8075 = EDGE_LOOP('',(#8076,#8077,#8098,#8099));
#8076 = ORIENTED_EDGE('',*,*,#5299,.F.);
#8077 = ORIENTED_EDGE('',*,*,#8078,.T.);
#8078 = EDGE_CURVE('',#5300,#6773,#8079,.T.);
#8079 = SURFACE_CURVE('',#8080,(#8084,#8091),.PCURVE_S1.);
#8080 = LINE('',#8081,#8082);
#8081 = CARTESIAN_POINT('',(330.14549418873,-70.,93.314629786965));
#8082 = VECTOR('',#8083,1.);
#8083 = DIRECTION('',(0.,1.,-2.2E-16));
#8084 = PCURVE('',#3732,#8085);
#8085 = DEFINITIONAL_REPRESENTATION('',(#8086),#8090);
#8086 = LINE('',#8087,#8088);
#8087 = CARTESIAN_POINT('',(0.,0.));
#8088 = VECTOR('',#8089,1.);
#8089 = DIRECTION('',(3.697785493223E-32,-1.));
#8090 = ( GEOMETRIC_REPRESENTATION_CONTEXT(2) 
PARAMETRIC_REPRESENTATION_CONTEXT() REPRESENTATION_CONTEXT('2D SPACE',''
  ) );
#8091 = PCURVE('',#5338,#8092);
#8092 = DEFINITIONAL_REPRESENTATION('',(#8093),#8097);
#8093 = LINE('',#8094,#8095);
#8094 = CARTESIAN_POINT('',(-3.126388037344E-30,1.42108547152E-14));
#8095 = VECTOR('',#8096,1.);
#8096 = DIRECTION('',(0.,-1.));
#8097 = ( GEOMETRIC_REPRESENTATION_CONTEXT(2) 
PARAMETRIC_REPRESENTATION_CONTEXT() REPRESENTATION_CONTEXT('2D SPACE',''
  ) );
#8098 = ORIENTED_EDGE('',*,*,#6772,.F.);
#8099 = ORIENTED_EDGE('',*,*,#3716,.F.);
#8100 = ADVANCED_FACE('',(#8101,#8148),#4076,.F.);
#8101 = FACE_BOUND('',#8102,.F.);
#8102 = EDGE_LOOP('',(#8103,#8104,#8125,#8126,#8127));
#8103 = ORIENTED_EDGE('',*,*,#4736,.F.);
#8104 = ORIENTED_EDGE('',*,*,#8105,.T.);
#8105 = EDGE_CURVE('',#4714,#4059,#8106,.T.);
#8106 = SURFACE_CURVE('',#8107,(#8111,#8118),.PCURVE_S1.);
#8107 = LINE('',#8108,#8109);
#8108 = CARTESIAN_POINT('',(397.88565332714,-70.,46.07133800679));
#8109 = VECTOR('',#8110,1.);
#8110 = DIRECTION('',(0.,1.,-2.2E-16));
#8111 = PCURVE('',#4076,#8112);
#8112 = DEFINITIONAL_REPRESENTATION('',(#8113),#8117);
#8113 = LINE('',#8114,#8115);
#8114 = CARTESIAN_POINT('',(-0.,0.));
#8115 = VECTOR('',#8116,1.);
#8116 = DIRECTION('',(0.,-1.));
#8117 = ( GEOMETRIC_REPRESENTATION_CONTEXT(2) 
PARAMETRIC_REPRESENTATION_CONTEXT() REPRESENTATION_CONTEXT('2D SPACE',''
  ) );
#8118 = PCURVE('',#4104,#8119);
#8119 = DEFINITIONAL_REPRESENTATION('',(#8120),#8124);
#8120 = LINE('',#8121,#8122);
#8121 = CARTESIAN_POINT('',(25.925227430096,0.));
#8122 = VECTOR('',#8123,1.);
#8123 = DIRECTION('',(0.,-1.));
#8124 = ( GEOMETRIC_REPRESENTATION_CONTEXT(2) 
PARAMETRIC_REPRESENTATION_CONTEXT() REPRESENTATION_CONTEXT('2D SPACE',''
  ) );
#8125 = ORIENTED_EDGE('',*,*,#4058,.T.);
#8126 = ORIENTED_EDGE('',*,*,#7403,.T.);
#8127 = ORIENTED_EDGE('',*,*,#8128,.T.);
#8128 = EDGE_CURVE('',#7404,#4737,#8129,.T.);
#8129 = SURFACE_CURVE('',#8130,(#8134,#8141),.PCURVE_S1.);
#8130 = LINE('',#8131,#8132);
#8131 = CARTESIAN_POINT('',(397.88565332714,-70.,-45.14549418873));
#8132 = VECTOR('',#8133,1.);
#8133 = DIRECTION('',(-0.,-1.,-0.));
#8134 = PCURVE('',#4076,#8135);
#8135 = DEFINITIONAL_REPRESENTATION('',(#8136),#8140);
#8136 = LINE('',#8137,#8138);
#8137 = CARTESIAN_POINT('',(91.216832195521,-5.856848367813E-15));
#8138 = VECTOR('',#8139,1.);
#8139 = DIRECTION('',(2.2E-16,1.));
#8140 = ( GEOMETRIC_REPRESENTATION_CONTEXT(2) 
PARAMETRIC_REPRESENTATION_CONTEXT() REPRESENTATION_CONTEXT('2D SPACE',''
  ) );
#8141 = PCURVE('',#4775,#8142);
#8142 = DEFINITIONAL_REPRESENTATION('',(#8143),#8147);
#8143 = LINE('',#8144,#8145);
#8144 = CARTESIAN_POINT('',(-11.46320232232,-4.932951657798));
#8145 = VECTOR('',#8146,1.);
#8146 = DIRECTION('',(0.,-1.));
#8147 = ( GEOMETRIC_REPRESENTATION_CONTEXT(2) 
PARAMETRIC_REPRESENTATION_CONTEXT() REPRESENTATION_CONTEXT('2D SPACE',''
  ) );
#8148 = FACE_BOUND('',#8149,.F.);
#8149 = EDGE_LOOP('',(#8150));
#8150 = ORIENTED_EDGE('',*,*,#8151,.F.);
#8151 = EDGE_CURVE('',#8152,#8152,#8154,.T.);
#8152 = VERTEX_POINT('',#8153);
#8153 = CARTESIAN_POINT('',(397.88565332714,-61.00220108783,-10.5));
#8154 = SURFACE_CURVE('',#8155,(#8273,#8394),.PCURVE_S1.);
#8155 = B_SPLINE_CURVE_WITH_KNOTS('',6,(#8156,#8157,#8158,#8159,#8160,
    #8161,#8162,#8163,#8164,#8165,#8166,#8167,#8168,#8169,#8170,#8171,
    #8172,#8173,#8174,#8175,#8176,#8177,#8178,#8179,#8180,#8181,#8182,
    #8183,#8184,#8185,#8186,#8187,#8188,#8189,#8190,#8191,#8192,#8193,
    #8194,#8195,#8196,#8197,#8198,#8199,#8200,#8201,#8202,#8203,#8204,
    #8205,#8206,#8207,#8208,#8209,#8210,#8211,#8212,#8213,#8214,#8215,
    #8216,#8217,#8218,#8219,#8220,#8221,#8222,#8223,#8224,#8225,#8226,
    #8227,#8228,#8229,#8230,#8231,#8232,#8233,#8234,#8235,#8236,#8237,
    #8238,#8239,#8240,#8241,#8242,#8243,#8244,#8245,#8246,#8247,#8248,
    #8249,#8250,#8251,#8252,#8253,#8254,#8255,#8256,#8257,#8258,#8259,
    #8260,#8261,#8262,#8263,#8264,#8265,#8266,#8267,#8268,#8269,#8270,
    #8271,#8272),.UNSPECIFIED.,.T.,.F.,(7,5,5,5,5,5,5,5,5,5,5,5,5,5,5,5,
    5,5,5,5,5,5,5,7),(0.,8.289579801585E-02,0.124880151828,
    0.166896494992,0.192921124322,0.249998424095,0.307075723867,
    0.333100353197,0.375116696361,0.417101050173,0.443076945375,
    0.499999833104,0.539943514259,0.556923137114,0.582899027479,
    0.624883373475,0.666899708817,0.692924333302,0.750001622448,
    0.807078911594,0.83310353608,0.875119871422,0.917104217417,1.),
  .UNSPECIFIED.);
#8156 = CARTESIAN_POINT('',(397.88565332714,-61.00220108783,-10.5));
#8157 = CARTESIAN_POINT('',(397.88565332714,-61.00220108783,
    -10.66083159736));
#8158 = CARTESIAN_POINT('',(397.88565332714,-61.01904370942,
    -10.821687256));
#8159 = CARTESIAN_POINT('',(397.88565332714,-61.05273784853,
    -10.98031146523));
#8160 = CARTESIAN_POINT('',(397.88565332714,-61.10286665828,
    -11.13453807978));
#8161 = CARTESIAN_POINT('',(397.88565332714,-61.16868893605,
    -11.28229279238));
#8162 = CARTESIAN_POINT('',(397.88565332714,-61.28976513906,
    -11.4922190634));
#8163 = CARTESIAN_POINT('',(397.88565332714,-61.33420606139,
    -11.56064580077));
#8164 = CARTESIAN_POINT('',(397.88565332714,-61.38223739574,
    -11.62667571139));
#8165 = CARTESIAN_POINT('',(397.88565332714,-61.43369380246,
    -11.69007714944));
#8166 = CARTESIAN_POINT('',(397.88565332714,-61.48839036692,
    -11.75063427249));
#8167 = CARTESIAN_POINT('',(397.88565332714,-61.60390028382,
    -11.86570463927));
#8168 = CARTESIAN_POINT('',(397.88565332714,-61.6647193127,
    -11.92021428729));
#8169 = CARTESIAN_POINT('',(397.88565332714,-61.72837614768,
    -11.97147666208));
#8170 = CARTESIAN_POINT('',(397.88565332714,-61.7946511278,
    -12.0193117517));
#8171 = CARTESIAN_POINT('',(397.88565332714,-61.86331001663,
    -12.06355964166));
#8172 = CARTESIAN_POINT('',(397.88565332714,-61.97795462322,
    -12.12917931768));
#8173 = CARTESIAN_POINT('',(397.88565332714,-62.02262417267,
    -12.15284827166));
#8174 = CARTESIAN_POINT('',(397.88565332714,-62.06805468507,
    -12.1750546296));
#8175 = CARTESIAN_POINT('',(397.88565332714,-62.11418591159,
    -12.19576865922));
#8176 = CARTESIAN_POINT('',(397.88565332714,-62.16095613593,
    -12.21496392547));
#8177 = CARTESIAN_POINT('',(397.88565332714,-62.31214165597,
    -12.27133470673));
#8178 = CARTESIAN_POINT('',(397.88565332714,-62.41875416354,
    -12.30263629849));
#8179 = CARTESIAN_POINT('',(397.88565332714,-62.52746863163,
    -12.32627675123));
#8180 = CARTESIAN_POINT('',(397.88565332714,-62.63759605913,
    -12.34209209982));
#8181 = CARTESIAN_POINT('',(397.88565332714,-62.74843345551,-12.35));
#8182 = CARTESIAN_POINT('',(397.88565332714,-62.97010211906,-12.35));
#8183 = CARTESIAN_POINT('',(397.88565332714,-63.08093951544,
    -12.34209209982));
#8184 = CARTESIAN_POINT('',(397.88565332714,-63.19106694294,
    -12.32627675123));
#8185 = CARTESIAN_POINT('',(397.88565332714,-63.29978141103,
    -12.30263629849));
#8186 = CARTESIAN_POINT('',(397.88565332714,-63.4063939186,
    -12.27133470673));
#8187 = CARTESIAN_POINT('',(397.88565332714,-63.55757943864,
    -12.21496392547));
#8188 = CARTESIAN_POINT('',(397.88565332714,-63.60434966298,
    -12.19576865922));
#8189 = CARTESIAN_POINT('',(397.88565332714,-63.65048088951,
    -12.1750546296));
#8190 = CARTESIAN_POINT('',(397.88565332714,-63.6959114019,
    -12.15284827166));
#8191 = CARTESIAN_POINT('',(397.88565332714,-63.74058095135,
    -12.12917931768));
#8192 = CARTESIAN_POINT('',(397.88565332714,-63.85522555794,
    -12.06355964166));
#8193 = CARTESIAN_POINT('',(397.88565332714,-63.92388444677,
    -12.0193117517));
#8194 = CARTESIAN_POINT('',(397.88565332714,-63.99015942689,
    -11.97147666208));
#8195 = CARTESIAN_POINT('',(397.88565332714,-64.05381626188,
    -11.92021428729));
#8196 = CARTESIAN_POINT('',(397.88565332714,-64.11463529075,
    -11.86570463927));
#8197 = CARTESIAN_POINT('',(397.88565332714,-64.23014520765,
    -11.75063427249));
#8198 = CARTESIAN_POINT('',(397.88565332714,-64.28484177211,
    -11.69007714944));
#8199 = CARTESIAN_POINT('',(397.88565332714,-64.33629817883,
    -11.62667571139));
#8200 = CARTESIAN_POINT('',(397.88565332714,-64.38432951318,
    -11.56064580077));
#8201 = CARTESIAN_POINT('',(397.88565332714,-64.42877043552,
    -11.4922190634));
#8202 = CARTESIAN_POINT('',(397.88565332714,-64.49466056125,
    -11.37797639598));
#8203 = CARTESIAN_POINT('',(397.88565332714,-64.51841550316,
    -11.33348706863));
#8204 = CARTESIAN_POINT('',(397.88565332714,-64.5407064928,
    -11.28823279631));
#8205 = CARTESIAN_POINT('',(397.88565332714,-64.56150262477,
    -11.24227356904));
#8206 = CARTESIAN_POINT('',(397.88565332714,-64.58077633373,
    -11.19567103336));
#8207 = CARTESIAN_POINT('',(397.88565332714,-64.63735000477,
    -11.0450939235));
#8208 = CARTESIAN_POINT('',(397.88565332714,-64.66877061034,
    -10.93891024316));
#8209 = CARTESIAN_POINT('',(397.88565332714,-64.69250885462,
    -10.83060915159));
#8210 = CARTESIAN_POINT('',(397.88565332714,-64.70839246703,
    -10.72088281197));
#8211 = CARTESIAN_POINT('',(397.88565332714,-64.71633448674,
    -10.61043962441));
#8212 = CARTESIAN_POINT('',(397.88565332714,-64.71633448674,
    -10.42250278718));
#8213 = CARTESIAN_POINT('',(397.88565332714,-64.71242387648,
    -10.34500480931));
#8214 = CARTESIAN_POINT('',(397.88565332714,-64.70460279258,
    -10.26775407031));
#8215 = CARTESIAN_POINT('',(397.88565332714,-64.69289225541,
    -10.19099579964));
#8216 = CARTESIAN_POINT('',(397.88565332714,-64.67733416909,
    -10.11497245227));
#8217 = CARTESIAN_POINT('',(397.88565332714,-64.64976888809,
    -10.00802130706));
#8218 = CARTESIAN_POINT('',(397.88565332714,-64.64086251449,
    -9.97629486856));
#8219 = CARTESIAN_POINT('',(397.88565332714,-64.63127700228,
    -9.944762692858));
#8220 = CARTESIAN_POINT('',(397.88565332714,-64.62101780268,
    -9.913442864169));
#8221 = CARTESIAN_POINT('',(397.88565332714,-64.61009101654,
    -9.882353251297));
#8222 = CARTESIAN_POINT('',(397.88565332714,-64.58077633373,
    -9.804328966633));
#8223 = CARTESIAN_POINT('',(397.88565332714,-64.56150262477,
    -9.757726430956));
#8224 = CARTESIAN_POINT('',(397.88565332714,-64.5407064928,
    -9.711767203688));
#8225 = CARTESIAN_POINT('',(397.88565332714,-64.51841550316,
    -9.66651293137));
#8226 = CARTESIAN_POINT('',(397.88565332714,-64.49466056125,
    -9.622023604019));
#8227 = CARTESIAN_POINT('',(397.88565332714,-64.42877043552,
    -9.507780936597));
#8228 = CARTESIAN_POINT('',(397.88565332714,-64.38432951318,
    -9.439354199225));
#8229 = CARTESIAN_POINT('',(397.88565332714,-64.33629817883,
    -9.373324288603));
#8230 = CARTESIAN_POINT('',(397.88565332714,-64.28484177211,
    -9.309922850559));
#8231 = CARTESIAN_POINT('',(397.88565332714,-64.23014520765,
    -9.249365727508));
#8232 = CARTESIAN_POINT('',(397.88565332714,-64.11463529075,
    -9.134295360721));
#8233 = CARTESIAN_POINT('',(397.88565332714,-64.05381626188,
    -9.079785712702));
#8234 = CARTESIAN_POINT('',(397.88565332714,-63.99015942689,
    -9.028523337911));
#8235 = CARTESIAN_POINT('',(397.88565332714,-63.92388444677,
    -8.980688248293));
#8236 = CARTESIAN_POINT('',(397.88565332714,-63.85522555794,
    -8.936440358336));
#8237 = CARTESIAN_POINT('',(397.88565332714,-63.74058095135,
    -8.870820682312));
#8238 = CARTESIAN_POINT('',(397.88565332714,-63.6959114019,
    -8.847151728337));
#8239 = CARTESIAN_POINT('',(397.88565332714,-63.65048088951,
    -8.8249453704));
#8240 = CARTESIAN_POINT('',(397.88565332714,-63.60434966298,
    -8.804231340773));
#8241 = CARTESIAN_POINT('',(397.88565332714,-63.55757943864,
    -8.785036074523));
#8242 = CARTESIAN_POINT('',(397.88565332714,-63.4063939186,
    -8.728665293266));
#8243 = CARTESIAN_POINT('',(397.88565332714,-63.29978141103,
    -8.697363701508));
#8244 = CARTESIAN_POINT('',(397.88565332714,-63.19106694294,
    -8.673723248761));
#8245 = CARTESIAN_POINT('',(397.88565332714,-63.08093951544,
    -8.657907900179));
#8246 = CARTESIAN_POINT('',(397.88565332714,-62.97010211906,-8.65));
#8247 = CARTESIAN_POINT('',(397.88565332714,-62.74843345551,-8.65));
#8248 = CARTESIAN_POINT('',(397.88565332714,-62.63759605913,
    -8.657907900179));
#8249 = CARTESIAN_POINT('',(397.88565332714,-62.52746863163,
    -8.673723248761));
#8250 = CARTESIAN_POINT('',(397.88565332714,-62.41875416354,
    -8.697363701508));
#8251 = CARTESIAN_POINT('',(397.88565332714,-62.31214165597,
    -8.728665293266));
#8252 = CARTESIAN_POINT('',(397.88565332714,-62.16095613593,
    -8.785036074523));
#8253 = CARTESIAN_POINT('',(397.88565332714,-62.11418591159,
    -8.804231340772));
#8254 = CARTESIAN_POINT('',(397.88565332714,-62.06805468507,
    -8.8249453704));
#8255 = CARTESIAN_POINT('',(397.88565332714,-62.02262417267,
    -8.847151728337));
#8256 = CARTESIAN_POINT('',(397.88565332714,-61.97795462322,
    -8.870820682312));
#8257 = CARTESIAN_POINT('',(397.88565332714,-61.86331001663,
    -8.936440358336));
#8258 = CARTESIAN_POINT('',(397.88565332714,-61.7946511278,
    -8.980688248293));
#8259 = CARTESIAN_POINT('',(397.88565332714,-61.72837614768,
    -9.028523337911));
#8260 = CARTESIAN_POINT('',(397.88565332714,-61.6647193127,
    -9.079785712701));
#8261 = CARTESIAN_POINT('',(397.88565332714,-61.60390028382,
    -9.134295360721));
#8262 = CARTESIAN_POINT('',(397.88565332714,-61.48839036692,
    -9.249365727508));
#8263 = CARTESIAN_POINT('',(397.88565332714,-61.43369380246,
    -9.309922850559));
#8264 = CARTESIAN_POINT('',(397.88565332714,-61.38223739574,
    -9.373324288603));
#8265 = CARTESIAN_POINT('',(397.88565332714,-61.33420606139,
    -9.439354199225));
#8266 = CARTESIAN_POINT('',(397.88565332714,-61.28976513906,
    -9.507780936597));
#8267 = CARTESIAN_POINT('',(397.88565332714,-61.16868893605,
    -9.717707207616));
#8268 = CARTESIAN_POINT('',(397.88565332714,-61.10286665828,
    -9.865461920216));
#8269 = CARTESIAN_POINT('',(397.88565332714,-61.05273784853,
    -10.01968853476));
#8270 = CARTESIAN_POINT('',(397.88565332714,-61.01904370942,
    -10.17831274399));
#8271 = CARTESIAN_POINT('',(397.88565332714,-61.00220108783,
    -10.33916840263));
#8272 = CARTESIAN_POINT('',(397.88565332714,-61.00220108783,-10.5));
#8273 = PCURVE('',#4076,#8274);
#8274 = DEFINITIONAL_REPRESENTATION('',(#8275),#8393);
#8275 = B_SPLINE_CURVE_WITH_KNOTS('',6,(#8276,#8277,#8278,#8279,#8280,
    #8281,#8282,#8283,#8284,#8285,#8286,#8287,#8288,#8289,#8290,#8291,
    #8292,#8293,#8294,#8295,#8296,#8297,#8298,#8299,#8300,#8301,#8302,
    #8303,#8304,#8305,#8306,#8307,#8308,#8309,#8310,#8311,#8312,#8313,
    #8314,#8315,#8316,#8317,#8318,#8319,#8320,#8321,#8322,#8323,#8324,
    #8325,#8326,#8327,#8328,#8329,#8330,#8331,#8332,#8333,#8334,#8335,
    #8336,#8337,#8338,#8339,#8340,#8341,#8342,#8343,#8344,#8345,#8346,
    #8347,#8348,#8349,#8350,#8351,#8352,#8353,#8354,#8355,#8356,#8357,
    #8358,#8359,#8360,#8361,#8362,#8363,#8364,#8365,#8366,#8367,#8368,
    #8369,#8370,#8371,#8372,#8373,#8374,#8375,#8376,#8377,#8378,#8379,
    #8380,#8381,#8382,#8383,#8384,#8385,#8386,#8387,#8388,#8389,#8390,
    #8391,#8392),.UNSPECIFIED.,.T.,.F.,(7,5,5,5,5,5,5,5,5,5,5,5,5,5,5,5,
    5,5,5,5,5,5,5,7),(0.,8.289579801585E-02,0.124880151828,
    0.166896494992,0.192921124322,0.249998424095,0.307075723867,
    0.333100353197,0.375116696361,0.417101050173,0.443076945375,
    0.499999833104,0.539943514259,0.556923137114,0.582899027479,
    0.624883373475,0.666899708817,0.692924333302,0.750001622448,
    0.807078911594,0.83310353608,0.875119871422,0.917104217417,1.),
  .UNSPECIFIED.);
#8276 = CARTESIAN_POINT('',(56.57133800679,-8.997798912165));
#8277 = CARTESIAN_POINT('',(56.732169604155,-8.997798912165));
#8278 = CARTESIAN_POINT('',(56.893025262793,-8.980956290576));
#8279 = CARTESIAN_POINT('',(57.051649472029,-8.947262151465));
#8280 = CARTESIAN_POINT('',(57.205876086573,-8.897133341712));
#8281 = CARTESIAN_POINT('',(57.353630799174,-8.831311063941));
#8282 = CARTESIAN_POINT('',(57.563557070192,-8.710234860939));
#8283 = CARTESIAN_POINT('',(57.631983807565,-8.665793938607));
#8284 = CARTESIAN_POINT('',(57.698013718187,-8.617762604251));
#8285 = CARTESIAN_POINT('',(57.76141515623,-8.566306197537));
#8286 = CARTESIAN_POINT('',(57.821972279282,-8.511609633072));
#8287 = CARTESIAN_POINT('',(57.937042646069,-8.396099716177));
#8288 = CARTESIAN_POINT('',(57.991552294088,-8.3352806873));
#8289 = CARTESIAN_POINT('',(58.042814668878,-8.271623852311));
#8290 = CARTESIAN_POINT('',(58.090649758497,-8.205348872198));
#8291 = CARTESIAN_POINT('',(58.134897648454,-8.136689983364));
#8292 = CARTESIAN_POINT('',(58.200517324478,-8.022045376776));
#8293 = CARTESIAN_POINT('',(58.224186278453,-7.977375827322));
#8294 = CARTESIAN_POINT('',(58.24639263639,-7.93194531493));
#8295 = CARTESIAN_POINT('',(58.267106666017,-7.885814088405));
#8296 = CARTESIAN_POINT('',(58.286301932266,-7.839043864067));
#8297 = CARTESIAN_POINT('',(58.342672713523,-7.687858344022));
#8298 = CARTESIAN_POINT('',(58.373974305282,-7.581245836456));
#8299 = CARTESIAN_POINT('',(58.397614758029,-7.472531368363));
#8300 = CARTESIAN_POINT('',(58.413430106611,-7.362403940866));
#8301 = CARTESIAN_POINT('',(58.42133800679,-7.251566544482));
#8302 = CARTESIAN_POINT('',(58.42133800679,-7.029897880937));
#8303 = CARTESIAN_POINT('',(58.413430106611,-6.919060484553));
#8304 = CARTESIAN_POINT('',(58.397614758029,-6.808933057056));
#8305 = CARTESIAN_POINT('',(58.373974305282,-6.700218588963));
#8306 = CARTESIAN_POINT('',(58.342672713523,-6.593606081397));
#8307 = CARTESIAN_POINT('',(58.286301932267,-6.442420561352));
#8308 = CARTESIAN_POINT('',(58.267106666017,-6.395650337015));
#8309 = CARTESIAN_POINT('',(58.24639263639,-6.34951911049));
#8310 = CARTESIAN_POINT('',(58.224186278453,-6.304088598098));
#8311 = CARTESIAN_POINT('',(58.200517324478,-6.259419048644));
#8312 = CARTESIAN_POINT('',(58.134897648454,-6.144774442056));
#8313 = CARTESIAN_POINT('',(58.090649758497,-6.076115553222));
#8314 = CARTESIAN_POINT('',(58.042814668879,-6.009840573108));
#8315 = CARTESIAN_POINT('',(57.991552294088,-5.94618373812));
#8316 = CARTESIAN_POINT('',(57.937042646069,-5.885364709242));
#8317 = CARTESIAN_POINT('',(57.821972279282,-5.769854792348));
#8318 = CARTESIAN_POINT('',(57.761415156231,-5.715158227882));
#8319 = CARTESIAN_POINT('',(57.698013718187,-5.663701821168));
#8320 = CARTESIAN_POINT('',(57.631983807565,-5.615670486812));
#8321 = CARTESIAN_POINT('',(57.563557070193,-5.57122956448));
#8322 = CARTESIAN_POINT('',(57.449314402771,-5.505339438746));
#8323 = CARTESIAN_POINT('',(57.40482507542,-5.481584496836));
#8324 = CARTESIAN_POINT('',(57.359570803102,-5.459293507198));
#8325 = CARTESIAN_POINT('',(57.313611575834,-5.438497375224));
#8326 = CARTESIAN_POINT('',(57.267009040158,-5.419223666269));
#8327 = CARTESIAN_POINT('',(57.116431930291,-5.362649995226));
#8328 = CARTESIAN_POINT('',(57.01024824995,-5.331229389658));
#8329 = CARTESIAN_POINT('',(56.901947158386,-5.307491145372));
#8330 = CARTESIAN_POINT('',(56.792220818767,-5.291607532969));
#8331 = CARTESIAN_POINT('',(56.681777631206,-5.283665513254));
#8332 = CARTESIAN_POINT('',(56.493840793972,-5.283665513254));
#8333 = CARTESIAN_POINT('',(56.416342816102,-5.287576123518));
#8334 = CARTESIAN_POINT('',(56.339092077103,-5.295397207419));
#8335 = CARTESIAN_POINT('',(56.26233380643,-5.307107744588));
#8336 = CARTESIAN_POINT('',(56.186310459068,-5.32266583091));
#8337 = CARTESIAN_POINT('',(56.079359313852,-5.350231111909));
#8338 = CARTESIAN_POINT('',(56.04763287535,-5.359137485503));
#8339 = CARTESIAN_POINT('',(56.016100699648,-5.368722997714));
#8340 = CARTESIAN_POINT('',(55.984780870958,-5.378982197319));
#8341 = CARTESIAN_POINT('',(55.953691258087,-5.38990898346));
#8342 = CARTESIAN_POINT('',(55.875666973422,-5.419223666269));
#8343 = CARTESIAN_POINT('',(55.829064437746,-5.438497375224));
#8344 = CARTESIAN_POINT('',(55.783105210478,-5.459293507198));
#8345 = CARTESIAN_POINT('',(55.73785093816,-5.481584496836));
#8346 = CARTESIAN_POINT('',(55.693361610809,-5.505339438746));
#8347 = CARTESIAN_POINT('',(55.579118943387,-5.57122956448));
#8348 = CARTESIAN_POINT('',(55.510692206015,-5.615670486812));
#8349 = CARTESIAN_POINT('',(55.444662295393,-5.663701821167));
#8350 = CARTESIAN_POINT('',(55.381260857349,-5.715158227882));
#8351 = CARTESIAN_POINT('',(55.320703734298,-5.769854792347));
#8352 = CARTESIAN_POINT('',(55.205633367511,-5.885364709242));
#8353 = CARTESIAN_POINT('',(55.151123719491,-5.946183738119));
#8354 = CARTESIAN_POINT('',(55.099861344701,-6.009840573108));
#8355 = CARTESIAN_POINT('',(55.052026255083,-6.076115553221));
#8356 = CARTESIAN_POINT('',(55.007778365126,-6.144774442055));
#8357 = CARTESIAN_POINT('',(54.942158689101,-6.259419048643));
#8358 = CARTESIAN_POINT('',(54.918489735127,-6.304088598097));
#8359 = CARTESIAN_POINT('',(54.89628337719,-6.349519110489));
#8360 = CARTESIAN_POINT('',(54.875569347562,-6.395650337014));
#8361 = CARTESIAN_POINT('',(54.856374081313,-6.442420561352));
#8362 = CARTESIAN_POINT('',(54.800003300056,-6.593606081397));
#8363 = CARTESIAN_POINT('',(54.768701708298,-6.700218588963));
#8364 = CARTESIAN_POINT('',(54.745061255551,-6.808933057056));
#8365 = CARTESIAN_POINT('',(54.729245906968,-6.919060484553));
#8366 = CARTESIAN_POINT('',(54.72133800679,-7.029897880936));
#8367 = CARTESIAN_POINT('',(54.72133800679,-7.251566544482));
#8368 = CARTESIAN_POINT('',(54.729245906968,-7.362403940866));
#8369 = CARTESIAN_POINT('',(54.745061255551,-7.472531368363));
#8370 = CARTESIAN_POINT('',(54.768701708298,-7.581245836456));
#8371 = CARTESIAN_POINT('',(54.800003300056,-7.687858344022));
#8372 = CARTESIAN_POINT('',(54.856374081313,-7.839043864067));
#8373 = CARTESIAN_POINT('',(54.875569347562,-7.885814088404));
#8374 = CARTESIAN_POINT('',(54.896283377189,-7.931945314929));
#8375 = CARTESIAN_POINT('',(54.918489735127,-7.977375827322));
#8376 = CARTESIAN_POINT('',(54.942158689101,-8.022045376775));
#8377 = CARTESIAN_POINT('',(55.007778365126,-8.136689983363));
#8378 = CARTESIAN_POINT('',(55.052026255083,-8.205348872197));
#8379 = CARTESIAN_POINT('',(55.099861344701,-8.271623852311));
#8380 = CARTESIAN_POINT('',(55.151123719491,-8.3352806873));
#8381 = CARTESIAN_POINT('',(55.205633367511,-8.396099716177));
#8382 = CARTESIAN_POINT('',(55.320703734298,-8.511609633071));
#8383 = CARTESIAN_POINT('',(55.381260857349,-8.566306197537));
#8384 = CARTESIAN_POINT('',(55.444662295392,-8.617762604251));
#8385 = CARTESIAN_POINT('',(55.510692206014,-8.665793938607));
#8386 = CARTESIAN_POINT('',(55.579118943387,-8.710234860939));
#8387 = CARTESIAN_POINT('',(55.789045214406,-8.831311063941));
#8388 = CARTESIAN_POINT('',(55.936799927006,-8.897133341712));
#8389 = CARTESIAN_POINT('',(56.09102654155,-8.947262151465));
#8390 = CARTESIAN_POINT('',(56.249650750787,-8.980956290576));
#8391 = CARTESIAN_POINT('',(56.410506409425,-8.997798912165));
#8392 = CARTESIAN_POINT('',(56.57133800679,-8.997798912165));
#8393 = ( GEOMETRIC_REPRESENTATION_CONTEXT(2) 
PARAMETRIC_REPRESENTATION_CONTEXT() REPRESENTATION_CONTEXT('2D SPACE',''
  ) );
#8394 = PCURVE('',#8395,#8403);
#8395 = SURFACE_OF_LINEAR_EXTRUSION('',#8396,#8401);
#8396 = ELLIPSE('',#8397,1.857066699455,1.85);
#8397 = AXIS2_PLACEMENT_3D('',#8398,#8399,#8400);
#8398 = CARTESIAN_POINT('',(431.00354996615,-62.85926778729,-10.5));
#8399 = DIRECTION('',(1.,0.,0.));
#8400 = DIRECTION('',(0.,1.,0.));
#8401 = VECTOR('',#8402,1.);
#8402 = DIRECTION('',(1.,0.,0.));
#8403 = DEFINITIONAL_REPRESENTATION('',(#8404),#8522);
#8404 = B_SPLINE_CURVE_WITH_KNOTS('',6,(#8405,#8406,#8407,#8408,#8409,
    #8410,#8411,#8412,#8413,#8414,#8415,#8416,#8417,#8418,#8419,#8420,
    #8421,#8422,#8423,#8424,#8425,#8426,#8427,#8428,#8429,#8430,#8431,
    #8432,#8433,#8434,#8435,#8436,#8437,#8438,#8439,#8440,#8441,#8442,
    #8443,#8444,#8445,#8446,#8447,#8448,#8449,#8450,#8451,#8452,#8453,
    #8454,#8455,#8456,#8457,#8458,#8459,#8460,#8461,#8462,#8463,#8464,
    #8465,#8466,#8467,#8468,#8469,#8470,#8471,#8472,#8473,#8474,#8475,
    #8476,#8477,#8478,#8479,#8480,#8481,#8482,#8483,#8484,#8485,#8486,
    #8487,#8488,#8489,#8490,#8491,#8492,#8493,#8494,#8495,#8496,#8497,
    #8498,#8499,#8500,#8501,#8502,#8503,#8504,#8505,#8506,#8507,#8508,
    #8509,#8510,#8511,#8512,#8513,#8514,#8515,#8516,#8517,#8518,#8519,
    #8520,#8521),.UNSPECIFIED.,.F.,.F.,(7,5,5,5,5,5,5,5,5,5,5,5,5,5,5,5,
    5,5,5,5,5,5,5,7),(0.,8.289579801585E-02,0.124880151828,
    0.166896494992,0.192921124322,0.249998424095,0.307075723867,
    0.333100353197,0.375116696361,0.417101050173,0.443076945375,
    0.499999833104,0.539943514259,0.556923137114,0.582899027479,
    0.624883373475,0.666899708817,0.692924333302,0.750001622448,
    0.807078911594,0.83310353608,0.875119871422,0.917104217417,1.),
  .UNSPECIFIED.);
#8405 = CARTESIAN_POINT('',(6.28318530718,-33.117896639));
#8406 = CARTESIAN_POINT('',(6.196249308604,-33.117896639));
#8407 = CARTESIAN_POINT('',(6.109300505516,-33.117896639));
#8408 = CARTESIAN_POINT('',(6.022374007388,-33.117896639));
#8409 = CARTESIAN_POINT('',(5.935461164886,-33.117896639));
#8410 = CARTESIAN_POINT('',(5.848552892698,-33.117896639));
#8411 = CARTESIAN_POINT('',(5.717682757358,-33.117896639));
#8412 = CARTESIAN_POINT('',(5.67369012148,-33.117896639));
#8413 = CARTESIAN_POINT('',(5.62970435165,-33.117896639));
#8414 = CARTESIAN_POINT('',(5.585725276177,-33.117896639));
#8415 = CARTESIAN_POINT('',(5.541752576362,-33.117896639));
#8416 = CARTESIAN_POINT('',(5.453788212396,-33.117896639));
#8417 = CARTESIAN_POINT('',(5.409795757975,-33.117896639));
#8418 = CARTESIAN_POINT('',(5.365810614574,-33.117896639));
#8419 = CARTESIAN_POINT('',(5.321832154237,-33.117896639));
#8420 = CARTESIAN_POINT('',(5.277859603663,-33.117896639));
#8421 = CARTESIAN_POINT('',(5.206660977353,-33.117896639));
#8422 = CARTESIAN_POINT('',(5.179430850354,-33.117896639));
#8423 = CARTESIAN_POINT('',(5.152202874403,-33.117896639));
#8424 = CARTESIAN_POINT('',(5.124976927013,-33.117896639));
#8425 = CARTESIAN_POINT('',(5.09775286868,-33.117896639));
#8426 = CARTESIAN_POINT('',(5.010826451448,-33.117896639));
#8427 = CARTESIAN_POINT('',(4.951129002696,-33.117896639));
#8428 = CARTESIAN_POINT('',(4.891440050132,-33.117896639));
#8429 = CARTESIAN_POINT('',(4.831755590898,-33.117896639));
#8430 = CARTESIAN_POINT('',(4.772071452643,-33.117896639));
#8431 = CARTESIAN_POINT('',(4.652706508126,-33.117896639));
#8432 = CARTESIAN_POINT('',(4.593022369872,-33.117896639));
#8433 = CARTESIAN_POINT('',(4.533337910637,-33.117896639));
#8434 = CARTESIAN_POINT('',(4.473648958073,-33.117896639));
#8435 = CARTESIAN_POINT('',(4.413951509322,-33.117896639));
#8436 = CARTESIAN_POINT('',(4.327025092089,-33.117896639));
#8437 = CARTESIAN_POINT('',(4.299801033757,-33.117896639));
#8438 = CARTESIAN_POINT('',(4.272575086366,-33.117896639));
#8439 = CARTESIAN_POINT('',(4.245347110416,-33.117896639));
#8440 = CARTESIAN_POINT('',(4.218116983416,-33.117896639));
#8441 = CARTESIAN_POINT('',(4.146918357106,-33.117896639));
#8442 = CARTESIAN_POINT('',(4.102945806533,-33.117896639));
#8443 = CARTESIAN_POINT('',(4.058967346196,-33.117896639));
#8444 = CARTESIAN_POINT('',(4.014982202795,-33.117896639));
#8445 = CARTESIAN_POINT('',(3.970989748373,-33.117896639));
#8446 = CARTESIAN_POINT('',(3.883025384407,-33.117896639));
#8447 = CARTESIAN_POINT('',(3.839052684593,-33.117896639));
#8448 = CARTESIAN_POINT('',(3.79507360912,-33.117896639));
#8449 = CARTESIAN_POINT('',(3.75108783929,-33.117896639));
#8450 = CARTESIAN_POINT('',(3.707095203411,-33.117896639));
#8451 = CARTESIAN_POINT('',(3.635875182808,-33.117896639));
#8452 = CARTESIAN_POINT('',(3.60865104497,-33.117896639));
#8453 = CARTESIAN_POINT('',(3.581424736855,-33.117896639));
#8454 = CARTESIAN_POINT('',(3.554196392241,-33.117896639));
#8455 = CARTESIAN_POINT('',(3.5269661624,-33.117896639));
#8456 = CARTESIAN_POINT('',(3.440058851308,-33.117896639));
#8457 = CARTESIAN_POINT('',(3.380373211463,-33.117896639));
#8458 = CARTESIAN_POINT('',(3.32068325612,-33.117896639));
#8459 = CARTESIAN_POINT('',(3.260988778389,-33.117896639));
#8460 = CARTESIAN_POINT('',(3.201289747869,-33.117896639));
#8461 = CARTESIAN_POINT('',(3.099702268283,-33.117896639));
#8462 = CARTESIAN_POINT('',(3.057811763011,-33.117896639));
#8463 = CARTESIAN_POINT('',(3.015921995271,-33.117896639));
#8464 = CARTESIAN_POINT('',(2.974033792501,-33.117896639));
#8465 = CARTESIAN_POINT('',(2.932147952075,-33.117896639));
#8466 = CARTESIAN_POINT('',(2.872461358123,-33.117896639));
#8467 = CARTESIAN_POINT('',(2.854658015851,-33.117896639));
#8468 = CARTESIAN_POINT('',(2.836855268081,-33.117896639));
#8469 = CARTESIAN_POINT('',(2.819053165965,-33.117896639));
#8470 = CARTESIAN_POINT('',(2.80125175821,-33.117896639));
#8471 = CARTESIAN_POINT('',(2.75621914478,-33.117896639));
#8472 = CARTESIAN_POINT('',(2.728988914939,-33.117896639));
#8473 = CARTESIAN_POINT('',(2.701760570325,-33.117896639));
#8474 = CARTESIAN_POINT('',(2.67453426221,-33.117896639));
#8475 = CARTESIAN_POINT('',(2.647310124371,-33.117896639));
#8476 = CARTESIAN_POINT('',(2.576090103769,-33.117896639));
#8477 = CARTESIAN_POINT('',(2.53209746789,-33.117896639));
#8478 = CARTESIAN_POINT('',(2.48811169806,-33.117896639));
#8479 = CARTESIAN_POINT('',(2.444132622587,-33.117896639));
#8480 = CARTESIAN_POINT('',(2.400159922773,-33.117896639));
#8481 = CARTESIAN_POINT('',(2.312195558806,-33.117896639));
#8482 = CARTESIAN_POINT('',(2.268203104385,-33.117896639));
#8483 = CARTESIAN_POINT('',(2.224217960984,-33.117896639));
#8484 = CARTESIAN_POINT('',(2.180239500647,-33.117896639));
#8485 = CARTESIAN_POINT('',(2.136266950074,-33.117896639));
#8486 = CARTESIAN_POINT('',(2.065068323763,-33.117896639));
#8487 = CARTESIAN_POINT('',(2.037838196764,-33.117896639));
#8488 = CARTESIAN_POINT('',(2.010610220814,-33.117896639));
#8489 = CARTESIAN_POINT('',(1.983384273423,-33.117896639));
#8490 = CARTESIAN_POINT('',(1.95616021509,-33.117896639));
#8491 = CARTESIAN_POINT('',(1.869233797858,-33.117896639));
#8492 = CARTESIAN_POINT('',(1.809536349107,-33.117896639));
#8493 = CARTESIAN_POINT('',(1.749847396543,-33.117896639));
#8494 = CARTESIAN_POINT('',(1.690162937308,-33.117896639));
#8495 = CARTESIAN_POINT('',(1.630478799054,-33.117896639));
#8496 = CARTESIAN_POINT('',(1.511113854536,-33.117896639));
#8497 = CARTESIAN_POINT('',(1.451429716282,-33.117896639));
#8498 = CARTESIAN_POINT('',(1.391745257047,-33.117896639));
#8499 = CARTESIAN_POINT('',(1.332056304483,-33.117896639));
#8500 = CARTESIAN_POINT('',(1.272358855732,-33.117896639));
#8501 = CARTESIAN_POINT('',(1.1854324385,-33.117896639));
#8502 = CARTESIAN_POINT('',(1.158208380167,-33.117896639));
#8503 = CARTESIAN_POINT('',(1.130982432776,-33.117896639));
#8504 = CARTESIAN_POINT('',(1.103754456826,-33.117896639));
#8505 = CARTESIAN_POINT('',(1.076524329827,-33.117896639));
#8506 = CARTESIAN_POINT('',(1.005325703516,-33.117896639));
#8507 = CARTESIAN_POINT('',(0.961353152943,-33.117896639));
#8508 = CARTESIAN_POINT('',(0.917374692606,-33.117896639));
#8509 = CARTESIAN_POINT('',(0.873389549205,-33.117896639));
#8510 = CARTESIAN_POINT('',(0.829397094784,-33.117896639));
#8511 = CARTESIAN_POINT('',(0.741432730817,-33.117896639));
#8512 = CARTESIAN_POINT('',(0.697460031003,-33.117896639));
#8513 = CARTESIAN_POINT('',(0.65348095553,-33.117896639));
#8514 = CARTESIAN_POINT('',(0.6094951857,-33.117896639));
#8515 = CARTESIAN_POINT('',(0.565502549821,-33.117896639));
#8516 = CARTESIAN_POINT('',(0.434632414482,-33.117896639));
#8517 = CARTESIAN_POINT('',(0.347724142293,-33.117896639));
#8518 = CARTESIAN_POINT('',(0.260811299791,-33.117896639));
#8519 = CARTESIAN_POINT('',(0.173884801664,-33.117896639));
#8520 = CARTESIAN_POINT('',(8.693599857569E-02,-33.117896639));
#8521 = CARTESIAN_POINT('',(0.,-33.117896639));
#8522 = ( GEOMETRIC_REPRESENTATION_CONTEXT(2) 
PARAMETRIC_REPRESENTATION_CONTEXT() REPRESENTATION_CONTEXT('2D SPACE',''
  ) );
#8523 = ADVANCED_FACE('',(#8524),#4231,.T.);
#8524 = FACE_BOUND('',#8525,.T.);
#8525 = EDGE_LOOP('',(#8526,#8527,#8528,#8549,#8550,#8551));
#8526 = ORIENTED_EDGE('',*,*,#7327,.F.);
#8527 = ORIENTED_EDGE('',*,*,#6563,.F.);
#8528 = ORIENTED_EDGE('',*,*,#8529,.F.);
#8529 = EDGE_CURVE('',#4190,#6541,#8530,.T.);
#8530 = SURFACE_CURVE('',#8531,(#8535,#8542),.PCURVE_S1.);
#8531 = LINE('',#8532,#8533);
#8532 = CARTESIAN_POINT('',(407.66312906372,-32.95,14.991948590538));
#8533 = VECTOR('',#8534,1.);
#8534 = DIRECTION('',(0.,1.,0.));
#8535 = PCURVE('',#4231,#8536);
#8536 = DEFINITIONAL_REPRESENTATION('',(#8537),#8541);
#8537 = LINE('',#8538,#8539);
#8538 = CARTESIAN_POINT('',(159.72914532436,-7.05));
#8539 = VECTOR('',#8540,1.);
#8540 = DIRECTION('',(0.,-1.));
#8541 = ( GEOMETRIC_REPRESENTATION_CONTEXT(2) 
PARAMETRIC_REPRESENTATION_CONTEXT() REPRESENTATION_CONTEXT('2D SPACE',''
  ) );
#8542 = PCURVE('',#4205,#8543);
#8543 = DEFINITIONAL_REPRESENTATION('',(#8544),#8548);
#8544 = LINE('',#8545,#8546);
#8545 = CARTESIAN_POINT('',(-7.05,0.108051409462));
#8546 = VECTOR('',#8547,1.);
#8547 = DIRECTION('',(1.,0.));
#8548 = ( GEOMETRIC_REPRESENTATION_CONTEXT(2) 
PARAMETRIC_REPRESENTATION_CONTEXT() REPRESENTATION_CONTEXT('2D SPACE',''
  ) );
#8549 = ORIENTED_EDGE('',*,*,#4217,.F.);
#8550 = ORIENTED_EDGE('',*,*,#7835,.F.);
#8551 = ORIENTED_EDGE('',*,*,#8552,.F.);
#8552 = EDGE_CURVE('',#7328,#7789,#8553,.T.);
#8553 = SURFACE_CURVE('',#8554,(#8559,#8566),.PCURVE_S1.);
#8554 = CIRCLE('',#8555,10.);
#8555 = AXIS2_PLACEMENT_3D('',#8556,#8557,#8558);
#8556 = CARTESIAN_POINT('',(368.49999999999,-51.96033833779,
    14.991948590538));
#8557 = DIRECTION('',(0.,0.,-1.));
#8558 = DIRECTION('',(1.,-1.11E-15,0.));
#8559 = PCURVE('',#4231,#8560);
#8560 = DEFINITIONAL_REPRESENTATION('',(#8561),#8565);
#8561 = CIRCLE('',#8562,10.);
#8562 = AXIS2_PLACEMENT_2D('',#8563,#8564);
#8563 = CARTESIAN_POINT('',(120.56601626064,11.960338337799));
#8564 = DIRECTION('',(1.,1.11E-15));
#8565 = ( GEOMETRIC_REPRESENTATION_CONTEXT(2) 
PARAMETRIC_REPRESENTATION_CONTEXT() REPRESENTATION_CONTEXT('2D SPACE',''
  ) );
#8566 = PCURVE('',#7201,#8567);
#8567 = DEFINITIONAL_REPRESENTATION('',(#8568),#8572);
#8568 = LINE('',#8569,#8570);
#8569 = CARTESIAN_POINT('',(12.566370614359,4.712388980385));
#8570 = VECTOR('',#8571,1.);
#8571 = DIRECTION('',(-1.,1.1E-15));
#8572 = ( GEOMETRIC_REPRESENTATION_CONTEXT(2) 
PARAMETRIC_REPRESENTATION_CONTEXT() REPRESENTATION_CONTEXT('2D SPACE',''
  ) );
#8573 = ADVANCED_FACE('',(#8574),#4205,.T.);
#8574 = FACE_BOUND('',#8575,.T.);
#8575 = EDGE_LOOP('',(#8576,#8577,#8578,#8601,#8624,#8645));
#8576 = ORIENTED_EDGE('',*,*,#8529,.T.);
#8577 = ORIENTED_EDGE('',*,*,#6540,.T.);
#8578 = ORIENTED_EDGE('',*,*,#8579,.F.);
#8579 = EDGE_CURVE('',#8580,#6513,#8582,.T.);
#8580 = VERTEX_POINT('',#8581);
#8581 = CARTESIAN_POINT('',(407.66312906372,16.128815340388,10.1));
#8582 = SURFACE_CURVE('',#8583,(#8587,#8594),.PCURVE_S1.);
#8583 = LINE('',#8584,#8585);
#8584 = CARTESIAN_POINT('',(407.66312906372,10.730690383419,
    10.570477590069));
#8585 = VECTOR('',#8586,1.);
#8586 = DIRECTION('',(0.,-0.996223440097,8.682659386425E-02));
#8587 = PCURVE('',#4205,#8588);
#8588 = DEFINITIONAL_REPRESENTATION('',(#8589),#8593);
#8589 = LINE('',#8590,#8591);
#8590 = CARTESIAN_POINT('',(36.630690383419,4.529522409931));
#8591 = VECTOR('',#8592,1.);
#8592 = DIRECTION('',(-0.996223440097,-8.682659386425E-02));
#8593 = ( GEOMETRIC_REPRESENTATION_CONTEXT(2) 
PARAMETRIC_REPRESENTATION_CONTEXT() REPRESENTATION_CONTEXT('2D SPACE',''
  ) );
#8594 = PCURVE('',#6528,#8595);
#8595 = DEFINITIONAL_REPRESENTATION('',(#8596),#8600);
#8596 = LINE('',#8597,#8598);
#8597 = CARTESIAN_POINT('',(5.181527899634,-37.27319909969));
#8598 = VECTOR('',#8599,1.);
#8599 = DIRECTION('',(-6.127852475159E-02,-0.998120705328));
#8600 = ( GEOMETRIC_REPRESENTATION_CONTEXT(2) 
PARAMETRIC_REPRESENTATION_CONTEXT() REPRESENTATION_CONTEXT('2D SPACE',''
  ) );
#8601 = ORIENTED_EDGE('',*,*,#8602,.T.);
#8602 = EDGE_CURVE('',#8580,#8603,#8605,.T.);
#8603 = VERTEX_POINT('',#8604);
#8604 = CARTESIAN_POINT('',(407.66312906372,16.128815340388,
    -45.14549418873));
#8605 = SURFACE_CURVE('',#8606,(#8610,#8617),.PCURVE_S1.);
#8606 = LINE('',#8607,#8608);
#8607 = CARTESIAN_POINT('',(407.66312906372,16.128815340388,-52.));
#8608 = VECTOR('',#8609,1.);
#8609 = DIRECTION('',(0.,0.,-1.));
#8610 = PCURVE('',#4205,#8611);
#8611 = DEFINITIONAL_REPRESENTATION('',(#8612),#8616);
#8612 = LINE('',#8613,#8614);
#8613 = CARTESIAN_POINT('',(42.028815340389,67.1));
#8614 = VECTOR('',#8615,1.);
#8615 = DIRECTION('',(0.,1.));
#8616 = ( GEOMETRIC_REPRESENTATION_CONTEXT(2) 
PARAMETRIC_REPRESENTATION_CONTEXT() REPRESENTATION_CONTEXT('2D SPACE',''
  ) );
#8617 = PCURVE('',#5865,#8618);
#8618 = DEFINITIONAL_REPRESENTATION('',(#8619),#8623);
#8619 = LINE('',#8620,#8621);
#8620 = CARTESIAN_POINT('',(-0.,-0.424264068712));
#8621 = VECTOR('',#8622,1.);
#8622 = DIRECTION('',(1.,0.));
#8623 = ( GEOMETRIC_REPRESENTATION_CONTEXT(2) 
PARAMETRIC_REPRESENTATION_CONTEXT() REPRESENTATION_CONTEXT('2D SPACE',''
  ) );
#8624 = ORIENTED_EDGE('',*,*,#8625,.T.);
#8625 = EDGE_CURVE('',#8603,#4162,#8626,.T.);
#8626 = SURFACE_CURVE('',#8627,(#8631,#8638),.PCURVE_S1.);
#8627 = LINE('',#8628,#8629);
#8628 = CARTESIAN_POINT('',(407.66312906372,-47.95,-45.14549418873));
#8629 = VECTOR('',#8630,1.);
#8630 = DIRECTION('',(-0.,-1.,-0.));
#8631 = PCURVE('',#4205,#8632);
#8632 = DEFINITIONAL_REPRESENTATION('',(#8633),#8637);
#8633 = LINE('',#8634,#8635);
#8634 = CARTESIAN_POINT('',(-22.05,60.245494188731));
#8635 = VECTOR('',#8636,1.);
#8636 = DIRECTION('',(-1.,0.));
#8637 = ( GEOMETRIC_REPRESENTATION_CONTEXT(2) 
PARAMETRIC_REPRESENTATION_CONTEXT() REPRESENTATION_CONTEXT('2D SPACE',''
  ) );
#8638 = PCURVE('',#4177,#8639);
#8639 = DEFINITIONAL_REPRESENTATION('',(#8640),#8644);
#8640 = LINE('',#8641,#8642);
#8641 = CARTESIAN_POINT('',(15.22871529275,-22.05));
#8642 = VECTOR('',#8643,1.);
#8643 = DIRECTION('',(-2.2E-16,1.));
#8644 = ( GEOMETRIC_REPRESENTATION_CONTEXT(2) 
PARAMETRIC_REPRESENTATION_CONTEXT() REPRESENTATION_CONTEXT('2D SPACE',''
  ) );
#8645 = ORIENTED_EDGE('',*,*,#4189,.T.);
#8646 = ADVANCED_FACE('',(#8647),#4177,.T.);
#8647 = FACE_BOUND('',#8648,.T.);
#8648 = EDGE_LOOP('',(#8649,#8650,#8651,#8652,#8673));
#8649 = ORIENTED_EDGE('',*,*,#5977,.F.);
#8650 = ORIENTED_EDGE('',*,*,#4161,.T.);
#8651 = ORIENTED_EDGE('',*,*,#8625,.F.);
#8652 = ORIENTED_EDGE('',*,*,#8653,.T.);
#8653 = EDGE_CURVE('',#8603,#5827,#8654,.T.);
#8654 = SURFACE_CURVE('',#8655,(#8659,#8666),.PCURVE_S1.);
#8655 = LINE('',#8656,#8657);
#8656 = CARTESIAN_POINT('',(382.15226186571,-5.277343916463,
    -45.14549418873));
#8657 = VECTOR('',#8658,1.);
#8658 = DIRECTION('',(0.766044443119,0.642787609686,1.7E-16));
#8659 = PCURVE('',#4177,#8660);
#8660 = DEFINITIONAL_REPRESENTATION('',(#8661),#8665);
#8661 = LINE('',#8662,#8663);
#8662 = CARTESIAN_POINT('',(-10.28215190525,-64.72265608353));
#8663 = VECTOR('',#8664,1.);
#8664 = DIRECTION('',(0.766044443119,-0.642787609686));
#8665 = ( GEOMETRIC_REPRESENTATION_CONTEXT(2) 
PARAMETRIC_REPRESENTATION_CONTEXT() REPRESENTATION_CONTEXT('2D SPACE',''
  ) );
#8666 = PCURVE('',#5865,#8667);
#8667 = DEFINITIONAL_REPRESENTATION('',(#8668),#8672);
#8668 = LINE('',#8669,#8670);
#8669 = CARTESIAN_POINT('',(-6.854505811269,-33.72633606616));
#8670 = VECTOR('',#8671,1.);
#8671 = DIRECTION('',(-1.7E-16,1.));
#8672 = ( GEOMETRIC_REPRESENTATION_CONTEXT(2) 
PARAMETRIC_REPRESENTATION_CONTEXT() REPRESENTATION_CONTEXT('2D SPACE',''
  ) );
#8673 = ORIENTED_EDGE('',*,*,#5826,.F.);
#8674 = ADVANCED_FACE('',(#8675),#4104,.F.);
#8675 = FACE_BOUND('',#8676,.F.);
#8676 = EDGE_LOOP('',(#8677,#8678,#8679,#8680));
#8677 = ORIENTED_EDGE('',*,*,#4533,.T.);
#8678 = ORIENTED_EDGE('',*,*,#4088,.T.);
#8679 = ORIENTED_EDGE('',*,*,#8105,.F.);
#8680 = ORIENTED_EDGE('',*,*,#4713,.F.);
#8681 = ADVANCED_FACE('',(#8682),#4264,.F.);
#8682 = FACE_BOUND('',#8683,.F.);
#8683 = EDGE_LOOP('',(#8684,#8685,#8686,#8708,#8732,#8754));
#8684 = ORIENTED_EDGE('',*,*,#4298,.T.);
#8685 = ORIENTED_EDGE('',*,*,#4245,.T.);
#8686 = ORIENTED_EDGE('',*,*,#8687,.T.);
#8687 = EDGE_CURVE('',#4248,#8688,#8690,.T.);
#8688 = VERTEX_POINT('',#8689);
#8689 = CARTESIAN_POINT('',(414.84057982014,15.500869766185,-37.));
#8690 = SEAM_CURVE('',#8691,(#8694,#8701),.PCURVE_S1.);
#8691 = B_SPLINE_CURVE_WITH_KNOTS('',1,(#8692,#8693),.UNSPECIFIED.,.F.,
  .F.,(2,2),(-76.38927082307,-0.6),.PIECEWISE_BEZIER_KNOTS.);
#8692 = CARTESIAN_POINT('',(408.23510962926,-60.,-37.));
#8693 = CARTESIAN_POINT('',(414.84057982015,15.500869766185,-37.));
#8694 = PCURVE('',#4264,#8695);
#8695 = DEFINITIONAL_REPRESENTATION('',(#8696),#8700);
#8696 = LINE('',#8697,#8698);
#8697 = CARTESIAN_POINT('',(6.28318530718,0.));
#8698 = VECTOR('',#8699,1.);
#8699 = DIRECTION('',(0.,1.));
#8700 = ( GEOMETRIC_REPRESENTATION_CONTEXT(2) 
PARAMETRIC_REPRESENTATION_CONTEXT() REPRESENTATION_CONTEXT('2D SPACE',''
  ) );
#8701 = PCURVE('',#4264,#8702);
#8702 = DEFINITIONAL_REPRESENTATION('',(#8703),#8707);
#8703 = LINE('',#8704,#8705);
#8704 = CARTESIAN_POINT('',(0.,0.));
#8705 = VECTOR('',#8706,1.);
#8706 = DIRECTION('',(0.,1.));
#8707 = ( GEOMETRIC_REPRESENTATION_CONTEXT(2) 
PARAMETRIC_REPRESENTATION_CONTEXT() REPRESENTATION_CONTEXT('2D SPACE',''
  ) );
#8708 = ORIENTED_EDGE('',*,*,#8709,.F.);
#8709 = EDGE_CURVE('',#8710,#8688,#8712,.T.);
#8710 = VERTEX_POINT('',#8711);
#8711 = CARTESIAN_POINT('',(420.22003118984,15.030228755348,-37.));
#8712 = SURFACE_CURVE('',#8713,(#8718,#8725),.PCURVE_S1.);
#8713 = CIRCLE('',#8714,2.7);
#8714 = AXIS2_PLACEMENT_3D('',#8715,#8716,#8717);
#8715 = CARTESIAN_POINT('',(417.53030550499,15.265549260766,-37.));
#8716 = DIRECTION('',(8.715574274766E-02,0.996194698092,-0.));
#8717 = DIRECTION('',(-0.996194698092,8.715574274766E-02,0.));
#8718 = PCURVE('',#4264,#8719);
#8719 = DEFINITIONAL_REPRESENTATION('',(#8720),#8724);
#8720 = LINE('',#8721,#8722);
#8721 = CARTESIAN_POINT('',(0.,-0.6));
#8722 = VECTOR('',#8723,1.);
#8723 = DIRECTION('',(1.,-2.26E-15));
#8724 = ( GEOMETRIC_REPRESENTATION_CONTEXT(2) 
PARAMETRIC_REPRESENTATION_CONTEXT() REPRESENTATION_CONTEXT('2D SPACE',''
  ) );
#8725 = PCURVE('',#5926,#8726);
#8726 = DEFINITIONAL_REPRESENTATION('',(#8727),#8731);
#8727 = LINE('',#8728,#8729);
#8728 = CARTESIAN_POINT('',(-6.28318530718,-0.3));
#8729 = VECTOR('',#8730,1.);
#8730 = DIRECTION('',(1.,0.));
#8731 = ( GEOMETRIC_REPRESENTATION_CONTEXT(2) 
PARAMETRIC_REPRESENTATION_CONTEXT() REPRESENTATION_CONTEXT('2D SPACE',''
  ) );
#8732 = ORIENTED_EDGE('',*,*,#8733,.F.);
#8733 = EDGE_CURVE('',#8688,#8710,#8734,.T.);
#8734 = SURFACE_CURVE('',#8735,(#8740,#8747),.PCURVE_S1.);
#8735 = CIRCLE('',#8736,2.7);
#8736 = AXIS2_PLACEMENT_3D('',#8737,#8738,#8739);
#8737 = CARTESIAN_POINT('',(417.53030550499,15.265549260766,-37.));
#8738 = DIRECTION('',(8.715574274766E-02,0.996194698092,-0.));
#8739 = DIRECTION('',(-0.996194698092,8.715574274766E-02,0.));
#8740 = PCURVE('',#4264,#8741);
#8741 = DEFINITIONAL_REPRESENTATION('',(#8742),#8746);
#8742 = LINE('',#8743,#8744);
#8743 = CARTESIAN_POINT('',(-6.28318530718,-0.6));
#8744 = VECTOR('',#8745,1.);
#8745 = DIRECTION('',(1.,2.26E-15));
#8746 = ( GEOMETRIC_REPRESENTATION_CONTEXT(2) 
PARAMETRIC_REPRESENTATION_CONTEXT() REPRESENTATION_CONTEXT('2D SPACE',''
  ) );
#8747 = PCURVE('',#5926,#8748);
#8748 = DEFINITIONAL_REPRESENTATION('',(#8749),#8753);
#8749 = LINE('',#8750,#8751);
#8750 = CARTESIAN_POINT('',(-6.28318530718,-0.3));
#8751 = VECTOR('',#8752,1.);
#8752 = DIRECTION('',(1.,0.));
#8753 = ( GEOMETRIC_REPRESENTATION_CONTEXT(2) 
PARAMETRIC_REPRESENTATION_CONTEXT() REPRESENTATION_CONTEXT('2D SPACE',''
  ) );
#8754 = ORIENTED_EDGE('',*,*,#8687,.F.);
#8755 = ADVANCED_FACE('',(#8756),#4363,.F.);
#8756 = FACE_BOUND('',#8757,.F.);
#8757 = EDGE_LOOP('',(#8758,#8759,#8760,#8782,#8806,#8828));
#8758 = ORIENTED_EDGE('',*,*,#4397,.T.);
#8759 = ORIENTED_EDGE('',*,*,#4344,.T.);
#8760 = ORIENTED_EDGE('',*,*,#8761,.T.);
#8761 = EDGE_CURVE('',#4347,#8762,#8764,.T.);
#8762 = VERTEX_POINT('',#8763);
#8763 = CARTESIAN_POINT('',(414.84057982014,15.500869766185,
    9.851471862576));
#8764 = SEAM_CURVE('',#8765,(#8768,#8775),.PCURVE_S1.);
#8765 = B_SPLINE_CURVE_WITH_KNOTS('',1,(#8766,#8767),.UNSPECIFIED.,.F.,
  .F.,(2,2),(-76.38927082307,-0.6),.PIECEWISE_BEZIER_KNOTS.);
#8766 = CARTESIAN_POINT('',(408.23510962926,-60.,9.851471862576));
#8767 = CARTESIAN_POINT('',(414.84057982015,15.500869766185,
    9.851471862576));
#8768 = PCURVE('',#4363,#8769);
#8769 = DEFINITIONAL_REPRESENTATION('',(#8770),#8774);
#8770 = LINE('',#8771,#8772);
#8771 = CARTESIAN_POINT('',(6.28318530718,0.));
#8772 = VECTOR('',#8773,1.);
#8773 = DIRECTION('',(0.,1.));
#8774 = ( GEOMETRIC_REPRESENTATION_CONTEXT(2) 
PARAMETRIC_REPRESENTATION_CONTEXT() REPRESENTATION_CONTEXT('2D SPACE',''
  ) );
#8775 = PCURVE('',#4363,#8776);
#8776 = DEFINITIONAL_REPRESENTATION('',(#8777),#8781);
#8777 = LINE('',#8778,#8779);
#8778 = CARTESIAN_POINT('',(0.,0.));
#8779 = VECTOR('',#8780,1.);
#8780 = DIRECTION('',(0.,1.));
#8781 = ( GEOMETRIC_REPRESENTATION_CONTEXT(2) 
PARAMETRIC_REPRESENTATION_CONTEXT() REPRESENTATION_CONTEXT('2D SPACE',''
  ) );
#8782 = ORIENTED_EDGE('',*,*,#8783,.F.);
#8783 = EDGE_CURVE('',#8784,#8762,#8786,.T.);
#8784 = VERTEX_POINT('',#8785);
#8785 = CARTESIAN_POINT('',(420.22003118984,15.030228755348,
    9.851471862576));
#8786 = SURFACE_CURVE('',#8787,(#8792,#8799),.PCURVE_S1.);
#8787 = CIRCLE('',#8788,2.7);
#8788 = AXIS2_PLACEMENT_3D('',#8789,#8790,#8791);
#8789 = CARTESIAN_POINT('',(417.53030550499,15.265549260766,
    9.851471862576));
#8790 = DIRECTION('',(8.715574274766E-02,0.996194698092,-0.));
#8791 = DIRECTION('',(-0.996194698092,8.715574274766E-02,0.));
#8792 = PCURVE('',#4363,#8793);
#8793 = DEFINITIONAL_REPRESENTATION('',(#8794),#8798);
#8794 = LINE('',#8795,#8796);
#8795 = CARTESIAN_POINT('',(0.,-0.6));
#8796 = VECTOR('',#8797,1.);
#8797 = DIRECTION('',(1.,-2.26E-15));
#8798 = ( GEOMETRIC_REPRESENTATION_CONTEXT(2) 
PARAMETRIC_REPRESENTATION_CONTEXT() REPRESENTATION_CONTEXT('2D SPACE',''
  ) );
#8799 = PCURVE('',#5961,#8800);
#8800 = DEFINITIONAL_REPRESENTATION('',(#8801),#8805);
#8801 = LINE('',#8802,#8803);
#8802 = CARTESIAN_POINT('',(-6.28318530718,-0.3));
#8803 = VECTOR('',#8804,1.);
#8804 = DIRECTION('',(1.,0.));
#8805 = ( GEOMETRIC_REPRESENTATION_CONTEXT(2) 
PARAMETRIC_REPRESENTATION_CONTEXT() REPRESENTATION_CONTEXT('2D SPACE',''
  ) );
#8806 = ORIENTED_EDGE('',*,*,#8807,.F.);
#8807 = EDGE_CURVE('',#8762,#8784,#8808,.T.);
#8808 = SURFACE_CURVE('',#8809,(#8814,#8821),.PCURVE_S1.);
#8809 = CIRCLE('',#8810,2.7);
#8810 = AXIS2_PLACEMENT_3D('',#8811,#8812,#8813);
#8811 = CARTESIAN_POINT('',(417.53030550499,15.265549260766,
    9.851471862576));
#8812 = DIRECTION('',(8.715574274766E-02,0.996194698092,-0.));
#8813 = DIRECTION('',(-0.996194698092,8.715574274766E-02,0.));
#8814 = PCURVE('',#4363,#8815);
#8815 = DEFINITIONAL_REPRESENTATION('',(#8816),#8820);
#8816 = LINE('',#8817,#8818);
#8817 = CARTESIAN_POINT('',(-6.28318530718,-0.6));
#8818 = VECTOR('',#8819,1.);
#8819 = DIRECTION('',(1.,2.26E-15));
#8820 = ( GEOMETRIC_REPRESENTATION_CONTEXT(2) 
PARAMETRIC_REPRESENTATION_CONTEXT() REPRESENTATION_CONTEXT('2D SPACE',''
  ) );
#8821 = PCURVE('',#5961,#8822);
#8822 = DEFINITIONAL_REPRESENTATION('',(#8823),#8827);
#8823 = LINE('',#8824,#8825);
#8824 = CARTESIAN_POINT('',(-6.28318530718,-0.3));
#8825 = VECTOR('',#8826,1.);
#8826 = DIRECTION('',(1.,0.));
#8827 = ( GEOMETRIC_REPRESENTATION_CONTEXT(2) 
PARAMETRIC_REPRESENTATION_CONTEXT() REPRESENTATION_CONTEXT('2D SPACE',''
  ) );
#8828 = ORIENTED_EDGE('',*,*,#8761,.F.);
#8829 = ADVANCED_FACE('',(#8830),#4462,.F.);
#8830 = FACE_BOUND('',#8831,.F.);
#8831 = EDGE_LOOP('',(#8832,#8858));
#8832 = ORIENTED_EDGE('',*,*,#8833,.F.);
#8833 = EDGE_CURVE('',#4444,#4446,#8834,.T.);
#8834 = SURFACE_CURVE('',#8835,(#8840,#8847),.PCURVE_S1.);
#8835 = CIRCLE('',#8836,1.85);
#8836 = AXIS2_PLACEMENT_3D('',#8837,#8838,#8839);
#8837 = CARTESIAN_POINT('',(409.28763071554,-60.95937103481,-10.5));
#8838 = DIRECTION('',(-0.996194698092,8.715574274766E-02,0.));
#8839 = DIRECTION('',(8.715574274766E-02,0.996194698092,0.));
#8840 = PCURVE('',#4462,#8841);
#8841 = DEFINITIONAL_REPRESENTATION('',(#8842),#8846);
#8842 = LINE('',#8843,#8844);
#8843 = CARTESIAN_POINT('',(-6.28318530718,27.));
#8844 = VECTOR('',#8845,1.);
#8845 = DIRECTION('',(1.,0.));
#8846 = ( GEOMETRIC_REPRESENTATION_CONTEXT(2) 
PARAMETRIC_REPRESENTATION_CONTEXT() REPRESENTATION_CONTEXT('2D SPACE',''
  ) );
#8847 = PCURVE('',#4494,#8848);
#8848 = DEFINITIONAL_REPRESENTATION('',(#8849),#8857);
#8849 = ( BOUNDED_CURVE() B_SPLINE_CURVE(2,(#8850,#8851,#8852,#8853,
#8854,#8855,#8856),.UNSPECIFIED.,.T.,.F.) B_SPLINE_CURVE_WITH_KNOTS((1,2
    ,2,2,2,1),(-2.094395102393,0.,2.094395102393,4.188790204786,
6.28318530718,8.377580409573),.UNSPECIFIED.) CURVE() 
GEOMETRIC_REPRESENTATION_ITEM() RATIONAL_B_SPLINE_CURVE((1.,0.5,1.,0.5,
1.,0.5,1.)) REPRESENTATION_ITEM('') );
#8850 = CARTESIAN_POINT('',(1.85,0.));
#8851 = CARTESIAN_POINT('',(1.85,-3.204293994002));
#8852 = CARTESIAN_POINT('',(-0.925,-1.602146997001));
#8853 = CARTESIAN_POINT('',(-3.7,-4.531193156845E-16));
#8854 = CARTESIAN_POINT('',(-0.925,1.602146997001));
#8855 = CARTESIAN_POINT('',(1.85,3.204293994002));
#8856 = CARTESIAN_POINT('',(1.85,0.));
#8857 = ( GEOMETRIC_REPRESENTATION_CONTEXT(2) 
PARAMETRIC_REPRESENTATION_CONTEXT() REPRESENTATION_CONTEXT('2D SPACE',''
  ) );
#8858 = ORIENTED_EDGE('',*,*,#4443,.T.);
#8859 = ADVANCED_FACE('',(#8860),#4494,.T.);
#8860 = FACE_BOUND('',#8861,.T.);
#8861 = EDGE_LOOP('',(#8862,#8863));
#8862 = ORIENTED_EDGE('',*,*,#8833,.F.);
#8863 = ORIENTED_EDGE('',*,*,#4480,.F.);
#8864 = ADVANCED_FACE('',(#8865),#5465,.F.);
#8865 = FACE_BOUND('',#8866,.F.);
#8866 = EDGE_LOOP('',(#8867,#8890,#8956,#8957));
#8867 = ORIENTED_EDGE('',*,*,#8868,.F.);
#8868 = EDGE_CURVE('',#8869,#5407,#8871,.T.);
#8869 = VERTEX_POINT('',#8870);
#8870 = CARTESIAN_POINT('',(393.77184982271,-65.71860859689,
    108.44188425751));
#8871 = SURFACE_CURVE('',#8872,(#8877,#8884),.PCURVE_S1.);
#8872 = B_SPLINE_CURVE_WITH_KNOTS('',3,(#8873,#8874,#8875,#8876),
  .UNSPECIFIED.,.F.,.F.,(4,4),(-0.51255589505,0.),
  .PIECEWISE_BEZIER_KNOTS.);
#8873 = CARTESIAN_POINT('',(393.77184982271,-65.71860859688,
    108.44188425751));
#8874 = CARTESIAN_POINT('',(393.77184982271,-67.14573906459,
    107.50255576164));
#8875 = CARTESIAN_POINT('',(393.77184982271,-68.57286953229,
    106.56322726577));
#8876 = CARTESIAN_POINT('',(393.77184982271,-70.,105.62389876989));
#8877 = PCURVE('',#5465,#8878);
#8878 = DEFINITIONAL_REPRESENTATION('',(#8879),#8883);
#8879 = LINE('',#8880,#8881);
#8880 = CARTESIAN_POINT('',(-8.9E-16,1.6E-16));
#8881 = VECTOR('',#8882,1.);
#8882 = DIRECTION('',(-1.,1.7E-16));
#8883 = ( GEOMETRIC_REPRESENTATION_CONTEXT(2) 
PARAMETRIC_REPRESENTATION_CONTEXT() REPRESENTATION_CONTEXT('2D SPACE',''
  ) );
#8884 = PCURVE('',#5424,#8885);
#8885 = DEFINITIONAL_REPRESENTATION('',(#8886),#8889);
#8886 = B_SPLINE_CURVE_WITH_KNOTS('',1,(#8887,#8888),.UNSPECIFIED.,.F.,
  .F.,(2,2),(-0.51255589505,0.),.PIECEWISE_BEZIER_KNOTS.);
#8887 = CARTESIAN_POINT('',(0.310758100902,20.034766859028));
#8888 = CARTESIAN_POINT('',(5.5E-16,20.034766859028));
#8889 = ( GEOMETRIC_REPRESENTATION_CONTEXT(2) 
PARAMETRIC_REPRESENTATION_CONTEXT() REPRESENTATION_CONTEXT('2D SPACE',''
  ) );
#8890 = ORIENTED_EDGE('',*,*,#8891,.T.);
#8891 = EDGE_CURVE('',#8869,#6850,#8892,.T.);
#8892 = SURFACE_CURVE('',#8893,(#8898,#8927),.PCURVE_S1.);
#8893 = CIRCLE('',#8894,59.541884257517);
#8894 = AXIS2_PLACEMENT_3D('',#8895,#8896,#8897);
#8895 = CARTESIAN_POINT('',(393.77184982271,-65.71860859689,48.9));
#8896 = DIRECTION('',(-5.8E-16,1.,-4.38E-15));
#8897 = DIRECTION('',(2.39E-15,4.38E-15,1.));
#8898 = PCURVE('',#5465,#8899);
#8899 = DEFINITIONAL_REPRESENTATION('',(#8900),#8926);
#8900 = B_SPLINE_CURVE_WITH_KNOTS('',3,(#8901,#8902,#8903,#8904,#8905,
    #8906,#8907,#8908,#8909,#8910,#8911,#8912,#8913,#8914,#8915,#8916,
    #8917,#8918,#8919,#8920,#8921,#8922,#8923,#8924,#8925),
  .UNSPECIFIED.,.F.,.F.,(4,1,1,1,1,1,1,1,1,1,1,1,1,1,1,1,1,1,1,1,1,1,4),
  (0.,1.062578231662E-02,2.125156463324E-02,3.187734694987E-02,
    4.250312926649E-02,5.312891158311E-02,6.375469389973E-02,
    7.438047621635E-02,8.500625853298E-02,9.56320408496E-02,
    0.106257823166,0.116883605483,0.127509387799,0.138135170116,
    0.148760952433,0.159386734749,0.170012517066,0.180638299383,
    0.191264081699,0.201889864016,0.212515646332,0.223141428649,
    0.233767210966),.UNSPECIFIED.);
#8901 = CARTESIAN_POINT('',(0.51255589505,0.));
#8902 = CARTESIAN_POINT('',(0.51255589505,3.582713024886E-03));
#8903 = CARTESIAN_POINT('',(0.51255589505,1.074312822644E-02));
#8904 = CARTESIAN_POINT('',(0.51255589505,2.14693514586E-02));
#8905 = CARTESIAN_POINT('',(0.51255589505,3.218180935389E-02));
#8906 = CARTESIAN_POINT('',(0.51255589505,4.288113173961E-02));
#8907 = CARTESIAN_POINT('',(0.51255589505,5.356794574693E-02));
#8908 = CARTESIAN_POINT('',(0.51255589505,6.424287554276E-02));
#8909 = CARTESIAN_POINT('',(0.51255589505,7.490654258985E-02));
#8910 = CARTESIAN_POINT('',(0.51255589505,8.55595657636E-02));
#8911 = CARTESIAN_POINT('',(0.51255589505,9.62025615057E-02));
#8912 = CARTESIAN_POINT('',(0.51255589505,0.106836143966));
#8913 = CARTESIAN_POINT('',(0.51255589505,0.117460925148));
#8914 = CARTESIAN_POINT('',(0.51255589505,0.128077515047));
#8915 = CARTESIAN_POINT('',(0.51255589505,0.138686521797));
#8916 = CARTESIAN_POINT('',(0.51255589505,0.149288551806));
#8917 = CARTESIAN_POINT('',(0.51255589505,0.159884209897));
#8918 = CARTESIAN_POINT('',(0.51255589505,0.170474099449));
#8919 = CARTESIAN_POINT('',(0.51255589505,0.181058822532));
#8920 = CARTESIAN_POINT('',(0.51255589505,0.191638980045));
#8921 = CARTESIAN_POINT('',(0.51255589505,0.202215171859));
#8922 = CARTESIAN_POINT('',(0.51255589505,0.21278799693));
#8923 = CARTESIAN_POINT('',(0.51255589505,0.223358053509));
#8924 = CARTESIAN_POINT('',(0.51255589505,0.230403310519));
#8925 = CARTESIAN_POINT('',(0.51255589505,0.23392567679));
#8926 = ( GEOMETRIC_REPRESENTATION_CONTEXT(2) 
PARAMETRIC_REPRESENTATION_CONTEXT() REPRESENTATION_CONTEXT('2D SPACE',''
  ) );
#8927 = PCURVE('',#6875,#8928);
#8928 = DEFINITIONAL_REPRESENTATION('',(#8929),#8955);
#8929 = B_SPLINE_CURVE_WITH_KNOTS('',3,(#8930,#8931,#8932,#8933,#8934,
    #8935,#8936,#8937,#8938,#8939,#8940,#8941,#8942,#8943,#8944,#8945,
    #8946,#8947,#8948,#8949,#8950,#8951,#8952,#8953,#8954),
  .UNSPECIFIED.,.F.,.F.,(4,1,1,1,1,1,1,1,1,1,1,1,1,1,1,1,1,1,1,1,1,1,4),
  (0.,1.062578231662E-02,2.125156463324E-02,3.187734694987E-02,
    4.250312926649E-02,5.312891158311E-02,6.375469389973E-02,
    7.438047621635E-02,8.500625853298E-02,9.56320408496E-02,
    0.106257823166,0.116883605483,0.127509387799,0.138135170116,
    0.148760952433,0.159386734749,0.170012517066,0.180638299383,
    0.191264081699,0.201889864016,0.212515646332,0.223141428649,
    0.233767210966),.UNSPECIFIED.);
#8930 = CARTESIAN_POINT('',(0.,0.));
#8931 = CARTESIAN_POINT('',(0.,3.582713024886E-03));
#8932 = CARTESIAN_POINT('',(0.,1.074312822644E-02));
#8933 = CARTESIAN_POINT('',(0.,2.14693514586E-02));
#8934 = CARTESIAN_POINT('',(0.,3.218180935389E-02));
#8935 = CARTESIAN_POINT('',(0.,4.288113173961E-02));
#8936 = CARTESIAN_POINT('',(0.,5.356794574693E-02));
#8937 = CARTESIAN_POINT('',(0.,6.424287554276E-02));
#8938 = CARTESIAN_POINT('',(0.,7.490654258985E-02));
#8939 = CARTESIAN_POINT('',(0.,8.55595657636E-02));
#8940 = CARTESIAN_POINT('',(0.,9.62025615057E-02));
#8941 = CARTESIAN_POINT('',(0.,0.106836143966));
#8942 = CARTESIAN_POINT('',(0.,0.117460925148));
#8943 = CARTESIAN_POINT('',(0.,0.128077515047));
#8944 = CARTESIAN_POINT('',(0.,0.138686521797));
#8945 = CARTESIAN_POINT('',(0.,0.149288551806));
#8946 = CARTESIAN_POINT('',(0.,0.159884209897));
#8947 = CARTESIAN_POINT('',(0.,0.170474099449));
#8948 = CARTESIAN_POINT('',(0.,0.181058822532));
#8949 = CARTESIAN_POINT('',(0.,0.191638980045));
#8950 = CARTESIAN_POINT('',(0.,0.202215171859));
#8951 = CARTESIAN_POINT('',(0.,0.21278799693));
#8952 = CARTESIAN_POINT('',(0.,0.223358053509));
#8953 = CARTESIAN_POINT('',(-0.,0.230403310519));
#8954 = CARTESIAN_POINT('',(0.,0.23392567679));
#8955 = ( GEOMETRIC_REPRESENTATION_CONTEXT(2) 
PARAMETRIC_REPRESENTATION_CONTEXT() REPRESENTATION_CONTEXT('2D SPACE',''
  ) );
#8956 = ORIENTED_EDGE('',*,*,#6929,.T.);
#8957 = ORIENTED_EDGE('',*,*,#5448,.F.);
#8958 = ADVANCED_FACE('',(#8959),#5424,.F.);
#8959 = FACE_BOUND('',#8960,.F.);
#8960 = EDGE_LOOP('',(#8961,#9006,#9007,#9008));
#8961 = ORIENTED_EDGE('',*,*,#8962,.F.);
#8962 = EDGE_CURVE('',#8869,#8963,#8965,.T.);
#8963 = VERTEX_POINT('',#8964);
#8964 = CARTESIAN_POINT('',(315.34549418873,-65.71860859689,
    108.44188425751));
#8965 = SURFACE_CURVE('',#8966,(#8971,#8978),.PCURVE_S1.);
#8966 = B_SPLINE_CURVE_WITH_KNOTS('',3,(#8967,#8968,#8969,#8970),
  .UNSPECIFIED.,.F.,.F.,(4,4),(-20.03476685902,-5.450980250692),
  .PIECEWISE_BEZIER_KNOTS.);
#8967 = CARTESIAN_POINT('',(393.77184982271,-65.71860859689,
    108.44188425751));
#8968 = CARTESIAN_POINT('',(345.15922779492,-65.71860859689,
    108.44188425751));
#8969 = CARTESIAN_POINT('',(296.54660576714,-65.71860859689,
    108.44188425751));
#8970 = CARTESIAN_POINT('',(247.93398373935,-65.71860859689,
    108.44188425751));
#8971 = PCURVE('',#5424,#8972);
#8972 = DEFINITIONAL_REPRESENTATION('',(#8973),#8977);
#8973 = LINE('',#8974,#8975);
#8974 = CARTESIAN_POINT('',(0.310758100902,0.));
#8975 = VECTOR('',#8976,1.);
#8976 = DIRECTION('',(1.E-16,-1.));
#8977 = ( GEOMETRIC_REPRESENTATION_CONTEXT(2) 
PARAMETRIC_REPRESENTATION_CONTEXT() REPRESENTATION_CONTEXT('2D SPACE',''
  ) );
#8978 = PCURVE('',#8979,#9000);
#8979 = B_SPLINE_SURFACE_WITH_KNOTS('',3,3,(
    (#8980,#8981,#8982,#8983)
    ,(#8984,#8985,#8986,#8987)
    ,(#8988,#8989,#8990,#8991)
    ,(#8992,#8993,#8994,#8995)
    ,(#8996,#8997,#8998,#8999
  )),.UNSPECIFIED.,.F.,.F.,.F.,(4,1,4),(4,4),(0.,0.571428571429,1.),(0.,
    20.034766859028),.UNSPECIFIED.);
#8980 = CARTESIAN_POINT('',(193.42418123243,-46.01547183055,
    110.91914526198));
#8981 = CARTESIAN_POINT('',(260.20673742919,-46.01547183055,
    110.91914526198));
#8982 = CARTESIAN_POINT('',(326.98929362595,-46.01547183055,
    110.91914526198));
#8983 = CARTESIAN_POINT('',(393.77184982271,-46.01547183055,
    110.91914526198));
#8984 = CARTESIAN_POINT('',(193.42418123243,-49.71908093857,
    112.19587234736));
#8985 = CARTESIAN_POINT('',(260.20673742919,-49.71908093857,
    112.19587234736));
#8986 = CARTESIAN_POINT('',(326.98929362595,-49.71908093857,
    112.19587234736));
#8987 = CARTESIAN_POINT('',(393.77184982271,-49.71908093857,
    112.19587234736));
#8988 = CARTESIAN_POINT('',(193.42418123243,-56.79012964204,
    112.69270355984));
#8989 = CARTESIAN_POINT('',(260.20673742919,-56.79012964204,
    112.69270355984));
#8990 = CARTESIAN_POINT('',(326.98929362595,-56.79012964204,
    112.69270355984));
#8991 = CARTESIAN_POINT('',(393.77184982271,-56.79012964204,
    112.69270355984));
#8992 = CARTESIAN_POINT('',(193.42418123243,-63.26439019862,
    110.05723571189));
#8993 = CARTESIAN_POINT('',(260.20673742919,-63.26439019862,
    110.05723571189));
#8994 = CARTESIAN_POINT('',(326.98929362595,-63.26439019862,
    110.05723571189));
#8995 = CARTESIAN_POINT('',(393.77184982271,-63.26439019862,
    110.05723571189));
#8996 = CARTESIAN_POINT('',(193.42418123243,-65.71860859689,
    108.44188425751));
#8997 = CARTESIAN_POINT('',(260.20673742919,-65.71860859689,
    108.44188425751));
#8998 = CARTESIAN_POINT('',(326.98929362595,-65.71860859689,
    108.44188425751));
#8999 = CARTESIAN_POINT('',(393.77184982271,-65.71860859689,
    108.44188425751));
#9000 = DEFINITIONAL_REPRESENTATION('',(#9001),#9005);
#9001 = LINE('',#9002,#9003);
#9002 = CARTESIAN_POINT('',(1.,0.));
#9003 = VECTOR('',#9004,1.);
#9004 = DIRECTION('',(0.,-1.));
#9005 = ( GEOMETRIC_REPRESENTATION_CONTEXT(2) 
PARAMETRIC_REPRESENTATION_CONTEXT() REPRESENTATION_CONTEXT('2D SPACE',''
  ) );
#9006 = ORIENTED_EDGE('',*,*,#8868,.T.);
#9007 = ORIENTED_EDGE('',*,*,#5406,.T.);
#9008 = ORIENTED_EDGE('',*,*,#9009,.F.);
#9009 = EDGE_CURVE('',#8963,#5379,#9010,.T.);
#9010 = SURFACE_CURVE('',#9011,(#9017,#9026),.PCURVE_S1.);
#9011 = B_SPLINE_CURVE_WITH_KNOTS('',4,(#9012,#9013,#9014,#9015,#9016),
  .UNSPECIFIED.,.F.,.F.,(5,5),(0.,1.),.PIECEWISE_BEZIER_KNOTS.);
#9012 = CARTESIAN_POINT('',(315.34549418873,-65.71860859689,
    108.44188425751));
#9013 = CARTESIAN_POINT('',(315.34549418873,-66.78895644766,
    107.73738788561));
#9014 = CARTESIAN_POINT('',(315.34549418873,-67.85930429844,
    107.0328915137));
#9015 = CARTESIAN_POINT('',(315.34549418873,-68.92965214922,
    106.3283951418));
#9016 = CARTESIAN_POINT('',(315.34549418873,-70.,105.62389876989));
#9017 = PCURVE('',#5424,#9018);
#9018 = DEFINITIONAL_REPRESENTATION('',(#9019),#9025);
#9019 = B_SPLINE_CURVE_WITH_KNOTS('',4,(#9020,#9021,#9022,#9023,#9024),
  .UNSPECIFIED.,.F.,.F.,(5,5),(0.,1.),.PIECEWISE_BEZIER_KNOTS.);
#9020 = CARTESIAN_POINT('',(0.310758100902,12.19213129563));
#9021 = CARTESIAN_POINT('',(0.233068575676,12.19213129563));
#9022 = CARTESIAN_POINT('',(0.155379050451,12.19213129563));
#9023 = CARTESIAN_POINT('',(7.768952522551E-02,12.19213129563));
#9024 = CARTESIAN_POINT('',(0.,12.19213129563));
#9025 = ( GEOMETRIC_REPRESENTATION_CONTEXT(2) 
PARAMETRIC_REPRESENTATION_CONTEXT() REPRESENTATION_CONTEXT('2D SPACE',''
  ) );
#9026 = PCURVE('',#5394,#9027);
#9027 = DEFINITIONAL_REPRESENTATION('',(#9028),#9034);
#9028 = B_SPLINE_CURVE_WITH_KNOTS('',4,(#9029,#9030,#9031,#9032,#9033),
  .UNSPECIFIED.,.F.,.F.,(5,5),(0.,1.),.PIECEWISE_BEZIER_KNOTS.);
#9029 = CARTESIAN_POINT('',(4.452961545441,-4.281391403111));
#9030 = CARTESIAN_POINT('',(5.157457917346,-3.211043552333));
#9031 = CARTESIAN_POINT('',(5.861954289251,-2.140695701555));
#9032 = CARTESIAN_POINT('',(6.566450661156,-1.070347850778));
#9033 = CARTESIAN_POINT('',(7.270947033061,5.684341886081E-14));
#9034 = ( GEOMETRIC_REPRESENTATION_CONTEXT(2) 
PARAMETRIC_REPRESENTATION_CONTEXT() REPRESENTATION_CONTEXT('2D SPACE',''
  ) );
#9035 = ADVANCED_FACE('',(#9036),#5394,.T.);
#9036 = FACE_BOUND('',#9037,.T.);
#9037 = EDGE_LOOP('',(#9038,#9039,#9040,#9108,#9135,#9136));
#9038 = ORIENTED_EDGE('',*,*,#5378,.F.);
#9039 = ORIENTED_EDGE('',*,*,#9009,.F.);
#9040 = ORIENTED_EDGE('',*,*,#9041,.T.);
#9041 = EDGE_CURVE('',#8963,#9042,#9044,.T.);
#9042 = VERTEX_POINT('',#9043);
#9043 = CARTESIAN_POINT('',(315.34549418873,-46.01547183055,
    110.91914526198));
#9044 = SURFACE_CURVE('',#9045,(#9064,#9086),.PCURVE_S1.);
#9045 = B_SPLINE_CURVE_WITH_KNOTS('',5,(#9046,#9047,#9048,#9049,#9050,
    #9051,#9052,#9053,#9054,#9055,#9056,#9057,#9058,#9059,#9060,#9061,
    #9062,#9063),.UNSPECIFIED.,.F.,.F.,(6,4,4,4,6),(0.,0.195036554329,
    0.429036637715,0.700000061338,1.),.UNSPECIFIED.);
#9046 = CARTESIAN_POINT('',(315.34549418873,-65.71860859689,
    108.44188425751));
#9047 = CARTESIAN_POINT('',(315.34549418873,-65.0485346829,
    108.88292278622));
#9048 = CARTESIAN_POINT('',(315.34549418873,-64.35858941901,
    109.29375509746));
#9049 = CARTESIAN_POINT('',(315.34549418873,-63.65078554646,
    109.67353057189));
#9050 = CARTESIAN_POINT('',(315.34549418873,-62.92709541145,
    110.02143579416));
#9051 = CARTESIAN_POINT('',(315.34549418873,-61.30439540048,
    110.71484487948));
#9052 = CARTESIAN_POINT('',(315.34549418873,-60.39927060335,
    111.04597245653));
#9053 = CARTESIAN_POINT('',(315.34549418873,-59.4773408935,
    111.32863788219));
#9054 = CARTESIAN_POINT('',(315.34549418873,-58.54199373399,
    111.56132917619));
#9055 = CARTESIAN_POINT('',(315.34549418873,-56.50220711383,
    111.95239416901));
#9056 = CARTESIAN_POINT('',(315.34549418873,-55.39446939959,
    112.09322047944));
#9057 = CARTESIAN_POINT('',(315.34549418873,-54.27948895193,
    112.16528109731));
#9058 = CARTESIAN_POINT('',(315.34549418873,-53.16296775849,
    112.16900990741));
#9059 = CARTESIAN_POINT('',(315.34549418873,-50.81848935906,
    112.03352601443));
#9060 = CARTESIAN_POINT('',(315.34549418873,-49.59150808325,
    111.87895825008));
#9061 = CARTESIAN_POINT('',(315.34549418873,-48.3767490759,
    111.64145031517));
#9062 = CARTESIAN_POINT('',(315.34549418873,-47.1820200067,
    111.32128371921));
#9063 = CARTESIAN_POINT('',(315.34549418873,-46.01547183055,
    110.91914526198));
#9064 = PCURVE('',#5394,#9065);
#9065 = DEFINITIONAL_REPRESENTATION('',(#9066),#9085);
#9066 = B_SPLINE_CURVE_WITH_KNOTS('',5,(#9067,#9068,#9069,#9070,#9071,
    #9072,#9073,#9074,#9075,#9076,#9077,#9078,#9079,#9080,#9081,#9082,
    #9083,#9084),.UNSPECIFIED.,.F.,.F.,(6,4,4,4,6),(0.,0.195036554329,
    0.429036637715,0.700000061338,1.),.UNSPECIFIED.);
#9067 = CARTESIAN_POINT('',(4.452961545441,-4.281391403111));
#9068 = CARTESIAN_POINT('',(4.011923016733,-4.951465317098));
#9069 = CARTESIAN_POINT('',(3.601090705493,-5.641410580981));
#9070 = CARTESIAN_POINT('',(3.221315231064,-6.349214453539));
#9071 = CARTESIAN_POINT('',(2.873410008797,-7.072904588548));
#9072 = CARTESIAN_POINT('',(2.180000923471,-8.695604599512));
#9073 = CARTESIAN_POINT('',(1.848873346424,-9.600729396642));
#9074 = CARTESIAN_POINT('',(1.566207920765,-10.52265910649));
#9075 = CARTESIAN_POINT('',(1.333516626761,-11.458006266));
#9076 = CARTESIAN_POINT('',(0.942451633939,-13.49779288616));
#9077 = CARTESIAN_POINT('',(0.801625323515,-14.6055306004));
#9078 = CARTESIAN_POINT('',(0.729564705641,-15.72051104806));
#9079 = CARTESIAN_POINT('',(0.725835895541,-16.8370322415));
#9080 = CARTESIAN_POINT('',(0.861319788525,-19.18151064094));
#9081 = CARTESIAN_POINT('',(1.015887552869,-20.40849191675));
#9082 = CARTESIAN_POINT('',(1.253395487786,-21.62325092409));
#9083 = CARTESIAN_POINT('',(1.573562083741,-22.81797999329));
#9084 = CARTESIAN_POINT('',(1.975700540977,-23.98452816945));
#9085 = ( GEOMETRIC_REPRESENTATION_CONTEXT(2) 
PARAMETRIC_REPRESENTATION_CONTEXT() REPRESENTATION_CONTEXT('2D SPACE',''
  ) );
#9086 = PCURVE('',#8979,#9087);
#9087 = DEFINITIONAL_REPRESENTATION('',(#9088),#9107);
#9088 = B_SPLINE_CURVE_WITH_KNOTS('',5,(#9089,#9090,#9091,#9092,#9093,
    #9094,#9095,#9096,#9097,#9098,#9099,#9100,#9101,#9102,#9103,#9104,
    #9105,#9106),.UNSPECIFIED.,.F.,.F.,(6,4,4,4,6),(0.,0.195036554329,
    0.429036637715,0.700000061338,1.),.UNSPECIFIED.);
#9089 = CARTESIAN_POINT('',(1.,12.19213129563));
#9090 = CARTESIAN_POINT('',(0.960995792011,12.19213129563));
#9091 = CARTESIAN_POINT('',(0.921993696168,12.19213129563));
#9092 = CARTESIAN_POINT('',(0.882994943243,12.19213129563));
#9093 = CARTESIAN_POINT('',(0.843998325682,12.19213129563));
#9094 = CARTESIAN_POINT('',(0.758210763526,12.19213129563));
#9095 = CARTESIAN_POINT('',(0.711420473866,12.19213129563));
#9096 = CARTESIAN_POINT('',(0.664621738184,12.19213129563));
#9097 = CARTESIAN_POINT('',(0.617813350757,12.19213129563));
#9098 = CARTESIAN_POINT('',(0.516791874906,12.19213129563));
#9099 = CARTESIAN_POINT('',(0.462580694786,12.19213129563));
#9100 = CARTESIAN_POINT('',(0.40837969318,12.19213129563));
#9101 = CARTESIAN_POINT('',(0.354189813513,12.19213129563));
#9102 = CARTESIAN_POINT('',(0.240003191159,12.19213129563));
#9103 = CARTESIAN_POINT('',(0.180011002604,12.19213129563));
#9104 = CARTESIAN_POINT('',(0.120007254731,12.19213129563));
#9105 = CARTESIAN_POINT('',(5.999543853593E-02,12.19213129563));
#9106 = CARTESIAN_POINT('',(0.,12.19213129563));
#9107 = ( GEOMETRIC_REPRESENTATION_CONTEXT(2) 
PARAMETRIC_REPRESENTATION_CONTEXT() REPRESENTATION_CONTEXT('2D SPACE',''
  ) );
#9108 = ORIENTED_EDGE('',*,*,#9109,.F.);
#9109 = EDGE_CURVE('',#6613,#9042,#9110,.T.);
#9110 = SURFACE_CURVE('',#9111,(#9117,#9126),.PCURVE_S1.);
#9111 = B_SPLINE_CURVE_WITH_KNOTS('',4,(#9112,#9113,#9114,#9115,#9116),
  .UNSPECIFIED.,.F.,.F.,(5,5),(0.,1.),.PIECEWISE_BEZIER_KNOTS.);
#9112 = CARTESIAN_POINT('',(315.34549418873,-40.,108.93159739263));
#9113 = CARTESIAN_POINT('',(315.34549418873,-41.51466259249,
    109.41054577057));
#9114 = CARTESIAN_POINT('',(315.34549418873,-43.02520655027,
    109.90251199828));
#9115 = CARTESIAN_POINT('',(315.34549418873,-44.53146445951,
    110.40744306254));
#9116 = CARTESIAN_POINT('',(315.34549418873,-46.03327032509,
    110.92528166167));
#9117 = PCURVE('',#5394,#9118);
#9118 = DEFINITIONAL_REPRESENTATION('',(#9119),#9125);
#9119 = B_SPLINE_CURVE_WITH_KNOTS('',4,(#9120,#9121,#9122,#9123,#9124),
  .UNSPECIFIED.,.F.,.F.,(5,5),(0.,1.),.PIECEWISE_BEZIER_KNOTS.);
#9120 = CARTESIAN_POINT('',(3.96324841032,-30.));
#9121 = CARTESIAN_POINT('',(3.484300032387,-28.4853374075));
#9122 = CARTESIAN_POINT('',(2.99233380467,-26.97479344972));
#9123 = CARTESIAN_POINT('',(2.487402740417,-25.46853554049));
#9124 = CARTESIAN_POINT('',(1.969564141281,-23.9667296749));
#9125 = ( GEOMETRIC_REPRESENTATION_CONTEXT(2) 
PARAMETRIC_REPRESENTATION_CONTEXT() REPRESENTATION_CONTEXT('2D SPACE',''
  ) );
#9126 = PCURVE('',#6651,#9127);
#9127 = DEFINITIONAL_REPRESENTATION('',(#9128),#9134);
#9128 = B_SPLINE_CURVE_WITH_KNOTS('',4,(#9129,#9130,#9131,#9132,#9133),
  .UNSPECIFIED.,.F.,.F.,(5,5),(0.,1.),.PIECEWISE_BEZIER_KNOTS.);
#9129 = CARTESIAN_POINT('',(3.236063658798,12.19213129563));
#9130 = CARTESIAN_POINT('',(3.077199862168,12.19213129563));
#9131 = CARTESIAN_POINT('',(2.918314232821,12.19213129563));
#9132 = CARTESIAN_POINT('',(2.75941115052,12.19213129563));
#9133 = CARTESIAN_POINT('',(2.600494974606,12.19213129563));
#9134 = ( GEOMETRIC_REPRESENTATION_CONTEXT(2) 
PARAMETRIC_REPRESENTATION_CONTEXT() REPRESENTATION_CONTEXT('2D SPACE',''
  ) );
#9135 = ORIENTED_EDGE('',*,*,#6612,.F.);
#9136 = ORIENTED_EDGE('',*,*,#9137,.F.);
#9137 = EDGE_CURVE('',#5351,#6588,#9138,.T.);
#9138 = SURFACE_CURVE('',#9139,(#9143,#9150),.PCURVE_S1.);
#9139 = LINE('',#9140,#9141);
#9140 = CARTESIAN_POINT('',(315.34549418873,-70.,85.000785910634));
#9141 = VECTOR('',#9142,1.);
#9142 = DIRECTION('',(0.,1.,-2.2E-16));
#9143 = PCURVE('',#5394,#9144);
#9144 = DEFINITIONAL_REPRESENTATION('',(#9145),#9149);
#9145 = LINE('',#9146,#9147);
#9146 = CARTESIAN_POINT('',(27.894059892324,8.074161538891E-15));
#9147 = VECTOR('',#9148,1.);
#9148 = DIRECTION('',(0.,-1.));
#9149 = ( GEOMETRIC_REPRESENTATION_CONTEXT(2) 
PARAMETRIC_REPRESENTATION_CONTEXT() REPRESENTATION_CONTEXT('2D SPACE',''
  ) );
#9150 = PCURVE('',#5366,#9151);
#9151 = DEFINITIONAL_REPRESENTATION('',(#9152),#9156);
#9152 = LINE('',#9153,#9154);
#9153 = CARTESIAN_POINT('',(17.089567968013,-1.879852476481E-15));
#9154 = VECTOR('',#9155,1.);
#9155 = DIRECTION('',(-3.697785493223E-32,-1.));
#9156 = ( GEOMETRIC_REPRESENTATION_CONTEXT(2) 
PARAMETRIC_REPRESENTATION_CONTEXT() REPRESENTATION_CONTEXT('2D SPACE',''
  ) );
#9157 = ADVANCED_FACE('',(#9158),#5366,.F.);
#9158 = FACE_BOUND('',#9159,.F.);
#9159 = EDGE_LOOP('',(#9160,#9161,#9182,#9183));
#9160 = ORIENTED_EDGE('',*,*,#5350,.F.);
#9161 = ORIENTED_EDGE('',*,*,#9162,.T.);
#9162 = EDGE_CURVE('',#5323,#6590,#9163,.T.);
#9163 = SURFACE_CURVE('',#9164,(#9168,#9175),.PCURVE_S1.);
#9164 = LINE('',#9165,#9166);
#9165 = CARTESIAN_POINT('',(330.14549418873,-70.,93.54556989464));
#9166 = VECTOR('',#9167,1.);
#9167 = DIRECTION('',(0.,1.,-2.2E-16));
#9168 = PCURVE('',#5366,#9169);
#9169 = DEFINITIONAL_REPRESENTATION('',(#9170),#9174);
#9170 = LINE('',#9171,#9172);
#9171 = CARTESIAN_POINT('',(-0.,0.));
#9172 = VECTOR('',#9173,1.);
#9173 = DIRECTION('',(-3.697785493223E-32,-1.));
#9174 = ( GEOMETRIC_REPRESENTATION_CONTEXT(2) 
PARAMETRIC_REPRESENTATION_CONTEXT() REPRESENTATION_CONTEXT('2D SPACE',''
  ) );
#9175 = PCURVE('',#5338,#9176);
#9176 = DEFINITIONAL_REPRESENTATION('',(#9177),#9181);
#9177 = LINE('',#9178,#9179);
#9178 = CARTESIAN_POINT('',(0.230940107676,1.426166153889E-14));
#9179 = VECTOR('',#9180,1.);
#9180 = DIRECTION('',(0.,-1.));
#9181 = ( GEOMETRIC_REPRESENTATION_CONTEXT(2) 
PARAMETRIC_REPRESENTATION_CONTEXT() REPRESENTATION_CONTEXT('2D SPACE',''
  ) );
#9182 = ORIENTED_EDGE('',*,*,#6587,.F.);
#9183 = ORIENTED_EDGE('',*,*,#9137,.F.);
#9184 = ADVANCED_FACE('',(#9185),#5338,.F.);
#9185 = FACE_BOUND('',#9186,.F.);
#9186 = EDGE_LOOP('',(#9187,#9188,#9189,#9190));
#9187 = ORIENTED_EDGE('',*,*,#5322,.F.);
#9188 = ORIENTED_EDGE('',*,*,#8078,.T.);
#9189 = ORIENTED_EDGE('',*,*,#6795,.F.);
#9190 = ORIENTED_EDGE('',*,*,#9162,.F.);
#9191 = ADVANCED_FACE('',(#9192),#5265,.F.);
#9192 = FACE_BOUND('',#9193,.F.);
#9193 = EDGE_LOOP('',(#9194,#9195,#9196,#9197));
#9194 = ORIENTED_EDGE('',*,*,#8053,.T.);
#9195 = ORIENTED_EDGE('',*,*,#7995,.T.);
#9196 = ORIENTED_EDGE('',*,*,#7922,.F.);
#9197 = ORIENTED_EDGE('',*,*,#5249,.F.);
#9198 = ADVANCED_FACE('',(#9199),#5190,.F.);
#9199 = FACE_BOUND('',#9200,.F.);
#9200 = EDGE_LOOP('',(#9201,#9202,#9223,#9224));
#9201 = ORIENTED_EDGE('',*,*,#5174,.F.);
#9202 = ORIENTED_EDGE('',*,*,#9203,.T.);
#9203 = EDGE_CURVE('',#5147,#7657,#9204,.T.);
#9204 = SURFACE_CURVE('',#9205,(#9209,#9216),.PCURVE_S1.);
#9205 = LINE('',#9206,#9207);
#9206 = CARTESIAN_POINT('',(330.14549418873,-70.,11.864629786965));
#9207 = VECTOR('',#9208,1.);
#9208 = DIRECTION('',(0.,1.,-2.2E-16));
#9209 = PCURVE('',#5190,#9210);
#9210 = DEFINITIONAL_REPRESENTATION('',(#9211),#9215);
#9211 = LINE('',#9212,#9213);
#9212 = CARTESIAN_POINT('',(-3.126388037344E-30,1.42108547152E-14));
#9213 = VECTOR('',#9214,1.);
#9214 = DIRECTION('',(0.,-1.));
#9215 = ( GEOMETRIC_REPRESENTATION_CONTEXT(2) 
PARAMETRIC_REPRESENTATION_CONTEXT() REPRESENTATION_CONTEXT('2D SPACE',''
  ) );
#9216 = PCURVE('',#5162,#9217);
#9217 = DEFINITIONAL_REPRESENTATION('',(#9218),#9222);
#9218 = LINE('',#9219,#9220);
#9219 = CARTESIAN_POINT('',(0.,0.));
#9220 = VECTOR('',#9221,1.);
#9221 = DIRECTION('',(3.697785493223E-32,-1.));
#9222 = ( GEOMETRIC_REPRESENTATION_CONTEXT(2) 
PARAMETRIC_REPRESENTATION_CONTEXT() REPRESENTATION_CONTEXT('2D SPACE',''
  ) );
#9223 = ORIENTED_EDGE('',*,*,#7679,.F.);
#9224 = ORIENTED_EDGE('',*,*,#7895,.F.);
#9225 = ADVANCED_FACE('',(#9226),#5162,.T.);
#9226 = FACE_BOUND('',#9227,.T.);
#9227 = EDGE_LOOP('',(#9228,#9229,#9230,#9231));
#9228 = ORIENTED_EDGE('',*,*,#5146,.F.);
#9229 = ORIENTED_EDGE('',*,*,#9203,.T.);
#9230 = ORIENTED_EDGE('',*,*,#7656,.F.);
#9231 = ORIENTED_EDGE('',*,*,#9232,.F.);
#9232 = EDGE_CURVE('',#5119,#7634,#9233,.T.);
#9233 = SURFACE_CURVE('',#9234,(#9238,#9245),.PCURVE_S1.);
#9234 = LINE('',#9235,#9236);
#9235 = CARTESIAN_POINT('',(330.34549418873,-70.,11.980099840803));
#9236 = VECTOR('',#9237,1.);
#9237 = DIRECTION('',(0.,1.,-2.2E-16));
#9238 = PCURVE('',#5162,#9239);
#9239 = DEFINITIONAL_REPRESENTATION('',(#9240),#9244);
#9240 = LINE('',#9241,#9242);
#9241 = CARTESIAN_POINT('',(0.230940107676,2.540341184434E-17));
#9242 = VECTOR('',#9243,1.);
#9243 = DIRECTION('',(3.697785493223E-32,-1.));
#9244 = ( GEOMETRIC_REPRESENTATION_CONTEXT(2) 
PARAMETRIC_REPRESENTATION_CONTEXT() REPRESENTATION_CONTEXT('2D SPACE',''
  ) );
#9245 = PCURVE('',#5134,#9246);
#9246 = DEFINITIONAL_REPRESENTATION('',(#9247),#9251);
#9247 = LINE('',#9248,#9249);
#9248 = CARTESIAN_POINT('',(-0.,0.));
#9249 = VECTOR('',#9250,1.);
#9250 = DIRECTION('',(0.,-1.));
#9251 = ( GEOMETRIC_REPRESENTATION_CONTEXT(2) 
PARAMETRIC_REPRESENTATION_CONTEXT() REPRESENTATION_CONTEXT('2D SPACE',''
  ) );
#9252 = ADVANCED_FACE('',(#9253),#5134,.T.);
#9253 = FACE_BOUND('',#9254,.T.);
#9254 = EDGE_LOOP('',(#9255,#9256,#9257,#9258));
#9255 = ORIENTED_EDGE('',*,*,#5118,.F.);
#9256 = ORIENTED_EDGE('',*,*,#9232,.T.);
#9257 = ORIENTED_EDGE('',*,*,#7633,.F.);
#9258 = ORIENTED_EDGE('',*,*,#9259,.F.);
#9259 = EDGE_CURVE('',#5091,#7611,#9260,.T.);
#9260 = SURFACE_CURVE('',#9261,(#9265,#9272),.PCURVE_S1.);
#9261 = LINE('',#9262,#9263);
#9262 = CARTESIAN_POINT('',(330.34549418873,-70.,-33.25084026687));
#9263 = VECTOR('',#9264,1.);
#9264 = DIRECTION('',(0.,1.,-2.2E-16));
#9265 = PCURVE('',#5134,#9266);
#9266 = DEFINITIONAL_REPRESENTATION('',(#9267),#9271);
#9267 = LINE('',#9268,#9269);
#9268 = CARTESIAN_POINT('',(45.230940107676,-9.950806823689E-15));
#9269 = VECTOR('',#9270,1.);
#9270 = DIRECTION('',(0.,-1.));
#9271 = ( GEOMETRIC_REPRESENTATION_CONTEXT(2) 
PARAMETRIC_REPRESENTATION_CONTEXT() REPRESENTATION_CONTEXT('2D SPACE',''
  ) );
#9272 = PCURVE('',#5106,#9273);
#9273 = DEFINITIONAL_REPRESENTATION('',(#9274),#9278);
#9274 = LINE('',#9275,#9276);
#9275 = CARTESIAN_POINT('',(0.,0.));
#9276 = VECTOR('',#9277,1.);
#9277 = DIRECTION('',(-2.465190328816E-32,-1.));
#9278 = ( GEOMETRIC_REPRESENTATION_CONTEXT(2) 
PARAMETRIC_REPRESENTATION_CONTEXT() REPRESENTATION_CONTEXT('2D SPACE',''
  ) );
#9279 = ADVANCED_FACE('',(#9280),#5106,.T.);
#9280 = FACE_BOUND('',#9281,.T.);
#9281 = EDGE_LOOP('',(#9282,#9283,#9284,#9285));
#9282 = ORIENTED_EDGE('',*,*,#5090,.F.);
#9283 = ORIENTED_EDGE('',*,*,#9259,.T.);
#9284 = ORIENTED_EDGE('',*,*,#7610,.F.);
#9285 = ORIENTED_EDGE('',*,*,#9286,.F.);
#9286 = EDGE_CURVE('',#5063,#7588,#9287,.T.);
#9287 = SURFACE_CURVE('',#9288,(#9292,#9299),.PCURVE_S1.);
#9288 = LINE('',#9289,#9290);
#9289 = CARTESIAN_POINT('',(315.34549418873,-70.,-24.59058622902));
#9290 = VECTOR('',#9291,1.);
#9291 = DIRECTION('',(0.,1.,-2.2E-16));
#9292 = PCURVE('',#5106,#9293);
#9293 = DEFINITIONAL_REPRESENTATION('',(#9294),#9298);
#9294 = LINE('',#9295,#9296);
#9295 = CARTESIAN_POINT('',(17.320508075689,1.905255888326E-15));
#9296 = VECTOR('',#9297,1.);
#9297 = DIRECTION('',(-2.465190328816E-32,-1.));
#9298 = ( GEOMETRIC_REPRESENTATION_CONTEXT(2) 
PARAMETRIC_REPRESENTATION_CONTEXT() REPRESENTATION_CONTEXT('2D SPACE',''
  ) );
#9299 = PCURVE('',#5078,#9300);
#9300 = DEFINITIONAL_REPRESENTATION('',(#9301),#9305);
#9301 = LINE('',#9302,#9303);
#9302 = CARTESIAN_POINT('',(-26.65431393016,5.));
#9303 = VECTOR('',#9304,1.);
#9304 = DIRECTION('',(2.2E-16,-1.));
#9305 = ( GEOMETRIC_REPRESENTATION_CONTEXT(2) 
PARAMETRIC_REPRESENTATION_CONTEXT() REPRESENTATION_CONTEXT('2D SPACE',''
  ) );
#9306 = ADVANCED_FACE('',(#9307),#5078,.T.);
#9307 = FACE_BOUND('',#9308,.T.);
#9308 = EDGE_LOOP('',(#9309,#9310,#9311,#9312));
#9309 = ORIENTED_EDGE('',*,*,#5062,.F.);
#9310 = ORIENTED_EDGE('',*,*,#9286,.T.);
#9311 = ORIENTED_EDGE('',*,*,#7587,.F.);
#9312 = ORIENTED_EDGE('',*,*,#9313,.T.);
#9313 = EDGE_CURVE('',#7565,#5035,#9314,.T.);
#9314 = SURFACE_CURVE('',#9315,(#9319,#9326),.PCURVE_S1.);
#9315 = LINE('',#9316,#9317);
#9316 = CARTESIAN_POINT('',(315.34549418873,-67.5,-45.14549418873));
#9317 = VECTOR('',#9318,1.);
#9318 = DIRECTION('',(0.,-1.,0.));
#9319 = PCURVE('',#5078,#9320);
#9320 = DEFINITIONAL_REPRESENTATION('',(#9321),#9325);
#9321 = LINE('',#9322,#9323);
#9322 = CARTESIAN_POINT('',(-6.099405970466,2.5));
#9323 = VECTOR('',#9324,1.);
#9324 = DIRECTION('',(0.,1.));
#9325 = ( GEOMETRIC_REPRESENTATION_CONTEXT(2) 
PARAMETRIC_REPRESENTATION_CONTEXT() REPRESENTATION_CONTEXT('2D SPACE',''
  ) );
#9326 = PCURVE('',#5050,#9327);
#9327 = DEFINITIONAL_REPRESENTATION('',(#9328),#9332);
#9328 = LINE('',#9329,#9330);
#9329 = CARTESIAN_POINT('',(2.5,16.330164871877));
#9330 = VECTOR('',#9331,1.);
#9331 = DIRECTION('',(1.,-2.6676E-30));
#9332 = ( GEOMETRIC_REPRESENTATION_CONTEXT(2) 
PARAMETRIC_REPRESENTATION_CONTEXT() REPRESENTATION_CONTEXT('2D SPACE',''
  ) );
#9333 = ADVANCED_FACE('',(#9334),#5022,.T.);
#9334 = FACE_BOUND('',#9335,.T.);
#9335 = EDGE_LOOP('',(#9336,#9337,#9358,#9359));
#9336 = ORIENTED_EDGE('',*,*,#5006,.F.);
#9337 = ORIENTED_EDGE('',*,*,#9338,.T.);
#9338 = EDGE_CURVE('',#5007,#7542,#9339,.T.);
#9339 = SURFACE_CURVE('',#9340,(#9344,#9351),.PCURVE_S1.);
#9340 = LINE('',#9341,#9342);
#9341 = CARTESIAN_POINT('',(348.00582393248,-70.,-45.14549418873));
#9342 = VECTOR('',#9343,1.);
#9343 = DIRECTION('',(0.,1.,0.));
#9344 = PCURVE('',#5022,#9345);
#9345 = DEFINITIONAL_REPRESENTATION('',(#9346),#9350);
#9346 = LINE('',#9347,#9348);
#9347 = CARTESIAN_POINT('',(-0.,0.));
#9348 = VECTOR('',#9349,1.);
#9349 = DIRECTION('',(-1.1E-16,-1.));
#9350 = ( GEOMETRIC_REPRESENTATION_CONTEXT(2) 
PARAMETRIC_REPRESENTATION_CONTEXT() REPRESENTATION_CONTEXT('2D SPACE',''
  ) );
#9351 = PCURVE('',#5050,#9352);
#9352 = DEFINITIONAL_REPRESENTATION('',(#9353),#9357);
#9353 = LINE('',#9354,#9355);
#9354 = CARTESIAN_POINT('',(5.,-16.33016487187));
#9355 = VECTOR('',#9356,1.);
#9356 = DIRECTION('',(-1.,2.6676E-30));
#9357 = ( GEOMETRIC_REPRESENTATION_CONTEXT(2) 
PARAMETRIC_REPRESENTATION_CONTEXT() REPRESENTATION_CONTEXT('2D SPACE',''
  ) );
#9358 = ORIENTED_EDGE('',*,*,#7541,.F.);
#9359 = ORIENTED_EDGE('',*,*,#9360,.F.);
#9360 = EDGE_CURVE('',#4979,#7519,#9361,.T.);
#9361 = SURFACE_CURVE('',#9362,(#9366,#9373),.PCURVE_S1.);
#9362 = LINE('',#9363,#9364);
#9363 = CARTESIAN_POINT('',(339.34556989464,-70.,-60.14549418873));
#9364 = VECTOR('',#9365,1.);
#9365 = DIRECTION('',(0.,1.,0.));
#9366 = PCURVE('',#5022,#9367);
#9367 = DEFINITIONAL_REPRESENTATION('',(#9368),#9372);
#9368 = LINE('',#9369,#9370);
#9369 = CARTESIAN_POINT('',(17.320508075689,-1.905255888326E-15));
#9370 = VECTOR('',#9371,1.);
#9371 = DIRECTION('',(-1.1E-16,-1.));
#9372 = ( GEOMETRIC_REPRESENTATION_CONTEXT(2) 
PARAMETRIC_REPRESENTATION_CONTEXT() REPRESENTATION_CONTEXT('2D SPACE',''
  ) );
#9373 = PCURVE('',#4994,#9374);
#9374 = DEFINITIONAL_REPRESENTATION('',(#9375),#9379);
#9375 = LINE('',#9376,#9377);
#9376 = CARTESIAN_POINT('',(0.,0.));
#9377 = VECTOR('',#9378,1.);
#9378 = DIRECTION('',(2.2E-16,-1.));
#9379 = ( GEOMETRIC_REPRESENTATION_CONTEXT(2) 
PARAMETRIC_REPRESENTATION_CONTEXT() REPRESENTATION_CONTEXT('2D SPACE',''
  ) );
#9380 = ADVANCED_FACE('',(#9381),#4994,.T.);
#9381 = FACE_BOUND('',#9382,.T.);
#9382 = EDGE_LOOP('',(#9383,#9384,#9385,#9386));
#9383 = ORIENTED_EDGE('',*,*,#4978,.F.);
#9384 = ORIENTED_EDGE('',*,*,#9360,.T.);
#9385 = ORIENTED_EDGE('',*,*,#7518,.F.);
#9386 = ORIENTED_EDGE('',*,*,#9387,.F.);
#9387 = EDGE_CURVE('',#4951,#7496,#9388,.T.);
#9388 = SURFACE_CURVE('',#9389,(#9393,#9400),.PCURVE_S1.);
#9389 = LINE('',#9390,#9391);
#9390 = CARTESIAN_POINT('',(384.11462978696,-70.,-60.14549418873));
#9391 = VECTOR('',#9392,1.);
#9392 = DIRECTION('',(0.,1.,0.));
#9393 = PCURVE('',#4994,#9394);
#9394 = DEFINITIONAL_REPRESENTATION('',(#9395),#9399);
#9395 = LINE('',#9396,#9397);
#9396 = CARTESIAN_POINT('',(44.769059892324,9.849193176311E-15));
#9397 = VECTOR('',#9398,1.);
#9398 = DIRECTION('',(2.2E-16,-1.));
#9399 = ( GEOMETRIC_REPRESENTATION_CONTEXT(2) 
PARAMETRIC_REPRESENTATION_CONTEXT() REPRESENTATION_CONTEXT('2D SPACE',''
  ) );
#9400 = PCURVE('',#4966,#9401);
#9401 = DEFINITIONAL_REPRESENTATION('',(#9402),#9406);
#9402 = LINE('',#9403,#9404);
#9403 = CARTESIAN_POINT('',(17.089567968013,1.879852476481E-15));
#9404 = VECTOR('',#9405,1.);
#9405 = DIRECTION('',(1.1E-16,-1.));
#9406 = ( GEOMETRIC_REPRESENTATION_CONTEXT(2) 
PARAMETRIC_REPRESENTATION_CONTEXT() REPRESENTATION_CONTEXT('2D SPACE',''
  ) );
#9407 = ADVANCED_FACE('',(#9408),#4966,.F.);
#9408 = FACE_BOUND('',#9409,.F.);
#9409 = EDGE_LOOP('',(#9410,#9411,#9432,#9433));
#9410 = ORIENTED_EDGE('',*,*,#4950,.F.);
#9411 = ORIENTED_EDGE('',*,*,#9412,.T.);
#9412 = EDGE_CURVE('',#4923,#7473,#9413,.T.);
#9413 = SURFACE_CURVE('',#9414,(#9418,#9425),.PCURVE_S1.);
#9414 = LINE('',#9415,#9416);
#9415 = CARTESIAN_POINT('',(375.56984580295,-70.,-45.34549418873));
#9416 = VECTOR('',#9417,1.);
#9417 = DIRECTION('',(0.,1.,0.));
#9418 = PCURVE('',#4966,#9419);
#9419 = DEFINITIONAL_REPRESENTATION('',(#9420),#9424);
#9420 = LINE('',#9421,#9422);
#9421 = CARTESIAN_POINT('',(0.,0.));
#9422 = VECTOR('',#9423,1.);
#9423 = DIRECTION('',(1.1E-16,-1.));
#9424 = ( GEOMETRIC_REPRESENTATION_CONTEXT(2) 
PARAMETRIC_REPRESENTATION_CONTEXT() REPRESENTATION_CONTEXT('2D SPACE',''
  ) );
#9425 = PCURVE('',#4938,#9426);
#9426 = DEFINITIONAL_REPRESENTATION('',(#9427),#9431);
#9427 = LINE('',#9428,#9429);
#9428 = CARTESIAN_POINT('',(0.230940107676,1.416004789151E-14));
#9429 = VECTOR('',#9430,1.);
#9430 = DIRECTION('',(-2.2E-16,-1.));
#9431 = ( GEOMETRIC_REPRESENTATION_CONTEXT(2) 
PARAMETRIC_REPRESENTATION_CONTEXT() REPRESENTATION_CONTEXT('2D SPACE',''
  ) );
#9432 = ORIENTED_EDGE('',*,*,#7495,.F.);
#9433 = ORIENTED_EDGE('',*,*,#9387,.F.);
#9434 = ADVANCED_FACE('',(#9435),#4938,.F.);
#9435 = FACE_BOUND('',#9436,.F.);
#9436 = EDGE_LOOP('',(#9437,#9438,#9459,#9460));
#9437 = ORIENTED_EDGE('',*,*,#4922,.F.);
#9438 = ORIENTED_EDGE('',*,*,#9439,.T.);
#9439 = EDGE_CURVE('',#4895,#7450,#9440,.T.);
#9440 = SURFACE_CURVE('',#9441,(#9445,#9452),.PCURVE_S1.);
#9441 = LINE('',#9442,#9443);
#9442 = CARTESIAN_POINT('',(375.80078591063,-70.,-45.34549418873));
#9443 = VECTOR('',#9444,1.);
#9444 = DIRECTION('',(0.,1.,0.));
#9445 = PCURVE('',#4938,#9446);
#9446 = DEFINITIONAL_REPRESENTATION('',(#9447),#9451);
#9447 = LINE('',#9448,#9449);
#9448 = CARTESIAN_POINT('',(2.84217094304E-14,1.42108547152E-14));
#9449 = VECTOR('',#9450,1.);
#9450 = DIRECTION('',(-2.2E-16,-1.));
#9451 = ( GEOMETRIC_REPRESENTATION_CONTEXT(2) 
PARAMETRIC_REPRESENTATION_CONTEXT() REPRESENTATION_CONTEXT('2D SPACE',''
  ) );
#9452 = PCURVE('',#4910,#9453);
#9453 = DEFINITIONAL_REPRESENTATION('',(#9454),#9458);
#9454 = LINE('',#9455,#9456);
#9455 = CARTESIAN_POINT('',(0.,0.));
#9456 = VECTOR('',#9457,1.);
#9457 = DIRECTION('',(-1.1E-16,-1.));
#9458 = ( GEOMETRIC_REPRESENTATION_CONTEXT(2) 
PARAMETRIC_REPRESENTATION_CONTEXT() REPRESENTATION_CONTEXT('2D SPACE',''
  ) );
#9459 = ORIENTED_EDGE('',*,*,#7472,.F.);
#9460 = ORIENTED_EDGE('',*,*,#9412,.F.);
#9461 = ADVANCED_FACE('',(#9462),#4910,.T.);
#9462 = FACE_BOUND('',#9463,.T.);
#9463 = EDGE_LOOP('',(#9464,#9465,#9466,#9467));
#9464 = ORIENTED_EDGE('',*,*,#4894,.F.);
#9465 = ORIENTED_EDGE('',*,*,#9439,.T.);
#9466 = ORIENTED_EDGE('',*,*,#7449,.F.);
#9467 = ORIENTED_EDGE('',*,*,#9468,.F.);
#9468 = EDGE_CURVE('',#4872,#7427,#9469,.T.);
#9469 = SURFACE_CURVE('',#9470,(#9474,#9481),.PCURVE_S1.);
#9470 = LINE('',#9471,#9472);
#9471 = CARTESIAN_POINT('',(375.68531585679,-70.,-45.14549418873));
#9472 = VECTOR('',#9473,1.);
#9473 = DIRECTION('',(0.,1.,0.));
#9474 = PCURVE('',#4910,#9475);
#9475 = DEFINITIONAL_REPRESENTATION('',(#9476),#9480);
#9476 = LINE('',#9477,#9478);
#9477 = CARTESIAN_POINT('',(0.230940107676,-2.540341184434E-17));
#9478 = VECTOR('',#9479,1.);
#9479 = DIRECTION('',(-1.1E-16,-1.));
#9480 = ( GEOMETRIC_REPRESENTATION_CONTEXT(2) 
PARAMETRIC_REPRESENTATION_CONTEXT() REPRESENTATION_CONTEXT('2D SPACE',''
  ) );
#9481 = PCURVE('',#4775,#9482);
#9482 = DEFINITIONAL_REPRESENTATION('',(#9483),#9487);
#9483 = LINE('',#9484,#9485);
#9484 = CARTESIAN_POINT('',(10.737135148026,-4.932951657798));
#9485 = VECTOR('',#9486,1.);
#9486 = DIRECTION('',(0.,1.));
#9487 = ( GEOMETRIC_REPRESENTATION_CONTEXT(2) 
PARAMETRIC_REPRESENTATION_CONTEXT() REPRESENTATION_CONTEXT('2D SPACE',''
  ) );
#9488 = ADVANCED_FACE('',(#9489),#4859,.F.);
#9489 = FACE_BOUND('',#9490,.F.);
#9490 = EDGE_LOOP('',(#9491,#9514,#9515,#9538));
#9491 = ORIENTED_EDGE('',*,*,#9492,.T.);
#9492 = EDGE_CURVE('',#9493,#4844,#9495,.T.);
#9493 = VERTEX_POINT('',#9494);
#9494 = CARTESIAN_POINT('',(381.10679315363,-66.,-45.14549418873));
#9495 = SURFACE_CURVE('',#9496,(#9500,#9507),.PCURVE_S1.);
#9496 = LINE('',#9497,#9498);
#9497 = CARTESIAN_POINT('',(381.10679315362,-70.,-45.14549418873));
#9498 = VECTOR('',#9499,1.);
#9499 = DIRECTION('',(-0.,-1.,-0.));
#9500 = PCURVE('',#4859,#9501);
#9501 = DEFINITIONAL_REPRESENTATION('',(#9502),#9506);
#9502 = LINE('',#9503,#9504);
#9503 = CARTESIAN_POINT('',(3.296490075917,0.));
#9504 = VECTOR('',#9505,1.);
#9505 = DIRECTION('',(0.,-1.));
#9506 = ( GEOMETRIC_REPRESENTATION_CONTEXT(2) 
PARAMETRIC_REPRESENTATION_CONTEXT() REPRESENTATION_CONTEXT('2D SPACE',''
  ) );
#9507 = PCURVE('',#4775,#9508);
#9508 = DEFINITIONAL_REPRESENTATION('',(#9509),#9513);
#9509 = LINE('',#9510,#9511);
#9510 = CARTESIAN_POINT('',(5.315657851193,-4.932951657798));
#9511 = VECTOR('',#9512,1.);
#9512 = DIRECTION('',(0.,-1.));
#9513 = ( GEOMETRIC_REPRESENTATION_CONTEXT(2) 
PARAMETRIC_REPRESENTATION_CONTEXT() REPRESENTATION_CONTEXT('2D SPACE',''
  ) );
#9514 = ORIENTED_EDGE('',*,*,#4843,.T.);
#9515 = ORIENTED_EDGE('',*,*,#9516,.T.);
#9516 = EDGE_CURVE('',#4816,#9517,#9519,.T.);
#9517 = VERTEX_POINT('',#9518);
#9518 = CARTESIAN_POINT('',(381.47927405783,-66.,-44.50033833779));
#9519 = SURFACE_CURVE('',#9520,(#9524,#9531),.PCURVE_S1.);
#9520 = LINE('',#9521,#9522);
#9521 = CARTESIAN_POINT('',(381.47927405783,-70.,-44.50033833779));
#9522 = VECTOR('',#9523,1.);
#9523 = DIRECTION('',(0.,1.,0.));
#9524 = PCURVE('',#4859,#9525);
#9525 = DEFINITIONAL_REPRESENTATION('',(#9526),#9530);
#9526 = LINE('',#9527,#9528);
#9527 = CARTESIAN_POINT('',(4.041451884328,0.));
#9528 = VECTOR('',#9529,1.);
#9529 = DIRECTION('',(0.,1.));
#9530 = ( GEOMETRIC_REPRESENTATION_CONTEXT(2) 
PARAMETRIC_REPRESENTATION_CONTEXT() REPRESENTATION_CONTEXT('2D SPACE',''
  ) );
#9531 = PCURVE('',#4831,#9532);
#9532 = DEFINITIONAL_REPRESENTATION('',(#9533),#9537);
#9533 = LINE('',#9534,#9535);
#9534 = CARTESIAN_POINT('',(0.,0.));
#9535 = VECTOR('',#9536,1.);
#9536 = DIRECTION('',(0.,1.));
#9537 = ( GEOMETRIC_REPRESENTATION_CONTEXT(2) 
PARAMETRIC_REPRESENTATION_CONTEXT() REPRESENTATION_CONTEXT('2D SPACE',''
  ) );
#9538 = ORIENTED_EDGE('',*,*,#9539,.F.);
#9539 = EDGE_CURVE('',#9493,#9517,#9540,.T.);
#9540 = SURFACE_CURVE('',#9541,(#9545,#9552),.PCURVE_S1.);
#9541 = LINE('',#9542,#9543);
#9542 = CARTESIAN_POINT('',(381.47927405783,-66.,-44.50033833779));
#9543 = VECTOR('',#9544,1.);
#9544 = DIRECTION('',(0.5,0.,0.866025403784));
#9545 = PCURVE('',#4859,#9546);
#9546 = DEFINITIONAL_REPRESENTATION('',(#9547),#9551);
#9547 = LINE('',#9548,#9549);
#9548 = CARTESIAN_POINT('',(4.041451884328,4.));
#9549 = VECTOR('',#9550,1.);
#9550 = DIRECTION('',(1.,0.));
#9551 = ( GEOMETRIC_REPRESENTATION_CONTEXT(2) 
PARAMETRIC_REPRESENTATION_CONTEXT() REPRESENTATION_CONTEXT('2D SPACE',''
  ) );
#9552 = PCURVE('',#9553,#9558);
#9553 = PLANE('',#9554);
#9554 = AXIS2_PLACEMENT_3D('',#9555,#9556,#9557);
#9555 = CARTESIAN_POINT('',(383.49999999999,-66.,-48.00033833779));
#9556 = DIRECTION('',(0.,1.,0.));
#9557 = DIRECTION('',(0.,0.,1.));
#9558 = DEFINITIONAL_REPRESENTATION('',(#9559),#9563);
#9559 = LINE('',#9560,#9561);
#9560 = CARTESIAN_POINT('',(3.5,-2.020725942164));
#9561 = VECTOR('',#9562,1.);
#9562 = DIRECTION('',(0.866025403784,0.5));
#9563 = ( GEOMETRIC_REPRESENTATION_CONTEXT(2) 
PARAMETRIC_REPRESENTATION_CONTEXT() REPRESENTATION_CONTEXT('2D SPACE',''
  ) );
#9564 = ADVANCED_FACE('',(#9565),#4831,.F.);
#9565 = FACE_BOUND('',#9566,.T.);
#9566 = EDGE_LOOP('',(#9567,#9568,#9569,#9592));
#9567 = ORIENTED_EDGE('',*,*,#4815,.F.);
#9568 = ORIENTED_EDGE('',*,*,#9516,.T.);
#9569 = ORIENTED_EDGE('',*,*,#9570,.T.);
#9570 = EDGE_CURVE('',#9517,#9571,#9573,.T.);
#9571 = VERTEX_POINT('',#9572);
#9572 = CARTESIAN_POINT('',(385.52072594216,-66.,-44.50033833779));
#9573 = SURFACE_CURVE('',#9574,(#9578,#9585),.PCURVE_S1.);
#9574 = LINE('',#9575,#9576);
#9575 = CARTESIAN_POINT('',(385.52072594216,-66.,-44.50033833779));
#9576 = VECTOR('',#9577,1.);
#9577 = DIRECTION('',(1.,0.,-2.2E-15));
#9578 = PCURVE('',#4831,#9579);
#9579 = DEFINITIONAL_REPRESENTATION('',(#9580),#9584);
#9580 = LINE('',#9581,#9582);
#9581 = CARTESIAN_POINT('',(4.041451884327,4.));
#9582 = VECTOR('',#9583,1.);
#9583 = DIRECTION('',(1.,0.));
#9584 = ( GEOMETRIC_REPRESENTATION_CONTEXT(2) 
PARAMETRIC_REPRESENTATION_CONTEXT() REPRESENTATION_CONTEXT('2D SPACE',''
  ) );
#9585 = PCURVE('',#9553,#9586);
#9586 = DEFINITIONAL_REPRESENTATION('',(#9587),#9591);
#9587 = LINE('',#9588,#9589);
#9588 = CARTESIAN_POINT('',(3.5,2.020725942163));
#9589 = VECTOR('',#9590,1.);
#9590 = DIRECTION('',(-2.2E-15,1.));
#9591 = ( GEOMETRIC_REPRESENTATION_CONTEXT(2) 
PARAMETRIC_REPRESENTATION_CONTEXT() REPRESENTATION_CONTEXT('2D SPACE',''
  ) );
#9592 = ORIENTED_EDGE('',*,*,#9593,.F.);
#9593 = EDGE_CURVE('',#4788,#9571,#9594,.T.);
#9594 = SURFACE_CURVE('',#9595,(#9599,#9606),.PCURVE_S1.);
#9595 = LINE('',#9596,#9597);
#9596 = CARTESIAN_POINT('',(385.52072594216,-70.,-44.50033833779));
#9597 = VECTOR('',#9598,1.);
#9598 = DIRECTION('',(0.,1.,0.));
#9599 = PCURVE('',#4831,#9600);
#9600 = DEFINITIONAL_REPRESENTATION('',(#9601),#9605);
#9601 = LINE('',#9602,#9603);
#9602 = CARTESIAN_POINT('',(4.041451884327,0.));
#9603 = VECTOR('',#9604,1.);
#9604 = DIRECTION('',(0.,1.));
#9605 = ( GEOMETRIC_REPRESENTATION_CONTEXT(2) 
PARAMETRIC_REPRESENTATION_CONTEXT() REPRESENTATION_CONTEXT('2D SPACE',''
  ) );
#9606 = PCURVE('',#4803,#9607);
#9607 = DEFINITIONAL_REPRESENTATION('',(#9608),#9612);
#9608 = LINE('',#9609,#9610);
#9609 = CARTESIAN_POINT('',(0.,0.));
#9610 = VECTOR('',#9611,1.);
#9611 = DIRECTION('',(0.,1.));
#9612 = ( GEOMETRIC_REPRESENTATION_CONTEXT(2) 
PARAMETRIC_REPRESENTATION_CONTEXT() REPRESENTATION_CONTEXT('2D SPACE',''
  ) );
#9613 = ADVANCED_FACE('',(#9614),#4803,.F.);
#9614 = FACE_BOUND('',#9615,.F.);
#9615 = EDGE_LOOP('',(#9616,#9617,#9618,#9641));
#9616 = ORIENTED_EDGE('',*,*,#9593,.F.);
#9617 = ORIENTED_EDGE('',*,*,#4787,.T.);
#9618 = ORIENTED_EDGE('',*,*,#9619,.T.);
#9619 = EDGE_CURVE('',#4760,#9620,#9622,.T.);
#9620 = VERTEX_POINT('',#9621);
#9621 = CARTESIAN_POINT('',(385.89320684636,-66.,-45.14549418873));
#9622 = SURFACE_CURVE('',#9623,(#9627,#9634),.PCURVE_S1.);
#9623 = LINE('',#9624,#9625);
#9624 = CARTESIAN_POINT('',(385.89320684636,-70.,-45.14549418873));
#9625 = VECTOR('',#9626,1.);
#9626 = DIRECTION('',(0.,1.,0.));
#9627 = PCURVE('',#4803,#9628);
#9628 = DEFINITIONAL_REPRESENTATION('',(#9629),#9633);
#9629 = LINE('',#9630,#9631);
#9630 = CARTESIAN_POINT('',(0.744961808411,0.));
#9631 = VECTOR('',#9632,1.);
#9632 = DIRECTION('',(0.,1.));
#9633 = ( GEOMETRIC_REPRESENTATION_CONTEXT(2) 
PARAMETRIC_REPRESENTATION_CONTEXT() REPRESENTATION_CONTEXT('2D SPACE',''
  ) );
#9634 = PCURVE('',#4775,#9635);
#9635 = DEFINITIONAL_REPRESENTATION('',(#9636),#9640);
#9636 = LINE('',#9637,#9638);
#9637 = CARTESIAN_POINT('',(0.529244158455,-4.932951657798));
#9638 = VECTOR('',#9639,1.);
#9639 = DIRECTION('',(0.,1.));
#9640 = ( GEOMETRIC_REPRESENTATION_CONTEXT(2) 
PARAMETRIC_REPRESENTATION_CONTEXT() REPRESENTATION_CONTEXT('2D SPACE',''
  ) );
#9641 = ORIENTED_EDGE('',*,*,#9642,.F.);
#9642 = EDGE_CURVE('',#9571,#9620,#9643,.T.);
#9643 = SURFACE_CURVE('',#9644,(#9648,#9655),.PCURVE_S1.);
#9644 = LINE('',#9645,#9646);
#9645 = CARTESIAN_POINT('',(387.54145188432,-66.,-48.00033833779));
#9646 = VECTOR('',#9647,1.);
#9647 = DIRECTION('',(0.5,0.,-0.866025403784));
#9648 = PCURVE('',#4803,#9649);
#9649 = DEFINITIONAL_REPRESENTATION('',(#9650),#9654);
#9650 = LINE('',#9651,#9652);
#9651 = CARTESIAN_POINT('',(4.041451884328,4.));
#9652 = VECTOR('',#9653,1.);
#9653 = DIRECTION('',(1.,0.));
#9654 = ( GEOMETRIC_REPRESENTATION_CONTEXT(2) 
PARAMETRIC_REPRESENTATION_CONTEXT() REPRESENTATION_CONTEXT('2D SPACE',''
  ) );
#9655 = PCURVE('',#9553,#9656);
#9656 = DEFINITIONAL_REPRESENTATION('',(#9657),#9661);
#9657 = LINE('',#9658,#9659);
#9658 = CARTESIAN_POINT('',(0.,4.041451884327));
#9659 = VECTOR('',#9660,1.);
#9660 = DIRECTION('',(-0.866025403784,0.5));
#9661 = ( GEOMETRIC_REPRESENTATION_CONTEXT(2) 
PARAMETRIC_REPRESENTATION_CONTEXT() REPRESENTATION_CONTEXT('2D SPACE',''
  ) );
#9662 = ADVANCED_FACE('',(#9663),#5571,.F.);
#9663 = FACE_BOUND('',#9664,.T.);
#9664 = EDGE_LOOP('',(#9665,#9666,#9689,#9717));
#9665 = ORIENTED_EDGE('',*,*,#5553,.F.);
#9666 = ORIENTED_EDGE('',*,*,#9667,.T.);
#9667 = EDGE_CURVE('',#5554,#9668,#9670,.T.);
#9668 = VERTEX_POINT('',#9669);
#9669 = CARTESIAN_POINT('',(357.54145188432,-66.,-48.00033833779));
#9670 = SURFACE_CURVE('',#9671,(#9675,#9682),.PCURVE_S1.);
#9671 = LINE('',#9672,#9673);
#9672 = CARTESIAN_POINT('',(357.54145188432,-70.,-48.00033833779));
#9673 = VECTOR('',#9674,1.);
#9674 = DIRECTION('',(0.,1.,0.));
#9675 = PCURVE('',#5571,#9676);
#9676 = DEFINITIONAL_REPRESENTATION('',(#9677),#9681);
#9677 = LINE('',#9678,#9679);
#9678 = CARTESIAN_POINT('',(0.,0.));
#9679 = VECTOR('',#9680,1.);
#9680 = DIRECTION('',(0.,1.));
#9681 = ( GEOMETRIC_REPRESENTATION_CONTEXT(2) 
PARAMETRIC_REPRESENTATION_CONTEXT() REPRESENTATION_CONTEXT('2D SPACE',''
  ) );
#9682 = PCURVE('',#5599,#9683);
#9683 = DEFINITIONAL_REPRESENTATION('',(#9684),#9688);
#9684 = LINE('',#9685,#9686);
#9685 = CARTESIAN_POINT('',(4.041451884328,0.));
#9686 = VECTOR('',#9687,1.);
#9687 = DIRECTION('',(0.,1.));
#9688 = ( GEOMETRIC_REPRESENTATION_CONTEXT(2) 
PARAMETRIC_REPRESENTATION_CONTEXT() REPRESENTATION_CONTEXT('2D SPACE',''
  ) );
#9689 = ORIENTED_EDGE('',*,*,#9690,.T.);
#9690 = EDGE_CURVE('',#9668,#9691,#9693,.T.);
#9691 = VERTEX_POINT('',#9692);
#9692 = CARTESIAN_POINT('',(355.52072594216,-66.,-51.50033833779));
#9693 = SURFACE_CURVE('',#9694,(#9698,#9705),.PCURVE_S1.);
#9694 = LINE('',#9695,#9696);
#9695 = CARTESIAN_POINT('',(355.52072594216,-66.,-51.50033833779));
#9696 = VECTOR('',#9697,1.);
#9697 = DIRECTION('',(-0.5,0.,-0.866025403784));
#9698 = PCURVE('',#5571,#9699);
#9699 = DEFINITIONAL_REPRESENTATION('',(#9700),#9704);
#9700 = LINE('',#9701,#9702);
#9701 = CARTESIAN_POINT('',(4.041451884328,4.));
#9702 = VECTOR('',#9703,1.);
#9703 = DIRECTION('',(1.,0.));
#9704 = ( GEOMETRIC_REPRESENTATION_CONTEXT(2) 
PARAMETRIC_REPRESENTATION_CONTEXT() REPRESENTATION_CONTEXT('2D SPACE',''
  ) );
#9705 = PCURVE('',#9706,#9711);
#9706 = PLANE('',#9707);
#9707 = AXIS2_PLACEMENT_3D('',#9708,#9709,#9710);
#9708 = CARTESIAN_POINT('',(353.49999999999,-66.,-48.00033833779));
#9709 = DIRECTION('',(0.,1.,0.));
#9710 = DIRECTION('',(0.,0.,1.));
#9711 = DEFINITIONAL_REPRESENTATION('',(#9712),#9716);
#9712 = LINE('',#9713,#9714);
#9713 = CARTESIAN_POINT('',(-3.5,2.020725942163));
#9714 = VECTOR('',#9715,1.);
#9715 = DIRECTION('',(-0.866025403784,-0.5));
#9716 = ( GEOMETRIC_REPRESENTATION_CONTEXT(2) 
PARAMETRIC_REPRESENTATION_CONTEXT() REPRESENTATION_CONTEXT('2D SPACE',''
  ) );
#9717 = ORIENTED_EDGE('',*,*,#9718,.F.);
#9718 = EDGE_CURVE('',#5556,#9691,#9719,.T.);
#9719 = SURFACE_CURVE('',#9720,(#9724,#9731),.PCURVE_S1.);
#9720 = LINE('',#9721,#9722);
#9721 = CARTESIAN_POINT('',(355.52072594216,-70.,-51.50033833779));
#9722 = VECTOR('',#9723,1.);
#9723 = DIRECTION('',(0.,1.,0.));
#9724 = PCURVE('',#5571,#9725);
#9725 = DEFINITIONAL_REPRESENTATION('',(#9726),#9730);
#9726 = LINE('',#9727,#9728);
#9727 = CARTESIAN_POINT('',(4.041451884328,0.));
#9728 = VECTOR('',#9729,1.);
#9729 = DIRECTION('',(0.,1.));
#9730 = ( GEOMETRIC_REPRESENTATION_CONTEXT(2) 
PARAMETRIC_REPRESENTATION_CONTEXT() REPRESENTATION_CONTEXT('2D SPACE',''
  ) );
#9731 = PCURVE('',#5709,#9732);
#9732 = DEFINITIONAL_REPRESENTATION('',(#9733),#9737);
#9733 = LINE('',#9734,#9735);
#9734 = CARTESIAN_POINT('',(0.,0.));
#9735 = VECTOR('',#9736,1.);
#9736 = DIRECTION('',(0.,1.));
#9737 = ( GEOMETRIC_REPRESENTATION_CONTEXT(2) 
PARAMETRIC_REPRESENTATION_CONTEXT() REPRESENTATION_CONTEXT('2D SPACE',''
  ) );
#9738 = ADVANCED_FACE('',(#9739),#5599,.F.);
#9739 = FACE_BOUND('',#9740,.T.);
#9740 = EDGE_LOOP('',(#9741,#9742,#9765,#9786));
#9741 = ORIENTED_EDGE('',*,*,#5583,.F.);
#9742 = ORIENTED_EDGE('',*,*,#9743,.T.);
#9743 = EDGE_CURVE('',#5584,#9744,#9746,.T.);
#9744 = VERTEX_POINT('',#9745);
#9745 = CARTESIAN_POINT('',(355.52072594216,-66.,-44.50033833779));
#9746 = SURFACE_CURVE('',#9747,(#9751,#9758),.PCURVE_S1.);
#9747 = LINE('',#9748,#9749);
#9748 = CARTESIAN_POINT('',(355.52072594216,-70.,-44.50033833779));
#9749 = VECTOR('',#9750,1.);
#9750 = DIRECTION('',(0.,1.,0.));
#9751 = PCURVE('',#5599,#9752);
#9752 = DEFINITIONAL_REPRESENTATION('',(#9753),#9757);
#9753 = LINE('',#9754,#9755);
#9754 = CARTESIAN_POINT('',(0.,0.));
#9755 = VECTOR('',#9756,1.);
#9756 = DIRECTION('',(0.,1.));
#9757 = ( GEOMETRIC_REPRESENTATION_CONTEXT(2) 
PARAMETRIC_REPRESENTATION_CONTEXT() REPRESENTATION_CONTEXT('2D SPACE',''
  ) );
#9758 = PCURVE('',#5627,#9759);
#9759 = DEFINITIONAL_REPRESENTATION('',(#9760),#9764);
#9760 = LINE('',#9761,#9762);
#9761 = CARTESIAN_POINT('',(4.041451884327,0.));
#9762 = VECTOR('',#9763,1.);
#9763 = DIRECTION('',(0.,1.));
#9764 = ( GEOMETRIC_REPRESENTATION_CONTEXT(2) 
PARAMETRIC_REPRESENTATION_CONTEXT() REPRESENTATION_CONTEXT('2D SPACE',''
  ) );
#9765 = ORIENTED_EDGE('',*,*,#9766,.T.);
#9766 = EDGE_CURVE('',#9744,#9668,#9767,.T.);
#9767 = SURFACE_CURVE('',#9768,(#9772,#9779),.PCURVE_S1.);
#9768 = LINE('',#9769,#9770);
#9769 = CARTESIAN_POINT('',(357.54145188432,-66.,-48.00033833779));
#9770 = VECTOR('',#9771,1.);
#9771 = DIRECTION('',(0.5,0.,-0.866025403784));
#9772 = PCURVE('',#5599,#9773);
#9773 = DEFINITIONAL_REPRESENTATION('',(#9774),#9778);
#9774 = LINE('',#9775,#9776);
#9775 = CARTESIAN_POINT('',(4.041451884328,4.));
#9776 = VECTOR('',#9777,1.);
#9777 = DIRECTION('',(1.,0.));
#9778 = ( GEOMETRIC_REPRESENTATION_CONTEXT(2) 
PARAMETRIC_REPRESENTATION_CONTEXT() REPRESENTATION_CONTEXT('2D SPACE',''
  ) );
#9779 = PCURVE('',#9706,#9780);
#9780 = DEFINITIONAL_REPRESENTATION('',(#9781),#9785);
#9781 = LINE('',#9782,#9783);
#9782 = CARTESIAN_POINT('',(0.,4.041451884327));
#9783 = VECTOR('',#9784,1.);
#9784 = DIRECTION('',(-0.866025403784,0.5));
#9785 = ( GEOMETRIC_REPRESENTATION_CONTEXT(2) 
PARAMETRIC_REPRESENTATION_CONTEXT() REPRESENTATION_CONTEXT('2D SPACE',''
  ) );
#9786 = ORIENTED_EDGE('',*,*,#9667,.F.);
#9787 = ADVANCED_FACE('',(#9788),#5709,.F.);
#9788 = FACE_BOUND('',#9789,.T.);
#9789 = EDGE_LOOP('',(#9790,#9791,#9792,#9815));
#9790 = ORIENTED_EDGE('',*,*,#5695,.F.);
#9791 = ORIENTED_EDGE('',*,*,#9718,.T.);
#9792 = ORIENTED_EDGE('',*,*,#9793,.T.);
#9793 = EDGE_CURVE('',#9691,#9794,#9796,.T.);
#9794 = VERTEX_POINT('',#9795);
#9795 = CARTESIAN_POINT('',(351.47927405783,-66.,-51.50033833779));
#9796 = SURFACE_CURVE('',#9797,(#9801,#9808),.PCURVE_S1.);
#9797 = LINE('',#9798,#9799);
#9798 = CARTESIAN_POINT('',(351.47927405783,-66.,-51.50033833779));
#9799 = VECTOR('',#9800,1.);
#9800 = DIRECTION('',(-1.,0.,4.4E-15));
#9801 = PCURVE('',#5709,#9802);
#9802 = DEFINITIONAL_REPRESENTATION('',(#9803),#9807);
#9803 = LINE('',#9804,#9805);
#9804 = CARTESIAN_POINT('',(4.041451884327,4.));
#9805 = VECTOR('',#9806,1.);
#9806 = DIRECTION('',(1.,0.));
#9807 = ( GEOMETRIC_REPRESENTATION_CONTEXT(2) 
PARAMETRIC_REPRESENTATION_CONTEXT() REPRESENTATION_CONTEXT('2D SPACE',''
  ) );
#9808 = PCURVE('',#9706,#9809);
#9809 = DEFINITIONAL_REPRESENTATION('',(#9810),#9814);
#9810 = LINE('',#9811,#9812);
#9811 = CARTESIAN_POINT('',(-3.5,-2.020725942164));
#9812 = VECTOR('',#9813,1.);
#9813 = DIRECTION('',(4.4E-15,-1.));
#9814 = ( GEOMETRIC_REPRESENTATION_CONTEXT(2) 
PARAMETRIC_REPRESENTATION_CONTEXT() REPRESENTATION_CONTEXT('2D SPACE',''
  ) );
#9815 = ORIENTED_EDGE('',*,*,#9816,.F.);
#9816 = EDGE_CURVE('',#5668,#9794,#9817,.T.);
#9817 = SURFACE_CURVE('',#9818,(#9822,#9829),.PCURVE_S1.);
#9818 = LINE('',#9819,#9820);
#9819 = CARTESIAN_POINT('',(351.47927405783,-70.,-51.50033833779));
#9820 = VECTOR('',#9821,1.);
#9821 = DIRECTION('',(0.,1.,0.));
#9822 = PCURVE('',#5709,#9823);
#9823 = DEFINITIONAL_REPRESENTATION('',(#9824),#9828);
#9824 = LINE('',#9825,#9826);
#9825 = CARTESIAN_POINT('',(4.041451884327,0.));
#9826 = VECTOR('',#9827,1.);
#9827 = DIRECTION('',(0.,1.));
#9828 = ( GEOMETRIC_REPRESENTATION_CONTEXT(2) 
PARAMETRIC_REPRESENTATION_CONTEXT() REPRESENTATION_CONTEXT('2D SPACE',''
  ) );
#9829 = PCURVE('',#5683,#9830);
#9830 = DEFINITIONAL_REPRESENTATION('',(#9831),#9835);
#9831 = LINE('',#9832,#9833);
#9832 = CARTESIAN_POINT('',(0.,0.));
#9833 = VECTOR('',#9834,1.);
#9834 = DIRECTION('',(0.,1.));
#9835 = ( GEOMETRIC_REPRESENTATION_CONTEXT(2) 
PARAMETRIC_REPRESENTATION_CONTEXT() REPRESENTATION_CONTEXT('2D SPACE',''
  ) );
#9836 = ADVANCED_FACE('',(#9837),#5627,.F.);
#9837 = FACE_BOUND('',#9838,.T.);
#9838 = EDGE_LOOP('',(#9839,#9840,#9863,#9884));
#9839 = ORIENTED_EDGE('',*,*,#5611,.F.);
#9840 = ORIENTED_EDGE('',*,*,#9841,.T.);
#9841 = EDGE_CURVE('',#5612,#9842,#9844,.T.);
#9842 = VERTEX_POINT('',#9843);
#9843 = CARTESIAN_POINT('',(351.47927405783,-66.,-44.50033833779));
#9844 = SURFACE_CURVE('',#9845,(#9849,#9856),.PCURVE_S1.);
#9845 = LINE('',#9846,#9847);
#9846 = CARTESIAN_POINT('',(351.47927405783,-70.,-44.50033833779));
#9847 = VECTOR('',#9848,1.);
#9848 = DIRECTION('',(0.,1.,0.));
#9849 = PCURVE('',#5627,#9850);
#9850 = DEFINITIONAL_REPRESENTATION('',(#9851),#9855);
#9851 = LINE('',#9852,#9853);
#9852 = CARTESIAN_POINT('',(0.,0.));
#9853 = VECTOR('',#9854,1.);
#9854 = DIRECTION('',(0.,1.));
#9855 = ( GEOMETRIC_REPRESENTATION_CONTEXT(2) 
PARAMETRIC_REPRESENTATION_CONTEXT() REPRESENTATION_CONTEXT('2D SPACE',''
  ) );
#9856 = PCURVE('',#5655,#9857);
#9857 = DEFINITIONAL_REPRESENTATION('',(#9858),#9862);
#9858 = LINE('',#9859,#9860);
#9859 = CARTESIAN_POINT('',(4.041451884328,0.));
#9860 = VECTOR('',#9861,1.);
#9861 = DIRECTION('',(0.,1.));
#9862 = ( GEOMETRIC_REPRESENTATION_CONTEXT(2) 
PARAMETRIC_REPRESENTATION_CONTEXT() REPRESENTATION_CONTEXT('2D SPACE',''
  ) );
#9863 = ORIENTED_EDGE('',*,*,#9864,.T.);
#9864 = EDGE_CURVE('',#9842,#9744,#9865,.T.);
#9865 = SURFACE_CURVE('',#9866,(#9870,#9877),.PCURVE_S1.);
#9866 = LINE('',#9867,#9868);
#9867 = CARTESIAN_POINT('',(355.52072594216,-66.,-44.50033833779));
#9868 = VECTOR('',#9869,1.);
#9869 = DIRECTION('',(1.,0.,0.));
#9870 = PCURVE('',#5627,#9871);
#9871 = DEFINITIONAL_REPRESENTATION('',(#9872),#9876);
#9872 = LINE('',#9873,#9874);
#9873 = CARTESIAN_POINT('',(4.041451884327,4.));
#9874 = VECTOR('',#9875,1.);
#9875 = DIRECTION('',(1.,0.));
#9876 = ( GEOMETRIC_REPRESENTATION_CONTEXT(2) 
PARAMETRIC_REPRESENTATION_CONTEXT() REPRESENTATION_CONTEXT('2D SPACE',''
  ) );
#9877 = PCURVE('',#9706,#9878);
#9878 = DEFINITIONAL_REPRESENTATION('',(#9879),#9883);
#9879 = LINE('',#9880,#9881);
#9880 = CARTESIAN_POINT('',(3.5,2.020725942163));
#9881 = VECTOR('',#9882,1.);
#9882 = DIRECTION('',(0.,1.));
#9883 = ( GEOMETRIC_REPRESENTATION_CONTEXT(2) 
PARAMETRIC_REPRESENTATION_CONTEXT() REPRESENTATION_CONTEXT('2D SPACE',''
  ) );
#9884 = ORIENTED_EDGE('',*,*,#9743,.F.);
#9885 = ADVANCED_FACE('',(#9886),#5683,.F.);
#9886 = FACE_BOUND('',#9887,.T.);
#9887 = EDGE_LOOP('',(#9888,#9889,#9890,#9913));
#9888 = ORIENTED_EDGE('',*,*,#5667,.F.);
#9889 = ORIENTED_EDGE('',*,*,#9816,.T.);
#9890 = ORIENTED_EDGE('',*,*,#9891,.T.);
#9891 = EDGE_CURVE('',#9794,#9892,#9894,.T.);
#9892 = VERTEX_POINT('',#9893);
#9893 = CARTESIAN_POINT('',(349.45854811567,-66.,-48.00033833779));
#9894 = SURFACE_CURVE('',#9895,(#9899,#9906),.PCURVE_S1.);
#9895 = LINE('',#9896,#9897);
#9896 = CARTESIAN_POINT('',(349.45854811567,-66.,-48.00033833779));
#9897 = VECTOR('',#9898,1.);
#9898 = DIRECTION('',(-0.5,0.,0.866025403784));
#9899 = PCURVE('',#5683,#9900);
#9900 = DEFINITIONAL_REPRESENTATION('',(#9901),#9905);
#9901 = LINE('',#9902,#9903);
#9902 = CARTESIAN_POINT('',(4.041451884328,4.));
#9903 = VECTOR('',#9904,1.);
#9904 = DIRECTION('',(1.,0.));
#9905 = ( GEOMETRIC_REPRESENTATION_CONTEXT(2) 
PARAMETRIC_REPRESENTATION_CONTEXT() REPRESENTATION_CONTEXT('2D SPACE',''
  ) );
#9906 = PCURVE('',#9706,#9907);
#9907 = DEFINITIONAL_REPRESENTATION('',(#9908),#9912);
#9908 = LINE('',#9909,#9910);
#9909 = CARTESIAN_POINT('',(0.,-4.041451884328));
#9910 = VECTOR('',#9911,1.);
#9911 = DIRECTION('',(0.866025403784,-0.5));
#9912 = ( GEOMETRIC_REPRESENTATION_CONTEXT(2) 
PARAMETRIC_REPRESENTATION_CONTEXT() REPRESENTATION_CONTEXT('2D SPACE',''
  ) );
#9913 = ORIENTED_EDGE('',*,*,#9914,.F.);
#9914 = EDGE_CURVE('',#5640,#9892,#9915,.T.);
#9915 = SURFACE_CURVE('',#9916,(#9920,#9927),.PCURVE_S1.);
#9916 = LINE('',#9917,#9918);
#9917 = CARTESIAN_POINT('',(349.45854811567,-70.,-48.00033833779));
#9918 = VECTOR('',#9919,1.);
#9919 = DIRECTION('',(0.,1.,0.));
#9920 = PCURVE('',#5683,#9921);
#9921 = DEFINITIONAL_REPRESENTATION('',(#9922),#9926);
#9922 = LINE('',#9923,#9924);
#9923 = CARTESIAN_POINT('',(4.041451884328,0.));
#9924 = VECTOR('',#9925,1.);
#9925 = DIRECTION('',(0.,1.));
#9926 = ( GEOMETRIC_REPRESENTATION_CONTEXT(2) 
PARAMETRIC_REPRESENTATION_CONTEXT() REPRESENTATION_CONTEXT('2D SPACE',''
  ) );
#9927 = PCURVE('',#5655,#9928);
#9928 = DEFINITIONAL_REPRESENTATION('',(#9929),#9933);
#9929 = LINE('',#9930,#9931);
#9930 = CARTESIAN_POINT('',(0.,0.));
#9931 = VECTOR('',#9932,1.);
#9932 = DIRECTION('',(0.,1.));
#9933 = ( GEOMETRIC_REPRESENTATION_CONTEXT(2) 
PARAMETRIC_REPRESENTATION_CONTEXT() REPRESENTATION_CONTEXT('2D SPACE',''
  ) );
#9934 = ADVANCED_FACE('',(#9935),#5655,.F.);
#9935 = FACE_BOUND('',#9936,.T.);
#9936 = EDGE_LOOP('',(#9937,#9938,#9939,#9960));
#9937 = ORIENTED_EDGE('',*,*,#5639,.F.);
#9938 = ORIENTED_EDGE('',*,*,#9914,.T.);
#9939 = ORIENTED_EDGE('',*,*,#9940,.T.);
#9940 = EDGE_CURVE('',#9892,#9842,#9941,.T.);
#9941 = SURFACE_CURVE('',#9942,(#9946,#9953),.PCURVE_S1.);
#9942 = LINE('',#9943,#9944);
#9943 = CARTESIAN_POINT('',(351.47927405783,-66.,-44.50033833779));
#9944 = VECTOR('',#9945,1.);
#9945 = DIRECTION('',(0.5,0.,0.866025403784));
#9946 = PCURVE('',#5655,#9947);
#9947 = DEFINITIONAL_REPRESENTATION('',(#9948),#9952);
#9948 = LINE('',#9949,#9950);
#9949 = CARTESIAN_POINT('',(4.041451884328,4.));
#9950 = VECTOR('',#9951,1.);
#9951 = DIRECTION('',(1.,0.));
#9952 = ( GEOMETRIC_REPRESENTATION_CONTEXT(2) 
PARAMETRIC_REPRESENTATION_CONTEXT() REPRESENTATION_CONTEXT('2D SPACE',''
  ) );
#9953 = PCURVE('',#9706,#9954);
#9954 = DEFINITIONAL_REPRESENTATION('',(#9955),#9959);
#9955 = LINE('',#9956,#9957);
#9956 = CARTESIAN_POINT('',(3.5,-2.020725942164));
#9957 = VECTOR('',#9958,1.);
#9958 = DIRECTION('',(0.866025403784,0.5));
#9959 = ( GEOMETRIC_REPRESENTATION_CONTEXT(2) 
PARAMETRIC_REPRESENTATION_CONTEXT() REPRESENTATION_CONTEXT('2D SPACE',''
  ) );
#9960 = ORIENTED_EDGE('',*,*,#9841,.F.);
#9961 = ADVANCED_FACE('',(#9962),#5740,.F.);
#9962 = FACE_BOUND('',#9963,.T.);
#9963 = EDGE_LOOP('',(#9964,#9965,#9966,#9967));
#9964 = ORIENTED_EDGE('',*,*,#6417,.F.);
#9965 = ORIENTED_EDGE('',*,*,#5724,.T.);
#9966 = ORIENTED_EDGE('',*,*,#5778,.F.);
#9967 = ORIENTED_EDGE('',*,*,#9968,.F.);
#9968 = EDGE_CURVE('',#6418,#5779,#9969,.T.);
#9969 = SURFACE_CURVE('',#9970,(#9974,#9981),.PCURVE_S1.);
#9970 = LINE('',#9971,#9972);
#9971 = CARTESIAN_POINT('',(412.64410255417,15.69303662665,15.1));
#9972 = VECTOR('',#9973,1.);
#9973 = DIRECTION('',(0.339158768553,0.651517932595,-0.678598344546));
#9974 = PCURVE('',#5740,#9975);
#9975 = DEFINITIONAL_REPRESENTATION('',(#9976),#9980);
#9976 = LINE('',#9977,#9978);
#9977 = CARTESIAN_POINT('',(-7.598922570943,-1.367696031257));
#9978 = VECTOR('',#9979,1.);
#9979 = DIRECTION('',(-0.396798298005,0.917905828884));
#9980 = ( GEOMETRIC_REPRESENTATION_CONTEXT(2) 
PARAMETRIC_REPRESENTATION_CONTEXT() REPRESENTATION_CONTEXT('2D SPACE',''
  ) );
#9981 = PCURVE('',#5891,#9982);
#9982 = DEFINITIONAL_REPRESENTATION('',(#9983),#9987);
#9983 = LINE('',#9984,#9985);
#9984 = CARTESIAN_POINT('',(-48.01003000433,-4.903422344822));
#9985 = VECTOR('',#9986,1.);
#9986 = DIRECTION('',(0.190758839265,0.981636931478));
#9987 = ( GEOMETRIC_REPRESENTATION_CONTEXT(2) 
PARAMETRIC_REPRESENTATION_CONTEXT() REPRESENTATION_CONTEXT('2D SPACE',''
  ) );
#9988 = ADVANCED_FACE('',(#9989),#5891,.F.);
#9989 = FACE_BOUND('',#9990,.T.);
#9990 = EDGE_LOOP('',(#9991,#10012,#10013,#10014));
#9991 = ORIENTED_EDGE('',*,*,#9992,.F.);
#9992 = EDGE_CURVE('',#6418,#8580,#9993,.T.);
#9993 = SURFACE_CURVE('',#9994,(#9998,#10005),.PCURVE_S1.);
#9994 = LINE('',#9995,#9996);
#9995 = CARTESIAN_POINT('',(378.65045257526,18.667095631673,
    -19.02350019933));
#9996 = VECTOR('',#9997,1.);
#9997 = DIRECTION('',(-0.704416026403,6.162841671622E-02,-0.707106781187
    ));
#9998 = PCURVE('',#5891,#9999);
#9999 = DEFINITIONAL_REPRESENTATION('',(#10000),#10004);
#10000 = LINE('',#10001,#10002);
#10001 = CARTESIAN_POINT('',(3.939506109853E-02,-0.42243109398));
#10002 = VECTOR('',#10003,1.);
#10003 = DIRECTION('',(0.995679637124,9.28550494937E-02));
#10004 = ( GEOMETRIC_REPRESENTATION_CONTEXT(2) 
PARAMETRIC_REPRESENTATION_CONTEXT() REPRESENTATION_CONTEXT('2D SPACE',''
  ) );
#10005 = PCURVE('',#6528,#10006);
#10006 = DEFINITIONAL_REPRESENTATION('',(#10007),#10011);
#10007 = LINE('',#10008,#10009);
#10008 = CARTESIAN_POINT('',(46.621831706895,-29.32167930471));
#10009 = VECTOR('',#10010,1.);
#10010 = DIRECTION('',(0.998091908585,6.174578541845E-02));
#10011 = ( GEOMETRIC_REPRESENTATION_CONTEXT(2) 
PARAMETRIC_REPRESENTATION_CONTEXT() REPRESENTATION_CONTEXT('2D SPACE',''
  ) );
#10012 = ORIENTED_EDGE('',*,*,#9968,.T.);
#10013 = ORIENTED_EDGE('',*,*,#5877,.F.);
#10014 = ORIENTED_EDGE('',*,*,#10015,.T.);
#10015 = EDGE_CURVE('',#5850,#8580,#10016,.T.);
#10016 = SURFACE_CURVE('',#10017,(#10021,#10028),.PCURVE_S1.);
#10017 = LINE('',#10018,#10019);
#10018 = CARTESIAN_POINT('',(408.31313932822,16.674238713595,
    9.851471862576));
#10019 = VECTOR('',#10020,1.);
#10020 = DIRECTION('',(-0.735159815717,-0.616872330224,0.281084637715));
#10021 = PCURVE('',#5891,#10022);
#10022 = DEFINITIONAL_REPRESENTATION('',(#10023),#10027);
#10023 = LINE('',#10024,#10025);
#10024 = CARTESIAN_POINT('',(-41.29575629921,-3.425052897719));
#10025 = VECTOR('',#10026,1.);
#10026 = DIRECTION('',(0.368981660897,-0.929436675584));
#10027 = ( GEOMETRIC_REPRESENTATION_CONTEXT(2) 
PARAMETRIC_REPRESENTATION_CONTEXT() REPRESENTATION_CONTEXT('2D SPACE',''
  ) );
#10028 = PCURVE('',#5865,#10029);
#10029 = DEFINITIONAL_REPRESENTATION('',(#10030),#10034);
#10030 = LINE('',#10031,#10032);
#10031 = CARTESIAN_POINT('',(-61.85147186257,0.424264068711));
#10032 = VECTOR('',#10033,1.);
#10033 = DIRECTION('',(-0.281084637715,-0.959682982261));
#10034 = ( GEOMETRIC_REPRESENTATION_CONTEXT(2) 
PARAMETRIC_REPRESENTATION_CONTEXT() REPRESENTATION_CONTEXT('2D SPACE',''
  ) );
#10035 = ADVANCED_FACE('',(#10036),#5865,.F.);
#10036 = FACE_BOUND('',#10037,.F.);
#10037 = EDGE_LOOP('',(#10038,#10039,#10040,#10041));
#10038 = ORIENTED_EDGE('',*,*,#10015,.T.);
#10039 = ORIENTED_EDGE('',*,*,#8602,.T.);
#10040 = ORIENTED_EDGE('',*,*,#8653,.T.);
#10041 = ORIENTED_EDGE('',*,*,#5849,.T.);
#10042 = ADVANCED_FACE('',(#10043),#5926,.F.);
#10043 = FACE_BOUND('',#10044,.F.);
#10044 = EDGE_LOOP('',(#10045,#10046,#10067,#10068,#10069));
#10045 = ORIENTED_EDGE('',*,*,#5905,.T.);
#10046 = ORIENTED_EDGE('',*,*,#10047,.T.);
#10047 = EDGE_CURVE('',#5906,#8710,#10048,.T.);
#10048 = SEAM_CURVE('',#10049,(#10053,#10060),.PCURVE_S1.);
#10049 = LINE('',#10050,#10051);
#10050 = CARTESIAN_POINT('',(420.54503632209,15.302940441951,-37.));
#10051 = VECTOR('',#10052,1.);
#10052 = DIRECTION('',(-0.766044443119,-0.642787609687,-9.E-17));
#10053 = PCURVE('',#5926,#10054);
#10054 = DEFINITIONAL_REPRESENTATION('',(#10055),#10059);
#10055 = LINE('',#10056,#10057);
#10056 = CARTESIAN_POINT('',(3.14159265359,-9.079251070435E-14));
#10057 = VECTOR('',#10058,1.);
#10058 = DIRECTION('',(0.,-1.));
#10059 = ( GEOMETRIC_REPRESENTATION_CONTEXT(2) 
PARAMETRIC_REPRESENTATION_CONTEXT() REPRESENTATION_CONTEXT('2D SPACE',''
  ) );
#10060 = PCURVE('',#5926,#10061);
#10061 = DEFINITIONAL_REPRESENTATION('',(#10062),#10066);
#10062 = LINE('',#10063,#10064);
#10063 = CARTESIAN_POINT('',(-3.14159265359,-9.079251070435E-14));
#10064 = VECTOR('',#10065,1.);
#10065 = DIRECTION('',(0.,-1.));
#10066 = ( GEOMETRIC_REPRESENTATION_CONTEXT(2) 
PARAMETRIC_REPRESENTATION_CONTEXT() REPRESENTATION_CONTEXT('2D SPACE',''
  ) );
#10067 = ORIENTED_EDGE('',*,*,#8709,.T.);
#10068 = ORIENTED_EDGE('',*,*,#8733,.T.);
#10069 = ORIENTED_EDGE('',*,*,#10047,.F.);
#10070 = ADVANCED_FACE('',(#10071),#5961,.F.);
#10071 = FACE_BOUND('',#10072,.F.);
#10072 = EDGE_LOOP('',(#10073,#10074,#10095,#10096,#10097));
#10073 = ORIENTED_EDGE('',*,*,#5940,.T.);
#10074 = ORIENTED_EDGE('',*,*,#10075,.T.);
#10075 = EDGE_CURVE('',#5941,#8784,#10076,.T.);
#10076 = SEAM_CURVE('',#10077,(#10081,#10088),.PCURVE_S1.);
#10077 = LINE('',#10078,#10079);
#10078 = CARTESIAN_POINT('',(420.54503632209,15.302940441951,
    9.851471862576));
#10079 = VECTOR('',#10080,1.);
#10080 = DIRECTION('',(-0.766044443119,-0.642787609687,-9.E-17));
#10081 = PCURVE('',#5961,#10082);
#10082 = DEFINITIONAL_REPRESENTATION('',(#10083),#10087);
#10083 = LINE('',#10084,#10085);
#10084 = CARTESIAN_POINT('',(3.14159265359,-5.565637474719E-14));
#10085 = VECTOR('',#10086,1.);
#10086 = DIRECTION('',(0.,-1.));
#10087 = ( GEOMETRIC_REPRESENTATION_CONTEXT(2) 
PARAMETRIC_REPRESENTATION_CONTEXT() REPRESENTATION_CONTEXT('2D SPACE',''
  ) );
#10088 = PCURVE('',#5961,#10089);
#10089 = DEFINITIONAL_REPRESENTATION('',(#10090),#10094);
#10090 = LINE('',#10091,#10092);
#10091 = CARTESIAN_POINT('',(-3.14159265359,-5.565637474719E-14));
#10092 = VECTOR('',#10093,1.);
#10093 = DIRECTION('',(0.,-1.));
#10094 = ( GEOMETRIC_REPRESENTATION_CONTEXT(2) 
PARAMETRIC_REPRESENTATION_CONTEXT() REPRESENTATION_CONTEXT('2D SPACE',''
  ) );
#10095 = ORIENTED_EDGE('',*,*,#8783,.T.);
#10096 = ORIENTED_EDGE('',*,*,#8807,.T.);
#10097 = ORIENTED_EDGE('',*,*,#10075,.F.);
#10098 = ADVANCED_FACE('',(#10099),#6041,.T.);
#10099 = FACE_BOUND('',#10100,.T.);
#10100 = EDGE_LOOP('',(#10101));
#10101 = ORIENTED_EDGE('',*,*,#6026,.F.);
#10102 = ADVANCED_FACE('',(#10103),#6136,.T.);
#10103 = FACE_BOUND('',#10104,.T.);
#10104 = EDGE_LOOP('',(#10105,#10106,#10128,#10151));
#10105 = ORIENTED_EDGE('',*,*,#6118,.F.);
#10106 = ORIENTED_EDGE('',*,*,#10107,.T.);
#10107 = EDGE_CURVE('',#6119,#10108,#10110,.T.);
#10108 = VERTEX_POINT('',#10109);
#10109 = CARTESIAN_POINT('',(444.74181347266,-48.,48.216045898969));
#10110 = SURFACE_CURVE('',#10111,(#10115,#10122),.PCURVE_S1.);
#10111 = LINE('',#10112,#10113);
#10112 = CARTESIAN_POINT('',(433.24181347266,-48.,48.216045898969));
#10113 = VECTOR('',#10114,1.);
#10114 = DIRECTION('',(1.,0.,4.63E-15));
#10115 = PCURVE('',#6136,#10116);
#10116 = DEFINITIONAL_REPRESENTATION('',(#10117),#10121);
#10117 = LINE('',#10118,#10119);
#10118 = CARTESIAN_POINT('',(1.775829794058,-8.577257905301E-15));
#10119 = VECTOR('',#10120,1.);
#10120 = DIRECTION('',(2.E-16,1.));
#10121 = ( GEOMETRIC_REPRESENTATION_CONTEXT(2) 
PARAMETRIC_REPRESENTATION_CONTEXT() REPRESENTATION_CONTEXT('2D SPACE',''
  ) );
#10122 = PCURVE('',#6220,#10123);
#10123 = DEFINITIONAL_REPRESENTATION('',(#10124),#10127);
#10124 = B_SPLINE_CURVE_WITH_KNOTS('',1,(#10125,#10126),.UNSPECIFIED.,
  .F.,.F.,(2,2),(11.461736493487,11.5),.PIECEWISE_BEZIER_KNOTS.);
#10125 = CARTESIAN_POINT('',(-6.927594318265,1.146173649349));
#10126 = CARTESIAN_POINT('',(-6.927594318265,1.15));
#10127 = ( GEOMETRIC_REPRESENTATION_CONTEXT(2) 
PARAMETRIC_REPRESENTATION_CONTEXT() REPRESENTATION_CONTEXT('2D SPACE',''
  ) );
#10128 = ORIENTED_EDGE('',*,*,#10129,.F.);
#10129 = EDGE_CURVE('',#10130,#10108,#10132,.T.);
#10130 = VERTEX_POINT('',#10131);
#10131 = CARTESIAN_POINT('',(444.74181347266,-48.,49.991875693027));
#10132 = SURFACE_CURVE('',#10133,(#10137,#10144),.PCURVE_S1.);
#10133 = LINE('',#10134,#10135);
#10134 = CARTESIAN_POINT('',(444.74181347266,-48.,20.59122532399));
#10135 = VECTOR('',#10136,1.);
#10136 = DIRECTION('',(4.83E-15,0.,-1.));
#10137 = PCURVE('',#6136,#10138);
#10138 = DEFINITIONAL_REPRESENTATION('',(#10139),#10143);
#10139 = LINE('',#10140,#10141);
#10140 = CARTESIAN_POINT('',(29.400650369038,11.5));
#10141 = VECTOR('',#10142,1.);
#10142 = DIRECTION('',(1.,0.));
#10143 = ( GEOMETRIC_REPRESENTATION_CONTEXT(2) 
PARAMETRIC_REPRESENTATION_CONTEXT() REPRESENTATION_CONTEXT('2D SPACE',''
  ) );
#10144 = PCURVE('',#6192,#10145);
#10145 = DEFINITIONAL_REPRESENTATION('',(#10146),#10150);
#10146 = LINE('',#10147,#10148);
#10147 = CARTESIAN_POINT('',(29.400650369038,8.));
#10148 = VECTOR('',#10149,1.);
#10149 = DIRECTION('',(1.,0.));
#10150 = ( GEOMETRIC_REPRESENTATION_CONTEXT(2) 
PARAMETRIC_REPRESENTATION_CONTEXT() REPRESENTATION_CONTEXT('2D SPACE',''
  ) );
#10151 = ORIENTED_EDGE('',*,*,#10152,.F.);
#10152 = EDGE_CURVE('',#6121,#10130,#10153,.T.);
#10153 = SURFACE_CURVE('',#10154,(#10158,#10165),.PCURVE_S1.);
#10154 = LINE('',#10155,#10156);
#10155 = CARTESIAN_POINT('',(433.24181347266,-48.,49.991875693027));
#10156 = VECTOR('',#10157,1.);
#10157 = DIRECTION('',(1.,0.,4.63E-15));
#10158 = PCURVE('',#6136,#10159);
#10159 = DEFINITIONAL_REPRESENTATION('',(#10160),#10164);
#10160 = LINE('',#10161,#10162);
#10161 = CARTESIAN_POINT('',(0.,0.));
#10162 = VECTOR('',#10163,1.);
#10163 = DIRECTION('',(2.E-16,1.));
#10164 = ( GEOMETRIC_REPRESENTATION_CONTEXT(2) 
PARAMETRIC_REPRESENTATION_CONTEXT() REPRESENTATION_CONTEXT('2D SPACE',''
  ) );
#10165 = PCURVE('',#6164,#10166);
#10166 = DEFINITIONAL_REPRESENTATION('',(#10167),#10171);
#10167 = LINE('',#10168,#10169);
#10168 = CARTESIAN_POINT('',(8.,0.));
#10169 = VECTOR('',#10170,1.);
#10170 = DIRECTION('',(0.,1.));
#10171 = ( GEOMETRIC_REPRESENTATION_CONTEXT(2) 
PARAMETRIC_REPRESENTATION_CONTEXT() REPRESENTATION_CONTEXT('2D SPACE',''
  ) );
#10172 = ADVANCED_FACE('',(#10173),#6164,.T.);
#10173 = FACE_BOUND('',#10174,.T.);
#10174 = EDGE_LOOP('',(#10175,#10176,#10177));
#10175 = ORIENTED_EDGE('',*,*,#6148,.F.);
#10176 = ORIENTED_EDGE('',*,*,#10152,.T.);
#10177 = ORIENTED_EDGE('',*,*,#10178,.F.);
#10178 = EDGE_CURVE('',#6149,#10130,#10179,.T.);
#10179 = SURFACE_CURVE('',#10180,(#10184,#10191),.PCURVE_S1.);
#10180 = LINE('',#10181,#10182);
#10181 = CARTESIAN_POINT('',(444.74181347266,-40.,49.991875693027));
#10182 = VECTOR('',#10183,1.);
#10183 = DIRECTION('',(0.,-1.,0.));
#10184 = PCURVE('',#6164,#10185);
#10185 = DEFINITIONAL_REPRESENTATION('',(#10186),#10190);
#10186 = LINE('',#10187,#10188);
#10187 = CARTESIAN_POINT('',(0.,11.5));
#10188 = VECTOR('',#10189,1.);
#10189 = DIRECTION('',(1.,0.));
#10190 = ( GEOMETRIC_REPRESENTATION_CONTEXT(2) 
PARAMETRIC_REPRESENTATION_CONTEXT() REPRESENTATION_CONTEXT('2D SPACE',''
  ) );
#10191 = PCURVE('',#6192,#10192);
#10192 = DEFINITIONAL_REPRESENTATION('',(#10193),#10197);
#10193 = LINE('',#10194,#10195);
#10194 = CARTESIAN_POINT('',(0.,0.));
#10195 = VECTOR('',#10196,1.);
#10196 = DIRECTION('',(0.,1.));
#10197 = ( GEOMETRIC_REPRESENTATION_CONTEXT(2) 
PARAMETRIC_REPRESENTATION_CONTEXT() REPRESENTATION_CONTEXT('2D SPACE',''
  ) );
#10198 = ADVANCED_FACE('',(#10199),#6192,.F.);
#10199 = FACE_BOUND('',#10200,.T.);
#10200 = EDGE_LOOP('',(#10201,#10202,#10203,#10204));
#10201 = ORIENTED_EDGE('',*,*,#6176,.F.);
#10202 = ORIENTED_EDGE('',*,*,#10178,.T.);
#10203 = ORIENTED_EDGE('',*,*,#10129,.T.);
#10204 = ORIENTED_EDGE('',*,*,#10205,.T.);
#10205 = EDGE_CURVE('',#10108,#6177,#10206,.T.);
#10206 = SURFACE_CURVE('',#10207,(#10212,#10220),.PCURVE_S1.);
#10207 = B_SPLINE_CURVE_WITH_KNOTS('',3,(#10208,#10209,#10210,#10211),
  .UNSPECIFIED.,.F.,.F.,(4,4),(-6.927594318265,-6.923594519882),
  .PIECEWISE_BEZIER_KNOTS.);
#10208 = CARTESIAN_POINT('',(444.74181347266,-48.,48.216045898969));
#10209 = CARTESIAN_POINT('',(444.74181347266,-47.98726088539,
    48.223053947015));
#10210 = CARTESIAN_POINT('',(444.74181347266,-47.97450617861,
    48.230036868774));
#10211 = CARTESIAN_POINT('',(444.74181347266,-47.96173649348,
    48.23699447823));
#10212 = PCURVE('',#6192,#10213);
#10213 = DEFINITIONAL_REPRESENTATION('',(#10214),#10219);
#10214 = B_SPLINE_CURVE_WITH_KNOTS('',3,(#10215,#10216,#10217,#10218),
  .UNSPECIFIED.,.F.,.F.,(4,4),(-6.927594318265,-6.923594519882),
  .PIECEWISE_BEZIER_KNOTS.);
#10215 = CARTESIAN_POINT('',(1.775829794058,8.));
#10216 = CARTESIAN_POINT('',(1.768821746013,7.98726088539));
#10217 = CARTESIAN_POINT('',(1.761838824253,7.974506178612));
#10218 = CARTESIAN_POINT('',(1.754881214797,7.961736493487));
#10219 = ( GEOMETRIC_REPRESENTATION_CONTEXT(2) 
PARAMETRIC_REPRESENTATION_CONTEXT() REPRESENTATION_CONTEXT('2D SPACE',''
  ) );
#10220 = PCURVE('',#6220,#10221);
#10221 = DEFINITIONAL_REPRESENTATION('',(#10222),#10226);
#10222 = LINE('',#10223,#10224);
#10223 = CARTESIAN_POINT('',(0.,1.15));
#10224 = VECTOR('',#10225,1.);
#10225 = DIRECTION('',(1.,0.));
#10226 = ( GEOMETRIC_REPRESENTATION_CONTEXT(2) 
PARAMETRIC_REPRESENTATION_CONTEXT() REPRESENTATION_CONTEXT('2D SPACE',''
  ) );
#10227 = ADVANCED_FACE('',(#10228),#6220,.T.);
#10228 = FACE_BOUND('',#10229,.T.);
#10229 = EDGE_LOOP('',(#10230,#10231,#10232));
#10230 = ORIENTED_EDGE('',*,*,#6204,.F.);
#10231 = ORIENTED_EDGE('',*,*,#10205,.F.);
#10232 = ORIENTED_EDGE('',*,*,#10107,.F.);
#10233 = ADVANCED_FACE('',(#10234),#6267,.T.);
#10234 = FACE_BOUND('',#10235,.T.);
#10235 = EDGE_LOOP('',(#10236,#10237,#10260));
#10236 = ORIENTED_EDGE('',*,*,#6249,.F.);
#10237 = ORIENTED_EDGE('',*,*,#10238,.F.);
#10238 = EDGE_CURVE('',#10239,#6250,#10241,.T.);
#10239 = VERTEX_POINT('',#10240);
#10240 = CARTESIAN_POINT('',(444.74181347266,-48.,20.59122532399));
#10241 = SURFACE_CURVE('',#10242,(#10246,#10253),.PCURVE_S1.);
#10242 = LINE('',#10243,#10244);
#10243 = CARTESIAN_POINT('',(444.74181347266,-40.,20.59122532399));
#10244 = VECTOR('',#10245,1.);
#10245 = DIRECTION('',(0.,1.,0.));
#10246 = PCURVE('',#6267,#10247);
#10247 = DEFINITIONAL_REPRESENTATION('',(#10248),#10252);
#10248 = LINE('',#10249,#10250);
#10249 = CARTESIAN_POINT('',(8.,11.5));
#10250 = VECTOR('',#10251,1.);
#10251 = DIRECTION('',(1.,0.));
#10252 = ( GEOMETRIC_REPRESENTATION_CONTEXT(2) 
PARAMETRIC_REPRESENTATION_CONTEXT() REPRESENTATION_CONTEXT('2D SPACE',''
  ) );
#10253 = PCURVE('',#6366,#10254);
#10254 = DEFINITIONAL_REPRESENTATION('',(#10255),#10259);
#10255 = LINE('',#10256,#10257);
#10256 = CARTESIAN_POINT('',(29.400650369038,0.));
#10257 = VECTOR('',#10258,1.);
#10258 = DIRECTION('',(0.,-1.));
#10259 = ( GEOMETRIC_REPRESENTATION_CONTEXT(2) 
PARAMETRIC_REPRESENTATION_CONTEXT() REPRESENTATION_CONTEXT('2D SPACE',''
  ) );
#10260 = ORIENTED_EDGE('',*,*,#10261,.F.);
#10261 = EDGE_CURVE('',#6252,#10239,#10262,.T.);
#10262 = SURFACE_CURVE('',#10263,(#10267,#10274),.PCURVE_S1.);
#10263 = LINE('',#10264,#10265);
#10264 = CARTESIAN_POINT('',(433.24181347266,-48.,20.59122532399));
#10265 = VECTOR('',#10266,1.);
#10266 = DIRECTION('',(1.,0.,5.02E-15));
#10267 = PCURVE('',#6267,#10268);
#10268 = DEFINITIONAL_REPRESENTATION('',(#10269),#10273);
#10269 = LINE('',#10270,#10271);
#10270 = CARTESIAN_POINT('',(0.,0.));
#10271 = VECTOR('',#10272,1.);
#10272 = DIRECTION('',(0.,1.));
#10273 = ( GEOMETRIC_REPRESENTATION_CONTEXT(2) 
PARAMETRIC_REPRESENTATION_CONTEXT() REPRESENTATION_CONTEXT('2D SPACE',''
  ) );
#10274 = PCURVE('',#6295,#10275);
#10275 = DEFINITIONAL_REPRESENTATION('',(#10276),#10280);
#10276 = LINE('',#10277,#10278);
#10277 = CARTESIAN_POINT('',(1.775829794058,-8.577257905301E-15));
#10278 = VECTOR('',#10279,1.);
#10279 = DIRECTION('',(-1.9E-16,1.));
#10280 = ( GEOMETRIC_REPRESENTATION_CONTEXT(2) 
PARAMETRIC_REPRESENTATION_CONTEXT() REPRESENTATION_CONTEXT('2D SPACE',''
  ) );
#10281 = ADVANCED_FACE('',(#10282),#6295,.T.);
#10282 = FACE_BOUND('',#10283,.T.);
#10283 = EDGE_LOOP('',(#10284,#10285,#10286,#10309));
#10284 = ORIENTED_EDGE('',*,*,#6279,.F.);
#10285 = ORIENTED_EDGE('',*,*,#10261,.T.);
#10286 = ORIENTED_EDGE('',*,*,#10287,.F.);
#10287 = EDGE_CURVE('',#10288,#10239,#10290,.T.);
#10288 = VERTEX_POINT('',#10289);
#10289 = CARTESIAN_POINT('',(444.74181347266,-48.,22.367055118048));
#10290 = SURFACE_CURVE('',#10291,(#10295,#10302),.PCURVE_S1.);
#10291 = LINE('',#10292,#10293);
#10292 = CARTESIAN_POINT('',(444.74181347266,-48.,20.59122532399));
#10293 = VECTOR('',#10294,1.);
#10294 = DIRECTION('',(4.83E-15,0.,-1.));
#10295 = PCURVE('',#6295,#10296);
#10296 = DEFINITIONAL_REPRESENTATION('',(#10297),#10301);
#10297 = LINE('',#10298,#10299);
#10298 = CARTESIAN_POINT('',(1.775829794058,11.5));
#10299 = VECTOR('',#10300,1.);
#10300 = DIRECTION('',(1.,0.));
#10301 = ( GEOMETRIC_REPRESENTATION_CONTEXT(2) 
PARAMETRIC_REPRESENTATION_CONTEXT() REPRESENTATION_CONTEXT('2D SPACE',''
  ) );
#10302 = PCURVE('',#6366,#10303);
#10303 = DEFINITIONAL_REPRESENTATION('',(#10304),#10308);
#10304 = LINE('',#10305,#10306);
#10305 = CARTESIAN_POINT('',(29.400650369038,8.));
#10306 = VECTOR('',#10307,1.);
#10307 = DIRECTION('',(1.,0.));
#10308 = ( GEOMETRIC_REPRESENTATION_CONTEXT(2) 
PARAMETRIC_REPRESENTATION_CONTEXT() REPRESENTATION_CONTEXT('2D SPACE',''
  ) );
#10309 = ORIENTED_EDGE('',*,*,#10310,.F.);
#10310 = EDGE_CURVE('',#6280,#10288,#10311,.T.);
#10311 = SURFACE_CURVE('',#10312,(#10316,#10323),.PCURVE_S1.);
#10312 = LINE('',#10313,#10314);
#10313 = CARTESIAN_POINT('',(433.24181347266,-48.,22.367055118048));
#10314 = VECTOR('',#10315,1.);
#10315 = DIRECTION('',(1.,0.,5.02E-15));
#10316 = PCURVE('',#6295,#10317);
#10317 = DEFINITIONAL_REPRESENTATION('',(#10318),#10322);
#10318 = LINE('',#10319,#10320);
#10319 = CARTESIAN_POINT('',(0.,0.));
#10320 = VECTOR('',#10321,1.);
#10321 = DIRECTION('',(-1.9E-16,1.));
#10322 = ( GEOMETRIC_REPRESENTATION_CONTEXT(2) 
PARAMETRIC_REPRESENTATION_CONTEXT() REPRESENTATION_CONTEXT('2D SPACE',''
  ) );
#10323 = PCURVE('',#6325,#10324);
#10324 = DEFINITIONAL_REPRESENTATION('',(#10325),#10328);
#10325 = B_SPLINE_CURVE_WITH_KNOTS('',1,(#10326,#10327),.UNSPECIFIED.,
  .F.,.F.,(2,2),(11.461736493487,11.5),.PIECEWISE_BEZIER_KNOTS.);
#10326 = CARTESIAN_POINT('',(-8.409330144317,1.146173649349));
#10327 = CARTESIAN_POINT('',(-8.409330144317,1.15));
#10328 = ( GEOMETRIC_REPRESENTATION_CONTEXT(2) 
PARAMETRIC_REPRESENTATION_CONTEXT() REPRESENTATION_CONTEXT('2D SPACE',''
  ) );
#10329 = ADVANCED_FACE('',(#10330),#6325,.T.);
#10330 = FACE_BOUND('',#10331,.T.);
#10331 = EDGE_LOOP('',(#10332,#10333,#10334));
#10332 = ORIENTED_EDGE('',*,*,#6307,.F.);
#10333 = ORIENTED_EDGE('',*,*,#10310,.T.);
#10334 = ORIENTED_EDGE('',*,*,#10335,.F.);
#10335 = EDGE_CURVE('',#6308,#10288,#10336,.T.);
#10336 = SURFACE_CURVE('',#10337,(#10342,#10349),.PCURVE_S1.);
#10337 = B_SPLINE_CURVE_WITH_KNOTS('',3,(#10338,#10339,#10340,#10341),
  .UNSPECIFIED.,.F.,.F.,(4,4),(-8.4133299427,-8.409330144317),
  .PIECEWISE_BEZIER_KNOTS.);
#10338 = CARTESIAN_POINT('',(444.74181347266,-47.96173649348,
    22.346106538787));
#10339 = CARTESIAN_POINT('',(444.74181347266,-47.97450617861,
    22.353064148243));
#10340 = CARTESIAN_POINT('',(444.74181347266,-47.98726088539,
    22.360047070002));
#10341 = CARTESIAN_POINT('',(444.74181347266,-48.,22.367055118048));
#10342 = PCURVE('',#6325,#10343);
#10343 = DEFINITIONAL_REPRESENTATION('',(#10344),#10348);
#10344 = LINE('',#10345,#10346);
#10345 = CARTESIAN_POINT('',(-3.55E-15,1.15));
#10346 = VECTOR('',#10347,1.);
#10347 = DIRECTION('',(1.,0.));
#10348 = ( GEOMETRIC_REPRESENTATION_CONTEXT(2) 
PARAMETRIC_REPRESENTATION_CONTEXT() REPRESENTATION_CONTEXT('2D SPACE',''
  ) );
#10349 = PCURVE('',#6366,#10350);
#10350 = DEFINITIONAL_REPRESENTATION('',(#10351),#10356);
#10351 = B_SPLINE_CURVE_WITH_KNOTS('',3,(#10352,#10353,#10354,#10355),
  .UNSPECIFIED.,.F.,.F.,(4,4),(-8.4133299427,-8.409330144317),
  .PIECEWISE_BEZIER_KNOTS.);
#10352 = CARTESIAN_POINT('',(27.64576915424,7.961736493487));
#10353 = CARTESIAN_POINT('',(27.638811544784,7.974506178612));
#10354 = CARTESIAN_POINT('',(27.631828623025,7.98726088539));
#10355 = CARTESIAN_POINT('',(27.62482057498,8.));
#10356 = ( GEOMETRIC_REPRESENTATION_CONTEXT(2) 
PARAMETRIC_REPRESENTATION_CONTEXT() REPRESENTATION_CONTEXT('2D SPACE',''
  ) );
#10357 = ADVANCED_FACE('',(#10358),#6366,.F.);
#10358 = FACE_BOUND('',#10359,.T.);
#10359 = EDGE_LOOP('',(#10360,#10361,#10362,#10363));
#10360 = ORIENTED_EDGE('',*,*,#6352,.F.);
#10361 = ORIENTED_EDGE('',*,*,#10335,.T.);
#10362 = ORIENTED_EDGE('',*,*,#10287,.T.);
#10363 = ORIENTED_EDGE('',*,*,#10238,.T.);
#10364 = ADVANCED_FACE('',(#10365),#6528,.F.);
#10365 = FACE_BOUND('',#10366,.T.);
#10366 = EDGE_LOOP('',(#10367,#10368,#10369));
#10367 = ORIENTED_EDGE('',*,*,#6512,.F.);
#10368 = ORIENTED_EDGE('',*,*,#9992,.T.);
#10369 = ORIENTED_EDGE('',*,*,#8579,.T.);
#10370 = ADVANCED_FACE('',(#10371),#6683,.F.);
#10371 = FACE_BOUND('',#10372,.F.);
#10372 = EDGE_LOOP('',(#10373,#10396,#10397,#10398));
#10373 = ORIENTED_EDGE('',*,*,#10374,.F.);
#10374 = EDGE_CURVE('',#6636,#10375,#10377,.T.);
#10375 = VERTEX_POINT('',#10376);
#10376 = CARTESIAN_POINT('',(393.77184982271,-46.01547183055,
    110.91914526198));
#10377 = SURFACE_CURVE('',#10378,(#10383,#10390),.PCURVE_S1.);
#10378 = B_SPLINE_CURVE_WITH_KNOTS('',3,(#10379,#10380,#10381,#10382),
  .UNSPECIFIED.,.F.,.F.,(4,4),(-3.222379430571,-2.588781134956),
  .PIECEWISE_BEZIER_KNOTS.);
#10379 = CARTESIAN_POINT('',(393.77184982271,-40.,108.93159739263));
#10380 = CARTESIAN_POINT('',(393.77184982271,-42.01371903342,
    109.5683513928));
#10381 = CARTESIAN_POINT('',(393.77184982271,-44.0190408603,
    110.23092536094));
#10382 = CARTESIAN_POINT('',(393.77184982271,-46.01547183055,
    110.91914526198));
#10383 = PCURVE('',#6683,#10384);
#10384 = DEFINITIONAL_REPRESENTATION('',(#10385),#10389);
#10385 = LINE('',#10386,#10387);
#10386 = CARTESIAN_POINT('',(-4.4E-16,-4.82E-15));
#10387 = VECTOR('',#10388,1.);
#10388 = DIRECTION('',(-1.,-1.95E-15));
#10389 = ( GEOMETRIC_REPRESENTATION_CONTEXT(2) 
PARAMETRIC_REPRESENTATION_CONTEXT() REPRESENTATION_CONTEXT('2D SPACE',''
  ) );
#10390 = PCURVE('',#6651,#10391);
#10391 = DEFINITIONAL_REPRESENTATION('',(#10392),#10395);
#10392 = B_SPLINE_CURVE_WITH_KNOTS('',1,(#10393,#10394),.UNSPECIFIED.,
  .F.,.F.,(2,2),(-3.222379430571,-2.588781134956),
  .PIECEWISE_BEZIER_KNOTS.);
#10393 = CARTESIAN_POINT('',(3.236063658798,20.034766859028));
#10394 = CARTESIAN_POINT('',(2.602378329129,20.034766859028));
#10395 = ( GEOMETRIC_REPRESENTATION_CONTEXT(2) 
PARAMETRIC_REPRESENTATION_CONTEXT() REPRESENTATION_CONTEXT('2D SPACE',''
  ) );
#10396 = ORIENTED_EDGE('',*,*,#6666,.T.);
#10397 = ORIENTED_EDGE('',*,*,#6821,.T.);
#10398 = ORIENTED_EDGE('',*,*,#10399,.F.);
#10399 = EDGE_CURVE('',#10375,#6822,#10400,.T.);
#10400 = SURFACE_CURVE('',#10401,(#10406,#10435),.PCURVE_S1.);
#10401 = CIRCLE('',#10402,62.019145261981);
#10402 = AXIS2_PLACEMENT_3D('',#10403,#10404,#10405);
#10403 = CARTESIAN_POINT('',(393.77184982271,-46.01547183055,48.9));
#10404 = DIRECTION('',(-5.5E-16,1.,-4.2E-15));
#10405 = DIRECTION('',(2.29E-15,4.2E-15,1.));
#10406 = PCURVE('',#6683,#10407);
#10407 = DEFINITIONAL_REPRESENTATION('',(#10408),#10434);
#10408 = B_SPLINE_CURVE_WITH_KNOTS('',3,(#10409,#10410,#10411,#10412,
    #10413,#10414,#10415,#10416,#10417,#10418,#10419,#10420,#10421,
    #10422,#10423,#10424,#10425,#10426,#10427,#10428,#10429,#10430,
    #10431,#10432,#10433),.UNSPECIFIED.,.F.,.F.,(4,1,1,1,1,1,1,1,1,1,1,1
    ,1,1,1,1,1,1,1,1,1,1,4),(0.,1.019392937507E-02,2.038785875015E-02,
    3.058178812522E-02,4.07757175003E-02,5.096964687537E-02,
    6.116357625045E-02,7.135750562552E-02,8.15514350006E-02,
    9.174536437567E-02,0.101939293751,0.112133223126,0.122327152501,
    0.132521081876,0.142715011251,0.152908940626,0.163102870001,
    0.173296799376,0.183490728751,0.193684658126,0.203878587501,
    0.214072516877,0.224266446252),.QUASI_UNIFORM_KNOTS.);
#10409 = CARTESIAN_POINT('',(2.588781134956,0.));
#10410 = CARTESIAN_POINT('',(2.588781134956,3.437104467321E-03));
#10411 = CARTESIAN_POINT('',(2.588781134956,1.030670150371E-02));
#10412 = CARTESIAN_POINT('',(2.588781134956,2.059782044042E-02));
#10413 = CARTESIAN_POINT('',(2.588781134956,3.087622290622E-02));
#10414 = CARTESIAN_POINT('',(2.588781134956,4.114246530294E-02));
#10415 = CARTESIAN_POINT('',(2.588781134956,5.139710173369E-02));
#10416 = CARTESIAN_POINT('',(2.588781134956,6.164068376996E-02));
#10417 = CARTESIAN_POINT('',(2.588781134956,7.187376066722E-02));
#10418 = CARTESIAN_POINT('',(2.588781134956,8.209687945904E-02));
#10419 = CARTESIAN_POINT('',(2.588781134956,9.231058508246E-02));
#10420 = CARTESIAN_POINT('',(2.588781134956,0.102515420494));
#10421 = CARTESIAN_POINT('',(2.588781134956,0.112711926786));
#10422 = CARTESIAN_POINT('',(2.588781134956,0.122900643303));
#10423 = CARTESIAN_POINT('',(2.588781134956,0.133082107759));
#10424 = CARTESIAN_POINT('',(2.588781134956,0.143256856346));
#10425 = CARTESIAN_POINT('',(2.588781134956,0.153425423855));
#10426 = CARTESIAN_POINT('',(2.588781134956,0.163588343784));
#10427 = CARTESIAN_POINT('',(2.588781134956,0.173746148451));
#10428 = CARTESIAN_POINT('',(2.588781134956,0.183899369108));
#10429 = CARTESIAN_POINT('',(2.588781134956,0.194048536055));
#10430 = CARTESIAN_POINT('',(2.588781134956,0.204194178731));
#10431 = CARTESIAN_POINT('',(2.588781134956,0.214336825898));
#10432 = CARTESIAN_POINT('',(2.588781134956,0.221096945628));
#10433 = CARTESIAN_POINT('',(2.588781134956,0.224476682259));
#10434 = ( GEOMETRIC_REPRESENTATION_CONTEXT(2) 
PARAMETRIC_REPRESENTATION_CONTEXT() REPRESENTATION_CONTEXT('2D SPACE',''
  ) );
#10435 = PCURVE('',#6875,#10436);
#10436 = DEFINITIONAL_REPRESENTATION('',(#10437),#10463);
#10437 = B_SPLINE_CURVE_WITH_KNOTS('',3,(#10438,#10439,#10440,#10441,
    #10442,#10443,#10444,#10445,#10446,#10447,#10448,#10449,#10450,
    #10451,#10452,#10453,#10454,#10455,#10456,#10457,#10458,#10459,
    #10460,#10461,#10462),.UNSPECIFIED.,.F.,.F.,(4,1,1,1,1,1,1,1,1,1,1,1
    ,1,1,1,1,1,1,1,1,1,1,4),(0.,1.019392937507E-02,2.038785875015E-02,
    3.058178812522E-02,4.07757175003E-02,5.096964687537E-02,
    6.116357625045E-02,7.135750562552E-02,8.15514350006E-02,
    9.174536437567E-02,0.101939293751,0.112133223126,0.122327152501,
    0.132521081876,0.142715011251,0.152908940626,0.163102870001,
    0.173296799376,0.183490728751,0.193684658126,0.203878587501,
    0.214072516877,0.224266446252),.QUASI_UNIFORM_KNOTS.);
#10438 = CARTESIAN_POINT('',(2.061132601555,0.));
#10439 = CARTESIAN_POINT('',(2.061132601555,3.437104467321E-03));
#10440 = CARTESIAN_POINT('',(2.061132601555,1.030670150371E-02));
#10441 = CARTESIAN_POINT('',(2.061132601555,2.059782044042E-02));
#10442 = CARTESIAN_POINT('',(2.061132601555,3.087622290622E-02));
#10443 = CARTESIAN_POINT('',(2.061132601555,4.114246530294E-02));
#10444 = CARTESIAN_POINT('',(2.061132601555,5.139710173369E-02));
#10445 = CARTESIAN_POINT('',(2.061132601555,6.164068376996E-02));
#10446 = CARTESIAN_POINT('',(2.061132601555,7.187376066722E-02));
#10447 = CARTESIAN_POINT('',(2.061132601555,8.209687945904E-02));
#10448 = CARTESIAN_POINT('',(2.061132601555,9.231058508246E-02));
#10449 = CARTESIAN_POINT('',(2.061132601555,0.102515420494));
#10450 = CARTESIAN_POINT('',(2.061132601555,0.112711926786));
#10451 = CARTESIAN_POINT('',(2.061132601555,0.122900643303));
#10452 = CARTESIAN_POINT('',(2.061132601555,0.133082107759));
#10453 = CARTESIAN_POINT('',(2.061132601555,0.143256856346));
#10454 = CARTESIAN_POINT('',(2.061132601555,0.153425423855));
#10455 = CARTESIAN_POINT('',(2.061132601555,0.163588343784));
#10456 = CARTESIAN_POINT('',(2.061132601555,0.173746148451));
#10457 = CARTESIAN_POINT('',(2.061132601555,0.183899369108));
#10458 = CARTESIAN_POINT('',(2.061132601555,0.194048536055));
#10459 = CARTESIAN_POINT('',(2.061132601555,0.204194178731));
#10460 = CARTESIAN_POINT('',(2.061132601555,0.214336825898));
#10461 = CARTESIAN_POINT('',(2.061132601555,0.221096945628));
#10462 = CARTESIAN_POINT('',(2.061132601555,0.224476682259));
#10463 = ( GEOMETRIC_REPRESENTATION_CONTEXT(2) 
PARAMETRIC_REPRESENTATION_CONTEXT() REPRESENTATION_CONTEXT('2D SPACE',''
  ) );
#10464 = ADVANCED_FACE('',(#10465),#6651,.F.);
#10465 = FACE_BOUND('',#10466,.F.);
#10466 = EDGE_LOOP('',(#10467,#10468,#10469,#10491));
#10467 = ORIENTED_EDGE('',*,*,#6635,.T.);
#10468 = ORIENTED_EDGE('',*,*,#10374,.T.);
#10469 = ORIENTED_EDGE('',*,*,#10470,.F.);
#10470 = EDGE_CURVE('',#9042,#10375,#10471,.T.);
#10471 = SURFACE_CURVE('',#10472,(#10477,#10484),.PCURVE_S1.);
#10472 = B_SPLINE_CURVE_WITH_KNOTS('',3,(#10473,#10474,#10475,#10476),
  .UNSPECIFIED.,.F.,.F.,(4,4),(5.450980250692,20.034766859028),
  .PIECEWISE_BEZIER_KNOTS.);
#10473 = CARTESIAN_POINT('',(247.93398373935,-46.01547183055,
    110.91914526198));
#10474 = CARTESIAN_POINT('',(296.54660576714,-46.01547183055,
    110.91914526198));
#10475 = CARTESIAN_POINT('',(345.15922779492,-46.01547183055,
    110.91914526198));
#10476 = CARTESIAN_POINT('',(393.77184982271,-46.01547183055,
    110.91914526198));
#10477 = PCURVE('',#6651,#10478);
#10478 = DEFINITIONAL_REPRESENTATION('',(#10479),#10483);
#10479 = LINE('',#10480,#10481);
#10480 = CARTESIAN_POINT('',(2.602378329129,-2.132E-14));
#10481 = VECTOR('',#10482,1.);
#10482 = DIRECTION('',(6.4E-16,1.));
#10483 = ( GEOMETRIC_REPRESENTATION_CONTEXT(2) 
PARAMETRIC_REPRESENTATION_CONTEXT() REPRESENTATION_CONTEXT('2D SPACE',''
  ) );
#10484 = PCURVE('',#8979,#10485);
#10485 = DEFINITIONAL_REPRESENTATION('',(#10486),#10490);
#10486 = LINE('',#10487,#10488);
#10487 = CARTESIAN_POINT('',(6.68E-15,-4.086E-14));
#10488 = VECTOR('',#10489,1.);
#10489 = DIRECTION('',(-3.3E-16,1.));
#10490 = ( GEOMETRIC_REPRESENTATION_CONTEXT(2) 
PARAMETRIC_REPRESENTATION_CONTEXT() REPRESENTATION_CONTEXT('2D SPACE',''
  ) );
#10491 = ORIENTED_EDGE('',*,*,#9109,.F.);
#10492 = ADVANCED_FACE('',(#10493),#6875,.F.);
#10493 = FACE_BOUND('',#10494,.F.);
#10494 = EDGE_LOOP('',(#10495,#10545,#10546,#10547));
#10495 = ORIENTED_EDGE('',*,*,#10496,.F.);
#10496 = EDGE_CURVE('',#10375,#8869,#10497,.T.);
#10497 = SURFACE_CURVE('',#10498,(#10509,#10516),.PCURVE_S1.);
#10498 = B_SPLINE_CURVE_WITH_KNOTS('',3,(#10499,#10500,#10501,#10502,
    #10503,#10504,#10505,#10506,#10507,#10508),.UNSPECIFIED.,.F.,.F.,(4,
    3,3,4),(-2.061132601555,-1.470041333338,-0.878950065121,0.),
  .UNSPECIFIED.);
#10499 = CARTESIAN_POINT('',(393.77184982271,-46.01547183055,
    110.91914526198));
#10500 = CARTESIAN_POINT('',(393.77184982271,-47.87820302818,
    111.56127549318));
#10501 = CARTESIAN_POINT('',(393.77184982271,-49.81723688501,
    111.95595646202));
#10502 = CARTESIAN_POINT('',(393.77184982271,-51.78276584387,
    112.09305008099));
#10503 = CARTESIAN_POINT('',(393.77184982271,-53.74829480273,
    112.23014369997));
#10504 = CARTESIAN_POINT('',(393.77184982271,-55.72334414449,
    112.10846599992));
#10505 = CARTESIAN_POINT('',(393.77184982271,-57.65718118977,
    111.73114249047));
#10506 = CARTESIAN_POINT('',(393.77184982271,-60.53278820391,
    111.17006412402));
#10507 = CARTESIAN_POINT('',(393.77184982271,-63.27131176616,
    110.0526799787));
#10508 = CARTESIAN_POINT('',(393.77184982271,-65.71860859689,
    108.44188425751));
#10509 = PCURVE('',#6875,#10510);
#10510 = DEFINITIONAL_REPRESENTATION('',(#10511),#10515);
#10511 = LINE('',#10512,#10513);
#10512 = CARTESIAN_POINT('',(-4.4E-16,-1.33E-15));
#10513 = VECTOR('',#10514,1.);
#10514 = DIRECTION('',(-1.,-4.E-16));
#10515 = ( GEOMETRIC_REPRESENTATION_CONTEXT(2) 
PARAMETRIC_REPRESENTATION_CONTEXT() REPRESENTATION_CONTEXT('2D SPACE',''
  ) );
#10516 = PCURVE('',#8979,#10517);
#10517 = DEFINITIONAL_REPRESENTATION('',(#10518),#10544);
#10518 = B_SPLINE_CURVE_WITH_KNOTS('',3,(#10519,#10520,#10521,#10522,
    #10523,#10524,#10525,#10526,#10527,#10528,#10529,#10530,#10531,
    #10532,#10533,#10534,#10535,#10536,#10537,#10538,#10539,#10540,
    #10541,#10542,#10543),.UNSPECIFIED.,.F.,.F.,(4,1,1,1,1,1,1,1,1,1,1,1
    ,1,1,1,1,1,1,1,1,1,1,4),(-2.061132601555,-1.967444756029,
    -1.873756910504,-1.780069064979,-1.686381219454,-1.592693373929,
    -1.499005528403,-1.405317682878,-1.311629837353,-1.217941991828,
    -1.124254146303,-1.030566300777,-0.936878455252,-0.843190609727,
    -0.749502764202,-0.655814918676,-0.562127073151,-0.468439227626,
    -0.374751382101,-0.281063536576,-0.18737569105,-9.368784552521E-02,
    0.),.UNSPECIFIED.);
#10519 = CARTESIAN_POINT('',(0.,20.034766859028));
#10520 = CARTESIAN_POINT('',(1.518450517698E-02,20.034766859028));
#10521 = CARTESIAN_POINT('',(4.553496829883E-02,20.034766859028));
#10522 = CARTESIAN_POINT('',(9.102058030908E-02,20.034766859028));
#10523 = CARTESIAN_POINT('',(0.136480666786,20.034766859028));
#10524 = CARTESIAN_POINT('',(0.181933291465,20.034766859028));
#10525 = CARTESIAN_POINT('',(0.227397165846,20.034766859028));
#10526 = CARTESIAN_POINT('',(0.272896344416,20.034766859028));
#10527 = CARTESIAN_POINT('',(0.318442241749,20.034766859028));
#10528 = CARTESIAN_POINT('',(0.363920323152,20.034766859028));
#10529 = CARTESIAN_POINT('',(0.409380300692,20.034766859028));
#10530 = CARTESIAN_POINT('',(0.454835561215,20.034766859028));
#10531 = CARTESIAN_POINT('',(0.500310079262,20.034766859028));
#10532 = CARTESIAN_POINT('',(0.545813640227,20.034766859028));
#10533 = CARTESIAN_POINT('',(0.59139197103,20.034766859028));
#10534 = CARTESIAN_POINT('',(0.636881165256,20.034766859028));
#10535 = CARTESIAN_POINT('',(0.682299880364,20.034766859028));
#10536 = CARTESIAN_POINT('',(0.727667605696,20.034766859028));
#10537 = CARTESIAN_POINT('',(0.773004994242,20.034766859028));
#10538 = CARTESIAN_POINT('',(0.81833329445,20.034766859028));
#10539 = CARTESIAN_POINT('',(0.863674070976,20.034766859028));
#10540 = CARTESIAN_POINT('',(0.909048822594,20.034766859028));
#10541 = CARTESIAN_POINT('',(0.954478779816,20.034766859028));
#10542 = CARTESIAN_POINT('',(0.984815623043,20.034766859028));
#10543 = CARTESIAN_POINT('',(1.,20.034766859028));
#10544 = ( GEOMETRIC_REPRESENTATION_CONTEXT(2) 
PARAMETRIC_REPRESENTATION_CONTEXT() REPRESENTATION_CONTEXT('2D SPACE',''
  ) );
#10545 = ORIENTED_EDGE('',*,*,#10399,.T.);
#10546 = ORIENTED_EDGE('',*,*,#6849,.T.);
#10547 = ORIENTED_EDGE('',*,*,#8891,.F.);
#10548 = ADVANCED_FACE('',(#10549),#6975,.F.);
#10549 = FACE_BOUND('',#10550,.F.);
#10550 = EDGE_LOOP('',(#10551,#10574,#10601,#10602));
#10551 = ORIENTED_EDGE('',*,*,#10552,.T.);
#10552 = EDGE_CURVE('',#6959,#10553,#10555,.T.);
#10553 = VERTEX_POINT('',#10554);
#10554 = CARTESIAN_POINT('',(407.0643643357,-57.3,101.93159739263));
#10555 = SEAM_CURVE('',#10556,(#10560,#10567),.PCURVE_S1.);
#10556 = LINE('',#10557,#10558);
#10557 = CARTESIAN_POINT('',(407.3143643357,-57.55,101.93159739263));
#10558 = VECTOR('',#10559,1.);
#10559 = DIRECTION('',(-0.707106781187,0.707106781187,-9.E-17));
#10560 = PCURVE('',#6975,#10561);
#10561 = DEFINITIONAL_REPRESENTATION('',(#10562),#10566);
#10562 = LINE('',#10563,#10564);
#10563 = CARTESIAN_POINT('',(-3.14159265359,5.192992201034E-14));
#10564 = VECTOR('',#10565,1.);
#10565 = DIRECTION('',(0.,-1.));
#10566 = ( GEOMETRIC_REPRESENTATION_CONTEXT(2) 
PARAMETRIC_REPRESENTATION_CONTEXT() REPRESENTATION_CONTEXT('2D SPACE',''
  ) );
#10567 = PCURVE('',#6975,#10568);
#10568 = DEFINITIONAL_REPRESENTATION('',(#10569),#10573);
#10569 = LINE('',#10570,#10571);
#10570 = CARTESIAN_POINT('',(3.14159265359,5.192992201034E-14));
#10571 = VECTOR('',#10572,1.);
#10572 = DIRECTION('',(0.,-1.));
#10573 = ( GEOMETRIC_REPRESENTATION_CONTEXT(2) 
PARAMETRIC_REPRESENTATION_CONTEXT() REPRESENTATION_CONTEXT('2D SPACE',''
  ) );
#10574 = ORIENTED_EDGE('',*,*,#10575,.T.);
#10575 = EDGE_CURVE('',#10553,#10553,#10576,.T.);
#10576 = SURFACE_CURVE('',#10577,(#10582,#10589),.PCURVE_S1.);
#10577 = CIRCLE('',#10578,2.3);
#10578 = AXIS2_PLACEMENT_3D('',#10579,#10580,#10581);
#10579 = CARTESIAN_POINT('',(407.0643643357,-55.,101.93159739263));
#10580 = DIRECTION('',(1.,0.,0.));
#10581 = DIRECTION('',(0.,1.,0.));
#10582 = PCURVE('',#6975,#10583);
#10583 = DEFINITIONAL_REPRESENTATION('',(#10584),#10588);
#10584 = LINE('',#10585,#10586);
#10585 = CARTESIAN_POINT('',(-6.28318530718,-0.25));
#10586 = VECTOR('',#10587,1.);
#10587 = DIRECTION('',(1.,0.));
#10588 = ( GEOMETRIC_REPRESENTATION_CONTEXT(2) 
PARAMETRIC_REPRESENTATION_CONTEXT() REPRESENTATION_CONTEXT('2D SPACE',''
  ) );
#10589 = PCURVE('',#10590,#10595);
#10590 = CYLINDRICAL_SURFACE('',#10591,2.3);
#10591 = AXIS2_PLACEMENT_3D('',#10592,#10593,#10594);
#10592 = CARTESIAN_POINT('',(420.,-55.,101.93159739263));
#10593 = DIRECTION('',(1.,0.,0.));
#10594 = DIRECTION('',(0.,1.,0.));
#10595 = DEFINITIONAL_REPRESENTATION('',(#10596),#10600);
#10596 = LINE('',#10597,#10598);
#10597 = CARTESIAN_POINT('',(0.,-12.93563566429));
#10598 = VECTOR('',#10599,1.);
#10599 = DIRECTION('',(1.,0.));
#10600 = ( GEOMETRIC_REPRESENTATION_CONTEXT(2) 
PARAMETRIC_REPRESENTATION_CONTEXT() REPRESENTATION_CONTEXT('2D SPACE',''
  ) );
#10601 = ORIENTED_EDGE('',*,*,#10552,.F.);
#10602 = ORIENTED_EDGE('',*,*,#6958,.T.);
#10603 = ADVANCED_FACE('',(#10604),#7028,.T.);
#10604 = FACE_BOUND('',#10605,.T.);
#10605 = EDGE_LOOP('',(#10606));
#10606 = ORIENTED_EDGE('',*,*,#7013,.F.);
#10607 = ADVANCED_FACE('',(#10608),#7087,.F.);
#10608 = FACE_BOUND('',#10609,.F.);
#10609 = EDGE_LOOP('',(#10610,#10633,#10664,#10665));
#10610 = ORIENTED_EDGE('',*,*,#10611,.T.);
#10611 = EDGE_CURVE('',#7050,#10612,#10614,.T.);
#10612 = VERTEX_POINT('',#10613);
#10613 = CARTESIAN_POINT('',(421.84785779374,9.070491715347,15.1));
#10614 = SEAM_CURVE('',#10615,(#10619,#10626),.PCURVE_S1.);
#10615 = LINE('',#10616,#10617);
#10616 = CARTESIAN_POINT('',(421.84785779374,9.070491715347,58.9));
#10617 = VECTOR('',#10618,1.);
#10618 = DIRECTION('',(0.,0.,-1.));
#10619 = PCURVE('',#7087,#10620);
#10620 = DEFINITIONAL_REPRESENTATION('',(#10621),#10625);
#10621 = LINE('',#10622,#10623);
#10622 = CARTESIAN_POINT('',(9.424777960769,0.));
#10623 = VECTOR('',#10624,1.);
#10624 = DIRECTION('',(0.,1.));
#10625 = ( GEOMETRIC_REPRESENTATION_CONTEXT(2) 
PARAMETRIC_REPRESENTATION_CONTEXT() REPRESENTATION_CONTEXT('2D SPACE',''
  ) );
#10626 = PCURVE('',#7087,#10627);
#10627 = DEFINITIONAL_REPRESENTATION('',(#10628),#10632);
#10628 = LINE('',#10629,#10630);
#10629 = CARTESIAN_POINT('',(3.14159265359,0.));
#10630 = VECTOR('',#10631,1.);
#10631 = DIRECTION('',(0.,1.));
#10632 = ( GEOMETRIC_REPRESENTATION_CONTEXT(2) 
PARAMETRIC_REPRESENTATION_CONTEXT() REPRESENTATION_CONTEXT('2D SPACE',''
  ) );
#10633 = ORIENTED_EDGE('',*,*,#10634,.F.);
#10634 = EDGE_CURVE('',#10612,#10612,#10635,.T.);
#10635 = SURFACE_CURVE('',#10636,(#10641,#10648),.PCURVE_S1.);
#10636 = CIRCLE('',#10637,2.35);
#10637 = AXIS2_PLACEMENT_3D('',#10638,#10639,#10640);
#10638 = CARTESIAN_POINT('',(419.49785779374,9.070491715347,15.1));
#10639 = DIRECTION('',(0.,0.,-1.));
#10640 = DIRECTION('',(-1.,0.,0.));
#10641 = PCURVE('',#7087,#10642);
#10642 = DEFINITIONAL_REPRESENTATION('',(#10643),#10647);
#10643 = LINE('',#10644,#10645);
#10644 = CARTESIAN_POINT('',(0.,43.8));
#10645 = VECTOR('',#10646,1.);
#10646 = DIRECTION('',(1.,0.));
#10647 = ( GEOMETRIC_REPRESENTATION_CONTEXT(2) 
PARAMETRIC_REPRESENTATION_CONTEXT() REPRESENTATION_CONTEXT('2D SPACE',''
  ) );
#10648 = PCURVE('',#10649,#10654);
#10649 = PLANE('',#10650);
#10650 = AXIS2_PLACEMENT_3D('',#10651,#10652,#10653);
#10651 = CARTESIAN_POINT('',(419.49785779374,9.070491715347,15.1));
#10652 = DIRECTION('',(0.,0.,1.));
#10653 = DIRECTION('',(-1.,0.,0.));
#10654 = DEFINITIONAL_REPRESENTATION('',(#10655),#10663);
#10655 = ( BOUNDED_CURVE() B_SPLINE_CURVE(2,(#10656,#10657,#10658,#10659
    ,#10660,#10661,#10662),.UNSPECIFIED.,.T.,.F.) 
B_SPLINE_CURVE_WITH_KNOTS((1,2,2,2,2,1),(-2.094395102393,0.,
    2.094395102393,4.188790204786,6.28318530718,8.377580409573),
.UNSPECIFIED.) CURVE() GEOMETRIC_REPRESENTATION_ITEM() 
RATIONAL_B_SPLINE_CURVE((1.,0.5,1.,0.5,1.,0.5,1.)) REPRESENTATION_ITEM(
  '') );
#10656 = CARTESIAN_POINT('',(2.35,0.));
#10657 = CARTESIAN_POINT('',(2.35,-4.070319397787));
#10658 = CARTESIAN_POINT('',(-1.175,-2.035159698893));
#10659 = CARTESIAN_POINT('',(-4.7,-5.755839955992E-16));
#10660 = CARTESIAN_POINT('',(-1.175,2.035159698893));
#10661 = CARTESIAN_POINT('',(2.35,4.070319397787));
#10662 = CARTESIAN_POINT('',(2.35,0.));
#10663 = ( GEOMETRIC_REPRESENTATION_CONTEXT(2) 
PARAMETRIC_REPRESENTATION_CONTEXT() REPRESENTATION_CONTEXT('2D SPACE',''
  ) );
#10664 = ORIENTED_EDGE('',*,*,#10611,.F.);
#10665 = ORIENTED_EDGE('',*,*,#7072,.T.);
#10666 = ADVANCED_FACE('',(#10667),#7142,.T.);
#10667 = FACE_BOUND('',#10668,.T.);
#10668 = EDGE_LOOP('',(#10669));
#10669 = ORIENTED_EDGE('',*,*,#7127,.F.);
#10670 = ADVANCED_FACE('',(#10671),#7201,.T.);
#10671 = FACE_BOUND('',#10672,.T.);
#10672 = EDGE_LOOP('',(#10673,#10674,#10675,#10676,#10677,#10678,#10679)
  );
#10673 = ORIENTED_EDGE('',*,*,#7350,.F.);
#10674 = ORIENTED_EDGE('',*,*,#8552,.T.);
#10675 = ORIENTED_EDGE('',*,*,#7788,.F.);
#10676 = ORIENTED_EDGE('',*,*,#7725,.F.);
#10677 = ORIENTED_EDGE('',*,*,#7299,.T.);
#10678 = ORIENTED_EDGE('',*,*,#7242,.T.);
#10679 = ORIENTED_EDGE('',*,*,#7186,.T.);
#10680 = ADVANCED_FACE('',(#10681),#7879,.F.);
#10681 = FACE_BOUND('',#10682,.F.);
#10682 = EDGE_LOOP('',(#10683,#10706,#10732,#10733));
#10683 = ORIENTED_EDGE('',*,*,#10684,.T.);
#10684 = EDGE_CURVE('',#7859,#10685,#10687,.T.);
#10685 = VERTEX_POINT('',#10686);
#10686 = CARTESIAN_POINT('',(351.69999999999,-66.,-48.00033833779));
#10687 = SEAM_CURVE('',#10688,(#10692,#10699),.PCURVE_S1.);
#10688 = LINE('',#10689,#10690);
#10689 = CARTESIAN_POINT('',(351.69999999999,-59.96033833779,
    -48.00033833779));
#10690 = VECTOR('',#10691,1.);
#10691 = DIRECTION('',(0.,-1.,3.E-16));
#10692 = PCURVE('',#7879,#10693);
#10693 = DEFINITIONAL_REPRESENTATION('',(#10694),#10698);
#10694 = LINE('',#10695,#10696);
#10695 = CARTESIAN_POINT('',(3.14159265359,0.));
#10696 = VECTOR('',#10697,1.);
#10697 = DIRECTION('',(0.,1.));
#10698 = ( GEOMETRIC_REPRESENTATION_CONTEXT(2) 
PARAMETRIC_REPRESENTATION_CONTEXT() REPRESENTATION_CONTEXT('2D SPACE',''
  ) );
#10699 = PCURVE('',#7879,#10700);
#10700 = DEFINITIONAL_REPRESENTATION('',(#10701),#10705);
#10701 = LINE('',#10702,#10703);
#10702 = CARTESIAN_POINT('',(-3.14159265359,0.));
#10703 = VECTOR('',#10704,1.);
#10704 = DIRECTION('',(0.,1.));
#10705 = ( GEOMETRIC_REPRESENTATION_CONTEXT(2) 
PARAMETRIC_REPRESENTATION_CONTEXT() REPRESENTATION_CONTEXT('2D SPACE',''
  ) );
#10706 = ORIENTED_EDGE('',*,*,#10707,.F.);
#10707 = EDGE_CURVE('',#10685,#10685,#10708,.T.);
#10708 = SURFACE_CURVE('',#10709,(#10714,#10721),.PCURVE_S1.);
#10709 = CIRCLE('',#10710,1.8);
#10710 = AXIS2_PLACEMENT_3D('',#10711,#10712,#10713);
#10711 = CARTESIAN_POINT('',(353.49999999999,-66.,-48.00033833779));
#10712 = DIRECTION('',(0.,-1.,0.));
#10713 = DIRECTION('',(1.,0.,0.));
#10714 = PCURVE('',#7879,#10715);
#10715 = DEFINITIONAL_REPRESENTATION('',(#10716),#10720);
#10716 = LINE('',#10717,#10718);
#10717 = CARTESIAN_POINT('',(-6.28318530718,6.039661662201));
#10718 = VECTOR('',#10719,1.);
#10719 = DIRECTION('',(1.,0.));
#10720 = ( GEOMETRIC_REPRESENTATION_CONTEXT(2) 
PARAMETRIC_REPRESENTATION_CONTEXT() REPRESENTATION_CONTEXT('2D SPACE',''
  ) );
#10721 = PCURVE('',#9706,#10722);
#10722 = DEFINITIONAL_REPRESENTATION('',(#10723),#10731);
#10723 = ( BOUNDED_CURVE() B_SPLINE_CURVE(2,(#10724,#10725,#10726,#10727
    ,#10728,#10729,#10730),.UNSPECIFIED.,.T.,.F.) 
B_SPLINE_CURVE_WITH_KNOTS((1,2,2,2,2,1),(-2.094395102393,0.,
    2.094395102393,4.188790204786,6.28318530718,8.377580409573),
.UNSPECIFIED.) CURVE() GEOMETRIC_REPRESENTATION_ITEM() 
RATIONAL_B_SPLINE_CURVE((1.,0.5,1.,0.5,1.,0.5,1.)) REPRESENTATION_ITEM(
  '') );
#10724 = CARTESIAN_POINT('',(0.,1.8));
#10725 = CARTESIAN_POINT('',(3.117691453624,1.8));
#10726 = CARTESIAN_POINT('',(1.558845726812,-0.9));
#10727 = CARTESIAN_POINT('',(4.40872847693E-16,-3.6));
#10728 = CARTESIAN_POINT('',(-1.558845726812,-0.9));
#10729 = CARTESIAN_POINT('',(-3.117691453624,1.8));
#10730 = CARTESIAN_POINT('',(0.,1.8));
#10731 = ( GEOMETRIC_REPRESENTATION_CONTEXT(2) 
PARAMETRIC_REPRESENTATION_CONTEXT() REPRESENTATION_CONTEXT('2D SPACE',''
  ) );
#10732 = ORIENTED_EDGE('',*,*,#10684,.F.);
#10733 = ORIENTED_EDGE('',*,*,#7858,.T.);
#10734 = ADVANCED_FACE('',(#10735),#8035,.F.);
#10735 = FACE_BOUND('',#10736,.F.);
#10736 = EDGE_LOOP('',(#10737,#10760,#10761,#10762));
#10737 = ORIENTED_EDGE('',*,*,#10738,.F.);
#10738 = EDGE_CURVE('',#8019,#10739,#10741,.T.);
#10739 = VERTEX_POINT('',#10740);
#10740 = CARTESIAN_POINT('',(349.4167693535,-41.,71.163188571639));
#10741 = SEAM_CURVE('',#10742,(#10746,#10753),.PCURVE_S1.);
#10742 = LINE('',#10743,#10744);
#10743 = CARTESIAN_POINT('',(349.4167693535,-70.,71.163188571639));
#10744 = VECTOR('',#10745,1.);
#10745 = DIRECTION('',(0.,1.,-2.2E-16));
#10746 = PCURVE('',#8035,#10747);
#10747 = DEFINITIONAL_REPRESENTATION('',(#10748),#10752);
#10748 = LINE('',#10749,#10750);
#10749 = CARTESIAN_POINT('',(6.28318530718,0.));
#10750 = VECTOR('',#10751,1.);
#10751 = DIRECTION('',(0.,-1.));
#10752 = ( GEOMETRIC_REPRESENTATION_CONTEXT(2) 
PARAMETRIC_REPRESENTATION_CONTEXT() REPRESENTATION_CONTEXT('2D SPACE',''
  ) );
#10753 = PCURVE('',#8035,#10754);
#10754 = DEFINITIONAL_REPRESENTATION('',(#10755),#10759);
#10755 = LINE('',#10756,#10757);
#10756 = CARTESIAN_POINT('',(0.,0.));
#10757 = VECTOR('',#10758,1.);
#10758 = DIRECTION('',(0.,-1.));
#10759 = ( GEOMETRIC_REPRESENTATION_CONTEXT(2) 
PARAMETRIC_REPRESENTATION_CONTEXT() REPRESENTATION_CONTEXT('2D SPACE',''
  ) );
#10760 = ORIENTED_EDGE('',*,*,#8018,.F.);
#10761 = ORIENTED_EDGE('',*,*,#10738,.T.);
#10762 = ORIENTED_EDGE('',*,*,#10763,.T.);
#10763 = EDGE_CURVE('',#10739,#10739,#10764,.T.);
#10764 = SURFACE_CURVE('',#10765,(#10770,#10777),.PCURVE_S1.);
#10765 = CIRCLE('',#10766,2.25);
#10766 = AXIS2_PLACEMENT_3D('',#10767,#10768,#10769);
#10767 = CARTESIAN_POINT('',(347.1667693535,-41.,71.163188571639));
#10768 = DIRECTION('',(0.,-1.,0.));
#10769 = DIRECTION('',(1.,0.,0.));
#10770 = PCURVE('',#8035,#10771);
#10771 = DEFINITIONAL_REPRESENTATION('',(#10772),#10776);
#10772 = LINE('',#10773,#10774);
#10773 = CARTESIAN_POINT('',(0.,-29.));
#10774 = VECTOR('',#10775,1.);
#10775 = DIRECTION('',(1.,0.));
#10776 = ( GEOMETRIC_REPRESENTATION_CONTEXT(2) 
PARAMETRIC_REPRESENTATION_CONTEXT() REPRESENTATION_CONTEXT('2D SPACE',''
  ) );
#10777 = PCURVE('',#10778,#10783);
#10778 = PLANE('',#10779);
#10779 = AXIS2_PLACEMENT_3D('',#10780,#10781,#10782);
#10780 = CARTESIAN_POINT('',(311.48351230808,-41.,-43.95252648195));
#10781 = DIRECTION('',(0.,1.,0.));
#10782 = DIRECTION('',(0.,0.,1.));
#10783 = DEFINITIONAL_REPRESENTATION('',(#10784),#10792);
#10784 = ( BOUNDED_CURVE() B_SPLINE_CURVE(2,(#10785,#10786,#10787,#10788
    ,#10789,#10790,#10791),.UNSPECIFIED.,.T.,.F.) 
B_SPLINE_CURVE_WITH_KNOTS((1,2,2,2,2,1),(-2.094395102393,0.,
    2.094395102393,4.188790204786,6.28318530718,8.377580409573),
.UNSPECIFIED.) CURVE() GEOMETRIC_REPRESENTATION_ITEM() 
RATIONAL_B_SPLINE_CURVE((1.,0.5,1.,0.5,1.,0.5,1.)) REPRESENTATION_ITEM(
  '') );
#10785 = CARTESIAN_POINT('',(115.11571505359,37.933257045419));
#10786 = CARTESIAN_POINT('',(119.01282937062,37.933257045419));
#10787 = CARTESIAN_POINT('',(117.0642722121,34.558257045419));
#10788 = CARTESIAN_POINT('',(115.11571505359,31.183257045419));
#10789 = CARTESIAN_POINT('',(113.16715789507,34.558257045419));
#10790 = CARTESIAN_POINT('',(111.21860073656,37.933257045419));
#10791 = CARTESIAN_POINT('',(115.11571505359,37.933257045419));
#10792 = ( GEOMETRIC_REPRESENTATION_CONTEXT(2) 
PARAMETRIC_REPRESENTATION_CONTEXT() REPRESENTATION_CONTEXT('2D SPACE',''
  ) );
#10793 = ADVANCED_FACE('',(#10794),#8395,.F.);
#10794 = FACE_BOUND('',#10795,.F.);
#10795 = EDGE_LOOP('',(#10796,#10797,#10820,#10847));
#10796 = ORIENTED_EDGE('',*,*,#8151,.T.);
#10797 = ORIENTED_EDGE('',*,*,#10798,.T.);
#10798 = EDGE_CURVE('',#8152,#10799,#10801,.T.);
#10799 = VERTEX_POINT('',#10800);
#10800 = CARTESIAN_POINT('',(381.00354996615,-61.00220108783,-10.5));
#10801 = SEAM_CURVE('',#10802,(#10806,#10813),.PCURVE_S1.);
#10802 = LINE('',#10803,#10804);
#10803 = CARTESIAN_POINT('',(431.00354996615,-61.00220108783,-10.5));
#10804 = VECTOR('',#10805,1.);
#10805 = DIRECTION('',(-1.,-0.,-0.));
#10806 = PCURVE('',#8395,#10807);
#10807 = DEFINITIONAL_REPRESENTATION('',(#10808),#10812);
#10808 = LINE('',#10809,#10810);
#10809 = CARTESIAN_POINT('',(6.28318530718,0.));
#10810 = VECTOR('',#10811,1.);
#10811 = DIRECTION('',(0.,-1.));
#10812 = ( GEOMETRIC_REPRESENTATION_CONTEXT(2) 
PARAMETRIC_REPRESENTATION_CONTEXT() REPRESENTATION_CONTEXT('2D SPACE',''
  ) );
#10813 = PCURVE('',#8395,#10814);
#10814 = DEFINITIONAL_REPRESENTATION('',(#10815),#10819);
#10815 = LINE('',#10816,#10817);
#10816 = CARTESIAN_POINT('',(0.,0.));
#10817 = VECTOR('',#10818,1.);
#10818 = DIRECTION('',(0.,-1.));
#10819 = ( GEOMETRIC_REPRESENTATION_CONTEXT(2) 
PARAMETRIC_REPRESENTATION_CONTEXT() REPRESENTATION_CONTEXT('2D SPACE',''
  ) );
#10820 = ORIENTED_EDGE('',*,*,#10821,.T.);
#10821 = EDGE_CURVE('',#10799,#10799,#10822,.T.);
#10822 = SURFACE_CURVE('',#10823,(#10828,#10835),.PCURVE_S1.);
#10823 = ELLIPSE('',#10824,1.857066699455,1.85);
#10824 = AXIS2_PLACEMENT_3D('',#10825,#10826,#10827);
#10825 = CARTESIAN_POINT('',(381.00354996615,-62.85926778729,-10.5));
#10826 = DIRECTION('',(1.,0.,0.));
#10827 = DIRECTION('',(0.,1.,0.));
#10828 = PCURVE('',#8395,#10829);
#10829 = DEFINITIONAL_REPRESENTATION('',(#10830),#10834);
#10830 = LINE('',#10831,#10832);
#10831 = CARTESIAN_POINT('',(0.,-50.));
#10832 = VECTOR('',#10833,1.);
#10833 = DIRECTION('',(1.,0.));
#10834 = ( GEOMETRIC_REPRESENTATION_CONTEXT(2) 
PARAMETRIC_REPRESENTATION_CONTEXT() REPRESENTATION_CONTEXT('2D SPACE',''
  ) );
#10835 = PCURVE('',#10836,#10841);
#10836 = PLANE('',#10837);
#10837 = AXIS2_PLACEMENT_3D('',#10838,#10839,#10840);
#10838 = CARTESIAN_POINT('',(381.00354996615,-62.8583823454,-38.));
#10839 = DIRECTION('',(1.,0.,0.));
#10840 = DIRECTION('',(0.,0.,1.));
#10841 = DEFINITIONAL_REPRESENTATION('',(#10842),#10846);
#10842 = ELLIPSE('',#10843,1.857066699455,1.85);
#10843 = AXIS2_PLACEMENT_2D('',#10844,#10845);
#10844 = CARTESIAN_POINT('',(27.5,8.854418871493E-04));
#10845 = DIRECTION('',(0.,-1.));
#10846 = ( GEOMETRIC_REPRESENTATION_CONTEXT(2) 
PARAMETRIC_REPRESENTATION_CONTEXT() REPRESENTATION_CONTEXT('2D SPACE',''
  ) );
#10847 = ORIENTED_EDGE('',*,*,#10798,.F.);
#10848 = ADVANCED_FACE('',(#10849),#8979,.T.);
#10849 = FACE_BOUND('',#10850,.T.);
#10850 = EDGE_LOOP('',(#10851,#10852,#10853,#10854));
#10851 = ORIENTED_EDGE('',*,*,#10470,.F.);
#10852 = ORIENTED_EDGE('',*,*,#9041,.F.);
#10853 = ORIENTED_EDGE('',*,*,#8962,.F.);
#10854 = ORIENTED_EDGE('',*,*,#10496,.F.);
#10855 = ADVANCED_FACE('',(#10856),#9553,.F.);
#10856 = FACE_BOUND('',#10857,.F.);
#10857 = EDGE_LOOP('',(#10858,#10859,#10880,#10881));
#10858 = ORIENTED_EDGE('',*,*,#9642,.T.);
#10859 = ORIENTED_EDGE('',*,*,#10860,.T.);
#10860 = EDGE_CURVE('',#9620,#9493,#10861,.T.);
#10861 = SURFACE_CURVE('',#10862,(#10866,#10873),.PCURVE_S1.);
#10862 = LINE('',#10863,#10864);
#10863 = CARTESIAN_POINT('',(379.59265792839,-66.,-45.14549418873));
#10864 = VECTOR('',#10865,1.);
#10865 = DIRECTION('',(-1.,0.,-2.2E-16));
#10866 = PCURVE('',#9553,#10867);
#10867 = DEFINITIONAL_REPRESENTATION('',(#10868),#10872);
#10868 = LINE('',#10869,#10870);
#10869 = CARTESIAN_POINT('',(2.854844149067,-3.907342071601));
#10870 = VECTOR('',#10871,1.);
#10871 = DIRECTION('',(-2.2E-16,-1.));
#10872 = ( GEOMETRIC_REPRESENTATION_CONTEXT(2) 
PARAMETRIC_REPRESENTATION_CONTEXT() REPRESENTATION_CONTEXT('2D SPACE',''
  ) );
#10873 = PCURVE('',#4775,#10874);
#10874 = DEFINITIONAL_REPRESENTATION('',(#10875),#10879);
#10875 = LINE('',#10876,#10877);
#10876 = CARTESIAN_POINT('',(6.829793076425,-0.932951657798));
#10877 = VECTOR('',#10878,1.);
#10878 = DIRECTION('',(1.,1.485E-30));
#10879 = ( GEOMETRIC_REPRESENTATION_CONTEXT(2) 
PARAMETRIC_REPRESENTATION_CONTEXT() REPRESENTATION_CONTEXT('2D SPACE',''
  ) );
#10880 = ORIENTED_EDGE('',*,*,#9539,.T.);
#10881 = ORIENTED_EDGE('',*,*,#9570,.T.);
#10882 = ADVANCED_FACE('',(#10883,#10891),#9706,.F.);
#10883 = FACE_BOUND('',#10884,.T.);
#10884 = EDGE_LOOP('',(#10885,#10886,#10887,#10888,#10889,#10890));
#10885 = ORIENTED_EDGE('',*,*,#9793,.F.);
#10886 = ORIENTED_EDGE('',*,*,#9690,.F.);
#10887 = ORIENTED_EDGE('',*,*,#9766,.F.);
#10888 = ORIENTED_EDGE('',*,*,#9864,.F.);
#10889 = ORIENTED_EDGE('',*,*,#9940,.F.);
#10890 = ORIENTED_EDGE('',*,*,#9891,.F.);
#10891 = FACE_BOUND('',#10892,.T.);
#10892 = EDGE_LOOP('',(#10893));
#10893 = ORIENTED_EDGE('',*,*,#10707,.F.);
#10894 = ADVANCED_FACE('',(#10895),#10590,.F.);
#10895 = FACE_BOUND('',#10896,.F.);
#10896 = EDGE_LOOP('',(#10897,#10920,#10951,#10952));
#10897 = ORIENTED_EDGE('',*,*,#10898,.T.);
#10898 = EDGE_CURVE('',#10553,#10899,#10901,.T.);
#10899 = VERTEX_POINT('',#10900);
#10900 = CARTESIAN_POINT('',(359.,-57.3,101.93159739263));
#10901 = SEAM_CURVE('',#10902,(#10906,#10913),.PCURVE_S1.);
#10902 = LINE('',#10903,#10904);
#10903 = CARTESIAN_POINT('',(420.,-57.3,101.93159739263));
#10904 = VECTOR('',#10905,1.);
#10905 = DIRECTION('',(-1.,0.,0.));
#10906 = PCURVE('',#10590,#10907);
#10907 = DEFINITIONAL_REPRESENTATION('',(#10908),#10912);
#10908 = LINE('',#10909,#10910);
#10909 = CARTESIAN_POINT('',(3.14159265359,0.));
#10910 = VECTOR('',#10911,1.);
#10911 = DIRECTION('',(0.,-1.));
#10912 = ( GEOMETRIC_REPRESENTATION_CONTEXT(2) 
PARAMETRIC_REPRESENTATION_CONTEXT() REPRESENTATION_CONTEXT('2D SPACE',''
  ) );
#10913 = PCURVE('',#10590,#10914);
#10914 = DEFINITIONAL_REPRESENTATION('',(#10915),#10919);
#10915 = LINE('',#10916,#10917);
#10916 = CARTESIAN_POINT('',(9.424777960769,0.));
#10917 = VECTOR('',#10918,1.);
#10918 = DIRECTION('',(0.,-1.));
#10919 = ( GEOMETRIC_REPRESENTATION_CONTEXT(2) 
PARAMETRIC_REPRESENTATION_CONTEXT() REPRESENTATION_CONTEXT('2D SPACE',''
  ) );
#10920 = ORIENTED_EDGE('',*,*,#10921,.T.);
#10921 = EDGE_CURVE('',#10899,#10899,#10922,.T.);
#10922 = SURFACE_CURVE('',#10923,(#10928,#10935),.PCURVE_S1.);
#10923 = CIRCLE('',#10924,2.3);
#10924 = AXIS2_PLACEMENT_3D('',#10925,#10926,#10927);
#10925 = CARTESIAN_POINT('',(359.,-55.,101.93159739263));
#10926 = DIRECTION('',(1.,0.,0.));
#10927 = DIRECTION('',(0.,1.,0.));
#10928 = PCURVE('',#10590,#10929);
#10929 = DEFINITIONAL_REPRESENTATION('',(#10930),#10934);
#10930 = LINE('',#10931,#10932);
#10931 = CARTESIAN_POINT('',(0.,-61.));
#10932 = VECTOR('',#10933,1.);
#10933 = DIRECTION('',(1.,0.));
#10934 = ( GEOMETRIC_REPRESENTATION_CONTEXT(2) 
PARAMETRIC_REPRESENTATION_CONTEXT() REPRESENTATION_CONTEXT('2D SPACE',''
  ) );
#10935 = PCURVE('',#10936,#10941);
#10936 = PLANE('',#10937);
#10937 = AXIS2_PLACEMENT_3D('',#10938,#10939,#10940);
#10938 = CARTESIAN_POINT('',(359.,-55.,101.93159739263));
#10939 = DIRECTION('',(-1.,0.,0.));
#10940 = DIRECTION('',(0.,1.,0.));
#10941 = DEFINITIONAL_REPRESENTATION('',(#10942),#10950);
#10942 = ( BOUNDED_CURVE() B_SPLINE_CURVE(2,(#10943,#10944,#10945,#10946
    ,#10947,#10948,#10949),.UNSPECIFIED.,.T.,.F.) 
B_SPLINE_CURVE_WITH_KNOTS((1,2,2,2,2,1),(-2.094395102393,0.,
    2.094395102393,4.188790204786,6.28318530718,8.377580409573),
.UNSPECIFIED.) CURVE() GEOMETRIC_REPRESENTATION_ITEM() 
RATIONAL_B_SPLINE_CURVE((1.,0.5,1.,0.5,1.,0.5,1.)) REPRESENTATION_ITEM(
  '') );
#10943 = CARTESIAN_POINT('',(2.3,0.));
#10944 = CARTESIAN_POINT('',(2.3,-3.983716857408));
#10945 = CARTESIAN_POINT('',(-1.15,-1.991858428704));
#10946 = CARTESIAN_POINT('',(-4.6,-5.633375276078E-16));
#10947 = CARTESIAN_POINT('',(-1.15,1.991858428704));
#10948 = CARTESIAN_POINT('',(2.3,3.983716857408));
#10949 = CARTESIAN_POINT('',(2.3,0.));
#10950 = ( GEOMETRIC_REPRESENTATION_CONTEXT(2) 
PARAMETRIC_REPRESENTATION_CONTEXT() REPRESENTATION_CONTEXT('2D SPACE',''
  ) );
#10951 = ORIENTED_EDGE('',*,*,#10898,.F.);
#10952 = ORIENTED_EDGE('',*,*,#10575,.F.);
#10953 = ADVANCED_FACE('',(#10954),#10649,.T.);
#10954 = FACE_BOUND('',#10955,.T.);
#10955 = EDGE_LOOP('',(#10956));
#10956 = ORIENTED_EDGE('',*,*,#10634,.F.);
#10957 = ADVANCED_FACE('',(#10958),#10778,.F.);
#10958 = FACE_BOUND('',#10959,.T.);
#10959 = EDGE_LOOP('',(#10960));
#10960 = ORIENTED_EDGE('',*,*,#10763,.T.);
#10961 = ADVANCED_FACE('',(#10962),#10836,.T.);
#10962 = FACE_BOUND('',#10963,.T.);
#10963 = EDGE_LOOP('',(#10964));
#10964 = ORIENTED_EDGE('',*,*,#10821,.T.);
#10965 = ADVANCED_FACE('',(#10966),#10936,.F.);
#10966 = FACE_BOUND('',#10967,.T.);
#10967 = EDGE_LOOP('',(#10968));
#10968 = ORIENTED_EDGE('',*,*,#10921,.T.);
#10969 = ADVANCED_FACE('',(#10970),#5050,.T.);
#10970 = FACE_BOUND('',#10971,.T.);
#10971 = EDGE_LOOP('',(#10972,#10973,#10974,#10975));
#10972 = ORIENTED_EDGE('',*,*,#5034,.F.);
#10973 = ORIENTED_EDGE('',*,*,#9313,.F.);
#10974 = ORIENTED_EDGE('',*,*,#7564,.F.);
#10975 = ORIENTED_EDGE('',*,*,#9338,.F.);
#10976 = ADVANCED_FACE('',(#10977),#4775,.T.);
#10977 = FACE_BOUND('',#10978,.T.);
#10978 = EDGE_LOOP('',(#10979,#10980,#10981,#10982,#10983,#10984,#10985,
    #10986));
#10979 = ORIENTED_EDGE('',*,*,#4871,.F.);
#10980 = ORIENTED_EDGE('',*,*,#9468,.T.);
#10981 = ORIENTED_EDGE('',*,*,#7426,.F.);
#10982 = ORIENTED_EDGE('',*,*,#8128,.T.);
#10983 = ORIENTED_EDGE('',*,*,#4759,.F.);
#10984 = ORIENTED_EDGE('',*,*,#9619,.T.);
#10985 = ORIENTED_EDGE('',*,*,#10860,.T.);
#10986 = ORIENTED_EDGE('',*,*,#9492,.T.);
#10987 = ( GEOMETRIC_REPRESENTATION_CONTEXT(3) 
GLOBAL_UNCERTAINTY_ASSIGNED_CONTEXT((#10991)) 
GLOBAL_UNIT_ASSIGNED_CONTEXT((#10988,#10989,#10990)) 
REPRESENTATION_CONTEXT('Context #1',
  '3D Context with UNIT and UNCERTAINTY') );
#10988 = ( LENGTH_UNIT() NAMED_UNIT(*) SI_UNIT(.MILLI.,.METRE.) );
#10989 = ( NAMED_UNIT(*) PLANE_ANGLE_UNIT() SI_UNIT($,.RADIAN.) );
#10990 = ( NAMED_UNIT(*) SI_UNIT($,.STERADIAN.) SOLID_ANGLE_UNIT() );
#10991 = UNCERTAINTY_MEASURE_WITH_UNIT(LENGTH_MEASURE(5.E-04),#10988,
  'distance_accuracy_value','confusion accuracy');
#10992 = PRODUCT_RELATED_PRODUCT_CATEGORY('part',$,(#7));
#10993 = MECHANICAL_DESIGN_GEOMETRIC_PRESENTATION_REPRESENTATION('',(
    #10994),#10987);
#10994 = STYLED_ITEM('color',(#10995),#15);
#10995 = PRESENTATION_STYLE_ASSIGNMENT((#10996,#11002));
#10996 = SURFACE_STYLE_USAGE(.BOTH.,#10997);
#10997 = SURFACE_SIDE_STYLE('',(#10998));
#10998 = SURFACE_STYLE_FILL_AREA(#10999);
#10999 = FILL_AREA_STYLE('',(#11000));
#11000 = FILL_AREA_STYLE_COLOUR('',#11001);
#11001 = COLOUR_RGB('',0.447058818107,0.474509808674,0.501960817233);
#11002 = CURVE_STYLE('',#11003,POSITIVE_LENGTH_MEASURE(0.1),#11004);
#11003 = DRAUGHTING_PRE_DEFINED_CURVE_FONT('continuous');
#11004 = COLOUR_RGB('',9.803921802644E-02,9.803921802644E-02,
  9.803921802644E-02);
ENDSEC;
END-ISO-10303-21;
