ISO-10303-21;
HEADER;
/* Generated by software containing ST-Developer
 * from STEP Tools, Inc. (www.steptools.com) 
 */

FILE_DESCRIPTION(
/* description */ (''),
/* implementation_level */ '2;1');

FILE_NAME(
/* name */ 'LeftPlate_NoText.step',
/* time_stamp */ '2026-09-13T20:00:51+01:00',
/* author */ (''),
/* organization */ (''),
/* preprocessor_version */ 'ST-DEVELOPER v20.2',
/* originating_system */ 'Autodesk Translation Framework v15.15.0.0',
/* authorisation */ '');

FILE_SCHEMA (('AUTOMOTIVE_DESIGN { 1 0 10303 214 3 1 1 }'));
ENDSEC;

DATA;
#10=MECHANICAL_DESIGN_GEOMETRIC_PRESENTATION_REPRESENTATION('',(#13),#6243);
#11=SHAPE_REPRESENTATION_RELATIONSHIP('SRR','None',#6250,#12);
#12=ADVANCED_BREP_SHAPE_REPRESENTATION('',(#14),#6242);
#13=STYLED_ITEM('',(#6260),#14);
#14=MANIFOLD_SOLID_BREP('LEFT PLATE',#2400);
#15=CONICAL_SURFACE('',#2512,43.9,0.785398163397449);
#16=CONICAL_SURFACE('',#2517,43.9,0.785398163397449);
#17=CONICAL_SURFACE('',#2555,540.,0.114876605416899);
#18=CONICAL_SURFACE('',#2557,998.04416693255,0.916517679098439);
#19=TOROIDAL_SURFACE('',#2455,957.5,42.5);
#20=(
BOUNDED_SURFACE()
B_SPLINE_SURFACE(2,2,((#3295,#3296,#3297),(#3298,#3299,#3300),(#3301,#3302,
#3303)),.UNSPECIFIED.,.F.,.F.,.F.)
B_SPLINE_SURFACE_WITH_KNOTS((3,3),(3,3),(0.,0.1148766054169),(-1.32990353040758E-21,
0.270946850338421),.UNSPECIFIED.)
GEOMETRIC_REPRESENTATION_ITEM()
RATIONAL_B_SPLINE_SURFACE(((1.,0.990837501720121,1.),(0.998350874159738,
0.989203485992533,0.998350874159738),(1.,0.990837501720121,1.)))
REPRESENTATION_ITEM('')
SURFACE()
);
#21=(
BOUNDED_SURFACE()
B_SPLINE_SURFACE(2,2,((#5941,#5942,#5943,#5944,#5945),(#5946,#5947,#5948,
#5949,#5950),(#5951,#5952,#5953,#5954,#5955)),.UNSPECIFIED.,.F.,.F.,.F.)
B_SPLINE_SURFACE_WITH_KNOTS((3,3),(3,2,3),(0.,1.5707963267949),(-1.5707963267949,
-0.698131700797731,0.174532925199434),.UNSPECIFIED.)
GEOMETRIC_REPRESENTATION_ITEM()
RATIONAL_B_SPLINE_SURFACE(((1.,0.90630778703665,1.,0.90630778703665,1.),
(0.707106781186544,0.640856382055785,0.707106781186544,0.640856382055785,
0.707106781186544),(1.,0.90630778703665,1.,0.90630778703665,1.)))
REPRESENTATION_ITEM('')
SURFACE()
);
#22=(
BOUNDED_SURFACE()
B_SPLINE_SURFACE(3,2,((#6115,#6116,#6117),(#6118,#6119,#6120),(#6121,#6122,
#6123),(#6124,#6125,#6126),(#6127,#6128,#6129),(#6130,#6131,#6132),(#6133,
#6134,#6135),(#6136,#6137,#6138)),.UNSPECIFIED.,.F.,.F.,.F.)
B_SPLINE_SURFACE_WITH_KNOTS((4,2,2,4),(3,3),(0.,0.878950065120587,1.47004133333763,
2.06113260155467),(0.,0.523598775598299),.UNSPECIFIED.)
GEOMETRIC_REPRESENTATION_ITEM()
RATIONAL_B_SPLINE_SURFACE(((1.,0.965925826289068,1.),(1.,0.965925826289068,
1.),(1.,0.965925826289068,1.),(1.,0.965925826289068,1.),(1.,0.965925826289068,
1.),(1.,0.965925826289068,1.),(1.,0.965925826289068,1.),(1.,0.965925826289068,
1.)))
REPRESENTATION_ITEM('')
SURFACE()
);
#23=(
BOUNDED_SURFACE()
B_SPLINE_SURFACE(3,2,((#6195,#6196,#6197),(#6198,#6199,#6200),(#6201,#6202,
#6203),(#6204,#6205,#6206)),.UNSPECIFIED.,.F.,.F.,.F.)
B_SPLINE_SURFACE_WITH_KNOTS((4,4),(3,3),(0.,0.512555895050165),(0.,0.523598775598299),
 .UNSPECIFIED.)
GEOMETRIC_REPRESENTATION_ITEM()
RATIONAL_B_SPLINE_SURFACE(((1.,0.965925826289068,1.),(1.,0.965925826289068,
1.),(1.,0.965925826289068,1.),(1.,0.965925826289068,1.)))
REPRESENTATION_ITEM('')
SURFACE()
);
#24=(
BOUNDED_SURFACE()
B_SPLINE_SURFACE(3,2,((#6215,#6216,#6217),(#6218,#6219,#6220),(#6221,#6222,
#6223),(#6224,#6225,#6226)),.UNSPECIFIED.,.F.,.F.,.F.)
B_SPLINE_SURFACE_WITH_KNOTS((4,4),(3,3),(2.58878113495551,3.22237943057114),
(0.,0.523598775598299),.UNSPECIFIED.)
GEOMETRIC_REPRESENTATION_ITEM()
RATIONAL_B_SPLINE_SURFACE(((1.,0.965925826289068,1.),(1.,0.965925826289068,
1.),(1.,0.965925826289068,1.),(1.,0.965925826289068,1.)))
REPRESENTATION_ITEM('')
SURFACE()
);
#25=(
BOUNDED_CURVE()
B_SPLINE_CURVE(2,(#3280,#3281,#3282),.UNSPECIFIED.,.F.,.F.)
B_SPLINE_CURVE_WITH_KNOTS((3,3),(0.000346415489130016,0.806634731900521),
 .UNSPECIFIED.)
CURVE()
GEOMETRIC_REPRESENTATION_ITEM()
RATIONAL_B_SPLINE_CURVE((1.00000000061668,1.0000007181215,1.00000067529101))
REPRESENTATION_ITEM('')
);
#26=(
BOUNDED_CURVE()
B_SPLINE_CURVE(2,(#4711,#4712,#4713),.UNSPECIFIED.,.F.,.F.)
B_SPLINE_CURVE_WITH_KNOTS((3,3),(3.94663415292104,4.53325957166941),
 .UNSPECIFIED.)
CURVE()
GEOMETRIC_REPRESENTATION_ITEM()
RATIONAL_B_SPLINE_CURVE((1.10904158035697,1.1043810072862,1.09592581490656))
REPRESENTATION_ITEM('')
);
#27=(
BOUNDED_CURVE()
B_SPLINE_CURVE(2,(#4778,#4779,#4780),.UNSPECIFIED.,.F.,.F.)
B_SPLINE_CURVE_WITH_KNOTS((3,3),(1.93313217180905,2.51229694029392),
 .UNSPECIFIED.)
CURVE()
GEOMETRIC_REPRESENTATION_ITEM()
RATIONAL_B_SPLINE_CURVE((1.0950308844605,1.1031433558903,1.10758686714332))
REPRESENTATION_ITEM('')
);
#28=(
BOUNDED_CURVE()
B_SPLINE_CURVE(2,(#5041,#5042,#5043),.UNSPECIFIED.,.F.,.F.)
B_SPLINE_CURVE_WITH_KNOTS((3,3),(0.260480273659038,0.812144170004829),
 .UNSPECIFIED.)
CURVE()
GEOMETRIC_REPRESENTATION_ITEM()
RATIONAL_B_SPLINE_CURVE((1.00004549930958,1.00009037955665,1.00012127925835))
REPRESENTATION_ITEM('')
);
#29=(
BOUNDED_CURVE()
B_SPLINE_CURVE(2,(#5207,#5208,#5209),.UNSPECIFIED.,.F.,.F.)
B_SPLINE_CURVE_WITH_KNOTS((3,3),(0.715546626294863,1.31711678566674),
 .UNSPECIFIED.)
CURVE()
GEOMETRIC_REPRESENTATION_ITEM()
RATIONAL_B_SPLINE_CURVE((1.0000004907709,1.00000045183162,1.00000000054175))
REPRESENTATION_ITEM('')
);
#30=B_SPLINE_SURFACE_WITH_KNOTS('',3,3,((#3250,#3251,#3252,#3253,#3254),
(#3255,#3256,#3257,#3258,#3259),(#3260,#3261,#3262,#3263,#3264),(#3265,
#3266,#3267,#3268,#3269)),.UNSPECIFIED.,.F.,.F.,.F.,(4,4),(4,1,4),(0.,1.),
(6.09403240333311,6.55725725018536,6.90467588532455),.UNSPECIFIED.);
#31=B_SPLINE_SURFACE_WITH_KNOTS('',3,3,((#3367,#3368,#3369,#3370),(#3371,
#3372,#3373,#3374),(#3375,#3376,#3377,#3378),(#3379,#3380,#3381,#3382),
(#3383,#3384,#3385,#3386),(#3387,#3388,#3389,#3390),(#3391,#3392,#3393,
#3394)),.UNSPECIFIED.,.F.,.F.,.F.,(4,1,1,1,4),(4,4),(0.,0.142857142857143,
0.428571428571429,0.714285714285715,1.),(-1.39823681510356,-1.29984947645648),
 .UNSPECIFIED.);
#32=B_SPLINE_SURFACE_WITH_KNOTS('',3,3,((#3441,#3442,#3443,#3444,#3445,
#3446,#3447,#3448,#3449,#3450,#3451,#3452,#3453,#3454,#3455,#3456,#3457,
#3458,#3459,#3460,#3461,#3462,#3463,#3464,#3465,#3466,#3467,#3468,#3469,
#3470,#3471),(#3472,#3473,#3474,#3475,#3476,#3477,#3478,#3479,#3480,#3481,
#3482,#3483,#3484,#3485,#3486,#3487,#3488,#3489,#3490,#3491,#3492,#3493,
#3494,#3495,#3496,#3497,#3498,#3499,#3500,#3501,#3502),(#3503,#3504,#3505,
#3506,#3507,#3508,#3509,#3510,#3511,#3512,#3513,#3514,#3515,#3516,#3517,
#3518,#3519,#3520,#3521,#3522,#3523,#3524,#3525,#3526,#3527,#3528,#3529,
#3530,#3531,#3532,#3533),(#3534,#3535,#3536,#3537,#3538,#3539,#3540,#3541,
#3542,#3543,#3544,#3545,#3546,#3547,#3548,#3549,#3550,#3551,#3552,#3553,
#3554,#3555,#3556,#3557,#3558,#3559,#3560,#3561,#3562,#3563,#3564)),
 .UNSPECIFIED.,.F.,.T.,.F.,(4,4),(4,2,1,1,1,1,1,2,1,2,1,1,1,1,1,1,1,1,1,
1,1,1,1,2,4),(0.,1.),(0.,0.175525035674772,0.317754201539004,0.459983367403236,
0.7444416991317,0.886670864995932,1.02890003086016,1.31335836258863,1.49348854297545,
1.67361872336226,1.86107776999444,1.95480729331054,2.04853681662663,2.23599586325881,
2.42345490989099,2.51718443320708,2.61091395652317,2.70464347983926,2.75150824149731,
2.77494062232633,2.79837300315536,2.89210252647145,2.98583204978754,3.17329109641972,
3.36062253956479),.UNSPECIFIED.);
#33=B_SPLINE_SURFACE_WITH_KNOTS('',3,3,((#3673,#3674,#3675,#3676,#3677,
#3678,#3679,#3680,#3681,#3682,#3683,#3684,#3685,#3686,#3687,#3688,#3689,
#3690,#3691),(#3692,#3693,#3694,#3695,#3696,#3697,#3698,#3699,#3700,#3701,
#3702,#3703,#3704,#3705,#3706,#3707,#3708,#3709,#3710),(#3711,#3712,#3713,
#3714,#3715,#3716,#3717,#3718,#3719,#3720,#3721,#3722,#3723,#3724,#3725,
#3726,#3727,#3728,#3729),(#3730,#3731,#3732,#3733,#3734,#3735,#3736,#3737,
#3738,#3739,#3740,#3741,#3742,#3743,#3744,#3745,#3746,#3747,#3748)),
 .UNSPECIFIED.,.F.,.F.,.F.,(4,4),(4,2,1,1,1,2,2,2,2,2,4),(0.,1.),(-1.39490493907098,
-1.24639706160039,-0.93479779620029,-0.623198530800193,-0.311599265400097,
0.,0.092793094648473,0.484548186603437,0.588374335918973,0.710489868577779,
1.00010027054515),.UNSPECIFIED.);
#34=B_SPLINE_SURFACE_WITH_KNOTS('',3,3,((#3988,#3989,#3990,#3991,#3992),
(#3993,#3994,#3995,#3996,#3997),(#3998,#3999,#4000,#4001,#4002),(#4003,
#4004,#4005,#4006,#4007)),.UNSPECIFIED.,.F.,.F.,.F.,(4,4),(4,1,4),(0.,1.),
(-3.48057932517039,-2.94934562552317,-2.55092035078775),.UNSPECIFIED.);
#35=B_SPLINE_SURFACE_WITH_KNOTS('',3,3,((#4062,#4063,#4064,#4065,#4066,
#4067),(#4068,#4069,#4070,#4071,#4072,#4073),(#4074,#4075,#4076,#4077,#4078,
#4079),(#4080,#4081,#4082,#4083,#4084,#4085)),.UNSPECIFIED.,.F.,.F.,.F.,
(4,4),(4,1,1,4),(0.,1.),(-0.886357239613052,-0.6356816826992,-0.510343904242273,
-0.00899279041456846),.UNSPECIFIED.);
#36=B_SPLINE_SURFACE_WITH_KNOTS('',3,1,((#4094,#4095),(#4096,#4097),(#4098,
#4099),(#4100,#4101),(#4102,#4103),(#4104,#4105),(#4106,#4107),(#4108,#4109)),
 .UNSPECIFIED.,.F.,.F.,.F.,(4,2,2,4),(2,2),(0.,0.878950065120587,1.47004133333763,
2.06113260155467),(-0.733243528822161,9.81),.UNSPECIFIED.);
#37=B_SPLINE_SURFACE_WITH_KNOTS('',3,3,((#4219,#4220,#4221,#4222),(#4223,
#4224,#4225,#4226),(#4227,#4228,#4229,#4230),(#4231,#4232,#4233,#4234),
(#4235,#4236,#4237,#4238),(#4239,#4240,#4241,#4242),(#4243,#4244,#4245,
#4246)),.UNSPECIFIED.,.F.,.F.,.F.,(4,1,1,1,4),(4,4),(0.,0.127624670052955,
0.382874010158865,0.638123350264775,0.893372690370685),(1.53925093211344,
1.58089134404806),.UNSPECIFIED.);
#38=B_SPLINE_SURFACE_WITH_KNOTS('',3,3,((#4301,#4302,#4303,#4304),(#4305,
#4306,#4307,#4308),(#4309,#4310,#4311,#4312),(#4313,#4314,#4315,#4316),
(#4317,#4318,#4319,#4320),(#4321,#4322,#4323,#4324),(#4325,#4326,#4327,
#4328)),.UNSPECIFIED.,.F.,.F.,.F.,(4,1,1,1,4),(4,4),(-1.46475713502792E-16,
0.142857142857143,0.428571428571431,0.714285714285718,1.),(1.30958937015968,
1.53925093211344),.UNSPECIFIED.);
#39=B_SPLINE_SURFACE_WITH_KNOTS('',3,3,((#4380,#4381,#4382,#4383,#4384,
#4385,#4386,#4387,#4388,#4389,#4390,#4391,#4392,#4393,#4394,#4395,#4396,
#4397,#4398,#4399,#4400,#4401,#4402,#4403,#4404,#4405,#4406,#4407,#4408),
(#4409,#4410,#4411,#4412,#4413,#4414,#4415,#4416,#4417,#4418,#4419,#4420,
#4421,#4422,#4423,#4424,#4425,#4426,#4427,#4428,#4429,#4430,#4431,#4432,
#4433,#4434,#4435,#4436,#4437),(#4438,#4439,#4440,#4441,#4442,#4443,#4444,
#4445,#4446,#4447,#4448,#4449,#4450,#4451,#4452,#4453,#4454,#4455,#4456,
#4457,#4458,#4459,#4460,#4461,#4462,#4463,#4464,#4465,#4466),(#4467,#4468,
#4469,#4470,#4471,#4472,#4473,#4474,#4475,#4476,#4477,#4478,#4479,#4480,
#4481,#4482,#4483,#4484,#4485,#4486,#4487,#4488,#4489,#4490,#4491,#4492,
#4493,#4494,#4495)),.UNSPECIFIED.,.F.,.T.,.F.,(4,4),(4,2,2,1,1,1,2,2,2,
2,2,2,1,1,1,1,1,1,4),(0.,1.),(-3.67096563625614,-3.48796987000422,-3.33483055686902,
-3.20079449947386,-3.0667584420787,-2.79868632728837,-2.26254209770772,
-2.07226039035216,-1.93475751364413,-1.86265450997528,-1.80432486458324,
-1.73704719276532,-1.57419901844358,-1.51991629366966,-1.30278539457399,
-0.868523596382662,-0.434261798191331,-0.217130899095666,0.),
 .UNSPECIFIED.);
#40=B_SPLINE_SURFACE_WITH_KNOTS('',3,3,((#4809,#4810,#4811,#4812,#4813,
#4814,#4815,#4816),(#4817,#4818,#4819,#4820,#4821,#4822,#4823,#4824),(#4825,
#4826,#4827,#4828,#4829,#4830,#4831,#4832),(#4833,#4834,#4835,#4836,#4837,
#4838,#4839,#4840)),.UNSPECIFIED.,.F.,.F.,.F.,(4,4),(4,1,1,1,1,4),(0.,1.),
(2.22649547629784,2.51105506979398,2.65333486654205,2.79561466329012,2.93789446003819,
3.22245405353433),.UNSPECIFIED.);
#41=B_SPLINE_SURFACE_WITH_KNOTS('',3,3,((#4853,#4854,#4855,#4856,#4857,
#4858,#4859,#4860,#4861,#4862,#4863,#4864,#4865,#4866,#4867,#4868,#4869,
#4870,#4871,#4872,#4873,#4874),(#4875,#4876,#4877,#4878,#4879,#4880,#4881,
#4882,#4883,#4884,#4885,#4886,#4887,#4888,#4889,#4890,#4891,#4892,#4893,
#4894,#4895,#4896),(#4897,#4898,#4899,#4900,#4901,#4902,#4903,#4904,#4905,
#4906,#4907,#4908,#4909,#4910,#4911,#4912,#4913,#4914,#4915,#4916,#4917,
#4918),(#4919,#4920,#4921,#4922,#4923,#4924,#4925,#4926,#4927,#4928,#4929,
#4930,#4931,#4932,#4933,#4934,#4935,#4936,#4937,#4938,#4939,#4940)),
 .UNSPECIFIED.,.F.,.F.,.F.,(4,4),(4,1,2,1,1,1,1,1,1,1,1,1,1,1,2,2,4),(0.,
1.),(-3.03813903682496,-2.88694663652337,-2.73575423622179,-2.5993698084423,
-2.46298538066281,-2.32660095288332,-2.22431263204871,-2.19021652510383,
-1.91744766954485,-1.64467881398588,-1.3719099584269,-1.09914110286792,
-0.962756675088432,-0.826372247308943,-0.553603391749965,-0.387944896160976,
-0.0719290922574796),.UNSPECIFIED.);
#42=B_SPLINE_SURFACE_WITH_KNOTS('',3,3,((#4972,#4973,#4974,#4975),(#4976,
#4977,#4978,#4979),(#4980,#4981,#4982,#4983),(#4984,#4985,#4986,#4987)),
 .UNSPECIFIED.,.F.,.F.,.F.,(4,4),(4,4),(0.,1.),(-3.16421069658988,-3.03813903682495),
 .UNSPECIFIED.);
#43=B_SPLINE_SURFACE_WITH_KNOTS('',3,3,((#4992,#4993,#4994,#4995),(#4996,
#4997,#4998,#4999),(#5000,#5001,#5002,#5003),(#5004,#5005,#5006,#5007)),
 .UNSPECIFIED.,.F.,.F.,.F.,(4,4),(4,4),(0.,1.),(-0.0719290922574789,-6.81823049173998E-15),
 .UNSPECIFIED.);
#44=B_SPLINE_SURFACE_WITH_KNOTS('',3,3,((#5049,#5050,#5051,#5052,#5053,
#5054,#5055,#5056,#5057,#5058,#5059,#5060,#5061,#5062,#5063,#5064,#5065,
#5066,#5067,#5068,#5069,#5070,#5071,#5072,#5073,#5074,#5075,#5076,#5077),
(#5078,#5079,#5080,#5081,#5082,#5083,#5084,#5085,#5086,#5087,#5088,#5089,
#5090,#5091,#5092,#5093,#5094,#5095,#5096,#5097,#5098,#5099,#5100,#5101,
#5102,#5103,#5104,#5105,#5106),(#5107,#5108,#5109,#5110,#5111,#5112,#5113,
#5114,#5115,#5116,#5117,#5118,#5119,#5120,#5121,#5122,#5123,#5124,#5125,
#5126,#5127,#5128,#5129,#5130,#5131,#5132,#5133,#5134,#5135),(#5136,#5137,
#5138,#5139,#5140,#5141,#5142,#5143,#5144,#5145,#5146,#5147,#5148,#5149,
#5150,#5151,#5152,#5153,#5154,#5155,#5156,#5157,#5158,#5159,#5160,#5161,
#5162,#5163,#5164)),.UNSPECIFIED.,.F.,.T.,.F.,(4,4),(4,1,2,1,2,2,1,1,1,
2,2,2,2,2,2,1,1,4),(0.,1.),(-3.42551610128184,-3.29255036327649,-2.89365314926045,
-2.7767791458502,-2.65990514243995,-2.59413254972976,-2.46841444438668,
-2.3426963390436,-2.09126012835745,-1.58838770698514,-1.40764704991887,
-1.26314013590405,-1.11078622085641,-0.928154865212741,-0.849568863542085,
-0.584078593685184,-0.424784431771043,0.),.UNSPECIFIED.);
#45=B_SPLINE_SURFACE_WITH_KNOTS('',3,3,((#5241,#5242,#5243,#5244,#5245,
#5246,#5247,#5248),(#5249,#5250,#5251,#5252,#5253,#5254,#5255,#5256),(#5257,
#5258,#5259,#5260,#5261,#5262,#5263,#5264),(#5265,#5266,#5267,#5268,#5269,
#5270,#5271,#5272)),.UNSPECIFIED.,.F.,.F.,.F.,(4,4),(4,1,1,1,1,4),(0.,1.),
(-7.02888309825378,-6.50189866810741,-5.71142202288785,-5.44792980781466,
-4.39396094752191,-3.33999208722916),.UNSPECIFIED.);
#46=B_SPLINE_SURFACE_WITH_KNOTS('',3,3,((#5285,#5286,#5287,#5288),(#5289,
#5290,#5291,#5292),(#5293,#5294,#5295,#5296),(#5297,#5298,#5299,#5300)),
 .UNSPECIFIED.,.F.,.F.,.F.,(4,4),(4,4),(0.,1.),(19.6515152280077,19.6593770297202),
 .UNSPECIFIED.);
#47=B_SPLINE_SURFACE_WITH_KNOTS('',3,3,((#5305,#5306,#5307,#5308,#5309,
#5310,#5311,#5312,#5313),(#5314,#5315,#5316,#5317,#5318,#5319,#5320,#5321,
#5322),(#5323,#5324,#5325,#5326,#5327,#5328,#5329,#5330,#5331),(#5332,#5333,
#5334,#5335,#5336,#5337,#5338,#5339,#5340)),.UNSPECIFIED.,.F.,.F.,.F.,(4,
4),(4,1,1,1,1,1,4),(0.,1.),(22.3998388637664,22.9177831314227,23.1767552652508,
23.4357273990789,23.6946995329071,23.9536716667352,24.2126438005633),
 .UNSPECIFIED.);
#48=B_SPLINE_SURFACE_WITH_KNOTS('',3,3,((#5373,#5374,#5375,#5376,#5377,
#5378,#5379,#5380,#5381,#5382,#5383,#5384,#5385,#5386,#5387,#5388,#5389,
#5390,#5391),(#5392,#5393,#5394,#5395,#5396,#5397,#5398,#5399,#5400,#5401,
#5402,#5403,#5404,#5405,#5406,#5407,#5408,#5409,#5410),(#5411,#5412,#5413,
#5414,#5415,#5416,#5417,#5418,#5419,#5420,#5421,#5422,#5423,#5424,#5425,
#5426,#5427,#5428,#5429),(#5430,#5431,#5432,#5433,#5434,#5435,#5436,#5437,
#5438,#5439,#5440,#5441,#5442,#5443,#5444,#5445,#5446,#5447,#5448)),
 .UNSPECIFIED.,.F.,.F.,.F.,(4,4),(4,1,1,1,1,1,1,1,1,1,1,1,1,1,1,1,4),(0.,
1.),(-24.2199252654158,-23.8418979222891,-23.4638705791624,-23.0858432360358,
-22.7078158929091,-22.3297885497824,-22.1407748782191,-21.9517612066557,
-21.1957065204024,-20.8176791772757,-20.6286655057124,-20.439651834149,
-20.3451449983674,-20.2506381625857,-20.0616244910224,-19.6835971478957,
-18.9275424616423),.UNSPECIFIED.);
#49=B_SPLINE_SURFACE_WITH_KNOTS('',3,3,((#5475,#5476,#5477,#5478),(#5479,
#5480,#5481,#5482),(#5483,#5484,#5485,#5486),(#5487,#5488,#5489,#5490)),
 .UNSPECIFIED.,.F.,.F.,.F.,(4,4),(4,4),(0.,1.),(-3.33999208722916,-3.24894510088777),
 .UNSPECIFIED.);
#50=B_SPLINE_SURFACE_WITH_KNOTS('',3,3,((#5501,#5502,#5503,#5504),(#5505,
#5506,#5507,#5508),(#5509,#5510,#5511,#5512),(#5513,#5514,#5515,#5516)),
 .UNSPECIFIED.,.F.,.F.,.F.,(4,4),(4,4),(0.,1.),(-18.9275424616423,-18.925457870597),
 .UNSPECIFIED.);
#51=B_SPLINE_SURFACE_WITH_KNOTS('',3,3,((#5569,#5570,#5571,#5572,#5573,
#5574),(#5575,#5576,#5577,#5578,#5579,#5580),(#5581,#5582,#5583,#5584,#5585,
#5586),(#5587,#5588,#5589,#5590,#5591,#5592)),.UNSPECIFIED.,.F.,.F.,.F.,
(4,4),(4,1,1,4),(0.,1.),(-0.581653657480382,-0.100837245160019,0.219707029720223,
0.540251304600465),.UNSPECIFIED.);
#52=B_SPLINE_SURFACE_WITH_KNOTS('',3,3,((#5607,#5608,#5609,#5610),(#5611,
#5612,#5613,#5614),(#5615,#5616,#5617,#5618),(#5619,#5620,#5621,#5622)),
 .UNSPECIFIED.,.F.,.F.,.F.,(4,4),(4,4),(0.,1.),(1.33573707650214E-16,0.114857514231347),
 .UNSPECIFIED.);
#53=B_SPLINE_SURFACE_WITH_KNOTS('',3,3,((#5627,#5628,#5629,#5630),(#5631,
#5632,#5633,#5634),(#5635,#5636,#5637,#5638),(#5639,#5640,#5641,#5642)),
 .UNSPECIFIED.,.F.,.F.,.F.,(4,4),(4,4),(0.,1.),(0.540251304600464,0.542606942705359),
 .UNSPECIFIED.);
#54=B_SPLINE_SURFACE_WITH_KNOTS('',3,3,((#5647,#5648,#5649,#5650),(#5651,
#5652,#5653,#5654),(#5655,#5656,#5657,#5658),(#5659,#5660,#5661,#5662)),
 .UNSPECIFIED.,.F.,.F.,.F.,(4,4),(4,4),(0.,1.),(6.09324025946756,6.09403240333311),
 .UNSPECIFIED.);
#55=B_SPLINE_SURFACE_WITH_KNOTS('',3,3,((#5668,#5669,#5670,#5671,#5672,
#5673,#5674,#5675,#5676,#5677,#5678,#5679,#5680,#5681,#5682,#5683,#5684,
#5685,#5686,#5687,#5688,#5689,#5690,#5691,#5692,#5693,#5694,#5695,#5696,
#5697,#5698,#5699,#5700,#5701,#5702,#5703,#5704),(#5705,#5706,#5707,#5708,
#5709,#5710,#5711,#5712,#5713,#5714,#5715,#5716,#5717,#5718,#5719,#5720,
#5721,#5722,#5723,#5724,#5725,#5726,#5727,#5728,#5729,#5730,#5731,#5732,
#5733,#5734,#5735,#5736,#5737,#5738,#5739,#5740,#5741),(#5742,#5743,#5744,
#5745,#5746,#5747,#5748,#5749,#5750,#5751,#5752,#5753,#5754,#5755,#5756,
#5757,#5758,#5759,#5760,#5761,#5762,#5763,#5764,#5765,#5766,#5767,#5768,
#5769,#5770,#5771,#5772,#5773,#5774,#5775,#5776,#5777,#5778),(#5779,#5780,
#5781,#5782,#5783,#5784,#5785,#5786,#5787,#5788,#5789,#5790,#5791,#5792,
#5793,#5794,#5795,#5796,#5797,#5798,#5799,#5800,#5801,#5802,#5803,#5804,
#5805,#5806,#5807,#5808,#5809,#5810,#5811,#5812,#5813,#5814,#5815)),
 .UNSPECIFIED.,.F.,.T.,.F.,(4,4),(4,2,2,1,1,1,1,1,1,1,1,1,1,1,1,1,1,2,1,
1,1,1,1,1,1,1,1,2,2,4),(0.,1.),(0.,0.0673409845055696,0.134681969011139,
0.265381720667707,0.396081472324274,0.526781223980842,0.65748097563741,
0.918880478950545,1.04958023060711,1.18027998226368,1.44167948557682,1.57237923723338,
1.70307898888995,1.76842886471823,1.83377874054652,1.96447849220309,2.09517824385965,
2.22587799551622,2.38198668411291,2.43402291364514,2.64216783177406,2.85031274990298,
3.05845766803189,3.16253012709635,3.47474750428973,3.57881996335419,3.68289242241865,
3.89103734054757,3.97214351633141,4.05324969211525),.UNSPECIFIED.);
#56=B_SPLINE_SURFACE_WITH_KNOTS('',3,3,((#5974,#5975,#5976,#5977),(#5978,
#5979,#5980,#5981),(#5982,#5983,#5984,#5985),(#5986,#5987,#5988,#5989),
(#5990,#5991,#5992,#5993),(#5994,#5995,#5996,#5997),(#5998,#5999,#6000,
#6001)),.UNSPECIFIED.,.F.,.F.,.F.,(4,1,1,1,4),(4,4),(0.,0.285714285714286,
0.571428571428571,0.857142857142857,1.),(-1.5707963267949,-1.39823681510356),
 .UNSPECIFIED.);
#57=B_SPLINE_SURFACE_WITH_KNOTS('',3,3,((#6017,#6018,#6019,#6020),(#6021,
#6022,#6023,#6024),(#6025,#6026,#6027,#6028),(#6029,#6030,#6031,#6032)),
 .UNSPECIFIED.,.F.,.F.,.F.,(4,4),(4,4),(0.,1.),(-0.682394535014462,7.12611527288482E-15),
 .UNSPECIFIED.);
#58=B_SPLINE_SURFACE_WITH_KNOTS('',3,3,((#6046,#6047,#6048,#6049),(#6050,
#6051,#6052,#6053),(#6054,#6055,#6056,#6057),(#6058,#6059,#6060,#6061)),
 .UNSPECIFIED.,.F.,.F.,.F.,(4,4),(4,4),(0.,1.),(-3.48638311627658,-3.48057932517037),
 .UNSPECIFIED.);
#59=B_SPLINE_SURFACE_WITH_KNOTS('',3,3,((#6066,#6067,#6068,#6069),(#6070,
#6071,#6072,#6073),(#6074,#6075,#6076,#6077),(#6078,#6079,#6080,#6081)),
 .UNSPECIFIED.,.F.,.F.,.F.,(4,4),(4,4),(0.,1.),(-0.528880718858815,-0.0520916126362131),
 .UNSPECIFIED.);
#60=B_SPLINE_SURFACE_WITH_KNOTS('',3,3,((#6095,#6096,#6097,#6098),(#6099,
#6100,#6101,#6102),(#6103,#6104,#6105,#6106),(#6107,#6108,#6109,#6110)),
 .UNSPECIFIED.,.F.,.F.,.F.,(4,4),(4,4),(0.,1.),(-0.00899279041457891,0.),
 .UNSPECIFIED.);
#61=B_SPLINE_SURFACE_WITH_KNOTS('',3,1,((#6174,#6175),(#6176,#6177),(#6178,
#6179),(#6180,#6181)),.UNSPECIFIED.,.F.,.F.,.F.,(4,4),(2,2),(2.58878113495551,
3.22237943057114),(-1.39794524599868,9.81),.UNSPECIFIED.);
#62=ELLIPSE('',#2421,155.450284977339,40.);
#63=ELLIPSE('',#2438,554.693865417829,547.5);
#64=ELLIPSE('',#2440,554.693865417829,547.5);
#65=ELLIPSE('',#2442,85.3727906898819,42.5);
#66=ELLIPSE('',#2447,6.71751442127221,4.75000000000001);
#67=ELLIPSE('',#2476,3977.75504871778,40.);
#68=ELLIPSE('',#2477,161.068507155744,42.5);
#69=ELLIPSE('',#2493,458.971736390513,40.);
#70=ELLIPSE('',#2494,40.1548238129788,40.);
#71=ELLIPSE('',#2495,3977.75504871778,40.);
#72=ELLIPSE('',#2541,50.33173972424,50.);
#73=ELLIPSE('',#2566,1007.50982545885,1000.);
#74=ELLIPSE('',#2605,512.790439002301,505.);
#75=CYLINDRICAL_SURFACE('',#2420,40.);
#76=CYLINDRICAL_SURFACE('',#2439,547.5);
#77=CYLINDRICAL_SURFACE('',#2441,42.5);
#78=CYLINDRICAL_SURFACE('',#2444,4.75000000000001);
#79=CYLINDRICAL_SURFACE('',#2446,4.75);
#80=CYLINDRICAL_SURFACE('',#2449,4.75000000000001);
#81=CYLINDRICAL_SURFACE('',#2451,2.69999999999996);
#82=CYLINDRICAL_SURFACE('',#2462,2.74999999999999);
#83=CYLINDRICAL_SURFACE('',#2469,4.75000000000001);
#84=CYLINDRICAL_SURFACE('',#2471,2.69999999999996);
#85=CYLINDRICAL_SURFACE('',#2492,40.);
#86=CYLINDRICAL_SURFACE('',#2496,1.8);
#87=CYLINDRICAL_SURFACE('',#2500,1.8);
#88=CYLINDRICAL_SURFACE('',#2504,1.8);
#89=CYLINDRICAL_SURFACE('',#2508,1.8);
#90=CYLINDRICAL_SURFACE('',#2522,7.00000000000001);
#91=CYLINDRICAL_SURFACE('',#2524,7.00000000000002);
#92=CYLINDRICAL_SURFACE('',#2526,40.);
#93=CYLINDRICAL_SURFACE('',#2528,2.29999999999997);
#94=CYLINDRICAL_SURFACE('',#2531,2.29999999999997);
#95=CYLINDRICAL_SURFACE('',#2534,4.75000000000001);
#96=CYLINDRICAL_SURFACE('',#2538,2.70000000000003);
#97=CYLINDRICAL_SURFACE('',#2539,50.);
#98=CYLINDRICAL_SURFACE('',#2546,4.74999999999997);
#99=CYLINDRICAL_SURFACE('',#2561,45.5);
#100=CYLINDRICAL_SURFACE('',#2568,50.);
#101=CYLINDRICAL_SURFACE('',#2569,50.);
#102=CYLINDRICAL_SURFACE('',#2570,40.);
#103=CYLINDRICAL_SURFACE('',#2572,1000.);
#104=CYLINDRICAL_SURFACE('',#2574,1000.);
#105=CYLINDRICAL_SURFACE('',#2576,42.5);
#106=CYLINDRICAL_SURFACE('',#2578,1000.);
#107=CYLINDRICAL_SURFACE('',#2579,4.75000000000001);
#108=CYLINDRICAL_SURFACE('',#2583,2.70000000000003);
#109=CYLINDRICAL_SURFACE('',#2584,1.84999999999999);
#110=CYLINDRICAL_SURFACE('',#2587,1.84999999999999);
#111=CYLINDRICAL_SURFACE('',#2590,1.84999999999999);
#112=CYLINDRICAL_SURFACE('',#2595,2.65000000000005);
#113=CYLINDRICAL_SURFACE('',#2597,42.5);
#114=CYLINDRICAL_SURFACE('',#2601,42.5);
#115=CYLINDRICAL_SURFACE('',#2607,60.);
#116=CYLINDRICAL_SURFACE('',#2608,6.74999999999997);
#117=CYLINDRICAL_SURFACE('',#2613,4.20000000000002);
#118=CYLINDRICAL_SURFACE('',#2617,2.6);
#119=FACE_BOUND('',#390,.T.);
#120=FACE_BOUND('',#391,.T.);
#121=FACE_BOUND('',#392,.T.);
#122=FACE_BOUND('',#399,.T.);
#123=FACE_BOUND('',#403,.T.);
#124=FACE_BOUND('',#411,.T.);
#125=FACE_BOUND('',#417,.T.);
#126=FACE_BOUND('',#420,.T.);
#127=FACE_BOUND('',#425,.T.);
#128=FACE_BOUND('',#427,.T.);
#129=FACE_BOUND('',#428,.T.);
#130=FACE_BOUND('',#429,.T.);
#131=FACE_BOUND('',#430,.T.);
#132=FACE_BOUND('',#431,.T.);
#133=FACE_BOUND('',#432,.T.);
#134=FACE_BOUND('',#433,.T.);
#135=FACE_BOUND('',#434,.T.);
#136=FACE_BOUND('',#435,.T.);
#137=FACE_BOUND('',#436,.T.);
#138=FACE_BOUND('',#438,.T.);
#139=FACE_BOUND('',#466,.T.);
#140=FACE_BOUND('',#470,.T.);
#141=FACE_BOUND('',#471,.T.);
#142=FACE_BOUND('',#472,.T.);
#143=FACE_BOUND('',#473,.T.);
#144=FACE_BOUND('',#474,.T.);
#145=FACE_BOUND('',#517,.T.);
#146=FACE_BOUND('',#526,.T.);
#147=FACE_BOUND('',#538,.T.);
#148=FACE_BOUND('',#548,.T.);
#149=FACE_BOUND('',#556,.T.);
#150=CIRCLE('',#2417,1.84999999999999);
#151=CIRCLE('',#2418,1.84999999999999);
#152=CIRCLE('',#2419,1.84999999999999);
#153=CIRCLE('',#2422,39.9999999999998);
#154=CIRCLE('',#2425,541.83363090493);
#155=CIRCLE('',#2426,541.800905115244);
#156=CIRCLE('',#2427,1000.);
#157=CIRCLE('',#2428,540.908935871131);
#158=CIRCLE('',#2429,541.195314859024);
#159=CIRCLE('',#2430,541.580693303842);
#160=CIRCLE('',#2431,540.908935871131);
#161=CIRCLE('',#2432,1000.);
#162=CIRCLE('',#2433,547.5);
#163=CIRCLE('',#2434,547.499720216224);
#164=CIRCLE('',#2435,547.5);
#165=CIRCLE('',#2436,42.5);
#166=CIRCLE('',#2437,42.5);
#167=CIRCLE('',#2443,42.5);
#168=CIRCLE('',#2445,4.75000000000001);
#169=CIRCLE('',#2448,4.75);
#170=CIRCLE('',#2450,4.75000000000001);
#171=CIRCLE('',#2452,2.69999999999996);
#172=CIRCLE('',#2453,2.69999999999996);
#173=CIRCLE('',#2456,957.5);
#174=CIRCLE('',#2457,998.673788774143);
#175=CIRCLE('',#2458,957.5);
#176=CIRCLE('',#2459,42.5);
#177=CIRCLE('',#2460,1000.);
#178=CIRCLE('',#2461,1000.);
#179=CIRCLE('',#2463,2.74999999999999);
#180=CIRCLE('',#2464,2.74999999999999);
#181=CIRCLE('',#2466,40.0000000000001);
#182=CIRCLE('',#2467,40.);
#183=CIRCLE('',#2468,40.);
#184=CIRCLE('',#2470,4.75000000000001);
#185=CIRCLE('',#2472,2.69999999999996);
#186=CIRCLE('',#2473,2.69999999999996);
#187=CIRCLE('',#2478,60.);
#188=CIRCLE('',#2479,45.5);
#189=CIRCLE('',#2480,40.);
#190=CIRCLE('',#2481,40.);
#191=CIRCLE('',#2482,40.);
#192=CIRCLE('',#2483,7.00000000000002);
#193=CIRCLE('',#2484,40.);
#194=CIRCLE('',#2485,7.00000000000001);
#195=CIRCLE('',#2486,2.29999999999997);
#196=CIRCLE('',#2487,2.29999999999997);
#197=CIRCLE('',#2488,2.70000000000003);
#198=CIRCLE('',#2489,4.20000000000002);
#199=CIRCLE('',#2490,2.65000000000005);
#200=CIRCLE('',#2491,2.70000000000003);
#201=CIRCLE('',#2497,1.8);
#202=CIRCLE('',#2498,1.8);
#203=CIRCLE('',#2501,1.8);
#204=CIRCLE('',#2502,1.8);
#205=CIRCLE('',#2505,1.8);
#206=CIRCLE('',#2506,1.8);
#207=CIRCLE('',#2509,1.8);
#208=CIRCLE('',#2510,1.8);
#209=CIRCLE('',#2513,40.);
#210=CIRCLE('',#2514,47.8);
#211=CIRCLE('',#2516,7.00000000000002);
#212=CIRCLE('',#2518,47.8);
#213=CIRCLE('',#2519,40.);
#214=CIRCLE('',#2521,7.00000000000001);
#215=CIRCLE('',#2527,40.);
#216=CIRCLE('',#2529,2.29999999999997);
#217=CIRCLE('',#2532,2.29999999999997);
#218=CIRCLE('',#2535,4.75000000000001);
#219=CIRCLE('',#2537,2.70000000000003);
#220=CIRCLE('',#2540,50.);
#221=CIRCLE('',#2543,50.);
#222=CIRCLE('',#2544,50.);
#223=CIRCLE('',#2545,40.);
#224=CIRCLE('',#2547,4.74999999999997);
#225=CIRCLE('',#2550,541.598918347094);
#226=CIRCLE('',#2553,541.198526546437);
#227=CIRCLE('',#2558,997.414545090957);
#228=CIRCLE('',#2580,4.75000000000001);
#229=CIRCLE('',#2582,2.70000000000003);
#230=CIRCLE('',#2585,1.84999999999999);
#231=CIRCLE('',#2588,1.84999999999999);
#232=CIRCLE('',#2591,1.84999999999999);
#233=CIRCLE('',#2594,2.65000000000005);
#234=CIRCLE('',#2598,42.4999999999999);
#235=CIRCLE('',#2599,42.5);
#236=CIRCLE('',#2600,42.4999999999999);
#237=CIRCLE('',#2602,42.5);
#238=CIRCLE('',#2603,17.5);
#239=CIRCLE('',#2604,60.);
#240=CIRCLE('',#2609,6.74999999999997);
#241=CIRCLE('',#2612,4.20000000000002);
#242=CIRCLE('',#2615,62.0191452619811);
#243=CIRCLE('',#2616,59.5418842575174);
#244=CIRCLE('',#2618,2.6);
#245=CIRCLE('',#2619,2.6);
#246=CIRCLE('',#2622,56.723898769897);
#247=CIRCLE('',#2623,60.031597392638);
#248=FACE_OUTER_BOUND('',#387,.T.);
#249=FACE_OUTER_BOUND('',#388,.T.);
#250=FACE_OUTER_BOUND('',#389,.T.);
#251=FACE_OUTER_BOUND('',#393,.T.);
#252=FACE_OUTER_BOUND('',#394,.T.);
#253=FACE_OUTER_BOUND('',#395,.T.);
#254=FACE_OUTER_BOUND('',#396,.T.);
#255=FACE_OUTER_BOUND('',#397,.T.);
#256=FACE_OUTER_BOUND('',#398,.T.);
#257=FACE_OUTER_BOUND('',#400,.T.);
#258=FACE_OUTER_BOUND('',#401,.T.);
#259=FACE_OUTER_BOUND('',#402,.T.);
#260=FACE_OUTER_BOUND('',#404,.T.);
#261=FACE_OUTER_BOUND('',#405,.T.);
#262=FACE_OUTER_BOUND('',#406,.T.);
#263=FACE_OUTER_BOUND('',#407,.T.);
#264=FACE_OUTER_BOUND('',#408,.T.);
#265=FACE_OUTER_BOUND('',#409,.T.);
#266=FACE_OUTER_BOUND('',#410,.T.);
#267=FACE_OUTER_BOUND('',#412,.T.);
#268=FACE_OUTER_BOUND('',#413,.T.);
#269=FACE_OUTER_BOUND('',#414,.T.);
#270=FACE_OUTER_BOUND('',#415,.T.);
#271=FACE_OUTER_BOUND('',#416,.T.);
#272=FACE_OUTER_BOUND('',#418,.T.);
#273=FACE_OUTER_BOUND('',#419,.T.);
#274=FACE_OUTER_BOUND('',#421,.T.);
#275=FACE_OUTER_BOUND('',#422,.T.);
#276=FACE_OUTER_BOUND('',#423,.T.);
#277=FACE_OUTER_BOUND('',#424,.T.);
#278=FACE_OUTER_BOUND('',#426,.T.);
#279=FACE_OUTER_BOUND('',#437,.T.);
#280=FACE_OUTER_BOUND('',#439,.T.);
#281=FACE_OUTER_BOUND('',#440,.T.);
#282=FACE_OUTER_BOUND('',#441,.T.);
#283=FACE_OUTER_BOUND('',#442,.T.);
#284=FACE_OUTER_BOUND('',#443,.T.);
#285=FACE_OUTER_BOUND('',#444,.T.);
#286=FACE_OUTER_BOUND('',#445,.T.);
#287=FACE_OUTER_BOUND('',#446,.T.);
#288=FACE_OUTER_BOUND('',#447,.T.);
#289=FACE_OUTER_BOUND('',#448,.T.);
#290=FACE_OUTER_BOUND('',#449,.T.);
#291=FACE_OUTER_BOUND('',#450,.T.);
#292=FACE_OUTER_BOUND('',#451,.T.);
#293=FACE_OUTER_BOUND('',#452,.T.);
#294=FACE_OUTER_BOUND('',#453,.T.);
#295=FACE_OUTER_BOUND('',#454,.T.);
#296=FACE_OUTER_BOUND('',#455,.T.);
#297=FACE_OUTER_BOUND('',#456,.T.);
#298=FACE_OUTER_BOUND('',#457,.T.);
#299=FACE_OUTER_BOUND('',#458,.T.);
#300=FACE_OUTER_BOUND('',#459,.T.);
#301=FACE_OUTER_BOUND('',#460,.T.);
#302=FACE_OUTER_BOUND('',#461,.T.);
#303=FACE_OUTER_BOUND('',#462,.T.);
#304=FACE_OUTER_BOUND('',#463,.T.);
#305=FACE_OUTER_BOUND('',#464,.T.);
#306=FACE_OUTER_BOUND('',#465,.T.);
#307=FACE_OUTER_BOUND('',#467,.T.);
#308=FACE_OUTER_BOUND('',#468,.T.);
#309=FACE_OUTER_BOUND('',#469,.T.);
#310=FACE_OUTER_BOUND('',#475,.T.);
#311=FACE_OUTER_BOUND('',#476,.T.);
#312=FACE_OUTER_BOUND('',#477,.T.);
#313=FACE_OUTER_BOUND('',#478,.T.);
#314=FACE_OUTER_BOUND('',#479,.T.);
#315=FACE_OUTER_BOUND('',#480,.T.);
#316=FACE_OUTER_BOUND('',#481,.T.);
#317=FACE_OUTER_BOUND('',#482,.T.);
#318=FACE_OUTER_BOUND('',#483,.T.);
#319=FACE_OUTER_BOUND('',#484,.T.);
#320=FACE_OUTER_BOUND('',#485,.T.);
#321=FACE_OUTER_BOUND('',#486,.T.);
#322=FACE_OUTER_BOUND('',#487,.T.);
#323=FACE_OUTER_BOUND('',#488,.T.);
#324=FACE_OUTER_BOUND('',#489,.T.);
#325=FACE_OUTER_BOUND('',#490,.T.);
#326=FACE_OUTER_BOUND('',#491,.T.);
#327=FACE_OUTER_BOUND('',#492,.T.);
#328=FACE_OUTER_BOUND('',#493,.T.);
#329=FACE_OUTER_BOUND('',#494,.T.);
#330=FACE_OUTER_BOUND('',#495,.T.);
#331=FACE_OUTER_BOUND('',#496,.T.);
#332=FACE_OUTER_BOUND('',#497,.T.);
#333=FACE_OUTER_BOUND('',#498,.T.);
#334=FACE_OUTER_BOUND('',#499,.T.);
#335=FACE_OUTER_BOUND('',#500,.T.);
#336=FACE_OUTER_BOUND('',#501,.T.);
#337=FACE_OUTER_BOUND('',#502,.T.);
#338=FACE_OUTER_BOUND('',#503,.T.);
#339=FACE_OUTER_BOUND('',#504,.T.);
#340=FACE_OUTER_BOUND('',#505,.T.);
#341=FACE_OUTER_BOUND('',#506,.T.);
#342=FACE_OUTER_BOUND('',#507,.T.);
#343=FACE_OUTER_BOUND('',#508,.T.);
#344=FACE_OUTER_BOUND('',#509,.T.);
#345=FACE_OUTER_BOUND('',#510,.T.);
#346=FACE_OUTER_BOUND('',#511,.T.);
#347=FACE_OUTER_BOUND('',#512,.T.);
#348=FACE_OUTER_BOUND('',#513,.T.);
#349=FACE_OUTER_BOUND('',#514,.T.);
#350=FACE_OUTER_BOUND('',#515,.T.);
#351=FACE_OUTER_BOUND('',#516,.T.);
#352=FACE_OUTER_BOUND('',#518,.T.);
#353=FACE_OUTER_BOUND('',#519,.T.);
#354=FACE_OUTER_BOUND('',#520,.T.);
#355=FACE_OUTER_BOUND('',#521,.T.);
#356=FACE_OUTER_BOUND('',#522,.T.);
#357=FACE_OUTER_BOUND('',#523,.T.);
#358=FACE_OUTER_BOUND('',#524,.T.);
#359=FACE_OUTER_BOUND('',#525,.T.);
#360=FACE_OUTER_BOUND('',#527,.T.);
#361=FACE_OUTER_BOUND('',#528,.T.);
#362=FACE_OUTER_BOUND('',#529,.T.);
#363=FACE_OUTER_BOUND('',#530,.T.);
#364=FACE_OUTER_BOUND('',#531,.T.);
#365=FACE_OUTER_BOUND('',#532,.T.);
#366=FACE_OUTER_BOUND('',#533,.T.);
#367=FACE_OUTER_BOUND('',#534,.T.);
#368=FACE_OUTER_BOUND('',#535,.T.);
#369=FACE_OUTER_BOUND('',#536,.T.);
#370=FACE_OUTER_BOUND('',#537,.T.);
#371=FACE_OUTER_BOUND('',#539,.T.);
#372=FACE_OUTER_BOUND('',#540,.T.);
#373=FACE_OUTER_BOUND('',#541,.T.);
#374=FACE_OUTER_BOUND('',#542,.T.);
#375=FACE_OUTER_BOUND('',#543,.T.);
#376=FACE_OUTER_BOUND('',#544,.T.);
#377=FACE_OUTER_BOUND('',#545,.T.);
#378=FACE_OUTER_BOUND('',#546,.T.);
#379=FACE_OUTER_BOUND('',#547,.T.);
#380=FACE_OUTER_BOUND('',#549,.T.);
#381=FACE_OUTER_BOUND('',#550,.T.);
#382=FACE_OUTER_BOUND('',#551,.T.);
#383=FACE_OUTER_BOUND('',#552,.T.);
#384=FACE_OUTER_BOUND('',#553,.T.);
#385=FACE_OUTER_BOUND('',#554,.T.);
#386=FACE_OUTER_BOUND('',#555,.T.);
#387=EDGE_LOOP('',(#1502,#1503,#1504,#1505,#1506));
#388=EDGE_LOOP('',(#1507,#1508,#1509,#1510));
#389=EDGE_LOOP('',(#1511,#1512,#1513,#1514,#1515,#1516,#1517,#1518));
#390=EDGE_LOOP('',(#1519));
#391=EDGE_LOOP('',(#1520));
#392=EDGE_LOOP('',(#1521));
#393=EDGE_LOOP('',(#1522,#1523,#1524,#1525));
#394=EDGE_LOOP('',(#1526,#1527,#1528,#1529));
#395=EDGE_LOOP('',(#1530,#1531,#1532));
#396=EDGE_LOOP('',(#1533,#1534,#1535,#1536));
#397=EDGE_LOOP('',(#1537,#1538,#1539,#1540,#1541,#1542,#1543,#1544,#1545,
#1546,#1547,#1548,#1549,#1550,#1551,#1552,#1553,#1554,#1555));
#398=EDGE_LOOP('',(#1556,#1557,#1558,#1559));
#399=EDGE_LOOP('',(#1560));
#400=EDGE_LOOP('',(#1561,#1562,#1563,#1564,#1565,#1566,#1567,#1568,#1569));
#401=EDGE_LOOP('',(#1570,#1571,#1572,#1573,#1574));
#402=EDGE_LOOP('',(#1575,#1576,#1577,#1578,#1579,#1580,#1581));
#403=EDGE_LOOP('',(#1582));
#404=EDGE_LOOP('',(#1583,#1584,#1585,#1586,#1587));
#405=EDGE_LOOP('',(#1588,#1589,#1590,#1591,#1592,#1593,#1594));
#406=EDGE_LOOP('',(#1595,#1596,#1597,#1598));
#407=EDGE_LOOP('',(#1599,#1600,#1601,#1602,#1603,#1604,#1605,#1606,#1607,
#1608));
#408=EDGE_LOOP('',(#1609,#1610,#1611,#1612,#1613,#1614));
#409=EDGE_LOOP('',(#1615,#1616,#1617,#1618));
#410=EDGE_LOOP('',(#1619));
#411=EDGE_LOOP('',(#1620));
#412=EDGE_LOOP('',(#1621,#1622,#1623,#1624));
#413=EDGE_LOOP('',(#1625,#1626,#1627,#1628,#1629,#1630,#1631,#1632));
#414=EDGE_LOOP('',(#1633,#1634,#1635,#1636,#1637,#1638,#1639,#1640,#1641,
#1642,#1643,#1644,#1645,#1646,#1647));
#415=EDGE_LOOP('',(#1648,#1649,#1650,#1651));
#416=EDGE_LOOP('',(#1652));
#417=EDGE_LOOP('',(#1653));
#418=EDGE_LOOP('',(#1654,#1655,#1656,#1657,#1658,#1659));
#419=EDGE_LOOP('',(#1660,#1661,#1662,#1663,#1664));
#420=EDGE_LOOP('',(#1665));
#421=EDGE_LOOP('',(#1666,#1667,#1668,#1669,#1670));
#422=EDGE_LOOP('',(#1671,#1672,#1673,#1674,#1675));
#423=EDGE_LOOP('',(#1676,#1677,#1678,#1679));
#424=EDGE_LOOP('',(#1680));
#425=EDGE_LOOP('',(#1681));
#426=EDGE_LOOP('',(#1682,#1683,#1684,#1685,#1686,#1687,#1688,#1689,#1690,
#1691,#1692,#1693,#1694,#1695,#1696,#1697,#1698,#1699,#1700,#1701));
#427=EDGE_LOOP('',(#1702));
#428=EDGE_LOOP('',(#1703,#1704,#1705,#1706,#1707,#1708,#1709,#1710,#1711,
#1712));
#429=EDGE_LOOP('',(#1713));
#430=EDGE_LOOP('',(#1714));
#431=EDGE_LOOP('',(#1715));
#432=EDGE_LOOP('',(#1716));
#433=EDGE_LOOP('',(#1717));
#434=EDGE_LOOP('',(#1718));
#435=EDGE_LOOP('',(#1719));
#436=EDGE_LOOP('',(#1720));
#437=EDGE_LOOP('',(#1721,#1722,#1723,#1724,#1725,#1726,#1727,#1728,#1729,
#1730,#1731,#1732,#1733));
#438=EDGE_LOOP('',(#1734));
#439=EDGE_LOOP('',(#1735,#1736,#1737,#1738));
#440=EDGE_LOOP('',(#1739));
#441=EDGE_LOOP('',(#1740,#1741,#1742,#1743));
#442=EDGE_LOOP('',(#1744));
#443=EDGE_LOOP('',(#1745,#1746,#1747,#1748));
#444=EDGE_LOOP('',(#1749));
#445=EDGE_LOOP('',(#1750,#1751,#1752,#1753));
#446=EDGE_LOOP('',(#1754));
#447=EDGE_LOOP('',(#1755,#1756,#1757,#1758,#1759));
#448=EDGE_LOOP('',(#1760,#1761));
#449=EDGE_LOOP('',(#1762,#1763,#1764,#1765,#1766));
#450=EDGE_LOOP('',(#1767,#1768));
#451=EDGE_LOOP('',(#1769,#1770,#1771,#1772,#1773,#1774));
#452=EDGE_LOOP('',(#1775,#1776,#1777,#1778));
#453=EDGE_LOOP('',(#1779,#1780,#1781,#1782,#1783,#1784));
#454=EDGE_LOOP('',(#1785,#1786,#1787,#1788));
#455=EDGE_LOOP('',(#1789,#1790,#1791,#1792,#1793,#1794,#1795,#1796,#1797,
#1798,#1799,#1800));
#456=EDGE_LOOP('',(#1801,#1802,#1803,#1804));
#457=EDGE_LOOP('',(#1805));
#458=EDGE_LOOP('',(#1806,#1807,#1808,#1809));
#459=EDGE_LOOP('',(#1810));
#460=EDGE_LOOP('',(#1811,#1812,#1813,#1814));
#461=EDGE_LOOP('',(#1815,#1816,#1817,#1818,#1819));
#462=EDGE_LOOP('',(#1820,#1821,#1822,#1823));
#463=EDGE_LOOP('',(#1824,#1825,#1826,#1827));
#464=EDGE_LOOP('',(#1828,#1829,#1830,#1831,#1832,#1833,#1834,#1835));
#465=EDGE_LOOP('',(#1836));
#466=EDGE_LOOP('',(#1837));
#467=EDGE_LOOP('',(#1838,#1839,#1840,#1841));
#468=EDGE_LOOP('',(#1842,#1843,#1844,#1845,#1846));
#469=EDGE_LOOP('',(#1847,#1848,#1849,#1850,#1851,#1852,#1853,#1854,#1855));
#470=EDGE_LOOP('',(#1856));
#471=EDGE_LOOP('',(#1857));
#472=EDGE_LOOP('',(#1858));
#473=EDGE_LOOP('',(#1859));
#474=EDGE_LOOP('',(#1860,#1861,#1862,#1863));
#475=EDGE_LOOP('',(#1864,#1865,#1866,#1867,#1868));
#476=EDGE_LOOP('',(#1869,#1870,#1871,#1872,#1873));
#477=EDGE_LOOP('',(#1874,#1875,#1876));
#478=EDGE_LOOP('',(#1877,#1878,#1879,#1880));
#479=EDGE_LOOP('',(#1881,#1882,#1883,#1884));
#480=EDGE_LOOP('',(#1885,#1886,#1887,#1888));
#481=EDGE_LOOP('',(#1889,#1890,#1891,#1892));
#482=EDGE_LOOP('',(#1893,#1894,#1895,#1896,#1897,#1898,#1899,#1900,#1901,
#1902,#1903,#1904,#1905));
#483=EDGE_LOOP('',(#1906,#1907,#1908,#1909));
#484=EDGE_LOOP('',(#1910,#1911,#1912,#1913));
#485=EDGE_LOOP('',(#1914,#1915,#1916,#1917));
#486=EDGE_LOOP('',(#1918,#1919,#1920,#1921,#1922));
#487=EDGE_LOOP('',(#1923,#1924,#1925,#1926));
#488=EDGE_LOOP('',(#1927,#1928,#1929,#1930,#1931));
#489=EDGE_LOOP('',(#1932,#1933,#1934,#1935));
#490=EDGE_LOOP('',(#1936,#1937,#1938,#1939));
#491=EDGE_LOOP('',(#1940,#1941,#1942,#1943));
#492=EDGE_LOOP('',(#1944,#1945,#1946,#1947,#1948,#1949));
#493=EDGE_LOOP('',(#1950,#1951,#1952,#1953,#1954));
#494=EDGE_LOOP('',(#1955,#1956,#1957,#1958,#1959));
#495=EDGE_LOOP('',(#1960,#1961,#1962,#1963,#1964));
#496=EDGE_LOOP('',(#1965,#1966,#1967,#1968,#1969,#1970));
#497=EDGE_LOOP('',(#1971,#1972,#1973,#1974,#1975));
#498=EDGE_LOOP('',(#1976,#1977,#1978,#1979));
#499=EDGE_LOOP('',(#1980,#1981,#1982,#1983,#1984,#1985));
#500=EDGE_LOOP('',(#1986,#1987,#1988,#1989));
#501=EDGE_LOOP('',(#1990,#1991,#1992,#1993));
#502=EDGE_LOOP('',(#1994,#1995,#1996,#1997));
#503=EDGE_LOOP('',(#1998,#1999,#2000,#2001));
#504=EDGE_LOOP('',(#2002,#2003,#2004,#2005));
#505=EDGE_LOOP('',(#2006,#2007,#2008,#2009));
#506=EDGE_LOOP('',(#2010,#2011,#2012,#2013));
#507=EDGE_LOOP('',(#2014,#2015,#2016,#2017));
#508=EDGE_LOOP('',(#2018,#2019,#2020,#2021));
#509=EDGE_LOOP('',(#2022,#2023,#2024,#2025));
#510=EDGE_LOOP('',(#2026,#2027,#2028,#2029));
#511=EDGE_LOOP('',(#2030,#2031,#2032,#2033));
#512=EDGE_LOOP('',(#2034,#2035,#2036,#2037,#2038));
#513=EDGE_LOOP('',(#2039,#2040,#2041,#2042));
#514=EDGE_LOOP('',(#2043,#2044,#2045,#2046,#2047));
#515=EDGE_LOOP('',(#2048,#2049,#2050,#2051,#2052));
#516=EDGE_LOOP('',(#2053));
#517=EDGE_LOOP('',(#2054));
#518=EDGE_LOOP('',(#2055,#2056,#2057,#2058));
#519=EDGE_LOOP('',(#2059,#2060,#2061,#2062));
#520=EDGE_LOOP('',(#2063));
#521=EDGE_LOOP('',(#2064,#2065,#2066,#2067));
#522=EDGE_LOOP('',(#2068));
#523=EDGE_LOOP('',(#2069,#2070,#2071,#2072));
#524=EDGE_LOOP('',(#2073));
#525=EDGE_LOOP('',(#2074));
#526=EDGE_LOOP('',(#2075));
#527=EDGE_LOOP('',(#2076,#2077,#2078,#2079));
#528=EDGE_LOOP('',(#2080,#2081,#2082));
#529=EDGE_LOOP('',(#2083,#2084,#2085,#2086,#2087,#2088,#2089));
#530=EDGE_LOOP('',(#2090,#2091,#2092,#2093));
#531=EDGE_LOOP('',(#2094,#2095,#2096,#2097,#2098,#2099));
#532=EDGE_LOOP('',(#2100,#2101,#2102,#2103));
#533=EDGE_LOOP('',(#2104,#2105,#2106,#2107));
#534=EDGE_LOOP('',(#2108,#2109,#2110,#2111));
#535=EDGE_LOOP('',(#2112,#2113,#2114,#2115,#2116,#2117));
#536=EDGE_LOOP('',(#2118,#2119,#2120,#2121,#2122));
#537=EDGE_LOOP('',(#2123));
#538=EDGE_LOOP('',(#2124));
#539=EDGE_LOOP('',(#2125,#2126,#2127,#2128));
#540=EDGE_LOOP('',(#2129,#2130,#2131,#2132));
#541=EDGE_LOOP('',(#2133,#2134,#2135,#2136));
#542=EDGE_LOOP('',(#2137,#2138,#2139,#2140));
#543=EDGE_LOOP('',(#2141,#2142,#2143,#2144));
#544=EDGE_LOOP('',(#2145,#2146,#2147,#2148));
#545=EDGE_LOOP('',(#2149,#2150,#2151,#2152,#2153,#2154,#2155,#2156,#2157,
#2158,#2159,#2160));
#546=EDGE_LOOP('',(#2161,#2162,#2163,#2164));
#547=EDGE_LOOP('',(#2165,#2166,#2167,#2168,#2169,#2170));
#548=EDGE_LOOP('',(#2171));
#549=EDGE_LOOP('',(#2172,#2173,#2174,#2175));
#550=EDGE_LOOP('',(#2176,#2177,#2178,#2179,#2180));
#551=EDGE_LOOP('',(#2181,#2182,#2183,#2184));
#552=EDGE_LOOP('',(#2185,#2186,#2187,#2188));
#553=EDGE_LOOP('',(#2189,#2190,#2191,#2192,#2193,#2194));
#554=EDGE_LOOP('',(#2195,#2196,#2197,#2198,#2199));
#555=EDGE_LOOP('',(#2200,#2201,#2202,#2203,#2204,#2205,#2206));
#556=EDGE_LOOP('',(#2207));
#557=B_SPLINE_CURVE_WITH_KNOTS('',3,(#3187,#3188,#3189,#3190),
 .UNSPECIFIED.,.F.,.F.,(4,4),(-6.09403240333311,-6.09324025946756),
 .UNSPECIFIED.);
#558=B_SPLINE_CURVE_WITH_KNOTS('',3,(#3207,#3208,#3209,#3210,#3211),
 .UNSPECIFIED.,.F.,.F.,(4,1,4),(6.09403240333311,6.55725725018536,6.89166539992157),
 .UNSPECIFIED.);
#559=B_SPLINE_CURVE_WITH_KNOTS('',3,(#3212,#3213,#3214,#3215),
 .UNSPECIFIED.,.F.,.F.,(4,4),(6.09324025946756,6.09403240333311),
 .UNSPECIFIED.);
#560=B_SPLINE_CURVE_WITH_KNOTS('',3,(#3217,#3218,#3219,#3220),
 .UNSPECIFIED.,.F.,.F.,(4,4),(1.33573707650214E-16,0.114857499193931),
 .UNSPECIFIED.);
#561=B_SPLINE_CURVE_WITH_KNOTS('',3,(#3224,#3225,#3226,#3227),
 .UNSPECIFIED.,.F.,.F.,(4,4),(0.540251304600464,0.542606942705359),
 .UNSPECIFIED.);
#562=B_SPLINE_CURVE_WITH_KNOTS('',3,(#3228,#3229,#3230,#3231,#3232,#3233),
 .UNSPECIFIED.,.F.,.F.,(4,1,1,4),(-0.574133105742632,-0.100837245160019,
0.219707029720223,0.540251304600465),.UNSPECIFIED.);
#563=B_SPLINE_CURVE_WITH_KNOTS('',3,(#3242,#3243,#3244,#3245,#3246),
 .UNSPECIFIED.,.F.,.F.,(4,1,4),(-6.90467588532455,-6.55725725018536,-6.09403240333311),
 .UNSPECIFIED.);
#564=B_SPLINE_CURVE_WITH_KNOTS('',3,(#3270,#3271,#3272,#3273,#3274,#3275),
 .UNSPECIFIED.,.F.,.F.,(4,2,4),(0.,0.0537974631568153,0.107378397237121),
 .UNSPECIFIED.);
#565=B_SPLINE_CURVE_WITH_KNOTS('',3,(#3285,#3286,#3287,#3288),
 .UNSPECIFIED.,.F.,.F.,(4,4),(288.395873972414,289.134335524755),
 .UNSPECIFIED.);
#566=B_SPLINE_CURVE_WITH_KNOTS('',3,(#3308,#3309,#3310,#3311),
 .UNSPECIFIED.,.F.,.F.,(4,4),(110.070958525388,110.578285003742),
 .UNSPECIFIED.);
#567=B_SPLINE_CURVE_WITH_KNOTS('',3,(#3315,#3316,#3317,#3318),
 .UNSPECIFIED.,.F.,.F.,(4,4),(292.015175413738,292.335190887221),
 .UNSPECIFIED.);
#568=B_SPLINE_CURVE_WITH_KNOTS('',3,(#3322,#3323,#3324,#3325),
 .UNSPECIFIED.,.F.,.F.,(4,4),(111.372669079449,111.924136824609),
 .UNSPECIFIED.);
#569=B_SPLINE_CURVE_WITH_KNOTS('',3,(#3329,#3330,#3331,#3332,#3333,#3334),
 .UNSPECIFIED.,.F.,.F.,(4,2,4),(-1.40211715360733,-0.699177438913186,0.),
 .UNSPECIFIED.);
#570=B_SPLINE_CURVE_WITH_KNOTS('',3,(#3336,#3337,#3338,#3339),
 .UNSPECIFIED.,.F.,.F.,(4,4),(291.606360032364,296.536532630847),
 .UNSPECIFIED.);
#571=B_SPLINE_CURVE_WITH_KNOTS('',3,(#3341,#3342,#3343,#3344,#3345,#3346,
#3347,#3348,#3349,#3350,#3351,#3352),.UNSPECIFIED.,.F.,.F.,(4,2,2,2,2,4),
(-7.63963698814679,-7.44450570329267,-5.90692573412192,-3.92465607068358,
-1.95587201918426,-2.73562091442538E-5),.UNSPECIFIED.);
#572=B_SPLINE_CURVE_WITH_KNOTS('',3,(#3358,#3359,#3360,#3361),
 .UNSPECIFIED.,.F.,.F.,(4,4),(100.264271713227,100.339034499605),
 .UNSPECIFIED.);
#573=B_SPLINE_CURVE_WITH_KNOTS('',3,(#3399,#3400,#3401,#3402),
 .UNSPECIFIED.,.F.,.F.,(4,4),(0.,5.36395769885564),.UNSPECIFIED.);
#574=B_SPLINE_CURVE_WITH_KNOTS('',3,(#3407,#3408,#3409,#3410,#3411,#3412,
#3413,#3414,#3415,#3416,#3417,#3418,#3419,#3420,#3421,#3422,#3423,#3424,
#3425,#3426,#3427,#3428,#3429,#3430,#3431,#3432,#3433,#3434,#3435),
 .UNSPECIFIED.,.T.,.F.,(4,1,1,2,2,2,2,2,2,1,1,1,2,2,1,2,1,4),(0.,0.424784431771043,
0.584078593685184,0.849568863542085,0.928154865212741,1.11078622085641,
1.26314013590405,1.40764704991887,1.58838770698514,2.09126012835745,2.3426963390436,
2.46841444438668,2.59413254972976,2.65990514243995,2.7767791458502,2.89365314926045,
3.29255036327649,3.42551610128184),.UNSPECIFIED.);
#575=B_SPLINE_CURVE_WITH_KNOTS('',3,(#3569,#3570,#3571,#3572,#3573,#3574,
#3575,#3576,#3577),.UNSPECIFIED.,.F.,.F.,(4,2,1,1,1,4),(0.,0.175525035674772,
0.317754201539004,0.459983367403236,0.7444416991317,0.796705600980371),
 .UNSPECIFIED.);
#576=B_SPLINE_CURVE_WITH_KNOTS('',3,(#3578,#3579,#3580,#3581,#3582,#3583,
#3584,#3585,#3586,#3587,#3588,#3589,#3590,#3591,#3592,#3593,#3594,#3595,
#3596,#3597,#3598,#3599,#3600,#3601,#3602,#3603),.UNSPECIFIED.,.F.,.F.,
(4,1,1,2,1,2,1,1,1,1,1,1,1,1,1,1,1,1,1,2,4),(0.796705600980371,0.886670864995932,
1.02890003086016,1.31335836258863,1.49348854297545,1.67361872336226,1.86107776999444,
1.95480729331054,2.04853681662663,2.23599586325881,2.42345490989099,2.51718443320708,
2.61091395652317,2.70464347983926,2.75150824149731,2.77494062232633,2.79837300315536,
2.89210252647145,2.98583204978754,3.17329109641972,3.36062253956479),
 .UNSPECIFIED.);
#577=B_SPLINE_CURVE_WITH_KNOTS('',3,(#3604,#3605,#3606,#3607,#3608,#3609,
#3610,#3611,#3612,#3613,#3614,#3615,#3616,#3617,#3618,#3619,#3620,#3621,
#3622,#3623,#3624,#3625,#3626,#3627,#3628,#3629,#3630,#3631,#3632,#3633,
#3634),.UNSPECIFIED.,.T.,.F.,(4,2,1,1,1,1,1,1,1,1,1,1,1,1,1,2,1,2,1,1,1,
1,1,2,4),(-3.36062253956479,-3.17329109641972,-2.98583204978754,-2.89210252647145,
-2.79837300315536,-2.77494062232633,-2.75150824149731,-2.70464347983926,
-2.61091395652317,-2.51718443320708,-2.42345490989099,-2.23599586325881,
-2.04853681662663,-1.95480729331054,-1.86107776999444,-1.67361872336226,
-1.49348854297545,-1.31335836258863,-1.02890003086016,-0.886670864995932,
-0.7444416991317,-0.459983367403236,-0.317754201539004,-0.175525035674772,
0.),.UNSPECIFIED.);
#578=B_SPLINE_CURVE_WITH_KNOTS('',3,(#3638,#3639,#3640,#3641,#3642,#3643),
 .UNSPECIFIED.,.F.,.F.,(4,2,4),(0.,1.57724091011315,3.71371513832476),
 .UNSPECIFIED.);
#579=B_SPLINE_CURVE_WITH_KNOTS('',3,(#3651,#3652,#3653,#3654,#3655,#3656),
 .UNSPECIFIED.,.F.,.F.,(4,2,4),(0.,1.16085905609788,1.75625141768219),
 .UNSPECIFIED.);
#580=B_SPLINE_CURVE_WITH_KNOTS('',3,(#3659,#3660,#3661,#3662,#3663,#3664,
#3665,#3666,#3667,#3668),.UNSPECIFIED.,.F.,.F.,(4,3,3,4),(0.,0.440305056526277,
0.880685194717377,0.918302918115477),.UNSPECIFIED.);
#581=B_SPLINE_CURVE_WITH_KNOTS('',3,(#3751,#3752,#3753,#3754,#3755,#3756,
#3757),.UNSPECIFIED.,.F.,.F.,(4,3,4),(0.,0.0540424118707258,0.0858597274173045),
 .UNSPECIFIED.);
#582=B_SPLINE_CURVE_WITH_KNOTS('',3,(#3759,#3760,#3761,#3762,#3763,#3764,
#3765,#3766,#3767,#3768,#3769,#3770,#3771,#3772,#3773,#3774,#3775,#3776,
#3777,#3778,#3779,#3780,#3781,#3782,#3783,#3784,#3785,#3786,#3787,#3788,
#3789,#3790,#3791,#3792,#3793,#3794,#3795,#3796,#3797,#3798,#3799,#3800,
#3801,#3802,#3803,#3804,#3805,#3806,#3807,#3808,#3809,#3810,#3811,#3812,
#3813,#3814,#3815,#3816,#3817,#3818,#3819,#3820,#3821,#3822,#3823,#3824,
#3825,#3826,#3827,#3828,#3829,#3830,#3831,#3832,#3833,#3834,#3835,#3836,
#3837,#3838,#3839,#3840,#3841,#3842,#3843,#3844,#3845,#3846,#3847,#3848,
#3849,#3850,#3851,#3852,#3853,#3854,#3855,#3856,#3857,#3858,#3859,#3860,
#3861,#3862,#3863,#3864,#3865,#3866,#3867,#3868,#3869,#3870,#3871,#3872,
#3873,#3874,#3875,#3876,#3877,#3878,#3879,#3880,#3881,#3882,#3883,#3884,
#3885,#3886,#3887,#3888,#3889,#3890,#3891,#3892,#3893,#3894,#3895,#3896,
#3897,#3898,#3899,#3900,#3901,#3902,#3903,#3904,#3905,#3906,#3907,#3908,
#3909,#3910,#3911,#3912,#3913,#3914,#3915,#3916,#3917,#3918,#3919,#3920,
#3921,#3922,#3923,#3924,#3925,#3926,#3927,#3928,#3929,#3930,#3931,#3932,
#3933,#3934,#3935,#3936,#3937,#3938,#3939,#3940,#3941,#3942,#3943,#3944,
#3945),.UNSPECIFIED.,.F.,.F.,(4,3,3,3,3,3,3,3,3,3,3,3,3,3,3,3,3,3,3,3,3,
3,3,3,3,3,3,3,3,3,3,3,3,3,3,3,3,3,3,3,3,3,3,3,3,3,3,3,3,3,3,3,3,3,3,3,3,
3,3,3,3,3,4),(-0.954310993302688,-0.91272545864365,-0.89189714496466,-0.842435180678345,
-0.792635469933765,-0.742382202040262,-0.710542413086719,-0.710489868577779,
-0.643849371428778,-0.588446724749322,-0.588374335918973,-0.529159141244703,
-0.4846483965593,-0.484548186603437,-0.442894767599782,-0.401656009696731,
-0.368238255750359,-0.329380846421826,-0.290975657783444,-0.253153014269818,
-0.216444413213453,-0.197236709860782,-0.143884186436516,-0.0929679007865811,
-0.092793094648473,-0.0509294188693854,-0.0089790255538043,-0.00017325711022597,
0.,0.0385877908525031,0.0782062585063603,0.118109746815798,0.157888845257832,
0.16561471934297,0.204852648740149,0.244229084803309,0.283185361330502,
0.311795073643564,0.343193714264218,0.379928862993334,0.41803457326135,
0.456538447596854,0.495223106649216,0.532351704065395,0.578644648519488,
0.623356104449637,0.671085803992345,0.720409699635218,0.734259109204185,
0.774949891410912,0.816327709863437,0.858331293536386,0.881375265790417,
0.934869785866389,0.993442193400969,1.05989628392255,1.10563361116443,1.1678481305052,
1.22709362627901,1.24637051390106,1.24639706160039,1.29878752602378,1.35094106135675),
 .UNSPECIFIED.);
#583=B_SPLINE_CURVE_WITH_KNOTS('',3,(#3947,#3948,#3949,#3950,#3951,#3952,
#3953),.UNSPECIFIED.,.F.,.F.,(4,3,4),(0.,0.0547096207703674,0.0859328831341497),
 .UNSPECIFIED.);
#584=B_SPLINE_CURVE_WITH_KNOTS('',3,(#3955,#3956,#3957,#3958),
 .UNSPECIFIED.,.F.,.F.,(4,4),(0.0749570850610692,0.0970596800985474),
 .UNSPECIFIED.);
#585=B_SPLINE_CURVE_WITH_KNOTS('',3,(#3960,#3961,#3962,#3963,#3964,#3965,
#3966,#3967,#3968),.UNSPECIFIED.,.F.,.F.,(4,2,1,1,1,4),(-1.39293501343703,
-1.24639706160039,-0.93479779620029,-0.623198530800193,-0.311599265400097,
-0.214960449253699),.UNSPECIFIED.);
#586=B_SPLINE_CURVE_WITH_KNOTS('',3,(#3970,#3971,#3972,#3973,#3974,#3975,
#3976,#3977,#3978,#3979,#3980,#3981,#3982,#3983),.UNSPECIFIED.,.F.,.F.,
(4,2,2,2,2,2,4),(-0.214960449253699,0.,0.092793094648473,0.484548186603437,
0.588374335918973,0.710489868577779,0.999729848691179),.UNSPECIFIED.);
#587=B_SPLINE_CURVE_WITH_KNOTS('',3,(#3984,#3985,#3986,#3987),
 .UNSPECIFIED.,.F.,.F.,(4,4),(0.,0.0211491527546616),.UNSPECIFIED.);
#588=B_SPLINE_CURVE_WITH_KNOTS('',3,(#4009,#4010,#4011,#4012,#4013),
 .UNSPECIFIED.,.F.,.F.,(4,1,4),(-3.48057932517039,-2.94934562552317,-2.55092035078775),
 .UNSPECIFIED.);
#589=B_SPLINE_CURVE_WITH_KNOTS('',3,(#4016,#4017,#4018,#4019,#4020),
 .UNSPECIFIED.,.F.,.F.,(4,1,4),(2.57353210254537,2.94934562552317,3.48057932517039),
 .UNSPECIFIED.);
#590=B_SPLINE_CURVE_WITH_KNOTS('',3,(#4024,#4025,#4026,#4027,#4028,#4029),
 .UNSPECIFIED.,.F.,.F.,(4,1,1,4),(-0.886357239613052,-0.6356816826992,-0.510343904242273,
-0.00899279041456846),.UNSPECIFIED.);
#591=B_SPLINE_CURVE_WITH_KNOTS('',3,(#4031,#4032,#4033,#4034),
 .UNSPECIFIED.,.F.,.F.,(4,4),(-0.00899279041457891,0.),.UNSPECIFIED.);
#592=B_SPLINE_CURVE_WITH_KNOTS('',3,(#4036,#4037,#4038,#4039),
 .UNSPECIFIED.,.F.,.F.,(4,4),(-0.528880718858815,-0.0603698987206657),
 .UNSPECIFIED.);
#593=B_SPLINE_CURVE_WITH_KNOTS('',3,(#4043,#4044,#4045,#4046),
 .UNSPECIFIED.,.F.,.F.,(4,4),(-0.670087106275749,7.12611527288482E-15),
 .UNSPECIFIED.);
#594=B_SPLINE_CURVE_WITH_KNOTS('',3,(#4047,#4048,#4049,#4050),
 .UNSPECIFIED.,.F.,.F.,(4,4),(-3.48638311627658,-3.48057932517037),
 .UNSPECIFIED.);
#595=B_SPLINE_CURVE_WITH_KNOTS('',3,(#4087,#4088,#4089,#4090,#4091,#4092),
 .UNSPECIFIED.,.F.,.F.,(4,1,1,4),(0.00899279041456846,0.510343904242273,
0.6356816826992,0.870291869311971),.UNSPECIFIED.);
#596=B_SPLINE_CURVE_WITH_KNOTS('',3,(#4111,#4112,#4113,#4114),
 .UNSPECIFIED.,.F.,.F.,(4,4),(0.,0.62276212247437),.UNSPECIFIED.);
#597=B_SPLINE_CURVE_WITH_KNOTS('',3,(#4118,#4119,#4120,#4121),
 .UNSPECIFIED.,.F.,.F.,(4,4),(1.64761350160625,2.06113260155467),
 .UNSPECIFIED.);
#598=B_SPLINE_CURVE_WITH_KNOTS('',3,(#4124,#4125,#4126,#4127),
 .UNSPECIFIED.,.F.,.F.,(4,4),(7.25448862612094,7.75981364226408),
 .UNSPECIFIED.);
#599=B_SPLINE_CURVE_WITH_KNOTS('',3,(#4131,#4132,#4133,#4134),
 .UNSPECIFIED.,.F.,.F.,(4,4),(-19.6593770297202,-19.6515152280077),
 .UNSPECIFIED.);
#600=B_SPLINE_CURVE_WITH_KNOTS('',3,(#4136,#4137,#4138,#4139,#4140,#4141,
#4142,#4143),.UNSPECIFIED.,.F.,.F.,(4,1,1,1,1,4),(3.33999208722916,4.39396094752191,
5.44792980781466,5.71142202288785,6.50189866810741,7.02888309825378),
 .UNSPECIFIED.);
#601=B_SPLINE_CURVE_WITH_KNOTS('',3,(#4145,#4146,#4147,#4148),
 .UNSPECIFIED.,.F.,.F.,(4,4),(3.24894510088777,3.33999208722916),
 .UNSPECIFIED.);
#602=B_SPLINE_CURVE_WITH_KNOTS('',3,(#4150,#4151,#4152,#4153,#4154,#4155,
#4156,#4157,#4158),.UNSPECIFIED.,.F.,.F.,(4,1,1,1,1,1,4),(-24.2126438005633,
-23.9536716667352,-23.6946995329071,-23.4357273990789,-23.1767552652508,
-22.9177831314227,-22.3998388637664),.UNSPECIFIED.);
#603=B_SPLINE_CURVE_WITH_KNOTS('',3,(#4162,#4163,#4164,#4165,#4166,#4167,
#4168,#4169,#4170,#4171,#4172,#4173,#4174,#4175,#4176,#4177,#4178,#4179,
#4180),.UNSPECIFIED.,.F.,.F.,(4,1,1,1,1,1,1,1,1,1,1,1,1,1,1,1,4),(18.9275424616423,
19.6835971478957,20.0616244910224,20.2506381625857,20.3451449983674,20.439651834149,
20.6286655057124,20.8176791772757,21.1957065204024,21.9517612066557,22.1407748782191,
22.3297885497824,22.7078158929091,23.0858432360358,23.4638705791624,23.8418979222891,
24.2199252654158),.UNSPECIFIED.);
#604=B_SPLINE_CURVE_WITH_KNOTS('',3,(#4188,#4189,#4190,#4191,#4192,#4193,
#4194,#4195,#4196,#4197,#4198,#4199,#4200,#4201,#4202,#4203,#4204,#4205),
 .UNSPECIFIED.,.F.,.F.,(4,2,2,2,2,2,2,2,4),(-2.53787577110359,-2.05884423515415,
-1.42345884131055,-1.01740947198048,-0.809023567964086,-0.673927735118987,
-0.546510419091998,-0.376037453893042,-0.0406945032567882),
 .UNSPECIFIED.);
#605=B_SPLINE_CURVE_WITH_KNOTS('',3,(#4207,#4208,#4209,#4210),
 .UNSPECIFIED.,.F.,.F.,(4,4),(-2.53347652710974,0.),.UNSPECIFIED.);
#606=B_SPLINE_CURVE_WITH_KNOTS('',3,(#4251,#4252,#4253,#4254),
 .UNSPECIFIED.,.F.,.F.,(4,4),(1.53925093211344,1.58089134404806),
 .UNSPECIFIED.);
#607=B_SPLINE_CURVE_WITH_KNOTS('',3,(#4258,#4259,#4260,#4261,#4262,#4263,
#4264,#4265,#4266,#4267,#4268,#4269,#4270,#4271,#4272,#4273,#4274,#4275,
#4276,#4277,#4278,#4279),.UNSPECIFIED.,.F.,.F.,(4,2,2,1,1,1,1,1,1,1,1,1,
1,1,2,1,4),(0.0719290922574796,0.387944896160976,0.553603391749965,0.826372247308943,
0.962756675088432,1.09914110286792,1.3719099584269,1.64467881398588,1.91744766954485,
2.19021652510383,2.22431263204871,2.32660095288332,2.46298538066281,2.5993698084423,
2.73575423622179,2.88694663652337,3.03813903682496),.UNSPECIFIED.);
#608=B_SPLINE_CURVE_WITH_KNOTS('',3,(#4282,#4283,#4284,#4285,#4286,#4287,
#4288,#4289,#4290,#4291,#4292,#4293,#4294,#4295,#4296,#4297,#4298,#4299,
#4300),.UNSPECIFIED.,.F.,.F.,(4,3,3,3,3,3,4),(-2.23059043655236,-1.80216906781889,
-1.37562128600592,-1.11473554781142,-0.710631516505468,-0.307197449880785,
0.),.UNSPECIFIED.);
#609=B_SPLINE_CURVE_WITH_KNOTS('',3,(#4330,#4331,#4332,#4333),
 .UNSPECIFIED.,.F.,.F.,(4,4),(-1.49725963640467,-1.30958937015968),
 .UNSPECIFIED.);
#610=B_SPLINE_CURVE_WITH_KNOTS('',3,(#4334,#4335,#4336,#4337,#4338,#4339,
#4340,#4341,#4342,#4343),.UNSPECIFIED.,.F.,.F.,(4,2,2,2,4),(2.37328566010643,
6.17152649987718,9.58434081105218,11.1885468152799,12.8325625046643),
 .UNSPECIFIED.);
#611=B_SPLINE_CURVE_WITH_KNOTS('',3,(#4344,#4345,#4346,#4347,#4348,#4349),
 .UNSPECIFIED.,.F.,.F.,(4,2,4),(-2.71092665489446,-1.04940388843282,0.),
 .UNSPECIFIED.);
#612=B_SPLINE_CURVE_WITH_KNOTS('',3,(#4351,#4352,#4353,#4354,#4355,#4356,
#4357,#4358,#4359,#4360,#4361,#4362,#4363,#4364,#4365,#4366,#4367,#4368,
#4369,#4370,#4371,#4372,#4373,#4374,#4375,#4376,#4377,#4378,#4379),
 .UNSPECIFIED.,.T.,.F.,(4,1,1,1,1,1,1,2,2,2,2,2,2,1,1,1,2,2,4),(0.,0.217130899095666,
0.434261798191331,0.868523596382662,1.30278539457399,1.51991629366966,1.57419901844358,
1.73704719276532,1.80432486458324,1.86265450997528,1.93475751364413,2.07226039035216,
2.26254209770772,2.79868632728837,3.0667584420787,3.20079449947386,3.33483055686902,
3.48796987000422,3.67096563625614),.UNSPECIFIED.);
#613=B_SPLINE_CURVE_WITH_KNOTS('',3,(#4499,#4500,#4501,#4502,#4503,#4504,
#4505,#4506,#4507,#4508,#4509,#4510,#4511,#4512,#4513,#4514,#4515,#4516,
#4517,#4518,#4519,#4520,#4521,#4522,#4523,#4524,#4525,#4526,#4527),
 .UNSPECIFIED.,.F.,.F.,(4,2,2,1,1,1,2,2,2,2,2,2,1,1,1,1,1,1,4),(-3.67096563625614,
-3.48796987000422,-3.33483055686902,-3.20079449947386,-3.0667584420787,
-2.79868632728837,-2.26254209770772,-2.07226039035216,-1.93475751364413,
-1.86265450997528,-1.80432486458324,-1.73704719276532,-1.57419901844358,
-1.51991629366966,-1.30278539457399,-0.868523596382662,-0.434261798191331,
-0.217130899095666,-0.081845423302887),.UNSPECIFIED.);
#614=B_SPLINE_CURVE_WITH_KNOTS('',3,(#4528,#4529,#4530,#4531),
 .UNSPECIFIED.,.F.,.F.,(4,4),(-0.081845423302887,0.),.UNSPECIFIED.);
#615=B_SPLINE_CURVE_WITH_KNOTS('',3,(#4551,#4552,#4553,#4554,#4555,#4556),
 .UNSPECIFIED.,.F.,.F.,(4,2,4),(0.,0.0502603636659707,0.100606925842331),
 .UNSPECIFIED.);
#616=B_SPLINE_CURVE_WITH_KNOTS('',3,(#4616,#4617,#4618,#4619,#4620,#4621),
 .UNSPECIFIED.,.F.,.F.,(4,2,4),(3.90457745580491,4.67826804498038,4.99518943027174),
 .UNSPECIFIED.);
#617=B_SPLINE_CURVE_WITH_KNOTS('',3,(#4624,#4625,#4626,#4627),
 .UNSPECIFIED.,.F.,.F.,(4,4),(6.81823049173998E-15,0.0719290922574789),
 .UNSPECIFIED.);
#618=B_SPLINE_CURVE_WITH_KNOTS('',3,(#4629,#4630,#4631,#4632,#4633,#4634,
#4635,#4636),.UNSPECIFIED.,.F.,.F.,(4,1,1,1,1,4),(-3.22245405353433,-2.93789446003819,
-2.79561466329012,-2.65333486654205,-2.51105506979398,-2.22649547629784),
 .UNSPECIFIED.);
#619=B_SPLINE_CURVE_WITH_KNOTS('',3,(#4637,#4638,#4639,#4640),
 .UNSPECIFIED.,.F.,.F.,(4,4),(3.03813903682495,3.16421069658988),
 .UNSPECIFIED.);
#620=B_SPLINE_CURVE_WITH_KNOTS('',3,(#4643,#4644,#4645,#4646,#4647,#4648,
#4649,#4650,#4651,#4652,#4653,#4654,#4655,#4656,#4657,#4658,#4659,#4660,
#4661,#4662,#4663,#4664,#4665,#4666,#4667,#4668,#4669,#4670,#4671,#4672,
#4673,#4674,#4675,#4676,#4677,#4678,#4679),.UNSPECIFIED.,.T.,.F.,(4,2,2,
1,1,1,1,1,1,1,1,1,2,1,1,1,1,1,1,1,1,1,1,1,1,1,1,2,2,4),(-4.05324969211525,
-3.97214351633141,-3.89103734054757,-3.68289242241865,-3.57881996335419,
-3.47474750428973,-3.16253012709635,-3.05845766803189,-2.85031274990298,
-2.64216783177406,-2.43402291364514,-2.38198668411291,-2.22587799551622,
-2.09517824385965,-1.96447849220309,-1.83377874054652,-1.76842886471823,
-1.70307898888995,-1.57237923723338,-1.44167948557682,-1.18027998226368,
-1.04958023060711,-0.918880478950545,-0.65748097563741,-0.526781223980842,
-0.396081472324274,-0.265381720667707,-0.134681969011139,-0.0673409845055696,
0.),.UNSPECIFIED.);
#621=B_SPLINE_CURVE_WITH_KNOTS('',3,(#4717,#4718,#4719,#4720,#4721,#4722,
#4723,#4724,#4725,#4726,#4727,#4728,#4729,#4730),.UNSPECIFIED.,.F.,.F.,
(4,2,2,2,2,2,4),(2.24875673995837,2.29340072376587,2.68370601658378,3.07401130940168,
3.39476378133754,3.55514001730547,3.5741086764549),.UNSPECIFIED.);
#622=B_SPLINE_CURVE_WITH_KNOTS('',3,(#4733,#4734,#4735,#4736,#4737,#4738,
#4739,#4740,#4741,#4742),.UNSPECIFIED.,.F.,.F.,(4,2,2,2,4),(3.85692383009192,
3.87589248924133,4.03626872520926,4.35702119714513,4.61089215480055),
 .UNSPECIFIED.);
#623=B_SPLINE_CURVE_WITH_KNOTS('',3,(#4748,#4749,#4750,#4751,#4752,#4753,
#4754,#4755,#4756,#4757),.UNSPECIFIED.,.F.,.F.,(4,2,2,2,4),(2.81763965844371,
3.07378321859635,3.39457236232799,3.55496693419382,3.60468636684308),
 .UNSPECIFIED.);
#624=B_SPLINE_CURVE_WITH_KNOTS('',3,(#4761,#4762,#4763,#4764,#4765,#4766,
#4767,#4768,#4769,#4770,#4771,#4772,#4773,#4774,#4775),.UNSPECIFIED.,.F.,
 .F.,(4,2,2,2,2,3,4),(-1.31160257039997,-1.26188313775072,-1.1014885658849,
-0.780699422153253,-0.390349711076627,0.,0.0379900545473292),
 .UNSPECIFIED.);
#625=B_SPLINE_CURVE_WITH_KNOTS('',3,(#4845,#4846,#4847,#4848,#4849,#4850,
#4851,#4852),.UNSPECIFIED.,.F.,.F.,(4,1,1,1,1,4),(2.22649547629784,2.51105506979398,
2.65333486654205,2.79561466329012,2.93789446003819,3.22245405353433),
 .UNSPECIFIED.);
#626=B_SPLINE_CURVE_WITH_KNOTS('',3,(#4944,#4945,#4946,#4947,#4948,#4949,
#4950,#4951,#4952,#4953,#4954,#4955,#4956,#4957,#4958,#4959,#4960,#4961,
#4962,#4963),.UNSPECIFIED.,.F.,.F.,(4,1,2,1,1,1,1,1,1,1,1,1,1,1,2,4),(-3.03813903682496,
-2.88694663652337,-2.73575423622179,-2.5993698084423,-2.46298538066281,
-2.32660095288332,-2.22431263204871,-2.19021652510383,-1.91744766954485,
-1.64467881398588,-1.3719099584269,-1.09914110286792,-0.962756675088432,
-0.826372247308943,-0.553603391749965,-0.51162031209093),.UNSPECIFIED.);
#627=B_SPLINE_CURVE_WITH_KNOTS('',3,(#4965,#4966,#4967,#4968,#4969,#4970),
 .UNSPECIFIED.,.F.,.F.,(4,2,4),(-0.51162031209093,-0.387944896160976,-0.0719290922574796),
 .UNSPECIFIED.);
#628=B_SPLINE_CURVE_WITH_KNOTS('',3,(#4988,#4989,#4990,#4991),
 .UNSPECIFIED.,.F.,.F.,(4,4),(-3.16421069658988,-3.03813903682495),
 .UNSPECIFIED.);
#629=B_SPLINE_CURVE_WITH_KNOTS('',3,(#5008,#5009,#5010,#5011),
 .UNSPECIFIED.,.F.,.F.,(4,4),(-0.0719290922574789,-6.81823049173998E-15),
 .UNSPECIFIED.);
#630=B_SPLINE_CURVE_WITH_KNOTS('',3,(#5027,#5028,#5029,#5030),
 .UNSPECIFIED.,.F.,.F.,(4,4),(8.15118221729436,8.3177151968027),
 .UNSPECIFIED.);
#631=B_SPLINE_CURVE_WITH_KNOTS('',3,(#5168,#5169,#5170,#5171,#5172,#5173,
#5174,#5175,#5176,#5177,#5178,#5179),.UNSPECIFIED.,.F.,.F.,(4,1,2,1,2,2,
4),(-3.42551610128184,-3.29255036327649,-2.89365314926045,-2.7767791458502,
-2.65990514243995,-2.59413254972976,-2.54015877364793),.UNSPECIFIED.);
#632=B_SPLINE_CURVE_WITH_KNOTS('',3,(#5180,#5181,#5182,#5183,#5184,#5185,
#5186,#5187,#5188,#5189,#5190,#5191,#5192,#5193,#5194,#5195,#5196,#5197,
#5198,#5199,#5200),.UNSPECIFIED.,.F.,.F.,(4,1,1,1,2,2,2,2,2,2,1,1,4),(-2.54015877364793,
-2.46841444438668,-2.3426963390436,-2.09126012835745,-1.58838770698514,
-1.40764704991887,-1.26314013590405,-1.11078622085641,-0.928154865212741,
-0.849568863542085,-0.584078593685184,-0.424784431771043,0.),
 .UNSPECIFIED.);
#633=B_SPLINE_CURVE_WITH_KNOTS('',3,(#5226,#5227,#5228,#5229,#5230,#5231,
#5232,#5233,#5234,#5235),.UNSPECIFIED.,.F.,.F.,(4,2,2,2,4),(27.1121052028257,
27.4430114086966,28.3806998885037,29.3183883683107,29.5484364393751),
 .UNSPECIFIED.);
#634=B_SPLINE_CURVE_WITH_KNOTS('',3,(#5277,#5278,#5279,#5280,#5281,#5282,
#5283,#5284),.UNSPECIFIED.,.F.,.F.,(4,1,1,1,1,4),(-7.02888309825378,-6.50189866810741,
-5.71142202288785,-5.44792980781466,-4.39396094752191,-3.33999208722916),
 .UNSPECIFIED.);
#635=B_SPLINE_CURVE_WITH_KNOTS('',3,(#5301,#5302,#5303,#5304),
 .UNSPECIFIED.,.F.,.F.,(4,4),(19.6515152280077,19.6593770297202),
 .UNSPECIFIED.);
#636=B_SPLINE_CURVE_WITH_KNOTS('',3,(#5344,#5345,#5346,#5347,#5348,#5349,
#5350,#5351,#5352),.UNSPECIFIED.,.F.,.F.,(4,1,1,1,1,1,4),(22.3998388637664,
22.9177831314227,23.1767552652508,23.4357273990789,23.6946995329071,23.9536716667352,
24.0946618448429),.UNSPECIFIED.);
#637=B_SPLINE_CURVE_WITH_KNOTS('',3,(#5354,#5355,#5356,#5357),
 .UNSPECIFIED.,.F.,.F.,(4,4),(-0.138948565902125,-0.133960417996254),
 .UNSPECIFIED.);
#638=B_SPLINE_CURVE_WITH_KNOTS('',3,(#5358,#5359,#5360,#5361,#5362,#5363),
 .UNSPECIFIED.,.F.,.F.,(4,2,4),(-0.181094182881561,-0.0931322460978226,
0.),.UNSPECIFIED.);
#639=B_SPLINE_CURVE_WITH_KNOTS('',3,(#5367,#5368,#5369,#5370,#5371,#5372),
 .UNSPECIFIED.,.F.,.F.,(4,2,4),(0.,0.0956134001433387,0.182929494607935),
 .UNSPECIFIED.);
#640=B_SPLINE_CURVE_WITH_KNOTS('',3,(#5451,#5452,#5453,#5454,#5455,#5456,
#5457,#5458,#5459,#5460,#5461,#5462,#5463,#5464,#5465,#5466,#5467,#5468,
#5469),.UNSPECIFIED.,.F.,.F.,(4,1,1,1,1,1,1,1,1,1,1,1,1,1,1,1,4),(-24.1077315062468,
-23.8418979222891,-23.4638705791624,-23.0858432360358,-22.7078158929091,
-22.3297885497824,-22.1407748782191,-21.9517612066557,-21.1957065204024,
-20.8176791772757,-20.6286655057124,-20.439651834149,-20.3451449983674,
-20.2506381625857,-20.0616244910224,-19.6835971478957,-18.9275424616423),
 .UNSPECIFIED.);
#641=B_SPLINE_CURVE_WITH_KNOTS('',3,(#5471,#5472,#5473,#5474),
 .UNSPECIFIED.,.F.,.F.,(4,4),(-0.0054307809601749,0.),.UNSPECIFIED.);
#642=B_SPLINE_CURVE_WITH_KNOTS('',3,(#5491,#5492,#5493,#5494),
 .UNSPECIFIED.,.F.,.F.,(4,4),(-3.33999208722916,-3.24894510088777),
 .UNSPECIFIED.);
#643=B_SPLINE_CURVE_WITH_KNOTS('',3,(#5517,#5518,#5519,#5520),
 .UNSPECIFIED.,.F.,.F.,(4,4),(18.925457870597,18.9275424616423),
 .UNSPECIFIED.);
#644=B_SPLINE_CURVE_WITH_KNOTS('',3,(#5521,#5522,#5523,#5524),
 .UNSPECIFIED.,.F.,.F.,(4,4),(-18.9275424616423,-18.925457870597),
 .UNSPECIFIED.);
#645=B_SPLINE_CURVE_WITH_KNOTS('',3,(#5543,#5544,#5545,#5546,#5547,#5548,
#5549,#5550,#5551,#5552,#5553,#5554,#5555,#5556,#5557,#5558),
 .UNSPECIFIED.,.F.,.F.,(4,2,2,2,2,2,2,4),(0.358894042803444,0.941700306669733,
1.88340061333947,2.8251009200092,3.76680122667893,4.70926326953343,5.65172531238793,
5.72801162475123),.UNSPECIFIED.);
#646=B_SPLINE_CURVE_WITH_KNOTS('',3,(#5595,#5596,#5597,#5598,#5599,#5600),
 .UNSPECIFIED.,.F.,.F.,(4,1,1,4),(-0.540251304600465,-0.219707029720223,
0.100837245160019,0.581653657480382),.UNSPECIFIED.);
#647=B_SPLINE_CURVE_WITH_KNOTS('',3,(#5623,#5624,#5625,#5626),
 .UNSPECIFIED.,.F.,.F.,(4,4),(-0.114857514231347,-1.33573707650214E-16),
 .UNSPECIFIED.);
#648=B_SPLINE_CURVE_WITH_KNOTS('',3,(#5643,#5644,#5645,#5646),
 .UNSPECIFIED.,.F.,.F.,(4,4),(-0.542606942705359,-0.540251304600464),
 .UNSPECIFIED.);
#649=B_SPLINE_CURVE_WITH_KNOTS('',3,(#5819,#5820,#5821,#5822,#5823,#5824,
#5825,#5826,#5827,#5828,#5829,#5830,#5831,#5832,#5833,#5834,#5835,#5836,
#5837,#5838,#5839),.UNSPECIFIED.,.F.,.F.,(4,2,2,1,1,1,1,1,1,1,1,1,1,1,1,
1,4),(0.,0.0673409845055696,0.134681969011139,0.265381720667707,0.396081472324274,
0.526781223980842,0.65748097563741,0.918880478950545,1.04958023060711,1.18027998226368,
1.44167948557682,1.57237923723338,1.70307898888995,1.76842886471823,1.83377874054652,
1.96447849220309,1.98233464977245),.UNSPECIFIED.);
#650=B_SPLINE_CURVE_WITH_KNOTS('',3,(#5840,#5841,#5842,#5843,#5844,#5845,
#5846,#5847,#5848,#5849,#5850,#5851,#5852,#5853,#5854,#5855,#5856,#5857,
#5858,#5859),.UNSPECIFIED.,.F.,.F.,(4,1,2,1,1,1,1,1,1,1,1,1,2,2,4),(1.98233464977245,
2.09517824385965,2.22587799551622,2.38198668411291,2.43402291364514,2.64216783177406,
2.85031274990298,3.05845766803189,3.16253012709635,3.47474750428973,3.57881996335419,
3.68289242241865,3.89103734054757,3.97214351633141,4.05324969211525),
 .UNSPECIFIED.);
#651=B_SPLINE_CURVE_WITH_KNOTS('',3,(#5893,#5894,#5895,#5896,#5897,#5898,
#5899,#5900,#5901,#5902,#5903,#5904,#5905,#5906,#5907,#5908,#5909,#5910,
#5911,#5912,#5913,#5914,#5915,#5916,#5917,#5918,#5919),.UNSPECIFIED.,.F.,
 .F.,(4,2,2,3,2,2,2,2,2,2,2,2,4),(3.6511788253803,3.66431701367105,3.91934719061471,
4.17437736755836,4.42803708829876,4.68169680903917,4.94375785686169,5.20581890468422,
5.47867854082824,5.75153817697226,6.00653968911868,6.26154120126511,6.37705781617739),
 .UNSPECIFIED.);
#652=B_SPLINE_CURVE_WITH_KNOTS('',3,(#5921,#5922,#5923,#5924,#5925,#5926,
#5927,#5928),.UNSPECIFIED.,.F.,.F.,(4,2,2,4),(6.37705781617739,6.52156657707011,
6.78159195287511,6.79524925200531),.UNSPECIFIED.);
#653=B_SPLINE_CURVE_WITH_KNOTS('',3,(#5956,#5957,#5958,#5959,#5960,#5961,
#5962,#5963,#5964,#5965,#5966,#5967,#5968,#5969,#5970,#5971),
 .UNSPECIFIED.,.F.,.F.,(4,2,2,2,2,2,2,4),(1.08827233597638,1.31815128639507,
1.53273773506107,1.66676852371084,1.77992936346875,1.90807873887989,2.11174625336649,
2.1643959797175),.UNSPECIFIED.);
#654=B_SPLINE_CURVE_WITH_KNOTS('',3,(#6034,#6035,#6036,#6037,#6038,#6039),
 .UNSPECIFIED.,.F.,.F.,(4,2,4),(0.,0.0154550329185203,0.0307271276626086),
 .UNSPECIFIED.);
#655=B_SPLINE_CURVE_WITH_KNOTS('',3,(#6041,#6042,#6043,#6044),
 .UNSPECIFIED.,.F.,.F.,(4,4),(-7.12611527288482E-15,0.682394535014462),
 .UNSPECIFIED.);
#656=B_SPLINE_CURVE_WITH_KNOTS('',3,(#6062,#6063,#6064,#6065),
 .UNSPECIFIED.,.F.,.F.,(4,4),(3.48057932517037,3.48638311627658),
 .UNSPECIFIED.);
#657=B_SPLINE_CURVE_WITH_KNOTS('',3,(#6083,#6084,#6085,#6086,#6087,#6088),
 .UNSPECIFIED.,.F.,.F.,(4,2,4),(0.,0.0154150050454967,0.0310217753038824),
 .UNSPECIFIED.);
#658=B_SPLINE_CURVE_WITH_KNOTS('',3,(#6091,#6092,#6093,#6094),
 .UNSPECIFIED.,.F.,.F.,(4,4),(0.0520916126362131,0.528880718858815),
 .UNSPECIFIED.);
#659=B_SPLINE_CURVE_WITH_KNOTS('',3,(#6111,#6112,#6113,#6114),
 .UNSPECIFIED.,.F.,.F.,(4,4),(0.,0.00899279041457891),.UNSPECIFIED.);
#660=B_SPLINE_CURVE_WITH_KNOTS('',3,(#6140,#6141,#6142,#6143),
 .UNSPECIFIED.,.F.,.F.,(4,4),(-0.213823443558968,-0.138925998750548),
 .UNSPECIFIED.);
#661=B_SPLINE_CURVE_WITH_KNOTS('',3,(#6145,#6146,#6147,#6148,#6149,#6150),
 .UNSPECIFIED.,.F.,.F.,(4,2,4),(-0.68582092335315,-0.532589676397259,-0.301401958873061),
 .UNSPECIFIED.);
#662=B_SPLINE_CURVE_WITH_KNOTS('',3,(#6151,#6152,#6153,#6154),
 .UNSPECIFIED.,.F.,.F.,(4,4),(-0.281497838003411,-0.206123587947094),
 .UNSPECIFIED.);
#663=B_SPLINE_CURVE_WITH_KNOTS('',3,(#6158,#6159,#6160,#6161,#6162,#6163,
#6164,#6165),.UNSPECIFIED.,.F.,.F.,(4,2,2,4),(0.,0.860150410908037,1.46290500019354,
2.06639141679184),.UNSPECIFIED.);
#664=B_SPLINE_CURVE_WITH_KNOTS('',3,(#6184,#6185,#6186,#6187),
 .UNSPECIFIED.,.F.,.F.,(4,4),(2.58878113495551,3.22237943057114),
 .UNSPECIFIED.);
#665=B_SPLINE_CURVE_WITH_KNOTS('',3,(#6190,#6191,#6192,#6193),
 .UNSPECIFIED.,.F.,.F.,(4,4),(0.,0.512555895050165),.UNSPECIFIED.);
#666=B_SPLINE_CURVE_WITH_KNOTS('',3,(#6208,#6209,#6210,#6211,#6212,#6213),
 .UNSPECIFIED.,.F.,.F.,(4,2,4),(0.,0.258424273741913,0.517219796410849),
 .UNSPECIFIED.);
#667=B_SPLINE_CURVE_WITH_KNOTS('',3,(#6228,#6229,#6230,#6231,#6232,#6233),
 .UNSPECIFIED.,.F.,.F.,(4,2,4),(0.,0.317563662977652,0.635279967777002),
 .UNSPECIFIED.);
#668=LINE('',#3185,#794);
#669=LINE('',#3192,#795);
#670=LINE('',#3194,#796);
#671=LINE('',#3195,#797);
#672=LINE('',#3199,#798);
#673=LINE('',#3200,#799);
#674=LINE('',#3201,#800);
#675=LINE('',#3205,#801);
#676=LINE('',#3222,#802);
#677=LINE('',#3276,#803);
#678=LINE('',#3284,#804);
#679=LINE('',#3293,#805);
#680=LINE('',#3365,#806);
#681=LINE('',#3437,#807);
#682=LINE('',#3439,#808);
#683=LINE('',#3567,#809);
#684=LINE('',#3649,#810);
#685=LINE('',#3658,#811);
#686=LINE('',#3672,#812);
#687=LINE('',#4015,#813);
#688=LINE('',#4054,#814);
#689=LINE('',#4059,#815);
#690=LINE('',#4093,#816);
#691=LINE('',#4115,#817);
#692=LINE('',#4117,#818);
#693=LINE('',#4216,#819);
#694=LINE('',#4497,#820);
#695=LINE('',#4535,#821);
#696=LINE('',#4540,#822);
#697=LINE('',#4546,#823);
#698=LINE('',#4549,#824);
#699=LINE('',#4559,#825);
#700=LINE('',#4563,#826);
#701=LINE('',#4565,#827);
#702=LINE('',#4567,#828);
#703=LINE('',#4569,#829);
#704=LINE('',#4571,#830);
#705=LINE('',#4575,#831);
#706=LINE('',#4576,#832);
#707=LINE('',#4579,#833);
#708=LINE('',#4583,#834);
#709=LINE('',#4587,#835);
#710=LINE('',#4591,#836);
#711=LINE('',#4614,#837);
#712=LINE('',#4641,#838);
#713=LINE('',#4684,#839);
#714=LINE('',#4691,#840);
#715=LINE('',#4698,#841);
#716=LINE('',#4705,#842);
#717=LINE('',#4784,#843);
#718=LINE('',#4785,#844);
#719=LINE('',#4787,#845);
#720=LINE('',#4789,#846);
#721=LINE('',#4790,#847);
#722=LINE('',#4792,#848);
#723=LINE('',#4795,#849);
#724=LINE('',#4798,#850);
#725=LINE('',#4801,#851);
#726=LINE('',#4806,#852);
#727=LINE('',#4842,#853);
#728=LINE('',#4844,#854);
#729=LINE('',#4942,#855);
#730=LINE('',#4971,#856);
#731=LINE('',#5015,#857);
#732=LINE('',#5020,#858);
#733=LINE('',#5031,#859);
#734=LINE('',#5034,#860);
#735=LINE('',#5038,#861);
#736=LINE('',#5045,#862);
#737=LINE('',#5048,#863);
#738=LINE('',#5166,#864);
#739=LINE('',#5204,#865);
#740=LINE('',#5210,#866);
#741=LINE('',#5214,#867);
#742=LINE('',#5217,#868);
#743=LINE('',#5218,#869);
#744=LINE('',#5222,#870);
#745=LINE('',#5224,#871);
#746=LINE('',#5238,#872);
#747=LINE('',#5239,#873);
#748=LINE('',#5240,#874);
#749=LINE('',#5274,#875);
#750=LINE('',#5276,#876);
#751=LINE('',#5342,#877);
#752=LINE('',#5470,#878);
#753=LINE('',#5497,#879);
#754=LINE('',#5499,#880);
#755=LINE('',#5500,#881);
#756=LINE('',#5527,#882);
#757=LINE('',#5528,#883);
#758=LINE('',#5530,#884);
#759=LINE('',#5532,#885);
#760=LINE('',#5534,#886);
#761=LINE('',#5538,#887);
#762=LINE('',#5540,#888);
#763=LINE('',#5541,#889);
#764=LINE('',#5561,#890);
#765=LINE('',#5562,#891);
#766=LINE('',#5565,#892);
#767=LINE('',#5568,#893);
#768=LINE('',#5594,#894);
#769=LINE('',#5603,#895);
#770=LINE('',#5605,#896);
#771=LINE('',#5606,#897);
#772=LINE('',#5664,#898);
#773=LINE('',#5666,#899);
#774=LINE('',#5817,#900);
#775=LINE('',#5863,#901);
#776=LINE('',#5868,#902);
#777=LINE('',#5871,#903);
#778=LINE('',#5876,#904);
#779=LINE('',#5881,#905);
#780=LINE('',#5888,#906);
#781=LINE('',#5932,#907);
#782=LINE('',#5935,#908);
#783=LINE('',#5940,#909);
#784=LINE('',#6004,#910);
#785=LINE('',#6008,#911);
#786=LINE('',#6015,#912);
#787=LINE('',#6045,#913);
#788=LINE('',#6090,#914);
#789=LINE('',#6171,#915);
#790=LINE('',#6183,#916);
#791=LINE('',#6194,#917);
#792=LINE('',#6236,#918);
#793=LINE('',#6238,#919);
#794=VECTOR('',#2631,10.);
#795=VECTOR('',#2632,10.);
#796=VECTOR('',#2633,10.);
#797=VECTOR('',#2634,10.);
#798=VECTOR('',#2637,10.);
#799=VECTOR('',#2638,10.);
#800=VECTOR('',#2639,10.);
#801=VECTOR('',#2642,10.);
#802=VECTOR('',#2643,10.);
#803=VECTOR('',#2656,10.);
#804=VECTOR('',#2659,10.);
#805=VECTOR('',#2664,10.);
#806=VECTOR('',#2683,10.);
#807=VECTOR('',#2694,10.);
#808=VECTOR('',#2695,10.);
#809=VECTOR('',#2698,10.);
#810=VECTOR('',#2705,10.);
#811=VECTOR('',#2706,10.);
#812=VECTOR('',#2711,4.75000000000001);
#813=VECTOR('',#2712,10.);
#814=VECTOR('',#2723,4.75000000000001);
#815=VECTOR('',#2728,2.69999999999996);
#816=VECTOR('',#2733,10.);
#817=VECTOR('',#2734,10.);
#818=VECTOR('',#2735,10.);
#819=VECTOR('',#2754,2.74999999999999);
#820=VECTOR('',#2765,10.);
#821=VECTOR('',#2770,4.75000000000001);
#822=VECTOR('',#2775,2.69999999999996);
#823=VECTOR('',#2782,10.);
#824=VECTOR('',#2785,10.);
#825=VECTOR('',#2788,10.);
#826=VECTOR('',#2791,10.);
#827=VECTOR('',#2792,10.);
#828=VECTOR('',#2793,10.);
#829=VECTOR('',#2794,10.);
#830=VECTOR('',#2795,10.);
#831=VECTOR('',#2798,10.);
#832=VECTOR('',#2799,10.);
#833=VECTOR('',#2800,10.);
#834=VECTOR('',#2803,10.);
#835=VECTOR('',#2806,10.);
#836=VECTOR('',#2809,10.);
#837=VECTOR('',#2834,10.);
#838=VECTOR('',#2837,10.);
#839=VECTOR('',#2842,1.8);
#840=VECTOR('',#2851,1.8);
#841=VECTOR('',#2860,1.8);
#842=VECTOR('',#2869,1.8);
#843=VECTOR('',#2896,10.);
#844=VECTOR('',#2897,10.);
#845=VECTOR('',#2900,10.);
#846=VECTOR('',#2903,10.);
#847=VECTOR('',#2904,10.);
#848=VECTOR('',#2907,10.);
#849=VECTOR('',#2910,10.);
#850=VECTOR('',#2913,10.);
#851=VECTOR('',#2916,2.29999999999997);
#852=VECTOR('',#2923,2.29999999999997);
#853=VECTOR('',#2928,10.);
#854=VECTOR('',#2929,10.);
#855=VECTOR('',#2930,10.);
#856=VECTOR('',#2931,10.);
#857=VECTOR('',#2936,4.75000000000001);
#858=VECTOR('',#2943,2.70000000000003);
#859=VECTOR('',#2950,10.);
#860=VECTOR('',#2953,10.);
#861=VECTOR('',#2956,10.);
#862=VECTOR('',#2959,10.);
#863=VECTOR('',#2962,10.);
#864=VECTOR('',#2963,10.);
#865=VECTOR('',#2968,6.74999999999997);
#866=VECTOR('',#2971,10.);
#867=VECTOR('',#2976,10.);
#868=VECTOR('',#2979,10.);
#869=VECTOR('',#2980,10.);
#870=VECTOR('',#2985,10.);
#871=VECTOR('',#2988,10.);
#872=VECTOR('',#2993,10.);
#873=VECTOR('',#2994,10.);
#874=VECTOR('',#2995,10.);
#875=VECTOR('',#2996,10.);
#876=VECTOR('',#2997,10.);
#877=VECTOR('',#2998,10.);
#878=VECTOR('',#3003,10.);
#879=VECTOR('',#3006,10.);
#880=VECTOR('',#3007,10.);
#881=VECTOR('',#3008,10.);
#882=VECTOR('',#3011,10.);
#883=VECTOR('',#3012,10.);
#884=VECTOR('',#3015,10.);
#885=VECTOR('',#3018,10.);
#886=VECTOR('',#3021,10.);
#887=VECTOR('',#3028,10.);
#888=VECTOR('',#3031,10.);
#889=VECTOR('',#3032,10.);
#890=VECTOR('',#3039,10.);
#891=VECTOR('',#3040,10.);
#892=VECTOR('',#3045,10.);
#893=VECTOR('',#3050,10.);
#894=VECTOR('',#3051,10.);
#895=VECTOR('',#3054,10.);
#896=VECTOR('',#3055,10.);
#897=VECTOR('',#3056,10.);
#898=VECTOR('',#3059,10.);
#899=VECTOR('',#3062,10.);
#900=VECTOR('',#3065,10.);
#901=VECTOR('',#3070,4.75000000000001);
#902=VECTOR('',#3077,2.70000000000003);
#903=VECTOR('',#3080,2.34999999999999);
#904=VECTOR('',#3087,2.34999999999999);
#905=VECTOR('',#3094,2.34999999999999);
#906=VECTOR('',#3105,3.85000000000005);
#907=VECTOR('',#3112,10.);
#908=VECTOR('',#3115,10.);
#909=VECTOR('',#3122,10.);
#910=VECTOR('',#3131,10.);
#911=VECTOR('',#3136,6.74999999999997);
#912=VECTOR('',#3147,4.20000000000002);
#913=VECTOR('',#3150,10.);
#914=VECTOR('',#3151,10.);
#915=VECTOR('',#3160,2.3);
#916=VECTOR('',#3165,10.);
#917=VECTOR('',#3168,10.);
#918=VECTOR('',#3175,10.);
#919=VECTOR('',#3178,10.);
#920=VERTEX_POINT('',#3183);
#921=VERTEX_POINT('',#3184);
#922=VERTEX_POINT('',#3186);
#923=VERTEX_POINT('',#3191);
#924=VERTEX_POINT('',#3193);
#925=VERTEX_POINT('',#3197);
#926=VERTEX_POINT('',#3198);
#927=VERTEX_POINT('',#3203);
#928=VERTEX_POINT('',#3204);
#929=VERTEX_POINT('',#3206);
#930=VERTEX_POINT('',#3216);
#931=VERTEX_POINT('',#3221);
#932=VERTEX_POINT('',#3223);
#933=VERTEX_POINT('',#3234);
#934=VERTEX_POINT('',#3236);
#935=VERTEX_POINT('',#3238);
#936=VERTEX_POINT('',#3241);
#937=VERTEX_POINT('',#3247);
#938=VERTEX_POINT('',#3278);
#939=VERTEX_POINT('',#3279);
#940=VERTEX_POINT('',#3283);
#941=VERTEX_POINT('',#3290);
#942=VERTEX_POINT('',#3292);
#943=VERTEX_POINT('',#3304);
#944=VERTEX_POINT('',#3307);
#945=VERTEX_POINT('',#3312);
#946=VERTEX_POINT('',#3314);
#947=VERTEX_POINT('',#3319);
#948=VERTEX_POINT('',#3321);
#949=VERTEX_POINT('',#3326);
#950=VERTEX_POINT('',#3328);
#951=VERTEX_POINT('',#3335);
#952=VERTEX_POINT('',#3340);
#953=VERTEX_POINT('',#3353);
#954=VERTEX_POINT('',#3355);
#955=VERTEX_POINT('',#3357);
#956=VERTEX_POINT('',#3362);
#957=VERTEX_POINT('',#3364);
#958=VERTEX_POINT('',#3395);
#959=VERTEX_POINT('',#3396);
#960=VERTEX_POINT('',#3398);
#961=VERTEX_POINT('',#3403);
#962=VERTEX_POINT('',#3406);
#963=VERTEX_POINT('',#3438);
#964=VERTEX_POINT('',#3565);
#965=VERTEX_POINT('',#3566);
#966=VERTEX_POINT('',#3568);
#967=VERTEX_POINT('',#3636);
#968=VERTEX_POINT('',#3637);
#969=VERTEX_POINT('',#3644);
#970=VERTEX_POINT('',#3646);
#971=VERTEX_POINT('',#3648);
#972=VERTEX_POINT('',#3650);
#973=VERTEX_POINT('',#3657);
#974=VERTEX_POINT('',#3670);
#975=VERTEX_POINT('',#3749);
#976=VERTEX_POINT('',#3750);
#977=VERTEX_POINT('',#3758);
#978=VERTEX_POINT('',#3946);
#979=VERTEX_POINT('',#3954);
#980=VERTEX_POINT('',#3959);
#981=VERTEX_POINT('',#3969);
#982=VERTEX_POINT('',#4008);
#983=VERTEX_POINT('',#4014);
#984=VERTEX_POINT('',#4023);
#985=VERTEX_POINT('',#4030);
#986=VERTEX_POINT('',#4035);
#987=VERTEX_POINT('',#4040);
#988=VERTEX_POINT('',#4042);
#989=VERTEX_POINT('',#4052);
#990=VERTEX_POINT('',#4056);
#991=VERTEX_POINT('',#4058);
#992=VERTEX_POINT('',#4086);
#993=VERTEX_POINT('',#4110);
#994=VERTEX_POINT('',#4116);
#995=VERTEX_POINT('',#4123);
#996=VERTEX_POINT('',#4128);
#997=VERTEX_POINT('',#4130);
#998=VERTEX_POINT('',#4135);
#999=VERTEX_POINT('',#4144);
#1000=VERTEX_POINT('',#4149);
#1001=VERTEX_POINT('',#4159);
#1002=VERTEX_POINT('',#4161);
#1003=VERTEX_POINT('',#4181);
#1004=VERTEX_POINT('',#4183);
#1005=VERTEX_POINT('',#4185);
#1006=VERTEX_POINT('',#4187);
#1007=VERTEX_POINT('',#4206);
#1008=VERTEX_POINT('',#4213);
#1009=VERTEX_POINT('',#4215);
#1010=VERTEX_POINT('',#4247);
#1011=VERTEX_POINT('',#4248);
#1012=VERTEX_POINT('',#4250);
#1013=VERTEX_POINT('',#4255);
#1014=VERTEX_POINT('',#4257);
#1015=VERTEX_POINT('',#4280);
#1016=VERTEX_POINT('',#4329);
#1017=VERTEX_POINT('',#4350);
#1018=VERTEX_POINT('',#4496);
#1019=VERTEX_POINT('',#4498);
#1020=VERTEX_POINT('',#4533);
#1021=VERTEX_POINT('',#4537);
#1022=VERTEX_POINT('',#4539);
#1023=VERTEX_POINT('',#4544);
#1024=VERTEX_POINT('',#4545);
#1025=VERTEX_POINT('',#4547);
#1026=VERTEX_POINT('',#4550);
#1027=VERTEX_POINT('',#4558);
#1028=VERTEX_POINT('',#4560);
#1029=VERTEX_POINT('',#4562);
#1030=VERTEX_POINT('',#4564);
#1031=VERTEX_POINT('',#4566);
#1032=VERTEX_POINT('',#4568);
#1033=VERTEX_POINT('',#4570);
#1034=VERTEX_POINT('',#4572);
#1035=VERTEX_POINT('',#4574);
#1036=VERTEX_POINT('',#4577);
#1037=VERTEX_POINT('',#4578);
#1038=VERTEX_POINT('',#4580);
#1039=VERTEX_POINT('',#4582);
#1040=VERTEX_POINT('',#4584);
#1041=VERTEX_POINT('',#4586);
#1042=VERTEX_POINT('',#4588);
#1043=VERTEX_POINT('',#4590);
#1044=VERTEX_POINT('',#4592);
#1045=VERTEX_POINT('',#4594);
#1046=VERTEX_POINT('',#4597);
#1047=VERTEX_POINT('',#4599);
#1048=VERTEX_POINT('',#4601);
#1049=VERTEX_POINT('',#4603);
#1050=VERTEX_POINT('',#4605);
#1051=VERTEX_POINT('',#4607);
#1052=VERTEX_POINT('',#4610);
#1053=VERTEX_POINT('',#4613);
#1054=VERTEX_POINT('',#4615);
#1055=VERTEX_POINT('',#4623);
#1056=VERTEX_POINT('',#4628);
#1057=VERTEX_POINT('',#4642);
#1058=VERTEX_POINT('',#4681);
#1059=VERTEX_POINT('',#4683);
#1060=VERTEX_POINT('',#4688);
#1061=VERTEX_POINT('',#4690);
#1062=VERTEX_POINT('',#4695);
#1063=VERTEX_POINT('',#4697);
#1064=VERTEX_POINT('',#4702);
#1065=VERTEX_POINT('',#4704);
#1066=VERTEX_POINT('',#4709);
#1067=VERTEX_POINT('',#4710);
#1068=VERTEX_POINT('',#4714);
#1069=VERTEX_POINT('',#4716);
#1070=VERTEX_POINT('',#4731);
#1071=VERTEX_POINT('',#4746);
#1072=VERTEX_POINT('',#4747);
#1073=VERTEX_POINT('',#4758);
#1074=VERTEX_POINT('',#4760);
#1075=VERTEX_POINT('',#4776);
#1076=VERTEX_POINT('',#4794);
#1077=VERTEX_POINT('',#4796);
#1078=VERTEX_POINT('',#4800);
#1079=VERTEX_POINT('',#4805);
#1080=VERTEX_POINT('',#4841);
#1081=VERTEX_POINT('',#4843);
#1082=VERTEX_POINT('',#4941);
#1083=VERTEX_POINT('',#4943);
#1084=VERTEX_POINT('',#4964);
#1085=VERTEX_POINT('',#5013);
#1086=VERTEX_POINT('',#5017);
#1087=VERTEX_POINT('',#5022);
#1088=VERTEX_POINT('',#5024);
#1089=VERTEX_POINT('',#5026);
#1090=VERTEX_POINT('',#5033);
#1091=VERTEX_POINT('',#5035);
#1092=VERTEX_POINT('',#5037);
#1093=VERTEX_POINT('',#5039);
#1094=VERTEX_POINT('',#5044);
#1095=VERTEX_POINT('',#5046);
#1096=VERTEX_POINT('',#5165);
#1097=VERTEX_POINT('',#5167);
#1098=VERTEX_POINT('',#5202);
#1099=VERTEX_POINT('',#5206);
#1100=VERTEX_POINT('',#5212);
#1101=VERTEX_POINT('',#5216);
#1102=VERTEX_POINT('',#5220);
#1103=VERTEX_POINT('',#5237);
#1104=VERTEX_POINT('',#5273);
#1105=VERTEX_POINT('',#5275);
#1106=VERTEX_POINT('',#5341);
#1107=VERTEX_POINT('',#5343);
#1108=VERTEX_POINT('',#5353);
#1109=VERTEX_POINT('',#5365);
#1110=VERTEX_POINT('',#5449);
#1111=VERTEX_POINT('',#5450);
#1112=VERTEX_POINT('',#5496);
#1113=VERTEX_POINT('',#5498);
#1114=VERTEX_POINT('',#5526);
#1115=VERTEX_POINT('',#5593);
#1116=VERTEX_POINT('',#5602);
#1117=VERTEX_POINT('',#5604);
#1118=VERTEX_POINT('',#5816);
#1119=VERTEX_POINT('',#5818);
#1120=VERTEX_POINT('',#5861);
#1121=VERTEX_POINT('',#5865);
#1122=VERTEX_POINT('',#5870);
#1123=VERTEX_POINT('',#5875);
#1124=VERTEX_POINT('',#5880);
#1125=VERTEX_POINT('',#5885);
#1126=VERTEX_POINT('',#5891);
#1127=VERTEX_POINT('',#5892);
#1128=VERTEX_POINT('',#5920);
#1129=VERTEX_POINT('',#5929);
#1130=VERTEX_POINT('',#5931);
#1131=VERTEX_POINT('',#5934);
#1132=VERTEX_POINT('',#5938);
#1133=VERTEX_POINT('',#6007);
#1134=VERTEX_POINT('',#6012);
#1135=VERTEX_POINT('',#6033);
#1136=VERTEX_POINT('',#6040);
#1137=VERTEX_POINT('',#6082);
#1138=VERTEX_POINT('',#6089);
#1139=VERTEX_POINT('',#6139);
#1140=VERTEX_POINT('',#6144);
#1141=VERTEX_POINT('',#6155);
#1142=VERTEX_POINT('',#6157);
#1143=VERTEX_POINT('',#6168);
#1144=VERTEX_POINT('',#6170);
#1145=VERTEX_POINT('',#6182);
#1146=VERTEX_POINT('',#6189);
#1147=VERTEX_POINT('',#6207);
#1148=VERTEX_POINT('',#6227);
#1149=EDGE_CURVE('',#920,#921,#668,.T.);
#1150=EDGE_CURVE('',#922,#920,#557,.T.);
#1151=EDGE_CURVE('',#923,#922,#669,.T.);
#1152=EDGE_CURVE('',#924,#923,#670,.T.);
#1153=EDGE_CURVE('',#921,#924,#671,.T.);
#1154=EDGE_CURVE('',#925,#926,#672,.T.);
#1155=EDGE_CURVE('',#926,#920,#673,.T.);
#1156=EDGE_CURVE('',#921,#925,#674,.T.);
#1157=EDGE_CURVE('',#927,#928,#675,.T.);
#1158=EDGE_CURVE('',#929,#927,#558,.T.);
#1159=EDGE_CURVE('',#926,#929,#559,.T.);
#1160=EDGE_CURVE('',#930,#925,#560,.T.);
#1161=EDGE_CURVE('',#931,#930,#676,.T.);
#1162=EDGE_CURVE('',#932,#931,#561,.T.);
#1163=EDGE_CURVE('',#928,#932,#562,.T.);
#1164=EDGE_CURVE('',#933,#933,#150,.T.);
#1165=EDGE_CURVE('',#934,#934,#151,.T.);
#1166=EDGE_CURVE('',#935,#935,#152,.T.);
#1167=EDGE_CURVE('',#936,#922,#563,.T.);
#1168=EDGE_CURVE('',#936,#937,#62,.T.);
#1169=EDGE_CURVE('',#923,#937,#153,.T.);
#1170=EDGE_CURVE('',#927,#936,#564,.T.);
#1171=EDGE_CURVE('',#922,#929,#677,.T.);
#1172=EDGE_CURVE('',#938,#939,#25,.T.);
#1173=EDGE_CURVE('',#938,#940,#678,.T.);
#1174=EDGE_CURVE('',#939,#940,#565,.T.);
#1175=EDGE_CURVE('',#941,#938,#154,.T.);
#1176=EDGE_CURVE('',#941,#942,#679,.T.);
#1177=EDGE_CURVE('',#940,#942,#155,.T.);
#1178=EDGE_CURVE('',#924,#943,#156,.T.);
#1179=EDGE_CURVE('',#924,#939,#157,.T.);
#1180=EDGE_CURVE('',#942,#944,#566,.T.);
#1181=EDGE_CURVE('',#944,#945,#158,.T.);
#1182=EDGE_CURVE('',#945,#946,#567,.T.);
#1183=EDGE_CURVE('',#946,#947,#159,.T.);
#1184=EDGE_CURVE('',#947,#948,#568,.T.);
#1185=EDGE_CURVE('',#948,#949,#160,.T.);
#1186=EDGE_CURVE('',#949,#950,#569,.T.);
#1187=EDGE_CURVE('',#950,#951,#570,.T.);
#1188=EDGE_CURVE('',#951,#952,#571,.T.);
#1189=EDGE_CURVE('',#952,#953,#161,.T.);
#1190=EDGE_CURVE('',#953,#954,#162,.T.);
#1191=EDGE_CURVE('',#954,#955,#572,.T.);
#1192=EDGE_CURVE('',#955,#956,#163,.T.);
#1193=EDGE_CURVE('',#957,#956,#680,.T.);
#1194=EDGE_CURVE('',#957,#943,#164,.T.);
#1195=EDGE_CURVE('',#958,#959,#165,.T.);
#1196=EDGE_CURVE('',#958,#960,#573,.T.);
#1197=EDGE_CURVE('',#960,#961,#166,.T.);
#1198=EDGE_CURVE('',#961,#959,#63,.T.);
#1199=EDGE_CURVE('',#962,#962,#574,.T.);
#1200=EDGE_CURVE('',#961,#943,#681,.T.);
#1201=EDGE_CURVE('',#953,#963,#682,.T.);
#1202=EDGE_CURVE('',#959,#963,#64,.T.);
#1203=EDGE_CURVE('',#964,#965,#683,.T.);
#1204=EDGE_CURVE('',#965,#966,#575,.T.);
#1205=EDGE_CURVE('',#966,#965,#576,.T.);
#1206=EDGE_CURVE('',#964,#964,#577,.T.);
#1207=EDGE_CURVE('',#967,#968,#578,.F.);
#1208=EDGE_CURVE('',#969,#967,#65,.F.);
#1209=EDGE_CURVE('',#970,#969,#167,.T.);
#1210=EDGE_CURVE('',#970,#971,#684,.T.);
#1211=EDGE_CURVE('',#971,#972,#579,.T.);
#1212=EDGE_CURVE('',#973,#972,#685,.T.);
#1213=EDGE_CURVE('',#968,#973,#580,.F.);
#1214=EDGE_CURVE('',#974,#974,#168,.T.);
#1215=EDGE_CURVE('',#974,#966,#686,.T.);
#1216=EDGE_CURVE('',#975,#976,#581,.T.);
#1217=EDGE_CURVE('',#976,#977,#582,.T.);
#1218=EDGE_CURVE('',#977,#978,#583,.T.);
#1219=EDGE_CURVE('',#978,#979,#584,.T.);
#1220=EDGE_CURVE('',#979,#980,#585,.T.);
#1221=EDGE_CURVE('',#980,#981,#586,.T.);
#1222=EDGE_CURVE('',#981,#975,#587,.T.);
#1223=EDGE_CURVE('',#982,#975,#588,.T.);
#1224=EDGE_CURVE('',#983,#982,#687,.T.);
#1225=EDGE_CURVE('',#976,#983,#589,.T.);
#1226=EDGE_CURVE('',#981,#979,#66,.T.);
#1227=EDGE_CURVE('',#978,#984,#590,.T.);
#1228=EDGE_CURVE('',#984,#985,#591,.T.);
#1229=EDGE_CURVE('',#985,#986,#592,.T.);
#1230=EDGE_CURVE('',#986,#987,#169,.T.);
#1231=EDGE_CURVE('',#987,#988,#593,.T.);
#1232=EDGE_CURVE('',#988,#982,#594,.T.);
#1233=EDGE_CURVE('',#989,#989,#170,.T.);
#1234=EDGE_CURVE('',#989,#980,#688,.T.);
#1235=EDGE_CURVE('',#990,#990,#171,.T.);
#1236=EDGE_CURVE('',#990,#991,#689,.T.);
#1237=EDGE_CURVE('',#991,#991,#172,.T.);
#1238=EDGE_CURVE('',#992,#977,#595,.T.);
#1239=EDGE_CURVE('',#984,#992,#690,.T.);
#1240=EDGE_CURVE('',#993,#983,#596,.T.);
#1241=EDGE_CURVE('',#993,#967,#691,.T.);
#1242=EDGE_CURVE('',#994,#968,#692,.T.);
#1243=EDGE_CURVE('',#992,#994,#597,.T.);
#1244=EDGE_CURVE('',#995,#969,#598,.F.);
#1245=EDGE_CURVE('',#995,#996,#173,.T.);
#1246=EDGE_CURVE('',#997,#996,#599,.T.);
#1247=EDGE_CURVE('',#998,#997,#600,.T.);
#1248=EDGE_CURVE('',#999,#998,#601,.T.);
#1249=EDGE_CURVE('',#1000,#999,#602,.T.);
#1250=EDGE_CURVE('',#1001,#1000,#174,.T.);
#1251=EDGE_CURVE('',#1002,#1001,#603,.T.);
#1252=EDGE_CURVE('',#1002,#1003,#175,.T.);
#1253=EDGE_CURVE('',#1003,#1004,#176,.T.);
#1254=EDGE_CURVE('',#1004,#1005,#177,.T.);
#1255=EDGE_CURVE('',#1005,#1006,#604,.T.);
#1256=EDGE_CURVE('',#1006,#1007,#605,.T.);
#1257=EDGE_CURVE('',#1007,#970,#178,.T.);
#1258=EDGE_CURVE('',#1008,#1008,#179,.T.);
#1259=EDGE_CURVE('',#1008,#1009,#693,.T.);
#1260=EDGE_CURVE('',#1009,#1009,#180,.T.);
#1261=EDGE_CURVE('',#1010,#1011,#181,.T.);
#1262=EDGE_CURVE('',#1011,#1012,#606,.T.);
#1263=EDGE_CURVE('',#1012,#1013,#182,.T.);
#1264=EDGE_CURVE('',#1014,#1013,#607,.T.);
#1265=EDGE_CURVE('',#1014,#1015,#183,.T.);
#1266=EDGE_CURVE('',#1015,#1010,#608,.T.);
#1267=EDGE_CURVE('',#1016,#923,#609,.T.);
#1268=EDGE_CURVE('',#937,#1011,#610,.T.);
#1269=EDGE_CURVE('',#1010,#1016,#611,.T.);
#1270=EDGE_CURVE('',#1017,#1017,#612,.T.);
#1271=EDGE_CURVE('',#1017,#1018,#694,.T.);
#1272=EDGE_CURVE('',#1018,#1019,#613,.T.);
#1273=EDGE_CURVE('',#1019,#1018,#614,.T.);
#1274=EDGE_CURVE('',#1020,#1020,#184,.T.);
#1275=EDGE_CURVE('',#1020,#1019,#695,.T.);
#1276=EDGE_CURVE('',#1021,#1021,#185,.T.);
#1277=EDGE_CURVE('',#1021,#1022,#696,.T.);
#1278=EDGE_CURVE('',#1022,#1022,#186,.T.);
#1279=EDGE_CURVE('',#1023,#1024,#697,.T.);
#1280=EDGE_CURVE('',#1025,#1023,#67,.T.);
#1281=EDGE_CURVE('',#1025,#1011,#698,.T.);
#1282=EDGE_CURVE('',#1026,#928,#615,.T.);
#1283=EDGE_CURVE('',#960,#1026,#68,.T.);
#1284=EDGE_CURVE('',#958,#1027,#699,.T.);
#1285=EDGE_CURVE('',#1027,#1028,#187,.T.);
#1286=EDGE_CURVE('',#1028,#1029,#700,.T.);
#1287=EDGE_CURVE('',#1030,#1029,#701,.T.);
#1288=EDGE_CURVE('',#1030,#1031,#702,.F.);
#1289=EDGE_CURVE('',#1031,#1032,#703,.F.);
#1290=EDGE_CURVE('',#1032,#1033,#704,.F.);
#1291=EDGE_CURVE('',#1033,#1034,#188,.F.);
#1292=EDGE_CURVE('',#1035,#1034,#705,.T.);
#1293=EDGE_CURVE('',#1035,#1024,#706,.T.);
#1294=EDGE_CURVE('',#1036,#1037,#707,.T.);
#1295=EDGE_CURVE('',#1037,#1038,#189,.T.);
#1296=EDGE_CURVE('',#1038,#1039,#708,.T.);
#1297=EDGE_CURVE('',#1039,#1040,#190,.T.);
#1298=EDGE_CURVE('',#1040,#1041,#709,.T.);
#1299=EDGE_CURVE('',#1041,#1042,#191,.T.);
#1300=EDGE_CURVE('',#1042,#1043,#710,.T.);
#1301=EDGE_CURVE('',#1043,#1044,#192,.T.);
#1302=EDGE_CURVE('',#1044,#1045,#193,.T.);
#1303=EDGE_CURVE('',#1045,#1036,#194,.T.);
#1304=EDGE_CURVE('',#1046,#1046,#195,.T.);
#1305=EDGE_CURVE('',#1047,#1047,#196,.T.);
#1306=EDGE_CURVE('',#1048,#1048,#197,.T.);
#1307=EDGE_CURVE('',#1049,#1049,#198,.T.);
#1308=EDGE_CURVE('',#1050,#1050,#199,.F.);
#1309=EDGE_CURVE('',#1051,#1051,#200,.T.);
#1310=EDGE_CURVE('',#1052,#1023,#69,.T.);
#1311=EDGE_CURVE('',#972,#1052,#70,.T.);
#1312=EDGE_CURVE('',#971,#1053,#711,.T.);
#1313=EDGE_CURVE('',#1053,#1054,#616,.T.);
#1314=EDGE_CURVE('',#1054,#1015,#71,.T.);
#1315=EDGE_CURVE('',#1055,#1014,#617,.T.);
#1316=EDGE_CURVE('',#1056,#1055,#618,.T.);
#1317=EDGE_CURVE('',#1013,#1056,#619,.T.);
#1318=EDGE_CURVE('',#1012,#1025,#712,.T.);
#1319=EDGE_CURVE('',#1057,#1057,#620,.T.);
#1320=EDGE_CURVE('',#1058,#1058,#201,.T.);
#1321=EDGE_CURVE('',#1058,#1059,#713,.T.);
#1322=EDGE_CURVE('',#1059,#1059,#202,.T.);
#1323=EDGE_CURVE('',#1060,#1060,#203,.T.);
#1324=EDGE_CURVE('',#1060,#1061,#714,.T.);
#1325=EDGE_CURVE('',#1061,#1061,#204,.T.);
#1326=EDGE_CURVE('',#1062,#1062,#205,.T.);
#1327=EDGE_CURVE('',#1062,#1063,#715,.T.);
#1328=EDGE_CURVE('',#1063,#1063,#206,.T.);
#1329=EDGE_CURVE('',#1064,#1064,#207,.T.);
#1330=EDGE_CURVE('',#1064,#1065,#716,.T.);
#1331=EDGE_CURVE('',#1065,#1065,#208,.T.);
#1332=EDGE_CURVE('',#1066,#1067,#26,.T.);
#1333=EDGE_CURVE('',#1066,#1068,#209,.T.);
#1334=EDGE_CURVE('',#1068,#1069,#621,.T.);
#1335=EDGE_CURVE('',#1069,#1070,#210,.T.);
#1336=EDGE_CURVE('',#1067,#1070,#622,.F.);
#1337=EDGE_CURVE('',#1070,#1069,#211,.T.);
#1338=EDGE_CURVE('',#1071,#1072,#623,.T.);
#1339=EDGE_CURVE('',#1072,#1073,#212,.T.);
#1340=EDGE_CURVE('',#1073,#1074,#624,.T.);
#1341=EDGE_CURVE('',#1074,#1075,#213,.T.);
#1342=EDGE_CURVE('',#1075,#1071,#27,.F.);
#1343=EDGE_CURVE('',#1073,#1072,#214,.T.);
#1344=EDGE_CURVE('',#1074,#1045,#717,.T.);
#1345=EDGE_CURVE('',#1036,#1071,#718,.T.);
#1346=EDGE_CURVE('',#1037,#1075,#719,.T.);
#1347=EDGE_CURVE('',#1043,#1067,#720,.T.);
#1348=EDGE_CURVE('',#1044,#1068,#721,.T.);
#1349=EDGE_CURVE('',#1066,#1042,#722,.T.);
#1350=EDGE_CURVE('',#1041,#1076,#723,.T.);
#1351=EDGE_CURVE('',#1076,#1077,#215,.T.);
#1352=EDGE_CURVE('',#1038,#1077,#724,.T.);
#1353=EDGE_CURVE('',#1046,#1078,#725,.T.);
#1354=EDGE_CURVE('',#1078,#1078,#216,.T.);
#1355=EDGE_CURVE('',#1047,#1079,#726,.T.);
#1356=EDGE_CURVE('',#1079,#1079,#217,.T.);
#1357=EDGE_CURVE('',#1080,#1056,#727,.T.);
#1358=EDGE_CURVE('',#1055,#1081,#728,.T.);
#1359=EDGE_CURVE('',#1081,#1080,#625,.T.);
#1360=EDGE_CURVE('',#1013,#1082,#729,.T.);
#1361=EDGE_CURVE('',#1082,#1083,#626,.T.);
#1362=EDGE_CURVE('',#1083,#1084,#627,.T.);
#1363=EDGE_CURVE('',#1084,#1014,#730,.T.);
#1364=EDGE_CURVE('',#1080,#1082,#628,.T.);
#1365=EDGE_CURVE('',#1084,#1081,#629,.T.);
#1366=EDGE_CURVE('',#1085,#1085,#218,.T.);
#1367=EDGE_CURVE('',#1085,#1083,#731,.T.);
#1368=EDGE_CURVE('',#1086,#1086,#219,.T.);
#1369=EDGE_CURVE('',#1048,#1086,#732,.T.);
#1370=EDGE_CURVE('',#1087,#1054,#220,.T.);
#1371=EDGE_CURVE('',#1088,#1053,#72,.T.);
#1372=EDGE_CURVE('',#1089,#1088,#630,.T.);
#1373=EDGE_CURVE('',#1087,#1089,#733,.T.);
#1374=EDGE_CURVE('',#1087,#1090,#734,.T.);
#1375=EDGE_CURVE('',#1091,#1090,#221,.T.);
#1376=EDGE_CURVE('',#1091,#1092,#735,.T.);
#1377=EDGE_CURVE('',#1093,#1092,#222,.T.);
#1378=EDGE_CURVE('',#1016,#1093,#28,.T.);
#1379=EDGE_CURVE('',#1094,#1076,#736,.T.);
#1380=EDGE_CURVE('',#1095,#1094,#223,.T.);
#1381=EDGE_CURVE('',#1077,#1095,#737,.T.);
#1382=EDGE_CURVE('',#962,#1096,#738,.T.);
#1383=EDGE_CURVE('',#1096,#1097,#631,.T.);
#1384=EDGE_CURVE('',#1097,#1096,#632,.T.);
#1385=EDGE_CURVE('',#1098,#1098,#224,.T.);
#1386=EDGE_CURVE('',#1098,#1097,#739,.T.);
#1387=EDGE_CURVE('',#948,#1099,#29,.T.);
#1388=EDGE_CURVE('',#1099,#947,#740,.T.);
#1389=EDGE_CURVE('',#1099,#1100,#225,.T.);
#1390=EDGE_CURVE('',#1100,#946,#741,.T.);
#1391=EDGE_CURVE('',#1100,#1101,#742,.T.);
#1392=EDGE_CURVE('',#1101,#945,#743,.T.);
#1393=EDGE_CURVE('',#1101,#1102,#226,.T.);
#1394=EDGE_CURVE('',#1102,#944,#744,.T.);
#1395=EDGE_CURVE('',#1102,#941,#745,.T.);
#1396=EDGE_CURVE('',#1093,#949,#633,.T.);
#1397=EDGE_CURVE('',#1034,#1103,#746,.T.);
#1398=EDGE_CURVE('',#1103,#996,#747,.T.);
#1399=EDGE_CURVE('',#996,#1035,#748,.T.);
#1400=EDGE_CURVE('',#1104,#998,#749,.T.);
#1401=EDGE_CURVE('',#997,#1105,#750,.T.);
#1402=EDGE_CURVE('',#1105,#1104,#634,.T.);
#1403=EDGE_CURVE('',#1103,#1105,#635,.T.);
#1404=EDGE_CURVE('',#999,#1106,#751,.T.);
#1405=EDGE_CURVE('',#1106,#1107,#636,.T.);
#1406=EDGE_CURVE('',#1107,#1108,#637,.T.);
#1407=EDGE_CURVE('',#1108,#1000,#638,.T.);
#1408=EDGE_CURVE('',#1109,#1108,#227,.T.);
#1409=EDGE_CURVE('',#1109,#1001,#639,.T.);
#1410=EDGE_CURVE('',#1110,#1111,#640,.T.);
#1411=EDGE_CURVE('',#1111,#1002,#752,.T.);
#1412=EDGE_CURVE('',#1109,#1110,#641,.T.);
#1413=EDGE_CURVE('',#1104,#1106,#642,.T.);
#1414=EDGE_CURVE('',#1029,#1112,#753,.T.);
#1415=EDGE_CURVE('',#1112,#1113,#754,.T.);
#1416=EDGE_CURVE('',#1113,#1030,#755,.T.);
#1417=EDGE_CURVE('',#1112,#1002,#643,.T.);
#1418=EDGE_CURVE('',#1111,#1113,#644,.T.);
#1419=EDGE_CURVE('',#1028,#1114,#756,.T.);
#1420=EDGE_CURVE('',#1003,#1114,#757,.T.);
#1421=EDGE_CURVE('',#1033,#1104,#758,.T.);
#1422=EDGE_CURVE('',#1107,#1032,#759,.T.);
#1423=EDGE_CURVE('',#1031,#1110,#760,.T.);
#1424=EDGE_CURVE('',#1007,#1089,#73,.T.);
#1425=EDGE_CURVE('',#1090,#1006,#761,.T.);
#1426=EDGE_CURVE('',#1092,#950,#762,.T.);
#1427=EDGE_CURVE('',#1091,#951,#763,.T.);
#1428=EDGE_CURVE('',#952,#1005,#645,.T.);
#1429=EDGE_CURVE('',#1040,#1094,#764,.T.);
#1430=EDGE_CURVE('',#1039,#1095,#765,.T.);
#1431=EDGE_CURVE('',#1088,#970,#766,.T.);
#1432=EDGE_CURVE('',#1004,#953,#767,.T.);
#1433=EDGE_CURVE('',#932,#1115,#768,.T.);
#1434=EDGE_CURVE('',#1115,#1026,#646,.T.);
#1435=EDGE_CURVE('',#930,#1116,#769,.T.);
#1436=EDGE_CURVE('',#1116,#1117,#770,.T.);
#1437=EDGE_CURVE('',#1117,#931,#771,.T.);
#1438=EDGE_CURVE('',#921,#1116,#647,.T.);
#1439=EDGE_CURVE('',#1117,#1115,#648,.T.);
#1440=EDGE_CURVE('',#1115,#961,#772,.T.);
#1441=EDGE_CURVE('',#943,#1116,#773,.T.);
#1442=EDGE_CURVE('',#1057,#1118,#774,.T.);
#1443=EDGE_CURVE('',#1118,#1119,#649,.T.);
#1444=EDGE_CURVE('',#1119,#1118,#650,.T.);
#1445=EDGE_CURVE('',#1120,#1120,#228,.T.);
#1446=EDGE_CURVE('',#1120,#1119,#775,.T.);
#1447=EDGE_CURVE('',#1121,#1121,#229,.T.);
#1448=EDGE_CURVE('',#1051,#1121,#776,.T.);
#1449=EDGE_CURVE('',#934,#1122,#777,.T.);
#1450=EDGE_CURVE('',#1122,#1122,#230,.T.);
#1451=EDGE_CURVE('',#933,#1123,#778,.T.);
#1452=EDGE_CURVE('',#1123,#1123,#231,.T.);
#1453=EDGE_CURVE('',#935,#1124,#779,.T.);
#1454=EDGE_CURVE('',#1124,#1124,#232,.T.);
#1455=EDGE_CURVE('',#1125,#1125,#233,.T.);
#1456=EDGE_CURVE('',#1050,#1125,#780,.T.);
#1457=EDGE_CURVE('',#1126,#1127,#651,.T.);
#1458=EDGE_CURVE('',#1127,#1128,#652,.T.);
#1459=EDGE_CURVE('',#1129,#1128,#234,.T.);
#1460=EDGE_CURVE('',#1129,#1130,#781,.T.);
#1461=EDGE_CURVE('',#1130,#963,#235,.T.);
#1462=EDGE_CURVE('',#963,#1131,#782,.T.);
#1463=EDGE_CURVE('',#1126,#1131,#236,.T.);
#1464=EDGE_CURVE('',#1114,#1132,#237,.T.);
#1465=EDGE_CURVE('',#1132,#1004,#783,.T.);
#1466=EDGE_CURVE('',#1128,#1126,#653,.T.);
#1467=EDGE_CURVE('',#1131,#1132,#238,.T.);
#1468=EDGE_CURVE('',#1114,#1129,#239,.T.);
#1469=EDGE_CURVE('',#1130,#958,#74,.T.);
#1470=EDGE_CURVE('',#1027,#1129,#784,.T.);
#1471=EDGE_CURVE('',#1127,#1133,#785,.T.);
#1472=EDGE_CURVE('',#1133,#1133,#240,.T.);
#1473=EDGE_CURVE('',#1134,#1134,#241,.T.);
#1474=EDGE_CURVE('',#1134,#1049,#786,.T.);
#1475=EDGE_CURVE('',#1135,#987,#654,.F.);
#1476=EDGE_CURVE('',#1136,#1135,#655,.T.);
#1477=EDGE_CURVE('',#988,#1136,#787,.T.);
#1478=EDGE_CURVE('',#983,#1136,#656,.T.);
#1479=EDGE_CURVE('',#986,#1137,#657,.F.);
#1480=EDGE_CURVE('',#1138,#985,#788,.T.);
#1481=EDGE_CURVE('',#1137,#1138,#658,.T.);
#1482=EDGE_CURVE('',#1138,#992,#659,.T.);
#1483=EDGE_CURVE('',#1135,#1139,#660,.T.);
#1484=EDGE_CURVE('',#1140,#1139,#661,.T.);
#1485=EDGE_CURVE('',#1140,#1137,#662,.T.);
#1486=EDGE_CURVE('',#1141,#994,#242,.T.);
#1487=EDGE_CURVE('',#1142,#1141,#663,.F.);
#1488=EDGE_CURVE('',#1142,#993,#243,.T.);
#1489=EDGE_CURVE('',#1143,#1143,#244,.T.);
#1490=EDGE_CURVE('',#1143,#1144,#789,.T.);
#1491=EDGE_CURVE('',#1144,#1144,#245,.F.);
#1492=EDGE_CURVE('',#1145,#973,#790,.T.);
#1493=EDGE_CURVE('',#994,#1145,#664,.T.);
#1494=EDGE_CURVE('',#1146,#993,#665,.T.);
#1495=EDGE_CURVE('',#1146,#995,#791,.T.);
#1496=EDGE_CURVE('',#1147,#1142,#666,.F.);
#1497=EDGE_CURVE('',#1147,#1146,#246,.T.);
#1498=EDGE_CURVE('',#1141,#1148,#667,.F.);
#1499=EDGE_CURVE('',#1148,#1145,#247,.T.);
#1500=EDGE_CURVE('',#1024,#1147,#792,.T.);
#1501=EDGE_CURVE('',#1148,#1052,#793,.T.);
#1502=ORIENTED_EDGE('',*,*,#1149,.F.);
#1503=ORIENTED_EDGE('',*,*,#1150,.F.);
#1504=ORIENTED_EDGE('',*,*,#1151,.F.);
#1505=ORIENTED_EDGE('',*,*,#1152,.F.);
#1506=ORIENTED_EDGE('',*,*,#1153,.F.);
#1507=ORIENTED_EDGE('',*,*,#1154,.T.);
#1508=ORIENTED_EDGE('',*,*,#1155,.T.);
#1509=ORIENTED_EDGE('',*,*,#1149,.T.);
#1510=ORIENTED_EDGE('',*,*,#1156,.T.);
#1511=ORIENTED_EDGE('',*,*,#1157,.F.);
#1512=ORIENTED_EDGE('',*,*,#1158,.F.);
#1513=ORIENTED_EDGE('',*,*,#1159,.F.);
#1514=ORIENTED_EDGE('',*,*,#1154,.F.);
#1515=ORIENTED_EDGE('',*,*,#1160,.F.);
#1516=ORIENTED_EDGE('',*,*,#1161,.F.);
#1517=ORIENTED_EDGE('',*,*,#1162,.F.);
#1518=ORIENTED_EDGE('',*,*,#1163,.F.);
#1519=ORIENTED_EDGE('',*,*,#1164,.T.);
#1520=ORIENTED_EDGE('',*,*,#1165,.T.);
#1521=ORIENTED_EDGE('',*,*,#1166,.T.);
#1522=ORIENTED_EDGE('',*,*,#1167,.F.);
#1523=ORIENTED_EDGE('',*,*,#1168,.T.);
#1524=ORIENTED_EDGE('',*,*,#1169,.F.);
#1525=ORIENTED_EDGE('',*,*,#1151,.T.);
#1526=ORIENTED_EDGE('',*,*,#1158,.T.);
#1527=ORIENTED_EDGE('',*,*,#1170,.T.);
#1528=ORIENTED_EDGE('',*,*,#1167,.T.);
#1529=ORIENTED_EDGE('',*,*,#1171,.T.);
#1530=ORIENTED_EDGE('',*,*,#1172,.F.);
#1531=ORIENTED_EDGE('',*,*,#1173,.T.);
#1532=ORIENTED_EDGE('',*,*,#1174,.F.);
#1533=ORIENTED_EDGE('',*,*,#1175,.F.);
#1534=ORIENTED_EDGE('',*,*,#1176,.T.);
#1535=ORIENTED_EDGE('',*,*,#1177,.F.);
#1536=ORIENTED_EDGE('',*,*,#1173,.F.);
#1537=ORIENTED_EDGE('',*,*,#1178,.F.);
#1538=ORIENTED_EDGE('',*,*,#1179,.T.);
#1539=ORIENTED_EDGE('',*,*,#1174,.T.);
#1540=ORIENTED_EDGE('',*,*,#1177,.T.);
#1541=ORIENTED_EDGE('',*,*,#1180,.T.);
#1542=ORIENTED_EDGE('',*,*,#1181,.T.);
#1543=ORIENTED_EDGE('',*,*,#1182,.T.);
#1544=ORIENTED_EDGE('',*,*,#1183,.T.);
#1545=ORIENTED_EDGE('',*,*,#1184,.T.);
#1546=ORIENTED_EDGE('',*,*,#1185,.T.);
#1547=ORIENTED_EDGE('',*,*,#1186,.T.);
#1548=ORIENTED_EDGE('',*,*,#1187,.T.);
#1549=ORIENTED_EDGE('',*,*,#1188,.T.);
#1550=ORIENTED_EDGE('',*,*,#1189,.T.);
#1551=ORIENTED_EDGE('',*,*,#1190,.T.);
#1552=ORIENTED_EDGE('',*,*,#1191,.T.);
#1553=ORIENTED_EDGE('',*,*,#1192,.T.);
#1554=ORIENTED_EDGE('',*,*,#1193,.F.);
#1555=ORIENTED_EDGE('',*,*,#1194,.T.);
#1556=ORIENTED_EDGE('',*,*,#1195,.F.);
#1557=ORIENTED_EDGE('',*,*,#1196,.T.);
#1558=ORIENTED_EDGE('',*,*,#1197,.T.);
#1559=ORIENTED_EDGE('',*,*,#1198,.T.);
#1560=ORIENTED_EDGE('',*,*,#1199,.F.);
#1561=ORIENTED_EDGE('',*,*,#1198,.F.);
#1562=ORIENTED_EDGE('',*,*,#1200,.T.);
#1563=ORIENTED_EDGE('',*,*,#1194,.F.);
#1564=ORIENTED_EDGE('',*,*,#1193,.T.);
#1565=ORIENTED_EDGE('',*,*,#1192,.F.);
#1566=ORIENTED_EDGE('',*,*,#1191,.F.);
#1567=ORIENTED_EDGE('',*,*,#1190,.F.);
#1568=ORIENTED_EDGE('',*,*,#1201,.T.);
#1569=ORIENTED_EDGE('',*,*,#1202,.F.);
#1570=ORIENTED_EDGE('',*,*,#1203,.T.);
#1571=ORIENTED_EDGE('',*,*,#1204,.T.);
#1572=ORIENTED_EDGE('',*,*,#1205,.T.);
#1573=ORIENTED_EDGE('',*,*,#1203,.F.);
#1574=ORIENTED_EDGE('',*,*,#1206,.T.);
#1575=ORIENTED_EDGE('',*,*,#1207,.F.);
#1576=ORIENTED_EDGE('',*,*,#1208,.F.);
#1577=ORIENTED_EDGE('',*,*,#1209,.F.);
#1578=ORIENTED_EDGE('',*,*,#1210,.T.);
#1579=ORIENTED_EDGE('',*,*,#1211,.T.);
#1580=ORIENTED_EDGE('',*,*,#1212,.F.);
#1581=ORIENTED_EDGE('',*,*,#1213,.F.);
#1582=ORIENTED_EDGE('',*,*,#1206,.F.);
#1583=ORIENTED_EDGE('',*,*,#1214,.T.);
#1584=ORIENTED_EDGE('',*,*,#1215,.T.);
#1585=ORIENTED_EDGE('',*,*,#1204,.F.);
#1586=ORIENTED_EDGE('',*,*,#1205,.F.);
#1587=ORIENTED_EDGE('',*,*,#1215,.F.);
#1588=ORIENTED_EDGE('',*,*,#1216,.T.);
#1589=ORIENTED_EDGE('',*,*,#1217,.T.);
#1590=ORIENTED_EDGE('',*,*,#1218,.T.);
#1591=ORIENTED_EDGE('',*,*,#1219,.T.);
#1592=ORIENTED_EDGE('',*,*,#1220,.T.);
#1593=ORIENTED_EDGE('',*,*,#1221,.T.);
#1594=ORIENTED_EDGE('',*,*,#1222,.T.);
#1595=ORIENTED_EDGE('',*,*,#1216,.F.);
#1596=ORIENTED_EDGE('',*,*,#1223,.F.);
#1597=ORIENTED_EDGE('',*,*,#1224,.F.);
#1598=ORIENTED_EDGE('',*,*,#1225,.F.);
#1599=ORIENTED_EDGE('',*,*,#1222,.F.);
#1600=ORIENTED_EDGE('',*,*,#1226,.T.);
#1601=ORIENTED_EDGE('',*,*,#1219,.F.);
#1602=ORIENTED_EDGE('',*,*,#1227,.T.);
#1603=ORIENTED_EDGE('',*,*,#1228,.T.);
#1604=ORIENTED_EDGE('',*,*,#1229,.T.);
#1605=ORIENTED_EDGE('',*,*,#1230,.T.);
#1606=ORIENTED_EDGE('',*,*,#1231,.T.);
#1607=ORIENTED_EDGE('',*,*,#1232,.T.);
#1608=ORIENTED_EDGE('',*,*,#1223,.T.);
#1609=ORIENTED_EDGE('',*,*,#1233,.F.);
#1610=ORIENTED_EDGE('',*,*,#1234,.T.);
#1611=ORIENTED_EDGE('',*,*,#1220,.F.);
#1612=ORIENTED_EDGE('',*,*,#1226,.F.);
#1613=ORIENTED_EDGE('',*,*,#1221,.F.);
#1614=ORIENTED_EDGE('',*,*,#1234,.F.);
#1615=ORIENTED_EDGE('',*,*,#1235,.F.);
#1616=ORIENTED_EDGE('',*,*,#1236,.T.);
#1617=ORIENTED_EDGE('',*,*,#1237,.F.);
#1618=ORIENTED_EDGE('',*,*,#1236,.F.);
#1619=ORIENTED_EDGE('',*,*,#1233,.T.);
#1620=ORIENTED_EDGE('',*,*,#1235,.T.);
#1621=ORIENTED_EDGE('',*,*,#1218,.F.);
#1622=ORIENTED_EDGE('',*,*,#1238,.F.);
#1623=ORIENTED_EDGE('',*,*,#1239,.F.);
#1624=ORIENTED_EDGE('',*,*,#1227,.F.);
#1625=ORIENTED_EDGE('',*,*,#1217,.F.);
#1626=ORIENTED_EDGE('',*,*,#1225,.T.);
#1627=ORIENTED_EDGE('',*,*,#1240,.F.);
#1628=ORIENTED_EDGE('',*,*,#1241,.T.);
#1629=ORIENTED_EDGE('',*,*,#1207,.T.);
#1630=ORIENTED_EDGE('',*,*,#1242,.F.);
#1631=ORIENTED_EDGE('',*,*,#1243,.F.);
#1632=ORIENTED_EDGE('',*,*,#1238,.T.);
#1633=ORIENTED_EDGE('',*,*,#1209,.T.);
#1634=ORIENTED_EDGE('',*,*,#1244,.F.);
#1635=ORIENTED_EDGE('',*,*,#1245,.T.);
#1636=ORIENTED_EDGE('',*,*,#1246,.F.);
#1637=ORIENTED_EDGE('',*,*,#1247,.F.);
#1638=ORIENTED_EDGE('',*,*,#1248,.F.);
#1639=ORIENTED_EDGE('',*,*,#1249,.F.);
#1640=ORIENTED_EDGE('',*,*,#1250,.F.);
#1641=ORIENTED_EDGE('',*,*,#1251,.F.);
#1642=ORIENTED_EDGE('',*,*,#1252,.T.);
#1643=ORIENTED_EDGE('',*,*,#1253,.T.);
#1644=ORIENTED_EDGE('',*,*,#1254,.T.);
#1645=ORIENTED_EDGE('',*,*,#1255,.T.);
#1646=ORIENTED_EDGE('',*,*,#1256,.T.);
#1647=ORIENTED_EDGE('',*,*,#1257,.T.);
#1648=ORIENTED_EDGE('',*,*,#1258,.F.);
#1649=ORIENTED_EDGE('',*,*,#1259,.T.);
#1650=ORIENTED_EDGE('',*,*,#1260,.F.);
#1651=ORIENTED_EDGE('',*,*,#1259,.F.);
#1652=ORIENTED_EDGE('',*,*,#1214,.F.);
#1653=ORIENTED_EDGE('',*,*,#1258,.T.);
#1654=ORIENTED_EDGE('',*,*,#1261,.T.);
#1655=ORIENTED_EDGE('',*,*,#1262,.T.);
#1656=ORIENTED_EDGE('',*,*,#1263,.T.);
#1657=ORIENTED_EDGE('',*,*,#1264,.F.);
#1658=ORIENTED_EDGE('',*,*,#1265,.T.);
#1659=ORIENTED_EDGE('',*,*,#1266,.T.);
#1660=ORIENTED_EDGE('',*,*,#1267,.T.);
#1661=ORIENTED_EDGE('',*,*,#1169,.T.);
#1662=ORIENTED_EDGE('',*,*,#1268,.T.);
#1663=ORIENTED_EDGE('',*,*,#1261,.F.);
#1664=ORIENTED_EDGE('',*,*,#1269,.T.);
#1665=ORIENTED_EDGE('',*,*,#1270,.F.);
#1666=ORIENTED_EDGE('',*,*,#1271,.T.);
#1667=ORIENTED_EDGE('',*,*,#1272,.T.);
#1668=ORIENTED_EDGE('',*,*,#1273,.T.);
#1669=ORIENTED_EDGE('',*,*,#1271,.F.);
#1670=ORIENTED_EDGE('',*,*,#1270,.T.);
#1671=ORIENTED_EDGE('',*,*,#1274,.F.);
#1672=ORIENTED_EDGE('',*,*,#1275,.T.);
#1673=ORIENTED_EDGE('',*,*,#1272,.F.);
#1674=ORIENTED_EDGE('',*,*,#1273,.F.);
#1675=ORIENTED_EDGE('',*,*,#1275,.F.);
#1676=ORIENTED_EDGE('',*,*,#1276,.F.);
#1677=ORIENTED_EDGE('',*,*,#1277,.T.);
#1678=ORIENTED_EDGE('',*,*,#1278,.F.);
#1679=ORIENTED_EDGE('',*,*,#1277,.F.);
#1680=ORIENTED_EDGE('',*,*,#1274,.T.);
#1681=ORIENTED_EDGE('',*,*,#1276,.T.);
#1682=ORIENTED_EDGE('',*,*,#1279,.F.);
#1683=ORIENTED_EDGE('',*,*,#1280,.F.);
#1684=ORIENTED_EDGE('',*,*,#1281,.T.);
#1685=ORIENTED_EDGE('',*,*,#1268,.F.);
#1686=ORIENTED_EDGE('',*,*,#1168,.F.);
#1687=ORIENTED_EDGE('',*,*,#1170,.F.);
#1688=ORIENTED_EDGE('',*,*,#1157,.T.);
#1689=ORIENTED_EDGE('',*,*,#1282,.F.);
#1690=ORIENTED_EDGE('',*,*,#1283,.F.);
#1691=ORIENTED_EDGE('',*,*,#1196,.F.);
#1692=ORIENTED_EDGE('',*,*,#1284,.T.);
#1693=ORIENTED_EDGE('',*,*,#1285,.T.);
#1694=ORIENTED_EDGE('',*,*,#1286,.T.);
#1695=ORIENTED_EDGE('',*,*,#1287,.F.);
#1696=ORIENTED_EDGE('',*,*,#1288,.T.);
#1697=ORIENTED_EDGE('',*,*,#1289,.T.);
#1698=ORIENTED_EDGE('',*,*,#1290,.T.);
#1699=ORIENTED_EDGE('',*,*,#1291,.T.);
#1700=ORIENTED_EDGE('',*,*,#1292,.F.);
#1701=ORIENTED_EDGE('',*,*,#1293,.T.);
#1702=ORIENTED_EDGE('',*,*,#1260,.T.);
#1703=ORIENTED_EDGE('',*,*,#1294,.T.);
#1704=ORIENTED_EDGE('',*,*,#1295,.T.);
#1705=ORIENTED_EDGE('',*,*,#1296,.T.);
#1706=ORIENTED_EDGE('',*,*,#1297,.T.);
#1707=ORIENTED_EDGE('',*,*,#1298,.T.);
#1708=ORIENTED_EDGE('',*,*,#1299,.T.);
#1709=ORIENTED_EDGE('',*,*,#1300,.T.);
#1710=ORIENTED_EDGE('',*,*,#1301,.T.);
#1711=ORIENTED_EDGE('',*,*,#1302,.T.);
#1712=ORIENTED_EDGE('',*,*,#1303,.T.);
#1713=ORIENTED_EDGE('',*,*,#1304,.T.);
#1714=ORIENTED_EDGE('',*,*,#1305,.T.);
#1715=ORIENTED_EDGE('',*,*,#1306,.T.);
#1716=ORIENTED_EDGE('',*,*,#1307,.F.);
#1717=ORIENTED_EDGE('',*,*,#1308,.T.);
#1718=ORIENTED_EDGE('',*,*,#1309,.T.);
#1719=ORIENTED_EDGE('',*,*,#1278,.T.);
#1720=ORIENTED_EDGE('',*,*,#1237,.T.);
#1721=ORIENTED_EDGE('',*,*,#1310,.F.);
#1722=ORIENTED_EDGE('',*,*,#1311,.F.);
#1723=ORIENTED_EDGE('',*,*,#1211,.F.);
#1724=ORIENTED_EDGE('',*,*,#1312,.T.);
#1725=ORIENTED_EDGE('',*,*,#1313,.T.);
#1726=ORIENTED_EDGE('',*,*,#1314,.T.);
#1727=ORIENTED_EDGE('',*,*,#1265,.F.);
#1728=ORIENTED_EDGE('',*,*,#1315,.F.);
#1729=ORIENTED_EDGE('',*,*,#1316,.F.);
#1730=ORIENTED_EDGE('',*,*,#1317,.F.);
#1731=ORIENTED_EDGE('',*,*,#1263,.F.);
#1732=ORIENTED_EDGE('',*,*,#1318,.T.);
#1733=ORIENTED_EDGE('',*,*,#1280,.T.);
#1734=ORIENTED_EDGE('',*,*,#1319,.F.);
#1735=ORIENTED_EDGE('',*,*,#1320,.F.);
#1736=ORIENTED_EDGE('',*,*,#1321,.T.);
#1737=ORIENTED_EDGE('',*,*,#1322,.T.);
#1738=ORIENTED_EDGE('',*,*,#1321,.F.);
#1739=ORIENTED_EDGE('',*,*,#1322,.F.);
#1740=ORIENTED_EDGE('',*,*,#1323,.F.);
#1741=ORIENTED_EDGE('',*,*,#1324,.T.);
#1742=ORIENTED_EDGE('',*,*,#1325,.T.);
#1743=ORIENTED_EDGE('',*,*,#1324,.F.);
#1744=ORIENTED_EDGE('',*,*,#1325,.F.);
#1745=ORIENTED_EDGE('',*,*,#1326,.F.);
#1746=ORIENTED_EDGE('',*,*,#1327,.T.);
#1747=ORIENTED_EDGE('',*,*,#1328,.T.);
#1748=ORIENTED_EDGE('',*,*,#1327,.F.);
#1749=ORIENTED_EDGE('',*,*,#1328,.F.);
#1750=ORIENTED_EDGE('',*,*,#1329,.F.);
#1751=ORIENTED_EDGE('',*,*,#1330,.T.);
#1752=ORIENTED_EDGE('',*,*,#1331,.T.);
#1753=ORIENTED_EDGE('',*,*,#1330,.F.);
#1754=ORIENTED_EDGE('',*,*,#1331,.F.);
#1755=ORIENTED_EDGE('',*,*,#1332,.F.);
#1756=ORIENTED_EDGE('',*,*,#1333,.T.);
#1757=ORIENTED_EDGE('',*,*,#1334,.T.);
#1758=ORIENTED_EDGE('',*,*,#1335,.T.);
#1759=ORIENTED_EDGE('',*,*,#1336,.F.);
#1760=ORIENTED_EDGE('',*,*,#1335,.F.);
#1761=ORIENTED_EDGE('',*,*,#1337,.F.);
#1762=ORIENTED_EDGE('',*,*,#1338,.T.);
#1763=ORIENTED_EDGE('',*,*,#1339,.T.);
#1764=ORIENTED_EDGE('',*,*,#1340,.T.);
#1765=ORIENTED_EDGE('',*,*,#1341,.T.);
#1766=ORIENTED_EDGE('',*,*,#1342,.T.);
#1767=ORIENTED_EDGE('',*,*,#1339,.F.);
#1768=ORIENTED_EDGE('',*,*,#1343,.F.);
#1769=ORIENTED_EDGE('',*,*,#1303,.F.);
#1770=ORIENTED_EDGE('',*,*,#1344,.F.);
#1771=ORIENTED_EDGE('',*,*,#1340,.F.);
#1772=ORIENTED_EDGE('',*,*,#1343,.T.);
#1773=ORIENTED_EDGE('',*,*,#1338,.F.);
#1774=ORIENTED_EDGE('',*,*,#1345,.F.);
#1775=ORIENTED_EDGE('',*,*,#1294,.F.);
#1776=ORIENTED_EDGE('',*,*,#1345,.T.);
#1777=ORIENTED_EDGE('',*,*,#1342,.F.);
#1778=ORIENTED_EDGE('',*,*,#1346,.F.);
#1779=ORIENTED_EDGE('',*,*,#1301,.F.);
#1780=ORIENTED_EDGE('',*,*,#1347,.T.);
#1781=ORIENTED_EDGE('',*,*,#1336,.T.);
#1782=ORIENTED_EDGE('',*,*,#1337,.T.);
#1783=ORIENTED_EDGE('',*,*,#1334,.F.);
#1784=ORIENTED_EDGE('',*,*,#1348,.F.);
#1785=ORIENTED_EDGE('',*,*,#1300,.F.);
#1786=ORIENTED_EDGE('',*,*,#1349,.F.);
#1787=ORIENTED_EDGE('',*,*,#1332,.T.);
#1788=ORIENTED_EDGE('',*,*,#1347,.F.);
#1789=ORIENTED_EDGE('',*,*,#1349,.T.);
#1790=ORIENTED_EDGE('',*,*,#1299,.F.);
#1791=ORIENTED_EDGE('',*,*,#1350,.T.);
#1792=ORIENTED_EDGE('',*,*,#1351,.T.);
#1793=ORIENTED_EDGE('',*,*,#1352,.F.);
#1794=ORIENTED_EDGE('',*,*,#1295,.F.);
#1795=ORIENTED_EDGE('',*,*,#1346,.T.);
#1796=ORIENTED_EDGE('',*,*,#1341,.F.);
#1797=ORIENTED_EDGE('',*,*,#1344,.T.);
#1798=ORIENTED_EDGE('',*,*,#1302,.F.);
#1799=ORIENTED_EDGE('',*,*,#1348,.T.);
#1800=ORIENTED_EDGE('',*,*,#1333,.F.);
#1801=ORIENTED_EDGE('',*,*,#1304,.F.);
#1802=ORIENTED_EDGE('',*,*,#1353,.T.);
#1803=ORIENTED_EDGE('',*,*,#1354,.T.);
#1804=ORIENTED_EDGE('',*,*,#1353,.F.);
#1805=ORIENTED_EDGE('',*,*,#1354,.F.);
#1806=ORIENTED_EDGE('',*,*,#1305,.F.);
#1807=ORIENTED_EDGE('',*,*,#1355,.T.);
#1808=ORIENTED_EDGE('',*,*,#1356,.T.);
#1809=ORIENTED_EDGE('',*,*,#1355,.F.);
#1810=ORIENTED_EDGE('',*,*,#1356,.F.);
#1811=ORIENTED_EDGE('',*,*,#1357,.T.);
#1812=ORIENTED_EDGE('',*,*,#1316,.T.);
#1813=ORIENTED_EDGE('',*,*,#1358,.T.);
#1814=ORIENTED_EDGE('',*,*,#1359,.T.);
#1815=ORIENTED_EDGE('',*,*,#1360,.T.);
#1816=ORIENTED_EDGE('',*,*,#1361,.T.);
#1817=ORIENTED_EDGE('',*,*,#1362,.T.);
#1818=ORIENTED_EDGE('',*,*,#1363,.T.);
#1819=ORIENTED_EDGE('',*,*,#1264,.T.);
#1820=ORIENTED_EDGE('',*,*,#1360,.F.);
#1821=ORIENTED_EDGE('',*,*,#1317,.T.);
#1822=ORIENTED_EDGE('',*,*,#1357,.F.);
#1823=ORIENTED_EDGE('',*,*,#1364,.T.);
#1824=ORIENTED_EDGE('',*,*,#1358,.F.);
#1825=ORIENTED_EDGE('',*,*,#1315,.T.);
#1826=ORIENTED_EDGE('',*,*,#1363,.F.);
#1827=ORIENTED_EDGE('',*,*,#1365,.T.);
#1828=ORIENTED_EDGE('',*,*,#1366,.F.);
#1829=ORIENTED_EDGE('',*,*,#1367,.T.);
#1830=ORIENTED_EDGE('',*,*,#1361,.F.);
#1831=ORIENTED_EDGE('',*,*,#1364,.F.);
#1832=ORIENTED_EDGE('',*,*,#1359,.F.);
#1833=ORIENTED_EDGE('',*,*,#1365,.F.);
#1834=ORIENTED_EDGE('',*,*,#1362,.F.);
#1835=ORIENTED_EDGE('',*,*,#1367,.F.);
#1836=ORIENTED_EDGE('',*,*,#1366,.T.);
#1837=ORIENTED_EDGE('',*,*,#1368,.F.);
#1838=ORIENTED_EDGE('',*,*,#1306,.F.);
#1839=ORIENTED_EDGE('',*,*,#1369,.T.);
#1840=ORIENTED_EDGE('',*,*,#1368,.T.);
#1841=ORIENTED_EDGE('',*,*,#1369,.F.);
#1842=ORIENTED_EDGE('',*,*,#1370,.T.);
#1843=ORIENTED_EDGE('',*,*,#1313,.F.);
#1844=ORIENTED_EDGE('',*,*,#1371,.F.);
#1845=ORIENTED_EDGE('',*,*,#1372,.F.);
#1846=ORIENTED_EDGE('',*,*,#1373,.F.);
#1847=ORIENTED_EDGE('',*,*,#1374,.T.);
#1848=ORIENTED_EDGE('',*,*,#1375,.F.);
#1849=ORIENTED_EDGE('',*,*,#1376,.T.);
#1850=ORIENTED_EDGE('',*,*,#1377,.F.);
#1851=ORIENTED_EDGE('',*,*,#1378,.F.);
#1852=ORIENTED_EDGE('',*,*,#1269,.F.);
#1853=ORIENTED_EDGE('',*,*,#1266,.F.);
#1854=ORIENTED_EDGE('',*,*,#1314,.F.);
#1855=ORIENTED_EDGE('',*,*,#1370,.F.);
#1856=ORIENTED_EDGE('',*,*,#1320,.T.);
#1857=ORIENTED_EDGE('',*,*,#1323,.T.);
#1858=ORIENTED_EDGE('',*,*,#1326,.T.);
#1859=ORIENTED_EDGE('',*,*,#1329,.T.);
#1860=ORIENTED_EDGE('',*,*,#1351,.F.);
#1861=ORIENTED_EDGE('',*,*,#1379,.F.);
#1862=ORIENTED_EDGE('',*,*,#1380,.F.);
#1863=ORIENTED_EDGE('',*,*,#1381,.F.);
#1864=ORIENTED_EDGE('',*,*,#1382,.T.);
#1865=ORIENTED_EDGE('',*,*,#1383,.T.);
#1866=ORIENTED_EDGE('',*,*,#1384,.T.);
#1867=ORIENTED_EDGE('',*,*,#1382,.F.);
#1868=ORIENTED_EDGE('',*,*,#1199,.T.);
#1869=ORIENTED_EDGE('',*,*,#1385,.F.);
#1870=ORIENTED_EDGE('',*,*,#1386,.T.);
#1871=ORIENTED_EDGE('',*,*,#1383,.F.);
#1872=ORIENTED_EDGE('',*,*,#1384,.F.);
#1873=ORIENTED_EDGE('',*,*,#1386,.F.);
#1874=ORIENTED_EDGE('',*,*,#1387,.F.);
#1875=ORIENTED_EDGE('',*,*,#1184,.F.);
#1876=ORIENTED_EDGE('',*,*,#1388,.F.);
#1877=ORIENTED_EDGE('',*,*,#1389,.F.);
#1878=ORIENTED_EDGE('',*,*,#1388,.T.);
#1879=ORIENTED_EDGE('',*,*,#1183,.F.);
#1880=ORIENTED_EDGE('',*,*,#1390,.F.);
#1881=ORIENTED_EDGE('',*,*,#1391,.F.);
#1882=ORIENTED_EDGE('',*,*,#1390,.T.);
#1883=ORIENTED_EDGE('',*,*,#1182,.F.);
#1884=ORIENTED_EDGE('',*,*,#1392,.F.);
#1885=ORIENTED_EDGE('',*,*,#1393,.F.);
#1886=ORIENTED_EDGE('',*,*,#1392,.T.);
#1887=ORIENTED_EDGE('',*,*,#1181,.F.);
#1888=ORIENTED_EDGE('',*,*,#1394,.F.);
#1889=ORIENTED_EDGE('',*,*,#1395,.F.);
#1890=ORIENTED_EDGE('',*,*,#1394,.T.);
#1891=ORIENTED_EDGE('',*,*,#1180,.F.);
#1892=ORIENTED_EDGE('',*,*,#1176,.F.);
#1893=ORIENTED_EDGE('',*,*,#1152,.T.);
#1894=ORIENTED_EDGE('',*,*,#1267,.F.);
#1895=ORIENTED_EDGE('',*,*,#1378,.T.);
#1896=ORIENTED_EDGE('',*,*,#1396,.T.);
#1897=ORIENTED_EDGE('',*,*,#1185,.F.);
#1898=ORIENTED_EDGE('',*,*,#1387,.T.);
#1899=ORIENTED_EDGE('',*,*,#1389,.T.);
#1900=ORIENTED_EDGE('',*,*,#1391,.T.);
#1901=ORIENTED_EDGE('',*,*,#1393,.T.);
#1902=ORIENTED_EDGE('',*,*,#1395,.T.);
#1903=ORIENTED_EDGE('',*,*,#1175,.T.);
#1904=ORIENTED_EDGE('',*,*,#1172,.T.);
#1905=ORIENTED_EDGE('',*,*,#1179,.F.);
#1906=ORIENTED_EDGE('',*,*,#1292,.T.);
#1907=ORIENTED_EDGE('',*,*,#1397,.T.);
#1908=ORIENTED_EDGE('',*,*,#1398,.T.);
#1909=ORIENTED_EDGE('',*,*,#1399,.T.);
#1910=ORIENTED_EDGE('',*,*,#1400,.T.);
#1911=ORIENTED_EDGE('',*,*,#1247,.T.);
#1912=ORIENTED_EDGE('',*,*,#1401,.T.);
#1913=ORIENTED_EDGE('',*,*,#1402,.T.);
#1914=ORIENTED_EDGE('',*,*,#1401,.F.);
#1915=ORIENTED_EDGE('',*,*,#1246,.T.);
#1916=ORIENTED_EDGE('',*,*,#1398,.F.);
#1917=ORIENTED_EDGE('',*,*,#1403,.T.);
#1918=ORIENTED_EDGE('',*,*,#1249,.T.);
#1919=ORIENTED_EDGE('',*,*,#1404,.T.);
#1920=ORIENTED_EDGE('',*,*,#1405,.T.);
#1921=ORIENTED_EDGE('',*,*,#1406,.T.);
#1922=ORIENTED_EDGE('',*,*,#1407,.T.);
#1923=ORIENTED_EDGE('',*,*,#1250,.T.);
#1924=ORIENTED_EDGE('',*,*,#1407,.F.);
#1925=ORIENTED_EDGE('',*,*,#1408,.F.);
#1926=ORIENTED_EDGE('',*,*,#1409,.T.);
#1927=ORIENTED_EDGE('',*,*,#1410,.T.);
#1928=ORIENTED_EDGE('',*,*,#1411,.T.);
#1929=ORIENTED_EDGE('',*,*,#1251,.T.);
#1930=ORIENTED_EDGE('',*,*,#1409,.F.);
#1931=ORIENTED_EDGE('',*,*,#1412,.T.);
#1932=ORIENTED_EDGE('',*,*,#1404,.F.);
#1933=ORIENTED_EDGE('',*,*,#1248,.T.);
#1934=ORIENTED_EDGE('',*,*,#1400,.F.);
#1935=ORIENTED_EDGE('',*,*,#1413,.T.);
#1936=ORIENTED_EDGE('',*,*,#1287,.T.);
#1937=ORIENTED_EDGE('',*,*,#1414,.T.);
#1938=ORIENTED_EDGE('',*,*,#1415,.T.);
#1939=ORIENTED_EDGE('',*,*,#1416,.T.);
#1940=ORIENTED_EDGE('',*,*,#1415,.F.);
#1941=ORIENTED_EDGE('',*,*,#1417,.T.);
#1942=ORIENTED_EDGE('',*,*,#1411,.F.);
#1943=ORIENTED_EDGE('',*,*,#1418,.T.);
#1944=ORIENTED_EDGE('',*,*,#1417,.F.);
#1945=ORIENTED_EDGE('',*,*,#1414,.F.);
#1946=ORIENTED_EDGE('',*,*,#1286,.F.);
#1947=ORIENTED_EDGE('',*,*,#1419,.T.);
#1948=ORIENTED_EDGE('',*,*,#1420,.F.);
#1949=ORIENTED_EDGE('',*,*,#1252,.F.);
#1950=ORIENTED_EDGE('',*,*,#1397,.F.);
#1951=ORIENTED_EDGE('',*,*,#1291,.F.);
#1952=ORIENTED_EDGE('',*,*,#1421,.T.);
#1953=ORIENTED_EDGE('',*,*,#1402,.F.);
#1954=ORIENTED_EDGE('',*,*,#1403,.F.);
#1955=ORIENTED_EDGE('',*,*,#1413,.F.);
#1956=ORIENTED_EDGE('',*,*,#1421,.F.);
#1957=ORIENTED_EDGE('',*,*,#1290,.F.);
#1958=ORIENTED_EDGE('',*,*,#1422,.F.);
#1959=ORIENTED_EDGE('',*,*,#1405,.F.);
#1960=ORIENTED_EDGE('',*,*,#1410,.F.);
#1961=ORIENTED_EDGE('',*,*,#1423,.F.);
#1962=ORIENTED_EDGE('',*,*,#1288,.F.);
#1963=ORIENTED_EDGE('',*,*,#1416,.F.);
#1964=ORIENTED_EDGE('',*,*,#1418,.F.);
#1965=ORIENTED_EDGE('',*,*,#1408,.T.);
#1966=ORIENTED_EDGE('',*,*,#1406,.F.);
#1967=ORIENTED_EDGE('',*,*,#1422,.T.);
#1968=ORIENTED_EDGE('',*,*,#1289,.F.);
#1969=ORIENTED_EDGE('',*,*,#1423,.T.);
#1970=ORIENTED_EDGE('',*,*,#1412,.F.);
#1971=ORIENTED_EDGE('',*,*,#1424,.F.);
#1972=ORIENTED_EDGE('',*,*,#1256,.F.);
#1973=ORIENTED_EDGE('',*,*,#1425,.F.);
#1974=ORIENTED_EDGE('',*,*,#1374,.F.);
#1975=ORIENTED_EDGE('',*,*,#1373,.T.);
#1976=ORIENTED_EDGE('',*,*,#1187,.F.);
#1977=ORIENTED_EDGE('',*,*,#1426,.F.);
#1978=ORIENTED_EDGE('',*,*,#1376,.F.);
#1979=ORIENTED_EDGE('',*,*,#1427,.T.);
#1980=ORIENTED_EDGE('',*,*,#1255,.F.);
#1981=ORIENTED_EDGE('',*,*,#1428,.F.);
#1982=ORIENTED_EDGE('',*,*,#1188,.F.);
#1983=ORIENTED_EDGE('',*,*,#1427,.F.);
#1984=ORIENTED_EDGE('',*,*,#1375,.T.);
#1985=ORIENTED_EDGE('',*,*,#1425,.T.);
#1986=ORIENTED_EDGE('',*,*,#1186,.F.);
#1987=ORIENTED_EDGE('',*,*,#1396,.F.);
#1988=ORIENTED_EDGE('',*,*,#1377,.T.);
#1989=ORIENTED_EDGE('',*,*,#1426,.T.);
#1990=ORIENTED_EDGE('',*,*,#1380,.T.);
#1991=ORIENTED_EDGE('',*,*,#1429,.F.);
#1992=ORIENTED_EDGE('',*,*,#1297,.F.);
#1993=ORIENTED_EDGE('',*,*,#1430,.T.);
#1994=ORIENTED_EDGE('',*,*,#1379,.T.);
#1995=ORIENTED_EDGE('',*,*,#1350,.F.);
#1996=ORIENTED_EDGE('',*,*,#1298,.F.);
#1997=ORIENTED_EDGE('',*,*,#1429,.T.);
#1998=ORIENTED_EDGE('',*,*,#1257,.F.);
#1999=ORIENTED_EDGE('',*,*,#1424,.T.);
#2000=ORIENTED_EDGE('',*,*,#1372,.T.);
#2001=ORIENTED_EDGE('',*,*,#1431,.T.);
#2002=ORIENTED_EDGE('',*,*,#1381,.T.);
#2003=ORIENTED_EDGE('',*,*,#1430,.F.);
#2004=ORIENTED_EDGE('',*,*,#1296,.F.);
#2005=ORIENTED_EDGE('',*,*,#1352,.T.);
#2006=ORIENTED_EDGE('',*,*,#1428,.T.);
#2007=ORIENTED_EDGE('',*,*,#1254,.F.);
#2008=ORIENTED_EDGE('',*,*,#1432,.T.);
#2009=ORIENTED_EDGE('',*,*,#1189,.F.);
#2010=ORIENTED_EDGE('',*,*,#1282,.T.);
#2011=ORIENTED_EDGE('',*,*,#1163,.T.);
#2012=ORIENTED_EDGE('',*,*,#1433,.T.);
#2013=ORIENTED_EDGE('',*,*,#1434,.T.);
#2014=ORIENTED_EDGE('',*,*,#1435,.T.);
#2015=ORIENTED_EDGE('',*,*,#1436,.T.);
#2016=ORIENTED_EDGE('',*,*,#1437,.T.);
#2017=ORIENTED_EDGE('',*,*,#1161,.T.);
#2018=ORIENTED_EDGE('',*,*,#1156,.F.);
#2019=ORIENTED_EDGE('',*,*,#1438,.T.);
#2020=ORIENTED_EDGE('',*,*,#1435,.F.);
#2021=ORIENTED_EDGE('',*,*,#1160,.T.);
#2022=ORIENTED_EDGE('',*,*,#1437,.F.);
#2023=ORIENTED_EDGE('',*,*,#1439,.T.);
#2024=ORIENTED_EDGE('',*,*,#1433,.F.);
#2025=ORIENTED_EDGE('',*,*,#1162,.T.);
#2026=ORIENTED_EDGE('',*,*,#1171,.F.);
#2027=ORIENTED_EDGE('',*,*,#1150,.T.);
#2028=ORIENTED_EDGE('',*,*,#1155,.F.);
#2029=ORIENTED_EDGE('',*,*,#1159,.T.);
#2030=ORIENTED_EDGE('',*,*,#1434,.F.);
#2031=ORIENTED_EDGE('',*,*,#1440,.T.);
#2032=ORIENTED_EDGE('',*,*,#1197,.F.);
#2033=ORIENTED_EDGE('',*,*,#1283,.T.);
#2034=ORIENTED_EDGE('',*,*,#1439,.F.);
#2035=ORIENTED_EDGE('',*,*,#1436,.F.);
#2036=ORIENTED_EDGE('',*,*,#1441,.F.);
#2037=ORIENTED_EDGE('',*,*,#1200,.F.);
#2038=ORIENTED_EDGE('',*,*,#1440,.F.);
#2039=ORIENTED_EDGE('',*,*,#1438,.F.);
#2040=ORIENTED_EDGE('',*,*,#1153,.T.);
#2041=ORIENTED_EDGE('',*,*,#1178,.T.);
#2042=ORIENTED_EDGE('',*,*,#1441,.T.);
#2043=ORIENTED_EDGE('',*,*,#1442,.T.);
#2044=ORIENTED_EDGE('',*,*,#1443,.T.);
#2045=ORIENTED_EDGE('',*,*,#1444,.T.);
#2046=ORIENTED_EDGE('',*,*,#1442,.F.);
#2047=ORIENTED_EDGE('',*,*,#1319,.T.);
#2048=ORIENTED_EDGE('',*,*,#1445,.F.);
#2049=ORIENTED_EDGE('',*,*,#1446,.T.);
#2050=ORIENTED_EDGE('',*,*,#1443,.F.);
#2051=ORIENTED_EDGE('',*,*,#1444,.F.);
#2052=ORIENTED_EDGE('',*,*,#1446,.F.);
#2053=ORIENTED_EDGE('',*,*,#1445,.T.);
#2054=ORIENTED_EDGE('',*,*,#1447,.F.);
#2055=ORIENTED_EDGE('',*,*,#1309,.F.);
#2056=ORIENTED_EDGE('',*,*,#1448,.T.);
#2057=ORIENTED_EDGE('',*,*,#1447,.T.);
#2058=ORIENTED_EDGE('',*,*,#1448,.F.);
#2059=ORIENTED_EDGE('',*,*,#1165,.F.);
#2060=ORIENTED_EDGE('',*,*,#1449,.T.);
#2061=ORIENTED_EDGE('',*,*,#1450,.T.);
#2062=ORIENTED_EDGE('',*,*,#1449,.F.);
#2063=ORIENTED_EDGE('',*,*,#1450,.F.);
#2064=ORIENTED_EDGE('',*,*,#1164,.F.);
#2065=ORIENTED_EDGE('',*,*,#1451,.T.);
#2066=ORIENTED_EDGE('',*,*,#1452,.T.);
#2067=ORIENTED_EDGE('',*,*,#1451,.F.);
#2068=ORIENTED_EDGE('',*,*,#1452,.F.);
#2069=ORIENTED_EDGE('',*,*,#1166,.F.);
#2070=ORIENTED_EDGE('',*,*,#1453,.T.);
#2071=ORIENTED_EDGE('',*,*,#1454,.T.);
#2072=ORIENTED_EDGE('',*,*,#1453,.F.);
#2073=ORIENTED_EDGE('',*,*,#1454,.F.);
#2074=ORIENTED_EDGE('',*,*,#1385,.T.);
#2075=ORIENTED_EDGE('',*,*,#1455,.F.);
#2076=ORIENTED_EDGE('',*,*,#1308,.F.);
#2077=ORIENTED_EDGE('',*,*,#1456,.T.);
#2078=ORIENTED_EDGE('',*,*,#1455,.T.);
#2079=ORIENTED_EDGE('',*,*,#1456,.F.);
#2080=ORIENTED_EDGE('',*,*,#1262,.F.);
#2081=ORIENTED_EDGE('',*,*,#1281,.F.);
#2082=ORIENTED_EDGE('',*,*,#1318,.F.);
#2083=ORIENTED_EDGE('',*,*,#1457,.T.);
#2084=ORIENTED_EDGE('',*,*,#1458,.T.);
#2085=ORIENTED_EDGE('',*,*,#1459,.F.);
#2086=ORIENTED_EDGE('',*,*,#1460,.T.);
#2087=ORIENTED_EDGE('',*,*,#1461,.T.);
#2088=ORIENTED_EDGE('',*,*,#1462,.T.);
#2089=ORIENTED_EDGE('',*,*,#1463,.F.);
#2090=ORIENTED_EDGE('',*,*,#1253,.F.);
#2091=ORIENTED_EDGE('',*,*,#1420,.T.);
#2092=ORIENTED_EDGE('',*,*,#1464,.T.);
#2093=ORIENTED_EDGE('',*,*,#1465,.T.);
#2094=ORIENTED_EDGE('',*,*,#1466,.T.);
#2095=ORIENTED_EDGE('',*,*,#1463,.T.);
#2096=ORIENTED_EDGE('',*,*,#1467,.T.);
#2097=ORIENTED_EDGE('',*,*,#1464,.F.);
#2098=ORIENTED_EDGE('',*,*,#1468,.T.);
#2099=ORIENTED_EDGE('',*,*,#1459,.T.);
#2100=ORIENTED_EDGE('',*,*,#1195,.T.);
#2101=ORIENTED_EDGE('',*,*,#1202,.T.);
#2102=ORIENTED_EDGE('',*,*,#1461,.F.);
#2103=ORIENTED_EDGE('',*,*,#1469,.T.);
#2104=ORIENTED_EDGE('',*,*,#1469,.F.);
#2105=ORIENTED_EDGE('',*,*,#1460,.F.);
#2106=ORIENTED_EDGE('',*,*,#1470,.F.);
#2107=ORIENTED_EDGE('',*,*,#1284,.F.);
#2108=ORIENTED_EDGE('',*,*,#1468,.F.);
#2109=ORIENTED_EDGE('',*,*,#1419,.F.);
#2110=ORIENTED_EDGE('',*,*,#1285,.F.);
#2111=ORIENTED_EDGE('',*,*,#1470,.T.);
#2112=ORIENTED_EDGE('',*,*,#1466,.F.);
#2113=ORIENTED_EDGE('',*,*,#1458,.F.);
#2114=ORIENTED_EDGE('',*,*,#1471,.T.);
#2115=ORIENTED_EDGE('',*,*,#1472,.T.);
#2116=ORIENTED_EDGE('',*,*,#1471,.F.);
#2117=ORIENTED_EDGE('',*,*,#1457,.F.);
#2118=ORIENTED_EDGE('',*,*,#1432,.F.);
#2119=ORIENTED_EDGE('',*,*,#1465,.F.);
#2120=ORIENTED_EDGE('',*,*,#1467,.F.);
#2121=ORIENTED_EDGE('',*,*,#1462,.F.);
#2122=ORIENTED_EDGE('',*,*,#1201,.F.);
#2123=ORIENTED_EDGE('',*,*,#1472,.F.);
#2124=ORIENTED_EDGE('',*,*,#1473,.F.);
#2125=ORIENTED_EDGE('',*,*,#1473,.T.);
#2126=ORIENTED_EDGE('',*,*,#1474,.T.);
#2127=ORIENTED_EDGE('',*,*,#1307,.T.);
#2128=ORIENTED_EDGE('',*,*,#1474,.F.);
#2129=ORIENTED_EDGE('',*,*,#1210,.F.);
#2130=ORIENTED_EDGE('',*,*,#1431,.F.);
#2131=ORIENTED_EDGE('',*,*,#1371,.T.);
#2132=ORIENTED_EDGE('',*,*,#1312,.F.);
#2133=ORIENTED_EDGE('',*,*,#1475,.F.);
#2134=ORIENTED_EDGE('',*,*,#1476,.F.);
#2135=ORIENTED_EDGE('',*,*,#1477,.F.);
#2136=ORIENTED_EDGE('',*,*,#1231,.F.);
#2137=ORIENTED_EDGE('',*,*,#1224,.T.);
#2138=ORIENTED_EDGE('',*,*,#1232,.F.);
#2139=ORIENTED_EDGE('',*,*,#1477,.T.);
#2140=ORIENTED_EDGE('',*,*,#1478,.F.);
#2141=ORIENTED_EDGE('',*,*,#1479,.F.);
#2142=ORIENTED_EDGE('',*,*,#1229,.F.);
#2143=ORIENTED_EDGE('',*,*,#1480,.F.);
#2144=ORIENTED_EDGE('',*,*,#1481,.F.);
#2145=ORIENTED_EDGE('',*,*,#1480,.T.);
#2146=ORIENTED_EDGE('',*,*,#1228,.F.);
#2147=ORIENTED_EDGE('',*,*,#1239,.T.);
#2148=ORIENTED_EDGE('',*,*,#1482,.F.);
#2149=ORIENTED_EDGE('',*,*,#1483,.T.);
#2150=ORIENTED_EDGE('',*,*,#1484,.F.);
#2151=ORIENTED_EDGE('',*,*,#1485,.T.);
#2152=ORIENTED_EDGE('',*,*,#1481,.T.);
#2153=ORIENTED_EDGE('',*,*,#1482,.T.);
#2154=ORIENTED_EDGE('',*,*,#1243,.T.);
#2155=ORIENTED_EDGE('',*,*,#1486,.F.);
#2156=ORIENTED_EDGE('',*,*,#1487,.F.);
#2157=ORIENTED_EDGE('',*,*,#1488,.T.);
#2158=ORIENTED_EDGE('',*,*,#1240,.T.);
#2159=ORIENTED_EDGE('',*,*,#1478,.T.);
#2160=ORIENTED_EDGE('',*,*,#1476,.T.);
#2161=ORIENTED_EDGE('',*,*,#1489,.T.);
#2162=ORIENTED_EDGE('',*,*,#1490,.T.);
#2163=ORIENTED_EDGE('',*,*,#1491,.T.);
#2164=ORIENTED_EDGE('',*,*,#1490,.F.);
#2165=ORIENTED_EDGE('',*,*,#1484,.T.);
#2166=ORIENTED_EDGE('',*,*,#1483,.F.);
#2167=ORIENTED_EDGE('',*,*,#1475,.T.);
#2168=ORIENTED_EDGE('',*,*,#1230,.F.);
#2169=ORIENTED_EDGE('',*,*,#1479,.T.);
#2170=ORIENTED_EDGE('',*,*,#1485,.F.);
#2171=ORIENTED_EDGE('',*,*,#1489,.F.);
#2172=ORIENTED_EDGE('',*,*,#1213,.T.);
#2173=ORIENTED_EDGE('',*,*,#1492,.F.);
#2174=ORIENTED_EDGE('',*,*,#1493,.F.);
#2175=ORIENTED_EDGE('',*,*,#1242,.T.);
#2176=ORIENTED_EDGE('',*,*,#1208,.T.);
#2177=ORIENTED_EDGE('',*,*,#1241,.F.);
#2178=ORIENTED_EDGE('',*,*,#1494,.F.);
#2179=ORIENTED_EDGE('',*,*,#1495,.T.);
#2180=ORIENTED_EDGE('',*,*,#1244,.T.);
#2181=ORIENTED_EDGE('',*,*,#1496,.F.);
#2182=ORIENTED_EDGE('',*,*,#1497,.T.);
#2183=ORIENTED_EDGE('',*,*,#1494,.T.);
#2184=ORIENTED_EDGE('',*,*,#1488,.F.);
#2185=ORIENTED_EDGE('',*,*,#1498,.F.);
#2186=ORIENTED_EDGE('',*,*,#1486,.T.);
#2187=ORIENTED_EDGE('',*,*,#1493,.T.);
#2188=ORIENTED_EDGE('',*,*,#1499,.F.);
#2189=ORIENTED_EDGE('',*,*,#1245,.F.);
#2190=ORIENTED_EDGE('',*,*,#1495,.F.);
#2191=ORIENTED_EDGE('',*,*,#1497,.F.);
#2192=ORIENTED_EDGE('',*,*,#1500,.F.);
#2193=ORIENTED_EDGE('',*,*,#1293,.F.);
#2194=ORIENTED_EDGE('',*,*,#1399,.F.);
#2195=ORIENTED_EDGE('',*,*,#1311,.T.);
#2196=ORIENTED_EDGE('',*,*,#1501,.F.);
#2197=ORIENTED_EDGE('',*,*,#1499,.T.);
#2198=ORIENTED_EDGE('',*,*,#1492,.T.);
#2199=ORIENTED_EDGE('',*,*,#1212,.T.);
#2200=ORIENTED_EDGE('',*,*,#1279,.T.);
#2201=ORIENTED_EDGE('',*,*,#1500,.T.);
#2202=ORIENTED_EDGE('',*,*,#1496,.T.);
#2203=ORIENTED_EDGE('',*,*,#1487,.T.);
#2204=ORIENTED_EDGE('',*,*,#1498,.T.);
#2205=ORIENTED_EDGE('',*,*,#1501,.T.);
#2206=ORIENTED_EDGE('',*,*,#1310,.T.);
#2207=ORIENTED_EDGE('',*,*,#1491,.F.);
#2208=PLANE('',#2414);
#2209=PLANE('',#2415);
#2210=PLANE('',#2416);
#2211=PLANE('',#2423);
#2212=PLANE('',#2424);
#2213=PLANE('',#2454);
#2214=PLANE('',#2465);
#2215=PLANE('',#2474);
#2216=PLANE('',#2475);
#2217=PLANE('',#2499);
#2218=PLANE('',#2503);
#2219=PLANE('',#2507);
#2220=PLANE('',#2511);
#2221=PLANE('',#2515);
#2222=PLANE('',#2520);
#2223=PLANE('',#2523);
#2224=PLANE('',#2525);
#2225=PLANE('',#2530);
#2226=PLANE('',#2533);
#2227=PLANE('',#2536);
#2228=PLANE('',#2542);
#2229=PLANE('',#2548);
#2230=PLANE('',#2549);
#2231=PLANE('',#2551);
#2232=PLANE('',#2552);
#2233=PLANE('',#2554);
#2234=PLANE('',#2556);
#2235=PLANE('',#2559);
#2236=PLANE('',#2560);
#2237=PLANE('',#2562);
#2238=PLANE('',#2563);
#2239=PLANE('',#2564);
#2240=PLANE('',#2565);
#2241=PLANE('',#2567);
#2242=PLANE('',#2571);
#2243=PLANE('',#2573);
#2244=PLANE('',#2575);
#2245=PLANE('',#2577);
#2246=PLANE('',#2581);
#2247=PLANE('',#2586);
#2248=PLANE('',#2589);
#2249=PLANE('',#2592);
#2250=PLANE('',#2593);
#2251=PLANE('',#2596);
#2252=PLANE('',#2606);
#2253=PLANE('',#2610);
#2254=PLANE('',#2611);
#2255=PLANE('',#2614);
#2256=PLANE('',#2620);
#2257=PLANE('',#2621);
#2258=PLANE('',#2624);
#2259=PLANE('',#2625);
#2260=PLANE('',#2626);
#2261=ADVANCED_FACE('',(#248),#2208,.T.);
#2262=ADVANCED_FACE('',(#249),#2209,.T.);
#2263=ADVANCED_FACE('',(#250,#119,#120,#121),#2210,.T.);
#2264=ADVANCED_FACE('',(#251),#75,.T.);
#2265=ADVANCED_FACE('',(#252),#30,.T.);
#2266=ADVANCED_FACE('',(#253),#2211,.T.);
#2267=ADVANCED_FACE('',(#254),#2212,.T.);
#2268=ADVANCED_FACE('',(#255),#20,.F.);
#2269=ADVANCED_FACE('',(#256,#122),#31,.F.);
#2270=ADVANCED_FACE('',(#257),#76,.T.);
#2271=ADVANCED_FACE('',(#258),#32,.T.);
#2272=ADVANCED_FACE('',(#259,#123),#77,.T.);
#2273=ADVANCED_FACE('',(#260),#78,.F.);
#2274=ADVANCED_FACE('',(#261),#33,.T.);
#2275=ADVANCED_FACE('',(#262),#34,.F.);
#2276=ADVANCED_FACE('',(#263),#79,.F.);
#2277=ADVANCED_FACE('',(#264),#80,.F.);
#2278=ADVANCED_FACE('',(#265),#81,.F.);
#2279=ADVANCED_FACE('',(#266,#124),#2213,.T.);
#2280=ADVANCED_FACE('',(#267),#35,.F.);
#2281=ADVANCED_FACE('',(#268),#36,.F.);
#2282=ADVANCED_FACE('',(#269),#19,.T.);
#2283=ADVANCED_FACE('',(#270),#82,.F.);
#2284=ADVANCED_FACE('',(#271,#125),#2214,.F.);
#2285=ADVANCED_FACE('',(#272),#37,.F.);
#2286=ADVANCED_FACE('',(#273,#126),#38,.F.);
#2287=ADVANCED_FACE('',(#274),#39,.T.);
#2288=ADVANCED_FACE('',(#275),#83,.F.);
#2289=ADVANCED_FACE('',(#276),#84,.F.);
#2290=ADVANCED_FACE('',(#277,#127),#2215,.T.);
#2291=ADVANCED_FACE('',(#278,#128,#129,#130,#131,#132,#133,#134,#135,#136,
#137),#2216,.F.);
#2292=ADVANCED_FACE('',(#279,#138),#85,.T.);
#2293=ADVANCED_FACE('',(#280),#86,.F.);
#2294=ADVANCED_FACE('',(#281),#2217,.T.);
#2295=ADVANCED_FACE('',(#282),#87,.F.);
#2296=ADVANCED_FACE('',(#283),#2218,.T.);
#2297=ADVANCED_FACE('',(#284),#88,.F.);
#2298=ADVANCED_FACE('',(#285),#2219,.T.);
#2299=ADVANCED_FACE('',(#286),#89,.F.);
#2300=ADVANCED_FACE('',(#287),#2220,.T.);
#2301=ADVANCED_FACE('',(#288),#15,.F.);
#2302=ADVANCED_FACE('',(#289),#2221,.T.);
#2303=ADVANCED_FACE('',(#290),#16,.F.);
#2304=ADVANCED_FACE('',(#291),#2222,.T.);
#2305=ADVANCED_FACE('',(#292),#90,.F.);
#2306=ADVANCED_FACE('',(#293),#2223,.F.);
#2307=ADVANCED_FACE('',(#294),#91,.F.);
#2308=ADVANCED_FACE('',(#295),#2224,.F.);
#2309=ADVANCED_FACE('',(#296),#92,.F.);
#2310=ADVANCED_FACE('',(#297),#93,.F.);
#2311=ADVANCED_FACE('',(#298),#2225,.T.);
#2312=ADVANCED_FACE('',(#299),#94,.F.);
#2313=ADVANCED_FACE('',(#300),#2226,.T.);
#2314=ADVANCED_FACE('',(#301),#40,.T.);
#2315=ADVANCED_FACE('',(#302),#41,.T.);
#2316=ADVANCED_FACE('',(#303),#42,.T.);
#2317=ADVANCED_FACE('',(#304),#43,.T.);
#2318=ADVANCED_FACE('',(#305),#95,.F.);
#2319=ADVANCED_FACE('',(#306,#139),#2227,.T.);
#2320=ADVANCED_FACE('',(#307),#96,.F.);
#2321=ADVANCED_FACE('',(#308),#97,.F.);
#2322=ADVANCED_FACE('',(#309,#140,#141,#142,#143,#144),#2228,.F.);
#2323=ADVANCED_FACE('',(#310),#44,.T.);
#2324=ADVANCED_FACE('',(#311),#98,.F.);
#2325=ADVANCED_FACE('',(#312),#2229,.T.);
#2326=ADVANCED_FACE('',(#313),#2230,.T.);
#2327=ADVANCED_FACE('',(#314),#2231,.T.);
#2328=ADVANCED_FACE('',(#315),#2232,.T.);
#2329=ADVANCED_FACE('',(#316),#2233,.T.);
#2330=ADVANCED_FACE('',(#317),#17,.T.);
#2331=ADVANCED_FACE('',(#318),#2234,.T.);
#2332=ADVANCED_FACE('',(#319),#45,.T.);
#2333=ADVANCED_FACE('',(#320),#46,.T.);
#2334=ADVANCED_FACE('',(#321),#47,.T.);
#2335=ADVANCED_FACE('',(#322),#18,.T.);
#2336=ADVANCED_FACE('',(#323),#48,.T.);
#2337=ADVANCED_FACE('',(#324),#49,.T.);
#2338=ADVANCED_FACE('',(#325),#2235,.T.);
#2339=ADVANCED_FACE('',(#326),#50,.T.);
#2340=ADVANCED_FACE('',(#327),#2236,.T.);
#2341=ADVANCED_FACE('',(#328),#99,.T.);
#2342=ADVANCED_FACE('',(#329),#2237,.F.);
#2343=ADVANCED_FACE('',(#330),#2238,.F.);
#2344=ADVANCED_FACE('',(#331),#2239,.F.);
#2345=ADVANCED_FACE('',(#332),#2240,.F.);
#2346=ADVANCED_FACE('',(#333),#2241,.F.);
#2347=ADVANCED_FACE('',(#334),#100,.F.);
#2348=ADVANCED_FACE('',(#335),#101,.F.);
#2349=ADVANCED_FACE('',(#336),#102,.F.);
#2350=ADVANCED_FACE('',(#337),#2242,.F.);
#2351=ADVANCED_FACE('',(#338),#103,.T.);
#2352=ADVANCED_FACE('',(#339),#2243,.F.);
#2353=ADVANCED_FACE('',(#340),#104,.T.);
#2354=ADVANCED_FACE('',(#341),#51,.T.);
#2355=ADVANCED_FACE('',(#342),#2244,.T.);
#2356=ADVANCED_FACE('',(#343),#52,.T.);
#2357=ADVANCED_FACE('',(#344),#53,.T.);
#2358=ADVANCED_FACE('',(#345),#54,.T.);
#2359=ADVANCED_FACE('',(#346),#105,.T.);
#2360=ADVANCED_FACE('',(#347),#2245,.T.);
#2361=ADVANCED_FACE('',(#348),#106,.T.);
#2362=ADVANCED_FACE('',(#349),#55,.T.);
#2363=ADVANCED_FACE('',(#350),#107,.F.);
#2364=ADVANCED_FACE('',(#351,#145),#2246,.T.);
#2365=ADVANCED_FACE('',(#352),#108,.F.);
#2366=ADVANCED_FACE('',(#353),#109,.F.);
#2367=ADVANCED_FACE('',(#354),#2247,.T.);
#2368=ADVANCED_FACE('',(#355),#110,.F.);
#2369=ADVANCED_FACE('',(#356),#2248,.T.);
#2370=ADVANCED_FACE('',(#357),#111,.F.);
#2371=ADVANCED_FACE('',(#358),#2249,.T.);
#2372=ADVANCED_FACE('',(#359,#146),#2250,.T.);
#2373=ADVANCED_FACE('',(#360),#112,.F.);
#2374=ADVANCED_FACE('',(#361),#2251,.F.);
#2375=ADVANCED_FACE('',(#362),#113,.T.);
#2376=ADVANCED_FACE('',(#363),#114,.T.);
#2377=ADVANCED_FACE('',(#364),#21,.F.);
#2378=ADVANCED_FACE('',(#365),#56,.F.);
#2379=ADVANCED_FACE('',(#366),#2252,.T.);
#2380=ADVANCED_FACE('',(#367),#115,.T.);
#2381=ADVANCED_FACE('',(#368),#116,.F.);
#2382=ADVANCED_FACE('',(#369),#2253,.T.);
#2383=ADVANCED_FACE('',(#370,#147),#2254,.T.);
#2384=ADVANCED_FACE('',(#371),#117,.F.);
#2385=ADVANCED_FACE('',(#372),#2255,.T.);
#2386=ADVANCED_FACE('',(#373),#57,.F.);
#2387=ADVANCED_FACE('',(#374),#58,.F.);
#2388=ADVANCED_FACE('',(#375),#59,.F.);
#2389=ADVANCED_FACE('',(#376),#60,.F.);
#2390=ADVANCED_FACE('',(#377),#22,.F.);
#2391=ADVANCED_FACE('',(#378),#118,.F.);
#2392=ADVANCED_FACE('',(#379,#148),#2256,.F.);
#2393=ADVANCED_FACE('',(#380),#61,.F.);
#2394=ADVANCED_FACE('',(#381),#2257,.F.);
#2395=ADVANCED_FACE('',(#382),#23,.F.);
#2396=ADVANCED_FACE('',(#383),#24,.F.);
#2397=ADVANCED_FACE('',(#384),#2258,.F.);
#2398=ADVANCED_FACE('',(#385),#2259,.T.);
#2399=ADVANCED_FACE('',(#386,#149),#2260,.T.);
#2400=CLOSED_SHELL('',(#2261,#2262,#2263,#2264,#2265,#2266,#2267,#2268,
#2269,#2270,#2271,#2272,#2273,#2274,#2275,#2276,#2277,#2278,#2279,#2280,
#2281,#2282,#2283,#2284,#2285,#2286,#2287,#2288,#2289,#2290,#2291,#2292,
#2293,#2294,#2295,#2296,#2297,#2298,#2299,#2300,#2301,#2302,#2303,#2304,
#2305,#2306,#2307,#2308,#2309,#2310,#2311,#2312,#2313,#2314,#2315,#2316,
#2317,#2318,#2319,#2320,#2321,#2322,#2323,#2324,#2325,#2326,#2327,#2328,
#2329,#2330,#2331,#2332,#2333,#2334,#2335,#2336,#2337,#2338,#2339,#2340,
#2341,#2342,#2343,#2344,#2345,#2346,#2347,#2348,#2349,#2350,#2351,#2352,
#2353,#2354,#2355,#2356,#2357,#2358,#2359,#2360,#2361,#2362,#2363,#2364,
#2365,#2366,#2367,#2368,#2369,#2370,#2371,#2372,#2373,#2374,#2375,#2376,
#2377,#2378,#2379,#2380,#2381,#2382,#2383,#2384,#2385,#2386,#2387,#2388,
#2389,#2390,#2391,#2392,#2393,#2394,#2395,#2396,#2397,#2398,#2399));
#2401=DERIVED_UNIT_ELEMENT(#2403,1.);
#2402=DERIVED_UNIT_ELEMENT(#6245,-3.);
#2403=(
MASS_UNIT()
NAMED_UNIT(*)
SI_UNIT(.KILO.,.GRAM.)
);
#2404=DERIVED_UNIT((#2401,#2402));
#2405=MEASURE_REPRESENTATION_ITEM('density measure',
POSITIVE_RATIO_MEASURE(7850.),#2404);
#2406=PROPERTY_DEFINITION_REPRESENTATION(#2411,#2408);
#2407=PROPERTY_DEFINITION_REPRESENTATION(#2412,#2409);
#2408=REPRESENTATION('material name',(#2410),#6242);
#2409=REPRESENTATION('density',(#2405),#6242);
#2410=DESCRIPTIVE_REPRESENTATION_ITEM('Steel','Steel');
#2411=PROPERTY_DEFINITION('material property','material name',#6252);
#2412=PROPERTY_DEFINITION('material property','density of part',#6252);
#2413=AXIS2_PLACEMENT_3D('',#3181,#2627,#2628);
#2414=AXIS2_PLACEMENT_3D('',#3182,#2629,#2630);
#2415=AXIS2_PLACEMENT_3D('',#3196,#2635,#2636);
#2416=AXIS2_PLACEMENT_3D('',#3202,#2640,#2641);
#2417=AXIS2_PLACEMENT_3D('',#3235,#2644,#2645);
#2418=AXIS2_PLACEMENT_3D('',#3237,#2646,#2647);
#2419=AXIS2_PLACEMENT_3D('',#3239,#2648,#2649);
#2420=AXIS2_PLACEMENT_3D('',#3240,#2650,#2651);
#2421=AXIS2_PLACEMENT_3D('',#3248,#2652,#2653);
#2422=AXIS2_PLACEMENT_3D('',#3249,#2654,#2655);
#2423=AXIS2_PLACEMENT_3D('',#3277,#2657,#2658);
#2424=AXIS2_PLACEMENT_3D('',#3289,#2660,#2661);
#2425=AXIS2_PLACEMENT_3D('',#3291,#2662,#2663);
#2426=AXIS2_PLACEMENT_3D('',#3294,#2665,#2666);
#2427=AXIS2_PLACEMENT_3D('',#3305,#2667,#2668);
#2428=AXIS2_PLACEMENT_3D('',#3306,#2669,#2670);
#2429=AXIS2_PLACEMENT_3D('',#3313,#2671,#2672);
#2430=AXIS2_PLACEMENT_3D('',#3320,#2673,#2674);
#2431=AXIS2_PLACEMENT_3D('',#3327,#2675,#2676);
#2432=AXIS2_PLACEMENT_3D('',#3354,#2677,#2678);
#2433=AXIS2_PLACEMENT_3D('',#3356,#2679,#2680);
#2434=AXIS2_PLACEMENT_3D('',#3363,#2681,#2682);
#2435=AXIS2_PLACEMENT_3D('',#3366,#2684,#2685);
#2436=AXIS2_PLACEMENT_3D('',#3397,#2686,#2687);
#2437=AXIS2_PLACEMENT_3D('',#3404,#2688,#2689);
#2438=AXIS2_PLACEMENT_3D('',#3405,#2690,#2691);
#2439=AXIS2_PLACEMENT_3D('',#3436,#2692,#2693);
#2440=AXIS2_PLACEMENT_3D('',#3440,#2696,#2697);
#2441=AXIS2_PLACEMENT_3D('',#3635,#2699,#2700);
#2442=AXIS2_PLACEMENT_3D('',#3645,#2701,#2702);
#2443=AXIS2_PLACEMENT_3D('',#3647,#2703,#2704);
#2444=AXIS2_PLACEMENT_3D('',#3669,#2707,#2708);
#2445=AXIS2_PLACEMENT_3D('',#3671,#2709,#2710);
#2446=AXIS2_PLACEMENT_3D('',#4021,#2713,#2714);
#2447=AXIS2_PLACEMENT_3D('',#4022,#2715,#2716);
#2448=AXIS2_PLACEMENT_3D('',#4041,#2717,#2718);
#2449=AXIS2_PLACEMENT_3D('',#4051,#2719,#2720);
#2450=AXIS2_PLACEMENT_3D('',#4053,#2721,#2722);
#2451=AXIS2_PLACEMENT_3D('',#4055,#2724,#2725);
#2452=AXIS2_PLACEMENT_3D('',#4057,#2726,#2727);
#2453=AXIS2_PLACEMENT_3D('',#4060,#2729,#2730);
#2454=AXIS2_PLACEMENT_3D('',#4061,#2731,#2732);
#2455=AXIS2_PLACEMENT_3D('',#4122,#2736,#2737);
#2456=AXIS2_PLACEMENT_3D('',#4129,#2738,#2739);
#2457=AXIS2_PLACEMENT_3D('',#4160,#2740,#2741);
#2458=AXIS2_PLACEMENT_3D('',#4182,#2742,#2743);
#2459=AXIS2_PLACEMENT_3D('',#4184,#2744,#2745);
#2460=AXIS2_PLACEMENT_3D('',#4186,#2746,#2747);
#2461=AXIS2_PLACEMENT_3D('',#4211,#2748,#2749);
#2462=AXIS2_PLACEMENT_3D('',#4212,#2750,#2751);
#2463=AXIS2_PLACEMENT_3D('',#4214,#2752,#2753);
#2464=AXIS2_PLACEMENT_3D('',#4217,#2755,#2756);
#2465=AXIS2_PLACEMENT_3D('',#4218,#2757,#2758);
#2466=AXIS2_PLACEMENT_3D('',#4249,#2759,#2760);
#2467=AXIS2_PLACEMENT_3D('',#4256,#2761,#2762);
#2468=AXIS2_PLACEMENT_3D('',#4281,#2763,#2764);
#2469=AXIS2_PLACEMENT_3D('',#4532,#2766,#2767);
#2470=AXIS2_PLACEMENT_3D('',#4534,#2768,#2769);
#2471=AXIS2_PLACEMENT_3D('',#4536,#2771,#2772);
#2472=AXIS2_PLACEMENT_3D('',#4538,#2773,#2774);
#2473=AXIS2_PLACEMENT_3D('',#4541,#2776,#2777);
#2474=AXIS2_PLACEMENT_3D('',#4542,#2778,#2779);
#2475=AXIS2_PLACEMENT_3D('',#4543,#2780,#2781);
#2476=AXIS2_PLACEMENT_3D('',#4548,#2783,#2784);
#2477=AXIS2_PLACEMENT_3D('',#4557,#2786,#2787);
#2478=AXIS2_PLACEMENT_3D('',#4561,#2789,#2790);
#2479=AXIS2_PLACEMENT_3D('',#4573,#2796,#2797);
#2480=AXIS2_PLACEMENT_3D('',#4581,#2801,#2802);
#2481=AXIS2_PLACEMENT_3D('',#4585,#2804,#2805);
#2482=AXIS2_PLACEMENT_3D('',#4589,#2807,#2808);
#2483=AXIS2_PLACEMENT_3D('',#4593,#2810,#2811);
#2484=AXIS2_PLACEMENT_3D('',#4595,#2812,#2813);
#2485=AXIS2_PLACEMENT_3D('',#4596,#2814,#2815);
#2486=AXIS2_PLACEMENT_3D('',#4598,#2816,#2817);
#2487=AXIS2_PLACEMENT_3D('',#4600,#2818,#2819);
#2488=AXIS2_PLACEMENT_3D('',#4602,#2820,#2821);
#2489=AXIS2_PLACEMENT_3D('',#4604,#2822,#2823);
#2490=AXIS2_PLACEMENT_3D('',#4606,#2824,#2825);
#2491=AXIS2_PLACEMENT_3D('',#4608,#2826,#2827);
#2492=AXIS2_PLACEMENT_3D('',#4609,#2828,#2829);
#2493=AXIS2_PLACEMENT_3D('',#4611,#2830,#2831);
#2494=AXIS2_PLACEMENT_3D('',#4612,#2832,#2833);
#2495=AXIS2_PLACEMENT_3D('',#4622,#2835,#2836);
#2496=AXIS2_PLACEMENT_3D('',#4680,#2838,#2839);
#2497=AXIS2_PLACEMENT_3D('',#4682,#2840,#2841);
#2498=AXIS2_PLACEMENT_3D('',#4685,#2843,#2844);
#2499=AXIS2_PLACEMENT_3D('',#4686,#2845,#2846);
#2500=AXIS2_PLACEMENT_3D('',#4687,#2847,#2848);
#2501=AXIS2_PLACEMENT_3D('',#4689,#2849,#2850);
#2502=AXIS2_PLACEMENT_3D('',#4692,#2852,#2853);
#2503=AXIS2_PLACEMENT_3D('',#4693,#2854,#2855);
#2504=AXIS2_PLACEMENT_3D('',#4694,#2856,#2857);
#2505=AXIS2_PLACEMENT_3D('',#4696,#2858,#2859);
#2506=AXIS2_PLACEMENT_3D('',#4699,#2861,#2862);
#2507=AXIS2_PLACEMENT_3D('',#4700,#2863,#2864);
#2508=AXIS2_PLACEMENT_3D('',#4701,#2865,#2866);
#2509=AXIS2_PLACEMENT_3D('',#4703,#2867,#2868);
#2510=AXIS2_PLACEMENT_3D('',#4706,#2870,#2871);
#2511=AXIS2_PLACEMENT_3D('',#4707,#2872,#2873);
#2512=AXIS2_PLACEMENT_3D('',#4708,#2874,#2875);
#2513=AXIS2_PLACEMENT_3D('',#4715,#2876,#2877);
#2514=AXIS2_PLACEMENT_3D('',#4732,#2878,#2879);
#2515=AXIS2_PLACEMENT_3D('',#4743,#2880,#2881);
#2516=AXIS2_PLACEMENT_3D('',#4744,#2882,#2883);
#2517=AXIS2_PLACEMENT_3D('',#4745,#2884,#2885);
#2518=AXIS2_PLACEMENT_3D('',#4759,#2886,#2887);
#2519=AXIS2_PLACEMENT_3D('',#4777,#2888,#2889);
#2520=AXIS2_PLACEMENT_3D('',#4781,#2890,#2891);
#2521=AXIS2_PLACEMENT_3D('',#4782,#2892,#2893);
#2522=AXIS2_PLACEMENT_3D('',#4783,#2894,#2895);
#2523=AXIS2_PLACEMENT_3D('',#4786,#2898,#2899);
#2524=AXIS2_PLACEMENT_3D('',#4788,#2901,#2902);
#2525=AXIS2_PLACEMENT_3D('',#4791,#2905,#2906);
#2526=AXIS2_PLACEMENT_3D('',#4793,#2908,#2909);
#2527=AXIS2_PLACEMENT_3D('',#4797,#2911,#2912);
#2528=AXIS2_PLACEMENT_3D('',#4799,#2914,#2915);
#2529=AXIS2_PLACEMENT_3D('',#4802,#2917,#2918);
#2530=AXIS2_PLACEMENT_3D('',#4803,#2919,#2920);
#2531=AXIS2_PLACEMENT_3D('',#4804,#2921,#2922);
#2532=AXIS2_PLACEMENT_3D('',#4807,#2924,#2925);
#2533=AXIS2_PLACEMENT_3D('',#4808,#2926,#2927);
#2534=AXIS2_PLACEMENT_3D('',#5012,#2932,#2933);
#2535=AXIS2_PLACEMENT_3D('',#5014,#2934,#2935);
#2536=AXIS2_PLACEMENT_3D('',#5016,#2937,#2938);
#2537=AXIS2_PLACEMENT_3D('',#5018,#2939,#2940);
#2538=AXIS2_PLACEMENT_3D('',#5019,#2941,#2942);
#2539=AXIS2_PLACEMENT_3D('',#5021,#2944,#2945);
#2540=AXIS2_PLACEMENT_3D('',#5023,#2946,#2947);
#2541=AXIS2_PLACEMENT_3D('',#5025,#2948,#2949);
#2542=AXIS2_PLACEMENT_3D('',#5032,#2951,#2952);
#2543=AXIS2_PLACEMENT_3D('',#5036,#2954,#2955);
#2544=AXIS2_PLACEMENT_3D('',#5040,#2957,#2958);
#2545=AXIS2_PLACEMENT_3D('',#5047,#2960,#2961);
#2546=AXIS2_PLACEMENT_3D('',#5201,#2964,#2965);
#2547=AXIS2_PLACEMENT_3D('',#5203,#2966,#2967);
#2548=AXIS2_PLACEMENT_3D('',#5205,#2969,#2970);
#2549=AXIS2_PLACEMENT_3D('',#5211,#2972,#2973);
#2550=AXIS2_PLACEMENT_3D('',#5213,#2974,#2975);
#2551=AXIS2_PLACEMENT_3D('',#5215,#2977,#2978);
#2552=AXIS2_PLACEMENT_3D('',#5219,#2981,#2982);
#2553=AXIS2_PLACEMENT_3D('',#5221,#2983,#2984);
#2554=AXIS2_PLACEMENT_3D('',#5223,#2986,#2987);
#2555=AXIS2_PLACEMENT_3D('',#5225,#2989,#2990);
#2556=AXIS2_PLACEMENT_3D('',#5236,#2991,#2992);
#2557=AXIS2_PLACEMENT_3D('',#5364,#2999,#3000);
#2558=AXIS2_PLACEMENT_3D('',#5366,#3001,#3002);
#2559=AXIS2_PLACEMENT_3D('',#5495,#3004,#3005);
#2560=AXIS2_PLACEMENT_3D('',#5525,#3009,#3010);
#2561=AXIS2_PLACEMENT_3D('',#5529,#3013,#3014);
#2562=AXIS2_PLACEMENT_3D('',#5531,#3016,#3017);
#2563=AXIS2_PLACEMENT_3D('',#5533,#3019,#3020);
#2564=AXIS2_PLACEMENT_3D('',#5535,#3022,#3023);
#2565=AXIS2_PLACEMENT_3D('',#5536,#3024,#3025);
#2566=AXIS2_PLACEMENT_3D('',#5537,#3026,#3027);
#2567=AXIS2_PLACEMENT_3D('',#5539,#3029,#3030);
#2568=AXIS2_PLACEMENT_3D('',#5542,#3033,#3034);
#2569=AXIS2_PLACEMENT_3D('',#5559,#3035,#3036);
#2570=AXIS2_PLACEMENT_3D('',#5560,#3037,#3038);
#2571=AXIS2_PLACEMENT_3D('',#5563,#3041,#3042);
#2572=AXIS2_PLACEMENT_3D('',#5564,#3043,#3044);
#2573=AXIS2_PLACEMENT_3D('',#5566,#3046,#3047);
#2574=AXIS2_PLACEMENT_3D('',#5567,#3048,#3049);
#2575=AXIS2_PLACEMENT_3D('',#5601,#3052,#3053);
#2576=AXIS2_PLACEMENT_3D('',#5663,#3057,#3058);
#2577=AXIS2_PLACEMENT_3D('',#5665,#3060,#3061);
#2578=AXIS2_PLACEMENT_3D('',#5667,#3063,#3064);
#2579=AXIS2_PLACEMENT_3D('',#5860,#3066,#3067);
#2580=AXIS2_PLACEMENT_3D('',#5862,#3068,#3069);
#2581=AXIS2_PLACEMENT_3D('',#5864,#3071,#3072);
#2582=AXIS2_PLACEMENT_3D('',#5866,#3073,#3074);
#2583=AXIS2_PLACEMENT_3D('',#5867,#3075,#3076);
#2584=AXIS2_PLACEMENT_3D('',#5869,#3078,#3079);
#2585=AXIS2_PLACEMENT_3D('',#5872,#3081,#3082);
#2586=AXIS2_PLACEMENT_3D('',#5873,#3083,#3084);
#2587=AXIS2_PLACEMENT_3D('',#5874,#3085,#3086);
#2588=AXIS2_PLACEMENT_3D('',#5877,#3088,#3089);
#2589=AXIS2_PLACEMENT_3D('',#5878,#3090,#3091);
#2590=AXIS2_PLACEMENT_3D('',#5879,#3092,#3093);
#2591=AXIS2_PLACEMENT_3D('',#5882,#3095,#3096);
#2592=AXIS2_PLACEMENT_3D('',#5883,#3097,#3098);
#2593=AXIS2_PLACEMENT_3D('',#5884,#3099,#3100);
#2594=AXIS2_PLACEMENT_3D('',#5886,#3101,#3102);
#2595=AXIS2_PLACEMENT_3D('',#5887,#3103,#3104);
#2596=AXIS2_PLACEMENT_3D('',#5889,#3106,#3107);
#2597=AXIS2_PLACEMENT_3D('',#5890,#3108,#3109);
#2598=AXIS2_PLACEMENT_3D('',#5930,#3110,#3111);
#2599=AXIS2_PLACEMENT_3D('',#5933,#3113,#3114);
#2600=AXIS2_PLACEMENT_3D('',#5936,#3116,#3117);
#2601=AXIS2_PLACEMENT_3D('',#5937,#3118,#3119);
#2602=AXIS2_PLACEMENT_3D('',#5939,#3120,#3121);
#2603=AXIS2_PLACEMENT_3D('',#5972,#3123,#3124);
#2604=AXIS2_PLACEMENT_3D('',#5973,#3125,#3126);
#2605=AXIS2_PLACEMENT_3D('',#6002,#3127,#3128);
#2606=AXIS2_PLACEMENT_3D('',#6003,#3129,#3130);
#2607=AXIS2_PLACEMENT_3D('',#6005,#3132,#3133);
#2608=AXIS2_PLACEMENT_3D('',#6006,#3134,#3135);
#2609=AXIS2_PLACEMENT_3D('',#6009,#3137,#3138);
#2610=AXIS2_PLACEMENT_3D('',#6010,#3139,#3140);
#2611=AXIS2_PLACEMENT_3D('',#6011,#3141,#3142);
#2612=AXIS2_PLACEMENT_3D('',#6013,#3143,#3144);
#2613=AXIS2_PLACEMENT_3D('',#6014,#3145,#3146);
#2614=AXIS2_PLACEMENT_3D('',#6016,#3148,#3149);
#2615=AXIS2_PLACEMENT_3D('',#6156,#3152,#3153);
#2616=AXIS2_PLACEMENT_3D('',#6166,#3154,#3155);
#2617=AXIS2_PLACEMENT_3D('',#6167,#3156,#3157);
#2618=AXIS2_PLACEMENT_3D('',#6169,#3158,#3159);
#2619=AXIS2_PLACEMENT_3D('',#6172,#3161,#3162);
#2620=AXIS2_PLACEMENT_3D('',#6173,#3163,#3164);
#2621=AXIS2_PLACEMENT_3D('',#6188,#3166,#3167);
#2622=AXIS2_PLACEMENT_3D('',#6214,#3169,#3170);
#2623=AXIS2_PLACEMENT_3D('',#6234,#3171,#3172);
#2624=AXIS2_PLACEMENT_3D('',#6235,#3173,#3174);
#2625=AXIS2_PLACEMENT_3D('',#6237,#3176,#3177);
#2626=AXIS2_PLACEMENT_3D('',#6239,#3179,#3180);
#2627=DIRECTION('axis',(0.,0.,1.));
#2628=DIRECTION('refdir',(1.,0.,0.));
#2629=DIRECTION('center_axis',(-0.11462410798513,0.265879805916182,0.957167301298256));
#2630=DIRECTION('ref_axis',(0.99290576563378,0.,0.118903913187065));
#2631=DIRECTION('',(0.99290576563378,3.68982352888767E-18,0.118903913187065));
#2632=DIRECTION('',(0.0842209516532764,0.962649882385282,-0.257316993698861));
#2633=DIRECTION('',(-0.993408935871131,-0.0306784391441748,-0.110442380919028));
#2634=DIRECTION('',(0.,-0.963517909629941,0.267643863786095));
#2635=DIRECTION('center_axis',(-0.0720385122698665,0.795575202578671,0.601556771877643));
#2636=DIRECTION('ref_axis',(0.99290576563378,0.,0.118903913187065));
#2637=DIRECTION('',(-0.99290576563378,0.,-0.118903913187065));
#2638=DIRECTION('',(-0.0945970048211764,-0.605854848162418,0.789931205635627));
#2639=DIRECTION('',(0.0945970048211924,0.605854848162594,-0.78993120563549));
#2640=DIRECTION('center_axis',(0.,1.,0.));
#2641=DIRECTION('ref_axis',(-1.,0.,0.));
#2642=DIRECTION('',(1.,0.,0.));
#2643=DIRECTION('',(-1.,0.,0.));
#2644=DIRECTION('center_axis',(0.,-1.,0.));
#2645=DIRECTION('ref_axis',(-1.,0.,0.));
#2646=DIRECTION('center_axis',(0.,-1.,0.));
#2647=DIRECTION('ref_axis',(-1.,0.,0.));
#2648=DIRECTION('center_axis',(0.,-1.,0.));
#2649=DIRECTION('ref_axis',(-1.,0.,0.));
#2650=DIRECTION('center_axis',(-0.0842209516532764,-0.962649882385282,0.257316993698861));
#2651=DIRECTION('ref_axis',(-0.736510737152993,0.234074604035487,0.634634551378969));
#2652=DIRECTION('center_axis',(0.,0.,1.));
#2653=DIRECTION('ref_axis',(0.0871557427476584,0.996194698091745,0.));
#2654=DIRECTION('center_axis',(-0.0842209516532776,-0.962649882385281,0.257316993698862));
#2655=DIRECTION('ref_axis',(-0.11462410798513,0.265879805916184,0.957167301298256));
#2656=DIRECTION('',(0.095245931672883,0.605846493509244,-0.78985963234129));
#2657=DIRECTION('center_axis',(-1.17509445189119E-15,1.,0.));
#2658=DIRECTION('ref_axis',(1.,1.17509445189119E-15,0.));
#2659=DIRECTION('',(0.,0.,-1.));
#2660=DIRECTION('center_axis',(1.,0.,0.));
#2661=DIRECTION('ref_axis',(0.,-1.,0.));
#2662=DIRECTION('center_axis',(-1.,0.,0.));
#2663=DIRECTION('ref_axis',(0.,0.135059413537264,0.990837501720121));
#2664=DIRECTION('',(0.,0.,-1.));
#2665=DIRECTION('center_axis',(1.,0.,0.));
#2666=DIRECTION('ref_axis',(0.,0.,1.));
#2667=DIRECTION('center_axis',(0.,0.963517909629941,-0.267643863786095));
#2668=DIRECTION('ref_axis',(-0.11462410798513,0.265879805916182,0.957167301298256));
#2669=DIRECTION('center_axis',(1.,0.,0.));
#2670=DIRECTION('ref_axis',(0.,0.135059413537264,0.990837501720121));
#2671=DIRECTION('center_axis',(1.,1.89112850928987E-15,0.));
#2672=DIRECTION('ref_axis',(0.,0.,1.));
#2673=DIRECTION('center_axis',(1.,0.,0.));
#2674=DIRECTION('ref_axis',(0.,0.,1.));
#2675=DIRECTION('center_axis',(1.,0.,0.));
#2676=DIRECTION('ref_axis',(0.,0.135059413537264,0.990837501720121));
#2677=DIRECTION('center_axis',(1.02143275529441E-18,1.,-1.77635683940025E-17));
#2678=DIRECTION('ref_axis',(-0.11462410798513,1.77635683940025E-17,0.993408935871131));
#2679=DIRECTION('center_axis',(-1.,0.,0.));
#2680=DIRECTION('ref_axis',(0.,0.135059413537264,0.990837501720121));
#2681=DIRECTION('center_axis',(-1.,1.07315843070922E-14,0.));
#2682=DIRECTION('ref_axis',(0.,0.,1.));
#2683=DIRECTION('',(-1.,0.,0.));
#2684=DIRECTION('center_axis',(-1.,0.,0.));
#2685=DIRECTION('ref_axis',(0.,0.135059413537264,0.990837501720121));
#2686=DIRECTION('center_axis',(0.171145335630121,-0.970613430471478,0.169171045632644));
#2687=DIRECTION('ref_axis',(0.984807753012208,0.17364817766693,-1.671865260612E-15));
#2688=DIRECTION('center_axis',(0.167494121133866,-0.949906364079339,0.263862878910928));
#2689=DIRECTION('ref_axis',(0.984807753012208,0.17364817766693,0.));
#2690=DIRECTION('center_axis',(0.987030926667252,0.160530214608919,7.87767860793701E-17));
#2691=DIRECTION('ref_axis',(-0.160530214608919,0.987030926667252,3.84289125980261E-16));
#2692=DIRECTION('center_axis',(1.,0.,0.));
#2693=DIRECTION('ref_axis',(0.,0.135059413537264,0.990837501720121));
#2694=DIRECTION('',(-1.,0.,0.));
#2695=DIRECTION('',(1.,0.,0.));
#2696=DIRECTION('center_axis',(0.987030926667252,0.160530214608919,7.87767860793701E-17));
#2697=DIRECTION('ref_axis',(-0.160530214608919,0.987030926667252,3.84289125980261E-16));
#2698=DIRECTION('',(0.0393798651066491,0.939131984781869,-0.341292164257912));
#2699=DIRECTION('center_axis',(0.993408935871131,0.,0.114624107985131));
#2700=DIRECTION('ref_axis',(-0.0810514840437449,-0.707106781186548,0.702446195045789));
#2701=DIRECTION('center_axis',(0.417651171750896,-0.549790864729863,0.72339304931323));
#2702=DIRECTION('ref_axis',(-0.90569729745621,-0.315577841204942,0.283060119976209));
#2703=DIRECTION('center_axis',(0.993408935871131,9.58180320844893E-17,0.114624107985131));
#2704=DIRECTION('ref_axis',(-0.114624107985131,0.,0.993408935871131));
#2705=DIRECTION('',(-0.993408935871131,0.,-0.114624107985131));
#2706=DIRECTION('',(-0.993408935871131,0.,-0.114624107985131));
#2707=DIRECTION('center_axis',(0.,0.,1.));
#2708=DIRECTION('ref_axis',(1.,0.,0.));
#2709=DIRECTION('center_axis',(0.,0.,-1.));
#2710=DIRECTION('ref_axis',(1.,0.,0.));
#2711=DIRECTION('',(0.,0.,1.));
#2712=DIRECTION('',(-0.271883122122739,0.759280857307071,-0.591246266484475));
#2713=DIRECTION('center_axis',(-1.,0.,0.));
#2714=DIRECTION('ref_axis',(0.,0.102095707946269,-0.994774580706076));
#2715=DIRECTION('center_axis',(0.707106781186546,0.,-0.707106781186549));
#2716=DIRECTION('ref_axis',(-0.707106781186549,0.,-0.707106781186546));
#2717=DIRECTION('center_axis',(-1.,0.,0.));
#2718=DIRECTION('ref_axis',(0.,1.,0.));
#2719=DIRECTION('center_axis',(0.,0.,1.));
#2720=DIRECTION('ref_axis',(-1.,0.,0.));
#2721=DIRECTION('center_axis',(0.,0.,1.));
#2722=DIRECTION('ref_axis',(-1.,0.,0.));
#2723=DIRECTION('',(0.,0.,1.));
#2724=DIRECTION('center_axis',(0.,0.,-1.));
#2725=DIRECTION('ref_axis',(-1.,0.,0.));
#2726=DIRECTION('center_axis',(0.,0.,-1.));
#2727=DIRECTION('ref_axis',(-1.,0.,0.));
#2728=DIRECTION('',(0.,0.,-1.));
#2729=DIRECTION('center_axis',(0.,0.,1.));
#2730=DIRECTION('ref_axis',(-1.,0.,0.));
#2731=DIRECTION('center_axis',(0.,0.,1.));
#2732=DIRECTION('ref_axis',(-1.,0.,0.));
#2733=DIRECTION('',(0.285645868603471,0.658831179498961,0.695951086406061));
#2734=DIRECTION('',(0.866025403784439,-1.17699484771678E-15,-0.5));
#2735=DIRECTION('',(0.866025403784439,-1.17699484771678E-15,-0.5));
#2736=DIRECTION('center_axis',(0.,1.,0.));
#2737=DIRECTION('ref_axis',(0.,0.,1.));
#2738=DIRECTION('center_axis',(0.,1.,0.));
#2739=DIRECTION('ref_axis',(-0.057406724906011,0.,0.998350874159764));
#2740=DIRECTION('center_axis',(-1.30889451324229E-15,-1.,0.));
#2741=DIRECTION('ref_axis',(0.,0.,1.));
#2742=DIRECTION('center_axis',(0.,1.,0.));
#2743=DIRECTION('ref_axis',(-0.057406724906011,0.,0.998350874159764));
#2744=DIRECTION('center_axis',(-1.,0.,0.));
#2745=DIRECTION('ref_axis',(0.,-1.,4.17966315153E-15));
#2746=DIRECTION('center_axis',(0.,-1.,0.));
#2747=DIRECTION('ref_axis',(-0.057406724906011,0.,0.998350874159764));
#2748=DIRECTION('center_axis',(0.,-1.,0.));
#2749=DIRECTION('ref_axis',(-0.057406724906011,0.,0.998350874159764));
#2750=DIRECTION('center_axis',(0.,0.,-1.));
#2751=DIRECTION('ref_axis',(-1.,0.,0.));
#2752=DIRECTION('center_axis',(0.,0.,-1.));
#2753=DIRECTION('ref_axis',(-1.,0.,0.));
#2754=DIRECTION('',(0.,0.,-1.));
#2755=DIRECTION('center_axis',(0.,0.,1.));
#2756=DIRECTION('ref_axis',(-1.,0.,0.));
#2757=DIRECTION('center_axis',(0.,0.,-1.));
#2758=DIRECTION('ref_axis',(1.,0.,0.));
#2759=DIRECTION('center_axis',(-0.0871127149997125,-0.99570288868225,0.0314186625304341));
#2760=DIRECTION('ref_axis',(-0.114624107985131,0.0413474251190025,0.992548086646003));
#2761=DIRECTION('center_axis',(0.0871513359723886,0.996144328419921,0.0100559233814288));
#2762=DIRECTION('ref_axis',(-0.996194698091746,0.0871557427476588,0.));
#2763=DIRECTION('center_axis',(0.0871513359723886,0.996144328419921,0.0100559233814288));
#2764=DIRECTION('ref_axis',(-0.996194698091746,0.0871557427476588,0.));
#2765=DIRECTION('',(-0.475209517046542,-0.135914348087954,-0.869311914615358));
#2766=DIRECTION('center_axis',(0.,0.,1.));
#2767=DIRECTION('ref_axis',(-1.,0.,0.));
#2768=DIRECTION('center_axis',(0.,0.,1.));
#2769=DIRECTION('ref_axis',(-1.,0.,0.));
#2770=DIRECTION('',(0.,0.,1.));
#2771=DIRECTION('center_axis',(0.,0.,-1.));
#2772=DIRECTION('ref_axis',(-1.,0.,0.));
#2773=DIRECTION('center_axis',(0.,0.,-1.));
#2774=DIRECTION('ref_axis',(-1.,0.,0.));
#2775=DIRECTION('',(0.,0.,-1.));
#2776=DIRECTION('center_axis',(0.,0.,1.));
#2777=DIRECTION('ref_axis',(-1.,0.,0.));
#2778=DIRECTION('center_axis',(0.,0.,1.));
#2779=DIRECTION('ref_axis',(-1.,0.,0.));
#2780=DIRECTION('center_axis',(0.,0.,1.));
#2781=DIRECTION('ref_axis',(-1.,0.,0.));
#2782=DIRECTION('',(0.,-1.,0.));
#2783=DIRECTION('center_axis',(0.,0.,1.));
#2784=DIRECTION('ref_axis',(-0.0871557427476584,-0.996194698091746,0.));
#2785=DIRECTION('',(0.0871557427476583,0.996194698091746,0.));
#2786=DIRECTION('center_axis',(0.,0.,1.));
#2787=DIRECTION('ref_axis',(-0.17364817766693,0.984807753012208,0.));
#2788=DIRECTION('',(0.17364817766693,-0.984807753012208,0.));
#2789=DIRECTION('center_axis',(0.,0.,-1.));
#2790=DIRECTION('ref_axis',(0.,-1.,0.));
#2791=DIRECTION('',(-1.,0.,0.));
#2792=DIRECTION('',(0.737277336810132,-0.675590207615651,0.));
#2793=DIRECTION('',(0.0871557427476582,-0.996194698091746,0.));
#2794=DIRECTION('',(1.,-2.61778902648458E-15,0.));
#2795=DIRECTION('',(0.,1.,0.));
#2796=DIRECTION('center_axis',(0.,0.,1.));
#2797=DIRECTION('ref_axis',(-1.,0.,0.));
#2798=DIRECTION('',(0.812180934664808,0.583405630215376,0.));
#2799=DIRECTION('',(-1.,0.,0.));
#2800=DIRECTION('',(-0.992546151641328,0.121869343405096,0.));
#2801=DIRECTION('center_axis',(0.,0.,1.));
#2802=DIRECTION('ref_axis',(0.121869343405146,0.992546151641322,0.));
#2803=DIRECTION('',(-0.992546151641322,0.121869343405148,0.));
#2804=DIRECTION('center_axis',(0.,0.,1.));
#2805=DIRECTION('ref_axis',(-0.121869343405146,-0.992546151641322,0.));
#2806=DIRECTION('',(0.992546151641322,-0.121869343405147,0.));
#2807=DIRECTION('center_axis',(0.,0.,1.));
#2808=DIRECTION('ref_axis',(0.121869343405146,0.992546151641322,0.));
#2809=DIRECTION('',(0.992546151641329,-0.121869343405093,0.));
#2810=DIRECTION('center_axis',(0.,0.,1.));
#2811=DIRECTION('ref_axis',(0.121869343405163,0.99254615164132,0.));
#2812=DIRECTION('center_axis',(0.,0.,1.));
#2813=DIRECTION('ref_axis',(0.121869343405146,0.992546151641322,0.));
#2814=DIRECTION('center_axis',(0.,0.,1.));
#2815=DIRECTION('ref_axis',(0.121869343405154,0.992546151641321,0.));
#2816=DIRECTION('center_axis',(0.,0.,1.));
#2817=DIRECTION('ref_axis',(1.,0.,0.));
#2818=DIRECTION('center_axis',(0.,0.,1.));
#2819=DIRECTION('ref_axis',(1.,0.,0.));
#2820=DIRECTION('center_axis',(0.,0.,1.));
#2821=DIRECTION('ref_axis',(-1.,0.,0.));
#2822=DIRECTION('center_axis',(0.,0.,-1.));
#2823=DIRECTION('ref_axis',(-1.,0.,0.));
#2824=DIRECTION('center_axis',(0.,0.,-1.));
#2825=DIRECTION('ref_axis',(-1.,0.,0.));
#2826=DIRECTION('center_axis',(0.,0.,1.));
#2827=DIRECTION('ref_axis',(-1.,0.,0.));
#2828=DIRECTION('center_axis',(-0.0871513359723882,-0.996144328419921,-0.0100559233814294));
#2829=DIRECTION('ref_axis',(-0.744130321644879,0.0583850674198299,0.665478210245137));
#2830=DIRECTION('center_axis',(-1.,0.,0.));
#2831=DIRECTION('ref_axis',(0.,0.999949050938198,0.0100943314685307));
#2832=DIRECTION('center_axis',(-1.19942914629718E-15,-1.,2.76517473967876E-16));
#2833=DIRECTION('ref_axis',(-0.993408935871129,1.16590288489859E-15,-0.114624107985148));
#2834=DIRECTION('',(0.0871513359723882,0.996144328419921,0.0100559233814294));
#2835=DIRECTION('center_axis',(0.,0.,-1.));
#2836=DIRECTION('ref_axis',(-0.0871557427476584,-0.996194698091746,0.));
#2837=DIRECTION('',(-0.0871513359723882,-0.996144328419921,-0.0100559233814294));
#2838=DIRECTION('center_axis',(0.,0.,-1.));
#2839=DIRECTION('ref_axis',(-1.,0.,0.));
#2840=DIRECTION('center_axis',(0.,0.,-1.));
#2841=DIRECTION('ref_axis',(-1.,0.,0.));
#2842=DIRECTION('',(0.,0.,-1.));
#2843=DIRECTION('center_axis',(0.,0.,-1.));
#2844=DIRECTION('ref_axis',(-1.,0.,0.));
#2845=DIRECTION('center_axis',(0.,0.,1.));
#2846=DIRECTION('ref_axis',(-1.,0.,0.));
#2847=DIRECTION('center_axis',(0.,0.,-1.));
#2848=DIRECTION('ref_axis',(-1.,0.,0.));
#2849=DIRECTION('center_axis',(0.,0.,-1.));
#2850=DIRECTION('ref_axis',(-1.,0.,0.));
#2851=DIRECTION('',(0.,0.,-1.));
#2852=DIRECTION('center_axis',(0.,0.,-1.));
#2853=DIRECTION('ref_axis',(-1.,0.,0.));
#2854=DIRECTION('center_axis',(0.,0.,1.));
#2855=DIRECTION('ref_axis',(-1.,0.,0.));
#2856=DIRECTION('center_axis',(0.,0.,-1.));
#2857=DIRECTION('ref_axis',(-1.,0.,0.));
#2858=DIRECTION('center_axis',(0.,0.,-1.));
#2859=DIRECTION('ref_axis',(-1.,0.,0.));
#2860=DIRECTION('',(0.,0.,-1.));
#2861=DIRECTION('center_axis',(0.,0.,-1.));
#2862=DIRECTION('ref_axis',(-1.,0.,0.));
#2863=DIRECTION('center_axis',(0.,0.,1.));
#2864=DIRECTION('ref_axis',(-1.,0.,0.));
#2865=DIRECTION('center_axis',(0.,0.,-1.));
#2866=DIRECTION('ref_axis',(-1.,0.,0.));
#2867=DIRECTION('center_axis',(0.,0.,-1.));
#2868=DIRECTION('ref_axis',(-1.,0.,0.));
#2869=DIRECTION('',(0.,0.,-1.));
#2870=DIRECTION('center_axis',(0.,0.,-1.));
#2871=DIRECTION('ref_axis',(-1.,0.,0.));
#2872=DIRECTION('center_axis',(0.,0.,1.));
#2873=DIRECTION('ref_axis',(-1.,0.,0.));
#2874=DIRECTION('center_axis',(0.,0.,-1.));
#2875=DIRECTION('ref_axis',(-0.121869343405146,-0.992546151641322,0.));
#2876=DIRECTION('center_axis',(0.,0.,1.));
#2877=DIRECTION('ref_axis',(-0.121869343405146,-0.992546151641322,0.));
#2878=DIRECTION('center_axis',(0.,0.,-1.));
#2879=DIRECTION('ref_axis',(-0.121869343405146,-0.992546151641322,0.));
#2880=DIRECTION('center_axis',(0.,0.,-1.));
#2881=DIRECTION('ref_axis',(1.,0.,0.));
#2882=DIRECTION('center_axis',(0.,0.,1.));
#2883=DIRECTION('ref_axis',(0.121869343405163,0.99254615164132,0.));
#2884=DIRECTION('center_axis',(0.,0.,-1.));
#2885=DIRECTION('ref_axis',(0.121869343405146,0.992546151641322,0.));
#2886=DIRECTION('center_axis',(0.,0.,-1.));
#2887=DIRECTION('ref_axis',(0.121869343405146,0.992546151641322,0.));
#2888=DIRECTION('center_axis',(0.,0.,1.));
#2889=DIRECTION('ref_axis',(0.121869343405146,0.992546151641322,0.));
#2890=DIRECTION('center_axis',(0.,0.,-1.));
#2891=DIRECTION('ref_axis',(1.,0.,0.));
#2892=DIRECTION('center_axis',(0.,0.,1.));
#2893=DIRECTION('ref_axis',(0.121869343405154,0.992546151641321,0.));
#2894=DIRECTION('center_axis',(0.,0.,1.));
#2895=DIRECTION('ref_axis',(0.121869343405154,0.992546151641321,0.));
#2896=DIRECTION('',(0.,0.,-1.));
#2897=DIRECTION('',(0.,0.,1.));
#2898=DIRECTION('center_axis',(0.121869343405096,0.992546151641328,0.));
#2899=DIRECTION('ref_axis',(-0.992546151641328,0.121869343405096,0.));
#2900=DIRECTION('',(0.,0.,1.));
#2901=DIRECTION('center_axis',(0.,0.,1.));
#2902=DIRECTION('ref_axis',(0.121869343405163,0.99254615164132,0.));
#2903=DIRECTION('',(0.,0.,1.));
#2904=DIRECTION('',(0.,0.,1.));
#2905=DIRECTION('center_axis',(-0.121869343405093,-0.992546151641329,0.));
#2906=DIRECTION('ref_axis',(0.992546151641329,-0.121869343405093,0.));
#2907=DIRECTION('',(0.,0.,-1.));
#2908=DIRECTION('center_axis',(0.,0.,1.));
#2909=DIRECTION('ref_axis',(0.121869343405146,0.992546151641322,0.));
#2910=DIRECTION('',(0.,0.,1.));
#2911=DIRECTION('center_axis',(0.,0.,1.));
#2912=DIRECTION('ref_axis',(0.121869343405146,0.992546151641322,0.));
#2913=DIRECTION('',(0.,0.,1.));
#2914=DIRECTION('center_axis',(0.,0.,1.));
#2915=DIRECTION('ref_axis',(1.,0.,0.));
#2916=DIRECTION('',(0.,0.,1.));
#2917=DIRECTION('center_axis',(0.,0.,1.));
#2918=DIRECTION('ref_axis',(1.,0.,0.));
#2919=DIRECTION('center_axis',(0.,0.,-1.));
#2920=DIRECTION('ref_axis',(1.,0.,0.));
#2921=DIRECTION('center_axis',(0.,0.,1.));
#2922=DIRECTION('ref_axis',(1.,0.,0.));
#2923=DIRECTION('',(0.,0.,1.));
#2924=DIRECTION('center_axis',(0.,0.,1.));
#2925=DIRECTION('ref_axis',(1.,0.,0.));
#2926=DIRECTION('center_axis',(0.,0.,-1.));
#2927=DIRECTION('ref_axis',(1.,0.,0.));
#2928=DIRECTION('',(-0.889572741972865,-0.340804214102991,0.304159208949065));
#2929=DIRECTION('',(0.0329109121170657,0.705620161136216,-0.707825585904977));
#2930=DIRECTION('',(0.9196071119139,0.268244758372422,-0.286997402990162));
#2931=DIRECTION('',(0.0685394196834475,-0.655095638243336,0.752430762731039));
#2932=DIRECTION('center_axis',(0.,0.,1.));
#2933=DIRECTION('ref_axis',(-1.,0.,0.));
#2934=DIRECTION('center_axis',(0.,0.,1.));
#2935=DIRECTION('ref_axis',(-1.,0.,0.));
#2936=DIRECTION('',(0.,0.,1.));
#2937=DIRECTION('center_axis',(0.,0.,1.));
#2938=DIRECTION('ref_axis',(-1.,0.,0.));
#2939=DIRECTION('center_axis',(0.,0.,1.));
#2940=DIRECTION('ref_axis',(-1.,0.,0.));
#2941=DIRECTION('center_axis',(0.,0.,1.));
#2942=DIRECTION('ref_axis',(-1.,0.,0.));
#2943=DIRECTION('',(0.,0.,1.));
#2944=DIRECTION('center_axis',(0.,0.,1.));
#2945=DIRECTION('ref_axis',(-0.121869343405146,-0.992546151641322,0.));
#2946=DIRECTION('center_axis',(0.,0.,-1.));
#2947=DIRECTION('ref_axis',(-0.121869343405146,-0.992546151641322,0.));
#2948=DIRECTION('center_axis',(0.114624107985131,0.,-0.993408935871131));
#2949=DIRECTION('ref_axis',(-0.993408935871131,-4.19104079919552E-16,-0.114624107985131));
#2950=DIRECTION('',(0.,0.,1.));
#2951=DIRECTION('center_axis',(0.,0.,-1.));
#2952=DIRECTION('ref_axis',(1.,0.,0.));
#2953=DIRECTION('',(0.992546151641322,-0.121869343405147,0.));
#2954=DIRECTION('center_axis',(0.,0.,-1.));
#2955=DIRECTION('ref_axis',(0.121869343405146,0.992546151641322,0.));
#2956=DIRECTION('',(-0.992546151641322,0.121869343405147,0.));
#2957=DIRECTION('center_axis',(0.,0.,-1.));
#2958=DIRECTION('ref_axis',(-0.121869343405146,-0.992546151641322,0.));
#2959=DIRECTION('',(0.992546151641322,-0.121869343405147,0.));
#2960=DIRECTION('center_axis',(0.,0.,1.));
#2961=DIRECTION('ref_axis',(-0.121869343405146,-0.992546151641322,0.));
#2962=DIRECTION('',(-0.992546151641322,0.121869343405148,0.));
#2963=DIRECTION('',(-0.306524102253142,-0.830112910553896,-0.465784854272491));
#2964=DIRECTION('center_axis',(0.,0.,1.));
#2965=DIRECTION('ref_axis',(-1.,0.,0.));
#2966=DIRECTION('center_axis',(0.,0.,1.));
#2967=DIRECTION('ref_axis',(-1.,0.,0.));
#2968=DIRECTION('',(0.,0.,1.));
#2969=DIRECTION('center_axis',(1.35780731687808E-15,-1.,0.));
#2970=DIRECTION('ref_axis',(-1.,-1.35780731687808E-15,0.));
#2971=DIRECTION('',(0.,0.,-1.));
#2972=DIRECTION('center_axis',(1.,0.,0.));
#2973=DIRECTION('ref_axis',(0.,-1.,0.));
#2974=DIRECTION('center_axis',(-1.,0.,0.));
#2975=DIRECTION('ref_axis',(0.,0.135059413537264,0.990837501720121));
#2976=DIRECTION('',(0.,0.,-1.));
#2977=DIRECTION('center_axis',(-5.11909210836976E-15,1.,0.));
#2978=DIRECTION('ref_axis',(1.,5.11909210836976E-15,0.));
#2979=DIRECTION('',(-0.993258018250139,0.,-0.115924584026883));
#2980=DIRECTION('',(0.,0.,-1.));
#2981=DIRECTION('center_axis',(1.,3.78225701857973E-15,0.));
#2982=DIRECTION('ref_axis',(3.78225701857973E-15,-1.,0.));
#2983=DIRECTION('center_axis',(-1.,-3.78225701857973E-15,0.));
#2984=DIRECTION('ref_axis',(0.,0.135059413537264,0.990837501720121));
#2985=DIRECTION('',(0.,0.,-1.));
#2986=DIRECTION('center_axis',(3.2272530956384E-15,-1.,0.));
#2987=DIRECTION('ref_axis',(-1.,-3.2272530956384E-15,0.));
#2988=DIRECTION('',(0.993177700647043,6.40240747429097E-15,0.116610698211834));
#2989=DIRECTION('center_axis',(1.,0.,0.));
#2990=DIRECTION('ref_axis',(0.,0.135059413537264,0.990837501720121));
#2991=DIRECTION('center_axis',(0.583405630215376,-0.812180934664808,0.));
#2992=DIRECTION('ref_axis',(0.,0.,-1.));
#2993=DIRECTION('',(0.,0.,1.));
#2994=DIRECTION('',(-0.812180934664808,-0.583405630215376,-1.09357211157226E-14));
#2995=DIRECTION('',(0.,0.,-1.));
#2996=DIRECTION('',(-0.727887736592932,-0.449412786214744,0.517887623432265));
#2997=DIRECTION('',(0.812202013355076,0.583376284658505,0.));
#2998=DIRECTION('',(0.726590284880889,0.445260568890885,-0.523268175706946));
#2999=DIRECTION('center_axis',(0.,1.,0.));
#3000=DIRECTION('ref_axis',(0.,0.,1.));
#3001=DIRECTION('center_axis',(-2.61778902648458E-15,-1.,0.));
#3002=DIRECTION('ref_axis',(0.,0.,1.));
#3003=DIRECTION('',(0.737275598479671,-0.675592007180177,0.000362933467183524));
#3004=DIRECTION('center_axis',(-0.675590207615651,-0.737277336810132,0.));
#3005=DIRECTION('ref_axis',(0.,0.,1.));
#3006=DIRECTION('',(0.,0.,1.));
#3007=DIRECTION('',(-0.737277336810132,0.675590207615651,0.));
#3008=DIRECTION('',(0.,0.,-1.));
#3009=DIRECTION('center_axis',(0.,-1.,0.));
#3010=DIRECTION('ref_axis',(1.,0.,0.));
#3011=DIRECTION('',(0.,0.,1.));
#3012=DIRECTION('',(1.,0.,0.));
#3013=DIRECTION('center_axis',(0.,0.,-1.));
#3014=DIRECTION('ref_axis',(-1.,0.,0.));
#3015=DIRECTION('',(0.,0.,1.));
#3016=DIRECTION('center_axis',(-1.,0.,0.));
#3017=DIRECTION('ref_axis',(0.,-1.,0.));
#3018=DIRECTION('',(0.,0.,-1.));
#3019=DIRECTION('center_axis',(0.996194698091746,0.0871557427476582,0.));
#3020=DIRECTION('ref_axis',(-0.0871557427476582,0.996194698091746,0.));
#3021=DIRECTION('',(0.,0.,1.));
#3022=DIRECTION('center_axis',(2.61778902648458E-15,1.,0.));
#3023=DIRECTION('ref_axis',(-1.,2.61778902648458E-15,0.));
#3024=DIRECTION('center_axis',(-0.121869343405147,-0.992546151641322,0.));
#3025=DIRECTION('ref_axis',(0.992546151641322,-0.121869343405147,0.));
#3026=DIRECTION('center_axis',(-0.121869343405147,-0.992546151641322,0.));
#3027=DIRECTION('ref_axis',(-0.992546151641322,0.121869343405147,-1.93942775937731E-16));
#3028=DIRECTION('',(0.,0.,1.));
#3029=DIRECTION('center_axis',(0.121869343405147,0.992546151641322,0.));
#3030=DIRECTION('ref_axis',(-0.992546151641322,0.121869343405147,0.));
#3031=DIRECTION('',(0.,0.,1.));
#3032=DIRECTION('',(0.,0.,1.));
#3033=DIRECTION('center_axis',(0.,0.,1.));
#3034=DIRECTION('ref_axis',(0.121869343405146,0.992546151641322,0.));
#3035=DIRECTION('center_axis',(0.,0.,1.));
#3036=DIRECTION('ref_axis',(-0.121869343405146,-0.992546151641322,0.));
#3037=DIRECTION('center_axis',(0.,0.,1.));
#3038=DIRECTION('ref_axis',(-0.121869343405146,-0.992546151641322,0.));
#3039=DIRECTION('',(0.,0.,1.));
#3040=DIRECTION('',(0.,0.,1.));
#3041=DIRECTION('center_axis',(-0.121869343405147,-0.992546151641322,0.));
#3042=DIRECTION('ref_axis',(0.992546151641322,-0.121869343405147,0.));
#3043=DIRECTION('center_axis',(0.,1.,0.));
#3044=DIRECTION('ref_axis',(-0.0574067249060111,0.,0.998350874159764));
#3045=DIRECTION('',(0.,-1.,0.));
#3046=DIRECTION('center_axis',(0.121869343405148,0.992546151641322,0.));
#3047=DIRECTION('ref_axis',(-0.992546151641322,0.121869343405148,0.));
#3048=DIRECTION('center_axis',(0.,1.,0.));
#3049=DIRECTION('ref_axis',(-0.0574067249060111,0.,0.998350874159764));
#3050=DIRECTION('',(0.,1.,0.));
#3051=DIRECTION('',(0.00191925692733181,-0.605047955547025,0.796186716757578));
#3052=DIRECTION('center_axis',(0.,0.796129343695513,0.605126489344957));
#3053=DIRECTION('ref_axis',(1.,0.,0.));
#3054=DIRECTION('',(0.,-0.605126489344907,0.796129343695551));
#3055=DIRECTION('',(1.,0.,0.));
#3056=DIRECTION('',(0.,0.605126489344957,-0.796129343695513));
#3057=DIRECTION('center_axis',(-0.167494121133866,0.94990636407934,-0.263862878910928));
#3058=DIRECTION('ref_axis',(0.680725237247754,0.305032762683716,0.666009132867958));
#3059=DIRECTION('',(0.167494121133866,-0.94990636407934,0.263862878910928));
#3060=DIRECTION('center_axis',(0.,0.267643863786095,0.963517909629941));
#3061=DIRECTION('ref_axis',(1.,0.,0.));
#3062=DIRECTION('',(0.,0.963517909629941,-0.267643863786095));
#3063=DIRECTION('center_axis',(0.,0.963517909629941,-0.267643863786095));
#3064=DIRECTION('ref_axis',(-0.057406724906011,0.267202485374345,0.96192894734764));
#3065=DIRECTION('',(0.979069406584038,-0.0837850729513967,-0.185480884841831));
#3066=DIRECTION('center_axis',(0.,0.,1.));
#3067=DIRECTION('ref_axis',(-1.,0.,0.));
#3068=DIRECTION('center_axis',(0.,0.,1.));
#3069=DIRECTION('ref_axis',(-1.,0.,0.));
#3070=DIRECTION('',(0.,0.,1.));
#3071=DIRECTION('center_axis',(0.,0.,1.));
#3072=DIRECTION('ref_axis',(-1.,0.,0.));
#3073=DIRECTION('center_axis',(0.,0.,1.));
#3074=DIRECTION('ref_axis',(-1.,0.,0.));
#3075=DIRECTION('center_axis',(0.,0.,1.));
#3076=DIRECTION('ref_axis',(-1.,0.,0.));
#3077=DIRECTION('',(0.,0.,1.));
#3078=DIRECTION('center_axis',(0.,-1.,0.));
#3079=DIRECTION('ref_axis',(-1.,0.,0.));
#3080=DIRECTION('',(0.,-1.,0.));
#3081=DIRECTION('center_axis',(0.,-1.,0.));
#3082=DIRECTION('ref_axis',(-1.,0.,0.));
#3083=DIRECTION('center_axis',(0.,1.,0.));
#3084=DIRECTION('ref_axis',(-1.,0.,0.));
#3085=DIRECTION('center_axis',(0.,-1.,0.));
#3086=DIRECTION('ref_axis',(-1.,0.,0.));
#3087=DIRECTION('',(0.,-1.,0.));
#3088=DIRECTION('center_axis',(0.,-1.,0.));
#3089=DIRECTION('ref_axis',(-1.,0.,0.));
#3090=DIRECTION('center_axis',(0.,1.,0.));
#3091=DIRECTION('ref_axis',(-1.,0.,0.));
#3092=DIRECTION('center_axis',(0.,-1.,0.));
#3093=DIRECTION('ref_axis',(-1.,0.,0.));
#3094=DIRECTION('',(0.,-1.,0.));
#3095=DIRECTION('center_axis',(0.,-1.,0.));
#3096=DIRECTION('ref_axis',(-1.,0.,0.));
#3097=DIRECTION('center_axis',(0.,1.,0.));
#3098=DIRECTION('ref_axis',(-1.,0.,0.));
#3099=DIRECTION('center_axis',(0.,0.,1.));
#3100=DIRECTION('ref_axis',(-1.,0.,0.));
#3101=DIRECTION('center_axis',(0.,0.,1.));
#3102=DIRECTION('ref_axis',(-1.,0.,0.));
#3103=DIRECTION('center_axis',(0.,0.,1.));
#3104=DIRECTION('ref_axis',(-1.,0.,0.));
#3105=DIRECTION('',(0.,0.,1.));
#3106=DIRECTION('center_axis',(0.996194698091746,-0.0871557427476584,0.));
#3107=DIRECTION('ref_axis',(0.0871557427476583,0.996194698091746,0.));
#3108=DIRECTION('center_axis',(-0.17364817766693,0.984807753012208,0.));
#3109=DIRECTION('ref_axis',(0.696364240320018,0.122787803968973,0.707106781186548));
#3110=DIRECTION('center_axis',(0.17364817766693,-0.984807753012208,0.));
#3111=DIRECTION('ref_axis',(0.984807753012208,0.17364817766693,0.));
#3112=DIRECTION('',(-0.17364817766693,0.984807753012208,0.));
#3113=DIRECTION('center_axis',(0.17364817766693,-0.984807753012208,1.02904116915155E-16));
#3114=DIRECTION('ref_axis',(0.984807753012208,0.17364817766693,0.));
#3115=DIRECTION('',(0.17364817766693,-0.984807753012208,0.));
#3116=DIRECTION('center_axis',(0.17364817766693,-0.984807753012208,0.));
#3117=DIRECTION('ref_axis',(0.984807753012208,0.17364817766693,0.));
#3118=DIRECTION('center_axis',(1.,0.,0.));
#3119=DIRECTION('ref_axis',(0.,-0.707106781186548,0.707106781186548));
#3120=DIRECTION('center_axis',(-1.,0.,0.));
#3121=DIRECTION('ref_axis',(0.,-1.,0.));
#3122=DIRECTION('',(-1.,0.,0.));
#3123=DIRECTION('center_axis',(0.,0.,-1.));
#3124=DIRECTION('ref_axis',(0.766044443118978,-0.642787609686539,0.));
#3125=DIRECTION('center_axis',(0.,0.,1.));
#3126=DIRECTION('ref_axis',(0.766044443118978,-0.642787609686539,0.));
#3127=DIRECTION('center_axis',(-0.984807753012208,-0.17364817766693,0.));
#3128=DIRECTION('ref_axis',(-0.17364817766693,0.984807753012208,4.50332868084142E-16));
#3129=DIRECTION('center_axis',(0.984807753012208,0.17364817766693,0.));
#3130=DIRECTION('ref_axis',(-0.17364817766693,0.984807753012208,0.));
#3131=DIRECTION('',(0.,0.,1.));
#3132=DIRECTION('center_axis',(0.,0.,-1.));
#3133=DIRECTION('ref_axis',(0.,-1.,0.));
#3134=DIRECTION('center_axis',(0.,0.,-1.));
#3135=DIRECTION('ref_axis',(-1.,0.,0.));
#3136=DIRECTION('',(0.,0.,-1.));
#3137=DIRECTION('center_axis',(0.,0.,-1.));
#3138=DIRECTION('ref_axis',(-1.,0.,0.));
#3139=DIRECTION('center_axis',(0.,0.,1.));
#3140=DIRECTION('ref_axis',(-1.,0.,0.));
#3141=DIRECTION('center_axis',(0.,0.,1.));
#3142=DIRECTION('ref_axis',(-1.,0.,0.));
#3143=DIRECTION('center_axis',(0.,0.,1.));
#3144=DIRECTION('ref_axis',(-1.,0.,0.));
#3145=DIRECTION('center_axis',(0.,0.,1.));
#3146=DIRECTION('ref_axis',(-1.,0.,0.));
#3147=DIRECTION('',(0.,0.,-1.));
#3148=DIRECTION('center_axis',(-0.114624107985131,0.,0.993408935871131));
#3149=DIRECTION('ref_axis',(0.993408935871131,0.,0.114624107985131));
#3150=DIRECTION('',(0.271432037031383,-0.757282714650055,0.594009713190986));
#3151=DIRECTION('',(-0.284841004697296,-0.654784767422586,-0.700087501955566));
#3152=DIRECTION('center_axis',(-5.53322346070381E-16,1.,-4.20290048582681E-15));
#3153=DIRECTION('ref_axis',(2.29136577990112E-15,4.15310047607078E-15,1.));
#3154=DIRECTION('center_axis',(-5.76343516594484E-16,1.,-4.37776363651499E-15));
#3155=DIRECTION('ref_axis',(2.38669885785615E-15,4.32589167986428E-15,1.));
#3156=DIRECTION('center_axis',(1.,0.,0.));
#3157=DIRECTION('ref_axis',(0.,1.,0.));
#3158=DIRECTION('center_axis',(1.,0.,0.));
#3159=DIRECTION('ref_axis',(0.,1.,0.));
#3160=DIRECTION('',(-1.,0.,0.));
#3161=DIRECTION('center_axis',(1.,0.,0.));
#3162=DIRECTION('ref_axis',(0.,1.,0.));
#3163=DIRECTION('center_axis',(-1.,0.,0.));
#3164=DIRECTION('ref_axis',(0.,1.,0.));
#3165=DIRECTION('',(0.866025403784439,-1.17699484771678E-15,-0.5));
#3166=DIRECTION('center_axis',(-0.417651171750896,0.549790864729863,-0.72339304931323));
#3167=DIRECTION('ref_axis',(0.274895432364912,0.835302343501794,0.476132855624686));
#3168=DIRECTION('',(0.866025403784439,-1.17699484771678E-15,-0.5));
#3169=DIRECTION('center_axis',(-6.04975675188432E-16,1.,-4.59524647291121E-15));
#3170=DIRECTION('ref_axis',(0.,4.54079757031313E-15,1.));
#3171=DIRECTION('center_axis',(-5.71641942712111E-16,1.,-4.34205163736169E-15));
#3172=DIRECTION('ref_axis',(0.,4.29060283084561E-15,1.));
#3173=DIRECTION('center_axis',(0.,1.,0.));
#3174=DIRECTION('ref_axis',(-1.,0.,0.));
#3175=DIRECTION('',(0.,0.,1.));
#3176=DIRECTION('center_axis',(0.,1.,0.));
#3177=DIRECTION('ref_axis',(-1.,0.,0.));
#3178=DIRECTION('',(0.,0.,-1.));
#3179=DIRECTION('center_axis',(-1.,0.,0.));
#3180=DIRECTION('ref_axis',(0.,0.,-1.));
#3181=CARTESIAN_POINT('',(0.,0.,0.));
#3182=CARTESIAN_POINT('Origin',(470.,177.283501967163,76.9706070817869));
#3183=CARTESIAN_POINT('',(461.428537093973,179.421596287728,75.3502295463137));
#3184=CARTESIAN_POINT('',(477.877444216469,179.421596287728,77.3200432911928));
#3185=CARTESIAN_POINT('',(584.848077965477,179.421596287728,90.1301481260043));
#3186=CARTESIAN_POINT('',(461.396902109282,179.421599638387,75.3464402163094));
#3187=CARTESIAN_POINT('Ctrl Pts',(461.396902109281,179.421599638371,75.3464402163138));
#3188=CARTESIAN_POINT('Ctrl Pts',(461.407447011607,179.421597404523,75.3477036254966));
#3189=CARTESIAN_POINT('Ctrl Pts',(461.417992004312,179.421596287728,75.3489667352101));
#3190=CARTESIAN_POINT('Ctrl Pts',(461.428537093973,179.421596287728,75.3502295463137));
#3191=CARTESIAN_POINT('',(459.660950396837,159.579580773645,80.6502258777218));
#3192=CARTESIAN_POINT('',(451.218028261979,63.0765391840819,106.44555707653));
#3193=CARTESIAN_POINT('',(477.877444216469,160.142142249475,82.6754471907078));
#3194=CARTESIAN_POINT('',(535.,161.906200119387,89.0260555223924));
#3195=CARTESIAN_POINT('',(477.877444216469,155.381357602867,83.9978873703208));
#3196=CARTESIAN_POINT('Origin',(584.893233384241,179.710798143864,89.7530783186363));
#3197=CARTESIAN_POINT('',(477.967755053998,180.,76.5659036764569));
#3198=CARTESIAN_POINT('',(461.518847931502,180.,74.5960899315775));
#3199=CARTESIAN_POINT('',(584.938388803006,180.,89.3760085112682));
#3200=CARTESIAN_POINT('',(461.518847931502,180.,74.5960899315775));
#3201=CARTESIAN_POINT('',(477.877444216469,179.421596287728,77.3200432911928));
#3202=CARTESIAN_POINT('Origin',(705.,180.,59.));
#3203=CARTESIAN_POINT('',(435.112434805166,180.,58.9999999999998));
#3204=CARTESIAN_POINT('',(669.638138746168,180.,59.));
#3205=CARTESIAN_POINT('',(630.,180.,59.));
#3206=CARTESIAN_POINT('',(461.487833198117,180.,74.5923629015698));
#3207=CARTESIAN_POINT('Ctrl Pts',(461.487833198117,180.,74.5923629015698));
#3208=CARTESIAN_POINT('Ctrl Pts',(455.442635403505,180.,73.863397307534));
#3209=CARTESIAN_POINT('Ctrl Pts',(445.385875711101,180.,70.0684062814783));
#3210=CARTESIAN_POINT('Ctrl Pts',(437.726458451267,180.,62.5992514509595));
#3211=CARTESIAN_POINT('Ctrl Pts',(435.112456661377,180.,58.9999841287113));
#3212=CARTESIAN_POINT('Ctrl Pts',(461.518847931502,180.,74.5960899315776));
#3213=CARTESIAN_POINT('Ctrl Pts',(461.508509115267,180.,74.5948518224331));
#3214=CARTESIAN_POINT('Ctrl Pts',(461.498170869728,180.,74.5936094789661));
#3215=CARTESIAN_POINT('Ctrl Pts',(461.487833198117,180.,74.5923629015698));
#3216=CARTESIAN_POINT('',(592.5015522016,180.,83.4));
#3217=CARTESIAN_POINT('Ctrl Pts',(592.5015522016,180.,83.3999999999999));
#3218=CARTESIAN_POINT('Ctrl Pts',(554.23956041651,180.,83.3999999999999));
#3219=CARTESIAN_POINT('Ctrl Pts',(515.977679366813,180.,81.1169601502318));
#3220=CARTESIAN_POINT('Ctrl Pts',(477.967755076494,180.,76.5659034885776));
#3221=CARTESIAN_POINT('',(632.574006286183,180.,83.4));
#3222=CARTESIAN_POINT('',(667.5,180.,83.4));
#3223=CARTESIAN_POINT('',(632.674103492213,180.,83.3998793616464));
#3224=CARTESIAN_POINT('Ctrl Pts',(632.674103492213,180.,83.3998793616464));
#3225=CARTESIAN_POINT('Ctrl Pts',(632.640739726249,180.,83.3999597870511));
#3226=CARTESIAN_POINT('Ctrl Pts',(632.607373960105,180.,83.4));
#3227=CARTESIAN_POINT('Ctrl Pts',(632.574006286183,180.,83.4));
#3228=CARTESIAN_POINT('Ctrl Pts',(669.638114897691,180.,58.9999897070022));
#3229=CARTESIAN_POINT('Ctrl Pts',(666.976796594064,180.,65.1644571575619));
#3230=CARTESIAN_POINT('Ctrl Pts',(660.024795474352,180.,74.2711048398485));
#3231=CARTESIAN_POINT('Ctrl Pts',(646.213955438319,180.,81.8613101423099));
#3232=CARTESIAN_POINT('Ctrl Pts',(637.214089556281,180.,83.388935446708));
#3233=CARTESIAN_POINT('Ctrl Pts',(632.674103492213,180.,83.3998793616464));
#3234=CARTESIAN_POINT('',(652.140760275564,180.,72.3605910925776));
#3235=CARTESIAN_POINT('Origin',(650.290760275564,180.,72.3605910925776));
#3236=CARTESIAN_POINT('',(559.72744421647,180.,76.6233102615515));
#3237=CARTESIAN_POINT('Origin',(557.877444216469,180.,76.6233102615515));
#3238=CARTESIAN_POINT('',(463.29750558359,180.,68.3936051666596));
#3239=CARTESIAN_POINT('Origin',(461.44750558359,180.,68.3936051666596));
#3240=CARTESIAN_POINT('Origin',(455.802992581385,52.4413469474346,68.1588650246002));
#3241=CARTESIAN_POINT('',(434.212176399244,179.414690774415,59.));
#3242=CARTESIAN_POINT('Ctrl Pts',(434.212176399244,179.414690774415,59.));
#3243=CARTESIAN_POINT('Ctrl Pts',(436.919813617691,179.417168536146,62.8532271282456));
#3244=CARTESIAN_POINT('Ctrl Pts',(444.800513993086,179.422296413297,70.6691875020973));
#3245=CARTESIAN_POINT('Ctrl Pts',(455.23052125657,179.422905933619,74.6076318374046));
#3246=CARTESIAN_POINT('Ctrl Pts',(461.396902109281,179.421599638371,75.3464402163138));
#3247=CARTESIAN_POINT('',(428.66396628265,156.504344813565,59.));
#3248=CARTESIAN_POINT('Origin',(458.80072824333,86.7056223533269,59.));
#3249=CARTESIAN_POINT('Origin',(464.245914716242,148.944388536998,42.3635338257917));
#3250=CARTESIAN_POINT('Ctrl Pts',(461.396902109281,179.421599638371,75.3464402163138));
#3251=CARTESIAN_POINT('Ctrl Pts',(455.23052125657,179.422905933619,74.6076318374046));
#3252=CARTESIAN_POINT('Ctrl Pts',(444.800513993086,179.422296413297,70.6691875020973));
#3253=CARTESIAN_POINT('Ctrl Pts',(436.919813617691,179.417168536146,62.8532271282456));
#3254=CARTESIAN_POINT('Ctrl Pts',(434.212176399244,179.414690774415,59.));
#3255=CARTESIAN_POINT('Ctrl Pts',(461.427212472226,179.614399758914,75.0950811113991));
#3256=CARTESIAN_POINT('Ctrl Pts',(455.301225972215,179.615270622413,74.3595536607811));
#3257=CARTESIAN_POINT('Ctrl Pts',(444.940954729401,179.614864275531,70.448293263391));
#3258=CARTESIAN_POINT('Ctrl Pts',(437.105617458954,179.611445690764,62.6870212964411));
#3259=CARTESIAN_POINT('Ctrl Pts',(434.411476891892,179.60979384961,58.8592569609348));
#3260=CARTESIAN_POINT('Ctrl Pts',(461.457522835172,179.807199879457,74.8437220064845));
#3261=CARTESIAN_POINT('Ctrl Pts',(455.37193068786,179.807635311206,74.1114754841575));
#3262=CARTESIAN_POINT('Ctrl Pts',(445.081395465715,179.807432137766,70.2273990246847));
#3263=CARTESIAN_POINT('Ctrl Pts',(437.291421300217,179.805722845382,62.5208154646367));
#3264=CARTESIAN_POINT('Ctrl Pts',(434.61077738454,179.804896924805,58.7185139218696));
#3265=CARTESIAN_POINT('Ctrl Pts',(461.487833198117,180.,74.5923629015698));
#3266=CARTESIAN_POINT('Ctrl Pts',(455.442635403505,180.,73.863397307534));
#3267=CARTESIAN_POINT('Ctrl Pts',(445.22183620203,180.,70.0065047859784));
#3268=CARTESIAN_POINT('Ctrl Pts',(437.47722514148,180.,62.3546096328322));
#3269=CARTESIAN_POINT('Ctrl Pts',(434.810077877188,180.,58.5777708828045));
#3270=CARTESIAN_POINT('Ctrl Pts',(435.112434805166,180.,59.));
#3271=CARTESIAN_POINT('Ctrl Pts',(434.961784107189,179.902728324893,59.));
#3272=CARTESIAN_POINT('Ctrl Pts',(434.81128124112,179.805208416007,59.));
#3273=CARTESIAN_POINT('Ctrl Pts',(434.511204454869,179.61010260249,59.));
#3274=CARTESIAN_POINT('Ctrl Pts',(434.361611880765,179.512507260372,59.));
#3275=CARTESIAN_POINT('Ctrl Pts',(434.212176399244,179.414690774415,59.));
#3276=CARTESIAN_POINT('',(461.396902109282,179.421599638387,75.3464402163094));
#3277=CARTESIAN_POINT('Origin',(470.77475244558,119.310724260057,170.));
#3278=CARTESIAN_POINT('',(485.891467842725,119.310724260057,93.270867662883));
#3279=CARTESIAN_POINT('',(477.87744421647,119.310724260057,92.3286437453761));
#3280=CARTESIAN_POINT('Ctrl Pts',(485.891467842725,119.310724260057,93.270867662883));
#3281=CARTESIAN_POINT('Ctrl Pts',(481.880903388504,119.310724260057,92.7993534119604));
#3282=CARTESIAN_POINT('Ctrl Pts',(477.877444216469,119.310724260057,92.3286437453755));
#3283=CARTESIAN_POINT('',(485.891467842725,119.310724260057,93.2375225607212));
#3284=CARTESIAN_POINT('',(485.891467842725,119.310724260057,170.));
#3285=CARTESIAN_POINT('Ctrl Pts',(477.87744421647,119.310724260057,92.328643745376));
#3286=CARTESIAN_POINT('Ctrl Pts',(480.549763737512,119.310724260057,92.6428436851522));
#3287=CARTESIAN_POINT('Ctrl Pts',(483.221406435867,119.310724260057,92.9458173948691));
#3288=CARTESIAN_POINT('Ctrl Pts',(485.891467842725,119.310724260057,93.2375225607211));
#3289=CARTESIAN_POINT('Origin',(485.891467842725,119.310724260057,170.));
#3290=CARTESIAN_POINT('',(485.891467842725,115.561460263318,93.9899926397346));
#3291=CARTESIAN_POINT('Origin',(485.891467842725,15.3711846965003,-438.5));
#3292=CARTESIAN_POINT('',(485.891467842725,115.561460263318,93.9566925727787));
#3293=CARTESIAN_POINT('',(485.891467842725,115.561460263318,170.));
#3294=CARTESIAN_POINT('Origin',(485.891467842725,15.3711846965003,-438.5));
#3295=CARTESIAN_POINT('Ctrl Pts',(592.5015522016,15.3711846965003,109.));
#3296=CARTESIAN_POINT('Ctrl Pts',(592.5015522016,90.0000000000001,109.));
#3297=CARTESIAN_POINT('Ctrl Pts',(592.5015522016,161.906200119387,89.0260555223926));
#3298=CARTESIAN_POINT('Ctrl Pts',(535.,15.3711846965003,109.));
#3299=CARTESIAN_POINT('Ctrl Pts',(535.,90.0000000000001,109.));
#3300=CARTESIAN_POINT('Ctrl Pts',(535.,161.906200119387,89.0260555223927));
#3301=CARTESIAN_POINT('Ctrl Pts',(477.877444216469,15.3711846965003,102.408935871131));
#3302=CARTESIAN_POINT('Ctrl Pts',(477.877444216469,89.101582999951,102.408935871131));
#3303=CARTESIAN_POINT('Ctrl Pts',(477.877444216469,160.142142249475,82.675447190708));
#3304=CARTESIAN_POINT('',(592.5015522016,161.906200119387,89.0260555223924));
#3305=CARTESIAN_POINT('Origin',(592.5015522016,-105.737663666707,-874.491854107548));
#3306=CARTESIAN_POINT('Origin',(477.87744421647,15.3711846965003,-438.5));
#3307=CARTESIAN_POINT('',(480.387230069118,115.561460263318,93.3404624576834));
#3308=CARTESIAN_POINT('Ctrl Pts',(485.891467842725,115.561460263318,93.9566925727788));
#3309=CARTESIAN_POINT('Ctrl Pts',(484.057389129297,115.561460263318,93.7565894534558));
#3310=CARTESIAN_POINT('Ctrl Pts',(482.222542846932,115.561460263318,93.5511751005819));
#3311=CARTESIAN_POINT('Ctrl Pts',(480.387230069118,115.561460263318,93.3404624576835));
#3312=CARTESIAN_POINT('',(480.387230069118,96.7752505406668,96.5380798498329));
#3313=CARTESIAN_POINT('Origin',(480.387230069118,15.3711846965001,-438.5));
#3314=CARTESIAN_POINT('',(483.85729234148,96.7752505406668,96.9278900314295));
#3315=CARTESIAN_POINT('Ctrl Pts',(480.387230069118,96.7752505406668,96.538079849833));
#3316=CARTESIAN_POINT('Ctrl Pts',(481.544164884312,96.7752505406668,96.6701139405705));
#3317=CARTESIAN_POINT('Ctrl Pts',(482.700880057946,96.7752505406668,96.8000520139399));
#3318=CARTESIAN_POINT('Ctrl Pts',(483.85729234148,96.7752505406668,96.9278900314295));
#3319=CARTESIAN_POINT('',(483.85729234148,93.0658715281301,97.4787150602204));
#3320=CARTESIAN_POINT('Origin',(483.85729234148,15.3711846965003,-438.5));
#3321=CARTESIAN_POINT('',(477.87744421647,93.0658715281301,96.7999276511949));
#3322=CARTESIAN_POINT('Ctrl Pts',(483.85729234148,93.0658715281301,97.4787150602203));
#3323=CARTESIAN_POINT('Ctrl Pts',(481.86479486588,93.0658715281301,97.2586766203735));
#3324=CARTESIAN_POINT('Ctrl Pts',(479.871390411879,93.0658715281301,97.0324091052711));
#3325=CARTESIAN_POINT('Ctrl Pts',(477.87744421647,93.0658715281301,96.7999276511948));
#3326=CARTESIAN_POINT('',(477.87744421647,74.4819957483367,99.1694048595602));
#3327=CARTESIAN_POINT('Origin',(477.87744421647,15.3711846965003,-438.5));
#3328=CARTESIAN_POINT('',(491.766631038704,74.7207747523234,100.656577256904));
#3329=CARTESIAN_POINT('Ctrl Pts',(477.87744421647,74.4819957483369,99.1694048595601));
#3330=CARTESIAN_POINT('Ctrl Pts',(480.180983149907,74.8455972616741,99.3968252825472));
#3331=CARTESIAN_POINT('Ctrl Pts',(482.505987775527,75.04741600906,99.636073296593));
#3332=CARTESIAN_POINT('Ctrl Pts',(487.152483488791,75.1252737970162,100.133718423677));
#3333=CARTESIAN_POINT('Ctrl Pts',(489.468430725518,75.0029582686447,100.391416673703));
#3334=CARTESIAN_POINT('Ctrl Pts',(491.766631038704,74.7207747523234,100.656577256904));
#3335=CARTESIAN_POINT('',(541.39393862077,68.627307582066,105.090603908175));
#3336=CARTESIAN_POINT('Ctrl Pts',(491.766631038704,74.7207747523234,100.656577256904));
#3337=CARTESIAN_POINT('Ctrl Pts',(507.998007156855,72.7278123628063,102.529312689472));
#3338=CARTESIAN_POINT('Ctrl Pts',(524.569033337051,70.6931461895604,104.023083405291));
#3339=CARTESIAN_POINT('Ctrl Pts',(541.39393862077,68.627307582066,105.090603908175));
#3340=CARTESIAN_POINT('',(585.168614583109,15.3711846965003,108.973113651504));
#3341=CARTESIAN_POINT('Ctrl Pts',(541.39393862077,68.627307582066,105.090603908175));
#3342=CARTESIAN_POINT('Ctrl Pts',(542.037538478052,68.5482834561924,105.13143956411));
#3343=CARTESIAN_POINT('Ctrl Pts',(542.679889907284,68.4567039716854,105.172795684243));
#3344=CARTESIAN_POINT('Ctrl Pts',(548.36944651524,67.5321094902412,105.544374916972));
#3345=CARTESIAN_POINT('Ctrl Pts',(553.261394531712,65.9419377045103,105.901421824598));
#3346=CARTESIAN_POINT('Ctrl Pts',(563.710568884997,60.6690940775049,106.732578179953));
#3347=CARTESIAN_POINT('Ctrl Pts',(568.951853610059,56.5642892015662,107.202380895131));
#3348=CARTESIAN_POINT('Ctrl Pts',(577.511539842875,46.5885358281091,108.028630887723));
#3349=CARTESIAN_POINT('Ctrl Pts',(580.761422309797,40.8246154718465,108.376666484214));
#3350=CARTESIAN_POINT('Ctrl Pts',(584.838646235491,28.4030643130382,108.852635387877));
#3351=CARTESIAN_POINT('Ctrl Pts',(585.641774319477,21.8734713890919,108.976583395623));
#3352=CARTESIAN_POINT('Ctrl Pts',(585.168614583108,15.3711846965004,108.973113651504));
#3353=CARTESIAN_POINT('',(592.5015522016,15.3711846965003,109.));
#3354=CARTESIAN_POINT('Origin',(592.5015522016,15.3711846965003,-891.));
#3355=CARTESIAN_POINT('',(592.5015522016,109.49881904096,100.847975293053));
#3356=CARTESIAN_POINT('Origin',(592.5015522016,15.3711846965003,-438.5));
#3357=CARTESIAN_POINT('',(591.753509773472,109.49881904096,100.847691280457));
#3358=CARTESIAN_POINT('Ctrl Pts',(592.5015522016,109.49881904096,100.847975293053));
#3359=CARTESIAN_POINT('Ctrl Pts',(592.252342913675,109.49881904096,100.847975293053));
#3360=CARTESIAN_POINT('Ctrl Pts',(592.002995137055,109.49881904096,100.84788072692));
#3361=CARTESIAN_POINT('Ctrl Pts',(591.753509773472,109.49881904096,100.847691280457));
#3362=CARTESIAN_POINT('',(591.753509773472,112.809340187826,100.259596362615));
#3363=CARTESIAN_POINT('Origin',(591.753509773471,15.3711846965004,-438.5));
#3364=CARTESIAN_POINT('',(592.5015522016,112.809340187826,100.259738524));
#3365=CARTESIAN_POINT('',(592.5,112.809340187826,100.259738524));
#3366=CARTESIAN_POINT('Origin',(592.5015522016,15.3711846965003,-438.5));
#3367=CARTESIAN_POINT('Ctrl Pts',(686.161701759887,109.461958227469,59.0000000000001));
#3368=CARTESIAN_POINT('Ctrl Pts',(683.284768317926,125.777858553111,56.1562541462196));
#3369=CARTESIAN_POINT('Ctrl Pts',(680.43252638426,141.953726376661,52.5092268860817));
#3370=CARTESIAN_POINT('Ctrl Pts',(677.618760891693,157.911383459323,48.0765443631201));
#3371=CARTESIAN_POINT('Ctrl Pts',(686.070087789884,109.981526869968,62.0736915064974));
#3372=CARTESIAN_POINT('Ctrl Pts',(683.17628617847,126.393397825135,59.2016950001833));
#3373=CARTESIAN_POINT('Ctrl Pts',(680.307344372648,142.663379981252,55.5218693936728));
#3374=CARTESIAN_POINT('Ctrl Pts',(677.477412891467,158.713007803246,51.0521164792359));
#3375=CARTESIAN_POINT('Ctrl Pts',(684.785293177732,111.362385597257,71.2961126694609));
#3376=CARTESIAN_POINT('Ctrl Pts',(681.847967185236,128.063433427717,68.3393406086215));
#3377=CARTESIAN_POINT('Ctrl Pts',(678.936599813753,144.617192765786,64.5610622641958));
#3378=CARTESIAN_POINT('Ctrl Pts',(676.065032776442,160.943955691206,59.9800754725545));
#3379=CARTESIAN_POINT('Ctrl Pts',(677.659119761546,112.588471979367,85.5400823833906));
#3380=CARTESIAN_POINT('Ctrl Pts',(674.691558625675,129.744236359412,82.4605693222641));
#3381=CARTESIAN_POINT('Ctrl Pts',(671.750521206548,146.744604750405,78.5383271848509));
#3382=CARTESIAN_POINT('Ctrl Pts',(668.850209389638,163.508686221278,73.792910267717));
#3383=CARTESIAN_POINT('Ctrl Pts',(662.739096544237,112.054031248042,97.5678914089326));
#3384=CARTESIAN_POINT('Ctrl Pts',(659.798160333214,129.609409521923,94.4224977446432));
#3385=CARTESIAN_POINT('Ctrl Pts',(656.883322331819,147.006299778692,90.414694181072));
#3386=CARTESIAN_POINT('Ctrl Pts',(654.0085177645,164.161602123101,85.5645739366009));
#3387=CARTESIAN_POINT('Ctrl Pts',(650.452628896518,110.430976178257,100.6855205409));
#3388=CARTESIAN_POINT('Ctrl Pts',(647.55435603137,128.104486021669,97.5695378865494));
#3389=CARTESIAN_POINT('Ctrl Pts',(644.681188513626,145.622603510757,93.5845272404569));
#3390=CARTESIAN_POINT('Ctrl Pts',(641.847071805235,162.901904682945,88.7494709214045));
#3391=CARTESIAN_POINT('Ctrl Pts',(644.307372256868,109.379348011585,100.868811881188));
#3392=CARTESIAN_POINT('Ctrl Pts',(641.430438814907,127.068368661663,97.7857408812975));
#3393=CARTESIAN_POINT('Ctrl Pts',(638.578196881241,144.605571896106,93.8317855844153));
#3394=CARTESIAN_POINT('Ctrl Pts',(635.764431388674,161.906200119387,89.0260555223926));
#3395=CARTESIAN_POINT('',(686.161701759887,109.461958227469,59.));
#3396=CARTESIAN_POINT('',(644.307372256868,109.379348011585,100.868811881188));
#3397=CARTESIAN_POINT('Origin',(644.307372256868,102.081910676624,59.0000000000001));
#3398=CARTESIAN_POINT('',(675.586594548304,160.587350936162,59.));
#3399=CARTESIAN_POINT('Ctrl Pts',(686.161701759887,109.461958227469,59.));
#3400=CARTESIAN_POINT('Ctrl Pts',(683.056896828257,127.070181989677,59.));
#3401=CARTESIAN_POINT('Ctrl Pts',(679.682659836374,144.366792418202,59.));
#3402=CARTESIAN_POINT('Ctrl Pts',(675.586594548304,160.587350936162,59.));
#3403=CARTESIAN_POINT('',(635.764431388674,161.906200119387,89.0260555223924));
#3404=CARTESIAN_POINT('Origin',(635.764431388675,150.531335908478,48.0765443631202));
#3405=CARTESIAN_POINT('Origin',(659.596812763982,15.3711846965003,-438.5));
#3406=CARTESIAN_POINT('',(664.560388993199,143.680736610242,84.7578423948326));
#3407=CARTESIAN_POINT('Ctrl Pts',(664.560388993199,143.680736610242,84.7578423948326));
#3408=CARTESIAN_POINT('Ctrl Pts',(663.348105953831,143.554322687722,85.7756056771751));
#3409=CARTESIAN_POINT('Ctrl Pts',(661.707380820945,142.808557056245,87.1918854768038));
#3410=CARTESIAN_POINT('Ctrl Pts',(660.032755683305,140.54057578139,88.9750913761317));
#3411=CARTESIAN_POINT('Ctrl Pts',(659.623688269402,138.984104242327,89.706818213513));
#3412=CARTESIAN_POINT('Ctrl Pts',(659.675716214888,137.602355098904,90.1229930960449));
#3413=CARTESIAN_POINT('Ctrl Pts',(659.714282805378,137.2811746016,90.2049368206082));
#3414=CARTESIAN_POINT('Ctrl Pts',(659.937566339655,136.206202790045,90.4265388518385));
#3415=CARTESIAN_POINT('Ctrl Pts',(660.257128213591,135.451699433692,90.4929410700298));
#3416=CARTESIAN_POINT('Ctrl Pts',(661.106328824567,134.23986199605,90.3989220086363));
#3417=CARTESIAN_POINT('Ctrl Pts',(661.576454858557,133.768048016735,90.2775749817879));
#3418=CARTESIAN_POINT('Ctrl Pts',(662.586581444618,133.035337531246,89.899554564614));
#3419=CARTESIAN_POINT('Ctrl Pts',(663.106149343699,132.773058181124,89.6562212558456));
#3420=CARTESIAN_POINT('Ctrl Pts',(664.276382027228,132.372041040028,89.0106097060143));
#3421=CARTESIAN_POINT('Ctrl Pts',(664.915823472965,132.279684876305,88.5902094606498));
#3422=CARTESIAN_POINT('Ctrl Pts',(667.195839674539,132.316018662327,86.8758803961579));
#3423=CARTESIAN_POINT('Ctrl Pts',(669.277168299695,133.420712615965,84.5978707511153));
#3424=CARTESIAN_POINT('Ctrl Pts',(670.499773597751,135.736098334551,82.3469308344809));
#3425=CARTESIAN_POINT('Ctrl Pts',(670.773898982187,137.317946478123,81.3771800474396));
#3426=CARTESIAN_POINT('Ctrl Pts',(670.734550160485,138.260847304799,81.0187937706646));
#3427=CARTESIAN_POINT('Ctrl Pts',(670.603830422437,139.015986390589,80.8446279699079));
#3428=CARTESIAN_POINT('Ctrl Pts',(670.541208805557,139.279467425015,80.8030785468641));
#3429=CARTESIAN_POINT('Ctrl Pts',(670.317711770192,140.010089845931,80.7437139716466));
#3430=CARTESIAN_POINT('Ctrl Pts',(669.90997770659,140.929035812519,80.8117015007009));
#3431=CARTESIAN_POINT('Ctrl Pts',(669.357225324083,141.657830010198,81.1052992847813));
#3432=CARTESIAN_POINT('Ctrl Pts',(668.04268705956,143.043572660302,81.9194572386451));
#3433=CARTESIAN_POINT('Ctrl Pts',(666.472611992128,143.708529699761,83.1761022384468));
#3434=CARTESIAN_POINT('Ctrl Pts',(664.93985701732,143.720306611506,84.4392628146269));
#3435=CARTESIAN_POINT('Ctrl Pts',(664.560388993199,143.680736610242,84.7578423948327));
#3436=CARTESIAN_POINT('Origin',(592.5,15.3711846965003,-438.5));
#3437=CARTESIAN_POINT('',(592.5,161.906200119387,89.0260555223924));
#3438=CARTESIAN_POINT('',(659.596812763982,15.3711846965003,109.));
#3439=CARTESIAN_POINT('',(592.5,15.3711846965003,109.));
#3440=CARTESIAN_POINT('Origin',(659.596812763982,15.3711846965003,-438.5));
#3441=CARTESIAN_POINT('Ctrl Pts',(460.052502564643,-60.1375541945725,84.9728967003356));
#3442=CARTESIAN_POINT('Ctrl Pts',(459.360033067864,-60.1375541945725,84.8929963737842));
#3443=CARTESIAN_POINT('Ctrl Pts',(458.631563235649,-60.0018925275181,84.9740894193893));
#3444=CARTESIAN_POINT('Ctrl Pts',(457.486177304469,-59.5594194367651,85.3620594121352));
#3445=CARTESIAN_POINT('Ctrl Pts',(456.597562389591,-59.0344216561559,85.861416205147));
#3446=CARTESIAN_POINT('Ctrl Pts',(455.376228419461,-57.8135948172951,87.0462494715765));
#3447=CARTESIAN_POINT('Ctrl Pts',(454.688778261125,-56.2062639715365,88.5335929670168));
#3448=CARTESIAN_POINT('Ctrl Pts',(454.617043465153,-54.655534160571,89.8651322419311));
#3449=CARTESIAN_POINT('Ctrl Pts',(454.902764546535,-53.0033152049213,91.2305359204433));
#3450=CARTESIAN_POINT('Ctrl Pts',(455.654642651036,-51.7790406548572,92.1852584354427));
#3451=CARTESIAN_POINT('Ctrl Pts',(456.760651644607,-50.7588248435343,93.0009284533607));
#3452=CARTESIAN_POINT('Ctrl Pts',(457.867801528458,-50.0189504152158,93.6051730619388));
#3453=CARTESIAN_POINT('Ctrl Pts',(459.279009527032,-49.7391876846471,93.9380812528522));
#3454=CARTESIAN_POINT('Ctrl Pts',(460.676879179243,-49.7401418949032,94.0987722323053));
#3455=CARTESIAN_POINT('Ctrl Pts',(461.825951232812,-49.9681375834422,94.0931256634501));
#3456=CARTESIAN_POINT('Ctrl Pts',(463.1221938702,-50.7147630565538,93.762698924894));
#3457=CARTESIAN_POINT('Ctrl Pts',(464.14048758688,-51.5954970762954,93.2915651971982));
#3458=CARTESIAN_POINT('Ctrl Pts',(465.029774062928,-52.9556127033803,92.4271989930579));
#3459=CARTESIAN_POINT('Ctrl Pts',(465.356334101167,-54.4012872374319,91.3160840442519));
#3460=CARTESIAN_POINT('Ctrl Pts',(465.351095881055,-55.4165168456793,90.4447483615544));
#3461=CARTESIAN_POINT('Ctrl Pts',(465.23575888811,-56.189258510374,89.7379454502957));
#3462=CARTESIAN_POINT('Ctrl Pts',(465.037731524178,-56.8116734842372,89.1273365508693));
#3463=CARTESIAN_POINT('Ctrl Pts',(464.850261281388,-57.2283795826589,88.698376301104));
#3464=CARTESIAN_POINT('Ctrl Pts',(464.728741817794,-57.4600298326568,88.4538525555467));
#3465=CARTESIAN_POINT('Ctrl Pts',(464.534542007931,-57.7992105037502,88.0902944255705));
#3466=CARTESIAN_POINT('Ctrl Pts',(464.185844967206,-58.2848512422988,87.5465464769762));
#3467=CARTESIAN_POINT('Ctrl Pts',(463.466238685678,-59.0231782714203,86.6671683880715));
#3468=CARTESIAN_POINT('Ctrl Pts',(462.71983263989,-59.5069282064004,86.0270033575021));
#3469=CARTESIAN_POINT('Ctrl Pts',(461.502593888994,-59.9910735678478,85.3184344116948));
#3470=CARTESIAN_POINT('Ctrl Pts',(460.791549901492,-60.1375541945725,85.058171393049));
#3471=CARTESIAN_POINT('Ctrl Pts',(460.052502564643,-60.1375541945725,84.9728967003355));
#3472=CARTESIAN_POINT('Ctrl Pts',(460.057926523465,-60.0082034921127,84.9258890572075));
#3473=CARTESIAN_POINT('Ctrl Pts',(459.374347026888,-60.0115724110522,84.8470961107668));
#3474=CARTESIAN_POINT('Ctrl Pts',(458.655042257795,-59.8734321924561,84.9264633657295));
#3475=CARTESIAN_POINT('Ctrl Pts',(457.531029929257,-59.4208531389143,85.3074980603654));
#3476=CARTESIAN_POINT('Ctrl Pts',(456.664568446445,-58.88591043947,85.798071563951));
#3477=CARTESIAN_POINT('Ctrl Pts',(455.491386246542,-57.6528271243087,86.9619873350094));
#3478=CARTESIAN_POINT('Ctrl Pts',(454.860477057552,-56.0571339071428,88.420269610498));
#3479=CARTESIAN_POINT('Ctrl Pts',(454.830674691055,-54.5436929885612,89.7202150225663));
#3480=CARTESIAN_POINT('Ctrl Pts',(455.148680201569,-52.9474302250786,91.0488148425108));
#3481=CARTESIAN_POINT('Ctrl Pts',(455.900150228731,-51.7893903988867,91.9699042007471));
#3482=CARTESIAN_POINT('Ctrl Pts',(456.972277623478,-50.8373383706615,92.7514884828982));
#3483=CARTESIAN_POINT('Ctrl Pts',(458.034864487338,-50.1553753832925,93.3268794637756));
#3484=CARTESIAN_POINT('Ctrl Pts',(459.359271271553,-49.9065082895984,93.6394403042499));
#3485=CARTESIAN_POINT('Ctrl Pts',(460.664937659636,-49.9129901160388,93.7893989353655));
#3486=CARTESIAN_POINT('Ctrl Pts',(461.733576923445,-50.1237843667441,93.7834019510204));
#3487=CARTESIAN_POINT('Ctrl Pts',(462.950440228912,-50.80949092768,93.4725545546866));
#3488=CARTESIAN_POINT('Ctrl Pts',(463.917444511656,-51.6229955741363,93.0278035409678));
#3489=CARTESIAN_POINT('Ctrl Pts',(464.786680499191,-52.8951116294882,92.2056792972059));
#3490=CARTESIAN_POINT('Ctrl Pts',(465.135633320239,-54.2786959896277,91.1347037502132));
#3491=CARTESIAN_POINT('Ctrl Pts',(465.155959999631,-55.2635445945803,90.2892780587993));
#3492=CARTESIAN_POINT('Ctrl Pts',(465.063940455941,-56.019172861425,89.6012052296537));
#3493=CARTESIAN_POINT('Ctrl Pts',(464.887231044768,-56.6332217988948,89.0049488062922));
#3494=CARTESIAN_POINT('Ctrl Pts',(464.714957191059,-57.0467098932793,88.5853363790356));
#3495=CARTESIAN_POINT('Ctrl Pts',(464.602181091307,-57.2773678744659,88.3459661774576));
#3496=CARTESIAN_POINT('Ctrl Pts',(464.420878901863,-57.6156267119943,87.9898358358168));
#3497=CARTESIAN_POINT('Ctrl Pts',(464.091668224016,-58.1028708690274,87.456660746144));
#3498=CARTESIAN_POINT('Ctrl Pts',(463.403207311748,-58.8494580748502,86.5930797111451));
#3499=CARTESIAN_POINT('Ctrl Pts',(462.679154286821,-59.346028624163,85.9635106921887));
#3500=CARTESIAN_POINT('Ctrl Pts',(461.488130914353,-59.8490444246249,85.2663573891304));
#3501=CARTESIAN_POINT('Ctrl Pts',(460.787503248263,-60.0047656121334,85.0100497451185));
#3502=CARTESIAN_POINT('Ctrl Pts',(460.057926523465,-60.0082034921127,84.9258890572075));
#3503=CARTESIAN_POINT('Ctrl Pts',(460.063350482287,-59.8788527896528,84.8788814140794));
#3504=CARTESIAN_POINT('Ctrl Pts',(459.388878995417,-59.8851217219909,84.8009681190384));
#3505=CARTESIAN_POINT('Ctrl Pts',(458.678632781351,-59.7443665023467,84.8788040020291));
#3506=CARTESIAN_POINT('Ctrl Pts',(457.575867364194,-59.2826034690726,85.2528619964892));
#3507=CARTESIAN_POINT('Ctrl Pts',(456.731659236311,-58.7367247737992,85.7347389466924));
#3508=CARTESIAN_POINT('Ctrl Pts',(455.606464113386,-57.4926173082807,86.8776589783039));
#3509=CARTESIAN_POINT('Ctrl Pts',(455.032135048594,-55.9075301784872,88.3070110729751));
#3510=CARTESIAN_POINT('Ctrl Pts',(455.044143484418,-54.4311454468153,89.5754738789715));
#3511=CARTESIAN_POINT('Ctrl Pts',(455.39471509752,-52.8915957432676,90.866962562422));
#3512=CARTESIAN_POINT('Ctrl Pts',(456.144588086391,-51.7997097427081,91.7546280149219));
#3513=CARTESIAN_POINT('Ctrl Pts',(457.184440232144,-50.9157574443657,92.5019537556353));
#3514=CARTESIAN_POINT('Ctrl Pts',(458.200929192212,-50.2913006675106,93.0487927086131));
#3515=CARTESIAN_POINT('Ctrl Pts',(459.439458903598,-50.0740282289739,93.3406113839363));
#3516=CARTESIAN_POINT('Ctrl Pts',(460.653366738025,-50.0854717033623,93.4802728249085));
#3517=CARTESIAN_POINT('Ctrl Pts',(461.6410016713,-50.2793897411688,93.473623538441));
#3518=CARTESIAN_POINT('Ctrl Pts',(462.778402361643,-50.9042193781843,93.1823953471411));
#3519=CARTESIAN_POINT('Ctrl Pts',(463.694335847098,-51.6503388027435,92.7640710800417));
#3520=CARTESIAN_POINT('Ctrl Pts',(464.544007927233,-52.8349846164042,91.9840548517362));
#3521=CARTESIAN_POINT('Ctrl Pts',(464.914974001727,-54.1560217567792,90.953396978913));
#3522=CARTESIAN_POINT('Ctrl Pts',(464.960961328619,-55.1106863094522,90.1337187933847));
#3523=CARTESIAN_POINT('Ctrl Pts',(464.892162919817,-55.8492436662062,89.464427752148));
#3524=CARTESIAN_POINT('Ctrl Pts',(464.736758586999,-56.4547585484956,88.8825227992482));
#3525=CARTESIAN_POINT('Ctrl Pts',(464.579723709619,-56.8651489911406,88.4722820489436));
#3526=CARTESIAN_POINT('Ctrl Pts',(464.47558385877,-57.0946888100642,88.2380155141978));
#3527=CARTESIAN_POINT('Ctrl Pts',(464.307406629417,-57.4322131165932,87.8894389562348));
#3528=CARTESIAN_POINT('Ctrl Pts',(463.997412488206,-57.9208370540945,87.3666924048236));
#3529=CARTESIAN_POINT('Ctrl Pts',(463.340402112377,-58.6759146835011,86.5190947099751));
#3530=CARTESIAN_POINT('Ctrl Pts',(462.638529098016,-59.1853218675802,85.900060094074));
#3531=CARTESIAN_POINT('Ctrl Pts',(461.473489689132,-59.7067959571912,85.2141820706722));
#3532=CARTESIAN_POINT('Ctrl Pts',(460.783171842592,-59.8720045438854,84.9619675593841));
#3533=CARTESIAN_POINT('Ctrl Pts',(460.063350482287,-59.8788527896528,84.8788814140794));
#3534=CARTESIAN_POINT('Ctrl Pts',(460.06877444111,-59.749502087193,84.8318737709513));
#3535=CARTESIAN_POINT('Ctrl Pts',(459.403192954441,-59.7591399384706,84.755067856021));
#3536=CARTESIAN_POINT('Ctrl Pts',(458.702111803497,-59.6159061672847,84.8311779483693));
#3537=CARTESIAN_POINT('Ctrl Pts',(457.620719988983,-59.1440371712218,85.1983006447194));
#3538=CARTESIAN_POINT('Ctrl Pts',(456.798665293165,-58.5882135571134,85.6713943054965));
#3539=CARTESIAN_POINT('Ctrl Pts',(455.721621940466,-57.3318496152942,86.7933968417367));
#3540=CARTESIAN_POINT('Ctrl Pts',(455.203833845021,-55.7584001140936,88.1936877164563));
#3541=CARTESIAN_POINT('Ctrl Pts',(455.25777471032,-54.3193042748054,89.4305566596067));
#3542=CARTESIAN_POINT('Ctrl Pts',(455.640630752555,-52.8357107634249,90.6852414844896));
#3543=CARTESIAN_POINT('Ctrl Pts',(456.390095664086,-51.8100594867376,91.5392737802263));
#3544=CARTESIAN_POINT('Ctrl Pts',(457.396066211015,-50.9942709714929,92.2525137851729));
#3545=CARTESIAN_POINT('Ctrl Pts',(458.367992151092,-50.4277256355873,92.7704991104499));
#3546=CARTESIAN_POINT('Ctrl Pts',(459.519720648119,-50.2413488339252,93.041970435334));
#3547=CARTESIAN_POINT('Ctrl Pts',(460.641425218418,-50.2583199244979,93.1708995279687));
#3548=CARTESIAN_POINT('Ctrl Pts',(461.548627361933,-50.4350365244707,93.1638998260113));
#3549=CARTESIAN_POINT('Ctrl Pts',(462.606648720354,-50.9989472493105,92.8922509769337));
#3550=CARTESIAN_POINT('Ctrl Pts',(463.471292771874,-51.6778373005844,92.5003094238113));
#3551=CARTESIAN_POINT('Ctrl Pts',(464.300914363496,-52.7744835425122,91.7625351558842));
#3552=CARTESIAN_POINT('Ctrl Pts',(464.694273220799,-54.033430508975,90.7720166848743));
#3553=CARTESIAN_POINT('Ctrl Pts',(464.765825447195,-54.9577140583532,89.9782484906295));
#3554=CARTESIAN_POINT('Ctrl Pts',(464.720344487648,-55.6791580172572,89.3276875315061));
#3555=CARTESIAN_POINT('Ctrl Pts',(464.58625810759,-56.2763068631532,88.760135054671));
#3556=CARTESIAN_POINT('Ctrl Pts',(464.44441961929,-56.683479301761,88.3592421268751));
#3557=CARTESIAN_POINT('Ctrl Pts',(464.349023132284,-56.9120268518733,88.1301291361087));
#3558=CARTESIAN_POINT('Ctrl Pts',(464.19374352335,-57.2486293248373,87.7889803664812));
#3559=CARTESIAN_POINT('Ctrl Pts',(463.903235745015,-57.7388566808231,87.2768066739914));
#3560=CARTESIAN_POINT('Ctrl Pts',(463.277370738446,-58.502194486931,86.4450060330487));
#3561=CARTESIAN_POINT('Ctrl Pts',(462.597850744947,-59.0244222853428,85.8365674287607));
#3562=CARTESIAN_POINT('Ctrl Pts',(461.459026714491,-59.5647668139683,85.1621050481078));
#3563=CARTESIAN_POINT('Ctrl Pts',(460.779125189363,-59.7392159614463,84.9138459114537));
#3564=CARTESIAN_POINT('Ctrl Pts',(460.06877444111,-59.749502087193,84.8318737709513));
#3565=CARTESIAN_POINT('',(460.052502564643,-60.1375541945725,84.9728967003355));
#3566=CARTESIAN_POINT('',(460.06877444111,-59.749502087193,84.8318737709513));
#3567=CARTESIAN_POINT('',(460.052502564643,-60.1375541945725,84.9728967003356));
#3568=CARTESIAN_POINT('',(455.247021509257,-55.0036644181843,88.8410880322559));
#3569=CARTESIAN_POINT('Ctrl Pts',(460.06877444111,-59.749502087193,84.8318737709513));
#3570=CARTESIAN_POINT('Ctrl Pts',(459.403192954441,-59.7591399384706,84.755067856021));
#3571=CARTESIAN_POINT('Ctrl Pts',(458.702111803497,-59.6159061672847,84.8311779483693));
#3572=CARTESIAN_POINT('Ctrl Pts',(457.620719988983,-59.1440371712218,85.1983006447194));
#3573=CARTESIAN_POINT('Ctrl Pts',(456.798665293165,-58.5882135571134,85.6713943054965));
#3574=CARTESIAN_POINT('Ctrl Pts',(455.721621940466,-57.3318496152942,86.7933968417367));
#3575=CARTESIAN_POINT('Ctrl Pts',(455.285713926416,-56.0072165205784,87.9722536359756));
#3576=CARTESIAN_POINT('Ctrl Pts',(455.246292252163,-55.1386988055301,88.7247076953704));
#3577=CARTESIAN_POINT('Ctrl Pts',(455.24628280032,-55.0045732470841,88.8404462025904));
#3578=CARTESIAN_POINT('Ctrl Pts',(455.24628280032,-55.0045732470841,88.8404462025904));
#3579=CARTESIAN_POINT('Ctrl Pts',(455.246266530246,-54.7736941728089,89.0396744459955));
#3580=CARTESIAN_POINT('Ctrl Pts',(455.292946031356,-54.1830129853379,89.5458191026862));
#3581=CARTESIAN_POINT('Ctrl Pts',(455.640630752555,-52.8357107634249,90.6852414844896));
#3582=CARTESIAN_POINT('Ctrl Pts',(456.390095664086,-51.8100594867376,91.5392737802263));
#3583=CARTESIAN_POINT('Ctrl Pts',(457.396066211015,-50.9942709714929,92.2525137851729));
#3584=CARTESIAN_POINT('Ctrl Pts',(458.367992151092,-50.4277256355873,92.7704991104499));
#3585=CARTESIAN_POINT('Ctrl Pts',(459.519720648119,-50.2413488339252,93.041970435334));
#3586=CARTESIAN_POINT('Ctrl Pts',(460.641425218418,-50.2583199244979,93.1708995279687));
#3587=CARTESIAN_POINT('Ctrl Pts',(461.548627361933,-50.4350365244707,93.1638998260113));
#3588=CARTESIAN_POINT('Ctrl Pts',(462.606648720354,-50.9989472493105,92.8922509769337));
#3589=CARTESIAN_POINT('Ctrl Pts',(463.471292771874,-51.6778373005844,92.5003094238113));
#3590=CARTESIAN_POINT('Ctrl Pts',(464.300914363496,-52.7744835425122,91.7625351558842));
#3591=CARTESIAN_POINT('Ctrl Pts',(464.694273220799,-54.033430508975,90.7720166848743));
#3592=CARTESIAN_POINT('Ctrl Pts',(464.765825447195,-54.9577140583532,89.9782484906295));
#3593=CARTESIAN_POINT('Ctrl Pts',(464.720344487648,-55.6791580172572,89.3276875315061));
#3594=CARTESIAN_POINT('Ctrl Pts',(464.58625810759,-56.2763068631532,88.760135054671));
#3595=CARTESIAN_POINT('Ctrl Pts',(464.44441961929,-56.683479301761,88.3592421268751));
#3596=CARTESIAN_POINT('Ctrl Pts',(464.349023132284,-56.9120268518733,88.1301291361087));
#3597=CARTESIAN_POINT('Ctrl Pts',(464.19374352335,-57.2486293248373,87.7889803664812));
#3598=CARTESIAN_POINT('Ctrl Pts',(463.903235745015,-57.7388566808231,87.2768066739914));
#3599=CARTESIAN_POINT('Ctrl Pts',(463.277370738446,-58.502194486931,86.4450060330487));
#3600=CARTESIAN_POINT('Ctrl Pts',(462.597850744947,-59.0244222853428,85.8365674287607));
#3601=CARTESIAN_POINT('Ctrl Pts',(461.459026714491,-59.5647668139683,85.1621050481078));
#3602=CARTESIAN_POINT('Ctrl Pts',(460.779125189363,-59.7392159614463,84.9138459114537));
#3603=CARTESIAN_POINT('Ctrl Pts',(460.06877444111,-59.749502087193,84.8318737709513));
#3604=CARTESIAN_POINT('Ctrl Pts',(460.052502564643,-60.1375541945725,84.9728967003355));
#3605=CARTESIAN_POINT('Ctrl Pts',(460.791549901492,-60.1375541945725,85.058171393049));
#3606=CARTESIAN_POINT('Ctrl Pts',(461.502593888994,-59.9910735678478,85.3184344116948));
#3607=CARTESIAN_POINT('Ctrl Pts',(462.71983263989,-59.5069282064004,86.0270033575021));
#3608=CARTESIAN_POINT('Ctrl Pts',(463.466238685678,-59.0231782714203,86.6671683880715));
#3609=CARTESIAN_POINT('Ctrl Pts',(464.185844967206,-58.2848512422988,87.5465464769762));
#3610=CARTESIAN_POINT('Ctrl Pts',(464.534542007931,-57.7992105037502,88.0902944255705));
#3611=CARTESIAN_POINT('Ctrl Pts',(464.728741817794,-57.4600298326568,88.4538525555467));
#3612=CARTESIAN_POINT('Ctrl Pts',(464.850261281388,-57.2283795826589,88.698376301104));
#3613=CARTESIAN_POINT('Ctrl Pts',(465.037731524178,-56.8116734842372,89.1273365508693));
#3614=CARTESIAN_POINT('Ctrl Pts',(465.23575888811,-56.189258510374,89.7379454502957));
#3615=CARTESIAN_POINT('Ctrl Pts',(465.351095881055,-55.4165168456793,90.4447483615544));
#3616=CARTESIAN_POINT('Ctrl Pts',(465.356334101167,-54.4012872374319,91.3160840442519));
#3617=CARTESIAN_POINT('Ctrl Pts',(465.029774062928,-52.9556127033803,92.4271989930579));
#3618=CARTESIAN_POINT('Ctrl Pts',(464.14048758688,-51.5954970762954,93.2915651971982));
#3619=CARTESIAN_POINT('Ctrl Pts',(463.1221938702,-50.7147630565538,93.762698924894));
#3620=CARTESIAN_POINT('Ctrl Pts',(461.825951232812,-49.9681375834422,94.0931256634501));
#3621=CARTESIAN_POINT('Ctrl Pts',(460.676879179243,-49.7401418949032,94.0987722323053));
#3622=CARTESIAN_POINT('Ctrl Pts',(459.279009527032,-49.7391876846471,93.9380812528522));
#3623=CARTESIAN_POINT('Ctrl Pts',(457.867801528458,-50.0189504152158,93.6051730619388));
#3624=CARTESIAN_POINT('Ctrl Pts',(456.760651644607,-50.7588248435343,93.0009284533607));
#3625=CARTESIAN_POINT('Ctrl Pts',(455.654642651036,-51.7790406548572,92.1852584354427));
#3626=CARTESIAN_POINT('Ctrl Pts',(454.902764546535,-53.0033152049213,91.2305359204433));
#3627=CARTESIAN_POINT('Ctrl Pts',(454.617043465153,-54.655534160571,89.8651322419311));
#3628=CARTESIAN_POINT('Ctrl Pts',(454.688778261125,-56.2062639715365,88.5335929670168));
#3629=CARTESIAN_POINT('Ctrl Pts',(455.376228419461,-57.8135948172951,87.0462494715765));
#3630=CARTESIAN_POINT('Ctrl Pts',(456.597562389591,-59.0344216561559,85.861416205147));
#3631=CARTESIAN_POINT('Ctrl Pts',(457.486177304469,-59.5594194367651,85.3620594121352));
#3632=CARTESIAN_POINT('Ctrl Pts',(458.631563235649,-60.0018925275181,84.9740894193893));
#3633=CARTESIAN_POINT('Ctrl Pts',(459.360033067864,-60.1375541945725,84.8929963737842));
#3634=CARTESIAN_POINT('Ctrl Pts',(460.052502564643,-60.1375541945725,84.9728967003356));
#3635=CARTESIAN_POINT('Origin',(440.378823859441,-27.5000000000001,55.3001932181777));
#3636=CARTESIAN_POINT('',(464.530872501519,-65.7186085968896,76.8003050170676));
#3637=CARTESIAN_POINT('',(440.084652598075,-46.01547183055,93.7748312745497));
#3638=CARTESIAN_POINT('Ctrl Pts',(440.084652598075,-46.01547183055,93.7748312745497));
#3639=CARTESIAN_POINT('Ctrl Pts',(444.137247567599,-49.186678848612,92.697377000825));
#3640=CARTESIAN_POINT('Ctrl Pts',(447.712566642317,-52.4662522790903,91.0232522536434));
#3641=CARTESIAN_POINT('Ctrl Pts',(455.93134171749,-59.8505841565538,85.4195919990231));
#3642=CARTESIAN_POINT('Ctrl Pts',(459.929509717569,-63.2844419104292,81.3069106153775));
#3643=CARTESIAN_POINT('Ctrl Pts',(464.530872501519,-65.7186085968897,76.8003050170676));
#3644=CARTESIAN_POINT('',(482.386959842107,-69.8824916871112,63.326467115607));
#3645=CARTESIAN_POINT('Origin',(533.475171859744,-27.5000000000001,66.042079525905));
#3646=CARTESIAN_POINT('',(477.877444216469,-27.5000000000001,102.408935871131));
#3647=CARTESIAN_POINT('Origin',(482.748968805837,-27.5000000000001,60.1890560966079));
#3648=CARTESIAN_POINT('',(444.224066657086,-27.5000000000001,98.5258538450485));
#3649=CARTESIAN_POINT('',(435.507299270073,-27.5000000000001,97.5200729927008));
#3650=CARTESIAN_POINT('',(431.260998240595,-39.9999999999451,95.137835065224));
#3651=CARTESIAN_POINT('Ctrl Pts',(444.224066657086,-27.5000000000002,98.5258538450485));
#3652=CARTESIAN_POINT('Ctrl Pts',(441.425507328934,-30.1527454156105,98.2029431533386));
#3653=CARTESIAN_POINT('Ctrl Pts',(438.535334067691,-32.9195689332748,97.6164482387859));
#3654=CARTESIAN_POINT('Ctrl Pts',(434.185330303804,-37.136588385409,96.2790693544306));
#3655=CARTESIAN_POINT('Ctrl Pts',(432.714397044113,-38.5717080652253,95.7479775543725));
#3656=CARTESIAN_POINT('Ctrl Pts',(431.260998240595,-39.99999999989,95.137835065224));
#3657=CARTESIAN_POINT('',(433.334392933264,-40.0000000000002,95.3770729143439));
#3658=CARTESIAN_POINT('',(435.722770582599,-40.0000000000002,95.6526549508057));
#3659=CARTESIAN_POINT('Ctrl Pts',(433.334392933264,-40.0000000000002,95.3770729143439));
#3660=CARTESIAN_POINT('Ctrl Pts',(434.348495708626,-41.0409076624656,95.1716423439499));
#3661=CARTESIAN_POINT('Ctrl Pts',(435.401307411754,-42.043208674003,94.9385493245203));
#3662=CARTESIAN_POINT('Ctrl Pts',(436.479522847257,-43.005820421405,94.6832532069755));
#3663=CARTESIAN_POINT('Ctrl Pts',(437.557922142129,-43.9685963152131,94.4279135558458));
#3664=CARTESIAN_POINT('Ctrl Pts',(438.666680862511,-44.8960918288553,94.1491927193549));
#3665=CARTESIAN_POINT('Ctrl Pts',(439.795066120982,-45.7877559317732,93.8515245400296));
#3666=CARTESIAN_POINT('Ctrl Pts',(439.891453947903,-45.8639227946235,93.8260974186333));
#3667=CARTESIAN_POINT('Ctrl Pts',(439.987985000534,-45.939828208119,93.8005320704309));
#3668=CARTESIAN_POINT('Ctrl Pts',(440.084652598075,-46.0154718305501,93.7748312745497));
#3669=CARTESIAN_POINT('Origin',(460.,-55.0000000000001,80.));
#3670=CARTESIAN_POINT('',(455.25,-55.0000000000001,80.));
#3671=CARTESIAN_POINT('Origin',(460.,-55.0000000000001,80.));
#3672=CARTESIAN_POINT('',(455.25,-55.0000000000001,80.));
#3673=CARTESIAN_POINT('Ctrl Pts',(432.563506291308,-50.8567209682964,99.3758534683945));
#3674=CARTESIAN_POINT('Ctrl Pts',(432.937421395652,-50.5438726842088,99.1197224472794));
#3675=CARTESIAN_POINT('Ctrl Pts',(433.344203217347,-50.2930332318,98.8451760840822));
#3676=CARTESIAN_POINT('Ctrl Pts',(434.667154654705,-49.7046917597806,97.9832955430394));
#3677=CARTESIAN_POINT('Ctrl Pts',(436.650941242262,-49.4191506135943,96.7709730582119));
#3678=CARTESIAN_POINT('Ctrl Pts',(439.656674985336,-50.7575818211957,95.3110368947512));
#3679=CARTESIAN_POINT('Ctrl Pts',(441.476306180561,-53.8568412388898,94.4948281991317));
#3680=CARTESIAN_POINT('Ctrl Pts',(441.1513397327,-56.3192976524223,94.3804815063458));
#3681=CARTESIAN_POINT('Ctrl Pts',(440.465001504649,-57.677840100222,94.4901590000423));
#3682=CARTESIAN_POINT('Ctrl Pts',(440.278589194736,-57.9723636060747,94.528832386252));
#3683=CARTESIAN_POINT('Ctrl Pts',(439.164941861974,-59.4057656617098,94.8005158585635));
#3684=CARTESIAN_POINT('Ctrl Pts',(437.835576451676,-60.0985783547275,95.2941125705299));
#3685=CARTESIAN_POINT('Ctrl Pts',(436.228375545868,-60.3189260821037,96.1415138629803));
#3686=CARTESIAN_POINT('Ctrl Pts',(435.894272066572,-60.3335770572086,96.3285968185185));
#3687=CARTESIAN_POINT('Ctrl Pts',(435.183484585298,-60.2976442718524,96.7525608637965));
#3688=CARTESIAN_POINT('Ctrl Pts',(434.809304742468,-60.2367956032655,96.9916450052548));
#3689=CARTESIAN_POINT('Ctrl Pts',(433.598197215544,-59.9027401560208,97.8127113232221));
#3690=CARTESIAN_POINT('Ctrl Pts',(432.826463539186,-59.4612019041766,98.4183899068643));
#3691=CARTESIAN_POINT('Ctrl Pts',(432.184458530194,-58.8160467940071,98.9756792921565));
#3692=CARTESIAN_POINT('Ctrl Pts',(432.602486333358,-51.0800815981592,99.1547352847517));
#3693=CARTESIAN_POINT('Ctrl Pts',(432.956030498129,-50.7740946089248,98.9112087212468));
#3694=CARTESIAN_POINT('Ctrl Pts',(433.344050045346,-50.5245510398943,98.6482568824947));
#3695=CARTESIAN_POINT('Ctrl Pts',(434.613718236211,-49.9295001196256,97.8182291108983));
#3696=CARTESIAN_POINT('Ctrl Pts',(436.541777398004,-49.6074717857508,96.638666580991));
#3697=CARTESIAN_POINT('Ctrl Pts',(439.497508513333,-50.8677003854639,95.2017564523983));
#3698=CARTESIAN_POINT('Ctrl Pts',(441.294220929877,-53.8756594870905,94.3930139767861));
#3699=CARTESIAN_POINT('Ctrl Pts',(440.982895556956,-56.2762887221186,94.2831852755695));
#3700=CARTESIAN_POINT('Ctrl Pts',(440.311715831866,-57.600895047899,94.394429282623));
#3701=CARTESIAN_POINT('Ctrl Pts',(440.128887568742,-57.887509815432,94.4332201612936));
#3702=CARTESIAN_POINT('Ctrl Pts',(439.036343968008,-59.2824501861933,94.7048100325165));
#3703=CARTESIAN_POINT('Ctrl Pts',(437.725607394294,-59.9464588008839,95.1933993861837));
#3704=CARTESIAN_POINT('Ctrl Pts',(436.149439754271,-60.1326213552038,96.0246197009995));
#3705=CARTESIAN_POINT('Ctrl Pts',(435.822396504502,-60.1406267561608,96.2078941754061));
#3706=CARTESIAN_POINT('Ctrl Pts',(435.128077164691,-60.0910758240225,96.6223544307351));
#3707=CARTESIAN_POINT('Ctrl Pts',(434.763646305151,-60.0235574401901,96.855633984535));
#3708=CARTESIAN_POINT('Ctrl Pts',(433.588328458451,-59.6714032571981,97.6545698753196));
#3709=CARTESIAN_POINT('Ctrl Pts',(432.847258762654,-59.2231054770435,98.2404930374701));
#3710=CARTESIAN_POINT('Ctrl Pts',(432.240634280596,-58.5893243989167,98.7730436164008));
#3711=CARTESIAN_POINT('Ctrl Pts',(432.641466375409,-51.3034422280219,98.9336171011089));
#3712=CARTESIAN_POINT('Ctrl Pts',(432.974925722549,-51.004488822599,98.7026489745898));
#3713=CARTESIAN_POINT('Ctrl Pts',(433.343659040495,-50.7559220879943,98.4512901046351));
#3714=CARTESIAN_POINT('Ctrl Pts',(434.560928428915,-50.1549580175776,97.6532295106092));
#3715=CARTESIAN_POINT('Ctrl Pts',(436.432402251485,-49.7960154250812,96.5062071740941));
#3716=CARTESIAN_POINT('Ctrl Pts',(439.338797829522,-50.9782520749584,95.0925521879446));
#3717=CARTESIAN_POINT('Ctrl Pts',(441.1120536194,-53.8938120136379,94.2911579339792));
#3718=CARTESIAN_POINT('Ctrl Pts',(440.815043646178,-56.2340659819315,94.1861343465732));
#3719=CARTESIAN_POINT('Ctrl Pts',(440.158408801514,-57.5232696630589,94.2986465536552));
#3720=CARTESIAN_POINT('Ctrl Pts',(439.979499742724,-57.8025788609889,94.3376928164398));
#3721=CARTESIAN_POINT('Ctrl Pts',(438.907210540562,-59.1582554740152,94.6088723784051));
#3722=CARTESIAN_POINT('Ctrl Pts',(437.615501387273,-59.7934329486076,95.0924776298476));
#3723=CARTESIAN_POINT('Ctrl Pts',(436.070626209242,-59.9463458183862,95.9077695153854));
#3724=CARTESIAN_POINT('Ctrl Pts',(435.750535560533,-59.9474600582819,96.0871442111728));
#3725=CARTESIAN_POINT('Ctrl Pts',(435.072767755685,-59.8843746484632,96.4921646168789));
#3726=CARTESIAN_POINT('Ctrl Pts',(434.718038290971,-59.8102357005866,96.7195817498023));
#3727=CARTESIAN_POINT('Ctrl Pts',(433.578521740588,-59.4397518982336,97.4964800560719));
#3728=CARTESIAN_POINT('Ctrl Pts',(432.868553474254,-58.9842044075241,98.0623846779709));
#3729=CARTESIAN_POINT('Ctrl Pts',(432.296810030998,-58.3626020038262,98.5704079406451));
#3730=CARTESIAN_POINT('Ctrl Pts',(432.68044641746,-51.5268028578846,98.7124989174661));
#3731=CARTESIAN_POINT('Ctrl Pts',(432.993534825025,-51.2347107473149,98.4941352485572));
#3732=CARTESIAN_POINT('Ctrl Pts',(433.343505868494,-50.9874398960886,98.2543709030476));
#3733=CARTESIAN_POINT('Ctrl Pts',(434.507492010421,-50.3797663774226,97.488163078468));
#3734=CARTESIAN_POINT('Ctrl Pts',(436.323238407228,-49.9843365972378,96.3739006968733));
#3735=CARTESIAN_POINT('Ctrl Pts',(439.179631357519,-51.0883706392267,94.9832717455917));
#3736=CARTESIAN_POINT('Ctrl Pts',(440.929968368715,-53.9126302618386,94.1893437116336));
#3737=CARTESIAN_POINT('Ctrl Pts',(440.646599470434,-56.1910570516278,94.0888381157969));
#3738=CARTESIAN_POINT('Ctrl Pts',(440.00512312873,-57.4463246107359,94.2029168362359));
#3739=CARTESIAN_POINT('Ctrl Pts',(439.829798116731,-57.7177250703463,94.2420805914814));
#3740=CARTESIAN_POINT('Ctrl Pts',(438.778612646595,-59.0349399984987,94.5131665523581));
#3741=CARTESIAN_POINT('Ctrl Pts',(437.505532329891,-59.6413133947641,94.9917644455014));
#3742=CARTESIAN_POINT('Ctrl Pts',(435.991690417646,-59.7600410914863,95.7908753534046));
#3743=CARTESIAN_POINT('Ctrl Pts',(435.678659998464,-59.7545097572341,95.9664415680604));
#3744=CARTESIAN_POINT('Ctrl Pts',(435.017360335078,-59.6778062006334,96.3619581838174));
#3745=CARTESIAN_POINT('Ctrl Pts',(434.672379853654,-59.5969975375112,96.5835707290825));
#3746=CARTESIAN_POINT('Ctrl Pts',(433.568652983495,-59.2084149994109,97.3383386081694));
#3747=CARTESIAN_POINT('Ctrl Pts',(432.889348697721,-58.7461079803911,97.8844878085766));
#3748=CARTESIAN_POINT('Ctrl Pts',(432.352985781401,-58.1358796087357,98.3677722648894));
#3749=CARTESIAN_POINT('',(432.31458895491,-58.2908471953573,98.5062762782298));
#3750=CARTESIAN_POINT('',(432.498876742195,-59.1065864452443,98.7077226472197));
#3751=CARTESIAN_POINT('Ctrl Pts',(432.31458895491,-58.2908471953573,98.5062762782298));
#3752=CARTESIAN_POINT('Ctrl Pts',(432.347316715678,-58.4628020657068,98.5488360064874));
#3753=CARTESIAN_POINT('Ctrl Pts',(432.383825768081,-58.6347516330841,98.5915566291216));
#3754=CARTESIAN_POINT('Ctrl Pts',(432.424001387616,-58.805743660976,98.6338036889453));
#3755=CARTESIAN_POINT('Ctrl Pts',(432.447654668804,-58.9064147287366,98.658676524683));
#3756=CARTESIAN_POINT('Ctrl Pts',(432.472578396703,-59.0067549373199,98.6833851656332));
#3757=CARTESIAN_POINT('Ctrl Pts',(432.498744579307,-59.1065767921099,98.7078009861842));
#3758=CARTESIAN_POINT('',(432.903997740322,-50.5951258376805,99.1438226653122));
#3759=CARTESIAN_POINT('Ctrl Pts',(432.498743682948,-59.1066454852918,98.7076237540963));
#3760=CARTESIAN_POINT('Ctrl Pts',(432.596731854761,-59.1899389976704,98.6255090508716));
#3761=CARTESIAN_POINT('Ctrl Pts',(432.69720019559,-59.2689684614031,98.5426630466525));
#3762=CARTESIAN_POINT('Ctrl Pts',(432.79984829712,-59.3436965567004,98.4594652657267));
#3763=CARTESIAN_POINT('Ctrl Pts',(432.851260089099,-59.3811244801898,98.4177952597324));
#3764=CARTESIAN_POINT('Ctrl Pts',(432.903244249054,-59.4174923196637,98.3760157165836));
#3765=CARTESIAN_POINT('Ctrl Pts',(432.955765793816,-59.4527947891118,98.3341698137531));
#3766=CARTESIAN_POINT('Ctrl Pts',(433.08049114659,-59.5366292036485,98.234796403921));
#3767=CARTESIAN_POINT('Ctrl Pts',(433.208626516443,-59.6147691141245,98.1347877354944));
#3768=CARTESIAN_POINT('Ctrl Pts',(433.339881412515,-59.6870386484395,98.0345313619645));
#3769=CARTESIAN_POINT('Ctrl Pts',(433.472032570531,-59.7598016685997,97.9335903970406));
#3770=CARTESIAN_POINT('Ctrl Pts',(433.607345667187,-59.826613374454,97.8323988134475));
#3771=CARTESIAN_POINT('Ctrl Pts',(433.745486425075,-59.8873274418323,97.7313695673058));
#3772=CARTESIAN_POINT('Ctrl Pts',(433.884885317345,-59.9485944702397,97.6294201845578));
#3773=CARTESIAN_POINT('Ctrl Pts',(434.027163242793,-60.0036518954324,97.5276366161159));
#3774=CARTESIAN_POINT('Ctrl Pts',(434.171943672543,-60.0523897617051,97.4264533966993));
#3775=CARTESIAN_POINT('Ctrl Pts',(434.26367458918,-60.083269412745,97.3623450812223));
#3776=CARTESIAN_POINT('Ctrl Pts',(434.356409444934,-60.1116130331775,97.2984779440633));
#3777=CARTESIAN_POINT('Ctrl Pts',(434.450046775911,-60.1374018259694,97.2349631769295));
#3778=CARTESIAN_POINT('Ctrl Pts',(434.450201303555,-60.1374443846514,97.2348583598952));
#3779=CARTESIAN_POINT('Ctrl Pts',(434.450355833789,-60.1374869360987,97.2347535437164));
#3780=CARTESIAN_POINT('Ctrl Pts',(434.450510366613,-60.1375294803109,97.2346487283934));
#3781=CARTESIAN_POINT('Ctrl Pts',(434.646499336735,-60.1914869253366,97.1017148525169));
#3782=CARTESIAN_POINT('Ctrl Pts',(434.847013493193,-60.2341792540234,96.9701346896143));
#3783=CARTESIAN_POINT('Ctrl Pts',(435.051196414154,-60.2649703907203,96.8407698206179));
#3784=CARTESIAN_POINT('Ctrl Pts',(435.220947162001,-60.2905690963162,96.7332202608702));
#3785=CARTESIAN_POINT('Ctrl Pts',(435.393232693868,-60.3079423717134,96.6272024034806));
#3786=CARTESIAN_POINT('Ctrl Pts',(435.567543012548,-60.3167443838928,96.523218163593));
#3787=CARTESIAN_POINT('Ctrl Pts',(435.567770765568,-60.3167558845594,96.5230822982878));
#3788=CARTESIAN_POINT('Ctrl Pts',(435.567998522169,-60.316767370005,96.5229464367234));
#3789=CARTESIAN_POINT('Ctrl Pts',(435.568226282352,-60.3167788402295,96.5228105789003));
#3790=CARTESIAN_POINT('Ctrl Pts',(435.754537671314,-60.3261616631519,96.4116767561542));
#3791=CARTESIAN_POINT('Ctrl Pts',(435.943286193048,-60.3255126292193,96.3031477239791));
#3792=CARTESIAN_POINT('Ctrl Pts',(436.133580681979,-60.3145846536262,96.1974042277015));
#3793=CARTESIAN_POINT('Ctrl Pts',(436.276620816499,-60.306370337449,96.1179191936516));
#3794=CARTESIAN_POINT('Ctrl Pts',(436.420533583597,-60.2923482572935,96.0400088365676));
#3795=CARTESIAN_POINT('Ctrl Pts',(436.564925923385,-60.2724178830983,95.9637617958588));
#3796=CARTESIAN_POINT('Ctrl Pts',(436.56525100332,-60.272373012541,95.9635901359003));
#3797=CARTESIAN_POINT('Ctrl Pts',(436.565576087103,-60.272328107452,95.9634184870186));
#3798=CARTESIAN_POINT('Ctrl Pts',(436.565901174725,-60.2722831678313,95.9632468492146));
#3799=CARTESIAN_POINT('Ctrl Pts',(436.701027578345,-60.2536034983836,95.8919036248378));
#3800=CARTESIAN_POINT('Ctrl Pts',(436.836638137444,-60.2292203584682,95.8227613248057));
#3801=CARTESIAN_POINT('Ctrl Pts',(436.972287949077,-60.1991209379207,95.7557855749389));
#3802=CARTESIAN_POINT('Ctrl Pts',(437.106587362555,-60.1693211580545,95.6894765707755));
#3803=CARTESIAN_POINT('Ctrl Pts',(437.240926064826,-60.1339181353916,95.6252911958707));
#3804=CARTESIAN_POINT('Ctrl Pts',(437.374864070678,-60.0928571264077,95.5632221656274));
#3805=CARTESIAN_POINT('Ctrl Pts',(437.483400494937,-60.0595834109811,95.5129246376263));
#3806=CARTESIAN_POINT('Ctrl Pts',(437.591673831141,-60.0225934808285,95.4640173075617));
#3807=CARTESIAN_POINT('Ctrl Pts',(437.699440349892,-59.9818388144462,95.4165091609315));
#3808=CARTESIAN_POINT('Ctrl Pts',(437.824748823279,-59.9344502090896,95.3612677613146));
#3809=CARTESIAN_POINT('Ctrl Pts',(437.948961311178,-59.8822024743636,95.3081557606425));
#3810=CARTESIAN_POINT('Ctrl Pts',(438.071762399523,-59.8251245944121,95.2571869990402));
#3811=CARTESIAN_POINT('Ctrl Pts',(438.193134334616,-59.7687109841253,95.2068114094725));
#3812=CARTESIAN_POINT('Ctrl Pts',(438.313128248974,-59.7075788189396,95.1585293573067));
#3813=CARTESIAN_POINT('Ctrl Pts',(438.431431661365,-59.6417100522176,95.1123729711317));
#3814=CARTESIAN_POINT('Ctrl Pts',(438.547940600703,-59.576840409059,95.0669167033183));
#3815=CARTESIAN_POINT('Ctrl Pts',(438.662810575401,-59.5073765915916,95.0235220150782));
#3816=CARTESIAN_POINT('Ctrl Pts',(438.775725354151,-59.4332591268266,94.982239325955));
#3817=CARTESIAN_POINT('Ctrl Pts',(438.885314298272,-59.361324745921,94.9421725927819));
#3818=CARTESIAN_POINT('Ctrl Pts',(438.993062020177,-59.2850065879459,94.9040952430221));
#3819=CARTESIAN_POINT('Ctrl Pts',(439.098654420228,-59.2042133187901,94.8680729100686));
#3820=CARTESIAN_POINT('Ctrl Pts',(439.153905436015,-59.1619383995019,94.8492242951519));
#3821=CARTESIAN_POINT('Ctrl Pts',(439.208565886179,-59.1184376472644,94.8309386508091));
#3822=CARTESIAN_POINT('Ctrl Pts',(439.262587237903,-59.0736940604764,94.8132276630365));
#3823=CARTESIAN_POINT('Ctrl Pts',(439.412640337972,-58.949411463106,94.7640325108282));
#3824=CARTESIAN_POINT('Ctrl Pts',(439.556694219236,-58.8163550112259,94.7195814658125));
#3825=CARTESIAN_POINT('Ctrl Pts',(439.693617849908,-58.6748352992348,94.6800944516144));
#3826=CARTESIAN_POINT('Ctrl Pts',(439.824289132991,-58.5397778058238,94.6424105340537));
#3827=CARTESIAN_POINT('Ctrl Pts',(439.948466766922,-58.3970122671378,94.6092474855946));
#3828=CARTESIAN_POINT('Ctrl Pts',(440.065209026543,-58.2467955554666,94.58078753281));
#3829=CARTESIAN_POINT('Ctrl Pts',(440.065609826863,-58.2462798304306,94.5806898239066));
#3830=CARTESIAN_POINT('Ctrl Pts',(440.066010529741,-58.2457640391956,94.580592163319));
#3831=CARTESIAN_POINT('Ctrl Pts',(440.066411135171,-58.2452481817847,94.5804945510471));
#3832=CARTESIAN_POINT('Ctrl Pts',(440.162350648486,-58.1217073974973,94.5571177489164));
#3833=CARTESIAN_POINT('Ctrl Pts',(440.253026426452,-57.9938921544182,94.5364084940422));
#3834=CARTESIAN_POINT('Ctrl Pts',(440.338098725967,-57.8621191549005,94.518401915095));
#3835=CARTESIAN_POINT('Ctrl Pts',(440.423347246516,-57.730073197271,94.5003580368391));
#3836=CARTESIAN_POINT('Ctrl Pts',(440.50296878819,-57.5940533366061,94.4850281056557));
#3837=CARTESIAN_POINT('Ctrl Pts',(440.576653780156,-57.4544151105184,94.4724289047713));
#3838=CARTESIAN_POINT('Ctrl Pts',(440.592120928989,-57.4251037790238,94.4697842181119));
#3839=CARTESIAN_POINT('Ctrl Pts',(440.607326623379,-57.3956331360986,94.4672597853959));
#3840=CARTESIAN_POINT('Ctrl Pts',(440.622268195859,-57.3660066563326,94.4648556540448));
#3841=CARTESIAN_POINT('Ctrl Pts',(440.622562177433,-57.365423743177,94.4648083517732));
#3842=CARTESIAN_POINT('Ctrl Pts',(440.622856044298,-57.3648407726925,94.464761092782));
#3843=CARTESIAN_POINT('Ctrl Pts',(440.623149796444,-57.3642577449363,94.4647138770647));
#3844=CARTESIAN_POINT('Ctrl Pts',(440.688574218907,-57.234405913241,94.4541980014176));
#3845=CARTESIAN_POINT('Ctrl Pts',(440.748296728894,-57.1020043847287,94.445912412018));
#3846=CARTESIAN_POINT('Ctrl Pts',(440.802369964904,-56.9674760907498,94.4397532517843));
#3847=CARTESIAN_POINT('Ctrl Pts',(440.857887492715,-56.8293545568194,94.4334295808744));
#3848=CARTESIAN_POINT('Ctrl Pts',(440.907450126402,-56.6889904501646,94.4293474759237));
#3849=CARTESIAN_POINT('Ctrl Pts',(440.951067141398,-56.5468214423556,94.427412058669));
#3850=CARTESIAN_POINT('Ctrl Pts',(440.994997943145,-56.4036296513294,94.4254627177589));
#3851=CARTESIAN_POINT('Ctrl Pts',(441.032897327283,-56.2586061097069,94.4256911437228));
#3852=CARTESIAN_POINT('Ctrl Pts',(441.064725346055,-56.1121891810043,94.4280170401815));
#3853=CARTESIAN_POINT('Ctrl Pts',(441.096454148363,-55.966228673109,94.4303356861976));
#3854=CARTESIAN_POINT('Ctrl Pts',(441.122149360765,-55.8188826643461,94.4347388480274));
#3855=CARTESIAN_POINT('Ctrl Pts',(441.141722306413,-55.6705885211834,94.4411620468856));
#3856=CARTESIAN_POINT('Ctrl Pts',(441.145523752888,-55.6417869162574,94.4424095569486));
#3857=CARTESIAN_POINT('Ctrl Pts',(441.149094111622,-55.6129495766433,94.4437333082867));
#3858=CARTESIAN_POINT('Ctrl Pts',(441.152432517936,-55.5840797591847,94.445132889776));
#3859=CARTESIAN_POINT('Ctrl Pts',(441.169387512258,-55.4374566267511,94.4522410407834));
#3860=CARTESIAN_POINT('Ctrl Pts',(441.180289527706,-55.2905659797567,94.4612715377088));
#3861=CARTESIAN_POINT('Ctrl Pts',(441.185187039952,-55.1438339876489,94.4721637871295));
#3862=CARTESIAN_POINT('Ctrl Pts',(441.190101840014,-54.9965840436683,94.4830944852954));
#3863=CARTESIAN_POINT('Ctrl Pts',(441.18896979487,-54.8494931112115,94.4959001877044));
#3864=CARTESIAN_POINT('Ctrl Pts',(441.181791616443,-54.7029795583149,94.5105366070337));
#3865=CARTESIAN_POINT('Ctrl Pts',(441.174690031543,-54.5580293532616,94.5250168509503));
#3866=CARTESIAN_POINT('Ctrl Pts',(441.161670680147,-54.4136435176199,94.5412890666327));
#3867=CARTESIAN_POINT('Ctrl Pts',(441.14268613703,-54.2702264724609,94.5593253811468));
#3868=CARTESIAN_POINT('Ctrl Pts',(441.128743779972,-54.1649001741448,94.5725713536945));
#3869=CARTESIAN_POINT('Ctrl Pts',(441.111583107121,-54.0600963292153,94.5867691103713));
#3870=CARTESIAN_POINT('Ctrl Pts',(441.091168316889,-53.9559784458768,94.6019123323595));
#3871=CARTESIAN_POINT('Ctrl Pts',(441.068763454693,-53.8417109563839,94.6185317439719));
#3872=CARTESIAN_POINT('Ctrl Pts',(441.042439042428,-53.7282695257201,94.6362898136187));
#3873=CARTESIAN_POINT('Ctrl Pts',(441.012340254755,-53.6157853828537,94.655218746263));
#3874=CARTESIAN_POINT('Ctrl Pts',(440.977125881781,-53.4841834524458,94.6773648373749));
#3875=CARTESIAN_POINT('Ctrl Pts',(440.936865052957,-53.3546406758955,94.7009427654864));
#3876=CARTESIAN_POINT('Ctrl Pts',(440.891900741971,-53.2273171378154,94.7259564911971));
#3877=CARTESIAN_POINT('Ctrl Pts',(440.845258845419,-53.0952432516266,94.7519034607244));
#3878=CARTESIAN_POINT('Ctrl Pts',(440.793555759405,-52.9655567234309,94.7793952870871));
#3879=CARTESIAN_POINT('Ctrl Pts',(440.737120146454,-52.8384459557628,94.8084509449477));
#3880=CARTESIAN_POINT('Ctrl Pts',(440.680094841485,-52.7100070160196,94.8378102034716));
#3881=CARTESIAN_POINT('Ctrl Pts',(440.618237136001,-52.5841973596126,94.8687661239235));
#3882=CARTESIAN_POINT('Ctrl Pts',(440.551837159612,-52.4612298801875,94.9013535256443));
#3883=CARTESIAN_POINT('Ctrl Pts',(440.485125419767,-52.337685039618,94.9340939328559));
#3884=CARTESIAN_POINT('Ctrl Pts',(440.413828146506,-52.2170085265574,94.9684811641106));
#3885=CARTESIAN_POINT('Ctrl Pts',(440.33819779122,-52.0994437946954,95.0045660783917));
#3886=CARTESIAN_POINT('Ctrl Pts',(440.265609610721,-51.9866080167262,95.0391995038363));
#3887=CARTESIAN_POINT('Ctrl Pts',(440.189029258377,-51.8766384157521,95.0753968706118));
#3888=CARTESIAN_POINT('Ctrl Pts',(440.108650561328,-51.769781743299,95.1132167067384));
#3889=CARTESIAN_POINT('Ctrl Pts',(440.008432217068,-51.6365499396041,95.1603715064054));
#3890=CARTESIAN_POINT('Ctrl Pts',(439.90266761869,-51.5088418788008,95.2097541379252));
#3891=CARTESIAN_POINT('Ctrl Pts',(439.791984709431,-51.3871341893683,95.2614274685231));
#3892=CARTESIAN_POINT('Ctrl Pts',(439.685083018948,-51.2695843541485,95.3113355024802));
#3893=CARTESIAN_POINT('Ctrl Pts',(439.573592591047,-51.157631292653,95.3633804449255));
#3894=CARTESIAN_POINT('Ctrl Pts',(439.458038394437,-51.0517181990025,95.4176355361529));
#3895=CARTESIAN_POINT('Ctrl Pts',(439.334683720107,-50.9386554495927,95.4755531134063));
#3896=CARTESIAN_POINT('Ctrl Pts',(439.206697892197,-50.8324749678683,95.5359891036646));
#3897=CARTESIAN_POINT('Ctrl Pts',(439.074735582148,-50.7330493863665,95.5988836790873));
#3898=CARTESIAN_POINT('Ctrl Pts',(438.938365664214,-50.6303029401661,95.663878965133));
#3899=CARTESIAN_POINT('Ctrl Pts',(438.797748598039,-50.5347698470367,95.7314997829768));
#3900=CARTESIAN_POINT('Ctrl Pts',(438.65357129016,-50.4463449385055,95.8017033362977));
#3901=CARTESIAN_POINT('Ctrl Pts',(438.613088466138,-50.4215165514045,95.8214154403492));
#3902=CARTESIAN_POINT('Ctrl Pts',(438.572324773911,-50.3972487996445,95.8413313061532));
#3903=CARTESIAN_POINT('Ctrl Pts',(438.531295042008,-50.3735398887686,95.8614503069302));
#3904=CARTESIAN_POINT('Ctrl Pts',(438.410746084554,-50.3038810254066,95.9205616989903));
#3905=CARTESIAN_POINT('Ctrl Pts',(438.288383447362,-50.2394289554525,95.9810967207895));
#3906=CARTESIAN_POINT('Ctrl Pts',(438.164541692898,-50.1800729616236,96.0429741484858));
#3907=CARTESIAN_POINT('Ctrl Pts',(438.038608954447,-50.1197147821164,96.1058963345602));
#3908=CARTESIAN_POINT('Ctrl Pts',(437.91114607951,-50.064626138056,96.1702067975237));
#3909=CARTESIAN_POINT('Ctrl Pts',(437.782484681843,-50.0147398412555,96.2358329154149));
#3910=CARTESIAN_POINT('Ctrl Pts',(437.651877511517,-49.9640991037745,96.3024515105237));
#3911=CARTESIAN_POINT('Ctrl Pts',(437.520034564535,-49.9188191718031,96.3704260368302));
#3912=CARTESIAN_POINT('Ctrl Pts',(437.38729263426,-49.8788813100199,96.4396910046797));
#3913=CARTESIAN_POINT('Ctrl Pts',(437.314467863354,-49.8569706324457,96.4776910955703));
#3914=CARTESIAN_POINT('Ctrl Pts',(437.241372401918,-49.836668733541,96.5160797542917));
#3915=CARTESIAN_POINT('Ctrl Pts',(437.168061834846,-49.8179790956519,96.5548471647661));
#3916=CARTESIAN_POINT('Ctrl Pts',(436.997877911747,-49.7745927732657,96.6448422400532));
#3917=CARTESIAN_POINT('Ctrl Pts',(436.82676378823,-49.739972794381,96.736738261083));
#3918=CARTESIAN_POINT('Ctrl Pts',(436.655692027189,-49.7140675060043,96.8303902912799));
#3919=CARTESIAN_POINT('Ctrl Pts',(436.468381534616,-49.6857031968012,96.9329321006342));
#3920=CARTESIAN_POINT('Ctrl Pts',(436.281121867414,-49.6677861578673,97.0375790959085));
#3921=CARTESIAN_POINT('Ctrl Pts',(436.094435479863,-49.6600176395276,97.1439293808214));
#3922=CARTESIAN_POINT('Ctrl Pts',(435.882627998838,-49.6512037655091,97.264590486589));
#3923=CARTESIAN_POINT('Ctrl Pts',(435.67185928478,-49.6554123584758,97.3873342564663));
#3924=CARTESIAN_POINT('Ctrl Pts',(435.463098195925,-49.6722073438825,97.5113375988939));
#3925=CARTESIAN_POINT('Ctrl Pts',(435.319417435849,-49.6837665682664,97.5966834580755));
#3926=CARTESIAN_POINT('Ctrl Pts',(435.176687365401,-49.7012867809829,97.6826259564376));
#3927=CARTESIAN_POINT('Ctrl Pts',(435.035216889585,-49.7246134788616,97.7688989130261));
#3928=CARTESIAN_POINT('Ctrl Pts',(434.842780685187,-49.7563437828354,97.8862523057567));
#3929=CARTESIAN_POINT('Ctrl Pts',(434.652544372462,-49.7988346531033,98.0042979738883));
#3930=CARTESIAN_POINT('Ctrl Pts',(434.465205202209,-49.8519115595242,98.1222684694583));
#3931=CARTESIAN_POINT('Ctrl Pts',(434.286806298913,-49.9024555108134,98.2346091348012));
#3932=CARTESIAN_POINT('Ctrl Pts',(434.111034387885,-49.9626002228082,98.3468817680996));
#3933=CARTESIAN_POINT('Ctrl Pts',(433.938531094189,-50.0322002978912,98.4583989192433));
#3934=CARTESIAN_POINT('Ctrl Pts',(433.882403171491,-50.0548462865582,98.4946835947692));
#3935=CARTESIAN_POINT('Ctrl Pts',(433.826621628441,-50.0784932720697,98.5308880779268));
#3936=CARTESIAN_POINT('Ctrl Pts',(433.771209599385,-50.1031360881724,98.5669880470514));
#3937=CARTESIAN_POINT('Ctrl Pts',(433.771133287176,-50.1031700257086,98.567037763123));
#3938=CARTESIAN_POINT('Ctrl Pts',(433.771056975617,-50.1032039652251,98.5670874790431));
#3939=CARTESIAN_POINT('Ctrl Pts',(433.770980664709,-50.1032379067219,98.5671371948115));
#3940=CARTESIAN_POINT('Ctrl Pts',(433.6203851704,-50.1702196347925,98.6652486041649));
#3941=CARTESIAN_POINT('Ctrl Pts',(433.472333536797,-50.2448015159522,98.7628624539067));
#3942=CARTESIAN_POINT('Ctrl Pts',(433.327427179891,-50.3269416666882,98.8593383361329));
#3943=CARTESIAN_POINT('Ctrl Pts',(433.183176143218,-50.4087103492302,98.955377918676));
#3944=CARTESIAN_POINT('Ctrl Pts',(433.041801997419,-50.4981070149338,99.0504507761773));
#3945=CARTESIAN_POINT('Ctrl Pts',(432.903996275614,-50.5951248897968,99.1438214884601));
#3946=CARTESIAN_POINT('',(432.653330667243,-51.3714261382196,98.8663157204905));
#3947=CARTESIAN_POINT('Ctrl Pts',(432.903942067753,-50.5951257421276,99.1438609361417));
#3948=CARTESIAN_POINT('Ctrl Pts',(432.844593027988,-50.7578168672196,99.0867137660051));
#3949=CARTESIAN_POINT('Ctrl Pts',(432.789101231136,-50.9224448255685,99.0279447752935));
#3950=CARTESIAN_POINT('Ctrl Pts',(432.737596086646,-51.0878106006364,98.9685205047647));
#3951=CARTESIAN_POINT('Ctrl Pts',(432.708201647114,-51.1821863047307,98.934606550265));
#3952=CARTESIAN_POINT('Ctrl Pts',(432.680105437919,-51.2768016745631,98.9004791029108));
#3953=CARTESIAN_POINT('Ctrl Pts',(432.653330667243,-51.3714261382196,98.8663157204905));
#3954=CARTESIAN_POINT('',(432.692924974807,-51.5152029236038,98.70379793537));
#3955=CARTESIAN_POINT('Ctrl Pts',(432.653330667177,-51.3714261383198,98.8663157205063));
#3956=CARTESIAN_POINT('Ctrl Pts',(432.667978023445,-51.4178546043619,98.8113565643067));
#3957=CARTESIAN_POINT('Ctrl Pts',(432.681177225193,-51.4657640990071,98.7571737352481));
#3958=CARTESIAN_POINT('Ctrl Pts',(432.692924793532,-51.5152031170246,98.7037981638645));
#3959=CARTESIAN_POINT('',(440.669282237597,-54.9999961900697,94.1828588309337));
#3960=CARTESIAN_POINT('Ctrl Pts',(432.692925015265,-51.515202911645,98.7037980092985));
#3961=CARTESIAN_POINT('Ctrl Pts',(433.002823935692,-51.2281597531996,98.4877730744999));
#3962=CARTESIAN_POINT('Ctrl Pts',(433.348489416726,-50.9848381724248,98.2510904227117));
#3963=CARTESIAN_POINT('Ctrl Pts',(434.507492010421,-50.3797663774226,97.488163078468));
#3964=CARTESIAN_POINT('Ctrl Pts',(436.323238407228,-49.9843365972378,96.3739006968733));
#3965=CARTESIAN_POINT('Ctrl Pts',(439.179631357519,-51.0883706392267,94.9832717455917));
#3966=CARTESIAN_POINT('Ctrl Pts',(440.527471452482,-53.2631805950193,94.3719106020867));
#3967=CARTESIAN_POINT('Ctrl Pts',(440.669536750417,-54.6663232019373,94.2091881715213));
#3968=CARTESIAN_POINT('Ctrl Pts',(440.668590490981,-54.9999093863773,94.1819024111793));
#3969=CARTESIAN_POINT('',(432.354412984251,-58.1407760798268,98.3682002085335));
#3970=CARTESIAN_POINT('Ctrl Pts',(440.670564945758,-55.0000220086059,94.1830397728552));
#3971=CARTESIAN_POINT('Ctrl Pts',(440.668429859414,-55.7422795679936,94.122328756151));
#3972=CARTESIAN_POINT('Ctrl Pts',(440.495182719273,-56.4916146457006,94.1172046019279));
#3973=CARTESIAN_POINT('Ctrl Pts',(440.006870366941,-57.4472017035991,94.2040080202968));
#3974=CARTESIAN_POINT('Ctrl Pts',(439.831504487459,-57.7186922854508,94.2431704303396));
#3975=CARTESIAN_POINT('Ctrl Pts',(438.780078501673,-59.0363456564138,94.5142574718163));
#3976=CARTESIAN_POINT('Ctrl Pts',(437.506785825674,-59.643047379117,94.9929124406731));
#3977=CARTESIAN_POINT('Ctrl Pts',(435.992590167416,-59.7621646974739,95.7922077776533));
#3978=CARTESIAN_POINT('Ctrl Pts',(435.679479276372,-59.7567091238651,95.9678174074873));
#3979=CARTESIAN_POINT('Ctrl Pts',(435.01799189614,-59.680160791033,96.3634423500857));
#3980=CARTESIAN_POINT('Ctrl Pts',(434.672900292315,-59.5994281509957,96.585121061841));
#3981=CARTESIAN_POINT('Ctrl Pts',(433.569758839249,-59.2114013371294,97.3394619151172));
#3982=CARTESIAN_POINT('Ctrl Pts',(432.890850401182,-58.7500040810042,97.8851179484303));
#3983=CARTESIAN_POINT('Ctrl Pts',(432.354405787688,-58.1408052005151,98.3682262182472));
#3984=CARTESIAN_POINT('Ctrl Pts',(432.3550445465,-58.1382203735224,98.3659175587773));
#3985=CARTESIAN_POINT('Ctrl Pts',(432.3426253541,-58.1903139009291,98.4117661838353));
#3986=CARTESIAN_POINT('Ctrl Pts',(432.329150374784,-58.2411841616772,98.4585614151535));
#3987=CARTESIAN_POINT('Ctrl Pts',(432.314588954908,-58.2908471953535,98.5062762782314));
#3988=CARTESIAN_POINT('Ctrl Pts',(424.872004301472,-60.1328911992152,102.767047680449));
#3989=CARTESIAN_POINT('Ctrl Pts',(426.33605636491,-60.3136006897388,101.855784933287));
#3990=CARTESIAN_POINT('Ctrl Pts',(428.987826503258,-60.1808223570695,100.377455205145));
#3991=CARTESIAN_POINT('Ctrl Pts',(431.654501418714,-59.4465257295283,99.0927645893077));
#3992=CARTESIAN_POINT('Ctrl Pts',(432.673538485372,-59.0378628583856,98.6277560735113));
#3993=CARTESIAN_POINT('Ctrl Pts',(424.822954342424,-59.9959106663077,102.660381974495));
#3994=CARTESIAN_POINT('Ctrl Pts',(426.278728776824,-60.1492604212684,101.751696921783));
#3995=CARTESIAN_POINT('Ctrl Pts',(428.914097550039,-59.9718119055032,100.28747626552));
#3996=CARTESIAN_POINT('Ctrl Pts',(431.551765736106,-59.2048843340841,99.0352163052136));
#3997=CARTESIAN_POINT('Ctrl Pts',(432.553888641885,-58.7888576373762,98.5872628084174));
#3998=CARTESIAN_POINT('Ctrl Pts',(424.773904383376,-59.8589301334002,102.55371626854));
#3999=CARTESIAN_POINT('Ctrl Pts',(426.221401188738,-59.9849201527981,101.64760891028));
#4000=CARTESIAN_POINT('Ctrl Pts',(428.840368596821,-59.762801453937,100.197497325895));
#4001=CARTESIAN_POINT('Ctrl Pts',(431.449030053499,-58.9632429386399,98.9776680211195));
#4002=CARTESIAN_POINT('Ctrl Pts',(432.434238798398,-58.5398524163667,98.5467695433236));
#4003=CARTESIAN_POINT('Ctrl Pts',(424.724854424328,-59.7219496004927,102.447050562585));
#4004=CARTESIAN_POINT('Ctrl Pts',(426.164073600651,-59.8205798843278,101.543520898776));
#4005=CARTESIAN_POINT('Ctrl Pts',(428.766639643602,-59.5537910023708,100.10751838627));
#4006=CARTESIAN_POINT('Ctrl Pts',(431.346294370892,-58.7216015431958,98.9201197370254));
#4007=CARTESIAN_POINT('Ctrl Pts',(432.31458895491,-58.2908471953573,98.5062762782298));
#4008=CARTESIAN_POINT('',(424.724854424328,-59.7219496004927,102.447050562585));
#4009=CARTESIAN_POINT('Ctrl Pts',(424.724854424328,-59.7219496004927,102.447050562585));
#4010=CARTESIAN_POINT('Ctrl Pts',(426.164073600651,-59.8205798843278,101.543520898776));
#4011=CARTESIAN_POINT('Ctrl Pts',(428.766639643602,-59.5537910023708,100.10751838627));
#4012=CARTESIAN_POINT('Ctrl Pts',(431.346294370892,-58.7216015431958,98.9201197370254));
#4013=CARTESIAN_POINT('Ctrl Pts',(432.31458895491,-58.2908471953573,98.5062762782298));
#4014=CARTESIAN_POINT('',(424.872004301473,-60.1328911992152,102.767047680449));
#4015=CARTESIAN_POINT('',(424.872004301473,-60.1328911992152,102.767047680449));
#4016=CARTESIAN_POINT('Ctrl Pts',(432.498865522201,-59.1065301874791,98.7077454078563));
#4017=CARTESIAN_POINT('Ctrl Pts',(431.524789138784,-59.4818899282558,99.1553732547412));
#4018=CARTESIAN_POINT('Ctrl Pts',(428.923328477918,-60.184051875398,100.413412072932));
#4019=CARTESIAN_POINT('Ctrl Pts',(426.33605636491,-60.3136006897388,101.855784933287));
#4020=CARTESIAN_POINT('Ctrl Pts',(424.872004301472,-60.1328911992152,102.767047680449));
#4021=CARTESIAN_POINT('Origin',(420.,-55.0000000000001,101.931597392638));
#4022=CARTESIAN_POINT('Origin',(435.920724432075,-55.0000000000001,101.931597392638));
#4023=CARTESIAN_POINT('',(425.112043889964,-50.388492593969,103.070236687639));
#4024=CARTESIAN_POINT('Ctrl Pts',(432.653330667243,-51.3714261382196,98.8663157204905));
#4025=CARTESIAN_POINT('Ctrl Pts',(432.000595754057,-51.0963359552956,99.191957913983));
#4026=CARTESIAN_POINT('Ctrl Pts',(430.91697316889,-50.7446679814967,99.7470073451346));
#4027=CARTESIAN_POINT('Ctrl Pts',(428.377249573113,-50.2278212574974,101.110938772189));
#4028=CARTESIAN_POINT('Ctrl Pts',(426.536446087751,-50.168991180261,102.1812524418));
#4029=CARTESIAN_POINT('Ctrl Pts',(425.112043889964,-50.388492593969,103.070236687639));
#4030=CARTESIAN_POINT('',(425.03546307143,-50.4005721765166,103.118089574056));
#4031=CARTESIAN_POINT('Ctrl Pts',(425.112043889964,-50.388492593969,103.070236687639));
#4032=CARTESIAN_POINT('Ctrl Pts',(425.0864942301,-50.3924298151194,103.086182496442));
#4033=CARTESIAN_POINT('Ctrl Pts',(425.060966956408,-50.3964561138211,103.102133688647));
#4034=CARTESIAN_POINT('Ctrl Pts',(425.03546307143,-50.4005721765166,103.118089574056));
#4035=CARTESIAN_POINT('',(420.0000000001,-52.7879229793123,106.13507396026));
#4036=CARTESIAN_POINT('Ctrl Pts',(425.03546307143,-50.4005721765166,103.118089574056));
#4037=CARTESIAN_POINT('Ctrl Pts',(422.989717071167,-50.7307343774363,104.397960808739));
#4038=CARTESIAN_POINT('Ctrl Pts',(421.153370489649,-51.5810609447419,105.500292915793));
#4039=CARTESIAN_POINT('Ctrl Pts',(419.999994581196,-52.7879153094416,106.135078696309));
#4040=CARTESIAN_POINT('',(420.000000000088,-58.0197904848215,105.598116917717));
#4041=CARTESIAN_POINT('Origin',(420.,-55.0000000000001,101.931597392638));
#4042=CARTESIAN_POINT('',(424.677709959263,-59.7186200334011,102.476689110046));
#4043=CARTESIAN_POINT('Ctrl Pts',(419.999997345288,-58.0197985124068,105.598123082676));
#4044=CARTESIAN_POINT('Ctrl Pts',(421.085117535415,-58.9953780615906,104.79507491044));
#4045=CARTESIAN_POINT('Ctrl Pts',(422.779540072198,-59.5805729473722,103.67170221497));
#4046=CARTESIAN_POINT('Ctrl Pts',(424.677709959263,-59.7186200334011,102.476689110046));
#4047=CARTESIAN_POINT('Ctrl Pts',(424.677709959263,-59.7186200334011,102.476689110046));
#4048=CARTESIAN_POINT('Ctrl Pts',(424.693415862121,-59.7197622673695,102.466801291329));
#4049=CARTESIAN_POINT('Ctrl Pts',(424.709130784316,-59.7208720529566,102.456921731207));
#4050=CARTESIAN_POINT('Ctrl Pts',(424.724854424328,-59.7219496004927,102.447050562585));
#4051=CARTESIAN_POINT('Origin',(435.920724432075,-55.0000000000001,78.8999999999999));
#4052=CARTESIAN_POINT('',(440.670724432075,-55.0000000000001,78.8999999999999));
#4053=CARTESIAN_POINT('Origin',(435.920724432075,-55.0000000000001,78.8999999999999));
#4054=CARTESIAN_POINT('',(440.670724432075,-55.0000000000001,78.8999999999999));
#4055=CARTESIAN_POINT('Origin',(435.920724432075,-55.0000000000001,78.8999999999999));
#4056=CARTESIAN_POINT('',(438.620724432075,-55.0000000000001,78.8999999999999));
#4057=CARTESIAN_POINT('Origin',(435.920724432075,-55.0000000000001,78.8999999999999));
#4058=CARTESIAN_POINT('',(438.620724432075,-55.0000000000001,59.));
#4059=CARTESIAN_POINT('',(438.620724432075,-55.0000000000001,78.8999999999999));
#4060=CARTESIAN_POINT('Origin',(435.920724432075,-55.0000000000001,59.));
#4061=CARTESIAN_POINT('Origin',(435.920724432075,-55.0000000000001,78.8999999999999));
#4062=CARTESIAN_POINT('Ctrl Pts',(433.037458712692,-50.6440824630748,99.0736756826326));
#4063=CARTESIAN_POINT('Ctrl Pts',(432.347215605003,-50.3862669624094,99.436146515556));
#4064=CARTESIAN_POINT('Ctrl Pts',(431.218059576065,-50.0760861191397,100.037654126774));
#4065=CARTESIAN_POINT('Ctrl Pts',(428.599426618609,-49.6759506306605,101.476791649214));
#4066=CARTESIAN_POINT('Ctrl Pts',(426.721987016793,-49.7174278427613,102.570161286565));
#4067=CARTESIAN_POINT('Ctrl Pts',(425.271864903798,-50.0198715893403,103.459626559621));
#4068=CARTESIAN_POINT('Ctrl Pts',(432.909416030876,-50.8865303547897,99.0045556952519));
#4069=CARTESIAN_POINT('Ctrl Pts',(432.231675654688,-50.6229566267048,99.3547503150317));
#4070=CARTESIAN_POINT('Ctrl Pts',(431.11769744034,-50.2989467399253,99.9407718662276));
#4071=CARTESIAN_POINT('Ctrl Pts',(428.525367603444,-49.8599075062728,101.354840690206));
#4072=CARTESIAN_POINT('Ctrl Pts',(426.660140040446,-49.8679489552612,102.440525004976));
#4073=CARTESIAN_POINT('Ctrl Pts',(425.21859123252,-50.1427452575498,103.329829935627));
#4074=CARTESIAN_POINT('Ctrl Pts',(432.781373349059,-51.1289782465047,98.9354357078712));
#4075=CARTESIAN_POINT('Ctrl Pts',(432.116135704372,-50.8596462910002,99.2733541145073));
#4076=CARTESIAN_POINT('Ctrl Pts',(431.017335304615,-50.521807360711,99.8438896056811));
#4077=CARTESIAN_POINT('Ctrl Pts',(428.451308588278,-50.0438643818851,101.232889731198));
#4078=CARTESIAN_POINT('Ctrl Pts',(426.598293064098,-50.0184700677611,102.310888723388));
#4079=CARTESIAN_POINT('Ctrl Pts',(425.165317561242,-50.2656189257594,103.200033311633));
#4080=CARTESIAN_POINT('Ctrl Pts',(432.653330667243,-51.3714261382196,98.8663157204905));
#4081=CARTESIAN_POINT('Ctrl Pts',(432.000595754057,-51.0963359552956,99.191957913983));
#4082=CARTESIAN_POINT('Ctrl Pts',(430.91697316889,-50.7446679814967,99.7470073451346));
#4083=CARTESIAN_POINT('Ctrl Pts',(428.377249573113,-50.2278212574974,101.110938772189));
#4084=CARTESIAN_POINT('Ctrl Pts',(426.536446087751,-50.168991180261,102.1812524418));
#4085=CARTESIAN_POINT('Ctrl Pts',(425.112043889964,-50.388492593969,103.070236687639));
#4086=CARTESIAN_POINT('',(425.271864903798,-50.0198715893403,103.459626559621));
#4087=CARTESIAN_POINT('Ctrl Pts',(425.271864903798,-50.0198715893403,103.459626559621));
#4088=CARTESIAN_POINT('Ctrl Pts',(426.721987016793,-49.7174278427613,102.570161286565));
#4089=CARTESIAN_POINT('Ctrl Pts',(428.599426618609,-49.6759506306605,101.476791649214));
#4090=CARTESIAN_POINT('Ctrl Pts',(431.170109937596,-50.0687592610719,100.064006091722));
#4091=CARTESIAN_POINT('Ctrl Pts',(432.250740585789,-50.3600148607586,99.4875738495011));
#4092=CARTESIAN_POINT('Ctrl Pts',(432.903995994704,-50.5951451522464,99.1438325599096));
#4093=CARTESIAN_POINT('',(425.112043889964,-50.388492593969,103.070236687639));
#4094=CARTESIAN_POINT('Ctrl Pts',(417.192716720268,-65.7186085968896,104.131002000313));
#4095=CARTESIAN_POINT('Ctrl Pts',(508.499884062727,-65.7186085968897,51.4147843562025));
#4096=CARTESIAN_POINT('Ctrl Pts',(417.998114580863,-63.2713117661687,105.525992015171));
#4097=CARTESIAN_POINT('Ctrl Pts',(509.305281923322,-63.2713117661688,52.8097743710604));
#4098=CARTESIAN_POINT('Ctrl Pts',(418.55680665352,-60.5327882039101,106.4936750708));
#4099=CARTESIAN_POINT('Ctrl Pts',(509.863973995979,-60.5327882039103,53.7774574266889));
#4100=CARTESIAN_POINT('Ctrl Pts',(419.026007591471,-55.7233441444943,107.306354934289));
#4101=CARTESIAN_POINT('Ctrl Pts',(510.33317493393,-55.7233441444945,54.5901372901786));
#4102=CARTESIAN_POINT('Ctrl Pts',(419.086846441497,-53.7482948027303,107.411730913608));
#4103=CARTESIAN_POINT('Ctrl Pts',(510.394013783956,-53.7482948027304,54.6955132694972));
#4104=CARTESIAN_POINT('Ctrl Pts',(418.949752822521,-49.8172368850153,107.174277800148));
#4105=CARTESIAN_POINT('Ctrl Pts',(510.256920164979,-49.8172368850154,54.4580601560369));
#4106=CARTESIAN_POINT('Ctrl Pts',(418.7524123381,-47.8782030281868,106.832474054741));
#4107=CARTESIAN_POINT('Ctrl Pts',(510.059579680559,-47.878203028187,54.1162564106303));
#4108=CARTESIAN_POINT('Ctrl Pts',(418.4313472225,-46.01547183055,106.276372961983));
#4109=CARTESIAN_POINT('Ctrl Pts',(509.738514564959,-46.0154718305501,53.5601553178726));
#4110=CARTESIAN_POINT('',(423.542791951473,-65.7186085968896,100.464784356203));
#4111=CARTESIAN_POINT('Ctrl Pts',(423.542791951473,-65.7186085968896,100.464784356203));
#4112=CARTESIAN_POINT('Ctrl Pts',(424.113440171573,-63.9846263642126,101.453176066665));
#4113=CARTESIAN_POINT('Ctrl Pts',(424.560238586065,-62.1044441806119,102.227053621305));
#4114=CARTESIAN_POINT('Ctrl Pts',(424.87200171539,-60.1328895634602,102.767043201224));
#4115=CARTESIAN_POINT('',(423.542791951473,-65.7186085968896,100.464784356203));
#4116=CARTESIAN_POINT('',(424.781422453705,-46.01547183055,102.610155317873));
#4117=CARTESIAN_POINT('',(424.781422453705,-46.01547183055,102.610155317873));
#4118=CARTESIAN_POINT('Ctrl Pts',(425.271864640251,-50.0198716681813,103.459626103145));
#4119=CARTESIAN_POINT('Ctrl Pts',(425.170094334441,-48.6590967707009,103.28335476278));
#4120=CARTESIAN_POINT('Ctrl Pts',(425.006035072936,-47.3186122618672,102.999195786402));
#4121=CARTESIAN_POINT('Ctrl Pts',(424.781422453705,-46.01547183055,102.610155317873));
#4122=CARTESIAN_POINT('Origin',(592.5015522016,-27.5000000000001,-891.));
#4123=CARTESIAN_POINT('',(486.860348349652,-70.0000000000002,60.6544467655848));
#4124=CARTESIAN_POINT('Ctrl Pts',(482.386959842147,-69.8824916871134,63.3264671155822));
#4125=CARTESIAN_POINT('Ctrl Pts',(483.900431191153,-69.9647300264023,62.3901615060131));
#4126=CARTESIAN_POINT('Ctrl Pts',(485.40160067916,-70.0000000000002,61.4966551258233));
#4127=CARTESIAN_POINT('Ctrl Pts',(486.860348349652,-70.0000000000002,60.6544467655847));
#4128=CARTESIAN_POINT('',(516.956373217487,-70.0000000000002,63.5151522800768));
#4129=CARTESIAN_POINT('Origin',(592.5015522016,-70.0000000000002,-891.));
#4130=CARTESIAN_POINT('',(516.956373220098,-69.9999277373434,63.5937702972015));
#4131=CARTESIAN_POINT('Ctrl Pts',(516.956373220097,-69.9999277373434,63.5937702972015));
#4132=CARTESIAN_POINT('Ctrl Pts',(516.956373216616,-69.9999759125008,63.5675642914932));
#4133=CARTESIAN_POINT('Ctrl Pts',(516.956373217487,-70.0000000000002,63.5413582857851));
#4134=CARTESIAN_POINT('Ctrl Pts',(516.956373217487,-70.0000000000002,63.5151522800769));
#4135=CARTESIAN_POINT('',(519.496722897488,-55.6194438170916,95.6704791386036));
#4136=CARTESIAN_POINT('Ctrl Pts',(519.496722897488,-55.6194438170916,95.6704791386036));
#4137=CARTESIAN_POINT('Ctrl Pts',(519.459915610471,-58.1270400513575,93.4490489132349));
#4138=CARTESIAN_POINT('Ctrl Pts',(518.971421518492,-62.6206082880307,88.3634826221093));
#4139=CARTESIAN_POINT('Ctrl Pts',(518.113509497172,-66.1802727420702,81.6801016868318));
#4140=CARTESIAN_POINT('Ctrl Pts',(517.461934474806,-68.4728572322931,75.2857544510681));
#4141=CARTESIAN_POINT('Ctrl Pts',(517.064424356764,-69.6779353129221,70.0944710293013));
#4142=CARTESIAN_POINT('Ctrl Pts',(516.956373470741,-69.9964592335283,65.4805442205666));
#4143=CARTESIAN_POINT('Ctrl Pts',(516.956373220098,-69.9999277373434,63.5937702972015));
#4144=CARTESIAN_POINT('',(519.501561773942,-54.9637951235667,96.2391337169332));
#4145=CARTESIAN_POINT('Ctrl Pts',(519.501561773942,-54.9637951235667,96.2391337169332));
#4146=CARTESIAN_POINT('Ctrl Pts',(519.501544339934,-55.1842639203825,96.0519410084775));
#4147=CARTESIAN_POINT('Ctrl Pts',(519.499902491008,-55.4028253868018,95.8623771490735));
#4148=CARTESIAN_POINT('Ctrl Pts',(519.496722897488,-55.6194438170916,95.6704791386035));
#4149=CARTESIAN_POINT('',(519.502476048195,-38.0341880551951,105.002244608541));
#4150=CARTESIAN_POINT('Ctrl Pts',(519.502476048195,-38.034188055195,105.002244608541));
#4151=CARTESIAN_POINT('Ctrl Pts',(519.502449444921,-38.933273700385,104.771597346074));
#4152=CARTESIAN_POINT('Ctrl Pts',(519.502389397571,-40.724591138861,104.247495350742));
#4153=CARTESIAN_POINT('Ctrl Pts',(519.502286627641,-43.2317506723346,103.333289749691));
#4154=CARTESIAN_POINT('Ctrl Pts',(519.502172465941,-45.6195190931803,102.296037472148));
#4155=CARTESIAN_POINT('Ctrl Pts',(519.502037630447,-48.080184028929,101.038264137326));
#4156=CARTESIAN_POINT('Ctrl Pts',(519.501838135878,-51.2942019231488,99.1159371524002));
#4157=CARTESIAN_POINT('Ctrl Pts',(519.501672055399,-53.5691863965869,97.4232495129542));
#4158=CARTESIAN_POINT('Ctrl Pts',(519.501561773942,-54.9637951235667,96.2391337169332));
#4159=CARTESIAN_POINT('',(570.20621457582,-38.0341880551951,107.424886661313));
#4160=CARTESIAN_POINT('Origin',(592.5015522016,-38.0341880551951,-891.));
#4161=CARTESIAN_POINT('',(572.999999551776,-70.0000000000002,66.3013838097285));
#4162=CARTESIAN_POINT('Ctrl Pts',(572.999999551778,-70.0000000000002,66.3013838097285));
#4163=CARTESIAN_POINT('Ctrl Pts',(572.999891145829,-70.0000000000071,68.8279842144065));
#4164=CARTESIAN_POINT('Ctrl Pts',(572.968279985037,-69.6399862065558,72.9515078672485));
#4165=CARTESIAN_POINT('Ctrl Pts',(572.868268198026,-68.496784838209,77.6451864272377));
#4166=CARTESIAN_POINT('Ctrl Pts',(572.805664478042,-67.7808384266206,79.8825983296109));
#4167=CARTESIAN_POINT('Ctrl Pts',(572.766802164463,-67.336329630923,81.1200984074565));
#4168=CARTESIAN_POINT('Ctrl Pts',(572.726260488073,-66.8725704904049,82.3225457463369));
#4169=CARTESIAN_POINT('Ctrl Pts',(572.67242413774,-66.2566653986082,83.7758763531412));
#4170=CARTESIAN_POINT('Ctrl Pts',(572.572327469476,-65.1113902104605,86.1650615213404));
#4171=CARTESIAN_POINT('Ctrl Pts',(572.366147207189,-62.7520182863352,90.3253108027797));
#4172=CARTESIAN_POINT('Ctrl Pts',(572.100736690611,-59.714374850669,94.165690074503));
#4173=CARTESIAN_POINT('Ctrl Pts',(571.867866911357,-57.0491290091115,96.8480220540744));
#4174=CARTESIAN_POINT('Ctrl Pts',(571.700740533481,-55.1363367747825,98.6160624529324));
#4175=CARTESIAN_POINT('Ctrl Pts',(571.467962758719,-52.4721952992103,100.745465576053));
#4176=CARTESIAN_POINT('Ctrl Pts',(571.165725454066,-49.013258006056,103.001760606283));
#4177=CARTESIAN_POINT('Ctrl Pts',(570.850025746198,-45.4005314917809,104.874504801784));
#4178=CARTESIAN_POINT('Ctrl Pts',(570.548845480595,-41.9542630488038,106.284597017303));
#4179=CARTESIAN_POINT('Ctrl Pts',(570.320905119426,-39.3463142361561,107.091660596281));
#4180=CARTESIAN_POINT('Ctrl Pts',(570.20621457582,-38.0341880551951,107.424886661313));
#4181=CARTESIAN_POINT('',(592.5015522016,-70.0000000000002,66.5000000000001));
#4182=CARTESIAN_POINT('Origin',(592.5015522016,-70.0000000000002,-891.));
#4183=CARTESIAN_POINT('',(592.5015522016,-27.5000000000001,109.));
#4184=CARTESIAN_POINT('Origin',(592.5015522016,-27.5000000000001,66.4999999999999));
#4185=CARTESIAN_POINT('',(553.678447400004,-27.5000000000001,108.246099083486));
#4186=CARTESIAN_POINT('Origin',(592.5015522016,-27.5000000000001,-891.));
#4187=CARTESIAN_POINT('',(529.207004280255,-30.6273075820663,106.879442741598));
#4188=CARTESIAN_POINT('Ctrl Pts',(553.678447400001,-27.5000000000003,108.246099083486));
#4189=CARTESIAN_POINT('Ctrl Pts',(552.195111888812,-28.0862517064445,108.188467945311));
#4190=CARTESIAN_POINT('Ctrl Pts',(550.684709071023,-28.6011184273736,108.114492076654));
#4191=CARTESIAN_POINT('Ctrl Pts',(547.121307887404,-29.628579040479,107.922516995384));
#4192=CARTESIAN_POINT('Ctrl Pts',(545.054556311784,-30.0849003370835,107.798425020972));
#4193=CARTESIAN_POINT('Ctrl Pts',(541.630303608848,-30.616112343558,107.592085120294));
#4194=CARTESIAN_POINT('Ctrl Pts',(540.287288715282,-30.7690392006943,107.510849036701));
#4195=CARTESIAN_POINT('Ctrl Pts',(538.248145161557,-30.917852963554,107.389612023993));
#4196=CARTESIAN_POINT('Ctrl Pts',(537.555576815498,-30.953932635049,107.34878177612));
#4197=CARTESIAN_POINT('Ctrl Pts',(536.413108094564,-30.9896404306805,107.282173637715));
#4198=CARTESIAN_POINT('Ctrl Pts',(535.963582439319,-30.997624084535,107.25615375279));
#4199=CARTESIAN_POINT('Ctrl Pts',(535.089965917243,-31.0013549166805,107.20597147005));
#4200=CARTESIAN_POINT('Ctrl Pts',(534.66592023996,-30.9977716296233,107.181789652349));
#4201=CARTESIAN_POINT('Ctrl Pts',(533.674738346549,-30.9767833714241,107.125668910154));
#4202=CARTESIAN_POINT('Ctrl Pts',(533.107750040051,-30.9551188159216,107.093875908603));
#4203=CARTESIAN_POINT('Ctrl Pts',(531.426815725666,-30.862215239074,107.000413150731));
#4204=CARTESIAN_POINT('Ctrl Pts',(530.314791558691,-30.7633267566228,106.939652468703));
#4205=CARTESIAN_POINT('Ctrl Pts',(529.207004280255,-30.6273075820663,106.879442741598));
#4206=CARTESIAN_POINT('',(503.737127945077,-27.5000000000001,105.052647698106));
#4207=CARTESIAN_POINT('Ctrl Pts',(529.207004280255,-30.6273075820663,106.879442741598));
#4208=CARTESIAN_POINT('Ctrl Pts',(520.587124445412,-29.5689194215093,106.410940690136));
#4209=CARTESIAN_POINT('Ctrl Pts',(512.08650447312,-28.5251745308089,105.796712383969));
#4210=CARTESIAN_POINT('Ctrl Pts',(503.737127945077,-27.5000000000001,105.052647698106));
#4211=CARTESIAN_POINT('Origin',(592.5015522016,-27.5000000000001,-891.));
#4212=CARTESIAN_POINT('Origin',(460.,-55.0000000000001,80.));
#4213=CARTESIAN_POINT('',(462.75,-55.0000000000001,80.));
#4214=CARTESIAN_POINT('Origin',(460.,-55.0000000000001,80.));
#4215=CARTESIAN_POINT('',(462.75,-55.0000000000001,59.));
#4216=CARTESIAN_POINT('',(462.75,-55.0000000000001,80.));
#4217=CARTESIAN_POINT('Origin',(460.,-55.0000000000001,59.));
#4218=CARTESIAN_POINT('Origin',(460.,-55.0000000000001,80.));
#4219=CARTESIAN_POINT('Ctrl Pts',(414.525169297251,39.5821976924384,59.));
#4220=CARTESIAN_POINT('Ctrl Pts',(413.920997067291,32.6764775041265,59.2179048535385));
#4221=CARTESIAN_POINT('Ctrl Pts',(413.31642786937,25.766219951243,59.2920177351894));
#4222=CARTESIAN_POINT('Ctrl Pts',(412.711985705691,18.8574144064067,59.2222744086111));
#4223=CARTESIAN_POINT('Ctrl Pts',(414.531938572343,39.6595708607915,61.4708364683658));
#4224=CARTESIAN_POINT('Ctrl Pts',(413.92480049705,32.7198829845602,61.691870215786));
#4225=CARTESIAN_POINT('Ctrl Pts',(413.317237832581,25.7755464033165,61.7684100386928));
#4226=CARTESIAN_POINT('Ctrl Pts',(412.709813706234,18.8325883390077,61.7003798938719));
#4227=CARTESIAN_POINT('Ctrl Pts',(415.23499107077,39.8319766804481,68.883939567758));
#4228=CARTESIAN_POINT('Ctrl Pts',(414.620059104908,32.7902712754685,69.1143665649845));
#4229=CARTESIAN_POINT('Ctrl Pts',(414.004705997461,25.7436050187172,69.1981829873707));
#4230=CARTESIAN_POINT('Ctrl Pts',(413.389443109415,18.6980741162149,69.1352982835265));
#4231=CARTESIAN_POINT('Ctrl Pts',(419.804839561536,39.801791937423,80.5978969326579));
#4232=CARTESIAN_POINT('Ctrl Pts',(419.183324328996,32.5983417209385,80.8420936202928));
#4233=CARTESIAN_POINT('Ctrl Pts',(418.561345340745,25.3894995817931,80.9363267862101));
#4234=CARTESIAN_POINT('Ctrl Pts',(417.939455075226,18.1814337487967,80.8804902311651));
#4235=CARTESIAN_POINT('Ctrl Pts',(429.991247864435,39.2614827182653,91.7179830510846));
#4236=CARTESIAN_POINT('Ctrl Pts',(429.371919477159,31.9036021227489,91.9702942456282));
#4237=CARTESIAN_POINT('Ctrl Pts',(428.752150316277,24.5400941180828,92.0694361598964));
#4238=CARTESIAN_POINT('Ctrl Pts',(428.132456769718,17.1772575256084,92.0152940648985));
#4239=CARTESIAN_POINT('Ctrl Pts',(438.989306872958,38.6146645283261,96.1677781259054));
#4240=CARTESIAN_POINT('Ctrl Pts',(438.376441736583,31.1942920912563,96.4175161121106));
#4241=CARTESIAN_POINT('Ctrl Pts',(437.763150979369,23.7685074256337,96.5127542465546));
#4242=CARTESIAN_POINT('Ctrl Pts',(437.149961331674,16.3435258320682,96.4534273461078));
#4243=CARTESIAN_POINT('Ctrl Pts',(443.735899447753,38.2414287559544,97.5));
#4244=CARTESIAN_POINT('Ctrl Pts',(443.1267985653,30.8021448629919,97.7462766363211));
#4245=CARTESIAN_POINT('Ctrl Pts',(442.517283198688,23.3574954453141,97.8376768902172));
#4246=CARTESIAN_POINT('Ctrl Pts',(441.907881484281,15.9139298531099,97.7740917642761));
#4247=CARTESIAN_POINT('',(443.735899447753,38.2414287559544,97.5));
#4248=CARTESIAN_POINT('',(414.525169297251,39.5821976924384,59.));
#4249=CARTESIAN_POINT('Origin',(454.37295722092,36.095967982532,59.));
#4250=CARTESIAN_POINT('',(412.711985705691,18.8574144064067,59.2222744086111));
#4251=CARTESIAN_POINT('Ctrl Pts',(414.525169297251,39.5821976924384,59.));
#4252=CARTESIAN_POINT('Ctrl Pts',(413.920997067291,32.6764775041265,59.2179048535385));
#4253=CARTESIAN_POINT('Ctrl Pts',(413.31642786937,25.766219951243,59.2920177351894));
#4254=CARTESIAN_POINT('Ctrl Pts',(412.711985705691,18.8574144064067,59.2222744086111));
#4255=CARTESIAN_POINT('',(418.920421132959,18.09751029935,80.6922793534178));
#4256=CARTESIAN_POINT('Origin',(452.559773629361,15.3711846965003,59.2222744086111));
#4257=CARTESIAN_POINT('',(426.811417469909,17.3154864473089,89.7712816885177));
#4258=CARTESIAN_POINT('Ctrl Pts',(426.811417469908,17.3154864473095,89.7712816885173));
#4259=CARTESIAN_POINT('Ctrl Pts',(427.501838426392,18.0112107317827,90.3089262212065));
#4260=CARTESIAN_POINT('Ctrl Pts',(428.012981884708,18.900360600137,90.6512533364317));
#4261=CARTESIAN_POINT('Ctrl Pts',(428.370488460251,20.4962731703415,90.8290430382863));
#4262=CARTESIAN_POINT('Ctrl Pts',(428.407579580914,21.0609611602363,90.8215006912804));
#4263=CARTESIAN_POINT('Ctrl Pts',(428.273193916256,22.5384554567389,90.6180171998057));
#4264=CARTESIAN_POINT('Ctrl Pts',(427.834176448924,23.7661153145683,90.1922187885657));
#4265=CARTESIAN_POINT('Ctrl Pts',(426.748002295515,25.0781185642754,89.1617076029775));
#4266=CARTESIAN_POINT('Ctrl Pts',(425.477182685838,26.0233733573536,87.9210550130686));
#4267=CARTESIAN_POINT('Ctrl Pts',(423.82096517118,26.5499690355669,86.1888751772528));
#4268=CARTESIAN_POINT('Ctrl Pts',(421.924432284024,26.4243293828172,83.9690097929537));
#4269=CARTESIAN_POINT('Ctrl Pts',(420.238725377983,25.6282216738721,81.7594900187954));
#4270=CARTESIAN_POINT('Ctrl Pts',(419.353169539305,24.7136216591459,80.4952886161842));
#4271=CARTESIAN_POINT('Ctrl Pts',(418.842763963141,23.9184371759631,79.7722575537682));
#4272=CARTESIAN_POINT('Ctrl Pts',(418.547201098034,23.3550413378908,79.3578065665389));
#4273=CARTESIAN_POINT('Ctrl Pts',(418.216426825334,22.3893825477001,78.9270822131354));
#4274=CARTESIAN_POINT('Ctrl Pts',(418.060847032656,21.1292393868815,78.8417080502826));
#4275=CARTESIAN_POINT('Ctrl Pts',(418.132678230283,20.3401652688152,79.0861489156787));
#4276=CARTESIAN_POINT('Ctrl Pts',(418.267066783706,19.5949485514041,79.4254651636776));
#4277=CARTESIAN_POINT('Ctrl Pts',(418.478455974341,18.8943786940246,79.8828776571917));
#4278=CARTESIAN_POINT('Ctrl Pts',(418.763379040313,18.3479002255698,80.414429451049));
#4279=CARTESIAN_POINT('Ctrl Pts',(418.920421132996,18.0975102994277,80.6922793534667));
#4280=CARTESIAN_POINT('',(440.965748556437,15.9991227179239,97.5));
#4281=CARTESIAN_POINT('Origin',(452.559773629361,15.3711846965003,59.2222744086111));
#4282=CARTESIAN_POINT('Ctrl Pts',(440.965792805465,15.9991200706078,97.4998787527455));
#4283=CARTESIAN_POINT('Ctrl Pts',(441.043121848423,17.4268329711624,97.4998690237751));
#4284=CARTESIAN_POINT('Ctrl Pts',(441.139829454018,18.8602255751336,97.4998702604416));
#4285=CARTESIAN_POINT('Ctrl Pts',(441.255398135324,20.2936589899225,97.4998715220173));
#4286=CARTESIAN_POINT('Ctrl Pts',(441.370461407737,21.7208236648835,97.4998727780758));
#4287=CARTESIAN_POINT('Ctrl Pts',(441.504221127948,23.1480292599719,97.4998739985204));
#4288=CARTESIAN_POINT('Ctrl Pts',(441.656216593422,24.5697083322998,97.4998779813369));
#4289=CARTESIAN_POINT('Ctrl Pts',(441.749180268075,25.4392376325895,97.4998804173127));
#4290=CARTESIAN_POINT('Ctrl Pts',(441.848966569942,26.306699494115,97.4998841741164));
#4291=CARTESIAN_POINT('Ctrl Pts',(441.955479282808,27.1708185814563,97.4998922666421));
#4292=CARTESIAN_POINT('Ctrl Pts',(442.120464218178,28.5093126253995,97.499904801717));
#4293=CARTESIAN_POINT('Ctrl Pts',(442.303284327248,29.8535303206866,97.4999271826147));
#4294=CARTESIAN_POINT('Ctrl Pts',(442.504303692369,31.1969526603,97.4999444676403));
#4295=CARTESIAN_POINT('Ctrl Pts',(442.704989787182,32.5381477379959,97.4999617240091));
#4296=CARTESIAN_POINT('Ctrl Pts',(442.923814701785,33.8785506130154,97.4999756130804));
#4297=CARTESIAN_POINT('Ctrl Pts',(443.161187445332,35.2116635631812,97.4999858743313));
#4298=CARTESIAN_POINT('Ctrl Pts',(443.34193643884,36.226770943974,97.4999936878264));
#4299=CARTESIAN_POINT('Ctrl Pts',(443.533440734611,37.2376513599492,97.5));
#4300=CARTESIAN_POINT('Ctrl Pts',(443.735899447753,38.2414287559544,97.5));
#4301=CARTESIAN_POINT('Ctrl Pts',(424.398126792572,152.430618246904,42.3635338257917));
#4302=CARTESIAN_POINT('Ctrl Pts',(421.177333781197,115.616785670519,52.2038972833934));
#4303=CARTESIAN_POINT('Ctrl Pts',(417.85739228869,77.6696807690547,57.7981778590585));
#4304=CARTESIAN_POINT('Ctrl Pts',(414.525169297251,39.5821976924384,59.));
#4305=CARTESIAN_POINT('Ctrl Pts',(424.459340868542,153.130298336899,45.0011461121656));
#4306=CARTESIAN_POINT('Ctrl Pts',(421.221329802751,116.119132487173,54.9069267705898));
#4307=CARTESIAN_POINT('Ctrl Pts',(417.883266105708,77.9659947413444,60.5446011278036));
#4308=CARTESIAN_POINT('Ctrl Pts',(414.532746510171,39.6688056324247,61.7657398698192));
#4309=CARTESIAN_POINT('Ctrl Pts',(425.47489324627,155.156844038266,52.91506092791));
#4310=CARTESIAN_POINT('Ctrl Pts',(422.192444155712,117.552942307906,63.0171621098788));
#4311=CARTESIAN_POINT('Ctrl Pts',(418.80817600837,78.7809734364465,68.7850196439442));
#4312=CARTESIAN_POINT('Ctrl Pts',(415.410340135945,39.8538764827058,70.0641562454667));
#4313=CARTESIAN_POINT('Ctrl Pts',(431.286551667744,157.950628087993,65.2690809408263));
#4314=CARTESIAN_POINT('Ctrl Pts',(427.972300154067,119.416027874315,75.6701405444769));
#4315=CARTESIAN_POINT('Ctrl Pts',(424.55459868943,79.6745019927786,81.6327075467914));
#4316=CARTESIAN_POINT('Ctrl Pts',(421.122691848967,39.7620990665223,82.9939054972468));
#4317=CARTESIAN_POINT('Ctrl Pts',(443.712637738687,159.813939581113,76.3070358892822));
#4318=CARTESIAN_POINT('Ctrl Pts',(440.423888592626,120.43393788643,86.9405649841193));
#4319=CARTESIAN_POINT('Ctrl Pts',(437.032898945746,79.8193153641994,93.0386790472847));
#4320=CARTESIAN_POINT('Ctrl Pts',(433.628116165588,39.0290116218303,94.4343726959918));
#4321=CARTESIAN_POINT('Ctrl Pts',(454.257409106976,159.858640750034,79.9256163849701));
#4322=CARTESIAN_POINT('Ctrl Pts',(451.013170209037,120.18699958272,90.5937454583627));
#4323=CARTESIAN_POINT('Ctrl Pts',(447.668680616667,79.2812950985449,96.6898291454486));
#4324=CARTESIAN_POINT('Ctrl Pts',(444.31143597665,38.2084420858684,98.0503616490495));
#4325=CARTESIAN_POINT('Ctrl Pts',(459.660950396837,159.579580773645,80.650225877722));
#4326=CARTESIAN_POINT('Ctrl Pts',(456.440157385462,119.842524441788,91.3025959340658));
#4327=CARTESIAN_POINT('Ctrl Pts',(453.120215892955,78.8755611027446,97.3735358840811));
#4328=CARTESIAN_POINT('Ctrl Pts',(449.787992901516,37.749864987292,98.7019234658401));
#4329=CARTESIAN_POINT('',(451.614034901536,60.2858423229621,97.5));
#4330=CARTESIAN_POINT('Ctrl Pts',(451.614020105607,60.2856518019621,97.4986249256415));
#4331=CARTESIAN_POINT('Ctrl Pts',(454.33093681994,93.8152352785065,95.0003566822892));
#4332=CARTESIAN_POINT('Ctrl Pts',(457.029046839173,127.10804362067,89.3549177190877));
#4333=CARTESIAN_POINT('Ctrl Pts',(459.660950396837,159.579580773645,80.650225877722));
#4334=CARTESIAN_POINT('Ctrl Pts',(428.66396628265,156.504344813565,59.));
#4335=CARTESIAN_POINT('Ctrl Pts',(425.810095978734,143.072221362688,59.));
#4336=CARTESIAN_POINT('Ctrl Pts',(423.657599874014,128.807148189669,58.9999999999936));
#4337=CARTESIAN_POINT('Ctrl Pts',(420.298033330619,101.755845012395,58.9999999999936));
#4338=CARTESIAN_POINT('Ctrl Pts',(418.934365953445,88.2131534428549,59.));
#4339=CARTESIAN_POINT('Ctrl Pts',(417.202465878132,69.7578343013006,59.));
#4340=CARTESIAN_POINT('Ctrl Pts',(416.654630363474,63.6989842328604,58.9999999999502));
#4341=CARTESIAN_POINT('Ctrl Pts',(415.600568374448,51.8617447887693,58.9999999999502));
#4342=CARTESIAN_POINT('Ctrl Pts',(414.994583965211,44.9476318989047,59.));
#4343=CARTESIAN_POINT('Ctrl Pts',(414.525169297251,39.5821976924384,59.));
#4344=CARTESIAN_POINT('Ctrl Pts',(443.735899447753,38.2414287559544,97.5));
#4345=CARTESIAN_POINT('Ctrl Pts',(444.591036401902,42.4811432722647,97.5));
#4346=CARTESIAN_POINT('Ctrl Pts',(445.708205400905,46.9243727896784,97.5000000000001));
#4347=CARTESIAN_POINT('Ctrl Pts',(448.023368143372,53.5472890155782,97.5000000000001));
#4348=CARTESIAN_POINT('Ctrl Pts',(449.563238238252,57.4520590347981,97.5));
#4349=CARTESIAN_POINT('Ctrl Pts',(451.614034901536,60.2858423229631,97.5));
#4350=CARTESIAN_POINT('',(441.4308089734,152.549359842615,75.7243516085237));
#4351=CARTESIAN_POINT('Ctrl Pts',(441.4308089734,152.549359842615,75.7243516085237));
#4352=CARTESIAN_POINT('Ctrl Pts',(441.532745522394,153.355438105522,75.5423199492294));
#4353=CARTESIAN_POINT('Ctrl Pts',(441.35109341539,154.957279838299,74.9098890768421));
#4354=CARTESIAN_POINT('Ctrl Pts',(439.900619970053,157.402222302639,73.0500409758459));
#4355=CARTESIAN_POINT('Ctrl Pts',(436.983412883814,158.845415168729,70.0799408596781));
#4356=CARTESIAN_POINT('Ctrl Pts',(434.051320608837,158.159835860137,67.0070343740517));
#4357=CARTESIAN_POINT('Ctrl Pts',(432.654498700129,156.933163963966,65.5883504317704));
#4358=CARTESIAN_POINT('Ctrl Pts',(431.884606020705,155.8896402153,64.9037488836755));
#4359=CARTESIAN_POINT('Ctrl Pts',(431.549530575446,155.206103909798,64.670916744178));
#4360=CARTESIAN_POINT('Ctrl Pts',(431.304847681943,154.387612351205,64.6225577466902));
#4361=CARTESIAN_POINT('Ctrl Pts',(431.247852359018,154.141442743818,64.6324200257584));
#4362=CARTESIAN_POINT('Ctrl Pts',(431.17125282095,153.676961897703,64.6979860025329));
#4363=CARTESIAN_POINT('Ctrl Pts',(431.148173446608,153.462690500489,64.7468150628934));
#4364=CARTESIAN_POINT('Ctrl Pts',(431.122758046287,152.99182648351,64.8926119202475));
#4365=CARTESIAN_POINT('Ctrl Pts',(431.126724201393,152.741054912279,64.9968727681979));
#4366=CARTESIAN_POINT('Ctrl Pts',(431.180676531296,152.045561849054,65.3499761486499));
#4367=CARTESIAN_POINT('Ctrl Pts',(431.268319612753,151.634211191616,65.6413844444775));
#4368=CARTESIAN_POINT('Ctrl Pts',(431.548186138865,150.760603421655,66.3869983880551));
#4369=CARTESIAN_POINT('Ctrl Pts',(431.775312004049,150.318198026738,66.8778225370682));
#4370=CARTESIAN_POINT('Ctrl Pts',(432.764655595002,148.87266385852,68.7732734647824));
#4371=CARTESIAN_POINT('Ctrl Pts',(434.545461800814,147.655611077914,71.4129093053462));
#4372=CARTESIAN_POINT('Ctrl Pts',(437.244347372774,147.809463993315,73.9202907619784));
#4373=CARTESIAN_POINT('Ctrl Pts',(438.701506311376,148.42497638114,74.9612348843274));
#4374=CARTESIAN_POINT('Ctrl Pts',(439.418194731312,148.936654406992,75.3684547951832));
#4375=CARTESIAN_POINT('Ctrl Pts',(440.145936652612,149.62529727204,75.7120876928949));
#4376=CARTESIAN_POINT('Ctrl Pts',(440.496975336479,150.066036124217,75.8335930959142));
#4377=CARTESIAN_POINT('Ctrl Pts',(441.119441463104,151.17960477443,75.9362562204954));
#4378=CARTESIAN_POINT('Ctrl Pts',(441.344897861853,151.870005084751,75.8777660839093));
#4379=CARTESIAN_POINT('Ctrl Pts',(441.4308089734,152.549359842615,75.7243516085237));
#4380=CARTESIAN_POINT('Ctrl Pts',(441.4308089734,152.549359842615,75.7243516085237));
#4381=CARTESIAN_POINT('Ctrl Pts',(441.344897861853,151.870005084751,75.8777660839093));
#4382=CARTESIAN_POINT('Ctrl Pts',(441.119441463104,151.17960477443,75.9362562204954));
#4383=CARTESIAN_POINT('Ctrl Pts',(440.496975336479,150.066036124217,75.8335930959142));
#4384=CARTESIAN_POINT('Ctrl Pts',(440.145936652612,149.62529727204,75.7120876928949));
#4385=CARTESIAN_POINT('Ctrl Pts',(439.418194731312,148.936654406992,75.3684547951832));
#4386=CARTESIAN_POINT('Ctrl Pts',(438.701506311376,148.42497638114,74.9612348843274));
#4387=CARTESIAN_POINT('Ctrl Pts',(437.244347372774,147.809463993315,73.9202907619784));
#4388=CARTESIAN_POINT('Ctrl Pts',(434.545461800814,147.655611077914,71.4129093053462));
#4389=CARTESIAN_POINT('Ctrl Pts',(432.764655595002,148.87266385852,68.7732734647824));
#4390=CARTESIAN_POINT('Ctrl Pts',(431.775312004049,150.318198026738,66.8778225370682));
#4391=CARTESIAN_POINT('Ctrl Pts',(431.548186138865,150.760603421655,66.3869983880551));
#4392=CARTESIAN_POINT('Ctrl Pts',(431.268319612753,151.634211191616,65.6413844444775));
#4393=CARTESIAN_POINT('Ctrl Pts',(431.180676531296,152.045561849054,65.3499761486499));
#4394=CARTESIAN_POINT('Ctrl Pts',(431.126724201393,152.741054912279,64.9968727681979));
#4395=CARTESIAN_POINT('Ctrl Pts',(431.122758046287,152.99182648351,64.8926119202475));
#4396=CARTESIAN_POINT('Ctrl Pts',(431.148173446608,153.462690500489,64.7468150628934));
#4397=CARTESIAN_POINT('Ctrl Pts',(431.17125282095,153.676961897703,64.6979860025329));
#4398=CARTESIAN_POINT('Ctrl Pts',(431.247852359018,154.141442743818,64.6324200257584));
#4399=CARTESIAN_POINT('Ctrl Pts',(431.304847681943,154.387612351205,64.6225577466902));
#4400=CARTESIAN_POINT('Ctrl Pts',(431.549530575446,155.206103909798,64.670916744178));
#4401=CARTESIAN_POINT('Ctrl Pts',(431.884606020705,155.8896402153,64.9037488836755));
#4402=CARTESIAN_POINT('Ctrl Pts',(432.654498700129,156.933163963966,65.5883504317704));
#4403=CARTESIAN_POINT('Ctrl Pts',(434.051320608837,158.159835860137,67.0070343740517));
#4404=CARTESIAN_POINT('Ctrl Pts',(436.983412883814,158.845415168729,70.0799408596781));
#4405=CARTESIAN_POINT('Ctrl Pts',(439.900619970053,157.402222302639,73.0500409758459));
#4406=CARTESIAN_POINT('Ctrl Pts',(441.35109341539,154.957279838299,74.9098890768421));
#4407=CARTESIAN_POINT('Ctrl Pts',(441.532745522394,153.355438105522,75.5423199492294));
#4408=CARTESIAN_POINT('Ctrl Pts',(441.4308089734,152.549359842615,75.7243516085237));
#4409=CARTESIAN_POINT('Ctrl Pts',(441.261231541605,152.500859117638,75.4141396354451));
#4410=CARTESIAN_POINT('Ctrl Pts',(441.176092894128,151.86951578722,75.556606067857));
#4411=CARTESIAN_POINT('Ctrl Pts',(440.966675369697,151.233720172154,75.6096485878706));
#4412=CARTESIAN_POINT('Ctrl Pts',(440.397019381594,150.20434860215,75.5135308903639));
#4413=CARTESIAN_POINT('Ctrl Pts',(440.076687675119,149.794534965189,75.4005186010245));
#4414=CARTESIAN_POINT('Ctrl Pts',(439.409290402439,149.145898441182,75.0797995277518));
#4415=CARTESIAN_POINT('Ctrl Pts',(438.746651839896,148.655553448378,74.6973135406167));
#4416=CARTESIAN_POINT('Ctrl Pts',(437.379524497692,148.041384608047,73.7093617230921));
#4417=CARTESIAN_POINT('Ctrl Pts',(434.776390309228,147.815900147528,71.2876265208328));
#4418=CARTESIAN_POINT('Ctrl Pts',(432.974901117914,148.95011531215,68.6888136727033));
#4419=CARTESIAN_POINT('Ctrl Pts',(431.951623699497,150.350182155633,66.8194883233364));
#4420=CARTESIAN_POINT('Ctrl Pts',(431.71282908523,150.780171038411,66.3347925066264));
#4421=CARTESIAN_POINT('Ctrl Pts',(431.41190994852,151.637490785852,65.598361373123));
#4422=CARTESIAN_POINT('Ctrl Pts',(431.314631578985,152.042302000163,65.3103710203633));
#4423=CARTESIAN_POINT('Ctrl Pts',(431.247704565105,152.729783791592,64.9613409200865));
#4424=CARTESIAN_POINT('Ctrl Pts',(431.239641635689,152.977886492166,64.8582328312877));
#4425=CARTESIAN_POINT('Ctrl Pts',(431.259004822862,153.44428406126,64.7139856588795));
#4426=CARTESIAN_POINT('Ctrl Pts',(431.279937662078,153.656550359343,64.6656276970344));
#4427=CARTESIAN_POINT('Ctrl Pts',(431.353338541849,154.116696433024,64.6005773341022));
#4428=CARTESIAN_POINT('Ctrl Pts',(431.409608549116,154.360325905608,64.5906542855947));
#4429=CARTESIAN_POINT('Ctrl Pts',(431.654555388903,155.169645466717,64.6377947384429));
#4430=CARTESIAN_POINT('Ctrl Pts',(431.996448566641,155.841499405087,64.8670832433583));
#4431=CARTESIAN_POINT('Ctrl Pts',(432.779149215501,156.857114100094,65.5419646738786));
#4432=CARTESIAN_POINT('Ctrl Pts',(434.192651969163,158.031796981813,66.9408994730127));
#4433=CARTESIAN_POINT('Ctrl Pts',(437.097685019065,158.616546338674,69.9667948527126));
#4434=CARTESIAN_POINT('Ctrl Pts',(439.887675763764,157.126917874825,72.8659219475305));
#4435=CARTESIAN_POINT('Ctrl Pts',(441.215852052973,154.756358581946,74.6512220291065));
#4436=CARTESIAN_POINT('Ctrl Pts',(441.361782998494,153.249268082005,75.2450432033197));
#4437=CARTESIAN_POINT('Ctrl Pts',(441.261231541605,152.500859117638,75.4141396354451));
#4438=CARTESIAN_POINT('Ctrl Pts',(441.091654109811,152.452358392661,75.1039276623664));
#4439=CARTESIAN_POINT('Ctrl Pts',(441.008376468376,151.869153084234,75.2358993581798));
#4440=CARTESIAN_POINT('Ctrl Pts',(440.814440705945,151.287834264412,75.2833096191218));
#4441=CARTESIAN_POINT('Ctrl Pts',(440.296926819512,150.342702730416,75.1933526148378));
#4442=CARTESIAN_POINT('Ctrl Pts',(440.008379245577,149.964059307726,75.0894133099849));
#4443=CARTESIAN_POINT('Ctrl Pts',(439.399643038642,149.354869242028,74.790707297046));
#4444=CARTESIAN_POINT('Ctrl Pts',(438.792912139829,148.886593823027,74.4339903073596));
#4445=CARTESIAN_POINT('Ctrl Pts',(437.514304117695,148.273096667406,73.4981183780192));
#4446=CARTESIAN_POINT('Ctrl Pts',(435.007167711305,147.975819649868,71.162278854867));
#4447=CARTESIAN_POINT('Ctrl Pts',(433.185619224266,149.030124275541,68.6045662786211));
#4448=CARTESIAN_POINT('Ctrl Pts',(432.127554504061,150.380824934309,66.7610442621259));
#4449=CARTESIAN_POINT('Ctrl Pts',(431.877603532054,150.800484245491,66.2827085009833));
#4450=CARTESIAN_POINT('Ctrl Pts',(431.5553427743,151.640177510238,65.5552876542807));
#4451=CARTESIAN_POINT('Ctrl Pts',(431.448541861378,152.039324311169,65.2708182507479));
#4452=CARTESIAN_POINT('Ctrl Pts',(431.368651051092,152.718299129686,64.9257934511459));
#4453=CARTESIAN_POINT('Ctrl Pts',(431.356474735684,152.963994768962,64.8238700737579));
#4454=CARTESIAN_POINT('Ctrl Pts',(431.369812184549,153.425759125889,64.6811509323749));
#4455=CARTESIAN_POINT('Ctrl Pts',(431.388563637138,153.63617104111,64.6332796620722));
#4456=CARTESIAN_POINT('Ctrl Pts',(431.458823858196,154.091807290113,64.5687268109315));
#4457=CARTESIAN_POINT('Ctrl Pts',(431.514276895506,154.333166756434,64.5587668680954));
#4458=CARTESIAN_POINT('Ctrl Pts',(431.759705911806,155.132714537205,64.6046334190753));
#4459=CARTESIAN_POINT('Ctrl Pts',(432.107926783236,155.79338828122,64.8304437452292));
#4460=CARTESIAN_POINT('Ctrl Pts',(432.904074065838,156.780703409624,65.4955267258999));
#4461=CARTESIAN_POINT('Ctrl Pts',(434.333405244927,157.903835309059,66.8748106760586));
#4462=CARTESIAN_POINT('Ctrl Pts',(437.212231617057,158.387410744344,69.8535889332802));
#4463=CARTESIAN_POINT('Ctrl Pts',(439.87476779843,156.852319984001,72.6817427230687));
#4464=CARTESIAN_POINT('Ctrl Pts',(441.081234327684,154.555681276516,74.3924522305434));
#4465=CARTESIAN_POINT('Ctrl Pts',(441.190934490472,153.145054014204,74.9473936236446));
#4466=CARTESIAN_POINT('Ctrl Pts',(441.091654109811,152.452358392661,75.1039276623664));
#4467=CARTESIAN_POINT('Ctrl Pts',(440.922076678017,152.403857667684,74.7937156892878));
#4468=CARTESIAN_POINT('Ctrl Pts',(440.83957150065,151.868663786703,74.9147393421275));
#4469=CARTESIAN_POINT('Ctrl Pts',(440.661674612538,151.341949662136,74.956701986497));
#4470=CARTESIAN_POINT('Ctrl Pts',(440.196970864627,150.481015208349,74.8732904092876));
#4471=CARTESIAN_POINT('Ctrl Pts',(439.939130268083,150.133297000875,74.7778442181145));
#4472=CARTESIAN_POINT('Ctrl Pts',(439.390738709769,149.564113276218,74.5020520296147));
#4473=CARTESIAN_POINT('Ctrl Pts',(438.838057668349,149.117170890265,74.170068963649));
#4474=CARTESIAN_POINT('Ctrl Pts',(437.649481242613,148.505017282138,73.2871893391329));
#4475=CARTESIAN_POINT('Ctrl Pts',(435.238096219719,148.136108719482,71.0369960703536));
#4476=CARTESIAN_POINT('Ctrl Pts',(433.395864747178,149.107575729171,68.520106486542));
#4477=CARTESIAN_POINT('Ctrl Pts',(432.303866199509,150.412809063204,66.7027100483941));
#4478=CARTESIAN_POINT('Ctrl Pts',(432.042246478419,150.820051862247,66.2305026195545));
#4479=CARTESIAN_POINT('Ctrl Pts',(431.698933110067,151.643457104474,65.5122645829262));
#4480=CARTESIAN_POINT('Ctrl Pts',(431.582496909066,152.036064462278,65.2312131224613));
#4481=CARTESIAN_POINT('Ctrl Pts',(431.489631414804,152.707028008998,64.8902616030345));
#4482=CARTESIAN_POINT('Ctrl Pts',(431.473358325086,152.950054777618,64.789490984798));
#4483=CARTESIAN_POINT('Ctrl Pts',(431.480643560802,153.407352686659,64.6483215283611));
#4484=CARTESIAN_POINT('Ctrl Pts',(431.497248478265,153.615759502749,64.6009213565737));
#4485=CARTESIAN_POINT('Ctrl Pts',(431.564310041026,154.067060979319,64.5368841192752));
#4486=CARTESIAN_POINT('Ctrl Pts',(431.619037762679,154.305880310836,64.5268634069999));
#4487=CARTESIAN_POINT('Ctrl Pts',(431.864730725263,155.096256094124,64.5715114133402));
#4488=CARTESIAN_POINT('Ctrl Pts',(432.219769329172,155.745247471008,64.7937781049119));
#4489=CARTESIAN_POINT('Ctrl Pts',(433.028724581211,156.704653545752,65.4491409680081));
#4490=CARTESIAN_POINT('Ctrl Pts',(434.474736605253,157.775796430735,66.8086757750196));
#4491=CARTESIAN_POINT('Ctrl Pts',(437.326503752307,158.158541914289,69.7404429263147));
#4492=CARTESIAN_POINT('Ctrl Pts',(439.861823592141,156.577015556188,72.4976236947533));
#4493=CARTESIAN_POINT('Ctrl Pts',(440.945992965267,154.354760020163,74.1337851828077));
#4494=CARTESIAN_POINT('Ctrl Pts',(441.019971966572,153.038883990687,74.6501168777349));
#4495=CARTESIAN_POINT('Ctrl Pts',(440.922076678017,152.403857667684,74.7937156892878));
#4496=CARTESIAN_POINT('',(440.922076678017,152.403857667684,74.7937156892878));
#4497=CARTESIAN_POINT('',(441.4308089734,152.549359842615,75.7243516085237));
#4498=CARTESIAN_POINT('',(440.976240252511,153.127756667508,74.5845922927912));
#4499=CARTESIAN_POINT('Ctrl Pts',(440.922076678017,152.403857667684,74.7937156892878));
#4500=CARTESIAN_POINT('Ctrl Pts',(440.83957150065,151.868663786703,74.9147393421275));
#4501=CARTESIAN_POINT('Ctrl Pts',(440.661674612538,151.341949662136,74.956701986497));
#4502=CARTESIAN_POINT('Ctrl Pts',(440.196970864627,150.481015208349,74.8732904092876));
#4503=CARTESIAN_POINT('Ctrl Pts',(439.939130268083,150.133297000875,74.7778442181145));
#4504=CARTESIAN_POINT('Ctrl Pts',(439.390738709769,149.564113276218,74.5020520296147));
#4505=CARTESIAN_POINT('Ctrl Pts',(438.838057668349,149.117170890265,74.170068963649));
#4506=CARTESIAN_POINT('Ctrl Pts',(437.649481242613,148.505017282138,73.2871893391329));
#4507=CARTESIAN_POINT('Ctrl Pts',(435.238096219719,148.136108719482,71.0369960703536));
#4508=CARTESIAN_POINT('Ctrl Pts',(433.395864747178,149.107575729171,68.520106486542));
#4509=CARTESIAN_POINT('Ctrl Pts',(432.303866199509,150.412809063204,66.7027100483941));
#4510=CARTESIAN_POINT('Ctrl Pts',(432.042246478419,150.820051862247,66.2305026195545));
#4511=CARTESIAN_POINT('Ctrl Pts',(431.698933110067,151.643457104474,65.5122645829262));
#4512=CARTESIAN_POINT('Ctrl Pts',(431.582496909066,152.036064462278,65.2312131224613));
#4513=CARTESIAN_POINT('Ctrl Pts',(431.489631414804,152.707028008998,64.8902616030345));
#4514=CARTESIAN_POINT('Ctrl Pts',(431.473358325086,152.950054777618,64.789490984798));
#4515=CARTESIAN_POINT('Ctrl Pts',(431.480643560802,153.407352686659,64.6483215283611));
#4516=CARTESIAN_POINT('Ctrl Pts',(431.497248478265,153.615759502749,64.6009213565737));
#4517=CARTESIAN_POINT('Ctrl Pts',(431.564310041026,154.067060979319,64.5368841192752));
#4518=CARTESIAN_POINT('Ctrl Pts',(431.619037762679,154.305880310836,64.5268634069999));
#4519=CARTESIAN_POINT('Ctrl Pts',(431.864730725263,155.096256094124,64.5715114133402));
#4520=CARTESIAN_POINT('Ctrl Pts',(432.219769329172,155.745247471008,64.7937781049119));
#4521=CARTESIAN_POINT('Ctrl Pts',(433.028724581211,156.704653545752,65.4491409680081));
#4522=CARTESIAN_POINT('Ctrl Pts',(434.474736605253,157.775796430735,66.8086757750196));
#4523=CARTESIAN_POINT('Ctrl Pts',(437.326503752307,158.158541914289,69.7404429263147));
#4524=CARTESIAN_POINT('Ctrl Pts',(439.861823592141,156.577015556188,72.4976236947533));
#4525=CARTESIAN_POINT('Ctrl Pts',(440.843826136818,154.56417453209,73.9796013124565));
#4526=CARTESIAN_POINT('Ctrl Pts',(440.975458691094,153.527618051528,74.4447721287182));
#4527=CARTESIAN_POINT('Ctrl Pts',(440.976240252511,153.127756667508,74.5845922927912));
#4528=CARTESIAN_POINT('Ctrl Pts',(440.976240252511,153.127756667508,74.5845922927912));
#4529=CARTESIAN_POINT('Ctrl Pts',(440.976713083941,152.885847297371,74.6691811257593));
#4530=CARTESIAN_POINT('Ctrl Pts',(440.958977374161,152.643224788767,74.7395874856729));
#4531=CARTESIAN_POINT('Ctrl Pts',(440.922076678017,152.403857667684,74.7937156892878));
#4532=CARTESIAN_POINT('Origin',(436.227532354099,153.12756588981,62.9));
#4533=CARTESIAN_POINT('',(440.977532354099,153.12756588981,62.9));
#4534=CARTESIAN_POINT('Origin',(436.227532354099,153.12756588981,62.9));
#4535=CARTESIAN_POINT('',(440.977532354099,153.12756588981,62.9));
#4536=CARTESIAN_POINT('Origin',(436.227532354099,153.12756588981,62.9));
#4537=CARTESIAN_POINT('',(438.927532354099,153.12756588981,62.9));
#4538=CARTESIAN_POINT('Origin',(436.227532354099,153.12756588981,62.9));
#4539=CARTESIAN_POINT('',(438.927532354099,153.12756588981,59.));
#4540=CARTESIAN_POINT('',(438.927532354099,153.12756588981,62.9));
#4541=CARTESIAN_POINT('Origin',(436.227532354099,153.12756588981,59.));
#4542=CARTESIAN_POINT('Origin',(436.227532354099,153.12756588981,62.9));
#4543=CARTESIAN_POINT('Origin',(555.,94.9999999999999,59.));
#4544=CARTESIAN_POINT('',(407.771593212013,-37.6288921639187,59.));
#4545=CARTESIAN_POINT('',(407.771593212013,-70.0000000000002,59.));
#4546=CARTESIAN_POINT('',(407.771593212013,27.4999999999999,59.));
#4547=CARTESIAN_POINT('',(410.785607497727,-3.1611892655206,59.));
#4548=CARTESIAN_POINT('Origin',(450.633395421397,-6.64741897542694,59.));
#4549=CARTESIAN_POINT('',(412.70191682478,18.7423265709593,59.));
#4550=CARTESIAN_POINT('',(670.460768184817,179.42078444967,59.));
#4551=CARTESIAN_POINT('Ctrl Pts',(670.460768184817,179.42078444967,59.));
#4552=CARTESIAN_POINT('Ctrl Pts',(670.323918754357,179.517428421735,59.));
#4553=CARTESIAN_POINT('Ctrl Pts',(670.186995612001,179.613982856827,59.));
#4554=CARTESIAN_POINT('Ctrl Pts',(669.912791786021,179.807053418914,59.));
#4555=CARTESIAN_POINT('Ctrl Pts',(669.775496767314,179.90357914159,59.));
#4556=CARTESIAN_POINT('Ctrl Pts',(669.638138746168,180.,59.));
#4557=CARTESIAN_POINT('Origin',(642.698391213549,111.20689561571,59.));
#4558=CARTESIAN_POINT('',(705.388936631245,0.418890660015663,59.));
#4559=CARTESIAN_POINT('',(666.341633503642,221.867150992694,59.));
#4560=CARTESIAN_POINT('',(646.300471450512,-70.0000000000002,59.));
#4561=CARTESIAN_POINT('Origin',(646.300471450512,-10.0000000000002,59.));
#4562=CARTESIAN_POINT('',(573.,-70.0000000000002,59.));
#4563=CARTESIAN_POINT('',(480.,-70.0000000000002,59.));
#4564=CARTESIAN_POINT('',(571.912844257252,-69.0038053019084,59.));
#4565=CARTESIAN_POINT('',(526.742978925664,-27.6132495724063,59.));
#4566=CARTESIAN_POINT('',(569.287851430696,-39.0000000000001,59.));
#4567=CARTESIAN_POINT('',(564.772445621541,12.6113245668379,59.));
#4568=CARTESIAN_POINT('',(520.5,-39.,59.));
#4569=CARTESIAN_POINT('',(562.5,-39.0000000000001,59.));
#4570=CARTESIAN_POINT('',(520.5,-55.0000000000001,59.));
#4571=CARTESIAN_POINT('',(520.5,27.4999999999999,59.));
#4572=CARTESIAN_POINT('',(518.275648958753,-69.0523381399261,59.));
#4573=CARTESIAN_POINT('Origin',(475.,-55.0000000000001,59.));
#4574=CARTESIAN_POINT('',(516.956373217487,-70.0000000000002,59.));
#4575=CARTESIAN_POINT('',(568.924752361845,-32.6700853320341,59.));
#4576=CARTESIAN_POINT('',(480.,-70.0000000000002,59.));
#4577=CARTESIAN_POINT('',(575.454447694653,37.1816177953564,59.));
#4578=CARTESIAN_POINT('',(570.620337237024,37.7751719252522,59.));
#4579=CARTESIAN_POINT('',(561.882236819763,38.8480757481106,59.));
#4580=CARTESIAN_POINT('',(540.175245186718,58.7018460656527,59.));
#4581=CARTESIAN_POINT('Origin',(535.300471450512,18.9999999999999,59.));
#4582=CARTESIAN_POINT('',(490.547937604652,64.7953132359101,59.));
#4583=CARTESIAN_POINT('',(545.282203398001,58.0747904441309,59.));
#4584=CARTESIAN_POINT('',(480.79839013224,-14.6083788953956,59.));
#4585=CARTESIAN_POINT('Origin',(485.673163868446,25.0934671702572,59.));
#4586=CARTESIAN_POINT('',(530.425697714306,-20.701846065653,59.));
#4587=CARTESIAN_POINT('',(510.719002134557,-18.2821681020462,59.));
#4588=CARTESIAN_POINT('',(564.930128270953,-7.87161023651005,59.));
#4589=CARTESIAN_POINT('Origin',(535.300471450512,18.9999999999999,59.));
#4590=CARTESIAN_POINT('',(569.848457898016,-8.47550518014443,59.));
#4591=CARTESIAN_POINT('',(553.817082209596,-6.50709975557322,59.));
#4592=CARTESIAN_POINT('',(572.823552765488,5.14293073446723,59.));
#4593=CARTESIAN_POINT('Origin',(570.701543301852,-1.52768211865517,59.));
#4594=CARTESIAN_POINT('',(575.074073500576,23.2497741073106,59.));
#4595=CARTESIAN_POINT('Origin',(535.300471450512,18.9999999999999,59.));
#4596=CARTESIAN_POINT('Origin',(574.601362290817,30.2337947338672,59.));
#4597=CARTESIAN_POINT('',(504.354823313323,72.8927346012461,59.));
#4598=CARTESIAN_POINT('Origin',(506.654823313323,72.8927346012461,59.));
#4599=CARTESIAN_POINT('',(492.167888972809,-26.3618805628861,59.));
#4600=CARTESIAN_POINT('Origin',(494.467888972809,-26.3618805628861,59.));
#4601=CARTESIAN_POINT('',(425.856795318298,21.1165323066928,59.));
#4602=CARTESIAN_POINT('Origin',(423.156795318298,21.1165323066928,59.));
#4603=CARTESIAN_POINT('',(679.2,-1.58802652378068E-13,59.));
#4604=CARTESIAN_POINT('Origin',(675.,-1.5931700403371E-13,59.));
#4605=CARTESIAN_POINT('',(667.940760275564,138.,59.));
#4606=CARTESIAN_POINT('Origin',(665.290760275564,138.,59.));
#4607=CARTESIAN_POINT('',(422.19785779374,9.07049171534693,59.));
#4608=CARTESIAN_POINT('Origin',(419.49785779374,9.07049171534693,59.));
#4609=CARTESIAN_POINT('Origin',(454.958310000005,42.7865808630343,59.499028605224));
#4610=CARTESIAN_POINT('',(407.771593212013,-40.0000000000002,62.704065304301));
#4611=CARTESIAN_POINT('Origin',(407.771593212013,-496.560060019296,54.0544074373788));
#4612=CARTESIAN_POINT('Origin',(447.715422682417,-40.0000000000002,58.66331083781));
#4613=CARTESIAN_POINT('',(446.146421325709,-5.52738559318121,98.7476639991203));
#4614=CARTESIAN_POINT('',(450.3733456806,42.7865808630343,99.2353860400692));
#4615=CARTESIAN_POINT('',(440.325318184776,4.03229693092837,97.5));
#4616=CARTESIAN_POINT('Ctrl Pts',(446.146421325709,-5.5273855931812,98.7476639991203));
#4617=CARTESIAN_POINT('Ctrl Pts',(444.554755242549,-3.47279305883439,98.5640102202941));
#4618=CARTESIAN_POINT('Ctrl Pts',(443.094017498946,-1.25344794160655,98.2748502404189));
#4619=CARTESIAN_POINT('Ctrl Pts',(441.28540814752,2.05164042121533,97.7974972336591));
#4620=CARTESIAN_POINT('Ctrl Pts',(440.789408653396,3.03304082525664,97.6506448787157));
#4621=CARTESIAN_POINT('Ctrl Pts',(440.325318184776,4.03229693092837,97.5));
#4622=CARTESIAN_POINT('Origin',(784.300062088064,3807.1800327126,97.5));
#4623=CARTESIAN_POINT('',(426.312122831356,16.8719906032626,89.3726945011563));
#4624=CARTESIAN_POINT('Ctrl Pts',(426.312122831356,16.8719906032627,89.3726945011563));
#4625=CARTESIAN_POINT('Ctrl Pts',(426.48751321895,17.0090142021842,89.5160744847695));
#4626=CARTESIAN_POINT('Ctrl Pts',(426.654269149913,17.1571310244936,89.6489071657377));
#4627=CARTESIAN_POINT('Ctrl Pts',(426.811417469908,17.3154864473095,89.7712816885174));
#4628=CARTESIAN_POINT('',(419.338561238399,17.5244645504989,81.4031765897484));
#4629=CARTESIAN_POINT('Ctrl Pts',(419.338561238399,17.5244645504989,81.4031765897484));
#4630=CARTESIAN_POINT('Ctrl Pts',(419.800077755516,16.9776621578516,82.1593013314393));
#4631=CARTESIAN_POINT('Ctrl Pts',(420.635878157104,16.3356619935796,83.3976742690677));
#4632=CARTESIAN_POINT('Ctrl Pts',(421.942083531724,15.8755979147748,85.0425796065898));
#4633=CARTESIAN_POINT('Ctrl Pts',(422.930907141829,15.7377843797711,86.17592646267));
#4634=CARTESIAN_POINT('Ctrl Pts',(424.400600660478,15.8250549276451,87.7145827484227));
#4635=CARTESIAN_POINT('Ctrl Pts',(425.605749638067,16.3201371154298,88.7952410941147));
#4636=CARTESIAN_POINT('Ctrl Pts',(426.312122831356,16.8719906032626,89.3726945011563));
#4637=CARTESIAN_POINT('Ctrl Pts',(418.920421132996,18.0975102994278,80.6922793534667));
#4638=CARTESIAN_POINT('Ctrl Pts',(419.051370553985,17.8887228635898,80.9239642681413));
#4639=CARTESIAN_POINT('Ctrl Pts',(419.192091159481,17.6980015456731,81.1632076038507));
#4640=CARTESIAN_POINT('Ctrl Pts',(419.338561238399,17.5244645504988,81.4031765897484));
#4641=CARTESIAN_POINT('',(415.110522076335,46.2728105729406,59.499028605224));
#4642=CARTESIAN_POINT('',(414.54852586997,9.50914196325731,73.4331299547913));
#4643=CARTESIAN_POINT('Ctrl Pts',(414.54852586997,9.50914196325731,73.4331299547913));
#4644=CARTESIAN_POINT('Ctrl Pts',(414.516954330655,9.14827761760388,73.4294870848703));
#4645=CARTESIAN_POINT('Ctrl Pts',(414.516488464057,8.76941197575273,73.5111991364838));
#4646=CARTESIAN_POINT('Ctrl Pts',(414.570039147161,8.10256450939704,73.7907576747414));
#4647=CARTESIAN_POINT('Ctrl Pts',(414.621717953941,7.80803562697304,73.9822124257099));
#4648=CARTESIAN_POINT('Ctrl Pts',(414.822678283591,6.95128889079409,74.6522211636437));
#4649=CARTESIAN_POINT('Ctrl Pts',(415.17131167529,6.18938537917698,75.6079660761624));
#4650=CARTESIAN_POINT('Ctrl Pts',(415.700792042487,5.46438221997828,76.8319060176434));
#4651=CARTESIAN_POINT('Ctrl Pts',(416.410576548443,4.71507886728099,78.340766278284));
#4652=CARTESIAN_POINT('Ctrl Pts',(417.340071437958,4.13101519584898,80.0289607330659));
#4653=CARTESIAN_POINT('Ctrl Pts',(418.583218881035,3.77138101979309,81.9395676765508));
#4654=CARTESIAN_POINT('Ctrl Pts',(419.631465475095,3.65914391926299,83.4018846657834));
#4655=CARTESIAN_POINT('Ctrl Pts',(421.165914024232,3.92110555009327,85.2579774250687));
#4656=CARTESIAN_POINT('Ctrl Pts',(422.32081576091,4.54536751748941,86.4564760299251));
#4657=CARTESIAN_POINT('Ctrl Pts',(423.260278822582,5.36364646664893,87.3559814999175));
#4658=CARTESIAN_POINT('Ctrl Pts',(423.72506299634,5.93844743171013,87.7664939741314));
#4659=CARTESIAN_POINT('Ctrl Pts',(424.237187651745,6.86393843313036,88.1875361880526));
#4660=CARTESIAN_POINT('Ctrl Pts',(424.61026791235,7.81680648918251,88.4665020985347));
#4661=CARTESIAN_POINT('Ctrl Pts',(424.75376775477,9.3732655980972,88.4888855655745));
#4662=CARTESIAN_POINT('Ctrl Pts',(424.49996848178,10.6609058738376,88.1616947769367));
#4663=CARTESIAN_POINT('Ctrl Pts',(424.122260174437,11.5449516444856,87.731872348382));
#4664=CARTESIAN_POINT('Ctrl Pts',(423.676840469711,12.3055847551371,87.2331075657114));
#4665=CARTESIAN_POINT('Ctrl Pts',(423.04250457414,13.0422708453715,86.5199485973315));
#4666=CARTESIAN_POINT('Ctrl Pts',(421.882436275679,13.9294568565699,85.1711515928734));
#4667=CARTESIAN_POINT('Ctrl Pts',(420.653842478759,14.3457422593179,83.6188271651868));
#4668=CARTESIAN_POINT('Ctrl Pts',(419.591477738543,14.4407156201844,82.1478712330188));
#4669=CARTESIAN_POINT('Ctrl Pts',(418.520091204702,14.3667499706859,80.5768014060176));
#4670=CARTESIAN_POINT('Ctrl Pts',(417.502941068364,14.0369985066082,78.9288173081588));
#4671=CARTESIAN_POINT('Ctrl Pts',(416.591350467952,13.4600145896614,77.2988198061624));
#4672=CARTESIAN_POINT('Ctrl Pts',(415.994852330358,12.9310224488146,76.1701931233563));
#4673=CARTESIAN_POINT('Ctrl Pts',(415.425147861304,12.2319210046312,75.0388803611415));
#4674=CARTESIAN_POINT('Ctrl Pts',(415.056815418466,11.5356315371161,74.2908384826603));
#4675=CARTESIAN_POINT('Ctrl Pts',(414.833721949707,10.9338492557031,73.85942262528));
#4676=CARTESIAN_POINT('Ctrl Pts',(414.754580792794,10.6839613490256,73.7115575537252));
#4677=CARTESIAN_POINT('Ctrl Pts',(414.624699988501,10.1230311820851,73.4980958786678));
#4678=CARTESIAN_POINT('Ctrl Pts',(414.574739145584,9.80876107455699,73.4361545635161));
#4679=CARTESIAN_POINT('Ctrl Pts',(414.54852586997,9.5091419632573,73.4331299547913));
#4680=CARTESIAN_POINT('Origin',(491.248686329161,70.5024536079009,99.5999999863681));
#4681=CARTESIAN_POINT('',(493.048686329161,70.5024536079009,97.5));
#4682=CARTESIAN_POINT('Origin',(491.248686329161,70.5024536079009,97.5));
#4683=CARTESIAN_POINT('',(493.048686329161,70.5024536079009,79.5999999863681));
#4684=CARTESIAN_POINT('',(493.048686329161,70.5024536079009,99.5999999863681));
#4685=CARTESIAN_POINT('Origin',(491.248686329161,70.5024536079009,79.5999999863681));
#4686=CARTESIAN_POINT('Origin',(491.248686329161,70.5024536079009,79.5999999863681));
#4687=CARTESIAN_POINT('Origin',(480.09764140759,-20.3155192672806,99.5999999863681));
#4688=CARTESIAN_POINT('',(481.89764140759,-20.3155192672806,97.5));
#4689=CARTESIAN_POINT('Origin',(480.09764140759,-20.3155192672806,97.5));
#4690=CARTESIAN_POINT('',(481.89764140759,-20.3155192672806,79.5999999863681));
#4691=CARTESIAN_POINT('',(481.89764140759,-20.3155192672806,99.5999999863681));
#4692=CARTESIAN_POINT('Origin',(480.09764140759,-20.3155192672806,79.5999999863681));
#4693=CARTESIAN_POINT('Origin',(480.09764140759,-20.3155192672806,79.5999999863681));
#4694=CARTESIAN_POINT('Origin',(540.875993911227,64.4089864376436,99.5999999863681));
#4695=CARTESIAN_POINT('',(542.675993911227,64.4089864376436,97.5));
#4696=CARTESIAN_POINT('Origin',(540.875993911227,64.4089864376436,97.5));
#4697=CARTESIAN_POINT('',(542.675993911227,64.4089864376436,79.5999999863681));
#4698=CARTESIAN_POINT('',(542.675993911227,64.4089864376436,99.5999999863681));
#4699=CARTESIAN_POINT('Origin',(540.875993911227,64.4089864376436,79.5999999863681));
#4700=CARTESIAN_POINT('Origin',(540.875993911227,64.4089864376436,79.5999999863681));
#4701=CARTESIAN_POINT('Origin',(529.724948989656,-26.4089864375374,99.5999999863681));
#4702=CARTESIAN_POINT('',(531.524948989657,-26.4089864375374,97.5));
#4703=CARTESIAN_POINT('Origin',(529.724948989656,-26.4089864375374,97.5));
#4704=CARTESIAN_POINT('',(531.524948989657,-26.4089864375374,79.5999999863681));
#4705=CARTESIAN_POINT('',(531.524948989657,-26.4089864375374,99.5999999863681));
#4706=CARTESIAN_POINT('Origin',(529.724948989656,-26.4089864375374,79.5999999863681));
#4707=CARTESIAN_POINT('Origin',(529.724948989656,-26.4089864375374,79.5999999863681));
#4708=CARTESIAN_POINT('Origin',(535.300471450512,18.9999999999999,72.9));
#4709=CARTESIAN_POINT('',(564.930128270953,-7.87161023651001,76.8));
#4710=CARTESIAN_POINT('',(569.848457898016,-8.47550518014451,72.6585596918149));
#4711=CARTESIAN_POINT('Ctrl Pts',(564.930128271067,-7.87161023652412,76.7999999999058));
#4712=CARTESIAN_POINT('Ctrl Pts',(567.268253032869,-8.15869585873797,74.8751928188989));
#4713=CARTESIAN_POINT('Ctrl Pts',(569.848457898016,-8.47550518014449,72.658559691815));
#4714=CARTESIAN_POINT('',(572.823552765487,5.14293073446724,76.8));
#4715=CARTESIAN_POINT('Origin',(535.300471450512,18.9999999999999,76.8));
#4716=CARTESIAN_POINT('',(577.339316413071,-3.75028602488222,69.));
#4717=CARTESIAN_POINT('Ctrl Pts',(572.823552765487,5.14293073446724,76.8000000000001));
#4718=CARTESIAN_POINT('Ctrl Pts',(572.925965694038,5.11035183828946,76.6926425833336));
#4719=CARTESIAN_POINT('Ctrl Pts',(573.026618981047,5.07573334472995,76.5862286103043));
#4720=CARTESIAN_POINT('Ctrl Pts',(573.988386297412,4.72075661241047,75.5610433337243));
#4721=CARTESIAN_POINT('Ctrl Pts',(574.857855774246,4.19741528833067,74.5656618599263));
#4722=CARTESIAN_POINT('Ctrl Pts',(576.325414968887,2.76460527274211,72.6811811155369));
#4723=CARTESIAN_POINT('Ctrl Pts',(576.923053438799,1.85541780621502,71.79151668956));
#4724=CARTESIAN_POINT('Ctrl Pts',(577.586109053807,0.0154106898650799,70.4526575545604));
#4725=CARTESIAN_POINT('Ctrl Pts',(577.756936516515,-0.986683560293823,69.8840898415847));
#4726=CARTESIAN_POINT('Ctrl Pts',(577.647936095389,-2.53537284014413,69.2936745060843));
#4727=CARTESIAN_POINT('Ctrl Pts',(577.552686262706,-3.05950666372001,69.138719578488));
#4728=CARTESIAN_POINT('Ctrl Pts',(577.378630282673,-3.6301785937891,69.0224675909872));
#4729=CARTESIAN_POINT('Ctrl Pts',(577.359387061962,-3.69034533407433,69.0108770076024));
#4730=CARTESIAN_POINT('Ctrl Pts',(577.339316413071,-3.75028602488222,69.));
#4731=CARTESIAN_POINT('',(575.927782867751,-6.18455016486733,69.));
#4732=CARTESIAN_POINT('Origin',(535.300471450512,18.9999999999999,69.));
#4733=CARTESIAN_POINT('Ctrl Pts',(575.927782867751,-6.18455016486736,69.));
#4734=CARTESIAN_POINT('Ctrl Pts',(575.885730227051,-6.2317443676005,69.0108770076024));
#4735=CARTESIAN_POINT('Ctrl Pts',(575.843070382051,-6.27833273314799,69.0224675909872));
#4736=CARTESIAN_POINT('Ctrl Pts',(575.434244707266,-6.71287099796563,69.1387195784879));
#4737=CARTESIAN_POINT('Ctrl Pts',(575.026663349119,-7.05589611677483,69.2936745060843));
#4738=CARTESIAN_POINT('Ctrl Pts',(573.736700892375,-7.91979219705247,69.8840898415847));
#4739=CARTESIAN_POINT('Ctrl Pts',(572.782126723787,-8.26931052973441,70.4526575545604));
#4740=CARTESIAN_POINT('Ctrl Pts',(571.225429700068,-8.54289126600553,71.5346228547488));
#4741=CARTESIAN_POINT('Ctrl Pts',(570.524830839015,-8.55855333471158,72.0774931697215));
#4742=CARTESIAN_POINT('Ctrl Pts',(569.848457898015,-8.47550518014437,72.6585596918159));
#4743=CARTESIAN_POINT('Origin',(571.315835786403,-1.69237569209397,69.));
#4744=CARTESIAN_POINT('Origin',(570.701543301852,-1.52768211865517,69.));
#4745=CARTESIAN_POINT('Origin',(535.300471450512,18.9999999999999,72.9));
#4746=CARTESIAN_POINT('',(575.454447694653,37.1816177953564,72.7215127996501));
#4747=CARTESIAN_POINT('',(580.943989563378,33.1953955309636,69.0000000000001));
#4748=CARTESIAN_POINT('Ctrl Pts',(575.454447694653,37.1816177953564,72.7215127996501));
#4749=CARTESIAN_POINT('Ctrl Pts',(576.136668762078,37.0978515811539,72.1345851420321));
#4750=CARTESIAN_POINT('Ctrl Pts',(576.818577813994,36.9106466564909,71.5862783900522));
#4751=CARTESIAN_POINT('Ctrl Pts',(578.266977404817,36.2622142390798,70.4999900760971));
#4752=CARTESIAN_POINT('Ctrl Pts',(579.107236514471,35.68985491234,69.9313817193948));
#4753=CARTESIAN_POINT('Ctrl Pts',(580.146933535135,34.5366442068997,69.3409298906235));
#4754=CARTESIAN_POINT('Ctrl Pts',(580.458301010209,34.1043216042614,69.1859663503195));
#4755=CARTESIAN_POINT('Ctrl Pts',(580.798235711332,33.4935673042593,69.049777727461));
#4756=CARTESIAN_POINT('Ctrl Pts',(580.873750340708,33.3458213445127,69.022397726167));
#4757=CARTESIAN_POINT('Ctrl Pts',(580.943989563378,33.1953955309636,69.));
#4758=CARTESIAN_POINT('',(581.551035472198,31.0716746011464,69.0000000000001));
#4759=CARTESIAN_POINT('Origin',(535.300471450512,18.9999999999999,69.));
#4760=CARTESIAN_POINT('',(575.074073500576,23.2497741073105,76.8));
#4761=CARTESIAN_POINT('Ctrl Pts',(581.551035472198,31.0716746011464,69.));
#4762=CARTESIAN_POINT('Ctrl Pts',(581.570907168149,30.9068516977524,69.022397726167));
#4763=CARTESIAN_POINT('Ctrl Pts',(581.584884093149,30.7415157565939,69.049777727461));
#4764=CARTESIAN_POINT('Ctrl Pts',(581.619086143529,30.0433706171363,69.1859663503195));
#4765=CARTESIAN_POINT('Ctrl Pts',(581.58323864197,29.5117998373545,69.3409298906234));
#4766=CARTESIAN_POINT('Ctrl Pts',(581.310077712536,27.9833208769003,69.9313817193948));
#4767=CARTESIAN_POINT('Ctrl Pts',(580.899246064295,27.0533488735231,70.4999900760971));
#4768=CARTESIAN_POINT('Ctrl Pts',(579.806038286872,25.4312757472507,71.8389709006831));
#4769=CARTESIAN_POINT('Ctrl Pts',(579.004006017181,24.6958682696373,72.7287175442638));
#4770=CARTESIAN_POINT('Ctrl Pts',(577.230247085548,23.66562328601,74.6133881888393));
#4771=CARTESIAN_POINT('Ctrl Pts',(576.259027601131,23.3709482535006,75.6088782554039));
#4772=CARTESIAN_POINT('Ctrl Pts',(575.344159196524,23.273316822339,76.5289413478589));
#4773=CARTESIAN_POINT('Ctrl Pts',(575.255121342496,23.2638150261544,76.6184847651524));
#4774=CARTESIAN_POINT('Ctrl Pts',(575.165046565796,23.2559315902298,76.7088876398794));
#4775=CARTESIAN_POINT('Ctrl Pts',(575.074073500576,23.2497741073106,76.8000000000001));
#4776=CARTESIAN_POINT('',(570.620337237024,37.7751719252523,76.8));
#4777=CARTESIAN_POINT('Origin',(535.300471450512,18.9999999999999,76.8));
#4778=CARTESIAN_POINT('Ctrl Pts',(575.454447694652,37.1816177953565,72.7215127996503));
#4779=CARTESIAN_POINT('Ctrl Pts',(572.92014572245,37.4927909502086,74.9018206078737));
#4780=CARTESIAN_POINT('Ctrl Pts',(570.620337237024,37.7751719252522,76.8000000000001));
#4781=CARTESIAN_POINT('Origin',(576.11084976392,30.5124730162814,69.));
#4782=CARTESIAN_POINT('Origin',(574.601362290817,30.2337947338672,69.));
#4783=CARTESIAN_POINT('Origin',(574.601362290817,30.2337947338672,59.));
#4784=CARTESIAN_POINT('',(575.074073500576,23.2497741073106,59.));
#4785=CARTESIAN_POINT('',(575.454447694653,37.1816177953564,59.));
#4786=CARTESIAN_POINT('Origin',(575.454447694653,37.1816177953564,59.));
#4787=CARTESIAN_POINT('',(570.620337237024,37.7751719252522,59.));
#4788=CARTESIAN_POINT('Origin',(570.701543301852,-1.52768211865517,59.));
#4789=CARTESIAN_POINT('',(569.848457898016,-8.47550518014443,59.));
#4790=CARTESIAN_POINT('',(572.823552765487,5.14293073446724,59.));
#4791=CARTESIAN_POINT('Origin',(564.930128270953,-7.87161023651005,59.));
#4792=CARTESIAN_POINT('',(564.930128270953,-7.87161023651005,59.));
#4793=CARTESIAN_POINT('Origin',(535.300471450512,18.9999999999999,59.));
#4794=CARTESIAN_POINT('',(530.425697714306,-20.701846065653,97.5));
#4795=CARTESIAN_POINT('',(530.425697714306,-20.701846065653,59.));
#4796=CARTESIAN_POINT('',(540.175245186718,58.7018460656528,97.5));
#4797=CARTESIAN_POINT('Origin',(535.300471450512,18.9999999999999,97.5));
#4798=CARTESIAN_POINT('',(540.175245186718,58.7018460656527,59.));
#4799=CARTESIAN_POINT('Origin',(506.654823313323,72.8927346012461,59.));
#4800=CARTESIAN_POINT('',(504.354823313323,72.8927346012461,95.));
#4801=CARTESIAN_POINT('',(504.354823313323,72.8927346012461,59.));
#4802=CARTESIAN_POINT('Origin',(506.654823313323,72.8927346012461,95.));
#4803=CARTESIAN_POINT('Origin',(506.654823313323,72.8927346012461,95.));
#4804=CARTESIAN_POINT('Origin',(494.467888972809,-26.3618805628861,59.));
#4805=CARTESIAN_POINT('',(492.167888972809,-26.3618805628861,95.));
#4806=CARTESIAN_POINT('',(492.167888972809,-26.3618805628861,59.));
#4807=CARTESIAN_POINT('Origin',(494.467888972809,-26.3618805628861,95.));
#4808=CARTESIAN_POINT('Origin',(494.467888972809,-26.3618805628861,95.));
#4809=CARTESIAN_POINT('Ctrl Pts',(426.312122831356,16.8719906032626,89.3726945011563));
#4810=CARTESIAN_POINT('Ctrl Pts',(425.605749638067,16.3201371154298,88.7952410941147));
#4811=CARTESIAN_POINT('Ctrl Pts',(424.400600660478,15.8250549276451,87.7145827484227));
#4812=CARTESIAN_POINT('Ctrl Pts',(422.930907141829,15.7377843797711,86.17592646267));
#4813=CARTESIAN_POINT('Ctrl Pts',(421.942083531724,15.8755979147748,85.0425796065898));
#4814=CARTESIAN_POINT('Ctrl Pts',(420.635878157104,16.3356619935796,83.3976742690677));
#4815=CARTESIAN_POINT('Ctrl Pts',(419.800077755516,16.9776621578516,82.1593013314393));
#4816=CARTESIAN_POINT('Ctrl Pts',(419.338561238399,17.5244645504989,81.4031765897484));
#4817=CARTESIAN_POINT('Ctrl Pts',(426.323383602672,17.1134250321307,89.1305054659168));
#4818=CARTESIAN_POINT('Ctrl Pts',(425.663858363533,16.5746543673512,88.5792960389402));
#4819=CARTESIAN_POINT('Ctrl Pts',(424.519240700942,16.0661513393593,87.5372957695584));
#4820=CARTESIAN_POINT('Ctrl Pts',(423.092607062105,15.9394599119188,86.0377680432826));
#4821=CARTESIAN_POINT('Ctrl Pts',(422.121900210498,16.0446419726929,84.9285491615117));
#4822=CARTESIAN_POINT('Ctrl Pts',(420.825037951889,16.4559189318187,83.3132065243753));
#4823=CARTESIAN_POINT('Ctrl Pts',(419.979048077023,17.0622690859155,82.09230301761));
#4824=CARTESIAN_POINT('Ctrl Pts',(419.505648673528,17.5884774179447,81.3460467118913));
#4825=CARTESIAN_POINT('Ctrl Pts',(426.334644373988,17.3548594609987,88.8883164306773));
#4826=CARTESIAN_POINT('Ctrl Pts',(425.721967088998,16.8291716192726,88.3633509837657));
#4827=CARTESIAN_POINT('Ctrl Pts',(424.637880741406,16.3072477510735,87.360008790694));
#4828=CARTESIAN_POINT('Ctrl Pts',(423.25430698238,16.1411354440666,85.8996096238952));
#4829=CARTESIAN_POINT('Ctrl Pts',(422.301716889273,16.2136860306111,84.8145187164336));
#4830=CARTESIAN_POINT('Ctrl Pts',(421.014197746674,16.5761758700577,83.2287387796828));
#4831=CARTESIAN_POINT('Ctrl Pts',(420.158018398531,17.1468760139794,82.0253047037808));
#4832=CARTESIAN_POINT('Ctrl Pts',(419.672736108656,17.6524902853905,81.2889168340342));
#4833=CARTESIAN_POINT('Ctrl Pts',(426.345905145304,17.5962938898667,88.6461273954377));
#4834=CARTESIAN_POINT('Ctrl Pts',(425.780075814464,17.083688871194,88.1474059285911));
#4835=CARTESIAN_POINT('Ctrl Pts',(424.75652078187,16.5483441627877,87.1827218118297));
#4836=CARTESIAN_POINT('Ctrl Pts',(423.416006902656,16.3428109762143,85.7614512045078));
#4837=CARTESIAN_POINT('Ctrl Pts',(422.481533568047,16.3827300885292,84.7004882713555));
#4838=CARTESIAN_POINT('Ctrl Pts',(421.203357541458,16.6964328082967,83.1442710349903));
#4839=CARTESIAN_POINT('Ctrl Pts',(420.336988720038,17.2314829420433,81.9583063899516));
#4840=CARTESIAN_POINT('Ctrl Pts',(419.839823543784,17.7165031528363,81.2317869561771));
#4841=CARTESIAN_POINT('',(419.839823543784,17.7165031528363,81.2317869561771));
#4842=CARTESIAN_POINT('',(419.839823543784,17.7165031528363,81.2317869561771));
#4843=CARTESIAN_POINT('',(426.345905145304,17.5962938898667,88.6461273954377));
#4844=CARTESIAN_POINT('',(426.312122831356,16.8719906032626,89.3726945011563));
#4845=CARTESIAN_POINT('Ctrl Pts',(426.345905145304,17.5962938898667,88.6461273954377));
#4846=CARTESIAN_POINT('Ctrl Pts',(425.780075814464,17.083688871194,88.1474059285911));
#4847=CARTESIAN_POINT('Ctrl Pts',(424.75652078187,16.5483441627877,87.1827218118297));
#4848=CARTESIAN_POINT('Ctrl Pts',(423.416006902656,16.3428109762143,85.7614512045078));
#4849=CARTESIAN_POINT('Ctrl Pts',(422.481533568047,16.3827300885292,84.7004882713555));
#4850=CARTESIAN_POINT('Ctrl Pts',(421.203357541458,16.6964328082967,83.1442710349903));
#4851=CARTESIAN_POINT('Ctrl Pts',(420.336988720038,17.2314829420433,81.9583063899516));
#4852=CARTESIAN_POINT('Ctrl Pts',(419.839823543784,17.7165031528363,81.2317869561771));
#4853=CARTESIAN_POINT('Ctrl Pts',(418.920421132996,18.0975102994277,80.6922793534667));
#4854=CARTESIAN_POINT('Ctrl Pts',(418.763379040313,18.3479002255698,80.414429451049));
#4855=CARTESIAN_POINT('Ctrl Pts',(418.478455974341,18.8943786940246,79.8828776571917));
#4856=CARTESIAN_POINT('Ctrl Pts',(418.267066783706,19.5949485514041,79.4254651636776));
#4857=CARTESIAN_POINT('Ctrl Pts',(418.132678230283,20.3401652688152,79.0861489156787));
#4858=CARTESIAN_POINT('Ctrl Pts',(418.060847032656,21.1292393868815,78.8417080502826));
#4859=CARTESIAN_POINT('Ctrl Pts',(418.216426825334,22.3893825477001,78.9270822131354));
#4860=CARTESIAN_POINT('Ctrl Pts',(418.547201098034,23.3550413378908,79.3578065665389));
#4861=CARTESIAN_POINT('Ctrl Pts',(418.842763963141,23.9184371759631,79.7722575537682));
#4862=CARTESIAN_POINT('Ctrl Pts',(419.353169539305,24.7136216591459,80.4952886161842));
#4863=CARTESIAN_POINT('Ctrl Pts',(420.238725377983,25.6282216738721,81.7594900187954));
#4864=CARTESIAN_POINT('Ctrl Pts',(421.924432284024,26.4243293828172,83.9690097929537));
#4865=CARTESIAN_POINT('Ctrl Pts',(423.82096517118,26.5499690355669,86.1888751772528));
#4866=CARTESIAN_POINT('Ctrl Pts',(425.477182685838,26.0233733573536,87.9210550130686));
#4867=CARTESIAN_POINT('Ctrl Pts',(426.748002295515,25.0781185642754,89.1617076029775));
#4868=CARTESIAN_POINT('Ctrl Pts',(427.834176448924,23.7661153145683,90.1922187885657));
#4869=CARTESIAN_POINT('Ctrl Pts',(428.273193916256,22.5384554567389,90.6180171998057));
#4870=CARTESIAN_POINT('Ctrl Pts',(428.407579580914,21.0609611602363,90.8215006912804));
#4871=CARTESIAN_POINT('Ctrl Pts',(428.370488460251,20.4962731703415,90.8290430382863));
#4872=CARTESIAN_POINT('Ctrl Pts',(428.012981884708,18.900360600137,90.6512533364317));
#4873=CARTESIAN_POINT('Ctrl Pts',(427.501838426392,18.0112107317827,90.3089262212065));
#4874=CARTESIAN_POINT('Ctrl Pts',(426.811417469908,17.3154864473095,89.7712816885173));
#4875=CARTESIAN_POINT('Ctrl Pts',(419.074505994619,18.1424560767266,80.6441914748807));
#4876=CARTESIAN_POINT('Ctrl Pts',(418.911586371684,18.3855127836939,80.3697918597119));
#4877=CARTESIAN_POINT('Ctrl Pts',(418.6137607542,18.9182526538963,79.8446345603221));
#4878=CARTESIAN_POINT('Ctrl Pts',(418.387237210314,19.6072005756782,79.3926484861607));
#4879=CARTESIAN_POINT('Ctrl Pts',(418.240523365626,20.3429022079888,79.0573188015306));
#4880=CARTESIAN_POINT('Ctrl Pts',(418.158150524591,21.1243462166662,78.8157804647694));
#4881=CARTESIAN_POINT('Ctrl Pts',(418.316488256808,22.3735986759944,78.9001788031491));
#4882=CARTESIAN_POINT('Ctrl Pts',(418.661960538647,23.3247180656498,79.3257983382928));
#4883=CARTESIAN_POINT('Ctrl Pts',(418.968463686678,23.8754979826808,79.7354013332317));
#4884=CARTESIAN_POINT('Ctrl Pts',(419.495307275518,24.6489168196195,80.4496873983187));
#4885=CARTESIAN_POINT('Ctrl Pts',(420.400752026961,25.5265801098618,81.6985776480613));
#4886=CARTESIAN_POINT('Ctrl Pts',(422.089317838214,26.2572229733326,83.8759773963899));
#4887=CARTESIAN_POINT('Ctrl Pts',(423.952134566187,26.3215049002136,86.0530356006815));
#4888=CARTESIAN_POINT('Ctrl Pts',(425.543507507587,25.762636675481,87.737530726924));
#4889=CARTESIAN_POINT('Ctrl Pts',(426.737519190384,24.8261585640227,88.9303998934633));
#4890=CARTESIAN_POINT('Ctrl Pts',(427.739836143283,23.5607702612238,89.9109951311142));
#4891=CARTESIAN_POINT('Ctrl Pts',(428.130403548059,22.4120699953759,90.3074464743967));
#4892=CARTESIAN_POINT('Ctrl Pts',(428.247083741844,21.0450974539146,90.4964977049345));
#4893=CARTESIAN_POINT('Ctrl Pts',(428.21265601525,20.5236842973661,90.503573813119));
#4894=CARTESIAN_POINT('Ctrl Pts',(427.888380836318,19.0472602676367,90.3383332762741));
#4895=CARTESIAN_POINT('Ctrl Pts',(427.427154134,18.2131095006461,90.0201937028538));
#4896=CARTESIAN_POINT('Ctrl Pts',(426.787603977985,17.5430943664091,89.5098554322976));
#4897=CARTESIAN_POINT('Ctrl Pts',(419.228590856243,18.1874018540254,80.5961035962947));
#4898=CARTESIAN_POINT('Ctrl Pts',(419.059932231273,18.4231255538917,80.3251306586356));
#4899=CARTESIAN_POINT('Ctrl Pts',(418.748830115404,18.9421223248795,79.8064395726175));
#4900=CARTESIAN_POINT('Ctrl Pts',(418.507630432666,19.6194191944257,79.3597994302428));
#4901=CARTESIAN_POINT('Ctrl Pts',(418.348200492547,20.3456087964666,79.0285303125991));
#4902=CARTESIAN_POINT('Ctrl Pts',(418.255408042193,21.1194396320336,78.7898883866215));
#4903=CARTESIAN_POINT('Ctrl Pts',(418.416726087427,22.3576286885191,78.8732312988931));
#4904=CARTESIAN_POINT('Ctrl Pts',(418.776733057276,23.2943813334089,79.2938376447841));
#4905=CARTESIAN_POINT('Ctrl Pts',(419.094273585821,23.8323436716404,79.6984693365876));
#4906=CARTESIAN_POINT('Ctrl Pts',(419.637582764025,24.584447251764,80.4042795540472));
#4907=CARTESIAN_POINT('Ctrl Pts',(420.562823501421,25.424740369483,81.637670782563));
#4908=CARTESIAN_POINT('Ctrl Pts',(422.254267578303,26.0900734230711,83.7830121596738));
#4909=CARTESIAN_POINT('Ctrl Pts',(424.083510625412,26.0929427431638,85.9173376931714));
#4910=CARTESIAN_POINT('Ctrl Pts',(425.609842488963,25.501566953343,87.5540229392212));
#4911=CARTESIAN_POINT('Ctrl Pts',(426.727120381761,24.5745056806466,88.6991180630845));
#4912=CARTESIAN_POINT('Ctrl Pts',(427.645155808997,23.3550582705647,89.6295721815583));
#4913=CARTESIAN_POINT('Ctrl Pts',(427.986722828021,22.2872763203937,89.9962402862481));
#4914=CARTESIAN_POINT('Ctrl Pts',(428.086786277225,21.0281172329385,90.1716637238083));
#4915=CARTESIAN_POINT('Ctrl Pts',(428.054658096733,20.5518087283262,90.1779628964378));
#4916=CARTESIAN_POINT('Ctrl Pts',(427.763425474362,19.1925666782379,90.0252549255539));
#4917=CARTESIAN_POINT('Ctrl Pts',(427.351568579388,18.4133772292031,89.7308988089529));
#4918=CARTESIAN_POINT('Ctrl Pts',(426.763790486061,17.7707022855087,89.2484291760778));
#4919=CARTESIAN_POINT('Ctrl Pts',(419.382675717866,18.2323476313242,80.5480157177088));
#4920=CARTESIAN_POINT('Ctrl Pts',(419.208139562643,18.4607381120158,80.2804930672985));
#4921=CARTESIAN_POINT('Ctrl Pts',(418.884134895263,18.9659962847513,79.768196475748));
#4922=CARTESIAN_POINT('Ctrl Pts',(418.627800859274,19.6316712186998,79.3269827527259));
#4923=CARTESIAN_POINT('Ctrl Pts',(418.45604562789,20.3483457356402,78.9997001984509));
#4924=CARTESIAN_POINT('Ctrl Pts',(418.352711534128,21.1145464618183,78.7639608011084));
#4925=CARTESIAN_POINT('Ctrl Pts',(418.516787518901,22.3418448168134,78.8463278889068));
#4926=CARTESIAN_POINT('Ctrl Pts',(418.891492497889,23.264058061168,79.261829416538));
#4927=CARTESIAN_POINT('Ctrl Pts',(419.219973309359,23.789404478358,79.6616131160511));
#4928=CARTESIAN_POINT('Ctrl Pts',(419.779720500239,24.5197424122377,80.3586783361818));
#4929=CARTESIAN_POINT('Ctrl Pts',(420.724850150399,25.3230988054727,81.576758411829));
#4930=CARTESIAN_POINT('Ctrl Pts',(422.419153132492,25.9229670135866,83.6899797631101));
#4931=CARTESIAN_POINT('Ctrl Pts',(424.214680020419,25.8644786078105,85.7814981166001));
#4932=CARTESIAN_POINT('Ctrl Pts',(425.676167310712,25.2408302714704,87.3704986530766));
#4933=CARTESIAN_POINT('Ctrl Pts',(426.71663727663,24.3225456803938,88.4678103535702));
#4934=CARTESIAN_POINT('Ctrl Pts',(427.550815503356,23.1497132172202,89.3483485241068));
#4935=CARTESIAN_POINT('Ctrl Pts',(427.843932459824,22.1608908590307,89.6856695608391));
#4936=CARTESIAN_POINT('Ctrl Pts',(427.926290438155,21.0122535266168,89.8466607374623));
#4937=CARTESIAN_POINT('Ctrl Pts',(427.896825651731,20.5792198553509,89.8524936712704));
#4938=CARTESIAN_POINT('Ctrl Pts',(427.638824425971,19.3394663457377,89.7123348653963));
#4939=CARTESIAN_POINT('Ctrl Pts',(427.276884286995,18.6152759980665,89.4421662906002));
#4940=CARTESIAN_POINT('Ctrl Pts',(426.739976994138,17.9983102046083,88.9870029198581));
#4941=CARTESIAN_POINT('',(419.382675717866,18.2323476313242,80.5480157177087));
#4942=CARTESIAN_POINT('',(418.920421132959,18.09751029935,80.6922793534178));
#4943=CARTESIAN_POINT('',(427.907179142869,21.1165683686178,89.8214980881704));
#4944=CARTESIAN_POINT('Ctrl Pts',(419.382675717866,18.2323476313242,80.5480157177088));
#4945=CARTESIAN_POINT('Ctrl Pts',(419.208139562643,18.4607381120158,80.2804930672985));
#4946=CARTESIAN_POINT('Ctrl Pts',(418.884134895263,18.9659962847513,79.768196475748));
#4947=CARTESIAN_POINT('Ctrl Pts',(418.627800859274,19.6316712186998,79.3269827527259));
#4948=CARTESIAN_POINT('Ctrl Pts',(418.45604562789,20.3483457356402,78.9997001984509));
#4949=CARTESIAN_POINT('Ctrl Pts',(418.352711534128,21.1145464618183,78.7639608011084));
#4950=CARTESIAN_POINT('Ctrl Pts',(418.516787518901,22.3418448168134,78.8463278889068));
#4951=CARTESIAN_POINT('Ctrl Pts',(418.891492497889,23.264058061168,79.261829416538));
#4952=CARTESIAN_POINT('Ctrl Pts',(419.219973309359,23.789404478358,79.6616131160511));
#4953=CARTESIAN_POINT('Ctrl Pts',(419.779720500239,24.5197424122377,80.3586783361818));
#4954=CARTESIAN_POINT('Ctrl Pts',(420.724850150399,25.3230988054727,81.576758411829));
#4955=CARTESIAN_POINT('Ctrl Pts',(422.419153132492,25.9229670135866,83.6899797631101));
#4956=CARTESIAN_POINT('Ctrl Pts',(424.214680020419,25.8644786078105,85.7814981166001));
#4957=CARTESIAN_POINT('Ctrl Pts',(425.676167310712,25.2408302714704,87.3704986530766));
#4958=CARTESIAN_POINT('Ctrl Pts',(426.71663727663,24.3225456803938,88.4678103535702));
#4959=CARTESIAN_POINT('Ctrl Pts',(427.550815503356,23.1497132172202,89.3483485241068));
#4960=CARTESIAN_POINT('Ctrl Pts',(427.843932459824,22.1608908590307,89.6856695608391));
#4961=CARTESIAN_POINT('Ctrl Pts',(427.903058180408,21.336271176216,89.8012469404495));
#4962=CARTESIAN_POINT('Ctrl Pts',(427.907053515957,21.2263422207024,89.8131308616514));
#4963=CARTESIAN_POINT('Ctrl Pts',(427.90717914287,21.1165683686178,89.8214980881704));
#4964=CARTESIAN_POINT('',(426.739976994138,17.9983102046083,88.9870029198581));
#4965=CARTESIAN_POINT('Ctrl Pts',(427.90717914287,21.1165683686178,89.8214980881704));
#4966=CARTESIAN_POINT('Ctrl Pts',(427.907549219596,20.7931922150566,89.8461465948622));
#4967=CARTESIAN_POINT('Ctrl Pts',(427.874338078646,20.4711620444888,89.8402773285713));
#4968=CARTESIAN_POINT('Ctrl Pts',(427.638824425971,19.3394663457377,89.7123348653963));
#4969=CARTESIAN_POINT('Ctrl Pts',(427.276884286995,18.6152759980665,89.4421662906002));
#4970=CARTESIAN_POINT('Ctrl Pts',(426.739976994138,17.9983102046083,88.9870029198581));
#4971=CARTESIAN_POINT('',(426.739976994138,17.9983102046083,88.9870029198581));
#4972=CARTESIAN_POINT('Ctrl Pts',(419.338561238399,17.5244645504988,81.4031765897484));
#4973=CARTESIAN_POINT('Ctrl Pts',(419.192091159481,17.6980015456731,81.1632076038507));
#4974=CARTESIAN_POINT('Ctrl Pts',(419.051370553985,17.8887228635898,80.9239642681413));
#4975=CARTESIAN_POINT('Ctrl Pts',(418.920421132996,18.0975102994278,80.6922793534667));
#4976=CARTESIAN_POINT('Ctrl Pts',(419.505648673528,17.5884774179447,81.3460467118913));
#4977=CARTESIAN_POINT('Ctrl Pts',(419.355411371851,17.7554746250185,81.10921550458));
#4978=CARTESIAN_POINT('Ctrl Pts',(419.210317885539,17.9397833807749,80.8730059326655));
#4979=CARTESIAN_POINT('Ctrl Pts',(419.074505994619,18.1424560767266,80.6441914748807));
#4980=CARTESIAN_POINT('Ctrl Pts',(419.672736108656,17.6524902853905,81.2889168340342));
#4981=CARTESIAN_POINT('Ctrl Pts',(419.51873158422,17.8129477043639,81.0552234053092));
#4982=CARTESIAN_POINT('Ctrl Pts',(419.369265217092,17.9908438979599,80.8220475971897));
#4983=CARTESIAN_POINT('Ctrl Pts',(419.228590856243,18.1874018540254,80.5961035962947));
#4984=CARTESIAN_POINT('Ctrl Pts',(419.839823543784,17.7165031528363,81.2317869561771));
#4985=CARTESIAN_POINT('Ctrl Pts',(419.682051796589,17.8704207837093,81.0012313060385));
#4986=CARTESIAN_POINT('Ctrl Pts',(419.528212548646,18.041904415145,80.771089261714));
#4987=CARTESIAN_POINT('Ctrl Pts',(419.382675717866,18.2323476313242,80.5480157177087));
#4988=CARTESIAN_POINT('Ctrl Pts',(419.839823543784,17.7165031528363,81.2317869561771));
#4989=CARTESIAN_POINT('Ctrl Pts',(419.682051796589,17.8704207837093,81.0012313060385));
#4990=CARTESIAN_POINT('Ctrl Pts',(419.528212548646,18.041904415145,80.771089261714));
#4991=CARTESIAN_POINT('Ctrl Pts',(419.382675717866,18.2323476313242,80.5480157177087));
#4992=CARTESIAN_POINT('Ctrl Pts',(426.811417469908,17.3154864473095,89.7712816885174));
#4993=CARTESIAN_POINT('Ctrl Pts',(426.654269149913,17.1571310244936,89.6489071657377));
#4994=CARTESIAN_POINT('Ctrl Pts',(426.48751321895,17.0090142021842,89.5160744847695));
#4995=CARTESIAN_POINT('Ctrl Pts',(426.312122831356,16.8719906032627,89.3726945011563));
#4996=CARTESIAN_POINT('Ctrl Pts',(426.787603977985,17.5430943664091,89.5098554322976));
#4997=CARTESIAN_POINT('Ctrl Pts',(426.642102858686,17.3907144113771,89.3937388192321));
#4998=CARTESIAN_POINT('Ctrl Pts',(426.487120065184,17.2471805314509,89.2673500061604));
#4999=CARTESIAN_POINT('Ctrl Pts',(426.323383602672,17.1134250321307,89.1305054659168));
#5000=CARTESIAN_POINT('Ctrl Pts',(426.763790486061,17.7707022855087,89.2484291760778));
#5001=CARTESIAN_POINT('Ctrl Pts',(426.629936567458,17.6242977982606,89.1385704727264));
#5002=CARTESIAN_POINT('Ctrl Pts',(426.486726911419,17.4853468607177,89.0186255275512));
#5003=CARTESIAN_POINT('Ctrl Pts',(426.334644373988,17.3548594609987,88.8883164306772));
#5004=CARTESIAN_POINT('Ctrl Pts',(426.739976994138,17.9983102046083,88.9870029198581));
#5005=CARTESIAN_POINT('Ctrl Pts',(426.617770276231,17.8578811851441,88.8834021262208));
#5006=CARTESIAN_POINT('Ctrl Pts',(426.486333757653,17.7235131899844,88.7699010489421));
#5007=CARTESIAN_POINT('Ctrl Pts',(426.345905145304,17.5962938898668,88.6461273954376));
#5008=CARTESIAN_POINT('Ctrl Pts',(426.739976994138,17.9983102046083,88.9870029198581));
#5009=CARTESIAN_POINT('Ctrl Pts',(426.617770276231,17.8578811851441,88.8834021262208));
#5010=CARTESIAN_POINT('Ctrl Pts',(426.486333757653,17.7235131899844,88.7699010489421));
#5011=CARTESIAN_POINT('Ctrl Pts',(426.345905145304,17.5962938898668,88.6461273954376));
#5012=CARTESIAN_POINT('Origin',(423.156795318298,21.1165323066928,72.8999999999999));
#5013=CARTESIAN_POINT('',(427.906795318298,21.1165323066928,62.9));
#5014=CARTESIAN_POINT('Origin',(423.156795318298,21.1165323066928,62.9));
#5015=CARTESIAN_POINT('',(427.906795318298,21.1165323066928,72.8999999999999));
#5016=CARTESIAN_POINT('Origin',(423.156795318298,21.1165323066928,62.9));
#5017=CARTESIAN_POINT('',(425.856795318298,21.1165323066928,62.9));
#5018=CARTESIAN_POINT('Origin',(423.156795318298,21.1165323066928,62.9));
#5019=CARTESIAN_POINT('Origin',(423.156795318298,21.1165323066928,58.8999999999999));
#5020=CARTESIAN_POINT('',(425.856795318298,21.1165323066928,58.8999999999999));
#5021=CARTESIAN_POINT('Origin',(485.673163868446,25.0934671702572,97.5));
#5022=CARTESIAN_POINT('',(479.579696698189,-24.5338404118089,97.5));
#5023=CARTESIAN_POINT('Origin',(485.673163868446,25.0934671702572,97.5));
#5024=CARTESIAN_POINT('',(477.877444216469,-24.2950614078223,102.408935871131));
#5025=CARTESIAN_POINT('Origin',(485.673163868446,25.0934671702572,103.308441984821));
#5026=CARTESIAN_POINT('',(479.579696698189,-24.5338404118088,102.603872048447));
#5027=CARTESIAN_POINT('Ctrl Pts',(479.579696698189,-24.5338404118089,102.603872048447));
#5028=CARTESIAN_POINT('Ctrl Pts',(479.012889031662,-24.4642451813579,102.539455055701));
#5029=CARTESIAN_POINT('Ctrl Pts',(478.445242652534,-24.3846854066299,102.474451075292));
#5030=CARTESIAN_POINT('Ctrl Pts',(477.877444216469,-24.2950614078223,102.408935871131));
#5031=CARTESIAN_POINT('',(479.579696698189,-24.5338404118089,97.5));
#5032=CARTESIAN_POINT('Origin',(510.486817659479,22.0467335851285,97.5));
#5033=CARTESIAN_POINT('',(529.207004280255,-30.6273075820663,97.5));
#5034=CARTESIAN_POINT('',(479.579696698189,-24.5338404118089,97.5));
#5035=CARTESIAN_POINT('',(541.39393862077,68.627307582066,97.5));
#5036=CARTESIAN_POINT('Origin',(535.300471450512,18.9999999999999,97.5));
#5037=CARTESIAN_POINT('',(491.766631038704,74.7207747523234,97.5));
#5038=CARTESIAN_POINT('',(541.39393862077,68.627307582066,97.5));
#5039=CARTESIAN_POINT('',(454.655368395039,64.3094889466927,97.5));
#5040=CARTESIAN_POINT('Origin',(485.673163868446,25.0934671702572,97.5));
#5041=CARTESIAN_POINT('Ctrl Pts',(451.614034901536,60.2858423229621,97.5));
#5042=CARTESIAN_POINT('Ctrl Pts',(453.069507908004,62.2970095712552,97.5));
#5043=CARTESIAN_POINT('Ctrl Pts',(454.655368395039,64.3094889466927,97.5));
#5044=CARTESIAN_POINT('',(480.79839013224,-14.6083788953956,97.5));
#5045=CARTESIAN_POINT('',(493.205217027757,-16.13174568796,97.5));
#5046=CARTESIAN_POINT('',(490.547937604652,64.7953132359101,97.5));
#5047=CARTESIAN_POINT('Origin',(485.673163868446,25.0934671702572,97.5));
#5048=CARTESIAN_POINT('',(527.768418291202,60.2252128582171,97.5));
#5049=CARTESIAN_POINT('Ctrl Pts',(664.560388993199,143.680736610242,84.7578423948327));
#5050=CARTESIAN_POINT('Ctrl Pts',(664.93985701732,143.720306611506,84.4392628146269));
#5051=CARTESIAN_POINT('Ctrl Pts',(666.472611992128,143.708529699761,83.1761022384468));
#5052=CARTESIAN_POINT('Ctrl Pts',(668.04268705956,143.043572660302,81.9194572386451));
#5053=CARTESIAN_POINT('Ctrl Pts',(669.357225324083,141.657830010198,81.1052992847813));
#5054=CARTESIAN_POINT('Ctrl Pts',(669.90997770659,140.929035812519,80.8117015007009));
#5055=CARTESIAN_POINT('Ctrl Pts',(670.317711770192,140.010089845931,80.7437139716466));
#5056=CARTESIAN_POINT('Ctrl Pts',(670.541208805557,139.279467425015,80.8030785468641));
#5057=CARTESIAN_POINT('Ctrl Pts',(670.603830422437,139.015986390589,80.8446279699079));
#5058=CARTESIAN_POINT('Ctrl Pts',(670.734550160485,138.260847304799,81.0187937706646));
#5059=CARTESIAN_POINT('Ctrl Pts',(670.773898982187,137.317946478123,81.3771800474396));
#5060=CARTESIAN_POINT('Ctrl Pts',(670.499773597751,135.736098334551,82.3469308344809));
#5061=CARTESIAN_POINT('Ctrl Pts',(669.277168299695,133.420712615965,84.5978707511153));
#5062=CARTESIAN_POINT('Ctrl Pts',(667.195839674539,132.316018662327,86.8758803961579));
#5063=CARTESIAN_POINT('Ctrl Pts',(664.915823472965,132.279684876305,88.5902094606498));
#5064=CARTESIAN_POINT('Ctrl Pts',(664.276382027228,132.372041040028,89.0106097060143));
#5065=CARTESIAN_POINT('Ctrl Pts',(663.106149343699,132.773058181124,89.6562212558456));
#5066=CARTESIAN_POINT('Ctrl Pts',(662.586581444618,133.035337531246,89.899554564614));
#5067=CARTESIAN_POINT('Ctrl Pts',(661.576454858557,133.768048016735,90.2775749817879));
#5068=CARTESIAN_POINT('Ctrl Pts',(661.106328824567,134.23986199605,90.3989220086363));
#5069=CARTESIAN_POINT('Ctrl Pts',(660.257128213591,135.451699433692,90.4929410700298));
#5070=CARTESIAN_POINT('Ctrl Pts',(659.937566339655,136.206202790045,90.4265388518385));
#5071=CARTESIAN_POINT('Ctrl Pts',(659.714282805378,137.2811746016,90.2049368206082));
#5072=CARTESIAN_POINT('Ctrl Pts',(659.675716214888,137.602355098904,90.1229930960449));
#5073=CARTESIAN_POINT('Ctrl Pts',(659.623688269402,138.984104242327,89.706818213513));
#5074=CARTESIAN_POINT('Ctrl Pts',(660.032755683305,140.54057578139,88.9750913761317));
#5075=CARTESIAN_POINT('Ctrl Pts',(661.707380820945,142.808557056245,87.1918854768038));
#5076=CARTESIAN_POINT('Ctrl Pts',(663.348105953831,143.554322687722,85.7756056771751));
#5077=CARTESIAN_POINT('Ctrl Pts',(664.560388993199,143.680736610242,84.7578423948326));
#5078=CARTESIAN_POINT('Ctrl Pts',(664.429228916836,143.325535593623,84.5585354672332));
#5079=CARTESIAN_POINT('Ctrl Pts',(664.79305637607,143.378998053389,84.2510112741948));
#5080=CARTESIAN_POINT('Ctrl Pts',(666.269502465651,143.429292750069,83.0290321470221));
#5081=CARTESIAN_POINT('Ctrl Pts',(667.830187242295,142.849357187211,81.8068943225221));
#5082=CARTESIAN_POINT('Ctrl Pts',(669.155229839184,141.531644065429,81.0158320752583));
#5083=CARTESIAN_POINT('Ctrl Pts',(669.71277817533,140.830382634105,80.7305871845498));
#5084=CARTESIAN_POINT('Ctrl Pts',(670.118975746361,139.931685475099,80.6656324180435));
#5085=CARTESIAN_POINT('Ctrl Pts',(670.334561177014,139.214516856676,80.7243734735303));
#5086=CARTESIAN_POINT('Ctrl Pts',(670.393529769058,138.955622595932,80.7652507994096));
#5087=CARTESIAN_POINT('Ctrl Pts',(670.510459921498,138.213820391521,80.9359253257476));
#5088=CARTESIAN_POINT('Ctrl Pts',(670.525708892028,137.287974108384,81.2864776162717));
#5089=CARTESIAN_POINT('Ctrl Pts',(670.199279073226,135.750211248611,82.2326380508559));
#5090=CARTESIAN_POINT('Ctrl Pts',(668.898495379281,133.542379346462,84.4241277026497));
#5091=CARTESIAN_POINT('Ctrl Pts',(666.835750965435,132.584074584245,86.6169737387486));
#5092=CARTESIAN_POINT('Ctrl Pts',(664.696441405904,132.633406090898,88.2273034509862));
#5093=CARTESIAN_POINT('Ctrl Pts',(664.106572061471,132.738597328572,88.6185441187268));
#5094=CARTESIAN_POINT('Ctrl Pts',(663.04542304685,133.136467617697,89.2126442195902));
#5095=CARTESIAN_POINT('Ctrl Pts',(662.580613779853,133.385248764456,89.4344566776561));
#5096=CARTESIAN_POINT('Ctrl Pts',(661.684249738807,134.060552619373,89.7773111470343));
#5097=CARTESIAN_POINT('Ctrl Pts',(661.270291077591,134.486253912351,89.8868941422718));
#5098=CARTESIAN_POINT('Ctrl Pts',(660.518431167367,135.571130008567,89.9733814927767));
#5099=CARTESIAN_POINT('Ctrl Pts',(660.230810168923,136.242876054688,89.9153881383124));
#5100=CARTESIAN_POINT('Ctrl Pts',(660.018678474848,137.2096103715,89.7159599110633));
#5101=CARTESIAN_POINT('Ctrl Pts',(659.979989292107,137.499774468024,89.6416055385968));
#5102=CARTESIAN_POINT('Ctrl Pts',(659.910711823594,138.752879248936,89.2630057605929));
#5103=CARTESIAN_POINT('Ctrl Pts',(660.245454176136,140.196525526805,88.5855628880004));
#5104=CARTESIAN_POINT('Ctrl Pts',(661.737461110713,142.374853615659,86.901577637755));
#5105=CARTESIAN_POINT('Ctrl Pts',(663.267124770647,143.155801313485,85.5414717728033));
#5106=CARTESIAN_POINT('Ctrl Pts',(664.429228916836,143.325535593623,84.5585354672332));
#5107=CARTESIAN_POINT('Ctrl Pts',(664.298068840473,142.970334577004,84.3592285396337));
#5108=CARTESIAN_POINT('Ctrl Pts',(664.644937289158,143.037100880156,84.0623618696935));
#5109=CARTESIAN_POINT('Ctrl Pts',(666.066726145301,143.150264241905,82.8820552234235));
#5110=CARTESIAN_POINT('Ctrl Pts',(667.618678590772,142.655540739551,81.6944870601389));
#5111=CARTESIAN_POINT('Ctrl Pts',(668.952272574422,141.40534931182,80.9260434835163));
#5112=CARTESIAN_POINT('Ctrl Pts',(669.515935934439,140.73214006258,80.6494856417651));
#5113=CARTESIAN_POINT('Ctrl Pts',(669.919509451865,139.853282215471,80.5872738891211));
#5114=CARTESIAN_POINT('Ctrl Pts',(670.12799126392,139.150016960976,80.6456109136433));
#5115=CARTESIAN_POINT('Ctrl Pts',(670.182951518233,138.895686921121,80.6857064359259));
#5116=CARTESIAN_POINT('Ctrl Pts',(670.286338975117,138.16692117465,80.8529794442799));
#5117=CARTESIAN_POINT('Ctrl Pts',(670.277134023838,137.259116114039,81.195502335332));
#5118=CARTESIAN_POINT('Ctrl Pts',(669.89898118625,135.764965293837,82.1182326573845));
#5119=CARTESIAN_POINT('Ctrl Pts',(668.51941781126,133.663287483181,84.2504356216426));
#5120=CARTESIAN_POINT('Ctrl Pts',(666.475763126924,132.856911024883,86.3569524534562));
#5121=CARTESIAN_POINT('Ctrl Pts',(664.476885828587,132.983520075925,87.8652344017384));
#5122=CARTESIAN_POINT('Ctrl Pts',(663.936696273776,133.105076614858,88.2265116985017));
#5123=CARTESIAN_POINT('Ctrl Pts',(662.984444786954,133.497814918193,88.7696208071177));
#5124=CARTESIAN_POINT('Ctrl Pts',(662.574612302644,133.734396860982,88.9695381184466));
#5125=CARTESIAN_POINT('Ctrl Pts',(661.791711807962,134.351634738141,89.2775010232892));
#5126=CARTESIAN_POINT('Ctrl Pts',(661.434167572108,134.731681102126,89.3751365247312));
#5127=CARTESIAN_POINT('Ctrl Pts',(660.779468196027,135.689440485236,89.4541823127621));
#5128=CARTESIAN_POINT('Ctrl Pts',(660.523245851434,136.278574756302,89.4047677716729));
#5129=CARTESIAN_POINT('Ctrl Pts',(660.323240771441,137.137084333432,89.2271861526784));
#5130=CARTESIAN_POINT('Ctrl Pts',(660.283645976649,137.395707721711,89.1608326558122));
#5131=CARTESIAN_POINT('Ctrl Pts',(660.199526511123,138.522882707656,88.8182318715493));
#5132=CARTESIAN_POINT('Ctrl Pts',(660.458942001438,139.851641440345,88.196157349779));
#5133=CARTESIAN_POINT('Ctrl Pts',(661.76845215938,141.941769176227,86.6108015646575));
#5134=CARTESIAN_POINT('Ctrl Pts',(663.189719244698,142.755975123642,85.307134217488));
#5135=CARTESIAN_POINT('Ctrl Pts',(664.298068840473,142.970334577004,84.3592285396337));
#5136=CARTESIAN_POINT('Ctrl Pts',(664.166908764109,142.615133560386,84.1599216120343));
#5137=CARTESIAN_POINT('Ctrl Pts',(664.498136647908,142.695792322039,83.8741103292614));
#5138=CARTESIAN_POINT('Ctrl Pts',(665.863616618824,142.871027292213,82.7349851319988));
#5139=CARTESIAN_POINT('Ctrl Pts',(667.406178773507,142.46132526646,81.5819241440159));
#5140=CARTESIAN_POINT('Ctrl Pts',(668.750277089523,141.279163367051,80.8365762739933));
#5141=CARTESIAN_POINT('Ctrl Pts',(669.318736403179,140.633486884166,80.568371325614));
#5142=CARTESIAN_POINT('Ctrl Pts',(669.720773428035,139.774877844639,80.509192335518));
#5143=CARTESIAN_POINT('Ctrl Pts',(669.921343635377,139.085066392638,80.5669058403095));
#5144=CARTESIAN_POINT('Ctrl Pts',(669.972650864855,138.835323126463,80.6063292654277));
#5145=CARTESIAN_POINT('Ctrl Pts',(670.06224873613,138.119894261372,80.7701109993629));
#5146=CARTESIAN_POINT('Ctrl Pts',(670.02894393368,137.229143744299,81.1047999041642));
#5147=CARTESIAN_POINT('Ctrl Pts',(669.598486661726,135.779078207897,82.0039398737595));
#5148=CARTESIAN_POINT('Ctrl Pts',(668.140744890846,133.784954213677,84.076692573177));
#5149=CARTESIAN_POINT('Ctrl Pts',(666.11567441782,133.1249669468,86.0980457960469));
#5150=CARTESIAN_POINT('Ctrl Pts',(664.257503761525,133.337241290518,87.5023283920748));
#5151=CARTESIAN_POINT('Ctrl Pts',(663.766886308019,133.471632903402,87.8344461112142));
#5152=CARTESIAN_POINT('Ctrl Pts',(662.923718490105,133.861224354765,88.3260437708623));
#5153=CARTESIAN_POINT('Ctrl Pts',(662.568644637879,134.084308094191,88.5044402314886));
#5154=CARTESIAN_POINT('Ctrl Pts',(661.899506688212,134.644139340779,88.7772371885356));
#5155=CARTESIAN_POINT('Ctrl Pts',(661.598129825133,134.978073018428,88.8631086583667));
#5156=CARTESIAN_POINT('Ctrl Pts',(661.040771149802,135.808871060111,88.9346227355089));
#5157=CARTESIAN_POINT('Ctrl Pts',(660.816489680702,136.315248020945,88.8936170581468));
#5158=CARTESIAN_POINT('Ctrl Pts',(660.627636440911,137.065520103332,88.7382092431336));
#5159=CARTESIAN_POINT('Ctrl Pts',(660.587919053868,137.293127090831,88.6794450983641));
#5160=CARTESIAN_POINT('Ctrl Pts',(660.486550065315,138.291657714265,88.3744194186292));
#5161=CARTESIAN_POINT('Ctrl Pts',(660.671640494269,139.50759118576,87.8066288616477));
#5162=CARTESIAN_POINT('Ctrl Pts',(661.798532449149,141.508065735641,86.3204937256088));
#5163=CARTESIAN_POINT('Ctrl Pts',(663.108738061515,142.357453749406,85.0730003131163));
#5164=CARTESIAN_POINT('Ctrl Pts',(664.166908764109,142.615133560386,84.1599216120343));
#5165=CARTESIAN_POINT('',(664.166908764109,142.615133560386,84.1599216120343));
#5166=CARTESIAN_POINT('',(664.560388993199,143.680736610242,84.7578423948327));
#5167=CARTESIAN_POINT('',(670.03982696178,137.999437352902,80.8316914611997));
#5168=CARTESIAN_POINT('Ctrl Pts',(664.166908764109,142.615133560386,84.1599216120343));
#5169=CARTESIAN_POINT('Ctrl Pts',(664.498136647908,142.695792322039,83.8741103292614));
#5170=CARTESIAN_POINT('Ctrl Pts',(665.863616618824,142.871027292213,82.7349851319988));
#5171=CARTESIAN_POINT('Ctrl Pts',(667.406178773507,142.46132526646,81.5819241440159));
#5172=CARTESIAN_POINT('Ctrl Pts',(668.750277089523,141.279163367051,80.8365762739933));
#5173=CARTESIAN_POINT('Ctrl Pts',(669.318736403179,140.633486884166,80.568371325614));
#5174=CARTESIAN_POINT('Ctrl Pts',(669.720773428035,139.774877844639,80.509192335518));
#5175=CARTESIAN_POINT('Ctrl Pts',(669.921343635377,139.085066392638,80.5669058403095));
#5176=CARTESIAN_POINT('Ctrl Pts',(669.972650864855,138.835323126463,80.6063292654277));
#5177=CARTESIAN_POINT('Ctrl Pts',(670.028679799136,138.387938425303,80.708748171999));
#5178=CARTESIAN_POINT('Ctrl Pts',(670.040022390241,138.190769590218,80.7659374460639));
#5179=CARTESIAN_POINT('Ctrl Pts',(670.03982696178,137.999437352902,80.8316914611997));
#5180=CARTESIAN_POINT('Ctrl Pts',(670.03982696178,137.999437352902,80.8316914611997));
#5181=CARTESIAN_POINT('Ctrl Pts',(670.039567189629,137.745110084572,80.9190946049968));
#5182=CARTESIAN_POINT('Ctrl Pts',(669.982742544576,137.073506828773,81.2013054537283));
#5183=CARTESIAN_POINT('Ctrl Pts',(669.598486661726,135.779078207897,82.0039398737595));
#5184=CARTESIAN_POINT('Ctrl Pts',(668.140744890846,133.784954213677,84.076692573177));
#5185=CARTESIAN_POINT('Ctrl Pts',(666.11567441782,133.1249669468,86.0980457960469));
#5186=CARTESIAN_POINT('Ctrl Pts',(664.257503761525,133.337241290518,87.5023283920748));
#5187=CARTESIAN_POINT('Ctrl Pts',(663.766886308019,133.471632903402,87.8344461112142));
#5188=CARTESIAN_POINT('Ctrl Pts',(662.923718490105,133.861224354765,88.3260437708623));
#5189=CARTESIAN_POINT('Ctrl Pts',(662.568644637879,134.084308094191,88.5044402314886));
#5190=CARTESIAN_POINT('Ctrl Pts',(661.899506688212,134.644139340779,88.7772371885356));
#5191=CARTESIAN_POINT('Ctrl Pts',(661.598129825133,134.978073018428,88.8631086583667));
#5192=CARTESIAN_POINT('Ctrl Pts',(661.040771149802,135.808871060111,88.9346227355089));
#5193=CARTESIAN_POINT('Ctrl Pts',(660.816489680702,136.315248020945,88.8936170581468));
#5194=CARTESIAN_POINT('Ctrl Pts',(660.627636440911,137.065520103332,88.7382092431336));
#5195=CARTESIAN_POINT('Ctrl Pts',(660.587919053868,137.293127090831,88.6794450983641));
#5196=CARTESIAN_POINT('Ctrl Pts',(660.486550065315,138.291657714265,88.3744194186292));
#5197=CARTESIAN_POINT('Ctrl Pts',(660.671640494269,139.50759118576,87.8066288616477));
#5198=CARTESIAN_POINT('Ctrl Pts',(661.798532449149,141.508065735641,86.3204937256088));
#5199=CARTESIAN_POINT('Ctrl Pts',(663.108738061515,142.357453749406,85.0730003131163));
#5200=CARTESIAN_POINT('Ctrl Pts',(664.166908764109,142.615133560386,84.1599216120343));
#5201=CARTESIAN_POINT('Origin',(665.290760275564,138.,70.9));
#5202=CARTESIAN_POINT('',(670.040760275564,138.,75.9));
#5203=CARTESIAN_POINT('Origin',(665.290760275564,138.,75.9));
#5204=CARTESIAN_POINT('',(670.040760275564,138.,70.9));
#5205=CARTESIAN_POINT('Origin',(483.85729234148,93.0658715281301,170.));
#5206=CARTESIAN_POINT('',(483.85729234148,93.0658715281301,97.4971305826897));
#5207=CARTESIAN_POINT('Ctrl Pts',(477.877444216471,93.0658715281301,96.7999276511948));
#5208=CARTESIAN_POINT('Ctrl Pts',(480.865422438184,93.0658715281301,97.1483069220756));
#5209=CARTESIAN_POINT('Ctrl Pts',(483.857292341462,93.0658715281301,97.4971305826877));
#5210=CARTESIAN_POINT('',(483.85729234148,93.0658715281301,170.));
#5211=CARTESIAN_POINT('Origin',(483.85729234148,96.7752505406668,170.));
#5212=CARTESIAN_POINT('',(483.85729234148,96.7752505406668,96.946324498339));
#5213=CARTESIAN_POINT('Origin',(483.85729234148,15.3711846965003,-438.5));
#5214=CARTESIAN_POINT('',(483.85729234148,96.7752505406668,170.));
#5215=CARTESIAN_POINT('Origin',(480.387230069118,96.7752505406668,170.));
#5216=CARTESIAN_POINT('',(480.387230069118,96.7752505406668,96.5413284972224));
#5217=CARTESIAN_POINT('',(482.122261205299,96.7752505406668,96.7438264942135));
#5218=CARTESIAN_POINT('',(480.387230069118,96.7752505406668,170.));
#5219=CARTESIAN_POINT('Origin',(480.387230069118,115.561460263318,170.));
#5220=CARTESIAN_POINT('',(480.387230069118,115.561460263318,93.3437306369974));
#5221=CARTESIAN_POINT('Origin',(480.387230069118,15.3711846965003,-438.5));
#5222=CARTESIAN_POINT('',(480.387230069118,115.561460263318,170.));
#5223=CARTESIAN_POINT('Origin',(485.891467842725,115.561460263318,170.));
#5224=CARTESIAN_POINT('',(483.139348955921,115.561460263318,93.666861629901));
#5225=CARTESIAN_POINT('Origin',(470.,15.3711846965003,-438.5));
#5226=CARTESIAN_POINT('Ctrl Pts',(454.655368395039,64.3094889466927,97.5));
#5227=CARTESIAN_POINT('Ctrl Pts',(455.550716558171,65.0176619062,97.5390809351647));
#5228=CARTESIAN_POINT('Ctrl Pts',(456.47668135813,65.7001146300778,97.5826765293783));
#5229=CARTESIAN_POINT('Ctrl Pts',(460.13105396371,68.2016534309788,97.7683622549699));
#5230=CARTESIAN_POINT('Ctrl Pts',(463.053472334046,69.8072496791774,97.9450750063214));
#5231=CARTESIAN_POINT('Ctrl Pts',(469.1498920892,72.4004889559452,98.3829826158099));
#5232=CARTESIAN_POINT('Ctrl Pts',(472.328792024533,73.3902394197474,98.6447261177552));
#5233=CARTESIAN_POINT('Ctrl Pts',(476.308350178496,74.2151661431623,99.0165641575873));
#5234=CARTESIAN_POINT('Ctrl Pts',(477.093306465369,74.3582237257213,99.0919896544393));
#5235=CARTESIAN_POINT('Ctrl Pts',(477.87744421647,74.4819957483369,99.1694048595601));
#5236=CARTESIAN_POINT('Origin',(517.61601108812,-69.5261690699631,-133.));
#5237=CARTESIAN_POINT('',(518.275648958753,-69.0523381399261,63.5151522800769));
#5238=CARTESIAN_POINT('',(518.275648958753,-69.0523381399261,-133.));
#5239=CARTESIAN_POINT('',(518.275648958753,-69.0523381399261,63.5151522800769));
#5240=CARTESIAN_POINT('',(516.956373217487,-70.0000000000002,-133.));
#5241=CARTESIAN_POINT('Ctrl Pts',(516.956373220098,-69.9999277373434,63.5937702972015));
#5242=CARTESIAN_POINT('Ctrl Pts',(516.956373470741,-69.9964592335283,65.4805442205666));
#5243=CARTESIAN_POINT('Ctrl Pts',(517.064424356764,-69.6779353129221,70.0944710293013));
#5244=CARTESIAN_POINT('Ctrl Pts',(517.461934474806,-68.4728572322931,75.2857544510681));
#5245=CARTESIAN_POINT('Ctrl Pts',(518.113509497172,-66.1802727420702,81.6801016868318));
#5246=CARTESIAN_POINT('Ctrl Pts',(518.971421518492,-62.6206082880307,88.3634826221093));
#5247=CARTESIAN_POINT('Ctrl Pts',(519.459915610471,-58.1270400513575,93.4490489132349));
#5248=CARTESIAN_POINT('Ctrl Pts',(519.496722897488,-55.6194438170916,95.6704791386036));
#5249=CARTESIAN_POINT('Ctrl Pts',(517.396131799649,-69.6840645382043,63.5937702972015));
#5250=CARTESIAN_POINT('Ctrl Pts',(517.396131966745,-69.6817522023275,65.4599983973628));
#5251=CARTESIAN_POINT('Ctrl Pts',(517.500765551126,-69.3695443336677,70.0242745323286));
#5252=CARTESIAN_POINT('Ctrl Pts',(517.885880069321,-68.1797218555794,75.1663226601358));
#5253=CARTESIAN_POINT('Ctrl Pts',(518.516386945484,-65.9105672518769,81.5088333789779));
#5254=CARTESIAN_POINT('Ctrl Pts',(519.345200120917,-62.3804389625614,88.1507911984114));
#5255=CARTESIAN_POINT('Ctrl Pts',(519.806610406981,-57.9106202767054,93.2179946105832));
#5256=CARTESIAN_POINT('Ctrl Pts',(519.831148598325,-55.4129625447172,95.4325373204948));
#5257=CARTESIAN_POINT('Ctrl Pts',(517.835890379201,-69.3682013390652,63.5937702972015));
#5258=CARTESIAN_POINT('Ctrl Pts',(517.835890462749,-69.3670451711268,65.4394525741591));
#5259=CARTESIAN_POINT('Ctrl Pts',(517.937106745488,-69.0611533544132,69.9540780353559));
#5260=CARTESIAN_POINT('Ctrl Pts',(518.309825663837,-67.8865864788658,75.0468908692035));
#5261=CARTESIAN_POINT('Ctrl Pts',(518.919264393796,-65.6408617616836,81.337565071124));
#5262=CARTESIAN_POINT('Ctrl Pts',(519.718978723342,-62.1402696370921,87.9380997747134));
#5263=CARTESIAN_POINT('Ctrl Pts',(520.153305203491,-57.6942005020533,92.9869403079315));
#5264=CARTESIAN_POINT('Ctrl Pts',(520.165574299163,-55.2064812723427,95.1945955023861));
#5265=CARTESIAN_POINT('Ctrl Pts',(518.275648958753,-69.0523381399261,63.5937702972015));
#5266=CARTESIAN_POINT('Ctrl Pts',(518.275648958753,-69.0523381399261,65.4189067509553));
#5267=CARTESIAN_POINT('Ctrl Pts',(518.373447939849,-68.7527623751588,69.8838815383832));
#5268=CARTESIAN_POINT('Ctrl Pts',(518.733771258352,-67.593451102152,74.9274590782712));
#5269=CARTESIAN_POINT('Ctrl Pts',(519.322141842109,-65.3711562714903,81.1662967632701));
#5270=CARTESIAN_POINT('Ctrl Pts',(520.092757325767,-61.9001003116228,87.7254083510155));
#5271=CARTESIAN_POINT('Ctrl Pts',(520.500000000002,-57.4777807274012,92.7558860052798));
#5272=CARTESIAN_POINT('Ctrl Pts',(520.5,-54.9999999999683,94.9566536842774));
#5273=CARTESIAN_POINT('',(520.5,-54.999999999978,94.9566536842884));
#5274=CARTESIAN_POINT('',(520.5,-54.999999999978,94.9566536842884));
#5275=CARTESIAN_POINT('',(518.275648958753,-69.0523381399261,63.5937702972015));
#5276=CARTESIAN_POINT('',(516.956373220098,-69.9999277373434,63.5937702972015));
#5277=CARTESIAN_POINT('Ctrl Pts',(518.275648958753,-69.0523381399261,63.5937702972015));
#5278=CARTESIAN_POINT('Ctrl Pts',(518.275648958753,-69.0523381399261,65.4189067509553));
#5279=CARTESIAN_POINT('Ctrl Pts',(518.373447939849,-68.7527623751588,69.8838815383832));
#5280=CARTESIAN_POINT('Ctrl Pts',(518.733771258352,-67.593451102152,74.9274590782712));
#5281=CARTESIAN_POINT('Ctrl Pts',(519.322141842109,-65.3711562714903,81.1662967632701));
#5282=CARTESIAN_POINT('Ctrl Pts',(520.092757325767,-61.9001003116228,87.7254083510155));
#5283=CARTESIAN_POINT('Ctrl Pts',(520.500000000002,-57.4777807274012,92.7558860052798));
#5284=CARTESIAN_POINT('Ctrl Pts',(520.5,-54.9999999999683,94.9566536842774));
#5285=CARTESIAN_POINT('Ctrl Pts',(516.956373217487,-70.0000000000002,63.5151522800769));
#5286=CARTESIAN_POINT('Ctrl Pts',(516.956373217487,-70.0000000000002,63.5413582857851));
#5287=CARTESIAN_POINT('Ctrl Pts',(516.956373216616,-69.9999759125008,63.5675642914932));
#5288=CARTESIAN_POINT('Ctrl Pts',(516.956373220097,-69.9999277373434,63.5937702972015));
#5289=CARTESIAN_POINT('Ctrl Pts',(517.396131797909,-69.6841127133088,63.5151522800769));
#5290=CARTESIAN_POINT('Ctrl Pts',(517.396131797909,-69.6841127133088,63.5413582857851));
#5291=CARTESIAN_POINT('Ctrl Pts',(517.396131797328,-69.6840966549759,63.5675642914933));
#5292=CARTESIAN_POINT('Ctrl Pts',(517.396131799649,-69.6840645382043,63.5937702972015));
#5293=CARTESIAN_POINT('Ctrl Pts',(517.835890378331,-69.3682254266174,63.5151522800769));
#5294=CARTESIAN_POINT('Ctrl Pts',(517.835890378331,-69.3682254266174,63.5413582857851));
#5295=CARTESIAN_POINT('Ctrl Pts',(517.835890378041,-69.368217397451,63.5675642914933));
#5296=CARTESIAN_POINT('Ctrl Pts',(517.835890379201,-69.3682013390652,63.5937702972015));
#5297=CARTESIAN_POINT('Ctrl Pts',(518.275648958753,-69.0523381399261,63.5151522800769));
#5298=CARTESIAN_POINT('Ctrl Pts',(518.275648958753,-69.0523381399261,63.5413582857851));
#5299=CARTESIAN_POINT('Ctrl Pts',(518.275648958753,-69.0523381399261,63.5675642914933));
#5300=CARTESIAN_POINT('Ctrl Pts',(518.275648958753,-69.0523381399261,63.5937702972015));
#5301=CARTESIAN_POINT('Ctrl Pts',(518.275648958753,-69.0523381399261,63.5151522800769));
#5302=CARTESIAN_POINT('Ctrl Pts',(518.275648958753,-69.0523381399261,63.5413582857851));
#5303=CARTESIAN_POINT('Ctrl Pts',(518.275648958753,-69.0523381399261,63.5675642914933));
#5304=CARTESIAN_POINT('Ctrl Pts',(518.275648958753,-69.0523381399261,63.5937702972015));
#5305=CARTESIAN_POINT('Ctrl Pts',(519.501561773942,-54.9637951235667,96.2391337169332));
#5306=CARTESIAN_POINT('Ctrl Pts',(519.501672055399,-53.5691863965869,97.4232495129542));
#5307=CARTESIAN_POINT('Ctrl Pts',(519.501838135878,-51.2942019231488,99.1159371524002));
#5308=CARTESIAN_POINT('Ctrl Pts',(519.502037630447,-48.080184028929,101.038264137326));
#5309=CARTESIAN_POINT('Ctrl Pts',(519.502172465941,-45.6195190931803,102.296037472148));
#5310=CARTESIAN_POINT('Ctrl Pts',(519.502286627641,-43.2317506723346,103.333289749691));
#5311=CARTESIAN_POINT('Ctrl Pts',(519.502389397571,-40.724591138861,104.247495350742));
#5312=CARTESIAN_POINT('Ctrl Pts',(519.502449444921,-38.933273700385,104.771597346074));
#5313=CARTESIAN_POINT('Ctrl Pts',(519.502476048195,-38.034188055195,105.002244608541));
#5314=CARTESIAN_POINT('Ctrl Pts',(519.834374515961,-54.7598447075907,95.9994521247178));
#5315=CARTESIAN_POINT('Ctrl Pts',(519.834448036933,-53.3759865658424,97.1752826392798));
#5316=CARTESIAN_POINT('Ctrl Pts',(519.834558757252,-51.1183624171183,98.8562000527285));
#5317=CARTESIAN_POINT('Ctrl Pts',(519.834691753632,-47.9285528190484,100.765255151255));
#5318=CARTESIAN_POINT('Ctrl Pts',(519.83478164396,-45.4862878637176,102.014382426123));
#5319=CARTESIAN_POINT('Ctrl Pts',(519.83485775176,-43.1162693924413,103.04453052307));
#5320=CARTESIAN_POINT('Ctrl Pts',(519.834926265047,-40.6276580113948,103.952493561402));
#5321=CARTESIAN_POINT('Ctrl Pts',(519.834966296614,-38.8495359282015,104.473026703174));
#5322=CARTESIAN_POINT('Ctrl Pts',(519.83498403213,-37.9570615576883,104.702104941473));
#5323=CARTESIAN_POINT('Ctrl Pts',(520.167187257981,-54.5558942916146,95.7597705325025));
#5324=CARTESIAN_POINT('Ctrl Pts',(520.167224018466,-53.182786735098,96.9273157656054));
#5325=CARTESIAN_POINT('Ctrl Pts',(520.167279378626,-50.9425229110879,98.5964629530568));
#5326=CARTESIAN_POINT('Ctrl Pts',(520.167345876816,-47.7769216091679,100.492246165184));
#5327=CARTESIAN_POINT('Ctrl Pts',(520.16739082198,-45.3530566342549,101.732727380098));
#5328=CARTESIAN_POINT('Ctrl Pts',(520.16742887588,-43.0007881125479,102.755771296449));
#5329=CARTESIAN_POINT('Ctrl Pts',(520.167463132524,-40.5307248839286,103.657491772062));
#5330=CARTESIAN_POINT('Ctrl Pts',(520.167483148307,-38.765798156018,104.174456060274));
#5331=CARTESIAN_POINT('Ctrl Pts',(520.167492016065,-37.8799350601815,104.401965274405));
#5332=CARTESIAN_POINT('Ctrl Pts',(520.5,-54.3519438756385,95.5200889402871));
#5333=CARTESIAN_POINT('Ctrl Pts',(520.5,-52.9895869043535,96.679348891931));
#5334=CARTESIAN_POINT('Ctrl Pts',(520.5,-50.7666834050575,98.3367258533851));
#5335=CARTESIAN_POINT('Ctrl Pts',(520.5,-47.6252903992873,100.219237179113));
#5336=CARTESIAN_POINT('Ctrl Pts',(520.5,-45.2198254047922,101.451072334073));
#5337=CARTESIAN_POINT('Ctrl Pts',(520.5,-42.8853068326546,102.467012069828));
#5338=CARTESIAN_POINT('Ctrl Pts',(520.5,-40.4337917564624,103.362489982721));
#5339=CARTESIAN_POINT('Ctrl Pts',(520.5,-38.6820603838345,103.875885417375));
#5340=CARTESIAN_POINT('Ctrl Pts',(520.5,-37.8028085626748,104.101825607336));
#5341=CARTESIAN_POINT('',(520.5,-54.3519438756385,95.5200889402871));
#5342=CARTESIAN_POINT('',(519.501561773942,-54.9637951235667,96.2391337169332));
#5343=CARTESIAN_POINT('',(520.5,-38.9999999999968,103.774985503374));
#5344=CARTESIAN_POINT('Ctrl Pts',(520.5,-54.3519438756385,95.5200889402871));
#5345=CARTESIAN_POINT('Ctrl Pts',(520.5,-52.9895869043535,96.679348891931));
#5346=CARTESIAN_POINT('Ctrl Pts',(520.5,-50.7666834050575,98.3367258533851));
#5347=CARTESIAN_POINT('Ctrl Pts',(520.5,-47.6252903992873,100.219237179113));
#5348=CARTESIAN_POINT('Ctrl Pts',(520.5,-45.2198254047922,101.451072334073));
#5349=CARTESIAN_POINT('Ctrl Pts',(520.5,-42.8853068326546,102.467012069828));
#5350=CARTESIAN_POINT('Ctrl Pts',(520.5,-40.8060770404577,103.226503362712));
#5351=CARTESIAN_POINT('Ctrl Pts',(520.5,-39.4740193111579,103.637656561718));
#5352=CARTESIAN_POINT('Ctrl Pts',(520.5,-38.9999482654708,103.774806647771));
#5353=CARTESIAN_POINT('',(520.464206973129,-39.,103.8097283659));
#5354=CARTESIAN_POINT('Ctrl Pts',(520.5,-39.,103.774985503372));
#5355=CARTESIAN_POINT('Ctrl Pts',(520.488069304237,-39.,103.786566595521));
#5356=CARTESIAN_POINT('Ctrl Pts',(520.476138290431,-39.,103.798147554018));
#5357=CARTESIAN_POINT('Ctrl Pts',(520.464206973129,-39.,103.809728365899));
#5358=CARTESIAN_POINT('Ctrl Pts',(520.464206974097,-39.0000000009917,103.809728364674));
#5359=CARTESIAN_POINT('Ctrl Pts',(520.310802684677,-38.8428735659093,104.004020674919));
#5360=CARTESIAN_POINT('Ctrl Pts',(520.15621499345,-38.6861009734829,104.197735602663));
#5361=CARTESIAN_POINT('Ctrl Pts',(519.835746247233,-38.3641474520134,104.595274740812));
#5362=CARTESIAN_POINT('Ctrl Pts',(519.669676957085,-38.198955145974,104.799096473459));
#5363=CARTESIAN_POINT('Ctrl Pts',(519.502476048195,-38.0341880551951,105.002244608541));
#5364=CARTESIAN_POINT('Origin',(592.5015522016,-38.5170940275977,-891.));
#5365=CARTESIAN_POINT('',(569.325125346913,-39.0000000000001,106.145239168924));
#5366=CARTESIAN_POINT('Origin',(592.5015522016,-39.0000000000002,-891.));
#5367=CARTESIAN_POINT('Ctrl Pts',(569.325125344928,-39.0000000022235,106.145239165978));
#5368=CARTESIAN_POINT('Ctrl Pts',(569.476108207104,-38.830910495868,106.369270030971));
#5369=CARTESIAN_POINT('Ctrl Pts',(569.628486153616,-38.6622321854586,106.592760354116));
#5370=CARTESIAN_POINT('Ctrl Pts',(569.922422215893,-38.3403961448341,107.019177642408));
#5371=CARTESIAN_POINT('Ctrl Pts',(570.06382105793,-38.1871078337462,107.222277568747));
#5372=CARTESIAN_POINT('Ctrl Pts',(570.20621457582,-38.0341880551952,107.424886661313));
#5373=CARTESIAN_POINT('Ctrl Pts',(570.20621457582,-38.0341880551951,107.424886661313));
#5374=CARTESIAN_POINT('Ctrl Pts',(570.320905119426,-39.3463142361561,107.091660596281));
#5375=CARTESIAN_POINT('Ctrl Pts',(570.548845480595,-41.9542630488038,106.284597017303));
#5376=CARTESIAN_POINT('Ctrl Pts',(570.850025746198,-45.4005314917809,104.874504801784));
#5377=CARTESIAN_POINT('Ctrl Pts',(571.165725454066,-49.013258006056,103.001760606283));
#5378=CARTESIAN_POINT('Ctrl Pts',(571.467962758719,-52.4721952992103,100.745465576053));
#5379=CARTESIAN_POINT('Ctrl Pts',(571.700740533481,-55.1363367747825,98.6160624529324));
#5380=CARTESIAN_POINT('Ctrl Pts',(571.867866911357,-57.0491290091115,96.8480220540744));
#5381=CARTESIAN_POINT('Ctrl Pts',(572.100736690611,-59.714374850669,94.165690074503));
#5382=CARTESIAN_POINT('Ctrl Pts',(572.366147207189,-62.7520182863352,90.3253108027797));
#5383=CARTESIAN_POINT('Ctrl Pts',(572.572327469476,-65.1113902104605,86.1650615213404));
#5384=CARTESIAN_POINT('Ctrl Pts',(572.67242413774,-66.2566653986082,83.7758763531412));
#5385=CARTESIAN_POINT('Ctrl Pts',(572.726260488073,-66.8725704904049,82.3225457463369));
#5386=CARTESIAN_POINT('Ctrl Pts',(572.766802164463,-67.336329630923,81.1200984074565));
#5387=CARTESIAN_POINT('Ctrl Pts',(572.805664478042,-67.7808384266206,79.8825983296109));
#5388=CARTESIAN_POINT('Ctrl Pts',(572.868268198026,-68.496784838209,77.6451864272377));
#5389=CARTESIAN_POINT('Ctrl Pts',(572.968279985037,-69.6399862065558,72.9515078672485));
#5390=CARTESIAN_POINT('Ctrl Pts',(572.999891145829,-70.0000000000071,68.8279842144065));
#5391=CARTESIAN_POINT('Ctrl Pts',(572.999999551778,-70.0000000000002,66.3013838097285));
#5392=CARTESIAN_POINT('Ctrl Pts',(569.866978043465,-37.9776136562032,107.087763562924));
#5393=CARTESIAN_POINT('Ctrl Pts',(569.980752601247,-39.2788676483069,106.756490989398));
#5394=CARTESIAN_POINT('Ctrl Pts',(570.206863559381,-41.8650467677355,105.954554232791));
#5395=CARTESIAN_POINT('Ctrl Pts',(570.505606839468,-45.2822062539442,104.554230817671));
#5396=CARTESIAN_POINT('Ctrl Pts',(570.818731607549,-48.8640802913128,102.695204715491));
#5397=CARTESIAN_POINT('Ctrl Pts',(571.118482823225,-52.2931517597249,100.456159648852));
#5398=CARTESIAN_POINT('Ctrl Pts',(571.349331306571,-54.9340815551321,98.3435395007365));
#5399=CARTESIAN_POINT('Ctrl Pts',(571.515065384265,-56.8301167275489,96.5896863473446));
#5400=CARTESIAN_POINT('Ctrl Pts',(571.745989429739,-59.471945368586,93.9290750777945));
#5401=CARTESIAN_POINT('Ctrl Pts',(572.009164287249,-62.4827059876734,90.1204431923566));
#5402=CARTESIAN_POINT('Ctrl Pts',(572.213594678407,-64.8211698791459,85.9952467690932));
#5403=CARTESIAN_POINT('Ctrl Pts',(572.312839629119,-65.9563215462794,83.6263095996133));
#5404=CARTESIAN_POINT('Ctrl Pts',(572.366217055222,-66.5667968462178,82.1853374073444));
#5405=CARTESIAN_POINT('Ctrl Pts',(572.406412794765,-67.0264800241742,80.9931344073577));
#5406=CARTESIAN_POINT('Ctrl Pts',(572.444943250446,-67.4670921604459,79.7661904973291));
#5407=CARTESIAN_POINT('Ctrl Pts',(572.5070118459,-68.1767945313907,77.547893862358));
#5408=CARTESIAN_POINT('Ctrl Pts',(572.60616707041,-69.3101848749025,72.8944136031534));
#5409=CARTESIAN_POINT('Ctrl Pts',(572.637506829698,-69.6675310108877,68.8062338838067));
#5410=CARTESIAN_POINT('Ctrl Pts',(572.637614308027,-69.6679334366922,66.3012054208964));
#5411=CARTESIAN_POINT('Ctrl Pts',(569.52774151111,-37.9210392572114,106.750640464535));
#5412=CARTESIAN_POINT('Ctrl Pts',(569.640600083067,-39.2114210604576,106.421321382514));
#5413=CARTESIAN_POINT('Ctrl Pts',(569.864881638168,-41.7758304866673,105.624511448279));
#5414=CARTESIAN_POINT('Ctrl Pts',(570.161187932739,-45.1638810161074,104.233956833559));
#5415=CARTESIAN_POINT('Ctrl Pts',(570.471737761031,-48.7149025765696,102.388648824699));
#5416=CARTESIAN_POINT('Ctrl Pts',(570.769002887731,-52.1141082202395,100.166853721652));
#5417=CARTESIAN_POINT('Ctrl Pts',(570.997922079661,-54.7318263354817,98.0710165485405));
#5418=CARTESIAN_POINT('Ctrl Pts',(571.162263857173,-56.6111044459864,96.3313506406148));
#5419=CARTESIAN_POINT('Ctrl Pts',(571.391242168868,-59.2295158865031,93.692460081086));
#5420=CARTESIAN_POINT('Ctrl Pts',(571.652181367309,-62.2133936890117,89.9155755819336));
#5421=CARTESIAN_POINT('Ctrl Pts',(571.854861887338,-64.5309495478313,85.825432016846));
#5422=CARTESIAN_POINT('Ctrl Pts',(571.953255120499,-65.6559776939506,83.4767428460854));
#5423=CARTESIAN_POINT('Ctrl Pts',(572.006173622371,-66.2610232020307,82.0481290683519));
#5424=CARTESIAN_POINT('Ctrl Pts',(572.046023425068,-66.7166304174254,80.8661704072589));
#5425=CARTESIAN_POINT('Ctrl Pts',(572.084222022851,-67.1533458942713,79.6497826650472));
#5426=CARTESIAN_POINT('Ctrl Pts',(572.145755493774,-67.8568042245723,77.4506012974783));
#5427=CARTESIAN_POINT('Ctrl Pts',(572.244054155782,-68.9803835432491,72.8373193390582));
#5428=CARTESIAN_POINT('Ctrl Pts',(572.275122513566,-69.3350620217683,68.7844835532068));
#5429=CARTESIAN_POINT('Ctrl Pts',(572.275229064275,-69.3358668733842,66.3010270320642));
#5430=CARTESIAN_POINT('Ctrl Pts',(569.188504978755,-37.8644648582196,106.413517366146));
#5431=CARTESIAN_POINT('Ctrl Pts',(569.300447564887,-39.1439744726084,106.08615177563));
#5432=CARTESIAN_POINT('Ctrl Pts',(569.522899716954,-41.686614205599,105.294468663767));
#5433=CARTESIAN_POINT('Ctrl Pts',(569.816769026009,-45.0455557782707,103.913682849446));
#5434=CARTESIAN_POINT('Ctrl Pts',(570.124743914514,-48.5657248618265,102.082092933907));
#5435=CARTESIAN_POINT('Ctrl Pts',(570.419522952237,-51.9350646807541,99.8775477944522));
#5436=CARTESIAN_POINT('Ctrl Pts',(570.646512852751,-54.5295711158313,97.7984935963445));
#5437=CARTESIAN_POINT('Ctrl Pts',(570.809462330082,-56.3920921644238,96.073014933885));
#5438=CARTESIAN_POINT('Ctrl Pts',(571.036494907996,-58.9870864044201,93.4558450843774));
#5439=CARTESIAN_POINT('Ctrl Pts',(571.295198447368,-61.9440813903499,89.7107079715105));
#5440=CARTESIAN_POINT('Ctrl Pts',(571.496129096269,-64.2407292165167,85.6556172645988));
#5441=CARTESIAN_POINT('Ctrl Pts',(571.593670611878,-65.3556338416218,83.3271760925576));
#5442=CARTESIAN_POINT('Ctrl Pts',(571.64613018952,-65.9552495578435,81.9109207293594));
#5443=CARTESIAN_POINT('Ctrl Pts',(571.68563405537,-66.4067808106767,80.7392064071602));
#5444=CARTESIAN_POINT('Ctrl Pts',(571.723500795255,-66.8395996280967,79.5333748327654));
#5445=CARTESIAN_POINT('Ctrl Pts',(571.784499141649,-67.536813917754,77.3533087325986));
#5446=CARTESIAN_POINT('Ctrl Pts',(571.881941241155,-68.6505822115957,72.7802250749631));
#5447=CARTESIAN_POINT('Ctrl Pts',(571.912738197435,-69.0025930326489,68.762733222607));
#5448=CARTESIAN_POINT('Ctrl Pts',(571.912843820524,-69.0038003100763,66.3008486432321));
#5449=CARTESIAN_POINT('',(569.287851430696,-38.9999999999954,106.105741777092));
#5450=CARTESIAN_POINT('',(571.912843820524,-69.0038003100763,66.3008486432321));
#5451=CARTESIAN_POINT('Ctrl Pts',(569.287830379922,-38.9997593885506,106.104896797185));
#5452=CARTESIAN_POINT('Ctrl Pts',(569.365884151447,-39.8919180795101,105.848353025937));
#5453=CARTESIAN_POINT('Ctrl Pts',(569.551971954793,-42.0189114046588,105.157868711469));
#5454=CARTESIAN_POINT('Ctrl Pts',(569.816769026009,-45.0455557782707,103.913682849446));
#5455=CARTESIAN_POINT('Ctrl Pts',(570.124743914514,-48.5657248618265,102.082092933907));
#5456=CARTESIAN_POINT('Ctrl Pts',(570.419522952237,-51.9350646807541,99.8775477944522));
#5457=CARTESIAN_POINT('Ctrl Pts',(570.646512852751,-54.5295711158313,97.7984935963445));
#5458=CARTESIAN_POINT('Ctrl Pts',(570.809462330082,-56.3920921644238,96.073014933885));
#5459=CARTESIAN_POINT('Ctrl Pts',(571.036494907996,-58.9870864044201,93.4558450843774));
#5460=CARTESIAN_POINT('Ctrl Pts',(571.295198447368,-61.9440813903499,89.7107079715105));
#5461=CARTESIAN_POINT('Ctrl Pts',(571.496129096269,-64.2407292165167,85.6556172645988));
#5462=CARTESIAN_POINT('Ctrl Pts',(571.593670611878,-65.3556338416218,83.3271760925576));
#5463=CARTESIAN_POINT('Ctrl Pts',(571.64613018952,-65.9552495578435,81.9109207293594));
#5464=CARTESIAN_POINT('Ctrl Pts',(571.68563405537,-66.4067808106767,80.7392064071602));
#5465=CARTESIAN_POINT('Ctrl Pts',(571.723500795255,-66.8395996280967,79.5333748327654));
#5466=CARTESIAN_POINT('Ctrl Pts',(571.784499141649,-67.536813917754,77.3533087325986));
#5467=CARTESIAN_POINT('Ctrl Pts',(571.881941241155,-68.6505822115957,72.7802250749631));
#5468=CARTESIAN_POINT('Ctrl Pts',(571.912738197435,-69.0025930326489,68.762733222607));
#5469=CARTESIAN_POINT('Ctrl Pts',(571.912843820524,-69.0038003100763,66.3008486432321));
#5470=CARTESIAN_POINT('',(571.912843820524,-69.0038003100763,66.3008486432321));
#5471=CARTESIAN_POINT('Ctrl Pts',(569.325125346913,-39.0000000000001,106.145239168924));
#5472=CARTESIAN_POINT('Ctrl Pts',(569.312700391349,-39.0000000000001,106.132073468261));
#5473=CARTESIAN_POINT('Ctrl Pts',(569.300275746828,-39.0000000000001,106.11890766526));
#5474=CARTESIAN_POINT('Ctrl Pts',(569.287851430696,-39.0000000000001,106.105741777089));
#5475=CARTESIAN_POINT('Ctrl Pts',(519.496722897488,-55.6194438170916,95.6704791386035));
#5476=CARTESIAN_POINT('Ctrl Pts',(519.499902491008,-55.4028253868018,95.8623771490735));
#5477=CARTESIAN_POINT('Ctrl Pts',(519.501544339934,-55.1842639203825,96.0519410084775));
#5478=CARTESIAN_POINT('Ctrl Pts',(519.501561773942,-54.9637951235667,96.2391337169332));
#5479=CARTESIAN_POINT('Ctrl Pts',(519.831148598325,-55.4129625447172,95.4325373204948));
#5480=CARTESIAN_POINT('Ctrl Pts',(519.833268327339,-55.1972026508749,95.6238403536848));
#5481=CARTESIAN_POINT('Ctrl Pts',(519.834362893289,-54.9794909178892,95.8128230031119));
#5482=CARTESIAN_POINT('Ctrl Pts',(519.834374515961,-54.7598447075907,95.9994521247178));
#5483=CARTESIAN_POINT('Ctrl Pts',(520.165574299163,-55.2064812723427,95.1945955023861));
#5484=CARTESIAN_POINT('Ctrl Pts',(520.166634163669,-54.991579914948,95.385303558296));
#5485=CARTESIAN_POINT('Ctrl Pts',(520.167181446645,-54.7747179153959,95.5737049977464));
#5486=CARTESIAN_POINT('Ctrl Pts',(520.167187257981,-54.5558942916146,95.7597705325025));
#5487=CARTESIAN_POINT('Ctrl Pts',(520.5,-54.9999999999683,94.9566536842774));
#5488=CARTESIAN_POINT('Ctrl Pts',(520.5,-54.7859571790211,95.1467667629073));
#5489=CARTESIAN_POINT('Ctrl Pts',(520.5,-54.5699449129026,95.3345869923808));
#5490=CARTESIAN_POINT('Ctrl Pts',(520.5,-54.3519438756385,95.5200889402872));
#5491=CARTESIAN_POINT('Ctrl Pts',(520.5,-54.9999999999683,94.9566536842774));
#5492=CARTESIAN_POINT('Ctrl Pts',(520.5,-54.7859571790211,95.1467667629073));
#5493=CARTESIAN_POINT('Ctrl Pts',(520.5,-54.5699449129026,95.3345869923808));
#5494=CARTESIAN_POINT('Ctrl Pts',(520.5,-54.3519438756385,95.5200889402872));
#5495=CARTESIAN_POINT('Origin',(572.456422128626,-69.5019026509543,76.4));
#5496=CARTESIAN_POINT('',(573.,-70.0000000000002,66.280489907386));
#5497=CARTESIAN_POINT('',(573.,-70.0000000000002,76.4));
#5498=CARTESIAN_POINT('',(571.912844257252,-69.0038053019084,66.280489907386));
#5499=CARTESIAN_POINT('',(573.,-70.0000000000002,66.280489907386));
#5500=CARTESIAN_POINT('',(571.912844257252,-69.0038053019084,76.4));
#5501=CARTESIAN_POINT('Ctrl Pts',(572.999999551778,-70.0000000000002,66.3013838097286));
#5502=CARTESIAN_POINT('Ctrl Pts',(572.999999850674,-70.0000000000002,66.294417476903));
#5503=CARTESIAN_POINT('Ctrl Pts',(573.,-70.0000000000002,66.2874528418095));
#5504=CARTESIAN_POINT('Ctrl Pts',(573.,-70.0000000000002,66.280489907386));
#5505=CARTESIAN_POINT('Ctrl Pts',(572.637614308027,-69.6679334366922,66.3012054208964));
#5506=CARTESIAN_POINT('Ctrl Pts',(572.637614604365,-69.6679345462591,66.294298566145));
#5507=CARTESIAN_POINT('Ctrl Pts',(572.637614752417,-69.6679351006362,66.2873933937317));
#5508=CARTESIAN_POINT('Ctrl Pts',(572.637614752417,-69.6679351006362,66.280489907386));
#5509=CARTESIAN_POINT('Ctrl Pts',(572.275229064275,-69.3358668733842,66.3010270320643));
#5510=CARTESIAN_POINT('Ctrl Pts',(572.275229358056,-69.335869092518,66.2941796553869));
#5511=CARTESIAN_POINT('Ctrl Pts',(572.275229504835,-69.3358702012723,66.2873339456539));
#5512=CARTESIAN_POINT('Ctrl Pts',(572.275229504835,-69.3358702012723,66.280489907386));
#5513=CARTESIAN_POINT('Ctrl Pts',(571.912843820524,-69.0038003100763,66.3008486432321));
#5514=CARTESIAN_POINT('Ctrl Pts',(571.912844111747,-69.0038036387769,66.2940607446288));
#5515=CARTESIAN_POINT('Ctrl Pts',(571.912844257252,-69.0038053019084,66.287274497576));
#5516=CARTESIAN_POINT('Ctrl Pts',(571.912844257252,-69.0038053019084,66.280489907386));
#5517=CARTESIAN_POINT('Ctrl Pts',(573.,-70.0000000000002,66.280489907386));
#5518=CARTESIAN_POINT('Ctrl Pts',(573.,-70.0000000000002,66.2874528418095));
#5519=CARTESIAN_POINT('Ctrl Pts',(572.999999850674,-70.0000000000002,66.294417476903));
#5520=CARTESIAN_POINT('Ctrl Pts',(572.999999551778,-70.0000000000002,66.3013838097286));
#5521=CARTESIAN_POINT('Ctrl Pts',(571.912843820524,-69.0038003100763,66.3008486432321));
#5522=CARTESIAN_POINT('Ctrl Pts',(571.912844111747,-69.0038036387769,66.2940607446288));
#5523=CARTESIAN_POINT('Ctrl Pts',(571.912844257252,-69.0038053019084,66.287274497576));
#5524=CARTESIAN_POINT('Ctrl Pts',(571.912844257252,-69.0038053019084,66.280489907386));
#5525=CARTESIAN_POINT('Origin',(405.,-70.0000000000002,59.));
#5526=CARTESIAN_POINT('',(646.300471450512,-70.0000000000002,66.5));
#5527=CARTESIAN_POINT('',(646.300471450512,-70.0000000000002,109.));
#5528=CARTESIAN_POINT('',(480.,-70.0000000000002,66.5));
#5529=CARTESIAN_POINT('Origin',(475.,-55.0000000000001,-133.));
#5530=CARTESIAN_POINT('',(520.5,-55.0000000000001,-133.));
#5531=CARTESIAN_POINT('Origin',(520.5,-40.,93.8));
#5532=CARTESIAN_POINT('',(520.5,-39.,93.8));
#5533=CARTESIAN_POINT('Origin',(572.,-70.0000000000001,93.8));
#5534=CARTESIAN_POINT('',(569.287851430696,-39.0000000000001,93.8));
#5535=CARTESIAN_POINT('Origin',(570.,-39.0000000000001,93.8));
#5536=CARTESIAN_POINT('Origin',(479.579696698189,-24.5338404118089,97.5));
#5537=CARTESIAN_POINT('Origin',(592.5015522016,-38.3989008561364,-891.));
#5538=CARTESIAN_POINT('',(529.207004280255,-30.6273075820663,97.5));
#5539=CARTESIAN_POINT('Origin',(541.39393862077,68.627307582066,97.5));
#5540=CARTESIAN_POINT('',(491.766631038704,74.7207747523234,97.5));
#5541=CARTESIAN_POINT('',(541.39393862077,68.627307582066,97.5));
#5542=CARTESIAN_POINT('Origin',(535.300471450512,18.9999999999999,97.5));
#5543=CARTESIAN_POINT('Ctrl Pts',(585.168614583108,15.3711846965004,108.973113651504));
#5544=CARTESIAN_POINT('Ctrl Pts',(585.024382066523,13.3891031685334,108.97205597502));
#5545=CARTESIAN_POINT('Ctrl Pts',(584.759007061481,11.3842599513785,108.970102701732));
#5546=CARTESIAN_POINT('Ctrl Pts',(583.734852683448,6.15726641305556,108.961771881813));
#5547=CARTESIAN_POINT('Ctrl Pts',(582.77022712106,2.94591767423213,108.953463236081));
#5548=CARTESIAN_POINT('Ctrl Pts',(580.219047848757,-3.21334635119738,108.925380922654));
#5549=CARTESIAN_POINT('Ctrl Pts',(578.630461115185,-6.16616787033606,108.905477043774));
#5550=CARTESIAN_POINT('Ctrl Pts',(574.959298550808,-11.6268092141542,108.847808182286));
#5551=CARTESIAN_POINT('Ctrl Pts',(572.876495441818,-14.1344744514866,108.80987422003));
#5552=CARTESIAN_POINT('Ctrl Pts',(568.436191787812,-18.5751374867186,108.712855695892));
#5553=CARTESIAN_POINT('Ctrl Pts',(565.926815548753,-20.6593249289867,108.65056518771));
#5554=CARTESIAN_POINT('Ctrl Pts',(560.463229449691,-24.3320968395532,108.490377634284));
#5555=CARTESIAN_POINT('Ctrl Pts',(557.509177332824,-25.9209095259063,108.392333101554));
#5556=CARTESIAN_POINT('Ctrl Pts',(554.179592227524,-27.2995855373258,108.265475055599));
#5557=CARTESIAN_POINT('Ctrl Pts',(553.92941613756,-27.4008108081093,108.255849820176));
#5558=CARTESIAN_POINT('Ctrl Pts',(553.678447400003,-27.4999999999994,108.246099083486));
#5559=CARTESIAN_POINT('Origin',(485.673163868446,25.0934671702572,97.5));
#5560=CARTESIAN_POINT('Origin',(485.673163868446,25.0934671702572,59.));
#5561=CARTESIAN_POINT('',(480.79839013224,-14.6083788953956,59.));
#5562=CARTESIAN_POINT('',(490.547937604652,64.7953132359101,59.));
#5563=CARTESIAN_POINT('Origin',(480.79839013224,-14.6083788953956,59.));
#5564=CARTESIAN_POINT('Origin',(592.5015522016,126.25,-891.));
#5565=CARTESIAN_POINT('',(477.877444216469,126.25,102.408935871131));
#5566=CARTESIAN_POINT('Origin',(540.175245186718,58.7018460656527,59.));
#5567=CARTESIAN_POINT('Origin',(592.5015522016,126.25,-891.));
#5568=CARTESIAN_POINT('',(592.5015522016,126.25,109.));
#5569=CARTESIAN_POINT('Ctrl Pts',(670.460768184817,179.42078444967,59.));
#5570=CARTESIAN_POINT('Ctrl Pts',(667.772338424429,179.425264225231,65.4063150451601));
#5571=CARTESIAN_POINT('Ctrl Pts',(660.660268479193,179.431041352989,74.8281432004845));
#5572=CARTESIAN_POINT('Ctrl Pts',(646.474708501048,179.429551451454,82.6188234154387));
#5573=CARTESIAN_POINT('Ctrl Pts',(637.299131368155,179.424796917508,84.159778636075));
#5574=CARTESIAN_POINT('Ctrl Pts',(632.675937201781,179.421920945597,84.160577515112));
#5575=CARTESIAN_POINT('Ctrl Pts',(670.228462916766,179.61385629978,58.9018599405095));
#5576=CARTESIAN_POINT('Ctrl Pts',(667.550978615098,179.616842816821,65.2680696955036));
#5577=CARTESIAN_POINT('Ctrl Pts',(660.479512159935,179.620694235326,74.6253892882672));
#5578=CARTESIAN_POINT('Ctrl Pts',(646.387790813472,179.619700967636,82.3663189910624));
#5579=CARTESIAN_POINT('Ctrl Pts',(637.27078409753,179.616531278339,83.902830906286));
#5580=CARTESIAN_POINT('Ctrl Pts',(632.675325965258,179.614613963731,83.9070114639568));
#5581=CARTESIAN_POINT('Ctrl Pts',(669.996157648714,179.80692814989,58.8037198810191));
#5582=CARTESIAN_POINT('Ctrl Pts',(667.329618805768,179.80842140841,65.1298243458471));
#5583=CARTESIAN_POINT('Ctrl Pts',(660.298755840677,179.810347117663,74.4226353760499));
#5584=CARTESIAN_POINT('Ctrl Pts',(646.300873125896,179.809850483818,82.1138145666862));
#5585=CARTESIAN_POINT('Ctrl Pts',(637.242436826906,179.808265639169,83.645883176497));
#5586=CARTESIAN_POINT('Ctrl Pts',(632.674714728736,179.807306981865,83.6534454128016));
#5587=CARTESIAN_POINT('Ctrl Pts',(669.763852380663,180.,58.7055798215287));
#5588=CARTESIAN_POINT('Ctrl Pts',(667.108258996438,180.,64.9915789961906));
#5589=CARTESIAN_POINT('Ctrl Pts',(660.117999521419,180.,74.2198814638326));
#5590=CARTESIAN_POINT('Ctrl Pts',(646.213955438319,180.,81.8613101423099));
#5591=CARTESIAN_POINT('Ctrl Pts',(637.214089556281,180.,83.388935446708));
#5592=CARTESIAN_POINT('Ctrl Pts',(632.674103492213,180.,83.3998793616464));
#5593=CARTESIAN_POINT('',(632.675937201779,179.421920948476,84.1605775143121));
#5594=CARTESIAN_POINT('',(632.674103492213,180.,83.3998793616464));
#5595=CARTESIAN_POINT('Ctrl Pts',(632.675937201781,179.421920945597,84.160577515112));
#5596=CARTESIAN_POINT('Ctrl Pts',(637.299131368155,179.424796917508,84.159778636075));
#5597=CARTESIAN_POINT('Ctrl Pts',(646.474708501048,179.429551451454,82.6188234154387));
#5598=CARTESIAN_POINT('Ctrl Pts',(660.660268479193,179.431041352989,74.8281432004845));
#5599=CARTESIAN_POINT('Ctrl Pts',(667.772338424429,179.425264225231,65.4063150451601));
#5600=CARTESIAN_POINT('Ctrl Pts',(670.460768184817,179.42078444967,59.));
#5601=CARTESIAN_POINT('Origin',(667.5,179.710944627111,83.7802931591358));
#5602=CARTESIAN_POINT('',(592.5015522016,179.421889254222,84.1605863182717));
#5603=CARTESIAN_POINT('',(592.5015522016,180.,83.4));
#5604=CARTESIAN_POINT('',(632.574006286183,179.421889254222,84.1605863182716));
#5605=CARTESIAN_POINT('',(667.5,179.421889254222,84.1605863182716));
#5606=CARTESIAN_POINT('',(632.574006286183,179.421889254222,84.1605863182716));
#5607=CARTESIAN_POINT('Ctrl Pts',(592.5015522016,179.421889254222,84.1605863182716));
#5608=CARTESIAN_POINT('Ctrl Pts',(554.209333151471,179.421889254222,84.1605863182716));
#5609=CARTESIAN_POINT('Ctrl Pts',(515.917225468198,179.42179070594,81.8753851798456));
#5610=CARTESIAN_POINT('Ctrl Pts',(477.877444216469,179.421596336189,77.3200432777317));
#5611=CARTESIAN_POINT('Ctrl Pts',(592.5015522016,179.614592836148,83.9070575455144));
#5612=CARTESIAN_POINT('Ctrl Pts',(554.219407236701,179.614592836148,83.9070575455144));
#5613=CARTESIAN_POINT('Ctrl Pts',(515.937373428179,179.614527137293,81.6225766373736));
#5614=CARTESIAN_POINT('Ctrl Pts',(477.907542860128,179.614397557459,77.0686627521785));
#5615=CARTESIAN_POINT('Ctrl Pts',(592.5015522016,179.807296418074,83.6535287727571));
#5616=CARTESIAN_POINT('Ctrl Pts',(554.22948132193,179.807296418074,83.6535287727571));
#5617=CARTESIAN_POINT('Ctrl Pts',(515.95752138816,179.807263568647,81.3697680949017));
#5618=CARTESIAN_POINT('Ctrl Pts',(477.937641503786,179.80719877873,76.8172822266253));
#5619=CARTESIAN_POINT('Ctrl Pts',(592.5015522016,180.,83.3999999999999));
#5620=CARTESIAN_POINT('Ctrl Pts',(554.23955540716,180.,83.3999999999999));
#5621=CARTESIAN_POINT('Ctrl Pts',(515.977669348141,180.,81.1169595524298));
#5622=CARTESIAN_POINT('Ctrl Pts',(477.967740147445,180.,76.5659017010721));
#5623=CARTESIAN_POINT('Ctrl Pts',(477.877444216469,179.421596336189,77.3200432777317));
#5624=CARTESIAN_POINT('Ctrl Pts',(515.917225468198,179.42179070594,81.8753851798456));
#5625=CARTESIAN_POINT('Ctrl Pts',(554.209333151471,179.421889254222,84.1605863182716));
#5626=CARTESIAN_POINT('Ctrl Pts',(592.5015522016,179.421889254222,84.1605863182716));
#5627=CARTESIAN_POINT('Ctrl Pts',(632.675937201781,179.421920945597,84.160577515112));
#5628=CARTESIAN_POINT('Ctrl Pts',(632.641961950317,179.421899810458,84.1605833859839));
#5629=CARTESIAN_POINT('Ctrl Pts',(632.607985038655,179.421889254222,84.1605863182717));
#5630=CARTESIAN_POINT('Ctrl Pts',(632.574006286183,179.421889254222,84.1605863182717));
#5631=CARTESIAN_POINT('Ctrl Pts',(632.675325965258,179.614613963731,83.9070114639568));
#5632=CARTESIAN_POINT('Ctrl Pts',(632.641554542294,179.614599873638,83.9070421863397));
#5633=CARTESIAN_POINT('Ctrl Pts',(632.607781345805,179.614592836148,83.9070575455144));
#5634=CARTESIAN_POINT('Ctrl Pts',(632.574006286183,179.614592836148,83.9070575455144));
#5635=CARTESIAN_POINT('Ctrl Pts',(632.674714728736,179.807306981865,83.6534454128016));
#5636=CARTESIAN_POINT('Ctrl Pts',(632.641147134272,179.807299936819,83.6535009866954));
#5637=CARTESIAN_POINT('Ctrl Pts',(632.607577652955,179.807296418074,83.6535287727572));
#5638=CARTESIAN_POINT('Ctrl Pts',(632.574006286183,179.807296418074,83.6535287727572));
#5639=CARTESIAN_POINT('Ctrl Pts',(632.674103492213,180.,83.3998793616464));
#5640=CARTESIAN_POINT('Ctrl Pts',(632.640739726249,180.,83.3999597870511));
#5641=CARTESIAN_POINT('Ctrl Pts',(632.607373960105,180.,83.4));
#5642=CARTESIAN_POINT('Ctrl Pts',(632.574006286183,180.,83.4));
#5643=CARTESIAN_POINT('Ctrl Pts',(632.574006286183,179.421889254222,84.1605863182717));
#5644=CARTESIAN_POINT('Ctrl Pts',(632.607985038655,179.421889254222,84.1605863182717));
#5645=CARTESIAN_POINT('Ctrl Pts',(632.641961950317,179.421899810458,84.1605833859839));
#5646=CARTESIAN_POINT('Ctrl Pts',(632.675937201781,179.421920945597,84.160577515112));
#5647=CARTESIAN_POINT('Ctrl Pts',(461.428537093973,179.421596287728,75.3502295463137));
#5648=CARTESIAN_POINT('Ctrl Pts',(461.417992004312,179.421596287728,75.3489667352101));
#5649=CARTESIAN_POINT('Ctrl Pts',(461.407447011607,179.421597404523,75.3477036254966));
#5650=CARTESIAN_POINT('Ctrl Pts',(461.396902109281,179.421599638371,75.3464402163138));
#5651=CARTESIAN_POINT('Ctrl Pts',(461.458640706483,179.614397525152,75.098849674735));
#5652=CARTESIAN_POINT('Ctrl Pts',(461.448164374631,179.614397525152,75.0975950976178));
#5653=CARTESIAN_POINT('Ctrl Pts',(461.437688297648,179.614398269682,75.0963389099864));
#5654=CARTESIAN_POINT('Ctrl Pts',(461.427212472226,179.614399758914,75.0950811113991));
#5655=CARTESIAN_POINT('Ctrl Pts',(461.488744318992,179.807198762576,74.8474698031563));
#5656=CARTESIAN_POINT('Ctrl Pts',(461.478336744949,179.807198762576,74.8462234600254));
#5657=CARTESIAN_POINT('Ctrl Pts',(461.467929583688,179.807199134841,74.8449741944763));
#5658=CARTESIAN_POINT('Ctrl Pts',(461.457522835172,179.807199879457,74.8437220064845));
#5659=CARTESIAN_POINT('Ctrl Pts',(461.518847931502,180.,74.5960899315776));
#5660=CARTESIAN_POINT('Ctrl Pts',(461.508509115267,180.,74.5948518224331));
#5661=CARTESIAN_POINT('Ctrl Pts',(461.498170869728,180.,74.5936094789661));
#5662=CARTESIAN_POINT('Ctrl Pts',(461.487833198117,180.,74.5923629015698));
#5663=CARTESIAN_POINT('Origin',(653.179336202233,51.7665028489683,75.5112202129838));
#5664=CARTESIAN_POINT('',(653.179336202233,63.1413670598773,116.460731372256));
#5665=CARTESIAN_POINT('Origin',(630.,135.,96.5));
#5666=CARTESIAN_POINT('',(592.5015522016,157.145415472779,90.3484957020058));
#5667=CARTESIAN_POINT('Origin',(592.5015522016,-110.498448313315,-873.169413927935));
#5668=CARTESIAN_POINT('Ctrl Pts',(414.54852586997,9.5091419632573,73.4331299547913));
#5669=CARTESIAN_POINT('Ctrl Pts',(414.574739145584,9.80876107455699,73.4361545635161));
#5670=CARTESIAN_POINT('Ctrl Pts',(414.624699988501,10.1230311820851,73.4980958786678));
#5671=CARTESIAN_POINT('Ctrl Pts',(414.754580792794,10.6839613490256,73.7115575537252));
#5672=CARTESIAN_POINT('Ctrl Pts',(414.833721949707,10.9338492557031,73.85942262528));
#5673=CARTESIAN_POINT('Ctrl Pts',(415.056815418466,11.5356315371161,74.2908384826603));
#5674=CARTESIAN_POINT('Ctrl Pts',(415.425147861304,12.2319210046312,75.0388803611415));
#5675=CARTESIAN_POINT('Ctrl Pts',(415.994852330358,12.9310224488146,76.1701931233563));
#5676=CARTESIAN_POINT('Ctrl Pts',(416.591350467952,13.4600145896614,77.2988198061624));
#5677=CARTESIAN_POINT('Ctrl Pts',(417.502941068364,14.0369985066082,78.9288173081588));
#5678=CARTESIAN_POINT('Ctrl Pts',(418.520091204702,14.3667499706859,80.5768014060176));
#5679=CARTESIAN_POINT('Ctrl Pts',(419.591477738543,14.4407156201844,82.1478712330188));
#5680=CARTESIAN_POINT('Ctrl Pts',(420.653842478759,14.3457422593179,83.6188271651868));
#5681=CARTESIAN_POINT('Ctrl Pts',(421.882436275679,13.9294568565699,85.1711515928734));
#5682=CARTESIAN_POINT('Ctrl Pts',(423.04250457414,13.0422708453715,86.5199485973315));
#5683=CARTESIAN_POINT('Ctrl Pts',(423.676840469711,12.3055847551371,87.2331075657114));
#5684=CARTESIAN_POINT('Ctrl Pts',(424.122260174437,11.5449516444856,87.731872348382));
#5685=CARTESIAN_POINT('Ctrl Pts',(424.49996848178,10.6609058738376,88.1616947769367));
#5686=CARTESIAN_POINT('Ctrl Pts',(424.75376775477,9.3732655980972,88.4888855655745));
#5687=CARTESIAN_POINT('Ctrl Pts',(424.61026791235,7.81680648918251,88.4665020985347));
#5688=CARTESIAN_POINT('Ctrl Pts',(424.237187651745,6.86393843313036,88.1875361880526));
#5689=CARTESIAN_POINT('Ctrl Pts',(423.72506299634,5.93844743171013,87.7664939741314));
#5690=CARTESIAN_POINT('Ctrl Pts',(423.260278822582,5.36364646664893,87.3559814999175));
#5691=CARTESIAN_POINT('Ctrl Pts',(422.32081576091,4.54536751748941,86.4564760299251));
#5692=CARTESIAN_POINT('Ctrl Pts',(421.165914024232,3.92110555009327,85.2579774250687));
#5693=CARTESIAN_POINT('Ctrl Pts',(419.631465475095,3.65914391926299,83.4018846657834));
#5694=CARTESIAN_POINT('Ctrl Pts',(418.583218881035,3.77138101979309,81.9395676765508));
#5695=CARTESIAN_POINT('Ctrl Pts',(417.340071437958,4.13101519584898,80.0289607330659));
#5696=CARTESIAN_POINT('Ctrl Pts',(416.410576548443,4.71507886728099,78.340766278284));
#5697=CARTESIAN_POINT('Ctrl Pts',(415.700792042487,5.46438221997828,76.8319060176434));
#5698=CARTESIAN_POINT('Ctrl Pts',(415.17131167529,6.18938537917698,75.6079660761624));
#5699=CARTESIAN_POINT('Ctrl Pts',(414.822678283591,6.95128889079409,74.6522211636437));
#5700=CARTESIAN_POINT('Ctrl Pts',(414.621717953941,7.80803562697304,73.9822124257099));
#5701=CARTESIAN_POINT('Ctrl Pts',(414.570039147161,8.10256450939704,73.7907576747414));
#5702=CARTESIAN_POINT('Ctrl Pts',(414.516488464057,8.76941197575273,73.5111991364838));
#5703=CARTESIAN_POINT('Ctrl Pts',(414.516954330655,9.14827761760388,73.4294870848703));
#5704=CARTESIAN_POINT('Ctrl Pts',(414.54852586997,9.50914196325731,73.4331299547913));
#5705=CARTESIAN_POINT('Ctrl Pts',(414.621171464674,9.50292522682271,73.4193675298855));
#5706=CARTESIAN_POINT('Ctrl Pts',(414.647268189162,9.8007756300615,73.4223969470423));
#5707=CARTESIAN_POINT('Ctrl Pts',(414.699882147826,10.1127366013274,73.4838129947337));
#5708=CARTESIAN_POINT('Ctrl Pts',(414.83790150626,10.6682022477439,73.6956313570895));
#5709=CARTESIAN_POINT('Ctrl Pts',(414.922326523099,10.9145641293398,73.8422744829406));
#5710=CARTESIAN_POINT('Ctrl Pts',(415.159265746857,11.5069687366349,74.270382668488));
#5711=CARTESIAN_POINT('Ctrl Pts',(415.54749279023,12.1867185888817,75.0124034547685));
#5712=CARTESIAN_POINT('Ctrl Pts',(416.137513956063,12.8609332497419,76.1342862686541));
#5713=CARTESIAN_POINT('Ctrl Pts',(416.748207837533,13.3642750240081,77.2525955307114));
#5714=CARTESIAN_POINT('Ctrl Pts',(417.671997575574,13.9032990254875,78.8660248967528));
#5715=CARTESIAN_POINT('Ctrl Pts',(418.688483657688,14.1932736087795,80.493631284668));
#5716=CARTESIAN_POINT('Ctrl Pts',(419.744400050642,14.2300500878166,82.039663535608));
#5717=CARTESIAN_POINT('Ctrl Pts',(420.782163007301,14.1029492112071,83.4829482774161));
#5718=CARTESIAN_POINT('Ctrl Pts',(421.964010314562,13.6591695586963,84.9968442254533));
#5719=CARTESIAN_POINT('Ctrl Pts',(423.053252538956,12.7763651614166,86.2961981831559));
#5720=CARTESIAN_POINT('Ctrl Pts',(423.637703882111,12.0626631087542,86.9755219298129));
#5721=CARTESIAN_POINT('Ctrl Pts',(424.041682804489,11.3401405380083,87.4459626939218));
#5722=CARTESIAN_POINT('Ctrl Pts',(424.379636184593,10.5108103370503,87.847936555695));
#5723=CARTESIAN_POINT('Ctrl Pts',(424.600505119219,9.32374270136218,88.1495623992416));
#5724=CARTESIAN_POINT('Ctrl Pts',(424.470195404255,7.90178337497366,88.1291216741075));
#5725=CARTESIAN_POINT('Ctrl Pts',(424.13656162543,7.01976294571676,87.8716242014645));
#5726=CARTESIAN_POINT('Ctrl Pts',(423.673409175517,6.15293571639646,87.4786314600291));
#5727=CARTESIAN_POINT('Ctrl Pts',(423.248686639989,5.60455511308554,87.0921571684389));
#5728=CARTESIAN_POINT('Ctrl Pts',(422.376085143113,4.80730304685629,86.2350625080256));
#5729=CARTESIAN_POINT('Ctrl Pts',(421.285377504498,4.17609920003888,85.080817637377));
#5730=CARTESIAN_POINT('Ctrl Pts',(419.801082393537,3.87385531625731,83.2704505696176));
#5731=CARTESIAN_POINT('Ctrl Pts',(418.769908587257,3.94956762230226,81.8346533936793));
#5732=CARTESIAN_POINT('Ctrl Pts',(417.534478783194,4.26177184212185,79.9529723516851));
#5733=CARTESIAN_POINT('Ctrl Pts',(416.594529038978,4.80620618983882,78.2840356291332));
#5734=CARTESIAN_POINT('Ctrl Pts',(415.86404747231,5.52359584255866,76.7898089754103));
#5735=CARTESIAN_POINT('Ctrl Pts',(415.313232995835,6.22416407049652,75.5767431751876));
#5736=CARTESIAN_POINT('Ctrl Pts',(414.940414578847,6.96877763098534,74.628784103038));
#5737=CARTESIAN_POINT('Ctrl Pts',(414.716881604464,7.81441393977744,73.9640448925778));
#5738=CARTESIAN_POINT('Ctrl Pts',(414.658149276139,8.1056928869097,73.7741495685382));
#5739=CARTESIAN_POINT('Ctrl Pts',(414.593007000975,8.76746458230767,73.4967918087796));
#5740=CARTESIAN_POINT('Ctrl Pts',(414.589538215988,9.14421143011098,73.4157717503234));
#5741=CARTESIAN_POINT('Ctrl Pts',(414.621171464674,9.50292522682271,73.4193675298855));
#5742=CARTESIAN_POINT('Ctrl Pts',(414.693817059379,9.49670849038811,73.4056051049798));
#5743=CARTESIAN_POINT('Ctrl Pts',(414.720044708476,9.792624604812,73.4085700016741));
#5744=CARTESIAN_POINT('Ctrl Pts',(414.775086928515,10.1025817519904,73.469574029633));
#5745=CARTESIAN_POINT('Ctrl Pts',(414.921302406404,10.6522493032675,73.6796384189392));
#5746=CARTESIAN_POINT('Ctrl Pts',(415.010862613232,10.8955900059385,73.8252345930163));
#5747=CARTESIAN_POINT('Ctrl Pts',(415.261930140752,11.4777963739541,74.2497484295313));
#5748=CARTESIAN_POINT('Ctrl Pts',(415.669660914098,12.1417748213218,74.9860294722387));
#5749=CARTESIAN_POINT('Ctrl Pts',(416.280234216811,12.7906845496611,76.0983295969617));
#5750=CARTESIAN_POINT('Ctrl Pts',(416.905067775797,13.2684837895987,77.2063660027599));
#5751=CARTESIAN_POINT('Ctrl Pts',(417.841165949584,13.7694693487953,78.8031975470581));
#5752=CARTESIAN_POINT('Ctrl Pts',(418.857000183065,14.0195684037503,80.4104541244946));
#5753=CARTESIAN_POINT('Ctrl Pts',(419.897407208112,14.0192912836678,81.9314672365485));
#5754=CARTESIAN_POINT('Ctrl Pts',(420.910586767236,13.8599505300163,83.3471398202843));
#5755=CARTESIAN_POINT('Ctrl Pts',(422.045733614121,13.3886374826071,84.8227055811934));
#5756=CARTESIAN_POINT('Ctrl Pts',(423.064015056771,12.5105995993938,86.0723650732504));
#5757=CARTESIAN_POINT('Ctrl Pts',(423.598856369651,11.8195040144781,86.7181784148313));
#5758=CARTESIAN_POINT('Ctrl Pts',(423.960774421186,11.1357153197893,87.1597869533137));
#5759=CARTESIAN_POINT('Ctrl Pts',(424.259319098984,10.3609012069582,87.5341872807744));
#5760=CARTESIAN_POINT('Ctrl Pts',(424.447097518066,9.27455691830401,87.8101172714636));
#5761=CARTESIAN_POINT('Ctrl Pts',(424.330099363764,7.98661099586189,87.7917443767275));
#5762=CARTESIAN_POINT('Ctrl Pts',(424.035892285732,7.17580330829283,87.5556711845889));
#5763=CARTESIAN_POINT('Ctrl Pts',(423.621699910023,6.36738195065325,87.1907425528266));
#5764=CARTESIAN_POINT('Ctrl Pts',(423.236970455044,5.84532153220992,86.8282984506142));
#5765=CARTESIAN_POINT('Ctrl Pts',(422.431409588432,5.06925221698255,86.0136718951097));
#5766=CARTESIAN_POINT('Ctrl Pts',(421.404766338527,4.43105749012225,84.903653511182));
#5767=CARTESIAN_POINT('Ctrl Pts',(419.970996355889,4.08859991382779,83.1391229012475));
#5768=CARTESIAN_POINT('Ctrl Pts',(418.956609367665,4.12782003489867,81.7296350226074));
#5769=CARTESIAN_POINT('Ctrl Pts',(417.72876532095,4.39249937314756,79.8769249138545));
#5770=CARTESIAN_POINT('Ctrl Pts',(416.778350422856,4.89723903981528,78.2273915734655));
#5771=CARTESIAN_POINT('Ctrl Pts',(416.027360724645,5.58293951390839,76.7476084980925));
#5772=CARTESIAN_POINT('Ctrl Pts',(415.45506517507,6.25873969840927,75.545622375059));
#5773=CARTESIAN_POINT('Ctrl Pts',(415.057979047646,6.98662214397702,74.6052094733419));
#5774=CARTESIAN_POINT('Ctrl Pts',(414.812173978914,7.8205987126506,73.9459381940762));
#5775=CARTESIAN_POINT('Ctrl Pts',(414.746237877201,8.10896586603159,73.7574856862215));
#5776=CARTESIAN_POINT('Ctrl Pts',(414.669664508543,8.76541305899604,73.4824079254963));
#5777=CARTESIAN_POINT('Ctrl Pts',(414.662430293242,9.14028377361248,73.4019812711597));
#5778=CARTESIAN_POINT('Ctrl Pts',(414.693817059379,9.49670849038811,73.4056051049798));
#5779=CARTESIAN_POINT('Ctrl Pts',(414.766462654083,9.49049175395351,73.391842680074));
#5780=CARTESIAN_POINT('Ctrl Pts',(414.792573752054,9.78463916031651,73.3948123852004));
#5781=CARTESIAN_POINT('Ctrl Pts',(414.85026908784,10.0922871712327,73.4552911456988));
#5782=CARTESIAN_POINT('Ctrl Pts',(415.00462311987,10.6364902019859,73.6637122223035));
#5783=CARTESIAN_POINT('Ctrl Pts',(415.099467186624,10.8763048795752,73.808086450677));
#5784=CARTESIAN_POINT('Ctrl Pts',(415.364380469143,11.4491335734729,74.2292926153591));
#5785=CARTESIAN_POINT('Ctrl Pts',(415.792005843024,12.0965724055723,74.9595525658656));
#5786=CARTESIAN_POINT('Ctrl Pts',(416.422895842516,12.7205953505884,76.0624227422595));
#5787=CARTESIAN_POINT('Ctrl Pts',(417.061925145378,13.1727442239453,77.160141727309));
#5788=CARTESIAN_POINT('Ctrl Pts',(418.010222456795,13.6357698676746,78.7404051356521));
#5789=CARTESIAN_POINT('Ctrl Pts',(419.025392636051,13.8460920418439,80.327284003145));
#5790=CARTESIAN_POINT('Ctrl Pts',(420.050329520212,13.8086257513,81.8232595391377));
#5791=CARTESIAN_POINT('Ctrl Pts',(421.038907295778,13.6171574819056,83.2112609325136));
#5792=CARTESIAN_POINT('Ctrl Pts',(422.127307653004,13.1183501847334,84.6483982137734));
#5793=CARTESIAN_POINT('Ctrl Pts',(423.074763021587,12.2446939154389,85.8486146590747));
#5794=CARTESIAN_POINT('Ctrl Pts',(423.559719782052,11.5765823680952,86.4605927789328));
#5795=CARTESIAN_POINT('Ctrl Pts',(423.880197051238,10.9309042133121,86.8738772988534));
#5796=CARTESIAN_POINT('Ctrl Pts',(424.138986801798,10.2108056701709,87.2204290595328));
#5797=CARTESIAN_POINT('Ctrl Pts',(424.293834882515,9.22503402156899,87.4707941051306));
#5798=CARTESIAN_POINT('Ctrl Pts',(424.190026855669,8.07158788165303,87.4543639523004));
#5799=CARTESIAN_POINT('Ctrl Pts',(423.935266259418,7.33162782087923,87.2397591980008));
#5800=CARTESIAN_POINT('Ctrl Pts',(423.570046089201,6.58187023533959,86.9028800387244));
#5801=CARTESIAN_POINT('Ctrl Pts',(423.225378272452,6.08623017864652,86.5644741191357));
#5802=CARTESIAN_POINT('Ctrl Pts',(422.486678970636,5.33118774634944,85.7922583732102));
#5803=CARTESIAN_POINT('Ctrl Pts',(421.524229818793,4.68605114006786,84.7264937234903));
#5804=CARTESIAN_POINT('Ctrl Pts',(420.140613274331,4.30331131082211,83.0076888050817));
#5805=CARTESIAN_POINT('Ctrl Pts',(419.143299073886,4.30600663740784,81.6247207397359));
#5806=CARTESIAN_POINT('Ctrl Pts',(417.923172666185,4.52325601942043,79.8009365324738));
#5807=CARTESIAN_POINT('Ctrl Pts',(416.962302913392,4.98836636237312,78.1706609243148));
#5808=CARTESIAN_POINT('Ctrl Pts',(416.190616154468,5.64215313648877,76.7055114558594));
#5809=CARTESIAN_POINT('Ctrl Pts',(415.596986495615,6.29351838972881,75.5143994740843));
#5810=CARTESIAN_POINT('Ctrl Pts',(415.175715342903,7.00411088416827,74.5817724127363));
#5811=CARTESIAN_POINT('Ctrl Pts',(414.907337629436,7.826977025455,73.9277706609441));
#5812=CARTESIAN_POINT('Ctrl Pts',(414.834348006179,8.11209424354425,73.7408775800184));
#5813=CARTESIAN_POINT('Ctrl Pts',(414.74618304546,8.76346566555097,73.4680005977922));
#5814=CARTESIAN_POINT('Ctrl Pts',(414.735014178576,9.13621758611958,73.3882659366128));
#5815=CARTESIAN_POINT('Ctrl Pts',(414.766462654083,9.49049175395351,73.391842680074));
#5816=CARTESIAN_POINT('',(414.766462654083,9.49049175395351,73.391842680074));
#5817=CARTESIAN_POINT('',(414.54852586997,9.5091419632573,73.4331299547913));
#5818=CARTESIAN_POINT('',(424.248467872515,9.07063120922825,87.4344309497383));
#5819=CARTESIAN_POINT('Ctrl Pts',(414.766462654083,9.49049175395351,73.391842680074));
#5820=CARTESIAN_POINT('Ctrl Pts',(414.792573752054,9.78463916031651,73.3948123852004));
#5821=CARTESIAN_POINT('Ctrl Pts',(414.85026908784,10.0922871712327,73.4552911456988));
#5822=CARTESIAN_POINT('Ctrl Pts',(415.00462311987,10.6364902019859,73.6637122223035));
#5823=CARTESIAN_POINT('Ctrl Pts',(415.099467186624,10.8763048795752,73.808086450677));
#5824=CARTESIAN_POINT('Ctrl Pts',(415.364380469143,11.4491335734729,74.2292926153591));
#5825=CARTESIAN_POINT('Ctrl Pts',(415.792005843024,12.0965724055723,74.9595525658656));
#5826=CARTESIAN_POINT('Ctrl Pts',(416.422895842516,12.7205953505884,76.0624227422595));
#5827=CARTESIAN_POINT('Ctrl Pts',(417.061925145378,13.1727442239453,77.160141727309));
#5828=CARTESIAN_POINT('Ctrl Pts',(418.010222456795,13.6357698676746,78.7404051356521));
#5829=CARTESIAN_POINT('Ctrl Pts',(419.025392636051,13.8460920418439,80.327284003145));
#5830=CARTESIAN_POINT('Ctrl Pts',(420.050329520212,13.8086257513,81.8232595391377));
#5831=CARTESIAN_POINT('Ctrl Pts',(421.038907295778,13.6171574819056,83.2112609325136));
#5832=CARTESIAN_POINT('Ctrl Pts',(422.127307653004,13.1183501847334,84.6483982137734));
#5833=CARTESIAN_POINT('Ctrl Pts',(423.074763021587,12.2446939154389,85.8486146590747));
#5834=CARTESIAN_POINT('Ctrl Pts',(423.559719782052,11.5765823680952,86.4605927789328));
#5835=CARTESIAN_POINT('Ctrl Pts',(423.880197051238,10.9309042133121,86.8738772988534));
#5836=CARTESIAN_POINT('Ctrl Pts',(424.138986801798,10.2108056701709,87.2204290595328));
#5837=CARTESIAN_POINT('Ctrl Pts',(424.240357768001,9.5654723601813,87.3843300033371));
#5838=CARTESIAN_POINT('Ctrl Pts',(424.248397665802,9.12364090150597,87.4299307054943));
#5839=CARTESIAN_POINT('Ctrl Pts',(424.248467872515,9.07063120922825,87.4344309497382));
#5840=CARTESIAN_POINT('Ctrl Pts',(424.248467872515,9.07063120922825,87.4344309497382));
#5841=CARTESIAN_POINT('Ctrl Pts',(424.248911550147,8.73563169016381,87.4628706480766));
#5842=CARTESIAN_POINT('Ctrl Pts',(424.172624200762,8.02104133021455,87.4397043364276));
#5843=CARTESIAN_POINT('Ctrl Pts',(423.935266259418,7.33162782087923,87.2397591980008));
#5844=CARTESIAN_POINT('Ctrl Pts',(423.570046089201,6.58187023533959,86.9028800387244));
#5845=CARTESIAN_POINT('Ctrl Pts',(423.225378272452,6.08623017864652,86.5644741191357));
#5846=CARTESIAN_POINT('Ctrl Pts',(422.486678970636,5.33118774634944,85.7922583732102));
#5847=CARTESIAN_POINT('Ctrl Pts',(421.524229818793,4.68605114006786,84.7264937234903));
#5848=CARTESIAN_POINT('Ctrl Pts',(420.140613274331,4.30331131082211,83.0076888050817));
#5849=CARTESIAN_POINT('Ctrl Pts',(419.143299073886,4.30600663740784,81.6247207397359));
#5850=CARTESIAN_POINT('Ctrl Pts',(417.923172666185,4.52325601942043,79.8009365324738));
#5851=CARTESIAN_POINT('Ctrl Pts',(416.962302913392,4.98836636237312,78.1706609243148));
#5852=CARTESIAN_POINT('Ctrl Pts',(416.190616154468,5.64215313648877,76.7055114558594));
#5853=CARTESIAN_POINT('Ctrl Pts',(415.596986495615,6.29351838972881,75.5143994740843));
#5854=CARTESIAN_POINT('Ctrl Pts',(415.175715342903,7.00411088416827,74.5817724127363));
#5855=CARTESIAN_POINT('Ctrl Pts',(414.907337629436,7.826977025455,73.9277706609441));
#5856=CARTESIAN_POINT('Ctrl Pts',(414.834348006179,8.11209424354425,73.7408775800184));
#5857=CARTESIAN_POINT('Ctrl Pts',(414.74618304546,8.76346566555097,73.4680005977922));
#5858=CARTESIAN_POINT('Ctrl Pts',(414.735014178576,9.13621758611958,73.3882659366128));
#5859=CARTESIAN_POINT('Ctrl Pts',(414.766462654083,9.49049175395351,73.391842680074));
#5860=CARTESIAN_POINT('Origin',(419.49785779374,9.07049171534693,68.9));
#5861=CARTESIAN_POINT('',(424.24785779374,9.07049171534693,68.9));
#5862=CARTESIAN_POINT('Origin',(419.49785779374,9.07049171534693,68.9));
#5863=CARTESIAN_POINT('',(424.24785779374,9.07049171534693,68.9));
#5864=CARTESIAN_POINT('Origin',(419.49785779374,9.07049171534693,68.9));
#5865=CARTESIAN_POINT('',(422.19785779374,9.07049171534693,68.9));
#5866=CARTESIAN_POINT('Origin',(419.49785779374,9.07049171534693,68.9));
#5867=CARTESIAN_POINT('Origin',(419.49785779374,9.07049171534693,58.9));
#5868=CARTESIAN_POINT('',(422.19785779374,9.07049171534693,58.9));
#5869=CARTESIAN_POINT('Origin',(557.877444216469,190.1,76.6233102615515));
#5870=CARTESIAN_POINT('',(559.72744421647,140.1,76.6233102615515));
#5871=CARTESIAN_POINT('',(559.72744421647,190.1,76.6233102615515));
#5872=CARTESIAN_POINT('Origin',(557.877444216469,140.1,76.6233102615515));
#5873=CARTESIAN_POINT('Origin',(557.877444216469,140.1,76.6233102615515));
#5874=CARTESIAN_POINT('Origin',(650.290760275564,190.1,72.3605910925776));
#5875=CARTESIAN_POINT('',(652.140760275564,140.1,72.3605910925776));
#5876=CARTESIAN_POINT('',(652.140760275564,190.1,72.3605910925776));
#5877=CARTESIAN_POINT('Origin',(650.290760275564,140.1,72.3605910925776));
#5878=CARTESIAN_POINT('Origin',(650.290760275564,140.1,72.3605910925776));
#5879=CARTESIAN_POINT('Origin',(461.44750558359,190.1,68.3936051666596));
#5880=CARTESIAN_POINT('',(463.29750558359,140.1,68.3936051666596));
#5881=CARTESIAN_POINT('',(463.29750558359,190.1,68.3936051666596));
#5882=CARTESIAN_POINT('Origin',(461.44750558359,140.1,68.3936051666596));
#5883=CARTESIAN_POINT('Origin',(461.44750558359,140.1,68.3936051666596));
#5884=CARTESIAN_POINT('Origin',(665.290760275564,138.,75.9));
#5885=CARTESIAN_POINT('',(667.940760275564,138.,75.9));
#5886=CARTESIAN_POINT('Origin',(665.290760275564,138.,75.9));
#5887=CARTESIAN_POINT('Origin',(665.290760275564,138.,58.9));
#5888=CARTESIAN_POINT('',(667.940760275564,138.,58.9));
#5889=CARTESIAN_POINT('Origin',(405.,-69.2909855677941,59.));
#5890=CARTESIAN_POINT('Origin',(655.362425971944,39.3855855274155,66.5));
#5891=CARTESIAN_POINT('',(671.236102466529,-5.60317547088555,108.274308564202));
#5892=CARTESIAN_POINT('',(681.75,-4.39068976693364E-11,104.442391452866));
#5893=CARTESIAN_POINT('Ctrl Pts',(671.236102466529,-5.60317547088556,108.274308564202));
#5894=CARTESIAN_POINT('Ctrl Pts',(671.199848079352,-5.57882181657234,108.280200730757));
#5895=CARTESIAN_POINT('Ctrl Pts',(671.163930247916,-5.55418351663219,108.285984779199));
#5896=CARTESIAN_POINT('Ctrl Pts',(670.437873615021,-5.04579318911249,108.401866221334));
#5897=CARTESIAN_POINT('Ctrl Pts',(669.794305018914,-4.39024048441504,108.484116993998));
#5898=CARTESIAN_POINT('Ctrl Pts',(668.825430218173,-2.87196124274697,108.587043522996));
#5899=CARTESIAN_POINT('Ctrl Pts',(668.500166085422,-2.00931085093921,108.609232954306));
#5900=CARTESIAN_POINT('Ctrl Pts',(668.352547667168,-1.17212519925193,108.609232954306));
#5901=CARTESIAN_POINT('Ctrl Pts',(668.205722506321,-0.339438333878387,108.609232954306));
#5902=CARTESIAN_POINT('Ctrl Pts',(668.215330677589,0.57763834023932,108.587270323627));
#5903=CARTESIAN_POINT('Ctrl Pts',(668.601013964765,2.32774139583689,108.485441394166));
#5904=CARTESIAN_POINT('Ctrl Pts',(668.977073930505,3.16068446708218,108.404091308164));
#5905=CARTESIAN_POINT('Ctrl Pts',(669.949275666232,4.56104059819269,108.182674272609));
#5906=CARTESIAN_POINT('Ctrl Pts',(670.617568367214,5.21309451508731,108.025579852981));
#5907=CARTESIAN_POINT('Ctrl Pts',(672.146072161192,6.18361999383409,107.623524438681));
#5908=CARTESIAN_POINT('Ctrl Pts',(673.005659187443,6.50247353624667,107.377114619084));
#5909=CARTESIAN_POINT('Ctrl Pts',(674.683970946828,6.79840518146664,106.85268257598));
#5910=CARTESIAN_POINT('Ctrl Pts',(675.618934539428,6.78332097940315,106.536598051842));
#5911=CARTESIAN_POINT('Ctrl Pts',(677.399200939632,6.37497899551878,105.895775495077));
#5912=CARTESIAN_POINT('Ctrl Pts',(678.245056865133,5.98215541878135,105.572298207755));
#5913=CARTESIAN_POINT('Ctrl Pts',(679.607430508346,4.99926853706405,105.048998623524));
#5914=CARTESIAN_POINT('Ctrl Pts',(680.229535981355,4.35853889340341,104.808940726755));
#5915=CARTESIAN_POINT('Ctrl Pts',(681.175985742513,2.86393119697251,104.478467743961));
#5916=CARTESIAN_POINT('Ctrl Pts',(681.499850506544,2.00921675322373,104.390467138846));
#5917=CARTESIAN_POINT('Ctrl Pts',(681.714316498398,0.792919672693823,104.390467138846));
#5918=CARTESIAN_POINT('Ctrl Pts',(681.750000000005,0.398344643547178,104.407484213143));
#5919=CARTESIAN_POINT('Ctrl Pts',(681.75,-8.76431566210201E-11,104.442391452866));
#5920=CARTESIAN_POINT('',(680.453305615228,-3.97793386909893,105.372972897741));
#5921=CARTESIAN_POINT('Ctrl Pts',(681.75,-8.76446137887399E-11,104.442391452866));
#5922=CARTESIAN_POINT('Ctrl Pts',(681.749999999994,-0.498320444325334,104.486059646937));
#5923=CARTESIAN_POINT('Ctrl Pts',(681.693860540874,-1.00252625335075,104.557887110496));
#5924=CARTESIAN_POINT('Ctrl Pts',(681.38458438919,-2.36856283821611,104.823783648772));
#5925=CARTESIAN_POINT('Ctrl Pts',(681.003518867496,-3.19435236638907,105.071555682872));
#5926=CARTESIAN_POINT('Ctrl Pts',(680.504367681479,-3.90721413776282,105.345276211812));
#5927=CARTESIAN_POINT('Ctrl Pts',(680.479042912381,-3.94265089263257,105.359063527869));
#5928=CARTESIAN_POINT('Ctrl Pts',(680.453305615228,-3.9779338690989,105.372972897741));
#5929=CARTESIAN_POINT('',(705.388936631245,0.418890660015656,66.5));
#5930=CARTESIAN_POINT('Origin',(663.534607128226,-6.96115689082887,66.5));
#5931=CARTESIAN_POINT('',(701.451142267001,22.7512322473449,66.5));
#5932=CARTESIAN_POINT('',(697.216755474963,46.76563307826,66.5));
#5933=CARTESIAN_POINT('Origin',(659.596812763982,15.3711846965003,66.5));
#5934=CARTESIAN_POINT('',(663.534607128226,-6.96115689082887,109.));
#5935=CARTESIAN_POINT('',(655.362425971944,39.3855855274155,109.));
#5936=CARTESIAN_POINT('Origin',(663.534607128226,-6.96115689082887,66.5));
#5937=CARTESIAN_POINT('Origin',(480.,-27.5000000000002,66.5));
#5938=CARTESIAN_POINT('',(646.300471450512,-27.5000000000002,109.));
#5939=CARTESIAN_POINT('Origin',(646.300471450512,-27.5000000000002,66.5));
#5940=CARTESIAN_POINT('',(480.,-27.5000000000002,109.));
#5941=CARTESIAN_POINT('Ctrl Pts',(646.300471450512,-70.0000000000002,66.5));
#5942=CARTESIAN_POINT('Ctrl Pts',(674.278930939812,-70.0000000000002,66.5));
#5943=CARTESIAN_POINT('Ctrl Pts',(692.263138037651,-48.5672565811925,66.5));
#5944=CARTESIAN_POINT('Ctrl Pts',(710.24734513549,-27.1345131623848,66.5));
#5945=CARTESIAN_POINT('Ctrl Pts',(705.388936631245,0.418890660015752,66.5));
#5946=CARTESIAN_POINT('Ctrl Pts',(646.300471450512,-70.0000000000002,109.));
#5947=CARTESIAN_POINT('Ctrl Pts',(674.278930939812,-70.0000000000002,109.));
#5948=CARTESIAN_POINT('Ctrl Pts',(692.263138037651,-48.5672565811925,109.));
#5949=CARTESIAN_POINT('Ctrl Pts',(710.24734513549,-27.1345131623848,109.));
#5950=CARTESIAN_POINT('Ctrl Pts',(705.388936631245,0.418890660015752,109.));
#5951=CARTESIAN_POINT('Ctrl Pts',(646.300471450512,-27.5000000000001,109.));
#5952=CARTESIAN_POINT('Ctrl Pts',(654.460855468225,-27.5000000000001,109.));
#5953=CARTESIAN_POINT('Ctrl Pts',(659.706249205095,-21.2487831695146,109.));
#5954=CARTESIAN_POINT('Ctrl Pts',(664.951642941964,-14.997566339029,109.));
#5955=CARTESIAN_POINT('Ctrl Pts',(663.534607128226,-6.96115689082885,109.));
#5956=CARTESIAN_POINT('Ctrl Pts',(680.453305615228,-3.97793386909888,105.372972897741));
#5957=CARTESIAN_POINT('Ctrl Pts',(680.02349389893,-4.56715800482065,105.605258755183));
#5958=CARTESIAN_POINT('Ctrl Pts',(679.502175374469,-5.08124965952899,105.853851177094));
#5959=CARTESIAN_POINT('Ctrl Pts',(678.359068780718,-5.89386623633908,106.337960743134));
#5960=CARTESIAN_POINT('Ctrl Pts',(677.749866257433,-6.2019260577071,106.571684514807));
#5961=CARTESIAN_POINT('Ctrl Pts',(676.699280519604,-6.54642138308968,106.934933377392));
#5962=CARTESIAN_POINT('Ctrl Pts',(676.28217354027,-6.64094149456552,107.070178392692));
#5963=CARTESIAN_POINT('Ctrl Pts',(675.498377458408,-6.74128884958115,107.307811393812));
#5964=CARTESIAN_POINT('Ctrl Pts',(675.134982513543,-6.75850037285628,107.411727785523));
#5965=CARTESIAN_POINT('Ctrl Pts',(674.357605471429,-6.73204695554964,107.621001395417));
#5966=CARTESIAN_POINT('Ctrl Pts',(673.944952060872,-6.68007309263402,107.72427071902));
#5967=CARTESIAN_POINT('Ctrl Pts',(672.890511004143,-6.44608903567849,107.969221223896));
#5968=CARTESIAN_POINT('Ctrl Pts',(672.263903779588,-6.20704690842841,108.095957252434));
#5969=CARTESIAN_POINT('Ctrl Pts',(671.527967364676,-5.7911690021651,108.225869298966));
#5970=CARTESIAN_POINT('Ctrl Pts',(671.380180722746,-5.69995912437236,108.250892554482));
#5971=CARTESIAN_POINT('Ctrl Pts',(671.236102466529,-5.60317547088556,108.274308564202));
#5972=CARTESIAN_POINT('Origin',(646.300471450512,-10.0000000000002,109.));
#5973=CARTESIAN_POINT('Origin',(646.300471450512,-10.0000000000002,66.5));
#5974=CARTESIAN_POINT('Ctrl Pts',(701.451142267001,22.7512322473449,66.5000000000001));
#5975=CARTESIAN_POINT('Ctrl Pts',(696.329281156009,51.7987500487191,66.5000000000001));
#5976=CARTESIAN_POINT('Ctrl Pts',(691.207495626656,80.8458392053229,63.9875868445104));
#5977=CARTESIAN_POINT('Ctrl Pts',(686.161701759887,109.461958227469,59.0000000000001));
#5978=CARTESIAN_POINT('Ctrl Pts',(701.451142267001,22.7512322473449,72.8579851322652));
#5979=CARTESIAN_POINT('Ctrl Pts',(696.266597375312,52.1533551361809,72.8175865642786));
#5980=CARTESIAN_POINT('Ctrl Pts',(691.083753736362,81.5484412134178,70.2340307966003));
#5981=CARTESIAN_POINT('Ctrl Pts',(685.978473819881,110.501095512468,65.1473830129947));
#5982=CARTESIAN_POINT('Ctrl Pts',(698.591631892285,22.2470234166668,85.5694353257406));
#5983=CARTESIAN_POINT('Ctrl Pts',(693.31914738102,52.3648940343406,85.448269711755));
#5984=CARTESIAN_POINT('Ctrl Pts',(688.05009921117,82.4617137593178,82.7228320738069));
#5985=CARTESIAN_POINT('Ctrl Pts',(682.861970373869,112.093756674475,77.4380993972268));
#5986=CARTESIAN_POINT('Ctrl Pts',(686.584227124176,20.1297939877616,100.86621215826));
#5987=CARTESIAN_POINT('Ctrl Pts',(681.305877239778,51.1263897764091,100.695055257719));
#5988=CARTESIAN_POINT('Ctrl Pts',(676.031454263709,82.0936020909375,97.844344743843));
#5989=CARTESIAN_POINT('Ctrl Pts',(670.838304030641,112.575014295979,92.3632865846828));
#5990=CARTESIAN_POINT('Ctrl Pts',(672.121110573216,17.5795563146963,107.934626722982));
#5991=CARTESIAN_POINT('Ctrl Pts',(666.919582712821,48.9964559299218,107.821030866438));
#5992=CARTESIAN_POINT('Ctrl Pts',(661.719983716629,80.3931240431351,104.991432076741));
#5993=CARTESIAN_POINT('Ctrl Pts',(656.599249276162,111.306755979643,99.4919252081455));
#5994=CARTESIAN_POINT('Ctrl Pts',(662.727509289878,15.923210962426,109.));
#5995=CARTESIAN_POINT('Ctrl Pts',(657.585741780752,47.4116018229255,108.968348029399));
#5996=CARTESIAN_POINT('Ctrl Pts',(652.444520777363,78.8946778507388,106.213143467092));
#5997=CARTESIAN_POINT('Ctrl Pts',(647.380000576693,109.905162094921,100.777166211044));
#5998=CARTESIAN_POINT('Ctrl Pts',(659.596812763982,15.3711846965004,109.));
#5999=CARTESIAN_POINT('Ctrl Pts',(654.474951652991,46.8632955801685,109.));
#6000=CARTESIAN_POINT('Ctrl Pts',(649.353166123637,78.3549417450013,106.276146133405));
#6001=CARTESIAN_POINT('Ctrl Pts',(644.307372256868,109.379348011585,100.868811881188));
#6002=CARTESIAN_POINT('Origin',(701.451142267001,22.7512322473449,-438.5));
#6003=CARTESIAN_POINT('Origin',(709.753677920374,-24.3347872603584,59.));
#6004=CARTESIAN_POINT('',(705.388936631245,0.418890660015656,109.));
#6005=CARTESIAN_POINT('Origin',(646.300471450512,-10.0000000000002,109.));
#6006=CARTESIAN_POINT('Origin',(675.,-1.5931700403371E-13,109.));
#6007=CARTESIAN_POINT('',(681.75,-1.58490367444286E-13,101.));
#6008=CARTESIAN_POINT('',(681.75,-1.60143640623134E-13,109.));
#6009=CARTESIAN_POINT('Origin',(675.,-1.5931700403371E-13,101.));
#6010=CARTESIAN_POINT('Origin',(555.,94.9999999999999,109.));
#6011=CARTESIAN_POINT('Origin',(675.,-1.59872115546023E-13,101.));
#6012=CARTESIAN_POINT('',(679.2,-1.58802652378068E-13,101.));
#6013=CARTESIAN_POINT('Origin',(675.,-1.5931700403371E-13,101.));
#6014=CARTESIAN_POINT('Origin',(675.,-1.5931700403371E-13,59.));
#6015=CARTESIAN_POINT('',(679.2,-1.58802652378068E-13,59.));
#6016=CARTESIAN_POINT('Origin',(470.,157.5,101.5));
#6017=CARTESIAN_POINT('Ctrl Pts',(420.,-58.0833738133206,105.89873662535));
#6018=CARTESIAN_POINT('Ctrl Pts',(421.099370517703,-59.1629904228397,105.137026370322));
#6019=CARTESIAN_POINT('Ctrl Pts',(422.847573532854,-59.8740127929416,104.027830542078));
#6020=CARTESIAN_POINT('Ctrl Pts',(424.824035923521,-60.1268626441434,102.796913078491));
#6021=CARTESIAN_POINT('Ctrl Pts',(419.980275193263,-58.0441320893552,105.813173050675));
#6022=CARTESIAN_POINT('Ctrl Pts',(421.07389489846,-59.0999038742657,105.03678975042));
#6023=CARTESIAN_POINT('Ctrl Pts',(422.813274541596,-59.7753543450075,103.916437331928));
#6024=CARTESIAN_POINT('Ctrl Pts',(424.775260602102,-59.990781773896,102.690171755676));
#6025=CARTESIAN_POINT('Ctrl Pts',(419.960550386526,-58.0048903653898,105.727609476));
#6026=CARTESIAN_POINT('Ctrl Pts',(421.048419279218,-59.0368173256918,104.936553130518));
#6027=CARTESIAN_POINT('Ctrl Pts',(422.778975550339,-59.6766958970734,103.805044121778));
#6028=CARTESIAN_POINT('Ctrl Pts',(424.726485280682,-59.8547009036485,102.583430432861));
#6029=CARTESIAN_POINT('Ctrl Pts',(419.940825579789,-57.9656486414245,105.642045901325));
#6030=CARTESIAN_POINT('Ctrl Pts',(421.022943659976,-58.9737307771178,104.836316510616));
#6031=CARTESIAN_POINT('Ctrl Pts',(422.744676559081,-59.5780374491393,103.693650911629));
#6032=CARTESIAN_POINT('Ctrl Pts',(424.677709959263,-59.7186200334011,102.476689110046));
#6033=CARTESIAN_POINT('',(420.000000000303,-58.0833738136184,105.89873662514));
#6034=CARTESIAN_POINT('Ctrl Pts',(420.,-58.0197904846627,105.598116917847));
#6035=CARTESIAN_POINT('Ctrl Pts',(420.,-58.0309881145548,105.648402018374));
#6036=CARTESIAN_POINT('Ctrl Pts',(420.,-58.0419193892211,105.698749026427));
#6037=CARTESIAN_POINT('Ctrl Pts',(420.,-58.0631105505957,105.798956556948));
#6038=CARTESIAN_POINT('Ctrl Pts',(420.,-58.0733778985852,105.848820729922));
#6039=CARTESIAN_POINT('Ctrl Pts',(420.,-58.0833738133205,105.89873662535));
#6040=CARTESIAN_POINT('',(424.824035923521,-60.1268626441434,102.796913078491));
#6041=CARTESIAN_POINT('Ctrl Pts',(424.824035923521,-60.1268626441434,102.796913078491));
#6042=CARTESIAN_POINT('Ctrl Pts',(422.847573532854,-59.8740127929416,104.027830542078));
#6043=CARTESIAN_POINT('Ctrl Pts',(421.099370517703,-59.1629904228397,105.137026370322));
#6044=CARTESIAN_POINT('Ctrl Pts',(420.,-58.0833738133206,105.89873662535));
#6045=CARTESIAN_POINT('',(424.677709959263,-59.7186200334011,102.476689110046));
#6046=CARTESIAN_POINT('Ctrl Pts',(424.824035923521,-60.1268626441434,102.796913078491));
#6047=CARTESIAN_POINT('Ctrl Pts',(424.840019798328,-60.1289074694767,102.786958509798));
#6048=CARTESIAN_POINT('Ctrl Pts',(424.856009359227,-60.1309169266218,102.777003333923));
#6049=CARTESIAN_POINT('Ctrl Pts',(424.872004301473,-60.1328911992152,102.767047680449));
#6050=CARTESIAN_POINT('Ctrl Pts',(424.775260602102,-59.9907817738959,102.690171755676));
#6051=CARTESIAN_POINT('Ctrl Pts',(424.791151819593,-59.992525735441,102.680239436975));
#6052=CARTESIAN_POINT('Ctrl Pts',(424.807049834257,-59.9942353020667,102.670309466351));
#6053=CARTESIAN_POINT('Ctrl Pts',(424.822954342424,-59.9959106663077,102.660381974495));
#6054=CARTESIAN_POINT('Ctrl Pts',(424.726485280682,-59.8547009036485,102.583430432861));
#6055=CARTESIAN_POINT('Ctrl Pts',(424.742283840856,-59.8561440014052,102.573520364152));
#6056=CARTESIAN_POINT('Ctrl Pts',(424.758090309287,-59.8575536775117,102.563615598779));
#6057=CARTESIAN_POINT('Ctrl Pts',(424.773904383376,-59.8589301334002,102.55371626854));
#6058=CARTESIAN_POINT('Ctrl Pts',(424.677709959263,-59.7186200334011,102.476689110046));
#6059=CARTESIAN_POINT('Ctrl Pts',(424.693415862121,-59.7197622673695,102.466801291329));
#6060=CARTESIAN_POINT('Ctrl Pts',(424.709130784316,-59.7208720529566,102.456921731207));
#6061=CARTESIAN_POINT('Ctrl Pts',(424.724854424328,-59.7219496004927,102.447050562585));
#6062=CARTESIAN_POINT('Ctrl Pts',(424.872004301473,-60.1328911992152,102.767047680449));
#6063=CARTESIAN_POINT('Ctrl Pts',(424.856009359227,-60.1309169266218,102.777003333923));
#6064=CARTESIAN_POINT('Ctrl Pts',(424.840019798328,-60.1289074694767,102.786958509798));
#6065=CARTESIAN_POINT('Ctrl Pts',(424.824035923521,-60.1268626441434,102.796913078491));
#6066=CARTESIAN_POINT('Ctrl Pts',(425.19387232814,-50.0364252784166,103.507430781914));
#6067=CARTESIAN_POINT('Ctrl Pts',(423.062394592673,-50.4967041101602,104.812945702496));
#6068=CARTESIAN_POINT('Ctrl Pts',(421.168096377155,-51.4812540680046,105.877143741702));
#6069=CARTESIAN_POINT('Ctrl Pts',(420.,-52.7887105638178,106.445289439461));
#6070=CARTESIAN_POINT('Ctrl Pts',(425.14106924257,-50.1578075777832,103.377650379295));
#6071=CARTESIAN_POINT('Ctrl Pts',(423.026119745034,-50.5766587841199,104.682155572873));
#6072=CARTESIAN_POINT('Ctrl Pts',(421.141578161381,-51.5245936436165,105.764493324941));
#6073=CARTESIAN_POINT('Ctrl Pts',(419.979832878769,-52.8098808319041,106.352955612371));
#6074=CARTESIAN_POINT('Ctrl Pts',(425.088266157,-50.2791898771499,103.247869976675));
#6075=CARTESIAN_POINT('Ctrl Pts',(422.989844897396,-50.6566134580795,104.55136544325));
#6076=CARTESIAN_POINT('Ctrl Pts',(421.115059945607,-51.5679332192283,105.651842908179));
#6077=CARTESIAN_POINT('Ctrl Pts',(419.959665757538,-52.8310510999903,106.260621785281));
#6078=CARTESIAN_POINT('Ctrl Pts',(425.03546307143,-50.4005721765166,103.118089574056));
#6079=CARTESIAN_POINT('Ctrl Pts',(422.953570049757,-50.7365681320392,104.420575313626));
#6080=CARTESIAN_POINT('Ctrl Pts',(421.088541729833,-51.6112727948401,105.539192491418));
#6081=CARTESIAN_POINT('Ctrl Pts',(419.939498636308,-52.8522213680765,106.168287958192));
#6082=CARTESIAN_POINT('',(420.000000000344,-52.7887105634329,106.445289439293));
#6083=CARTESIAN_POINT('Ctrl Pts',(420.,-52.7887105638179,106.445289439461));
#6084=CARTESIAN_POINT('Ctrl Pts',(420.,-52.7880048970063,106.393910935131));
#6085=CARTESIAN_POINT('Ctrl Pts',(420.,-52.7875881887952,106.342525963095));
#6086=CARTESIAN_POINT('Ctrl Pts',(420.,-52.7873216802732,106.239120327));
#6087=CARTESIAN_POINT('Ctrl Pts',(420.,-52.7874789837335,106.18709469481));
#6088=CARTESIAN_POINT('Ctrl Pts',(420.,-52.7879229795213,106.13507396037));
#6089=CARTESIAN_POINT('',(425.19387232814,-50.0364252784166,103.507430781914));
#6090=CARTESIAN_POINT('',(425.19387232814,-50.0364252784166,103.507430781914));
#6091=CARTESIAN_POINT('Ctrl Pts',(420.,-52.7887105638178,106.445289439461));
#6092=CARTESIAN_POINT('Ctrl Pts',(421.168096377155,-51.4812540680046,105.877143741702));
#6093=CARTESIAN_POINT('Ctrl Pts',(423.062394592673,-50.4967041101602,104.812945702496));
#6094=CARTESIAN_POINT('Ctrl Pts',(425.19387232814,-50.0364252784166,103.507430781914));
#6095=CARTESIAN_POINT('Ctrl Pts',(425.271864903798,-50.0198715893403,103.459626559621));
#6096=CARTESIAN_POINT('Ctrl Pts',(425.245853902968,-50.0252965562949,103.475580996664));
#6097=CARTESIAN_POINT('Ctrl Pts',(425.219856034042,-50.0308142651754,103.491515947252));
#6098=CARTESIAN_POINT('Ctrl Pts',(425.19387232814,-50.0364252784166,103.507430781914));
#6099=CARTESIAN_POINT('Ctrl Pts',(425.21859123252,-50.1427452575498,103.329829935627));
#6100=CARTESIAN_POINT('Ctrl Pts',(425.192734012012,-50.1476743092364,103.34578149659));
#6101=CARTESIAN_POINT('Ctrl Pts',(425.166893008164,-50.1526948813907,103.36172186105));
#6102=CARTESIAN_POINT('Ctrl Pts',(425.14106924257,-50.1578075777833,103.377650379295));
#6103=CARTESIAN_POINT('Ctrl Pts',(425.165317561242,-50.2656189257594,103.200033311633));
#6104=CARTESIAN_POINT('Ctrl Pts',(425.139614121056,-50.2700520621779,103.215981996516));
#6105=CARTESIAN_POINT('Ctrl Pts',(425.113929982286,-50.2745754976059,103.231927774849));
#6106=CARTESIAN_POINT('Ctrl Pts',(425.088266157,-50.2791898771499,103.247869976675));
#6107=CARTESIAN_POINT('Ctrl Pts',(425.112043889964,-50.388492593969,103.070236687639));
#6108=CARTESIAN_POINT('Ctrl Pts',(425.0864942301,-50.3924298151194,103.086182496442));
#6109=CARTESIAN_POINT('Ctrl Pts',(425.060966956408,-50.3964561138211,103.102133688647));
#6110=CARTESIAN_POINT('Ctrl Pts',(425.03546307143,-50.4005721765166,103.118089574056));
#6111=CARTESIAN_POINT('Ctrl Pts',(425.19387232814,-50.0364252784166,103.507430781914));
#6112=CARTESIAN_POINT('Ctrl Pts',(425.219856034042,-50.0308142651754,103.491515947252));
#6113=CARTESIAN_POINT('Ctrl Pts',(425.245853902968,-50.0252965562949,103.475580996664));
#6114=CARTESIAN_POINT('Ctrl Pts',(425.271864903798,-50.0198715893403,103.459626559621));
#6115=CARTESIAN_POINT('Ctrl Pts',(393.771849822715,-65.7186085968896,108.441884257517));
#6116=CARTESIAN_POINT('Ctrl Pts',(409.726049625344,-65.7186085968896,108.441884257517));
#6117=CARTESIAN_POINT('Ctrl Pts',(423.542791951473,-65.7186085968896,100.464784356203));
#6118=CARTESIAN_POINT('Ctrl Pts',(393.771849822715,-63.2713117661686,110.052679978707));
#6119=CARTESIAN_POINT('Ctrl Pts',(410.157661038008,-63.2713117661686,110.052679978707));
#6120=CARTESIAN_POINT('Ctrl Pts',(424.348189812068,-63.2713117661686,101.85977437106));
#6121=CARTESIAN_POINT('Ctrl Pts',(393.771849822715,-60.5327882039101,111.170064124022));
#6122=CARTESIAN_POINT('Ctrl Pts',(410.457063217381,-60.5327882039101,111.170064124022));
#6123=CARTESIAN_POINT('Ctrl Pts',(424.906881884726,-60.5327882039101,102.827457426689));
#6124=CARTESIAN_POINT('Ctrl Pts',(393.771849822715,-55.7233441444943,112.108465999923));
#6125=CARTESIAN_POINT('Ctrl Pts',(410.708507242204,-55.7233441444943,112.108465999923));
#6126=CARTESIAN_POINT('Ctrl Pts',(425.376082822676,-55.7233441444943,103.640137290179));
#6127=CARTESIAN_POINT('Ctrl Pts',(393.771849822715,-53.7482948027303,112.230143699975));
#6128=CARTESIAN_POINT('Ctrl Pts',(410.74111068367,-53.7482948027303,112.230143699975));
#6129=CARTESIAN_POINT('Ctrl Pts',(425.436921672702,-53.7482948027303,103.745513269497));
#6130=CARTESIAN_POINT('Ctrl Pts',(393.771849822715,-49.8172368850153,111.955956462022));
#6131=CARTESIAN_POINT('Ctrl Pts',(410.667642434686,-49.8172368850153,111.955956462022));
#6132=CARTESIAN_POINT('Ctrl Pts',(425.299828053726,-49.8172368850153,103.508060156037));
#6133=CARTESIAN_POINT('Ctrl Pts',(393.771849822715,-47.8782030281868,111.561275493181));
#6134=CARTESIAN_POINT('Ctrl Pts',(410.561887987817,-47.8782030281868,111.561275493181));
#6135=CARTESIAN_POINT('Ctrl Pts',(425.102487569305,-47.8782030281868,103.16625641063));
#6136=CARTESIAN_POINT('Ctrl Pts',(393.771849822715,-46.01547183055,110.919145261981));
#6137=CARTESIAN_POINT('Ctrl Pts',(410.389829710931,-46.01547183055,110.919145261981));
#6138=CARTESIAN_POINT('Ctrl Pts',(424.781422453705,-46.01547183055,102.610155317873));
#6139=CARTESIAN_POINT('',(420.,-57.3528439852113,106.057930532516));
#6140=CARTESIAN_POINT('Ctrl Pts',(420.,-58.0833738136497,105.898736625272));
#6141=CARTESIAN_POINT('Ctrl Pts',(420.,-57.8408651990392,105.956202692696));
#6142=CARTESIAN_POINT('Ctrl Pts',(420.,-57.5973211006734,106.009279649314));
#6143=CARTESIAN_POINT('Ctrl Pts',(420.,-57.3528439852113,106.057930532516));
#6144=CARTESIAN_POINT('',(420.,-53.5411686021358,106.452029999436));
#6145=CARTESIAN_POINT('Ctrl Pts',(420.,-53.5411686021358,106.452029999436));
#6146=CARTESIAN_POINT('Ctrl Pts',(420.,-54.0506525158634,106.447230773412));
#6147=CARTESIAN_POINT('Ctrl Pts',(420.,-54.560305834309,106.423410740521));
#6148=CARTESIAN_POINT('Ctrl Pts',(420.,-55.8369577557011,106.315768452736));
#6149=CARTESIAN_POINT('Ctrl Pts',(420.,-56.5991900828122,106.207907465574));
#6150=CARTESIAN_POINT('Ctrl Pts',(420.,-57.3528439852113,106.057930532516));
#6151=CARTESIAN_POINT('Ctrl Pts',(420.,-53.5411686021358,106.452029999436));
#6152=CARTESIAN_POINT('Ctrl Pts',(420.,-53.2902987672985,106.454393137913));
#6153=CARTESIAN_POINT('Ctrl Pts',(420.,-53.0394417888968,106.452144749499));
#6154=CARTESIAN_POINT('Ctrl Pts',(420.,-52.7887105634286,106.44528943945));
#6155=CARTESIAN_POINT('',(407.771593212013,-46.01547183055,109.318387632081));
#6156=CARTESIAN_POINT('Origin',(393.771849822715,-46.0154718305503,48.8999999999995));
#6157=CARTESIAN_POINT('',(407.771593212013,-65.7186085968895,106.772646094414));
#6158=CARTESIAN_POINT('Ctrl Pts',(407.771593212013,-46.01547183055,109.318387632081));
#6159=CARTESIAN_POINT('Ctrl Pts',(407.771593212013,-48.7184045448929,110.274843219372));
#6160=CARTESIAN_POINT('Ctrl Pts',(407.771593212209,-51.5793497582546,110.694377938766));
#6161=CARTESIAN_POINT('Ctrl Pts',(407.771593212209,-56.4490265189868,110.451225664858));
#6162=CARTESIAN_POINT('Ctrl Pts',(407.771593212013,-58.4312819714137,110.076059380013));
#6163=CARTESIAN_POINT('Ctrl Pts',(407.771593212013,-62.2431816850166,108.797754028392));
#6164=CARTESIAN_POINT('Ctrl Pts',(407.771593212013,-64.0528458346497,107.900664544363));
#6165=CARTESIAN_POINT('Ctrl Pts',(407.771593212013,-65.7186085968896,106.772646094414));
#6166=CARTESIAN_POINT('Origin',(393.771849822715,-65.7186085968898,48.8999999999997));
#6167=CARTESIAN_POINT('Origin',(420.,-55.0000000000001,101.931597392638));
#6168=CARTESIAN_POINT('',(420.,-57.6000000000002,101.931597392638));
#6169=CARTESIAN_POINT('Origin',(420.,-55.0000000000001,101.931597392638));
#6170=CARTESIAN_POINT('',(407.771593212013,-57.6000000000002,101.931597392638));
#6171=CARTESIAN_POINT('',(420.,-57.6000000000002,101.931597392638));
#6172=CARTESIAN_POINT('Origin',(407.771593212013,-55.0000000000001,101.931597392638));
#6173=CARTESIAN_POINT('Origin',(420.,-55.0000000000001,101.931597392638));
#6174=CARTESIAN_POINT('Ctrl Pts',(412.67486149236,-46.01547183055,109.599881547866));
#6175=CARTESIAN_POINT('Ctrl Pts',(509.738514564959,-46.0154718305502,53.5601553178726));
#6176=CARTESIAN_POINT('Ctrl Pts',(412.33075154184,-44.0190408603065,109.003865630177));
#6177=CARTESIAN_POINT('Ctrl Pts',(509.394404614439,-44.0190408603066,52.9641394001833));
#6178=CARTESIAN_POINT('Ctrl Pts',(411.999464557771,-42.0137190334241,108.430059741882));
#6179=CARTESIAN_POINT('Ctrl Pts',(509.06311763037,-42.0137190334243,52.3903335118886));
#6180=CARTESIAN_POINT('Ctrl Pts',(411.681087557688,-40.0000000000002,107.878614601777));
#6181=CARTESIAN_POINT('Ctrl Pts',(508.744740630287,-40.0000000000003,51.8388883717841));
#6182=CARTESIAN_POINT('',(423.787648519034,-40.0000000000001,100.888888371784));
#6183=CARTESIAN_POINT('',(423.787648519034,-40.0000000000001,100.888888371784));
#6184=CARTESIAN_POINT('Ctrl Pts',(424.781422453705,-46.01547183055,102.610155317873));
#6185=CARTESIAN_POINT('Ctrl Pts',(424.437312503186,-44.0190408603065,102.014139400183));
#6186=CARTESIAN_POINT('Ctrl Pts',(424.106025519116,-42.0137190334242,101.440333511889));
#6187=CARTESIAN_POINT('Ctrl Pts',(423.787648519034,-40.0000000000002,100.888888371784));
#6188=CARTESIAN_POINT('Origin',(422.133799207663,-70.0000000000002,98.0243373364276));
#6189=CARTESIAN_POINT('',(422.133799207663,-70.0000000000002,98.0243373364275));
#6190=CARTESIAN_POINT('Ctrl Pts',(422.133799207663,-70.0000000000002,98.0243373364276));
#6191=CARTESIAN_POINT('Ctrl Pts',(422.6034634556,-68.5728695322966,98.8378196763526));
#6192=CARTESIAN_POINT('Ctrl Pts',(423.073127703537,-67.1457390645931,99.6513020162776));
#6193=CARTESIAN_POINT('Ctrl Pts',(423.542791951473,-65.7186085968896,100.464784356203));
#6194=CARTESIAN_POINT('',(422.133799207663,-70.0000000000002,98.0243373364275));
#6195=CARTESIAN_POINT('Ctrl Pts',(393.771849822715,-70.0000000000002,105.623898769897));
#6196=CARTESIAN_POINT('Ctrl Pts',(408.970972689653,-70.0000000000002,105.623898769897));
#6197=CARTESIAN_POINT('Ctrl Pts',(422.133799207663,-70.0000000000002,98.0243373364275));
#6198=CARTESIAN_POINT('Ctrl Pts',(393.771849822715,-68.5728695322966,106.56322726577));
#6199=CARTESIAN_POINT('Ctrl Pts',(409.22266500155,-68.5728695322966,106.56322726577));
#6200=CARTESIAN_POINT('Ctrl Pts',(422.6034634556,-68.5728695322966,98.8378196763525));
#6201=CARTESIAN_POINT('Ctrl Pts',(393.771849822715,-67.1457390645931,107.502555761644));
#6202=CARTESIAN_POINT('Ctrl Pts',(409.474357313447,-67.1457390645931,107.502555761644));
#6203=CARTESIAN_POINT('Ctrl Pts',(423.073127703537,-67.1457390645931,99.6513020162775));
#6204=CARTESIAN_POINT('Ctrl Pts',(393.771849822715,-65.7186085968895,108.441884257517));
#6205=CARTESIAN_POINT('Ctrl Pts',(409.726049625344,-65.7186085968895,108.441884257517));
#6206=CARTESIAN_POINT('Ctrl Pts',(423.542791951473,-65.7186085968896,100.464784356203));
#6207=CARTESIAN_POINT('',(407.771593212013,-70.0000000000002,103.869153865521));
#6208=CARTESIAN_POINT('Ctrl Pts',(407.771593212013,-65.7186085968895,106.772646094414));
#6209=CARTESIAN_POINT('Ctrl Pts',(407.771593212013,-66.4318693663975,106.289641355764));
#6210=CARTESIAN_POINT('Ctrl Pts',(407.771593212013,-67.1453131089629,105.806178427635));
#6211=CARTESIAN_POINT('Ctrl Pts',(407.771593212013,-68.5722219816606,104.838517259326));
#6212=CARTESIAN_POINT('Ctrl Pts',(407.771593212013,-69.2863783121108,104.353849246691));
#6213=CARTESIAN_POINT('Ctrl Pts',(407.771593212013,-70.0000000000001,103.869153865521));
#6214=CARTESIAN_POINT('Origin',(393.771849822715,-70.0000000000004,48.8999999999998));
#6215=CARTESIAN_POINT('Ctrl Pts',(393.771849822715,-46.01547183055,110.919145261981));
#6216=CARTESIAN_POINT('Ctrl Pts',(410.389829710931,-46.01547183055,110.919145261981));
#6217=CARTESIAN_POINT('Ctrl Pts',(424.781422453705,-46.01547183055,102.610155317873));
#6218=CARTESIAN_POINT('Ctrl Pts',(393.771849822715,-44.0190408603065,110.230925360942));
#6219=CARTESIAN_POINT('Ctrl Pts',(410.205421744233,-44.0190408603065,110.230925360942));
#6220=CARTESIAN_POINT('Ctrl Pts',(424.437312503186,-44.0190408603065,102.014139400183));
#6221=CARTESIAN_POINT('Ctrl Pts',(393.771849822715,-42.0137190334241,109.568351392803));
#6222=CARTESIAN_POINT('Ctrl Pts',(410.027885584544,-42.0137190334241,109.568351392803));
#6223=CARTESIAN_POINT('Ctrl Pts',(424.106025519116,-42.0137190334241,101.440333511888));
#6224=CARTESIAN_POINT('Ctrl Pts',(393.771849822715,-40.0000000000002,108.931597392638));
#6225=CARTESIAN_POINT('Ctrl Pts',(409.857267864422,-40.0000000000002,108.931597392638));
#6226=CARTESIAN_POINT('Ctrl Pts',(423.787648519034,-40.0000000000002,100.888888371784));
#6227=CARTESIAN_POINT('',(407.771593212013,-40.0000000000002,107.276363971607));
#6228=CARTESIAN_POINT('Ctrl Pts',(407.771593212013,-40.0000000000002,107.276363971607));
#6229=CARTESIAN_POINT('Ctrl Pts',(407.771593212013,-41.0066614069608,107.603703976631));
#6230=CARTESIAN_POINT('Ctrl Pts',(407.771593212013,-42.011211819618,107.937525581233));
#6231=CARTESIAN_POINT('Ctrl Pts',(407.771593212013,-44.0164258285357,108.618220871092));
#6232=CARTESIAN_POINT('Ctrl Pts',(407.771593212013,-45.0170815533897,108.965098793695));
#6233=CARTESIAN_POINT('Ctrl Pts',(407.771593212013,-46.0154718305501,109.318387632081));
#6234=CARTESIAN_POINT('Origin',(393.771849822715,-40.0000000000004,48.8999999999999));
#6235=CARTESIAN_POINT('Origin',(515.,-70.0000000000002,-132.9));
#6236=CARTESIAN_POINT('',(407.771593212013,-70.0000000000002,3.19328770895737));
#6237=CARTESIAN_POINT('Origin',(465.,-40.0000000000002,-77.));
#6238=CARTESIAN_POINT('',(407.771593212013,-40.0000000000002,26.1432877089574));
#6239=CARTESIAN_POINT('Origin',(407.771593212013,-40.0000000000002,139.286575417915));
#6240=UNCERTAINTY_MEASURE_WITH_UNIT(LENGTH_MEASURE(0.01),#6244,
'DISTANCE_ACCURACY_VALUE',
'Maximum model space distance between geometric entities at asserted c
onnectivities');
#6241=UNCERTAINTY_MEASURE_WITH_UNIT(LENGTH_MEASURE(0.01),#6244,
'DISTANCE_ACCURACY_VALUE',
'Maximum model space distance between geometric entities at asserted c
onnectivities');
#6242=(
GEOMETRIC_REPRESENTATION_CONTEXT(3)
GLOBAL_UNCERTAINTY_ASSIGNED_CONTEXT((#6240))
GLOBAL_UNIT_ASSIGNED_CONTEXT((#6244,#6246,#6247))
REPRESENTATION_CONTEXT('','3D')
);
#6243=(
GEOMETRIC_REPRESENTATION_CONTEXT(3)
GLOBAL_UNCERTAINTY_ASSIGNED_CONTEXT((#6241))
GLOBAL_UNIT_ASSIGNED_CONTEXT((#6244,#6246,#6247))
REPRESENTATION_CONTEXT('','3D')
);
#6244=(
LENGTH_UNIT()
NAMED_UNIT(*)
SI_UNIT(.MILLI.,.METRE.)
);
#6245=(
LENGTH_UNIT()
NAMED_UNIT(*)
SI_UNIT($,.METRE.)
);
#6246=(
NAMED_UNIT(*)
PLANE_ANGLE_UNIT()
SI_UNIT($,.RADIAN.)
);
#6247=(
NAMED_UNIT(*)
SI_UNIT($,.STERADIAN.)
SOLID_ANGLE_UNIT()
);
#6248=SHAPE_DEFINITION_REPRESENTATION(#6249,#6250);
#6249=PRODUCT_DEFINITION_SHAPE('',$,#6252);
#6250=SHAPE_REPRESENTATION('',(#2413),#6242);
#6251=PRODUCT_DEFINITION_CONTEXT('part definition',#6256,'design');
#6252=PRODUCT_DEFINITION('(Unsaved)','(Unsaved)',#6253,#6251);
#6253=PRODUCT_DEFINITION_FORMATION('',$,#6258);
#6254=PRODUCT_RELATED_PRODUCT_CATEGORY('(Unsaved)','(Unsaved)',(#6258));
#6255=APPLICATION_PROTOCOL_DEFINITION('international standard',
'automotive_design',2009,#6256);
#6256=APPLICATION_CONTEXT(
'Core Data for Automotive Mechanical Design Process');
#6257=PRODUCT_CONTEXT('part definition',#6256,'mechanical');
#6258=PRODUCT('(Unsaved)','(Unsaved)',$,(#6257));
#6259=PRESENTATION_STYLE_ASSIGNMENT((#6272));
#6260=PRESENTATION_STYLE_ASSIGNMENT((#6273));
#6261=PRESENTATION_STYLE_ASSIGNMENT((#6274));
#6262=PRESENTATION_STYLE_ASSIGNMENT((#6275));
#6263=PRESENTATION_STYLE_ASSIGNMENT((#6276));
#6264=PRESENTATION_STYLE_ASSIGNMENT((#6277));
#6265=PRESENTATION_STYLE_ASSIGNMENT((#6278));
#6266=PRESENTATION_STYLE_ASSIGNMENT((#6279));
#6267=PRESENTATION_STYLE_ASSIGNMENT((#6280));
#6268=PRESENTATION_STYLE_ASSIGNMENT((#6281));
#6269=PRESENTATION_STYLE_ASSIGNMENT((#6282));
#6270=PRESENTATION_STYLE_ASSIGNMENT((#6283));
#6271=PRESENTATION_STYLE_ASSIGNMENT((#6284));
#6272=SURFACE_STYLE_USAGE(.BOTH.,#6285);
#6273=SURFACE_STYLE_USAGE(.BOTH.,#6286);
#6274=SURFACE_STYLE_USAGE(.BOTH.,#6287);
#6275=SURFACE_STYLE_USAGE(.BOTH.,#6288);
#6276=SURFACE_STYLE_USAGE(.BOTH.,#6289);
#6277=SURFACE_STYLE_USAGE(.BOTH.,#6290);
#6278=SURFACE_STYLE_USAGE(.BOTH.,#6291);
#6279=SURFACE_STYLE_USAGE(.BOTH.,#6292);
#6280=SURFACE_STYLE_USAGE(.BOTH.,#6293);
#6281=SURFACE_STYLE_USAGE(.BOTH.,#6294);
#6282=SURFACE_STYLE_USAGE(.BOTH.,#6295);
#6283=SURFACE_STYLE_USAGE(.BOTH.,#6296);
#6284=SURFACE_STYLE_USAGE(.BOTH.,#6297);
#6285=SURFACE_SIDE_STYLE('',(#6298));
#6286=SURFACE_SIDE_STYLE('',(#6299));
#6287=SURFACE_SIDE_STYLE('',(#6300));
#6288=SURFACE_SIDE_STYLE('',(#6301));
#6289=SURFACE_SIDE_STYLE('',(#6302));
#6290=SURFACE_SIDE_STYLE('',(#6303));
#6291=SURFACE_SIDE_STYLE('',(#6304));
#6292=SURFACE_SIDE_STYLE('',(#6305));
#6293=SURFACE_SIDE_STYLE('',(#6306));
#6294=SURFACE_SIDE_STYLE('',(#6307));
#6295=SURFACE_SIDE_STYLE('',(#6308));
#6296=SURFACE_SIDE_STYLE('',(#6309));
#6297=SURFACE_SIDE_STYLE('',(#6310));
#6298=SURFACE_STYLE_FILL_AREA(#6311);
#6299=SURFACE_STYLE_FILL_AREA(#6312);
#6300=SURFACE_STYLE_FILL_AREA(#6313);
#6301=SURFACE_STYLE_FILL_AREA(#6314);
#6302=SURFACE_STYLE_FILL_AREA(#6315);
#6303=SURFACE_STYLE_FILL_AREA(#6316);
#6304=SURFACE_STYLE_FILL_AREA(#6317);
#6305=SURFACE_STYLE_FILL_AREA(#6318);
#6306=SURFACE_STYLE_FILL_AREA(#6319);
#6307=SURFACE_STYLE_FILL_AREA(#6320);
#6308=SURFACE_STYLE_FILL_AREA(#6321);
#6309=SURFACE_STYLE_FILL_AREA(#6322);
#6310=SURFACE_STYLE_FILL_AREA(#6323);
#6311=FILL_AREA_STYLE('Steel - Satin',(#6324));
#6312=FILL_AREA_STYLE('Plastic - Glossy (Red)',(#6325));
#6313=FILL_AREA_STYLE('Opaque(255,255,0)',(#6326));
#6314=FILL_AREA_STYLE('Stainless Steel - Polished',(#6327));
#6315=FILL_AREA_STYLE('Plastic - Matte (Black)',(#6328));
#6316=FILL_AREA_STYLE('Rubber - Hard',(#6329));
#6317=FILL_AREA_STYLE('Plastic - Glossy (Black)',(#6330));
#6318=FILL_AREA_STYLE('Opaque(215,208,192)',(#6331));
#6319=FILL_AREA_STYLE('Plastic - Translucent Glossy (Gray)',(#6332));
#6320=FILL_AREA_STYLE('ABS (White)',(#6333));
#6321=FILL_AREA_STYLE('Opaque(255,255,255)',(#6334));
#6322=FILL_AREA_STYLE('Paint - Enamel Glossy (Black)',(#6335));
#6323=FILL_AREA_STYLE('Opaque(0,255,0)',(#6336));
#6324=FILL_AREA_STYLE_COLOUR('Steel - Satin',#6337);
#6325=FILL_AREA_STYLE_COLOUR('Plastic - Glossy (Red)',#6338);
#6326=FILL_AREA_STYLE_COLOUR('Opaque(255,255,0)',#6339);
#6327=FILL_AREA_STYLE_COLOUR('Stainless Steel - Polished',#6340);
#6328=FILL_AREA_STYLE_COLOUR('Plastic - Matte (Black)',#6341);
#6329=FILL_AREA_STYLE_COLOUR('Rubber - Hard',#6342);
#6330=FILL_AREA_STYLE_COLOUR('Plastic - Glossy (Black)',#6343);
#6331=FILL_AREA_STYLE_COLOUR('Opaque(215,208,192)',#6344);
#6332=FILL_AREA_STYLE_COLOUR('Plastic - Translucent Glossy (Gray)',#6345);
#6333=FILL_AREA_STYLE_COLOUR('ABS (White)',#6346);
#6334=FILL_AREA_STYLE_COLOUR('Opaque(255,255,255)',#6347);
#6335=FILL_AREA_STYLE_COLOUR('Paint - Enamel Glossy (Black)',#6348);
#6336=FILL_AREA_STYLE_COLOUR('Opaque(0,255,0)',#6349);
#6337=COLOUR_RGB('Steel - Satin',0.627450980392157,0.627450980392157,0.627450980392157);
#6338=COLOUR_RGB('Plastic - Glossy (Red)',0.768627450980392,0.207843137254902,
0.152941176470588);
#6339=COLOUR_RGB('Opaque(255,255,0)',1.,1.,0.);
#6340=COLOUR_RGB('Stainless Steel - Polished',0.796078431372549,0.796078431372549,
0.796078431372549);
#6341=COLOUR_RGB('Plastic - Matte (Black)',0.384313725490196,0.384313725490196,
0.384313725490196);
#6342=COLOUR_RGB('Rubber - Hard',0.152941176470588,0.152941176470588,0.152941176470588);
#6343=COLOUR_RGB('Plastic - Glossy (Black)',0.0980392156862745,0.0980392156862745,
0.0980392156862745);
#6344=COLOUR_RGB('Opaque(215,208,192)',0.843137254901961,0.815686274509804,
0.752941176470588);
#6345=COLOUR_RGB('Plastic - Translucent Glossy (Gray)',0.701960784313725,
0.701960784313725,0.701960784313725);
#6346=COLOUR_RGB('ABS (White)',0.964705882352941,0.964705882352941,0.952941176470588);
#6347=COLOUR_RGB('Opaque(255,255,255)',1.,1.,1.);
#6348=COLOUR_RGB('Paint - Enamel Glossy (Black)',0.0980392156862745,0.0980392156862745,
0.0980392156862745);
#6349=COLOUR_RGB('Opaque(0,255,0)',0.,1.,0.);
ENDSEC;
END-ISO-10303-21;
