ISO-10303-21;
HEADER;
FILE_DESCRIPTION(('FreeCAD Model'),'2;1');
FILE_NAME('Open CASCADE Shape Model','2026-09-16T22:11:30',(''),(''),
  'Open CASCADE STEP processor 7.8','FreeCAD','Unknown');
FILE_SCHEMA(('AUTOMOTIVE_DESIGN { 1 0 10303 214 1 1 1 1 }'));
ENDSEC;
DATA;
#1 = APPLICATION_PROTOCOL_DEFINITION('international standard',
  'automotive_design',2000,#2);
#2 = APPLICATION_CONTEXT(
  'core data for automotive mechanical design processes');
#3 = SHAPE_DEFINITION_REPRESENTATION(#4,#10);
#4 = PRODUCT_DEFINITION_SHAPE('','',#5);
#5 = PRODUCT_DEFINITION('design','',#6,#9);
#6 = PRODUCT_DEFINITION_FORMATION('','',#7);
#7 = PRODUCT('Cut.1','Cut.1','',(#8));
#8 = PRODUCT_CONTEXT('',#2,'mechanical');
#9 = PRODUCT_DEFINITION_CONTEXT('part definition',#2,'design');
#10 = ADVANCED_BREP_SHAPE_REPRESENTATION('',(#11,#15),#5016);
#11 = AXIS2_PLACEMENT_3D('',#12,#13,#14);
#12 = CARTESIAN_POINT('',(0.,0.,0.));
#13 = DIRECTION('',(0.,0.,1.));
#14 = DIRECTION('',(1.,0.,-0.));
#15 = MANIFOLD_SOLID_BREP('',#16);
#16 = CLOSED_SHELL('',(#17,#240,#961,#1033,#1088,#1137,#1216,#1275,#1378
    ,#2228,#2309,#2397,#2451,#2501,#2555,#2668,#2717,#2818,#2871,#2921,
    #2974,#3088,#3140,#3168,#3223,#3278,#3333,#3362,#3368,#3372,#3450,
    #3477,#3533,#3745,#4119,#4685,#4714,#4725,#4780,#4830,#4860,#4894,
    #4901,#4929,#4958,#5009));
#17 = ADVANCED_FACE('',(#18,#205),#32,.T.);
#18 = FACE_BOUND('',#19,.T.);
#19 = EDGE_LOOP('',(#20,#55,#83,#111,#153));
#20 = ORIENTED_EDGE('',*,*,#21,.F.);
#21 = EDGE_CURVE('',#22,#24,#26,.T.);
#22 = VERTEX_POINT('',#23);
#23 = CARTESIAN_POINT('',(630.93557200378,180.,59.));
#24 = VERTEX_POINT('',#25);
#25 = CARTESIAN_POINT('',(669.63813874616,180.,59.));
#26 = SURFACE_CURVE('',#27,(#31,#43),.PCURVE_S1.);
#27 = LINE('',#28,#29);
#28 = CARTESIAN_POINT('',(630.,180.,59.));
#29 = VECTOR('',#30,1.);
#30 = DIRECTION('',(1.,0.,0.));
#31 = PCURVE('',#32,#37);
#32 = PLANE('',#33);
#33 = AXIS2_PLACEMENT_3D('',#34,#35,#36);
#34 = CARTESIAN_POINT('',(705.,180.,59.));
#35 = DIRECTION('',(0.,1.,0.));
#36 = DIRECTION('',(-1.,0.,0.));
#37 = DEFINITIONAL_REPRESENTATION('',(#38),#42);
#38 = LINE('',#39,#40);
#39 = CARTESIAN_POINT('',(75.,0.));
#40 = VECTOR('',#41,1.);
#41 = DIRECTION('',(-1.,0.));
#42 = ( GEOMETRIC_REPRESENTATION_CONTEXT(2) 
PARAMETRIC_REPRESENTATION_CONTEXT() REPRESENTATION_CONTEXT('2D SPACE',''
  ) );
#43 = PCURVE('',#44,#49);
#44 = PLANE('',#45);
#45 = AXIS2_PLACEMENT_3D('',#46,#47,#48);
#46 = CARTESIAN_POINT('',(555.,95.,59.));
#47 = DIRECTION('',(0.,0.,1.));
#48 = DIRECTION('',(-1.,0.,0.));
#49 = DEFINITIONAL_REPRESENTATION('',(#50),#54);
#50 = LINE('',#51,#52);
#51 = CARTESIAN_POINT('',(-75.,-85.));
#52 = VECTOR('',#53,1.);
#53 = DIRECTION('',(-1.,0.));
#54 = ( GEOMETRIC_REPRESENTATION_CONTEXT(2) 
PARAMETRIC_REPRESENTATION_CONTEXT() REPRESENTATION_CONTEXT('2D SPACE',''
  ) );
#55 = ORIENTED_EDGE('',*,*,#56,.F.);
#56 = EDGE_CURVE('',#57,#22,#59,.T.);
#57 = VERTEX_POINT('',#58);
#58 = CARTESIAN_POINT('',(630.93557200378,180.,83.4));
#59 = SURFACE_CURVE('',#60,(#64,#71),.PCURVE_S1.);
#60 = LINE('',#61,#62);
#61 = CARTESIAN_POINT('',(630.93557200378,180.,59.));
#62 = VECTOR('',#63,1.);
#63 = DIRECTION('',(0.,0.,-1.));
#64 = PCURVE('',#32,#65);
#65 = DEFINITIONAL_REPRESENTATION('',(#66),#70);
#66 = LINE('',#67,#68);
#67 = CARTESIAN_POINT('',(74.06442799622,0.));
#68 = VECTOR('',#69,1.);
#69 = DIRECTION('',(0.,-1.));
#70 = ( GEOMETRIC_REPRESENTATION_CONTEXT(2) 
PARAMETRIC_REPRESENTATION_CONTEXT() REPRESENTATION_CONTEXT('2D SPACE',''
  ) );
#71 = PCURVE('',#72,#77);
#72 = PLANE('',#73);
#73 = AXIS2_PLACEMENT_3D('',#74,#75,#76);
#74 = CARTESIAN_POINT('',(630.93557200376,192.40588670339,59.));
#75 = DIRECTION('',(1.,1.471689095748E-12,0.));
#76 = DIRECTION('',(1.471689095748E-12,-1.,0.));
#77 = DEFINITIONAL_REPRESENTATION('',(#78),#82);
#78 = LINE('',#79,#80);
#79 = CARTESIAN_POINT('',(12.405886703396,0.));
#80 = VECTOR('',#81,1.);
#81 = DIRECTION('',(0.,1.));
#82 = ( GEOMETRIC_REPRESENTATION_CONTEXT(2) 
PARAMETRIC_REPRESENTATION_CONTEXT() REPRESENTATION_CONTEXT('2D SPACE',''
  ) );
#83 = ORIENTED_EDGE('',*,*,#84,.F.);
#84 = EDGE_CURVE('',#85,#57,#87,.T.);
#85 = VERTEX_POINT('',#86);
#86 = CARTESIAN_POINT('',(632.57400628618,180.,83.4));
#87 = SURFACE_CURVE('',#88,(#92,#99),.PCURVE_S1.);
#88 = LINE('',#89,#90);
#89 = CARTESIAN_POINT('',(667.5,180.,83.4));
#90 = VECTOR('',#91,1.);
#91 = DIRECTION('',(-1.,0.,0.));
#92 = PCURVE('',#32,#93);
#93 = DEFINITIONAL_REPRESENTATION('',(#94),#98);
#94 = LINE('',#95,#96);
#95 = CARTESIAN_POINT('',(37.5,24.4));
#96 = VECTOR('',#97,1.);
#97 = DIRECTION('',(1.,0.));
#98 = ( GEOMETRIC_REPRESENTATION_CONTEXT(2) 
PARAMETRIC_REPRESENTATION_CONTEXT() REPRESENTATION_CONTEXT('2D SPACE',''
  ) );
#99 = PCURVE('',#100,#105);
#100 = PLANE('',#101);
#101 = AXIS2_PLACEMENT_3D('',#102,#103,#104);
#102 = CARTESIAN_POINT('',(667.5,179.71094462711,83.780293159136));
#103 = DIRECTION('',(0.,0.796129343696,0.605126489345));
#104 = DIRECTION('',(1.,0.,0.));
#105 = DEFINITIONAL_REPRESENTATION('',(#106),#110);
#106 = LINE('',#107,#108);
#107 = CARTESIAN_POINT('',(0.,0.477677606217));
#108 = VECTOR('',#109,1.);
#109 = DIRECTION('',(-1.,0.));
#110 = ( GEOMETRIC_REPRESENTATION_CONTEXT(2) 
PARAMETRIC_REPRESENTATION_CONTEXT() REPRESENTATION_CONTEXT('2D SPACE',''
  ) );
#111 = ORIENTED_EDGE('',*,*,#112,.F.);
#112 = EDGE_CURVE('',#113,#85,#115,.T.);
#113 = VERTEX_POINT('',#114);
#114 = CARTESIAN_POINT('',(632.67410349221,180.,83.399879361646));
#115 = SURFACE_CURVE('',#116,(#121,#129),.PCURVE_S1.);
#116 = B_SPLINE_CURVE_WITH_KNOTS('',3,(#117,#118,#119,#120),
  .UNSPECIFIED.,.F.,.F.,(4,4),(0.5402513046,0.542606942705),
  .PIECEWISE_BEZIER_KNOTS.);
#117 = CARTESIAN_POINT('',(632.67410349221,180.,83.399879361646));
#118 = CARTESIAN_POINT('',(632.64073972624,180.,83.399959787051));
#119 = CARTESIAN_POINT('',(632.6073739601,180.,83.4));
#120 = CARTESIAN_POINT('',(632.57400628618,180.,83.4));
#121 = PCURVE('',#32,#122);
#122 = DEFINITIONAL_REPRESENTATION('',(#123),#128);
#123 = B_SPLINE_CURVE_WITH_KNOTS('',3,(#124,#125,#126,#127),
  .UNSPECIFIED.,.F.,.F.,(4,4),(0.5402513046,0.542606942705),
  .PIECEWISE_BEZIER_KNOTS.);
#124 = CARTESIAN_POINT('',(72.325896507787,24.399879361646));
#125 = CARTESIAN_POINT('',(72.359260273751,24.399959787051));
#126 = CARTESIAN_POINT('',(72.392626039895,24.4));
#127 = CARTESIAN_POINT('',(72.425993713817,24.4));
#128 = ( GEOMETRIC_REPRESENTATION_CONTEXT(2) 
PARAMETRIC_REPRESENTATION_CONTEXT() REPRESENTATION_CONTEXT('2D SPACE',''
  ) );
#129 = PCURVE('',#130,#147);
#130 = B_SPLINE_SURFACE_WITH_KNOTS('',3,3,(
    (#131,#132,#133,#134)
    ,(#135,#136,#137,#138)
    ,(#139,#140,#141,#142)
    ,(#143,#144,#145,#146
    )),.UNSPECIFIED.,.F.,.F.,.F.,(4,4),(4,4),(0.,1.),(0.5402513046,
    0.542606942705),.PIECEWISE_BEZIER_KNOTS.);
#131 = CARTESIAN_POINT('',(632.67593720178,179.42192094559,
    84.160577515112));
#132 = CARTESIAN_POINT('',(632.64196195031,179.42189981045,
    84.160583385984));
#133 = CARTESIAN_POINT('',(632.60798503865,179.42188925422,
    84.160586318272));
#134 = CARTESIAN_POINT('',(632.57400628618,179.42188925422,
    84.160586318272));
#135 = CARTESIAN_POINT('',(632.67532596525,179.61461396373,
    83.907011463957));
#136 = CARTESIAN_POINT('',(632.64155454229,179.61459987363,
    83.90704218634));
#137 = CARTESIAN_POINT('',(632.6077813458,179.61459283614,
    83.907057545514));
#138 = CARTESIAN_POINT('',(632.57400628618,179.61459283614,
    83.907057545514));
#139 = CARTESIAN_POINT('',(632.67471472873,179.80730698186,
    83.653445412802));
#140 = CARTESIAN_POINT('',(632.64114713427,179.80729993681,
    83.653500986695));
#141 = CARTESIAN_POINT('',(632.60757765295,179.80729641807,
    83.653528772757));
#142 = CARTESIAN_POINT('',(632.57400628618,179.80729641807,
    83.653528772757));
#143 = CARTESIAN_POINT('',(632.67410349221,180.,83.399879361646));
#144 = CARTESIAN_POINT('',(632.64073972624,180.,83.399959787051));
#145 = CARTESIAN_POINT('',(632.6073739601,180.,83.4));
#146 = CARTESIAN_POINT('',(632.57400628618,180.,83.4));
#147 = DEFINITIONAL_REPRESENTATION('',(#148),#152);
#148 = LINE('',#149,#150);
#149 = CARTESIAN_POINT('',(1.000000000003,3.774758283726E-15));
#150 = VECTOR('',#151,1.);
#151 = DIRECTION('',(-5.56139402881E-12,1.));
#152 = ( GEOMETRIC_REPRESENTATION_CONTEXT(2) 
PARAMETRIC_REPRESENTATION_CONTEXT() REPRESENTATION_CONTEXT('2D SPACE',''
  ) );
#153 = ORIENTED_EDGE('',*,*,#154,.F.);
#154 = EDGE_CURVE('',#24,#113,#155,.T.);
#155 = SURFACE_CURVE('',#156,(#163,#173),.PCURVE_S1.);
#156 = B_SPLINE_CURVE_WITH_KNOTS('',3,(#157,#158,#159,#160,#161,#162),
  .UNSPECIFIED.,.F.,.F.,(4,1,1,4),(-0.574133105743,-0.10083724516,
    0.21970702972,0.5402513046),.UNSPECIFIED.);
#157 = CARTESIAN_POINT('',(669.63811489769,180.,58.999989707002));
#158 = CARTESIAN_POINT('',(666.97679659406,180.,65.164457157562));
#159 = CARTESIAN_POINT('',(660.02479547435,180.,74.271104839849));
#160 = CARTESIAN_POINT('',(646.21395543831,180.,81.86131014231));
#161 = CARTESIAN_POINT('',(637.21408955628,180.,83.388935446708));
#162 = CARTESIAN_POINT('',(632.67410349221,180.,83.399879361646));
#163 = PCURVE('',#32,#164);
#164 = DEFINITIONAL_REPRESENTATION('',(#165),#172);
#165 = B_SPLINE_CURVE_WITH_KNOTS('',3,(#166,#167,#168,#169,#170,#171),
  .UNSPECIFIED.,.F.,.F.,(4,1,1,4),(-0.574133105743,-0.10083724516,
    0.21970702972,0.5402513046),.UNSPECIFIED.);
#166 = CARTESIAN_POINT('',(35.361885102309,-1.029299779987E-05));
#167 = CARTESIAN_POINT('',(38.023203405936,6.164457157562));
#168 = CARTESIAN_POINT('',(44.975204525648,15.271104839849));
#169 = CARTESIAN_POINT('',(58.786044561681,22.86131014231));
#170 = CARTESIAN_POINT('',(67.785910443719,24.388935446708));
#171 = CARTESIAN_POINT('',(72.325896507787,24.399879361646));
#172 = ( GEOMETRIC_REPRESENTATION_CONTEXT(2) 
PARAMETRIC_REPRESENTATION_CONTEXT() REPRESENTATION_CONTEXT('2D SPACE',''
  ) );
#173 = PCURVE('',#174,#199);
#174 = B_SPLINE_SURFACE_WITH_KNOTS('',3,3,(
    (#175,#176,#177,#178,#179,#180)
    ,(#181,#182,#183,#184,#185,#186)
    ,(#187,#188,#189,#190,#191,#192)
    ,(#193,#194,#195,#196,#197,#198
    )),.UNSPECIFIED.,.F.,.F.,.F.,(4,4),(4,1,1,4),(0.,1.),(-0.58165365748
    ,-0.10083724516,0.21970702972,0.5402513046),.UNSPECIFIED.);
#175 = CARTESIAN_POINT('',(670.46076818481,179.42078444967,59.));
#176 = CARTESIAN_POINT('',(667.77233842442,179.42526422523,
    65.40631504516));
#177 = CARTESIAN_POINT('',(660.66026847919,179.43104135298,
    74.828143200485));
#178 = CARTESIAN_POINT('',(646.47470850104,179.42955145145,
    82.618823415439));
#179 = CARTESIAN_POINT('',(637.29913136815,179.4247969175,
    84.159778636075));
#180 = CARTESIAN_POINT('',(632.67593720178,179.42192094559,
    84.160577515112));
#181 = CARTESIAN_POINT('',(670.22846291676,179.61385629978,
    58.90185994051));
#182 = CARTESIAN_POINT('',(667.55097861509,179.61684281682,
    65.268069695504));
#183 = CARTESIAN_POINT('',(660.47951215993,179.62069423532,
    74.625389288267));
#184 = CARTESIAN_POINT('',(646.38779081347,179.61970096763,
    82.366318991062));
#185 = CARTESIAN_POINT('',(637.27078409753,179.61653127833,
    83.902830906286));
#186 = CARTESIAN_POINT('',(632.67532596525,179.61461396373,
    83.907011463957));
#187 = CARTESIAN_POINT('',(669.99615764871,179.80692814989,
    58.803719881019));
#188 = CARTESIAN_POINT('',(667.32961880576,179.80842140841,
    65.129824345847));
#189 = CARTESIAN_POINT('',(660.29875584067,179.81034711766,
    74.42263537605));
#190 = CARTESIAN_POINT('',(646.30087312589,179.80985048381,
    82.113814566686));
#191 = CARTESIAN_POINT('',(637.2424368269,179.80826563916,
    83.645883176497));
#192 = CARTESIAN_POINT('',(632.67471472873,179.80730698186,
    83.653445412802));
#193 = CARTESIAN_POINT('',(669.76385238066,180.,58.705579821529));
#194 = CARTESIAN_POINT('',(667.10825899643,180.,64.991578996191));
#195 = CARTESIAN_POINT('',(660.11799952141,180.,74.219881463833));
#196 = CARTESIAN_POINT('',(646.21395543831,180.,81.86131014231));
#197 = CARTESIAN_POINT('',(637.21408955628,180.,83.388935446708));
#198 = CARTESIAN_POINT('',(632.67410349221,180.,83.399879361646));
#199 = DEFINITIONAL_REPRESENTATION('',(#200),#204);
#200 = LINE('',#201,#202);
#201 = CARTESIAN_POINT('',(1.,-1.110223024625E-16));
#202 = VECTOR('',#203,1.);
#203 = DIRECTION('',(5.310096467906E-14,1.));
#204 = ( GEOMETRIC_REPRESENTATION_CONTEXT(2) 
PARAMETRIC_REPRESENTATION_CONTEXT() REPRESENTATION_CONTEXT('2D SPACE',''
  ) );
#205 = FACE_BOUND('',#206,.T.);
#206 = EDGE_LOOP('',(#207));
#207 = ORIENTED_EDGE('',*,*,#208,.T.);
#208 = EDGE_CURVE('',#209,#209,#211,.T.);
#209 = VERTEX_POINT('',#210);
#210 = CARTESIAN_POINT('',(652.14076027556,180.,72.360591092578));
#211 = SURFACE_CURVE('',#212,(#217,#228),.PCURVE_S1.);
#212 = CIRCLE('',#213,1.85);
#213 = AXIS2_PLACEMENT_3D('',#214,#215,#216);
#214 = CARTESIAN_POINT('',(650.29076027556,180.,72.360591092578));
#215 = DIRECTION('',(0.,-1.,0.));
#216 = DIRECTION('',(-1.,0.,0.));
#217 = PCURVE('',#32,#218);
#218 = DEFINITIONAL_REPRESENTATION('',(#219),#227);
#219 = ( BOUNDED_CURVE() B_SPLINE_CURVE(2,(#220,#221,#222,#223,#224,#225
,#226),.UNSPECIFIED.,.T.,.F.) B_SPLINE_CURVE_WITH_KNOTS((1,2,2,2,2,1),(
    -2.094395102393,0.,2.094395102393,4.188790204786,6.28318530718,
8.377580409573),.UNSPECIFIED.) CURVE() GEOMETRIC_REPRESENTATION_ITEM() 
RATIONAL_B_SPLINE_CURVE((1.,0.5,1.,0.5,1.,0.5,1.)) REPRESENTATION_ITEM(
  '') );
#220 = CARTESIAN_POINT('',(56.559239724436,13.360591092578));
#221 = CARTESIAN_POINT('',(56.559239724436,10.156297098575));
#222 = CARTESIAN_POINT('',(53.784239724436,11.758444095576));
#223 = CARTESIAN_POINT('',(51.009239724436,13.360591092578));
#224 = CARTESIAN_POINT('',(53.784239724436,14.962738089579));
#225 = CARTESIAN_POINT('',(56.559239724436,16.56488508658));
#226 = CARTESIAN_POINT('',(56.559239724436,13.360591092578));
#227 = ( GEOMETRIC_REPRESENTATION_CONTEXT(2) 
PARAMETRIC_REPRESENTATION_CONTEXT() REPRESENTATION_CONTEXT('2D SPACE',''
  ) );
#228 = PCURVE('',#229,#234);
#229 = CYLINDRICAL_SURFACE('',#230,1.85);
#230 = AXIS2_PLACEMENT_3D('',#231,#232,#233);
#231 = CARTESIAN_POINT('',(650.29076027556,190.1,72.360591092578));
#232 = DIRECTION('',(0.,-1.,0.));
#233 = DIRECTION('',(-1.,0.,0.));
#234 = DEFINITIONAL_REPRESENTATION('',(#235),#239);
#235 = LINE('',#236,#237);
#236 = CARTESIAN_POINT('',(0.,10.1));
#237 = VECTOR('',#238,1.);
#238 = DIRECTION('',(1.,0.));
#239 = ( GEOMETRIC_REPRESENTATION_CONTEXT(2) 
PARAMETRIC_REPRESENTATION_CONTEXT() REPRESENTATION_CONTEXT('2D SPACE',''
  ) );
#240 = ADVANCED_FACE('',(#241,#891,#926),#44,.F.);
#241 = FACE_BOUND('',#242,.F.);
#242 = EDGE_LOOP('',(#243,#244,#267,#295,#323,#351,#379,#402,#430,#458,
    #486,#514,#537,#565,#593,#621,#649,#677,#710,#738,#814,#865));
#243 = ORIENTED_EDGE('',*,*,#21,.F.);
#244 = ORIENTED_EDGE('',*,*,#245,.T.);
#245 = EDGE_CURVE('',#22,#246,#248,.T.);
#246 = VERTEX_POINT('',#247);
#247 = CARTESIAN_POINT('',(630.93557200381,159.72946578324,59.));
#248 = SURFACE_CURVE('',#249,(#253,#260),.PCURVE_S1.);
#249 = LINE('',#250,#251);
#250 = CARTESIAN_POINT('',(630.93557200376,192.40588670339,59.));
#251 = VECTOR('',#252,1.);
#252 = DIRECTION('',(1.471689095748E-12,-1.,0.));
#253 = PCURVE('',#44,#254);
#254 = DEFINITIONAL_REPRESENTATION('',(#255),#259);
#255 = LINE('',#256,#257);
#256 = CARTESIAN_POINT('',(-75.93557200376,-97.40588670339));
#257 = VECTOR('',#258,1.);
#258 = DIRECTION('',(-1.471689095748E-12,1.));
#259 = ( GEOMETRIC_REPRESENTATION_CONTEXT(2) 
PARAMETRIC_REPRESENTATION_CONTEXT() REPRESENTATION_CONTEXT('2D SPACE',''
  ) );
#260 = PCURVE('',#72,#261);
#261 = DEFINITIONAL_REPRESENTATION('',(#262),#266);
#262 = LINE('',#263,#264);
#263 = CARTESIAN_POINT('',(0.,0.));
#264 = VECTOR('',#265,1.);
#265 = DIRECTION('',(1.,0.));
#266 = ( GEOMETRIC_REPRESENTATION_CONTEXT(2) 
PARAMETRIC_REPRESENTATION_CONTEXT() REPRESENTATION_CONTEXT('2D SPACE',''
  ) );
#267 = ORIENTED_EDGE('',*,*,#268,.T.);
#268 = EDGE_CURVE('',#246,#269,#271,.T.);
#269 = VERTEX_POINT('',#270);
#270 = CARTESIAN_POINT('',(642.93557200378,169.79866135735,59.));
#271 = SURFACE_CURVE('',#272,(#276,#283),.PCURVE_S1.);
#272 = LINE('',#273,#274);
#273 = CARTESIAN_POINT('',(630.93557200381,159.72946578324,59.));
#274 = VECTOR('',#275,1.);
#275 = DIRECTION('',(0.766044443119,0.642787609686,0.));
#276 = PCURVE('',#44,#277);
#277 = DEFINITIONAL_REPRESENTATION('',(#278),#282);
#278 = LINE('',#279,#280);
#279 = CARTESIAN_POINT('',(-75.93557200381,-64.72946578324));
#280 = VECTOR('',#281,1.);
#281 = DIRECTION('',(-0.766044443119,-0.642787609686));
#282 = ( GEOMETRIC_REPRESENTATION_CONTEXT(2) 
PARAMETRIC_REPRESENTATION_CONTEXT() REPRESENTATION_CONTEXT('2D SPACE',''
  ) );
#283 = PCURVE('',#284,#289);
#284 = PLANE('',#285);
#285 = AXIS2_PLACEMENT_3D('',#286,#287,#288);
#286 = CARTESIAN_POINT('',(630.93557200381,159.72946578324,59.));
#287 = DIRECTION('',(-0.642787609686,0.766044443119,0.));
#288 = DIRECTION('',(0.766044443119,0.642787609686,0.));
#289 = DEFINITIONAL_REPRESENTATION('',(#290),#294);
#290 = LINE('',#291,#292);
#291 = CARTESIAN_POINT('',(0.,0.));
#292 = VECTOR('',#293,1.);
#293 = DIRECTION('',(1.,0.));
#294 = ( GEOMETRIC_REPRESENTATION_CONTEXT(2) 
PARAMETRIC_REPRESENTATION_CONTEXT() REPRESENTATION_CONTEXT('2D SPACE',''
  ) );
#295 = ORIENTED_EDGE('',*,*,#296,.T.);
#296 = EDGE_CURVE('',#269,#297,#299,.T.);
#297 = VERTEX_POINT('',#298);
#298 = CARTESIAN_POINT('',(642.93557200378,124.79866135735,59.));
#299 = SURFACE_CURVE('',#300,(#304,#311),.PCURVE_S1.);
#300 = LINE('',#301,#302);
#301 = CARTESIAN_POINT('',(642.93557200378,169.79866135735,59.));
#302 = VECTOR('',#303,1.);
#303 = DIRECTION('',(0.,-1.,0.));
#304 = PCURVE('',#44,#305);
#305 = DEFINITIONAL_REPRESENTATION('',(#306),#310);
#306 = LINE('',#307,#308);
#307 = CARTESIAN_POINT('',(-87.93557200378,-74.79866135735));
#308 = VECTOR('',#309,1.);
#309 = DIRECTION('',(0.,1.));
#310 = ( GEOMETRIC_REPRESENTATION_CONTEXT(2) 
PARAMETRIC_REPRESENTATION_CONTEXT() REPRESENTATION_CONTEXT('2D SPACE',''
  ) );
#311 = PCURVE('',#312,#317);
#312 = PLANE('',#313);
#313 = AXIS2_PLACEMENT_3D('',#314,#315,#316);
#314 = CARTESIAN_POINT('',(642.93557200378,169.79866135735,59.));
#315 = DIRECTION('',(1.,0.,0.));
#316 = DIRECTION('',(0.,-1.,0.));
#317 = DEFINITIONAL_REPRESENTATION('',(#318),#322);
#318 = LINE('',#319,#320);
#319 = CARTESIAN_POINT('',(0.,0.));
#320 = VECTOR('',#321,1.);
#321 = DIRECTION('',(1.,0.));
#322 = ( GEOMETRIC_REPRESENTATION_CONTEXT(2) 
PARAMETRIC_REPRESENTATION_CONTEXT() REPRESENTATION_CONTEXT('2D SPACE',''
  ) );
#323 = ORIENTED_EDGE('',*,*,#324,.T.);
#324 = EDGE_CURVE('',#297,#325,#327,.T.);
#325 = VERTEX_POINT('',#326);
#326 = CARTESIAN_POINT('',(630.93557200378,134.86785693148,59.));
#327 = SURFACE_CURVE('',#328,(#332,#339),.PCURVE_S1.);
#328 = LINE('',#329,#330);
#329 = CARTESIAN_POINT('',(642.93557200378,124.79866135735,59.));
#330 = VECTOR('',#331,1.);
#331 = DIRECTION('',(-0.766044443119,0.642787609687,-0.));
#332 = PCURVE('',#44,#333);
#333 = DEFINITIONAL_REPRESENTATION('',(#334),#338);
#334 = LINE('',#335,#336);
#335 = CARTESIAN_POINT('',(-87.93557200378,-29.79866135735));
#336 = VECTOR('',#337,1.);
#337 = DIRECTION('',(0.766044443119,-0.642787609687));
#338 = ( GEOMETRIC_REPRESENTATION_CONTEXT(2) 
PARAMETRIC_REPRESENTATION_CONTEXT() REPRESENTATION_CONTEXT('2D SPACE',''
  ) );
#339 = PCURVE('',#340,#345);
#340 = PLANE('',#341);
#341 = AXIS2_PLACEMENT_3D('',#342,#343,#344);
#342 = CARTESIAN_POINT('',(642.93557200378,124.79866135735,59.));
#343 = DIRECTION('',(-0.642787609687,-0.766044443119,0.));
#344 = DIRECTION('',(-0.766044443119,0.642787609687,0.));
#345 = DEFINITIONAL_REPRESENTATION('',(#346),#350);
#346 = LINE('',#347,#348);
#347 = CARTESIAN_POINT('',(0.,0.));
#348 = VECTOR('',#349,1.);
#349 = DIRECTION('',(1.,0.));
#350 = ( GEOMETRIC_REPRESENTATION_CONTEXT(2) 
PARAMETRIC_REPRESENTATION_CONTEXT() REPRESENTATION_CONTEXT('2D SPACE',''
  ) );
#351 = ORIENTED_EDGE('',*,*,#352,.T.);
#352 = EDGE_CURVE('',#325,#353,#355,.T.);
#353 = VERTEX_POINT('',#354);
#354 = CARTESIAN_POINT('',(630.93557200377,102.40588670339,59.));
#355 = SURFACE_CURVE('',#356,(#360,#367),.PCURVE_S1.);
#356 = LINE('',#357,#358);
#357 = CARTESIAN_POINT('',(630.93557200378,134.86785693148,59.));
#358 = VECTOR('',#359,1.);
#359 = DIRECTION('',(0.,-1.,0.));
#360 = PCURVE('',#44,#361);
#361 = DEFINITIONAL_REPRESENTATION('',(#362),#366);
#362 = LINE('',#363,#364);
#363 = CARTESIAN_POINT('',(-75.93557200378,-39.86785693148));
#364 = VECTOR('',#365,1.);
#365 = DIRECTION('',(0.,1.));
#366 = ( GEOMETRIC_REPRESENTATION_CONTEXT(2) 
PARAMETRIC_REPRESENTATION_CONTEXT() REPRESENTATION_CONTEXT('2D SPACE',''
  ) );
#367 = PCURVE('',#368,#373);
#368 = PLANE('',#369);
#369 = AXIS2_PLACEMENT_3D('',#370,#371,#372);
#370 = CARTESIAN_POINT('',(630.9355720038,100.74219984183,
    80.432758100541));
#371 = DIRECTION('',(-1.,-5.808757215962E-13,7.790593700788E-13));
#372 = DIRECTION('',(-7.790593700788E-13,0.,-1.));
#373 = DEFINITIONAL_REPRESENTATION('',(#374),#378);
#374 = LINE('',#375,#376);
#375 = CARTESIAN_POINT('',(21.432758100541,-34.12565708964));
#376 = VECTOR('',#377,1.);
#377 = DIRECTION('',(0.,1.));
#378 = ( GEOMETRIC_REPRESENTATION_CONTEXT(2) 
PARAMETRIC_REPRESENTATION_CONTEXT() REPRESENTATION_CONTEXT('2D SPACE',''
  ) );
#379 = ORIENTED_EDGE('',*,*,#380,.T.);
#380 = EDGE_CURVE('',#353,#381,#383,.T.);
#381 = VERTEX_POINT('',#382);
#382 = CARTESIAN_POINT('',(630.93557200381,69.729465783247,59.));
#383 = SURFACE_CURVE('',#384,(#388,#395),.PCURVE_S1.);
#384 = LINE('',#385,#386);
#385 = CARTESIAN_POINT('',(630.93557200376,102.40588670339,59.));
#386 = VECTOR('',#387,1.);
#387 = DIRECTION('',(1.471689095748E-12,-1.,0.));
#388 = PCURVE('',#44,#389);
#389 = DEFINITIONAL_REPRESENTATION('',(#390),#394);
#390 = LINE('',#391,#392);
#391 = CARTESIAN_POINT('',(-75.93557200376,-7.405886703396));
#392 = VECTOR('',#393,1.);
#393 = DIRECTION('',(-1.471689095748E-12,1.));
#394 = ( GEOMETRIC_REPRESENTATION_CONTEXT(2) 
PARAMETRIC_REPRESENTATION_CONTEXT() REPRESENTATION_CONTEXT('2D SPACE',''
  ) );
#395 = PCURVE('',#368,#396);
#396 = DEFINITIONAL_REPRESENTATION('',(#397),#401);
#397 = LINE('',#398,#399);
#398 = CARTESIAN_POINT('',(21.432758100541,-1.663686861559));
#399 = VECTOR('',#400,1.);
#400 = DIRECTION('',(-1.146533179885E-24,1.));
#401 = ( GEOMETRIC_REPRESENTATION_CONTEXT(2) 
PARAMETRIC_REPRESENTATION_CONTEXT() REPRESENTATION_CONTEXT('2D SPACE',''
  ) );
#402 = ORIENTED_EDGE('',*,*,#403,.T.);
#403 = EDGE_CURVE('',#381,#404,#406,.T.);
#404 = VERTEX_POINT('',#405);
#405 = CARTESIAN_POINT('',(642.93557200378,79.798661357355,59.));
#406 = SURFACE_CURVE('',#407,(#411,#418),.PCURVE_S1.);
#407 = LINE('',#408,#409);
#408 = CARTESIAN_POINT('',(630.93557200381,69.729465783247,59.));
#409 = VECTOR('',#410,1.);
#410 = DIRECTION('',(0.766044443119,0.642787609686,0.));
#411 = PCURVE('',#44,#412);
#412 = DEFINITIONAL_REPRESENTATION('',(#413),#417);
#413 = LINE('',#414,#415);
#414 = CARTESIAN_POINT('',(-75.93557200381,25.270534216753));
#415 = VECTOR('',#416,1.);
#416 = DIRECTION('',(-0.766044443119,-0.642787609686));
#417 = ( GEOMETRIC_REPRESENTATION_CONTEXT(2) 
PARAMETRIC_REPRESENTATION_CONTEXT() REPRESENTATION_CONTEXT('2D SPACE',''
  ) );
#418 = PCURVE('',#419,#424);
#419 = PLANE('',#420);
#420 = AXIS2_PLACEMENT_3D('',#421,#422,#423);
#421 = CARTESIAN_POINT('',(630.93557200381,69.729465783247,59.));
#422 = DIRECTION('',(-0.642787609686,0.766044443119,0.));
#423 = DIRECTION('',(0.766044443119,0.642787609686,0.));
#424 = DEFINITIONAL_REPRESENTATION('',(#425),#429);
#425 = LINE('',#426,#427);
#426 = CARTESIAN_POINT('',(0.,0.));
#427 = VECTOR('',#428,1.);
#428 = DIRECTION('',(1.,0.));
#429 = ( GEOMETRIC_REPRESENTATION_CONTEXT(2) 
PARAMETRIC_REPRESENTATION_CONTEXT() REPRESENTATION_CONTEXT('2D SPACE',''
  ) );
#430 = ORIENTED_EDGE('',*,*,#431,.T.);
#431 = EDGE_CURVE('',#404,#432,#434,.T.);
#432 = VERTEX_POINT('',#433);
#433 = CARTESIAN_POINT('',(642.93557200378,34.798661357355,59.));
#434 = SURFACE_CURVE('',#435,(#439,#446),.PCURVE_S1.);
#435 = LINE('',#436,#437);
#436 = CARTESIAN_POINT('',(642.93557200378,79.798661357355,59.));
#437 = VECTOR('',#438,1.);
#438 = DIRECTION('',(0.,-1.,0.));
#439 = PCURVE('',#44,#440);
#440 = DEFINITIONAL_REPRESENTATION('',(#441),#445);
#441 = LINE('',#442,#443);
#442 = CARTESIAN_POINT('',(-87.93557200378,15.201338642645));
#443 = VECTOR('',#444,1.);
#444 = DIRECTION('',(0.,1.));
#445 = ( GEOMETRIC_REPRESENTATION_CONTEXT(2) 
PARAMETRIC_REPRESENTATION_CONTEXT() REPRESENTATION_CONTEXT('2D SPACE',''
  ) );
#446 = PCURVE('',#447,#452);
#447 = PLANE('',#448);
#448 = AXIS2_PLACEMENT_3D('',#449,#450,#451);
#449 = CARTESIAN_POINT('',(642.93557200378,79.798661357355,59.));
#450 = DIRECTION('',(1.,0.,0.));
#451 = DIRECTION('',(0.,-1.,0.));
#452 = DEFINITIONAL_REPRESENTATION('',(#453),#457);
#453 = LINE('',#454,#455);
#454 = CARTESIAN_POINT('',(0.,0.));
#455 = VECTOR('',#456,1.);
#456 = DIRECTION('',(1.,0.));
#457 = ( GEOMETRIC_REPRESENTATION_CONTEXT(2) 
PARAMETRIC_REPRESENTATION_CONTEXT() REPRESENTATION_CONTEXT('2D SPACE',''
  ) );
#458 = ORIENTED_EDGE('',*,*,#459,.T.);
#459 = EDGE_CURVE('',#432,#460,#462,.T.);
#460 = VERTEX_POINT('',#461);
#461 = CARTESIAN_POINT('',(630.93557200378,44.867856931482,59.));
#462 = SURFACE_CURVE('',#463,(#467,#474),.PCURVE_S1.);
#463 = LINE('',#464,#465);
#464 = CARTESIAN_POINT('',(642.93557200378,34.798661357355,59.));
#465 = VECTOR('',#466,1.);
#466 = DIRECTION('',(-0.766044443119,0.642787609687,-0.));
#467 = PCURVE('',#44,#468);
#468 = DEFINITIONAL_REPRESENTATION('',(#469),#473);
#469 = LINE('',#470,#471);
#470 = CARTESIAN_POINT('',(-87.93557200378,60.201338642645));
#471 = VECTOR('',#472,1.);
#472 = DIRECTION('',(0.766044443119,-0.642787609687));
#473 = ( GEOMETRIC_REPRESENTATION_CONTEXT(2) 
PARAMETRIC_REPRESENTATION_CONTEXT() REPRESENTATION_CONTEXT('2D SPACE',''
  ) );
#474 = PCURVE('',#475,#480);
#475 = PLANE('',#476);
#476 = AXIS2_PLACEMENT_3D('',#477,#478,#479);
#477 = CARTESIAN_POINT('',(642.93557200378,34.798661357355,59.));
#478 = DIRECTION('',(-0.642787609687,-0.766044443119,0.));
#479 = DIRECTION('',(-0.766044443119,0.642787609687,0.));
#480 = DEFINITIONAL_REPRESENTATION('',(#481),#485);
#481 = LINE('',#482,#483);
#482 = CARTESIAN_POINT('',(0.,0.));
#483 = VECTOR('',#484,1.);
#484 = DIRECTION('',(1.,0.));
#485 = ( GEOMETRIC_REPRESENTATION_CONTEXT(2) 
PARAMETRIC_REPRESENTATION_CONTEXT() REPRESENTATION_CONTEXT('2D SPACE',''
  ) );
#486 = ORIENTED_EDGE('',*,*,#487,.T.);
#487 = EDGE_CURVE('',#460,#488,#490,.T.);
#488 = VERTEX_POINT('',#489);
#489 = CARTESIAN_POINT('',(630.93557200377,12.405886703396,59.));
#490 = SURFACE_CURVE('',#491,(#495,#502),.PCURVE_S1.);
#491 = LINE('',#492,#493);
#492 = CARTESIAN_POINT('',(630.93557200378,44.867856931482,59.));
#493 = VECTOR('',#494,1.);
#494 = DIRECTION('',(0.,-1.,0.));
#495 = PCURVE('',#44,#496);
#496 = DEFINITIONAL_REPRESENTATION('',(#497),#501);
#497 = LINE('',#498,#499);
#498 = CARTESIAN_POINT('',(-75.93557200378,50.132143068518));
#499 = VECTOR('',#500,1.);
#500 = DIRECTION('',(0.,1.));
#501 = ( GEOMETRIC_REPRESENTATION_CONTEXT(2) 
PARAMETRIC_REPRESENTATION_CONTEXT() REPRESENTATION_CONTEXT('2D SPACE',''
  ) );
#502 = PCURVE('',#503,#508);
#503 = PLANE('',#504);
#504 = AXIS2_PLACEMENT_3D('',#505,#506,#507);
#505 = CARTESIAN_POINT('',(630.93557200379,12.187303829371,
    83.880293035736));
#506 = DIRECTION('',(-1.,-3.564782911827E-13,-1.278429874322E-15));
#507 = DIRECTION('',(3.564782911827E-13,-1.,0.));
#508 = DEFINITIONAL_REPRESENTATION('',(#509),#513);
#509 = LINE('',#510,#511);
#510 = CARTESIAN_POINT('',(-32.68055310211,-24.88029303573));
#511 = VECTOR('',#512,1.);
#512 = DIRECTION('',(1.,4.557324969953E-28));
#513 = ( GEOMETRIC_REPRESENTATION_CONTEXT(2) 
PARAMETRIC_REPRESENTATION_CONTEXT() REPRESENTATION_CONTEXT('2D SPACE',''
  ) );
#514 = ORIENTED_EDGE('',*,*,#515,.T.);
#515 = EDGE_CURVE('',#488,#516,#518,.T.);
#516 = VERTEX_POINT('',#517);
#517 = CARTESIAN_POINT('',(630.93557200381,-20.27053421675,59.));
#518 = SURFACE_CURVE('',#519,(#523,#530),.PCURVE_S1.);
#519 = LINE('',#520,#521);
#520 = CARTESIAN_POINT('',(630.93557200376,12.405886703396,59.));
#521 = VECTOR('',#522,1.);
#522 = DIRECTION('',(1.471689095748E-12,-1.,0.));
#523 = PCURVE('',#44,#524);
#524 = DEFINITIONAL_REPRESENTATION('',(#525),#529);
#525 = LINE('',#526,#527);
#526 = CARTESIAN_POINT('',(-75.93557200376,82.594113296604));
#527 = VECTOR('',#528,1.);
#528 = DIRECTION('',(-1.471689095748E-12,1.));
#529 = ( GEOMETRIC_REPRESENTATION_CONTEXT(2) 
PARAMETRIC_REPRESENTATION_CONTEXT() REPRESENTATION_CONTEXT('2D SPACE',''
  ) );
#530 = PCURVE('',#503,#531);
#531 = DEFINITIONAL_REPRESENTATION('',(#532),#536);
#532 = LINE('',#533,#534);
#533 = CARTESIAN_POINT('',(-0.218582874024,-24.88029303573));
#534 = VECTOR('',#535,1.);
#535 = DIRECTION('',(1.,-1.425718808723E-27));
#536 = ( GEOMETRIC_REPRESENTATION_CONTEXT(2) 
PARAMETRIC_REPRESENTATION_CONTEXT() REPRESENTATION_CONTEXT('2D SPACE',''
  ) );
#537 = ORIENTED_EDGE('',*,*,#538,.T.);
#538 = EDGE_CURVE('',#516,#539,#541,.T.);
#539 = VERTEX_POINT('',#540);
#540 = CARTESIAN_POINT('',(642.93557200378,-10.20133864264,59.));
#541 = SURFACE_CURVE('',#542,(#546,#553),.PCURVE_S1.);
#542 = LINE('',#543,#544);
#543 = CARTESIAN_POINT('',(630.93557200381,-20.27053421675,59.));
#544 = VECTOR('',#545,1.);
#545 = DIRECTION('',(0.766044443119,0.642787609686,0.));
#546 = PCURVE('',#44,#547);
#547 = DEFINITIONAL_REPRESENTATION('',(#548),#552);
#548 = LINE('',#549,#550);
#549 = CARTESIAN_POINT('',(-75.93557200381,115.27053421675));
#550 = VECTOR('',#551,1.);
#551 = DIRECTION('',(-0.766044443119,-0.642787609686));
#552 = ( GEOMETRIC_REPRESENTATION_CONTEXT(2) 
PARAMETRIC_REPRESENTATION_CONTEXT() REPRESENTATION_CONTEXT('2D SPACE',''
  ) );
#553 = PCURVE('',#554,#559);
#554 = PLANE('',#555);
#555 = AXIS2_PLACEMENT_3D('',#556,#557,#558);
#556 = CARTESIAN_POINT('',(630.93557200381,-20.27053421675,59.));
#557 = DIRECTION('',(-0.642787609686,0.766044443119,0.));
#558 = DIRECTION('',(0.766044443119,0.642787609686,0.));
#559 = DEFINITIONAL_REPRESENTATION('',(#560),#564);
#560 = LINE('',#561,#562);
#561 = CARTESIAN_POINT('',(0.,0.));
#562 = VECTOR('',#563,1.);
#563 = DIRECTION('',(1.,0.));
#564 = ( GEOMETRIC_REPRESENTATION_CONTEXT(2) 
PARAMETRIC_REPRESENTATION_CONTEXT() REPRESENTATION_CONTEXT('2D SPACE',''
  ) );
#565 = ORIENTED_EDGE('',*,*,#566,.T.);
#566 = EDGE_CURVE('',#539,#567,#569,.T.);
#567 = VERTEX_POINT('',#568);
#568 = CARTESIAN_POINT('',(642.93557200378,-55.20133864264,59.));
#569 = SURFACE_CURVE('',#570,(#574,#581),.PCURVE_S1.);
#570 = LINE('',#571,#572);
#571 = CARTESIAN_POINT('',(642.93557200378,-10.20133864264,59.));
#572 = VECTOR('',#573,1.);
#573 = DIRECTION('',(0.,-1.,0.));
#574 = PCURVE('',#44,#575);
#575 = DEFINITIONAL_REPRESENTATION('',(#576),#580);
#576 = LINE('',#577,#578);
#577 = CARTESIAN_POINT('',(-87.93557200378,105.20133864264));
#578 = VECTOR('',#579,1.);
#579 = DIRECTION('',(0.,1.));
#580 = ( GEOMETRIC_REPRESENTATION_CONTEXT(2) 
PARAMETRIC_REPRESENTATION_CONTEXT() REPRESENTATION_CONTEXT('2D SPACE',''
  ) );
#581 = PCURVE('',#582,#587);
#582 = PLANE('',#583);
#583 = AXIS2_PLACEMENT_3D('',#584,#585,#586);
#584 = CARTESIAN_POINT('',(642.93557200378,-10.20133864264,59.));
#585 = DIRECTION('',(1.,0.,0.));
#586 = DIRECTION('',(0.,-1.,0.));
#587 = DEFINITIONAL_REPRESENTATION('',(#588),#592);
#588 = LINE('',#589,#590);
#589 = CARTESIAN_POINT('',(0.,0.));
#590 = VECTOR('',#591,1.);
#591 = DIRECTION('',(1.,0.));
#592 = ( GEOMETRIC_REPRESENTATION_CONTEXT(2) 
PARAMETRIC_REPRESENTATION_CONTEXT() REPRESENTATION_CONTEXT('2D SPACE',''
  ) );
#593 = ORIENTED_EDGE('',*,*,#594,.T.);
#594 = EDGE_CURVE('',#567,#595,#597,.T.);
#595 = VERTEX_POINT('',#596);
#596 = CARTESIAN_POINT('',(630.93557200378,-45.13214306851,59.));
#597 = SURFACE_CURVE('',#598,(#602,#609),.PCURVE_S1.);
#598 = LINE('',#599,#600);
#599 = CARTESIAN_POINT('',(642.93557200378,-55.20133864264,59.));
#600 = VECTOR('',#601,1.);
#601 = DIRECTION('',(-0.766044443119,0.642787609687,-0.));
#602 = PCURVE('',#44,#603);
#603 = DEFINITIONAL_REPRESENTATION('',(#604),#608);
#604 = LINE('',#605,#606);
#605 = CARTESIAN_POINT('',(-87.93557200378,150.20133864264));
#606 = VECTOR('',#607,1.);
#607 = DIRECTION('',(0.766044443119,-0.642787609687));
#608 = ( GEOMETRIC_REPRESENTATION_CONTEXT(2) 
PARAMETRIC_REPRESENTATION_CONTEXT() REPRESENTATION_CONTEXT('2D SPACE',''
  ) );
#609 = PCURVE('',#610,#615);
#610 = PLANE('',#611);
#611 = AXIS2_PLACEMENT_3D('',#612,#613,#614);
#612 = CARTESIAN_POINT('',(642.93557200378,-55.20133864264,59.));
#613 = DIRECTION('',(-0.642787609687,-0.766044443119,0.));
#614 = DIRECTION('',(-0.766044443119,0.642787609687,0.));
#615 = DEFINITIONAL_REPRESENTATION('',(#616),#620);
#616 = LINE('',#617,#618);
#617 = CARTESIAN_POINT('',(0.,0.));
#618 = VECTOR('',#619,1.);
#619 = DIRECTION('',(1.,0.));
#620 = ( GEOMETRIC_REPRESENTATION_CONTEXT(2) 
PARAMETRIC_REPRESENTATION_CONTEXT() REPRESENTATION_CONTEXT('2D SPACE',''
  ) );
#621 = ORIENTED_EDGE('',*,*,#622,.T.);
#622 = EDGE_CURVE('',#595,#623,#625,.T.);
#623 = VERTEX_POINT('',#624);
#624 = CARTESIAN_POINT('',(630.93557200378,-70.,59.));
#625 = SURFACE_CURVE('',#626,(#630,#637),.PCURVE_S1.);
#626 = LINE('',#627,#628);
#627 = CARTESIAN_POINT('',(630.93557200378,-45.13214306851,59.));
#628 = VECTOR('',#629,1.);
#629 = DIRECTION('',(0.,-1.,0.));
#630 = PCURVE('',#44,#631);
#631 = DEFINITIONAL_REPRESENTATION('',(#632),#636);
#632 = LINE('',#633,#634);
#633 = CARTESIAN_POINT('',(-75.93557200378,140.13214306851));
#634 = VECTOR('',#635,1.);
#635 = DIRECTION('',(0.,1.));
#636 = ( GEOMETRIC_REPRESENTATION_CONTEXT(2) 
PARAMETRIC_REPRESENTATION_CONTEXT() REPRESENTATION_CONTEXT('2D SPACE',''
  ) );
#637 = PCURVE('',#638,#643);
#638 = PLANE('',#639);
#639 = AXIS2_PLACEMENT_3D('',#640,#641,#642);
#640 = CARTESIAN_POINT('',(630.93557200378,-45.13214306851,59.));
#641 = DIRECTION('',(1.,0.,0.));
#642 = DIRECTION('',(0.,-1.,0.));
#643 = DEFINITIONAL_REPRESENTATION('',(#644),#648);
#644 = LINE('',#645,#646);
#645 = CARTESIAN_POINT('',(0.,0.));
#646 = VECTOR('',#647,1.);
#647 = DIRECTION('',(1.,0.));
#648 = ( GEOMETRIC_REPRESENTATION_CONTEXT(2) 
PARAMETRIC_REPRESENTATION_CONTEXT() REPRESENTATION_CONTEXT('2D SPACE',''
  ) );
#649 = ORIENTED_EDGE('',*,*,#650,.F.);
#650 = EDGE_CURVE('',#651,#623,#653,.T.);
#651 = VERTEX_POINT('',#652);
#652 = CARTESIAN_POINT('',(646.30047145051,-70.,59.));
#653 = SURFACE_CURVE('',#654,(#658,#665),.PCURVE_S1.);
#654 = LINE('',#655,#656);
#655 = CARTESIAN_POINT('',(480.,-70.,59.));
#656 = VECTOR('',#657,1.);
#657 = DIRECTION('',(-1.,0.,0.));
#658 = PCURVE('',#44,#659);
#659 = DEFINITIONAL_REPRESENTATION('',(#660),#664);
#660 = LINE('',#661,#662);
#661 = CARTESIAN_POINT('',(75.,165.));
#662 = VECTOR('',#663,1.);
#663 = DIRECTION('',(1.,0.));
#664 = ( GEOMETRIC_REPRESENTATION_CONTEXT(2) 
PARAMETRIC_REPRESENTATION_CONTEXT() REPRESENTATION_CONTEXT('2D SPACE',''
  ) );
#665 = PCURVE('',#666,#671);
#666 = PLANE('',#667);
#667 = AXIS2_PLACEMENT_3D('',#668,#669,#670);
#668 = CARTESIAN_POINT('',(405.,-70.,59.));
#669 = DIRECTION('',(0.,-1.,0.));
#670 = DIRECTION('',(1.,0.,0.));
#671 = DEFINITIONAL_REPRESENTATION('',(#672),#676);
#672 = LINE('',#673,#674);
#673 = CARTESIAN_POINT('',(75.,0.));
#674 = VECTOR('',#675,1.);
#675 = DIRECTION('',(-1.,0.));
#676 = ( GEOMETRIC_REPRESENTATION_CONTEXT(2) 
PARAMETRIC_REPRESENTATION_CONTEXT() REPRESENTATION_CONTEXT('2D SPACE',''
  ) );
#677 = ORIENTED_EDGE('',*,*,#678,.F.);
#678 = EDGE_CURVE('',#679,#651,#681,.T.);
#679 = VERTEX_POINT('',#680);
#680 = CARTESIAN_POINT('',(705.38893663124,0.418890660016,59.));
#681 = SURFACE_CURVE('',#682,(#687,#698),.PCURVE_S1.);
#682 = CIRCLE('',#683,60.);
#683 = AXIS2_PLACEMENT_3D('',#684,#685,#686);
#684 = CARTESIAN_POINT('',(646.30047145051,-10.,59.));
#685 = DIRECTION('',(0.,0.,-1.));
#686 = DIRECTION('',(0.,-1.,0.));
#687 = PCURVE('',#44,#688);
#688 = DEFINITIONAL_REPRESENTATION('',(#689),#697);
#689 = ( BOUNDED_CURVE() B_SPLINE_CURVE(2,(#690,#691,#692,#693,#694,#695
,#696),.UNSPECIFIED.,.T.,.F.) B_SPLINE_CURVE_WITH_KNOTS((1,2,2,2,2,1),(
    -2.094395102393,0.,2.094395102393,4.188790204786,6.28318530718,
8.377580409573),.UNSPECIFIED.) CURVE() GEOMETRIC_REPRESENTATION_ITEM() 
RATIONAL_B_SPLINE_CURVE((1.,0.5,1.,0.5,1.,0.5,1.)) REPRESENTATION_ITEM(
  '') );
#690 = CARTESIAN_POINT('',(-91.30047145051,165.));
#691 = CARTESIAN_POINT('',(12.622577003621,165.));
#692 = CARTESIAN_POINT('',(-39.33894722344,75.));
#693 = CARTESIAN_POINT('',(-91.30047145051,-15.));
#694 = CARTESIAN_POINT('',(-143.2619956775,75.));
#695 = CARTESIAN_POINT('',(-195.2235199046,165.));
#696 = CARTESIAN_POINT('',(-91.30047145051,165.));
#697 = ( GEOMETRIC_REPRESENTATION_CONTEXT(2) 
PARAMETRIC_REPRESENTATION_CONTEXT() REPRESENTATION_CONTEXT('2D SPACE',''
  ) );
#698 = PCURVE('',#699,#704);
#699 = CYLINDRICAL_SURFACE('',#700,60.);
#700 = AXIS2_PLACEMENT_3D('',#701,#702,#703);
#701 = CARTESIAN_POINT('',(646.30047145051,-10.,109.));
#702 = DIRECTION('',(0.,0.,-1.));
#703 = DIRECTION('',(0.,-1.,0.));
#704 = DEFINITIONAL_REPRESENTATION('',(#705),#709);
#705 = LINE('',#706,#707);
#706 = CARTESIAN_POINT('',(-8.881784197001E-16,50.));
#707 = VECTOR('',#708,1.);
#708 = DIRECTION('',(1.,0.));
#709 = ( GEOMETRIC_REPRESENTATION_CONTEXT(2) 
PARAMETRIC_REPRESENTATION_CONTEXT() REPRESENTATION_CONTEXT('2D SPACE',''
  ) );
#710 = ORIENTED_EDGE('',*,*,#711,.F.);
#711 = EDGE_CURVE('',#712,#679,#714,.T.);
#712 = VERTEX_POINT('',#713);
#713 = CARTESIAN_POINT('',(686.16170175988,109.46195822746,59.));
#714 = SURFACE_CURVE('',#715,(#719,#726),.PCURVE_S1.);
#715 = LINE('',#716,#717);
#716 = CARTESIAN_POINT('',(666.34163350364,221.86715099269,59.));
#717 = VECTOR('',#718,1.);
#718 = DIRECTION('',(0.173648177667,-0.984807753012,0.));
#719 = PCURVE('',#44,#720);
#720 = DEFINITIONAL_REPRESENTATION('',(#721),#725);
#721 = LINE('',#722,#723);
#722 = CARTESIAN_POINT('',(-111.3416335036,-126.8671509926));
#723 = VECTOR('',#724,1.);
#724 = DIRECTION('',(-0.173648177667,0.984807753012));
#725 = ( GEOMETRIC_REPRESENTATION_CONTEXT(2) 
PARAMETRIC_REPRESENTATION_CONTEXT() REPRESENTATION_CONTEXT('2D SPACE',''
  ) );
#726 = PCURVE('',#727,#732);
#727 = PLANE('',#728);
#728 = AXIS2_PLACEMENT_3D('',#729,#730,#731);
#729 = CARTESIAN_POINT('',(709.75367792037,-24.33478726035,59.));
#730 = DIRECTION('',(0.984807753012,0.173648177667,0.));
#731 = DIRECTION('',(-0.173648177667,0.984807753012,0.));
#732 = DEFINITIONAL_REPRESENTATION('',(#733),#737);
#733 = LINE('',#734,#735);
#734 = CARTESIAN_POINT('',(250.,0.));
#735 = VECTOR('',#736,1.);
#736 = DIRECTION('',(-1.,0.));
#737 = ( GEOMETRIC_REPRESENTATION_CONTEXT(2) 
PARAMETRIC_REPRESENTATION_CONTEXT() REPRESENTATION_CONTEXT('2D SPACE',''
  ) );
#738 = ORIENTED_EDGE('',*,*,#739,.T.);
#739 = EDGE_CURVE('',#712,#740,#742,.T.);
#740 = VERTEX_POINT('',#741);
#741 = CARTESIAN_POINT('',(675.5865945483,160.58735093616,59.));
#742 = SURFACE_CURVE('',#743,(#748,#756),.PCURVE_S1.);
#743 = B_SPLINE_CURVE_WITH_KNOTS('',3,(#744,#745,#746,#747),
  .UNSPECIFIED.,.F.,.F.,(4,4),(0.,5.363957698856),
  .PIECEWISE_BEZIER_KNOTS.);
#744 = CARTESIAN_POINT('',(686.16170175988,109.46195822746,59.));
#745 = CARTESIAN_POINT('',(683.05689682825,127.07018198967,59.));
#746 = CARTESIAN_POINT('',(679.68265983637,144.3667924182,59.));
#747 = CARTESIAN_POINT('',(675.5865945483,160.58735093616,59.));
#748 = PCURVE('',#44,#749);
#749 = DEFINITIONAL_REPRESENTATION('',(#750),#755);
#750 = B_SPLINE_CURVE_WITH_KNOTS('',3,(#751,#752,#753,#754),
  .UNSPECIFIED.,.F.,.F.,(4,4),(0.,5.363957698856),
  .PIECEWISE_BEZIER_KNOTS.);
#751 = CARTESIAN_POINT('',(-131.1617017598,-14.46195822746));
#752 = CARTESIAN_POINT('',(-128.0568968282,-32.07018198967));
#753 = CARTESIAN_POINT('',(-124.6826598363,-49.3667924182));
#754 = CARTESIAN_POINT('',(-120.5865945483,-65.58735093616));
#755 = ( GEOMETRIC_REPRESENTATION_CONTEXT(2) 
PARAMETRIC_REPRESENTATION_CONTEXT() REPRESENTATION_CONTEXT('2D SPACE',''
  ) );
#756 = PCURVE('',#757,#786);
#757 = B_SPLINE_SURFACE_WITH_KNOTS('',3,3,(
    (#758,#759,#760,#761)
    ,(#762,#763,#764,#765)
    ,(#766,#767,#768,#769)
    ,(#770,#771,#772,#773)
    ,(#774,#775,#776,#777)
    ,(#778,#779,#780,#781)
    ,(#782,#783,#784,#785
  )),.UNSPECIFIED.,.F.,.F.,.F.,(4,1,1,1,4),(4,4),(0.,0.142857142857,
    0.428571428571,0.714285714286,1.),(-1.398236815104,-1.299849476456),
  .UNSPECIFIED.);
#758 = CARTESIAN_POINT('',(686.16170175988,109.46195822746,59.));
#759 = CARTESIAN_POINT('',(683.28476831792,125.77785855311,
    56.15625414622));
#760 = CARTESIAN_POINT('',(680.43252638426,141.95372637666,
    52.509226886082));
#761 = CARTESIAN_POINT('',(677.61876089169,157.91138345932,
    48.07654436312));
#762 = CARTESIAN_POINT('',(686.07008778988,109.98152686996,
    62.073691506497));
#763 = CARTESIAN_POINT('',(683.17628617847,126.39339782513,
    59.201695000183));
#764 = CARTESIAN_POINT('',(680.30734437264,142.66337998125,
    55.521869393673));
#765 = CARTESIAN_POINT('',(677.47741289146,158.71300780324,
    51.052116479236));
#766 = CARTESIAN_POINT('',(684.78529317773,111.36238559725,
    71.296112669461));
#767 = CARTESIAN_POINT('',(681.84796718523,128.06343342771,
    68.339340608621));
#768 = CARTESIAN_POINT('',(678.93659981375,144.61719276578,
    64.561062264196));
#769 = CARTESIAN_POINT('',(676.06503277644,160.9439556912,
    59.980075472555));
#770 = CARTESIAN_POINT('',(677.65911976154,112.58847197936,
    85.540082383391));
#771 = CARTESIAN_POINT('',(674.69155862567,129.74423635941,
    82.460569322264));
#772 = CARTESIAN_POINT('',(671.75052120654,146.7446047504,
    78.538327184851));
#773 = CARTESIAN_POINT('',(668.85020938963,163.50868622127,
    73.792910267717));
#774 = CARTESIAN_POINT('',(662.73909654423,112.05403124804,
    97.567891408933));
#775 = CARTESIAN_POINT('',(659.79816033321,129.60940952192,
    94.422497744643));
#776 = CARTESIAN_POINT('',(656.88332233181,147.00629977869,
    90.414694181072));
#777 = CARTESIAN_POINT('',(654.0085177645,164.1616021231,85.564573936601
    ));
#778 = CARTESIAN_POINT('',(650.45262889651,110.43097617825,
    100.6855205409));
#779 = CARTESIAN_POINT('',(647.55435603137,128.10448602166,
    97.569537886549));
#780 = CARTESIAN_POINT('',(644.68118851362,145.62260351075,
    93.584527240457));
#781 = CARTESIAN_POINT('',(641.84707180523,162.90190468294,
    88.749470921404));
#782 = CARTESIAN_POINT('',(644.30737225686,109.37934801158,
    100.86881188118));
#783 = CARTESIAN_POINT('',(641.4304388149,127.06836866166,
    97.785740881297));
#784 = CARTESIAN_POINT('',(638.57819688124,144.6055718961,
    93.831785584415));
#785 = CARTESIAN_POINT('',(635.76443138867,161.90620011938,
    89.026055522393));
#786 = DEFINITIONAL_REPRESENTATION('',(#787),#813);
#787 = B_SPLINE_CURVE_WITH_KNOTS('',3,(#788,#789,#790,#791,#792,#793,
    #794,#795,#796,#797,#798,#799,#800,#801,#802,#803,#804,#805,#806,
    #807,#808,#809,#810,#811,#812),.UNSPECIFIED.,.F.,.F.,(4,1,1,1,1,1,1,
    1,1,1,1,1,1,1,1,1,1,1,1,1,1,1,4),(0.,0.243816259039,0.487632518078,
    0.731448777117,0.975265036156,1.219081295194,1.462897554233,
    1.706713813272,1.950530072311,2.19434633135,2.438162590389,
    2.681978849428,2.925795108467,3.169611367506,3.413427626544,
    3.657243885583,3.901060144622,4.144876403661,4.3886926627,
    4.632508921739,4.876325180778,5.120141439817,5.363957698856),
  .QUASI_UNIFORM_KNOTS.);
#788 = CARTESIAN_POINT('',(0.,-1.398236815104));
#789 = CARTESIAN_POINT('',(2.099339116073E-03,-1.396674064614));
#790 = CARTESIAN_POINT('',(6.353967650882E-03,-1.393553074316));
#791 = CARTESIAN_POINT('',(1.290247520238E-02,-1.388885990885));
#792 = CARTESIAN_POINT('',(1.961626302946E-02,-1.384234182646));
#793 = CARTESIAN_POINT('',(2.649404076092E-02,-1.37959851153));
#794 = CARTESIAN_POINT('',(3.353451867416E-02,-1.374979831774));
#795 = CARTESIAN_POINT('',(4.073641045202E-02,-1.370378988677));
#796 = CARTESIAN_POINT('',(4.809843694323E-02,-1.365796818646));
#797 = CARTESIAN_POINT('',(5.561932963126E-02,-1.361234148916));
#798 = CARTESIAN_POINT('',(6.32978341457E-02,-1.356691797375));
#799 = CARTESIAN_POINT('',(7.113271371136E-02,-1.352170572374));
#800 = CARTESIAN_POINT('',(7.912275254607E-02,-1.347671272563));
#801 = CARTESIAN_POINT('',(8.726675918479E-02,-1.343194686735));
#802 = CARTESIAN_POINT('',(9.556356971587E-02,-1.338741593691));
#803 = CARTESIAN_POINT('',(0.104012050907,-1.334312762116));
#804 = CARTESIAN_POINT('',(0.112611103215,-1.329908950471));
#805 = CARTESIAN_POINT('',(0.121359663604,-1.325530906908));
#806 = CARTESIAN_POINT('',(0.130256708342,-1.321179369195));
#807 = CARTESIAN_POINT('',(0.139301255057,-1.316855064645));
#808 = CARTESIAN_POINT('',(0.148492366552,-1.312558710162));
#809 = CARTESIAN_POINT('',(0.157829140233,-1.308291011886));
#810 = CARTESIAN_POINT('',(0.167310746938,-1.304052666495));
#811 = CARTESIAN_POINT('',(0.173727914389,-1.301247126304));
#812 = CARTESIAN_POINT('',(0.176960400739,-1.299849476451));
#813 = ( GEOMETRIC_REPRESENTATION_CONTEXT(2) 
PARAMETRIC_REPRESENTATION_CONTEXT() REPRESENTATION_CONTEXT('2D SPACE',''
  ) );
#814 = ORIENTED_EDGE('',*,*,#815,.T.);
#815 = EDGE_CURVE('',#740,#816,#818,.T.);
#816 = VERTEX_POINT('',#817);
#817 = CARTESIAN_POINT('',(670.46076818481,179.42078444967,59.));
#818 = SURFACE_CURVE('',#819,(#824,#831),.PCURVE_S1.);
#819 = ELLIPSE('',#820,161.06850715574,42.5);
#820 = AXIS2_PLACEMENT_3D('',#821,#822,#823);
#821 = CARTESIAN_POINT('',(642.69839121354,111.20689561571,59.));
#822 = DIRECTION('',(0.,0.,1.));
#823 = DIRECTION('',(-0.173648177667,0.984807753012,0.));
#824 = PCURVE('',#44,#825);
#825 = DEFINITIONAL_REPRESENTATION('',(#826),#830);
#826 = ELLIPSE('',#827,161.06850715574,42.5);
#827 = AXIS2_PLACEMENT_2D('',#828,#829);
#828 = CARTESIAN_POINT('',(-87.69839121354,-16.20689561571));
#829 = DIRECTION('',(0.173648177667,-0.984807753012));
#830 = ( GEOMETRIC_REPRESENTATION_CONTEXT(2) 
PARAMETRIC_REPRESENTATION_CONTEXT() REPRESENTATION_CONTEXT('2D SPACE',''
  ) );
#831 = PCURVE('',#832,#837);
#832 = CYLINDRICAL_SURFACE('',#833,42.5);
#833 = AXIS2_PLACEMENT_3D('',#834,#835,#836);
#834 = CARTESIAN_POINT('',(653.17933620223,51.766502848968,
    75.511220212984));
#835 = DIRECTION('',(-0.167494121134,0.949906364079,-0.263862878911));
#836 = DIRECTION('',(0.680725237248,0.305032762684,0.666009132868));
#837 = DEFINITIONAL_REPRESENTATION('',(#838),#864);
#838 = B_SPLINE_CURVE_WITH_KNOTS('',3,(#839,#840,#841,#842,#843,#844,
    #845,#846,#847,#848,#849,#850,#851,#852,#853,#854,#855,#856,#857,
    #858,#859,#860,#861,#862,#863),.UNSPECIFIED.,.F.,.F.,(4,1,1,1,1,1,1,
    1,1,1,1,1,1,1,1,1,1,1,1,1,1,1,4),(4.982113562267,4.987922983473,
    4.993732404679,4.999541825885,5.005351247091,5.011160668297,
    5.016970089503,5.022779510709,5.028588931915,5.034398353121,
    5.040207774327,5.046017195533,5.051826616739,5.057636037944,
    5.06344545915,5.069254880356,5.075064301562,5.080873722768,
    5.086683143974,5.09249256518,5.098301986386,5.104111407592,
    5.109920828798),.QUASI_UNIFORM_KNOTS.);
#839 = CARTESIAN_POINT('',(6.775612580266,103.97323019857));
#840 = CARTESIAN_POINT('',(6.773676106531,104.26320381327));
#841 = CARTESIAN_POINT('',(6.76980315906,104.84268530596));
#842 = CARTESIAN_POINT('',(6.763993737854,105.71048105235));
#843 = CARTESIAN_POINT('',(6.758184316648,106.57682100439));
#844 = CARTESIAN_POINT('',(6.752374895442,107.44167592754));
#845 = CARTESIAN_POINT('',(6.746565474236,108.30501663254));
#846 = CARTESIAN_POINT('',(6.74075605303,109.16681398254));
#847 = CARTESIAN_POINT('',(6.734946631824,110.02703889243));
#848 = CARTESIAN_POINT('',(6.729137210619,110.88566233026));
#849 = CARTESIAN_POINT('',(6.723327789413,111.7426553181));
#850 = CARTESIAN_POINT('',(6.717518368207,112.59798893306));
#851 = CARTESIAN_POINT('',(6.711708947001,113.45163430823));
#852 = CARTESIAN_POINT('',(6.705899525795,114.30356263371));
#853 = CARTESIAN_POINT('',(6.700090104589,115.15374515753));
#854 = CARTESIAN_POINT('',(6.694280683383,116.00215318663));
#855 = CARTESIAN_POINT('',(6.688471262177,116.84875808787));
#856 = CARTESIAN_POINT('',(6.682661840971,117.69353128893));
#857 = CARTESIAN_POINT('',(6.676852419765,118.5364442793));
#858 = CARTESIAN_POINT('',(6.671042998559,119.37746861139));
#859 = CARTESIAN_POINT('',(6.665233577353,120.21657590084));
#860 = CARTESIAN_POINT('',(6.659424156147,121.05373782981));
#861 = CARTESIAN_POINT('',(6.653614734941,121.88892613937));
#862 = CARTESIAN_POINT('',(6.649741787471,122.44438382136));
#863 = CARTESIAN_POINT('',(6.647805313735,122.72177433235));
#864 = ( GEOMETRIC_REPRESENTATION_CONTEXT(2) 
PARAMETRIC_REPRESENTATION_CONTEXT() REPRESENTATION_CONTEXT('2D SPACE',''
  ) );
#865 = ORIENTED_EDGE('',*,*,#866,.T.);
#866 = EDGE_CURVE('',#816,#24,#867,.T.);
#867 = SURFACE_CURVE('',#868,(#875,#885),.PCURVE_S1.);
#868 = B_SPLINE_CURVE_WITH_KNOTS('',3,(#869,#870,#871,#872,#873,#874),
  .UNSPECIFIED.,.F.,.F.,(4,2,4),(0.,5.026036366597E-02,0.100606925842),
  .UNSPECIFIED.);
#869 = CARTESIAN_POINT('',(670.46076818481,179.42078444967,59.));
#870 = CARTESIAN_POINT('',(670.32391875435,179.51742842173,59.));
#871 = CARTESIAN_POINT('',(670.186995612,179.61398285682,59.));
#872 = CARTESIAN_POINT('',(669.91279178602,179.80705341891,59.));
#873 = CARTESIAN_POINT('',(669.77549676731,179.90357914159,59.));
#874 = CARTESIAN_POINT('',(669.63813874616,180.,59.));
#875 = PCURVE('',#44,#876);
#876 = DEFINITIONAL_REPRESENTATION('',(#877),#884);
#877 = B_SPLINE_CURVE_WITH_KNOTS('',3,(#878,#879,#880,#881,#882,#883),
  .UNSPECIFIED.,.F.,.F.,(4,2,4),(0.,5.026036366597E-02,0.100606925842),
  .UNSPECIFIED.);
#878 = CARTESIAN_POINT('',(-115.4607681848,-84.42078444967));
#879 = CARTESIAN_POINT('',(-115.3239187543,-84.51742842173));
#880 = CARTESIAN_POINT('',(-115.186995612,-84.61398285682));
#881 = CARTESIAN_POINT('',(-114.912791786,-84.80705341891));
#882 = CARTESIAN_POINT('',(-114.7754967673,-84.90357914159));
#883 = CARTESIAN_POINT('',(-114.6381387461,-85.));
#884 = ( GEOMETRIC_REPRESENTATION_CONTEXT(2) 
PARAMETRIC_REPRESENTATION_CONTEXT() REPRESENTATION_CONTEXT('2D SPACE',''
  ) );
#885 = PCURVE('',#174,#886);
#886 = DEFINITIONAL_REPRESENTATION('',(#887),#890);
#887 = B_SPLINE_CURVE_WITH_KNOTS('',1,(#888,#889),.UNSPECIFIED.,.F.,.F.,
  (2,2),(0.,0.100606925842),.PIECEWISE_BEZIER_KNOTS.);
#888 = CARTESIAN_POINT('',(5.170665160167E-14,-0.58165365748));
#889 = CARTESIAN_POINT('',(0.999978354237,-0.574133105743));
#890 = ( GEOMETRIC_REPRESENTATION_CONTEXT(2) 
PARAMETRIC_REPRESENTATION_CONTEXT() REPRESENTATION_CONTEXT('2D SPACE',''
  ) );
#891 = FACE_BOUND('',#892,.F.);
#892 = EDGE_LOOP('',(#893));
#893 = ORIENTED_EDGE('',*,*,#894,.T.);
#894 = EDGE_CURVE('',#895,#895,#897,.T.);
#895 = VERTEX_POINT('',#896);
#896 = CARTESIAN_POINT('',(667.94076027556,138.,59.));
#897 = SURFACE_CURVE('',#898,(#903,#914),.PCURVE_S1.);
#898 = CIRCLE('',#899,2.65);
#899 = AXIS2_PLACEMENT_3D('',#900,#901,#902);
#900 = CARTESIAN_POINT('',(665.29076027556,138.,59.));
#901 = DIRECTION('',(0.,0.,-1.));
#902 = DIRECTION('',(-1.,0.,0.));
#903 = PCURVE('',#44,#904);
#904 = DEFINITIONAL_REPRESENTATION('',(#905),#913);
#905 = ( BOUNDED_CURVE() B_SPLINE_CURVE(2,(#906,#907,#908,#909,#910,#911
,#912),.UNSPECIFIED.,.T.,.F.) B_SPLINE_CURVE_WITH_KNOTS((1,2,2,2,2,1),(
    -2.094395102393,0.,2.094395102393,4.188790204786,6.28318530718,
8.377580409573),.UNSPECIFIED.) CURVE() GEOMETRIC_REPRESENTATION_ITEM() 
RATIONAL_B_SPLINE_CURVE((1.,0.5,1.,0.5,1.,0.5,1.)) REPRESENTATION_ITEM(
  '') );
#906 = CARTESIAN_POINT('',(-107.6407602755,-43.));
#907 = CARTESIAN_POINT('',(-107.6407602755,-47.58993464005));
#908 = CARTESIAN_POINT('',(-111.6157602755,-45.29496732002));
#909 = CARTESIAN_POINT('',(-115.5907602755,-43.));
#910 = CARTESIAN_POINT('',(-111.6157602755,-40.70503267997));
#911 = CARTESIAN_POINT('',(-107.6407602755,-38.41006535994));
#912 = CARTESIAN_POINT('',(-107.6407602755,-43.));
#913 = ( GEOMETRIC_REPRESENTATION_CONTEXT(2) 
PARAMETRIC_REPRESENTATION_CONTEXT() REPRESENTATION_CONTEXT('2D SPACE',''
  ) );
#914 = PCURVE('',#915,#920);
#915 = CYLINDRICAL_SURFACE('',#916,2.65);
#916 = AXIS2_PLACEMENT_3D('',#917,#918,#919);
#917 = CARTESIAN_POINT('',(665.29076027556,138.,58.9));
#918 = DIRECTION('',(0.,0.,1.));
#919 = DIRECTION('',(-1.,0.,0.));
#920 = DEFINITIONAL_REPRESENTATION('',(#921),#925);
#921 = LINE('',#922,#923);
#922 = CARTESIAN_POINT('',(6.28318530718,0.1));
#923 = VECTOR('',#924,1.);
#924 = DIRECTION('',(-1.,0.));
#925 = ( GEOMETRIC_REPRESENTATION_CONTEXT(2) 
PARAMETRIC_REPRESENTATION_CONTEXT() REPRESENTATION_CONTEXT('2D SPACE',''
  ) );
#926 = FACE_BOUND('',#927,.F.);
#927 = EDGE_LOOP('',(#928));
#928 = ORIENTED_EDGE('',*,*,#929,.T.);
#929 = EDGE_CURVE('',#930,#930,#932,.T.);
#930 = VERTEX_POINT('',#931);
#931 = CARTESIAN_POINT('',(679.2,-1.588026523781E-13,59.));
#932 = SURFACE_CURVE('',#933,(#938,#949),.PCURVE_S1.);
#933 = CIRCLE('',#934,4.2);
#934 = AXIS2_PLACEMENT_3D('',#935,#936,#937);
#935 = CARTESIAN_POINT('',(675.,-1.593170040337E-13,59.));
#936 = DIRECTION('',(0.,0.,-1.));
#937 = DIRECTION('',(-1.,0.,0.));
#938 = PCURVE('',#44,#939);
#939 = DEFINITIONAL_REPRESENTATION('',(#940),#948);
#940 = ( BOUNDED_CURVE() B_SPLINE_CURVE(2,(#941,#942,#943,#944,#945,#946
,#947),.UNSPECIFIED.,.T.,.F.) B_SPLINE_CURVE_WITH_KNOTS((1,2,2,2,2,1),(
    -2.094395102393,0.,2.094395102393,4.188790204786,6.28318530718,
8.377580409573),.UNSPECIFIED.) CURVE() GEOMETRIC_REPRESENTATION_ITEM() 
RATIONAL_B_SPLINE_CURVE((1.,0.5,1.,0.5,1.,0.5,1.)) REPRESENTATION_ITEM(
  '') );
#941 = CARTESIAN_POINT('',(-115.8,95.));
#942 = CARTESIAN_POINT('',(-115.8,87.725386608211));
#943 = CARTESIAN_POINT('',(-122.1,91.362693304105));
#944 = CARTESIAN_POINT('',(-128.4,95.));
#945 = CARTESIAN_POINT('',(-122.1,98.637306695895));
#946 = CARTESIAN_POINT('',(-115.8,102.27461339178));
#947 = CARTESIAN_POINT('',(-115.8,95.));
#948 = ( GEOMETRIC_REPRESENTATION_CONTEXT(2) 
PARAMETRIC_REPRESENTATION_CONTEXT() REPRESENTATION_CONTEXT('2D SPACE',''
  ) );
#949 = PCURVE('',#950,#955);
#950 = CYLINDRICAL_SURFACE('',#951,4.2);
#951 = AXIS2_PLACEMENT_3D('',#952,#953,#954);
#952 = CARTESIAN_POINT('',(675.,-1.593170040337E-13,59.));
#953 = DIRECTION('',(0.,0.,1.));
#954 = DIRECTION('',(-1.,0.,0.));
#955 = DEFINITIONAL_REPRESENTATION('',(#956),#960);
#956 = LINE('',#957,#958);
#957 = CARTESIAN_POINT('',(12.566370614359,0.));
#958 = VECTOR('',#959,1.);
#959 = DIRECTION('',(-1.,0.));
#960 = ( GEOMETRIC_REPRESENTATION_CONTEXT(2) 
PARAMETRIC_REPRESENTATION_CONTEXT() REPRESENTATION_CONTEXT('2D SPACE',''
  ) );
#961 = ADVANCED_FACE('',(#962),#174,.T.);
#962 = FACE_BOUND('',#963,.T.);
#963 = EDGE_LOOP('',(#964,#965,#966,#987));
#964 = ORIENTED_EDGE('',*,*,#866,.T.);
#965 = ORIENTED_EDGE('',*,*,#154,.T.);
#966 = ORIENTED_EDGE('',*,*,#967,.T.);
#967 = EDGE_CURVE('',#113,#968,#970,.T.);
#968 = VERTEX_POINT('',#969);
#969 = CARTESIAN_POINT('',(632.67593720177,179.42192094847,
    84.160577514312));
#970 = SURFACE_CURVE('',#971,(#975,#981),.PCURVE_S1.);
#971 = LINE('',#972,#973);
#972 = CARTESIAN_POINT('',(632.67410349221,180.,83.399879361646));
#973 = VECTOR('',#974,1.);
#974 = DIRECTION('',(1.919256927332E-03,-0.605047955547,0.796186716758)
  );
#975 = PCURVE('',#174,#976);
#976 = DEFINITIONAL_REPRESENTATION('',(#977),#980);
#977 = B_SPLINE_CURVE_WITH_KNOTS('',1,(#978,#979),.UNSPECIFIED.,.F.,.F.,
  (2,2),(0.,0.955426832243),.PIECEWISE_BEZIER_KNOTS.);
#978 = CARTESIAN_POINT('',(1.,0.5402513046));
#979 = CARTESIAN_POINT('',(2.489781967859E-09,0.5402513046));
#980 = ( GEOMETRIC_REPRESENTATION_CONTEXT(2) 
PARAMETRIC_REPRESENTATION_CONTEXT() REPRESENTATION_CONTEXT('2D SPACE',''
  ) );
#981 = PCURVE('',#130,#982);
#982 = DEFINITIONAL_REPRESENTATION('',(#983),#986);
#983 = B_SPLINE_CURVE_WITH_KNOTS('',1,(#984,#985),.UNSPECIFIED.,.F.,.F.,
  (2,2),(0.,0.955426832243),.PIECEWISE_BEZIER_KNOTS.);
#984 = CARTESIAN_POINT('',(1.,0.5402513046));
#985 = CARTESIAN_POINT('',(2.489783741986E-09,0.5402513046));
#986 = ( GEOMETRIC_REPRESENTATION_CONTEXT(2) 
PARAMETRIC_REPRESENTATION_CONTEXT() REPRESENTATION_CONTEXT('2D SPACE',''
  ) );
#987 = ORIENTED_EDGE('',*,*,#988,.T.);
#988 = EDGE_CURVE('',#968,#816,#989,.T.);
#989 = SURFACE_CURVE('',#990,(#997,#1004),.PCURVE_S1.);
#990 = B_SPLINE_CURVE_WITH_KNOTS('',3,(#991,#992,#993,#994,#995,#996),
  .UNSPECIFIED.,.F.,.F.,(4,1,1,4),(-0.5402513046,-0.21970702972,
    0.10083724516,0.58165365748),.UNSPECIFIED.);
#991 = CARTESIAN_POINT('',(632.67593720178,179.42192094559,
    84.160577515112));
#992 = CARTESIAN_POINT('',(637.29913136815,179.4247969175,
    84.159778636075));
#993 = CARTESIAN_POINT('',(646.47470850104,179.42955145145,
    82.618823415439));
#994 = CARTESIAN_POINT('',(660.66026847919,179.43104135298,
    74.828143200485));
#995 = CARTESIAN_POINT('',(667.77233842442,179.42526422523,
    65.40631504516));
#996 = CARTESIAN_POINT('',(670.46076818481,179.42078444967,59.));
#997 = PCURVE('',#174,#998);
#998 = DEFINITIONAL_REPRESENTATION('',(#999),#1003);
#999 = LINE('',#1000,#1001);
#1000 = CARTESIAN_POINT('',(1.83998242859E-14,3.663735981263E-15));
#1001 = VECTOR('',#1002,1.);
#1002 = DIRECTION('',(5.726230186543E-14,-1.));
#1003 = ( GEOMETRIC_REPRESENTATION_CONTEXT(2) 
PARAMETRIC_REPRESENTATION_CONTEXT() REPRESENTATION_CONTEXT('2D SPACE',''
  ) );
#1004 = PCURVE('',#832,#1005);
#1005 = DEFINITIONAL_REPRESENTATION('',(#1006),#1032);
#1006 = B_SPLINE_CURVE_WITH_KNOTS('',3,(#1007,#1008,#1009,#1010,#1011,
    #1012,#1013,#1014,#1015,#1016,#1017,#1018,#1019,#1020,#1021,#1022,
    #1023,#1024,#1025,#1026,#1027,#1028,#1029,#1030,#1031),
  .UNSPECIFIED.,.F.,.F.,(4,1,1,1,1,1,1,1,1,1,1,1,1,1,1,1,1,1,1,1,1,1,4),
  (-0.5402513046,-0.489255624506,-0.438259944411,-0.387264264317,
    -0.336268584222,-0.285272904128,-0.234277224033,-0.183281543938,
    -0.132285863844,-8.129018374921E-02,-3.029450365463E-02,
    2.070117643996E-02,7.169685653454E-02,0.122692536629,0.173688216724,
    0.224683896818,0.275679576913,0.326675257007,0.377670937102,
    0.428666617197,0.479662297291,0.530657977386,0.58165365748),
  .UNSPECIFIED.);
#1007 = CARTESIAN_POINT('',(5.521033451777,122.41264853656));
#1008 = CARTESIAN_POINT('',(5.538096659668,122.28992339983));
#1009 = CARTESIAN_POINT('',(5.572223510757,122.05502970799));
#1010 = CARTESIAN_POINT('',(5.623417129742,121.73501909463));
#1011 = CARTESIAN_POINT('',(5.674617026973,121.4479989397));
#1012 = CARTESIAN_POINT('',(5.725822990207,121.19462853642));
#1013 = CARTESIAN_POINT('',(5.777034574478,120.97557178677));
#1014 = CARTESIAN_POINT('',(5.828251771372,120.79147539847));
#1015 = CARTESIAN_POINT('',(5.879477748677,120.64305024751));
#1016 = CARTESIAN_POINT('',(5.93071317283,120.53058757564));
#1017 = CARTESIAN_POINT('',(5.981954089959,120.45422314573));
#1018 = CARTESIAN_POINT('',(6.03319564737,120.41412972358));
#1019 = CARTESIAN_POINT('',(6.084433001252,120.4104760121));
#1020 = CARTESIAN_POINT('',(6.135663123046,120.44340996287));
#1021 = CARTESIAN_POINT('',(6.186885708669,120.51316659563));
#1022 = CARTESIAN_POINT('',(6.23810688884,120.61959304473));
#1023 = CARTESIAN_POINT('',(6.289331562606,120.76200666552));
#1024 = CARTESIAN_POINT('',(6.340559452745,120.93982842759));
#1025 = CARTESIAN_POINT('',(6.391787607473,121.15245153719));
#1026 = CARTESIAN_POINT('',(6.443011545898,121.39927663971));
#1027 = CARTESIAN_POINT('',(6.494226741495,121.67970238725));
#1028 = CARTESIAN_POINT('',(6.545430232259,121.99312796602));
#1029 = CARTESIAN_POINT('',(6.596621387378,122.33895241905));
#1030 = CARTESIAN_POINT('',(6.630744329993,122.59070069165));
#1031 = CARTESIAN_POINT('',(6.647805313735,122.72177433235));
#1032 = ( GEOMETRIC_REPRESENTATION_CONTEXT(2) 
PARAMETRIC_REPRESENTATION_CONTEXT() REPRESENTATION_CONTEXT('2D SPACE',''
  ) );
#1033 = ADVANCED_FACE('',(#1034),#130,.T.);
#1034 = FACE_BOUND('',#1035,.T.);
#1035 = EDGE_LOOP('',(#1036,#1058,#1086,#1087));
#1036 = ORIENTED_EDGE('',*,*,#1037,.F.);
#1037 = EDGE_CURVE('',#1038,#85,#1040,.T.);
#1038 = VERTEX_POINT('',#1039);
#1039 = CARTESIAN_POINT('',(632.57400628618,179.42188925422,
    84.160586318272));
#1040 = SURFACE_CURVE('',#1041,(#1045,#1051),.PCURVE_S1.);
#1041 = LINE('',#1042,#1043);
#1042 = CARTESIAN_POINT('',(632.57400628618,179.42188925422,
    84.160586318272));
#1043 = VECTOR('',#1044,1.);
#1044 = DIRECTION('',(0.,0.605126489345,-0.796129343696));
#1045 = PCURVE('',#130,#1046);
#1046 = DEFINITIONAL_REPRESENTATION('',(#1047),#1050);
#1047 = B_SPLINE_CURVE_WITH_KNOTS('',1,(#1048,#1049),.UNSPECIFIED.,.F.,
  .F.,(2,2),(0.,0.955355212435),.PIECEWISE_BEZIER_KNOTS.);
#1048 = CARTESIAN_POINT('',(8.632903075593E-14,0.542606942705));
#1049 = CARTESIAN_POINT('',(1.,0.542606942705));
#1050 = ( GEOMETRIC_REPRESENTATION_CONTEXT(2) 
PARAMETRIC_REPRESENTATION_CONTEXT() REPRESENTATION_CONTEXT('2D SPACE',''
  ) );
#1051 = PCURVE('',#100,#1052);
#1052 = DEFINITIONAL_REPRESENTATION('',(#1053),#1057);
#1053 = LINE('',#1054,#1055);
#1054 = CARTESIAN_POINT('',(-34.92599371381,-0.477677606217));
#1055 = VECTOR('',#1056,1.);
#1056 = DIRECTION('',(0.,1.));
#1057 = ( GEOMETRIC_REPRESENTATION_CONTEXT(2) 
PARAMETRIC_REPRESENTATION_CONTEXT() REPRESENTATION_CONTEXT('2D SPACE',''
  ) );
#1058 = ORIENTED_EDGE('',*,*,#1059,.T.);
#1059 = EDGE_CURVE('',#1038,#968,#1060,.T.);
#1060 = SURFACE_CURVE('',#1061,(#1066,#1073),.PCURVE_S1.);
#1061 = B_SPLINE_CURVE_WITH_KNOTS('',3,(#1062,#1063,#1064,#1065),
  .UNSPECIFIED.,.F.,.F.,(4,4),(-0.542606942705,-0.5402513046),
  .PIECEWISE_BEZIER_KNOTS.);
#1062 = CARTESIAN_POINT('',(632.57400628618,179.42188925422,
    84.160586318272));
#1063 = CARTESIAN_POINT('',(632.60798503865,179.42188925422,
    84.160586318272));
#1064 = CARTESIAN_POINT('',(632.64196195031,179.42189981045,
    84.160583385984));
#1065 = CARTESIAN_POINT('',(632.67593720178,179.42192094559,
    84.160577515112));
#1066 = PCURVE('',#130,#1067);
#1067 = DEFINITIONAL_REPRESENTATION('',(#1068),#1072);
#1068 = LINE('',#1069,#1070);
#1069 = CARTESIAN_POINT('',(4.506883212124E-12,-1.110223024625E-15));
#1070 = VECTOR('',#1071,1.);
#1071 = DIRECTION('',(8.300536229326E-12,-1.));
#1072 = ( GEOMETRIC_REPRESENTATION_CONTEXT(2) 
PARAMETRIC_REPRESENTATION_CONTEXT() REPRESENTATION_CONTEXT('2D SPACE',''
  ) );
#1073 = PCURVE('',#1074,#1079);
#1074 = PLANE('',#1075);
#1075 = AXIS2_PLACEMENT_3D('',#1076,#1077,#1078);
#1076 = CARTESIAN_POINT('',(630.,135.,96.5));
#1077 = DIRECTION('',(0.,0.267643863786,0.96351790963));
#1078 = DIRECTION('',(1.,0.,0.));
#1079 = DEFINITIONAL_REPRESENTATION('',(#1080),#1085);
#1080 = B_SPLINE_CURVE_WITH_KNOTS('',3,(#1081,#1082,#1083,#1084),
  .UNSPECIFIED.,.F.,.F.,(4,4),(-0.542606942705,-0.5402513046),
  .PIECEWISE_BEZIER_KNOTS.);
#1081 = CARTESIAN_POINT('',(2.574006286183,46.103854230673));
#1082 = CARTESIAN_POINT('',(2.607985038655,46.103854230673));
#1083 = CARTESIAN_POINT('',(2.641961950317,46.103865186605));
#1084 = CARTESIAN_POINT('',(2.675937201781,46.103887121992));
#1085 = ( GEOMETRIC_REPRESENTATION_CONTEXT(2) 
PARAMETRIC_REPRESENTATION_CONTEXT() REPRESENTATION_CONTEXT('2D SPACE',''
  ) );
#1086 = ORIENTED_EDGE('',*,*,#967,.F.);
#1087 = ORIENTED_EDGE('',*,*,#112,.T.);
#1088 = ADVANCED_FACE('',(#1089),#100,.T.);
#1089 = FACE_BOUND('',#1090,.T.);
#1090 = EDGE_LOOP('',(#1091,#1092,#1115,#1136));
#1091 = ORIENTED_EDGE('',*,*,#84,.T.);
#1092 = ORIENTED_EDGE('',*,*,#1093,.F.);
#1093 = EDGE_CURVE('',#1094,#57,#1096,.T.);
#1094 = VERTEX_POINT('',#1095);
#1095 = CARTESIAN_POINT('',(630.93557200378,179.42188925422,
    84.160586318272));
#1096 = SURFACE_CURVE('',#1097,(#1101,#1108),.PCURVE_S1.);
#1097 = LINE('',#1098,#1099);
#1098 = CARTESIAN_POINT('',(630.93557200376,188.00431337539,
    72.869195504595));
#1099 = VECTOR('',#1100,1.);
#1100 = DIRECTION('',(-8.90558055917E-13,0.605126489345,-0.796129343696)
  );
#1101 = PCURVE('',#100,#1102);
#1102 = DEFINITIONAL_REPRESENTATION('',(#1103),#1107);
#1103 = LINE('',#1104,#1105);
#1104 = CARTESIAN_POINT('',(-36.56442799623,13.705182130196));
#1105 = VECTOR('',#1106,1.);
#1106 = DIRECTION('',(-8.90558055917E-13,1.));
#1107 = ( GEOMETRIC_REPRESENTATION_CONTEXT(2) 
PARAMETRIC_REPRESENTATION_CONTEXT() REPRESENTATION_CONTEXT('2D SPACE',''
  ) );
#1108 = PCURVE('',#72,#1109);
#1109 = DEFINITIONAL_REPRESENTATION('',(#1110),#1114);
#1110 = LINE('',#1111,#1112);
#1111 = CARTESIAN_POINT('',(4.401573328006,-13.86919550459));
#1112 = VECTOR('',#1113,1.);
#1113 = DIRECTION('',(-0.605126489345,0.796129343696));
#1114 = ( GEOMETRIC_REPRESENTATION_CONTEXT(2) 
PARAMETRIC_REPRESENTATION_CONTEXT() REPRESENTATION_CONTEXT('2D SPACE',''
  ) );
#1115 = ORIENTED_EDGE('',*,*,#1116,.T.);
#1116 = EDGE_CURVE('',#1094,#1038,#1117,.T.);
#1117 = SURFACE_CURVE('',#1118,(#1122,#1129),.PCURVE_S1.);
#1118 = LINE('',#1119,#1120);
#1119 = CARTESIAN_POINT('',(667.5,179.42188925422,84.160586318272));
#1120 = VECTOR('',#1121,1.);
#1121 = DIRECTION('',(1.,0.,0.));
#1122 = PCURVE('',#100,#1123);
#1123 = DEFINITIONAL_REPRESENTATION('',(#1124),#1128);
#1124 = LINE('',#1125,#1126);
#1125 = CARTESIAN_POINT('',(0.,-0.477677606217));
#1126 = VECTOR('',#1127,1.);
#1127 = DIRECTION('',(1.,0.));
#1128 = ( GEOMETRIC_REPRESENTATION_CONTEXT(2) 
PARAMETRIC_REPRESENTATION_CONTEXT() REPRESENTATION_CONTEXT('2D SPACE',''
  ) );
#1129 = PCURVE('',#1074,#1130);
#1130 = DEFINITIONAL_REPRESENTATION('',(#1131),#1135);
#1131 = LINE('',#1132,#1133);
#1132 = CARTESIAN_POINT('',(37.5,46.103854230673));
#1133 = VECTOR('',#1134,1.);
#1134 = DIRECTION('',(1.,0.));
#1135 = ( GEOMETRIC_REPRESENTATION_CONTEXT(2) 
PARAMETRIC_REPRESENTATION_CONTEXT() REPRESENTATION_CONTEXT('2D SPACE',''
  ) );
#1136 = ORIENTED_EDGE('',*,*,#1037,.T.);
#1137 = ADVANCED_FACE('',(#1138),#72,.F.);
#1138 = FACE_BOUND('',#1139,.F.);
#1139 = EDGE_LOOP('',(#1140,#1141,#1142,#1143,#1166,#1195));
#1140 = ORIENTED_EDGE('',*,*,#245,.F.);
#1141 = ORIENTED_EDGE('',*,*,#56,.F.);
#1142 = ORIENTED_EDGE('',*,*,#1093,.F.);
#1143 = ORIENTED_EDGE('',*,*,#1144,.F.);
#1144 = EDGE_CURVE('',#1145,#1094,#1147,.T.);
#1145 = VERTEX_POINT('',#1146);
#1146 = CARTESIAN_POINT('',(630.9355720038,161.90620011938,
    89.026055522392));
#1147 = SURFACE_CURVE('',#1148,(#1152,#1159),.PCURVE_S1.);
#1148 = LINE('',#1149,#1150);
#1149 = CARTESIAN_POINT('',(630.9355720038,166.48210213739,
    87.754971628502));
#1150 = VECTOR('',#1151,1.);
#1151 = DIRECTION('',(-1.41799880116E-12,0.96351790963,-0.267643863786)
  );
#1152 = PCURVE('',#72,#1153);
#1153 = DEFINITIONAL_REPRESENTATION('',(#1154),#1158);
#1154 = LINE('',#1155,#1156);
#1155 = CARTESIAN_POINT('',(25.923784566002,-28.7549716285));
#1156 = VECTOR('',#1157,1.);
#1157 = DIRECTION('',(-0.96351790963,0.267643863786));
#1158 = ( GEOMETRIC_REPRESENTATION_CONTEXT(2) 
PARAMETRIC_REPRESENTATION_CONTEXT() REPRESENTATION_CONTEXT('2D SPACE',''
  ) );
#1159 = PCURVE('',#1074,#1160);
#1160 = DEFINITIONAL_REPRESENTATION('',(#1161),#1165);
#1161 = LINE('',#1162,#1163);
#1162 = CARTESIAN_POINT('',(0.9355720038,32.674122424444));
#1163 = VECTOR('',#1164,1.);
#1164 = DIRECTION('',(-1.41799880116E-12,1.));
#1165 = ( GEOMETRIC_REPRESENTATION_CONTEXT(2) 
PARAMETRIC_REPRESENTATION_CONTEXT() REPRESENTATION_CONTEXT('2D SPACE',''
  ) );
#1166 = ORIENTED_EDGE('',*,*,#1167,.T.);
#1167 = EDGE_CURVE('',#1145,#1168,#1170,.T.);
#1168 = VERTEX_POINT('',#1169);
#1169 = CARTESIAN_POINT('',(630.93557200381,159.72946578324,
    89.625872005604));
#1170 = SURFACE_CURVE('',#1171,(#1176,#1183),.PCURVE_S1.);
#1171 = CIRCLE('',#1172,547.5);
#1172 = AXIS2_PLACEMENT_3D('',#1173,#1174,#1175);
#1173 = CARTESIAN_POINT('',(630.93557200402,15.3711846965,-438.5));
#1174 = DIRECTION('',(1.,0.,-0.));
#1175 = DIRECTION('',(0.,0.135059413537,0.99083750172));
#1176 = PCURVE('',#72,#1177);
#1177 = DEFINITIONAL_REPRESENTATION('',(#1178),#1182);
#1178 = CIRCLE('',#1179,547.5);
#1179 = AXIS2_PLACEMENT_2D('',#1180,#1181);
#1180 = CARTESIAN_POINT('',(177.03470200689,497.5));
#1181 = DIRECTION('',(-0.135059413537,-0.99083750172));
#1182 = ( GEOMETRIC_REPRESENTATION_CONTEXT(2) 
PARAMETRIC_REPRESENTATION_CONTEXT() REPRESENTATION_CONTEXT('2D SPACE',''
  ) );
#1183 = PCURVE('',#1184,#1189);
#1184 = CYLINDRICAL_SURFACE('',#1185,547.5);
#1185 = AXIS2_PLACEMENT_3D('',#1186,#1187,#1188);
#1186 = CARTESIAN_POINT('',(592.5,15.3711846965,-438.5));
#1187 = DIRECTION('',(1.,0.,0.));
#1188 = DIRECTION('',(0.,0.135059413537,0.99083750172));
#1189 = DEFINITIONAL_REPRESENTATION('',(#1190),#1194);
#1190 = LINE('',#1191,#1192);
#1191 = CARTESIAN_POINT('',(-6.28318530718,38.435572004022));
#1192 = VECTOR('',#1193,1.);
#1193 = DIRECTION('',(1.,0.));
#1194 = ( GEOMETRIC_REPRESENTATION_CONTEXT(2) 
PARAMETRIC_REPRESENTATION_CONTEXT() REPRESENTATION_CONTEXT('2D SPACE',''
  ) );
#1195 = ORIENTED_EDGE('',*,*,#1196,.F.);
#1196 = EDGE_CURVE('',#246,#1168,#1197,.T.);
#1197 = SURFACE_CURVE('',#1198,(#1202,#1209),.PCURVE_S1.);
#1198 = LINE('',#1199,#1200);
#1199 = CARTESIAN_POINT('',(630.93557200381,159.72946578324,59.));
#1200 = VECTOR('',#1201,1.);
#1201 = DIRECTION('',(0.,0.,1.));
#1202 = PCURVE('',#72,#1203);
#1203 = DEFINITIONAL_REPRESENTATION('',(#1204),#1208);
#1204 = LINE('',#1205,#1206);
#1205 = CARTESIAN_POINT('',(32.676420920148,0.));
#1206 = VECTOR('',#1207,1.);
#1207 = DIRECTION('',(0.,-1.));
#1208 = ( GEOMETRIC_REPRESENTATION_CONTEXT(2) 
PARAMETRIC_REPRESENTATION_CONTEXT() REPRESENTATION_CONTEXT('2D SPACE',''
  ) );
#1209 = PCURVE('',#284,#1210);
#1210 = DEFINITIONAL_REPRESENTATION('',(#1211),#1215);
#1211 = LINE('',#1212,#1213);
#1212 = CARTESIAN_POINT('',(0.,0.));
#1213 = VECTOR('',#1214,1.);
#1214 = DIRECTION('',(0.,-1.));
#1215 = ( GEOMETRIC_REPRESENTATION_CONTEXT(2) 
PARAMETRIC_REPRESENTATION_CONTEXT() REPRESENTATION_CONTEXT('2D SPACE',''
  ) );
#1216 = ADVANCED_FACE('',(#1217),#229,.F.);
#1217 = FACE_BOUND('',#1218,.F.);
#1218 = EDGE_LOOP('',(#1219,#1242,#1273,#1274));
#1219 = ORIENTED_EDGE('',*,*,#1220,.T.);
#1220 = EDGE_CURVE('',#209,#1221,#1223,.T.);
#1221 = VERTEX_POINT('',#1222);
#1222 = CARTESIAN_POINT('',(652.14076027556,140.1,72.360591092578));
#1223 = SEAM_CURVE('',#1224,(#1228,#1235),.PCURVE_S1.);
#1224 = LINE('',#1225,#1226);
#1225 = CARTESIAN_POINT('',(652.14076027556,190.1,72.360591092578));
#1226 = VECTOR('',#1227,1.);
#1227 = DIRECTION('',(0.,-1.,0.));
#1228 = PCURVE('',#229,#1229);
#1229 = DEFINITIONAL_REPRESENTATION('',(#1230),#1234);
#1230 = LINE('',#1231,#1232);
#1231 = CARTESIAN_POINT('',(9.424777960769,0.));
#1232 = VECTOR('',#1233,1.);
#1233 = DIRECTION('',(0.,1.));
#1234 = ( GEOMETRIC_REPRESENTATION_CONTEXT(2) 
PARAMETRIC_REPRESENTATION_CONTEXT() REPRESENTATION_CONTEXT('2D SPACE',''
  ) );
#1235 = PCURVE('',#229,#1236);
#1236 = DEFINITIONAL_REPRESENTATION('',(#1237),#1241);
#1237 = LINE('',#1238,#1239);
#1238 = CARTESIAN_POINT('',(3.14159265359,0.));
#1239 = VECTOR('',#1240,1.);
#1240 = DIRECTION('',(0.,1.));
#1241 = ( GEOMETRIC_REPRESENTATION_CONTEXT(2) 
PARAMETRIC_REPRESENTATION_CONTEXT() REPRESENTATION_CONTEXT('2D SPACE',''
  ) );
#1242 = ORIENTED_EDGE('',*,*,#1243,.F.);
#1243 = EDGE_CURVE('',#1221,#1221,#1244,.T.);
#1244 = SURFACE_CURVE('',#1245,(#1250,#1257),.PCURVE_S1.);
#1245 = CIRCLE('',#1246,1.85);
#1246 = AXIS2_PLACEMENT_3D('',#1247,#1248,#1249);
#1247 = CARTESIAN_POINT('',(650.29076027556,140.1,72.360591092578));
#1248 = DIRECTION('',(0.,-1.,0.));
#1249 = DIRECTION('',(-1.,0.,0.));
#1250 = PCURVE('',#229,#1251);
#1251 = DEFINITIONAL_REPRESENTATION('',(#1252),#1256);
#1252 = LINE('',#1253,#1254);
#1253 = CARTESIAN_POINT('',(0.,50.));
#1254 = VECTOR('',#1255,1.);
#1255 = DIRECTION('',(1.,0.));
#1256 = ( GEOMETRIC_REPRESENTATION_CONTEXT(2) 
PARAMETRIC_REPRESENTATION_CONTEXT() REPRESENTATION_CONTEXT('2D SPACE',''
  ) );
#1257 = PCURVE('',#1258,#1263);
#1258 = PLANE('',#1259);
#1259 = AXIS2_PLACEMENT_3D('',#1260,#1261,#1262);
#1260 = CARTESIAN_POINT('',(650.29076027556,140.1,72.360591092578));
#1261 = DIRECTION('',(0.,1.,0.));
#1262 = DIRECTION('',(-1.,0.,0.));
#1263 = DEFINITIONAL_REPRESENTATION('',(#1264),#1272);
#1264 = ( BOUNDED_CURVE() B_SPLINE_CURVE(2,(#1265,#1266,#1267,#1268,
#1269,#1270,#1271),.UNSPECIFIED.,.T.,.F.) B_SPLINE_CURVE_WITH_KNOTS((1,2
    ,2,2,2,1),(-2.094395102393,0.,2.094395102393,4.188790204786,
6.28318530718,8.377580409573),.UNSPECIFIED.) CURVE() 
GEOMETRIC_REPRESENTATION_ITEM() RATIONAL_B_SPLINE_CURVE((1.,0.5,1.,0.5,
1.,0.5,1.)) REPRESENTATION_ITEM('') );
#1265 = CARTESIAN_POINT('',(1.85,0.));
#1266 = CARTESIAN_POINT('',(1.85,-3.204293994002));
#1267 = CARTESIAN_POINT('',(-0.925,-1.602146997001));
#1268 = CARTESIAN_POINT('',(-3.7,-4.531193156845E-16));
#1269 = CARTESIAN_POINT('',(-0.925,1.602146997001));
#1270 = CARTESIAN_POINT('',(1.85,3.204293994002));
#1271 = CARTESIAN_POINT('',(1.85,0.));
#1272 = ( GEOMETRIC_REPRESENTATION_CONTEXT(2) 
PARAMETRIC_REPRESENTATION_CONTEXT() REPRESENTATION_CONTEXT('2D SPACE',''
  ) );
#1273 = ORIENTED_EDGE('',*,*,#1220,.F.);
#1274 = ORIENTED_EDGE('',*,*,#208,.T.);
#1275 = ADVANCED_FACE('',(#1276),#832,.T.);
#1276 = FACE_BOUND('',#1277,.T.);
#1277 = EDGE_LOOP('',(#1278,#1279,#1302,#1329,#1356,#1377));
#1278 = ORIENTED_EDGE('',*,*,#988,.F.);
#1279 = ORIENTED_EDGE('',*,*,#1280,.T.);
#1280 = EDGE_CURVE('',#968,#1281,#1283,.T.);
#1281 = VERTEX_POINT('',#1282);
#1282 = CARTESIAN_POINT('',(635.47640528653,163.53967731601,
    88.572311856661));
#1283 = SURFACE_CURVE('',#1284,(#1288,#1295),.PCURVE_S1.);
#1284 = LINE('',#1285,#1286);
#1285 = CARTESIAN_POINT('',(653.17933620223,63.141367059877,
    116.46073137225));
#1286 = VECTOR('',#1287,1.);
#1287 = DIRECTION('',(0.167494121134,-0.949906364079,0.263862878911));
#1288 = PCURVE('',#832,#1289);
#1289 = DEFINITIONAL_REPRESENTATION('',(#1290),#1294);
#1290 = LINE('',#1291,#1292);
#1291 = CARTESIAN_POINT('',(5.52103345221,8.526512829121E-14));
#1292 = VECTOR('',#1293,1.);
#1293 = DIRECTION('',(4.816737726093E-17,-1.));
#1294 = ( GEOMETRIC_REPRESENTATION_CONTEXT(2) 
PARAMETRIC_REPRESENTATION_CONTEXT() REPRESENTATION_CONTEXT('2D SPACE',''
  ) );
#1295 = PCURVE('',#1074,#1296);
#1296 = DEFINITIONAL_REPRESENTATION('',(#1297),#1301);
#1297 = LINE('',#1298,#1299);
#1298 = CARTESIAN_POINT('',(23.179336202233,-74.57944706779));
#1299 = VECTOR('',#1300,1.);
#1300 = DIRECTION('',(0.167494121134,-0.985873074683));
#1301 = ( GEOMETRIC_REPRESENTATION_CONTEXT(2) 
PARAMETRIC_REPRESENTATION_CONTEXT() REPRESENTATION_CONTEXT('2D SPACE',''
  ) );
#1302 = ORIENTED_EDGE('',*,*,#1303,.T.);
#1303 = EDGE_CURVE('',#1281,#1304,#1306,.T.);
#1304 = VERTEX_POINT('',#1305);
#1305 = CARTESIAN_POINT('',(642.93557200378,169.79866135735,
    85.946411132355));
#1306 = SURFACE_CURVE('',#1307,(#1312,#1322),.PCURVE_S1.);
#1307 = ELLIPSE('',#1308,50.877874533958,42.5);
#1308 = AXIS2_PLACEMENT_3D('',#1309,#1310,#1311);
#1309 = CARTESIAN_POINT('',(633.72921669292,162.07361201152,
    44.870356556719));
#1310 = DIRECTION('',(-0.642787609686,0.766044443119,-2.775557561563E-17
    ));
#1311 = DIRECTION('',(0.672037257776,0.563906215137,-0.479974691718));
#1312 = PCURVE('',#832,#1313);
#1313 = DEFINITIONAL_REPRESENTATION('',(#1314),#1321);
#1314 = B_SPLINE_CURVE_WITH_KNOTS('',5,(#1315,#1316,#1317,#1318,#1319,
    #1320),.UNSPECIFIED.,.F.,.F.,(6,6),(4.330201958109,4.564185194623),
  .PIECEWISE_BEZIER_KNOTS.);
#1315 = CARTESIAN_POINT('',(5.521033451777,105.69284936075));
#1316 = CARTESIAN_POINT('',(5.56783009908,106.90730594408));
#1317 = CARTESIAN_POINT('',(5.614626746383,108.15031732771));
#1318 = CARTESIAN_POINT('',(5.661423393685,109.41634299758));
#1319 = CARTESIAN_POINT('',(5.708220040988,110.69958069079));
#1320 = CARTESIAN_POINT('',(5.755016688291,111.99412402974));
#1321 = ( GEOMETRIC_REPRESENTATION_CONTEXT(2) 
PARAMETRIC_REPRESENTATION_CONTEXT() REPRESENTATION_CONTEXT('2D SPACE',''
  ) );
#1322 = PCURVE('',#284,#1323);
#1323 = DEFINITIONAL_REPRESENTATION('',(#1324),#1328);
#1324 = ELLIPSE('',#1325,50.877874533958,42.5);
#1325 = AXIS2_PLACEMENT_2D('',#1326,#1327);
#1326 = CARTESIAN_POINT('',(3.64684414097,14.129643443281));
#1327 = DIRECTION('',(0.877282335004,0.479974691718));
#1328 = ( GEOMETRIC_REPRESENTATION_CONTEXT(2) 
PARAMETRIC_REPRESENTATION_CONTEXT() REPRESENTATION_CONTEXT('2D SPACE',''
  ) );
#1329 = ORIENTED_EDGE('',*,*,#1330,.T.);
#1330 = EDGE_CURVE('',#1304,#1331,#1333,.T.);
#1331 = VERTEX_POINT('',#1332);
#1332 = CARTESIAN_POINT('',(642.93557200378,162.91225053042,
    88.09576093969));
#1333 = SURFACE_CURVE('',#1334,(#1339,#1349),.PCURVE_S1.);
#1334 = ELLIPSE('',#1335,253.74024898481,42.5);
#1335 = AXIS2_PLACEMENT_3D('',#1336,#1337,#1338);
#1336 = CARTESIAN_POINT('',(642.93557200378,109.86177651206,
    59.373644195458));
#1337 = DIRECTION('',(1.,-0.,0.));
#1338 = DIRECTION('',(0.,0.96351790963,-0.267643863786));
#1339 = PCURVE('',#832,#1340);
#1340 = DEFINITIONAL_REPRESENTATION('',(#1341),#1348);
#1341 = B_SPLINE_CURVE_WITH_KNOTS('',5,(#1342,#1343,#1344,#1345,#1346,
    #1347),.UNSPECIFIED.,.F.,.F.,(6,6),(1.350869635322,1.398806280267),
  .PIECEWISE_BEZIER_KNOTS.);
#1342 = CARTESIAN_POINT('',(5.740960143684,115.73243067358));
#1343 = CARTESIAN_POINT('',(5.731372814695,113.39187325893));
#1344 = CARTESIAN_POINT('',(5.721785485706,111.04504556413));
#1345 = CARTESIAN_POINT('',(5.712198156716,108.69239579059));
#1346 = CARTESIAN_POINT('',(5.702610827727,106.33437454169));
#1347 = CARTESIAN_POINT('',(5.693023498738,103.97143430521));
#1348 = ( GEOMETRIC_REPRESENTATION_CONTEXT(2) 
PARAMETRIC_REPRESENTATION_CONTEXT() REPRESENTATION_CONTEXT('2D SPACE',''
  ) );
#1349 = PCURVE('',#312,#1350);
#1350 = DEFINITIONAL_REPRESENTATION('',(#1351),#1355);
#1351 = ELLIPSE('',#1352,253.74024898481,42.5);
#1352 = AXIS2_PLACEMENT_2D('',#1353,#1354);
#1353 = CARTESIAN_POINT('',(59.936884845293,-0.373644195458));
#1354 = DIRECTION('',(-0.96351790963,0.267643863786));
#1355 = ( GEOMETRIC_REPRESENTATION_CONTEXT(2) 
PARAMETRIC_REPRESENTATION_CONTEXT() REPRESENTATION_CONTEXT('2D SPACE',''
  ) );
#1356 = ORIENTED_EDGE('',*,*,#1357,.F.);
#1357 = EDGE_CURVE('',#740,#1331,#1358,.T.);
#1358 = SURFACE_CURVE('',#1359,(#1364,#1371),.PCURVE_S1.);
#1359 = CIRCLE('',#1360,42.5);
#1360 = AXIS2_PLACEMENT_3D('',#1361,#1362,#1363);
#1361 = CARTESIAN_POINT('',(635.76443138867,150.53133590847,
    48.07654436312));
#1362 = DIRECTION('',(0.167494121134,-0.949906364079,0.263862878911));
#1363 = DIRECTION('',(0.984807753012,0.173648177667,-1.457167719821E-16)
  );
#1364 = PCURVE('',#832,#1365);
#1365 = DEFINITIONAL_REPRESENTATION('',(#1366),#1370);
#1366 = LINE('',#1367,#1368);
#1367 = CARTESIAN_POINT('',(7.045337162149,103.97323019857));
#1368 = VECTOR('',#1369,1.);
#1369 = DIRECTION('',(-1.,-1.132718885355E-14));
#1370 = ( GEOMETRIC_REPRESENTATION_CONTEXT(2) 
PARAMETRIC_REPRESENTATION_CONTEXT() REPRESENTATION_CONTEXT('2D SPACE',''
  ) );
#1371 = PCURVE('',#757,#1372);
#1372 = DEFINITIONAL_REPRESENTATION('',(#1373),#1376);
#1373 = B_SPLINE_CURVE_WITH_KNOTS('',1,(#1374,#1375),.UNSPECIFIED.,.F.,
  .F.,(2,2),(0.269724581883,1.524303709938),.PIECEWISE_BEZIER_KNOTS.);
#1374 = CARTESIAN_POINT('',(0.176960400739,-1.299849476451));
#1375 = CARTESIAN_POINT('',(1.,-1.299849476456));
#1376 = ( GEOMETRIC_REPRESENTATION_CONTEXT(2) 
PARAMETRIC_REPRESENTATION_CONTEXT() REPRESENTATION_CONTEXT('2D SPACE',''
  ) );
#1377 = ORIENTED_EDGE('',*,*,#815,.T.);
#1378 = ADVANCED_FACE('',(#1379,#1550,#1972),#757,.F.);
#1379 = FACE_BOUND('',#1380,.F.);
#1380 = EDGE_LOOP('',(#1381,#1434,#1463,#1499,#1500,#1501));
#1381 = ORIENTED_EDGE('',*,*,#1382,.F.);
#1382 = EDGE_CURVE('',#1383,#1385,#1387,.T.);
#1383 = VERTEX_POINT('',#1384);
#1384 = CARTESIAN_POINT('',(641.62005301865,125.90251285258,
    97.726701588098));
#1385 = VERTEX_POINT('',#1386);
#1386 = CARTESIAN_POINT('',(644.30737225686,109.37934801158,
    100.86881188118));
#1387 = SURFACE_CURVE('',#1388,(#1393,#1400),.PCURVE_S1.);
#1388 = ELLIPSE('',#1389,554.69386541782,547.5);
#1389 = AXIS2_PLACEMENT_3D('',#1390,#1391,#1392);
#1390 = CARTESIAN_POINT('',(659.59681276398,15.3711846965,-438.5));
#1391 = DIRECTION('',(0.987030926667,0.160530214609,7.877678607937E-17)
  );
#1392 = DIRECTION('',(-0.160530214609,0.987030926667,3.842891259803E-16)
  );
#1393 = PCURVE('',#757,#1394);
#1394 = DEFINITIONAL_REPRESENTATION('',(#1395),#1399);
#1395 = LINE('',#1396,#1397);
#1396 = CARTESIAN_POINT('',(1.,-4.218847493576E-15));
#1397 = VECTOR('',#1398,1.);
#1398 = DIRECTION('',(1.22997848451E-13,-1.));
#1399 = ( GEOMETRIC_REPRESENTATION_CONTEXT(2) 
PARAMETRIC_REPRESENTATION_CONTEXT() REPRESENTATION_CONTEXT('2D SPACE',''
  ) );
#1400 = PCURVE('',#1401,#1406);
#1401 = CYLINDRICAL_SURFACE('',#1402,547.5);
#1402 = AXIS2_PLACEMENT_3D('',#1403,#1404,#1405);
#1403 = CARTESIAN_POINT('',(592.5,15.3711846965,-438.5));
#1404 = DIRECTION('',(1.,0.,0.));
#1405 = DIRECTION('',(0.,0.135059413537,0.99083750172));
#1406 = DEFINITIONAL_REPRESENTATION('',(#1407),#1433);
#1407 = B_SPLINE_CURVE_WITH_KNOTS('',3,(#1408,#1409,#1410,#1411,#1412,
    #1413,#1414,#1415,#1416,#1417,#1418,#1419,#1420,#1421,#1422,#1423,
    #1424,#1425,#1426,#1427,#1428,#1429,#1430,#1431,#1432),
  .UNSPECIFIED.,.F.,.F.,(4,1,1,1,1,1,1,1,1,1,1,1,1,1,1,1,1,1,1,1,1,1,4),
  (1.299849476456,1.304321628213,1.30879377997,1.313265931727,
    1.317738083483,1.32221023524,1.326682386997,1.331154538753,
    1.33562669051,1.340098842267,1.344570994023,1.34904314578,
    1.353515297537,1.357987449293,1.36245960105,1.366931752807,
    1.371403904563,1.37587605632,1.380348208077,1.384820359834,
    1.38929251159,1.393764663347,1.398236815104),.QUASI_UNIFORM_KNOTS.);
#1408 = CARTESIAN_POINT('',(-0.135473425169,43.264431388674));
#1409 = CARTESIAN_POINT('',(-0.133982707917,43.392329819376));
#1410 = CARTESIAN_POINT('',(-0.131001273413,43.648285567406));
#1411 = CARTESIAN_POINT('',(-0.126529121656,44.032688160359));
#1412 = CARTESIAN_POINT('',(-0.122056969899,44.417552038877));
#1413 = CARTESIAN_POINT('',(-0.117584818142,44.802869504902));
#1414 = CARTESIAN_POINT('',(-0.113112666386,45.188632852243));
#1415 = CARTESIAN_POINT('',(-0.108640514629,45.574834365536));
#1416 = CARTESIAN_POINT('',(-0.104168362872,45.961466320725));
#1417 = CARTESIAN_POINT('',(-9.969621111572E-02,46.348520985124));
#1418 = CARTESIAN_POINT('',(-9.522405935904E-02,46.735990617601));
#1419 = CARTESIAN_POINT('',(-9.075190760235E-02,47.123867468719));
#1420 = CARTESIAN_POINT('',(-8.627975584567E-02,47.5121437809));
#1421 = CARTESIAN_POINT('',(-8.180760408898E-02,47.900811788575));
#1422 = CARTESIAN_POINT('',(-7.733545233229E-02,48.289863718344));
#1423 = CARTESIAN_POINT('',(-7.286330057561E-02,48.679291789124));
#1424 = CARTESIAN_POINT('',(-6.839114881892E-02,49.069088212314));
#1425 = CARTESIAN_POINT('',(-6.391899706224E-02,49.459245191941));
#1426 = CARTESIAN_POINT('',(-5.944684530555E-02,49.849754924826));
#1427 = CARTESIAN_POINT('',(-5.497469354887E-02,50.240609600723));
#1428 = CARTESIAN_POINT('',(-5.050254179218E-02,50.631801402532));
#1429 = CARTESIAN_POINT('',(-4.603039003549E-02,51.023322506241));
#1430 = CARTESIAN_POINT('',(-4.155823827881E-02,51.415165081884));
#1431 = CARTESIAN_POINT('',(-3.857680377435E-02,51.676602554435));
#1432 = CARTESIAN_POINT('',(-3.708608652212E-02,51.807372256868));
#1433 = ( GEOMETRIC_REPRESENTATION_CONTEXT(2) 
PARAMETRIC_REPRESENTATION_CONTEXT() REPRESENTATION_CONTEXT('2D SPACE',''
  ) );
#1434 = ORIENTED_EDGE('',*,*,#1435,.F.);
#1435 = EDGE_CURVE('',#1436,#1383,#1438,.T.);
#1436 = VERTEX_POINT('',#1437);
#1437 = CARTESIAN_POINT('',(642.93557200378,124.79866135735,
    97.937636678263));
#1438 = SURFACE_CURVE('',#1439,(#1445,#1454),.PCURVE_S1.);
#1439 = B_SPLINE_CURVE_WITH_KNOTS('',4,(#1440,#1441,#1442,#1443,#1444),
  .UNSPECIFIED.,.F.,.F.,(5,5),(0.,1.),.PIECEWISE_BEZIER_KNOTS.);
#1440 = CARTESIAN_POINT('',(642.93557200378,124.79866135735,
    97.937636678263));
#1441 = CARTESIAN_POINT('',(642.60631942658,125.07493707345,
    97.888944808903));
#1442 = CARTESIAN_POINT('',(642.27730263564,125.35101494138,
    97.837535601442));
#1443 = CARTESIAN_POINT('',(641.94854080964,125.62687886831,
    97.783418356494));
#1444 = CARTESIAN_POINT('',(641.62005301865,125.90251285258,
    97.726600961927));
#1445 = PCURVE('',#757,#1446);
#1446 = DEFINITIONAL_REPRESENTATION('',(#1447),#1453);
#1447 = B_SPLINE_CURVE_WITH_KNOTS('',4,(#1448,#1449,#1450,#1451,#1452),
  .UNSPECIFIED.,.F.,.F.,(5,5),(0.,1.),.PIECEWISE_BEZIER_KNOTS.);
#1448 = CARTESIAN_POINT('',(0.98280553569,-1.369917031307));
#1449 = CARTESIAN_POINT('',(0.987110720732,-1.369317363221));
#1450 = CARTESIAN_POINT('',(0.991411380999,-1.368717197995));
#1451 = CARTESIAN_POINT('',(0.995707730617,-1.368116547562));
#1452 = CARTESIAN_POINT('',(1.,-1.367515439918));
#1453 = ( GEOMETRIC_REPRESENTATION_CONTEXT(2) 
PARAMETRIC_REPRESENTATION_CONTEXT() REPRESENTATION_CONTEXT('2D SPACE',''
  ) );
#1454 = PCURVE('',#340,#1455);
#1455 = DEFINITIONAL_REPRESENTATION('',(#1456),#1462);
#1456 = B_SPLINE_CURVE_WITH_KNOTS('',4,(#1457,#1458,#1459,#1460,#1461),
  .UNSPECIFIED.,.F.,.F.,(5,5),(0.,1.),.PIECEWISE_BEZIER_KNOTS.);
#1457 = CARTESIAN_POINT('',(0.,-38.93763667826));
#1458 = CARTESIAN_POINT('',(0.429808714313,-38.8889448089));
#1459 = CARTESIAN_POINT('',(0.859309631522,-38.83753560144));
#1460 = CARTESIAN_POINT('',(1.288477715627,-38.78341835649));
#1461 = CARTESIAN_POINT('',(1.717288072448,-38.72660096192));
#1462 = ( GEOMETRIC_REPRESENTATION_CONTEXT(2) 
PARAMETRIC_REPRESENTATION_CONTEXT() REPRESENTATION_CONTEXT('2D SPACE',''
  ) );
#1463 = ORIENTED_EDGE('',*,*,#1464,.T.);
#1464 = EDGE_CURVE('',#1436,#1331,#1465,.T.);
#1465 = SURFACE_CURVE('',#1466,(#1475,#1487),.PCURVE_S1.);
#1466 = B_SPLINE_CURVE_WITH_KNOTS('',4,(#1467,#1468,#1469,#1470,#1471,
    #1472,#1473,#1474),.UNSPECIFIED.,.F.,.F.,(5,3,5),(0.,0.500606622772,
    1.),.UNSPECIFIED.);
#1467 = CARTESIAN_POINT('',(642.93557200378,124.79866135735,
    97.937636678263));
#1468 = CARTESIAN_POINT('',(642.93557200378,129.62329722294,
    96.932267084127));
#1469 = CARTESIAN_POINT('',(642.93557200378,134.4319881361,
    95.850384187309));
#1470 = CARTESIAN_POINT('',(642.93557200378,139.22297832586,
    94.69265731219));
#1471 = CARTESIAN_POINT('',(642.93557200378,148.75447739955,
    92.229584392971));
#1472 = CARTESIAN_POINT('',(642.93557200378,153.49507879335,
    90.924603614911));
#1473 = CARTESIAN_POINT('',(642.93557200378,158.21456899689,
    89.545222169987));
#1474 = CARTESIAN_POINT('',(642.93557200378,162.91116865427,
    88.091866185558));
#1475 = PCURVE('',#757,#1476);
#1476 = DEFINITIONAL_REPRESENTATION('',(#1477),#1486);
#1477 = B_SPLINE_CURVE_WITH_KNOTS('',4,(#1478,#1479,#1480,#1481,#1482,
    #1483,#1484,#1485),.UNSPECIFIED.,.F.,.F.,(5,3,5),(0.,0.500606622772,
    1.),.UNSPECIFIED.);
#1478 = CARTESIAN_POINT('',(0.982805537657,-1.36991703258));
#1479 = CARTESIAN_POINT('',(0.970902771998,-1.361156095846));
#1480 = CARTESIAN_POINT('',(0.958988560694,-1.352393175036));
#1481 = CARTESIAN_POINT('',(0.947054618762,-1.3436277054));
#1482 = CARTESIAN_POINT('',(0.923159695451,-1.326111858965));
#1483 = CARTESIAN_POINT('',(0.911198834134,-1.317361497132));
#1484 = CARTESIAN_POINT('',(0.899201851475,-1.308607542292));
#1485 = CARTESIAN_POINT('',(0.887160027093,-1.299849476456));
#1486 = ( GEOMETRIC_REPRESENTATION_CONTEXT(2) 
PARAMETRIC_REPRESENTATION_CONTEXT() REPRESENTATION_CONTEXT('2D SPACE',''
  ) );
#1487 = PCURVE('',#312,#1488);
#1488 = DEFINITIONAL_REPRESENTATION('',(#1489),#1498);
#1489 = B_SPLINE_CURVE_WITH_KNOTS('',4,(#1490,#1491,#1492,#1493,#1494,
    #1495,#1496,#1497),.UNSPECIFIED.,.F.,.F.,(5,3,5),(0.,0.500606622772,
    1.),.UNSPECIFIED.);
#1490 = CARTESIAN_POINT('',(45.,-38.93763667826));
#1491 = CARTESIAN_POINT('',(40.175364134405,-37.93226708412));
#1492 = CARTESIAN_POINT('',(35.366673221247,-36.8503841873));
#1493 = CARTESIAN_POINT('',(30.575683031491,-35.69265731219));
#1494 = CARTESIAN_POINT('',(21.044183957798,-33.22958439297));
#1495 = CARTESIAN_POINT('',(16.303582563996,-31.92460361491));
#1496 = CARTESIAN_POINT('',(11.584092360465,-30.54522216998));
#1497 = CARTESIAN_POINT('',(6.887492703078,-29.09186618555));
#1498 = ( GEOMETRIC_REPRESENTATION_CONTEXT(2) 
PARAMETRIC_REPRESENTATION_CONTEXT() REPRESENTATION_CONTEXT('2D SPACE',''
  ) );
#1499 = ORIENTED_EDGE('',*,*,#1357,.F.);
#1500 = ORIENTED_EDGE('',*,*,#739,.F.);
#1501 = ORIENTED_EDGE('',*,*,#1502,.T.);
#1502 = EDGE_CURVE('',#712,#1385,#1503,.T.);
#1503 = SURFACE_CURVE('',#1504,(#1509,#1515),.PCURVE_S1.);
#1504 = CIRCLE('',#1505,42.5);
#1505 = AXIS2_PLACEMENT_3D('',#1506,#1507,#1508);
#1506 = CARTESIAN_POINT('',(644.30737225686,102.08191067662,59.));
#1507 = DIRECTION('',(0.17114533563,-0.970613430471,0.169171045633));
#1508 = DIRECTION('',(0.984807753012,0.173648177667,-1.623701173514E-15)
  );
#1509 = PCURVE('',#757,#1510);
#1510 = DEFINITIONAL_REPRESENTATION('',(#1511),#1514);
#1511 = B_SPLINE_CURVE_WITH_KNOTS('',1,(#1512,#1513),.UNSPECIFIED.,.F.,
  .F.,(2,2),(0.,1.540975749724),.PIECEWISE_BEZIER_KNOTS.);
#1512 = CARTESIAN_POINT('',(-2.109281683296E-15,-1.398236815104));
#1513 = CARTESIAN_POINT('',(1.,-1.398236815104));
#1514 = ( GEOMETRIC_REPRESENTATION_CONTEXT(2) 
PARAMETRIC_REPRESENTATION_CONTEXT() REPRESENTATION_CONTEXT('2D SPACE',''
  ) );
#1515 = PCURVE('',#1516,#1545);
#1516 = B_SPLINE_SURFACE_WITH_KNOTS('',3,3,(
    (#1517,#1518,#1519,#1520)
    ,(#1521,#1522,#1523,#1524)
    ,(#1525,#1526,#1527,#1528)
    ,(#1529,#1530,#1531,#1532)
    ,(#1533,#1534,#1535,#1536)
    ,(#1537,#1538,#1539,#1540)
    ,(#1541,#1542,#1543,#1544
    )),.UNSPECIFIED.,.F.,.F.,.F.,(4,1,1,1,4),(4,4),(0.,0.285714285714,
    0.571428571429,0.857142857143,1.),(-1.570796326795,-1.398236815104),
  .UNSPECIFIED.);
#1517 = CARTESIAN_POINT('',(701.451142267,22.751232247345,66.5));
#1518 = CARTESIAN_POINT('',(696.329281156,51.798750048719,66.5));
#1519 = CARTESIAN_POINT('',(691.20749562665,80.845839205323,
    63.98758684451));
#1520 = CARTESIAN_POINT('',(686.16170175988,109.46195822746,59.));
#1521 = CARTESIAN_POINT('',(701.451142267,22.751232247345,
    72.857985132265));
#1522 = CARTESIAN_POINT('',(696.26659737531,52.153355136181,
    72.817586564279));
#1523 = CARTESIAN_POINT('',(691.08375373636,81.548441213418,
    70.2340307966));
#1524 = CARTESIAN_POINT('',(685.97847381988,110.50109551246,
    65.147383012995));
#1525 = CARTESIAN_POINT('',(698.59163189228,22.247023416667,
    85.569435325741));
#1526 = CARTESIAN_POINT('',(693.31914738102,52.364894034341,
    85.448269711755));
#1527 = CARTESIAN_POINT('',(688.05009921117,82.461713759318,
    82.722832073807));
#1528 = CARTESIAN_POINT('',(682.86197037386,112.09375667447,
    77.438099397227));
#1529 = CARTESIAN_POINT('',(686.58422712417,20.129793987762,
    100.86621215826));
#1530 = CARTESIAN_POINT('',(681.30587723977,51.126389776409,
    100.69505525771));
#1531 = CARTESIAN_POINT('',(676.0314542637,82.093602090937,
    97.844344743843));
#1532 = CARTESIAN_POINT('',(670.83830403064,112.57501429597,
    92.363286584683));
#1533 = CARTESIAN_POINT('',(672.12111057321,17.579556314696,
    107.93462672298));
#1534 = CARTESIAN_POINT('',(666.91958271282,48.996455929922,
    107.82103086643));
#1535 = CARTESIAN_POINT('',(661.71998371662,80.393124043135,
    104.99143207674));
#1536 = CARTESIAN_POINT('',(656.59924927616,111.30675597964,
    99.491925208146));
#1537 = CARTESIAN_POINT('',(662.72750928987,15.923210962426,109.));
#1538 = CARTESIAN_POINT('',(657.58574178075,47.411601822925,
    108.96834802939));
#1539 = CARTESIAN_POINT('',(652.44452077736,78.894677850739,
    106.21314346709));
#1540 = CARTESIAN_POINT('',(647.38000057669,109.90516209492,
    100.77716621104));
#1541 = CARTESIAN_POINT('',(659.59681276398,15.3711846965,109.));
#1542 = CARTESIAN_POINT('',(654.47495165299,46.863295580168,109.));
#1543 = CARTESIAN_POINT('',(649.35316612363,78.354941745001,
    106.2761461334));
#1544 = CARTESIAN_POINT('',(644.30737225686,109.37934801158,
    100.86881188118));
#1545 = DEFINITIONAL_REPRESENTATION('',(#1546),#1549);
#1546 = B_SPLINE_CURVE_WITH_KNOTS('',1,(#1547,#1548),.UNSPECIFIED.,.F.,
  .F.,(2,2),(0.,1.540975749724),.PIECEWISE_BEZIER_KNOTS.);
#1547 = CARTESIAN_POINT('',(-2.185082362336E-15,-1.398236815104));
#1548 = CARTESIAN_POINT('',(1.,-1.398236815104));
#1549 = ( GEOMETRIC_REPRESENTATION_CONTEXT(2) 
PARAMETRIC_REPRESENTATION_CONTEXT() REPRESENTATION_CONTEXT('2D SPACE',''
  ) );
#1550 = FACE_BOUND('',#1551,.F.);
#1551 = EDGE_LOOP('',(#1552,#1936));
#1552 = ORIENTED_EDGE('',*,*,#1553,.T.);
#1553 = EDGE_CURVE('',#1554,#1556,#1558,.T.);
#1554 = VERTEX_POINT('',#1555);
#1555 = CARTESIAN_POINT('',(680.10305312945,118.63687181743,
    76.268945055925));
#1556 = VERTEX_POINT('',#1557);
#1557 = CARTESIAN_POINT('',(680.27541474408,117.86779261246,
    76.33911046871));
#1558 = SURFACE_CURVE('',#1559,(#1681,#1806),.PCURVE_S1.);
#1559 = B_SPLINE_CURVE_WITH_KNOTS('',8,(#1560,#1561,#1562,#1563,#1564,
    #1565,#1566,#1567,#1568,#1569,#1570,#1571,#1572,#1573,#1574,#1575,
    #1576,#1577,#1578,#1579,#1580,#1581,#1582,#1583,#1584,#1585,#1586,
    #1587,#1588,#1589,#1590,#1591,#1592,#1593,#1594,#1595,#1596,#1597,
    #1598,#1599,#1600,#1601,#1602,#1603,#1604,#1605,#1606,#1607,#1608,
    #1609,#1610,#1611,#1612,#1613,#1614,#1615,#1616,#1617,#1618,#1619,
    #1620,#1621,#1622,#1623,#1624,#1625,#1626,#1627,#1628,#1629,#1630,
    #1631,#1632,#1633,#1634,#1635,#1636,#1637,#1638,#1639,#1640,#1641,
    #1642,#1643,#1644,#1645,#1646,#1647,#1648,#1649,#1650,#1651,#1652,
    #1653,#1654,#1655,#1656,#1657,#1658,#1659,#1660,#1661,#1662,#1663,
    #1664,#1665,#1666,#1667,#1668,#1669,#1670,#1671,#1672,#1673,#1674,
    #1675,#1676,#1677,#1678,#1679,#1680),.UNSPECIFIED.,.F.,.F.,(9,7,7,7,
    7,7,7,7,7,7,7,7,7,7,7,7,7,9),(0.,6.554039065568E-02,0.113498655499,
    0.233963053434,0.30601257724,0.360256397203,0.421216694629,
    0.459263719942,0.498962171498,0.557543931029,0.611465311186,
    0.679312312653,0.770595241266,0.807126787227,0.853769206982,
    0.923123287187,0.95249044353,1.),.UNSPECIFIED.);
#1560 = CARTESIAN_POINT('',(680.10305312951,118.63687181742,
    76.268945055908));
#1561 = CARTESIAN_POINT('',(680.03718080382,118.88069991365,
    76.268945055908));
#1562 = CARTESIAN_POINT('',(679.96418753188,119.12080227401,
    76.28493262216));
#1563 = CARTESIAN_POINT('',(679.88476525972,119.35587239969,
    76.316050671991));
#1564 = CARTESIAN_POINT('',(679.79956831258,119.58483925068,
    76.361323363701));
#1565 = CARTESIAN_POINT('',(679.70920370105,119.80684967843,
    76.419720651192));
#1566 = CARTESIAN_POINT('',(679.6142211466,120.02125010135,
    76.49021360924));
#1567 = CARTESIAN_POINT('',(679.51510282682,120.2275674233,
    76.571820529419));
#1568 = CARTESIAN_POINT('',(679.33699379988,120.5703156852,
    76.730834171816));
#1569 = CARTESIAN_POINT('',(679.25974335987,120.71063411108,
    76.803488919023));
#1570 = CARTESIAN_POINT('',(679.18066224303,120.84631788887,
    76.881253359167));
#1571 = CARTESIAN_POINT('',(679.09990021735,120.97726633808,
    76.963786825784));
#1572 = CARTESIAN_POINT('',(679.01759578644,121.10340248719,
    77.050764916729));
#1573 = CARTESIAN_POINT('',(678.93387588017,121.22467087939,
    77.141881755833));
#1574 = CARTESIAN_POINT('',(678.84885554526,121.34103537826,
    77.236852254561));
#1575 = CARTESIAN_POINT('',(678.54607040636,121.73240254475,
    77.582988517057));
#1576 = CARTESIAN_POINT('',(678.32215962378,121.98099100496,
    77.852980509096));
#1577 = CARTESIAN_POINT('',(678.09234123378,122.19831674532,
    78.14140954502));
#1578 = CARTESIAN_POINT('',(677.85793936552,122.38435304306,
    78.444867973361));
#1579 = CARTESIAN_POINT('',(677.62020115096,122.53923728682,
    78.760350357585));
#1580 = CARTESIAN_POINT('',(677.38028924998,122.66311413106,
    79.085315571095));
#1581 = CARTESIAN_POINT('',(677.13927108513,122.75608264016,
    79.417669419715));
#1582 = CARTESIAN_POINT('',(676.75384866426,122.85473055212,
    79.958184467914));
#1583 = CARTESIAN_POINT('',(676.60961779292,122.88045608236,
    80.162474292556));
#1584 = CARTESIAN_POINT('',(676.46562289812,122.89493309082,
    80.368409732085));
#1585 = CARTESIAN_POINT('',(676.3221240553,122.89804230561,
    80.57563411495));
#1586 = CARTESIAN_POINT('',(676.17942048606,122.88961288599,
    80.783786074236));
#1587 = CARTESIAN_POINT('',(676.0378532225,122.86941729842,
    80.992501204767));
#1588 = CARTESIAN_POINT('',(675.89781123803,122.83714782766,
    81.201416516918));
#1589 = CARTESIAN_POINT('',(675.65579233903,122.75866646073,
    81.567347405061));
#1590 = CARTESIAN_POINT('',(675.5529898638,122.71787979333,
    81.724386721697));
#1591 = CARTESIAN_POINT('',(675.45151383799,122.66983498373,
    81.881158556502));
#1592 = CARTESIAN_POINT('',(675.3515953539,122.61431594934,
    82.037482074163));
#1593 = CARTESIAN_POINT('',(675.25351577843,122.55107827341,
    82.193134810078));
#1594 = CARTESIAN_POINT('',(675.15760919547,122.47984798644,
    82.347854168011));
#1595 = CARTESIAN_POINT('',(675.06426788921,122.40031111756,
    82.501338289939));
#1596 = CARTESIAN_POINT('',(674.87245078108,122.21295386013,
    82.823963577279));
#1597 = CARTESIAN_POINT('',(674.77484457639,122.10292252017,
    82.992565759623));
#1598 = CARTESIAN_POINT('',(674.68171494321,121.98144144773,
    83.158670635438));
#1599 = CARTESIAN_POINT('',(674.59391505806,121.84795370341,
    83.321589555629));
#1600 = CARTESIAN_POINT('',(674.51252227387,121.7019929297,
    83.480357483524));
#1601 = CARTESIAN_POINT('',(674.43881776858,121.54323778519,
    83.633757631851));
#1602 = CARTESIAN_POINT('',(674.37423704504,121.37159970386,
    83.780353355321));
#1603 = CARTESIAN_POINT('',(674.28653272054,121.07245505234,
    84.004786097087));
#1604 = CARTESIAN_POINT('',(674.25695721572,120.95263302383,
    84.087739335882));
#1605 = CARTESIAN_POINT('',(674.23189753943,120.82815527543,
    84.166917942311));
#1606 = CARTESIAN_POINT('',(674.21171509412,120.69931720634,
    84.241844133938));
#1607 = CARTESIAN_POINT('',(674.19672688135,120.5665109222,
    84.312056157775));
#1608 = CARTESIAN_POINT('',(674.18718056779,120.43024035523,
    84.37712668682));
#1609 = CARTESIAN_POINT('',(674.18322254048,120.29114068017,
    84.436687544664));
#1610 = CARTESIAN_POINT('',(674.18656638993,120.00273726596,
    84.546567991051));
#1611 = CARTESIAN_POINT('',(674.19436552153,119.85316114878,
    84.59640907388));
#1612 = CARTESIAN_POINT('',(674.20827586619,119.70218012371,
    84.639650748967));
#1613 = CARTESIAN_POINT('',(674.22815071523,119.55062681173,
    84.676168063287));
#1614 = CARTESIAN_POINT('',(674.25371968195,119.39925674636,
    84.705992979019));
#1615 = CARTESIAN_POINT('',(674.28462459449,119.2487466954,
    84.729273420035));
#1616 = CARTESIAN_POINT('',(674.32044873054,119.09969456324,
    84.746242754336));
#1617 = CARTESIAN_POINT('',(674.42019506207,118.73558884456,
    84.773368551732));
#1618 = CARTESIAN_POINT('',(674.48937230236,118.52288326344,
    84.776442959132));
#1619 = CARTESIAN_POINT('',(674.56697597505,118.31558200333,
    84.767429859871));
#1620 = CARTESIAN_POINT('',(674.65172158245,118.11437018311,
    84.747438049971));
#1621 = CARTESIAN_POINT('',(674.74244854541,117.91963887121,
    84.71753681175));
#1622 = CARTESIAN_POINT('',(674.83817408006,117.73153618834,
    84.678689688654));
#1623 = CARTESIAN_POINT('',(674.9381206388,117.54999694019,
    84.631714737721));
#1624 = CARTESIAN_POINT('',(675.13713505922,117.21349623357,
    84.527065455924));
#1625 = CARTESIAN_POINT('',(675.23557998917,117.0576707785,
    84.470571515185));
#1626 = CARTESIAN_POINT('',(675.33661851776,116.90716549222,
    84.408251564558));
#1627 = CARTESIAN_POINT('',(675.43985076324,116.76186718675,
    84.340535964594));
#1628 = CARTESIAN_POINT('',(675.5449359329,116.62167011772,
    84.267789449973));
#1629 = CARTESIAN_POINT('',(675.65158779321,116.48646775572,
    84.190319033151));
#1630 = CARTESIAN_POINT('',(675.75957279092,116.35615075058,
    84.108374989273));
#1631 = CARTESIAN_POINT('',(676.00603461598,116.07264981932,
    83.913645261158));
#1632 = CARTESIAN_POINT('',(676.14513374349,115.92230857983,
    83.798399461022));
#1633 = CARTESIAN_POINT('',(676.28562461292,115.77939090199,
    83.676809304259));
#1634 = CARTESIAN_POINT('',(676.42716882729,115.64378868426,
    83.549200072849));
#1635 = CARTESIAN_POINT('',(676.56946566428,115.51545370927,
    83.415838866676));
#1636 = CARTESIAN_POINT('',(676.71224721986,115.39438147655,
    83.2769445153));
#1637 = CARTESIAN_POINT('',(676.85527621821,115.28060735032,
    83.132689083258));
#1638 = CARTESIAN_POINT('',(677.19083654578,115.03107231796,
    82.782052740168));
#1639 = CARTESIAN_POINT('',(677.38330692881,114.90136160699,
    82.571522929336));
#1640 = CARTESIAN_POINT('',(677.5752780455,114.78524422543,
    82.351883174044));
#1641 = CARTESIAN_POINT('',(677.76621831454,114.68315289785,
    82.123395159013));
#1642 = CARTESIAN_POINT('',(677.95554577734,114.59572240449,
    81.886337004832));
#1643 = CARTESIAN_POINT('',(678.14262903148,114.5237660055,81.6410219122
    ));
#1644 = CARTESIAN_POINT('',(678.32678748531,114.46829762262,
    81.387799061643));
#1645 = CARTESIAN_POINT('',(678.57952864673,114.41551305202,
    81.022679362172));
#1646 = CARTESIAN_POINT('',(678.65116962047,114.40327488996,
    80.917130784186));
#1647 = CARTESIAN_POINT('',(678.72216281293,114.39396721695,
    80.810421711793));
#1648 = CARTESIAN_POINT('',(678.79245209203,114.38767861648,
    80.702589538285));
#1649 = CARTESIAN_POINT('',(678.86197643704,114.38450406552,
    80.593678716372));
#1650 = CARTESIAN_POINT('',(678.9306701401,114.38454466961,
    80.483741101366));
#1651 = CARTESIAN_POINT('',(678.99846300769,114.38790739793,
    80.372836294363));
#1652 = CARTESIAN_POINT('',(679.15059128051,114.40338356787,
    80.118283482175));
#1653 = CARTESIAN_POINT('',(679.23430533279,114.41766081852,
    79.974080000486));
#1654 = CARTESIAN_POINT('',(679.31627175335,114.43776983067,
    79.828556471223));
#1655 = CARTESIAN_POINT('',(679.39631581541,114.46395978694,
    79.681889046941));
#1656 = CARTESIAN_POINT('',(679.47424177942,114.4964893399,
    79.53429684195));
#1657 = CARTESIAN_POINT('',(679.54983564135,114.53562015975,
    79.386043672391));
#1658 = CARTESIAN_POINT('',(679.62286788104,114.58161048194,
    79.2374397963));
#1659 = CARTESIAN_POINT('',(679.7975209212,114.71366199757,
    78.867891377879));
#1660 = CARTESIAN_POINT('',(679.89578938876,114.80836335381,
    78.646864651957));
#1661 = CARTESIAN_POINT('',(679.98703459331,114.91960216674,
    78.427072405185));
#1662 = CARTESIAN_POINT('',(680.0702965998,115.04803896639,
    78.210159519506));
#1663 = CARTESIAN_POINT('',(680.14459675172,115.19407642476,
    77.998068014117));
#1664 = CARTESIAN_POINT('',(680.20898772189,115.35775493677,
    77.793006260724));
#1665 = CARTESIAN_POINT('',(680.26262269871,115.53858444993,
    77.597379691083));
#1666 = CARTESIAN_POINT('',(680.32278329409,115.81848904545,
    77.335832582702));
#1667 = CARTESIAN_POINT('',(680.33864042605,115.90458689538,
    77.260161059666));
#1668 = CARTESIAN_POINT('',(680.35241165207,115.99341282155,
    77.186809640751));
#1669 = CARTESIAN_POINT('',(680.36406028375,116.08484560529,
    77.11595666203));
#1670 = CARTESIAN_POINT('',(680.37355992573,116.17874704002,
    77.047769755064));
#1671 = CARTESIAN_POINT('',(680.38089472671,116.27496116795,
    76.982404557702));
#1672 = CARTESIAN_POINT('',(680.38605963046,116.3733135169,
    76.920003424895));
#1673 = CARTESIAN_POINT('',(680.39391557466,116.63586838429,
    76.764744848031));
#1674 = CARTESIAN_POINT('',(680.39310867676,116.80326453532,
    76.676858388247));
#1675 = CARTESIAN_POINT('',(680.38666014812,116.97494966956,
    76.597601661776));
#1676 = CARTESIAN_POINT('',(680.37467787903,117.15006330992,
    76.52735451262));
#1677 = CARTESIAN_POINT('',(680.3573311898,117.32774590432,
    76.466343003502));
#1678 = CARTESIAN_POINT('',(680.33483339401,117.50714785482,
    76.41466324368));
#1679 = CARTESIAN_POINT('',(680.3074331705,117.68743529457,
    76.372295768214));
#1680 = CARTESIAN_POINT('',(680.27541474408,117.86779261246,
    76.33911046871));
#1681 = PCURVE('',#757,#1682);
#1682 = DEFINITIONAL_REPRESENTATION('',(#1683),#1805);
#1683 = B_SPLINE_CURVE_WITH_KNOTS('',8,(#1684,#1685,#1686,#1687,#1688,
    #1689,#1690,#1691,#1692,#1693,#1694,#1695,#1696,#1697,#1698,#1699,
    #1700,#1701,#1702,#1703,#1704,#1705,#1706,#1707,#1708,#1709,#1710,
    #1711,#1712,#1713,#1714,#1715,#1716,#1717,#1718,#1719,#1720,#1721,
    #1722,#1723,#1724,#1725,#1726,#1727,#1728,#1729,#1730,#1731,#1732,
    #1733,#1734,#1735,#1736,#1737,#1738,#1739,#1740,#1741,#1742,#1743,
    #1744,#1745,#1746,#1747,#1748,#1749,#1750,#1751,#1752,#1753,#1754,
    #1755,#1756,#1757,#1758,#1759,#1760,#1761,#1762,#1763,#1764,#1765,
    #1766,#1767,#1768,#1769,#1770,#1771,#1772,#1773,#1774,#1775,#1776,
    #1777,#1778,#1779,#1780,#1781,#1782,#1783,#1784,#1785,#1786,#1787,
    #1788,#1789,#1790,#1791,#1792,#1793,#1794,#1795,#1796,#1797,#1798,
    #1799,#1800,#1801,#1802,#1803,#1804),.UNSPECIFIED.,.F.,.F.,(9,7,7,7,
    7,7,7,7,7,7,7,7,7,7,7,7,7,9),(0.,6.554039065568E-02,0.113498655499,
    0.233963053434,0.30601257724,0.360256397203,0.421216694629,
    0.459263719942,0.498962171498,0.557543931029,0.611465311186,
    0.679312312653,0.770595241266,0.807126787227,0.853769206982,
    0.923123287187,0.95249044353,1.),.UNSPECIFIED.);
#1684 = CARTESIAN_POINT('',(0.297346326262,-1.385015845561));
#1685 = CARTESIAN_POINT('',(0.298141978124,-1.384550034784));
#1686 = CARTESIAN_POINT('',(0.299200490519,-1.384094297061));
#1687 = CARTESIAN_POINT('',(0.300503561393,-1.383650993539));
#1688 = CARTESIAN_POINT('',(0.302031819447,-1.383221992224));
#1689 = CARTESIAN_POINT('',(0.303765768607,-1.38280871823));
#1690 = CARTESIAN_POINT('',(0.305686602957,-1.382412203435));
#1691 = CARTESIAN_POINT('',(0.307776892158,-1.382033135539));
#1692 = CARTESIAN_POINT('',(0.311663332373,-1.381407582268));
#1693 = CARTESIAN_POINT('',(0.313387817258,-1.381152832944));
#1694 = CARTESIAN_POINT('',(0.315188455835,-1.380907819374));
#1695 = CARTESIAN_POINT('',(0.317059420696,-1.38067265429));
#1696 = CARTESIAN_POINT('',(0.318995223344,-1.380447407362));
#1697 = CARTESIAN_POINT('',(0.320990744369,-1.380232110209));
#1698 = CARTESIAN_POINT('',(0.323041263616,-1.380026761413));
#1699 = CARTESIAN_POINT('',(0.330420475593,-1.379340439222));
#1700 = CARTESIAN_POINT('',(0.336013210417,-1.378912614263));
#1701 = CARTESIAN_POINT('',(0.341856909224,-1.378546703545));
#1702 = CARTESIAN_POINT('',(0.347896469841,-1.378241862135));
#1703 = CARTESIAN_POINT('',(0.354083221253,-1.377997040238));
#1704 = CARTESIAN_POINT('',(0.36037549121,-1.377811301217));
#1705 = CARTESIAN_POINT('',(0.366738275093,-1.377683916451));
#1706 = CARTESIAN_POINT('',(0.376976188085,-1.37757394009));
#1707 = CARTESIAN_POINT('',(0.380821444146,-1.377553752863));
#1708 = CARTESIAN_POINT('',(0.38467409324,-1.377554548992));
#1709 = CARTESIAN_POINT('',(0.388527441334,-1.377576468016));
#1710 = CARTESIAN_POINT('',(0.392374359614,-1.377619753285));
#1711 = CARTESIAN_POINT('',(0.396207269839,-1.377684762623));
#1712 = CARTESIAN_POINT('',(0.400018116682,-1.377772014123));
#1713 = CARTESIAN_POINT('',(0.406644328531,-1.37796527306));
#1714 = CARTESIAN_POINT('',(0.409472184131,-1.378061294616));
#1715 = CARTESIAN_POINT('',(0.412278505804,-1.37817065092));
#1716 = CARTESIAN_POINT('',(0.415058875975,-1.378293727336));
#1717 = CARTESIAN_POINT('',(0.417807884357,-1.37843096164));
#1718 = CARTESIAN_POINT('',(0.420519121285,-1.378582847674));
#1719 = CARTESIAN_POINT('',(0.423185127583,-1.37874995643));
#1720 = CARTESIAN_POINT('',(0.428732914017,-1.379138654066));
#1721 = CARTESIAN_POINT('',(0.431598393651,-1.379364277826));
#1722 = CARTESIAN_POINT('',(0.434383379586,-1.379610885188));
#1723 = CARTESIAN_POINT('',(0.437071277211,-1.379879492386));
#1724 = CARTESIAN_POINT('',(0.439640121831,-1.380170930272));
#1725 = CARTESIAN_POINT('',(0.442063098803,-1.380485751933));
#1726 = CARTESIAN_POINT('',(0.444309450275,-1.380824074446));
#1727 = CARTESIAN_POINT('',(0.447617878393,-1.381410619407));
#1728 = CARTESIAN_POINT('',(0.448807473,-1.38164486408));
#1729 = CARTESIAN_POINT('',(0.449906010831,-1.381887536511));
#1730 = CARTESIAN_POINT('',(0.450904575347,-1.382138061199));
#1731 = CARTESIAN_POINT('',(0.451794928188,-1.382395683058));
#1732 = CARTESIAN_POINT('',(0.452569976232,-1.382659438677));
#1733 = CARTESIAN_POINT('',(0.453224383197,-1.382928119413));
#1734 = CARTESIAN_POINT('',(0.454309313879,-1.383484143983));
#1735 = CARTESIAN_POINT('',(0.45472923076,-1.383771968145));
#1736 = CARTESIAN_POINT('',(0.455011547455,-1.384061978));
#1737 = CARTESIAN_POINT('',(0.455156749564,-1.384352605253));
#1738 = CARTESIAN_POINT('',(0.455168317211,-1.384642434261));
#1739 = CARTESIAN_POINT('',(0.455051893298,-1.384930201254));
#1740 = CARTESIAN_POINT('',(0.454814640066,-1.385214792652));
#1741 = CARTESIAN_POINT('',(0.45394851225,-1.385909093404));
#1742 = CARTESIAN_POINT('',(0.453187071255,-1.386313890806));
#1743 = CARTESIAN_POINT('',(0.452205545137,-1.386707664453));
#1744 = CARTESIAN_POINT('',(0.451029853542,-1.387089177972));
#1745 = CARTESIAN_POINT('',(0.449684048264,-1.387457739683));
#1746 = CARTESIAN_POINT('',(0.448189046987,-1.387813107578));
#1747 = CARTESIAN_POINT('',(0.446561924479,-1.38815543428));
#1748 = CARTESIAN_POINT('',(0.443206821812,-1.388788727582));
#1749 = CARTESIAN_POINT('',(0.441498181647,-1.389081422677));
#1750 = CARTESIAN_POINT('',(0.439699363211,-1.389363552927));
#1751 = CARTESIAN_POINT('',(0.437819183041,-1.38963534053));
#1752 = CARTESIAN_POINT('',(0.435865108807,-1.389896989283));
#1753 = CARTESIAN_POINT('',(0.433843392415,-1.390148701103));
#1754 = CARTESIAN_POINT('',(0.431759099439,-1.390390679873));
#1755 = CARTESIAN_POINT('',(0.426919506997,-1.390915595478));
#1756 = CARTESIAN_POINT('',(0.42413091434,-1.391192866103));
#1757 = CARTESIAN_POINT('',(0.42125841804,-1.391455294355));
#1758 = CARTESIAN_POINT('',(0.418308875201,-1.391703067898));
#1759 = CARTESIAN_POINT('',(0.415288111837,-1.391936257353));
#1760 = CARTESIAN_POINT('',(0.412201077651,-1.392154847288));
#1761 = CARTESIAN_POINT('',(0.40905188266,-1.392358743009));
#1762 = CARTESIAN_POINT('',(0.401527373401,-1.39280205182));
#1763 = CARTESIAN_POINT('',(0.397106397039,-1.393029281252));
#1764 = CARTESIAN_POINT('',(0.392588233988,-1.393229056804));
#1765 = CARTESIAN_POINT('',(0.387980703758,-1.393400474741));
#1766 = CARTESIAN_POINT('',(0.383292377112,-1.393542248166));
#1767 = CARTESIAN_POINT('',(0.378532788304,-1.39365275423));
#1768 = CARTESIAN_POINT('',(0.373712480416,-1.39372999263));
#1769 = CARTESIAN_POINT('',(0.366894064908,-1.393788048859));
#1770 = CARTESIAN_POINT('',(0.364937657561,-1.393798909744));
#1771 = CARTESIAN_POINT('',(0.36297451985,-1.393803878748));
#1772 = CARTESIAN_POINT('',(0.361005643607,-1.393802784742));
#1773 = CARTESIAN_POINT('',(0.359032157401,-1.393795445426));
#1774 = CARTESIAN_POINT('',(0.357055329576,-1.393781667983));
#1775 = CARTESIAN_POINT('',(0.355076571269,-1.393761249734));
#1776 = CARTESIAN_POINT('',(0.350570541247,-1.393699160029));
#1777 = CARTESIAN_POINT('',(0.3480432348,-1.393653172857));
#1778 = CARTESIAN_POINT('',(0.345518650836,-1.393595577618));
#1779 = CARTESIAN_POINT('',(0.343000663136,-1.39352591058));
#1780 = CARTESIAN_POINT('',(0.340493886399,-1.393443697365));
#1781 = CARTESIAN_POINT('',(0.338003674109,-1.39334846639));
#1782 = CARTESIAN_POINT('',(0.335536116402,-1.39323976231));
#1783 = CARTESIAN_POINT('',(0.329472782427,-1.392934857414));
#1784 = CARTESIAN_POINT('',(0.325911204226,-1.392721750006));
#1785 = CARTESIAN_POINT('',(0.322437972521,-1.392476507093));
#1786 = CARTESIAN_POINT('',(0.319082820487,-1.392198114832));
#1787 = CARTESIAN_POINT('',(0.315879351494,-1.391886125599));
#1788 = CARTESIAN_POINT('',(0.312864172261,-1.391540862092));
#1789 = CARTESIAN_POINT('',(0.310075264752,-1.391163731596));
#1790 = CARTESIAN_POINT('',(0.306478583903,-1.390585922249));
#1791 = CARTESIAN_POINT('',(0.305455686238,-1.390408878755));
#1792 = CARTESIAN_POINT('',(0.304482561215,-1.39022691561));
#1793 = CARTESIAN_POINT('',(0.303561737476,-1.390040303034));
#1794 = CARTESIAN_POINT('',(0.302695505678,-1.389849342788));
#1795 = CARTESIAN_POINT('',(0.301885897477,-1.389654369178));
#1796 = CARTESIAN_POINT('',(0.301134664514,-1.38945575005));
#1797 = CARTESIAN_POINT('',(0.299324713777,-1.388927319362));
#1798 = CARTESIAN_POINT('',(0.298362405702,-1.388592164278));
#1799 = CARTESIAN_POINT('',(0.297562823307,-1.388250185546));
#1800 = CARTESIAN_POINT('',(0.296929287439,-1.387903137117));
#1801 = CARTESIAN_POINT('',(0.296462592063,-1.387552742265));
#1802 = CARTESIAN_POINT('',(0.296161455642,-1.387200677729));
#1803 = CARTESIAN_POINT('',(0.296022781495,-1.386848563607));
#1804 = CARTESIAN_POINT('',(0.296041727128,-1.38649795902));
#1805 = ( GEOMETRIC_REPRESENTATION_CONTEXT(2) 
PARAMETRIC_REPRESENTATION_CONTEXT() REPRESENTATION_CONTEXT('2D SPACE',''
  ) );
#1806 = PCURVE('',#1807,#1812);
#1807 = CYLINDRICAL_SURFACE('',#1808,4.25);
#1808 = AXIS2_PLACEMENT_3D('',#1809,#1810,#1811);
#1809 = CARTESIAN_POINT('',(700.83557200378,118.63687181743,
    80.518945055925));
#1810 = DIRECTION('',(-1.,-9.992007221626E-16,-1.110223024625E-16));
#1811 = DIRECTION('',(1.110223024625E-16,0.,-1.));
#1812 = DEFINITIONAL_REPRESENTATION('',(#1813),#1935);
#1813 = B_SPLINE_CURVE_WITH_KNOTS('',8,(#1814,#1815,#1816,#1817,#1818,
    #1819,#1820,#1821,#1822,#1823,#1824,#1825,#1826,#1827,#1828,#1829,
    #1830,#1831,#1832,#1833,#1834,#1835,#1836,#1837,#1838,#1839,#1840,
    #1841,#1842,#1843,#1844,#1845,#1846,#1847,#1848,#1849,#1850,#1851,
    #1852,#1853,#1854,#1855,#1856,#1857,#1858,#1859,#1860,#1861,#1862,
    #1863,#1864,#1865,#1866,#1867,#1868,#1869,#1870,#1871,#1872,#1873,
    #1874,#1875,#1876,#1877,#1878,#1879,#1880,#1881,#1882,#1883,#1884,
    #1885,#1886,#1887,#1888,#1889,#1890,#1891,#1892,#1893,#1894,#1895,
    #1896,#1897,#1898,#1899,#1900,#1901,#1902,#1903,#1904,#1905,#1906,
    #1907,#1908,#1909,#1910,#1911,#1912,#1913,#1914,#1915,#1916,#1917,
    #1918,#1919,#1920,#1921,#1922,#1923,#1924,#1925,#1926,#1927,#1928,
    #1929,#1930,#1931,#1932,#1933,#1934),.UNSPECIFIED.,.F.,.F.,(9,7,7,7,
    7,7,7,7,7,7,7,7,7,7,7,7,7,9),(0.,6.554039065568E-02,0.113498655499,
    0.233963053434,0.30601257724,0.360256397203,0.421216694629,
    0.459263719942,0.498962171498,0.557543931029,0.611465311186,
    0.679312312653,0.770595241266,0.807126787227,0.853769206982,
    0.923123287187,0.95249044353,1.),.UNSPECIFIED.);
#1814 = CARTESIAN_POINT('',(0.,20.73251887424));
#1815 = CARTESIAN_POINT('',(-5.73713167599E-02,20.798391199928));
#1816 = CARTESIAN_POINT('',(-0.113865948837,20.871384471954));
#1817 = CARTESIAN_POINT('',(-0.169464442745,20.950806744078));
#1818 = CARTESIAN_POINT('',(-0.22416516828,21.036003691153));
#1819 = CARTESIAN_POINT('',(-0.277979119461,21.126368302712));
#1820 = CARTESIAN_POINT('',(-0.330928035198,21.221350857216));
#1821 = CARTESIAN_POINT('',(-0.383045839713,21.320469176957));
#1822 = CARTESIAN_POINT('',(-0.471948946879,21.498578203896));
#1823 = CARTESIAN_POINT('',(-0.509093370655,21.575828643913));
#1824 = CARTESIAN_POINT('',(-0.54583534386,21.654909760749));
#1825 = CARTESIAN_POINT('',(-0.582192808182,21.735671786431));
#1826 = CARTESIAN_POINT('',(-0.618183587958,21.817976217338));
#1827 = CARTESIAN_POINT('',(-0.653826000986,21.901696123606));
#1828 = CARTESIAN_POINT('',(-0.689139469337,21.986716458523));
#1829 = CARTESIAN_POINT('',(-0.812074413445,22.289501597416));
#1830 = CARTESIAN_POINT('',(-0.897975092286,22.513412380005));
#1831 = CARTESIAN_POINT('',(-0.982275149786,22.743230769997));
#1832 = CARTESIAN_POINT('',(-1.06527600628,22.977632638261));
#1833 = CARTESIAN_POINT('',(-1.147262122089,23.215370852821));
#1834 = CARTESIAN_POINT('',(-1.228521549615,23.455282753803));
#1835 = CARTESIAN_POINT('',(-1.309379249401,23.696300918652));
#1836 = CARTESIAN_POINT('',(-1.438660023291,24.081723339517));
#1837 = CARTESIAN_POINT('',(-1.487034025256,24.22595421086));
#1838 = CARTESIAN_POINT('',(-1.535485932074,24.369949105658));
#1839 = CARTESIAN_POINT('',(-1.58410127727,24.513447948476));
#1840 = CARTESIAN_POINT('',(-1.632966196264,24.656151517721));
#1841 = CARTESIAN_POINT('',(-1.682173112294,24.797718781275));
#1842 = CARTESIAN_POINT('',(-1.731829009178,24.93776076575));
#1843 = CARTESIAN_POINT('',(-1.819888359988,25.17977966475));
#1844 = CARTESIAN_POINT('',(-1.858029734432,25.282582139984));
#1845 = CARTESIAN_POINT('',(-1.896549985608,25.384058165794));
#1846 = CARTESIAN_POINT('',(-1.935506787927,25.483976649879));
#1847 = CARTESIAN_POINT('',(-1.974957615982,25.582056225349));
#1848 = CARTESIAN_POINT('',(-2.014962956048,25.677962808309));
#1849 = CARTESIAN_POINT('',(-2.055591031947,25.771304114566));
#1850 = CARTESIAN_POINT('',(-2.143374918178,25.963121222698));
#1851 = CARTESIAN_POINT('',(-2.190682396795,26.060727427388));
#1852 = CARTESIAN_POINT('',(-2.238987165316,26.153857060573));
#1853 = CARTESIAN_POINT('',(-2.288391987372,26.241656945717));
#1854 = CARTESIAN_POINT('',(-2.338965309793,26.323049729905));
#1855 = CARTESIAN_POINT('',(-2.390748634547,26.396754235197));
#1856 = CARTESIAN_POINT('',(-2.443753348935,26.461334958737));
#1857 = CARTESIAN_POINT('',(-2.531747553875,26.549039283236));
#1858 = CARTESIAN_POINT('',(-2.566013096736,26.578614788061));
#1859 = CARTESIAN_POINT('',(-2.600680928299,26.603674464354));
#1860 = CARTESIAN_POINT('',(-2.63569328093,26.623856909656));
#1861 = CARTESIAN_POINT('',(-2.670981748342,26.638845122428));
#1862 = CARTESIAN_POINT('',(-2.706463956572,26.648391435986));
#1863 = CARTESIAN_POINT('',(-2.742038181336,26.652349463303));
#1864 = CARTESIAN_POINT('',(-2.81465615287,26.649005613848));
#1865 = CARTESIAN_POINT('',(-2.851719641073,26.641206482246));
#1866 = CARTESIAN_POINT('',(-2.888617017211,26.627296137589));
#1867 = CARTESIAN_POINT('',(-2.925231828625,26.607421288554));
#1868 = CARTESIAN_POINT('',(-2.961470998644,26.58185232183));
#1869 = CARTESIAN_POINT('',(-2.997258004987,26.550947409288));
#1870 = CARTESIAN_POINT('',(-3.032528767099,26.515123273235));
#1871 = CARTESIAN_POINT('',(-3.118438120875,26.415376941711));
#1872 = CARTESIAN_POINT('',(-3.168401895342,26.346199701423));
#1873 = CARTESIAN_POINT('',(-3.217091043127,26.268596028725));
#1874 = CARTESIAN_POINT('',(-3.264526519787,26.183850421328));
#1875 = CARTESIAN_POINT('',(-3.310757525602,26.093123458374));
#1876 = CARTESIAN_POINT('',(-3.355857283184,25.997397923715));
#1877 = CARTESIAN_POINT('',(-3.399927824405,25.897451364977));
#1878 = CARTESIAN_POINT('',(-3.482844949909,25.698436944559));
#1879 = CARTESIAN_POINT('',(-3.521803253988,25.599992014612));
#1880 = CARTESIAN_POINT('',(-3.560068801739,25.498953486021));
#1881 = CARTESIAN_POINT('',(-3.597717126407,25.395721240535));
#1882 = CARTESIAN_POINT('',(-3.634815637073,25.290636070882));
#1883 = CARTESIAN_POINT('',(-3.671428481237,25.183984210569));
#1884 = CARTESIAN_POINT('',(-3.707619822724,25.075999212862));
#1885 = CARTESIAN_POINT('',(-3.788546102144,24.829537387804));
#1886 = CARTESIAN_POINT('',(-3.833057560068,24.690438260289));
#1887 = CARTESIAN_POINT('',(-3.877113830838,24.549947390858));
#1888 = CARTESIAN_POINT('',(-3.920817820262,24.408403176495));
#1889 = CARTESIAN_POINT('',(-3.96426036507,24.266106339503));
#1890 = CARTESIAN_POINT('',(-4.007527163324,24.123324783923));
#1891 = CARTESIAN_POINT('',(-4.05070368798,23.980295785573));
#1892 = CARTESIAN_POINT('',(-4.151965916333,23.644735458));
#1893 = CARTESIAN_POINT('',(-4.210022037582,23.452265074966));
#1894 = CARTESIAN_POINT('',(-4.268267326708,23.260293958276));
#1895 = CARTESIAN_POINT('',(-4.32689281711,23.069353689238));
#1896 = CARTESIAN_POINT('',(-4.386073734118,22.880026226441));
#1897 = CARTESIAN_POINT('',(-4.445985563649,22.692942972297));
#1898 = CARTESIAN_POINT('',(-4.506822151606,22.508784518474));
#1899 = CARTESIAN_POINT('',(-4.593625785812,22.256043357054));
#1900 = CARTESIAN_POINT('',(-4.618617224758,22.184402383307));
#1901 = CARTESIAN_POINT('',(-4.643803534393,22.113409190854));
#1902 = CARTESIAN_POINT('',(-4.669197717124,22.043119911753));
#1903 = CARTESIAN_POINT('',(-4.694812605495,21.973595566737));
#1904 = CARTESIAN_POINT('',(-4.720661073453,21.904901863682));
#1905 = CARTESIAN_POINT('',(-4.746756247611,21.837108996089));
#1906 = CARTESIAN_POINT('',(-4.806761620394,21.684980723267));
#1907 = CARTESIAN_POINT('',(-4.840833218359,21.601266670992));
#1908 = CARTESIAN_POINT('',(-4.87535609004,21.51930025043));
#1909 = CARTESIAN_POINT('',(-4.910356691594,21.439256188368));
#1910 = CARTESIAN_POINT('',(-4.945858794951,21.36133022436));
#1911 = CARTESIAN_POINT('',(-4.981883925054,21.285736362426));
#1912 = CARTESIAN_POINT('',(-5.018451797096,21.212704122739));
#1913 = CARTESIAN_POINT('',(-5.110788966625,21.038051082584));
#1914 = CARTESIAN_POINT('',(-5.167260617277,20.939782615017));
#1915 = CARTESIAN_POINT('',(-5.225024059335,20.84853741047));
#1916 = CARTESIAN_POINT('',(-5.284074232405,20.765275403981));
#1917 = CARTESIAN_POINT('',(-5.344371027198,20.690975252056));
#1918 = CARTESIAN_POINT('',(-5.405840026103,20.626584281893));
#1919 = CARTESIAN_POINT('',(-5.468354602531,20.572949305065));
#1920 = CARTESIAN_POINT('',(-5.55849205159,20.512788709687));
#1921 = CARTESIAN_POINT('',(-5.585450271007,20.496931577726));
#1922 = CARTESIAN_POINT('',(-5.612534124814,20.483160351713));
#1923 = CARTESIAN_POINT('',(-5.639724870852,20.471511720032));
#1924 = CARTESIAN_POINT('',(-5.667003424558,20.462012078049));
#1925 = CARTESIAN_POINT('',(-5.694349862942,20.454677277074));
#1926 = CARTESIAN_POINT('',(-5.721742928564,20.449512373323));
#1927 = CARTESIAN_POINT('',(-5.793513529702,20.441656429123));
#1928 = CARTESIAN_POINT('',(-5.837942469853,20.442463327019));
#1929 = CARTESIAN_POINT('',(-5.882339650069,20.448911855663));
#1930 = CARTESIAN_POINT('',(-5.926619790972,20.460894124748));
#1931 = CARTESIAN_POINT('',(-5.97071116324,20.478240813976));
#1932 = CARTESIAN_POINT('',(-6.014549490163,20.500738609769));
#1933 = CARTESIAN_POINT('',(-6.058073627176,20.528138833278));
#1934 = CARTESIAN_POINT('',(-6.101223018408,20.560157259696));
#1935 = ( GEOMETRIC_REPRESENTATION_CONTEXT(2) 
PARAMETRIC_REPRESENTATION_CONTEXT() REPRESENTATION_CONTEXT('2D SPACE',''
  ) );
#1936 = ORIENTED_EDGE('',*,*,#1937,.T.);
#1937 = EDGE_CURVE('',#1556,#1554,#1938,.T.);
#1938 = SURFACE_CURVE('',#1939,(#1948,#1960),.PCURVE_S1.);
#1939 = B_SPLINE_CURVE_WITH_KNOTS('',4,(#1940,#1941,#1942,#1943,#1944,
    #1945,#1946,#1947),.UNSPECIFIED.,.F.,.F.,(5,3,5),(0.,0.514614887498,
    1.),.UNSPECIFIED.);
#1940 = CARTESIAN_POINT('',(680.27541474408,117.86779261246,
    76.33911046871));
#1941 = CARTESIAN_POINT('',(680.25773676305,117.96737131139,
    76.320788234897));
#1942 = CARTESIAN_POINT('',(680.23841243359,118.06699625517,
    76.305727890353));
#1943 = CARTESIAN_POINT('',(680.21752046501,118.16644863704,
    76.293889219713));
#1944 = CARTESIAN_POINT('',(680.1740355096,118.3590045515,
    76.277000636431));
#1945 = CARTESIAN_POINT('',(680.15160645856,118.45214755726,
    76.271603643395));
#1946 = CARTESIAN_POINT('',(680.12792336232,118.54481416876,
    76.268945056628));
#1947 = CARTESIAN_POINT('',(680.10305312945,118.63687181743,
    76.268945055925));
#1948 = PCURVE('',#757,#1949);
#1949 = DEFINITIONAL_REPRESENTATION('',(#1950),#1959);
#1950 = B_SPLINE_CURVE_WITH_KNOTS('',4,(#1951,#1952,#1953,#1954,#1955,
    #1956,#1957,#1958),.UNSPECIFIED.,.F.,.F.,(5,3,5),(0.,0.514614887498,
    1.),.UNSPECIFIED.);
#1951 = CARTESIAN_POINT('',(0.296041727128,-1.38649795902));
#1952 = CARTESIAN_POINT('',(0.296052187372,-1.386304383572));
#1953 = CARTESIAN_POINT('',(0.296118710466,-1.386111303432));
#1954 = CARTESIAN_POINT('',(0.296239908662,-1.385919136536));
#1955 = CARTESIAN_POINT('',(0.296578104014,-1.385548171939));
#1956 = CARTESIAN_POINT('',(0.29678771003,-1.385369218562));
#1957 = CARTESIAN_POINT('',(0.297047183,-1.385191726659));
#1958 = CARTESIAN_POINT('',(0.297347582797,-1.385015859139));
#1959 = ( GEOMETRIC_REPRESENTATION_CONTEXT(2) 
PARAMETRIC_REPRESENTATION_CONTEXT() REPRESENTATION_CONTEXT('2D SPACE',''
  ) );
#1960 = PCURVE('',#1807,#1961);
#1961 = DEFINITIONAL_REPRESENTATION('',(#1962),#1971);
#1962 = B_SPLINE_CURVE_WITH_KNOTS('',4,(#1963,#1964,#1965,#1966,#1967,
    #1968,#1969,#1970),.UNSPECIFIED.,.F.,.F.,(5,3,5),(0.,0.514614887498,
    1.),.UNSPECIFIED.);
#1963 = CARTESIAN_POINT('',(-6.101223018408,20.560157259696));
#1964 = CARTESIAN_POINT('',(-6.125046616413,20.577835240727));
#1965 = CARTESIAN_POINT('',(-6.148742011938,20.597159570188));
#1966 = CARTESIAN_POINT('',(-6.172296444352,20.61805153877));
#1967 = CARTESIAN_POINT('',(-6.217777649682,20.661536494179));
#1968 = CARTESIAN_POINT('',(-6.239720783821,20.683965545223));
#1969 = CARTESIAN_POINT('',(-6.261524683961,20.707648641458));
#1970 = CARTESIAN_POINT('',(-6.28318530718,20.732518874331));
#1971 = ( GEOMETRIC_REPRESENTATION_CONTEXT(2) 
PARAMETRIC_REPRESENTATION_CONTEXT() REPRESENTATION_CONTEXT('2D SPACE',''
  ) );
#1972 = FACE_BOUND('',#1973,.F.);
#1973 = EDGE_LOOP('',(#1974));
#1974 = ORIENTED_EDGE('',*,*,#1975,.T.);
#1975 = EDGE_CURVE('',#1976,#1976,#1978,.T.);
#1976 = VERTEX_POINT('',#1977);
#1977 = CARTESIAN_POINT('',(664.56038899319,143.68073661024,
    84.757842394833));
#1978 = SURFACE_CURVE('',#1979,(#2009,#2104),.PCURVE_S1.);
#1979 = B_SPLINE_CURVE_WITH_KNOTS('',3,(#1980,#1981,#1982,#1983,#1984,
    #1985,#1986,#1987,#1988,#1989,#1990,#1991,#1992,#1993,#1994,#1995,
    #1996,#1997,#1998,#1999,#2000,#2001,#2002,#2003,#2004,#2005,#2006,
    #2007,#2008),.UNSPECIFIED.,.T.,.F.,(1,3,1,1,2,2,2,2,2,2,1,1,1,2,2,1,
    2,1,3,1),(-0.132965738005,0.,0.424784431771,0.584078593685,
    0.849568863542,0.928154865213,1.110786220856,1.263140135904,
    1.407647049919,1.588387706985,2.091260128357,2.342696339044,
    2.468414444387,2.59413254973,2.65990514244,2.77677914585,
    2.89365314926,3.292550363276,3.425516101282,3.850300533053),
  .UNSPECIFIED.);
#1980 = CARTESIAN_POINT('',(664.56038899319,143.68073661024,
    84.757842394833));
#1981 = CARTESIAN_POINT('',(663.34810595383,143.55432268772,
    85.775605677175));
#1982 = CARTESIAN_POINT('',(661.70738082094,142.80855705624,
    87.191885476804));
#1983 = CARTESIAN_POINT('',(660.0327556833,140.54057578139,
    88.975091376132));
#1984 = CARTESIAN_POINT('',(659.6236882694,138.98410424232,
    89.706818213513));
#1985 = CARTESIAN_POINT('',(659.67571621488,137.6023550989,
    90.122993096045));
#1986 = CARTESIAN_POINT('',(659.71428280537,137.2811746016,
    90.204936820608));
#1987 = CARTESIAN_POINT('',(659.93756633965,136.20620279004,
    90.426538851839));
#1988 = CARTESIAN_POINT('',(660.25712821359,135.45169943369,
    90.49294107003));
#1989 = CARTESIAN_POINT('',(661.10632882456,134.23986199605,
    90.398922008636));
#1990 = CARTESIAN_POINT('',(661.57645485855,133.76804801673,
    90.277574981788));
#1991 = CARTESIAN_POINT('',(662.58658144461,133.03533753124,
    89.899554564614));
#1992 = CARTESIAN_POINT('',(663.10614934369,132.77305818112,
    89.656221255846));
#1993 = CARTESIAN_POINT('',(664.27638202722,132.37204104002,
    89.010609706014));
#1994 = CARTESIAN_POINT('',(664.91582347296,132.2796848763,
    88.59020946065));
#1995 = CARTESIAN_POINT('',(667.19583967453,132.31601866232,
    86.875880396158));
#1996 = CARTESIAN_POINT('',(669.27716829969,133.42071261596,
    84.597870751115));
#1997 = CARTESIAN_POINT('',(670.49977359775,135.73609833455,
    82.346930834481));
#1998 = CARTESIAN_POINT('',(670.77389898218,137.31794647812,
    81.37718004744));
#1999 = CARTESIAN_POINT('',(670.73455016048,138.26084730479,
    81.018793770665));
#2000 = CARTESIAN_POINT('',(670.60383042243,139.01598639058,
    80.844627969908));
#2001 = CARTESIAN_POINT('',(670.54120880555,139.27946742501,
    80.803078546864));
#2002 = CARTESIAN_POINT('',(670.31771177019,140.01008984593,
    80.743713971647));
#2003 = CARTESIAN_POINT('',(669.90997770659,140.92903581251,
    80.811701500701));
#2004 = CARTESIAN_POINT('',(669.35722532408,141.65783001019,
    81.105299284781));
#2005 = CARTESIAN_POINT('',(668.04268705956,143.0435726603,
    81.919457238645));
#2006 = CARTESIAN_POINT('',(666.47261199212,143.70852969976,
    83.176102238447));
#2007 = CARTESIAN_POINT('',(664.93985701732,143.7203066115,
    84.439262814627));
#2008 = CARTESIAN_POINT('',(664.56038899319,143.68073661024,
    84.757842394833));
#2009 = PCURVE('',#757,#2010);
#2010 = DEFINITIONAL_REPRESENTATION('',(#2011),#2103);
#2011 = B_SPLINE_CURVE_WITH_KNOTS('',3,(#2012,#2013,#2014,#2015,#2016,
    #2017,#2018,#2019,#2020,#2021,#2022,#2023,#2024,#2025,#2026,#2027,
    #2028,#2029,#2030,#2031,#2032,#2033,#2034,#2035,#2036,#2037,#2038,
    #2039,#2040,#2041,#2042,#2043,#2044,#2045,#2046,#2047,#2048,#2049,
    #2050,#2051,#2052,#2053,#2054,#2055,#2056,#2057,#2058,#2059,#2060,
    #2061,#2062,#2063,#2064,#2065,#2066,#2067,#2068,#2069,#2070,#2071,
    #2072,#2073,#2074,#2075,#2076,#2077,#2078,#2079,#2080,#2081,#2082,
    #2083,#2084,#2085,#2086,#2087,#2088,#2089,#2090,#2091,#2092,#2093,
    #2094,#2095,#2096,#2097,#2098,#2099,#2100,#2101,#2102),
  .UNSPECIFIED.,.T.,.F.,(4,1,1,1,1,1,1,1,1,1,1,1,1,1,1,1,1,1,1,1,1,1,1,1
    ,1,1,1,1,1,1,1,1,1,1,1,1,1,1,1,1,1,1,1,1,1,1,1,1,1,1,1,1,1,1,1,1,1,1
    ,1,1,1,1,1,1,1,1,1,1,1,1,1,1,1,1,1,1,1,1,1,1,1,1,1,1,1,1,1,1,4),(0.,
    3.892631933275E-02,7.78526386655E-02,0.116778957998,0.155705277331,
    0.194631596664,0.233557915996,0.272484235329,0.311410554662,
    0.350336873995,0.389263193327,0.42818951266,0.467115831993,
    0.506042151326,0.544968470658,0.583894789991,0.622821109324,
    0.661747428657,0.700673747989,0.739600067322,0.778526386655,
    0.817452705988,0.85637902532,0.895305344653,0.934231663986,
    0.973157983319,1.012084302651,1.051010621984,1.089936941317,
    1.12886326065,1.167789579982,1.206715899315,1.245642218648,
    1.284568537981,1.323494857313,1.362421176646,1.401347495979,
    1.440273815312,1.479200134644,1.518126453977,1.55705277331,
    1.595979092643,1.634905411975,1.673831731308,1.712758050641,
    1.751684369974,1.790610689306,1.829537008639,1.868463327972,
    1.907389647305,1.946315966637,1.98524228597,2.024168605303,
    2.063094924636,2.102021243968,2.140947563301,2.179873882634,
    2.218800201967,2.257726521299,2.296652840632,2.335579159965,
    2.374505479298,2.41343179863,2.452358117963,2.491284437296,
    2.530210756629,2.569137075961,2.608063395294,2.646989714627,
    2.68591603396,2.724842353292,2.763768672625,2.802694991958,
    2.841621311291,2.880547630623,2.919473949956,2.958400269289,
    2.997326588622,3.036252907954,3.075179227287,3.11410554662,
    3.153031865953,3.191958185285,3.230884504618,3.269810823951,
    3.308737143284,3.347663462616,3.386589781949,3.425516101282),
  .QUASI_UNIFORM_KNOTS.);
#2012 = CARTESIAN_POINT('',(0.573092607791,-1.338439615052));
#2013 = CARTESIAN_POINT('',(0.57531757013,-1.338464385522));
#2014 = CARTESIAN_POINT('',(0.579763830325,-1.338526388881));
#2015 = CARTESIAN_POINT('',(0.586404603223,-1.338656972316));
#2016 = CARTESIAN_POINT('',(0.592999174955,-1.338825324401));
#2017 = CARTESIAN_POINT('',(0.599529821127,-1.339031638508));
#2018 = CARTESIAN_POINT('',(0.605978748573,-1.33927611056));
#2019 = CARTESIAN_POINT('',(0.6123280991,-1.339558939679));
#2020 = CARTESIAN_POINT('',(0.618559973366,-1.339880328523));
#2021 = CARTESIAN_POINT('',(0.624656439488,-1.34024048367));
#2022 = CARTESIAN_POINT('',(0.630599576464,-1.340639616144));
#2023 = CARTESIAN_POINT('',(0.636371384428,-1.341077941331));
#2024 = CARTESIAN_POINT('',(0.641954180674,-1.341555681189));
#2025 = CARTESIAN_POINT('',(0.647329161339,-1.342073057897));
#2026 = CARTESIAN_POINT('',(0.652463262013,-1.342630234535));
#2027 = CARTESIAN_POINT('',(0.657324136817,-1.343227386258));
#2028 = CARTESIAN_POINT('',(0.661879091377,-1.343864692501));
#2029 = CARTESIAN_POINT('',(0.666095451482,-1.344542350903));
#2030 = CARTESIAN_POINT('',(0.669930189493,-1.345258197353));
#2031 = CARTESIAN_POINT('',(0.673340237825,-1.346010084369));
#2032 = CARTESIAN_POINT('',(0.676282322343,-1.346795837265));
#2033 = CARTESIAN_POINT('',(0.678713784853,-1.347613456876));
#2034 = CARTESIAN_POINT('',(0.680589494249,-1.348460353026));
#2035 = CARTESIAN_POINT('',(0.681873394499,-1.349336208027));
#2036 = CARTESIAN_POINT('',(0.682492717887,-1.350231632727));
#2037 = CARTESIAN_POINT('',(0.682417601762,-1.351141162285));
#2038 = CARTESIAN_POINT('',(0.681579595828,-1.352056341339));
#2039 = CARTESIAN_POINT('',(0.679965825409,-1.35296440003));
#2040 = CARTESIAN_POINT('',(0.677578418138,-1.353855187939));
#2041 = CARTESIAN_POINT('',(0.674420805909,-1.35471756043));
#2042 = CARTESIAN_POINT('',(0.670474874132,-1.355541689831));
#2043 = CARTESIAN_POINT('',(0.665869289817,-1.356306938137));
#2044 = CARTESIAN_POINT('',(0.660651315888,-1.357011276828));
#2045 = CARTESIAN_POINT('',(0.654873796772,-1.357650526715));
#2046 = CARTESIAN_POINT('',(0.648577895503,-1.358220987711));
#2047 = CARTESIAN_POINT('',(0.641943930346,-1.358713241283));
#2048 = CARTESIAN_POINT('',(0.635013486128,-1.359130718722));
#2049 = CARTESIAN_POINT('',(0.627841746778,-1.359474740113));
#2050 = CARTESIAN_POINT('',(0.62050280444,-1.359747129414));
#2051 = CARTESIAN_POINT('',(0.613085278401,-1.35995100124));
#2052 = CARTESIAN_POINT('',(0.605609180064,-1.360089373039));
#2053 = CARTESIAN_POINT('',(0.598111787552,-1.360165628252));
#2054 = CARTESIAN_POINT('',(0.590626320416,-1.360181770799));
#2055 = CARTESIAN_POINT('',(0.583185647656,-1.360145521031));
#2056 = CARTESIAN_POINT('',(0.575803602005,-1.360059813994));
#2057 = CARTESIAN_POINT('',(0.568495842823,-1.359926111235));
#2058 = CARTESIAN_POINT('',(0.561277845429,-1.359746273854));
#2059 = CARTESIAN_POINT('',(0.554165410034,-1.359522061738));
#2060 = CARTESIAN_POINT('',(0.547174495074,-1.359255268783));
#2061 = CARTESIAN_POINT('',(0.540321231422,-1.358947687666));
#2062 = CARTESIAN_POINT('',(0.53362188963,-1.358601120054));
#2063 = CARTESIAN_POINT('',(0.527092858001,-1.358217375159));
#2064 = CARTESIAN_POINT('',(0.520750631066,-1.357798269105));
#2065 = CARTESIAN_POINT('',(0.514611755181,-1.35734563232));
#2066 = CARTESIAN_POINT('',(0.508692947542,-1.356861283635));
#2067 = CARTESIAN_POINT('',(0.503010579209,-1.356347129145));
#2068 = CARTESIAN_POINT('',(0.497582657418,-1.355804773202));
#2069 = CARTESIAN_POINT('',(0.492431878023,-1.355234947806));
#2070 = CARTESIAN_POINT('',(0.487580453231,-1.354638530884));
#2071 = CARTESIAN_POINT('',(0.483050947988,-1.354016363304));
#2072 = CARTESIAN_POINT('',(0.478865992556,-1.353369355271));
#2073 = CARTESIAN_POINT('',(0.475048476919,-1.352698246777));
#2074 = CARTESIAN_POINT('',(0.47162095137,-1.352004462149));
#2075 = CARTESIAN_POINT('',(0.46861113366,-1.3512835571));
#2076 = CARTESIAN_POINT('',(0.466050879728,-1.350530320328));
#2077 = CARTESIAN_POINT('',(0.463961301071,-1.349738441348));
#2078 = CARTESIAN_POINT('',(0.46241883729,-1.348908991814));
#2079 = CARTESIAN_POINT('',(0.461534374455,-1.348049185878));
#2080 = CARTESIAN_POINT('',(0.461420117366,-1.347161934072));
#2081 = CARTESIAN_POINT('',(0.462149845155,-1.346266433624));
#2082 = CARTESIAN_POINT('',(0.46375742206,-1.345374539919));
#2083 = CARTESIAN_POINT('',(0.466280529681,-1.344511289642));
#2084 = CARTESIAN_POINT('',(0.469587529491,-1.343690715927));
#2085 = CARTESIAN_POINT('',(0.473580178542,-1.342930858754));
#2086 = CARTESIAN_POINT('',(0.478166752169,-1.342236849988));
#2087 = CARTESIAN_POINT('',(0.483270846488,-1.341608017568));
#2088 = CARTESIAN_POINT('',(0.488797488006,-1.341045227414));
#2089 = CARTESIAN_POINT('',(0.494551424311,-1.340543653597));
#2090 = CARTESIAN_POINT('',(0.500535556905,-1.340101199743));
#2091 = CARTESIAN_POINT('',(0.506712489121,-1.339715256471));
#2092 = CARTESIAN_POINT('',(0.513055722445,-1.339383346758));
#2093 = CARTESIAN_POINT('',(0.519535956215,-1.339102955893));
#2094 = CARTESIAN_POINT('',(0.526124757962,-1.338871577079));
#2095 = CARTESIAN_POINT('',(0.532793679439,-1.338686708979));
#2096 = CARTESIAN_POINT('',(0.539514243027,-1.338545828946));
#2097 = CARTESIAN_POINT('',(0.546259016307,-1.338446510676));
#2098 = CARTESIAN_POINT('',(0.552997470082,-1.33838598767));
#2099 = CARTESIAN_POINT('',(0.559713734347,-1.338363010313));
#2100 = CARTESIAN_POINT('',(0.56641272293,-1.33837851345));
#2101 = CARTESIAN_POINT('',(0.570867621956,-1.33841484478));
#2102 = CARTESIAN_POINT('',(0.573092607791,-1.338439615052));
#2103 = ( GEOMETRIC_REPRESENTATION_CONTEXT(2) 
PARAMETRIC_REPRESENTATION_CONTEXT() REPRESENTATION_CONTEXT('2D SPACE',''
  ) );
#2104 = PCURVE('',#2105,#2222);
#2105 = B_SPLINE_SURFACE_WITH_KNOTS('',3,3,(
    (#2106,#2107,#2108,#2109,#2110,#2111,#2112,#2113,#2114,#2115,#2116
      ,#2117,#2118,#2119,#2120,#2121,#2122,#2123,#2124,#2125,#2126,#2127
      ,#2128,#2129,#2130,#2131,#2132,#2133,#2134)
    ,(#2135,#2136,#2137,#2138,#2139,#2140,#2141,#2142,#2143,#2144,#2145
      ,#2146,#2147,#2148,#2149,#2150,#2151,#2152,#2153,#2154,#2155,#2156
      ,#2157,#2158,#2159,#2160,#2161,#2162,#2163)
    ,(#2164,#2165,#2166,#2167,#2168,#2169,#2170,#2171,#2172,#2173,#2174
      ,#2175,#2176,#2177,#2178,#2179,#2180,#2181,#2182,#2183,#2184,#2185
      ,#2186,#2187,#2188,#2189,#2190,#2191,#2192)
    ,(#2193,#2194,#2195,#2196,#2197,#2198,#2199,#2200,#2201,#2202,#2203
      ,#2204,#2205,#2206,#2207,#2208,#2209,#2210,#2211,#2212,#2213,#2214
      ,#2215,#2216,#2217,#2218,#2219,#2220,#2221
  )),.UNSPECIFIED.,.F.,.T.,.F.,(4,4),(1,3,1,2,1,2,2,1,1,1,2,2,2,2,2,2,1,
    1,3,1),(0.,1.),(-3.850300533053,-3.425516101282,-3.292550363276,
    -2.89365314926,-2.77677914585,-2.65990514244,-2.59413254973,
    -2.468414444387,-2.342696339044,-2.091260128357,-1.588387706985,
    -1.407647049919,-1.263140135904,-1.110786220856,-0.928154865213,
    -0.849568863542,-0.584078593685,-0.424784431771,0.,0.132965738005),
  .UNSPECIFIED.);
#2106 = CARTESIAN_POINT('',(664.56038899319,143.68073661024,
    84.757842394833));
#2107 = CARTESIAN_POINT('',(664.93985701732,143.7203066115,
    84.439262814627));
#2108 = CARTESIAN_POINT('',(666.47261199212,143.70852969976,
    83.176102238447));
#2109 = CARTESIAN_POINT('',(668.04268705956,143.0435726603,
    81.919457238645));
#2110 = CARTESIAN_POINT('',(669.35722532408,141.65783001019,
    81.105299284781));
#2111 = CARTESIAN_POINT('',(669.90997770659,140.92903581251,
    80.811701500701));
#2112 = CARTESIAN_POINT('',(670.31771177019,140.01008984593,
    80.743713971647));
#2113 = CARTESIAN_POINT('',(670.54120880555,139.27946742501,
    80.803078546864));
#2114 = CARTESIAN_POINT('',(670.60383042243,139.01598639058,
    80.844627969908));
#2115 = CARTESIAN_POINT('',(670.73455016048,138.26084730479,
    81.018793770665));
#2116 = CARTESIAN_POINT('',(670.77389898218,137.31794647812,
    81.37718004744));
#2117 = CARTESIAN_POINT('',(670.49977359775,135.73609833455,
    82.346930834481));
#2118 = CARTESIAN_POINT('',(669.27716829969,133.42071261596,
    84.597870751115));
#2119 = CARTESIAN_POINT('',(667.19583967453,132.31601866232,
    86.875880396158));
#2120 = CARTESIAN_POINT('',(664.91582347296,132.2796848763,
    88.59020946065));
#2121 = CARTESIAN_POINT('',(664.27638202722,132.37204104002,
    89.010609706014));
#2122 = CARTESIAN_POINT('',(663.10614934369,132.77305818112,
    89.656221255846));
#2123 = CARTESIAN_POINT('',(662.58658144461,133.03533753124,
    89.899554564614));
#2124 = CARTESIAN_POINT('',(661.57645485855,133.76804801673,
    90.277574981788));
#2125 = CARTESIAN_POINT('',(661.10632882456,134.23986199605,
    90.398922008636));
#2126 = CARTESIAN_POINT('',(660.25712821359,135.45169943369,
    90.49294107003));
#2127 = CARTESIAN_POINT('',(659.93756633965,136.20620279004,
    90.426538851839));
#2128 = CARTESIAN_POINT('',(659.71428280537,137.2811746016,
    90.204936820608));
#2129 = CARTESIAN_POINT('',(659.67571621488,137.6023550989,
    90.122993096045));
#2130 = CARTESIAN_POINT('',(659.6236882694,138.98410424232,
    89.706818213513));
#2131 = CARTESIAN_POINT('',(660.0327556833,140.54057578139,
    88.975091376132));
#2132 = CARTESIAN_POINT('',(661.70738082094,142.80855705624,
    87.191885476804));
#2133 = CARTESIAN_POINT('',(663.34810595383,143.55432268772,
    85.775605677175));
#2134 = CARTESIAN_POINT('',(664.56038899319,143.68073661024,
    84.757842394833));
#2135 = CARTESIAN_POINT('',(664.42922891683,143.32553559362,
    84.558535467233));
#2136 = CARTESIAN_POINT('',(664.79305637607,143.37899805338,
    84.251011274195));
#2137 = CARTESIAN_POINT('',(666.26950246565,143.42929275006,
    83.029032147022));
#2138 = CARTESIAN_POINT('',(667.83018724229,142.84935718721,
    81.806894322522));
#2139 = CARTESIAN_POINT('',(669.15522983918,141.53164406542,
    81.015832075258));
#2140 = CARTESIAN_POINT('',(669.71277817533,140.8303826341,
    80.73058718455));
#2141 = CARTESIAN_POINT('',(670.11897574636,139.93168547509,
    80.665632418044));
#2142 = CARTESIAN_POINT('',(670.33456117701,139.21451685667,
    80.72437347353));
#2143 = CARTESIAN_POINT('',(670.39352976905,138.95562259593,
    80.76525079941));
#2144 = CARTESIAN_POINT('',(670.51045992149,138.21382039152,
    80.935925325748));
#2145 = CARTESIAN_POINT('',(670.52570889202,137.28797410838,
    81.286477616272));
#2146 = CARTESIAN_POINT('',(670.19927907322,135.75021124861,
    82.232638050856));
#2147 = CARTESIAN_POINT('',(668.89849537928,133.54237934646,
    84.42412770265));
#2148 = CARTESIAN_POINT('',(666.83575096543,132.58407458424,
    86.616973738749));
#2149 = CARTESIAN_POINT('',(664.6964414059,132.63340609089,
    88.227303450986));
#2150 = CARTESIAN_POINT('',(664.10657206147,132.73859732857,
    88.618544118727));
#2151 = CARTESIAN_POINT('',(663.04542304685,133.13646761769,
    89.21264421959));
#2152 = CARTESIAN_POINT('',(662.58061377985,133.38524876445,
    89.434456677656));
#2153 = CARTESIAN_POINT('',(661.6842497388,134.06055261937,
    89.777311147034));
#2154 = CARTESIAN_POINT('',(661.27029107759,134.48625391235,
    89.886894142272));
#2155 = CARTESIAN_POINT('',(660.51843116736,135.57113000856,
    89.973381492777));
#2156 = CARTESIAN_POINT('',(660.23081016892,136.24287605468,
    89.915388138312));
#2157 = CARTESIAN_POINT('',(660.01867847484,137.2096103715,
    89.715959911063));
#2158 = CARTESIAN_POINT('',(659.9799892921,137.49977446802,
    89.641605538597));
#2159 = CARTESIAN_POINT('',(659.91071182359,138.75287924893,
    89.263005760593));
#2160 = CARTESIAN_POINT('',(660.24545417613,140.1965255268,88.585562888)
  );
#2161 = CARTESIAN_POINT('',(661.73746111071,142.37485361565,
    86.901577637755));
#2162 = CARTESIAN_POINT('',(663.26712477064,143.15580131348,
    85.541471772803));
#2163 = CARTESIAN_POINT('',(664.42922891683,143.32553559362,
    84.558535467233));
#2164 = CARTESIAN_POINT('',(664.29806884047,142.970334577,
    84.359228539634));
#2165 = CARTESIAN_POINT('',(664.64493728915,143.03710088015,
    84.062361869694));
#2166 = CARTESIAN_POINT('',(666.0667261453,143.1502642419,
    82.882055223424));
#2167 = CARTESIAN_POINT('',(667.61867859077,142.65554073955,
    81.694487060139));
#2168 = CARTESIAN_POINT('',(668.95227257442,141.40534931182,
    80.926043483516));
#2169 = CARTESIAN_POINT('',(669.51593593443,140.73214006258,
    80.649485641765));
#2170 = CARTESIAN_POINT('',(669.91950945186,139.85328221547,
    80.587273889121));
#2171 = CARTESIAN_POINT('',(670.12799126392,139.15001696097,
    80.645610913643));
#2172 = CARTESIAN_POINT('',(670.18295151823,138.89568692112,
    80.685706435926));
#2173 = CARTESIAN_POINT('',(670.28633897511,138.16692117465,
    80.85297944428));
#2174 = CARTESIAN_POINT('',(670.27713402383,137.25911611403,
    81.195502335332));
#2175 = CARTESIAN_POINT('',(669.89898118625,135.76496529383,
    82.118232657384));
#2176 = CARTESIAN_POINT('',(668.51941781126,133.66328748318,
    84.250435621643));
#2177 = CARTESIAN_POINT('',(666.47576312692,132.85691102488,
    86.356952453456));
#2178 = CARTESIAN_POINT('',(664.47688582858,132.98352007592,
    87.865234401738));
#2179 = CARTESIAN_POINT('',(663.93669627377,133.10507661485,
    88.226511698502));
#2180 = CARTESIAN_POINT('',(662.98444478695,133.49781491819,
    88.769620807118));
#2181 = CARTESIAN_POINT('',(662.57461230264,133.73439686098,
    88.969538118447));
#2182 = CARTESIAN_POINT('',(661.79171180796,134.35163473814,
    89.277501023289));
#2183 = CARTESIAN_POINT('',(661.4341675721,134.73168110212,
    89.375136524731));
#2184 = CARTESIAN_POINT('',(660.77946819602,135.68944048523,
    89.454182312762));
#2185 = CARTESIAN_POINT('',(660.52324585143,136.2785747563,
    89.404767771673));
#2186 = CARTESIAN_POINT('',(660.32324077144,137.13708433343,
    89.227186152678));
#2187 = CARTESIAN_POINT('',(660.28364597664,137.39570772171,
    89.160832655812));
#2188 = CARTESIAN_POINT('',(660.19952651112,138.52288270765,
    88.818231871549));
#2189 = CARTESIAN_POINT('',(660.45894200143,139.85164144034,
    88.196157349779));
#2190 = CARTESIAN_POINT('',(661.76845215938,141.94176917622,
    86.610801564658));
#2191 = CARTESIAN_POINT('',(663.18971924469,142.75597512364,
    85.307134217488));
#2192 = CARTESIAN_POINT('',(664.29806884047,142.970334577,
    84.359228539634));
#2193 = CARTESIAN_POINT('',(664.1669087641,142.61513356038,
    84.159921612034));
#2194 = CARTESIAN_POINT('',(664.4981366479,142.69579232203,
    83.874110329261));
#2195 = CARTESIAN_POINT('',(665.86361661882,142.87102729221,
    82.734985131999));
#2196 = CARTESIAN_POINT('',(667.4061787735,142.46132526646,
    81.581924144016));
#2197 = CARTESIAN_POINT('',(668.75027708952,141.27916336705,
    80.836576273993));
#2198 = CARTESIAN_POINT('',(669.31873640317,140.63348688416,
    80.568371325614));
#2199 = CARTESIAN_POINT('',(669.72077342803,139.77487784463,
    80.509192335518));
#2200 = CARTESIAN_POINT('',(669.92134363537,139.08506639263,
    80.56690584031));
#2201 = CARTESIAN_POINT('',(669.97265086485,138.83532312646,
    80.606329265428));
#2202 = CARTESIAN_POINT('',(670.06224873613,138.11989426137,
    80.770110999363));
#2203 = CARTESIAN_POINT('',(670.02894393368,137.22914374429,
    81.104799904164));
#2204 = CARTESIAN_POINT('',(669.59848666172,135.77907820789,
    82.00393987376));
#2205 = CARTESIAN_POINT('',(668.14074489084,133.78495421367,
    84.076692573177));
#2206 = CARTESIAN_POINT('',(666.11567441782,133.1249669468,
    86.098045796047));
#2207 = CARTESIAN_POINT('',(664.25750376152,133.33724129051,
    87.502328392075));
#2208 = CARTESIAN_POINT('',(663.76688630801,133.4716329034,
    87.834446111214));
#2209 = CARTESIAN_POINT('',(662.9237184901,133.86122435476,
    88.326043770862));
#2210 = CARTESIAN_POINT('',(662.56864463787,134.08430809419,
    88.504440231489));
#2211 = CARTESIAN_POINT('',(661.89950668821,134.64413934077,
    88.777237188536));
#2212 = CARTESIAN_POINT('',(661.59812982513,134.97807301842,
    88.863108658367));
#2213 = CARTESIAN_POINT('',(661.0407711498,135.80887106011,
    88.934622735509));
#2214 = CARTESIAN_POINT('',(660.8164896807,136.31524802094,
    88.893617058147));
#2215 = CARTESIAN_POINT('',(660.62763644091,137.06552010333,
    88.738209243134));
#2216 = CARTESIAN_POINT('',(660.58791905386,137.29312709083,
    88.679445098364));
#2217 = CARTESIAN_POINT('',(660.48655006531,138.29165771426,
    88.374419418629));
#2218 = CARTESIAN_POINT('',(660.67164049426,139.50759118576,
    87.806628861648));
#2219 = CARTESIAN_POINT('',(661.79853244914,141.50806573564,
    86.320493725609));
#2220 = CARTESIAN_POINT('',(663.10873806151,142.3574537494,
    85.073000313116));
#2221 = CARTESIAN_POINT('',(664.1669087641,142.61513356038,
    84.159921612034));
#2222 = DEFINITIONAL_REPRESENTATION('',(#2223),#2227);
#2223 = LINE('',#2224,#2225);
#2224 = CARTESIAN_POINT('',(6.302424838479E-14,0.));
#2225 = VECTOR('',#2226,1.);
#2226 = DIRECTION('',(0.,-1.));
#2227 = ( GEOMETRIC_REPRESENTATION_CONTEXT(2) 
PARAMETRIC_REPRESENTATION_CONTEXT() REPRESENTATION_CONTEXT('2D SPACE',''
  ) );
#2228 = ADVANCED_FACE('',(#2229),#727,.T.);
#2229 = FACE_BOUND('',#2230,.T.);
#2230 = EDGE_LOOP('',(#2231,#2259,#2287,#2308));
#2231 = ORIENTED_EDGE('',*,*,#2232,.F.);
#2232 = EDGE_CURVE('',#2233,#712,#2235,.T.);
#2233 = VERTEX_POINT('',#2234);
#2234 = CARTESIAN_POINT('',(701.451142267,22.751232247345,66.5));
#2235 = SURFACE_CURVE('',#2236,(#2241,#2252),.PCURVE_S1.);
#2236 = ELLIPSE('',#2237,512.7904390023,505.);
#2237 = AXIS2_PLACEMENT_3D('',#2238,#2239,#2240);
#2238 = CARTESIAN_POINT('',(701.451142267,22.751232247345,-438.5));
#2239 = DIRECTION('',(-0.984807753012,-0.173648177667,0.));
#2240 = DIRECTION('',(-0.173648177667,0.984807753012,4.503328680841E-16)
  );
#2241 = PCURVE('',#727,#2242);
#2242 = DEFINITIONAL_REPRESENTATION('',(#2243),#2251);
#2243 = ( BOUNDED_CURVE() B_SPLINE_CURVE(2,(#2244,#2245,#2246,#2247,
#2248,#2249,#2250),.UNSPECIFIED.,.T.,.F.) B_SPLINE_CURVE_WITH_KNOTS((1,2
    ,2,2,2,1),(-2.094395102393,0.,2.094395102393,4.188790204786,
6.28318530718,8.377580409573),.UNSPECIFIED.) CURVE() 
GEOMETRIC_REPRESENTATION_ITEM() RATIONAL_B_SPLINE_CURVE((1.,0.5,1.,0.5,
1.,0.5,1.)) REPRESENTATION_ITEM('') );
#2244 = CARTESIAN_POINT('',(560.60283625819,-497.5));
#2245 = CARTESIAN_POINT('',(560.60283625819,-1.372185657822E+03));
#2246 = CARTESIAN_POINT('',(-208.5828222452,-934.8428289111));
#2247 = CARTESIAN_POINT('',(-977.7684807487,-497.5));
#2248 = CARTESIAN_POINT('',(-208.5828222452,-60.15717108885));
#2249 = CARTESIAN_POINT('',(560.60283625819,377.18565782228));
#2250 = CARTESIAN_POINT('',(560.60283625819,-497.5));
#2251 = ( GEOMETRIC_REPRESENTATION_CONTEXT(2) 
PARAMETRIC_REPRESENTATION_CONTEXT() REPRESENTATION_CONTEXT('2D SPACE',''
  ) );
#2252 = PCURVE('',#1516,#2253);
#2253 = DEFINITIONAL_REPRESENTATION('',(#2254),#2258);
#2254 = LINE('',#2255,#2256);
#2255 = CARTESIAN_POINT('',(6.589583491905E-14,-6.28318530718));
#2256 = VECTOR('',#2257,1.);
#2257 = DIRECTION('',(-1.429021797228E-14,1.));
#2258 = ( GEOMETRIC_REPRESENTATION_CONTEXT(2) 
PARAMETRIC_REPRESENTATION_CONTEXT() REPRESENTATION_CONTEXT('2D SPACE',''
  ) );
#2259 = ORIENTED_EDGE('',*,*,#2260,.F.);
#2260 = EDGE_CURVE('',#2261,#2233,#2263,.T.);
#2261 = VERTEX_POINT('',#2262);
#2262 = CARTESIAN_POINT('',(705.38893663124,0.418890660016,66.5));
#2263 = SURFACE_CURVE('',#2264,(#2268,#2275),.PCURVE_S1.);
#2264 = LINE('',#2265,#2266);
#2265 = CARTESIAN_POINT('',(697.21675547496,46.76563307826,66.5));
#2266 = VECTOR('',#2267,1.);
#2267 = DIRECTION('',(-0.173648177667,0.984807753012,0.));
#2268 = PCURVE('',#727,#2269);
#2269 = DEFINITIONAL_REPRESENTATION('',(#2270),#2274);
#2270 = LINE('',#2271,#2272);
#2271 = CARTESIAN_POINT('',(72.197258928096,7.5));
#2272 = VECTOR('',#2273,1.);
#2273 = DIRECTION('',(1.,0.));
#2274 = ( GEOMETRIC_REPRESENTATION_CONTEXT(2) 
PARAMETRIC_REPRESENTATION_CONTEXT() REPRESENTATION_CONTEXT('2D SPACE',''
  ) );
#2275 = PCURVE('',#2276,#2281);
#2276 = CYLINDRICAL_SURFACE('',#2277,42.5);
#2277 = AXIS2_PLACEMENT_3D('',#2278,#2279,#2280);
#2278 = CARTESIAN_POINT('',(655.36242597194,39.385585527416,66.5));
#2279 = DIRECTION('',(-0.173648177667,0.984807753012,0.));
#2280 = DIRECTION('',(0.69636424032,0.122787803969,0.707106781187));
#2281 = DEFINITIONAL_REPRESENTATION('',(#2282),#2286);
#2282 = LINE('',#2283,#2284);
#2283 = CARTESIAN_POINT('',(7.068583470577,-4.263256414561E-14));
#2284 = VECTOR('',#2285,1.);
#2285 = DIRECTION('',(3.91667389807E-17,1.));
#2286 = ( GEOMETRIC_REPRESENTATION_CONTEXT(2) 
PARAMETRIC_REPRESENTATION_CONTEXT() REPRESENTATION_CONTEXT('2D SPACE',''
  ) );
#2287 = ORIENTED_EDGE('',*,*,#2288,.F.);
#2288 = EDGE_CURVE('',#679,#2261,#2289,.T.);
#2289 = SURFACE_CURVE('',#2290,(#2294,#2301),.PCURVE_S1.);
#2290 = LINE('',#2291,#2292);
#2291 = CARTESIAN_POINT('',(705.38893663124,0.418890660016,109.));
#2292 = VECTOR('',#2293,1.);
#2293 = DIRECTION('',(0.,0.,1.));
#2294 = PCURVE('',#727,#2295);
#2295 = DEFINITIONAL_REPRESENTATION('',(#2296),#2300);
#2296 = LINE('',#2297,#2298);
#2297 = CARTESIAN_POINT('',(25.135543302396,50.));
#2298 = VECTOR('',#2299,1.);
#2299 = DIRECTION('',(0.,1.));
#2300 = ( GEOMETRIC_REPRESENTATION_CONTEXT(2) 
PARAMETRIC_REPRESENTATION_CONTEXT() REPRESENTATION_CONTEXT('2D SPACE',''
  ) );
#2301 = PCURVE('',#699,#2302);
#2302 = DEFINITIONAL_REPRESENTATION('',(#2303),#2307);
#2303 = LINE('',#2304,#2305);
#2304 = CARTESIAN_POINT('',(4.537856055185,0.));
#2305 = VECTOR('',#2306,1.);
#2306 = DIRECTION('',(0.,-1.));
#2307 = ( GEOMETRIC_REPRESENTATION_CONTEXT(2) 
PARAMETRIC_REPRESENTATION_CONTEXT() REPRESENTATION_CONTEXT('2D SPACE',''
  ) );
#2308 = ORIENTED_EDGE('',*,*,#711,.F.);
#2309 = ADVANCED_FACE('',(#2310),#699,.T.);
#2310 = FACE_BOUND('',#2311,.T.);
#2311 = EDGE_LOOP('',(#2312,#2374,#2395,#2396));
#2312 = ORIENTED_EDGE('',*,*,#2313,.F.);
#2313 = EDGE_CURVE('',#2314,#2261,#2316,.T.);
#2314 = VERTEX_POINT('',#2315);
#2315 = CARTESIAN_POINT('',(646.30047145051,-70.,66.5));
#2316 = SURFACE_CURVE('',#2317,(#2322,#2329),.PCURVE_S1.);
#2317 = CIRCLE('',#2318,60.);
#2318 = AXIS2_PLACEMENT_3D('',#2319,#2320,#2321);
#2319 = CARTESIAN_POINT('',(646.30047145051,-10.,66.5));
#2320 = DIRECTION('',(-0.,0.,1.));
#2321 = DIRECTION('',(0.766044443119,-0.642787609687,0.));
#2322 = PCURVE('',#699,#2323);
#2323 = DEFINITIONAL_REPRESENTATION('',(#2324),#2328);
#2324 = LINE('',#2325,#2326);
#2325 = CARTESIAN_POINT('',(11.693705988362,42.5));
#2326 = VECTOR('',#2327,1.);
#2327 = DIRECTION('',(-1.,0.));
#2328 = ( GEOMETRIC_REPRESENTATION_CONTEXT(2) 
PARAMETRIC_REPRESENTATION_CONTEXT() REPRESENTATION_CONTEXT('2D SPACE',''
  ) );
#2329 = PCURVE('',#2330,#2346);
#2330 = ( BOUNDED_SURFACE() B_SPLINE_SURFACE(2,2,(
    (#2331,#2332,#2333,#2334,#2335)
    ,(#2336,#2337,#2338,#2339,#2340)
    ,(#2341,#2342,#2343,#2344,#2345
)),.UNSPECIFIED.,.F.,.F.,.F.) B_SPLINE_SURFACE_WITH_KNOTS((3,3),(3,2,3),
  (0.,1.570796326795),(-1.570796326795,-0.698131700798,0.174532925199),
.UNSPECIFIED.) GEOMETRIC_REPRESENTATION_ITEM() RATIONAL_B_SPLINE_SURFACE
((
    (1.,0.906307787037,1.,0.906307787037,1.)
    ,(0.707106781187,0.640856382056,0.707106781187,0.640856382056
      ,0.707106781187)
,(1.,0.906307787037,1.,0.906307787037,1.
))) REPRESENTATION_ITEM('') SURFACE() );
#2331 = CARTESIAN_POINT('',(646.30047145051,-70.,66.5));
#2332 = CARTESIAN_POINT('',(674.27893093981,-70.,66.5));
#2333 = CARTESIAN_POINT('',(692.26313803765,-48.56725658119,66.5));
#2334 = CARTESIAN_POINT('',(710.24734513549,-27.13451316238,66.5));
#2335 = CARTESIAN_POINT('',(705.38893663124,0.418890660016,66.5));
#2336 = CARTESIAN_POINT('',(646.30047145051,-70.,109.));
#2337 = CARTESIAN_POINT('',(674.27893093981,-70.,109.));
#2338 = CARTESIAN_POINT('',(692.26313803765,-48.56725658119,109.));
#2339 = CARTESIAN_POINT('',(710.24734513549,-27.13451316238,109.));
#2340 = CARTESIAN_POINT('',(705.38893663124,0.418890660016,109.));
#2341 = CARTESIAN_POINT('',(646.30047145051,-27.5,109.));
#2342 = CARTESIAN_POINT('',(654.46085546822,-27.5,109.));
#2343 = CARTESIAN_POINT('',(659.70624920509,-21.24878316951,109.));
#2344 = CARTESIAN_POINT('',(664.95164294196,-14.99756633902,109.));
#2345 = CARTESIAN_POINT('',(663.53460712822,-6.961156890829,109.));
#2346 = DEFINITIONAL_REPRESENTATION('',(#2347),#2373);
#2347 = B_SPLINE_CURVE_WITH_KNOTS('',3,(#2348,#2349,#2350,#2351,#2352,
    #2353,#2354,#2355,#2356,#2357,#2358,#2359,#2360,#2361,#2362,#2363,
    #2364,#2365,#2366,#2367,#2368,#2369,#2370,#2371,#2372),
  .UNSPECIFIED.,.F.,.F.,(4,1,1,1,1,1,1,1,1,1,1,1,1,1,1,1,1,1,1,1,1,1,4),
  (5.410520681182,5.489853829,5.569186976818,5.648520124636,
    5.727853272454,5.807186420272,5.88651956809,5.965852715908,
    6.045185863726,6.124519011544,6.203852159362,6.28318530718,
    6.362518454998,6.441851602815,6.521184750633,6.600517898451,
    6.679851046269,6.759184194087,6.838517341905,6.917850489723,
    6.997183637541,7.076516785359,7.155849933177),
  .QUASI_UNIFORM_KNOTS.);
#2348 = CARTESIAN_POINT('',(0.,-1.570796326795));
#2349 = CARTESIAN_POINT('',(0.,-1.543495025733));
#2350 = CARTESIAN_POINT('',(0.,-1.489367918624));
#2351 = CARTESIAN_POINT('',(0.,-1.409333149942));
#2352 = CARTESIAN_POINT('',(0.,-1.330178862697));
#2353 = CARTESIAN_POINT('',(0.,-1.251646507548));
#2354 = CARTESIAN_POINT('',(0.,-1.173483817074));
#2355 = CARTESIAN_POINT('',(0.,-1.095444450911));
#2356 = CARTESIAN_POINT('',(0.,-1.017280318086));
#2357 = CARTESIAN_POINT('',(0.,-0.93875373234));
#2358 = CARTESIAN_POINT('',(0.,-0.859577809832));
#2359 = CARTESIAN_POINT('',(0.,-0.7796238128));
#2360 = CARTESIAN_POINT('',(0.,-0.698131700798));
#2361 = CARTESIAN_POINT('',(0.,-0.616639588795));
#2362 = CARTESIAN_POINT('',(0.,-0.536685591764));
#2363 = CARTESIAN_POINT('',(0.,-0.457509669256));
#2364 = CARTESIAN_POINT('',(0.,-0.378983083509));
#2365 = CARTESIAN_POINT('',(0.,-0.300818950685));
#2366 = CARTESIAN_POINT('',(0.,-0.222779584522));
#2367 = CARTESIAN_POINT('',(0.,-0.144616894048));
#2368 = CARTESIAN_POINT('',(0.,-6.608453889809E-02));
#2369 = CARTESIAN_POINT('',(0.,1.306974834663E-02));
#2370 = CARTESIAN_POINT('',(0.,9.310451702832E-02));
#2371 = CARTESIAN_POINT('',(-0.,0.147231624138));
#2372 = CARTESIAN_POINT('',(0.,0.174532925199));
#2373 = ( GEOMETRIC_REPRESENTATION_CONTEXT(2) 
PARAMETRIC_REPRESENTATION_CONTEXT() REPRESENTATION_CONTEXT('2D SPACE',''
  ) );
#2374 = ORIENTED_EDGE('',*,*,#2375,.F.);
#2375 = EDGE_CURVE('',#651,#2314,#2376,.T.);
#2376 = SURFACE_CURVE('',#2377,(#2381,#2388),.PCURVE_S1.);
#2377 = LINE('',#2378,#2379);
#2378 = CARTESIAN_POINT('',(646.30047145051,-70.,109.));
#2379 = VECTOR('',#2380,1.);
#2380 = DIRECTION('',(0.,0.,1.));
#2381 = PCURVE('',#699,#2382);
#2382 = DEFINITIONAL_REPRESENTATION('',(#2383),#2387);
#2383 = LINE('',#2384,#2385);
#2384 = CARTESIAN_POINT('',(6.28318530718,0.));
#2385 = VECTOR('',#2386,1.);
#2386 = DIRECTION('',(0.,-1.));
#2387 = ( GEOMETRIC_REPRESENTATION_CONTEXT(2) 
PARAMETRIC_REPRESENTATION_CONTEXT() REPRESENTATION_CONTEXT('2D SPACE',''
  ) );
#2388 = PCURVE('',#666,#2389);
#2389 = DEFINITIONAL_REPRESENTATION('',(#2390),#2394);
#2390 = LINE('',#2391,#2392);
#2391 = CARTESIAN_POINT('',(241.30047145051,50.));
#2392 = VECTOR('',#2393,1.);
#2393 = DIRECTION('',(0.,1.));
#2394 = ( GEOMETRIC_REPRESENTATION_CONTEXT(2) 
PARAMETRIC_REPRESENTATION_CONTEXT() REPRESENTATION_CONTEXT('2D SPACE',''
  ) );
#2395 = ORIENTED_EDGE('',*,*,#678,.F.);
#2396 = ORIENTED_EDGE('',*,*,#2288,.T.);
#2397 = ADVANCED_FACE('',(#2398),#666,.T.);
#2398 = FACE_BOUND('',#2399,.T.);
#2399 = EDGE_LOOP('',(#2400,#2423,#2424,#2425));
#2400 = ORIENTED_EDGE('',*,*,#2401,.F.);
#2401 = EDGE_CURVE('',#623,#2402,#2404,.T.);
#2402 = VERTEX_POINT('',#2403);
#2403 = CARTESIAN_POINT('',(630.93557200378,-70.,66.5));
#2404 = SURFACE_CURVE('',#2405,(#2409,#2416),.PCURVE_S1.);
#2405 = LINE('',#2406,#2407);
#2406 = CARTESIAN_POINT('',(630.93557200378,-70.,59.));
#2407 = VECTOR('',#2408,1.);
#2408 = DIRECTION('',(0.,0.,1.));
#2409 = PCURVE('',#666,#2410);
#2410 = DEFINITIONAL_REPRESENTATION('',(#2411),#2415);
#2411 = LINE('',#2412,#2413);
#2412 = CARTESIAN_POINT('',(225.93557200378,0.));
#2413 = VECTOR('',#2414,1.);
#2414 = DIRECTION('',(0.,1.));
#2415 = ( GEOMETRIC_REPRESENTATION_CONTEXT(2) 
PARAMETRIC_REPRESENTATION_CONTEXT() REPRESENTATION_CONTEXT('2D SPACE',''
  ) );
#2416 = PCURVE('',#638,#2417);
#2417 = DEFINITIONAL_REPRESENTATION('',(#2418),#2422);
#2418 = LINE('',#2419,#2420);
#2419 = CARTESIAN_POINT('',(24.867856931482,0.));
#2420 = VECTOR('',#2421,1.);
#2421 = DIRECTION('',(0.,-1.));
#2422 = ( GEOMETRIC_REPRESENTATION_CONTEXT(2) 
PARAMETRIC_REPRESENTATION_CONTEXT() REPRESENTATION_CONTEXT('2D SPACE',''
  ) );
#2423 = ORIENTED_EDGE('',*,*,#650,.F.);
#2424 = ORIENTED_EDGE('',*,*,#2375,.T.);
#2425 = ORIENTED_EDGE('',*,*,#2426,.F.);
#2426 = EDGE_CURVE('',#2402,#2314,#2427,.T.);
#2427 = SURFACE_CURVE('',#2428,(#2432,#2439),.PCURVE_S1.);
#2428 = LINE('',#2429,#2430);
#2429 = CARTESIAN_POINT('',(480.,-70.,66.5));
#2430 = VECTOR('',#2431,1.);
#2431 = DIRECTION('',(1.,0.,0.));
#2432 = PCURVE('',#666,#2433);
#2433 = DEFINITIONAL_REPRESENTATION('',(#2434),#2438);
#2434 = LINE('',#2435,#2436);
#2435 = CARTESIAN_POINT('',(75.,7.5));
#2436 = VECTOR('',#2437,1.);
#2437 = DIRECTION('',(1.,0.));
#2438 = ( GEOMETRIC_REPRESENTATION_CONTEXT(2) 
PARAMETRIC_REPRESENTATION_CONTEXT() REPRESENTATION_CONTEXT('2D SPACE',''
  ) );
#2439 = PCURVE('',#2440,#2445);
#2440 = CYLINDRICAL_SURFACE('',#2441,42.5);
#2441 = AXIS2_PLACEMENT_3D('',#2442,#2443,#2444);
#2442 = CARTESIAN_POINT('',(480.,-27.5,66.5));
#2443 = DIRECTION('',(1.,0.,0.));
#2444 = DIRECTION('',(0.,-0.707106781187,0.707106781187));
#2445 = DEFINITIONAL_REPRESENTATION('',(#2446),#2450);
#2446 = LINE('',#2447,#2448);
#2447 = CARTESIAN_POINT('',(0.785398163397,0.));
#2448 = VECTOR('',#2449,1.);
#2449 = DIRECTION('',(0.,1.));
#2450 = ( GEOMETRIC_REPRESENTATION_CONTEXT(2) 
PARAMETRIC_REPRESENTATION_CONTEXT() REPRESENTATION_CONTEXT('2D SPACE',''
  ) );
#2451 = ADVANCED_FACE('',(#2452),#638,.F.);
#2452 = FACE_BOUND('',#2453,.F.);
#2453 = EDGE_LOOP('',(#2454,#2455,#2478,#2500));
#2454 = ORIENTED_EDGE('',*,*,#622,.F.);
#2455 = ORIENTED_EDGE('',*,*,#2456,.T.);
#2456 = EDGE_CURVE('',#595,#2457,#2459,.T.);
#2457 = VERTEX_POINT('',#2458);
#2458 = CARTESIAN_POINT('',(630.93557200378,-45.13214306851,
    105.16985299702));
#2459 = SURFACE_CURVE('',#2460,(#2464,#2471),.PCURVE_S1.);
#2460 = LINE('',#2461,#2462);
#2461 = CARTESIAN_POINT('',(630.93557200378,-45.13214306851,59.));
#2462 = VECTOR('',#2463,1.);
#2463 = DIRECTION('',(0.,0.,1.));
#2464 = PCURVE('',#638,#2465);
#2465 = DEFINITIONAL_REPRESENTATION('',(#2466),#2470);
#2466 = LINE('',#2467,#2468);
#2467 = CARTESIAN_POINT('',(0.,0.));
#2468 = VECTOR('',#2469,1.);
#2469 = DIRECTION('',(0.,-1.));
#2470 = ( GEOMETRIC_REPRESENTATION_CONTEXT(2) 
PARAMETRIC_REPRESENTATION_CONTEXT() REPRESENTATION_CONTEXT('2D SPACE',''
  ) );
#2471 = PCURVE('',#610,#2472);
#2472 = DEFINITIONAL_REPRESENTATION('',(#2473),#2477);
#2473 = LINE('',#2474,#2475);
#2474 = CARTESIAN_POINT('',(15.664887471987,0.));
#2475 = VECTOR('',#2476,1.);
#2476 = DIRECTION('',(0.,-1.));
#2477 = ( GEOMETRIC_REPRESENTATION_CONTEXT(2) 
PARAMETRIC_REPRESENTATION_CONTEXT() REPRESENTATION_CONTEXT('2D SPACE',''
  ) );
#2478 = ORIENTED_EDGE('',*,*,#2479,.T.);
#2479 = EDGE_CURVE('',#2457,#2402,#2480,.T.);
#2480 = SURFACE_CURVE('',#2481,(#2486,#2493),.PCURVE_S1.);
#2481 = CIRCLE('',#2482,42.5);
#2482 = AXIS2_PLACEMENT_3D('',#2483,#2484,#2485);
#2483 = CARTESIAN_POINT('',(630.93557200378,-27.5,66.5));
#2484 = DIRECTION('',(1.,0.,0.));
#2485 = DIRECTION('',(0.,-0.707106781187,0.707106781187));
#2486 = PCURVE('',#638,#2487);
#2487 = DEFINITIONAL_REPRESENTATION('',(#2488),#2492);
#2488 = CIRCLE('',#2489,42.5);
#2489 = AXIS2_PLACEMENT_2D('',#2490,#2491);
#2490 = CARTESIAN_POINT('',(-17.63214306851,-7.5));
#2491 = DIRECTION('',(0.707106781187,-0.707106781187));
#2492 = ( GEOMETRIC_REPRESENTATION_CONTEXT(2) 
PARAMETRIC_REPRESENTATION_CONTEXT() REPRESENTATION_CONTEXT('2D SPACE',''
  ) );
#2493 = PCURVE('',#2440,#2494);
#2494 = DEFINITIONAL_REPRESENTATION('',(#2495),#2499);
#2495 = LINE('',#2496,#2497);
#2496 = CARTESIAN_POINT('',(-6.28318530718,150.93557200378));
#2497 = VECTOR('',#2498,1.);
#2498 = DIRECTION('',(1.,0.));
#2499 = ( GEOMETRIC_REPRESENTATION_CONTEXT(2) 
PARAMETRIC_REPRESENTATION_CONTEXT() REPRESENTATION_CONTEXT('2D SPACE',''
  ) );
#2500 = ORIENTED_EDGE('',*,*,#2401,.F.);
#2501 = ADVANCED_FACE('',(#2502),#610,.F.);
#2502 = FACE_BOUND('',#2503,.F.);
#2503 = EDGE_LOOP('',(#2504,#2505,#2528,#2554));
#2504 = ORIENTED_EDGE('',*,*,#594,.F.);
#2505 = ORIENTED_EDGE('',*,*,#2506,.T.);
#2506 = EDGE_CURVE('',#567,#2507,#2509,.T.);
#2507 = VERTEX_POINT('',#2508);
#2508 = CARTESIAN_POINT('',(642.93557200378,-55.20133864264,
    98.731752006453));
#2509 = SURFACE_CURVE('',#2510,(#2514,#2521),.PCURVE_S1.);
#2510 = LINE('',#2511,#2512);
#2511 = CARTESIAN_POINT('',(642.93557200378,-55.20133864264,59.));
#2512 = VECTOR('',#2513,1.);
#2513 = DIRECTION('',(0.,0.,1.));
#2514 = PCURVE('',#610,#2515);
#2515 = DEFINITIONAL_REPRESENTATION('',(#2516),#2520);
#2516 = LINE('',#2517,#2518);
#2517 = CARTESIAN_POINT('',(0.,0.));
#2518 = VECTOR('',#2519,1.);
#2519 = DIRECTION('',(0.,-1.));
#2520 = ( GEOMETRIC_REPRESENTATION_CONTEXT(2) 
PARAMETRIC_REPRESENTATION_CONTEXT() REPRESENTATION_CONTEXT('2D SPACE',''
  ) );
#2521 = PCURVE('',#582,#2522);
#2522 = DEFINITIONAL_REPRESENTATION('',(#2523),#2527);
#2523 = LINE('',#2524,#2525);
#2524 = CARTESIAN_POINT('',(45.,0.));
#2525 = VECTOR('',#2526,1.);
#2526 = DIRECTION('',(0.,-1.));
#2527 = ( GEOMETRIC_REPRESENTATION_CONTEXT(2) 
PARAMETRIC_REPRESENTATION_CONTEXT() REPRESENTATION_CONTEXT('2D SPACE',''
  ) );
#2528 = ORIENTED_EDGE('',*,*,#2529,.T.);
#2529 = EDGE_CURVE('',#2507,#2457,#2530,.T.);
#2530 = SURFACE_CURVE('',#2531,(#2536,#2543),.PCURVE_S1.);
#2531 = ELLIPSE('',#2532,66.118262641568,42.5);
#2532 = AXIS2_PLACEMENT_3D('',#2533,#2534,#2535);
#2533 = CARTESIAN_POINT('',(609.92240215674,-27.5,66.5));
#2534 = DIRECTION('',(-0.642787609687,-0.766044443119,0.));
#2535 = DIRECTION('',(0.766044443119,-0.642787609687,0.));
#2536 = PCURVE('',#610,#2537);
#2537 = DEFINITIONAL_REPRESENTATION('',(#2538),#2542);
#2538 = ELLIPSE('',#2539,66.118262641568,42.5);
#2539 = AXIS2_PLACEMENT_2D('',#2540,#2541);
#2540 = CARTESIAN_POINT('',(43.095632562292,-7.5));
#2541 = DIRECTION('',(-1.,0.));
#2542 = ( GEOMETRIC_REPRESENTATION_CONTEXT(2) 
PARAMETRIC_REPRESENTATION_CONTEXT() REPRESENTATION_CONTEXT('2D SPACE',''
  ) );
#2543 = PCURVE('',#2440,#2544);
#2544 = DEFINITIONAL_REPRESENTATION('',(#2545),#2553);
#2545 = B_SPLINE_CURVE_WITH_KNOTS('',6,(#2546,#2547,#2548,#2549,#2550,
    #2551,#2552),.UNSPECIFIED.,.F.,.F.,(7,7),(0.829169433584,
    1.168881032677),.PIECEWISE_BEZIER_KNOTS.);
#2546 = CARTESIAN_POINT('',(-4.377127018652E-02,164.13557200378));
#2547 = CARTESIAN_POINT('',(-0.100389870035,162.02101043204));
#2548 = CARTESIAN_POINT('',(-0.157008469884,159.77483769738));
#2549 = CARTESIAN_POINT('',(-0.213627069733,157.40925505575));
#2550 = CARTESIAN_POINT('',(-0.270245669582,154.93773031203));
#2551 = CARTESIAN_POINT('',(-0.32686426943,152.37475981197));
#2552 = CARTESIAN_POINT('',(-0.383482869279,149.73557200378));
#2553 = ( GEOMETRIC_REPRESENTATION_CONTEXT(2) 
PARAMETRIC_REPRESENTATION_CONTEXT() REPRESENTATION_CONTEXT('2D SPACE',''
  ) );
#2554 = ORIENTED_EDGE('',*,*,#2456,.F.);
#2555 = ADVANCED_FACE('',(#2556,#2633),#582,.F.);
#2556 = FACE_BOUND('',#2557,.F.);
#2557 = EDGE_LOOP('',(#2558,#2559,#2582,#2610,#2632));
#2558 = ORIENTED_EDGE('',*,*,#566,.F.);
#2559 = ORIENTED_EDGE('',*,*,#2560,.T.);
#2560 = EDGE_CURVE('',#539,#2561,#2563,.T.);
#2561 = VERTEX_POINT('',#2562);
#2562 = CARTESIAN_POINT('',(642.93557200378,-10.20133864264,109.));
#2563 = SURFACE_CURVE('',#2564,(#2568,#2575),.PCURVE_S1.);
#2564 = LINE('',#2565,#2566);
#2565 = CARTESIAN_POINT('',(642.93557200378,-10.20133864264,59.));
#2566 = VECTOR('',#2567,1.);
#2567 = DIRECTION('',(0.,0.,1.));
#2568 = PCURVE('',#582,#2569);
#2569 = DEFINITIONAL_REPRESENTATION('',(#2570),#2574);
#2570 = LINE('',#2571,#2572);
#2571 = CARTESIAN_POINT('',(0.,0.));
#2572 = VECTOR('',#2573,1.);
#2573 = DIRECTION('',(0.,-1.));
#2574 = ( GEOMETRIC_REPRESENTATION_CONTEXT(2) 
PARAMETRIC_REPRESENTATION_CONTEXT() REPRESENTATION_CONTEXT('2D SPACE',''
  ) );
#2575 = PCURVE('',#554,#2576);
#2576 = DEFINITIONAL_REPRESENTATION('',(#2577),#2581);
#2577 = LINE('',#2578,#2579);
#2578 = CARTESIAN_POINT('',(15.664887471958,0.));
#2579 = VECTOR('',#2580,1.);
#2580 = DIRECTION('',(0.,-1.));
#2581 = ( GEOMETRIC_REPRESENTATION_CONTEXT(2) 
PARAMETRIC_REPRESENTATION_CONTEXT() REPRESENTATION_CONTEXT('2D SPACE',''
  ) );
#2582 = ORIENTED_EDGE('',*,*,#2583,.F.);
#2583 = EDGE_CURVE('',#2584,#2561,#2586,.T.);
#2584 = VERTEX_POINT('',#2585);
#2585 = CARTESIAN_POINT('',(642.93557200378,-27.5,109.));
#2586 = SURFACE_CURVE('',#2587,(#2591,#2598),.PCURVE_S1.);
#2587 = LINE('',#2588,#2589);
#2588 = CARTESIAN_POINT('',(642.93557200378,42.399330678677,109.));
#2589 = VECTOR('',#2590,1.);
#2590 = DIRECTION('',(0.,1.,0.));
#2591 = PCURVE('',#582,#2592);
#2592 = DEFINITIONAL_REPRESENTATION('',(#2593),#2597);
#2593 = LINE('',#2594,#2595);
#2594 = CARTESIAN_POINT('',(-52.60066932132,-50.));
#2595 = VECTOR('',#2596,1.);
#2596 = DIRECTION('',(-1.,0.));
#2597 = ( GEOMETRIC_REPRESENTATION_CONTEXT(2) 
PARAMETRIC_REPRESENTATION_CONTEXT() REPRESENTATION_CONTEXT('2D SPACE',''
  ) );
#2598 = PCURVE('',#2599,#2604);
#2599 = PLANE('',#2600);
#2600 = AXIS2_PLACEMENT_3D('',#2601,#2602,#2603);
#2601 = CARTESIAN_POINT('',(555.,95.,109.));
#2602 = DIRECTION('',(0.,0.,1.));
#2603 = DIRECTION('',(-1.,0.,0.));
#2604 = DEFINITIONAL_REPRESENTATION('',(#2605),#2609);
#2605 = LINE('',#2606,#2607);
#2606 = CARTESIAN_POINT('',(-87.93557200378,52.600669321323));
#2607 = VECTOR('',#2608,1.);
#2608 = DIRECTION('',(0.,-1.));
#2609 = ( GEOMETRIC_REPRESENTATION_CONTEXT(2) 
PARAMETRIC_REPRESENTATION_CONTEXT() REPRESENTATION_CONTEXT('2D SPACE',''
  ) );
#2610 = ORIENTED_EDGE('',*,*,#2611,.T.);
#2611 = EDGE_CURVE('',#2584,#2507,#2612,.T.);
#2612 = SURFACE_CURVE('',#2613,(#2618,#2625),.PCURVE_S1.);
#2613 = CIRCLE('',#2614,42.5);
#2614 = AXIS2_PLACEMENT_3D('',#2615,#2616,#2617);
#2615 = CARTESIAN_POINT('',(642.93557200378,-27.5,66.5));
#2616 = DIRECTION('',(1.,0.,0.));
#2617 = DIRECTION('',(0.,-0.707106781187,0.707106781187));
#2618 = PCURVE('',#582,#2619);
#2619 = DEFINITIONAL_REPRESENTATION('',(#2620),#2624);
#2620 = CIRCLE('',#2621,42.5);
#2621 = AXIS2_PLACEMENT_2D('',#2622,#2623);
#2622 = CARTESIAN_POINT('',(17.298661357355,-7.5));
#2623 = DIRECTION('',(0.707106781187,-0.707106781187));
#2624 = ( GEOMETRIC_REPRESENTATION_CONTEXT(2) 
PARAMETRIC_REPRESENTATION_CONTEXT() REPRESENTATION_CONTEXT('2D SPACE',''
  ) );
#2625 = PCURVE('',#2440,#2626);
#2626 = DEFINITIONAL_REPRESENTATION('',(#2627),#2631);
#2627 = LINE('',#2628,#2629);
#2628 = CARTESIAN_POINT('',(-6.28318530718,162.93557200378));
#2629 = VECTOR('',#2630,1.);
#2630 = DIRECTION('',(1.,0.));
#2631 = ( GEOMETRIC_REPRESENTATION_CONTEXT(2) 
PARAMETRIC_REPRESENTATION_CONTEXT() REPRESENTATION_CONTEXT('2D SPACE',''
  ) );
#2632 = ORIENTED_EDGE('',*,*,#2506,.F.);
#2633 = FACE_BOUND('',#2634,.F.);
#2634 = EDGE_LOOP('',(#2635));
#2635 = ORIENTED_EDGE('',*,*,#2636,.T.);
#2636 = EDGE_CURVE('',#2637,#2637,#2639,.T.);
#2637 = VERTEX_POINT('',#2638);
#2638 = CARTESIAN_POINT('',(642.93557200378,-32.70133864264,81.7));
#2639 = SURFACE_CURVE('',#2640,(#2645,#2656),.PCURVE_S1.);
#2640 = CIRCLE('',#2641,2.3);
#2641 = AXIS2_PLACEMENT_3D('',#2642,#2643,#2644);
#2642 = CARTESIAN_POINT('',(642.93557200378,-32.70133864264,84.));
#2643 = DIRECTION('',(-1.,-9.992007221626E-16,-1.110223024625E-16));
#2644 = DIRECTION('',(1.110223024625E-16,1.109335647967E-31,-1.));
#2645 = PCURVE('',#582,#2646);
#2646 = DEFINITIONAL_REPRESENTATION('',(#2647),#2655);
#2647 = ( BOUNDED_CURVE() B_SPLINE_CURVE(2,(#2648,#2649,#2650,#2651,
#2652,#2653,#2654),.UNSPECIFIED.,.T.,.F.) B_SPLINE_CURVE_WITH_KNOTS((1,2
    ,2,2,2,1),(-2.094395102393,0.,2.094395102393,4.188790204786,
6.28318530718,8.377580409573),.UNSPECIFIED.) CURVE() 
GEOMETRIC_REPRESENTATION_ITEM() RATIONAL_B_SPLINE_CURVE((1.,0.5,1.,0.5,
1.,0.5,1.)) REPRESENTATION_ITEM('') );
#2648 = CARTESIAN_POINT('',(22.5,-22.7));
#2649 = CARTESIAN_POINT('',(26.483716857408,-22.7));
#2650 = CARTESIAN_POINT('',(24.491858428704,-26.15));
#2651 = CARTESIAN_POINT('',(22.5,-29.6));
#2652 = CARTESIAN_POINT('',(20.508141571296,-26.15));
#2653 = CARTESIAN_POINT('',(18.516283142592,-22.7));
#2654 = CARTESIAN_POINT('',(22.5,-22.7));
#2655 = ( GEOMETRIC_REPRESENTATION_CONTEXT(2) 
PARAMETRIC_REPRESENTATION_CONTEXT() REPRESENTATION_CONTEXT('2D SPACE',''
  ) );
#2656 = PCURVE('',#2657,#2662);
#2657 = CYLINDRICAL_SURFACE('',#2658,2.3);
#2658 = AXIS2_PLACEMENT_3D('',#2659,#2660,#2661);
#2659 = CARTESIAN_POINT('',(667.83557200378,-32.70133864264,84.));
#2660 = DIRECTION('',(-1.,-9.992007221626E-16,-1.110223024625E-16));
#2661 = DIRECTION('',(1.110223024625E-16,1.109335647967E-31,-1.));
#2662 = DEFINITIONAL_REPRESENTATION('',(#2663),#2667);
#2663 = LINE('',#2664,#2665);
#2664 = CARTESIAN_POINT('',(-6.28318530718,24.899999999997));
#2665 = VECTOR('',#2666,1.);
#2666 = DIRECTION('',(1.,-0.));
#2667 = ( GEOMETRIC_REPRESENTATION_CONTEXT(2) 
PARAMETRIC_REPRESENTATION_CONTEXT() REPRESENTATION_CONTEXT('2D SPACE',''
  ) );
#2668 = ADVANCED_FACE('',(#2669),#554,.F.);
#2669 = FACE_BOUND('',#2670,.F.);
#2670 = EDGE_LOOP('',(#2671,#2672,#2695,#2716));
#2671 = ORIENTED_EDGE('',*,*,#538,.F.);
#2672 = ORIENTED_EDGE('',*,*,#2673,.T.);
#2673 = EDGE_CURVE('',#516,#2674,#2676,.T.);
#2674 = VERTEX_POINT('',#2675);
#2675 = CARTESIAN_POINT('',(630.93557200381,-20.27053421675,109.));
#2676 = SURFACE_CURVE('',#2677,(#2681,#2688),.PCURVE_S1.);
#2677 = LINE('',#2678,#2679);
#2678 = CARTESIAN_POINT('',(630.93557200381,-20.27053421675,59.));
#2679 = VECTOR('',#2680,1.);
#2680 = DIRECTION('',(0.,0.,1.));
#2681 = PCURVE('',#554,#2682);
#2682 = DEFINITIONAL_REPRESENTATION('',(#2683),#2687);
#2683 = LINE('',#2684,#2685);
#2684 = CARTESIAN_POINT('',(0.,0.));
#2685 = VECTOR('',#2686,1.);
#2686 = DIRECTION('',(0.,-1.));
#2687 = ( GEOMETRIC_REPRESENTATION_CONTEXT(2) 
PARAMETRIC_REPRESENTATION_CONTEXT() REPRESENTATION_CONTEXT('2D SPACE',''
  ) );
#2688 = PCURVE('',#503,#2689);
#2689 = DEFINITIONAL_REPRESENTATION('',(#2690),#2694);
#2690 = LINE('',#2691,#2692);
#2691 = CARTESIAN_POINT('',(32.457838046124,-24.88029303573));
#2692 = VECTOR('',#2693,1.);
#2693 = DIRECTION('',(0.,1.));
#2694 = ( GEOMETRIC_REPRESENTATION_CONTEXT(2) 
PARAMETRIC_REPRESENTATION_CONTEXT() REPRESENTATION_CONTEXT('2D SPACE',''
  ) );
#2695 = ORIENTED_EDGE('',*,*,#2696,.F.);
#2696 = EDGE_CURVE('',#2561,#2674,#2697,.T.);
#2697 = SURFACE_CURVE('',#2698,(#2702,#2709),.PCURVE_S1.);
#2698 = LINE('',#2699,#2700);
#2699 = CARTESIAN_POINT('',(637.03498952584,-15.15251522361,109.));
#2700 = VECTOR('',#2701,1.);
#2701 = DIRECTION('',(-0.766044443119,-0.642787609686,0.));
#2702 = PCURVE('',#554,#2703);
#2703 = DEFINITIONAL_REPRESENTATION('',(#2704),#2708);
#2704 = LINE('',#2705,#2706);
#2705 = CARTESIAN_POINT('',(7.962224093945,-50.));
#2706 = VECTOR('',#2707,1.);
#2707 = DIRECTION('',(-1.,-0.));
#2708 = ( GEOMETRIC_REPRESENTATION_CONTEXT(2) 
PARAMETRIC_REPRESENTATION_CONTEXT() REPRESENTATION_CONTEXT('2D SPACE',''
  ) );
#2709 = PCURVE('',#2599,#2710);
#2710 = DEFINITIONAL_REPRESENTATION('',(#2711),#2715);
#2711 = LINE('',#2712,#2713);
#2712 = CARTESIAN_POINT('',(-82.03498952584,110.15251522361));
#2713 = VECTOR('',#2714,1.);
#2714 = DIRECTION('',(0.766044443119,0.642787609686));
#2715 = ( GEOMETRIC_REPRESENTATION_CONTEXT(2) 
PARAMETRIC_REPRESENTATION_CONTEXT() REPRESENTATION_CONTEXT('2D SPACE',''
  ) );
#2716 = ORIENTED_EDGE('',*,*,#2560,.F.);
#2717 = ADVANCED_FACE('',(#2718),#503,.T.);
#2718 = FACE_BOUND('',#2719,.T.);
#2719 = EDGE_LOOP('',(#2720,#2721,#2722,#2745,#2768,#2796,#2817));
#2720 = ORIENTED_EDGE('',*,*,#515,.T.);
#2721 = ORIENTED_EDGE('',*,*,#2673,.T.);
#2722 = ORIENTED_EDGE('',*,*,#2723,.T.);
#2723 = EDGE_CURVE('',#2674,#2724,#2726,.T.);
#2724 = VERTEX_POINT('',#2725);
#2725 = CARTESIAN_POINT('',(630.93557200376,12.405886703396,109.));
#2726 = SURFACE_CURVE('',#2727,(#2731,#2738),.PCURVE_S1.);
#2727 = LINE('',#2728,#2729);
#2728 = CARTESIAN_POINT('',(630.9355720037,53.702943351754,109.));
#2729 = VECTOR('',#2730,1.);
#2730 = DIRECTION('',(-1.471689095748E-12,1.,0.));
#2731 = PCURVE('',#503,#2732);
#2732 = DEFINITIONAL_REPRESENTATION('',(#2733),#2737);
#2733 = LINE('',#2734,#2735);
#2734 = CARTESIAN_POINT('',(-41.51563952238,25.119706964264));
#2735 = VECTOR('',#2736,1.);
#2736 = DIRECTION('',(-1.,1.425718808723E-27));
#2737 = ( GEOMETRIC_REPRESENTATION_CONTEXT(2) 
PARAMETRIC_REPRESENTATION_CONTEXT() REPRESENTATION_CONTEXT('2D SPACE',''
  ) );
#2738 = PCURVE('',#2599,#2739);
#2739 = DEFINITIONAL_REPRESENTATION('',(#2740),#2744);
#2740 = LINE('',#2741,#2742);
#2741 = CARTESIAN_POINT('',(-75.9355720037,41.297056648246));
#2742 = VECTOR('',#2743,1.);
#2743 = DIRECTION('',(1.471689095748E-12,-1.));
#2744 = ( GEOMETRIC_REPRESENTATION_CONTEXT(2) 
PARAMETRIC_REPRESENTATION_CONTEXT() REPRESENTATION_CONTEXT('2D SPACE',''
  ) );
#2745 = ORIENTED_EDGE('',*,*,#2746,.T.);
#2746 = EDGE_CURVE('',#2724,#2747,#2749,.T.);
#2747 = VERTEX_POINT('',#2748);
#2748 = CARTESIAN_POINT('',(630.93557200378,15.3711846965,109.));
#2749 = SURFACE_CURVE('',#2750,(#2754,#2761),.PCURVE_S1.);
#2750 = LINE('',#2751,#2752);
#2751 = CARTESIAN_POINT('',(630.93557200378,69.933928465741,109.));
#2752 = VECTOR('',#2753,1.);
#2753 = DIRECTION('',(0.,1.,0.));
#2754 = PCURVE('',#503,#2755);
#2755 = DEFINITIONAL_REPRESENTATION('',(#2756),#2760);
#2756 = LINE('',#2757,#2758);
#2757 = CARTESIAN_POINT('',(-57.74662463637,25.119706964264));
#2758 = VECTOR('',#2759,1.);
#2759 = DIRECTION('',(-1.,-4.557324969953E-28));
#2760 = ( GEOMETRIC_REPRESENTATION_CONTEXT(2) 
PARAMETRIC_REPRESENTATION_CONTEXT() REPRESENTATION_CONTEXT('2D SPACE',''
  ) );
#2761 = PCURVE('',#2599,#2762);
#2762 = DEFINITIONAL_REPRESENTATION('',(#2763),#2767);
#2763 = LINE('',#2764,#2765);
#2764 = CARTESIAN_POINT('',(-75.93557200378,25.066071534259));
#2765 = VECTOR('',#2766,1.);
#2766 = DIRECTION('',(0.,-1.));
#2767 = ( GEOMETRIC_REPRESENTATION_CONTEXT(2) 
PARAMETRIC_REPRESENTATION_CONTEXT() REPRESENTATION_CONTEXT('2D SPACE',''
  ) );
#2768 = ORIENTED_EDGE('',*,*,#2769,.F.);
#2769 = EDGE_CURVE('',#2770,#2747,#2772,.T.);
#2770 = VERTEX_POINT('',#2771);
#2771 = CARTESIAN_POINT('',(630.93557200378,44.867856931482,
    108.20485303046));
#2772 = SURFACE_CURVE('',#2773,(#2778,#2789),.PCURVE_S1.);
#2773 = CIRCLE('',#2774,547.5);
#2774 = AXIS2_PLACEMENT_3D('',#2775,#2776,#2777);
#2775 = CARTESIAN_POINT('',(630.93557200378,15.3711846965,-438.5));
#2776 = DIRECTION('',(1.,0.,-0.));
#2777 = DIRECTION('',(0.,0.135059413537,0.99083750172));
#2778 = PCURVE('',#503,#2779);
#2779 = DEFINITIONAL_REPRESENTATION('',(#2780),#2788);
#2780 = ( BOUNDED_CURVE() B_SPLINE_CURVE(2,(#2781,#2782,#2783,#2784,
#2785,#2786,#2787),.UNSPECIFIED.,.T.,.F.) B_SPLINE_CURVE_WITH_KNOTS((1,2
    ,2,2,2,1),(-2.094395102393,0.,2.094395102393,4.188790204786,
6.28318530718,8.377580409573),.UNSPECIFIED.) CURVE() 
GEOMETRIC_REPRESENTATION_ITEM() RATIONAL_B_SPLINE_CURVE((1.,0.5,1.,0.5,
1.,0.5,1.)) REPRESENTATION_ITEM('') );
#2781 = CARTESIAN_POINT('',(-77.12890977878,20.10323915603));
#2782 = CARTESIAN_POINT('',(862.48013024678,148.17978619816));
#2783 = CARTESIAN_POINT('',(503.59315360148,-729.5837856105));
#2784 = CARTESIAN_POINT('',(144.70617695617,-1.607347357419E+03));
#2785 = CARTESIAN_POINT('',(-436.015886424,-857.6603326526));
#2786 = CARTESIAN_POINT('',(-1.016737949804E+03,-107.9733078861));
#2787 = CARTESIAN_POINT('',(-77.12890977878,20.10323915603));
#2788 = ( GEOMETRIC_REPRESENTATION_CONTEXT(2) 
PARAMETRIC_REPRESENTATION_CONTEXT() REPRESENTATION_CONTEXT('2D SPACE',''
  ) );
#2789 = PCURVE('',#1401,#2790);
#2790 = DEFINITIONAL_REPRESENTATION('',(#2791),#2795);
#2791 = LINE('',#2792,#2793);
#2792 = CARTESIAN_POINT('',(0.,38.435572003788));
#2793 = VECTOR('',#2794,1.);
#2794 = DIRECTION('',(1.,0.));
#2795 = ( GEOMETRIC_REPRESENTATION_CONTEXT(2) 
PARAMETRIC_REPRESENTATION_CONTEXT() REPRESENTATION_CONTEXT('2D SPACE',''
  ) );
#2796 = ORIENTED_EDGE('',*,*,#2797,.F.);
#2797 = EDGE_CURVE('',#460,#2770,#2798,.T.);
#2798 = SURFACE_CURVE('',#2799,(#2803,#2810),.PCURVE_S1.);
#2799 = LINE('',#2800,#2801);
#2800 = CARTESIAN_POINT('',(630.93557200378,44.867856931482,59.));
#2801 = VECTOR('',#2802,1.);
#2802 = DIRECTION('',(0.,0.,1.));
#2803 = PCURVE('',#503,#2804);
#2804 = DEFINITIONAL_REPRESENTATION('',(#2805),#2809);
#2805 = LINE('',#2806,#2807);
#2806 = CARTESIAN_POINT('',(-32.68055310211,-24.88029303573));
#2807 = VECTOR('',#2808,1.);
#2808 = DIRECTION('',(0.,1.));
#2809 = ( GEOMETRIC_REPRESENTATION_CONTEXT(2) 
PARAMETRIC_REPRESENTATION_CONTEXT() REPRESENTATION_CONTEXT('2D SPACE',''
  ) );
#2810 = PCURVE('',#475,#2811);
#2811 = DEFINITIONAL_REPRESENTATION('',(#2812),#2816);
#2812 = LINE('',#2813,#2814);
#2813 = CARTESIAN_POINT('',(15.664887471987,0.));
#2814 = VECTOR('',#2815,1.);
#2815 = DIRECTION('',(0.,-1.));
#2816 = ( GEOMETRIC_REPRESENTATION_CONTEXT(2) 
PARAMETRIC_REPRESENTATION_CONTEXT() REPRESENTATION_CONTEXT('2D SPACE',''
  ) );
#2817 = ORIENTED_EDGE('',*,*,#487,.T.);
#2818 = ADVANCED_FACE('',(#2819),#475,.F.);
#2819 = FACE_BOUND('',#2820,.F.);
#2820 = EDGE_LOOP('',(#2821,#2822,#2845,#2870));
#2821 = ORIENTED_EDGE('',*,*,#459,.F.);
#2822 = ORIENTED_EDGE('',*,*,#2823,.T.);
#2823 = EDGE_CURVE('',#432,#2824,#2826,.T.);
#2824 = VERTEX_POINT('',#2825);
#2825 = CARTESIAN_POINT('',(642.93557200378,34.798661357355,
    108.65520937901));
#2826 = SURFACE_CURVE('',#2827,(#2831,#2838),.PCURVE_S1.);
#2827 = LINE('',#2828,#2829);
#2828 = CARTESIAN_POINT('',(642.93557200378,34.798661357355,59.));
#2829 = VECTOR('',#2830,1.);
#2830 = DIRECTION('',(0.,0.,1.));
#2831 = PCURVE('',#475,#2832);
#2832 = DEFINITIONAL_REPRESENTATION('',(#2833),#2837);
#2833 = LINE('',#2834,#2835);
#2834 = CARTESIAN_POINT('',(0.,0.));
#2835 = VECTOR('',#2836,1.);
#2836 = DIRECTION('',(0.,-1.));
#2837 = ( GEOMETRIC_REPRESENTATION_CONTEXT(2) 
PARAMETRIC_REPRESENTATION_CONTEXT() REPRESENTATION_CONTEXT('2D SPACE',''
  ) );
#2838 = PCURVE('',#447,#2839);
#2839 = DEFINITIONAL_REPRESENTATION('',(#2840),#2844);
#2840 = LINE('',#2841,#2842);
#2841 = CARTESIAN_POINT('',(45.,0.));
#2842 = VECTOR('',#2843,1.);
#2843 = DIRECTION('',(0.,-1.));
#2844 = ( GEOMETRIC_REPRESENTATION_CONTEXT(2) 
PARAMETRIC_REPRESENTATION_CONTEXT() REPRESENTATION_CONTEXT('2D SPACE',''
  ) );
#2845 = ORIENTED_EDGE('',*,*,#2846,.T.);
#2846 = EDGE_CURVE('',#2824,#2770,#2847,.T.);
#2847 = SURFACE_CURVE('',#2848,(#2853,#2860),.PCURVE_S1.);
#2848 = ELLIPSE('',#2849,851.75879520607,547.5);
#2849 = AXIS2_PLACEMENT_3D('',#2850,#2851,#2852);
#2850 = CARTESIAN_POINT('',(666.0883371094,15.3711846965,-438.5));
#2851 = DIRECTION('',(-0.642787609687,-0.766044443119,0.));
#2852 = DIRECTION('',(0.766044443119,-0.642787609687,0.));
#2853 = PCURVE('',#475,#2854);
#2854 = DEFINITIONAL_REPRESENTATION('',(#2855),#2859);
#2855 = ELLIPSE('',#2856,851.75879520607,547.5);
#2856 = AXIS2_PLACEMENT_2D('',#2857,#2858);
#2857 = CARTESIAN_POINT('',(-30.22378833706,497.5));
#2858 = DIRECTION('',(-1.,0.));
#2859 = ( GEOMETRIC_REPRESENTATION_CONTEXT(2) 
PARAMETRIC_REPRESENTATION_CONTEXT() REPRESENTATION_CONTEXT('2D SPACE',''
  ) );
#2860 = PCURVE('',#1401,#2861);
#2861 = DEFINITIONAL_REPRESENTATION('',(#2862),#2869);
#2862 = B_SPLINE_CURVE_WITH_KNOTS('',5,(#2863,#2864,#2865,#2866,#2867,
    #2868),.UNSPECIFIED.,.F.,.F.,(6,6),(1.604447530716,1.626539513713),
  .PIECEWISE_BEZIER_KNOTS.);
#2863 = CARTESIAN_POINT('',(0.101822221248,51.635572003788));
#2864 = CARTESIAN_POINT('',(9.740382464879E-02,48.754266262886));
#2865 = CARTESIAN_POINT('',(9.298542804941E-02,45.873496230605));
#2866 = CARTESIAN_POINT('',(8.856703145003E-02,42.993379093422));
#2867 = CARTESIAN_POINT('',(8.414863485065E-02,40.114031994238));
#2868 = CARTESIAN_POINT('',(7.973023825127E-02,37.235572003788));
#2869 = ( GEOMETRIC_REPRESENTATION_CONTEXT(2) 
PARAMETRIC_REPRESENTATION_CONTEXT() REPRESENTATION_CONTEXT('2D SPACE',''
  ) );
#2870 = ORIENTED_EDGE('',*,*,#2797,.F.);
#2871 = ADVANCED_FACE('',(#2872),#447,.F.);
#2872 = FACE_BOUND('',#2873,.F.);
#2873 = EDGE_LOOP('',(#2874,#2875,#2898,#2920));
#2874 = ORIENTED_EDGE('',*,*,#431,.F.);
#2875 = ORIENTED_EDGE('',*,*,#2876,.T.);
#2876 = EDGE_CURVE('',#404,#2877,#2879,.T.);
#2877 = VERTEX_POINT('',#2878);
#2878 = CARTESIAN_POINT('',(642.93557200378,79.798661357355,
    105.19600904468));
#2879 = SURFACE_CURVE('',#2880,(#2884,#2891),.PCURVE_S1.);
#2880 = LINE('',#2881,#2882);
#2881 = CARTESIAN_POINT('',(642.93557200378,79.798661357355,59.));
#2882 = VECTOR('',#2883,1.);
#2883 = DIRECTION('',(0.,0.,1.));
#2884 = PCURVE('',#447,#2885);
#2885 = DEFINITIONAL_REPRESENTATION('',(#2886),#2890);
#2886 = LINE('',#2887,#2888);
#2887 = CARTESIAN_POINT('',(0.,0.));
#2888 = VECTOR('',#2889,1.);
#2889 = DIRECTION('',(0.,-1.));
#2890 = ( GEOMETRIC_REPRESENTATION_CONTEXT(2) 
PARAMETRIC_REPRESENTATION_CONTEXT() REPRESENTATION_CONTEXT('2D SPACE',''
  ) );
#2891 = PCURVE('',#419,#2892);
#2892 = DEFINITIONAL_REPRESENTATION('',(#2893),#2897);
#2893 = LINE('',#2894,#2895);
#2894 = CARTESIAN_POINT('',(15.664887471958,0.));
#2895 = VECTOR('',#2896,1.);
#2896 = DIRECTION('',(0.,-1.));
#2897 = ( GEOMETRIC_REPRESENTATION_CONTEXT(2) 
PARAMETRIC_REPRESENTATION_CONTEXT() REPRESENTATION_CONTEXT('2D SPACE',''
  ) );
#2898 = ORIENTED_EDGE('',*,*,#2899,.T.);
#2899 = EDGE_CURVE('',#2877,#2824,#2900,.T.);
#2900 = SURFACE_CURVE('',#2901,(#2906,#2913),.PCURVE_S1.);
#2901 = CIRCLE('',#2902,547.5);
#2902 = AXIS2_PLACEMENT_3D('',#2903,#2904,#2905);
#2903 = CARTESIAN_POINT('',(642.93557200378,15.3711846965,-438.5));
#2904 = DIRECTION('',(1.,0.,-0.));
#2905 = DIRECTION('',(0.,0.135059413537,0.99083750172));
#2906 = PCURVE('',#447,#2907);
#2907 = DEFINITIONAL_REPRESENTATION('',(#2908),#2912);
#2908 = CIRCLE('',#2909,547.5);
#2909 = AXIS2_PLACEMENT_2D('',#2910,#2911);
#2910 = CARTESIAN_POINT('',(64.427476660854,497.5));
#2911 = DIRECTION('',(-0.135059413537,-0.99083750172));
#2912 = ( GEOMETRIC_REPRESENTATION_CONTEXT(2) 
PARAMETRIC_REPRESENTATION_CONTEXT() REPRESENTATION_CONTEXT('2D SPACE',''
  ) );
#2913 = PCURVE('',#1401,#2914);
#2914 = DEFINITIONAL_REPRESENTATION('',(#2915),#2919);
#2915 = LINE('',#2916,#2917);
#2916 = CARTESIAN_POINT('',(0.,50.435572003788));
#2917 = VECTOR('',#2918,1.);
#2918 = DIRECTION('',(1.,0.));
#2919 = ( GEOMETRIC_REPRESENTATION_CONTEXT(2) 
PARAMETRIC_REPRESENTATION_CONTEXT() REPRESENTATION_CONTEXT('2D SPACE',''
  ) );
#2920 = ORIENTED_EDGE('',*,*,#2823,.F.);
#2921 = ADVANCED_FACE('',(#2922),#419,.F.);
#2922 = FACE_BOUND('',#2923,.F.);
#2923 = EDGE_LOOP('',(#2924,#2925,#2948,#2973));
#2924 = ORIENTED_EDGE('',*,*,#403,.F.);
#2925 = ORIENTED_EDGE('',*,*,#2926,.T.);
#2926 = EDGE_CURVE('',#381,#2927,#2929,.T.);
#2927 = VERTEX_POINT('',#2928);
#2928 = CARTESIAN_POINT('',(630.93557200381,69.729465783247,
    106.29484879842));
#2929 = SURFACE_CURVE('',#2930,(#2934,#2941),.PCURVE_S1.);
#2930 = LINE('',#2931,#2932);
#2931 = CARTESIAN_POINT('',(630.93557200381,69.729465783247,59.));
#2932 = VECTOR('',#2933,1.);
#2933 = DIRECTION('',(0.,0.,1.));
#2934 = PCURVE('',#419,#2935);
#2935 = DEFINITIONAL_REPRESENTATION('',(#2936),#2940);
#2936 = LINE('',#2937,#2938);
#2937 = CARTESIAN_POINT('',(0.,0.));
#2938 = VECTOR('',#2939,1.);
#2939 = DIRECTION('',(0.,-1.));
#2940 = ( GEOMETRIC_REPRESENTATION_CONTEXT(2) 
PARAMETRIC_REPRESENTATION_CONTEXT() REPRESENTATION_CONTEXT('2D SPACE',''
  ) );
#2941 = PCURVE('',#368,#2942);
#2942 = DEFINITIONAL_REPRESENTATION('',(#2943),#2947);
#2943 = LINE('',#2944,#2945);
#2944 = CARTESIAN_POINT('',(21.432758100541,31.012734058589));
#2945 = VECTOR('',#2946,1.);
#2946 = DIRECTION('',(-1.,-4.525366737608E-25));
#2947 = ( GEOMETRIC_REPRESENTATION_CONTEXT(2) 
PARAMETRIC_REPRESENTATION_CONTEXT() REPRESENTATION_CONTEXT('2D SPACE',''
  ) );
#2948 = ORIENTED_EDGE('',*,*,#2949,.T.);
#2949 = EDGE_CURVE('',#2927,#2877,#2950,.T.);
#2950 = SURFACE_CURVE('',#2951,(#2956,#2963),.PCURVE_S1.);
#2951 = ELLIPSE('',#2952,851.75879520613,547.5);
#2952 = AXIS2_PLACEMENT_3D('',#2953,#2954,#2955);
#2953 = CARTESIAN_POINT('',(566.15389523142,15.3711846965,-438.5));
#2954 = DIRECTION('',(-0.642787609686,0.766044443119,0.));
#2955 = DIRECTION('',(0.766044443119,0.642787609686,0.));
#2956 = PCURVE('',#419,#2957);
#2957 = DEFINITIONAL_REPRESENTATION('',(#2958),#2962);
#2958 = ELLIPSE('',#2959,851.75879520613,547.5);
#2959 = AXIS2_PLACEMENT_2D('',#2960,#2961);
#2960 = CARTESIAN_POINT('',(-84.56647307383,497.5));
#2961 = DIRECTION('',(1.,0.));
#2962 = ( GEOMETRIC_REPRESENTATION_CONTEXT(2) 
PARAMETRIC_REPRESENTATION_CONTEXT() REPRESENTATION_CONTEXT('2D SPACE',''
  ) );
#2963 = PCURVE('',#1401,#2964);
#2964 = DEFINITIONAL_REPRESENTATION('',(#2965),#2972);
#2965 = B_SPLINE_CURVE_WITH_KNOTS('',5,(#2966,#2967,#2968,#2969,#2970,
    #2971),.UNSPECIFIED.,.F.,.F.,(6,6),(4.809989269524,4.832190225075),
  .PIECEWISE_BEZIER_KNOTS.);
#2966 = CARTESIAN_POINT('',(3.787313602971E-02,37.235572003812));
#2967 = CARTESIAN_POINT('',(3.343294491961E-02,40.118942558819));
#2968 = CARTESIAN_POINT('',(2.899275380952E-02,43.000746199266));
#2969 = CARTESIAN_POINT('',(2.455256269942E-02,45.880864494931));
#2970 = CARTESIAN_POINT('',(2.011237158933E-02,48.759179144311));
#2971 = CARTESIAN_POINT('',(1.567218047923E-02,51.635572003785));
#2972 = ( GEOMETRIC_REPRESENTATION_CONTEXT(2) 
PARAMETRIC_REPRESENTATION_CONTEXT() REPRESENTATION_CONTEXT('2D SPACE',''
  ) );
#2973 = ORIENTED_EDGE('',*,*,#2876,.F.);
#2974 = ADVANCED_FACE('',(#2975,#3057),#368,.T.);
#2975 = FACE_BOUND('',#2976,.T.);
#2976 = EDGE_LOOP('',(#2977,#2978,#2979,#3007,#3035,#3056));
#2977 = ORIENTED_EDGE('',*,*,#380,.T.);
#2978 = ORIENTED_EDGE('',*,*,#2926,.T.);
#2979 = ORIENTED_EDGE('',*,*,#2980,.F.);
#2980 = EDGE_CURVE('',#2981,#2927,#2983,.T.);
#2981 = VERTEX_POINT('',#2982);
#2982 = CARTESIAN_POINT('',(630.93557200377,102.40588670339,
    102.03789011185));
#2983 = SURFACE_CURVE('',#2984,(#2989,#3000),.PCURVE_S1.);
#2984 = CIRCLE('',#2985,547.5);
#2985 = AXIS2_PLACEMENT_3D('',#2986,#2987,#2988);
#2986 = CARTESIAN_POINT('',(630.93557200389,15.3711846965,-438.5));
#2987 = DIRECTION('',(1.,0.,-0.));
#2988 = DIRECTION('',(0.,0.135059413537,0.99083750172));
#2989 = PCURVE('',#368,#2990);
#2990 = DEFINITIONAL_REPRESENTATION('',(#2991),#2999);
#2991 = ( BOUNDED_CURVE() B_SPLINE_CURVE(2,(#2992,#2993,#2994,#2995,
#2996,#2997,#2998),.UNSPECIFIED.,.T.,.F.) B_SPLINE_CURVE_WITH_KNOTS((1,2
    ,2,2,2,1),(-2.094395102393,0.,2.094395102393,4.188790204786,
6.28318530718,8.377580409573),.UNSPECIFIED.) CURVE() 
GEOMETRIC_REPRESENTATION_ITEM() RATIONAL_B_SPLINE_CURVE((1.,0.5,1.,0.5,
1.,0.5,1.)) REPRESENTATION_ITEM('') );
#2992 = CARTESIAN_POINT('',(-23.55077409122,11.425986233684));
#2993 = CARTESIAN_POINT('',(-151.6273211333,951.03502625924));
#2994 = CARTESIAN_POINT('',(726.13625067535,592.14804961394));
#2995 = CARTESIAN_POINT('',(1.603899822484E+03,233.26107296864));
#2996 = CARTESIAN_POINT('',(854.21279771749,-347.4609904116));
#2997 = CARTESIAN_POINT('',(104.5257729509,-928.1830537918));
#2998 = CARTESIAN_POINT('',(-23.55077409122,11.425986233684));
#2999 = ( GEOMETRIC_REPRESENTATION_CONTEXT(2) 
PARAMETRIC_REPRESENTATION_CONTEXT() REPRESENTATION_CONTEXT('2D SPACE',''
  ) );
#3000 = PCURVE('',#1401,#3001);
#3001 = DEFINITIONAL_REPRESENTATION('',(#3002),#3006);
#3002 = LINE('',#3003,#3004);
#3003 = CARTESIAN_POINT('',(-6.28318530718,38.43557200389));
#3004 = VECTOR('',#3005,1.);
#3005 = DIRECTION('',(1.,0.));
#3006 = ( GEOMETRIC_REPRESENTATION_CONTEXT(2) 
PARAMETRIC_REPRESENTATION_CONTEXT() REPRESENTATION_CONTEXT('2D SPACE',''
  ) );
#3007 = ORIENTED_EDGE('',*,*,#3008,.F.);
#3008 = EDGE_CURVE('',#3009,#2981,#3011,.T.);
#3009 = VERTEX_POINT('',#3010);
#3010 = CARTESIAN_POINT('',(630.93557200378,134.86785693148,
    95.800285724016));
#3011 = SURFACE_CURVE('',#3012,(#3017,#3028),.PCURVE_S1.);
#3012 = CIRCLE('',#3013,547.5);
#3013 = AXIS2_PLACEMENT_3D('',#3014,#3015,#3016);
#3014 = CARTESIAN_POINT('',(630.93557200378,15.3711846965,-438.5));
#3015 = DIRECTION('',(1.,0.,-0.));
#3016 = DIRECTION('',(0.,0.135059413537,0.99083750172));
#3017 = PCURVE('',#368,#3018);
#3018 = DEFINITIONAL_REPRESENTATION('',(#3019),#3027);
#3019 = ( BOUNDED_CURVE() B_SPLINE_CURVE(2,(#3020,#3021,#3022,#3023,
#3024,#3025,#3026),.UNSPECIFIED.,.T.,.F.) B_SPLINE_CURVE_WITH_KNOTS((1,2
    ,2,2,2,1),(-2.094395102393,0.,2.094395102393,4.188790204786,
6.28318530718,8.377580409573),.UNSPECIFIED.) CURVE() 
GEOMETRIC_REPRESENTATION_ITEM() RATIONAL_B_SPLINE_CURVE((1.,0.5,1.,0.5,
1.,0.5,1.)) REPRESENTATION_ITEM('') );
#3020 = CARTESIAN_POINT('',(-23.55077409122,11.425986233684));
#3021 = CARTESIAN_POINT('',(-151.6273211333,951.03502625924));
#3022 = CARTESIAN_POINT('',(726.13625067535,592.14804961394));
#3023 = CARTESIAN_POINT('',(1.603899822484E+03,233.26107296864));
#3024 = CARTESIAN_POINT('',(854.21279771749,-347.4609904116));
#3025 = CARTESIAN_POINT('',(104.5257729509,-928.1830537918));
#3026 = CARTESIAN_POINT('',(-23.55077409122,11.425986233684));
#3027 = ( GEOMETRIC_REPRESENTATION_CONTEXT(2) 
PARAMETRIC_REPRESENTATION_CONTEXT() REPRESENTATION_CONTEXT('2D SPACE',''
  ) );
#3028 = PCURVE('',#1401,#3029);
#3029 = DEFINITIONAL_REPRESENTATION('',(#3030),#3034);
#3030 = LINE('',#3031,#3032);
#3031 = CARTESIAN_POINT('',(-6.28318530718,38.435572003788));
#3032 = VECTOR('',#3033,1.);
#3033 = DIRECTION('',(1.,0.));
#3034 = ( GEOMETRIC_REPRESENTATION_CONTEXT(2) 
PARAMETRIC_REPRESENTATION_CONTEXT() REPRESENTATION_CONTEXT('2D SPACE',''
  ) );
#3035 = ORIENTED_EDGE('',*,*,#3036,.F.);
#3036 = EDGE_CURVE('',#325,#3009,#3037,.T.);
#3037 = SURFACE_CURVE('',#3038,(#3042,#3049),.PCURVE_S1.);
#3038 = LINE('',#3039,#3040);
#3039 = CARTESIAN_POINT('',(630.93557200378,134.86785693148,59.));
#3040 = VECTOR('',#3041,1.);
#3041 = DIRECTION('',(0.,0.,1.));
#3042 = PCURVE('',#368,#3043);
#3043 = DEFINITIONAL_REPRESENTATION('',(#3044),#3048);
#3044 = LINE('',#3045,#3046);
#3045 = CARTESIAN_POINT('',(21.432758100541,-34.12565708964));
#3046 = VECTOR('',#3047,1.);
#3047 = DIRECTION('',(-1.,-4.525366737608E-25));
#3048 = ( GEOMETRIC_REPRESENTATION_CONTEXT(2) 
PARAMETRIC_REPRESENTATION_CONTEXT() REPRESENTATION_CONTEXT('2D SPACE',''
  ) );
#3049 = PCURVE('',#340,#3050);
#3050 = DEFINITIONAL_REPRESENTATION('',(#3051),#3055);
#3051 = LINE('',#3052,#3053);
#3052 = CARTESIAN_POINT('',(15.664887471987,0.));
#3053 = VECTOR('',#3054,1.);
#3054 = DIRECTION('',(0.,-1.));
#3055 = ( GEOMETRIC_REPRESENTATION_CONTEXT(2) 
PARAMETRIC_REPRESENTATION_CONTEXT() REPRESENTATION_CONTEXT('2D SPACE',''
  ) );
#3056 = ORIENTED_EDGE('',*,*,#352,.T.);
#3057 = FACE_BOUND('',#3058,.T.);
#3058 = EDGE_LOOP('',(#3059));
#3059 = ORIENTED_EDGE('',*,*,#3060,.F.);
#3060 = EDGE_CURVE('',#3061,#3061,#3063,.T.);
#3061 = VERTEX_POINT('',#3062);
#3062 = CARTESIAN_POINT('',(630.93557200379,118.63687181743,
    78.218945055925));
#3063 = SURFACE_CURVE('',#3064,(#3069,#3076),.PCURVE_S1.);
#3064 = CIRCLE('',#3065,2.3);
#3065 = AXIS2_PLACEMENT_3D('',#3066,#3067,#3068);
#3066 = CARTESIAN_POINT('',(630.93557200379,118.63687181743,
    80.518945055925));
#3067 = DIRECTION('',(-1.,-9.992007221626E-16,-1.110223024625E-16));
#3068 = DIRECTION('',(1.110223024625E-16,1.109335647967E-31,-1.));
#3069 = PCURVE('',#368,#3070);
#3070 = DEFINITIONAL_REPRESENTATION('',(#3071),#3075);
#3071 = CIRCLE('',#3072,2.3);
#3072 = AXIS2_PLACEMENT_2D('',#3073,#3074);
#3073 = CARTESIAN_POINT('',(-8.618695538405E-02,-17.8946719756));
#3074 = DIRECTION('',(1.,4.526010529873E-25));
#3075 = ( GEOMETRIC_REPRESENTATION_CONTEXT(2) 
PARAMETRIC_REPRESENTATION_CONTEXT() REPRESENTATION_CONTEXT('2D SPACE',''
  ) );
#3076 = PCURVE('',#3077,#3082);
#3077 = CYLINDRICAL_SURFACE('',#3078,2.3);
#3078 = AXIS2_PLACEMENT_3D('',#3079,#3080,#3081);
#3079 = CARTESIAN_POINT('',(667.83557200378,118.63687181743,
    80.518945055925));
#3080 = DIRECTION('',(-1.,-9.992007221626E-16,-1.110223024625E-16));
#3081 = DIRECTION('',(1.110223024625E-16,1.109335647967E-31,-1.));
#3082 = DEFINITIONAL_REPRESENTATION('',(#3083),#3087);
#3083 = LINE('',#3084,#3085);
#3084 = CARTESIAN_POINT('',(-6.28318530718,36.899999999987));
#3085 = VECTOR('',#3086,1.);
#3086 = DIRECTION('',(1.,-0.));
#3087 = ( GEOMETRIC_REPRESENTATION_CONTEXT(2) 
PARAMETRIC_REPRESENTATION_CONTEXT() REPRESENTATION_CONTEXT('2D SPACE',''
  ) );
#3088 = ADVANCED_FACE('',(#3089),#340,.F.);
#3089 = FACE_BOUND('',#3090,.F.);
#3090 = EDGE_LOOP('',(#3091,#3092,#3113,#3114,#3139));
#3091 = ORIENTED_EDGE('',*,*,#324,.F.);
#3092 = ORIENTED_EDGE('',*,*,#3093,.T.);
#3093 = EDGE_CURVE('',#297,#1436,#3094,.T.);
#3094 = SURFACE_CURVE('',#3095,(#3099,#3106),.PCURVE_S1.);
#3095 = LINE('',#3096,#3097);
#3096 = CARTESIAN_POINT('',(642.93557200378,124.79866135735,59.));
#3097 = VECTOR('',#3098,1.);
#3098 = DIRECTION('',(0.,0.,1.));
#3099 = PCURVE('',#340,#3100);
#3100 = DEFINITIONAL_REPRESENTATION('',(#3101),#3105);
#3101 = LINE('',#3102,#3103);
#3102 = CARTESIAN_POINT('',(0.,0.));
#3103 = VECTOR('',#3104,1.);
#3104 = DIRECTION('',(0.,-1.));
#3105 = ( GEOMETRIC_REPRESENTATION_CONTEXT(2) 
PARAMETRIC_REPRESENTATION_CONTEXT() REPRESENTATION_CONTEXT('2D SPACE',''
  ) );
#3106 = PCURVE('',#312,#3107);
#3107 = DEFINITIONAL_REPRESENTATION('',(#3108),#3112);
#3108 = LINE('',#3109,#3110);
#3109 = CARTESIAN_POINT('',(45.,0.));
#3110 = VECTOR('',#3111,1.);
#3111 = DIRECTION('',(0.,-1.));
#3112 = ( GEOMETRIC_REPRESENTATION_CONTEXT(2) 
PARAMETRIC_REPRESENTATION_CONTEXT() REPRESENTATION_CONTEXT('2D SPACE',''
  ) );
#3113 = ORIENTED_EDGE('',*,*,#1435,.T.);
#3114 = ORIENTED_EDGE('',*,*,#3115,.T.);
#3115 = EDGE_CURVE('',#1383,#3009,#3116,.T.);
#3116 = SURFACE_CURVE('',#3117,(#3122,#3129),.PCURVE_S1.);
#3117 = ELLIPSE('',#3118,851.75879520607,547.5);
#3118 = AXIS2_PLACEMENT_3D('',#3119,#3120,#3121);
#3119 = CARTESIAN_POINT('',(773.34616044288,15.3711846965,-438.5));
#3120 = DIRECTION('',(-0.642787609687,-0.766044443119,0.));
#3121 = DIRECTION('',(0.766044443119,-0.642787609687,0.));
#3122 = PCURVE('',#340,#3123);
#3123 = DEFINITIONAL_REPRESENTATION('',(#3124),#3128);
#3124 = ELLIPSE('',#3125,851.75879520607,547.5);
#3125 = AXIS2_PLACEMENT_2D('',#3126,#3127);
#3126 = CARTESIAN_POINT('',(-170.2389327545,497.5));
#3127 = DIRECTION('',(-1.,0.));
#3128 = ( GEOMETRIC_REPRESENTATION_CONTEXT(2) 
PARAMETRIC_REPRESENTATION_CONTEXT() REPRESENTATION_CONTEXT('2D SPACE',''
  ) );
#3129 = PCURVE('',#1401,#3130);
#3130 = DEFINITIONAL_REPRESENTATION('',(#3131),#3138);
#3131 = B_SPLINE_CURVE_WITH_KNOTS('',5,(#3132,#3133,#3134,#3135,#3136,
    #3137),.UNSPECIFIED.,.F.,.F.,(6,6),(1.770142418602,1.792711141395),
  .PIECEWISE_BEZIER_KNOTS.);
#3132 = CARTESIAN_POINT('',(-6.38726666379E-02,51.635572003788));
#3133 = CARTESIAN_POINT('',(-6.838641119653E-02,48.748745917447));
#3134 = CARTESIAN_POINT('',(-7.290015575514E-02,45.865210483992));
#3135 = CARTESIAN_POINT('',(-7.741390031378E-02,42.985088236501));
#3136 = CARTESIAN_POINT('',(-8.192764487241E-02,40.108501428693));
#3137 = CARTESIAN_POINT('',(-8.644138943104E-02,37.235572003788));
#3138 = ( GEOMETRIC_REPRESENTATION_CONTEXT(2) 
PARAMETRIC_REPRESENTATION_CONTEXT() REPRESENTATION_CONTEXT('2D SPACE',''
  ) );
#3139 = ORIENTED_EDGE('',*,*,#3036,.F.);
#3140 = ADVANCED_FACE('',(#3141),#312,.F.);
#3141 = FACE_BOUND('',#3142,.F.);
#3142 = EDGE_LOOP('',(#3143,#3144,#3165,#3166,#3167));
#3143 = ORIENTED_EDGE('',*,*,#296,.F.);
#3144 = ORIENTED_EDGE('',*,*,#3145,.T.);
#3145 = EDGE_CURVE('',#269,#1304,#3146,.T.);
#3146 = SURFACE_CURVE('',#3147,(#3151,#3158),.PCURVE_S1.);
#3147 = LINE('',#3148,#3149);
#3148 = CARTESIAN_POINT('',(642.93557200378,169.79866135735,59.));
#3149 = VECTOR('',#3150,1.);
#3150 = DIRECTION('',(0.,0.,1.));
#3151 = PCURVE('',#312,#3152);
#3152 = DEFINITIONAL_REPRESENTATION('',(#3153),#3157);
#3153 = LINE('',#3154,#3155);
#3154 = CARTESIAN_POINT('',(0.,0.));
#3155 = VECTOR('',#3156,1.);
#3156 = DIRECTION('',(0.,-1.));
#3157 = ( GEOMETRIC_REPRESENTATION_CONTEXT(2) 
PARAMETRIC_REPRESENTATION_CONTEXT() REPRESENTATION_CONTEXT('2D SPACE',''
  ) );
#3158 = PCURVE('',#284,#3159);
#3159 = DEFINITIONAL_REPRESENTATION('',(#3160),#3164);
#3160 = LINE('',#3161,#3162);
#3161 = CARTESIAN_POINT('',(15.664887471958,0.));
#3162 = VECTOR('',#3163,1.);
#3163 = DIRECTION('',(0.,-1.));
#3164 = ( GEOMETRIC_REPRESENTATION_CONTEXT(2) 
PARAMETRIC_REPRESENTATION_CONTEXT() REPRESENTATION_CONTEXT('2D SPACE',''
  ) );
#3165 = ORIENTED_EDGE('',*,*,#1330,.T.);
#3166 = ORIENTED_EDGE('',*,*,#1464,.F.);
#3167 = ORIENTED_EDGE('',*,*,#3093,.F.);
#3168 = ADVANCED_FACE('',(#3169),#284,.F.);
#3169 = FACE_BOUND('',#3170,.F.);
#3170 = EDGE_LOOP('',(#3171,#3172,#3173,#3200,#3221,#3222));
#3171 = ORIENTED_EDGE('',*,*,#268,.F.);
#3172 = ORIENTED_EDGE('',*,*,#1196,.T.);
#3173 = ORIENTED_EDGE('',*,*,#3174,.T.);
#3174 = EDGE_CURVE('',#1168,#3175,#3177,.T.);
#3175 = VERTEX_POINT('',#3176);
#3176 = CARTESIAN_POINT('',(633.52970296902,161.90620011938,
    89.026055522392));
#3177 = SURFACE_CURVE('',#3178,(#3183,#3190),.PCURVE_S1.);
#3178 = ELLIPSE('',#3179,851.75879520613,547.5);
#3179 = AXIS2_PLACEMENT_3D('',#3180,#3181,#3182);
#3180 = CARTESIAN_POINT('',(458.89607189793,15.3711846965,-438.5));
#3181 = DIRECTION('',(-0.642787609686,0.766044443119,0.));
#3182 = DIRECTION('',(0.766044443119,0.642787609686,0.));
#3183 = PCURVE('',#284,#3184);
#3184 = DEFINITIONAL_REPRESENTATION('',(#3185),#3189);
#3185 = ELLIPSE('',#3186,851.75879520613,547.5);
#3186 = AXIS2_PLACEMENT_2D('',#3187,#3188);
#3187 = CARTESIAN_POINT('',(-224.5816174912,497.5));
#3188 = DIRECTION('',(1.,0.));
#3189 = ( GEOMETRIC_REPRESENTATION_CONTEXT(2) 
PARAMETRIC_REPRESENTATION_CONTEXT() REPRESENTATION_CONTEXT('2D SPACE',''
  ) );
#3190 = PCURVE('',#1184,#3191);
#3191 = DEFINITIONAL_REPRESENTATION('',(#3192),#3199);
#3192 = B_SPLINE_CURVE_WITH_KNOTS('',5,(#3193,#3194,#3195,#3196,#3197,
    #3198),.UNSPECIFIED.,.F.,.F.,(6,6),(4.977305779642,4.983335830723),
  .PIECEWISE_BEZIER_KNOTS.);
#3193 = CARTESIAN_POINT('',(-0.129443374088,37.235572003812));
#3194 = CARTESIAN_POINT('',(-0.130649384304,37.995023995758));
#3195 = CARTESIAN_POINT('',(-0.13185539452,38.754165388543));
#3196 = CARTESIAN_POINT('',(-0.133061404737,39.51299388093));
#3197 = CARTESIAN_POINT('',(-0.134267414953,40.271507173569));
#3198 = CARTESIAN_POINT('',(-0.135473425169,41.029702969028));
#3199 = ( GEOMETRIC_REPRESENTATION_CONTEXT(2) 
PARAMETRIC_REPRESENTATION_CONTEXT() REPRESENTATION_CONTEXT('2D SPACE',''
  ) );
#3200 = ORIENTED_EDGE('',*,*,#3201,.F.);
#3201 = EDGE_CURVE('',#1281,#3175,#3202,.T.);
#3202 = SURFACE_CURVE('',#3203,(#3207,#3214),.PCURVE_S1.);
#3203 = LINE('',#3204,#3205);
#3204 = CARTESIAN_POINT('',(626.34403278627,155.87670691927,
    90.700914744645));
#3205 = VECTOR('',#3206,1.);
#3206 = DIRECTION('',(-0.754117794364,-0.632779963115,0.175772211976));
#3207 = PCURVE('',#284,#3208);
#3208 = DEFINITIONAL_REPRESENTATION('',(#3209),#3213);
#3209 = LINE('',#3210,#3211);
#3210 = CARTESIAN_POINT('',(-5.993828763824,-31.70091474464));
#3211 = VECTOR('',#3212,1.);
#3212 = DIRECTION('',(-0.984430865778,-0.175772211976));
#3213 = ( GEOMETRIC_REPRESENTATION_CONTEXT(2) 
PARAMETRIC_REPRESENTATION_CONTEXT() REPRESENTATION_CONTEXT('2D SPACE',''
  ) );
#3214 = PCURVE('',#1074,#3215);
#3215 = DEFINITIONAL_REPRESENTATION('',(#3216),#3220);
#3216 = LINE('',#3217,#3218);
#3217 = CARTESIAN_POINT('',(-3.655967213724,21.667170594989));
#3218 = VECTOR('',#3219,1.);
#3219 = DIRECTION('',(-0.754117794364,-0.656739181276));
#3220 = ( GEOMETRIC_REPRESENTATION_CONTEXT(2) 
PARAMETRIC_REPRESENTATION_CONTEXT() REPRESENTATION_CONTEXT('2D SPACE',''
  ) );
#3221 = ORIENTED_EDGE('',*,*,#1303,.T.);
#3222 = ORIENTED_EDGE('',*,*,#3145,.F.);
#3223 = ADVANCED_FACE('',(#3224),#915,.F.);
#3224 = FACE_BOUND('',#3225,.F.);
#3225 = EDGE_LOOP('',(#3226,#3249,#3276,#3277));
#3226 = ORIENTED_EDGE('',*,*,#3227,.T.);
#3227 = EDGE_CURVE('',#895,#3228,#3230,.T.);
#3228 = VERTEX_POINT('',#3229);
#3229 = CARTESIAN_POINT('',(667.94076027556,138.,75.9));
#3230 = SEAM_CURVE('',#3231,(#3235,#3242),.PCURVE_S1.);
#3231 = LINE('',#3232,#3233);
#3232 = CARTESIAN_POINT('',(667.94076027556,138.,58.9));
#3233 = VECTOR('',#3234,1.);
#3234 = DIRECTION('',(0.,0.,1.));
#3235 = PCURVE('',#915,#3236);
#3236 = DEFINITIONAL_REPRESENTATION('',(#3237),#3241);
#3237 = LINE('',#3238,#3239);
#3238 = CARTESIAN_POINT('',(3.14159265359,0.));
#3239 = VECTOR('',#3240,1.);
#3240 = DIRECTION('',(0.,1.));
#3241 = ( GEOMETRIC_REPRESENTATION_CONTEXT(2) 
PARAMETRIC_REPRESENTATION_CONTEXT() REPRESENTATION_CONTEXT('2D SPACE',''
  ) );
#3242 = PCURVE('',#915,#3243);
#3243 = DEFINITIONAL_REPRESENTATION('',(#3244),#3248);
#3244 = LINE('',#3245,#3246);
#3245 = CARTESIAN_POINT('',(-3.14159265359,0.));
#3246 = VECTOR('',#3247,1.);
#3247 = DIRECTION('',(0.,1.));
#3248 = ( GEOMETRIC_REPRESENTATION_CONTEXT(2) 
PARAMETRIC_REPRESENTATION_CONTEXT() REPRESENTATION_CONTEXT('2D SPACE',''
  ) );
#3249 = ORIENTED_EDGE('',*,*,#3250,.F.);
#3250 = EDGE_CURVE('',#3228,#3228,#3251,.T.);
#3251 = SURFACE_CURVE('',#3252,(#3257,#3264),.PCURVE_S1.);
#3252 = CIRCLE('',#3253,2.65);
#3253 = AXIS2_PLACEMENT_3D('',#3254,#3255,#3256);
#3254 = CARTESIAN_POINT('',(665.29076027556,138.,75.9));
#3255 = DIRECTION('',(0.,0.,1.));
#3256 = DIRECTION('',(-1.,0.,0.));
#3257 = PCURVE('',#915,#3258);
#3258 = DEFINITIONAL_REPRESENTATION('',(#3259),#3263);
#3259 = LINE('',#3260,#3261);
#3260 = CARTESIAN_POINT('',(-6.28318530718,17.));
#3261 = VECTOR('',#3262,1.);
#3262 = DIRECTION('',(1.,0.));
#3263 = ( GEOMETRIC_REPRESENTATION_CONTEXT(2) 
PARAMETRIC_REPRESENTATION_CONTEXT() REPRESENTATION_CONTEXT('2D SPACE',''
  ) );
#3264 = PCURVE('',#3265,#3270);
#3265 = PLANE('',#3266);
#3266 = AXIS2_PLACEMENT_3D('',#3267,#3268,#3269);
#3267 = CARTESIAN_POINT('',(665.29076027556,138.,75.9));
#3268 = DIRECTION('',(0.,0.,1.));
#3269 = DIRECTION('',(-1.,0.,0.));
#3270 = DEFINITIONAL_REPRESENTATION('',(#3271),#3275);
#3271 = CIRCLE('',#3272,2.65);
#3272 = AXIS2_PLACEMENT_2D('',#3273,#3274);
#3273 = CARTESIAN_POINT('',(0.,0.));
#3274 = DIRECTION('',(1.,0.));
#3275 = ( GEOMETRIC_REPRESENTATION_CONTEXT(2) 
PARAMETRIC_REPRESENTATION_CONTEXT() REPRESENTATION_CONTEXT('2D SPACE',''
  ) );
#3276 = ORIENTED_EDGE('',*,*,#3227,.F.);
#3277 = ORIENTED_EDGE('',*,*,#894,.F.);
#3278 = ADVANCED_FACE('',(#3279),#950,.F.);
#3279 = FACE_BOUND('',#3280,.F.);
#3280 = EDGE_LOOP('',(#3281,#3304,#3305,#3306));
#3281 = ORIENTED_EDGE('',*,*,#3282,.T.);
#3282 = EDGE_CURVE('',#3283,#930,#3285,.T.);
#3283 = VERTEX_POINT('',#3284);
#3284 = CARTESIAN_POINT('',(679.2,-1.588026523781E-13,101.));
#3285 = SEAM_CURVE('',#3286,(#3290,#3297),.PCURVE_S1.);
#3286 = LINE('',#3287,#3288);
#3287 = CARTESIAN_POINT('',(679.2,-1.588026523781E-13,59.));
#3288 = VECTOR('',#3289,1.);
#3289 = DIRECTION('',(0.,0.,-1.));
#3290 = PCURVE('',#950,#3291);
#3291 = DEFINITIONAL_REPRESENTATION('',(#3292),#3296);
#3292 = LINE('',#3293,#3294);
#3293 = CARTESIAN_POINT('',(3.14159265359,0.));
#3294 = VECTOR('',#3295,1.);
#3295 = DIRECTION('',(0.,-1.));
#3296 = ( GEOMETRIC_REPRESENTATION_CONTEXT(2) 
PARAMETRIC_REPRESENTATION_CONTEXT() REPRESENTATION_CONTEXT('2D SPACE',''
  ) );
#3297 = PCURVE('',#950,#3298);
#3298 = DEFINITIONAL_REPRESENTATION('',(#3299),#3303);
#3299 = LINE('',#3300,#3301);
#3300 = CARTESIAN_POINT('',(9.424777960769,0.));
#3301 = VECTOR('',#3302,1.);
#3302 = DIRECTION('',(0.,-1.));
#3303 = ( GEOMETRIC_REPRESENTATION_CONTEXT(2) 
PARAMETRIC_REPRESENTATION_CONTEXT() REPRESENTATION_CONTEXT('2D SPACE',''
  ) );
#3304 = ORIENTED_EDGE('',*,*,#929,.F.);
#3305 = ORIENTED_EDGE('',*,*,#3282,.F.);
#3306 = ORIENTED_EDGE('',*,*,#3307,.F.);
#3307 = EDGE_CURVE('',#3283,#3283,#3308,.T.);
#3308 = SURFACE_CURVE('',#3309,(#3314,#3321),.PCURVE_S1.);
#3309 = CIRCLE('',#3310,4.2);
#3310 = AXIS2_PLACEMENT_3D('',#3311,#3312,#3313);
#3311 = CARTESIAN_POINT('',(675.,-1.593170040337E-13,101.));
#3312 = DIRECTION('',(0.,0.,1.));
#3313 = DIRECTION('',(-1.,0.,0.));
#3314 = PCURVE('',#950,#3315);
#3315 = DEFINITIONAL_REPRESENTATION('',(#3316),#3320);
#3316 = LINE('',#3317,#3318);
#3317 = CARTESIAN_POINT('',(0.,42.));
#3318 = VECTOR('',#3319,1.);
#3319 = DIRECTION('',(1.,0.));
#3320 = ( GEOMETRIC_REPRESENTATION_CONTEXT(2) 
PARAMETRIC_REPRESENTATION_CONTEXT() REPRESENTATION_CONTEXT('2D SPACE',''
  ) );
#3321 = PCURVE('',#3322,#3327);
#3322 = PLANE('',#3323);
#3323 = AXIS2_PLACEMENT_3D('',#3324,#3325,#3326);
#3324 = CARTESIAN_POINT('',(675.,-1.59872115546E-13,101.));
#3325 = DIRECTION('',(0.,0.,1.));
#3326 = DIRECTION('',(-1.,0.,0.));
#3327 = DEFINITIONAL_REPRESENTATION('',(#3328),#3332);
#3328 = CIRCLE('',#3329,4.2);
#3329 = AXIS2_PLACEMENT_2D('',#3330,#3331);
#3330 = CARTESIAN_POINT('',(0.,-5.55111512313E-16));
#3331 = DIRECTION('',(1.,0.));
#3332 = ( GEOMETRIC_REPRESENTATION_CONTEXT(2) 
PARAMETRIC_REPRESENTATION_CONTEXT() REPRESENTATION_CONTEXT('2D SPACE',''
  ) );
#3333 = ADVANCED_FACE('',(#3334),#1074,.T.);
#3334 = FACE_BOUND('',#3335,.T.);
#3335 = EDGE_LOOP('',(#3336,#3337,#3338,#3339,#3360,#3361));
#3336 = ORIENTED_EDGE('',*,*,#1059,.F.);
#3337 = ORIENTED_EDGE('',*,*,#1116,.F.);
#3338 = ORIENTED_EDGE('',*,*,#1144,.F.);
#3339 = ORIENTED_EDGE('',*,*,#3340,.F.);
#3340 = EDGE_CURVE('',#3175,#1145,#3341,.T.);
#3341 = SURFACE_CURVE('',#3342,(#3346,#3353),.PCURVE_S1.);
#3342 = LINE('',#3343,#3344);
#3343 = CARTESIAN_POINT('',(592.5,161.90620011938,89.026055522392));
#3344 = VECTOR('',#3345,1.);
#3345 = DIRECTION('',(-1.,0.,0.));
#3346 = PCURVE('',#1074,#3347);
#3347 = DEFINITIONAL_REPRESENTATION('',(#3348),#3352);
#3348 = LINE('',#3349,#3350);
#3349 = CARTESIAN_POINT('',(-37.5,27.924961072826));
#3350 = VECTOR('',#3351,1.);
#3351 = DIRECTION('',(-1.,0.));
#3352 = ( GEOMETRIC_REPRESENTATION_CONTEXT(2) 
PARAMETRIC_REPRESENTATION_CONTEXT() REPRESENTATION_CONTEXT('2D SPACE',''
  ) );
#3353 = PCURVE('',#1184,#3354);
#3354 = DEFINITIONAL_REPRESENTATION('',(#3355),#3359);
#3355 = LINE('',#3356,#3357);
#3356 = CARTESIAN_POINT('',(-0.135473425169,0.));
#3357 = VECTOR('',#3358,1.);
#3358 = DIRECTION('',(0.,-1.));
#3359 = ( GEOMETRIC_REPRESENTATION_CONTEXT(2) 
PARAMETRIC_REPRESENTATION_CONTEXT() REPRESENTATION_CONTEXT('2D SPACE',''
  ) );
#3360 = ORIENTED_EDGE('',*,*,#3201,.F.);
#3361 = ORIENTED_EDGE('',*,*,#1280,.F.);
#3362 = ADVANCED_FACE('',(#3363),#1184,.T.);
#3363 = FACE_BOUND('',#3364,.T.);
#3364 = EDGE_LOOP('',(#3365,#3366,#3367));
#3365 = ORIENTED_EDGE('',*,*,#3174,.T.);
#3366 = ORIENTED_EDGE('',*,*,#3340,.T.);
#3367 = ORIENTED_EDGE('',*,*,#1167,.T.);
#3368 = ADVANCED_FACE('',(#3369),#1258,.T.);
#3369 = FACE_BOUND('',#3370,.T.);
#3370 = EDGE_LOOP('',(#3371));
#3371 = ORIENTED_EDGE('',*,*,#1243,.F.);
#3372 = ADVANCED_FACE('',(#3373),#1401,.T.);
#3373 = FACE_BOUND('',#3374,.T.);
#3374 = EDGE_LOOP('',(#3375,#3376,#3377,#3378,#3379,#3380,#3381,#3382,
    #3383,#3406));
#3375 = ORIENTED_EDGE('',*,*,#1382,.F.);
#3376 = ORIENTED_EDGE('',*,*,#3115,.T.);
#3377 = ORIENTED_EDGE('',*,*,#3008,.T.);
#3378 = ORIENTED_EDGE('',*,*,#2980,.T.);
#3379 = ORIENTED_EDGE('',*,*,#2949,.T.);
#3380 = ORIENTED_EDGE('',*,*,#2899,.T.);
#3381 = ORIENTED_EDGE('',*,*,#2846,.T.);
#3382 = ORIENTED_EDGE('',*,*,#2769,.T.);
#3383 = ORIENTED_EDGE('',*,*,#3384,.T.);
#3384 = EDGE_CURVE('',#2747,#3385,#3387,.T.);
#3385 = VERTEX_POINT('',#3386);
#3386 = CARTESIAN_POINT('',(659.59681276398,15.3711846965,109.));
#3387 = SURFACE_CURVE('',#3388,(#3392,#3399),.PCURVE_S1.);
#3388 = LINE('',#3389,#3390);
#3389 = CARTESIAN_POINT('',(592.5,15.3711846965,109.));
#3390 = VECTOR('',#3391,1.);
#3391 = DIRECTION('',(1.,0.,0.));
#3392 = PCURVE('',#1401,#3393);
#3393 = DEFINITIONAL_REPRESENTATION('',(#3394),#3398);
#3394 = LINE('',#3395,#3396);
#3395 = CARTESIAN_POINT('',(0.135473425169,0.));
#3396 = VECTOR('',#3397,1.);
#3397 = DIRECTION('',(0.,1.));
#3398 = ( GEOMETRIC_REPRESENTATION_CONTEXT(2) 
PARAMETRIC_REPRESENTATION_CONTEXT() REPRESENTATION_CONTEXT('2D SPACE',''
  ) );
#3399 = PCURVE('',#2599,#3400);
#3400 = DEFINITIONAL_REPRESENTATION('',(#3401),#3405);
#3401 = LINE('',#3402,#3403);
#3402 = CARTESIAN_POINT('',(-37.5,79.6288153035));
#3403 = VECTOR('',#3404,1.);
#3404 = DIRECTION('',(-1.,0.));
#3405 = ( GEOMETRIC_REPRESENTATION_CONTEXT(2) 
PARAMETRIC_REPRESENTATION_CONTEXT() REPRESENTATION_CONTEXT('2D SPACE',''
  ) );
#3406 = ORIENTED_EDGE('',*,*,#3407,.F.);
#3407 = EDGE_CURVE('',#1385,#3385,#3408,.T.);
#3408 = SURFACE_CURVE('',#3409,(#3414,#3443),.PCURVE_S1.);
#3409 = ELLIPSE('',#3410,554.69386541782,547.5);
#3410 = AXIS2_PLACEMENT_3D('',#3411,#3412,#3413);
#3411 = CARTESIAN_POINT('',(659.59681276398,15.3711846965,-438.5));
#3412 = DIRECTION('',(0.987030926667,0.160530214609,7.877678607937E-17)
  );
#3413 = DIRECTION('',(-0.160530214609,0.987030926667,3.842891259803E-16)
  );
#3414 = PCURVE('',#1401,#3415);
#3415 = DEFINITIONAL_REPRESENTATION('',(#3416),#3442);
#3416 = B_SPLINE_CURVE_WITH_KNOTS('',3,(#3417,#3418,#3419,#3420,#3421,
    #3422,#3423,#3424,#3425,#3426,#3427,#3428,#3429,#3430,#3431,#3432,
    #3433,#3434,#3435,#3436,#3437,#3438,#3439,#3440,#3441),
  .UNSPECIFIED.,.F.,.F.,(4,1,1,1,1,1,1,1,1,1,1,1,1,1,1,1,1,1,1,1,1,1,4),
  (1.398236815104,1.406080429271,1.413924043439,1.421767657607,
    1.429611271775,1.437454885943,1.44529850011,1.453142114278,
    1.460985728446,1.468829342614,1.476672956781,1.484516570949,
    1.492360185117,1.500203799285,1.508047413453,1.51589102762,
    1.523734641788,1.531578255956,1.539421870124,1.547265484292,
    1.555109098459,1.562952712627,1.570796326795),
  .QUASI_UNIFORM_KNOTS.);
#3417 = CARTESIAN_POINT('',(-3.708608652212E-02,51.807372256868));
#3418 = CARTESIAN_POINT('',(-3.447154846619E-02,52.036726518977));
#3419 = CARTESIAN_POINT('',(-2.924247235433E-02,52.495748607686));
#3420 = CARTESIAN_POINT('',(-2.139885818655E-02,53.185180014259));
#3421 = CARTESIAN_POINT('',(-1.355524401876E-02,53.875467295253));
#3422 = CARTESIAN_POINT('',(-5.71162985097E-03,54.566567978527));
#3423 = CARTESIAN_POINT('',(2.131984316816E-03,55.258439547362));
#3424 = CARTESIAN_POINT('',(9.975598484607E-03,55.951039436146));
#3425 = CARTESIAN_POINT('',(1.781921265239E-02,56.644325034856));
#3426 = CARTESIAN_POINT('',(2.566282682018E-02,57.338253691175));
#3427 = CARTESIAN_POINT('',(3.350644098797E-02,58.032782713252));
#3428 = CARTESIAN_POINT('',(4.135005515576E-02,58.727869372293));
#3429 = CARTESIAN_POINT('',(4.919366932354E-02,59.423470905201));
#3430 = CARTESIAN_POINT('',(5.703728349133E-02,60.119544517199));
#3431 = CARTESIAN_POINT('',(6.488089765912E-02,60.81604738447));
#3432 = CARTESIAN_POINT('',(7.272451182691E-02,61.512936656786));
#3433 = CARTESIAN_POINT('',(8.05681259947E-02,62.210169460148));
#3434 = CARTESIAN_POINT('',(8.841174016248E-02,62.907702899421));
#3435 = CARTESIAN_POINT('',(9.625535433027E-02,63.605494060979));
#3436 = CARTESIAN_POINT('',(0.104098968498,64.303500015329));
#3437 = CARTESIAN_POINT('',(0.111942582666,65.00167781979));
#3438 = CARTESIAN_POINT('',(0.119786196834,65.699984521022));
#3439 = CARTESIAN_POINT('',(0.127629811001,66.398377158077));
#3440 = CARTESIAN_POINT('',(0.132858887113,66.864000895036));
#3441 = CARTESIAN_POINT('',(0.135473425169,67.096812763982));
#3442 = ( GEOMETRIC_REPRESENTATION_CONTEXT(2) 
PARAMETRIC_REPRESENTATION_CONTEXT() REPRESENTATION_CONTEXT('2D SPACE',''
  ) );
#3443 = PCURVE('',#1516,#3444);
#3444 = DEFINITIONAL_REPRESENTATION('',(#3445),#3449);
#3445 = LINE('',#3446,#3447);
#3446 = CARTESIAN_POINT('',(1.,4.440892098501E-15));
#3447 = VECTOR('',#3448,1.);
#3448 = DIRECTION('',(-2.702219459085E-14,-1.));
#3449 = ( GEOMETRIC_REPRESENTATION_CONTEXT(2) 
PARAMETRIC_REPRESENTATION_CONTEXT() REPRESENTATION_CONTEXT('2D SPACE',''
  ) );
#3450 = ADVANCED_FACE('',(#3451),#1516,.F.);
#3451 = FACE_BOUND('',#3452,.F.);
#3452 = EDGE_LOOP('',(#3453,#3454,#3475,#3476));
#3453 = ORIENTED_EDGE('',*,*,#2232,.F.);
#3454 = ORIENTED_EDGE('',*,*,#3455,.T.);
#3455 = EDGE_CURVE('',#2233,#3385,#3456,.T.);
#3456 = SURFACE_CURVE('',#3457,(#3462,#3468),.PCURVE_S1.);
#3457 = CIRCLE('',#3458,42.5);
#3458 = AXIS2_PLACEMENT_3D('',#3459,#3460,#3461);
#3459 = CARTESIAN_POINT('',(659.59681276398,15.3711846965,66.5));
#3460 = DIRECTION('',(0.173648177667,-0.984807753012,1.029041169152E-16)
  );
#3461 = DIRECTION('',(0.984807753012,0.173648177667,0.));
#3462 = PCURVE('',#1516,#3463);
#3463 = DEFINITIONAL_REPRESENTATION('',(#3464),#3467);
#3464 = B_SPLINE_CURVE_WITH_KNOTS('',1,(#3465,#3466),.UNSPECIFIED.,.F.,
  .F.,(2,2),(0.,1.570796326795),.PIECEWISE_BEZIER_KNOTS.);
#3465 = CARTESIAN_POINT('',(-1.445230780832E-15,-1.570796326795));
#3466 = CARTESIAN_POINT('',(1.,-1.570796326795));
#3467 = ( GEOMETRIC_REPRESENTATION_CONTEXT(2) 
PARAMETRIC_REPRESENTATION_CONTEXT() REPRESENTATION_CONTEXT('2D SPACE',''
  ) );
#3468 = PCURVE('',#2276,#3469);
#3469 = DEFINITIONAL_REPRESENTATION('',(#3470),#3474);
#3470 = LINE('',#3471,#3472);
#3471 = CARTESIAN_POINT('',(7.068583470577,-24.3848616722));
#3472 = VECTOR('',#3473,1.);
#3473 = DIRECTION('',(-1.,0.));
#3474 = ( GEOMETRIC_REPRESENTATION_CONTEXT(2) 
PARAMETRIC_REPRESENTATION_CONTEXT() REPRESENTATION_CONTEXT('2D SPACE',''
  ) );
#3475 = ORIENTED_EDGE('',*,*,#3407,.F.);
#3476 = ORIENTED_EDGE('',*,*,#1502,.F.);
#3477 = ADVANCED_FACE('',(#3478),#1807,.F.);
#3478 = FACE_BOUND('',#3479,.T.);
#3479 = EDGE_LOOP('',(#3480,#3481,#3504,#3531,#3532));
#3480 = ORIENTED_EDGE('',*,*,#1937,.T.);
#3481 = ORIENTED_EDGE('',*,*,#3482,.T.);
#3482 = EDGE_CURVE('',#1554,#3483,#3485,.T.);
#3483 = VERTEX_POINT('',#3484);
#3484 = CARTESIAN_POINT('',(667.83557200378,118.63687181743,
    76.268945055925));
#3485 = SEAM_CURVE('',#3486,(#3490,#3497),.PCURVE_S1.);
#3486 = LINE('',#3487,#3488);
#3487 = CARTESIAN_POINT('',(700.83557200378,118.63687181743,
    76.268945055925));
#3488 = VECTOR('',#3489,1.);
#3489 = DIRECTION('',(-1.,-9.992007221626E-16,-1.076579902667E-16));
#3490 = PCURVE('',#1807,#3491);
#3491 = DEFINITIONAL_REPRESENTATION('',(#3492),#3496);
#3492 = LINE('',#3493,#3494);
#3493 = CARTESIAN_POINT('',(-0.,0.));
#3494 = VECTOR('',#3495,1.);
#3495 = DIRECTION('',(-0.,1.));
#3496 = ( GEOMETRIC_REPRESENTATION_CONTEXT(2) 
PARAMETRIC_REPRESENTATION_CONTEXT() REPRESENTATION_CONTEXT('2D SPACE',''
  ) );
#3497 = PCURVE('',#1807,#3498);
#3498 = DEFINITIONAL_REPRESENTATION('',(#3499),#3503);
#3499 = LINE('',#3500,#3501);
#3500 = CARTESIAN_POINT('',(-6.28318530718,0.));
#3501 = VECTOR('',#3502,1.);
#3502 = DIRECTION('',(-0.,1.));
#3503 = ( GEOMETRIC_REPRESENTATION_CONTEXT(2) 
PARAMETRIC_REPRESENTATION_CONTEXT() REPRESENTATION_CONTEXT('2D SPACE',''
  ) );
#3504 = ORIENTED_EDGE('',*,*,#3505,.F.);
#3505 = EDGE_CURVE('',#3483,#3483,#3506,.T.);
#3506 = SURFACE_CURVE('',#3507,(#3512,#3519),.PCURVE_S1.);
#3507 = CIRCLE('',#3508,4.25);
#3508 = AXIS2_PLACEMENT_3D('',#3509,#3510,#3511);
#3509 = CARTESIAN_POINT('',(667.83557200378,118.63687181743,
    80.518945055925));
#3510 = DIRECTION('',(1.,9.992007221626E-16,1.110223024625E-16));
#3511 = DIRECTION('',(1.110223024625E-16,1.109335647967E-31,-1.));
#3512 = PCURVE('',#1807,#3513);
#3513 = DEFINITIONAL_REPRESENTATION('',(#3514),#3518);
#3514 = LINE('',#3515,#3516);
#3515 = CARTESIAN_POINT('',(-0.,33.));
#3516 = VECTOR('',#3517,1.);
#3517 = DIRECTION('',(-1.,0.));
#3518 = ( GEOMETRIC_REPRESENTATION_CONTEXT(2) 
PARAMETRIC_REPRESENTATION_CONTEXT() REPRESENTATION_CONTEXT('2D SPACE',''
  ) );
#3519 = PCURVE('',#3520,#3525);
#3520 = PLANE('',#3521);
#3521 = AXIS2_PLACEMENT_3D('',#3522,#3523,#3524);
#3522 = CARTESIAN_POINT('',(667.83557200378,118.63687181743,
    80.518945055925));
#3523 = DIRECTION('',(1.,9.992007221626E-16,1.110223024625E-16));
#3524 = DIRECTION('',(1.110223024625E-16,1.109335647967E-31,-1.));
#3525 = DEFINITIONAL_REPRESENTATION('',(#3526),#3530);
#3526 = CIRCLE('',#3527,4.25);
#3527 = AXIS2_PLACEMENT_2D('',#3528,#3529);
#3528 = CARTESIAN_POINT('',(0.,0.));
#3529 = DIRECTION('',(1.,0.));
#3530 = ( GEOMETRIC_REPRESENTATION_CONTEXT(2) 
PARAMETRIC_REPRESENTATION_CONTEXT() REPRESENTATION_CONTEXT('2D SPACE',''
  ) );
#3531 = ORIENTED_EDGE('',*,*,#3482,.F.);
#3532 = ORIENTED_EDGE('',*,*,#1553,.T.);
#3533 = ADVANCED_FACE('',(#3534),#2105,.T.);
#3534 = FACE_BOUND('',#3535,.T.);
#3535 = EDGE_LOOP('',(#3536,#3557,#3638,#3743,#3744));
#3536 = ORIENTED_EDGE('',*,*,#3537,.T.);
#3537 = EDGE_CURVE('',#1976,#3538,#3540,.T.);
#3538 = VERTEX_POINT('',#3539);
#3539 = CARTESIAN_POINT('',(664.1669087641,142.61513356038,
    84.159921612034));
#3540 = SEAM_CURVE('',#3541,(#3545,#3551),.PCURVE_S1.);
#3541 = LINE('',#3542,#3543);
#3542 = CARTESIAN_POINT('',(664.56038899319,143.68073661024,
    84.757842394833));
#3543 = VECTOR('',#3544,1.);
#3544 = DIRECTION('',(-0.306524102253,-0.830112910554,-0.465784854272));
#3545 = PCURVE('',#2105,#3546);
#3546 = DEFINITIONAL_REPRESENTATION('',(#3547),#3550);
#3547 = B_SPLINE_CURVE_WITH_KNOTS('',1,(#3548,#3549),.UNSPECIFIED.,.F.,
  .F.,(2,2),(5.295360714086E-14,1.283684467869),
  .PIECEWISE_BEZIER_KNOTS.);
#3548 = CARTESIAN_POINT('',(7.459219162358E-14,-3.425516101282));
#3549 = CARTESIAN_POINT('',(1.,-3.425516101282));
#3550 = ( GEOMETRIC_REPRESENTATION_CONTEXT(2) 
PARAMETRIC_REPRESENTATION_CONTEXT() REPRESENTATION_CONTEXT('2D SPACE',''
  ) );
#3551 = PCURVE('',#2105,#3552);
#3552 = DEFINITIONAL_REPRESENTATION('',(#3553),#3556);
#3553 = B_SPLINE_CURVE_WITH_KNOTS('',1,(#3554,#3555),.UNSPECIFIED.,.F.,
  .F.,(2,2),(5.295360714086E-14,1.283684467869),
  .PIECEWISE_BEZIER_KNOTS.);
#3554 = CARTESIAN_POINT('',(7.459219162358E-14,0.));
#3555 = CARTESIAN_POINT('',(1.,0.));
#3556 = ( GEOMETRIC_REPRESENTATION_CONTEXT(2) 
PARAMETRIC_REPRESENTATION_CONTEXT() REPRESENTATION_CONTEXT('2D SPACE',''
  ) );
#3557 = ORIENTED_EDGE('',*,*,#3558,.T.);
#3558 = EDGE_CURVE('',#3538,#3559,#3561,.T.);
#3559 = VERTEX_POINT('',#3560);
#3560 = CARTESIAN_POINT('',(670.03982696178,137.9994373529,80.8316914612
    ));
#3561 = SURFACE_CURVE('',#3562,(#3575,#3582),.PCURVE_S1.);
#3562 = B_SPLINE_CURVE_WITH_KNOTS('',3,(#3563,#3564,#3565,#3566,#3567,
    #3568,#3569,#3570,#3571,#3572,#3573,#3574),.UNSPECIFIED.,.F.,.F.,(4,
    1,2,1,2,2,4),(-3.425516101282,-3.292550363276,-2.89365314926,
    -2.77677914585,-2.65990514244,-2.59413254973,-2.540158773648),
  .UNSPECIFIED.);
#3563 = CARTESIAN_POINT('',(664.1669087641,142.61513356038,
    84.159921612034));
#3564 = CARTESIAN_POINT('',(664.4981366479,142.69579232203,
    83.874110329261));
#3565 = CARTESIAN_POINT('',(665.86361661882,142.87102729221,
    82.734985131999));
#3566 = CARTESIAN_POINT('',(667.4061787735,142.46132526646,
    81.581924144016));
#3567 = CARTESIAN_POINT('',(668.75027708952,141.27916336705,
    80.836576273993));
#3568 = CARTESIAN_POINT('',(669.31873640317,140.63348688416,
    80.568371325614));
#3569 = CARTESIAN_POINT('',(669.72077342803,139.77487784463,
    80.509192335518));
#3570 = CARTESIAN_POINT('',(669.92134363537,139.08506639263,
    80.56690584031));
#3571 = CARTESIAN_POINT('',(669.97265086485,138.83532312646,
    80.606329265428));
#3572 = CARTESIAN_POINT('',(670.02867979913,138.3879384253,
    80.708748171999));
#3573 = CARTESIAN_POINT('',(670.04002239024,138.19076959021,
    80.765937446064));
#3574 = CARTESIAN_POINT('',(670.03982696178,137.9994373529,80.8316914612
    ));
#3575 = PCURVE('',#2105,#3576);
#3576 = DEFINITIONAL_REPRESENTATION('',(#3577),#3581);
#3577 = LINE('',#3578,#3579);
#3578 = CARTESIAN_POINT('',(0.999999999997,0.));
#3579 = VECTOR('',#3580,1.);
#3580 = DIRECTION('',(-1.015224624772E-12,1.));
#3581 = ( GEOMETRIC_REPRESENTATION_CONTEXT(2) 
PARAMETRIC_REPRESENTATION_CONTEXT() REPRESENTATION_CONTEXT('2D SPACE',''
  ) );
#3582 = PCURVE('',#3583,#3588);
#3583 = CYLINDRICAL_SURFACE('',#3584,4.75);
#3584 = AXIS2_PLACEMENT_3D('',#3585,#3586,#3587);
#3585 = CARTESIAN_POINT('',(665.29076027556,138.,70.9));
#3586 = DIRECTION('',(0.,0.,1.));
#3587 = DIRECTION('',(-1.,0.,0.));
#3588 = DEFINITIONAL_REPRESENTATION('',(#3589),#3637);
#3589 = B_SPLINE_CURVE_WITH_KNOTS('',3,(#3590,#3591,#3592,#3593,#3594,
    #3595,#3596,#3597,#3598,#3599,#3600,#3601,#3602,#3603,#3604,#3605,
    #3606,#3607,#3608,#3609,#3610,#3611,#3612,#3613,#3614,#3615,#3616,
    #3617,#3618,#3619,#3620,#3621,#3622,#3623,#3624,#3625,#3626,#3627,
    #3628,#3629,#3630,#3631,#3632,#3633,#3634,#3635,#3636),
  .UNSPECIFIED.,.F.,.F.,(4,1,1,1,1,1,1,1,1,1,1,1,1,1,1,1,1,1,1,1,1,1,1,1
    ,1,1,1,1,1,1,1,1,1,1,1,1,1,1,1,1,1,1,1,1,4),(-3.425516101282,
    -3.405394343836,-3.385272586389,-3.365150828943,-3.345029071497,
    -3.324907314051,-3.304785556604,-3.284663799158,-3.264542041712,
    -3.244420284266,-3.22429852682,-3.204176769373,-3.184055011927,
    -3.163933254481,-3.143811497035,-3.123689739588,-3.103567982142,
    -3.083446224696,-3.06332446725,-3.043202709804,-3.023080952357,
    -3.002959194911,-2.982837437465,-2.962715680019,-2.942593922572,
    -2.922472165126,-2.90235040768,-2.882228650234,-2.862106892788,
    -2.841985135341,-2.821863377895,-2.801741620449,-2.781619863003,
    -2.761498105556,-2.74137634811,-2.721254590664,-2.701132833218,
    -2.681011075772,-2.660889318325,-2.640767560879,-2.620645803433,
    -2.600524045987,-2.58040228854,-2.560280531094,-2.540158773648),
  .QUASI_UNIFORM_KNOTS.);
#3590 = CARTESIAN_POINT('',(4.951254302784,13.259921612034));
#3591 = CARTESIAN_POINT('',(4.940393375273,13.216669678163));
#3592 = CARTESIAN_POINT('',(4.918660401762,13.130212981126));
#3593 = CARTESIAN_POINT('',(4.885985272497,13.000629958959));
#3594 = CARTESIAN_POINT('',(4.853191854267,12.871109314277));
#3595 = CARTESIAN_POINT('',(4.820238599623,12.741611951291));
#3596 = CARTESIAN_POINT('',(4.787084669567,12.612096730924));
#3597 = CARTESIAN_POINT('',(4.75369176597,12.482530137144));
#3598 = CARTESIAN_POINT('',(4.720019043339,12.352850205024));
#3599 = CARTESIAN_POINT('',(4.686046038996,12.223117255972));
#3600 = CARTESIAN_POINT('',(4.651778828153,12.093588224584));
#3601 = CARTESIAN_POINT('',(4.617213708507,11.964483485132));
#3602 = CARTESIAN_POINT('',(4.582344233091,11.836033208197));
#3603 = CARTESIAN_POINT('',(4.547159145281,11.708464939445));
#3604 = CARTESIAN_POINT('',(4.511642792685,11.582006927887));
#3605 = CARTESIAN_POINT('',(4.475774919738,11.456887234078));
#3606 = CARTESIAN_POINT('',(4.439530672094,11.333333969048));
#3607 = CARTESIAN_POINT('',(4.402880593116,11.211575230382));
#3608 = CARTESIAN_POINT('',(4.36579067626,11.091839118972));
#3609 = CARTESIAN_POINT('',(4.328222463704,10.974353735925));
#3610 = CARTESIAN_POINT('',(4.29013320226,10.859347178187));
#3611 = CARTESIAN_POINT('',(4.251476070921,10.747047559122));
#3612 = CARTESIAN_POINT('',(4.212200475588,10.637682930591));
#3613 = CARTESIAN_POINT('',(4.172252495795,10.531481574047));
#3614 = CARTESIAN_POINT('',(4.131575248755,10.428670914083));
#3615 = CARTESIAN_POINT('',(4.090110144737,10.329481573129));
#3616 = CARTESIAN_POINT('',(4.047795511828,10.234132239134));
#3617 = CARTESIAN_POINT('',(4.004575860204,10.142886140134));
#3618 = CARTESIAN_POINT('',(3.960372395327,10.0558402783));
#3619 = CARTESIAN_POINT('',(3.915420876883,9.97549509651));
#3620 = CARTESIAN_POINT('',(3.869696919684,9.902120162217));
#3621 = CARTESIAN_POINT('',(3.823206566246,9.836321052768));
#3622 = CARTESIAN_POINT('',(3.775935826877,9.778614079914));
#3623 = CARTESIAN_POINT('',(3.727873021954,9.729536607886));
#3624 = CARTESIAN_POINT('',(3.678965896457,9.689631056601));
#3625 = CARTESIAN_POINT('',(3.62937741018,9.659355664142));
#3626 = CARTESIAN_POINT('',(3.579338469359,9.639138412958));
#3627 = CARTESIAN_POINT('',(3.529057339065,9.629430908294));
#3628 = CARTESIAN_POINT('',(3.478746851407,9.630619155905));
#3629 = CARTESIAN_POINT('',(3.428563693803,9.643327936707));
#3630 = CARTESIAN_POINT('',(3.378785711986,9.667292530468));
#3631 = CARTESIAN_POINT('',(3.329644885902,9.701226154474));
#3632 = CARTESIAN_POINT('',(3.281163475068,9.745069984758));
#3633 = CARTESIAN_POINT('',(3.233462162961,9.798472226188));
#3634 = CARTESIAN_POINT('',(3.186876384791,9.860530401168));
#3635 = CARTESIAN_POINT('',(3.156493480942,9.907179132576));
#3636 = CARTESIAN_POINT('',(3.141474178291,9.9316914612));
#3637 = ( GEOMETRIC_REPRESENTATION_CONTEXT(2) 
PARAMETRIC_REPRESENTATION_CONTEXT() REPRESENTATION_CONTEXT('2D SPACE',''
  ) );
#3638 = ORIENTED_EDGE('',*,*,#3639,.T.);
#3639 = EDGE_CURVE('',#3559,#3538,#3640,.T.);
#3640 = SURFACE_CURVE('',#3641,(#3663,#3670),.PCURVE_S1.);
#3641 = B_SPLINE_CURVE_WITH_KNOTS('',3,(#3642,#3643,#3644,#3645,#3646,
    #3647,#3648,#3649,#3650,#3651,#3652,#3653,#3654,#3655,#3656,#3657,
    #3658,#3659,#3660,#3661,#3662),.UNSPECIFIED.,.F.,.F.,(4,1,1,1,2,2,2,
    2,2,2,1,1,4),(-2.540158773648,-2.468414444387,-2.342696339044,
    -2.091260128357,-1.588387706985,-1.407647049919,-1.263140135904,
    -1.110786220856,-0.928154865213,-0.849568863542,-0.584078593685,
    -0.424784431771,0.),.UNSPECIFIED.);
#3642 = CARTESIAN_POINT('',(670.03982696178,137.9994373529,80.8316914612
    ));
#3643 = CARTESIAN_POINT('',(670.03956718962,137.74511008457,
    80.919094604997));
#3644 = CARTESIAN_POINT('',(669.98274254457,137.07350682877,
    81.201305453728));
#3645 = CARTESIAN_POINT('',(669.59848666172,135.77907820789,
    82.00393987376));
#3646 = CARTESIAN_POINT('',(668.14074489084,133.78495421367,
    84.076692573177));
#3647 = CARTESIAN_POINT('',(666.11567441782,133.1249669468,
    86.098045796047));
#3648 = CARTESIAN_POINT('',(664.25750376152,133.33724129051,
    87.502328392075));
#3649 = CARTESIAN_POINT('',(663.76688630801,133.4716329034,
    87.834446111214));
#3650 = CARTESIAN_POINT('',(662.9237184901,133.86122435476,
    88.326043770862));
#3651 = CARTESIAN_POINT('',(662.56864463787,134.08430809419,
    88.504440231489));
#3652 = CARTESIAN_POINT('',(661.89950668821,134.64413934077,
    88.777237188536));
#3653 = CARTESIAN_POINT('',(661.59812982513,134.97807301842,
    88.863108658367));
#3654 = CARTESIAN_POINT('',(661.0407711498,135.80887106011,
    88.934622735509));
#3655 = CARTESIAN_POINT('',(660.8164896807,136.31524802094,
    88.893617058147));
#3656 = CARTESIAN_POINT('',(660.62763644091,137.06552010333,
    88.738209243134));
#3657 = CARTESIAN_POINT('',(660.58791905386,137.29312709083,
    88.679445098364));
#3658 = CARTESIAN_POINT('',(660.48655006531,138.29165771426,
    88.374419418629));
#3659 = CARTESIAN_POINT('',(660.67164049426,139.50759118576,
    87.806628861648));
#3660 = CARTESIAN_POINT('',(661.79853244914,141.50806573564,
    86.320493725609));
#3661 = CARTESIAN_POINT('',(663.10873806151,142.3574537494,
    85.073000313116));
#3662 = CARTESIAN_POINT('',(664.1669087641,142.61513356038,
    84.159921612034));
#3663 = PCURVE('',#2105,#3664);
#3664 = DEFINITIONAL_REPRESENTATION('',(#3665),#3669);
#3665 = LINE('',#3666,#3667);
#3666 = CARTESIAN_POINT('',(1.,-5.684341886081E-14));
#3667 = VECTOR('',#3668,1.);
#3668 = DIRECTION('',(3.538505427539E-13,1.));
#3669 = ( GEOMETRIC_REPRESENTATION_CONTEXT(2) 
PARAMETRIC_REPRESENTATION_CONTEXT() REPRESENTATION_CONTEXT('2D SPACE',''
  ) );
#3670 = PCURVE('',#3583,#3671);
#3671 = DEFINITIONAL_REPRESENTATION('',(#3672),#3742);
#3672 = B_SPLINE_CURVE_WITH_KNOTS('',3,(#3673,#3674,#3675,#3676,#3677,
    #3678,#3679,#3680,#3681,#3682,#3683,#3684,#3685,#3686,#3687,#3688,
    #3689,#3690,#3691,#3692,#3693,#3694,#3695,#3696,#3697,#3698,#3699,
    #3700,#3701,#3702,#3703,#3704,#3705,#3706,#3707,#3708,#3709,#3710,
    #3711,#3712,#3713,#3714,#3715,#3716,#3717,#3718,#3719,#3720,#3721,
    #3722,#3723,#3724,#3725,#3726,#3727,#3728,#3729,#3730,#3731,#3732,
    #3733,#3734,#3735,#3736,#3737,#3738,#3739,#3740,#3741),
  .UNSPECIFIED.,.F.,.F.,(4,1,1,1,1,1,1,1,1,1,1,1,1,1,1,1,1,1,1,1,1,1,1,1
    ,1,1,1,1,1,1,1,1,1,1,1,1,1,1,1,1,1,1,1,1,1,1,1,1,1,1,1,1,1,1,1,1,1,1
    ,1,1,1,1,1,1,1,1,4),(-2.540158773648,-2.501671519502,-2.463184265356
    ,-2.424697011209,-2.386209757063,-2.347722502917,-2.309235248771,
    -2.270747994625,-2.232260740478,-2.193773486332,-2.155286232186,
    -2.11679897804,-2.078311723894,-2.039824469748,-2.001337215601,
    -1.962849961455,-1.924362707309,-1.885875453163,-1.847388199017,
    -1.80890094487,-1.770413690724,-1.731926436578,-1.693439182432,
    -1.654951928286,-1.61646467414,-1.577977419993,-1.539490165847,
    -1.501002911701,-1.462515657555,-1.424028403409,-1.385541149263,
    -1.347053895116,-1.30856664097,-1.270079386824,-1.231592132678,
    -1.193104878532,-1.154617624385,-1.116130370239,-1.077643116093,
    -1.039155861947,-1.000668607801,-0.962181353655,-0.923694099508,
    -0.885206845362,-0.846719591216,-0.80823233707,-0.769745082924,
    -0.731257828777,-0.692770574631,-0.654283320485,-0.615796066339,
    -0.577308812193,-0.538821558047,-0.5003343039,-0.461847049754,
    -0.423359795608,-0.384872541462,-0.346385287316,-0.307898033169,
    -0.269410779023,-0.230923524877,-0.192436270731,-0.153949016585,
    -0.115461762439,-7.697450829236E-02,-3.848725414618E-02,0.),
  .UNSPECIFIED.);
#3673 = CARTESIAN_POINT('',(9.42465948547,9.9316914612));
#3674 = CARTESIAN_POINT('',(9.395910316209,9.978700133988));
#3675 = CARTESIAN_POINT('',(9.339718064385,10.081024678813));
#3676 = CARTESIAN_POINT('',(9.259205172987,10.255521373919));
#3677 = CARTESIAN_POINT('',(9.182679093025,10.445725326951));
#3678 = CARTESIAN_POINT('',(9.109111803592,10.651202068205));
#3679 = CARTESIAN_POINT('',(9.037675473314,10.870978518368));
#3680 = CARTESIAN_POINT('',(8.96758079116,11.104272628759));
#3681 = CARTESIAN_POINT('',(8.898605848114,11.349676099968));
#3682 = CARTESIAN_POINT('',(8.830595355042,11.605713710755));
#3683 = CARTESIAN_POINT('',(8.763396532602,11.87092833921));
#3684 = CARTESIAN_POINT('',(8.696878096986,12.143856029779));
#3685 = CARTESIAN_POINT('',(8.630925522433,12.423042062151));
#3686 = CARTESIAN_POINT('',(8.565443576381,12.707001608684));
#3687 = CARTESIAN_POINT('',(8.500348429588,12.994373320378));
#3688 = CARTESIAN_POINT('',(8.435553904704,13.284052925744));
#3689 = CARTESIAN_POINT('',(8.370981624021,13.574892525529));
#3690 = CARTESIAN_POINT('',(8.306557727758,13.865755911266));
#3691 = CARTESIAN_POINT('',(8.242211963856,14.155503739115));
#3692 = CARTESIAN_POINT('',(8.177875988568,14.442997515944));
#3693 = CARTESIAN_POINT('',(8.113481760048,14.727098481157));
#3694 = CARTESIAN_POINT('',(8.048959981895,15.006668093305));
#3695 = CARTESIAN_POINT('',(7.984238199731,15.280567201823));
#3696 = CARTESIAN_POINT('',(7.91924049312,15.547658873457));
#3697 = CARTESIAN_POINT('',(7.853881710875,15.806797914822));
#3698 = CARTESIAN_POINT('',(7.788082855548,16.056869955751));
#3699 = CARTESIAN_POINT('',(7.721708620216,16.296645593336));
#3700 = CARTESIAN_POINT('',(7.654831741697,16.525412651362));
#3701 = CARTESIAN_POINT('',(7.587426439676,16.74208183541));
#3702 = CARTESIAN_POINT('',(7.519417758906,16.945491828499));
#3703 = CARTESIAN_POINT('',(7.450734177894,17.134503287054));
#3704 = CARTESIAN_POINT('',(7.381254001801,17.307960996436));
#3705 = CARTESIAN_POINT('',(7.311485498708,17.463860590566));
#3706 = CARTESIAN_POINT('',(7.241229694252,17.601751790647));
#3707 = CARTESIAN_POINT('',(7.170286083645,17.72106033501));
#3708 = CARTESIAN_POINT('',(7.098778654987,17.820735784222));
#3709 = CARTESIAN_POINT('',(7.027450253465,17.899490440477));
#3710 = CARTESIAN_POINT('',(6.955838793539,17.957706249639));
#3711 = CARTESIAN_POINT('',(6.883686565846,17.995466695448));
#3712 = CARTESIAN_POINT('',(6.810983747707,18.012512145471));
#3713 = CARTESIAN_POINT('',(6.738446577223,18.008669118371));
#3714 = CARTESIAN_POINT('',(6.66595504182,17.984837318191));
#3715 = CARTESIAN_POINT('',(6.593648763817,17.941697977983));
#3716 = CARTESIAN_POINT('',(6.52148800119,17.87978613409));
#3717 = CARTESIAN_POINT('',(6.449908126751,17.800470092238));
#3718 = CARTESIAN_POINT('',(6.378805603133,17.704702027035));
#3719 = CARTESIAN_POINT('',(6.308319857391,17.593677079234));
#3720 = CARTESIAN_POINT('',(6.238581237302,17.468653665215));
#3721 = CARTESIAN_POINT('',(6.169476137026,17.33047766136));
#3722 = CARTESIAN_POINT('',(6.10099135751,17.180105262241));
#3723 = CARTESIAN_POINT('',(6.033116211096,17.018463929671));
#3724 = CARTESIAN_POINT('',(5.965860395698,16.846485738302));
#3725 = CARTESIAN_POINT('',(5.899247555069,16.665113044193));
#3726 = CARTESIAN_POINT('',(5.833287398927,16.475241004931));
#3727 = CARTESIAN_POINT('',(5.767916505585,16.277512928621));
#3728 = CARTESIAN_POINT('',(5.703105749107,16.072599042002));
#3729 = CARTESIAN_POINT('',(5.638843403328,15.861163596872));
#3730 = CARTESIAN_POINT('',(5.575130768543,15.643867818155));
#3731 = CARTESIAN_POINT('',(5.511873203215,15.421215122022));
#3732 = CARTESIAN_POINT('',(5.448987404631,15.19371346285));
#3733 = CARTESIAN_POINT('',(5.386397176743,14.961869579007));
#3734 = CARTESIAN_POINT('',(5.324033436294,14.726190534691));
#3735 = CARTESIAN_POINT('',(5.261832794105,14.487183306793));
#3736 = CARTESIAN_POINT('',(5.199736285653,14.245354895599));
#3737 = CARTESIAN_POINT('',(5.137687927784,14.001212295125));
#3738 = CARTESIAN_POINT('',(5.075633097779,13.755262501067));
#3739 = CARTESIAN_POINT('',(5.013517330893,13.508012508672));
#3740 = CARTESIAN_POINT('',(4.972028045237,13.342650378429));
#3741 = CARTESIAN_POINT('',(4.951254302784,13.259921612034));
#3742 = ( GEOMETRIC_REPRESENTATION_CONTEXT(2) 
PARAMETRIC_REPRESENTATION_CONTEXT() REPRESENTATION_CONTEXT('2D SPACE',''
  ) );
#3743 = ORIENTED_EDGE('',*,*,#3537,.F.);
#3744 = ORIENTED_EDGE('',*,*,#1975,.T.);
#3745 = ADVANCED_FACE('',(#3746),#2276,.T.);
#3746 = FACE_BOUND('',#3747,.T.);
#3747 = EDGE_LOOP('',(#3748,#3934,#4006,#4050,#4051,#4052,#4075));
#3748 = ORIENTED_EDGE('',*,*,#3749,.T.);
#3749 = EDGE_CURVE('',#3750,#3752,#3754,.T.);
#3750 = VERTEX_POINT('',#3751);
#3751 = CARTESIAN_POINT('',(671.23610246652,-5.603175470886,
    108.2743085642));
#3752 = VERTEX_POINT('',#3753);
#3753 = CARTESIAN_POINT('',(681.75,-4.390689766934E-11,104.44239145286)
  );
#3754 = SURFACE_CURVE('',#3755,(#3783,#3856),.PCURVE_S1.);
#3755 = B_SPLINE_CURVE_WITH_KNOTS('',3,(#3756,#3757,#3758,#3759,#3760,
    #3761,#3762,#3763,#3764,#3765,#3766,#3767,#3768,#3769,#3770,#3771,
    #3772,#3773,#3774,#3775,#3776,#3777,#3778,#3779,#3780,#3781,#3782),
  .UNSPECIFIED.,.F.,.F.,(4,2,2,3,2,2,2,2,2,2,2,2,4),(3.65117882538,
    3.664317013671,3.919347190615,4.174377367558,4.428037088299,
    4.681696809039,4.943757856862,5.205818904684,5.478678540828,
    5.751538176972,6.006539689119,6.261541201265,6.377057816177),
  .UNSPECIFIED.);
#3756 = CARTESIAN_POINT('',(671.23610246652,-5.603175470886,
    108.2743085642));
#3757 = CARTESIAN_POINT('',(671.19984807935,-5.578821816572,
    108.28020073075));
#3758 = CARTESIAN_POINT('',(671.16393024791,-5.554183516632,
    108.28598477919));
#3759 = CARTESIAN_POINT('',(670.43787361502,-5.045793189112,
    108.40186622133));
#3760 = CARTESIAN_POINT('',(669.79430501891,-4.390240484415,
    108.48411699399));
#3761 = CARTESIAN_POINT('',(668.82543021817,-2.871961242747,
    108.58704352299));
#3762 = CARTESIAN_POINT('',(668.50016608542,-2.009310850939,
    108.6092329543));
#3763 = CARTESIAN_POINT('',(668.35254766716,-1.172125199252,
    108.6092329543));
#3764 = CARTESIAN_POINT('',(668.20572250632,-0.339438333878,
    108.6092329543));
#3765 = CARTESIAN_POINT('',(668.21533067758,0.577638340239,
    108.58727032362));
#3766 = CARTESIAN_POINT('',(668.60101396476,2.327741395837,
    108.48544139416));
#3767 = CARTESIAN_POINT('',(668.9770739305,3.160684467082,
    108.40409130816));
#3768 = CARTESIAN_POINT('',(669.94927566623,4.561040598193,
    108.1826742726));
#3769 = CARTESIAN_POINT('',(670.61756836721,5.213094515087,
    108.02557985298));
#3770 = CARTESIAN_POINT('',(672.14607216119,6.183619993834,
    107.62352443868));
#3771 = CARTESIAN_POINT('',(673.00565918744,6.502473536247,
    107.37711461908));
#3772 = CARTESIAN_POINT('',(674.68397094682,6.798405181467,
    106.85268257598));
#3773 = CARTESIAN_POINT('',(675.61893453942,6.783320979403,
    106.53659805184));
#3774 = CARTESIAN_POINT('',(677.39920093963,6.374978995519,
    105.89577549507));
#3775 = CARTESIAN_POINT('',(678.24505686513,5.982155418781,
    105.57229820775));
#3776 = CARTESIAN_POINT('',(679.60743050834,4.999268537064,
    105.04899862352));
#3777 = CARTESIAN_POINT('',(680.22953598135,4.358538893403,
    104.80894072675));
#3778 = CARTESIAN_POINT('',(681.17598574251,2.863931196973,
    104.47846774396));
#3779 = CARTESIAN_POINT('',(681.49985050654,2.009216753224,
    104.39046713884));
#3780 = CARTESIAN_POINT('',(681.71431649839,0.792919672694,
    104.39046713884));
#3781 = CARTESIAN_POINT('',(681.75,0.398344643547,104.40748421314));
#3782 = CARTESIAN_POINT('',(681.75,-8.764315662102E-11,104.44239145286)
  );
#3783 = PCURVE('',#2276,#3784);
#3784 = DEFINITIONAL_REPRESENTATION('',(#3785),#3855);
#3785 = B_SPLINE_CURVE_WITH_KNOTS('',3,(#3786,#3787,#3788,#3789,#3790,
    #3791,#3792,#3793,#3794,#3795,#3796,#3797,#3798,#3799,#3800,#3801,
    #3802,#3803,#3804,#3805,#3806,#3807,#3808,#3809,#3810,#3811,#3812,
    #3813,#3814,#3815,#3816,#3817,#3818,#3819,#3820,#3821,#3822,#3823,
    #3824,#3825,#3826,#3827,#3828,#3829,#3830,#3831,#3832,#3833,#3834,
    #3835,#3836,#3837,#3838,#3839,#3840,#3841,#3842,#3843,#3844,#3845,
    #3846,#3847,#3848,#3849,#3850,#3851,#3852,#3853,#3854),
  .UNSPECIFIED.,.F.,.F.,(4,1,1,1,1,1,1,1,1,1,1,1,1,1,1,1,1,1,1,1,1,1,1,1
    ,1,1,1,1,1,1,1,1,1,1,1,1,1,1,1,1,1,1,1,1,1,1,1,1,1,1,1,1,1,1,1,1,1,1
    ,1,1,1,1,1,1,1,1,4),(3.65117882538,3.692480022211,3.733781219041,
    3.775082415871,3.816383612701,3.857684809532,3.898986006362,
    3.940287203192,3.981588400022,4.022889596853,4.064190793683,
    4.105491990513,4.146793187343,4.188094384174,4.229395581004,
    4.270696777834,4.311997974664,4.353299171495,4.394600368325,
    4.435901565155,4.477202761985,4.518503958816,4.559805155646,
    4.601106352476,4.642407549307,4.683708746137,4.725009942967,
    4.766311139797,4.807612336628,4.848913533458,4.890214730288,
    4.931515927118,4.972817123949,5.014118320779,5.055419517609,
    5.096720714439,5.13802191127,5.1793231081,5.22062430493,
    5.26192550176,5.303226698591,5.344527895421,5.385829092251,
    5.427130289081,5.468431485912,5.509732682742,5.551033879572,
    5.592335076402,5.633636273233,5.674937470063,5.716238666893,
    5.757539863724,5.798841060554,5.840142257384,5.881443454214,
    5.922744651045,5.964045847875,6.005347044705,6.046648241535,
    6.087949438366,6.129250635196,6.170551832026,6.211853028856,
    6.253154225687,6.294455422517,6.335756619347,6.377057816177),
  .QUASI_UNIFORM_KNOTS.);
#3786 = CARTESIAN_POINT('',(5.682848799573,-47.06171562569));
#3787 = CARTESIAN_POINT('',(5.680500472821,-46.96751173749));
#3788 = CARTESIAN_POINT('',(5.675905037426,-46.77084205834));
#3789 = CARTESIAN_POINT('',(5.669361971569,-46.45268495979));
#3790 = CARTESIAN_POINT('',(5.663208710666,-46.11267682744));
#3791 = CARTESIAN_POINT('',(5.657508475593,-45.75327974549));
#3792 = CARTESIAN_POINT('',(5.652318849729,-45.37663538744));
#3793 = CARTESIAN_POINT('',(5.647697028162,-44.98500653143));
#3794 = CARTESIAN_POINT('',(5.643707853438,-44.58049194769));
#3795 = CARTESIAN_POINT('',(5.640377740771,-44.16587911769));
#3796 = CARTESIAN_POINT('',(5.637697471353,-43.74461398175));
#3797 = CARTESIAN_POINT('',(5.635665554141,-43.3199141333));
#3798 = CARTESIAN_POINT('',(5.634278413358,-42.89537485217));
#3799 = CARTESIAN_POINT('',(5.633533207025,-42.47330901951));
#3800 = CARTESIAN_POINT('',(5.633426369294,-42.06078142472));
#3801 = CARTESIAN_POINT('',(5.633956827844,-41.64127571365));
#3802 = CARTESIAN_POINT('',(5.635128521328,-41.2171103279));
#3803 = CARTESIAN_POINT('',(5.636944487422,-40.79190435783));
#3804 = CARTESIAN_POINT('',(5.639408222851,-40.36893193499));
#3805 = CARTESIAN_POINT('',(5.642522405339,-39.95154637738));
#3806 = CARTESIAN_POINT('',(5.646292657766,-39.54312921605));
#3807 = CARTESIAN_POINT('',(5.650713377825,-39.14686367875));
#3808 = CARTESIAN_POINT('',(5.655720260084,-38.7649103916));
#3809 = CARTESIAN_POINT('',(5.661256842063,-38.39948627132));
#3810 = CARTESIAN_POINT('',(5.667259893348,-38.05299377817));
#3811 = CARTESIAN_POINT('',(5.673685842408,-37.72703690767));
#3812 = CARTESIAN_POINT('',(5.680419776952,-37.42622797079));
#3813 = CARTESIAN_POINT('',(5.687615200736,-37.14385791889));
#3814 = CARTESIAN_POINT('',(5.69537328679,-36.87563846521));
#3815 = CARTESIAN_POINT('',(5.703601566494,-36.62546064533));
#3816 = CARTESIAN_POINT('',(5.712259567757,-36.39501809359));
#3817 = CARTESIAN_POINT('',(5.721293287853,-36.18661472701));
#3818 = CARTESIAN_POINT('',(5.730651852028,-36.00231073308));
#3819 = CARTESIAN_POINT('',(5.740286647841,-35.84453093473));
#3820 = CARTESIAN_POINT('',(5.750129102763,-35.71349682367));
#3821 = CARTESIAN_POINT('',(5.760102932505,-35.60869432423));
#3822 = CARTESIAN_POINT('',(5.77013555661,-35.5297937167));
#3823 = CARTESIAN_POINT('',(5.780146275203,-35.47641656942));
#3824 = CARTESIAN_POINT('',(5.790083019567,-35.44819494264));
#3825 = CARTESIAN_POINT('',(5.799787637004,-35.44476764089));
#3826 = CARTESIAN_POINT('',(5.809657310305,-35.46568044814));
#3827 = CARTESIAN_POINT('',(5.819639451938,-35.51099591317));
#3828 = CARTESIAN_POINT('',(5.829666584347,-35.58073028236));
#3829 = CARTESIAN_POINT('',(5.839675148201,-35.67490829009));
#3830 = CARTESIAN_POINT('',(5.849600374229,-35.79356702102));
#3831 = CARTESIAN_POINT('',(5.859378386364,-35.93668567076));
#3832 = CARTESIAN_POINT('',(5.868943310624,-36.10446264084));
#3833 = CARTESIAN_POINT('',(5.878245143328,-36.29540038415));
#3834 = CARTESIAN_POINT('',(5.88723723309,-36.50753886311));
#3835 = CARTESIAN_POINT('',(5.895873327167,-36.7391004454));
#3836 = CARTESIAN_POINT('',(5.904101072405,-36.98802005258));
#3837 = CARTESIAN_POINT('',(5.911891034132,-37.25319998548));
#3838 = CARTESIAN_POINT('',(5.919127334469,-37.52996047397));
#3839 = CARTESIAN_POINT('',(5.926035450134,-37.82777480797));
#3840 = CARTESIAN_POINT('',(5.932648476219,-38.14895103208));
#3841 = CARTESIAN_POINT('',(5.938868500675,-38.49034890905));
#3842 = CARTESIAN_POINT('',(5.944632663191,-38.85028602508));
#3843 = CARTESIAN_POINT('',(5.949868210037,-39.22669695443));
#3844 = CARTESIAN_POINT('',(5.954506389158,-39.6175904956));
#3845 = CARTESIAN_POINT('',(5.958471935,-40.02106156216));
#3846 = CARTESIAN_POINT('',(5.961754051887,-40.43395402162));
#3847 = CARTESIAN_POINT('',(5.964348825285,-40.85300016624));
#3848 = CARTESIAN_POINT('',(5.966250263678,-41.27487884943));
#3849 = CARTESIAN_POINT('',(5.967453692512,-41.69659393317));
#3850 = CARTESIAN_POINT('',(5.967951085391,-42.11390268393));
#3851 = CARTESIAN_POINT('',(5.967746367525,-42.52722374178));
#3852 = CARTESIAN_POINT('',(5.966859210593,-42.94812159927));
#3853 = CARTESIAN_POINT('',(5.96579587378,-43.22909142008));
#3854 = CARTESIAN_POINT('',(5.965144142498,-43.36938412743));
#3855 = ( GEOMETRIC_REPRESENTATION_CONTEXT(2) 
PARAMETRIC_REPRESENTATION_CONTEXT() REPRESENTATION_CONTEXT('2D SPACE',''
  ) );
#3856 = PCURVE('',#3857,#3862);
#3857 = CYLINDRICAL_SURFACE('',#3858,6.75);
#3858 = AXIS2_PLACEMENT_3D('',#3859,#3860,#3861);
#3859 = CARTESIAN_POINT('',(675.,-1.593170040337E-13,109.));
#3860 = DIRECTION('',(0.,0.,-1.));
#3861 = DIRECTION('',(-1.,0.,0.));
#3862 = DEFINITIONAL_REPRESENTATION('',(#3863),#3933);
#3863 = B_SPLINE_CURVE_WITH_KNOTS('',3,(#3864,#3865,#3866,#3867,#3868,
    #3869,#3870,#3871,#3872,#3873,#3874,#3875,#3876,#3877,#3878,#3879,
    #3880,#3881,#3882,#3883,#3884,#3885,#3886,#3887,#3888,#3889,#3890,
    #3891,#3892,#3893,#3894,#3895,#3896,#3897,#3898,#3899,#3900,#3901,
    #3902,#3903,#3904,#3905,#3906,#3907,#3908,#3909,#3910,#3911,#3912,
    #3913,#3914,#3915,#3916,#3917,#3918,#3919,#3920,#3921,#3922,#3923,
    #3924,#3925,#3926,#3927,#3928,#3929,#3930,#3931,#3932),
  .UNSPECIFIED.,.F.,.F.,(4,1,1,1,1,1,1,1,1,1,1,1,1,1,1,1,1,1,1,1,1,1,1,1
    ,1,1,1,1,1,1,1,1,1,1,1,1,1,1,1,1,1,1,1,1,1,1,1,1,1,1,1,1,1,1,1,1,1,1
    ,1,1,1,1,1,1,1,1,4),(3.65117882538,3.692480022211,3.733781219041,
    3.775082415871,3.816383612701,3.857684809532,3.898986006362,
    3.940287203192,3.981588400022,4.022889596853,4.064190793683,
    4.105491990513,4.146793187343,4.188094384174,4.229395581004,
    4.270696777834,4.311997974664,4.353299171495,4.394600368325,
    4.435901565155,4.477202761985,4.518503958816,4.559805155646,
    4.601106352476,4.642407549307,4.683708746137,4.725009942967,
    4.766311139797,4.807612336628,4.848913533458,4.890214730288,
    4.931515927118,4.972817123949,5.014118320779,5.055419517609,
    5.096720714439,5.13802191127,5.1793231081,5.22062430493,
    5.26192550176,5.303226698591,5.344527895421,5.385829092251,
    5.427130289081,5.468431485912,5.509732682742,5.551033879572,
    5.592335076402,5.633636273233,5.674937470063,5.716238666893,
    5.757539863724,5.798841060554,5.840142257384,5.881443454214,
    5.922744651045,5.964045847875,6.005347044705,6.046648241535,
    6.087949438366,6.129250635196,6.170551832026,6.211853028856,
    6.253154225687,6.294455422517,6.335756619347,6.377057816177),
  .QUASI_UNIFORM_KNOTS.);
#3864 = CARTESIAN_POINT('',(5.303898186289,0.725691435798));
#3865 = CARTESIAN_POINT('',(5.324046493827,0.707318305393));
#3866 = CARTESIAN_POINT('',(5.364755599098,0.672095562961));
#3867 = CARTESIAN_POINT('',(5.42692216493,0.623817059942));
#3868 = CARTESIAN_POINT('',(5.490123195638,0.580030120259));
#3869 = CARTESIAN_POINT('',(5.55405882953,0.540842556366));
#3870 = CARTESIAN_POINT('',(5.618500795524,0.506320513708));
#3871 = CARTESIAN_POINT('',(5.683227892117,0.476524946017));
#3872 = CARTESIAN_POINT('',(5.748062890575,0.451579240889));
#3873 = CARTESIAN_POINT('',(5.812865924817,0.43114561386));
#3874 = CARTESIAN_POINT('',(5.877454882911,0.415047115195));
#3875 = CARTESIAN_POINT('',(5.941624070577,0.403102716883));
#3876 = CARTESIAN_POINT('',(6.005095755587,0.395130255174));
#3877 = CARTESIAN_POINT('',(6.067772453281,0.390956187562));
#3878 = CARTESIAN_POINT('',(6.128857995825,0.390373622293));
#3879 = CARTESIAN_POINT('',(6.191066867901,0.393314269632));
#3880 = CARTESIAN_POINT('',(6.25431206174,0.399997499208));
#3881 = CARTESIAN_POINT('',(6.318302868917,0.41059484435));
#3882 = CARTESIAN_POINT('',(6.382804589642,0.425286886467));
#3883 = CARTESIAN_POINT('',(6.447586664516,0.444265850955));
#3884 = CARTESIAN_POINT('',(6.51245263632,0.467668339178));
#3885 = CARTESIAN_POINT('',(6.57725391521,0.495865712999));
#3886 = CARTESIAN_POINT('',(6.64182313337,0.528822446175));
#3887 = CARTESIAN_POINT('',(6.705957627481,0.566461352257));
#3888 = CARTESIAN_POINT('',(6.769382914868,0.608679060923));
#3889 = CARTESIAN_POINT('',(6.831978142684,0.655518597547));
#3890 = CARTESIAN_POINT('',(6.892993584168,0.70646358859));
#3891 = CARTESIAN_POINT('',(6.954054006623,0.763104964103));
#3892 = CARTESIAN_POINT('',(7.016295978138,0.826628064414));
#3893 = CARTESIAN_POINT('',(7.079132940646,0.896696452433));
#3894 = CARTESIAN_POINT('',(7.142431813644,0.973379059741));
#3895 = CARTESIAN_POINT('',(7.20594526905,1.056645120653));
#3896 = CARTESIAN_POINT('',(7.269479824163,1.146457289882));
#3897 = CARTESIAN_POINT('',(7.3328662737,1.242904237811));
#3898 = CARTESIAN_POINT('',(7.395973458198,1.345617867613));
#3899 = CARTESIAN_POINT('',(7.458635533296,1.453674337923));
#3900 = CARTESIAN_POINT('',(7.520661179186,1.566301046628));
#3901 = CARTESIAN_POINT('',(7.581791088127,1.682598339506));
#3902 = CARTESIAN_POINT('',(7.64192620243,1.802023531517));
#3903 = CARTESIAN_POINT('',(7.700328024134,1.922733113006));
#3904 = CARTESIAN_POINT('',(7.759612809768,2.049695466426));
#3905 = CARTESIAN_POINT('',(7.819683848778,2.182109901831));
#3906 = CARTESIAN_POINT('',(7.880345815838,2.319023529372));
#3907 = CARTESIAN_POINT('',(7.941428409983,2.459524399109));
#3908 = CARTESIAN_POINT('',(8.002765280702,2.602689001368));
#3909 = CARTESIAN_POINT('',(8.064210245301,2.747599125503));
#3910 = CARTESIAN_POINT('',(8.125649265746,2.893326924495));
#3911 = CARTESIAN_POINT('',(8.187003446681,3.038579546509));
#3912 = CARTESIAN_POINT('',(8.24814710822,3.182211649401));
#3913 = CARTESIAN_POINT('',(8.308947756347,3.3230726601));
#3914 = CARTESIAN_POINT('',(8.369205229249,3.45991367696));
#3915 = CARTESIAN_POINT('',(8.428908514915,3.591884343561));
#3916 = CARTESIAN_POINT('',(8.487322365006,3.716638451161));
#3917 = CARTESIAN_POINT('',(8.546596758388,3.837747682973));
#3918 = CARTESIAN_POINT('',(8.60735616505,3.955417089122));
#3919 = CARTESIAN_POINT('',(8.669115609091,4.067583916007));
#3920 = CARTESIAN_POINT('',(8.731693415161,4.172798499292));
#3921 = CARTESIAN_POINT('',(8.794849342377,4.269426621303));
#3922 = CARTESIAN_POINT('',(8.858392528114,4.355959188448));
#3923 = CARTESIAN_POINT('',(8.922186209213,4.430571164153));
#3924 = CARTESIAN_POINT('',(8.986069738319,4.492699069554));
#3925 = CARTESIAN_POINT('',(9.049831466832,4.542146596478));
#3926 = CARTESIAN_POINT('',(9.113226512061,4.578614962553));
#3927 = CARTESIAN_POINT('',(9.17604778797,4.601849093686));
#3928 = CARTESIAN_POINT('',(9.237904448123,4.61152155687));
#3929 = CARTESIAN_POINT('',(9.299117160611,4.607550646476));
#3930 = CARTESIAN_POINT('',(9.361642276015,4.590484142554));
#3931 = CARTESIAN_POINT('',(9.403674985379,4.570087271166));
#3932 = CARTESIAN_POINT('',(9.424777960782,4.557608547134));
#3933 = ( GEOMETRIC_REPRESENTATION_CONTEXT(2) 
PARAMETRIC_REPRESENTATION_CONTEXT() REPRESENTATION_CONTEXT('2D SPACE',''
  ) );
#3934 = ORIENTED_EDGE('',*,*,#3935,.T.);
#3935 = EDGE_CURVE('',#3752,#3936,#3938,.T.);
#3936 = VERTEX_POINT('',#3937);
#3937 = CARTESIAN_POINT('',(680.45330561522,-3.977933869099,
    105.37297289774));
#3938 = SURFACE_CURVE('',#3939,(#3948,#3977),.PCURVE_S1.);
#3939 = B_SPLINE_CURVE_WITH_KNOTS('',3,(#3940,#3941,#3942,#3943,#3944,
    #3945,#3946,#3947),.UNSPECIFIED.,.F.,.F.,(4,2,2,4),(6.377057816177,
    6.52156657707,6.781591952875,6.795249252005),.UNSPECIFIED.);
#3940 = CARTESIAN_POINT('',(681.75,-8.764461378874E-11,104.44239145286)
  );
#3941 = CARTESIAN_POINT('',(681.74999999999,-0.498320444325,
    104.48605964693));
#3942 = CARTESIAN_POINT('',(681.69386054087,-1.002526253351,
    104.55788711049));
#3943 = CARTESIAN_POINT('',(681.38458438919,-2.368562838216,
    104.82378364877));
#3944 = CARTESIAN_POINT('',(681.00351886749,-3.194352366389,
    105.07155568287));
#3945 = CARTESIAN_POINT('',(680.50436768147,-3.907214137763,
    105.34527621181));
#3946 = CARTESIAN_POINT('',(680.47904291238,-3.942650892633,
    105.35906352786));
#3947 = CARTESIAN_POINT('',(680.45330561522,-3.977933869099,
    105.37297289774));
#3948 = PCURVE('',#2276,#3949);
#3949 = DEFINITIONAL_REPRESENTATION('',(#3950),#3976);
#3950 = B_SPLINE_CURVE_WITH_KNOTS('',3,(#3951,#3952,#3953,#3954,#3955,
    #3956,#3957,#3958,#3959,#3960,#3961,#3962,#3963,#3964,#3965,#3966,
    #3967,#3968,#3969,#3970,#3971,#3972,#3973,#3974,#3975),
  .UNSPECIFIED.,.F.,.F.,(4,1,1,1,1,1,1,1,1,1,1,1,1,1,1,1,1,1,1,1,1,1,4),
  (6.377057816177,6.396066517806,6.415075219434,6.434083921063,
    6.453092622692,6.47210132432,6.491110025949,6.510118727577,
    6.529127429206,6.548136130834,6.567144832463,6.586153534091,
    6.60516223572,6.624170937348,6.643179638977,6.662188340606,
    6.681197042234,6.700205743863,6.719214445491,6.73822314712,
    6.757231848748,6.776240550377,6.795249252005),
  .QUASI_UNIFORM_KNOTS.);
#3951 = CARTESIAN_POINT('',(5.965144142498,-43.36938412743));
#3952 = CARTESIAN_POINT('',(5.964844148404,-43.43393742626));
#3953 = CARTESIAN_POINT('',(5.964192898216,-43.5629072433));
#3954 = CARTESIAN_POINT('',(5.963064568411,-43.7556585148));
#3955 = CARTESIAN_POINT('',(5.961787115262,-43.94741322785));
#3956 = CARTESIAN_POINT('',(5.960362871006,-44.13787825051));
#3957 = CARTESIAN_POINT('',(5.958794153421,-44.32676055329));
#3958 = CARTESIAN_POINT('',(5.957083325767,-44.51376672442));
#3959 = CARTESIAN_POINT('',(5.955232572163,-44.6986047788));
#3960 = CARTESIAN_POINT('',(5.953244736125,-44.88097740693));
#3961 = CARTESIAN_POINT('',(5.951118153422,-45.0606012398));
#3962 = CARTESIAN_POINT('',(5.948860119635,-45.23730245381));
#3963 = CARTESIAN_POINT('',(5.946477206882,-45.41089193598));
#3964 = CARTESIAN_POINT('',(5.94397617795,-45.58118467233));
#3965 = CARTESIAN_POINT('',(5.94136374139,-45.74799454227));
#3966 = CARTESIAN_POINT('',(5.938646615953,-45.91113575262));
#3967 = CARTESIAN_POINT('',(5.935831516166,-46.07042230719));
#3968 = CARTESIAN_POINT('',(5.932925143459,-46.22566869443));
#3969 = CARTESIAN_POINT('',(5.92993423342,-46.37668766724));
#3970 = CARTESIAN_POINT('',(5.926865372477,-46.52329843605));
#3971 = CARTESIAN_POINT('',(5.923725680234,-46.66529611678));
#3972 = CARTESIAN_POINT('',(5.920520259336,-46.80256574575));
#3973 = CARTESIAN_POINT('',(5.917261709159,-46.93465677231));
#3974 = CARTESIAN_POINT('',(5.915043647293,-47.0197996396));
#3975 = CARTESIAN_POINT('',(5.913921957637,-47.06171562569));
#3976 = ( GEOMETRIC_REPRESENTATION_CONTEXT(2) 
PARAMETRIC_REPRESENTATION_CONTEXT() REPRESENTATION_CONTEXT('2D SPACE',''
  ) );
#3977 = PCURVE('',#3857,#3978);
#3978 = DEFINITIONAL_REPRESENTATION('',(#3979),#4005);
#3979 = B_SPLINE_CURVE_WITH_KNOTS('',3,(#3980,#3981,#3982,#3983,#3984,
    #3985,#3986,#3987,#3988,#3989,#3990,#3991,#3992,#3993,#3994,#3995,
    #3996,#3997,#3998,#3999,#4000,#4001,#4002,#4003,#4004),
  .UNSPECIFIED.,.F.,.F.,(4,1,1,1,1,1,1,1,1,1,1,1,1,1,1,1,1,1,1,1,1,1,4),
  (6.377057816177,6.396066517806,6.415075219434,6.434083921063,
    6.453092622692,6.47210132432,6.491110025949,6.510118727577,
    6.529127429206,6.548136130834,6.567144832463,6.586153534091,
    6.60516223572,6.624170937348,6.643179638977,6.662188340606,
    6.681197042234,6.700205743863,6.719214445491,6.73822314712,
    6.757231848748,6.776240550377,6.795249252005),
  .QUASI_UNIFORM_KNOTS.);
#3980 = CARTESIAN_POINT('',(3.141592653603,4.557608547134));
#3981 = CARTESIAN_POINT('',(3.151303588222,4.551864427078));
#3982 = CARTESIAN_POINT('',(3.170755822014,4.539401717967));
#3983 = CARTESIAN_POINT('',(3.200005487047,4.517852563256));
#3984 = CARTESIAN_POINT('',(3.229306862637,4.493516625864));
#3985 = CARTESIAN_POINT('',(3.258639730661,4.46646224071));
#3986 = CARTESIAN_POINT('',(3.287983853277,4.436757644067));
#3987 = CARTESIAN_POINT('',(3.317318917968,4.404471440243));
#3988 = CARTESIAN_POINT('',(3.346625712261,4.36967086006));
#3989 = CARTESIAN_POINT('',(3.375883026785,4.332428260232));
#3990 = CARTESIAN_POINT('',(3.405084591854,4.292773422992));
#3991 = CARTESIAN_POINT('',(3.434218486858,4.250867806559));
#3992 = CARTESIAN_POINT('',(3.463269727715,4.206860058311));
#3993 = CARTESIAN_POINT('',(3.492221681463,4.160902257399));
#3994 = CARTESIAN_POINT('',(3.521055978247,4.113145566724));
#3995 = CARTESIAN_POINT('',(3.549752845911,4.063741382415));
#3996 = CARTESIAN_POINT('',(3.57829130263,4.012841083935));
#3997 = CARTESIAN_POINT('',(3.606649526479,3.960595884188));
#3998 = CARTESIAN_POINT('',(3.634804674198,3.907157678976));
#3999 = CARTESIAN_POINT('',(3.662734722436,3.852675799068));
#4000 = CARTESIAN_POINT('',(3.690412746015,3.797309152466));
#4001 = CARTESIAN_POINT('',(3.717829381138,3.741180903281));
#4002 = CARTESIAN_POINT('',(3.744910046965,3.684547613949));
#4003 = CARTESIAN_POINT('',(3.76285325862,3.646294536312));
#4004 = CARTESIAN_POINT('',(3.771813924082,3.627027102259));
#4005 = ( GEOMETRIC_REPRESENTATION_CONTEXT(2) 
PARAMETRIC_REPRESENTATION_CONTEXT() REPRESENTATION_CONTEXT('2D SPACE',''
  ) );
#4006 = ORIENTED_EDGE('',*,*,#4007,.F.);
#4007 = EDGE_CURVE('',#2261,#3936,#4008,.T.);
#4008 = SURFACE_CURVE('',#4009,(#4014,#4021),.PCURVE_S1.);
#4009 = CIRCLE('',#4010,42.5);
#4010 = AXIS2_PLACEMENT_3D('',#4011,#4012,#4013);
#4011 = CARTESIAN_POINT('',(663.53460712822,-6.961156890829,66.5));
#4012 = DIRECTION('',(0.173648177667,-0.984807753012,0.));
#4013 = DIRECTION('',(0.984807753012,0.173648177667,0.));
#4014 = PCURVE('',#2276,#4015);
#4015 = DEFINITIONAL_REPRESENTATION('',(#4016),#4020);
#4016 = LINE('',#4017,#4018);
#4017 = CARTESIAN_POINT('',(7.068583470577,-47.06171562569));
#4018 = VECTOR('',#4019,1.);
#4019 = DIRECTION('',(-1.,0.));
#4020 = ( GEOMETRIC_REPRESENTATION_CONTEXT(2) 
PARAMETRIC_REPRESENTATION_CONTEXT() REPRESENTATION_CONTEXT('2D SPACE',''
  ) );
#4021 = PCURVE('',#2330,#4022);
#4022 = DEFINITIONAL_REPRESENTATION('',(#4023),#4049);
#4023 = B_SPLINE_CURVE_WITH_KNOTS('',3,(#4024,#4025,#4026,#4027,#4028,
    #4029,#4030,#4031,#4032,#4033,#4034,#4035,#4036,#4037,#4038,#4039,
    #4040,#4041,#4042,#4043,#4044,#4045,#4046,#4047,#4048),
  .UNSPECIFIED.,.F.,.F.,(4,1,1,1,1,1,1,1,1,1,1,1,1,1,1,1,1,1,1,1,1,1,4),
  (0.,5.248461422455E-02,0.104969228449,0.157453842674,0.209938456898,
    0.262423071123,0.314907685347,0.367392299572,0.419876913796,
    0.472361528021,0.524846142245,0.57733075647,0.629815370695,
    0.682299984919,0.734784599144,0.787269213368,0.839753827593,
    0.892238441817,0.944723056042,0.997207670266,1.049692284491,
    1.102176898715,1.15466151294),.QUASI_UNIFORM_KNOTS.);
#4024 = CARTESIAN_POINT('',(0.,0.174532925199));
#4025 = CARTESIAN_POINT('',(1.943128694875E-02,0.174532925199));
#4026 = CARTESIAN_POINT('',(5.787383130334E-02,0.174532925199));
#4027 = CARTESIAN_POINT('',(0.11438661397,0.174532925199));
#4028 = CARTESIAN_POINT('',(0.169860165283,0.174532925199));
#4029 = CARTESIAN_POINT('',(0.224396670634,0.174532925199));
#4030 = CARTESIAN_POINT('',(0.278093086747,0.174532925199));
#4031 = CARTESIAN_POINT('',(0.331040929448,0.174532925199));
#4032 = CARTESIAN_POINT('',(0.383327199203,0.174532925199));
#4033 = CARTESIAN_POINT('',(0.43503492115,0.174532925199));
#4034 = CARTESIAN_POINT('',(0.486243720186,0.174532925199));
#4035 = CARTESIAN_POINT('',(0.537030329229,0.174532925199));
#4036 = CARTESIAN_POINT('',(0.587469067485,0.174532925199));
#4037 = CARTESIAN_POINT('',(0.637632287298,0.174532925199));
#4038 = CARTESIAN_POINT('',(0.687590797579,0.174532925199));
#4039 = CARTESIAN_POINT('',(0.737414268652,0.174532925199));
#4040 = CARTESIAN_POINT('',(0.787171623476,0.174532925199));
#4041 = CARTESIAN_POINT('',(0.83693142056,0.174532925199));
#4042 = CARTESIAN_POINT('',(0.886762230666,0.174532925199));
#4043 = CARTESIAN_POINT('',(0.936733020917,0.174532925199));
#4044 = CARTESIAN_POINT('',(0.986913516428,0.174532925199));
#4045 = CARTESIAN_POINT('',(1.037374672147,0.174532925199));
#4046 = CARTESIAN_POINT('',(1.088188781353,0.174532925199));
#4047 = CARTESIAN_POINT('',(1.122350267636,0.174532925199));
#4048 = CARTESIAN_POINT('',(1.139514755105,0.174532925199));
#4049 = ( GEOMETRIC_REPRESENTATION_CONTEXT(2) 
PARAMETRIC_REPRESENTATION_CONTEXT() REPRESENTATION_CONTEXT('2D SPACE',''
  ) );
#4050 = ORIENTED_EDGE('',*,*,#2260,.T.);
#4051 = ORIENTED_EDGE('',*,*,#3455,.T.);
#4052 = ORIENTED_EDGE('',*,*,#4053,.T.);
#4053 = EDGE_CURVE('',#3385,#4054,#4056,.T.);
#4054 = VERTEX_POINT('',#4055);
#4055 = CARTESIAN_POINT('',(663.53460712822,-6.961156890829,109.));
#4056 = SURFACE_CURVE('',#4057,(#4061,#4068),.PCURVE_S1.);
#4057 = LINE('',#4058,#4059);
#4058 = CARTESIAN_POINT('',(655.36242597194,39.385585527416,109.));
#4059 = VECTOR('',#4060,1.);
#4060 = DIRECTION('',(0.173648177667,-0.984807753012,0.));
#4061 = PCURVE('',#2276,#4062);
#4062 = DEFINITIONAL_REPRESENTATION('',(#4063),#4067);
#4063 = LINE('',#4064,#4065);
#4064 = CARTESIAN_POINT('',(5.497787143782,-3.552713678801E-15));
#4065 = VECTOR('',#4066,1.);
#4066 = DIRECTION('',(0.,-1.));
#4067 = ( GEOMETRIC_REPRESENTATION_CONTEXT(2) 
PARAMETRIC_REPRESENTATION_CONTEXT() REPRESENTATION_CONTEXT('2D SPACE',''
  ) );
#4068 = PCURVE('',#2599,#4069);
#4069 = DEFINITIONAL_REPRESENTATION('',(#4070),#4074);
#4070 = LINE('',#4071,#4072);
#4071 = CARTESIAN_POINT('',(-100.3624259719,55.614414472584));
#4072 = VECTOR('',#4073,1.);
#4073 = DIRECTION('',(-0.173648177667,0.984807753012));
#4074 = ( GEOMETRIC_REPRESENTATION_CONTEXT(2) 
PARAMETRIC_REPRESENTATION_CONTEXT() REPRESENTATION_CONTEXT('2D SPACE',''
  ) );
#4075 = ORIENTED_EDGE('',*,*,#4076,.F.);
#4076 = EDGE_CURVE('',#3750,#4054,#4077,.T.);
#4077 = SURFACE_CURVE('',#4078,(#4083,#4090),.PCURVE_S1.);
#4078 = CIRCLE('',#4079,42.5);
#4079 = AXIS2_PLACEMENT_3D('',#4080,#4081,#4082);
#4080 = CARTESIAN_POINT('',(663.53460712822,-6.961156890829,66.5));
#4081 = DIRECTION('',(0.173648177667,-0.984807753012,0.));
#4082 = DIRECTION('',(0.984807753012,0.173648177667,0.));
#4083 = PCURVE('',#2276,#4084);
#4084 = DEFINITIONAL_REPRESENTATION('',(#4085),#4089);
#4085 = LINE('',#4086,#4087);
#4086 = CARTESIAN_POINT('',(7.068583470577,-47.06171562569));
#4087 = VECTOR('',#4088,1.);
#4088 = DIRECTION('',(-1.,-7.678983879448E-14));
#4089 = ( GEOMETRIC_REPRESENTATION_CONTEXT(2) 
PARAMETRIC_REPRESENTATION_CONTEXT() REPRESENTATION_CONTEXT('2D SPACE',''
  ) );
#4090 = PCURVE('',#2330,#4091);
#4091 = DEFINITIONAL_REPRESENTATION('',(#4092),#4118);
#4092 = B_SPLINE_CURVE_WITH_KNOTS('',3,(#4093,#4094,#4095,#4096,#4097,
    #4098,#4099,#4100,#4101,#4102,#4103,#4104,#4105,#4106,#4107,#4108,
    #4109,#4110,#4111,#4112,#4113,#4114,#4115,#4116,#4117),
  .UNSPECIFIED.,.F.,.F.,(4,1,1,1,1,1,1,1,1,1,1,1,1,1,1,1,1,1,1,1,1,1,4),
  (1.385734671004,1.394146564449,1.402558457894,1.410970351339,
    1.419382244784,1.427794138229,1.436206031674,1.444617925119,
    1.453029818564,1.46144171201,1.469853605455,1.4782654989,
    1.486677392345,1.49508928579,1.503501179235,1.51191307268,
    1.520324966125,1.52873685957,1.537148753015,1.54556064646,
    1.553972539905,1.56238443335,1.570796326795),.QUASI_UNIFORM_KNOTS.);
#4093 = CARTESIAN_POINT('',(1.372286047073,0.174532925199));
#4094 = CARTESIAN_POINT('',(1.375199047947,0.174532925199));
#4095 = CARTESIAN_POINT('',(1.38103263295,0.174532925199));
#4096 = CARTESIAN_POINT('',(1.389806164261,0.174532925199));
#4097 = CARTESIAN_POINT('',(1.398603251924,0.174532925199));
#4098 = CARTESIAN_POINT('',(1.407424303738,0.174532925199));
#4099 = CARTESIAN_POINT('',(1.416269731046,0.174532925199));
#4100 = CARTESIAN_POINT('',(1.425139949299,0.174532925199));
#4101 = CARTESIAN_POINT('',(1.434035378014,0.174532925199));
#4102 = CARTESIAN_POINT('',(1.442956440888,0.174532925199));
#4103 = CARTESIAN_POINT('',(1.451903565885,0.174532925199));
#4104 = CARTESIAN_POINT('',(1.460877185321,0.174532925199));
#4105 = CARTESIAN_POINT('',(1.469877735956,0.174532925199));
#4106 = CARTESIAN_POINT('',(1.47890565909,0.174532925199));
#4107 = CARTESIAN_POINT('',(1.487961400649,0.174532925199));
#4108 = CARTESIAN_POINT('',(1.497045411291,0.174532925199));
#4109 = CARTESIAN_POINT('',(1.506158146495,0.174532925199));
#4110 = CARTESIAN_POINT('',(1.515300066666,0.174532925199));
#4111 = CARTESIAN_POINT('',(1.524471637233,0.174532925199));
#4112 = CARTESIAN_POINT('',(1.533673328762,0.174532925199));
#4113 = CARTESIAN_POINT('',(1.542905617014,0.174532925199));
#4114 = CARTESIAN_POINT('',(1.552168983244,0.174532925199));
#4115 = CARTESIAN_POINT('',(1.561463913592,0.174532925199));
#4116 = CARTESIAN_POINT('',(1.567681905777,0.174532925199));
#4117 = CARTESIAN_POINT('',(1.570796326795,0.174532925199));
#4118 = ( GEOMETRIC_REPRESENTATION_CONTEXT(2) 
PARAMETRIC_REPRESENTATION_CONTEXT() REPRESENTATION_CONTEXT('2D SPACE',''
  ) );
#4119 = ADVANCED_FACE('',(#4120,#4341),#2330,.F.);
#4120 = FACE_BOUND('',#4121,.F.);
#4121 = EDGE_LOOP('',(#4122,#4123,#4124,#4170,#4218,#4219));
#4122 = ORIENTED_EDGE('',*,*,#4007,.F.);
#4123 = ORIENTED_EDGE('',*,*,#2313,.F.);
#4124 = ORIENTED_EDGE('',*,*,#4125,.T.);
#4125 = EDGE_CURVE('',#2314,#4126,#4128,.T.);
#4126 = VERTEX_POINT('',#4127);
#4127 = CARTESIAN_POINT('',(646.30047145051,-27.5,109.));
#4128 = SURFACE_CURVE('',#4129,(#4134,#4163),.PCURVE_S1.);
#4129 = CIRCLE('',#4130,42.5);
#4130 = AXIS2_PLACEMENT_3D('',#4131,#4132,#4133);
#4131 = CARTESIAN_POINT('',(646.30047145051,-27.5,66.5));
#4132 = DIRECTION('',(-1.,0.,0.));
#4133 = DIRECTION('',(0.,-1.,0.));
#4134 = PCURVE('',#2330,#4135);
#4135 = DEFINITIONAL_REPRESENTATION('',(#4136),#4162);
#4136 = B_SPLINE_CURVE_WITH_KNOTS('',3,(#4137,#4138,#4139,#4140,#4141,
    #4142,#4143,#4144,#4145,#4146,#4147,#4148,#4149,#4150,#4151,#4152,
    #4153,#4154,#4155,#4156,#4157,#4158,#4159,#4160,#4161),
  .UNSPECIFIED.,.F.,.F.,(4,1,1,1,1,1,1,1,1,1,1,1,1,1,1,1,1,1,1,1,1,1,4),
  (0.,7.139983303613E-02,0.142799666072,0.214199499108,0.285599332145,
    0.356999165181,0.428398998217,0.499798831253,0.571198664289,
    0.642598497325,0.713998330361,0.785398163397,0.856797996434,
    0.92819782947,0.999597662506,1.070997495542,1.142397328578,
    1.213797161614,1.28519699465,1.356596827687,1.427996660723,
    1.499396493759,1.570796326795),.QUASI_UNIFORM_KNOTS.);
#4137 = CARTESIAN_POINT('',(0.,-1.570796326795));
#4138 = CARTESIAN_POINT('',(2.643304852828E-02,-1.570796326795));
#4139 = CARTESIAN_POINT('',(7.852521262872E-02,-1.570796326795));
#4140 = CARTESIAN_POINT('',(0.154606454553,-1.570796326795));
#4141 = CARTESIAN_POINT('',(0.228904158181,-1.570796326795));
#4142 = CARTESIAN_POINT('',(0.301661439934,-1.570796326795));
#4143 = CARTESIAN_POINT('',(0.373106106239,-1.570796326795));
#4144 = CARTESIAN_POINT('',(0.443450603945,-1.570796326795));
#4145 = CARTESIAN_POINT('',(0.512895531033,-1.570796326795));
#4146 = CARTESIAN_POINT('',(0.581631810168,-1.570796326795));
#4147 = CARTESIAN_POINT('',(0.649842920765,-1.570796326795));
#4148 = CARTESIAN_POINT('',(0.717706886775,-1.570796326795));
#4149 = CARTESIAN_POINT('',(0.785398163397,-1.570796326795));
#4150 = CARTESIAN_POINT('',(0.85308944002,-1.570796326795));
#4151 = CARTESIAN_POINT('',(0.92095340603,-1.570796326795));
#4152 = CARTESIAN_POINT('',(0.989164516627,-1.570796326795));
#4153 = CARTESIAN_POINT('',(1.057900795762,-1.570796326795));
#4154 = CARTESIAN_POINT('',(1.12734572285,-1.570796326795));
#4155 = CARTESIAN_POINT('',(1.197690220556,-1.570796326795));
#4156 = CARTESIAN_POINT('',(1.269134886861,-1.570796326795));
#4157 = CARTESIAN_POINT('',(1.341892168614,-1.570796326795));
#4158 = CARTESIAN_POINT('',(1.416189872242,-1.570796326795));
#4159 = CARTESIAN_POINT('',(1.492271114166,-1.570796326795));
#4160 = CARTESIAN_POINT('',(1.544363278267,-1.570796326795));
#4161 = CARTESIAN_POINT('',(1.570796326795,-1.570796326795));
#4162 = ( GEOMETRIC_REPRESENTATION_CONTEXT(2) 
PARAMETRIC_REPRESENTATION_CONTEXT() REPRESENTATION_CONTEXT('2D SPACE',''
  ) );
#4163 = PCURVE('',#2440,#4164);
#4164 = DEFINITIONAL_REPRESENTATION('',(#4165),#4169);
#4165 = LINE('',#4166,#4167);
#4166 = CARTESIAN_POINT('',(0.785398163397,166.30047145051));
#4167 = VECTOR('',#4168,1.);
#4168 = DIRECTION('',(-1.,0.));
#4169 = ( GEOMETRIC_REPRESENTATION_CONTEXT(2) 
PARAMETRIC_REPRESENTATION_CONTEXT() REPRESENTATION_CONTEXT('2D SPACE',''
  ) );
#4170 = ORIENTED_EDGE('',*,*,#4171,.F.);
#4171 = EDGE_CURVE('',#4054,#4126,#4172,.T.);
#4172 = SURFACE_CURVE('',#4173,(#4178,#4207),.PCURVE_S1.);
#4173 = CIRCLE('',#4174,17.5);
#4174 = AXIS2_PLACEMENT_3D('',#4175,#4176,#4177);
#4175 = CARTESIAN_POINT('',(646.30047145051,-10.,109.));
#4176 = DIRECTION('',(0.,0.,-1.));
#4177 = DIRECTION('',(0.766044443119,-0.642787609687,0.));
#4178 = PCURVE('',#2330,#4179);
#4179 = DEFINITIONAL_REPRESENTATION('',(#4180),#4206);
#4180 = B_SPLINE_CURVE_WITH_KNOTS('',3,(#4181,#4182,#4183,#4184,#4185,
    #4186,#4187,#4188,#4189,#4190,#4191,#4192,#4193,#4194,#4195,#4196,
    #4197,#4198,#4199,#4200,#4201,#4202,#4203,#4204,#4205),
  .UNSPECIFIED.,.F.,.F.,(4,1,1,1,1,1,1,1,1,1,1,1,1,1,1,1,1,1,1,1,1,1,4),
  (5.410520681182,5.489853829,5.569186976818,5.648520124636,
    5.727853272454,5.807186420272,5.88651956809,5.965852715908,
    6.045185863726,6.124519011544,6.203852159362,6.28318530718,
    6.362518454998,6.441851602815,6.521184750633,6.600517898451,
    6.679851046269,6.759184194087,6.838517341905,6.917850489723,
    6.997183637541,7.076516785359,7.155849933177),
  .QUASI_UNIFORM_KNOTS.);
#4181 = CARTESIAN_POINT('',(1.570796326795,0.174532925199));
#4182 = CARTESIAN_POINT('',(1.570796326795,0.147231624138));
#4183 = CARTESIAN_POINT('',(1.570796326795,9.310451702832E-02));
#4184 = CARTESIAN_POINT('',(1.570796326795,1.306974834663E-02));
#4185 = CARTESIAN_POINT('',(1.570796326795,-6.60845388981E-02));
#4186 = CARTESIAN_POINT('',(1.570796326795,-0.144616894048));
#4187 = CARTESIAN_POINT('',(1.570796326795,-0.222779584522));
#4188 = CARTESIAN_POINT('',(1.570796326795,-0.300818950685));
#4189 = CARTESIAN_POINT('',(1.570796326795,-0.378983083509));
#4190 = CARTESIAN_POINT('',(1.570796326795,-0.457509669256));
#4191 = CARTESIAN_POINT('',(1.570796326795,-0.536685591764));
#4192 = CARTESIAN_POINT('',(1.570796326795,-0.616639588795));
#4193 = CARTESIAN_POINT('',(1.570796326795,-0.698131700798));
#4194 = CARTESIAN_POINT('',(1.570796326795,-0.7796238128));
#4195 = CARTESIAN_POINT('',(1.570796326795,-0.859577809832));
#4196 = CARTESIAN_POINT('',(1.570796326795,-0.93875373234));
#4197 = CARTESIAN_POINT('',(1.570796326795,-1.017280318086));
#4198 = CARTESIAN_POINT('',(1.570796326795,-1.095444450911));
#4199 = CARTESIAN_POINT('',(1.570796326795,-1.173483817074));
#4200 = CARTESIAN_POINT('',(1.570796326795,-1.251646507548));
#4201 = CARTESIAN_POINT('',(1.570796326795,-1.330178862697));
#4202 = CARTESIAN_POINT('',(1.570796326795,-1.409333149942));
#4203 = CARTESIAN_POINT('',(1.570796326795,-1.489367918624));
#4204 = CARTESIAN_POINT('',(1.570796326795,-1.543495025733));
#4205 = CARTESIAN_POINT('',(1.570796326795,-1.570796326795));
#4206 = ( GEOMETRIC_REPRESENTATION_CONTEXT(2) 
PARAMETRIC_REPRESENTATION_CONTEXT() REPRESENTATION_CONTEXT('2D SPACE',''
  ) );
#4207 = PCURVE('',#2599,#4208);
#4208 = DEFINITIONAL_REPRESENTATION('',(#4209),#4217);
#4209 = ( BOUNDED_CURVE() B_SPLINE_CURVE(2,(#4210,#4211,#4212,#4213,
#4214,#4215,#4216),.UNSPECIFIED.,.T.,.F.) B_SPLINE_CURVE_WITH_KNOTS((1,2
    ,2,2,2,1),(-2.094395102393,0.,2.094395102393,4.188790204786,
6.28318530718,8.377580409573),.UNSPECIFIED.) CURVE() 
GEOMETRIC_REPRESENTATION_ITEM() RATIONAL_B_SPLINE_CURVE((1.,0.5,1.,0.5,
1.,0.5,1.)) REPRESENTATION_ITEM('') );
#4210 = CARTESIAN_POINT('',(-104.706249205,116.24878316951));
#4211 = CARTESIAN_POINT('',(-85.22278523216,139.46827135542));
#4212 = CARTESIAN_POINT('',(-74.85585058675,110.98535250819));
#4213 = CARTESIAN_POINT('',(-64.48891594134,82.502433660971));
#4214 = CARTESIAN_POINT('',(-94.33931455968,87.765864322286));
#4215 = CARTESIAN_POINT('',(-124.189713178,93.029294983602));
#4216 = CARTESIAN_POINT('',(-104.706249205,116.24878316951));
#4217 = ( GEOMETRIC_REPRESENTATION_CONTEXT(2) 
PARAMETRIC_REPRESENTATION_CONTEXT() REPRESENTATION_CONTEXT('2D SPACE',''
  ) );
#4218 = ORIENTED_EDGE('',*,*,#4076,.F.);
#4219 = ORIENTED_EDGE('',*,*,#4220,.F.);
#4220 = EDGE_CURVE('',#3936,#3750,#4221,.T.);
#4221 = SURFACE_CURVE('',#4222,(#4239,#4290),.PCURVE_S1.);
#4222 = B_SPLINE_CURVE_WITH_KNOTS('',3,(#4223,#4224,#4225,#4226,#4227,
    #4228,#4229,#4230,#4231,#4232,#4233,#4234,#4235,#4236,#4237,#4238),
  .UNSPECIFIED.,.F.,.F.,(4,2,2,2,2,2,2,4),(1.088272335976,1.318151286395
    ,1.532737735061,1.666768523711,1.779929363469,1.90807873888,
    2.111746253366,2.164395979717),.UNSPECIFIED.);
#4223 = CARTESIAN_POINT('',(680.45330561522,-3.977933869099,
    105.37297289774));
#4224 = CARTESIAN_POINT('',(680.02349389893,-4.567158004821,
    105.60525875518));
#4225 = CARTESIAN_POINT('',(679.50217537446,-5.081249659529,
    105.85385117709));
#4226 = CARTESIAN_POINT('',(678.35906878071,-5.893866236339,
    106.33796074313));
#4227 = CARTESIAN_POINT('',(677.74986625743,-6.201926057707,
    106.5716845148));
#4228 = CARTESIAN_POINT('',(676.6992805196,-6.54642138309,
    106.93493337739));
#4229 = CARTESIAN_POINT('',(676.28217354027,-6.640941494566,
    107.07017839269));
#4230 = CARTESIAN_POINT('',(675.4983774584,-6.741288849581,
    107.30781139381));
#4231 = CARTESIAN_POINT('',(675.13498251354,-6.758500372856,
    107.41172778552));
#4232 = CARTESIAN_POINT('',(674.35760547142,-6.73204695555,
    107.62100139541));
#4233 = CARTESIAN_POINT('',(673.94495206087,-6.680073092634,
    107.72427071902));
#4234 = CARTESIAN_POINT('',(672.89051100414,-6.446089035678,
    107.96922122389));
#4235 = CARTESIAN_POINT('',(672.26390377958,-6.207046908428,
    108.09595725243));
#4236 = CARTESIAN_POINT('',(671.52796736467,-5.791169002165,
    108.22586929896));
#4237 = CARTESIAN_POINT('',(671.38018072274,-5.699959124372,
    108.25089255448));
#4238 = CARTESIAN_POINT('',(671.23610246652,-5.603175470886,
    108.2743085642));
#4239 = PCURVE('',#2330,#4240);
#4240 = DEFINITIONAL_REPRESENTATION('',(#4241),#4289);
#4241 = B_SPLINE_CURVE_WITH_KNOTS('',3,(#4242,#4243,#4244,#4245,#4246,
    #4247,#4248,#4249,#4250,#4251,#4252,#4253,#4254,#4255,#4256,#4257,
    #4258,#4259,#4260,#4261,#4262,#4263,#4264,#4265,#4266,#4267,#4268,
    #4269,#4270,#4271,#4272,#4273,#4274,#4275,#4276,#4277,#4278,#4279,
    #4280,#4281,#4282,#4283,#4284,#4285,#4286,#4287,#4288),
  .UNSPECIFIED.,.F.,.F.,(4,1,1,1,1,1,1,1,1,1,1,1,1,1,1,1,1,1,1,1,1,1,1,1
    ,1,1,1,1,1,1,1,1,1,1,1,1,1,1,1,1,1,1,1,1,4),(1.088272335976,
    1.112729691516,1.137187047056,1.161644402595,1.186101758135,
    1.210559113674,1.235016469214,1.259473824753,1.283931180293,
    1.308388535833,1.332845891372,1.357303246912,1.381760602451,
    1.406217957991,1.43067531353,1.45513266907,1.47959002461,
    1.504047380149,1.528504735689,1.552962091228,1.577419446768,
    1.601876802307,1.626334157847,1.650791513387,1.675248868926,
    1.699706224466,1.724163580005,1.748620935545,1.773078291084,
    1.797535646624,1.821993002164,1.846450357703,1.870907713243,
    1.895365068782,1.919822424322,1.944279779861,1.968737135401,
    1.993194490941,2.01765184648,2.04210920202,2.066566557559,
    2.091023913099,2.115481268638,2.139938624178,2.164395979717),
  .QUASI_UNIFORM_KNOTS.);
#4242 = CARTESIAN_POINT('',(1.139514755105,0.174532925199));
#4243 = CARTESIAN_POINT('',(1.140926130911,0.172931389237));
#4244 = CARTESIAN_POINT('',(1.143785019192,0.169774971221));
#4245 = CARTESIAN_POINT('',(1.148178993051,0.165183380272));
#4246 = CARTESIAN_POINT('',(1.152675839522,0.160737797485));
#4247 = CARTESIAN_POINT('',(1.157272790693,0.156441552876));
#4248 = CARTESIAN_POINT('',(1.161967076298,0.152298218577));
#4249 = CARTESIAN_POINT('',(1.166755923057,0.148311647958));
#4250 = CARTESIAN_POINT('',(1.171636546293,0.144485974278));
#4251 = CARTESIAN_POINT('',(1.1766061679,0.140825619601));
#4252 = CARTESIAN_POINT('',(1.18166193459,0.137335306425));
#4253 = CARTESIAN_POINT('',(1.186801206471,0.13402005154));
#4254 = CARTESIAN_POINT('',(1.192012143477,0.130890338822));
#4255 = CARTESIAN_POINT('',(1.197293024582,0.127949991431));
#4256 = CARTESIAN_POINT('',(1.202640325343,0.125204370743));
#4257 = CARTESIAN_POINT('',(1.208050935703,0.122658827949));
#4258 = CARTESIAN_POINT('',(1.213521542554,0.120319133559));
#4259 = CARTESIAN_POINT('',(1.219048848621,0.118191353556));
#4260 = CARTESIAN_POINT('',(1.224629278283,0.116281962402));
#4261 = CARTESIAN_POINT('',(1.230259896113,0.114597563039));
#4262 = CARTESIAN_POINT('',(1.235934984215,0.113145942768));
#4263 = CARTESIAN_POINT('',(1.241643802025,0.111935800835));
#4264 = CARTESIAN_POINT('',(1.247383932197,0.110973699435));
#4265 = CARTESIAN_POINT('',(1.253150861185,0.110267163167));
#4266 = CARTESIAN_POINT('',(1.258939984368,0.109823888856));
#4267 = CARTESIAN_POINT('',(1.264748300927,0.10965200734));
#4268 = CARTESIAN_POINT('',(1.270562961495,0.109759866866));
#4269 = CARTESIAN_POINT('',(1.276378692406,0.1101552125));
#4270 = CARTESIAN_POINT('',(1.282190312312,0.110846192379));
#4271 = CARTESIAN_POINT('',(1.287992714858,0.111841251125));
#4272 = CARTESIAN_POINT('',(1.293779170428,0.11314899139));
#4273 = CARTESIAN_POINT('',(1.29953426423,0.114775317523));
#4274 = CARTESIAN_POINT('',(1.305253828113,0.11672833248));
#4275 = CARTESIAN_POINT('',(1.310931081418,0.119015975595));
#4276 = CARTESIAN_POINT('',(1.31655903407,0.121646001327));
#4277 = CARTESIAN_POINT('',(1.322132596309,0.124627851431));
#4278 = CARTESIAN_POINT('',(1.32762781184,0.127959375033));
#4279 = CARTESIAN_POINT('',(1.333039003513,0.131646548632));
#4280 = CARTESIAN_POINT('',(1.338358378439,0.135694557105));
#4281 = CARTESIAN_POINT('',(1.343578400103,0.140108583652));
#4282 = CARTESIAN_POINT('',(1.348691041211,0.144893380505));
#4283 = CARTESIAN_POINT('',(1.353688410686,0.150053864205));
#4284 = CARTESIAN_POINT('',(1.358561011199,0.155592806173));
#4285 = CARTESIAN_POINT('',(1.363304109284,0.161519091925));
#4286 = CARTESIAN_POINT('',(1.36789286145,0.167815071398));
#4287 = CARTESIAN_POINT('',(1.37084171058,0.172254397103));
#4288 = CARTESIAN_POINT('',(1.372286047073,0.174532925199));
#4289 = ( GEOMETRIC_REPRESENTATION_CONTEXT(2) 
PARAMETRIC_REPRESENTATION_CONTEXT() REPRESENTATION_CONTEXT('2D SPACE',''
  ) );
#4290 = PCURVE('',#3857,#4291);
#4291 = DEFINITIONAL_REPRESENTATION('',(#4292),#4340);
#4292 = B_SPLINE_CURVE_WITH_KNOTS('',3,(#4293,#4294,#4295,#4296,#4297,
    #4298,#4299,#4300,#4301,#4302,#4303,#4304,#4305,#4306,#4307,#4308,
    #4309,#4310,#4311,#4312,#4313,#4314,#4315,#4316,#4317,#4318,#4319,
    #4320,#4321,#4322,#4323,#4324,#4325,#4326,#4327,#4328,#4329,#4330,
    #4331,#4332,#4333,#4334,#4335,#4336,#4337,#4338,#4339),
  .UNSPECIFIED.,.F.,.F.,(4,1,1,1,1,1,1,1,1,1,1,1,1,1,1,1,1,1,1,1,1,1,1,1
    ,1,1,1,1,1,1,1,1,1,1,1,1,1,1,1,1,1,1,1,1,4),(1.088272335976,
    1.112729691516,1.137187047056,1.161644402595,1.186101758135,
    1.210559113674,1.235016469214,1.259473824753,1.283931180293,
    1.308388535833,1.332845891372,1.357303246912,1.381760602451,
    1.406217957991,1.43067531353,1.45513266907,1.47959002461,
    1.504047380149,1.528504735689,1.552962091228,1.577419446768,
    1.601876802307,1.626334157847,1.650791513387,1.675248868926,
    1.699706224466,1.724163580005,1.748620935545,1.773078291084,
    1.797535646624,1.821993002164,1.846450357703,1.870907713243,
    1.895365068782,1.919822424322,1.944279779861,1.968737135401,
    1.993194490941,2.01765184648,2.04210920202,2.066566557559,
    2.091023913099,2.115481268638,2.139938624178,2.164395979717),
  .QUASI_UNIFORM_KNOTS.);
#4293 = CARTESIAN_POINT('',(3.771813924082,3.627027102259));
#4294 = CARTESIAN_POINT('',(3.783309474105,3.60231367029));
#4295 = CARTESIAN_POINT('',(3.806277986087,3.552517647705));
#4296 = CARTESIAN_POINT('',(3.840673573494,3.476821026239));
#4297 = CARTESIAN_POINT('',(3.875022701223,3.400226705665));
#4298 = CARTESIAN_POINT('',(3.909335609758,3.322839574026));
#4299 = CARTESIAN_POINT('',(3.943622310622,3.244764520993));
#4300 = CARTESIAN_POINT('',(3.977892618263,3.166106430151));
#4301 = CARTESIAN_POINT('',(4.012156204934,3.086970207811));
#4302 = CARTESIAN_POINT('',(4.046422793176,3.007460675461));
#4303 = CARTESIAN_POINT('',(4.080701781023,2.927682971153));
#4304 = CARTESIAN_POINT('',(4.115004001146,2.84774105151));
#4305 = CARTESIAN_POINT('',(4.14928056228,2.76787198172));
#4306 = CARTESIAN_POINT('',(4.183550730393,2.688142176315));
#4307 = CARTESIAN_POINT('',(4.217821911804,2.608647929599));
#4308 = CARTESIAN_POINT('',(4.252104707301,2.529477483279));
#4309 = CARTESIAN_POINT('',(4.286408870393,2.450721409678));
#4310 = CARTESIAN_POINT('',(4.32074485516,2.372469011252));
#4311 = CARTESIAN_POINT('',(4.355122097213,2.294812339303));
#4312 = CARTESIAN_POINT('',(4.389554764476,2.217833719624));
#4313 = CARTESIAN_POINT('',(4.424040883512,2.141651631197));
#4314 = CARTESIAN_POINT('',(4.4585486691,2.066427734686));
#4315 = CARTESIAN_POINT('',(4.493098378496,1.992213039068));
#4316 = CARTESIAN_POINT('',(4.527698510844,1.919084568985));
#4317 = CARTESIAN_POINT('',(4.562358307722,1.847117610963));
#4318 = CARTESIAN_POINT('',(4.59709799446,1.776368388317));
#4319 = CARTESIAN_POINT('',(4.631880069649,1.707001598571));
#4320 = CARTESIAN_POINT('',(4.66671339463,1.639073722705));
#4321 = CARTESIAN_POINT('',(4.701609020234,1.572640538288));
#4322 = CARTESIAN_POINT('',(4.73658008369,1.507753287921));
#4323 = CARTESIAN_POINT('',(4.771631946993,1.44448205748));
#4324 = CARTESIAN_POINT('',(4.806718175899,1.382972802842));
#4325 = CARTESIAN_POINT('',(4.841861616255,1.323235494027));
#4326 = CARTESIAN_POINT('',(4.877071465265,1.265308763965));
#4327 = CARTESIAN_POINT('',(4.912357357566,1.209228661472));
#4328 = CARTESIAN_POINT('',(4.947743808241,1.155012908907));
#4329 = CARTESIAN_POINT('',(4.983135752026,1.102854152801));
#4330 = CARTESIAN_POINT('',(5.018553103592,1.052732989418));
#4331 = CARTESIAN_POINT('',(5.05400479689,1.0046532781));
#4332 = CARTESIAN_POINT('',(5.089503249712,0.958612481408));
#4333 = CARTESIAN_POINT('',(5.125059713327,0.914610385954));
#4334 = CARTESIAN_POINT('',(5.160688877126,0.872643878927));
#4335 = CARTESIAN_POINT('',(5.196395547166,0.832719121156));
#4336 = CARTESIAN_POINT('',(5.232223747845,0.794808078332));
#4337 = CARTESIAN_POINT('',(5.268065042746,0.759018330966));
#4338 = CARTESIAN_POINT('',(5.291958498444,0.736563821717));
#4339 = CARTESIAN_POINT('',(5.303898186289,0.725691435798));
#4340 = ( GEOMETRIC_REPRESENTATION_CONTEXT(2) 
PARAMETRIC_REPRESENTATION_CONTEXT() REPRESENTATION_CONTEXT('2D SPACE',''
  ) );
#4341 = FACE_BOUND('',#4342,.F.);
#4342 = EDGE_LOOP('',(#4343,#4622));
#4343 = ORIENTED_EDGE('',*,*,#4344,.T.);
#4344 = EDGE_CURVE('',#4345,#4347,#4349,.T.);
#4345 = VERTEX_POINT('',#4346);
#4346 = CARTESIAN_POINT('',(699.54470812979,-32.70133864264,79.75));
#4347 = VERTEX_POINT('',#4348);
#4348 = CARTESIAN_POINT('',(697.90105079434,-35.45187983794,
    80.760089023914));
#4349 = SURFACE_CURVE('',#4350,(#4437,#4527),.PCURVE_S1.);
#4350 = B_SPLINE_CURVE_WITH_KNOTS('',8,(#4351,#4352,#4353,#4354,#4355,
    #4356,#4357,#4358,#4359,#4360,#4361,#4362,#4363,#4364,#4365,#4366,
    #4367,#4368,#4369,#4370,#4371,#4372,#4373,#4374,#4375,#4376,#4377,
    #4378,#4379,#4380,#4381,#4382,#4383,#4384,#4385,#4386,#4387,#4388,
    #4389,#4390,#4391,#4392,#4393,#4394,#4395,#4396,#4397,#4398,#4399,
    #4400,#4401,#4402,#4403,#4404,#4405,#4406,#4407,#4408,#4409,#4410,
    #4411,#4412,#4413,#4414,#4415,#4416,#4417,#4418,#4419,#4420,#4421,
    #4422,#4423,#4424,#4425,#4426,#4427,#4428,#4429,#4430,#4431,#4432,
    #4433,#4434,#4435,#4436),.UNSPECIFIED.,.F.,.F.,(9,7,7,7,7,7,7,7,7,7,
    7,7,9),(0.,9.232315536975E-02,0.166359971183,0.22595145973,
    0.276262791879,0.415119435743,0.511994141024,0.589377196486,
    0.680127315179,0.733323656074,0.813187246726,0.896188143011,1.),
  .UNSPECIFIED.);
#4351 = CARTESIAN_POINT('',(699.54470812979,-32.70133864264,79.75));
#4352 = CARTESIAN_POINT('',(699.66296430347,-32.42397791959,79.75));
#4353 = CARTESIAN_POINT('',(699.77434090723,-32.14086932347,
    79.770686626299));
#4354 = CARTESIAN_POINT('',(699.87765750508,-31.8533871924,
    79.813561572154));
#4355 = CARTESIAN_POINT('',(699.97146542207,-31.56348472073,
    79.880153966733));
#4356 = CARTESIAN_POINT('',(700.05412522742,-31.27370263385,
    79.971817410154));
#4357 = CARTESIAN_POINT('',(700.12392505951,-30.9871439438,
    80.089456299131));
#4358 = CARTESIAN_POINT('',(700.17913910585,-30.70746860807,
    80.233343575742));
#4359 = CARTESIAN_POINT('',(700.24994555036,-30.22337510904,
    80.537779897029));
#4360 = CARTESIAN_POINT('',(700.27124959267,-30.01481669154,
    80.689513950977));
#4361 = CARTESIAN_POINT('',(700.2815453415,-29.8158498834,
    80.856588233071));
#4362 = CARTESIAN_POINT('',(700.28042351508,-29.62868569779,
    81.037643919957));
#4363 = CARTESIAN_POINT('',(700.26779642629,-29.45511334394,
    81.2309651373));
#4364 = CARTESIAN_POINT('',(700.24387238717,-29.29653060702,
    81.434529143644));
#4365 = CARTESIAN_POINT('',(700.20917428839,-29.15392829379,
    81.646012458256));
#4366 = CARTESIAN_POINT('',(700.12872685154,-28.92633248464,
    82.037205161562));
#4367 = CARTESIAN_POINT('',(700.08641183873,-28.83540823149,
    82.215269569476));
#4368 = CARTESIAN_POINT('',(700.0380473297,-28.75521841836,
    82.395833432116));
#4369 = CARTESIAN_POINT('',(699.98408141686,-28.68569655588,
    82.577886924055));
#4370 = CARTESIAN_POINT('',(699.92498592909,-28.62661962147,
    82.76053427164));
#4371 = CARTESIAN_POINT('',(699.86122928635,-28.57766487361,
    82.943000926669));
#4372 = CARTESIAN_POINT('',(699.79325655035,-28.53845109074,
    83.124636761166));
#4373 = CARTESIAN_POINT('',(699.66087504138,-28.48333164552,
    83.457119110048));
#4374 = CARTESIAN_POINT('',(699.59755744394,-28.46474671348,
    83.608360805732));
#4375 = CARTESIAN_POINT('',(699.5317603531,-28.45255830368,
    83.758345693083));
#4376 = CARTESIAN_POINT('',(699.46370668829,-28.44651036461,
    83.906820850538));
#4377 = CARTESIAN_POINT('',(699.39360366433,-28.44634764107,
    84.053573186196));
#4378 = CARTESIAN_POINT('',(699.32164064138,-28.45182138724,
    84.198427511844));
#4379 = CARTESIAN_POINT('',(699.247986975,-28.4626950796,84.341244616984
    ));
#4380 = CARTESIAN_POINT('',(698.96524978075,-28.52306122897,
    84.870174224561));
#4381 = CARTESIAN_POINT('',(698.74631810323,-28.60676150833,
    85.241427019803));
#4382 = CARTESIAN_POINT('',(698.51875184951,-28.72510229708,
    85.594329493608));
#4383 = CARTESIAN_POINT('',(698.28486820771,-28.87462896672,
    85.927468557693));
#4384 = CARTESIAN_POINT('',(698.04669489363,-29.05233884712,
    86.239789802975));
#4385 = CARTESIAN_POINT('',(697.80592166006,-29.25592781766,
    86.530414762082));
#4386 = CARTESIAN_POINT('',(697.56392095919,-29.48368966398,
    86.798640095712));
#4387 = CARTESIAN_POINT('',(697.15271539832,-29.91033337038,
    87.214456552698));
#4388 = CARTESIAN_POINT('',(696.98383770861,-30.09690373477,
    87.373784630178));
#4389 = CARTESIAN_POINT('',(696.81548791091,-30.29437305899,
    87.52123033385));
#4390 = CARTESIAN_POINT('',(696.64816279564,-30.50245234956,
    87.656287587322));
#4391 = CARTESIAN_POINT('',(696.48243861889,-30.72087900155,
    87.778299524061));
#4392 = CARTESIAN_POINT('',(696.31897084851,-30.9494030198,
    87.886473836174));
#4393 = CARTESIAN_POINT('',(696.1584996326,-31.1878029466,
    87.979858820058));
#4394 = CARTESIAN_POINT('',(695.8767526815,-31.63416838794,
    88.119072721519));
#4395 = CARTESIAN_POINT('',(695.75417144191,-31.83847268774,
    88.170647743352));
#4396 = CARTESIAN_POINT('',(695.63452396325,-32.04882313827,
    88.211399702178));
#4397 = CARTESIAN_POINT('',(695.51835881101,-32.26505802194,
    88.240586132631));
#4398 = CARTESIAN_POINT('',(695.4063627711,-32.48687566595,
    88.257338180208));
#4399 = CARTESIAN_POINT('',(695.29935107147,-32.71381896053,
    88.260688575612));
#4400 = CARTESIAN_POINT('',(695.19825920412,-32.94526222633,
    88.249588545948));
#4401 = CARTESIAN_POINT('',(694.99375481279,-33.4561561478,
    88.19163098985));
#4402 = CARTESIAN_POINT('',(694.89271498104,-33.73760039273,
    88.138859106982));
#4403 = CARTESIAN_POINT('',(694.80316576254,-34.02252056654,
    88.06272507165));
#4404 = CARTESIAN_POINT('',(694.72741180251,-34.30800372845,
    87.961622448284));
#4405 = CARTESIAN_POINT('',(694.66772790097,-34.59045785034,
    87.834478453124));
#4406 = CARTESIAN_POINT('',(694.62606894134,-34.86569140434,
    87.681150763201));
#4407 = CARTESIAN_POINT('',(694.60380204904,-35.12897206568,
    87.50280274939));
#4408 = CARTESIAN_POINT('',(694.59908629904,-35.51987059311,
    87.186364921461));
#4409 = CARTESIAN_POINT('',(694.60397240298,-35.65861957023,
    87.062094076404));
#4410 = CARTESIAN_POINT('',(694.61547817717,-35.79072004903,
    86.931216381113));
#4411 = CARTESIAN_POINT('',(694.63343406996,-35.91548398222,
    86.794526847816));
#4412 = CARTESIAN_POINT('',(694.65755689258,-36.03242514099,
    86.652857299005));
#4413 = CARTESIAN_POINT('',(694.68748556728,-36.14122180009,
    86.50704952387));
#4414 = CARTESIAN_POINT('',(694.7228058784,-36.24169065015,
    86.357937434899));
#4415 = CARTESIAN_POINT('',(694.82350402679,-36.47201344169,
    85.978742546684));
#4416 = CARTESIAN_POINT('',(694.89506424232,-36.59132673504,
    85.745578232661));
#4417 = CARTESIAN_POINT('',(694.97635172444,-36.69185504059,
    85.509059080324));
#4418 = CARTESIAN_POINT('',(695.0659800623,-36.77418187329,
    85.271076579777));
#4419 = CARTESIAN_POINT('',(695.16268050774,-36.83910710851,
    85.033192716077));
#4420 = CARTESIAN_POINT('',(695.26535042122,-36.88753108559,
    84.796637647132));
#4421 = CARTESIAN_POINT('',(695.37308004806,-36.92037276361,
    84.562308293135));
#4422 = CARTESIAN_POINT('',(695.60172120126,-36.95723318396,
    84.090123624774));
#4423 = CARTESIAN_POINT('',(695.7229142406,-36.960058603,83.852635331032
    ));
#4424 = CARTESIAN_POINT('',(695.8479957376,-36.94786861729,
    83.618960323175));
#4425 = CARTESIAN_POINT('',(695.9762928237,-36.92148539436,
    83.389695736688));
#4426 = CARTESIAN_POINT('',(696.1072278729,-36.88164454861,
    83.165361780561));
#4427 = CARTESIAN_POINT('',(696.24031121063,-36.82900732598,
    82.94639716305));
#4428 = CARTESIAN_POINT('',(696.37514023508,-36.76414928088,
    82.733162674535));
#4429 = CARTESIAN_POINT('',(696.68183555893,-36.5916895813,82.2667891161
    ));
#4430 = CARTESIAN_POINT('',(696.85440725652,-36.47750811696,
    82.017208548568));
#4431 = CARTESIAN_POINT('',(697.02847680574,-36.34592918287,
    81.77781543249));
#4432 = CARTESIAN_POINT('',(697.20343871403,-36.19774413163,
    81.549314332507));
#4433 = CARTESIAN_POINT('',(697.37871735662,-36.03365285684,
    81.332464923376));
#4434 = CARTESIAN_POINT('',(697.55376162618,-35.85429123331,
    81.128064920515));
#4435 = CARTESIAN_POINT('',(697.72804210998,-35.6602206789,
    80.936961187982));
#4436 = CARTESIAN_POINT('',(697.90105079434,-35.45187983794,
    80.760089023914));
#4437 = PCURVE('',#2330,#4438);
#4438 = DEFINITIONAL_REPRESENTATION('',(#4439),#4526);
#4439 = B_SPLINE_CURVE_WITH_KNOTS('',8,(#4440,#4441,#4442,#4443,#4444,
    #4445,#4446,#4447,#4448,#4449,#4450,#4451,#4452,#4453,#4454,#4455,
    #4456,#4457,#4458,#4459,#4460,#4461,#4462,#4463,#4464,#4465,#4466,
    #4467,#4468,#4469,#4470,#4471,#4472,#4473,#4474,#4475,#4476,#4477,
    #4478,#4479,#4480,#4481,#4482,#4483,#4484,#4485,#4486,#4487,#4488,
    #4489,#4490,#4491,#4492,#4493,#4494,#4495,#4496,#4497,#4498,#4499,
    #4500,#4501,#4502,#4503,#4504,#4505,#4506,#4507,#4508,#4509,#4510,
    #4511,#4512,#4513,#4514,#4515,#4516,#4517,#4518,#4519,#4520,#4521,
    #4522,#4523,#4524,#4525),.UNSPECIFIED.,.F.,.F.,(9,7,7,7,7,7,7,7,7,7,
    7,7,9),(0.,9.232315536975E-02,0.166359971183,0.22595145973,
    0.276262791879,0.415119435743,0.511994141024,0.589377196486,
    0.680127315179,0.733323656074,0.813187246726,0.896188143011,1.),
  .UNSPECIFIED.);
#4440 = CARTESIAN_POINT('',(0.33307757872,-0.401007721971));
#4441 = CARTESIAN_POINT('',(0.33307757872,-0.395855770829));
#4442 = CARTESIAN_POINT('',(0.33359088468,-0.390661748841));
#4443 = CARTESIAN_POINT('',(0.334654759842,-0.385452495092));
#4444 = CARTESIAN_POINT('',(0.336307274834,-0.380265322066));
#4445 = CARTESIAN_POINT('',(0.338582339479,-0.375147629684));
#4446 = CARTESIAN_POINT('',(0.341502951333,-0.370155955845));
#4447 = CARTESIAN_POINT('',(0.345076895022,-0.365355962305));
#4448 = CARTESIAN_POINT('',(0.352643597354,-0.357181654001));
#4449 = CARTESIAN_POINT('',(0.356416423513,-0.353709786094));
#4450 = CARTESIAN_POINT('',(0.360572770312,-0.350450877495));
#4451 = CARTESIAN_POINT('',(0.36507974231,-0.347441983886));
#4452 = CARTESIAN_POINT('',(0.36989569575,-0.344712121525));
#4453 = CARTESIAN_POINT('',(0.374971400187,-0.342282977938));
#4454 = CARTESIAN_POINT('',(0.380250036106,-0.34016849409));
#4455 = CARTESIAN_POINT('',(0.390025306381,-0.336928398891));
#4456 = CARTESIAN_POINT('',(0.394478726159,-0.335688647962));
#4457 = CARTESIAN_POINT('',(0.398998992,-0.334655138957));
#4458 = CARTESIAN_POINT('',(0.403561292313,-0.33382507016));
#4459 = CARTESIAN_POINT('',(0.408143559726,-0.333193048582));
#4460 = CARTESIAN_POINT('',(0.412726645303,-0.332752100696));
#4461 = CARTESIAN_POINT('',(0.417294407026,-0.332494409728));
#4462 = CARTESIAN_POINT('',(0.425666113996,-0.332342017309));
#4463 = CARTESIAN_POINT('',(0.429478366474,-0.332397040692));
#4464 = CARTESIAN_POINT('',(0.433263126474,-0.332571943433));
#4465 = CARTESIAN_POINT('',(0.437014050316,-0.332861786991));
#4466 = CARTESIAN_POINT('',(0.440725752642,-0.33326170356));
#4467 = CARTESIAN_POINT('',(0.444393764916,-0.333766999106));
#4468 = CARTESIAN_POINT('',(0.448014493915,-0.334373256393));
#4469 = CARTESIAN_POINT('',(0.461440087624,-0.337017182488));
#4470 = CARTESIAN_POINT('',(0.470896472287,-0.339692809303));
#4471 = CARTESIAN_POINT('',(0.479918034196,-0.343017838626));
#4472 = CARTESIAN_POINT('',(0.488465526889,-0.346928540161));
#4473 = CARTESIAN_POINT('',(0.496507524116,-0.351368289536));
#4474 = CARTESIAN_POINT('',(0.504016290332,-0.35629190477));
#4475 = CARTESIAN_POINT('',(0.510968153491,-0.361664318044));
#4476 = CARTESIAN_POINT('',(0.521775786911,-0.371519233697));
#4477 = CARTESIAN_POINT('',(0.52592651677,-0.375774542393));
#4478 = CARTESIAN_POINT('',(0.52977603423,-0.380226989953));
#4479 = CARTESIAN_POINT('',(0.53330917479,-0.384868229935));
#4480 = CARTESIAN_POINT('',(0.536506769896,-0.38968928969));
#4481 = CARTESIAN_POINT('',(0.539346077365,-0.394680241438));
#4482 = CARTESIAN_POINT('',(0.541800236835,-0.399830321546));
#4483 = CARTESIAN_POINT('',(0.545462160863,-0.409361093457));
#4484 = CARTESIAN_POINT('',(0.546820251687,-0.413685246107));
#4485 = CARTESIAN_POINT('',(0.54789427528,-0.418096339738));
#4486 = CARTESIAN_POINT('',(0.548663971339,-0.422586071291));
#4487 = CARTESIAN_POINT('',(0.549105890744,-0.427142347292));
#4488 = CARTESIAN_POINT('',(0.549194218651,-0.431749035429));
#4489 = CARTESIAN_POINT('',(0.548901348009,-0.436385814348));
#4490 = CARTESIAN_POINT('',(0.547373598569,-0.446472335979));
#4491 = CARTESIAN_POINT('',(0.545982921366,-0.451936135022));
#4492 = CARTESIAN_POINT('',(0.543977710765,-0.457361136412));
#4493 = CARTESIAN_POINT('',(0.54131752023,-0.462675367096));
#4494 = CARTESIAN_POINT('',(0.537977277444,-0.46779561982));
#4495 = CARTESIAN_POINT('',(0.533957850918,-0.472632241748));
#4496 = CARTESIAN_POINT('',(0.529295249119,-0.477094139545));
#4497 = CARTESIAN_POINT('',(0.521046567557,-0.483453219619));
#4498 = CARTESIAN_POINT('',(0.51781181706,-0.485648899702));
#4499 = CARTESIAN_POINT('',(0.514410417939,-0.487675124864));
#4500 = CARTESIAN_POINT('',(0.51086388625,-0.489522566389));
#4501 = CARTESIAN_POINT('',(0.507194505244,-0.491186408503));
#4502 = CARTESIAN_POINT('',(0.503424590227,-0.492665361667));
#4503 = CARTESIAN_POINT('',(0.499576018629,-0.493960943504));
#4504 = CARTESIAN_POINT('',(0.489805963057,-0.49675260247));
#4505 = CARTESIAN_POINT('',(0.483813432496,-0.498023316804));
#4506 = CARTESIAN_POINT('',(0.47775006883,-0.498906560415));
#4507 = CARTESIAN_POINT('',(0.471664302493,-0.499426856655));
#4508 = CARTESIAN_POINT('',(0.465595426341,-0.49961085035));
#4509 = CARTESIAN_POINT('',(0.459573826519,-0.499484861813));
#4510 = CARTESIAN_POINT('',(0.453621206904,-0.499073373046));
#4511 = CARTESIAN_POINT('',(0.441649451847,-0.497693674291));
#4512 = CARTESIAN_POINT('',(0.435640538461,-0.496704666903));
#4513 = CARTESIAN_POINT('',(0.42973939627,-0.495453407665));
#4514 = CARTESIAN_POINT('',(0.423959811902,-0.493960199819));
#4515 = CARTESIAN_POINT('',(0.418313611783,-0.492242766828));
#4516 = CARTESIAN_POINT('',(0.412810602221,-0.490316570915));
#4517 = CARTESIAN_POINT('',(0.407458697017,-0.488194715724));
#4518 = CARTESIAN_POINT('',(0.395767351034,-0.48300164156));
#4519 = CARTESIAN_POINT('',(0.389520732812,-0.479827571738));
#4520 = CARTESIAN_POINT('',(0.383537453104,-0.476386410967));
#4521 = CARTESIAN_POINT('',(0.377833289921,-0.472696001315));
#4522 = CARTESIAN_POINT('',(0.37242558439,-0.468771998419));
#4523 = CARTESIAN_POINT('',(0.367332804929,-0.464628402297));
#4524 = CARTESIAN_POINT('',(0.362574815349,-0.46027746022));
#4525 = CARTESIAN_POINT('',(0.358173846892,-0.455728941603));
#4526 = ( GEOMETRIC_REPRESENTATION_CONTEXT(2) 
PARAMETRIC_REPRESENTATION_CONTEXT() REPRESENTATION_CONTEXT('2D SPACE',''
  ) );
#4527 = PCURVE('',#4528,#4533);
#4528 = CYLINDRICAL_SURFACE('',#4529,4.25);
#4529 = AXIS2_PLACEMENT_3D('',#4530,#4531,#4532);
#4530 = CARTESIAN_POINT('',(700.83557200378,-32.70133864264,84.));
#4531 = DIRECTION('',(-1.,-9.992007221626E-16,-1.110223024625E-16));
#4532 = DIRECTION('',(1.110223024625E-16,0.,-1.));
#4533 = DEFINITIONAL_REPRESENTATION('',(#4534),#4621);
#4534 = B_SPLINE_CURVE_WITH_KNOTS('',8,(#4535,#4536,#4537,#4538,#4539,
    #4540,#4541,#4542,#4543,#4544,#4545,#4546,#4547,#4548,#4549,#4550,
    #4551,#4552,#4553,#4554,#4555,#4556,#4557,#4558,#4559,#4560,#4561,
    #4562,#4563,#4564,#4565,#4566,#4567,#4568,#4569,#4570,#4571,#4572,
    #4573,#4574,#4575,#4576,#4577,#4578,#4579,#4580,#4581,#4582,#4583,
    #4584,#4585,#4586,#4587,#4588,#4589,#4590,#4591,#4592,#4593,#4594,
    #4595,#4596,#4597,#4598,#4599,#4600,#4601,#4602,#4603,#4604,#4605,
    #4606,#4607,#4608,#4609,#4610,#4611,#4612,#4613,#4614,#4615,#4616,
    #4617,#4618,#4619,#4620),.UNSPECIFIED.,.F.,.F.,(9,7,7,7,7,7,7,7,7,7,
    7,7,9),(0.,9.232315536975E-02,0.166359971183,0.22595145973,
    0.276262791879,0.415119435743,0.511994141024,0.589377196486,
    0.680127315179,0.733323656074,0.813187246726,0.896188143011,1.),
  .UNSPECIFIED.);
#4535 = CARTESIAN_POINT('',(0.,1.290863873994));
#4536 = CARTESIAN_POINT('',(-6.52613466008E-02,1.172607700314));
#4537 = CARTESIAN_POINT('',(-0.131875091518,1.061231096547));
#4538 = CARTESIAN_POINT('',(-0.19994174336,0.957914498698));
#4539 = CARTESIAN_POINT('',(-0.269497704757,0.864106581708));
#4540 = CARTESIAN_POINT('',(-0.340533981467,0.78144677636));
#4541 = CARTESIAN_POINT('',(-0.412981273315,0.711646944266));
#4542 = CARTESIAN_POINT('',(-0.486710675424,0.656432897931));
#4543 = CARTESIAN_POINT('',(-0.621266819176,0.585626453421));
#4544 = CARTESIAN_POINT('',(-0.681813619197,0.564322411108));
#4545 = CARTESIAN_POINT('',(-0.742700099513,0.554026662285));
#4546 = CARTESIAN_POINT('',(-0.803670348245,0.555148488701));
#4547 = CARTESIAN_POINT('',(-0.864503256931,0.567775577492));
#4548 = CARTESIAN_POINT('',(-0.924981915608,0.591699616614));
#4549 = CARTESIAN_POINT('',(-0.984865962035,0.626397715392));
#4550 = CARTESIAN_POINT('',(-1.09135613468,0.706845152241));
#4551 = CARTESIAN_POINT('',(-1.138329014121,0.749160165049));
#4552 = CARTESIAN_POINT('',(-1.184703551979,0.797524674079));
#4553 = CARTESIAN_POINT('',(-1.230429863988,0.851490586919));
#4554 = CARTESIAN_POINT('',(-1.275479714144,0.910586074689));
#4555 = CARTESIAN_POINT('',(-1.319840193996,0.974342717432));
#4556 = CARTESIAN_POINT('',(-1.363511520095,1.042315453431));
#4557 = CARTESIAN_POINT('',(-1.44281040826,1.174696962403));
#4558 = CARTESIAN_POINT('',(-1.478632677177,1.238014559836));
#4559 = CARTESIAN_POINT('',(-1.513990039268,1.30381165068));
#4560 = CARTESIAN_POINT('',(-1.548898349015,1.371865315488));
#4561 = CARTESIAN_POINT('',(-1.583375396226,1.441968339451));
#4562 = CARTESIAN_POINT('',(-1.617441269792,1.513931362396));
#4563 = CARTESIAN_POINT('',(-1.651118721448,1.587585028776));
#4564 = CARTESIAN_POINT('',(-1.776380656395,1.87032222303));
#4565 = CARTESIAN_POINT('',(-1.865404169512,2.089253900554));
#4566 = CARTESIAN_POINT('',(-1.952245488285,2.316820154266));
#4567 = CARTESIAN_POINT('',(-2.037355475116,2.550703796067));
#4568 = CARTESIAN_POINT('',(-2.121155644399,2.788877110152));
#4569 = CARTESIAN_POINT('',(-2.204045884384,3.02965034372));
#4570 = CARTESIAN_POINT('',(-2.28647413785,3.271651044587));
#4571 = CARTESIAN_POINT('',(-2.426652606027,3.682856605463));
#4572 = CARTESIAN_POINT('',(-2.484255977952,3.851734295171));
#4573 = CARTESIAN_POINT('',(-2.542035938771,4.020084092875));
#4574 = CARTESIAN_POINT('',(-2.600151328119,4.18740920814));
#4575 = CARTESIAN_POINT('',(-2.658757621328,4.353133384885));
#4576 = CARTESIAN_POINT('',(-2.718016140267,4.516601155269));
#4577 = CARTESIAN_POINT('',(-2.77810844484,4.677072371182));
#4578 = CARTESIAN_POINT('',(-2.888125145071,4.958819322285));
#4579 = CARTESIAN_POINT('',(-2.937629816502,5.081400561869));
#4580 = CARTESIAN_POINT('',(-2.987911730911,5.20104804053));
#4581 = CARTESIAN_POINT('',(-3.039080768441,5.317213192768));
#4582 = CARTESIAN_POINT('',(-3.091234926591,5.429209232678));
#4583 = CARTESIAN_POINT('',(-3.144466983953,5.536220932307));
#4584 = CARTESIAN_POINT('',(-3.198871642987,5.637312799665));
#4585 = CARTESIAN_POINT('',(-3.319853022733,5.841817190993));
#4586 = CARTESIAN_POINT('',(-3.387052728077,5.942857022743));
#4587 = CARTESIAN_POINT('',(-3.456109406363,6.032406241237));
#4588 = CARTESIAN_POINT('',(-3.526910856432,6.10816020127));
#4589 = CARTESIAN_POINT('',(-3.599283446866,6.167844102809));
#4590 = CARTESIAN_POINT('',(-3.672951187585,6.209503062439));
#4591 = CARTESIAN_POINT('',(-3.747504076073,6.231769954736));
#4592 = CARTESIAN_POINT('',(-3.865839604601,6.236485704744));
#4593 = CARTESIAN_POINT('',(-3.909611984124,6.2315996008));
#4594 = CARTESIAN_POINT('',(-3.953274255181,6.220093826607));
#4595 = CARTESIAN_POINT('',(-3.996710822695,6.202137933825));
#4596 = CARTESIAN_POINT('',(-4.039829382123,6.178015111203));
#4597 = CARTESIAN_POINT('',(-4.082552329106,6.148086436496));
#4598 = CARTESIAN_POINT('',(-4.124811524744,6.112766125377));
#4599 = CARTESIAN_POINT('',(-4.229202949852,6.012067976985));
#4600 = CARTESIAN_POINT('',(-4.290667222206,5.940507761459));
#4601 = CARTESIAN_POINT('',(-4.35088666424,5.859220279338));
#4602 = CARTESIAN_POINT('',(-4.409866154028,5.76959194148));
#4603 = CARTESIAN_POINT('',(-4.4676396962,5.672891496041));
#4604 = CARTESIAN_POINT('',(-4.524266067375,5.570221582558));
#4605 = CARTESIAN_POINT('',(-4.579836616072,5.462491955715));
#4606 = CARTESIAN_POINT('',(-4.691276901042,5.233850802518));
#4607 = CARTESIAN_POINT('',(-4.747038906599,5.112657763181));
#4608 = CARTESIAN_POINT('',(-4.801909975233,4.987576266176));
#4609 = CARTESIAN_POINT('',(-4.856003039429,4.859279180077));
#4610 = CARTESIAN_POINT('',(-4.909417402476,4.728344130879));
#4611 = CARTESIAN_POINT('',(-4.962249600748,4.595260793155));
#4612 = CARTESIAN_POINT('',(-5.01460113671,4.460431768704));
#4613 = CARTESIAN_POINT('',(-5.131598553412,4.153736444853));
#4614 = CARTESIAN_POINT('',(-5.195996620846,3.98116474726));
#4615 = CARTESIAN_POINT('',(-5.259983653849,3.807095198039));
#4616 = CARTESIAN_POINT('',(-5.323727962962,3.632133289747));
#4617 = CARTESIAN_POINT('',(-5.387378384332,3.456854647162));
#4618 = CARTESIAN_POINT('',(-5.451080897236,3.281810377597));
#4619 = CARTESIAN_POINT('',(-5.514993275207,3.107529893804));
#4620 = CARTESIAN_POINT('',(-5.579297770762,2.934521209444));
#4621 = ( GEOMETRIC_REPRESENTATION_CONTEXT(2) 
PARAMETRIC_REPRESENTATION_CONTEXT() REPRESENTATION_CONTEXT('2D SPACE',''
  ) );
#4622 = ORIENTED_EDGE('',*,*,#4623,.T.);
#4623 = EDGE_CURVE('',#4347,#4345,#4624,.T.);
#4624 = SURFACE_CURVE('',#4625,(#4643,#4664),.PCURVE_S1.);
#4625 = B_SPLINE_CURVE_WITH_KNOTS('',6,(#4626,#4627,#4628,#4629,#4630,
    #4631,#4632,#4633,#4634,#4635,#4636,#4637,#4638,#4639,#4640,#4641,
    #4642),.UNSPECIFIED.,.F.,.F.,(7,5,5,7),(0.,0.540867730261,
    0.785649374108,1.),.UNSPECIFIED.);
#4626 = CARTESIAN_POINT('',(697.90105079434,-35.45187983794,
    80.760089023914));
#4627 = CARTESIAN_POINT('',(698.06265152509,-35.25727670418,
    80.594879565969));
#4628 = CARTESIAN_POINT('',(698.22302139419,-35.04967987264,
    80.442774874323));
#4629 = CARTESIAN_POINT('',(698.38164690139,-34.8295638954,
    80.304681811145));
#4630 = CARTESIAN_POINT('',(698.53790214348,-34.59744348263,
    80.181735495496));
#4631 = CARTESIAN_POINT('',(698.69105955964,-34.35393899521,
    80.075222414579));
#4632 = CARTESIAN_POINT('',(698.9078018141,-33.98468409313,
    79.946561057712));
#4633 = CARTESIAN_POINT('',(698.97451848079,-33.86745311274,
    79.91015135898));
#4634 = CARTESIAN_POINT('',(699.04034083473,-33.74810677181,
    79.877559787435));
#4635 = CARTESIAN_POINT('',(699.1051774643,-33.62672659163,
    79.848937480851));
#4636 = CARTESIAN_POINT('',(699.16892700542,-33.50340727288,
    79.824445394976));
#4637 = CARTESIAN_POINT('',(699.28625298072,-33.26866471752,
    79.786573349092));
#4638 = CARTESIAN_POINT('',(699.3401078421,-33.15767120153,
    79.772190133435));
#4639 = CARTESIAN_POINT('',(699.39296797362,-33.04534766639,
    79.761220084118));
#4640 = CARTESIAN_POINT('',(699.44475033398,-32.93178073143,
    79.753782414715));
#4641 = CARTESIAN_POINT('',(699.49536359263,-32.81707211664,
    79.75000012481));
#4642 = CARTESIAN_POINT('',(699.54470812979,-32.70133864264,79.75));
#4643 = PCURVE('',#2330,#4644);
#4644 = DEFINITIONAL_REPRESENTATION('',(#4645),#4663);
#4645 = B_SPLINE_CURVE_WITH_KNOTS('',6,(#4646,#4647,#4648,#4649,#4650,
    #4651,#4652,#4653,#4654,#4655,#4656,#4657,#4658,#4659,#4660,#4661,
    #4662),.UNSPECIFIED.,.F.,.F.,(7,5,5,7),(0.,0.540867730261,
    0.785649374108,1.),.UNSPECIFIED.);
#4646 = CARTESIAN_POINT('',(0.358173846892,-0.455728941603));
#4647 = CARTESIAN_POINT('',(0.354063072214,-0.45148034602));
#4648 = CARTESIAN_POINT('',(0.350281036725,-0.447052481336));
#4649 = CARTESIAN_POINT('',(0.346849297018,-0.442455730903));
#4650 = CARTESIAN_POINT('',(0.343795269112,-0.437701482422));
#4651 = CARTESIAN_POINT('',(0.341150275886,-0.432802975943));
#4652 = CARTESIAN_POINT('',(0.337955978907,-0.425498948548));
#4653 = CARTESIAN_POINT('',(0.33705214711,-0.423196836349));
#4654 = CARTESIAN_POINT('',(0.336243182794,-0.420869739423));
#4655 = CARTESIAN_POINT('',(0.335532800987,-0.418519345653));
#4656 = CARTESIAN_POINT('',(0.334924966835,-0.416147590041));
#4657 = CARTESIAN_POINT('',(0.333985117076,-0.411662958137));
#4658 = CARTESIAN_POINT('',(0.333625513749,-0.409554257858));
#4659 = CARTESIAN_POINT('',(0.33335303405,-0.407432660065));
#4660 = CARTESIAN_POINT('',(0.333171967919,-0.405300061989));
#4661 = CARTESIAN_POINT('',(0.333082946815,-0.403158151894));
#4662 = CARTESIAN_POINT('',(0.333082943718,-0.401008409074));
#4663 = ( GEOMETRIC_REPRESENTATION_CONTEXT(2) 
PARAMETRIC_REPRESENTATION_CONTEXT() REPRESENTATION_CONTEXT('2D SPACE',''
  ) );
#4664 = PCURVE('',#4528,#4665);
#4665 = DEFINITIONAL_REPRESENTATION('',(#4666),#4684);
#4666 = B_SPLINE_CURVE_WITH_KNOTS('',6,(#4667,#4668,#4669,#4670,#4671,
    #4672,#4673,#4674,#4675,#4676,#4677,#4678,#4679,#4680,#4681,#4682,
    #4683),.UNSPECIFIED.,.F.,.F.,(7,5,5,7),(0.,0.540867730261,
    0.785649374108,1.),.UNSPECIFIED.);
#4667 = CARTESIAN_POINT('',(-5.579297770762,2.934521209444));
#4668 = CARTESIAN_POINT('',(-5.639362116727,2.772920478692));
#4669 = CARTESIAN_POINT('',(-5.699761665099,2.612550609593));
#4670 = CARTESIAN_POINT('',(-5.760662739409,2.453925102389));
#4671 = CARTESIAN_POINT('',(-5.822213695961,2.297669860302));
#4672 = CARTESIAN_POINT('',(-5.884564847758,2.144512444136));
#4673 = CARTESIAN_POINT('',(-5.976571445225,1.927770189683));
#4674 = CARTESIAN_POINT('',(-6.005438264142,1.861053522993));
#4675 = CARTESIAN_POINT('',(-6.034521615509,1.79523116905));
#4676 = CARTESIAN_POINT('',(-6.06383733841,1.730394539478));
#4677 = CARTESIAN_POINT('',(-6.093401268651,1.666644998361));
#4678 = CARTESIAN_POINT('',(-6.149349024389,1.549319023065));
#4679 = CARTESIAN_POINT('',(-6.175670860397,1.495464161679));
#4680 = CARTESIAN_POINT('',(-6.20220565614,1.442604030156));
#4681 = CARTESIAN_POINT('',(-6.22896354843,1.390821669799));
#4682 = CARTESIAN_POINT('',(-6.255953901534,1.340208411151));
#4683 = CARTESIAN_POINT('',(-6.28318530718,1.290863873994));
#4684 = ( GEOMETRIC_REPRESENTATION_CONTEXT(2) 
PARAMETRIC_REPRESENTATION_CONTEXT() REPRESENTATION_CONTEXT('2D SPACE',''
  ) );
#4685 = ADVANCED_FACE('',(#4686),#2440,.T.);
#4686 = FACE_BOUND('',#4687,.T.);
#4687 = EDGE_LOOP('',(#4688,#4689,#4690,#4691,#4712,#4713));
#4688 = ORIENTED_EDGE('',*,*,#2479,.T.);
#4689 = ORIENTED_EDGE('',*,*,#2426,.T.);
#4690 = ORIENTED_EDGE('',*,*,#4125,.T.);
#4691 = ORIENTED_EDGE('',*,*,#4692,.T.);
#4692 = EDGE_CURVE('',#4126,#2584,#4693,.T.);
#4693 = SURFACE_CURVE('',#4694,(#4698,#4705),.PCURVE_S1.);
#4694 = LINE('',#4695,#4696);
#4695 = CARTESIAN_POINT('',(480.,-27.5,109.));
#4696 = VECTOR('',#4697,1.);
#4697 = DIRECTION('',(-1.,0.,0.));
#4698 = PCURVE('',#2440,#4699);
#4699 = DEFINITIONAL_REPRESENTATION('',(#4700),#4704);
#4700 = LINE('',#4701,#4702);
#4701 = CARTESIAN_POINT('',(-0.785398163397,0.));
#4702 = VECTOR('',#4703,1.);
#4703 = DIRECTION('',(0.,-1.));
#4704 = ( GEOMETRIC_REPRESENTATION_CONTEXT(2) 
PARAMETRIC_REPRESENTATION_CONTEXT() REPRESENTATION_CONTEXT('2D SPACE',''
  ) );
#4705 = PCURVE('',#2599,#4706);
#4706 = DEFINITIONAL_REPRESENTATION('',(#4707),#4711);
#4707 = LINE('',#4708,#4709);
#4708 = CARTESIAN_POINT('',(75.,122.5));
#4709 = VECTOR('',#4710,1.);
#4710 = DIRECTION('',(1.,0.));
#4711 = ( GEOMETRIC_REPRESENTATION_CONTEXT(2) 
PARAMETRIC_REPRESENTATION_CONTEXT() REPRESENTATION_CONTEXT('2D SPACE',''
  ) );
#4712 = ORIENTED_EDGE('',*,*,#2611,.T.);
#4713 = ORIENTED_EDGE('',*,*,#2529,.T.);
#4714 = ADVANCED_FACE('',(#4715),#2599,.T.);
#4715 = FACE_BOUND('',#4716,.T.);
#4716 = EDGE_LOOP('',(#4717,#4718,#4719,#4720,#4721,#4722,#4723,#4724));
#4717 = ORIENTED_EDGE('',*,*,#3384,.F.);
#4718 = ORIENTED_EDGE('',*,*,#2746,.F.);
#4719 = ORIENTED_EDGE('',*,*,#2723,.F.);
#4720 = ORIENTED_EDGE('',*,*,#2696,.F.);
#4721 = ORIENTED_EDGE('',*,*,#2583,.F.);
#4722 = ORIENTED_EDGE('',*,*,#4692,.F.);
#4723 = ORIENTED_EDGE('',*,*,#4171,.F.);
#4724 = ORIENTED_EDGE('',*,*,#4053,.F.);
#4725 = ADVANCED_FACE('',(#4726),#2657,.F.);
#4726 = FACE_BOUND('',#4727,.T.);
#4727 = EDGE_LOOP('',(#4728,#4751,#4778,#4779));
#4728 = ORIENTED_EDGE('',*,*,#4729,.F.);
#4729 = EDGE_CURVE('',#4730,#2637,#4732,.T.);
#4730 = VERTEX_POINT('',#4731);
#4731 = CARTESIAN_POINT('',(667.83557200378,-32.70133864264,81.7));
#4732 = SEAM_CURVE('',#4733,(#4737,#4744),.PCURVE_S1.);
#4733 = LINE('',#4734,#4735);
#4734 = CARTESIAN_POINT('',(667.83557200378,-32.70133864264,81.7));
#4735 = VECTOR('',#4736,1.);
#4736 = DIRECTION('',(-1.,-9.992007221626E-16,-4.594026308794E-17));
#4737 = PCURVE('',#2657,#4738);
#4738 = DEFINITIONAL_REPRESENTATION('',(#4739),#4743);
#4739 = LINE('',#4740,#4741);
#4740 = CARTESIAN_POINT('',(-0.,0.));
#4741 = VECTOR('',#4742,1.);
#4742 = DIRECTION('',(-0.,1.));
#4743 = ( GEOMETRIC_REPRESENTATION_CONTEXT(2) 
PARAMETRIC_REPRESENTATION_CONTEXT() REPRESENTATION_CONTEXT('2D SPACE',''
  ) );
#4744 = PCURVE('',#2657,#4745);
#4745 = DEFINITIONAL_REPRESENTATION('',(#4746),#4750);
#4746 = LINE('',#4747,#4748);
#4747 = CARTESIAN_POINT('',(-6.28318530718,0.));
#4748 = VECTOR('',#4749,1.);
#4749 = DIRECTION('',(-0.,1.));
#4750 = ( GEOMETRIC_REPRESENTATION_CONTEXT(2) 
PARAMETRIC_REPRESENTATION_CONTEXT() REPRESENTATION_CONTEXT('2D SPACE',''
  ) );
#4751 = ORIENTED_EDGE('',*,*,#4752,.T.);
#4752 = EDGE_CURVE('',#4730,#4730,#4753,.T.);
#4753 = SURFACE_CURVE('',#4754,(#4759,#4766),.PCURVE_S1.);
#4754 = CIRCLE('',#4755,2.3);
#4755 = AXIS2_PLACEMENT_3D('',#4756,#4757,#4758);
#4756 = CARTESIAN_POINT('',(667.83557200378,-32.70133864264,84.));
#4757 = DIRECTION('',(1.,9.992007221626E-16,1.110223024625E-16));
#4758 = DIRECTION('',(1.110223024625E-16,1.109335647967E-31,-1.));
#4759 = PCURVE('',#2657,#4760);
#4760 = DEFINITIONAL_REPRESENTATION('',(#4761),#4765);
#4761 = LINE('',#4762,#4763);
#4762 = CARTESIAN_POINT('',(-0.,0.));
#4763 = VECTOR('',#4764,1.);
#4764 = DIRECTION('',(-1.,0.));
#4765 = ( GEOMETRIC_REPRESENTATION_CONTEXT(2) 
PARAMETRIC_REPRESENTATION_CONTEXT() REPRESENTATION_CONTEXT('2D SPACE',''
  ) );
#4766 = PCURVE('',#4767,#4772);
#4767 = PLANE('',#4768);
#4768 = AXIS2_PLACEMENT_3D('',#4769,#4770,#4771);
#4769 = CARTESIAN_POINT('',(667.83557200378,-32.70133864264,84.));
#4770 = DIRECTION('',(1.,9.992007221626E-16,1.110223024625E-16));
#4771 = DIRECTION('',(1.110223024625E-16,1.109335647967E-31,-1.));
#4772 = DEFINITIONAL_REPRESENTATION('',(#4773),#4777);
#4773 = CIRCLE('',#4774,2.3);
#4774 = AXIS2_PLACEMENT_2D('',#4775,#4776);
#4775 = CARTESIAN_POINT('',(0.,0.));
#4776 = DIRECTION('',(1.,0.));
#4777 = ( GEOMETRIC_REPRESENTATION_CONTEXT(2) 
PARAMETRIC_REPRESENTATION_CONTEXT() REPRESENTATION_CONTEXT('2D SPACE',''
  ) );
#4778 = ORIENTED_EDGE('',*,*,#4729,.T.);
#4779 = ORIENTED_EDGE('',*,*,#2636,.T.);
#4780 = ADVANCED_FACE('',(#4781),#3077,.F.);
#4781 = FACE_BOUND('',#4782,.T.);
#4782 = EDGE_LOOP('',(#4783,#4806,#4828,#4829));
#4783 = ORIENTED_EDGE('',*,*,#4784,.F.);
#4784 = EDGE_CURVE('',#4785,#3061,#4787,.T.);
#4785 = VERTEX_POINT('',#4786);
#4786 = CARTESIAN_POINT('',(667.83557200378,118.63687181743,
    78.218945055925));
#4787 = SEAM_CURVE('',#4788,(#4792,#4799),.PCURVE_S1.);
#4788 = LINE('',#4789,#4790);
#4789 = CARTESIAN_POINT('',(667.83557200378,118.63687181743,
    78.218945055925));
#4790 = VECTOR('',#4791,1.);
#4791 = DIRECTION('',(-1.,-9.992007221626E-16,-4.594026308794E-17));
#4792 = PCURVE('',#3077,#4793);
#4793 = DEFINITIONAL_REPRESENTATION('',(#4794),#4798);
#4794 = LINE('',#4795,#4796);
#4795 = CARTESIAN_POINT('',(-0.,0.));
#4796 = VECTOR('',#4797,1.);
#4797 = DIRECTION('',(-0.,1.));
#4798 = ( GEOMETRIC_REPRESENTATION_CONTEXT(2) 
PARAMETRIC_REPRESENTATION_CONTEXT() REPRESENTATION_CONTEXT('2D SPACE',''
  ) );
#4799 = PCURVE('',#3077,#4800);
#4800 = DEFINITIONAL_REPRESENTATION('',(#4801),#4805);
#4801 = LINE('',#4802,#4803);
#4802 = CARTESIAN_POINT('',(-6.28318530718,0.));
#4803 = VECTOR('',#4804,1.);
#4804 = DIRECTION('',(-0.,1.));
#4805 = ( GEOMETRIC_REPRESENTATION_CONTEXT(2) 
PARAMETRIC_REPRESENTATION_CONTEXT() REPRESENTATION_CONTEXT('2D SPACE',''
  ) );
#4806 = ORIENTED_EDGE('',*,*,#4807,.T.);
#4807 = EDGE_CURVE('',#4785,#4785,#4808,.T.);
#4808 = SURFACE_CURVE('',#4809,(#4814,#4821),.PCURVE_S1.);
#4809 = CIRCLE('',#4810,2.3);
#4810 = AXIS2_PLACEMENT_3D('',#4811,#4812,#4813);
#4811 = CARTESIAN_POINT('',(667.83557200378,118.63687181743,
    80.518945055925));
#4812 = DIRECTION('',(1.,9.992007221626E-16,1.110223024625E-16));
#4813 = DIRECTION('',(1.110223024625E-16,1.109335647967E-31,-1.));
#4814 = PCURVE('',#3077,#4815);
#4815 = DEFINITIONAL_REPRESENTATION('',(#4816),#4820);
#4816 = LINE('',#4817,#4818);
#4817 = CARTESIAN_POINT('',(-0.,0.));
#4818 = VECTOR('',#4819,1.);
#4819 = DIRECTION('',(-1.,0.));
#4820 = ( GEOMETRIC_REPRESENTATION_CONTEXT(2) 
PARAMETRIC_REPRESENTATION_CONTEXT() REPRESENTATION_CONTEXT('2D SPACE',''
  ) );
#4821 = PCURVE('',#3520,#4822);
#4822 = DEFINITIONAL_REPRESENTATION('',(#4823),#4827);
#4823 = CIRCLE('',#4824,2.3);
#4824 = AXIS2_PLACEMENT_2D('',#4825,#4826);
#4825 = CARTESIAN_POINT('',(0.,0.));
#4826 = DIRECTION('',(1.,0.));
#4827 = ( GEOMETRIC_REPRESENTATION_CONTEXT(2) 
PARAMETRIC_REPRESENTATION_CONTEXT() REPRESENTATION_CONTEXT('2D SPACE',''
  ) );
#4828 = ORIENTED_EDGE('',*,*,#4784,.T.);
#4829 = ORIENTED_EDGE('',*,*,#3060,.T.);
#4830 = ADVANCED_FACE('',(#4831,#4857),#3265,.T.);
#4831 = FACE_BOUND('',#4832,.T.);
#4832 = EDGE_LOOP('',(#4833));
#4833 = ORIENTED_EDGE('',*,*,#4834,.T.);
#4834 = EDGE_CURVE('',#4835,#4835,#4837,.T.);
#4835 = VERTEX_POINT('',#4836);
#4836 = CARTESIAN_POINT('',(670.04076027556,138.,75.9));
#4837 = SURFACE_CURVE('',#4838,(#4843,#4850),.PCURVE_S1.);
#4838 = CIRCLE('',#4839,4.75);
#4839 = AXIS2_PLACEMENT_3D('',#4840,#4841,#4842);
#4840 = CARTESIAN_POINT('',(665.29076027556,138.,75.9));
#4841 = DIRECTION('',(0.,0.,1.));
#4842 = DIRECTION('',(-1.,0.,0.));
#4843 = PCURVE('',#3265,#4844);
#4844 = DEFINITIONAL_REPRESENTATION('',(#4845),#4849);
#4845 = CIRCLE('',#4846,4.75);
#4846 = AXIS2_PLACEMENT_2D('',#4847,#4848);
#4847 = CARTESIAN_POINT('',(0.,0.));
#4848 = DIRECTION('',(1.,0.));
#4849 = ( GEOMETRIC_REPRESENTATION_CONTEXT(2) 
PARAMETRIC_REPRESENTATION_CONTEXT() REPRESENTATION_CONTEXT('2D SPACE',''
  ) );
#4850 = PCURVE('',#3583,#4851);
#4851 = DEFINITIONAL_REPRESENTATION('',(#4852),#4856);
#4852 = LINE('',#4853,#4854);
#4853 = CARTESIAN_POINT('',(0.,5.));
#4854 = VECTOR('',#4855,1.);
#4855 = DIRECTION('',(1.,0.));
#4856 = ( GEOMETRIC_REPRESENTATION_CONTEXT(2) 
PARAMETRIC_REPRESENTATION_CONTEXT() REPRESENTATION_CONTEXT('2D SPACE',''
  ) );
#4857 = FACE_BOUND('',#4858,.T.);
#4858 = EDGE_LOOP('',(#4859));
#4859 = ORIENTED_EDGE('',*,*,#3250,.F.);
#4860 = ADVANCED_FACE('',(#4861,#4891),#3322,.T.);
#4861 = FACE_BOUND('',#4862,.T.);
#4862 = EDGE_LOOP('',(#4863));
#4863 = ORIENTED_EDGE('',*,*,#4864,.F.);
#4864 = EDGE_CURVE('',#4865,#4865,#4867,.T.);
#4865 = VERTEX_POINT('',#4866);
#4866 = CARTESIAN_POINT('',(681.75,-1.584903674443E-13,101.));
#4867 = SURFACE_CURVE('',#4868,(#4873,#4884),.PCURVE_S1.);
#4868 = CIRCLE('',#4869,6.75);
#4869 = AXIS2_PLACEMENT_3D('',#4870,#4871,#4872);
#4870 = CARTESIAN_POINT('',(675.,-1.593170040337E-13,101.));
#4871 = DIRECTION('',(0.,0.,-1.));
#4872 = DIRECTION('',(-1.,0.,0.));
#4873 = PCURVE('',#3322,#4874);
#4874 = DEFINITIONAL_REPRESENTATION('',(#4875),#4883);
#4875 = ( BOUNDED_CURVE() B_SPLINE_CURVE(2,(#4876,#4877,#4878,#4879,
#4880,#4881,#4882),.UNSPECIFIED.,.T.,.F.) B_SPLINE_CURVE_WITH_KNOTS((1,2
    ,2,2,2,1),(-2.094395102393,0.,2.094395102393,4.188790204786,
6.28318530718,8.377580409573),.UNSPECIFIED.) CURVE() 
GEOMETRIC_REPRESENTATION_ITEM() RATIONAL_B_SPLINE_CURVE((1.,0.5,1.,0.5,
1.,0.5,1.)) REPRESENTATION_ITEM('') );
#4876 = CARTESIAN_POINT('',(6.75,-5.55111512313E-16));
#4877 = CARTESIAN_POINT('',(6.75,-11.69134295109));
#4878 = CARTESIAN_POINT('',(-3.375,-5.845671475545));
#4879 = CARTESIAN_POINT('',(-13.5,-2.208384691162E-15));
#4880 = CARTESIAN_POINT('',(-3.375,5.845671475545));
#4881 = CARTESIAN_POINT('',(6.75,11.69134295109));
#4882 = CARTESIAN_POINT('',(6.75,-5.55111512313E-16));
#4883 = ( GEOMETRIC_REPRESENTATION_CONTEXT(2) 
PARAMETRIC_REPRESENTATION_CONTEXT() REPRESENTATION_CONTEXT('2D SPACE',''
  ) );
#4884 = PCURVE('',#3857,#4885);
#4885 = DEFINITIONAL_REPRESENTATION('',(#4886),#4890);
#4886 = LINE('',#4887,#4888);
#4887 = CARTESIAN_POINT('',(0.,8.));
#4888 = VECTOR('',#4889,1.);
#4889 = DIRECTION('',(1.,0.));
#4890 = ( GEOMETRIC_REPRESENTATION_CONTEXT(2) 
PARAMETRIC_REPRESENTATION_CONTEXT() REPRESENTATION_CONTEXT('2D SPACE',''
  ) );
#4891 = FACE_BOUND('',#4892,.T.);
#4892 = EDGE_LOOP('',(#4893));
#4893 = ORIENTED_EDGE('',*,*,#3307,.F.);
#4894 = ADVANCED_FACE('',(#4895,#4898),#3520,.T.);
#4895 = FACE_BOUND('',#4896,.T.);
#4896 = EDGE_LOOP('',(#4897));
#4897 = ORIENTED_EDGE('',*,*,#3505,.T.);
#4898 = FACE_BOUND('',#4899,.T.);
#4899 = EDGE_LOOP('',(#4900));
#4900 = ORIENTED_EDGE('',*,*,#4807,.F.);
#4901 = ADVANCED_FACE('',(#4902),#3583,.F.);
#4902 = FACE_BOUND('',#4903,.F.);
#4903 = EDGE_LOOP('',(#4904,#4925,#4926,#4927,#4928));
#4904 = ORIENTED_EDGE('',*,*,#4905,.T.);
#4905 = EDGE_CURVE('',#4835,#3559,#4906,.T.);
#4906 = SEAM_CURVE('',#4907,(#4911,#4918),.PCURVE_S1.);
#4907 = LINE('',#4908,#4909);
#4908 = CARTESIAN_POINT('',(670.04076027556,138.,70.9));
#4909 = VECTOR('',#4910,1.);
#4910 = DIRECTION('',(0.,0.,1.));
#4911 = PCURVE('',#3583,#4912);
#4912 = DEFINITIONAL_REPRESENTATION('',(#4913),#4917);
#4913 = LINE('',#4914,#4915);
#4914 = CARTESIAN_POINT('',(9.424777960769,0.));
#4915 = VECTOR('',#4916,1.);
#4916 = DIRECTION('',(0.,1.));
#4917 = ( GEOMETRIC_REPRESENTATION_CONTEXT(2) 
PARAMETRIC_REPRESENTATION_CONTEXT() REPRESENTATION_CONTEXT('2D SPACE',''
  ) );
#4918 = PCURVE('',#3583,#4919);
#4919 = DEFINITIONAL_REPRESENTATION('',(#4920),#4924);
#4920 = LINE('',#4921,#4922);
#4921 = CARTESIAN_POINT('',(3.14159265359,0.));
#4922 = VECTOR('',#4923,1.);
#4923 = DIRECTION('',(0.,1.));
#4924 = ( GEOMETRIC_REPRESENTATION_CONTEXT(2) 
PARAMETRIC_REPRESENTATION_CONTEXT() REPRESENTATION_CONTEXT('2D SPACE',''
  ) );
#4925 = ORIENTED_EDGE('',*,*,#3639,.T.);
#4926 = ORIENTED_EDGE('',*,*,#3558,.T.);
#4927 = ORIENTED_EDGE('',*,*,#4905,.F.);
#4928 = ORIENTED_EDGE('',*,*,#4834,.T.);
#4929 = ADVANCED_FACE('',(#4930),#3857,.F.);
#4930 = FACE_BOUND('',#4931,.F.);
#4931 = EDGE_LOOP('',(#4932,#4933,#4954,#4955,#4956,#4957));
#4932 = ORIENTED_EDGE('',*,*,#3749,.T.);
#4933 = ORIENTED_EDGE('',*,*,#4934,.T.);
#4934 = EDGE_CURVE('',#3752,#4865,#4935,.T.);
#4935 = SEAM_CURVE('',#4936,(#4940,#4947),.PCURVE_S1.);
#4936 = LINE('',#4937,#4938);
#4937 = CARTESIAN_POINT('',(681.75,-1.601436406231E-13,109.));
#4938 = VECTOR('',#4939,1.);
#4939 = DIRECTION('',(0.,0.,-1.));
#4940 = PCURVE('',#3857,#4941);
#4941 = DEFINITIONAL_REPRESENTATION('',(#4942),#4946);
#4942 = LINE('',#4943,#4944);
#4943 = CARTESIAN_POINT('',(9.424777960769,0.));
#4944 = VECTOR('',#4945,1.);
#4945 = DIRECTION('',(0.,1.));
#4946 = ( GEOMETRIC_REPRESENTATION_CONTEXT(2) 
PARAMETRIC_REPRESENTATION_CONTEXT() REPRESENTATION_CONTEXT('2D SPACE',''
  ) );
#4947 = PCURVE('',#3857,#4948);
#4948 = DEFINITIONAL_REPRESENTATION('',(#4949),#4953);
#4949 = LINE('',#4950,#4951);
#4950 = CARTESIAN_POINT('',(3.14159265359,0.));
#4951 = VECTOR('',#4952,1.);
#4952 = DIRECTION('',(0.,1.));
#4953 = ( GEOMETRIC_REPRESENTATION_CONTEXT(2) 
PARAMETRIC_REPRESENTATION_CONTEXT() REPRESENTATION_CONTEXT('2D SPACE',''
  ) );
#4954 = ORIENTED_EDGE('',*,*,#4864,.F.);
#4955 = ORIENTED_EDGE('',*,*,#4934,.F.);
#4956 = ORIENTED_EDGE('',*,*,#3935,.T.);
#4957 = ORIENTED_EDGE('',*,*,#4220,.T.);
#4958 = ADVANCED_FACE('',(#4959),#4528,.F.);
#4959 = FACE_BOUND('',#4960,.T.);
#4960 = EDGE_LOOP('',(#4961,#4962,#4985,#5007,#5008));
#4961 = ORIENTED_EDGE('',*,*,#4623,.T.);
#4962 = ORIENTED_EDGE('',*,*,#4963,.T.);
#4963 = EDGE_CURVE('',#4345,#4964,#4966,.T.);
#4964 = VERTEX_POINT('',#4965);
#4965 = CARTESIAN_POINT('',(667.83557200378,-32.70133864264,79.75));
#4966 = SEAM_CURVE('',#4967,(#4971,#4978),.PCURVE_S1.);
#4967 = LINE('',#4968,#4969);
#4968 = CARTESIAN_POINT('',(700.83557200378,-32.70133864264,79.75));
#4969 = VECTOR('',#4970,1.);
#4970 = DIRECTION('',(-1.,-9.992007221626E-16,-1.076579902667E-16));
#4971 = PCURVE('',#4528,#4972);
#4972 = DEFINITIONAL_REPRESENTATION('',(#4973),#4977);
#4973 = LINE('',#4974,#4975);
#4974 = CARTESIAN_POINT('',(-0.,0.));
#4975 = VECTOR('',#4976,1.);
#4976 = DIRECTION('',(-0.,1.));
#4977 = ( GEOMETRIC_REPRESENTATION_CONTEXT(2) 
PARAMETRIC_REPRESENTATION_CONTEXT() REPRESENTATION_CONTEXT('2D SPACE',''
  ) );
#4978 = PCURVE('',#4528,#4979);
#4979 = DEFINITIONAL_REPRESENTATION('',(#4980),#4984);
#4980 = LINE('',#4981,#4982);
#4981 = CARTESIAN_POINT('',(-6.28318530718,0.));
#4982 = VECTOR('',#4983,1.);
#4983 = DIRECTION('',(-0.,1.));
#4984 = ( GEOMETRIC_REPRESENTATION_CONTEXT(2) 
PARAMETRIC_REPRESENTATION_CONTEXT() REPRESENTATION_CONTEXT('2D SPACE',''
  ) );
#4985 = ORIENTED_EDGE('',*,*,#4986,.F.);
#4986 = EDGE_CURVE('',#4964,#4964,#4987,.T.);
#4987 = SURFACE_CURVE('',#4988,(#4993,#5000),.PCURVE_S1.);
#4988 = CIRCLE('',#4989,4.25);
#4989 = AXIS2_PLACEMENT_3D('',#4990,#4991,#4992);
#4990 = CARTESIAN_POINT('',(667.83557200378,-32.70133864264,84.));
#4991 = DIRECTION('',(1.,9.992007221626E-16,1.110223024625E-16));
#4992 = DIRECTION('',(1.110223024625E-16,1.109335647967E-31,-1.));
#4993 = PCURVE('',#4528,#4994);
#4994 = DEFINITIONAL_REPRESENTATION('',(#4995),#4999);
#4995 = LINE('',#4996,#4997);
#4996 = CARTESIAN_POINT('',(-0.,33.));
#4997 = VECTOR('',#4998,1.);
#4998 = DIRECTION('',(-1.,0.));
#4999 = ( GEOMETRIC_REPRESENTATION_CONTEXT(2) 
PARAMETRIC_REPRESENTATION_CONTEXT() REPRESENTATION_CONTEXT('2D SPACE',''
  ) );
#5000 = PCURVE('',#4767,#5001);
#5001 = DEFINITIONAL_REPRESENTATION('',(#5002),#5006);
#5002 = CIRCLE('',#5003,4.25);
#5003 = AXIS2_PLACEMENT_2D('',#5004,#5005);
#5004 = CARTESIAN_POINT('',(0.,0.));
#5005 = DIRECTION('',(1.,0.));
#5006 = ( GEOMETRIC_REPRESENTATION_CONTEXT(2) 
PARAMETRIC_REPRESENTATION_CONTEXT() REPRESENTATION_CONTEXT('2D SPACE',''
  ) );
#5007 = ORIENTED_EDGE('',*,*,#4963,.F.);
#5008 = ORIENTED_EDGE('',*,*,#4344,.T.);
#5009 = ADVANCED_FACE('',(#5010,#5013),#4767,.T.);
#5010 = FACE_BOUND('',#5011,.T.);
#5011 = EDGE_LOOP('',(#5012));
#5012 = ORIENTED_EDGE('',*,*,#4986,.T.);
#5013 = FACE_BOUND('',#5014,.T.);
#5014 = EDGE_LOOP('',(#5015));
#5015 = ORIENTED_EDGE('',*,*,#4752,.F.);
#5016 = ( GEOMETRIC_REPRESENTATION_CONTEXT(3) 
GLOBAL_UNCERTAINTY_ASSIGNED_CONTEXT((#5020)) 
GLOBAL_UNIT_ASSIGNED_CONTEXT((#5017,#5018,#5019)) REPRESENTATION_CONTEXT
('Context #1','3D Context with UNIT and UNCERTAINTY') );
#5017 = ( LENGTH_UNIT() NAMED_UNIT(*) SI_UNIT(.MILLI.,.METRE.) );
#5018 = ( NAMED_UNIT(*) PLANE_ANGLE_UNIT() SI_UNIT($,.RADIAN.) );
#5019 = ( NAMED_UNIT(*) SI_UNIT($,.STERADIAN.) SOLID_ANGLE_UNIT() );
#5020 = UNCERTAINTY_MEASURE_WITH_UNIT(LENGTH_MEASURE(1.E-03),#5017,
  'distance_accuracy_value','confusion accuracy');
#5021 = PRODUCT_RELATED_PRODUCT_CATEGORY('part',$,(#7));
#5022 = MECHANICAL_DESIGN_GEOMETRIC_PRESENTATION_REPRESENTATION('',(
    #5023),#5016);
#5023 = STYLED_ITEM('color',(#5024),#15);
#5024 = PRESENTATION_STYLE_ASSIGNMENT((#5025,#5031));
#5025 = SURFACE_STYLE_USAGE(.BOTH.,#5026);
#5026 = SURFACE_SIDE_STYLE('',(#5027));
#5027 = SURFACE_STYLE_FILL_AREA(#5028);
#5028 = FILL_AREA_STYLE('',(#5029));
#5029 = FILL_AREA_STYLE_COLOUR('',#5030);
#5030 = COLOUR_RGB('',0.447059003357,0.474510015008,0.501960993452);
#5031 = CURVE_STYLE('',#5032,POSITIVE_LENGTH_MEASURE(0.1),#5033);
#5032 = DRAUGHTING_PRE_DEFINED_CURVE_FONT('continuous');
#5033 = COLOUR_RGB('',9.803921802644E-02,9.803921802644E-02,
  9.803921802644E-02);
ENDSEC;
END-ISO-10303-21;
