ISO-10303-21;
HEADER;
FILE_DESCRIPTION(('FreeCAD Model'),'2;1');
FILE_NAME('Open CASCADE Shape Model','2026-09-17T22:15:36',(''),(''),
  'Open CASCADE STEP processor 7.8','FreeCAD','Unknown');
FILE_SCHEMA(('AUTOMOTIVE_DESIGN { 1 0 10303 214 1 1 1 1 }'));
ENDSEC;
DATA;
#1 = APPLICATION_PROTOCOL_DEFINITION('international standard',
  'automotive_design',2000,#2);
#2 = APPLICATION_CONTEXT(
  'core data for automotive mechanical design processes');
#3 = SHAPE_DEFINITION_REPRESENTATION(#4,#10);
#4 = PRODUCT_DEFINITION_SHAPE('','',#5);
#5 = PRODUCT_DEFINITION('design','',#6,#9);
#6 = PRODUCT_DEFINITION_FORMATION('','',#7);
#7 = PRODUCT('Cut001.1','Cut001.1','',(#8));
#8 = PRODUCT_CONTEXT('',#2,'mechanical');
#9 = PRODUCT_DEFINITION_CONTEXT('part definition',#2,'design');
#10 = ADVANCED_BREP_SHAPE_REPRESENTATION('',(#11,#15),#12129);
#11 = AXIS2_PLACEMENT_3D('',#12,#13,#14);
#12 = CARTESIAN_POINT('',(0.,0.,0.));
#13 = DIRECTION('',(0.,0.,1.));
#14 = DIRECTION('',(1.,0.,-0.));
#15 = MANIFOLD_SOLID_BREP('',#16);
#16 = CLOSED_SHELL('',(#17,#1231,#1366,#1415,#1464,#1513,#1563,#1612,
    #1719,#1749,#1799,#1922,#1999,#2752,#2778,#2805,#2811,#2836,#2863,
    #2869,#2894,#2920,#2945,#2951,#3083,#3721,#3748,#3803,#3858,#3913,
    #4040,#4114,#4168,#4458,#5159,#5708,#5736,#5763,#5769,#5877,#6134,
    #7244,#7250,#7301,#7326,#7381,#7436,#7491,#7546,#7605,#7635,#7665,
    #7691,#7698,#7757,#8333,#8537,#8796,#8824,#8875,#8947,#9019,#9114,
    #9472,#9526,#9604,#9631,#9919,#9949,#9979,#10009,#10048,#10083,
    #10087,#10866,#10873,#11108,#11137,#11165,#11261,#11331,#11378,
    #11445,#11495,#11523,#11551,#11826,#12013,#12064,#12115));
#17 = ADVANCED_FACE('',(#18),#34,.T.);
#18 = FACE_BOUND('',#19,.T.);
#19 = EDGE_LOOP('',(#20,#66,#95,#146,#229,#312,#341,#489,#512,#541,#570,
    #718,#741,#770,#799,#828,#874,#903,#937,#971,#1000,#1034,#1068,#1102
    ,#1131,#1165,#1199));
#20 = ORIENTED_EDGE('',*,*,#21,.F.);
#21 = EDGE_CURVE('',#22,#24,#26,.T.);
#22 = VERTEX_POINT('',#23);
#23 = CARTESIAN_POINT('',(487.07449300378,15.3711846965,-177.4270386453)
  );
#24 = VERTEX_POINT('',#25);
#25 = CARTESIAN_POINT('',(487.07449300378,40.987184908816,
    -176.8212869895));
#26 = SURFACE_CURVE('',#27,(#33,#52),.PCURVE_S1.);
#27 = B_SPLINE_CURVE_WITH_KNOTS('',4,(#28,#29,#30,#31,#32),
  .UNSPECIFIED.,.F.,.F.,(5,5),(0.,1.),.PIECEWISE_BEZIER_KNOTS.);
#28 = CARTESIAN_POINT('',(487.07449300378,15.3711846965,-177.4270386453)
  );
#29 = CARTESIAN_POINT('',(487.07449300378,21.777571837456,
    -177.4270386453));
#30 = CARTESIAN_POINT('',(487.07449300378,28.183959134953,
    -177.3260612222));
#31 = CARTESIAN_POINT('',(487.07449300378,34.587958599816,
    -177.1241063807));
#32 = CARTESIAN_POINT('',(487.07449300378,40.987184908816,
    -176.8212869895));
#33 = PCURVE('',#34,#44);
#34 = ( BOUNDED_SURFACE() B_SPLINE_SURFACE(2,2,(
    (#35,#36,#37)
    ,(#38,#39,#40)
    ,(#41,#42,#43
)),.UNSPECIFIED.,.F.,.F.,.F.) B_SPLINE_SURFACE_WITH_KNOTS((3,3),(3,3),(
    0.,0.114876605417),(-0.,0.270946850338),.PIECEWISE_BEZIER_KNOTS.) 
GEOMETRIC_REPRESENTATION_ITEM() RATIONAL_B_SPLINE_SURFACE((
    (1.,0.99083750172,1.)
    ,(0.99835087416,0.989203485993,0.99835087416)
,(1.,0.99083750172,1.))) REPRESENTATION_ITEM('') SURFACE() );
#35 = CARTESIAN_POINT('',(592.5015522016,15.3711846965,-183.));
#36 = CARTESIAN_POINT('',(592.5015522016,90.,-183.));
#37 = CARTESIAN_POINT('',(592.5015522016,161.90620011938,-163.0260555223
    ));
#38 = CARTESIAN_POINT('',(535.,15.3711846965,-183.));
#39 = CARTESIAN_POINT('',(535.,90.,-183.));
#40 = CARTESIAN_POINT('',(535.,161.90620011938,-163.0260555223));
#41 = CARTESIAN_POINT('',(477.87744421646,15.3711846965,-176.4089358711)
  );
#42 = CARTESIAN_POINT('',(477.87744421646,89.101582999951,
    -176.4089358711));
#43 = CARTESIAN_POINT('',(477.87744421646,160.14214224947,
    -156.6754471907));
#44 = DEFINITIONAL_REPRESENTATION('',(#45),#51);
#45 = B_SPLINE_CURVE_WITH_KNOTS('',4,(#46,#47,#48,#49,#50),
  .UNSPECIFIED.,.F.,.F.,(5,5),(0.,1.),.PIECEWISE_BEZIER_KNOTS.);
#46 = CARTESIAN_POINT('',(0.105619418158,0.));
#47 = CARTESIAN_POINT('',(0.105619418158,1.185773147645E-02));
#48 = CARTESIAN_POINT('',(0.105619418158,2.370278373539E-02));
#49 = CARTESIAN_POINT('',(0.105619418158,3.55373957202E-02));
#50 = CARTESIAN_POINT('',(0.105619418158,4.736378271318E-02));
#51 = ( GEOMETRIC_REPRESENTATION_CONTEXT(2) 
PARAMETRIC_REPRESENTATION_CONTEXT() REPRESENTATION_CONTEXT('2D SPACE',''
  ) );
#52 = PCURVE('',#53,#58);
#53 = PLANE('',#54);
#54 = AXIS2_PLACEMENT_3D('',#55,#56,#57);
#55 = CARTESIAN_POINT('',(487.07449300378,8.114203391999,-155.1298503775
    ));
#56 = DIRECTION('',(1.,0.,0.));
#57 = DIRECTION('',(0.,0.,1.));
#58 = DEFINITIONAL_REPRESENTATION('',(#59),#65);
#59 = B_SPLINE_CURVE_WITH_KNOTS('',4,(#60,#61,#62,#63,#64),
  .UNSPECIFIED.,.F.,.F.,(5,5),(0.,1.),.PIECEWISE_BEZIER_KNOTS.);
#60 = CARTESIAN_POINT('',(-22.29718826773,-7.256981304501));
#61 = CARTESIAN_POINT('',(-22.29718826773,-13.66336844545));
#62 = CARTESIAN_POINT('',(-22.19621084468,-20.06975574295));
#63 = CARTESIAN_POINT('',(-21.99425600311,-26.47375520781));
#64 = CARTESIAN_POINT('',(-21.69143661195,-32.87298151681));
#65 = ( GEOMETRIC_REPRESENTATION_CONTEXT(2) 
PARAMETRIC_REPRESENTATION_CONTEXT() REPRESENTATION_CONTEXT('2D SPACE',''
  ) );
#66 = ORIENTED_EDGE('',*,*,#67,.F.);
#67 = EDGE_CURVE('',#68,#22,#70,.T.);
#68 = VERTEX_POINT('',#69);
#69 = CARTESIAN_POINT('',(477.87744421647,15.3711846965,-176.4089358711)
  );
#70 = SURFACE_CURVE('',#71,(#76,#83),.PCURVE_S1.);
#71 = CIRCLE('',#72,1.E+03);
#72 = AXIS2_PLACEMENT_3D('',#73,#74,#75);
#73 = CARTESIAN_POINT('',(592.5015522016,15.3711846965,817.));
#74 = DIRECTION('',(0.,-1.,-2.E-17));
#75 = DIRECTION('',(-0.114624107985,1.986817871742E-17,-0.993408935871)
  );
#76 = PCURVE('',#34,#77);
#77 = DEFINITIONAL_REPRESENTATION('',(#78),#82);
#78 = LINE('',#79,#80);
#79 = CARTESIAN_POINT('',(0.114876605417,5.E-17));
#80 = VECTOR('',#81,1.);
#81 = DIRECTION('',(-1.,-1.4E-16));
#82 = ( GEOMETRIC_REPRESENTATION_CONTEXT(2) 
PARAMETRIC_REPRESENTATION_CONTEXT() REPRESENTATION_CONTEXT('2D SPACE',''
  ) );
#83 = PCURVE('',#84,#89);
#84 = CYLINDRICAL_SURFACE('',#85,1.E+03);
#85 = AXIS2_PLACEMENT_3D('',#86,#87,#88);
#86 = CARTESIAN_POINT('',(592.5015522016,126.25,817.));
#87 = DIRECTION('',(0.,-1.,0.));
#88 = DIRECTION('',(-5.740672490601E-02,-0.,-0.99835087416));
#89 = DEFINITIONAL_REPRESENTATION('',(#90),#94);
#90 = LINE('',#91,#92);
#91 = CARTESIAN_POINT('',(6.225747004471,110.8788153035));
#92 = VECTOR('',#93,1.);
#93 = DIRECTION('',(1.,0.));
#94 = ( GEOMETRIC_REPRESENTATION_CONTEXT(2) 
PARAMETRIC_REPRESENTATION_CONTEXT() REPRESENTATION_CONTEXT('2D SPACE',''
  ) );
#95 = ORIENTED_EDGE('',*,*,#96,.F.);
#96 = EDGE_CURVE('',#97,#68,#99,.T.);
#97 = VERTEX_POINT('',#98);
#98 = CARTESIAN_POINT('',(477.87744421647,93.153292921347,-170.787231816
    ));
#99 = SURFACE_CURVE('',#100,(#105,#134),.PCURVE_S1.);
#100 = CIRCLE('',#101,540.90893587113);
#101 = AXIS2_PLACEMENT_3D('',#102,#103,#104);
#102 = CARTESIAN_POINT('',(477.87744421647,15.3711846965,364.5));
#103 = DIRECTION('',(-1.,0.,0.));
#104 = DIRECTION('',(0.,0.135059413537,-0.99083750172));
#105 = PCURVE('',#34,#106);
#106 = DEFINITIONAL_REPRESENTATION('',(#107),#133);
#107 = B_SPLINE_CURVE_WITH_KNOTS('',3,(#108,#109,#110,#111,#112,#113,
    #114,#115,#116,#117,#118,#119,#120,#121,#122,#123,#124,#125,#126,
    #127,#128,#129,#130,#131,#132),.UNSPECIFIED.,.F.,.F.,(4,1,1,1,1,1,1,
    1,1,1,1,1,1,1,1,1,1,1,1,1,1,1,4),(6.274359584681,6.280918636848,
    6.287477689015,6.294036741182,6.300595793348,6.307154845515,
    6.313713897682,6.320272949848,6.326832002015,6.333391054182,
    6.339950106348,6.346509158515,6.353068210682,6.359627262849,
    6.366186315015,6.372745367182,6.379304419349,6.385863471515,
    6.392422523682,6.398981575849,6.405540628015,6.412099680182,
    6.418658732349),.QUASI_UNIFORM_KNOTS.);
#108 = CARTESIAN_POINT('',(0.114876605417,0.144285702495));
#109 = CARTESIAN_POINT('',(0.114876605417,0.142102654135));
#110 = CARTESIAN_POINT('',(0.114876605417,0.137736620602));
#111 = CARTESIAN_POINT('',(0.114876605417,0.131187618985));
#112 = CARTESIAN_POINT('',(0.114876605417,0.124638525178));
#113 = CARTESIAN_POINT('',(0.114876605417,0.1180891983));
#114 = CARTESIAN_POINT('',(0.114876605417,0.11153949745));
#115 = CARTESIAN_POINT('',(0.114876605417,0.104989281695));
#116 = CARTESIAN_POINT('',(0.114876605417,9.843841005765E-02));
#117 = CARTESIAN_POINT('',(0.114876605417,9.188674150463E-02));
#118 = CARTESIAN_POINT('',(0.114876605417,8.533413493335E-02));
#119 = CARTESIAN_POINT('',(0.114876605417,7.878044916067E-02));
#120 = CARTESIAN_POINT('',(0.114876605417,7.222554291052E-02));
#121 = CARTESIAN_POINT('',(0.114876605417,6.566927480168E-02));
#122 = CARTESIAN_POINT('',(0.114876605417,5.911150333558E-02));
#123 = CARTESIAN_POINT('',(0.114876605417,5.255208688405E-02));
#124 = CARTESIAN_POINT('',(0.114876605417,4.59908836771E-02));
#125 = CARTESIAN_POINT('',(0.114876605417,3.942775179055E-02));
#126 = CARTESIAN_POINT('',(0.114876605417,3.28625491339E-02));
#127 = CARTESIAN_POINT('',(0.114876605417,2.62951334374E-02));
#128 = CARTESIAN_POINT('',(0.114876605417,1.972536224184E-02));
#129 = CARTESIAN_POINT('',(0.114876605417,1.315309287804E-02));
#130 = CARTESIAN_POINT('',(0.114876605417,6.578182484615E-03));
#131 = CARTESIAN_POINT('',(0.114876605417,2.193052750043E-03));
#132 = CARTESIAN_POINT('',(0.114876605417,-0.));
#133 = ( GEOMETRIC_REPRESENTATION_CONTEXT(2) 
PARAMETRIC_REPRESENTATION_CONTEXT() REPRESENTATION_CONTEXT('2D SPACE',''
  ) );
#134 = PCURVE('',#135,#140);
#135 = CONICAL_SURFACE('',#136,540.,0.114876605417);
#136 = AXIS2_PLACEMENT_3D('',#137,#138,#139);
#137 = CARTESIAN_POINT('',(470.,15.3711846965,364.5));
#138 = DIRECTION('',(1.,0.,0.));
#139 = DIRECTION('',(0.,0.135059413537,-0.99083750172));
#140 = DEFINITIONAL_REPRESENTATION('',(#141),#145);
#141 = LINE('',#142,#143);
#142 = CARTESIAN_POINT('',(6.28318530718,7.87744421647));
#143 = VECTOR('',#144,1.);
#144 = DIRECTION('',(-1.,0.));
#145 = ( GEOMETRIC_REPRESENTATION_CONTEXT(2) 
PARAMETRIC_REPRESENTATION_CONTEXT() REPRESENTATION_CONTEXT('2D SPACE',''
  ) );
#146 = ORIENTED_EDGE('',*,*,#147,.T.);
#147 = EDGE_CURVE('',#97,#148,#150,.T.);
#148 = VERTEX_POINT('',#149);
#149 = CARTESIAN_POINT('',(480.03611931176,94.302331149447,
    -170.8683763291));
#150 = SURFACE_CURVE('',#151,(#162,#191),.PCURVE_S1.);
#151 = B_SPLINE_CURVE_WITH_KNOTS('',3,(#152,#153,#154,#155,#156,#157,
    #158,#159,#160,#161),.UNSPECIFIED.,.F.,.F.,(4,3,3,4),(0.,
    8.649067444433E-02,0.127839093184,0.251212495233),.UNSPECIFIED.);
#152 = CARTESIAN_POINT('',(477.87744421646,93.153292921347,
    -170.787231816));
#153 = CARTESIAN_POINT('',(478.15999738301,93.204597622658,
    -170.8127214607));
#154 = CARTESIAN_POINT('',(478.43647232377,93.280433252895,
    -170.8338118737));
#155 = CARTESIAN_POINT('',(478.7023261323,93.385851653745,
    -170.8492221142));
#156 = CARTESIAN_POINT('',(478.82942231543,93.436248811695,
    -170.8565892562));
#157 = CARTESIAN_POINT('',(478.9540901187,93.493407084801,
    -170.8626581192));
#158 = CARTESIAN_POINT('',(479.07582994825,93.557875784684,
    -170.8672884628));
#159 = CARTESIAN_POINT('',(479.43907133437,93.750234357823,
    -170.8811042571));
#160 = CARTESIAN_POINT('',(479.75912952933,93.998610414898,
    -170.8814653181));
#161 = CARTESIAN_POINT('',(480.03611931176,94.302331149447,
    -170.8683763291));
#162 = PCURVE('',#34,#163);
#163 = DEFINITIONAL_REPRESENTATION('',(#164),#190);
#164 = B_SPLINE_CURVE_WITH_KNOTS('',3,(#165,#166,#167,#168,#169,#170,
    #171,#172,#173,#174,#175,#176,#177,#178,#179,#180,#181,#182,#183,
    #184,#185,#186,#187,#188,#189),.UNSPECIFIED.,.F.,.F.,(4,1,1,1,1,1,1,
    1,1,1,1,1,1,1,1,1,1,1,1,1,1,1,4),(0.,1.141874978331E-02,
    2.283749956662E-02,3.425624934993E-02,4.567499913324E-02,
    5.709374891656E-02,6.851249869987E-02,7.993124848318E-02,
    9.134999826649E-02,0.10276874805,0.114187497833,0.125606247616,
    0.1370249974,0.148443747183,0.159862496966,0.17128124675,
    0.182699996533,0.194118746316,0.2055374961,0.216956245883,
    0.228374995666,0.23979374545,0.251212495233),.QUASI_UNIFORM_KNOTS.);
#165 = CARTESIAN_POINT('',(0.114876605417,0.144285702495));
#166 = CARTESIAN_POINT('',(0.114839033771,0.144297182599));
#167 = CARTESIAN_POINT('',(0.114764104487,0.144321745127));
#168 = CARTESIAN_POINT('',(0.114652415737,0.144363527659));
#169 = CARTESIAN_POINT('',(0.114541495318,0.144410380711));
#170 = CARTESIAN_POINT('',(0.114431406379,0.144462436055));
#171 = CARTESIAN_POINT('',(0.114322212039,0.144519825481));
#172 = CARTESIAN_POINT('',(0.114213975507,0.144582680689));
#173 = CARTESIAN_POINT('',(0.114106759611,0.144651133718));
#174 = CARTESIAN_POINT('',(0.114000628562,0.144725315331));
#175 = CARTESIAN_POINT('',(0.113895641639,0.144805361015));
#176 = CARTESIAN_POINT('',(0.113791879163,0.144891387132));
#177 = CARTESIAN_POINT('',(0.113689341975,0.144983579887));
#178 = CARTESIAN_POINT('',(0.113588327399,0.145081865134));
#179 = CARTESIAN_POINT('',(0.113489712782,0.145185434165));
#180 = CARTESIAN_POINT('',(0.113393289617,0.145294470422));
#181 = CARTESIAN_POINT('',(0.113299112987,0.145408917128));
#182 = CARTESIAN_POINT('',(0.113207167339,0.145528781895));
#183 = CARTESIAN_POINT('',(0.113117456042,0.145654055101));
#184 = CARTESIAN_POINT('',(0.11302997739,0.145784731765));
#185 = CARTESIAN_POINT('',(0.11294473103,0.145920805681));
#186 = CARTESIAN_POINT('',(0.112861716239,0.146062270996));
#187 = CARTESIAN_POINT('',(0.112780932391,0.146209121778));
#188 = CARTESIAN_POINT('',(0.112728563346,0.14631060869));
#189 = CARTESIAN_POINT('',(0.112702750428,0.146362247761));
#190 = ( GEOMETRIC_REPRESENTATION_CONTEXT(2) 
PARAMETRIC_REPRESENTATION_CONTEXT() REPRESENTATION_CONTEXT('2D SPACE',''
  ) );
#191 = PCURVE('',#192,#201);
#192 = B_SPLINE_SURFACE_WITH_KNOTS('',3,1,(
    (#193,#194)
    ,(#195,#196)
    ,(#197,#198)
    ,(#199,#200
  )),.UNSPECIFIED.,.F.,.F.,.F.,(4,4),(2,2),(0.,1.),(0.,8.2),
  .PIECEWISE_BEZIER_KNOTS.);
#193 = CARTESIAN_POINT('',(471.13890045011,93.06587152813,
    -235.9529985308));
#194 = CARTESIAN_POINT('',(478.28567135542,93.06587152813,
    -154.2650332873));
#195 = CARTESIAN_POINT('',(472.48985711501,93.06587152813,
    -236.0711919239));
#196 = CARTESIAN_POINT('',(479.63662802032,93.06587152813,
    -154.3832266803));
#197 = CARTESIAN_POINT('',(473.56267553853,93.464729468094,
    -236.165051374));
#198 = CARTESIAN_POINT('',(480.70944644384,93.464729468094,
    -154.4770861304));
#199 = CARTESIAN_POINT('',(474.3176219188,94.302331149447,
    -236.2311006238));
#200 = CARTESIAN_POINT('',(481.46439282411,94.302331149447,
    -154.5431353803));
#201 = DEFINITIONAL_REPRESENTATION('',(#202),#228);
#202 = B_SPLINE_CURVE_WITH_KNOTS('',3,(#203,#204,#205,#206,#207,#208,
    #209,#210,#211,#212,#213,#214,#215,#216,#217,#218,#219,#220,#221,
    #222,#223,#224,#225,#226,#227),.UNSPECIFIED.,.F.,.F.,(4,1,1,1,1,1,1,
    1,1,1,1,1,1,1,1,1,1,1,1,1,1,1,4),(0.,1.141874978331E-02,
    2.283749956662E-02,3.425624934993E-02,4.567499913324E-02,
    5.709374891656E-02,6.851249869987E-02,7.993124848318E-02,
    9.134999826649E-02,0.10276874805,0.114187497833,0.125606247616,
    0.1370249974,0.148443747183,0.159862496966,0.17128124675,
    0.182699996533,0.194118746316,0.2055374961,0.216956245883,
    0.228374995666,0.23979374545,0.251212495233),.QUASI_UNIFORM_KNOTS.);
#203 = CARTESIAN_POINT('',(0.269091541801,6.55050940853));
#204 = CARTESIAN_POINT('',(0.279469997303,6.55049928874));
#205 = CARTESIAN_POINT('',(0.30032046459,6.550492479844));
#206 = CARTESIAN_POINT('',(0.331873792258,6.55052377374));
#207 = CARTESIAN_POINT('',(0.363701692136,6.550597790072));
#208 = CARTESIAN_POINT('',(0.39580115313,6.550715744002));
#209 = CARTESIAN_POINT('',(0.428169200875,6.550878850821));
#210 = CARTESIAN_POINT('',(0.460802858571,6.551088325341));
#211 = CARTESIAN_POINT('',(0.493699301246,6.551345384158));
#212 = CARTESIAN_POINT('',(0.526855270222,6.551651237214));
#213 = CARTESIAN_POINT('',(0.56026918073,6.552007119277));
#214 = CARTESIAN_POINT('',(0.593932506163,6.552414172473));
#215 = CARTESIAN_POINT('',(0.62786288636,6.552873884667));
#216 = CARTESIAN_POINT('',(0.66198045602,6.553386453405));
#217 = CARTESIAN_POINT('',(0.695993695321,6.553947815407));
#218 = CARTESIAN_POINT('',(0.72997185064,6.554558931376));
#219 = CARTESIAN_POINT('',(0.763896639646,6.555219547112));
#220 = CARTESIAN_POINT('',(0.79777322552,6.555929733948));
#221 = CARTESIAN_POINT('',(0.83160048157,6.556689475991));
#222 = CARTESIAN_POINT('',(0.865378959027,6.557498780719));
#223 = CARTESIAN_POINT('',(0.899108752517,6.558357649348));
#224 = CARTESIAN_POINT('',(0.932790072456,6.559266084771));
#225 = CARTESIAN_POINT('',(0.966423092737,6.560224089435));
#226 = CARTESIAN_POINT('',(0.988813024865,6.56089580708));
#227 = CARTESIAN_POINT('',(1.,6.561239928292));
#228 = ( GEOMETRIC_REPRESENTATION_CONTEXT(2) 
PARAMETRIC_REPRESENTATION_CONTEXT() REPRESENTATION_CONTEXT('2D SPACE',''
  ) );
#229 = ORIENTED_EDGE('',*,*,#230,.T.);
#230 = EDGE_CURVE('',#148,#231,#233,.T.);
#231 = VERTEX_POINT('',#232);
#232 = CARTESIAN_POINT('',(481.14383971925,97.174108406337,
    -170.5633049162));
#233 = SURFACE_CURVE('',#234,(#245,#274),.PCURVE_S1.);
#234 = B_SPLINE_CURVE_WITH_KNOTS('',3,(#235,#236,#237,#238,#239,#240,
    #241,#242,#243,#244),.UNSPECIFIED.,.F.,.F.,(4,3,3,4),(0.,
    0.155858779073,0.25115089254,0.32016517031),.UNSPECIFIED.);
#235 = CARTESIAN_POINT('',(480.03611931176,94.302331149447,
    -170.8683763291));
#236 = CARTESIAN_POINT('',(480.39466276994,94.678031458891,
    -170.8540054632));
#237 = CARTESIAN_POINT('',(480.66916886296,95.105865882165,
    -170.8217642875));
#238 = CARTESIAN_POINT('',(480.85528137863,95.588215173986,
    -170.7706211749));
#239 = CARTESIAN_POINT('',(480.96907063751,95.883123704133,
    -170.7393522575));
#240 = CARTESIAN_POINT('',(481.04552292232,96.187290476946,
    -170.7021870192));
#241 = CARTESIAN_POINT('',(481.09106738994,96.49639378127,-170.6604944)
  );
#242 = CARTESIAN_POINT('',(481.12405247574,96.720258490826,
    -170.6302989736));
#243 = CARTESIAN_POINT('',(481.14082799918,96.94671125112,
    -170.5977290341));
#244 = CARTESIAN_POINT('',(481.14383971925,97.174108406337,
    -170.5633049162));
#245 = PCURVE('',#34,#246);
#246 = DEFINITIONAL_REPRESENTATION('',(#247),#273);
#247 = B_SPLINE_CURVE_WITH_KNOTS('',3,(#248,#249,#250,#251,#252,#253,
    #254,#255,#256,#257,#258,#259,#260,#261,#262,#263,#264,#265,#266,
    #267,#268,#269,#270,#271,#272),.UNSPECIFIED.,.F.,.F.,(4,1,1,1,1,1,1,
    1,1,1,1,1,1,1,1,1,1,1,1,1,1,1,4),(0.,1.455296228681E-02,
    2.910592457363E-02,4.365888686044E-02,5.821184914726E-02,
    7.276481143407E-02,8.731777372088E-02,0.101870736008,0.116423698295,
    0.130976660581,0.145529622868,0.160082585155,0.174635547442,
    0.189188509729,0.203741472015,0.218294434302,0.232847396589,
    0.247400358876,0.261953321163,0.276506283449,0.291059245736,
    0.305612208023,0.32016517031),.QUASI_UNIFORM_KNOTS.);
#248 = CARTESIAN_POINT('',(0.112702750428,0.146362247761));
#249 = CARTESIAN_POINT('',(0.112669042018,0.146426643974));
#250 = CARTESIAN_POINT('',(0.112603101069,0.146557177004));
#251 = CARTESIAN_POINT('',(0.112508638558,0.146758221228));
#252 = CARTESIAN_POINT('',(0.112418646248,0.146964533012));
#253 = CARTESIAN_POINT('',(0.112333145441,0.147176135199));
#254 = CARTESIAN_POINT('',(0.112252157373,0.147393050969));
#255 = CARTESIAN_POINT('',(0.112175703497,0.147615302389));
#256 = CARTESIAN_POINT('',(0.112103804441,0.147842915849));
#257 = CARTESIAN_POINT('',(0.112036483884,0.148075901758));
#258 = CARTESIAN_POINT('',(0.111973754102,0.148314330337));
#259 = CARTESIAN_POINT('',(0.111915669896,0.148558048744));
#260 = CARTESIAN_POINT('',(0.111862127353,0.148807736799));
#261 = CARTESIAN_POINT('',(0.111813763881,0.1490602333));
#262 = CARTESIAN_POINT('',(0.111770493519,0.149315013707));
#263 = CARTESIAN_POINT('',(0.111732163778,0.149571995731));
#264 = CARTESIAN_POINT('',(0.111698640016,0.149830978567));
#265 = CARTESIAN_POINT('',(0.111669782815,0.150091793145));
#266 = CARTESIAN_POINT('',(0.111645454081,0.150354261898));
#267 = CARTESIAN_POINT('',(0.111625515287,0.150618209417));
#268 = CARTESIAN_POINT('',(0.111609827305,0.15088345892));
#269 = CARTESIAN_POINT('',(0.111598251714,0.151149834523));
#270 = CARTESIAN_POINT('',(0.111590649951,0.151417160107));
#271 = CARTESIAN_POINT('',(0.11158813899,0.151595893085));
#272 = CARTESIAN_POINT('',(0.111587499644,0.151685359205));
#273 = ( GEOMETRIC_REPRESENTATION_CONTEXT(2) 
PARAMETRIC_REPRESENTATION_CONTEXT() REPRESENTATION_CONTEXT('2D SPACE',''
  ) );
#274 = PCURVE('',#275,#284);
#275 = B_SPLINE_SURFACE_WITH_KNOTS('',3,1,(
    (#276,#277)
    ,(#278,#279)
    ,(#280,#281)
    ,(#282,#283
  )),.UNSPECIFIED.,.F.,.F.,.F.,(4,4),(2,2),(0.,1.),(0.,8.2),
  .PIECEWISE_BEZIER_KNOTS.);
#276 = CARTESIAN_POINT('',(474.3176219188,94.302331149447,
    -236.2311006238));
#277 = CARTESIAN_POINT('',(481.46439282411,94.302331149447,
    -154.5431353803));
#278 = CARTESIAN_POINT('',(475.03283423815,95.060161302242,
    -236.2936735938));
#279 = CARTESIAN_POINT('',(482.17960514346,95.060161302242,
    -154.6057083502));
#280 = CARTESIAN_POINT('',(475.39044039783,96.017420387872,
    -236.3249600787));
#281 = CARTESIAN_POINT('',(482.53721130314,96.017420387872,
    -154.6369948352));
#282 = CARTESIAN_POINT('',(475.39044039783,97.174108406337,
    -236.3249600787));
#283 = CARTESIAN_POINT('',(482.53721130314,97.174108406337,
    -154.6369948352));
#284 = DEFINITIONAL_REPRESENTATION('',(#285),#311);
#285 = B_SPLINE_CURVE_WITH_KNOTS('',3,(#286,#287,#288,#289,#290,#291,
    #292,#293,#294,#295,#296,#297,#298,#299,#300,#301,#302,#303,#304,
    #305,#306,#307,#308,#309,#310),.UNSPECIFIED.,.F.,.F.,(4,1,1,1,1,1,1,
    1,1,1,1,1,1,1,1,1,1,1,1,1,1,1,4),(0.,1.455296228681E-02,
    2.910592457363E-02,4.365888686044E-02,5.821184914726E-02,
    7.276481143407E-02,8.731777372088E-02,0.101870736008,0.116423698295,
    0.130976660581,0.145529622868,0.160082585155,0.174635547442,
    0.189188509729,0.203741472015,0.218294434302,0.232847396589,
    0.247400358876,0.261953321163,0.276506283449,0.291059245736,
    0.305612208023,0.32016517031),.QUASI_UNIFORM_KNOTS.);
#286 = CARTESIAN_POINT('',(0.,6.561239928292));
#287 = CARTESIAN_POINT('',(1.543009298473E-02,6.56166538403));
#288 = CARTESIAN_POINT('',(4.631419072657E-02,6.562534565882));
#289 = CARTESIAN_POINT('',(9.271196350556E-02,6.563893466269));
#290 = CARTESIAN_POINT('',(0.139181258881,6.565307810924));
#291 = CARTESIAN_POINT('',(0.185721953749,6.566777915882));
#292 = CARTESIAN_POINT('',(0.232333979936,6.568304099497));
#293 = CARTESIAN_POINT('',(0.279017055091,6.569886671471));
#294 = CARTESIAN_POINT('',(0.325771689211,6.571525973791));
#295 = CARTESIAN_POINT('',(0.372595432963,6.57322222796));
#296 = CARTESIAN_POINT('',(0.41949688362,6.574976105129));
#297 = CARTESIAN_POINT('',(0.46644341889,6.576786598346));
#298 = CARTESIAN_POINT('',(0.513556261319,6.578658963423));
#299 = CARTESIAN_POINT('',(0.560245424569,6.58056958998));
#300 = CARTESIAN_POINT('',(0.606444451049,6.582514099438));
#301 = CARTESIAN_POINT('',(0.652165670561,6.584491488003));
#302 = CARTESIAN_POINT('',(0.69740031401,6.586499847611));
#303 = CARTESIAN_POINT('',(0.742145287069,6.588537512496));
#304 = CARTESIAN_POINT('',(0.786396003248,6.590602751969));
#305 = CARTESIAN_POINT('',(0.830148289737,6.592693852737));
#306 = CARTESIAN_POINT('',(0.873397771206,6.594809096846));
#307 = CARTESIAN_POINT('',(0.91614019048,6.596946767589));
#308 = CARTESIAN_POINT('',(0.958371257492,6.599105147926));
#309 = CARTESIAN_POINT('',(0.986181526731,6.600556729914));
#310 = CARTESIAN_POINT('',(1.,6.601285400187));
#311 = ( GEOMETRIC_REPRESENTATION_CONTEXT(2) 
PARAMETRIC_REPRESENTATION_CONTEXT() REPRESENTATION_CONTEXT('2D SPACE',''
  ) );
#312 = ORIENTED_EDGE('',*,*,#313,.T.);
#313 = EDGE_CURVE('',#231,#314,#316,.T.);
#314 = VERTEX_POINT('',#315);
#315 = CARTESIAN_POINT('',(481.20187378174,101.44188819307,
    -169.8999725466));
#316 = SURFACE_CURVE('',#317,(#322,#328),.PCURVE_S1.);
#317 = B_SPLINE_CURVE_WITH_KNOTS('',3,(#318,#319,#320,#321),
  .UNSPECIFIED.,.F.,.F.,(4,4),(169.49113168279,169.88847848958),
  .PIECEWISE_BEZIER_KNOTS.);
#318 = CARTESIAN_POINT('',(481.14383971925,97.174108406337,
    -170.5633049162));
#319 = CARTESIAN_POINT('',(481.16267994798,98.596622554566,
    -170.3479601164));
#320 = CARTESIAN_POINT('',(481.18202519885,100.01930473814,
    -170.1268428872));
#321 = CARTESIAN_POINT('',(481.20187378174,101.44188819307,
    -169.8999725466));
#322 = PCURVE('',#34,#323);
#323 = DEFINITIONAL_REPRESENTATION('',(#324),#327);
#324 = B_SPLINE_CURVE_WITH_KNOTS('',1,(#325,#326),.UNSPECIFIED.,.F.,.F.,
  (2,2),(169.49113168279,169.88847848958),.PIECEWISE_BEZIER_KNOTS.);
#325 = CARTESIAN_POINT('',(0.111587499644,0.151685359205));
#326 = CARTESIAN_POINT('',(0.111529075847,0.159653211507));
#327 = ( GEOMETRIC_REPRESENTATION_CONTEXT(2) 
PARAMETRIC_REPRESENTATION_CONTEXT() REPRESENTATION_CONTEXT('2D SPACE',''
  ) );
#328 = PCURVE('',#329,#334);
#329 = PLANE('',#330);
#330 = AXIS2_PLACEMENT_3D('',#331,#332,#333);
#331 = CARTESIAN_POINT('',(475.39044039783,97.174108406337,
    -236.3249600787));
#332 = DIRECTION('',(0.996194698092,0.,-8.715574274766E-02));
#333 = DIRECTION('',(0.,1.,0.));
#334 = DEFINITIONAL_REPRESENTATION('',(#335),#340);
#335 = B_SPLINE_CURVE_WITH_KNOTS('',3,(#336,#337,#338,#339),
  .UNSPECIFIED.,.F.,.F.,(4,4),(169.49113168279,169.88847848958),
  .PIECEWISE_BEZIER_KNOTS.);
#336 = CARTESIAN_POINT('',(0.,66.012854001866));
#337 = CARTESIAN_POINT('',(1.422514148228,66.229021383774));
#338 = CARTESIAN_POINT('',(2.845196331804,66.45098324485));
#339 = CARTESIAN_POINT('',(4.267779786738,66.678720193298));
#340 = ( GEOMETRIC_REPRESENTATION_CONTEXT(2) 
PARAMETRIC_REPRESENTATION_CONTEXT() REPRESENTATION_CONTEXT('2D SPACE',''
  ) );
#341 = ORIENTED_EDGE('',*,*,#342,.T.);
#342 = EDGE_CURVE('',#314,#343,#345,.T.);
#343 = VERTEX_POINT('',#344);
#344 = CARTESIAN_POINT('',(477.87744421647,104.8375461472,
    -168.9587585502));
#345 = SURFACE_CURVE('',#346,(#378,#429),.PCURVE_S1.);
#346 = B_SPLINE_CURVE_WITH_KNOTS('',3,(#347,#348,#349,#350,#351,#352,
    #353,#354,#355,#356,#357,#358,#359,#360,#361,#362,#363,#364,#365,
    #366,#367,#368,#369,#370,#371,#372,#373,#374,#375,#376,#377),
  .UNSPECIFIED.,.F.,.F.,(4,3,3,3,3,3,3,3,3,3,4),(0.,6.229931422043E-02,
    0.125098816288,0.152059850292,0.254698553994,0.262938162907,
    0.348926168374,0.372645179594,0.427809172599,0.499724882061,
    0.544196985289),.UNSPECIFIED.);
#347 = CARTESIAN_POINT('',(481.20187378174,101.44188819307,
    -169.8999725466));
#348 = CARTESIAN_POINT('',(481.2047347884,101.64694166038,
    -169.8672710908));
#349 = CARTESIAN_POINT('',(481.19633941381,101.85321306122,
    -169.8329692562));
#350 = CARTESIAN_POINT('',(481.17321492338,102.05728103298,
    -169.797235349));
#351 = CARTESIAN_POINT('',(481.14990477137,102.26298742277,
    -169.7612145418));
#352 = CARTESIAN_POINT('',(481.11162356413,102.46645142591,
    -169.7237381825));
#353 = CARTESIAN_POINT('',(481.05481584601,102.66414942735,
    -169.6849788033));
#354 = CARTESIAN_POINT('',(481.0304272001,102.74902498151,
    -169.6683386564));
#355 = CARTESIAN_POINT('',(481.00262425774,102.83283784118,
    -169.6514620662));
#356 = CARTESIAN_POINT('',(480.97112886261,102.91531049914,
    -169.6343629641));
#357 = CARTESIAN_POINT('',(480.85122817452,103.2292779346,
    -169.5692679206));
#358 = CARTESIAN_POINT('',(480.68209703452,103.51261407607,
    -169.5032898997));
#359 = CARTESIAN_POINT('',(480.45774408362,103.75994864611,
    -169.4367040506));
#360 = CARTESIAN_POINT('',(480.4397335232,103.77980412026,
    -169.4313586854));
#361 = CARTESIAN_POINT('',(480.42136709648,103.79942755654,
    -169.4260094041));
#362 = CARTESIAN_POINT('',(480.40264171111,103.81881616432,
    -169.4206563496));
#363 = CARTESIAN_POINT('',(480.20722484649,104.0211543735,
    -169.3647922328));
#364 = CARTESIAN_POINT('',(479.98292702605,104.18734002635,
    -169.3114398534));
#365 = CARTESIAN_POINT('',(479.7377573342,104.32301183375,
    -169.2606209024));
#366 = CARTESIAN_POINT('',(479.6701294989,104.36043567099,
    -169.2466029558));
#367 = CARTESIAN_POINT('',(479.60091336511,104.39553799003,
    -169.2327777562));
#368 = CARTESIAN_POINT('',(479.53027627208,104.42843737767,
    -169.2191456926));
#369 = CARTESIAN_POINT('',(479.36599353409,104.50495243863,
    -169.1874412065));
#370 = CARTESIAN_POINT('',(479.19480782545,104.5691818977,
    -169.1569327637));
#371 = CARTESIAN_POINT('',(479.01937715497,104.62283570913,
    -169.1276430903));
#372 = CARTESIAN_POINT('',(478.79067324066,104.69278263835,
    -169.0894589862));
#373 = CARTESIAN_POINT('',(478.55475897394,104.74475815668,
    -169.0533466203));
#374 = CARTESIAN_POINT('',(478.31756292565,104.78261189758,
    -169.0193597847));
#375 = CARTESIAN_POINT('',(478.17088277435,104.80602035013,
    -168.9983425957));
#376 = CARTESIAN_POINT('',(478.02371306051,104.82402964174,
    -168.9781382807));
#377 = CARTESIAN_POINT('',(477.87744421646,104.8375461472,
    -168.9587585502));
#378 = PCURVE('',#34,#379);
#379 = DEFINITIONAL_REPRESENTATION('',(#380),#428);
#380 = B_SPLINE_CURVE_WITH_KNOTS('',3,(#381,#382,#383,#384,#385,#386,
    #387,#388,#389,#390,#391,#392,#393,#394,#395,#396,#397,#398,#399,
    #400,#401,#402,#403,#404,#405,#406,#407,#408,#409,#410,#411,#412,
    #413,#414,#415,#416,#417,#418,#419,#420,#421,#422,#423,#424,#425,
    #426,#427),.UNSPECIFIED.,.F.,.F.,(4,1,1,1,1,1,1,1,1,1,1,1,1,1,1,1,1,
    1,1,1,1,1,1,1,1,1,1,1,1,1,1,1,1,1,1,1,1,1,1,1,1,1,1,1,4),(0.,
    1.236811330202E-02,2.473622660404E-02,3.710433990606E-02,
    4.947245320808E-02,6.18405665101E-02,7.420867981212E-02,
    8.657679311414E-02,9.894490641616E-02,0.111313019718,0.12368113302,
    0.136049246322,0.148417359624,0.160785472926,0.173153586228,
    0.18552169953,0.197889812832,0.210257926134,0.222626039436,
    0.234994152738,0.24736226604,0.259730379342,0.272098492644,
    0.284466605946,0.296834719248,0.309202832551,0.321570945853,
    0.333939059155,0.346307172457,0.358675285759,0.371043399061,
    0.383411512363,0.395779625665,0.408147738967,0.420515852269,
    0.432883965571,0.445252078873,0.457620192175,0.469988305477,
    0.482356418779,0.494724532081,0.507092645383,0.519460758685,
    0.531828871987,0.544196985289),.UNSPECIFIED.);
#381 = CARTESIAN_POINT('',(0.111529075847,0.159653211507));
#382 = CARTESIAN_POINT('',(0.111528504049,0.159729263694));
#383 = CARTESIAN_POINT('',(0.111528253753,0.159881580089));
#384 = CARTESIAN_POINT('',(0.111530722289,0.160110396306));
#385 = CARTESIAN_POINT('',(0.111536198859,0.160339259715));
#386 = CARTESIAN_POINT('',(0.111544847596,0.160567875853));
#387 = CARTESIAN_POINT('',(0.111556832446,0.160795950527));
#388 = CARTESIAN_POINT('',(0.111572318124,0.161023188635));
#389 = CARTESIAN_POINT('',(0.111591469456,0.161249293172));
#390 = CARTESIAN_POINT('',(0.111614450384,0.161473968766));
#391 = CARTESIAN_POINT('',(0.111641424917,0.161696918307));
#392 = CARTESIAN_POINT('',(0.111672557784,0.161917850114));
#393 = CARTESIAN_POINT('',(0.11170801086,0.162136452592));
#394 = CARTESIAN_POINT('',(0.111747954284,0.162352489688));
#395 = CARTESIAN_POINT('',(0.111792520094,0.162565448569));
#396 = CARTESIAN_POINT('',(0.11184138796,0.162773170877));
#397 = CARTESIAN_POINT('',(0.111894698644,0.162975974712));
#398 = CARTESIAN_POINT('',(0.111952494812,0.163173643913));
#399 = CARTESIAN_POINT('',(0.112014845713,0.163366106135));
#400 = CARTESIAN_POINT('',(0.112081812374,0.163553247892));
#401 = CARTESIAN_POINT('',(0.112153462138,0.16373497629));
#402 = CARTESIAN_POINT('',(0.112229845323,0.163911157058));
#403 = CARTESIAN_POINT('',(0.112311074032,0.16408180066));
#404 = CARTESIAN_POINT('',(0.112397030184,0.164246379485));
#405 = CARTESIAN_POINT('',(0.112486269004,0.164402372511));
#406 = CARTESIAN_POINT('',(0.112578927249,0.164550550796));
#407 = CARTESIAN_POINT('',(0.112674785896,0.164690939719));
#408 = CARTESIAN_POINT('',(0.112773721369,0.164823764554));
#409 = CARTESIAN_POINT('',(0.112875583973,0.164949196487));
#410 = CARTESIAN_POINT('',(0.11298023294,0.165067422997));
#411 = CARTESIAN_POINT('',(0.11308751782,0.16517862033));
#412 = CARTESIAN_POINT('',(0.113197318764,0.165282994697));
#413 = CARTESIAN_POINT('',(0.11330940619,0.165380646494));
#414 = CARTESIAN_POINT('',(0.113423393342,0.165471591554));
#415 = CARTESIAN_POINT('',(0.113539151344,0.165556088508));
#416 = CARTESIAN_POINT('',(0.113656485312,0.165634333999));
#417 = CARTESIAN_POINT('',(0.113775218315,0.165706540765));
#418 = CARTESIAN_POINT('',(0.113895167066,0.16577291977));
#419 = CARTESIAN_POINT('',(0.114016149555,0.165833684611));
#420 = CARTESIAN_POINT('',(0.114137983563,0.165889048149));
#421 = CARTESIAN_POINT('',(0.114260486899,0.165939223457));
#422 = CARTESIAN_POINT('',(0.114383477401,0.165984423543));
#423 = CARTESIAN_POINT('',(0.114506772706,0.166024861529));
#424 = CARTESIAN_POINT('',(0.114630191178,0.166060751033));
#425 = CARTESIAN_POINT('',(0.114753552279,0.166092303989));
#426 = CARTESIAN_POINT('',(0.114835634245,0.166110589778));
#427 = CARTESIAN_POINT('',(0.114876605417,0.166119080657));
#428 = ( GEOMETRIC_REPRESENTATION_CONTEXT(2) 
PARAMETRIC_REPRESENTATION_CONTEXT() REPRESENTATION_CONTEXT('2D SPACE',''
  ) );
#429 = PCURVE('',#430,#439);
#430 = B_SPLINE_SURFACE_WITH_KNOTS('',3,1,(
    (#431,#432)
    ,(#433,#434)
    ,(#435,#436)
    ,(#437,#438
  )),.UNSPECIFIED.,.F.,.F.,.F.,(4,4),(2,2),(0.,1.),(0.,8.2),
  .PIECEWISE_BEZIER_KNOTS.);
#431 = CARTESIAN_POINT('',(475.39044039783,101.44188819307,
    -236.3249600787));
#432 = CARTESIAN_POINT('',(482.53721130314,101.44188819307,
    -154.6369948352));
#433 = CARTESIAN_POINT('',(475.39044039783,103.71537835428,
    -236.3249600787));
#434 = CARTESIAN_POINT('',(482.53721130314,103.71537835428,
    -154.6369948352));
#435 = CARTESIAN_POINT('',(473.99974972752,104.87206696709,
    -236.2032904106));
#436 = CARTESIAN_POINT('',(481.14652063283,104.87206696709,
    -154.5153251671));
#437 = CARTESIAN_POINT('',(471.21836864595,104.87206696709,
    -235.959951097));
#438 = CARTESIAN_POINT('',(478.36513955126,104.87206696709,
    -154.2719858535));
#439 = DEFINITIONAL_REPRESENTATION('',(#440),#488);
#440 = B_SPLINE_CURVE_WITH_KNOTS('',3,(#441,#442,#443,#444,#445,#446,
    #447,#448,#449,#450,#451,#452,#453,#454,#455,#456,#457,#458,#459,
    #460,#461,#462,#463,#464,#465,#466,#467,#468,#469,#470,#471,#472,
    #473,#474,#475,#476,#477,#478,#479,#480,#481,#482,#483,#484,#485,
    #486,#487),.UNSPECIFIED.,.F.,.F.,(4,1,1,1,1,1,1,1,1,1,1,1,1,1,1,1,1,
    1,1,1,1,1,1,1,1,1,1,1,1,1,1,1,1,1,1,1,1,1,1,1,1,1,1,1,4),(0.,
    1.236811330202E-02,2.473622660404E-02,3.710433990606E-02,
    4.947245320808E-02,6.18405665101E-02,7.420867981212E-02,
    8.657679311414E-02,9.894490641616E-02,0.111313019718,0.12368113302,
    0.136049246322,0.148417359624,0.160785472926,0.173153586228,
    0.18552169953,0.197889812832,0.210257926134,0.222626039436,
    0.234994152738,0.24736226604,0.259730379342,0.272098492644,
    0.284466605946,0.296834719248,0.309202832551,0.321570945853,
    0.333939059155,0.346307172457,0.358675285759,0.371043399061,
    0.383411512363,0.395779625665,0.408147738967,0.420515852269,
    0.432883965571,0.445252078873,0.457620192175,0.469988305477,
    0.482356418779,0.494724532081,0.507092645383,0.519460758685,
    0.531828871987,0.544196985289),.UNSPECIFIED.);
#441 = CARTESIAN_POINT('',(0.,6.66787201933));
#442 = CARTESIAN_POINT('',(5.968613433919E-03,6.668523712321));
#443 = CARTESIAN_POINT('',(1.802488873835E-02,6.669831932163));
#444 = CARTESIAN_POINT('',(3.646207593598E-02,6.671806555413));
#445 = CARTESIAN_POINT('',(5.524763990431E-02,6.673791264045));
#446 = CARTESIAN_POINT('',(7.437727557821E-02,6.675783849975));
#447 = CARTESIAN_POINT('',(9.38467416695E-02,6.67778210505));
#448 = CARTESIAN_POINT('',(0.11365177034,6.679783821369));
#449 = CARTESIAN_POINT('',(0.133787958363,6.681786790098));
#450 = CARTESIAN_POINT('',(0.154251038345,6.683788805878));
#451 = CARTESIAN_POINT('',(0.175036583163,6.685787650381));
#452 = CARTESIAN_POINT('',(0.196140679047,6.687781153689));
#453 = CARTESIAN_POINT('',(0.217557513457,6.689766965201));
#454 = CARTESIAN_POINT('',(0.23928835074,6.691743408647));
#455 = CARTESIAN_POINT('',(0.261308066503,6.693706291112));
#456 = CARTESIAN_POINT('',(0.283409038815,6.695635801233));
#457 = CARTESIAN_POINT('',(0.305633066681,6.697534988126));
#458 = CARTESIAN_POINT('',(0.327968314138,6.699401973371));
#459 = CARTESIAN_POINT('',(0.350417420967,6.701236205651));
#460 = CARTESIAN_POINT('',(0.37297883345,6.703036752772));
#461 = CARTESIAN_POINT('',(0.395653372427,6.704802878947));
#462 = CARTESIAN_POINT('',(0.418436629225,6.706533443639));
#463 = CARTESIAN_POINT('',(0.441342809603,6.708228728904));
#464 = CARTESIAN_POINT('',(0.464316918015,6.70988373117));
#465 = CARTESIAN_POINT('',(0.486992603961,6.711472703762));
#466 = CARTESIAN_POINT('',(0.509447049636,6.713002710542));
#467 = CARTESIAN_POINT('',(0.531657231509,6.714473389772));
#468 = CARTESIAN_POINT('',(0.553626973226,6.715886370929));
#469 = CARTESIAN_POINT('',(0.575352778227,6.717242744233));
#470 = CARTESIAN_POINT('',(0.596833455018,6.718543765719));
#471 = CARTESIAN_POINT('',(0.618065783902,6.719790567415));
#472 = CARTESIAN_POINT('',(0.639052419453,6.720984611558));
#473 = CARTESIAN_POINT('',(0.659774969207,6.722126163562));
#474 = CARTESIAN_POINT('',(0.680190004481,6.723214421862));
#475 = CARTESIAN_POINT('',(0.700303102368,6.724251359751));
#476 = CARTESIAN_POINT('',(0.720107357563,6.725238240689));
#477 = CARTESIAN_POINT('',(0.739599300138,6.726176518335));
#478 = CARTESIAN_POINT('',(0.758774433191,6.727067595385));
#479 = CARTESIAN_POINT('',(0.77762855327,6.727912888189));
#480 = CARTESIAN_POINT('',(0.796157405874,6.72871380944));
#481 = CARTESIAN_POINT('',(0.814356744659,6.729471772809));
#482 = CARTESIAN_POINT('',(0.832222309837,6.730188191707));
#483 = CARTESIAN_POINT('',(0.849749789608,6.730864479614));
#484 = CARTESIAN_POINT('',(0.86693493392,6.731502049991));
#485 = CARTESIAN_POINT('',(0.88377356934,6.732102316304));
#486 = CARTESIAN_POINT('',(0.894765448812,6.732478566781));
#487 = CARTESIAN_POINT('',(0.900202207669,6.73266094583));
#488 = ( GEOMETRIC_REPRESENTATION_CONTEXT(2) 
PARAMETRIC_REPRESENTATION_CONTEXT() REPRESENTATION_CONTEXT('2D SPACE',''
  ) );
#489 = ORIENTED_EDGE('',*,*,#490,.F.);
#490 = EDGE_CURVE('',#491,#343,#493,.T.);
#491 = VERTEX_POINT('',#492);
#492 = CARTESIAN_POINT('',(477.87744421647,106.4276131484,
    -168.6896508211));
#493 = SURFACE_CURVE('',#494,(#499,#505),.PCURVE_S1.);
#494 = CIRCLE('',#495,540.90893587113);
#495 = AXIS2_PLACEMENT_3D('',#496,#497,#498);
#496 = CARTESIAN_POINT('',(477.87744421647,15.3711846965,364.5));
#497 = DIRECTION('',(-1.,0.,0.));
#498 = DIRECTION('',(0.,0.135059413537,-0.99083750172));
#499 = PCURVE('',#34,#500);
#500 = DEFINITIONAL_REPRESENTATION('',(#501),#504);
#501 = B_SPLINE_CURVE_WITH_KNOTS('',1,(#502,#503),.UNSPECIFIED.,.F.,.F.,
  (2,2),(6.249513680083,6.252495104532),.PIECEWISE_BEZIER_KNOTS.);
#502 = CARTESIAN_POINT('',(0.114876605417,0.169096715262));
#503 = CARTESIAN_POINT('',(0.114876605417,0.166119080657));
#504 = ( GEOMETRIC_REPRESENTATION_CONTEXT(2) 
PARAMETRIC_REPRESENTATION_CONTEXT() REPRESENTATION_CONTEXT('2D SPACE',''
  ) );
#505 = PCURVE('',#135,#506);
#506 = DEFINITIONAL_REPRESENTATION('',(#507),#511);
#507 = LINE('',#508,#509);
#508 = CARTESIAN_POINT('',(6.28318530718,7.87744421647));
#509 = VECTOR('',#510,1.);
#510 = DIRECTION('',(-1.,0.));
#511 = ( GEOMETRIC_REPRESENTATION_CONTEXT(2) 
PARAMETRIC_REPRESENTATION_CONTEXT() REPRESENTATION_CONTEXT('2D SPACE',''
  ) );
#512 = ORIENTED_EDGE('',*,*,#513,.T.);
#513 = EDGE_CURVE('',#491,#514,#516,.T.);
#514 = VERTEX_POINT('',#515);
#515 = CARTESIAN_POINT('',(481.27350638287,106.4276131484,
    -169.0812081692));
#516 = SURFACE_CURVE('',#517,(#522,#528),.PCURVE_S1.);
#517 = B_SPLINE_CURVE_WITH_KNOTS('',3,(#518,#519,#520,#521),
  .UNSPECIFIED.,.F.,.F.,(4,4),(290.39262926358,290.70562125368),
  .PIECEWISE_BEZIER_KNOTS.);
#518 = CARTESIAN_POINT('',(477.87744421647,106.4276131484,
    -168.6896508211));
#519 = CARTESIAN_POINT('',(479.00963617227,106.4276131484,
    -168.8221796672));
#520 = CARTESIAN_POINT('',(480.14168301112,106.4276131484,
    -168.9527003322));
#521 = CARTESIAN_POINT('',(481.27350638287,106.4276131484,
    -169.0812081692));
#522 = PCURVE('',#34,#523);
#523 = DEFINITIONAL_REPRESENTATION('',(#524),#527);
#524 = B_SPLINE_CURVE_WITH_KNOTS('',1,(#525,#526),.UNSPECIFIED.,.F.,.F.,
  (2,2),(290.39262926358,290.70562125368),.PIECEWISE_BEZIER_KNOTS.);
#525 = CARTESIAN_POINT('',(0.114876605417,0.169096715262));
#526 = CARTESIAN_POINT('',(0.111456962844,0.168975095088));
#527 = ( GEOMETRIC_REPRESENTATION_CONTEXT(2) 
PARAMETRIC_REPRESENTATION_CONTEXT() REPRESENTATION_CONTEXT('2D SPACE',''
  ) );
#528 = PCURVE('',#529,#534);
#529 = PLANE('',#530);
#530 = AXIS2_PLACEMENT_3D('',#531,#532,#533);
#531 = CARTESIAN_POINT('',(469.74820998333,106.4276131484,
    -235.8313288805));
#532 = DIRECTION('',(0.,-1.,0.));
#533 = DIRECTION('',(0.996194698092,0.,-8.715574274766E-02));
#534 = DEFINITIONAL_REPRESENTATION('',(#535),#540);
#535 = B_SPLINE_CURVE_WITH_KNOTS('',3,(#536,#537,#538,#539),
  .UNSPECIFIED.,.F.,.F.,(4,4),(290.39262926358,290.70562125368),
  .PIECEWISE_BEZIER_KNOTS.);
#536 = CARTESIAN_POINT('',(2.24651722201,67.594693151238));
#537 = CARTESIAN_POINT('',(3.385951495618,67.561345648288));
#538 = CARTESIAN_POINT('',(4.525066179968,67.529986036937));
#539 = CARTESIAN_POINT('',(5.663782818064,67.50061211768));
#540 = ( GEOMETRIC_REPRESENTATION_CONTEXT(2) 
PARAMETRIC_REPRESENTATION_CONTEXT() REPRESENTATION_CONTEXT('2D SPACE',''
  ) );
#541 = ORIENTED_EDGE('',*,*,#542,.T.);
#542 = EDGE_CURVE('',#514,#543,#545,.T.);
#543 = VERTEX_POINT('',#544);
#544 = CARTESIAN_POINT('',(481.31057515222,108.90053268821,
    -168.6575101967));
#545 = SURFACE_CURVE('',#546,(#551,#557),.PCURVE_S1.);
#546 = B_SPLINE_CURVE_WITH_KNOTS('',3,(#547,#548,#549,#550),
  .UNSPECIFIED.,.F.,.F.,(4,4),(170.35273718118,170.58309743994),
  .PIECEWISE_BEZIER_KNOTS.);
#547 = CARTESIAN_POINT('',(481.27350638287,106.4276131484,
    -169.0812081692));
#548 = CARTESIAN_POINT('',(481.28569424807,107.25205220332,
    -168.9419002324));
#549 = CARTESIAN_POINT('',(481.29805070888,108.07637741488,
    -168.8006652391));
#550 = CARTESIAN_POINT('',(481.31057515222,108.90053268821,
    -168.6575101967));
#551 = PCURVE('',#34,#552);
#552 = DEFINITIONAL_REPRESENTATION('',(#553),#556);
#553 = B_SPLINE_CURVE_WITH_KNOTS('',1,(#554,#555),.UNSPECIFIED.,.F.,.F.,
  (2,2),(170.35273718118,170.58309743994),.PIECEWISE_BEZIER_KNOTS.);
#554 = CARTESIAN_POINT('',(0.111456962844,0.168975095088));
#555 = CARTESIAN_POINT('',(0.111419645757,0.173604571378));
#556 = ( GEOMETRIC_REPRESENTATION_CONTEXT(2) 
PARAMETRIC_REPRESENTATION_CONTEXT() REPRESENTATION_CONTEXT('2D SPACE',''
  ) );
#557 = PCURVE('',#558,#563);
#558 = PLANE('',#559);
#559 = AXIS2_PLACEMENT_3D('',#560,#561,#562);
#560 = CARTESIAN_POINT('',(475.39044039783,106.4276131484,
    -236.3249600787));
#561 = DIRECTION('',(0.996194698092,0.,-8.715574274766E-02));
#562 = DIRECTION('',(0.,1.,0.));
#563 = DEFINITIONAL_REPRESENTATION('',(#564),#569);
#564 = B_SPLINE_CURVE_WITH_KNOTS('',3,(#565,#566,#567,#568),
  .UNSPECIFIED.,.F.,.F.,(4,4),(170.35273718118,170.58309743994),
  .PIECEWISE_BEZIER_KNOTS.);
#565 = CARTESIAN_POINT('',(0.,67.500612117681));
#566 = CARTESIAN_POINT('',(0.824439054923,67.640452188079));
#567 = CARTESIAN_POINT('',(1.648764266481,67.782226676121));
#568 = CARTESIAN_POINT('',(2.472919539806,67.925928547567));
#569 = ( GEOMETRIC_REPRESENTATION_CONTEXT(2) 
PARAMETRIC_REPRESENTATION_CONTEXT() REPRESENTATION_CONTEXT('2D SPACE',''
  ) );
#570 = ORIENTED_EDGE('',*,*,#571,.T.);
#571 = EDGE_CURVE('',#543,#572,#574,.T.);
#572 = VERTEX_POINT('',#573);
#573 = CARTESIAN_POINT('',(477.87744421647,112.73069165691,
    -167.5748098807));
#574 = SURFACE_CURVE('',#575,(#607,#658),.PCURVE_S1.);
#575 = B_SPLINE_CURVE_WITH_KNOTS('',3,(#576,#577,#578,#579,#580,#581,
    #582,#583,#584,#585,#586,#587,#588,#589,#590,#591,#592,#593,#594,
    #595,#596,#597,#598,#599,#600,#601,#602,#603,#604,#605,#606),
  .UNSPECIFIED.,.F.,.F.,(4,3,3,3,3,3,3,3,3,3,4),(0.,7.904990069094E-02,
    0.136732966125,0.174647347615,0.269126218228,0.300082717752,
    0.380161922957,0.423257677037,0.480420500984,0.55649531223,
    0.586569267596),.UNSPECIFIED.);
#576 = CARTESIAN_POINT('',(481.31057515222,108.90053268821,
    -168.6575101967));
#577 = CARTESIAN_POINT('',(481.31451996185,109.16011593458,
    -168.6124208163));
#578 = CARTESIAN_POINT('',(481.30310256503,109.42193050697,
    -168.5649944502));
#579 = CARTESIAN_POINT('',(481.27069704977,109.68024992865,
    -168.5156058211));
#580 = CARTESIAN_POINT('',(481.24705060062,109.86874676386,
    -168.4795667179));
#581 = CARTESIAN_POINT('',(481.21222540819,110.05538091186,
    -168.4424824888));
#582 = CARTESIAN_POINT('',(481.16403715677,110.23794961565,
    -168.4044988703));
#583 = CARTESIAN_POINT('',(481.13236360174,110.35794981729,
    -168.3795326972));
#584 = CARTESIAN_POINT('',(481.09491700505,110.47619414686,
    -168.3541779777));
#585 = CARTESIAN_POINT('',(481.05108434199,110.59206771515,
    -168.3284767304));
#586 = CARTESIAN_POINT('',(480.94185770187,110.88081313141,
    -168.2644317762));
#587 = CARTESIAN_POINT('',(480.79600252106,111.14685391262,
    -168.2000127636));
#588 = CARTESIAN_POINT('',(480.60932570699,111.38678111849,
    -168.135402043));
#589 = CARTESIAN_POINT('',(480.54816006573,111.46539453106,
    -168.1142320002));
#590 = CARTESIAN_POINT('',(480.48261173952,111.5412048183,
    -168.0930413622));
#591 = CARTESIAN_POINT('',(480.41253286009,111.61409325856,
    -168.0718365111));
#592 = CARTESIAN_POINT('',(480.23125070441,111.8026432708,
    -168.0169831638));
#593 = CARTESIAN_POINT('',(480.02766736258,111.96329858487,
    -167.9644613248));
#594 = CARTESIAN_POINT('',(479.8067693742,112.09976523474,
    -167.9142033972));
#595 = CARTESIAN_POINT('',(479.68789000521,112.1732066877,
    -167.8871563843));
#596 = CARTESIAN_POINT('',(479.56399717303,112.23964259449,
    -167.8607651533));
#597 = CARTESIAN_POINT('',(479.43587341598,112.29964812427,
    -167.8350196334));
#598 = CARTESIAN_POINT('',(479.26592823403,112.37924031631,
    -167.800870408));
#599 = CARTESIAN_POINT('',(479.08948465793,112.44707134863,
    -167.7680467173));
#600 = CARTESIAN_POINT('',(478.90898679063,112.50471713412,
    -167.7365484139));
#601 = CARTESIAN_POINT('',(478.66877225544,112.58143469192,
    -167.6946290803));
#602 = CARTESIAN_POINT('',(478.42137860151,112.64011566342,
    -167.6550573435));
#603 = CARTESIAN_POINT('',(478.17266445753,112.68450985993,
    -167.6178413938));
#604 = CARTESIAN_POINT('',(478.07434258275,112.70205980929,
    -167.6031291547));
#605 = CARTESIAN_POINT('',(477.97581497842,112.71737702331,
    -167.5887851302));
#606 = CARTESIAN_POINT('',(477.87744421646,112.73069165691,
    -167.5748098807));
#607 = PCURVE('',#34,#608);
#608 = DEFINITIONAL_REPRESENTATION('',(#609),#657);
#609 = B_SPLINE_CURVE_WITH_KNOTS('',3,(#610,#611,#612,#613,#614,#615,
    #616,#617,#618,#619,#620,#621,#622,#623,#624,#625,#626,#627,#628,
    #629,#630,#631,#632,#633,#634,#635,#636,#637,#638,#639,#640,#641,
    #642,#643,#644,#645,#646,#647,#648,#649,#650,#651,#652,#653,#654,
    #655,#656),.UNSPECIFIED.,.F.,.F.,(4,1,1,1,1,1,1,1,1,1,1,1,1,1,1,1,1,
    1,1,1,1,1,1,1,1,1,1,1,1,1,1,1,1,1,1,1,1,1,1,1,1,1,1,1,4),(0.,
    1.33311197181E-02,2.66622394362E-02,3.99933591543E-02,
    5.33244788724E-02,6.66555985905E-02,7.99867183086E-02,
    9.33178380267E-02,0.106648957745,0.119980077463,0.133311197181,
    0.146642316899,0.159973436617,0.173304556335,0.186635676053,
    0.199966795772,0.21329791549,0.226629035208,0.239960154926,
    0.253291274644,0.266622394362,0.27995351408,0.293284633798,
    0.306615753516,0.319946873234,0.333277992953,0.346609112671,
    0.359940232389,0.373271352107,0.386602471825,0.399933591543,
    0.413264711261,0.426595830979,0.439926950697,0.453258070415,
    0.466589190134,0.479920309852,0.49325142957,0.506582549288,
    0.519913669006,0.533244788724,0.546575908442,0.55990702816,
    0.573238147878,0.586569267596),.UNSPECIFIED.);
#610 = CARTESIAN_POINT('',(0.111419645757,0.173604571378));
#611 = CARTESIAN_POINT('',(0.111418976044,0.173686559742));
#612 = CARTESIAN_POINT('',(0.1114185163,0.173850809835));
#613 = CARTESIAN_POINT('',(0.111420628675,0.174097702602));
#614 = CARTESIAN_POINT('',(0.111425705983,0.174344810517));
#615 = CARTESIAN_POINT('',(0.111433911173,0.174591831149));
#616 = CARTESIAN_POINT('',(0.111445407282,0.174838462044));
#617 = CARTESIAN_POINT('',(0.111460357095,0.175084400937));
#618 = CARTESIAN_POINT('',(0.111478924455,0.175329344963));
#619 = CARTESIAN_POINT('',(0.111501272694,0.175572994146));
#620 = CARTESIAN_POINT('',(0.111527564805,0.175815050271));
#621 = CARTESIAN_POINT('',(0.111557962926,0.176055210063));
#622 = CARTESIAN_POINT('',(0.11159263306,0.176293188812));
#623 = CARTESIAN_POINT('',(0.111631725702,0.17652863585));
#624 = CARTESIAN_POINT('',(0.111675442162,0.176761465714));
#625 = CARTESIAN_POINT('',(0.111723792886,0.176990604936));
#626 = CARTESIAN_POINT('',(0.111776552632,0.177214434082));
#627 = CARTESIAN_POINT('',(0.111833869178,0.177433239209));
#628 = CARTESIAN_POINT('',(0.111895793384,0.177646810647));
#629 = CARTESIAN_POINT('',(0.111962401775,0.177855071036));
#630 = CARTESIAN_POINT('',(0.112033765143,0.178057909361));
#631 = CARTESIAN_POINT('',(0.112109951571,0.17825521677));
#632 = CARTESIAN_POINT('',(0.112191045719,0.178446909256));
#633 = CARTESIAN_POINT('',(0.112277069084,0.178632803164));
#634 = CARTESIAN_POINT('',(0.112368280214,0.178813093858));
#635 = CARTESIAN_POINT('',(0.112463060646,0.178984682327));
#636 = CARTESIAN_POINT('',(0.112561395026,0.17914807104));
#637 = CARTESIAN_POINT('',(0.112663111503,0.179303362155));
#638 = CARTESIAN_POINT('',(0.112768080028,0.179450764958));
#639 = CARTESIAN_POINT('',(0.11287615972,0.179590460354));
#640 = CARTESIAN_POINT('',(0.112987211117,0.179722635471));
#641 = CARTESIAN_POINT('',(0.113101099203,0.179847480663));
#642 = CARTESIAN_POINT('',(0.113217664353,0.179965164594));
#643 = CARTESIAN_POINT('',(0.113336840669,0.18007593704));
#644 = CARTESIAN_POINT('',(0.113458153114,0.180179691572));
#645 = CARTESIAN_POINT('',(0.113581356684,0.180276599692));
#646 = CARTESIAN_POINT('',(0.113706279668,0.18036689114));
#647 = CARTESIAN_POINT('',(0.113832730727,0.180450779888));
#648 = CARTESIAN_POINT('',(0.113960523644,0.180528484726));
#649 = CARTESIAN_POINT('',(0.114089467552,0.18060022545));
#650 = CARTESIAN_POINT('',(0.114219372122,0.180666221331));
#651 = CARTESIAN_POINT('',(0.114350046884,0.1807266918));
#652 = CARTESIAN_POINT('',(0.114481301329,0.180781856228));
#653 = CARTESIAN_POINT('',(0.114612945172,0.180831934125));
#654 = CARTESIAN_POINT('',(0.114744787049,0.180877144544));
#655 = CARTESIAN_POINT('',(0.114832686393,0.180904185055));
#656 = CARTESIAN_POINT('',(0.114876605417,0.180916966732));
#657 = ( GEOMETRIC_REPRESENTATION_CONTEXT(2) 
PARAMETRIC_REPRESENTATION_CONTEXT() REPRESENTATION_CONTEXT('2D SPACE',''
  ) );
#658 = PCURVE('',#659,#668);
#659 = B_SPLINE_SURFACE_WITH_KNOTS('',3,1,(
    (#660,#661)
    ,(#662,#663)
    ,(#664,#665)
    ,(#666,#667
  )),.UNSPECIFIED.,.F.,.F.,.F.,(4,4),(2,2),(0.,1.),(0.,8.2),
  .PIECEWISE_BEZIER_KNOTS.);
#660 = CARTESIAN_POINT('',(475.39044039783,108.90053268821,
    -236.3249600787));
#661 = CARTESIAN_POINT('',(482.53721130314,108.90053268821,
    -154.6369948352));
#662 = CARTESIAN_POINT('',(475.39044039783,111.5329945422,
    -236.3249600787));
#663 = CARTESIAN_POINT('',(482.53721130314,111.5329945422,
    -154.6369948352));
#664 = CARTESIAN_POINT('',(473.80107968199,112.80934018782,
    -236.1859090338));
#665 = CARTESIAN_POINT('',(480.94785058729,112.80934018782,
    -154.4979437903));
#666 = CARTESIAN_POINT('',(470.62235836132,112.80934018782,
    -235.9078069538));
#667 = CARTESIAN_POINT('',(477.76912926663,112.80934018782,
    -154.2198417103));
#668 = DEFINITIONAL_REPRESENTATION('',(#669),#717);
#669 = B_SPLINE_CURVE_WITH_KNOTS('',3,(#670,#671,#672,#673,#674,#675,
    #676,#677,#678,#679,#680,#681,#682,#683,#684,#685,#686,#687,#688,
    #689,#690,#691,#692,#693,#694,#695,#696,#697,#698,#699,#700,#701,
    #702,#703,#704,#705,#706,#707,#708,#709,#710,#711,#712,#713,#714,
    #715,#716),.UNSPECIFIED.,.F.,.F.,(4,1,1,1,1,1,1,1,1,1,1,1,1,1,1,1,1,
    1,1,1,1,1,1,1,1,1,1,1,1,1,1,1,1,1,1,1,1,1,1,1,1,1,1,1,4),(0.,
    1.33311197181E-02,2.66622394362E-02,3.99933591543E-02,
    5.33244788724E-02,6.66555985905E-02,7.99867183086E-02,
    9.33178380267E-02,0.106648957745,0.119980077463,0.133311197181,
    0.146642316899,0.159973436617,0.173304556335,0.186635676053,
    0.199966795772,0.21329791549,0.226629035208,0.239960154926,
    0.253291274644,0.266622394362,0.27995351408,0.293284633798,
    0.306615753516,0.319946873234,0.333277992953,0.346609112671,
    0.359940232389,0.373271352107,0.386602471825,0.399933591543,
    0.413264711261,0.426595830979,0.439926950697,0.453258070415,
    0.466589190134,0.479920309852,0.49325142957,0.506582549288,
    0.519913669006,0.533244788724,0.546575908442,0.55990702816,
    0.573238147878,0.586569267596),.UNSPECIFIED.);
#670 = CARTESIAN_POINT('',(0.,6.792592854757));
#671 = CARTESIAN_POINT('',(5.543177342727E-03,6.793356154896));
#672 = CARTESIAN_POINT('',(1.674056860365E-02,6.79488838169));
#673 = CARTESIAN_POINT('',(3.386578221546E-02,6.797201116157));
#674 = CARTESIAN_POINT('',(5.131613433005E-02,6.799525759635));
#675 = CARTESIAN_POINT('',(6.908765497054E-02,6.801859826839));
#676 = CARTESIAN_POINT('',(8.717635975937E-02,6.804200832557));
#677 = CARTESIAN_POINT('',(0.105578243385,6.806546291312));
#678 = CARTESIAN_POINT('',(0.124289224779,6.808893718605));
#679 = CARTESIAN_POINT('',(0.143305384447,6.811240626292));
#680 = CARTESIAN_POINT('',(0.162622877162,6.813584539834));
#681 = CARTESIAN_POINT('',(0.182237331607,6.815922933914));
#682 = CARTESIAN_POINT('',(0.202145950742,6.818253472727));
#683 = CARTESIAN_POINT('',(0.222339895712,6.820573113194));
#684 = CARTESIAN_POINT('',(0.242833687317,6.822881451821));
#685 = CARTESIAN_POINT('',(0.263554240473,6.825168234045));
#686 = CARTESIAN_POINT('',(0.284366650592,6.827417425367));
#687 = CARTESIAN_POINT('',(0.305305248669,6.829632005353));
#688 = CARTESIAN_POINT('',(0.326360330443,6.831810007478));
#689 = CARTESIAN_POINT('',(0.347533901206,6.833950785135));
#690 = CARTESIAN_POINT('',(0.368825045372,6.836053358132));
#691 = CARTESIAN_POINT('',(0.390232697922,6.838116760699));
#692 = CARTESIAN_POINT('',(0.411759192103,6.840140302967));
#693 = CARTESIAN_POINT('',(0.433393499222,6.842122177038));
#694 = CARTESIAN_POINT('',(0.45517501358,6.844064771235));
#695 = CARTESIAN_POINT('',(0.47672350862,6.845934488099));
#696 = CARTESIAN_POINT('',(0.498071377795,6.847736035508));
#697 = CARTESIAN_POINT('',(0.519207423765,6.849469914032));
#698 = CARTESIAN_POINT('',(0.540132163328,6.851137750311));
#699 = CARTESIAN_POINT('',(0.560843092089,6.85274087402));
#700 = CARTESIAN_POINT('',(0.581338328576,6.854280676618));
#701 = CARTESIAN_POINT('',(0.601616671765,6.855758599394));
#702 = CARTESIAN_POINT('',(0.621672965212,6.85717582254));
#703 = CARTESIAN_POINT('',(0.641517254827,6.858534520796));
#704 = CARTESIAN_POINT('',(0.661093233494,6.859832502522));
#705 = CARTESIAN_POINT('',(0.680387219957,6.861070817807));
#706 = CARTESIAN_POINT('',(0.699397156399,6.862251242246));
#707 = CARTESIAN_POINT('',(0.718118004518,6.863375357033));
#708 = CARTESIAN_POINT('',(0.73654564895,6.864444795451));
#709 = CARTESIAN_POINT('',(0.754675457884,6.865461176829));
#710 = CARTESIAN_POINT('',(0.772502931673,6.866426124232));
#711 = CARTESIAN_POINT('',(0.790023613203,6.867341259725));
#712 = CARTESIAN_POINT('',(0.80723308227,6.868208205642));
#713 = CARTESIAN_POINT('',(0.824126972248,6.869028584242));
#714 = CARTESIAN_POINT('',(0.84070078655,6.869804017806));
#715 = CARTESIAN_POINT('',(0.85153363867,6.870292091675));
#716 = CARTESIAN_POINT('',(0.856895230247,6.870529178529));
#717 = ( GEOMETRIC_REPRESENTATION_CONTEXT(2) 
PARAMETRIC_REPRESENTATION_CONTEXT() REPRESENTATION_CONTEXT('2D SPACE',''
  ) );
#718 = ORIENTED_EDGE('',*,*,#719,.F.);
#719 = EDGE_CURVE('',#720,#572,#722,.T.);
#720 = VERTEX_POINT('',#721);
#721 = CARTESIAN_POINT('',(477.87744421647,115.56146026331,
    -167.0490434448));
#722 = SURFACE_CURVE('',#723,(#728,#734),.PCURVE_S1.);
#723 = CIRCLE('',#724,540.90893587113);
#724 = AXIS2_PLACEMENT_3D('',#725,#726,#727);
#725 = CARTESIAN_POINT('',(477.87744421647,15.3711846965,364.5));
#726 = DIRECTION('',(-1.,0.,0.));
#727 = DIRECTION('',(0.,0.135059413537,-0.99083750172));
#728 = PCURVE('',#34,#729);
#729 = DEFINITIONAL_REPRESENTATION('',(#730),#733);
#730 = B_SPLINE_CURVE_WITH_KNOTS('',1,(#731,#732),.UNSPECIFIED.,.F.,.F.,
  (2,2),(6.2323571268,6.237679989603),.PIECEWISE_BEZIER_KNOTS.);
#731 = CARTESIAN_POINT('',(0.114876605417,0.186234773068));
#732 = CARTESIAN_POINT('',(0.114876605417,0.180916966732));
#733 = ( GEOMETRIC_REPRESENTATION_CONTEXT(2) 
PARAMETRIC_REPRESENTATION_CONTEXT() REPRESENTATION_CONTEXT('2D SPACE',''
  ) );
#734 = PCURVE('',#135,#735);
#735 = DEFINITIONAL_REPRESENTATION('',(#736),#740);
#736 = LINE('',#737,#738);
#737 = CARTESIAN_POINT('',(6.28318530718,7.877444216454));
#738 = VECTOR('',#739,1.);
#739 = DIRECTION('',(-1.,2.486423093771E-12));
#740 = ( GEOMETRIC_REPRESENTATION_CONTEXT(2) 
PARAMETRIC_REPRESENTATION_CONTEXT() REPRESENTATION_CONTEXT('2D SPACE',''
  ) );
#741 = ORIENTED_EDGE('',*,*,#742,.F.);
#742 = EDGE_CURVE('',#743,#720,#745,.T.);
#743 = VERTEX_POINT('',#744);
#744 = CARTESIAN_POINT('',(480.94120151536,115.56146026331,
    -167.4039047832));
#745 = SURFACE_CURVE('',#746,(#751,#757),.PCURVE_S1.);
#746 = B_SPLINE_CURVE_WITH_KNOTS('',3,(#747,#748,#749,#750),
  .UNSPECIFIED.,.F.,.F.,(4,4),(110.52723985323,110.80951569107),
  .PIECEWISE_BEZIER_KNOTS.);
#747 = CARTESIAN_POINT('',(480.94120151536,115.56146026331,
    -167.4039047832));
#748 = CARTESIAN_POINT('',(479.92009109379,115.56146026331,
    -167.2872579461));
#749 = CARTESIAN_POINT('',(478.89881910519,115.56146026331,
    -167.1689695965));
#750 = CARTESIAN_POINT('',(477.87744421647,115.56146026331,
    -167.0490434448));
#751 = PCURVE('',#34,#752);
#752 = DEFINITIONAL_REPRESENTATION('',(#753),#756);
#753 = B_SPLINE_CURVE_WITH_KNOTS('',1,(#754,#755),.UNSPECIFIED.,.F.,.F.,
  (2,2),(110.52723985323,110.80951569107),.PIECEWISE_BEZIER_KNOTS.);
#754 = CARTESIAN_POINT('',(0.111791502411,0.186113442292));
#755 = CARTESIAN_POINT('',(0.114876605417,0.186234773068));
#756 = ( GEOMETRIC_REPRESENTATION_CONTEXT(2) 
PARAMETRIC_REPRESENTATION_CONTEXT() REPRESENTATION_CONTEXT('2D SPACE',''
  ) );
#757 = PCURVE('',#758,#763);
#758 = PLANE('',#759);
#759 = AXIS2_PLACEMENT_3D('',#760,#761,#762);
#760 = CARTESIAN_POINT('',(456.67571841146,115.56146026331,
    -234.6876340639));
#761 = DIRECTION('',(-9.4E-16,-1.,8.E-17));
#762 = DIRECTION('',(0.996194698092,-9.433954756261E-16,
    -8.715574274766E-02));
#763 = DEFINITIONAL_REPRESENTATION('',(#764),#769);
#764 = B_SPLINE_CURVE_WITH_KNOTS('',3,(#765,#766,#767,#768),
  .UNSPECIFIED.,.F.,.F.,(4,4),(110.52723985323,110.80951569107),
  .PIECEWISE_BEZIER_KNOTS.);
#765 = CARTESIAN_POINT('',(18.308982214451,69.142570580301));
#766 = CARTESIAN_POINT('',(17.281590984584,69.169777903807));
#767 = CARTESIAN_POINT('',(16.253895735267,69.19860641175));
#768 = CARTESIAN_POINT('',(15.225955233527,69.229057521246));
#769 = ( GEOMETRIC_REPRESENTATION_CONTEXT(2) 
PARAMETRIC_REPRESENTATION_CONTEXT() REPRESENTATION_CONTEXT('2D SPACE',''
  ) );
#770 = ORIENTED_EDGE('',*,*,#771,.T.);
#771 = EDGE_CURVE('',#743,#772,#774,.T.);
#772 = VERTEX_POINT('',#773);
#773 = CARTESIAN_POINT('',(481.00356229694,119.31072426005,
    -166.6911177881));
#774 = SURFACE_CURVE('',#775,(#780,#786),.PCURVE_S1.);
#775 = B_SPLINE_CURVE_WITH_KNOTS('',3,(#776,#777,#778,#779),
  .UNSPECIFIED.,.F.,.F.,(4,4),(171.19492164085,171.5449568915),
  .PIECEWISE_BEZIER_KNOTS.);
#776 = CARTESIAN_POINT('',(480.94120151536,115.56146026331,
    -167.4039047832));
#777 = CARTESIAN_POINT('',(480.96160466752,116.81192662356,
    -167.1706956869));
#778 = CARTESIAN_POINT('',(480.98239240488,118.06173362202,
    -166.9330907615));
#779 = CARTESIAN_POINT('',(481.00356229694,119.31072426005,
    -166.6911177881));
#780 = PCURVE('',#34,#781);
#781 = DEFINITIONAL_REPRESENTATION('',(#782),#785);
#782 = B_SPLINE_CURVE_WITH_KNOTS('',1,(#783,#784),.UNSPECIFIED.,.F.,.F.,
  (2,2),(171.19492164085,171.5449568915),.PIECEWISE_BEZIER_KNOTS.);
#783 = CARTESIAN_POINT('',(0.111791502411,0.186113442292));
#784 = CARTESIAN_POINT('',(0.111728721075,0.193158817415));
#785 = ( GEOMETRIC_REPRESENTATION_CONTEXT(2) 
PARAMETRIC_REPRESENTATION_CONTEXT() REPRESENTATION_CONTEXT('2D SPACE',''
  ) );
#786 = PCURVE('',#787,#792);
#787 = PLANE('',#788);
#788 = AXIS2_PLACEMENT_3D('',#789,#790,#791);
#789 = CARTESIAN_POINT('',(474.91502942095,115.56146026331,
    -236.2833670077));
#790 = DIRECTION('',(0.996194698092,0.,-8.715574274766E-02));
#791 = DIRECTION('',(0.,1.,0.));
#792 = DEFINITIONAL_REPRESENTATION('',(#793),#798);
#793 = B_SPLINE_CURVE_WITH_KNOTS('',3,(#794,#795,#796,#797),
  .UNSPECIFIED.,.F.,.F.,(4,4),(171.19492164085,171.5449568915),
  .PIECEWISE_BEZIER_KNOTS.);
#794 = CARTESIAN_POINT('',(0.,69.142570580301));
#795 = CARTESIAN_POINT('',(1.250466360244,69.376670497471));
#796 = CARTESIAN_POINT('',(2.500273358705,69.615183035044));
#797 = CARTESIAN_POINT('',(3.749263996739,69.858080305956));
#798 = ( GEOMETRIC_REPRESENTATION_CONTEXT(2) 
PARAMETRIC_REPRESENTATION_CONTEXT() REPRESENTATION_CONTEXT('2D SPACE',''
  ) );
#799 = ORIENTED_EDGE('',*,*,#800,.F.);
#800 = EDGE_CURVE('',#801,#772,#803,.T.);
#801 = VERTEX_POINT('',#802);
#802 = CARTESIAN_POINT('',(477.87744421647,119.31072426005,
    -166.3286437453));
#803 = SURFACE_CURVE('',#804,(#809,#815),.PCURVE_S1.);
#804 = B_SPLINE_CURVE_WITH_KNOTS('',3,(#805,#806,#807,#808),
  .UNSPECIFIED.,.F.,.F.,(4,4),(288.39587397241,288.68386168133),
  .PIECEWISE_BEZIER_KNOTS.);
#805 = CARTESIAN_POINT('',(477.87744421647,119.31072426005,
    -166.3286437453));
#806 = CARTESIAN_POINT('',(478.91960433154,119.31072426005,
    -166.4511764899));
#807 = CARTESIAN_POINT('',(479.96166482995,119.31072426005,
    -166.5720025456));
#808 = CARTESIAN_POINT('',(481.00356229694,119.31072426005,
    -166.6911177881));
#809 = PCURVE('',#34,#810);
#810 = DEFINITIONAL_REPRESENTATION('',(#811),#814);
#811 = B_SPLINE_CURVE_WITH_KNOTS('',1,(#812,#813),.UNSPECIFIED.,.F.,.F.,
  (2,2),(288.39587397241,288.68386168133),.PIECEWISE_BEZIER_KNOTS.);
#812 = CARTESIAN_POINT('',(0.114876605417,0.193287411798));
#813 = CARTESIAN_POINT('',(0.111728721075,0.193158817415));
#814 = ( GEOMETRIC_REPRESENTATION_CONTEXT(2) 
PARAMETRIC_REPRESENTATION_CONTEXT() REPRESENTATION_CONTEXT('2D SPACE',''
  ) );
#815 = PCURVE('',#816,#821);
#816 = PLANE('',#817);
#817 = AXIS2_PLACEMENT_3D('',#818,#819,#820);
#818 = CARTESIAN_POINT('',(474.91502942095,119.31072426005,
    -236.2833670077));
#819 = DIRECTION('',(9.4E-16,1.,-8.E-17));
#820 = DIRECTION('',(-0.996194698092,9.433954756261E-16,
    8.715574274766E-02));
#821 = DEFINITIONAL_REPRESENTATION('',(#822),#827);
#822 = B_SPLINE_CURVE_WITH_KNOTS('',3,(#823,#824,#825,#826),
  .UNSPECIFIED.,.F.,.F.,(4,4),(288.39587397241,288.68386168133),
  .PIECEWISE_BEZIER_KNOTS.);
#823 = CARTESIAN_POINT('',(3.145813951802,69.946715882321));
#824 = CARTESIAN_POINT('',(2.09694013824,69.915479650688));
#825 = CARTESIAN_POINT('',(1.048314310013,69.88593493142));
#826 = CARTESIAN_POINT('',(1.136868377216E-13,69.858080305956));
#827 = ( GEOMETRIC_REPRESENTATION_CONTEXT(2) 
PARAMETRIC_REPRESENTATION_CONTEXT() REPRESENTATION_CONTEXT('2D SPACE',''
  ) );
#828 = ORIENTED_EDGE('',*,*,#829,.F.);
#829 = EDGE_CURVE('',#830,#801,#832,.T.);
#830 = VERTEX_POINT('',#831);
#831 = CARTESIAN_POINT('',(477.87744421646,160.14214224947,
    -156.6754471907));
#832 = SURFACE_CURVE('',#833,(#838,#867),.PCURVE_S1.);
#833 = CIRCLE('',#834,540.90893587113);
#834 = AXIS2_PLACEMENT_3D('',#835,#836,#837);
#835 = CARTESIAN_POINT('',(477.87744421647,15.3711846965,364.5));
#836 = DIRECTION('',(-1.,0.,0.));
#837 = DIRECTION('',(0.,0.135059413537,-0.99083750172));
#838 = PCURVE('',#34,#839);
#839 = DEFINITIONAL_REPRESENTATION('',(#840),#866);
#840 = B_SPLINE_CURVE_WITH_KNOTS('',3,(#841,#842,#843,#844,#845,#846,
    #847,#848,#849,#850,#851,#852,#853,#854,#855,#856,#857,#858,#859,
    #860,#861,#862,#863,#864,#865),.UNSPECIFIED.,.F.,.F.,(4,1,1,1,1,1,1,
    1,1,1,1,1,1,1,1,1,1,1,1,1,1,1,4),(6.14771188201,6.151238564894,
    6.154765247779,6.158291930663,6.161818613547,6.165345296431,
    6.168871979315,6.172398662199,6.175925345083,6.179452027967,
    6.182978710851,6.186505393735,6.190032076619,6.193558759503,
    6.197085442387,6.200612125271,6.204138808156,6.20766549104,
    6.211192173924,6.214718856808,6.218245539692,6.221772222576,
    6.22529890546),.QUASI_UNIFORM_KNOTS.);
#841 = CARTESIAN_POINT('',(0.114876605417,0.270946850338));
#842 = CARTESIAN_POINT('',(0.114876605417,0.26976768581));
#843 = CARTESIAN_POINT('',(0.114876605417,0.267409638863));
#844 = CARTESIAN_POINT('',(0.114876605417,0.263873392507));
#845 = CARTESIAN_POINT('',(0.114876605417,0.260337947937));
#846 = CARTESIAN_POINT('',(0.114876605417,0.256803282902));
#847 = CARTESIAN_POINT('',(0.114876605417,0.253269375172));
#848 = CARTESIAN_POINT('',(0.114876605417,0.249736202533));
#849 = CARTESIAN_POINT('',(0.114876605417,0.246203742791));
#850 = CARTESIAN_POINT('',(0.114876605417,0.242671973769));
#851 = CARTESIAN_POINT('',(0.114876605417,0.239140873309));
#852 = CARTESIAN_POINT('',(0.114876605417,0.235610419266));
#853 = CARTESIAN_POINT('',(0.114876605417,0.232080589515));
#854 = CARTESIAN_POINT('',(0.114876605417,0.228551361945));
#855 = CARTESIAN_POINT('',(0.114876605417,0.22502271446));
#856 = CARTESIAN_POINT('',(0.114876605417,0.221494624979));
#857 = CARTESIAN_POINT('',(0.114876605417,0.217967071433));
#858 = CARTESIAN_POINT('',(0.114876605417,0.21444003177));
#859 = CARTESIAN_POINT('',(0.114876605417,0.210913483947));
#860 = CARTESIAN_POINT('',(0.114876605417,0.207387405936));
#861 = CARTESIAN_POINT('',(0.114876605417,0.203861775719));
#862 = CARTESIAN_POINT('',(0.114876605417,0.200336571291));
#863 = CARTESIAN_POINT('',(0.114876605417,0.196811770654));
#864 = CARTESIAN_POINT('',(0.114876605417,0.194462158103));
#865 = CARTESIAN_POINT('',(0.114876605417,0.193287411798));
#866 = ( GEOMETRIC_REPRESENTATION_CONTEXT(2) 
PARAMETRIC_REPRESENTATION_CONTEXT() REPRESENTATION_CONTEXT('2D SPACE',''
  ) );
#867 = PCURVE('',#135,#868);
#868 = DEFINITIONAL_REPRESENTATION('',(#869),#873);
#869 = LINE('',#870,#871);
#870 = CARTESIAN_POINT('',(6.28318530718,7.87744421647));
#871 = VECTOR('',#872,1.);
#872 = DIRECTION('',(-1.,0.));
#873 = ( GEOMETRIC_REPRESENTATION_CONTEXT(2) 
PARAMETRIC_REPRESENTATION_CONTEXT() REPRESENTATION_CONTEXT('2D SPACE',''
  ) );
#874 = ORIENTED_EDGE('',*,*,#875,.T.);
#875 = EDGE_CURVE('',#830,#876,#878,.T.);
#876 = VERTEX_POINT('',#877);
#877 = CARTESIAN_POINT('',(487.07449300378,160.41463120969,
    -157.6564074474));
#878 = SURFACE_CURVE('',#879,(#884,#891),.PCURVE_S1.);
#879 = CIRCLE('',#880,1.E+03);
#880 = AXIS2_PLACEMENT_3D('',#881,#882,#883);
#881 = CARTESIAN_POINT('',(592.5015522016,-105.7376636667,
    800.49185410754));
#882 = DIRECTION('',(0.,-0.96351790963,-0.267643863786));
#883 = DIRECTION('',(-0.114624107985,0.265879805916,-0.957167301298));
#884 = PCURVE('',#34,#885);
#885 = DEFINITIONAL_REPRESENTATION('',(#886),#890);
#886 = LINE('',#887,#888);
#887 = CARTESIAN_POINT('',(0.114876605417,0.270946850338));
#888 = VECTOR('',#889,1.);
#889 = DIRECTION('',(-1.,3.38E-15));
#890 = ( GEOMETRIC_REPRESENTATION_CONTEXT(2) 
PARAMETRIC_REPRESENTATION_CONTEXT() REPRESENTATION_CONTEXT('2D SPACE',''
  ) );
#891 = PCURVE('',#892,#897);
#892 = CYLINDRICAL_SURFACE('',#893,1.E+03);
#893 = AXIS2_PLACEMENT_3D('',#894,#895,#896);
#894 = CARTESIAN_POINT('',(592.5015522016,-110.4984483133,
    799.16941392793));
#895 = DIRECTION('',(0.,-0.96351790963,-0.267643863786));
#896 = DIRECTION('',(-5.740672490601E-02,0.267202485374,-0.961928947348)
  );
#897 = DEFINITIONAL_REPRESENTATION('',(#898),#902);
#898 = LINE('',#899,#900);
#899 = CARTESIAN_POINT('',(6.225747004471,-4.941044270196));
#900 = VECTOR('',#901,1.);
#901 = DIRECTION('',(1.,0.));
#902 = ( GEOMETRIC_REPRESENTATION_CONTEXT(2) 
PARAMETRIC_REPRESENTATION_CONTEXT() REPRESENTATION_CONTEXT('2D SPACE',''
  ) );
#903 = ORIENTED_EDGE('',*,*,#904,.F.);
#904 = EDGE_CURVE('',#905,#876,#907,.T.);
#905 = VERTEX_POINT('',#906);
#906 = CARTESIAN_POINT('',(487.07449300378,155.41989237645,
    -159.0181703552));
#907 = SURFACE_CURVE('',#908,(#914,#923),.PCURVE_S1.);
#908 = B_SPLINE_CURVE_WITH_KNOTS('',4,(#909,#910,#911,#912,#913),
  .UNSPECIFIED.,.F.,.F.,(5,5),(0.,1.),.PIECEWISE_BEZIER_KNOTS.);
#909 = CARTESIAN_POINT('',(487.07449300378,155.41989237645,
    -159.0181703552));
#910 = CARTESIAN_POINT('',(487.07449300378,156.67019371539,
    -158.6836965994));
#911 = CARTESIAN_POINT('',(487.07449300378,157.91942997319,
    -158.3452414483));
#912 = CARTESIAN_POINT('',(487.07449300378,159.16758212598,
    -158.0028099707));
#913 = CARTESIAN_POINT('',(487.07449300378,160.41463120969,
    -157.6564074474));
#914 = PCURVE('',#34,#915);
#915 = DEFINITIONAL_REPRESENTATION('',(#916),#922);
#916 = B_SPLINE_CURVE_WITH_KNOTS('',4,(#917,#918,#919,#920,#921),
  .UNSPECIFIED.,.F.,.F.,(5,5),(0.,1.),.PIECEWISE_BEZIER_KNOTS.);
#917 = CARTESIAN_POINT('',(0.105619418158,0.261367531062));
#918 = CARTESIAN_POINT('',(0.105619418158,0.263761622209));
#919 = CARTESIAN_POINT('',(0.105619418158,0.266156187741));
#920 = CARTESIAN_POINT('',(0.105619418158,0.268551262015));
#921 = CARTESIAN_POINT('',(0.105619418158,0.270946850338));
#922 = ( GEOMETRIC_REPRESENTATION_CONTEXT(2) 
PARAMETRIC_REPRESENTATION_CONTEXT() REPRESENTATION_CONTEXT('2D SPACE',''
  ) );
#923 = PCURVE('',#924,#929);
#924 = PLANE('',#925);
#925 = AXIS2_PLACEMENT_3D('',#926,#927,#928);
#926 = CARTESIAN_POINT('',(487.07449300378,188.09631329661,-133.));
#927 = DIRECTION('',(-1.,0.,0.));
#928 = DIRECTION('',(0.,-1.,0.));
#929 = DEFINITIONAL_REPRESENTATION('',(#930),#936);
#930 = B_SPLINE_CURVE_WITH_KNOTS('',4,(#931,#932,#933,#934,#935),
  .UNSPECIFIED.,.F.,.F.,(5,5),(0.,1.),.PIECEWISE_BEZIER_KNOTS.);
#931 = CARTESIAN_POINT('',(32.676420920153,-26.0181703552));
#932 = CARTESIAN_POINT('',(31.426119581216,-25.6836965994));
#933 = CARTESIAN_POINT('',(30.176883323421,-25.34524144831));
#934 = CARTESIAN_POINT('',(28.928731170623,-25.00280997073));
#935 = CARTESIAN_POINT('',(27.681682086922,-24.65640744748));
#936 = ( GEOMETRIC_REPRESENTATION_CONTEXT(2) 
PARAMETRIC_REPRESENTATION_CONTEXT() REPRESENTATION_CONTEXT('2D SPACE',''
  ) );
#937 = ORIENTED_EDGE('',*,*,#938,.T.);
#938 = EDGE_CURVE('',#905,#939,#941,.T.);
#939 = VERTEX_POINT('',#940);
#940 = CARTESIAN_POINT('',(493.22897216193,160.58411356814,
    -158.2665439379));
#941 = SURFACE_CURVE('',#942,(#948,#957),.PCURVE_S1.);
#942 = B_SPLINE_CURVE_WITH_KNOTS('',4,(#943,#944,#945,#946,#947),
  .UNSPECIFIED.,.F.,.F.,(5,5),(0.,1.),.PIECEWISE_BEZIER_KNOTS.);
#943 = CARTESIAN_POINT('',(487.07449300378,155.41989237645,
    -159.0181703552));
#944 = CARTESIAN_POINT('',(488.61390604236,156.71161328935,
    -158.8415605046));
#945 = CARTESIAN_POINT('',(490.15281219099,158.00290887109,
    -158.6574215145));
#946 = CARTESIAN_POINT('',(491.69117857815,159.29375153917,
    -158.4657502996));
#947 = CARTESIAN_POINT('',(493.22897216193,160.58411356814,
    -158.2665439379));
#948 = PCURVE('',#34,#949);
#949 = DEFINITIONAL_REPRESENTATION('',(#950),#956);
#950 = B_SPLINE_CURVE_WITH_KNOTS('',4,(#951,#952,#953,#954,#955),
  .UNSPECIFIED.,.F.,.F.,(5,5),(0.,1.),.PIECEWISE_BEZIER_KNOTS.);
#951 = CARTESIAN_POINT('',(0.105619418366,0.261367529385));
#952 = CARTESIAN_POINT('',(0.104070905125,0.263760170774));
#953 = CARTESIAN_POINT('',(0.102523317178,0.26615420736));
#954 = CARTESIAN_POINT('',(0.100976672909,0.268549738067));
#955 = CARTESIAN_POINT('',(9.943098876495E-02,0.270946850338));
#956 = ( GEOMETRIC_REPRESENTATION_CONTEXT(2) 
PARAMETRIC_REPRESENTATION_CONTEXT() REPRESENTATION_CONTEXT('2D SPACE',''
  ) );
#957 = PCURVE('',#958,#963);
#958 = PLANE('',#959);
#959 = AXIS2_PLACEMENT_3D('',#960,#961,#962);
#960 = CARTESIAN_POINT('',(487.07449300378,155.41989237645,-133.));
#961 = DIRECTION('',(0.642787609687,-0.766044443119,0.));
#962 = DIRECTION('',(0.766044443119,0.642787609687,0.));
#963 = DEFINITIONAL_REPRESENTATION('',(#964),#970);
#964 = B_SPLINE_CURVE_WITH_KNOTS('',4,(#965,#966,#967,#968,#969),
  .UNSPECIFIED.,.F.,.F.,(5,5),(0.,1.),.PIECEWISE_BEZIER_KNOTS.);
#965 = CARTESIAN_POINT('',(5.684341886081E-14,-26.0181703552));
#966 = CARTESIAN_POINT('',(2.009561001845,-25.84156050464));
#967 = CARTESIAN_POINT('',(4.018460305872,-25.65742151455));
#968 = CARTESIAN_POINT('',(6.026655001335,-25.46575029961));
#969 = CARTESIAN_POINT('',(8.034101955088,-25.26654393793));
#970 = ( GEOMETRIC_REPRESENTATION_CONTEXT(2) 
PARAMETRIC_REPRESENTATION_CONTEXT() REPRESENTATION_CONTEXT('2D SPACE',''
  ) );
#971 = ORIENTED_EDGE('',*,*,#972,.T.);
#972 = EDGE_CURVE('',#939,#973,#975,.T.);
#973 = VERTEX_POINT('',#974);
#974 = CARTESIAN_POINT('',(499.07449300378,160.73555982907,
    -158.8117504772));
#975 = SURFACE_CURVE('',#976,(#981,#988),.PCURVE_S1.);
#976 = CIRCLE('',#977,1.E+03);
#977 = AXIS2_PLACEMENT_3D('',#978,#979,#980);
#978 = CARTESIAN_POINT('',(592.5015522016,-105.7376636667,
    800.49185410754));
#979 = DIRECTION('',(0.,-0.96351790963,-0.267643863786));
#980 = DIRECTION('',(-0.114624107985,0.265879805916,-0.957167301298));
#981 = PCURVE('',#34,#982);
#982 = DEFINITIONAL_REPRESENTATION('',(#983),#987);
#983 = LINE('',#984,#985);
#984 = CARTESIAN_POINT('',(0.114876605417,0.270946850338));
#985 = VECTOR('',#986,1.);
#986 = DIRECTION('',(-1.,3.38E-15));
#987 = ( GEOMETRIC_REPRESENTATION_CONTEXT(2) 
PARAMETRIC_REPRESENTATION_CONTEXT() REPRESENTATION_CONTEXT('2D SPACE',''
  ) );
#988 = PCURVE('',#989,#994);
#989 = CYLINDRICAL_SURFACE('',#990,1.E+03);
#990 = AXIS2_PLACEMENT_3D('',#991,#992,#993);
#991 = CARTESIAN_POINT('',(592.5015522016,-110.4984483133,
    799.16941392793));
#992 = DIRECTION('',(0.,-0.96351790963,-0.267643863786));
#993 = DIRECTION('',(-5.740672490601E-02,0.267202485374,-0.961928947348)
  );
#994 = DEFINITIONAL_REPRESENTATION('',(#995),#999);
#995 = LINE('',#996,#997);
#996 = CARTESIAN_POINT('',(6.225747004471,-4.941044270196));
#997 = VECTOR('',#998,1.);
#998 = DIRECTION('',(1.,0.));
#999 = ( GEOMETRIC_REPRESENTATION_CONTEXT(2) 
PARAMETRIC_REPRESENTATION_CONTEXT() REPRESENTATION_CONTEXT('2D SPACE',''
  ) );
#1000 = ORIENTED_EDGE('',*,*,#1001,.F.);
#1001 = EDGE_CURVE('',#1002,#973,#1004,.T.);
#1002 = VERTEX_POINT('',#1003);
#1003 = CARTESIAN_POINT('',(499.07449300378,120.91798933468,
    -168.2718665394));
#1004 = SURFACE_CURVE('',#1005,(#1011,#1020),.PCURVE_S1.);
#1005 = B_SPLINE_CURVE_WITH_KNOTS('',4,(#1006,#1007,#1008,#1009,#1010),
  .UNSPECIFIED.,.F.,.F.,(5,5),(0.,1.),.PIECEWISE_BEZIER_KNOTS.);
#1006 = CARTESIAN_POINT('',(499.07449300378,120.91798933468,
    -168.2718665394));
#1007 = CARTESIAN_POINT('',(499.07449300378,130.9567956007,
    -166.2830904763));
#1008 = CARTESIAN_POINT('',(499.07449300378,140.94563824685,
    -164.0421045936));
#1009 = CARTESIAN_POINT('',(499.07449300378,150.87500685346,
    -161.5507929704));
#1010 = CARTESIAN_POINT('',(499.07449300378,160.73555982907,
    -158.8117504772));
#1011 = PCURVE('',#34,#1012);
#1012 = DEFINITIONAL_REPRESENTATION('',(#1013),#1019);
#1013 = B_SPLINE_CURVE_WITH_KNOTS('',4,(#1014,#1015,#1016,#1017,#1018),
  .UNSPECIFIED.,.F.,.F.,(5,5),(0.,1.),.PIECEWISE_BEZIER_KNOTS.);
#1014 = CARTESIAN_POINT('',(9.355750635156E-02,0.195502578701));
#1015 = CARTESIAN_POINT('',(9.355750635156E-02,0.214333350759));
#1016 = CARTESIAN_POINT('',(9.355750635156E-02,0.233178342136));
#1017 = CARTESIAN_POINT('',(9.355750635156E-02,0.252046492105));
#1018 = CARTESIAN_POINT('',(9.355750635156E-02,0.270946850338));
#1019 = ( GEOMETRIC_REPRESENTATION_CONTEXT(2) 
PARAMETRIC_REPRESENTATION_CONTEXT() REPRESENTATION_CONTEXT('2D SPACE',''
  ) );
#1020 = PCURVE('',#1021,#1026);
#1021 = PLANE('',#1022);
#1022 = AXIS2_PLACEMENT_3D('',#1023,#1024,#1025);
#1023 = CARTESIAN_POINT('',(499.07449300378,165.48908795058,-133.));
#1024 = DIRECTION('',(-1.,0.,0.));
#1025 = DIRECTION('',(0.,-1.,0.));
#1026 = DEFINITIONAL_REPRESENTATION('',(#1027),#1033);
#1027 = B_SPLINE_CURVE_WITH_KNOTS('',4,(#1028,#1029,#1030,#1031,#1032),
  .UNSPECIFIED.,.F.,.F.,(5,5),(0.,1.),.PIECEWISE_BEZIER_KNOTS.);
#1028 = CARTESIAN_POINT('',(44.571098615898,-35.27186653945));
#1029 = CARTESIAN_POINT('',(34.532292349878,-33.28309047632));
#1030 = CARTESIAN_POINT('',(24.543449703734,-31.04210459362));
#1031 = CARTESIAN_POINT('',(14.61408109712,-28.55079297048));
#1032 = CARTESIAN_POINT('',(4.753528121513,-25.81175047726));
#1033 = ( GEOMETRIC_REPRESENTATION_CONTEXT(2) 
PARAMETRIC_REPRESENTATION_CONTEXT() REPRESENTATION_CONTEXT('2D SPACE',''
  ) );
#1034 = ORIENTED_EDGE('',*,*,#1035,.F.);
#1035 = EDGE_CURVE('',#1036,#1002,#1038,.T.);
#1036 = VERTEX_POINT('',#1037);
#1037 = CARTESIAN_POINT('',(487.07449300378,130.98718490881,
    -164.9505224379));
#1038 = SURFACE_CURVE('',#1039,(#1045,#1054),.PCURVE_S1.);
#1039 = B_SPLINE_CURVE_WITH_KNOTS('',4,(#1040,#1041,#1042,#1043,#1044),
  .UNSPECIFIED.,.F.,.F.,(5,5),(0.,1.),.PIECEWISE_BEZIER_KNOTS.);
#1040 = CARTESIAN_POINT('',(487.07449300378,130.98718490881,
    -164.9505224379));
#1041 = CARTESIAN_POINT('',(490.06740829483,128.47583079195,
    -165.8237061374));
#1042 = CARTESIAN_POINT('',(493.06521232561,125.96037453538,
    -166.6683351545));
#1043 = CARTESIAN_POINT('',(496.06765610964,123.44102506357,
    -167.4843932939));
#1044 = CARTESIAN_POINT('',(499.07449300378,120.91798933468,
    -168.2718665394));
#1045 = PCURVE('',#34,#1046);
#1046 = DEFINITIONAL_REPRESENTATION('',(#1047),#1053);
#1047 = B_SPLINE_CURVE_WITH_KNOTS('',4,(#1048,#1049,#1050,#1051,#1052),
  .UNSPECIFIED.,.F.,.F.,(5,5),(0.,1.),.PIECEWISE_BEZIER_KNOTS.);
#1048 = CARTESIAN_POINT('',(0.105619418367,0.214915036876));
#1049 = CARTESIAN_POINT('',(0.102608810531,0.210043613116));
#1050 = CARTESIAN_POINT('',(9.959485632824E-02,0.205184890944));
#1051 = CARTESIAN_POINT('',(9.657770763487E-02,0.200338137203));
#1052 = CARTESIAN_POINT('',(9.355750653195E-02,0.195502579051));
#1053 = ( GEOMETRIC_REPRESENTATION_CONTEXT(2) 
PARAMETRIC_REPRESENTATION_CONTEXT() REPRESENTATION_CONTEXT('2D SPACE',''
  ) );
#1054 = PCURVE('',#1055,#1060);
#1055 = PLANE('',#1056);
#1056 = AXIS2_PLACEMENT_3D('',#1057,#1058,#1059);
#1057 = CARTESIAN_POINT('',(499.07449300378,120.91798933468,-133.));
#1058 = DIRECTION('',(0.642787609687,0.766044443119,0.));
#1059 = DIRECTION('',(-0.766044443119,0.642787609687,0.));
#1060 = DEFINITIONAL_REPRESENTATION('',(#1061),#1067);
#1061 = B_SPLINE_CURVE_WITH_KNOTS('',4,(#1062,#1063,#1064,#1065,#1066),
  .UNSPECIFIED.,.F.,.F.,(5,5),(0.,1.),.PIECEWISE_BEZIER_KNOTS.);
#1062 = CARTESIAN_POINT('',(15.664887471987,-31.95052243792));
#1063 = CARTESIAN_POINT('',(11.757914034702,-32.8237061374));
#1064 = CARTESIAN_POINT('',(7.84455880093,-33.6683351545));
#1065 = CARTESIAN_POINT('',(3.925146799445,-34.48439329396));
#1066 = CARTESIAN_POINT('',(0.,-35.27186653945));
#1067 = ( GEOMETRIC_REPRESENTATION_CONTEXT(2) 
PARAMETRIC_REPRESENTATION_CONTEXT() REPRESENTATION_CONTEXT('2D SPACE',''
  ) );
#1068 = ORIENTED_EDGE('',*,*,#1069,.F.);
#1069 = EDGE_CURVE('',#1070,#1036,#1072,.T.);
#1070 = VERTEX_POINT('',#1071);
#1071 = CARTESIAN_POINT('',(487.07449300378,98.096313296612,
    -171.0758287236));
#1072 = SURFACE_CURVE('',#1073,(#1079,#1088),.PCURVE_S1.);
#1073 = B_SPLINE_CURVE_WITH_KNOTS('',4,(#1074,#1075,#1076,#1077,#1078),
  .UNSPECIFIED.,.F.,.F.,(5,5),(0.,1.),.PIECEWISE_BEZIER_KNOTS.);
#1074 = CARTESIAN_POINT('',(487.07449300378,98.096313296612,
    -171.0758287236));
#1075 = CARTESIAN_POINT('',(487.07449300378,106.36369496342,
    -169.7988476096));
#1076 = CARTESIAN_POINT('',(487.07449300378,114.60479440517,
    -168.3517079004));
#1077 = CARTESIAN_POINT('',(487.07449300378,122.81435618348,
    -166.7352213559));
#1078 = CARTESIAN_POINT('',(487.07449300378,130.98718490881,
    -164.9505224379));
#1079 = PCURVE('',#34,#1080);
#1080 = DEFINITIONAL_REPRESENTATION('',(#1081),#1087);
#1081 = B_SPLINE_CURVE_WITH_KNOTS('',4,(#1082,#1083,#1084,#1085,#1086),
  .UNSPECIFIED.,.F.,.F.,(5,5),(0.,1.),.PIECEWISE_BEZIER_KNOTS.);
#1082 = CARTESIAN_POINT('',(0.105619418158,0.153222357268));
#1083 = CARTESIAN_POINT('',(0.105619418158,0.168636394191));
#1084 = CARTESIAN_POINT('',(0.105619418158,0.184053246496));
#1085 = CARTESIAN_POINT('',(0.105619418158,0.199477824349));
#1086 = CARTESIAN_POINT('',(0.105619418158,0.214915035644));
#1087 = ( GEOMETRIC_REPRESENTATION_CONTEXT(2) 
PARAMETRIC_REPRESENTATION_CONTEXT() REPRESENTATION_CONTEXT('2D SPACE',''
  ) );
#1088 = PCURVE('',#1089,#1094);
#1089 = PLANE('',#1090);
#1090 = AXIS2_PLACEMENT_3D('',#1091,#1092,#1093);
#1091 = CARTESIAN_POINT('',(487.07449300378,96.619623314301,
    -151.9270571883));
#1092 = DIRECTION('',(1.,0.,0.));
#1093 = DIRECTION('',(0.,0.,1.));
#1094 = DEFINITIONAL_REPRESENTATION('',(#1095),#1101);
#1095 = B_SPLINE_CURVE_WITH_KNOTS('',4,(#1096,#1097,#1098,#1099,#1100),
  .UNSPECIFIED.,.F.,.F.,(5,5),(0.,1.),.PIECEWISE_BEZIER_KNOTS.);
#1096 = CARTESIAN_POINT('',(-19.14877153524,-1.476689982311));
#1097 = CARTESIAN_POINT('',(-17.87179042125,-9.74407164912));
#1098 = CARTESIAN_POINT('',(-16.42465071204,-17.98517109087));
#1099 = CARTESIAN_POINT('',(-14.80816416753,-26.19473286918));
#1100 = CARTESIAN_POINT('',(-13.02346524956,-34.36756159451));
#1101 = ( GEOMETRIC_REPRESENTATION_CONTEXT(2) 
PARAMETRIC_REPRESENTATION_CONTEXT() REPRESENTATION_CONTEXT('2D SPACE',''
  ) );
#1102 = ORIENTED_EDGE('',*,*,#1103,.F.);
#1103 = EDGE_CURVE('',#1104,#1070,#1106,.T.);
#1104 = VERTEX_POINT('',#1105);
#1105 = CARTESIAN_POINT('',(487.07449300378,65.419892376459,
    -175.111009964));
#1106 = SURFACE_CURVE('',#1107,(#1113,#1122),.PCURVE_S1.);
#1107 = B_SPLINE_CURVE_WITH_KNOTS('',4,(#1108,#1109,#1110,#1111,#1112),
  .UNSPECIFIED.,.F.,.F.,(5,5),(0.,1.),.PIECEWISE_BEZIER_KNOTS.);
#1108 = CARTESIAN_POINT('',(487.07449300378,65.419892376459,
    -175.111009964));
#1109 = CARTESIAN_POINT('',(487.07449300378,73.617133074739,
    -174.3507191271));
#1110 = CARTESIAN_POINT('',(487.07449300378,81.798974788561,
    -173.4243956668));
#1111 = CARTESIAN_POINT('',(487.07449300378,89.960371104195,
    -172.332507675));
#1112 = CARTESIAN_POINT('',(487.07449300378,98.096313296612,
    -171.0758287236));
#1113 = PCURVE('',#34,#1114);
#1114 = DEFINITIONAL_REPRESENTATION('',(#1115),#1121);
#1115 = B_SPLINE_CURVE_WITH_KNOTS('',4,(#1116,#1117,#1118,#1119,#1120),
  .UNSPECIFIED.,.F.,.F.,(5,5),(0.,1.),.PIECEWISE_BEZIER_KNOTS.);
#1116 = CARTESIAN_POINT('',(0.105619418158,9.254416638552E-02));
#1117 = CARTESIAN_POINT('',(0.105619418158,0.107718953751));
#1118 = CARTESIAN_POINT('',(0.105619418158,0.122887131173));
#1119 = CARTESIAN_POINT('',(0.105619418158,0.138053381356));
#1120 = CARTESIAN_POINT('',(0.105619418158,0.153222357268));
#1121 = ( GEOMETRIC_REPRESENTATION_CONTEXT(2) 
PARAMETRIC_REPRESENTATION_CONTEXT() REPRESENTATION_CONTEXT('2D SPACE',''
  ) );
#1122 = PCURVE('',#1089,#1123);
#1123 = DEFINITIONAL_REPRESENTATION('',(#1124),#1130);
#1124 = B_SPLINE_CURVE_WITH_KNOTS('',4,(#1125,#1126,#1127,#1128,#1129),
  .UNSPECIFIED.,.F.,.F.,(5,5),(0.,1.),.PIECEWISE_BEZIER_KNOTS.);
#1125 = CARTESIAN_POINT('',(-23.18395277571,31.199730937841));
#1126 = CARTESIAN_POINT('',(-22.42366193879,23.002490239562));
#1127 = CARTESIAN_POINT('',(-21.49733847853,14.82064852574));
#1128 = CARTESIAN_POINT('',(-20.40545048668,6.659252210106));
#1129 = CARTESIAN_POINT('',(-19.14877153524,-1.476689982311));
#1130 = ( GEOMETRIC_REPRESENTATION_CONTEXT(2) 
PARAMETRIC_REPRESENTATION_CONTEXT() REPRESENTATION_CONTEXT('2D SPACE',''
  ) );
#1131 = ORIENTED_EDGE('',*,*,#1132,.T.);
#1132 = EDGE_CURVE('',#1104,#1133,#1135,.T.);
#1133 = VERTEX_POINT('',#1134);
#1134 = CARTESIAN_POINT('',(499.07449300378,75.489087950587,
    -175.2886877784));
#1135 = SURFACE_CURVE('',#1136,(#1142,#1151),.PCURVE_S1.);
#1136 = B_SPLINE_CURVE_WITH_KNOTS('',4,(#1137,#1138,#1139,#1140,#1141),
  .UNSPECIFIED.,.F.,.F.,(5,5),(0.,1.),.PIECEWISE_BEZIER_KNOTS.);
#1137 = CARTESIAN_POINT('',(487.07449300378,65.419892376459,
    -175.111009964));
#1138 = CARTESIAN_POINT('',(490.07402001233,67.936794383035,
    -175.1969367152));
#1139 = CARTESIAN_POINT('',(493.07401198727,70.454086542741,
    -175.2552042725));
#1140 = CARTESIAN_POINT('',(496.07424465365,72.971580666546,
    -175.28579372));
#1141 = CARTESIAN_POINT('',(499.07449300378,75.489087950587,
    -175.2886877784));
#1142 = PCURVE('',#34,#1143);
#1143 = DEFINITIONAL_REPRESENTATION('',(#1144),#1150);
#1144 = B_SPLINE_CURVE_WITH_KNOTS('',4,(#1145,#1146,#1147,#1148,#1149),
  .UNSPECIFIED.,.F.,.F.,(5,5),(0.,1.),.PIECEWISE_BEZIER_KNOTS.);
#1145 = CARTESIAN_POINT('',(0.105619418366,9.254416532991E-02));
#1146 = CARTESIAN_POINT('',(0.102602159728,9.714910388554E-02));
#1147 = CARTESIAN_POINT('',(9.958601160088E-02,0.101751653918));
#1148 = CARTESIAN_POINT('',(9.657108980657E-02,0.106352488382));
#1149 = CARTESIAN_POINT('',(9.355750653114E-02,0.110952279032));
#1150 = ( GEOMETRIC_REPRESENTATION_CONTEXT(2) 
PARAMETRIC_REPRESENTATION_CONTEXT() REPRESENTATION_CONTEXT('2D SPACE',''
  ) );
#1151 = PCURVE('',#1152,#1157);
#1152 = PLANE('',#1153);
#1153 = AXIS2_PLACEMENT_3D('',#1154,#1155,#1156);
#1154 = CARTESIAN_POINT('',(487.07449300378,65.419892376459,-133.));
#1155 = DIRECTION('',(0.642787609687,-0.766044443119,0.));
#1156 = DIRECTION('',(0.766044443119,0.642787609687,0.));
#1157 = DEFINITIONAL_REPRESENTATION('',(#1158),#1164);
#1158 = B_SPLINE_CURVE_WITH_KNOTS('',4,(#1159,#1160,#1161,#1162,#1163),
  .UNSPECIFIED.,.F.,.F.,(5,5),(0.,1.),.PIECEWISE_BEZIER_KNOTS.);
#1159 = CARTESIAN_POINT('',(0.,-42.11100996407));
#1160 = CARTESIAN_POINT('',(3.915604421503,-42.19693671523));
#1161 = CARTESIAN_POINT('',(7.831815813526,-42.25520427255));
#1162 = CARTESIAN_POINT('',(11.748341405911,-42.28579372002));
#1163 = CARTESIAN_POINT('',(15.664887471987,-42.28868777846));
#1164 = ( GEOMETRIC_REPRESENTATION_CONTEXT(2) 
PARAMETRIC_REPRESENTATION_CONTEXT() REPRESENTATION_CONTEXT('2D SPACE',''
  ) );
#1165 = ORIENTED_EDGE('',*,*,#1166,.F.);
#1166 = EDGE_CURVE('',#1167,#1133,#1169,.T.);
#1167 = VERTEX_POINT('',#1168);
#1168 = CARTESIAN_POINT('',(499.07449300378,30.917989334688,
    -178.4035702689));
#1169 = SURFACE_CURVE('',#1170,(#1176,#1185),.PCURVE_S1.);
#1170 = B_SPLINE_CURVE_WITH_KNOTS('',4,(#1171,#1172,#1173,#1174,#1175),
  .UNSPECIFIED.,.F.,.F.,(5,5),(0.,1.),.PIECEWISE_BEZIER_KNOTS.);
#1171 = CARTESIAN_POINT('',(499.07449300378,30.917989334688,
    -178.4035702689));
#1172 = CARTESIAN_POINT('',(499.07449300378,42.086514790391,
    -178.0837438903));
#1173 = CARTESIAN_POINT('',(499.07449300378,53.246269872114,
    -177.4575745668));
#1174 = CARTESIAN_POINT('',(499.07449300378,64.384641261593,
    -176.5254236945));
#1175 = CARTESIAN_POINT('',(499.07449300378,75.489087950587,
    -175.2886877784));
#1176 = PCURVE('',#34,#1177);
#1177 = DEFINITIONAL_REPRESENTATION('',(#1178),#1184);
#1178 = B_SPLINE_CURVE_WITH_KNOTS('',4,(#1179,#1180,#1181,#1182,#1183),
  .UNSPECIFIED.,.F.,.F.,(5,5),(0.,1.),.PIECEWISE_BEZIER_KNOTS.);
#1179 = CARTESIAN_POINT('',(9.355750635156E-02,2.869043437572E-02));
#1180 = CARTESIAN_POINT('',(9.355750635156E-02,4.928953488998E-02));
#1181 = CARTESIAN_POINT('',(9.355750635156E-02,6.985842528972E-02));
#1182 = CARTESIAN_POINT('',(9.355750635156E-02,9.040881526396E-02));
#1183 = CARTESIAN_POINT('',(9.355750635156E-02,0.110952280085));
#1184 = ( GEOMETRIC_REPRESENTATION_CONTEXT(2) 
PARAMETRIC_REPRESENTATION_CONTEXT() REPRESENTATION_CONTEXT('2D SPACE',''
  ) );
#1185 = PCURVE('',#1186,#1191);
#1186 = PLANE('',#1187);
#1187 = AXIS2_PLACEMENT_3D('',#1188,#1189,#1190);
#1188 = CARTESIAN_POINT('',(499.07449300378,75.489087950587,-133.));
#1189 = DIRECTION('',(-1.,0.,0.));
#1190 = DIRECTION('',(0.,-1.,0.));
#1191 = DEFINITIONAL_REPRESENTATION('',(#1192),#1198);
#1192 = B_SPLINE_CURVE_WITH_KNOTS('',4,(#1193,#1194,#1195,#1196,#1197),
  .UNSPECIFIED.,.F.,.F.,(5,5),(0.,1.),.PIECEWISE_BEZIER_KNOTS.);
#1193 = CARTESIAN_POINT('',(44.571098615898,-45.40357026897));
#1194 = CARTESIAN_POINT('',(33.402573160195,-45.08374389037));
#1195 = CARTESIAN_POINT('',(22.242818078472,-44.45757456681));
#1196 = CARTESIAN_POINT('',(11.104446688994,-43.52542369454));
#1197 = CARTESIAN_POINT('',(0.,-42.28868777846));
#1198 = ( GEOMETRIC_REPRESENTATION_CONTEXT(2) 
PARAMETRIC_REPRESENTATION_CONTEXT() REPRESENTATION_CONTEXT('2D SPACE',''
  ) );
#1199 = ORIENTED_EDGE('',*,*,#1200,.T.);
#1200 = EDGE_CURVE('',#1167,#24,#1201,.T.);
#1201 = SURFACE_CURVE('',#1202,(#1208,#1217),.PCURVE_S1.);
#1202 = B_SPLINE_CURVE_WITH_KNOTS('',4,(#1203,#1204,#1205,#1206,#1207),
  .UNSPECIFIED.,.F.,.F.,(5,5),(0.,1.),.PIECEWISE_BEZIER_KNOTS.);
#1203 = CARTESIAN_POINT('',(499.07449300378,30.917989334688,
    -178.4035702689));
#1204 = CARTESIAN_POINT('',(496.07139582177,33.437887072503,
    -178.0494908331));
#1205 = CARTESIAN_POINT('',(493.07021318443,35.956178316593,
    -177.6677404264));
#1206 = CARTESIAN_POINT('',(490.07117031394,38.472674083104,
    -177.2583337174));
#1207 = CARTESIAN_POINT('',(487.07449300378,40.987184908816,
    -176.8212869895));
#1208 = PCURVE('',#34,#1209);
#1209 = DEFINITIONAL_REPRESENTATION('',(#1210),#1216);
#1210 = B_SPLINE_CURVE_WITH_KNOTS('',4,(#1211,#1212,#1213,#1214,#1215),
  .UNSPECIFIED.,.F.,.F.,(5,5),(0.,1.),.PIECEWISE_BEZIER_KNOTS.);
#1211 = CARTESIAN_POINT('',(9.355750644605E-02,2.86904349092E-02));
#1212 = CARTESIAN_POINT('',(9.657395121527E-02,3.335298325161E-02));
#1213 = CARTESIAN_POINT('',(9.958983009172E-02,3.801893284899E-02));
#1214 = CARTESIAN_POINT('',(0.102605026173,4.26889716474E-02));
#1215 = CARTESIAN_POINT('',(0.105619418268,4.736378328535E-02));
#1216 = ( GEOMETRIC_REPRESENTATION_CONTEXT(2) 
PARAMETRIC_REPRESENTATION_CONTEXT() REPRESENTATION_CONTEXT('2D SPACE',''
  ) );
#1217 = PCURVE('',#1218,#1223);
#1218 = PLANE('',#1219);
#1219 = AXIS2_PLACEMENT_3D('',#1220,#1221,#1222);
#1220 = CARTESIAN_POINT('',(499.07449300378,30.917989334688,-133.));
#1221 = DIRECTION('',(0.642787609687,0.766044443119,0.));
#1222 = DIRECTION('',(-0.766044443119,0.642787609687,0.));
#1223 = DEFINITIONAL_REPRESENTATION('',(#1224),#1230);
#1224 = B_SPLINE_CURVE_WITH_KNOTS('',4,(#1225,#1226,#1227,#1228,#1229),
  .UNSPECIFIED.,.F.,.F.,(5,5),(0.,1.),.PIECEWISE_BEZIER_KNOTS.);
#1225 = CARTESIAN_POINT('',(0.,-45.40357026897));
#1226 = CARTESIAN_POINT('',(3.92026495197,-45.04949083314));
#1227 = CARTESIAN_POINT('',(7.838030643375,-44.66774042647));
#1228 = CARTESIAN_POINT('',(11.753003067528,-44.25833371745));
#1229 = CARTESIAN_POINT('',(15.664887471987,-43.82128698953));
#1230 = ( GEOMETRIC_REPRESENTATION_CONTEXT(2) 
PARAMETRIC_REPRESENTATION_CONTEXT() REPRESENTATION_CONTEXT('2D SPACE',''
  ) );
#1231 = ADVANCED_FACE('',(#1232,#1335),#53,.T.);
#1232 = FACE_BOUND('',#1233,.T.);
#1233 = EDGE_LOOP('',(#1234,#1264,#1292,#1313,#1314));
#1234 = ORIENTED_EDGE('',*,*,#1235,.T.);
#1235 = EDGE_CURVE('',#1236,#1238,#1240,.T.);
#1236 = VERTEX_POINT('',#1237);
#1237 = CARTESIAN_POINT('',(487.07449300378,40.987184908816,-133.));
#1238 = VERTEX_POINT('',#1239);
#1239 = CARTESIAN_POINT('',(487.07449300378,-24.58010762354,-133.));
#1240 = SURFACE_CURVE('',#1241,(#1245,#1252),.PCURVE_S1.);
#1241 = LINE('',#1242,#1243);
#1242 = CARTESIAN_POINT('',(487.07449300378,8.096313296612,-133.));
#1243 = VECTOR('',#1244,1.);
#1244 = DIRECTION('',(0.,-1.,0.));
#1245 = PCURVE('',#53,#1246);
#1246 = DEFINITIONAL_REPRESENTATION('',(#1247),#1251);
#1247 = LINE('',#1248,#1249);
#1248 = CARTESIAN_POINT('',(22.129850377585,1.789009538693E-02));
#1249 = VECTOR('',#1250,1.);
#1250 = DIRECTION('',(0.,1.));
#1251 = ( GEOMETRIC_REPRESENTATION_CONTEXT(2) 
PARAMETRIC_REPRESENTATION_CONTEXT() REPRESENTATION_CONTEXT('2D SPACE',''
  ) );
#1252 = PCURVE('',#1253,#1258);
#1253 = PLANE('',#1254);
#1254 = AXIS2_PLACEMENT_3D('',#1255,#1256,#1257);
#1255 = CARTESIAN_POINT('',(565.28097977838,170.,-133.));
#1256 = DIRECTION('',(0.,0.,1.));
#1257 = DIRECTION('',(-1.,0.,0.));
#1258 = DEFINITIONAL_REPRESENTATION('',(#1259),#1263);
#1259 = LINE('',#1260,#1261);
#1260 = CARTESIAN_POINT('',(78.206486774594,161.90368670338));
#1261 = VECTOR('',#1262,1.);
#1262 = DIRECTION('',(0.,1.));
#1263 = ( GEOMETRIC_REPRESENTATION_CONTEXT(2) 
PARAMETRIC_REPRESENTATION_CONTEXT() REPRESENTATION_CONTEXT('2D SPACE',''
  ) );
#1264 = ORIENTED_EDGE('',*,*,#1265,.T.);
#1265 = EDGE_CURVE('',#1238,#1266,#1268,.T.);
#1266 = VERTEX_POINT('',#1267);
#1267 = CARTESIAN_POINT('',(487.07449300378,-24.58010762354,
    -177.4270386453));
#1268 = SURFACE_CURVE('',#1269,(#1273,#1280),.PCURVE_S1.);
#1269 = LINE('',#1270,#1271);
#1270 = CARTESIAN_POINT('',(487.07449300378,-24.58010762354,-133.));
#1271 = VECTOR('',#1272,1.);
#1272 = DIRECTION('',(-0.,-0.,-1.));
#1273 = PCURVE('',#53,#1274);
#1274 = DEFINITIONAL_REPRESENTATION('',(#1275),#1279);
#1275 = LINE('',#1276,#1277);
#1276 = CARTESIAN_POINT('',(22.129850377585,32.69431101554));
#1277 = VECTOR('',#1278,1.);
#1278 = DIRECTION('',(-1.,0.));
#1279 = ( GEOMETRIC_REPRESENTATION_CONTEXT(2) 
PARAMETRIC_REPRESENTATION_CONTEXT() REPRESENTATION_CONTEXT('2D SPACE',''
  ) );
#1280 = PCURVE('',#1281,#1286);
#1281 = PLANE('',#1282);
#1282 = AXIS2_PLACEMENT_3D('',#1283,#1284,#1285);
#1283 = CARTESIAN_POINT('',(487.07449300378,-24.58010762354,-133.));
#1284 = DIRECTION('',(0.642787609687,-0.766044443119,0.));
#1285 = DIRECTION('',(0.766044443119,0.642787609687,0.));
#1286 = DEFINITIONAL_REPRESENTATION('',(#1287),#1291);
#1287 = LINE('',#1288,#1289);
#1288 = CARTESIAN_POINT('',(0.,0.));
#1289 = VECTOR('',#1290,1.);
#1290 = DIRECTION('',(0.,-1.));
#1291 = ( GEOMETRIC_REPRESENTATION_CONTEXT(2) 
PARAMETRIC_REPRESENTATION_CONTEXT() REPRESENTATION_CONTEXT('2D SPACE',''
  ) );
#1292 = ORIENTED_EDGE('',*,*,#1293,.F.);
#1293 = EDGE_CURVE('',#22,#1266,#1294,.T.);
#1294 = SURFACE_CURVE('',#1295,(#1299,#1306),.PCURVE_S1.);
#1295 = LINE('',#1296,#1297);
#1296 = CARTESIAN_POINT('',(487.07449300378,126.25,-177.4270386453));
#1297 = VECTOR('',#1298,1.);
#1298 = DIRECTION('',(0.,-1.,0.));
#1299 = PCURVE('',#53,#1300);
#1300 = DEFINITIONAL_REPRESENTATION('',(#1301),#1305);
#1301 = LINE('',#1302,#1303);
#1302 = CARTESIAN_POINT('',(-22.29718826773,-118.135796608));
#1303 = VECTOR('',#1304,1.);
#1304 = DIRECTION('',(0.,1.));
#1305 = ( GEOMETRIC_REPRESENTATION_CONTEXT(2) 
PARAMETRIC_REPRESENTATION_CONTEXT() REPRESENTATION_CONTEXT('2D SPACE',''
  ) );
#1306 = PCURVE('',#84,#1307);
#1307 = DEFINITIONAL_REPRESENTATION('',(#1308),#1312);
#1308 = LINE('',#1309,#1310);
#1309 = CARTESIAN_POINT('',(6.23500026609,0.));
#1310 = VECTOR('',#1311,1.);
#1311 = DIRECTION('',(0.,1.));
#1312 = ( GEOMETRIC_REPRESENTATION_CONTEXT(2) 
PARAMETRIC_REPRESENTATION_CONTEXT() REPRESENTATION_CONTEXT('2D SPACE',''
  ) );
#1313 = ORIENTED_EDGE('',*,*,#21,.T.);
#1314 = ORIENTED_EDGE('',*,*,#1315,.F.);
#1315 = EDGE_CURVE('',#1236,#24,#1316,.T.);
#1316 = SURFACE_CURVE('',#1317,(#1321,#1328),.PCURVE_S1.);
#1317 = LINE('',#1318,#1319);
#1318 = CARTESIAN_POINT('',(487.07449300378,40.987184908816,-133.));
#1319 = VECTOR('',#1320,1.);
#1320 = DIRECTION('',(-0.,-0.,-1.));
#1321 = PCURVE('',#53,#1322);
#1322 = DEFINITIONAL_REPRESENTATION('',(#1323),#1327);
#1323 = LINE('',#1324,#1325);
#1324 = CARTESIAN_POINT('',(22.129850377585,-32.87298151681));
#1325 = VECTOR('',#1326,1.);
#1326 = DIRECTION('',(-1.,0.));
#1327 = ( GEOMETRIC_REPRESENTATION_CONTEXT(2) 
PARAMETRIC_REPRESENTATION_CONTEXT() REPRESENTATION_CONTEXT('2D SPACE',''
  ) );
#1328 = PCURVE('',#1218,#1329);
#1329 = DEFINITIONAL_REPRESENTATION('',(#1330),#1334);
#1330 = LINE('',#1331,#1332);
#1331 = CARTESIAN_POINT('',(15.664887471987,0.));
#1332 = VECTOR('',#1333,1.);
#1333 = DIRECTION('',(0.,-1.));
#1334 = ( GEOMETRIC_REPRESENTATION_CONTEXT(2) 
PARAMETRIC_REPRESENTATION_CONTEXT() REPRESENTATION_CONTEXT('2D SPACE',''
  ) );
#1335 = FACE_BOUND('',#1336,.T.);
#1336 = EDGE_LOOP('',(#1337));
#1337 = ORIENTED_EDGE('',*,*,#1338,.F.);
#1338 = EDGE_CURVE('',#1339,#1339,#1341,.T.);
#1339 = VERTEX_POINT('',#1340);
#1340 = CARTESIAN_POINT('',(487.07449300378,-4.497236117495,
    -152.918817675));
#1341 = SURFACE_CURVE('',#1342,(#1347,#1354),.PCURVE_S1.);
#1342 = CIRCLE('',#1343,2.3);
#1343 = AXIS2_PLACEMENT_3D('',#1344,#1345,#1346);
#1344 = CARTESIAN_POINT('',(487.07449300378,-4.497236117495,
    -155.218817675));
#1345 = DIRECTION('',(1.,0.,-0.));
#1346 = DIRECTION('',(0.,0.,1.));
#1347 = PCURVE('',#53,#1348);
#1348 = DEFINITIONAL_REPRESENTATION('',(#1349),#1353);
#1349 = CIRCLE('',#1350,2.3);
#1350 = AXIS2_PLACEMENT_2D('',#1351,#1352);
#1351 = CARTESIAN_POINT('',(-8.896729747542E-02,12.611439509494));
#1352 = DIRECTION('',(1.,0.));
#1353 = ( GEOMETRIC_REPRESENTATION_CONTEXT(2) 
PARAMETRIC_REPRESENTATION_CONTEXT() REPRESENTATION_CONTEXT('2D SPACE',''
  ) );
#1354 = PCURVE('',#1355,#1360);
#1355 = CYLINDRICAL_SURFACE('',#1356,2.3);
#1356 = AXIS2_PLACEMENT_3D('',#1357,#1358,#1359);
#1357 = CARTESIAN_POINT('',(442.17449300378,-4.497236117495,
    -155.218817675));
#1358 = DIRECTION('',(1.,0.,0.));
#1359 = DIRECTION('',(0.,0.,1.));
#1360 = DEFINITIONAL_REPRESENTATION('',(#1361),#1365);
#1361 = LINE('',#1362,#1363);
#1362 = CARTESIAN_POINT('',(-6.28318530718,44.9));
#1363 = VECTOR('',#1364,1.);
#1364 = DIRECTION('',(1.,-0.));
#1365 = ( GEOMETRIC_REPRESENTATION_CONTEXT(2) 
PARAMETRIC_REPRESENTATION_CONTEXT() REPRESENTATION_CONTEXT('2D SPACE',''
  ) );
#1366 = ADVANCED_FACE('',(#1367),#1218,.F.);
#1367 = FACE_BOUND('',#1368,.F.);
#1368 = EDGE_LOOP('',(#1369,#1392,#1413,#1414));
#1369 = ORIENTED_EDGE('',*,*,#1370,.F.);
#1370 = EDGE_CURVE('',#1371,#1236,#1373,.T.);
#1371 = VERTEX_POINT('',#1372);
#1372 = CARTESIAN_POINT('',(499.07449300378,30.917989334688,-133.));
#1373 = SURFACE_CURVE('',#1374,(#1378,#1385),.PCURVE_S1.);
#1374 = LINE('',#1375,#1376);
#1375 = CARTESIAN_POINT('',(499.07449300378,30.917989334688,-133.));
#1376 = VECTOR('',#1377,1.);
#1377 = DIRECTION('',(-0.766044443119,0.642787609687,0.));
#1378 = PCURVE('',#1218,#1379);
#1379 = DEFINITIONAL_REPRESENTATION('',(#1380),#1384);
#1380 = LINE('',#1381,#1382);
#1381 = CARTESIAN_POINT('',(0.,0.));
#1382 = VECTOR('',#1383,1.);
#1383 = DIRECTION('',(1.,0.));
#1384 = ( GEOMETRIC_REPRESENTATION_CONTEXT(2) 
PARAMETRIC_REPRESENTATION_CONTEXT() REPRESENTATION_CONTEXT('2D SPACE',''
  ) );
#1385 = PCURVE('',#1253,#1386);
#1386 = DEFINITIONAL_REPRESENTATION('',(#1387),#1391);
#1387 = LINE('',#1388,#1389);
#1388 = CARTESIAN_POINT('',(66.206486774594,139.08201066531));
#1389 = VECTOR('',#1390,1.);
#1390 = DIRECTION('',(0.766044443119,-0.642787609687));
#1391 = ( GEOMETRIC_REPRESENTATION_CONTEXT(2) 
PARAMETRIC_REPRESENTATION_CONTEXT() REPRESENTATION_CONTEXT('2D SPACE',''
  ) );
#1392 = ORIENTED_EDGE('',*,*,#1393,.T.);
#1393 = EDGE_CURVE('',#1371,#1167,#1394,.T.);
#1394 = SURFACE_CURVE('',#1395,(#1399,#1406),.PCURVE_S1.);
#1395 = LINE('',#1396,#1397);
#1396 = CARTESIAN_POINT('',(499.07449300378,30.917989334688,-133.));
#1397 = VECTOR('',#1398,1.);
#1398 = DIRECTION('',(-0.,-0.,-1.));
#1399 = PCURVE('',#1218,#1400);
#1400 = DEFINITIONAL_REPRESENTATION('',(#1401),#1405);
#1401 = LINE('',#1402,#1403);
#1402 = CARTESIAN_POINT('',(0.,0.));
#1403 = VECTOR('',#1404,1.);
#1404 = DIRECTION('',(0.,-1.));
#1405 = ( GEOMETRIC_REPRESENTATION_CONTEXT(2) 
PARAMETRIC_REPRESENTATION_CONTEXT() REPRESENTATION_CONTEXT('2D SPACE',''
  ) );
#1406 = PCURVE('',#1186,#1407);
#1407 = DEFINITIONAL_REPRESENTATION('',(#1408),#1412);
#1408 = LINE('',#1409,#1410);
#1409 = CARTESIAN_POINT('',(44.571098615898,0.));
#1410 = VECTOR('',#1411,1.);
#1411 = DIRECTION('',(0.,-1.));
#1412 = ( GEOMETRIC_REPRESENTATION_CONTEXT(2) 
PARAMETRIC_REPRESENTATION_CONTEXT() REPRESENTATION_CONTEXT('2D SPACE',''
  ) );
#1413 = ORIENTED_EDGE('',*,*,#1200,.T.);
#1414 = ORIENTED_EDGE('',*,*,#1315,.F.);
#1415 = ADVANCED_FACE('',(#1416),#1186,.F.);
#1416 = FACE_BOUND('',#1417,.F.);
#1417 = EDGE_LOOP('',(#1418,#1441,#1462,#1463));
#1418 = ORIENTED_EDGE('',*,*,#1419,.F.);
#1419 = EDGE_CURVE('',#1420,#1371,#1422,.T.);
#1420 = VERTEX_POINT('',#1421);
#1421 = CARTESIAN_POINT('',(499.07449300378,75.489087950587,-133.));
#1422 = SURFACE_CURVE('',#1423,(#1427,#1434),.PCURVE_S1.);
#1423 = LINE('',#1424,#1425);
#1424 = CARTESIAN_POINT('',(499.07449300378,75.489087950587,-133.));
#1425 = VECTOR('',#1426,1.);
#1426 = DIRECTION('',(0.,-1.,0.));
#1427 = PCURVE('',#1186,#1428);
#1428 = DEFINITIONAL_REPRESENTATION('',(#1429),#1433);
#1429 = LINE('',#1430,#1431);
#1430 = CARTESIAN_POINT('',(0.,0.));
#1431 = VECTOR('',#1432,1.);
#1432 = DIRECTION('',(1.,0.));
#1433 = ( GEOMETRIC_REPRESENTATION_CONTEXT(2) 
PARAMETRIC_REPRESENTATION_CONTEXT() REPRESENTATION_CONTEXT('2D SPACE',''
  ) );
#1434 = PCURVE('',#1253,#1435);
#1435 = DEFINITIONAL_REPRESENTATION('',(#1436),#1440);
#1436 = LINE('',#1437,#1438);
#1437 = CARTESIAN_POINT('',(66.206486774594,94.510912049413));
#1438 = VECTOR('',#1439,1.);
#1439 = DIRECTION('',(0.,1.));
#1440 = ( GEOMETRIC_REPRESENTATION_CONTEXT(2) 
PARAMETRIC_REPRESENTATION_CONTEXT() REPRESENTATION_CONTEXT('2D SPACE',''
  ) );
#1441 = ORIENTED_EDGE('',*,*,#1442,.T.);
#1442 = EDGE_CURVE('',#1420,#1133,#1443,.T.);
#1443 = SURFACE_CURVE('',#1444,(#1448,#1455),.PCURVE_S1.);
#1444 = LINE('',#1445,#1446);
#1445 = CARTESIAN_POINT('',(499.07449300378,75.489087950587,-133.));
#1446 = VECTOR('',#1447,1.);
#1447 = DIRECTION('',(-0.,-0.,-1.));
#1448 = PCURVE('',#1186,#1449);
#1449 = DEFINITIONAL_REPRESENTATION('',(#1450),#1454);
#1450 = LINE('',#1451,#1452);
#1451 = CARTESIAN_POINT('',(0.,0.));
#1452 = VECTOR('',#1453,1.);
#1453 = DIRECTION('',(0.,-1.));
#1454 = ( GEOMETRIC_REPRESENTATION_CONTEXT(2) 
PARAMETRIC_REPRESENTATION_CONTEXT() REPRESENTATION_CONTEXT('2D SPACE',''
  ) );
#1455 = PCURVE('',#1152,#1456);
#1456 = DEFINITIONAL_REPRESENTATION('',(#1457),#1461);
#1457 = LINE('',#1458,#1459);
#1458 = CARTESIAN_POINT('',(15.664887471987,0.));
#1459 = VECTOR('',#1460,1.);
#1460 = DIRECTION('',(0.,-1.));
#1461 = ( GEOMETRIC_REPRESENTATION_CONTEXT(2) 
PARAMETRIC_REPRESENTATION_CONTEXT() REPRESENTATION_CONTEXT('2D SPACE',''
  ) );
#1462 = ORIENTED_EDGE('',*,*,#1166,.F.);
#1463 = ORIENTED_EDGE('',*,*,#1393,.F.);
#1464 = ADVANCED_FACE('',(#1465),#1152,.F.);
#1465 = FACE_BOUND('',#1466,.F.);
#1466 = EDGE_LOOP('',(#1467,#1490,#1511,#1512));
#1467 = ORIENTED_EDGE('',*,*,#1468,.F.);
#1468 = EDGE_CURVE('',#1469,#1420,#1471,.T.);
#1469 = VERTEX_POINT('',#1470);
#1470 = CARTESIAN_POINT('',(487.07449300378,65.419892376459,-133.));
#1471 = SURFACE_CURVE('',#1472,(#1476,#1483),.PCURVE_S1.);
#1472 = LINE('',#1473,#1474);
#1473 = CARTESIAN_POINT('',(487.07449300378,65.419892376459,-133.));
#1474 = VECTOR('',#1475,1.);
#1475 = DIRECTION('',(0.766044443119,0.642787609687,0.));
#1476 = PCURVE('',#1152,#1477);
#1477 = DEFINITIONAL_REPRESENTATION('',(#1478),#1482);
#1478 = LINE('',#1479,#1480);
#1479 = CARTESIAN_POINT('',(0.,0.));
#1480 = VECTOR('',#1481,1.);
#1481 = DIRECTION('',(1.,0.));
#1482 = ( GEOMETRIC_REPRESENTATION_CONTEXT(2) 
PARAMETRIC_REPRESENTATION_CONTEXT() REPRESENTATION_CONTEXT('2D SPACE',''
  ) );
#1483 = PCURVE('',#1253,#1484);
#1484 = DEFINITIONAL_REPRESENTATION('',(#1485),#1489);
#1485 = LINE('',#1486,#1487);
#1486 = CARTESIAN_POINT('',(78.206486774594,104.58010762354));
#1487 = VECTOR('',#1488,1.);
#1488 = DIRECTION('',(-0.766044443119,-0.642787609687));
#1489 = ( GEOMETRIC_REPRESENTATION_CONTEXT(2) 
PARAMETRIC_REPRESENTATION_CONTEXT() REPRESENTATION_CONTEXT('2D SPACE',''
  ) );
#1490 = ORIENTED_EDGE('',*,*,#1491,.T.);
#1491 = EDGE_CURVE('',#1469,#1104,#1492,.T.);
#1492 = SURFACE_CURVE('',#1493,(#1497,#1504),.PCURVE_S1.);
#1493 = LINE('',#1494,#1495);
#1494 = CARTESIAN_POINT('',(487.07449300378,65.419892376459,-133.));
#1495 = VECTOR('',#1496,1.);
#1496 = DIRECTION('',(-0.,-0.,-1.));
#1497 = PCURVE('',#1152,#1498);
#1498 = DEFINITIONAL_REPRESENTATION('',(#1499),#1503);
#1499 = LINE('',#1500,#1501);
#1500 = CARTESIAN_POINT('',(0.,0.));
#1501 = VECTOR('',#1502,1.);
#1502 = DIRECTION('',(0.,-1.));
#1503 = ( GEOMETRIC_REPRESENTATION_CONTEXT(2) 
PARAMETRIC_REPRESENTATION_CONTEXT() REPRESENTATION_CONTEXT('2D SPACE',''
  ) );
#1504 = PCURVE('',#1089,#1505);
#1505 = DEFINITIONAL_REPRESENTATION('',(#1506),#1510);
#1506 = LINE('',#1507,#1508);
#1507 = CARTESIAN_POINT('',(18.927057188365,31.199730937841));
#1508 = VECTOR('',#1509,1.);
#1509 = DIRECTION('',(-1.,0.));
#1510 = ( GEOMETRIC_REPRESENTATION_CONTEXT(2) 
PARAMETRIC_REPRESENTATION_CONTEXT() REPRESENTATION_CONTEXT('2D SPACE',''
  ) );
#1511 = ORIENTED_EDGE('',*,*,#1132,.T.);
#1512 = ORIENTED_EDGE('',*,*,#1442,.F.);
#1513 = ADVANCED_FACE('',(#1514),#1089,.T.);
#1514 = FACE_BOUND('',#1515,.T.);
#1515 = EDGE_LOOP('',(#1516,#1539,#1540,#1541,#1542));
#1516 = ORIENTED_EDGE('',*,*,#1517,.T.);
#1517 = EDGE_CURVE('',#1518,#1469,#1520,.T.);
#1518 = VERTEX_POINT('',#1519);
#1519 = CARTESIAN_POINT('',(487.07449300378,130.98718490881,-133.));
#1520 = SURFACE_CURVE('',#1521,(#1525,#1532),.PCURVE_S1.);
#1521 = LINE('',#1522,#1523);
#1522 = CARTESIAN_POINT('',(487.07449300378,98.096313296612,-133.));
#1523 = VECTOR('',#1524,1.);
#1524 = DIRECTION('',(0.,-1.,0.));
#1525 = PCURVE('',#1089,#1526);
#1526 = DEFINITIONAL_REPRESENTATION('',(#1527),#1531);
#1527 = LINE('',#1528,#1529);
#1528 = CARTESIAN_POINT('',(18.927057188365,-1.476689982311));
#1529 = VECTOR('',#1530,1.);
#1530 = DIRECTION('',(0.,1.));
#1531 = ( GEOMETRIC_REPRESENTATION_CONTEXT(2) 
PARAMETRIC_REPRESENTATION_CONTEXT() REPRESENTATION_CONTEXT('2D SPACE',''
  ) );
#1532 = PCURVE('',#1253,#1533);
#1533 = DEFINITIONAL_REPRESENTATION('',(#1534),#1538);
#1534 = LINE('',#1535,#1536);
#1535 = CARTESIAN_POINT('',(78.206486774594,71.903686703388));
#1536 = VECTOR('',#1537,1.);
#1537 = DIRECTION('',(0.,1.));
#1538 = ( GEOMETRIC_REPRESENTATION_CONTEXT(2) 
PARAMETRIC_REPRESENTATION_CONTEXT() REPRESENTATION_CONTEXT('2D SPACE',''
  ) );
#1539 = ORIENTED_EDGE('',*,*,#1491,.T.);
#1540 = ORIENTED_EDGE('',*,*,#1103,.T.);
#1541 = ORIENTED_EDGE('',*,*,#1069,.T.);
#1542 = ORIENTED_EDGE('',*,*,#1543,.F.);
#1543 = EDGE_CURVE('',#1518,#1036,#1544,.T.);
#1544 = SURFACE_CURVE('',#1545,(#1549,#1556),.PCURVE_S1.);
#1545 = LINE('',#1546,#1547);
#1546 = CARTESIAN_POINT('',(487.07449300378,130.98718490881,-133.));
#1547 = VECTOR('',#1548,1.);
#1548 = DIRECTION('',(-0.,-0.,-1.));
#1549 = PCURVE('',#1089,#1550);
#1550 = DEFINITIONAL_REPRESENTATION('',(#1551),#1555);
#1551 = LINE('',#1552,#1553);
#1552 = CARTESIAN_POINT('',(18.927057188365,-34.36756159451));
#1553 = VECTOR('',#1554,1.);
#1554 = DIRECTION('',(-1.,0.));
#1555 = ( GEOMETRIC_REPRESENTATION_CONTEXT(2) 
PARAMETRIC_REPRESENTATION_CONTEXT() REPRESENTATION_CONTEXT('2D SPACE',''
  ) );
#1556 = PCURVE('',#1055,#1557);
#1557 = DEFINITIONAL_REPRESENTATION('',(#1558),#1562);
#1558 = LINE('',#1559,#1560);
#1559 = CARTESIAN_POINT('',(15.664887471987,0.));
#1560 = VECTOR('',#1561,1.);
#1561 = DIRECTION('',(0.,-1.));
#1562 = ( GEOMETRIC_REPRESENTATION_CONTEXT(2) 
PARAMETRIC_REPRESENTATION_CONTEXT() REPRESENTATION_CONTEXT('2D SPACE',''
  ) );
#1563 = ADVANCED_FACE('',(#1564),#1055,.F.);
#1564 = FACE_BOUND('',#1565,.F.);
#1565 = EDGE_LOOP('',(#1566,#1589,#1610,#1611));
#1566 = ORIENTED_EDGE('',*,*,#1567,.F.);
#1567 = EDGE_CURVE('',#1568,#1518,#1570,.T.);
#1568 = VERTEX_POINT('',#1569);
#1569 = CARTESIAN_POINT('',(499.07449300378,120.91798933468,-133.));
#1570 = SURFACE_CURVE('',#1571,(#1575,#1582),.PCURVE_S1.);
#1571 = LINE('',#1572,#1573);
#1572 = CARTESIAN_POINT('',(499.07449300378,120.91798933468,-133.));
#1573 = VECTOR('',#1574,1.);
#1574 = DIRECTION('',(-0.766044443119,0.642787609687,0.));
#1575 = PCURVE('',#1055,#1576);
#1576 = DEFINITIONAL_REPRESENTATION('',(#1577),#1581);
#1577 = LINE('',#1578,#1579);
#1578 = CARTESIAN_POINT('',(0.,0.));
#1579 = VECTOR('',#1580,1.);
#1580 = DIRECTION('',(1.,0.));
#1581 = ( GEOMETRIC_REPRESENTATION_CONTEXT(2) 
PARAMETRIC_REPRESENTATION_CONTEXT() REPRESENTATION_CONTEXT('2D SPACE',''
  ) );
#1582 = PCURVE('',#1253,#1583);
#1583 = DEFINITIONAL_REPRESENTATION('',(#1584),#1588);
#1584 = LINE('',#1585,#1586);
#1585 = CARTESIAN_POINT('',(66.206486774594,49.082010665312));
#1586 = VECTOR('',#1587,1.);
#1587 = DIRECTION('',(0.766044443119,-0.642787609687));
#1588 = ( GEOMETRIC_REPRESENTATION_CONTEXT(2) 
PARAMETRIC_REPRESENTATION_CONTEXT() REPRESENTATION_CONTEXT('2D SPACE',''
  ) );
#1589 = ORIENTED_EDGE('',*,*,#1590,.T.);
#1590 = EDGE_CURVE('',#1568,#1002,#1591,.T.);
#1591 = SURFACE_CURVE('',#1592,(#1596,#1603),.PCURVE_S1.);
#1592 = LINE('',#1593,#1594);
#1593 = CARTESIAN_POINT('',(499.07449300378,120.91798933468,-133.));
#1594 = VECTOR('',#1595,1.);
#1595 = DIRECTION('',(-0.,-0.,-1.));
#1596 = PCURVE('',#1055,#1597);
#1597 = DEFINITIONAL_REPRESENTATION('',(#1598),#1602);
#1598 = LINE('',#1599,#1600);
#1599 = CARTESIAN_POINT('',(0.,0.));
#1600 = VECTOR('',#1601,1.);
#1601 = DIRECTION('',(0.,-1.));
#1602 = ( GEOMETRIC_REPRESENTATION_CONTEXT(2) 
PARAMETRIC_REPRESENTATION_CONTEXT() REPRESENTATION_CONTEXT('2D SPACE',''
  ) );
#1603 = PCURVE('',#1021,#1604);
#1604 = DEFINITIONAL_REPRESENTATION('',(#1605),#1609);
#1605 = LINE('',#1606,#1607);
#1606 = CARTESIAN_POINT('',(44.571098615898,0.));
#1607 = VECTOR('',#1608,1.);
#1608 = DIRECTION('',(0.,-1.));
#1609 = ( GEOMETRIC_REPRESENTATION_CONTEXT(2) 
PARAMETRIC_REPRESENTATION_CONTEXT() REPRESENTATION_CONTEXT('2D SPACE',''
  ) );
#1610 = ORIENTED_EDGE('',*,*,#1035,.F.);
#1611 = ORIENTED_EDGE('',*,*,#1543,.F.);
#1612 = ADVANCED_FACE('',(#1613,#1684),#1021,.F.);
#1613 = FACE_BOUND('',#1614,.F.);
#1614 = EDGE_LOOP('',(#1615,#1638,#1661,#1682,#1683));
#1615 = ORIENTED_EDGE('',*,*,#1616,.F.);
#1616 = EDGE_CURVE('',#1617,#1568,#1619,.T.);
#1617 = VERTEX_POINT('',#1618);
#1618 = CARTESIAN_POINT('',(499.07449300378,165.48908795058,-133.));
#1619 = SURFACE_CURVE('',#1620,(#1624,#1631),.PCURVE_S1.);
#1620 = LINE('',#1621,#1622);
#1621 = CARTESIAN_POINT('',(499.07449300378,165.48908795058,-133.));
#1622 = VECTOR('',#1623,1.);
#1623 = DIRECTION('',(0.,-1.,0.));
#1624 = PCURVE('',#1021,#1625);
#1625 = DEFINITIONAL_REPRESENTATION('',(#1626),#1630);
#1626 = LINE('',#1627,#1628);
#1627 = CARTESIAN_POINT('',(0.,0.));
#1628 = VECTOR('',#1629,1.);
#1629 = DIRECTION('',(1.,0.));
#1630 = ( GEOMETRIC_REPRESENTATION_CONTEXT(2) 
PARAMETRIC_REPRESENTATION_CONTEXT() REPRESENTATION_CONTEXT('2D SPACE',''
  ) );
#1631 = PCURVE('',#1253,#1632);
#1632 = DEFINITIONAL_REPRESENTATION('',(#1633),#1637);
#1633 = LINE('',#1634,#1635);
#1634 = CARTESIAN_POINT('',(66.206486774594,4.510912049413));
#1635 = VECTOR('',#1636,1.);
#1636 = DIRECTION('',(0.,1.));
#1637 = ( GEOMETRIC_REPRESENTATION_CONTEXT(2) 
PARAMETRIC_REPRESENTATION_CONTEXT() REPRESENTATION_CONTEXT('2D SPACE',''
  ) );
#1638 = ORIENTED_EDGE('',*,*,#1639,.T.);
#1639 = EDGE_CURVE('',#1617,#1640,#1642,.T.);
#1640 = VERTEX_POINT('',#1641);
#1641 = CARTESIAN_POINT('',(499.07449300378,165.48908795058,
    -157.491325999));
#1642 = SURFACE_CURVE('',#1643,(#1647,#1654),.PCURVE_S1.);
#1643 = LINE('',#1644,#1645);
#1644 = CARTESIAN_POINT('',(499.07449300378,165.48908795058,-133.));
#1645 = VECTOR('',#1646,1.);
#1646 = DIRECTION('',(-0.,-0.,-1.));
#1647 = PCURVE('',#1021,#1648);
#1648 = DEFINITIONAL_REPRESENTATION('',(#1649),#1653);
#1649 = LINE('',#1650,#1651);
#1650 = CARTESIAN_POINT('',(0.,0.));
#1651 = VECTOR('',#1652,1.);
#1652 = DIRECTION('',(0.,-1.));
#1653 = ( GEOMETRIC_REPRESENTATION_CONTEXT(2) 
PARAMETRIC_REPRESENTATION_CONTEXT() REPRESENTATION_CONTEXT('2D SPACE',''
  ) );
#1654 = PCURVE('',#958,#1655);
#1655 = DEFINITIONAL_REPRESENTATION('',(#1656),#1660);
#1656 = LINE('',#1657,#1658);
#1657 = CARTESIAN_POINT('',(15.664887471987,0.));
#1658 = VECTOR('',#1659,1.);
#1659 = DIRECTION('',(0.,-1.));
#1660 = ( GEOMETRIC_REPRESENTATION_CONTEXT(2) 
PARAMETRIC_REPRESENTATION_CONTEXT() REPRESENTATION_CONTEXT('2D SPACE',''
  ) );
#1661 = ORIENTED_EDGE('',*,*,#1662,.T.);
#1662 = EDGE_CURVE('',#1640,#973,#1663,.T.);
#1663 = SURFACE_CURVE('',#1664,(#1668,#1675),.PCURVE_S1.);
#1664 = LINE('',#1665,#1666);
#1665 = CARTESIAN_POINT('',(499.07449300378,155.97477518246,
    -160.1341906568));
#1666 = VECTOR('',#1667,1.);
#1667 = DIRECTION('',(0.,-0.96351790963,-0.267643863786));
#1668 = PCURVE('',#1021,#1669);
#1669 = DEFINITIONAL_REPRESENTATION('',(#1670),#1674);
#1670 = LINE('',#1671,#1672);
#1671 = CARTESIAN_POINT('',(9.51431276812,-27.13419065687));
#1672 = VECTOR('',#1673,1.);
#1673 = DIRECTION('',(0.96351790963,-0.267643863786));
#1674 = ( GEOMETRIC_REPRESENTATION_CONTEXT(2) 
PARAMETRIC_REPRESENTATION_CONTEXT() REPRESENTATION_CONTEXT('2D SPACE',''
  ) );
#1675 = PCURVE('',#989,#1676);
#1676 = DEFINITIONAL_REPRESENTATION('',(#1677),#1681);
#1677 = LINE('',#1678,#1679);
#1678 = CARTESIAN_POINT('',(6.247060099232,0.));
#1679 = VECTOR('',#1680,1.);
#1680 = DIRECTION('',(0.,1.));
#1681 = ( GEOMETRIC_REPRESENTATION_CONTEXT(2) 
PARAMETRIC_REPRESENTATION_CONTEXT() REPRESENTATION_CONTEXT('2D SPACE',''
  ) );
#1682 = ORIENTED_EDGE('',*,*,#1001,.F.);
#1683 = ORIENTED_EDGE('',*,*,#1590,.F.);
#1684 = FACE_BOUND('',#1685,.F.);
#1685 = EDGE_LOOP('',(#1686));
#1686 = ORIENTED_EDGE('',*,*,#1687,.T.);
#1687 = EDGE_CURVE('',#1688,#1688,#1690,.T.);
#1688 = VERTEX_POINT('',#1689);
#1689 = CARTESIAN_POINT('',(499.07449300378,135.687,-145.87));
#1690 = SURFACE_CURVE('',#1691,(#1696,#1707),.PCURVE_S1.);
#1691 = CIRCLE('',#1692,2.3);
#1692 = AXIS2_PLACEMENT_3D('',#1693,#1694,#1695);
#1693 = CARTESIAN_POINT('',(499.07449300378,135.687,-148.17));
#1694 = DIRECTION('',(1.,0.,-0.));
#1695 = DIRECTION('',(0.,0.,1.));
#1696 = PCURVE('',#1021,#1697);
#1697 = DEFINITIONAL_REPRESENTATION('',(#1698),#1706);
#1698 = ( BOUNDED_CURVE() B_SPLINE_CURVE(2,(#1699,#1700,#1701,#1702,
#1703,#1704,#1705),.UNSPECIFIED.,.T.,.F.) B_SPLINE_CURVE_WITH_KNOTS((1,2
    ,2,2,2,1),(-2.094395102393,0.,2.094395102393,4.188790204786,
6.28318530718,8.377580409573),.UNSPECIFIED.) CURVE() 
GEOMETRIC_REPRESENTATION_ITEM() RATIONAL_B_SPLINE_CURVE((1.,0.5,1.,0.5,
1.,0.5,1.)) REPRESENTATION_ITEM('') );
#1699 = CARTESIAN_POINT('',(29.802087950587,-12.86999999999));
#1700 = CARTESIAN_POINT('',(33.785804807996,-12.86999999999));
#1701 = CARTESIAN_POINT('',(31.793946379291,-16.31999999999));
#1702 = CARTESIAN_POINT('',(29.802087950587,-19.76999999999));
#1703 = CARTESIAN_POINT('',(27.810229521883,-16.31999999999));
#1704 = CARTESIAN_POINT('',(25.818371093179,-12.86999999999));
#1705 = CARTESIAN_POINT('',(29.802087950587,-12.86999999999));
#1706 = ( GEOMETRIC_REPRESENTATION_CONTEXT(2) 
PARAMETRIC_REPRESENTATION_CONTEXT() REPRESENTATION_CONTEXT('2D SPACE',''
  ) );
#1707 = PCURVE('',#1708,#1713);
#1708 = CYLINDRICAL_SURFACE('',#1709,2.3);
#1709 = AXIS2_PLACEMENT_3D('',#1710,#1711,#1712);
#1710 = CARTESIAN_POINT('',(442.17449300378,135.687,-148.17));
#1711 = DIRECTION('',(1.,0.,0.));
#1712 = DIRECTION('',(0.,0.,1.));
#1713 = DEFINITIONAL_REPRESENTATION('',(#1714),#1718);
#1714 = LINE('',#1715,#1716);
#1715 = CARTESIAN_POINT('',(-6.28318530718,56.9));
#1716 = VECTOR('',#1717,1.);
#1717 = DIRECTION('',(1.,-0.));
#1718 = ( GEOMETRIC_REPRESENTATION_CONTEXT(2) 
PARAMETRIC_REPRESENTATION_CONTEXT() REPRESENTATION_CONTEXT('2D SPACE',''
  ) );
#1719 = ADVANCED_FACE('',(#1720),#989,.T.);
#1720 = FACE_BOUND('',#1721,.T.);
#1721 = EDGE_LOOP('',(#1722,#1723,#1724));
#1722 = ORIENTED_EDGE('',*,*,#1662,.T.);
#1723 = ORIENTED_EDGE('',*,*,#972,.F.);
#1724 = ORIENTED_EDGE('',*,*,#1725,.T.);
#1725 = EDGE_CURVE('',#939,#1640,#1726,.T.);
#1726 = SURFACE_CURVE('',#1727,(#1732,#1742),.PCURVE_S1.);
#1727 = ELLIPSE('',#1728,1.354834483392E+03,1.E+03);
#1728 = AXIS2_PLACEMENT_3D('',#1729,#1730,#1731);
#1729 = CARTESIAN_POINT('',(592.5015522016,243.88369886544,
    897.60889925537));
#1730 = DIRECTION('',(0.642787609687,-0.766044443119,2.775557561563E-17)
  );
#1731 = DIRECTION('',(-0.703192765447,-0.590048790133,-0.396689248512));
#1732 = PCURVE('',#989,#1733);
#1733 = DEFINITIONAL_REPRESENTATION('',(#1734),#1741);
#1734 = B_SPLINE_CURVE_WITH_KNOTS('',5,(#1735,#1736,#1737,#1738,#1739,
    #1740),.UNSPECIFIED.,.F.,.F.,(6,6),(1.162593346625,1.169673731299),
  .PIECEWISE_BEZIER_KNOTS.);
#1735 = CARTESIAN_POINT('',(6.241184918406,-4.939091013615));
#1736 = CARTESIAN_POINT('',(6.24260099534,-6.127168795458));
#1737 = CARTESIAN_POINT('',(6.244017072275,-7.316156122359));
#1738 = CARTESIAN_POINT('',(6.24543314921,-8.506048030938));
#1739 = CARTESIAN_POINT('',(6.246849226144,-9.69683955022));
#1740 = CARTESIAN_POINT('',(6.248265303079,-10.88852570175));
#1741 = ( GEOMETRIC_REPRESENTATION_CONTEXT(2) 
PARAMETRIC_REPRESENTATION_CONTEXT() REPRESENTATION_CONTEXT('2D SPACE',''
  ) );
#1742 = PCURVE('',#958,#1743);
#1743 = DEFINITIONAL_REPRESENTATION('',(#1744),#1748);
#1744 = ELLIPSE('',#1745,1.354834483392E+03,1.E+03);
#1745 = AXIS2_PLACEMENT_2D('',#1746,#1747);
#1746 = CARTESIAN_POINT('',(137.62525156969,1.030608899255E+03));
#1747 = DIRECTION('',(-0.917952961821,-0.396689248512));
#1748 = ( GEOMETRIC_REPRESENTATION_CONTEXT(2) 
PARAMETRIC_REPRESENTATION_CONTEXT() REPRESENTATION_CONTEXT('2D SPACE',''
  ) );
#1749 = ADVANCED_FACE('',(#1750),#958,.F.);
#1750 = FACE_BOUND('',#1751,.F.);
#1751 = EDGE_LOOP('',(#1752,#1775,#1796,#1797,#1798));
#1752 = ORIENTED_EDGE('',*,*,#1753,.F.);
#1753 = EDGE_CURVE('',#1754,#1617,#1756,.T.);
#1754 = VERTEX_POINT('',#1755);
#1755 = CARTESIAN_POINT('',(487.07449300378,155.41989237645,-133.));
#1756 = SURFACE_CURVE('',#1757,(#1761,#1768),.PCURVE_S1.);
#1757 = LINE('',#1758,#1759);
#1758 = CARTESIAN_POINT('',(487.07449300378,155.41989237645,-133.));
#1759 = VECTOR('',#1760,1.);
#1760 = DIRECTION('',(0.766044443119,0.642787609687,0.));
#1761 = PCURVE('',#958,#1762);
#1762 = DEFINITIONAL_REPRESENTATION('',(#1763),#1767);
#1763 = LINE('',#1764,#1765);
#1764 = CARTESIAN_POINT('',(0.,0.));
#1765 = VECTOR('',#1766,1.);
#1766 = DIRECTION('',(1.,0.));
#1767 = ( GEOMETRIC_REPRESENTATION_CONTEXT(2) 
PARAMETRIC_REPRESENTATION_CONTEXT() REPRESENTATION_CONTEXT('2D SPACE',''
  ) );
#1768 = PCURVE('',#1253,#1769);
#1769 = DEFINITIONAL_REPRESENTATION('',(#1770),#1774);
#1770 = LINE('',#1771,#1772);
#1771 = CARTESIAN_POINT('',(78.206486774594,14.580107623541));
#1772 = VECTOR('',#1773,1.);
#1773 = DIRECTION('',(-0.766044443119,-0.642787609687));
#1774 = ( GEOMETRIC_REPRESENTATION_CONTEXT(2) 
PARAMETRIC_REPRESENTATION_CONTEXT() REPRESENTATION_CONTEXT('2D SPACE',''
  ) );
#1775 = ORIENTED_EDGE('',*,*,#1776,.T.);
#1776 = EDGE_CURVE('',#1754,#905,#1777,.T.);
#1777 = SURFACE_CURVE('',#1778,(#1782,#1789),.PCURVE_S1.);
#1778 = LINE('',#1779,#1780);
#1779 = CARTESIAN_POINT('',(487.07449300378,155.41989237645,-133.));
#1780 = VECTOR('',#1781,1.);
#1781 = DIRECTION('',(-0.,-0.,-1.));
#1782 = PCURVE('',#958,#1783);
#1783 = DEFINITIONAL_REPRESENTATION('',(#1784),#1788);
#1784 = LINE('',#1785,#1786);
#1785 = CARTESIAN_POINT('',(0.,0.));
#1786 = VECTOR('',#1787,1.);
#1787 = DIRECTION('',(0.,-1.));
#1788 = ( GEOMETRIC_REPRESENTATION_CONTEXT(2) 
PARAMETRIC_REPRESENTATION_CONTEXT() REPRESENTATION_CONTEXT('2D SPACE',''
  ) );
#1789 = PCURVE('',#924,#1790);
#1790 = DEFINITIONAL_REPRESENTATION('',(#1791),#1795);
#1791 = LINE('',#1792,#1793);
#1792 = CARTESIAN_POINT('',(32.676420920153,0.));
#1793 = VECTOR('',#1794,1.);
#1794 = DIRECTION('',(0.,-1.));
#1795 = ( GEOMETRIC_REPRESENTATION_CONTEXT(2) 
PARAMETRIC_REPRESENTATION_CONTEXT() REPRESENTATION_CONTEXT('2D SPACE',''
  ) );
#1796 = ORIENTED_EDGE('',*,*,#938,.T.);
#1797 = ORIENTED_EDGE('',*,*,#1725,.T.);
#1798 = ORIENTED_EDGE('',*,*,#1639,.F.);
#1799 = ADVANCED_FACE('',(#1800),#924,.F.);
#1800 = FACE_BOUND('',#1801,.F.);
#1801 = EDGE_LOOP('',(#1802,#1825,#1853,#1899,#1920,#1921));
#1802 = ORIENTED_EDGE('',*,*,#1803,.F.);
#1803 = EDGE_CURVE('',#1804,#1754,#1806,.T.);
#1804 = VERTEX_POINT('',#1805);
#1805 = CARTESIAN_POINT('',(487.07449300378,180.,-133.));
#1806 = SURFACE_CURVE('',#1807,(#1811,#1818),.PCURVE_S1.);
#1807 = LINE('',#1808,#1809);
#1808 = CARTESIAN_POINT('',(487.07449300378,188.09631329661,-133.));
#1809 = VECTOR('',#1810,1.);
#1810 = DIRECTION('',(0.,-1.,0.));
#1811 = PCURVE('',#924,#1812);
#1812 = DEFINITIONAL_REPRESENTATION('',(#1813),#1817);
#1813 = LINE('',#1814,#1815);
#1814 = CARTESIAN_POINT('',(0.,0.));
#1815 = VECTOR('',#1816,1.);
#1816 = DIRECTION('',(1.,0.));
#1817 = ( GEOMETRIC_REPRESENTATION_CONTEXT(2) 
PARAMETRIC_REPRESENTATION_CONTEXT() REPRESENTATION_CONTEXT('2D SPACE',''
  ) );
#1818 = PCURVE('',#1253,#1819);
#1819 = DEFINITIONAL_REPRESENTATION('',(#1820),#1824);
#1820 = LINE('',#1821,#1822);
#1821 = CARTESIAN_POINT('',(78.206486774594,-18.09631329661));
#1822 = VECTOR('',#1823,1.);
#1823 = DIRECTION('',(0.,1.));
#1824 = ( GEOMETRIC_REPRESENTATION_CONTEXT(2) 
PARAMETRIC_REPRESENTATION_CONTEXT() REPRESENTATION_CONTEXT('2D SPACE',''
  ) );
#1825 = ORIENTED_EDGE('',*,*,#1826,.T.);
#1826 = EDGE_CURVE('',#1804,#1827,#1829,.T.);
#1827 = VERTEX_POINT('',#1828);
#1828 = CARTESIAN_POINT('',(487.07449300378,180.,-151.6123630161));
#1829 = SURFACE_CURVE('',#1830,(#1834,#1841),.PCURVE_S1.);
#1830 = LINE('',#1831,#1832);
#1831 = CARTESIAN_POINT('',(487.07449300378,180.,-133.));
#1832 = VECTOR('',#1833,1.);
#1833 = DIRECTION('',(-0.,-0.,-1.));
#1834 = PCURVE('',#924,#1835);
#1835 = DEFINITIONAL_REPRESENTATION('',(#1836),#1840);
#1836 = LINE('',#1837,#1838);
#1837 = CARTESIAN_POINT('',(8.096313296612,4.831690603169E-13));
#1838 = VECTOR('',#1839,1.);
#1839 = DIRECTION('',(0.,-1.));
#1840 = ( GEOMETRIC_REPRESENTATION_CONTEXT(2) 
PARAMETRIC_REPRESENTATION_CONTEXT() REPRESENTATION_CONTEXT('2D SPACE',''
  ) );
#1841 = PCURVE('',#1842,#1847);
#1842 = PLANE('',#1843);
#1843 = AXIS2_PLACEMENT_3D('',#1844,#1845,#1846);
#1844 = CARTESIAN_POINT('',(705.,180.,-133.));
#1845 = DIRECTION('',(0.,-1.,0.));
#1846 = DIRECTION('',(-1.,0.,0.));
#1847 = DEFINITIONAL_REPRESENTATION('',(#1848),#1852);
#1848 = LINE('',#1849,#1850);
#1849 = CARTESIAN_POINT('',(217.92550699621,5.115907697473E-13));
#1850 = VECTOR('',#1851,1.);
#1851 = DIRECTION('',(0.,1.));
#1852 = ( GEOMETRIC_REPRESENTATION_CONTEXT(2) 
PARAMETRIC_REPRESENTATION_CONTEXT() REPRESENTATION_CONTEXT('2D SPACE',''
  ) );
#1853 = ORIENTED_EDGE('',*,*,#1854,.F.);
#1854 = EDGE_CURVE('',#1855,#1827,#1857,.T.);
#1855 = VERTEX_POINT('',#1856);
#1856 = CARTESIAN_POINT('',(487.07449300378,179.42164143885,
    -152.3766408511));
#1857 = SURFACE_CURVE('',#1858,(#1864,#1873),.PCURVE_S1.);
#1858 = B_SPLINE_CURVE_WITH_KNOTS('',4,(#1859,#1860,#1861,#1862,#1863),
  .UNSPECIFIED.,.F.,.F.,(5,5),(0.,1.),.PIECEWISE_BEZIER_KNOTS.);
#1859 = CARTESIAN_POINT('',(487.07449300378,179.42164143885,
    -152.3766408511));
#1860 = CARTESIAN_POINT('',(487.07449300378,179.56623112671,
    -152.1855717568));
#1861 = CARTESIAN_POINT('',(487.07449300378,179.71082078285,
    -151.9945024196));
#1862 = CARTESIAN_POINT('',(487.07449300378,179.85541040726,
    -151.8034328395));
#1863 = CARTESIAN_POINT('',(487.07449300378,180.,-151.6123630161));
#1864 = PCURVE('',#924,#1865);
#1865 = DEFINITIONAL_REPRESENTATION('',(#1866),#1872);
#1866 = B_SPLINE_CURVE_WITH_KNOTS('',4,(#1867,#1868,#1869,#1870,#1871),
  .UNSPECIFIED.,.F.,.F.,(5,5),(0.,1.),.PIECEWISE_BEZIER_KNOTS.);
#1867 = CARTESIAN_POINT('',(8.674671857761,-19.37664085119));
#1868 = CARTESIAN_POINT('',(8.530082169893,-19.18557175685));
#1869 = CARTESIAN_POINT('',(8.385492513762,-18.99450241969));
#1870 = CARTESIAN_POINT('',(8.240902889344,-18.80343283953));
#1871 = CARTESIAN_POINT('',(8.096313296612,-18.61236301618));
#1872 = ( GEOMETRIC_REPRESENTATION_CONTEXT(2) 
PARAMETRIC_REPRESENTATION_CONTEXT() REPRESENTATION_CONTEXT('2D SPACE',''
  ) );
#1873 = PCURVE('',#1874,#1891);
#1874 = B_SPLINE_SURFACE_WITH_KNOTS('',3,3,(
    (#1875,#1876,#1877,#1878)
    ,(#1879,#1880,#1881,#1882)
    ,(#1883,#1884,#1885,#1886)
    ,(#1887,#1888,#1889,#1890
    )),.UNSPECIFIED.,.F.,.F.,.F.,(4,4),(4,4),(0.,1.),(1.3E-16,
    0.114857514231),.PIECEWISE_BEZIER_KNOTS.);
#1875 = CARTESIAN_POINT('',(592.5015522016,180.,-157.4));
#1876 = CARTESIAN_POINT('',(554.23955540716,180.,-157.4));
#1877 = CARTESIAN_POINT('',(515.97766934814,180.,-155.1169595524));
#1878 = CARTESIAN_POINT('',(477.96774014744,180.,-150.565901701));
#1879 = CARTESIAN_POINT('',(592.5015522016,179.80729641807,
    -157.6535287727));
#1880 = CARTESIAN_POINT('',(554.22948132193,179.80729641807,
    -157.6535287727));
#1881 = CARTESIAN_POINT('',(515.95752138816,179.80726356864,
    -155.3697680949));
#1882 = CARTESIAN_POINT('',(477.93764150378,179.80719877873,
    -150.8172822266));
#1883 = CARTESIAN_POINT('',(592.5015522016,179.61459283614,
    -157.9070575455));
#1884 = CARTESIAN_POINT('',(554.2194072367,179.61459283614,
    -157.9070575455));
#1885 = CARTESIAN_POINT('',(515.93737342817,179.61452713729,
    -155.6225766373));
#1886 = CARTESIAN_POINT('',(477.90754286012,179.61439755745,
    -151.0686627521));
#1887 = CARTESIAN_POINT('',(592.5015522016,179.42188925422,
    -158.1605863182));
#1888 = CARTESIAN_POINT('',(554.20933315147,179.42188925422,
    -158.1605863182));
#1889 = CARTESIAN_POINT('',(515.91722546819,179.42179070594,
    -155.8753851798));
#1890 = CARTESIAN_POINT('',(477.87744421646,179.42159633618,
    -151.3200432777));
#1891 = DEFINITIONAL_REPRESENTATION('',(#1892),#1898);
#1892 = B_SPLINE_CURVE_WITH_KNOTS('',4,(#1893,#1894,#1895,#1896,#1897),
  .UNSPECIFIED.,.F.,.F.,(5,5),(0.,1.),.PIECEWISE_BEZIER_KNOTS.);
#1893 = CARTESIAN_POINT('',(1.,0.105605785746));
#1894 = CARTESIAN_POINT('',(0.749999749006,0.105626667497));
#1895 = CARTESIAN_POINT('',(0.499999665238,0.105647560229));
#1896 = CARTESIAN_POINT('',(0.249999748851,0.105668463956));
#1897 = CARTESIAN_POINT('',(0.,0.105689378692));
#1898 = ( GEOMETRIC_REPRESENTATION_CONTEXT(2) 
PARAMETRIC_REPRESENTATION_CONTEXT() REPRESENTATION_CONTEXT('2D SPACE',''
  ) );
#1899 = ORIENTED_EDGE('',*,*,#1900,.T.);
#1900 = EDGE_CURVE('',#1855,#876,#1901,.T.);
#1901 = SURFACE_CURVE('',#1902,(#1906,#1913),.PCURVE_S1.);
#1902 = LINE('',#1903,#1904);
#1903 = CARTESIAN_POINT('',(487.07449300378,155.65384656308,
    -158.978847627));
#1904 = VECTOR('',#1905,1.);
#1905 = DIRECTION('',(0.,-0.96351790963,-0.267643863786));
#1906 = PCURVE('',#924,#1907);
#1907 = DEFINITIONAL_REPRESENTATION('',(#1908),#1912);
#1908 = LINE('',#1909,#1910);
#1909 = CARTESIAN_POINT('',(32.442466733529,-25.97884762709));
#1910 = VECTOR('',#1911,1.);
#1911 = DIRECTION('',(0.96351790963,-0.267643863786));
#1912 = ( GEOMETRIC_REPRESENTATION_CONTEXT(2) 
PARAMETRIC_REPRESENTATION_CONTEXT() REPRESENTATION_CONTEXT('2D SPACE',''
  ) );
#1913 = PCURVE('',#892,#1914);
#1914 = DEFINITIONAL_REPRESENTATION('',(#1915),#1919);
#1915 = LINE('',#1916,#1917);
#1916 = CARTESIAN_POINT('',(6.23500026609,0.));
#1917 = VECTOR('',#1918,1.);
#1918 = DIRECTION('',(0.,1.));
#1919 = ( GEOMETRIC_REPRESENTATION_CONTEXT(2) 
PARAMETRIC_REPRESENTATION_CONTEXT() REPRESENTATION_CONTEXT('2D SPACE',''
  ) );
#1920 = ORIENTED_EDGE('',*,*,#904,.F.);
#1921 = ORIENTED_EDGE('',*,*,#1776,.F.);
#1922 = ADVANCED_FACE('',(#1923),#892,.T.);
#1923 = FACE_BOUND('',#1924,.T.);
#1924 = EDGE_LOOP('',(#1925,#1971,#1972,#1973));
#1925 = ORIENTED_EDGE('',*,*,#1926,.F.);
#1926 = EDGE_CURVE('',#1855,#1927,#1929,.T.);
#1927 = VERTEX_POINT('',#1928);
#1928 = CARTESIAN_POINT('',(477.87744421646,179.42159628772,
    -151.3200432911));
#1929 = SURFACE_CURVE('',#1930,(#1935,#1964),.PCURVE_S1.);
#1930 = B_SPLINE_CURVE_WITH_KNOTS('',3,(#1931,#1932,#1933,#1934),
  .UNSPECIFIED.,.F.,.F.,(4,4),(1.3E-16,0.114857514231),
  .PIECEWISE_BEZIER_KNOTS.);
#1931 = CARTESIAN_POINT('',(592.5015522016,179.42188925422,
    -158.1605863182));
#1932 = CARTESIAN_POINT('',(554.20933315147,179.42188925422,
    -158.1605863182));
#1933 = CARTESIAN_POINT('',(515.91722546819,179.42179070594,
    -155.8753851798));
#1934 = CARTESIAN_POINT('',(477.87744421646,179.42159633618,
    -151.3200432777));
#1935 = PCURVE('',#892,#1936);
#1936 = DEFINITIONAL_REPRESENTATION('',(#1937),#1963);
#1937 = B_SPLINE_CURVE_WITH_KNOTS('',3,(#1938,#1939,#1940,#1941,#1942,
    #1943,#1944,#1945,#1946,#1947,#1948,#1949,#1950,#1951,#1952,#1953,
    #1954,#1955,#1956,#1957,#1958,#1959,#1960,#1961,#1962),
  .UNSPECIFIED.,.F.,.F.,(4,1,1,1,1,1,1,1,1,1,1,1,1,1,1,1,1,1,1,1,1,1,4),
  (1.3E-16,5.220796101425E-03,1.044159220285E-02,1.566238830427E-02,
    2.08831844057E-02,2.610398050712E-02,3.132477660855E-02,
    3.654557270997E-02,4.17663688114E-02,4.698716491282E-02,
    5.220796101425E-02,5.742875711567E-02,6.26495532171E-02,
    6.787034931852E-02,7.309114541995E-02,7.831194152137E-02,
    8.35327376228E-02,8.875353372422E-02,9.397432982565E-02,
    9.919512592707E-02,0.104415922028,0.10963671813,0.114857514231),
  .UNSPECIFIED.);
#1938 = CARTESIAN_POINT('',(6.340623609888,-23.11993742804));
#1939 = CARTESIAN_POINT('',(6.338883054489,-23.11993742804));
#1940 = CARTESIAN_POINT('',(6.335401944104,-23.1224643913));
#1941 = CARTESIAN_POINT('',(6.330180279288,-23.13383345614));
#1942 = CARTESIAN_POINT('',(6.324958614707,-23.15277887112));
#1943 = CARTESIAN_POINT('',(6.319736950029,-23.17929836638));
#1944 = CARTESIAN_POINT('',(6.31451528503,-23.21338967212));
#1945 = CARTESIAN_POINT('',(6.309293619602,-23.2550505185));
#1946 = CARTESIAN_POINT('',(6.304071953726,-23.30427863568));
#1947 = CARTESIAN_POINT('',(6.298850287462,-23.36107175385));
#1948 = CARTESIAN_POINT('',(6.293628620932,-23.42542760317));
#1949 = CARTESIAN_POINT('',(6.288406954306,-23.49734391381));
#1950 = CARTESIAN_POINT('',(6.283185287783,-23.57681841595));
#1951 = CARTESIAN_POINT('',(6.277963621579,-23.66384883976));
#1952 = CARTESIAN_POINT('',(6.272741955911,-23.7584329154));
#1953 = CARTESIAN_POINT('',(6.267520290977,-23.86056837305));
#1954 = CARTESIAN_POINT('',(6.262298626948,-23.97025294288));
#1955 = CARTESIAN_POINT('',(6.257076963946,-24.08748435506));
#1956 = CARTESIAN_POINT('',(6.251855302032,-24.21226033977));
#1957 = CARTESIAN_POINT('',(6.246633641188,-24.34457862716));
#1958 = CARTESIAN_POINT('',(6.241411981305,-24.48443694742));
#1959 = CARTESIAN_POINT('',(6.236190322161,-24.63183303072));
#1960 = CARTESIAN_POINT('',(6.230968663425,-24.78676460723));
#1961 = CARTESIAN_POINT('',(6.227487557521,-24.89507447381));
#1962 = CARTESIAN_POINT('',(6.225747004471,-24.95048456603));
#1963 = ( GEOMETRIC_REPRESENTATION_CONTEXT(2) 
PARAMETRIC_REPRESENTATION_CONTEXT() REPRESENTATION_CONTEXT('2D SPACE',''
  ) );
#1964 = PCURVE('',#1874,#1965);
#1965 = DEFINITIONAL_REPRESENTATION('',(#1966),#1970);
#1966 = LINE('',#1967,#1968);
#1967 = CARTESIAN_POINT('',(1.,-3.E-17));
#1968 = VECTOR('',#1969,1.);
#1969 = DIRECTION('',(1.7399E-13,1.));
#1970 = ( GEOMETRIC_REPRESENTATION_CONTEXT(2) 
PARAMETRIC_REPRESENTATION_CONTEXT() REPRESENTATION_CONTEXT('2D SPACE',''
  ) );
#1971 = ORIENTED_EDGE('',*,*,#1900,.T.);
#1972 = ORIENTED_EDGE('',*,*,#875,.F.);
#1973 = ORIENTED_EDGE('',*,*,#1974,.F.);
#1974 = EDGE_CURVE('',#1927,#830,#1975,.T.);
#1975 = SURFACE_CURVE('',#1976,(#1980,#1987),.PCURVE_S1.);
#1976 = LINE('',#1977,#1978);
#1977 = CARTESIAN_POINT('',(477.87744421646,155.38135760286,
    -157.9978873703));
#1978 = VECTOR('',#1979,1.);
#1979 = DIRECTION('',(0.,-0.96351790963,-0.267643863786));
#1980 = PCURVE('',#892,#1981);
#1981 = DEFINITIONAL_REPRESENTATION('',(#1982),#1986);
#1982 = LINE('',#1983,#1984);
#1983 = CARTESIAN_POINT('',(6.225747004471,4.9738E-13));
#1984 = VECTOR('',#1985,1.);
#1985 = DIRECTION('',(0.,1.));
#1986 = ( GEOMETRIC_REPRESENTATION_CONTEXT(2) 
PARAMETRIC_REPRESENTATION_CONTEXT() REPRESENTATION_CONTEXT('2D SPACE',''
  ) );
#1987 = PCURVE('',#1988,#1993);
#1988 = PLANE('',#1989);
#1989 = AXIS2_PLACEMENT_3D('',#1990,#1991,#1992);
#1990 = CARTESIAN_POINT('',(470.,177.28350196716,-150.9706070817));
#1991 = DIRECTION('',(0.114624107985,-0.265879805916,0.957167301298));
#1992 = DIRECTION('',(0.992905765634,-1.52655665886E-16,-0.118903913187)
  );
#1993 = DEFINITIONAL_REPRESENTATION('',(#1994),#1998);
#1994 = LINE('',#1995,#1996);
#1995 = CARTESIAN_POINT('',(8.65713090636,-22.71992094752));
#1996 = VECTOR('',#1997,1.);
#1997 = DIRECTION('',(3.182390274467E-02,-0.999493491332));
#1998 = ( GEOMETRIC_REPRESENTATION_CONTEXT(2) 
PARAMETRIC_REPRESENTATION_CONTEXT() REPRESENTATION_CONTEXT('2D SPACE',''
  ) );
#1999 = ADVANCED_FACE('',(#2000),#135,.T.);
#2000 = FACE_BOUND('',#2001,.T.);
#2001 = EDGE_LOOP('',(#2002,#2024,#2025,#2164,#2191,#2211,#2212,#2351,
    #2378,#2452,#2527,#2528,#2556,#2608,#2683,#2704,#2705,#2727));
#2002 = ORIENTED_EDGE('',*,*,#2003,.T.);
#2003 = EDGE_CURVE('',#2004,#720,#2006,.T.);
#2004 = VERTEX_POINT('',#2005);
#2005 = CARTESIAN_POINT('',(480.94077979441,115.56146026331,
    -167.4087250758));
#2006 = SURFACE_CURVE('',#2007,(#2011,#2017),.PCURVE_S1.);
#2007 = ( BOUNDED_CURVE() B_SPLINE_CURVE(2,(#2008,#2009,#2010),
.UNSPECIFIED.,.F.,.F.) B_SPLINE_CURVE_WITH_KNOTS((3,3),(
5.497892678422E-02,0.362415600861),.PIECEWISE_BEZIER_KNOTS.) CURVE() 
GEOMETRIC_REPRESENTATION_ITEM() RATIONAL_B_SPLINE_CURVE((1.00000021332,
1.000000799874,1.00000127596)) REPRESENTATION_ITEM('') );
#2008 = CARTESIAN_POINT('',(480.94077979441,115.56146026331,
    -167.4087250758));
#2009 = CARTESIAN_POINT('',(479.40859394715,115.56146026331,
    -167.2288255179));
#2010 = CARTESIAN_POINT('',(477.87744421647,115.56146026331,
    -167.0490434447));
#2011 = PCURVE('',#135,#2012);
#2012 = DEFINITIONAL_REPRESENTATION('',(#2013),#2016);
#2013 = B_SPLINE_CURVE_WITH_KNOTS('',1,(#2014,#2015),.UNSPECIFIED.,.F.,
  .F.,(2,2),(5.497892678422E-02,0.362415600861),
  .PIECEWISE_BEZIER_KNOTS.);
#2014 = CARTESIAN_POINT('',(5.070509348394E-02,10.94077979441));
#2015 = CARTESIAN_POINT('',(5.082818037943E-02,7.877444216471));
#2016 = ( GEOMETRIC_REPRESENTATION_CONTEXT(2) 
PARAMETRIC_REPRESENTATION_CONTEXT() REPRESENTATION_CONTEXT('2D SPACE',''
  ) );
#2017 = PCURVE('',#758,#2018);
#2018 = DEFINITIONAL_REPRESENTATION('',(#2019),#2023);
#2019 = ( BOUNDED_CURVE() B_SPLINE_CURVE(2,(#2020,#2021,#2022),
.UNSPECIFIED.,.F.,.F.) B_SPLINE_CURVE_WITH_KNOTS((3,3),(
5.497892678422E-02,0.362415600861),.PIECEWISE_BEZIER_KNOTS.) CURVE() 
GEOMETRIC_REPRESENTATION_ITEM() RATIONAL_B_SPLINE_CURVE((1.00000021332,
1.000000799874,1.00000127596)) REPRESENTATION_ITEM('') );
#2020 = CARTESIAN_POINT('',(18.308982214451,69.137731874999));
#2021 = CARTESIAN_POINT('',(16.766947517335,69.18340806519));
#2022 = CARTESIAN_POINT('',(15.225955233528,69.229057521251));
#2023 = ( GEOMETRIC_REPRESENTATION_CONTEXT(2) 
PARAMETRIC_REPRESENTATION_CONTEXT() REPRESENTATION_CONTEXT('2D SPACE',''
  ) );
#2024 = ORIENTED_EDGE('',*,*,#719,.T.);
#2025 = ORIENTED_EDGE('',*,*,#2026,.T.);
#2026 = EDGE_CURVE('',#572,#2027,#2029,.T.);
#2027 = VERTEX_POINT('',#2028);
#2028 = CARTESIAN_POINT('',(481.31004682894,108.90053268821,
    -168.6635489593));
#2029 = SURFACE_CURVE('',#2030,(#2062,#2113),.PCURVE_S1.);
#2030 = B_SPLINE_CURVE_WITH_KNOTS('',3,(#2031,#2032,#2033,#2034,#2035,
    #2036,#2037,#2038,#2039,#2040,#2041,#2042,#2043,#2044,#2045,#2046,
    #2047,#2048,#2049,#2050,#2051,#2052,#2053,#2054,#2055,#2056,#2057,
    #2058,#2059,#2060,#2061),.UNSPECIFIED.,.F.,.F.,(4,3,3,3,3,3,3,3,3,3,
    4),(-0.587116124185,-0.553946105313,-0.483683253186,-0.422702762238,
    -0.341944405985,-0.297741031722,-0.204752168123,-0.172141800079,
    -0.11498085036,-4.188147453312E-02,0.),.UNSPECIFIED.);
#2031 = CARTESIAN_POINT('',(477.87744421646,112.73069165691,
    -167.5748098807));
#2032 = CARTESIAN_POINT('',(477.98682976223,112.71588615659,
    -167.590349868));
#2033 = CARTESIAN_POINT('',(478.09550665393,112.69872601878,
    -167.6062369593));
#2034 = CARTESIAN_POINT('',(478.20313572461,112.67899699184,
    -167.6224694293));
#2035 = CARTESIAN_POINT('',(478.43111768464,112.63720658891,
    -167.6568533582));
#2036 = CARTESIAN_POINT('',(478.65833120228,112.58317271044,
    -167.6933829867));
#2037 = CARTESIAN_POINT('',(478.88004818331,112.5138473782,
    -167.7320415172));
#2038 = CARTESIAN_POINT('',(479.07247433661,112.45368055224,
    -167.7655929046));
#2039 = CARTESIAN_POINT('',(479.26075755497,112.38199297919,
    -167.8007476138));
#2040 = CARTESIAN_POINT('',(479.44184009644,112.29679591484,
    -167.8374975626));
#2041 = CARTESIAN_POINT('',(479.6816533247,112.18396679905,
    -167.8861666601));
#2042 = CARTESIAN_POINT('',(479.90641372347,112.04859367505,
    -167.9371407557));
#2043 = CARTESIAN_POINT('',(480.1110821252,111.88694410146,
    -167.9904394829));
#2044 = CARTESIAN_POINT('',(480.22310810469,111.79846463094,
    -168.0196127313));
#2045 = CARTESIAN_POINT('',(480.32911506641,111.70211222943,
    -168.0494824703));
#2046 = CARTESIAN_POINT('',(480.42828341868,111.59727294575,
    -168.0800525107));
#2047 = CARTESIAN_POINT('',(480.6368998996,111.37672675415,
    -168.1443614771));
#2048 = CARTESIAN_POINT('',(480.80445925425,111.13003366004,
    -168.208434146));
#2049 = CARTESIAN_POINT('',(480.9351724211,110.86062267805,
    -168.2720433679));
#2050 = CARTESIAN_POINT('',(480.98101236702,110.766142641,
    -168.2943505567));
#2051 = CARTESIAN_POINT('',(481.02232068989,110.66886913034,
    -168.3166007382));
#2052 = CARTESIAN_POINT('',(481.05927847813,110.56895141814,
    -168.3387840693));
#2053 = CARTESIAN_POINT('',(481.12405978549,110.39381106659,
    -168.3776680302));
#2054 = CARTESIAN_POINT('',(481.1744253725,110.21336967916,
    -168.4157155705));
#2055 = CARTESIAN_POINT('',(481.21248096119,110.02974323565,
    -168.4527876976));
#2056 = CARTESIAN_POINT('',(481.26114774846,109.79491546472,
    -168.5001968006));
#2057 = CARTESIAN_POINT('',(481.28968526456,109.55487974552,
    -168.5460109334));
#2058 = CARTESIAN_POINT('',(481.30254550757,109.31414483841,
    -168.5899436054));
#2059 = CARTESIAN_POINT('',(481.3099136408,109.1762184503,
    -168.6151143413));
#2060 = CARTESIAN_POINT('',(481.31213618374,109.03806393558,
    -168.6396675248));
#2061 = CARTESIAN_POINT('',(481.31004682894,108.90053268821,
    -168.6635489593));
#2062 = PCURVE('',#135,#2063);
#2063 = DEFINITIONAL_REPRESENTATION('',(#2064),#2112);
#2064 = B_SPLINE_CURVE_WITH_KNOTS('',3,(#2065,#2066,#2067,#2068,#2069,
    #2070,#2071,#2072,#2073,#2074,#2075,#2076,#2077,#2078,#2079,#2080,
    #2081,#2082,#2083,#2084,#2085,#2086,#2087,#2088,#2089,#2090,#2091,
    #2092,#2093,#2094,#2095,#2096,#2097,#2098,#2099,#2100,#2101,#2102,
    #2103,#2104,#2105,#2106,#2107,#2108,#2109,#2110,#2111),
  .UNSPECIFIED.,.F.,.F.,(4,1,1,1,1,1,1,1,1,1,1,1,1,1,1,1,1,1,1,1,1,1,1,1
    ,1,1,1,1,1,1,1,1,1,1,1,1,1,1,1,1,1,1,1,1,4),(-0.587116124185,
    -0.573772575909,-0.560429027632,-0.547085479355,-0.533741931078,
    -0.520398382801,-0.507054834524,-0.493711286247,-0.48036773797,
    -0.467024189693,-0.453680641416,-0.440337093139,-0.426993544862,
    -0.413649996585,-0.400306448308,-0.386962900031,-0.373619351754,
    -0.360275803477,-0.346932255201,-0.333588706924,-0.320245158647,
    -0.30690161037,-0.293558062093,-0.280214513816,-0.266870965539,
    -0.253527417262,-0.240183868985,-0.226840320708,-0.213496772431,
    -0.200153224154,-0.186809675877,-0.1734661276,-0.160122579323,
    -0.146779031046,-0.133435482769,-0.120091934492,-0.106748386216,
    -9.34048379386E-02,-8.006128966166E-02,-6.671774138471E-02,
    -5.337419310777E-02,-4.003064483083E-02,-2.668709655389E-02,
    -1.334354827694E-02,0.),.UNSPECIFIED.);
#2065 = CARTESIAN_POINT('',(4.550531757619E-02,7.877444216467));
#2066 = CARTESIAN_POINT('',(4.549240135575E-02,7.921459731758));
#2067 = CARTESIAN_POINT('',(4.546516495018E-02,8.00921598471));
#2068 = CARTESIAN_POINT('',(4.54198678047E-02,8.140082974639));
#2069 = CARTESIAN_POINT('',(4.537003714494E-02,8.269920579418));
#2070 = CARTESIAN_POINT('',(4.531509316288E-02,8.39958309004));
#2071 = CARTESIAN_POINT('',(4.52548430767E-02,8.528760738695));
#2072 = CARTESIAN_POINT('',(4.518905059424E-02,8.657290134376));
#2073 = CARTESIAN_POINT('',(4.511749101016E-02,8.784968637616));
#2074 = CARTESIAN_POINT('',(4.503993683991E-02,8.911604281258));
#2075 = CARTESIAN_POINT('',(4.495615991966E-02,9.037001600361));
#2076 = CARTESIAN_POINT('',(4.48659328616E-02,9.160969270929));
#2077 = CARTESIAN_POINT('',(4.476903059088E-02,9.283312572134));
#2078 = CARTESIAN_POINT('',(4.466522049617E-02,9.403848550645));
#2079 = CARTESIAN_POINT('',(4.455429776554E-02,9.522350660874));
#2080 = CARTESIAN_POINT('',(4.44364770713E-02,9.638224212418));
#2081 = CARTESIAN_POINT('',(4.431149855011E-02,9.75142202981));
#2082 = CARTESIAN_POINT('',(4.417919890123E-02,9.861783869825));
#2083 = CARTESIAN_POINT('',(4.403938991115E-02,9.96917934708));
#2084 = CARTESIAN_POINT('',(4.389188630466E-02,10.073471807108));
#2085 = CARTESIAN_POINT('',(4.373651579646E-02,10.174519913513));
#2086 = CARTESIAN_POINT('',(4.357305013996E-02,10.272207991341));
#2087 = CARTESIAN_POINT('',(4.340146775431E-02,10.36632697037));
#2088 = CARTESIAN_POINT('',(4.322097715953E-02,10.457017472093));
#2089 = CARTESIAN_POINT('',(4.30344645315E-02,10.542728112537));
#2090 = CARTESIAN_POINT('',(4.284229480168E-02,10.623445781345));
#2091 = CARTESIAN_POINT('',(4.264451155126E-02,10.699268659155));
#2092 = CARTESIAN_POINT('',(4.244124475492E-02,10.770265039863));
#2093 = CARTESIAN_POINT('',(4.223259997501E-02,10.836511475952));
#2094 = CARTESIAN_POINT('',(4.201869385303E-02,10.898081372633));
#2095 = CARTESIAN_POINT('',(4.179962296128E-02,10.955052463707));
#2096 = CARTESIAN_POINT('',(4.157555326542E-02,11.007488263227));
#2097 = CARTESIAN_POINT('',(4.134639887855E-02,11.055503914608));
#2098 = CARTESIAN_POINT('',(4.111301270209E-02,11.099021902951));
#2099 = CARTESIAN_POINT('',(4.087712741817E-02,11.13791185603));
#2100 = CARTESIAN_POINT('',(4.063866850227E-02,11.172409797455));
#2101 = CARTESIAN_POINT('',(4.039803209089E-02,11.202656355919));
#2102 = CARTESIAN_POINT('',(4.015548752562E-02,11.228817468989));
#2103 = CARTESIAN_POINT('',(3.991134240294E-02,11.251054178728));
#2104 = CARTESIAN_POINT('',(3.966589729538E-02,11.26952942163));
#2105 = CARTESIAN_POINT('',(3.941945469692E-02,11.284405561281));
#2106 = CARTESIAN_POINT('',(3.917231673667E-02,11.295845113386));
#2107 = CARTESIAN_POINT('',(3.892478523087E-02,11.304010449221));
#2108 = CARTESIAN_POINT('',(3.867716386689E-02,11.30906427653));
#2109 = CARTESIAN_POINT('',(3.84297567256E-02,11.311168415577));
#2110 = CARTESIAN_POINT('',(3.82651636628E-02,11.310712501359));
#2111 = CARTESIAN_POINT('',(3.818300397933E-02,11.310046828949));
#2112 = ( GEOMETRIC_REPRESENTATION_CONTEXT(2) 
PARAMETRIC_REPRESENTATION_CONTEXT() REPRESENTATION_CONTEXT('2D SPACE',''
  ) );
#2113 = PCURVE('',#659,#2114);
#2114 = DEFINITIONAL_REPRESENTATION('',(#2115),#2163);
#2115 = B_SPLINE_CURVE_WITH_KNOTS('',3,(#2116,#2117,#2118,#2119,#2120,
    #2121,#2122,#2123,#2124,#2125,#2126,#2127,#2128,#2129,#2130,#2131,
    #2132,#2133,#2134,#2135,#2136,#2137,#2138,#2139,#2140,#2141,#2142,
    #2143,#2144,#2145,#2146,#2147,#2148,#2149,#2150,#2151,#2152,#2153,
    #2154,#2155,#2156,#2157,#2158,#2159,#2160,#2161,#2162),
  .UNSPECIFIED.,.F.,.F.,(4,1,1,1,1,1,1,1,1,1,1,1,1,1,1,1,1,1,1,1,1,1,1,1
    ,1,1,1,1,1,1,1,1,1,1,1,1,1,1,1,1,1,1,1,1,4),(-0.587116124185,
    -0.573772575909,-0.560429027632,-0.547085479355,-0.533741931078,
    -0.520398382801,-0.507054834524,-0.493711286247,-0.48036773797,
    -0.467024189693,-0.453680641416,-0.440337093139,-0.426993544862,
    -0.413649996585,-0.400306448308,-0.386962900031,-0.373619351754,
    -0.360275803477,-0.346932255201,-0.333588706924,-0.320245158647,
    -0.30690161037,-0.293558062093,-0.280214513816,-0.266870965539,
    -0.253527417262,-0.240183868985,-0.226840320708,-0.213496772431,
    -0.200153224154,-0.186809675877,-0.1734661276,-0.160122579323,
    -0.146779031046,-0.133435482769,-0.120091934492,-0.106748386216,
    -9.34048379386E-02,-8.006128966166E-02,-6.671774138471E-02,
    -5.337419310777E-02,-4.003064483083E-02,-2.668709655389E-02,
    -1.334354827694E-02,0.),.UNSPECIFIED.);
#2116 = CARTESIAN_POINT('',(0.856895230247,6.870529178529));
#2117 = CARTESIAN_POINT('',(0.851483146194,6.870289853029));
#2118 = CARTESIAN_POINT('',(0.840589085339,6.869798313109));
#2119 = CARTESIAN_POINT('',(0.824016655295,6.869019977396));
#2120 = CARTESIAN_POINT('',(0.807233650744,6.868200459485));
#2121 = CARTESIAN_POINT('',(0.790112349258,6.867331893521));
#2122 = CARTESIAN_POINT('',(0.772671414644,6.866413299955));
#2123 = CARTESIAN_POINT('',(0.754911456872,6.865442881224));
#2124 = CARTESIAN_POINT('',(0.736837943621,6.864419059081));
#2125 = CARTESIAN_POINT('',(0.718455070619,6.863340196041));
#2126 = CARTESIAN_POINT('',(0.699767487534,6.862204672241));
#2127 = CARTESIAN_POINT('',(0.680779385848,6.861010856574));
#2128 = CARTESIAN_POINT('',(0.661495535185,6.859757145295));
#2129 = CARTESIAN_POINT('',(0.641919062545,6.858441836442));
#2130 = CARTESIAN_POINT('',(0.622059603163,6.857063593566));
#2131 = CARTESIAN_POINT('',(0.601993555843,6.855626162002));
#2132 = CARTESIAN_POINT('',(0.581708291101,6.854127341896));
#2133 = CARTESIAN_POINT('',(0.561209496308,6.852566146166));
#2134 = CARTESIAN_POINT('',(0.540498102926,6.850941273426));
#2135 = CARTESIAN_POINT('',(0.519575928808,6.849251466728));
#2136 = CARTESIAN_POINT('',(0.498446215628,6.847495605676));
#2137 = CARTESIAN_POINT('',(0.477105733084,6.845671979231));
#2138 = CARTESIAN_POINT('',(0.455575152447,6.843781102376));
#2139 = CARTESIAN_POINT('',(0.433786102345,6.841815176644));
#2140 = CARTESIAN_POINT('',(0.412098057219,6.839806177971));
#2141 = CARTESIAN_POINT('',(0.390538057101,6.837757822717));
#2142 = CARTESIAN_POINT('',(0.369099528072,6.835670448053));
#2143 = CARTESIAN_POINT('',(0.347784908156,6.833545299856));
#2144 = CARTESIAN_POINT('',(0.326594082816,6.831383368367));
#2145 = CARTESIAN_POINT('',(0.305528003382,6.829185757665));
#2146 = CARTESIAN_POINT('',(0.284585774376,6.826953372106));
#2147 = CARTESIAN_POINT('',(0.263772723301,6.824687801111));
#2148 = CARTESIAN_POINT('',(0.243071540745,6.822388093559));
#2149 = CARTESIAN_POINT('',(0.222549220137,6.820062775428));
#2150 = CARTESIAN_POINT('',(0.20233855269,6.817728785708));
#2151 = CARTESIAN_POINT('',(0.18241038315,6.815384840414));
#2152 = CARTESIAN_POINT('',(0.162777610595,6.813034399682));
#2153 = CARTESIAN_POINT('',(0.143441684885,6.810679652465));
#2154 = CARTESIAN_POINT('',(0.124407286348,6.808323128328));
#2155 = CARTESIAN_POINT('',(0.10567837083,6.80596726557));
#2156 = CARTESIAN_POINT('',(8.725900426627E-02,6.803614526944));
#2157 = CARTESIAN_POINT('',(6.915315992047E-02,6.80126736865));
#2158 = CARTESIAN_POINT('',(5.136475093475E-02,6.798928248645));
#2159 = CARTESIAN_POINT('',(3.389780301233E-02,6.796599624415));
#2160 = CARTESIAN_POINT('',(1.675635990341E-02,6.794283953571));
#2161 = CARTESIAN_POINT('',(5.548396981397E-03,6.792750446985));
#2162 = CARTESIAN_POINT('',(0.,6.791986671784));
#2163 = ( GEOMETRIC_REPRESENTATION_CONTEXT(2) 
PARAMETRIC_REPRESENTATION_CONTEXT() REPRESENTATION_CONTEXT('2D SPACE',''
  ) );
#2164 = ORIENTED_EDGE('',*,*,#2165,.T.);
#2165 = EDGE_CURVE('',#2027,#2166,#2168,.T.);
#2166 = VERTEX_POINT('',#2167);
#2167 = CARTESIAN_POINT('',(481.27298981507,106.4276131484,
    -169.0871125661));
#2168 = SURFACE_CURVE('',#2169,(#2174,#2180),.PCURVE_S1.);
#2169 = ELLIPSE('',#2170,548.83139470148,546.71506667005);
#2170 = AXIS2_PLACEMENT_3D('',#2171,#2172,#2173);
#2171 = CARTESIAN_POINT('',(528.43868808199,15.3711846965,
    370.01928552097));
#2172 = DIRECTION('',(-0.996194698092,0.,8.715574274766E-02));
#2173 = DIRECTION('',(8.715574274766E-02,2.0103E-13,0.996194698092));
#2174 = PCURVE('',#135,#2175);
#2175 = DEFINITIONAL_REPRESENTATION('',(#2176),#2179);
#2176 = B_SPLINE_CURVE_WITH_KNOTS('',1,(#2177,#2178),.UNSPECIFIED.,.F.,
  .F.,(2,2),(2.969671876648,2.974260976515),.PIECEWISE_BEZIER_KNOTS.);
#2177 = CARTESIAN_POINT('',(3.818300397933E-02,11.310046828949));
#2178 = CARTESIAN_POINT('',(3.354802006447E-02,11.272989815078));
#2179 = ( GEOMETRIC_REPRESENTATION_CONTEXT(2) 
PARAMETRIC_REPRESENTATION_CONTEXT() REPRESENTATION_CONTEXT('2D SPACE',''
  ) );
#2180 = PCURVE('',#558,#2181);
#2181 = DEFINITIONAL_REPRESENTATION('',(#2182),#2190);
#2182 = ( BOUNDED_CURVE() B_SPLINE_CURVE(2,(#2183,#2184,#2185,#2186,
#2187,#2188,#2189),.UNSPECIFIED.,.T.,.F.) B_SPLINE_CURVE_WITH_KNOTS((1,2
    ,2,2,2,1),(-2.094395102393,0.,2.094395102393,4.188790204786,
6.28318530718,8.377580409573),.UNSPECIFIED.) CURVE() 
GEOMETRIC_REPRESENTATION_ITEM() RATIONAL_B_SPLINE_CURVE((1.,0.5,1.,0.5,
1.,0.5,1.)) REPRESENTATION_ITEM('') );
#2183 = CARTESIAN_POINT('',(-91.05642845179,1.157491776815E+03));
#2184 = CARTESIAN_POINT('',(855.88184428413,1.157491776815E+03));
#2185 = CARTESIAN_POINT('',(382.412707916,334.24468476245));
#2186 = CARTESIAN_POINT('',(-91.05642845212,-489.0024072896));
#2187 = CARTESIAN_POINT('',(-564.5255648199,334.24468476264));
#2188 = CARTESIAN_POINT('',(-1.037994701188E+03,1.157491776815E+03));
#2189 = CARTESIAN_POINT('',(-91.05642845179,1.157491776815E+03));
#2190 = ( GEOMETRIC_REPRESENTATION_CONTEXT(2) 
PARAMETRIC_REPRESENTATION_CONTEXT() REPRESENTATION_CONTEXT('2D SPACE',''
  ) );
#2191 = ORIENTED_EDGE('',*,*,#2192,.T.);
#2192 = EDGE_CURVE('',#2166,#491,#2193,.T.);
#2193 = SURFACE_CURVE('',#2194,(#2198,#2204),.PCURVE_S1.);
#2194 = LINE('',#2195,#2196);
#2195 = CARTESIAN_POINT('',(478.39343627336,106.4276131484,
    -168.7500472012));
#2196 = VECTOR('',#2197,1.);
#2197 = DIRECTION('',(-0.993218703321,-6.12E-15,0.116260945179));
#2198 = PCURVE('',#135,#2199);
#2199 = DEFINITIONAL_REPRESENTATION('',(#2200),#2203);
#2200 = B_SPLINE_CURVE_WITH_KNOTS('',1,(#2201,#2202),.UNSPECIFIED.,.F.,
  .F.,(2,2),(-2.89921397274,0.519514701912),.PIECEWISE_BEZIER_KNOTS.);
#2201 = CARTESIAN_POINT('',(3.354802006697E-02,11.272989815104));
#2202 = CARTESIAN_POINT('',(3.367162799614E-02,7.87744422593));
#2203 = ( GEOMETRIC_REPRESENTATION_CONTEXT(2) 
PARAMETRIC_REPRESENTATION_CONTEXT() REPRESENTATION_CONTEXT('2D SPACE',''
  ) );
#2204 = PCURVE('',#529,#2205);
#2205 = DEFINITIONAL_REPRESENTATION('',(#2206),#2210);
#2206 = LINE('',#2207,#2208);
#2207 = CARTESIAN_POINT('',(2.765809664716,67.57949826856));
#2208 = VECTOR('',#2209,1.);
#2209 = DIRECTION('',(-0.999572015323,2.92538233835E-02));
#2210 = ( GEOMETRIC_REPRESENTATION_CONTEXT(2) 
PARAMETRIC_REPRESENTATION_CONTEXT() REPRESENTATION_CONTEXT('2D SPACE',''
  ) );
#2211 = ORIENTED_EDGE('',*,*,#490,.T.);
#2212 = ORIENTED_EDGE('',*,*,#2213,.T.);
#2213 = EDGE_CURVE('',#343,#2214,#2216,.T.);
#2214 = VERTEX_POINT('',#2215);
#2215 = CARTESIAN_POINT('',(481.20137952981,101.44188819307,
    -169.9056218721));
#2216 = SURFACE_CURVE('',#2217,(#2249,#2300),.PCURVE_S1.);
#2217 = B_SPLINE_CURVE_WITH_KNOTS('',3,(#2218,#2219,#2220,#2221,#2222,
    #2223,#2224,#2225,#2226,#2227,#2228,#2229,#2230,#2231,#2232,#2233,
    #2234,#2235,#2236,#2237,#2238,#2239,#2240,#2241,#2242,#2243,#2244,
    #2245,#2246,#2247,#2248),.UNSPECIFIED.,.F.,.F.,(4,3,3,3,3,3,3,3,3,3,
    4),(-0.54506480158,-0.486493135128,-0.418306201673,-0.372519206173,
    -0.286557686629,-0.261526047915,-0.159632194343,-0.150550487029,
    -9.186939769403E-02,-2.321202817167E-02,0.),.UNSPECIFIED.);
#2218 = CARTESIAN_POINT('',(477.87744421647,104.8375461472,
    -168.9587585502));
#2219 = CARTESIAN_POINT('',(478.07230088833,104.81953970324,
    -168.9845762773));
#2220 = CARTESIAN_POINT('',(478.26593567325,104.79381647197,
    -169.0115433353));
#2221 = CARTESIAN_POINT('',(478.45599594811,104.7588504115,
    -169.0396371217));
#2222 = CARTESIAN_POINT('',(478.67725751976,104.7181441382,
    -169.0723429322));
#2223 = CARTESIAN_POINT('',(478.89750417836,104.66421231029,
    -169.1071435392));
#2224 = CARTESIAN_POINT('',(479.11139644781,104.59355790411,
    -169.1439784818));
#2225 = CARTESIAN_POINT('',(479.25502344323,104.54611401986,
    -169.1687128593));
#2226 = CARTESIAN_POINT('',(479.39578331417,104.49112883382,
    -169.1943643544));
#2227 = CARTESIAN_POINT('',(479.53205819368,104.42754965271,
    -169.2209145565));
#2228 = CARTESIAN_POINT('',(479.78790367098,104.30818468981,
    -169.270760494));
#2229 = CARTESIAN_POINT('',(480.02495334935,104.15992949545,
    -169.3231915365));
#2230 = CARTESIAN_POINT('',(480.2353179462,103.97720056648,
    -169.378121156));
#2231 = CARTESIAN_POINT('',(480.29657524615,103.92399065864,
    -169.3941164339));
#2232 = CARTESIAN_POINT('',(480.35556944713,103.86785768698,
    -169.4103235492));
#2233 = CARTESIAN_POINT('',(480.41210528624,103.80866444883,
    -169.426740325));
#2234 = CARTESIAN_POINT('',(480.64224021976,103.56771229985,
    -169.4935664954));
#2235 = CARTESIAN_POINT('',(480.81731108782,103.29105848976,
    -169.5596924403));
#2236 = CARTESIAN_POINT('',(480.94341594294,102.98417281241,
    -169.6247763342));
#2237 = CARTESIAN_POINT('',(480.954655555,102.95682036864,-169.630577203
    ));
#2238 = CARTESIAN_POINT('',(480.9655061951,102.92922773149,
    -169.636369795));
#2239 = CARTESIAN_POINT('',(480.9759721875,102.90139875419,
    -169.6421538687));
#2240 = CARTESIAN_POINT('',(481.04359777966,102.7215829281,
    -169.6795274298));
#2241 = CARTESIAN_POINT('',(481.09380964191,102.53548892272,
    -169.715792305));
#2242 = CARTESIAN_POINT('',(481.12948888087,102.34598419034,
    -169.7508120976));
#2243 = CARTESIAN_POINT('',(481.17123389142,102.1242620549,
    -169.7917855504));
#2244 = CARTESIAN_POINT('',(481.19308942519,101.89787507916,
    -169.8310549802));
#2245 = CARTESIAN_POINT('',(481.19970999846,101.67141979452,
    -169.8684054273));
#2246 = CARTESIAN_POINT('',(481.20194831511,101.594858655,-169.881033054
    ));
#2247 = CARTESIAN_POINT('',(481.20244518894,101.51828941078,
    -169.8934413324));
#2248 = CARTESIAN_POINT('',(481.20137952981,101.44188819307,
    -169.9056218721));
#2249 = PCURVE('',#135,#2250);
#2250 = DEFINITIONAL_REPRESENTATION('',(#2251),#2299);
#2251 = B_SPLINE_CURVE_WITH_KNOTS('',3,(#2252,#2253,#2254,#2255,#2256,
    #2257,#2258,#2259,#2260,#2261,#2262,#2263,#2264,#2265,#2266,#2267,
    #2268,#2269,#2270,#2271,#2272,#2273,#2274,#2275,#2276,#2277,#2278,
    #2279,#2280,#2281,#2282,#2283,#2284,#2285,#2286,#2287,#2288,#2289,
    #2290,#2291,#2292,#2293,#2294,#2295,#2296,#2297,#2298),
  .UNSPECIFIED.,.F.,.F.,(4,1,1,1,1,1,1,1,1,1,1,1,1,1,1,1,1,1,1,1,1,1,1,1
    ,1,1,1,1,1,1,1,1,1,1,1,1,1,1,1,1,1,1,1,1,4),(-0.54506480158,
    -0.532676965181,-0.520289128781,-0.507901292382,-0.495513455982,
    -0.483125619583,-0.470737783183,-0.458349946784,-0.445962110384,
    -0.433574273984,-0.421186437585,-0.408798601185,-0.396410764786,
    -0.384022928386,-0.371635091987,-0.359247255587,-0.346859419188,
    -0.334471582788,-0.322083746388,-0.309695909989,-0.297308073589,
    -0.28492023719,-0.27253240079,-0.260144564391,-0.247756727991,
    -0.235368891592,-0.222981055192,-0.210593218792,-0.198205382393,
    -0.185817545993,-0.173429709594,-0.161041873194,-0.148654036795,
    -0.136266200395,-0.123878363996,-0.111490527596,-9.910269119644E-02,
    -8.671485479689E-02,-7.432701839733E-02,-6.193918199778E-02,
    -4.955134559822E-02,-3.716350919867E-02,-2.477567279911E-02,
    -1.238783639956E-02,0.),.UNSPECIFIED.);
#2252 = CARTESIAN_POINT('',(3.069020264714E-02,7.87744421647));
#2253 = CARTESIAN_POINT('',(3.068158929344E-02,7.918656176152));
#2254 = CARTESIAN_POINT('',(3.066307304669E-02,8.000970317527));
#2255 = CARTESIAN_POINT('',(3.063127113987E-02,8.123982768517));
#2256 = CARTESIAN_POINT('',(3.059528952747E-02,8.246390574847));
#2257 = CARTESIAN_POINT('',(3.055495241633E-02,8.368105450599));
#2258 = CARTESIAN_POINT('',(3.051017181686E-02,8.488825202979));
#2259 = CARTESIAN_POINT('',(3.046046702584E-02,8.609213140595));
#2260 = CARTESIAN_POINT('',(3.04055626358E-02,8.729176868444));
#2261 = CARTESIAN_POINT('',(3.034524292818E-02,8.848497553092));
#2262 = CARTESIAN_POINT('',(3.027927629302E-02,8.966990114941));
#2263 = CARTESIAN_POINT('',(3.020743505224E-02,9.084460949552));
#2264 = CARTESIAN_POINT('',(3.012949173098E-02,9.200716854746));
#2265 = CARTESIAN_POINT('',(3.00452132721E-02,9.315570048026));
#2266 = CARTESIAN_POINT('',(2.995439178468E-02,9.428808302165));
#2267 = CARTESIAN_POINT('',(2.985672993708E-02,9.540314905114));
#2268 = CARTESIAN_POINT('',(2.97522683274E-02,9.649610072174));
#2269 = CARTESIAN_POINT('',(2.9640991652E-02,9.756373765896));
#2270 = CARTESIAN_POINT('',(2.952267305641E-02,9.860512146305));
#2271 = CARTESIAN_POINT('',(2.939714325675E-02,9.961870335904));
#2272 = CARTESIAN_POINT('',(2.926421410507E-02,10.06031149564));
#2273 = CARTESIAN_POINT('',(2.912371518729E-02,10.155687760841));
#2274 = CARTESIAN_POINT('',(2.897542384641E-02,10.247877426433));
#2275 = CARTESIAN_POINT('',(2.881930849327E-02,10.336665248769));
#2276 = CARTESIAN_POINT('',(2.865462796829E-02,10.422181836566));
#2277 = CARTESIAN_POINT('',(2.848338610534E-02,10.503220339122));
#2278 = CARTESIAN_POINT('',(2.830673933051E-02,10.579341988013));
#2279 = CARTESIAN_POINT('',(2.812451502023E-02,10.650747743087));
#2280 = CARTESIAN_POINT('',(2.79368973073E-02,10.717467021594));
#2281 = CARTESIAN_POINT('',(2.774397216075E-02,10.779575687925));
#2282 = CARTESIAN_POINT('',(2.754586127142E-02,10.837135363358));
#2283 = CARTESIAN_POINT('',(2.734264144046E-02,10.890218195174));
#2284 = CARTESIAN_POINT('',(2.713453315028E-02,10.93886846835));
#2285 = CARTESIAN_POINT('',(2.692122690251E-02,10.983231387614));
#2286 = CARTESIAN_POINT('',(2.670451533356E-02,11.02305161846));
#2287 = CARTESIAN_POINT('',(2.648530719557E-02,11.05837920065));
#2288 = CARTESIAN_POINT('',(2.6263735349E-02,11.08940701076));
#2289 = CARTESIAN_POINT('',(2.604014065112E-02,11.116289721409));
#2290 = CARTESIAN_POINT('',(2.581480792089E-02,11.139191893437));
#2291 = CARTESIAN_POINT('',(2.558803898594E-02,11.158277211592));
#2292 = CARTESIAN_POINT('',(2.536013007819E-02,11.173709995627));
#2293 = CARTESIAN_POINT('',(2.513137857058E-02,11.185654203673));
#2294 = CARTESIAN_POINT('',(2.490208154429E-02,11.194273872111));
#2295 = CARTESIAN_POINT('',(2.46725362514E-02,11.199732986334));
#2296 = CARTESIAN_POINT('',(2.444303971063E-02,11.202195557058));
#2297 = CARTESIAN_POINT('',(2.429027064781E-02,11.201948235642));
#2298 = CARTESIAN_POINT('',(2.421399244105E-02,11.20137952981));
#2299 = ( GEOMETRIC_REPRESENTATION_CONTEXT(2) 
PARAMETRIC_REPRESENTATION_CONTEXT() REPRESENTATION_CONTEXT('2D SPACE',''
  ) );
#2300 = PCURVE('',#430,#2301);
#2301 = DEFINITIONAL_REPRESENTATION('',(#2302),#2350);
#2302 = B_SPLINE_CURVE_WITH_KNOTS('',3,(#2303,#2304,#2305,#2306,#2307,
    #2308,#2309,#2310,#2311,#2312,#2313,#2314,#2315,#2316,#2317,#2318,
    #2319,#2320,#2321,#2322,#2323,#2324,#2325,#2326,#2327,#2328,#2329,
    #2330,#2331,#2332,#2333,#2334,#2335,#2336,#2337,#2338,#2339,#2340,
    #2341,#2342,#2343,#2344,#2345,#2346,#2347,#2348,#2349),
  .UNSPECIFIED.,.F.,.F.,(4,1,1,1,1,1,1,1,1,1,1,1,1,1,1,1,1,1,1,1,1,1,1,1
    ,1,1,1,1,1,1,1,1,1,1,1,1,1,1,1,1,1,1,1,1,4),(-0.54506480158,
    -0.532676965181,-0.520289128781,-0.507901292382,-0.495513455982,
    -0.483125619583,-0.470737783183,-0.458349946784,-0.445962110384,
    -0.433574273984,-0.421186437585,-0.408798601185,-0.396410764786,
    -0.384022928386,-0.371635091987,-0.359247255587,-0.346859419188,
    -0.334471582788,-0.322083746388,-0.309695909989,-0.297308073589,
    -0.28492023719,-0.27253240079,-0.260144564391,-0.247756727991,
    -0.235368891592,-0.222981055192,-0.210593218792,-0.198205382393,
    -0.185817545993,-0.173429709594,-0.161041873194,-0.148654036795,
    -0.136266200395,-0.123878363996,-0.111490527596,-9.910269119644E-02,
    -8.671485479689E-02,-7.432701839733E-02,-6.193918199778E-02,
    -4.955134559822E-02,-3.716350919867E-02,-2.477567279911E-02,
    -1.238783639956E-02,0.),.UNSPECIFIED.);
#2303 = CARTESIAN_POINT('',(0.900202207668,6.73266094583));
#2304 = CARTESIAN_POINT('',(0.894694193487,6.732476167698));
#2305 = CARTESIAN_POINT('',(0.883590377505,6.732095418401));
#2306 = CARTESIAN_POINT('',(0.866673838305,6.731489653237));
#2307 = CARTESIAN_POINT('',(0.84950148634,6.730848288786));
#2308 = CARTESIAN_POINT('',(0.832069732144,6.730170002802));
#2309 = CARTESIAN_POINT('',(0.814407003082,6.729454825697));
#2310 = CARTESIAN_POINT('',(0.79639762732,6.728696712215));
#2311 = CARTESIAN_POINT('',(0.778030669736,6.727893522907));
#2312 = CARTESIAN_POINT('',(0.759314651543,6.727043982608));
#2313 = CARTESIAN_POINT('',(0.740252840143,6.726146585907));
#2314 = CARTESIAN_POINT('',(0.720849771202,6.725199884103));
#2315 = CARTESIAN_POINT('',(0.701109952316,6.724202431898));
#2316 = CARTESIAN_POINT('',(0.681036811796,6.723152713666));
#2317 = CARTESIAN_POINT('',(0.660638523237,6.722049491697));
#2318 = CARTESIAN_POINT('',(0.639905106815,6.720890486943));
#2319 = CARTESIAN_POINT('',(0.61889560392,6.719677368857));
#2320 = CARTESIAN_POINT('',(0.59764588237,6.718411004237));
#2321 = CARTESIAN_POINT('',(0.576148705646,6.717089789608));
#2322 = CARTESIAN_POINT('',(0.554408472512,6.715712792625));
#2323 = CARTESIAN_POINT('',(0.532425965696,6.714278866691));
#2324 = CARTESIAN_POINT('',(0.510204633616,6.712787051086));
#2325 = CARTESIAN_POINT('',(0.48774072838,6.711235855841));
#2326 = CARTESIAN_POINT('',(0.465056487082,6.709625722101));
#2327 = CARTESIAN_POINT('',(0.442077762616,6.707949895801));
#2328 = CARTESIAN_POINT('',(0.419103111784,6.706229438095));
#2329 = CARTESIAN_POINT('',(0.396274585871,6.704475891595));
#2330 = CARTESIAN_POINT('',(0.373554702175,6.702687354238));
#2331 = CARTESIAN_POINT('',(0.350954167756,6.700865532763));
#2332 = CARTESIAN_POINT('',(0.328470537201,6.699011143384));
#2333 = CARTESIAN_POINT('',(0.306105862536,6.697125255603));
#2334 = CARTESIAN_POINT('',(0.283857437384,6.695208516298));
#2335 = CARTESIAN_POINT('',(0.26173716903,6.69326290956));
#2336 = CARTESIAN_POINT('',(0.239703342067,6.691285493247));
#2337 = CARTESIAN_POINT('',(0.217927019936,6.689292885798));
#2338 = CARTESIAN_POINT('',(0.196474042904,6.687292946862));
#2339 = CARTESIAN_POINT('',(0.175332290944,6.685286340177));
#2340 = CARTESIAN_POINT('',(0.154510521262,6.683275657619));
#2341 = CARTESIAN_POINT('',(0.134011848524,6.68126297442));
#2342 = CARTESIAN_POINT('',(0.113840998714,6.679250504246));
#2343 = CARTESIAN_POINT('',(9.400216941261E-02,6.677240423671));
#2344 = CARTESIAN_POINT('',(7.449969216914E-02,6.675234919208));
#2345 = CARTESIAN_POINT('',(5.53378932222E-02,6.673236174706));
#2346 = CARTESIAN_POINT('',(3.652115371213E-02,6.671246374727));
#2347 = CARTESIAN_POINT('',(1.805387630298E-02,6.669267703644));
#2348 = CARTESIAN_POINT('',(5.978177186208E-03,6.667957465134));
#2349 = CARTESIAN_POINT('',(0.,6.667304928834));
#2350 = ( GEOMETRIC_REPRESENTATION_CONTEXT(2) 
PARAMETRIC_REPRESENTATION_CONTEXT() REPRESENTATION_CONTEXT('2D SPACE',''
  ) );
#2351 = ORIENTED_EDGE('',*,*,#2352,.T.);
#2352 = EDGE_CURVE('',#2214,#2353,#2355,.T.);
#2353 = VERTEX_POINT('',#2354);
#2354 = CARTESIAN_POINT('',(481.14336316091,97.174108406337,
    -170.568752003));
#2355 = SURFACE_CURVE('',#2356,(#2361,#2367),.PCURVE_S1.);
#2356 = ELLIPSE('',#2357,548.83139470148,546.71506667005);
#2357 = AXIS2_PLACEMENT_3D('',#2358,#2359,#2360);
#2358 = CARTESIAN_POINT('',(528.43868808199,15.3711846965,
    370.01928552097));
#2359 = DIRECTION('',(-0.996194698092,0.,8.715574274766E-02));
#2360 = DIRECTION('',(8.715574274766E-02,2.0103E-13,0.996194698092));
#2361 = PCURVE('',#135,#2362);
#2362 = DEFINITIONAL_REPRESENTATION('',(#2363),#2366);
#2363 = B_SPLINE_CURVE_WITH_KNOTS('',1,(#2364,#2365),.UNSPECIFIED.,.F.,
  .F.,(2,2),(2.983502494348,2.991402399819),.PIECEWISE_BEZIER_KNOTS.);
#2364 = CARTESIAN_POINT('',(2.421399244105E-02,11.20137952981));
#2365 = CARTESIAN_POINT('',(1.623489695383E-02,11.143363160913));
#2366 = ( GEOMETRIC_REPRESENTATION_CONTEXT(2) 
PARAMETRIC_REPRESENTATION_CONTEXT() REPRESENTATION_CONTEXT('2D SPACE',''
  ) );
#2367 = PCURVE('',#329,#2368);
#2368 = DEFINITIONAL_REPRESENTATION('',(#2369),#2377);
#2369 = ( BOUNDED_CURVE() B_SPLINE_CURVE(2,(#2370,#2371,#2372,#2373,
#2374,#2375,#2376),.UNSPECIFIED.,.T.,.F.) B_SPLINE_CURVE_WITH_KNOTS((1,2
    ,2,2,2,1),(-2.094395102393,0.,2.094395102393,4.188790204786,
6.28318530718,8.377580409573),.UNSPECIFIED.) CURVE() 
GEOMETRIC_REPRESENTATION_ITEM() RATIONAL_B_SPLINE_CURVE((1.,0.5,1.,0.5,
1.,0.5,1.)) REPRESENTATION_ITEM('') );
#2370 = CARTESIAN_POINT('',(-81.80292370972,1.157491776815E+03));
#2371 = CARTESIAN_POINT('',(865.1353490262,1.157491776815E+03));
#2372 = CARTESIAN_POINT('',(391.66621265807,334.24468476245));
#2373 = CARTESIAN_POINT('',(-81.80292371005,-489.0024072896));
#2374 = CARTESIAN_POINT('',(-555.2720600778,334.24468476264));
#2375 = CARTESIAN_POINT('',(-1.028741196446E+03,1.157491776815E+03));
#2376 = CARTESIAN_POINT('',(-81.80292370972,1.157491776815E+03));
#2377 = ( GEOMETRIC_REPRESENTATION_CONTEXT(2) 
PARAMETRIC_REPRESENTATION_CONTEXT() REPRESENTATION_CONTEXT('2D SPACE',''
  ) );
#2378 = ORIENTED_EDGE('',*,*,#2379,.T.);
#2379 = EDGE_CURVE('',#2353,#2380,#2382,.T.);
#2380 = VERTEX_POINT('',#2381);
#2381 = CARTESIAN_POINT('',(480.03591131135,94.302331149447,
    -170.8707537846));
#2382 = SURFACE_CURVE('',#2383,(#2394,#2423),.PCURVE_S1.);
#2383 = B_SPLINE_CURVE_WITH_KNOTS('',3,(#2384,#2385,#2386,#2387,#2388,
    #2389,#2390,#2391,#2392,#2393),.UNSPECIFIED.,.F.,.F.,(4,3,3,4),(
    -0.320075385637,-0.19337723521,-0.15129288156,0.),.UNSPECIFIED.);
#2384 = CARTESIAN_POINT('',(481.14336316091,97.174108406337,
    -170.568752003));
#2385 = CARTESIAN_POINT('',(481.13783589659,96.756651359183,
    -170.6319289233));
#2386 = CARTESIAN_POINT('',(481.08594109239,96.342613704256,
    -170.6886569077));
#2387 = CARTESIAN_POINT('',(480.97269695858,95.942040575745,
    -170.7357462776));
#2388 = CARTESIAN_POINT('',(480.93508152253,95.808985269525,
    -170.7513875927));
#2389 = CARTESIAN_POINT('',(480.89069728498,95.677415539263,
    -170.7659654604));
#2390 = CARTESIAN_POINT('',(480.83899750066,95.547698232408,
    -170.779363187));
#2391 = CARTESIAN_POINT('',(480.65313723033,95.081365654131,
    -170.8275278964));
#2392 = CARTESIAN_POINT('',(480.38393030509,94.667073685335,
    -170.8575689294));
#2393 = CARTESIAN_POINT('',(480.03591131135,94.302331149447,
    -170.8707537846));
#2394 = PCURVE('',#135,#2395);
#2395 = DEFINITIONAL_REPRESENTATION('',(#2396),#2422);
#2396 = B_SPLINE_CURVE_WITH_KNOTS('',3,(#2397,#2398,#2399,#2400,#2401,
    #2402,#2403,#2404,#2405,#2406,#2407,#2408,#2409,#2410,#2411,#2412,
    #2413,#2414,#2415,#2416,#2417,#2418,#2419,#2420,#2421),
  .UNSPECIFIED.,.F.,.F.,(4,1,1,1,1,1,1,1,1,1,1,1,1,1,1,1,1,1,1,1,1,1,4),
  (-0.320075385637,-0.305526504472,-0.290977623307,-0.276428742141,
    -0.261879860976,-0.247330979811,-0.232782098645,-0.21823321748,
    -0.203684336315,-0.189135455149,-0.174586573984,-0.160037692819,
    -0.145488811653,-0.130939930488,-0.116391049323,-0.101842168157,
    -8.729328699198E-02,-7.274440582665E-02,-5.819552466132E-02,
    -4.364664349599E-02,-2.909776233066E-02,-1.454888116533E-02,0.),
  .UNSPECIFIED.);
#2397 = CARTESIAN_POINT('',(1.623489695383E-02,11.143363160913));
#2398 = CARTESIAN_POINT('',(1.61453272254E-02,11.14272845842));
#2399 = CARTESIAN_POINT('',(1.596639987331E-02,11.140236194556));
#2400 = CARTESIAN_POINT('',(1.569881922203E-02,11.132693158019));
#2401 = CARTESIAN_POINT('',(1.543222302438E-02,11.121209422293));
#2402 = CARTESIAN_POINT('',(1.516678530708E-02,11.105648909126));
#2403 = CARTESIAN_POINT('',(1.490268014217E-02,11.085875546021));
#2404 = CARTESIAN_POINT('',(1.464008133974E-02,11.061753190149));
#2405 = CARTESIAN_POINT('',(1.43791635924E-02,11.033145907961));
#2406 = CARTESIAN_POINT('',(1.412009821572E-02,10.999916933737));
#2407 = CARTESIAN_POINT('',(1.386306905407E-02,10.961932556817));
#2408 = CARTESIAN_POINT('',(1.360821311786E-02,10.919047625939));
#2409 = CARTESIAN_POINT('',(1.335584098153E-02,10.871160744453));
#2410 = CARTESIAN_POINT('',(1.31056135748E-02,10.818008926904));
#2411 = CARTESIAN_POINT('',(1.286098484666E-02,10.760238864747));
#2412 = CARTESIAN_POINT('',(1.262184712354E-02,10.697879133091));
#2413 = CARTESIAN_POINT('',(1.238819548208E-02,10.630952722157));
#2414 = CARTESIAN_POINT('',(1.215999751412E-02,10.559484127661));
#2415 = CARTESIAN_POINT('',(1.193722822237E-02,10.483497450828));
#2416 = CARTESIAN_POINT('',(1.17198606696E-02,10.403016907396));
#2417 = CARTESIAN_POINT('',(1.150786848321E-02,10.31806669106));
#2418 = CARTESIAN_POINT('',(1.130122518457E-02,10.228671010155));
#2419 = CARTESIAN_POINT('',(1.109990436408E-02,10.134854076948));
#2420 = CARTESIAN_POINT('',(1.096922122022E-02,10.069378101152));
#2421 = CARTESIAN_POINT('',(1.090475793511E-02,10.035911311354));
#2422 = ( GEOMETRIC_REPRESENTATION_CONTEXT(2) 
PARAMETRIC_REPRESENTATION_CONTEXT() REPRESENTATION_CONTEXT('2D SPACE',''
  ) );
#2423 = PCURVE('',#275,#2424);
#2424 = DEFINITIONAL_REPRESENTATION('',(#2425),#2451);
#2425 = B_SPLINE_CURVE_WITH_KNOTS('',3,(#2426,#2427,#2428,#2429,#2430,
    #2431,#2432,#2433,#2434,#2435,#2436,#2437,#2438,#2439,#2440,#2441,
    #2442,#2443,#2444,#2445,#2446,#2447,#2448,#2449,#2450),
  .UNSPECIFIED.,.F.,.F.,(4,1,1,1,1,1,1,1,1,1,1,1,1,1,1,1,1,1,1,1,1,1,4),
  (-0.320075385637,-0.305526504472,-0.290977623307,-0.276428742141,
    -0.261879860976,-0.247330979811,-0.232782098645,-0.21823321748,
    -0.203684336315,-0.189135455149,-0.174586573984,-0.160037692819,
    -0.145488811653,-0.130939930488,-0.116391049323,-0.101842168157,
    -8.729328699198E-02,-7.274440582665E-02,-5.819552466132E-02,
    -4.364664349599E-02,-2.909776233066E-02,-1.454888116533E-02,0.),
  .UNSPECIFIED.);
#2426 = CARTESIAN_POINT('',(1.,6.600738610805));
#2427 = CARTESIAN_POINT('',(0.986185546713,6.600010372454));
#2428 = CARTESIAN_POINT('',(0.95838521712,6.598560180803));
#2429 = CARTESIAN_POINT('',(0.91617466034,6.596405449013));
#2430 = CARTESIAN_POINT('',(0.873458257705,6.594272973478));
#2431 = CARTESIAN_POINT('',(0.830240191191,6.592164454638));
#2432 = CARTESIAN_POINT('',(0.786524647413,6.590081593401));
#2433 = CARTESIAN_POINT('',(0.742315763247,6.588026088933));
#2434 = CARTESIAN_POINT('',(0.697617855227,6.585999646901));
#2435 = CARTESIAN_POINT('',(0.652434596602,6.584003948708));
#2436 = CARTESIAN_POINT('',(0.606772104821,6.582040766314));
#2437 = CARTESIAN_POINT('',(0.560627419149,6.580111533715));
#2438 = CARTESIAN_POINT('',(0.514031404722,6.578218946206));
#2439 = CARTESIAN_POINT('',(0.466888630284,6.576360991846));
#2440 = CARTESIAN_POINT('',(0.419835627527,6.574563252913));
#2441 = CARTESIAN_POINT('',(0.372860845472,6.572824595965));
#2442 = CARTESIAN_POINT('',(0.325967533309,6.571144737844));
#2443 = CARTESIAN_POINT('',(0.279154976278,6.56952316756));
#2444 = CARTESIAN_POINT('',(0.232423522836,6.567959435171));
#2445 = CARTESIAN_POINT('',(0.185773236942,6.566453074377));
#2446 = CARTESIAN_POINT('',(0.139204258515,6.565003623261));
#2447 = CARTESIAN_POINT('',(9.27167061861E-02,6.56361061873));
#2448 = CARTESIAN_POINT('',(4.631070302268E-02,6.56227359801));
#2449 = CARTESIAN_POINT('',(1.542781332858E-02,6.561419264828));
#2450 = CARTESIAN_POINT('',(0.,6.561001274589));
#2451 = ( GEOMETRIC_REPRESENTATION_CONTEXT(2) 
PARAMETRIC_REPRESENTATION_CONTEXT() REPRESENTATION_CONTEXT('2D SPACE',''
  ) );
#2452 = ORIENTED_EDGE('',*,*,#2453,.T.);
#2453 = EDGE_CURVE('',#2380,#97,#2454,.T.);
#2454 = SURFACE_CURVE('',#2455,(#2469,#2498),.PCURVE_S1.);
#2455 = B_SPLINE_CURVE_WITH_KNOTS('',3,(#2456,#2457,#2458,#2459,#2460,
    #2461,#2462,#2463,#2464,#2465,#2466,#2467,#2468),.UNSPECIFIED.,.F.,
  .F.,(4,3,3,3,4),(-0.353837123466,-0.269880766835,-0.184971499522,
    -0.113088358009,-0.103721709149),.UNSPECIFIED.);
#2456 = CARTESIAN_POINT('',(480.03591131135,94.302331149447,
    -170.8707537846));
#2457 = CARTESIAN_POINT('',(479.84736504593,94.095549333605,
    -170.8792496739));
#2458 = CARTESIAN_POINT('',(479.63760363343,93.913048423817,
    -170.8815740914));
#2459 = CARTESIAN_POINT('',(479.40581324795,93.756088591864,
    -170.8775244842));
#2460 = CARTESIAN_POINT('',(479.17139202494,93.597347254537,
    -170.8734289136));
#2461 = CARTESIAN_POINT('',(478.92081710284,93.469049767898,
    -170.8629269498));
#2462 = CARTESIAN_POINT('',(478.65676341237,93.368123202836,
    -170.8468419648));
#2463 = CARTESIAN_POINT('',(478.43322304806,93.282681635701,
    -170.8332248727));
#2464 = CARTESIAN_POINT('',(478.20297887315,93.21799126418,
    -170.8157864418));
#2465 = CARTESIAN_POINT('',(477.96906434126,93.170839217626,
    -170.7953649196));
#2466 = CARTESIAN_POINT('',(477.93858438118,93.164695125231,
    -170.792703917));
#2467 = CARTESIAN_POINT('',(477.90804210402,93.158848747165,
    -170.7899922644));
#2468 = CARTESIAN_POINT('',(477.87744421645,93.153292921345,
    -170.787231816));
#2469 = PCURVE('',#135,#2470);
#2470 = DEFINITIONAL_REPRESENTATION('',(#2471),#2497);
#2471 = B_SPLINE_CURVE_WITH_KNOTS('',3,(#2472,#2473,#2474,#2475,#2476,
    #2477,#2478,#2479,#2480,#2481,#2482,#2483,#2484,#2485,#2486,#2487,
    #2488,#2489,#2490,#2491,#2492,#2493,#2494,#2495,#2496),
  .UNSPECIFIED.,.F.,.F.,(4,1,1,1,1,1,1,1,1,1,1,1,1,1,1,1,1,1,1,1,1,1,4),
  (-0.353837123466,-0.342468240997,-0.331099358528,-0.319730476059,
    -0.30836159359,-0.296992711121,-0.285623828652,-0.274254946183,
    -0.262886063714,-0.251517181245,-0.240148298776,-0.228779416307,
    -0.217410533838,-0.206041651369,-0.1946727689,-0.183303886431,
    -0.171935003962,-0.160566121493,-0.149197239024,-0.137828356556,
    -0.126459474087,-0.115090591618,-0.103721709149),
  .QUASI_UNIFORM_KNOTS.);
#2472 = CARTESIAN_POINT('',(1.090475793511E-02,10.035911311354));
#2473 = CARTESIAN_POINT('',(1.085325810419E-02,10.01037947085));
#2474 = CARTESIAN_POINT('',(1.075194566456E-02,9.95853775035));
#2475 = CARTESIAN_POINT('',(1.060507385221E-02,9.8784289143));
#2476 = CARTESIAN_POINT('',(1.04633340444E-02,9.795961701229));
#2477 = CARTESIAN_POINT('',(1.032676147908E-02,9.711123936552));
#2478 = CARTESIAN_POINT('',(1.019539119724E-02,9.623903663782));
#2479 = CARTESIAN_POINT('',(1.006925905116E-02,9.5342881293));
#2480 = CARTESIAN_POINT('',(9.948397950675E-03,9.442267573003));
#2481 = CARTESIAN_POINT('',(9.832851871745E-03,9.34782108161));
#2482 = CARTESIAN_POINT('',(9.723557030389E-03,9.251760302678));
#2483 = CARTESIAN_POINT('',(9.620258868557E-03,9.153997574937));
#2484 = CARTESIAN_POINT('',(9.522918960213E-03,9.054604729761));
#2485 = CARTESIAN_POINT('',(9.431442501186E-03,8.953613177288));
#2486 = CARTESIAN_POINT('',(9.345744121929E-03,8.851056571685));
#2487 = CARTESIAN_POINT('',(9.26575714206E-03,8.747000062145));
#2488 = CARTESIAN_POINT('',(9.191330734903E-03,8.641380621816));
#2489 = CARTESIAN_POINT('',(9.122652660696E-03,8.534646998649));
#2490 = CARTESIAN_POINT('',(9.05967569234E-03,8.427021617542));
#2491 = CARTESIAN_POINT('',(9.002229325078E-03,8.318536150197));
#2492 = CARTESIAN_POINT('',(8.950176097321E-03,8.20927339064));
#2493 = CARTESIAN_POINT('',(8.903369631355E-03,8.099302443677));
#2494 = CARTESIAN_POINT('',(8.861666143229E-03,7.988696092638));
#2495 = CARTESIAN_POINT('',(8.837168951925E-03,7.914582788946));
#2496 = CARTESIAN_POINT('',(8.825722498105E-03,7.877444216458));
#2497 = ( GEOMETRIC_REPRESENTATION_CONTEXT(2) 
PARAMETRIC_REPRESENTATION_CONTEXT() REPRESENTATION_CONTEXT('2D SPACE',''
  ) );
#2498 = PCURVE('',#192,#2499);
#2499 = DEFINITIONAL_REPRESENTATION('',(#2500),#2526);
#2500 = B_SPLINE_CURVE_WITH_KNOTS('',3,(#2501,#2502,#2503,#2504,#2505,
    #2506,#2507,#2508,#2509,#2510,#2511,#2512,#2513,#2514,#2515,#2516,
    #2517,#2518,#2519,#2520,#2521,#2522,#2523,#2524,#2525),
  .UNSPECIFIED.,.F.,.F.,(4,1,1,1,1,1,1,1,1,1,1,1,1,1,1,1,1,1,1,1,1,1,4),
  (-0.353837123466,-0.342468240997,-0.331099358528,-0.319730476059,
    -0.30836159359,-0.296992711121,-0.285623828652,-0.274254946183,
    -0.262886063714,-0.251517181245,-0.240148298776,-0.228779416307,
    -0.217410533838,-0.206041651369,-0.1946727689,-0.183303886431,
    -0.171935003962,-0.160566121493,-0.149197239024,-0.137828356556,
    -0.126459474087,-0.115090591618,-0.103721709149),
  .QUASI_UNIFORM_KNOTS.);
#2501 = CARTESIAN_POINT('',(1.,6.561001274589));
#2502 = CARTESIAN_POINT('',(0.988856598529,6.56066414132));
#2503 = CARTESIAN_POINT('',(0.966533908086,6.560005640806));
#2504 = CARTESIAN_POINT('',(0.932941916007,6.559065383105));
#2505 = CARTESIAN_POINT('',(0.899241680577,6.558172813298));
#2506 = CARTESIAN_POINT('',(0.865432890419,6.557328126797));
#2507 = CARTESIAN_POINT('',(0.83151525702,6.556531516842));
#2508 = CARTESIAN_POINT('',(0.797488353305,6.555783184767));
#2509 = CARTESIAN_POINT('',(0.763352209812,6.555083301705));
#2510 = CARTESIAN_POINT('',(0.729105090701,6.554432151499));
#2511 = CARTESIAN_POINT('',(0.695035421976,6.553834768567));
#2512 = CARTESIAN_POINT('',(0.661097135358,6.553289315261));
#2513 = CARTESIAN_POINT('',(0.62730396042,6.552795210624));
#2514 = CARTESIAN_POINT('',(0.593654340051,6.552351542666));
#2515 = CARTESIAN_POINT('',(0.560148164101,6.551957466833));
#2516 = CARTESIAN_POINT('',(0.526794916875,6.551612199859));
#2517 = CARTESIAN_POINT('',(0.493564350713,6.551314645897));
#2518 = CARTESIAN_POINT('',(0.460585161384,6.551064977062));
#2519 = CARTESIAN_POINT('',(0.427907965747,6.550862194902));
#2520 = CARTESIAN_POINT('',(0.395524434129,6.550704849381));
#2521 = CARTESIAN_POINT('',(0.363442053513,6.550591611466));
#2522 = CARTESIAN_POINT('',(0.331664085064,6.550521119702));
#2523 = CARTESIAN_POINT('',(0.300194936212,6.550492021323));
#2524 = CARTESIAN_POINT('',(0.279424108206,6.550499314589));
#2525 = CARTESIAN_POINT('',(0.269091541798,6.55050940853));
#2526 = ( GEOMETRIC_REPRESENTATION_CONTEXT(2) 
PARAMETRIC_REPRESENTATION_CONTEXT() REPRESENTATION_CONTEXT('2D SPACE',''
  ) );
#2527 = ORIENTED_EDGE('',*,*,#96,.T.);
#2528 = ORIENTED_EDGE('',*,*,#2529,.F.);
#2529 = EDGE_CURVE('',#2530,#68,#2532,.T.);
#2530 = VERTEX_POINT('',#2531);
#2531 = CARTESIAN_POINT('',(447.97480930995,15.3711846965,
    -172.9586318434));
#2532 = SURFACE_CURVE('',#2533,(#2537,#2544),.PCURVE_S1.);
#2533 = LINE('',#2534,#2535);
#2534 = CARTESIAN_POINT('',(405.,15.3711846965,-168.));
#2535 = VECTOR('',#2536,1.);
#2536 = DIRECTION('',(0.993408935871,0.,-0.114624107985));
#2537 = PCURVE('',#135,#2538);
#2538 = DEFINITIONAL_REPRESENTATION('',(#2539),#2543);
#2539 = LINE('',#2540,#2541);
#2540 = CARTESIAN_POINT('',(-0.135473425169,-65.));
#2541 = VECTOR('',#2542,1.);
#2542 = DIRECTION('',(0.,1.));
#2543 = ( GEOMETRIC_REPRESENTATION_CONTEXT(2) 
PARAMETRIC_REPRESENTATION_CONTEXT() REPRESENTATION_CONTEXT('2D SPACE',''
  ) );
#2544 = PCURVE('',#2545,#2550);
#2545 = PLANE('',#2546);
#2546 = AXIS2_PLACEMENT_3D('',#2547,#2548,#2549);
#2547 = CARTESIAN_POINT('',(470.,157.5,-175.5));
#2548 = DIRECTION('',(0.114624107985,0.,0.993408935871));
#2549 = DIRECTION('',(0.993408935871,0.,-0.114624107985));
#2550 = DEFINITIONAL_REPRESENTATION('',(#2551),#2555);
#2551 = LINE('',#2552,#2553);
#2552 = CARTESIAN_POINT('',(-65.43126164151,-142.1288153035));
#2553 = VECTOR('',#2554,1.);
#2554 = DIRECTION('',(1.,0.));
#2555 = ( GEOMETRIC_REPRESENTATION_CONTEXT(2) 
PARAMETRIC_REPRESENTATION_CONTEXT() REPRESENTATION_CONTEXT('2D SPACE',''
  ) );
#2556 = ORIENTED_EDGE('',*,*,#2557,.T.);
#2557 = EDGE_CURVE('',#2530,#2558,#2560,.T.);
#2558 = VERTEX_POINT('',#2559);
#2559 = CARTESIAN_POINT('',(449.78799290151,37.749864987292,
    -172.7019234658));
#2560 = SURFACE_CURVE('',#2561,(#2566,#2572),.PCURVE_S1.);
#2561 = B_SPLINE_CURVE_WITH_KNOTS('',3,(#2562,#2563,#2564,#2565),
  .UNSPECIFIED.,.F.,.F.,(4,4),(-1.580891344048,-1.539250932113),
  .PIECEWISE_BEZIER_KNOTS.);
#2562 = CARTESIAN_POINT('',(447.97480930995,15.3711846965,
    -172.9586318434));
#2563 = CARTESIAN_POINT('',(448.57925147363,22.831564443844,
    -173.0283751699));
#2564 = CARTESIAN_POINT('',(449.18382067155,30.293280120512,
    -172.9427761607));
#2565 = CARTESIAN_POINT('',(449.78799290151,37.749864987292,
    -172.7019234658));
#2566 = PCURVE('',#135,#2567);
#2567 = DEFINITIONAL_REPRESENTATION('',(#2568),#2571);
#2568 = B_SPLINE_CURVE_WITH_KNOTS('',1,(#2569,#2570),.UNSPECIFIED.,.F.,
  .F.,(2,2),(-1.580891344048,-1.539250932113),.PIECEWISE_BEZIER_KNOTS.);
#2569 = CARTESIAN_POINT('',(-0.135473425169,-22.02519069004));
#2570 = CARTESIAN_POINT('',(-9.383964161915E-02,-20.21200709848));
#2571 = ( GEOMETRIC_REPRESENTATION_CONTEXT(2) 
PARAMETRIC_REPRESENTATION_CONTEXT() REPRESENTATION_CONTEXT('2D SPACE',''
  ) );
#2572 = PCURVE('',#2573,#2602);
#2573 = B_SPLINE_SURFACE_WITH_KNOTS('',3,3,(
    (#2574,#2575,#2576,#2577)
    ,(#2578,#2579,#2580,#2581)
    ,(#2582,#2583,#2584,#2585)
    ,(#2586,#2587,#2588,#2589)
    ,(#2590,#2591,#2592,#2593)
    ,(#2594,#2595,#2596,#2597)
    ,(#2598,#2599,#2600,#2601
    )),.UNSPECIFIED.,.F.,.F.,.F.,(4,1,1,1,4),(4,4),(0.,0.285714285714,
    0.571428571429,0.857142857143,1.),(1.539250932113,1.580891389411),
  .UNSPECIFIED.);
#2574 = CARTESIAN_POINT('',(414.52516929725,39.582197692438,-133.));
#2575 = CARTESIAN_POINT('',(413.92099640911,32.676469981074,
    -133.2179050909));
#2576 = CARTESIAN_POINT('',(413.31642655214,25.766204895253,
    -133.2920178966));
#2577 = CARTESIAN_POINT('',(412.71198373026,18.857391827167,
    -133.2222741806));
#2578 = CARTESIAN_POINT('',(414.54032372309,39.755413572411,
    -138.5314797396));
#2579 = CARTESIAN_POINT('',(413.92948575318,32.773648906778,
    -138.756388091));
#2580 = CARTESIAN_POINT('',(413.31826544392,25.787076956604,
    -138.835936781));
#2581 = CARTESIAN_POINT('',(412.70712123727,18.801813277949,
    -138.7700271343));
#2582 = CARTESIAN_POINT('',(416.89229296858,39.898641704959,
    -149.5917561455));
#2583 = CARTESIAN_POINT('',(416.27207792841,32.764456662061,
    -149.8306716855));
#2584 = CARTESIAN_POINT('',(415.65142604802,25.625045849088,
    -149.9210560941));
#2585 = CARTESIAN_POINT('',(415.03084621306,18.486533196852,
    -149.8628152413));
#2586 = CARTESIAN_POINT('',(426.7838774599,39.467931951185,
    -163.367766956));
#2587 = CARTESIAN_POINT('',(426.16274202745,32.142855596022,
    -163.619503094));
#2588 = CARTESIAN_POINT('',(425.54116320403,24.812093941869,
    -163.7187709404));
#2589 = CARTESIAN_POINT('',(424.91965167872,17.482039034877,
    -163.6654195245));
#2590 = CARTESIAN_POINT('',(438.9320514863,38.631637569673,
    -170.5469296606));
#2591 = CARTESIAN_POINT('',(438.31896004875,31.206050900994,
    -170.797513647));
#2592 = CARTESIAN_POINT('',(437.70544047427,23.774975176871,
    -170.8935027211));
#2593 = CARTESIAN_POINT('',(437.09202300257,16.344720357106,
    -170.8348062553));
#2594 = CARTESIAN_POINT('',(447.04971443908,37.97915353658,
    -172.3761425574));
#2595 = CARTESIAN_POINT('',(446.44327433059,30.527411834973,
    -172.6198919385));
#2596 = CARTESIAN_POINT('',(445.83642368393,23.070310820458,
    -172.7085267171));
#2597 = CARTESIAN_POINT('',(445.22969952007,15.614523616648,
    -172.6418884172));
#2598 = CARTESIAN_POINT('',(449.78799290151,37.749864987292,
    -172.7019234658));
#2599 = CARTESIAN_POINT('',(449.18382001337,30.293271997351,
    -172.9427764231));
#2600 = CARTESIAN_POINT('',(448.5792501564,22.831548186343,
    -173.0283753564));
#2601 = CARTESIAN_POINT('',(447.97480733452,15.371160314615,
    -172.9586316155));
#2602 = DEFINITIONAL_REPRESENTATION('',(#2603),#2607);
#2603 = LINE('',#2604,#2605);
#2604 = CARTESIAN_POINT('',(1.,2.89E-15));
#2605 = VECTOR('',#2606,1.);
#2606 = DIRECTION('',(-2.0263E-13,-1.));
#2607 = ( GEOMETRIC_REPRESENTATION_CONTEXT(2) 
PARAMETRIC_REPRESENTATION_CONTEXT() REPRESENTATION_CONTEXT('2D SPACE',''
  ) );
#2608 = ORIENTED_EDGE('',*,*,#2609,.T.);
#2609 = EDGE_CURVE('',#2558,#2610,#2612,.T.);
#2610 = VERTEX_POINT('',#2611);
#2611 = CARTESIAN_POINT('',(459.66095039683,159.57958077364,
    -154.6502258777));
#2612 = SURFACE_CURVE('',#2613,(#2618,#2647),.PCURVE_S1.);
#2613 = B_SPLINE_CURVE_WITH_KNOTS('',3,(#2614,#2615,#2616,#2617),
  .UNSPECIFIED.,.F.,.F.,(4,4),(-1.539250932113,-1.30958937016),
  .PIECEWISE_BEZIER_KNOTS.);
#2614 = CARTESIAN_POINT('',(449.78799290151,37.749864987292,
    -172.7019234658));
#2615 = CARTESIAN_POINT('',(453.12021589295,78.875561102745,
    -171.373535884));
#2616 = CARTESIAN_POINT('',(456.44015738546,119.84252444178,
    -165.302595934));
#2617 = CARTESIAN_POINT('',(459.66095039683,159.57958077364,
    -154.6502258777));
#2618 = PCURVE('',#135,#2619);
#2619 = DEFINITIONAL_REPRESENTATION('',(#2620),#2646);
#2620 = B_SPLINE_CURVE_WITH_KNOTS('',3,(#2621,#2622,#2623,#2624,#2625,
    #2626,#2627,#2628,#2629,#2630,#2631,#2632,#2633,#2634,#2635,#2636,
    #2637,#2638,#2639,#2640,#2641,#2642,#2643,#2644,#2645),
  .UNSPECIFIED.,.F.,.F.,(4,1,1,1,1,1,1,1,1,1,1,1,1,1,1,1,1,1,1,1,1,1,4),
  (-1.539250932113,-1.528811770206,-1.518372608299,-1.507933446392,
    -1.497494284485,-1.487055122578,-1.476615960672,-1.466176798765,
    -1.455737636858,-1.445298474951,-1.434859313044,-1.424420151137,
    -1.41398098923,-1.403541827323,-1.393102665416,-1.382663503509,
    -1.372224341602,-1.361785179695,-1.351346017788,-1.340906855881,
    -1.330467693974,-1.320028532067,-1.30958937016),
  .QUASI_UNIFORM_KNOTS.);
#2621 = CARTESIAN_POINT('',(-9.383964161915E-02,-20.21200709848));
#2622 = CARTESIAN_POINT('',(-9.036120618848E-02,-20.06054247499));
#2623 = CARTESIAN_POINT('',(-8.340471404824E-02,-19.75767346261));
#2624 = CARTESIAN_POINT('',(-7.2971095755E-02,-19.30359282762));
#2625 = CARTESIAN_POINT('',(-6.253857941642E-02,-18.84977698152));
#2626 = CARTESIAN_POINT('',(-5.210715307735E-02,-18.39626879009));
#2627 = CARTESIAN_POINT('',(-4.167680809985E-02,-17.94311175712));
#2628 = CARTESIAN_POINT('',(-3.124753926141E-02,-17.49035011823));
#2629 = CARTESIAN_POINT('',(-2.081934410427E-02,-17.03802882208));
#2630 = CARTESIAN_POINT('',(-1.039222248406E-02,-16.58619354088));
#2631 = CARTESIAN_POINT('',(3.382393600681E-05,-16.13489067193));
#2632 = CARTESIAN_POINT('',(1.045879217715E-02,-15.68416734066));
#2633 = CARTESIAN_POINT('',(2.088267844102E-02,-15.23407140218));
#2634 = CARTESIAN_POINT('',(3.130547860471E-02,-14.78465144232));
#2635 = CARTESIAN_POINT('',(4.172718871572E-02,-14.3359567777));
#2636 = CARTESIAN_POINT('',(5.214780548633E-02,-13.88803745514));
#2637 = CARTESIAN_POINT('',(6.256732678687E-02,-13.44094425021));
#2638 = CARTESIAN_POINT('',(7.2985752139E-02,-12.99472866513));
#2639 = CARTESIAN_POINT('',(8.340308320346E-02,-12.5494429253));
#2640 = CARTESIAN_POINT('',(9.381932428155E-02,-12.10513997723));
#2641 = CARTESIAN_POINT('',(0.104234482758,-11.66187347768));
#2642 = CARTESIAN_POINT('',(0.114648569752,-11.21969781179));
#2643 = CARTESIAN_POINT('',(0.125061599979,-10.77866799938));
#2644 = CARTESIAN_POINT('',(0.132002929701,-10.48544934305));
#2645 = CARTESIAN_POINT('',(0.135473425169,-10.33904960316));
#2646 = ( GEOMETRIC_REPRESENTATION_CONTEXT(2) 
PARAMETRIC_REPRESENTATION_CONTEXT() REPRESENTATION_CONTEXT('2D SPACE',''
  ) );
#2647 = PCURVE('',#2648,#2677);
#2648 = B_SPLINE_SURFACE_WITH_KNOTS('',3,3,(
    (#2649,#2650,#2651,#2652)
    ,(#2653,#2654,#2655,#2656)
    ,(#2657,#2658,#2659,#2660)
    ,(#2661,#2662,#2663,#2664)
    ,(#2665,#2666,#2667,#2668)
    ,(#2669,#2670,#2671,#2672)
    ,(#2673,#2674,#2675,#2676
    )),.UNSPECIFIED.,.F.,.F.,.F.,(4,1,1,1,4),(4,4),(0.,0.285714285714,
    0.571428571429,0.857142857143,1.),(1.30958937016,1.539250932113),
  .UNSPECIFIED.);
#2649 = CARTESIAN_POINT('',(424.39812679257,152.4306182469,
    -116.3635338257));
#2650 = CARTESIAN_POINT('',(421.17733378119,115.61678567051,
    -126.2038972833));
#2651 = CARTESIAN_POINT('',(417.85739228869,77.669680769055,
    -131.798177859));
#2652 = CARTESIAN_POINT('',(414.52516929725,39.582197692438,-133.));
#2653 = CARTESIAN_POINT('',(424.52055494451,153.82997842689,
    -121.6387583985));
#2654 = CARTESIAN_POINT('',(421.26517158354,116.62151623956,
    -131.6099433626));
#2655 = CARTESIAN_POINT('',(417.90930695174,78.2622668197,
    -137.2910321885));
#2656 = CARTESIAN_POINT('',(414.54032372309,39.755413572411,
    -138.5314797396));
#2657 = CARTESIAN_POINT('',(427.02354886025,156.4304890725,
    -132.186782288));
#2658 = CARTESIAN_POINT('',(423.71970878232,118.43095267763,
    -142.4196139409));
#2659 = CARTESIAN_POINT('',(420.31304082211,79.24614202224,
    -148.2740518931));
#2660 = CARTESIAN_POINT('',(416.89233979917,39.898637538438,
    -149.5917539468));
#2661 = CARTESIAN_POINT('',(436.92969240327,159.09467517078,
    -145.3961052391));
#2662 = CARTESIAN_POINT('',(433.62125022698,120.09358374419,
    -155.933380389));
#2663 = CARTESIAN_POINT('',(430.20968883559,79.868265096566,
    -161.9793503726));
#2664 = CARTESIAN_POINT('',(426.78391153005,39.46792882888,-163.36776247
    ));
#2665 = CARTESIAN_POINT('',(448.94849376038,159.9157302031,
    -152.4015633412));
#2666 = CARTESIAN_POINT('',(445.68162449049,120.36895542521,
    -163.0611446833));
#2667 = CARTESIAN_POINT('',(442.31348024451,79.586321562916,
    -169.164871069));
#2668 = CARTESIAN_POINT('',(438.93206836033,38.631636061508,
    -170.5469286504));
#2669 = CARTESIAN_POINT('',(456.9591797519,159.71911076184,
    -154.2879211313));
#2670 = CARTESIAN_POINT('',(453.72666961947,120.01504915597,
    -164.9480108243));
#2671 = CARTESIAN_POINT('',(450.39444193694,79.078093114555,
    -171.0317801936));
#2672 = CARTESIAN_POINT('',(447.04971443908,37.97915353658,
    -172.3761425574));
#2673 = CARTESIAN_POINT('',(459.66095039683,159.57958077364,
    -154.6502258777));
#2674 = CARTESIAN_POINT('',(456.44015738546,119.84252444178,
    -165.302595934));
#2675 = CARTESIAN_POINT('',(453.12021589295,78.875561102745,
    -171.373535884));
#2676 = CARTESIAN_POINT('',(449.78799290151,37.749864987292,
    -172.7019234658));
#2677 = DEFINITIONAL_REPRESENTATION('',(#2678),#2682);
#2678 = LINE('',#2679,#2680);
#2679 = CARTESIAN_POINT('',(1.,0.));
#2680 = VECTOR('',#2681,1.);
#2681 = DIRECTION('',(5.8E-15,-1.));
#2682 = ( GEOMETRIC_REPRESENTATION_CONTEXT(2) 
PARAMETRIC_REPRESENTATION_CONTEXT() REPRESENTATION_CONTEXT('2D SPACE',''
  ) );
#2683 = ORIENTED_EDGE('',*,*,#2684,.F.);
#2684 = EDGE_CURVE('',#830,#2610,#2685,.T.);
#2685 = SURFACE_CURVE('',#2686,(#2690,#2697),.PCURVE_S1.);
#2686 = LINE('',#2687,#2688);
#2687 = CARTESIAN_POINT('',(535.,161.90620011938,-163.0260555223));
#2688 = VECTOR('',#2689,1.);
#2689 = DIRECTION('',(-0.993408935871,-3.067843914417E-02,0.110442380919
    ));
#2690 = PCURVE('',#135,#2691);
#2691 = DEFINITIONAL_REPRESENTATION('',(#2692),#2696);
#2692 = LINE('',#2693,#2694);
#2693 = CARTESIAN_POINT('',(0.135473425169,65.));
#2694 = VECTOR('',#2695,1.);
#2695 = DIRECTION('',(0.,-1.));
#2696 = ( GEOMETRIC_REPRESENTATION_CONTEXT(2) 
PARAMETRIC_REPRESENTATION_CONTEXT() REPRESENTATION_CONTEXT('2D SPACE',''
  ) );
#2697 = PCURVE('',#1988,#2698);
#2698 = DEFINITIONAL_REPRESENTATION('',(#2699),#2703);
#2699 = LINE('',#2700,#2701);
#2700 = CARTESIAN_POINT('',(65.972314761008,-15.95145555415));
#2701 = VECTOR('',#2702,1.);
#2702 = DIRECTION('',(-0.999493491332,-3.182390274467E-02));
#2703 = ( GEOMETRIC_REPRESENTATION_CONTEXT(2) 
PARAMETRIC_REPRESENTATION_CONTEXT() REPRESENTATION_CONTEXT('2D SPACE',''
  ) );
#2704 = ORIENTED_EDGE('',*,*,#829,.T.);
#2705 = ORIENTED_EDGE('',*,*,#2706,.T.);
#2706 = EDGE_CURVE('',#801,#2707,#2709,.T.);
#2707 = VERTEX_POINT('',#2708);
#2708 = CARTESIAN_POINT('',(481.00312264792,119.31072426005,
    -166.6961429995));
#2709 = SURFACE_CURVE('',#2710,(#2714,#2720),.PCURVE_S1.);
#2710 = ( BOUNDED_CURVE() B_SPLINE_CURVE(2,(#2711,#2712,#2713),
.UNSPECIFIED.,.F.,.F.) B_SPLINE_CURVE_WITH_KNOTS((3,3),(3.012324339889,
3.326010899111),.PIECEWISE_BEZIER_KNOTS.) CURVE() 
GEOMETRIC_REPRESENTATION_ITEM() RATIONAL_B_SPLINE_CURVE((1.000001200032,
1.000000708855,1.000000102367)) REPRESENTATION_ITEM('') );
#2711 = CARTESIAN_POINT('',(477.87744421647,119.31072426005,
    -166.3286437453));
#2712 = CARTESIAN_POINT('',(479.43974264929,119.31072426005,
    -166.5123321365));
#2713 = CARTESIAN_POINT('',(481.00312264792,119.31072426005,
    -166.6961429995));
#2714 = PCURVE('',#135,#2715);
#2715 = DEFINITIONAL_REPRESENTATION('',(#2716),#2719);
#2716 = B_SPLINE_CURVE_WITH_KNOTS('',1,(#2717,#2718),.UNSPECIFIED.,.F.,
  .F.,(2,2),(3.012324339889,3.326010899111),.PIECEWISE_BEZIER_KNOTS.);
#2717 = CARTESIAN_POINT('',(5.788640171956E-02,7.877444216471));
#2718 = CARTESIAN_POINT('',(5.775593508283E-02,11.00312264792));
#2719 = ( GEOMETRIC_REPRESENTATION_CONTEXT(2) 
PARAMETRIC_REPRESENTATION_CONTEXT() REPRESENTATION_CONTEXT('2D SPACE',''
  ) );
#2720 = PCURVE('',#816,#2721);
#2721 = DEFINITIONAL_REPRESENTATION('',(#2722),#2726);
#2722 = ( BOUNDED_CURVE() B_SPLINE_CURVE(2,(#2723,#2724,#2725),
.UNSPECIFIED.,.F.,.F.) B_SPLINE_CURVE_WITH_KNOTS((3,3),(3.012324339889,
3.326010899111),.PIECEWISE_BEZIER_KNOTS.) CURVE() 
GEOMETRIC_REPRESENTATION_ITEM() RATIONAL_B_SPLINE_CURVE((1.000001200032,
1.000000708855,1.000000102367)) REPRESENTATION_ITEM('') );
#2723 = CARTESIAN_POINT('',(3.145813951802,69.946715882317));
#2724 = CARTESIAN_POINT('',(1.573451038023,69.899889761242));
#2725 = CARTESIAN_POINT('',(-4.547473508865E-13,69.853035899085));
#2726 = ( GEOMETRIC_REPRESENTATION_CONTEXT(2) 
PARAMETRIC_REPRESENTATION_CONTEXT() REPRESENTATION_CONTEXT('2D SPACE',''
  ) );
#2727 = ORIENTED_EDGE('',*,*,#2728,.T.);
#2728 = EDGE_CURVE('',#2707,#2004,#2729,.T.);
#2729 = SURFACE_CURVE('',#2730,(#2735,#2741),.PCURVE_S1.);
#2730 = ELLIPSE('',#2731,548.77590291671,546.65978886505);
#2731 = AXIS2_PLACEMENT_3D('',#2732,#2733,#2734);
#2732 = CARTESIAN_POINT('',(527.95958935992,15.3711846965,
    370.01872747162));
#2733 = DIRECTION('',(-0.996194698092,3.155443620884E-30,
    8.715574274766E-02));
#2734 = DIRECTION('',(8.715574274766E-02,2.3452E-13,0.996194698092));
#2735 = PCURVE('',#135,#2736);
#2736 = DEFINITIONAL_REPRESENTATION('',(#2737),#2740);
#2737 = B_SPLINE_CURVE_WITH_KNOTS('',1,(#2738,#2739),.UNSPECIFIED.,.F.,
  .F.,(2,2),(2.950292291275,2.957273563195),.PIECEWISE_BEZIER_KNOTS.);
#2738 = CARTESIAN_POINT('',(5.775593508283E-02,11.00312264792));
#2739 = CARTESIAN_POINT('',(5.070509348394E-02,10.94077979441));
#2740 = ( GEOMETRIC_REPRESENTATION_CONTEXT(2) 
PARAMETRIC_REPRESENTATION_CONTEXT() REPRESENTATION_CONTEXT('2D SPACE',''
  ) );
#2741 = PCURVE('',#787,#2742);
#2742 = DEFINITIONAL_REPRESENTATION('',(#2743),#2751);
#2743 = ( BOUNDED_CURVE() B_SPLINE_CURVE(2,(#2744,#2745,#2746,#2747,
#2748,#2749,#2750),.UNSPECIFIED.,.T.,.F.) B_SPLINE_CURVE_WITH_KNOTS((1,2
    ,2,2,2,1),(-2.094395102393,0.,2.094395102393,4.188790204786,
6.28318530718,8.377580409573),.UNSPECIFIED.) CURVE() 
GEOMETRIC_REPRESENTATION_ITEM() RATIONAL_B_SPLINE_CURVE((1.,0.5,1.,0.5,
1.,0.5,1.)) REPRESENTATION_ITEM('') );
#2744 = CARTESIAN_POINT('',(-100.1902755666,1.157393972899E+03));
#2745 = CARTESIAN_POINT('',(846.65225320246,1.157393972899E+03));
#2746 = CARTESIAN_POINT('',(373.23098881769,334.23011852404));
#2747 = CARTESIAN_POINT('',(-100.190275567,-488.9337358509));
#2748 = CARTESIAN_POINT('',(-573.6115399514,334.23011852426));
#2749 = CARTESIAN_POINT('',(-1.047032804336E+03,1.157393972899E+03));
#2750 = CARTESIAN_POINT('',(-100.1902755666,1.157393972899E+03));
#2751 = ( GEOMETRIC_REPRESENTATION_CONTEXT(2) 
PARAMETRIC_REPRESENTATION_CONTEXT() REPRESENTATION_CONTEXT('2D SPACE',''
  ) );
#2752 = ADVANCED_FACE('',(#2753),#816,.T.);
#2753 = FACE_BOUND('',#2754,.T.);
#2754 = EDGE_LOOP('',(#2755,#2756,#2757));
#2755 = ORIENTED_EDGE('',*,*,#2706,.F.);
#2756 = ORIENTED_EDGE('',*,*,#800,.T.);
#2757 = ORIENTED_EDGE('',*,*,#2758,.F.);
#2758 = EDGE_CURVE('',#2707,#772,#2759,.T.);
#2759 = SURFACE_CURVE('',#2760,(#2764,#2771),.PCURVE_S1.);
#2760 = LINE('',#2761,#2762);
#2761 = CARTESIAN_POINT('',(474.91502942095,119.31072426005,
    -236.2833670077));
#2762 = VECTOR('',#2763,1.);
#2763 = DIRECTION('',(8.715574274766E-02,0.,0.996194698092));
#2764 = PCURVE('',#816,#2765);
#2765 = DEFINITIONAL_REPRESENTATION('',(#2766),#2770);
#2766 = LINE('',#2767,#2768);
#2767 = CARTESIAN_POINT('',(0.,0.));
#2768 = VECTOR('',#2769,1.);
#2769 = DIRECTION('',(0.,1.));
#2770 = ( GEOMETRIC_REPRESENTATION_CONTEXT(2) 
PARAMETRIC_REPRESENTATION_CONTEXT() REPRESENTATION_CONTEXT('2D SPACE',''
  ) );
#2771 = PCURVE('',#787,#2772);
#2772 = DEFINITIONAL_REPRESENTATION('',(#2773),#2777);
#2773 = LINE('',#2774,#2775);
#2774 = CARTESIAN_POINT('',(3.749263996739,0.));
#2775 = VECTOR('',#2776,1.);
#2776 = DIRECTION('',(0.,1.));
#2777 = ( GEOMETRIC_REPRESENTATION_CONTEXT(2) 
PARAMETRIC_REPRESENTATION_CONTEXT() REPRESENTATION_CONTEXT('2D SPACE',''
  ) );
#2778 = ADVANCED_FACE('',(#2779),#787,.T.);
#2779 = FACE_BOUND('',#2780,.T.);
#2780 = EDGE_LOOP('',(#2781,#2782,#2783,#2784));
#2781 = ORIENTED_EDGE('',*,*,#2728,.F.);
#2782 = ORIENTED_EDGE('',*,*,#2758,.T.);
#2783 = ORIENTED_EDGE('',*,*,#771,.F.);
#2784 = ORIENTED_EDGE('',*,*,#2785,.F.);
#2785 = EDGE_CURVE('',#2004,#743,#2786,.T.);
#2786 = SURFACE_CURVE('',#2787,(#2791,#2798),.PCURVE_S1.);
#2787 = LINE('',#2788,#2789);
#2788 = CARTESIAN_POINT('',(474.91502942095,115.56146026331,
    -236.2833670077));
#2789 = VECTOR('',#2790,1.);
#2790 = DIRECTION('',(8.715574274766E-02,0.,0.996194698092));
#2791 = PCURVE('',#787,#2792);
#2792 = DEFINITIONAL_REPRESENTATION('',(#2793),#2797);
#2793 = LINE('',#2794,#2795);
#2794 = CARTESIAN_POINT('',(0.,0.));
#2795 = VECTOR('',#2796,1.);
#2796 = DIRECTION('',(0.,1.));
#2797 = ( GEOMETRIC_REPRESENTATION_CONTEXT(2) 
PARAMETRIC_REPRESENTATION_CONTEXT() REPRESENTATION_CONTEXT('2D SPACE',''
  ) );
#2798 = PCURVE('',#758,#2799);
#2799 = DEFINITIONAL_REPRESENTATION('',(#2800),#2804);
#2800 = LINE('',#2801,#2802);
#2801 = CARTESIAN_POINT('',(18.308982214451,1.305622276959E-13));
#2802 = VECTOR('',#2803,1.);
#2803 = DIRECTION('',(0.,1.));
#2804 = ( GEOMETRIC_REPRESENTATION_CONTEXT(2) 
PARAMETRIC_REPRESENTATION_CONTEXT() REPRESENTATION_CONTEXT('2D SPACE',''
  ) );
#2805 = ADVANCED_FACE('',(#2806),#758,.T.);
#2806 = FACE_BOUND('',#2807,.T.);
#2807 = EDGE_LOOP('',(#2808,#2809,#2810));
#2808 = ORIENTED_EDGE('',*,*,#2003,.F.);
#2809 = ORIENTED_EDGE('',*,*,#2785,.T.);
#2810 = ORIENTED_EDGE('',*,*,#742,.T.);
#2811 = ADVANCED_FACE('',(#2812),#659,.T.);
#2812 = FACE_BOUND('',#2813,.T.);
#2813 = EDGE_LOOP('',(#2814,#2815,#2816));
#2814 = ORIENTED_EDGE('',*,*,#2026,.F.);
#2815 = ORIENTED_EDGE('',*,*,#571,.F.);
#2816 = ORIENTED_EDGE('',*,*,#2817,.F.);
#2817 = EDGE_CURVE('',#2027,#543,#2818,.T.);
#2818 = SURFACE_CURVE('',#2819,(#2823,#2829),.PCURVE_S1.);
#2819 = LINE('',#2820,#2821);
#2820 = CARTESIAN_POINT('',(475.39044039783,108.90053268821,
    -236.3249600787));
#2821 = VECTOR('',#2822,1.);
#2822 = DIRECTION('',(8.715574274766E-02,0.,0.996194698092));
#2823 = PCURVE('',#659,#2824);
#2824 = DEFINITIONAL_REPRESENTATION('',(#2825),#2828);
#2825 = B_SPLINE_CURVE_WITH_KNOTS('',1,(#2826,#2827),.UNSPECIFIED.,.F.,
  .F.,(2,2),(67.919866717837,67.925928547567),.PIECEWISE_BEZIER_KNOTS.);
#2826 = CARTESIAN_POINT('',(2.6E-16,6.791986671784));
#2827 = CARTESIAN_POINT('',(0.,6.792592854757));
#2828 = ( GEOMETRIC_REPRESENTATION_CONTEXT(2) 
PARAMETRIC_REPRESENTATION_CONTEXT() REPRESENTATION_CONTEXT('2D SPACE',''
  ) );
#2829 = PCURVE('',#558,#2830);
#2830 = DEFINITIONAL_REPRESENTATION('',(#2831),#2835);
#2831 = LINE('',#2832,#2833);
#2832 = CARTESIAN_POINT('',(2.472919539806,0.));
#2833 = VECTOR('',#2834,1.);
#2834 = DIRECTION('',(0.,1.));
#2835 = ( GEOMETRIC_REPRESENTATION_CONTEXT(2) 
PARAMETRIC_REPRESENTATION_CONTEXT() REPRESENTATION_CONTEXT('2D SPACE',''
  ) );
#2836 = ADVANCED_FACE('',(#2837),#558,.T.);
#2837 = FACE_BOUND('',#2838,.T.);
#2838 = EDGE_LOOP('',(#2839,#2840,#2841,#2842));
#2839 = ORIENTED_EDGE('',*,*,#2165,.F.);
#2840 = ORIENTED_EDGE('',*,*,#2817,.T.);
#2841 = ORIENTED_EDGE('',*,*,#542,.F.);
#2842 = ORIENTED_EDGE('',*,*,#2843,.F.);
#2843 = EDGE_CURVE('',#2166,#514,#2844,.T.);
#2844 = SURFACE_CURVE('',#2845,(#2849,#2856),.PCURVE_S1.);
#2845 = LINE('',#2846,#2847);
#2846 = CARTESIAN_POINT('',(475.39044039783,106.4276131484,
    -236.3249600787));
#2847 = VECTOR('',#2848,1.);
#2848 = DIRECTION('',(8.715574274766E-02,0.,0.996194698092));
#2849 = PCURVE('',#558,#2850);
#2850 = DEFINITIONAL_REPRESENTATION('',(#2851),#2855);
#2851 = LINE('',#2852,#2853);
#2852 = CARTESIAN_POINT('',(0.,0.));
#2853 = VECTOR('',#2854,1.);
#2854 = DIRECTION('',(0.,1.));
#2855 = ( GEOMETRIC_REPRESENTATION_CONTEXT(2) 
PARAMETRIC_REPRESENTATION_CONTEXT() REPRESENTATION_CONTEXT('2D SPACE',''
  ) );
#2856 = PCURVE('',#529,#2857);
#2857 = DEFINITIONAL_REPRESENTATION('',(#2858),#2862);
#2858 = LINE('',#2859,#2860);
#2859 = CARTESIAN_POINT('',(5.663782818064,-2.556288514199E-13));
#2860 = VECTOR('',#2861,1.);
#2861 = DIRECTION('',(0.,1.));
#2862 = ( GEOMETRIC_REPRESENTATION_CONTEXT(2) 
PARAMETRIC_REPRESENTATION_CONTEXT() REPRESENTATION_CONTEXT('2D SPACE',''
  ) );
#2863 = ADVANCED_FACE('',(#2864),#529,.T.);
#2864 = FACE_BOUND('',#2865,.T.);
#2865 = EDGE_LOOP('',(#2866,#2867,#2868));
#2866 = ORIENTED_EDGE('',*,*,#2192,.F.);
#2867 = ORIENTED_EDGE('',*,*,#2843,.T.);
#2868 = ORIENTED_EDGE('',*,*,#513,.F.);
#2869 = ADVANCED_FACE('',(#2870),#430,.T.);
#2870 = FACE_BOUND('',#2871,.T.);
#2871 = EDGE_LOOP('',(#2872,#2873,#2874));
#2872 = ORIENTED_EDGE('',*,*,#2213,.F.);
#2873 = ORIENTED_EDGE('',*,*,#342,.F.);
#2874 = ORIENTED_EDGE('',*,*,#2875,.F.);
#2875 = EDGE_CURVE('',#2214,#314,#2876,.T.);
#2876 = SURFACE_CURVE('',#2877,(#2881,#2887),.PCURVE_S1.);
#2877 = LINE('',#2878,#2879);
#2878 = CARTESIAN_POINT('',(475.39044039783,101.44188819307,
    -236.3249600787));
#2879 = VECTOR('',#2880,1.);
#2880 = DIRECTION('',(8.715574274766E-02,0.,0.996194698092));
#2881 = PCURVE('',#430,#2882);
#2882 = DEFINITIONAL_REPRESENTATION('',(#2883),#2886);
#2883 = B_SPLINE_CURVE_WITH_KNOTS('',1,(#2884,#2885),.UNSPECIFIED.,.F.,
  .F.,(2,2),(66.673049288335,66.678720193298),.PIECEWISE_BEZIER_KNOTS.);
#2884 = CARTESIAN_POINT('',(1.8E-15,6.667304928834));
#2885 = CARTESIAN_POINT('',(2.08E-15,6.66787201933));
#2886 = ( GEOMETRIC_REPRESENTATION_CONTEXT(2) 
PARAMETRIC_REPRESENTATION_CONTEXT() REPRESENTATION_CONTEXT('2D SPACE',''
  ) );
#2887 = PCURVE('',#329,#2888);
#2888 = DEFINITIONAL_REPRESENTATION('',(#2889),#2893);
#2889 = LINE('',#2890,#2891);
#2890 = CARTESIAN_POINT('',(4.267779786738,0.));
#2891 = VECTOR('',#2892,1.);
#2892 = DIRECTION('',(0.,1.));
#2893 = ( GEOMETRIC_REPRESENTATION_CONTEXT(2) 
PARAMETRIC_REPRESENTATION_CONTEXT() REPRESENTATION_CONTEXT('2D SPACE',''
  ) );
#2894 = ADVANCED_FACE('',(#2895),#329,.T.);
#2895 = FACE_BOUND('',#2896,.T.);
#2896 = EDGE_LOOP('',(#2897,#2898,#2899,#2900));
#2897 = ORIENTED_EDGE('',*,*,#2352,.F.);
#2898 = ORIENTED_EDGE('',*,*,#2875,.T.);
#2899 = ORIENTED_EDGE('',*,*,#313,.F.);
#2900 = ORIENTED_EDGE('',*,*,#2901,.F.);
#2901 = EDGE_CURVE('',#2353,#231,#2902,.T.);
#2902 = SURFACE_CURVE('',#2903,(#2907,#2914),.PCURVE_S1.);
#2903 = LINE('',#2904,#2905);
#2904 = CARTESIAN_POINT('',(475.39044039783,97.174108406337,
    -236.3249600787));
#2905 = VECTOR('',#2906,1.);
#2906 = DIRECTION('',(8.715574274766E-02,0.,0.996194698092));
#2907 = PCURVE('',#329,#2908);
#2908 = DEFINITIONAL_REPRESENTATION('',(#2909),#2913);
#2909 = LINE('',#2910,#2911);
#2910 = CARTESIAN_POINT('',(0.,0.));
#2911 = VECTOR('',#2912,1.);
#2912 = DIRECTION('',(0.,1.));
#2913 = ( GEOMETRIC_REPRESENTATION_CONTEXT(2) 
PARAMETRIC_REPRESENTATION_CONTEXT() REPRESENTATION_CONTEXT('2D SPACE',''
  ) );
#2914 = PCURVE('',#275,#2915);
#2915 = DEFINITIONAL_REPRESENTATION('',(#2916),#2919);
#2916 = B_SPLINE_CURVE_WITH_KNOTS('',1,(#2917,#2918),.UNSPECIFIED.,.F.,
  .F.,(2,2),(66.007386108055,66.012854001866),.PIECEWISE_BEZIER_KNOTS.);
#2917 = CARTESIAN_POINT('',(1.,6.600738610806));
#2918 = CARTESIAN_POINT('',(1.,6.601285400187));
#2919 = ( GEOMETRIC_REPRESENTATION_CONTEXT(2) 
PARAMETRIC_REPRESENTATION_CONTEXT() REPRESENTATION_CONTEXT('2D SPACE',''
  ) );
#2920 = ADVANCED_FACE('',(#2921),#275,.T.);
#2921 = FACE_BOUND('',#2922,.T.);
#2922 = EDGE_LOOP('',(#2923,#2924,#2925,#2926));
#2923 = ORIENTED_EDGE('',*,*,#2379,.F.);
#2924 = ORIENTED_EDGE('',*,*,#2901,.T.);
#2925 = ORIENTED_EDGE('',*,*,#230,.F.);
#2926 = ORIENTED_EDGE('',*,*,#2927,.F.);
#2927 = EDGE_CURVE('',#2380,#148,#2928,.T.);
#2928 = SURFACE_CURVE('',#2929,(#2933,#2939),.PCURVE_S1.);
#2929 = LINE('',#2930,#2931);
#2930 = CARTESIAN_POINT('',(474.3176219188,94.302331149447,
    -236.2311006238));
#2931 = VECTOR('',#2932,1.);
#2932 = DIRECTION('',(8.715574274766E-02,0.,0.996194698092));
#2933 = PCURVE('',#275,#2934);
#2934 = DEFINITIONAL_REPRESENTATION('',(#2935),#2938);
#2935 = B_SPLINE_CURVE_WITH_KNOTS('',1,(#2936,#2937),.UNSPECIFIED.,.F.,
  .F.,(2,2),(65.610012745889,65.61239928292),.PIECEWISE_BEZIER_KNOTS.);
#2936 = CARTESIAN_POINT('',(-8.94E-15,6.561001274589));
#2937 = CARTESIAN_POINT('',(-6.92E-15,6.561239928292));
#2938 = ( GEOMETRIC_REPRESENTATION_CONTEXT(2) 
PARAMETRIC_REPRESENTATION_CONTEXT() REPRESENTATION_CONTEXT('2D SPACE',''
  ) );
#2939 = PCURVE('',#192,#2940);
#2940 = DEFINITIONAL_REPRESENTATION('',(#2941),#2944);
#2941 = B_SPLINE_CURVE_WITH_KNOTS('',1,(#2942,#2943),.UNSPECIFIED.,.F.,
  .F.,(2,2),(65.610012745889,65.61239928292),.PIECEWISE_BEZIER_KNOTS.);
#2942 = CARTESIAN_POINT('',(1.,6.561001274589));
#2943 = CARTESIAN_POINT('',(1.,6.561239928292));
#2944 = ( GEOMETRIC_REPRESENTATION_CONTEXT(2) 
PARAMETRIC_REPRESENTATION_CONTEXT() REPRESENTATION_CONTEXT('2D SPACE',''
  ) );
#2945 = ADVANCED_FACE('',(#2946),#192,.T.);
#2946 = FACE_BOUND('',#2947,.T.);
#2947 = EDGE_LOOP('',(#2948,#2949,#2950));
#2948 = ORIENTED_EDGE('',*,*,#2453,.F.);
#2949 = ORIENTED_EDGE('',*,*,#2927,.T.);
#2950 = ORIENTED_EDGE('',*,*,#147,.F.);
#2951 = ADVANCED_FACE('',(#2952),#84,.T.);
#2952 = FACE_BOUND('',#2953,.T.);
#2953 = EDGE_LOOP('',(#2954,#2977,#2978,#2979,#3006,#3034));
#2954 = ORIENTED_EDGE('',*,*,#2955,.F.);
#2955 = EDGE_CURVE('',#68,#2956,#2958,.T.);
#2956 = VERTEX_POINT('',#2957);
#2957 = CARTESIAN_POINT('',(477.87744421646,-27.5,-176.4089358711));
#2958 = SURFACE_CURVE('',#2959,(#2963,#2970),.PCURVE_S1.);
#2959 = LINE('',#2960,#2961);
#2960 = CARTESIAN_POINT('',(477.87744421646,126.25,-176.4089358711));
#2961 = VECTOR('',#2962,1.);
#2962 = DIRECTION('',(0.,-1.,0.));
#2963 = PCURVE('',#84,#2964);
#2964 = DEFINITIONAL_REPRESENTATION('',(#2965),#2969);
#2965 = LINE('',#2966,#2967);
#2966 = CARTESIAN_POINT('',(6.225747004471,0.));
#2967 = VECTOR('',#2968,1.);
#2968 = DIRECTION('',(0.,1.));
#2969 = ( GEOMETRIC_REPRESENTATION_CONTEXT(2) 
PARAMETRIC_REPRESENTATION_CONTEXT() REPRESENTATION_CONTEXT('2D SPACE',''
  ) );
#2970 = PCURVE('',#2545,#2971);
#2971 = DEFINITIONAL_REPRESENTATION('',(#2972),#2976);
#2972 = LINE('',#2973,#2974);
#2973 = CARTESIAN_POINT('',(7.929709439911,-31.25));
#2974 = VECTOR('',#2975,1.);
#2975 = DIRECTION('',(0.,-1.));
#2976 = ( GEOMETRIC_REPRESENTATION_CONTEXT(2) 
PARAMETRIC_REPRESENTATION_CONTEXT() REPRESENTATION_CONTEXT('2D SPACE',''
  ) );
#2977 = ORIENTED_EDGE('',*,*,#67,.T.);
#2978 = ORIENTED_EDGE('',*,*,#1293,.T.);
#2979 = ORIENTED_EDGE('',*,*,#2980,.T.);
#2980 = EDGE_CURVE('',#1266,#2981,#2983,.T.);
#2981 = VERTEX_POINT('',#2982);
#2982 = CARTESIAN_POINT('',(499.07449300378,-14.51091204941,
    -178.6261269219));
#2983 = SURFACE_CURVE('',#2984,(#2989,#2999),.PCURVE_S1.);
#2984 = ELLIPSE('',#2985,1.305407289332E+03,1.E+03);
#2985 = AXIS2_PLACEMENT_3D('',#2986,#2987,#2988);
#2986 = CARTESIAN_POINT('',(592.5015522016,63.883698865449,817.));
#2987 = DIRECTION('',(0.642787609687,-0.766044443119,0.));
#2988 = DIRECTION('',(-0.766044443119,-0.642787609687,0.));
#2989 = PCURVE('',#84,#2990);
#2990 = DEFINITIONAL_REPRESENTATION('',(#2991),#2998);
#2991 = B_SPLINE_CURVE_WITH_KNOTS('',5,(#2992,#2993,#2994,#2995,#2996,
    #2997),.UNSPECIFIED.,.F.,.F.,(6,6),(1.463966180472,1.478438019986),
  .PIECEWISE_BEZIER_KNOTS.);
#2992 = CARTESIAN_POINT('',(6.233793463565,151.83702718095));
#2993 = CARTESIAN_POINT('',(6.236687831468,149.42220974292));
#2994 = CARTESIAN_POINT('',(6.23958219937,147.00645539366));
#2995 = CARTESIAN_POINT('',(6.242476567273,144.58980627861));
#2996 = CARTESIAN_POINT('',(6.245370935176,142.17230457592));
#2997 = CARTESIAN_POINT('',(6.248265303079,139.753992492));
#2998 = ( GEOMETRIC_REPRESENTATION_CONTEXT(2) 
PARAMETRIC_REPRESENTATION_CONTEXT() REPRESENTATION_CONTEXT('2D SPACE',''
  ) );
#2999 = PCURVE('',#1281,#3000);
#3000 = DEFINITIONAL_REPRESENTATION('',(#3001),#3005);
#3001 = ELLIPSE('',#3002,1.305407289332E+03,1.E+03);
#3002 = AXIS2_PLACEMENT_2D('',#3003,#3004);
#3003 = CARTESIAN_POINT('',(137.62525156969,950.));
#3004 = DIRECTION('',(-1.,0.));
#3005 = ( GEOMETRIC_REPRESENTATION_CONTEXT(2) 
PARAMETRIC_REPRESENTATION_CONTEXT() REPRESENTATION_CONTEXT('2D SPACE',''
  ) );
#3006 = ORIENTED_EDGE('',*,*,#3007,.T.);
#3007 = EDGE_CURVE('',#2981,#3008,#3010,.T.);
#3008 = VERTEX_POINT('',#3009);
#3009 = CARTESIAN_POINT('',(499.07449300378,-27.5,-178.6261269219));
#3010 = SURFACE_CURVE('',#3011,(#3015,#3022),.PCURVE_S1.);
#3011 = LINE('',#3012,#3013);
#3012 = CARTESIAN_POINT('',(499.07449300378,126.25,-178.6261269219));
#3013 = VECTOR('',#3014,1.);
#3014 = DIRECTION('',(0.,-1.,0.));
#3015 = PCURVE('',#84,#3016);
#3016 = DEFINITIONAL_REPRESENTATION('',(#3017),#3021);
#3017 = LINE('',#3018,#3019);
#3018 = CARTESIAN_POINT('',(6.247060099232,0.));
#3019 = VECTOR('',#3020,1.);
#3020 = DIRECTION('',(0.,1.));
#3021 = ( GEOMETRIC_REPRESENTATION_CONTEXT(2) 
PARAMETRIC_REPRESENTATION_CONTEXT() REPRESENTATION_CONTEXT('2D SPACE',''
  ) );
#3022 = PCURVE('',#3023,#3028);
#3023 = PLANE('',#3024);
#3024 = AXIS2_PLACEMENT_3D('',#3025,#3026,#3027);
#3025 = CARTESIAN_POINT('',(499.07449300378,-14.51091204941,-133.));
#3026 = DIRECTION('',(-1.,0.,0.));
#3027 = DIRECTION('',(0.,-1.,0.));
#3028 = DEFINITIONAL_REPRESENTATION('',(#3029),#3033);
#3029 = LINE('',#3030,#3031);
#3030 = CARTESIAN_POINT('',(-140.7609120494,-45.62612692197));
#3031 = VECTOR('',#3032,1.);
#3032 = DIRECTION('',(1.,0.));
#3033 = ( GEOMETRIC_REPRESENTATION_CONTEXT(2) 
PARAMETRIC_REPRESENTATION_CONTEXT() REPRESENTATION_CONTEXT('2D SPACE',''
  ) );
#3034 = ORIENTED_EDGE('',*,*,#3035,.T.);
#3035 = EDGE_CURVE('',#3008,#2956,#3036,.T.);
#3036 = SURFACE_CURVE('',#3037,(#3042,#3049),.PCURVE_S1.);
#3037 = CIRCLE('',#3038,1.E+03);
#3038 = AXIS2_PLACEMENT_3D('',#3039,#3040,#3041);
#3039 = CARTESIAN_POINT('',(592.5015522016,-27.5,817.));
#3040 = DIRECTION('',(0.,1.,0.));
#3041 = DIRECTION('',(-5.740672490601E-02,0.,-0.99835087416));
#3042 = PCURVE('',#84,#3043);
#3043 = DEFINITIONAL_REPRESENTATION('',(#3044),#3048);
#3044 = LINE('',#3045,#3046);
#3045 = CARTESIAN_POINT('',(6.28318530718,153.75));
#3046 = VECTOR('',#3047,1.);
#3047 = DIRECTION('',(-1.,0.));
#3048 = ( GEOMETRIC_REPRESENTATION_CONTEXT(2) 
PARAMETRIC_REPRESENTATION_CONTEXT() REPRESENTATION_CONTEXT('2D SPACE',''
  ) );
#3049 = PCURVE('',#3050,#3078);
#3050 = ( BOUNDED_SURFACE() B_SPLINE_SURFACE(2,2,(
    (#3051,#3052,#3053)
    ,(#3054,#3055,#3056)
    ,(#3057,#3058,#3059)
    ,(#3060,#3061,#3062)
    ,(#3063,#3064,#3065)
    ,(#3066,#3067,#3068)
    ,(#3069,#3070,#3071)
    ,(#3072,#3073,#3074)
    ,(#3075,#3076,#3077
)),.UNSPECIFIED.,.T.,.F.,.F.) B_SPLINE_SURFACE_WITH_KNOTS((1,2,2,2,2,2,1
    ),(3,3),(-4.255653476704,-2.684857149909,-1.114060823114,
    0.456735503681,2.027531830476,3.59832815727,5.169124484065),(
    -0.12083347244,0.141312185514),.UNSPECIFIED.) 
GEOMETRIC_REPRESENTATION_ITEM() RATIONAL_B_SPLINE_SURFACE((
    (1.,0.991422247852,1.)
    ,(0.707106781187,0.701041394475,0.707106781187)
    ,(1.,0.991422247852,1.)
    ,(0.707106781187,0.701041394475,0.707106781187)
    ,(1.,0.991422247852,1.)
    ,(0.707106781187,0.701041394475,0.707106781187)
    ,(1.,0.991422247852,1.)
    ,(0.707106781187,0.701041394475,0.707106781187)
,(1.,0.991422247852,1.))) REPRESENTATION_ITEM('') SURFACE() );
#3051 = CARTESIAN_POINT('',(368.75331325313,-46.24337492708,
    -74.76199686479));
#3052 = CARTESIAN_POINT('',(486.31308229569,-46.24337492708,
    -104.2584223538));
#3053 = CARTESIAN_POINT('',(607.50065860682,-46.24337492708,
    -102.2811105923));
#3054 = CARTESIAN_POINT('',(366.47900338522,-84.38699688859,
    -93.49215642254));
#3055 = CARTESIAN_POINT('',(486.50794384289,-84.38699688859,
    -123.2884010827));
#3056 = CARTESIAN_POINT('',(610.15803434788,-84.38699688859,
    -120.9607710979));
#3057 = CARTESIAN_POINT('',(361.85067918201,-65.64362196151,
    -131.6088845053));
#3058 = CARTESIAN_POINT('',(486.90449596971,-65.64362196151,
    -162.0152748392));
#3059 = CARTESIAN_POINT('',(615.5659150562,-65.64362196151,
    -158.9747313087));
#3060 = CARTESIAN_POINT('',(357.2223549788,-46.90024703442,
    -169.7256125881));
#3061 = CARTESIAN_POINT('',(487.30104809653,-46.90024703442,
    -200.7421485957));
#3062 = CARTESIAN_POINT('',(620.97379576451,-46.90024703442,
    -196.9886915196));
#3063 = CARTESIAN_POINT('',(359.49666484671,-8.756625072912,
    -150.9954530303));
#3064 = CARTESIAN_POINT('',(487.10618654933,-8.756625072912,
    -181.7121698668));
#3065 = CARTESIAN_POINT('',(618.31642002345,-8.756625072912,
    -178.309031014));
#3066 = CARTESIAN_POINT('',(361.77097471462,29.386996888598,
    -132.2652934726));
#3067 = CARTESIAN_POINT('',(486.91132500213,29.386996888598,
    -162.6821911378));
#3068 = CARTESIAN_POINT('',(615.65904428238,29.386996888598,
    -159.6293705084));
#3069 = CARTESIAN_POINT('',(366.39929891783,10.64362196151,
    -94.14856538983));
#3070 = CARTESIAN_POINT('',(486.51477287531,10.64362196151,
    -123.9553173813));
#3071 = CARTESIAN_POINT('',(610.25116357406,10.64362196151,
    -121.6154102975));
#3072 = CARTESIAN_POINT('',(371.02762312105,-8.099752965577,
    -56.03183730705));
#3073 = CARTESIAN_POINT('',(486.11822074849,-8.099752965577,
    -85.22844362487));
#3074 = CARTESIAN_POINT('',(604.84328286575,-8.099752965577,
    -83.60145008672));
#3075 = CARTESIAN_POINT('',(368.75331325313,-46.24337492708,
    -74.76199686479));
#3076 = CARTESIAN_POINT('',(486.31308229569,-46.24337492708,
    -104.2584223538));
#3077 = CARTESIAN_POINT('',(607.50065860682,-46.24337492708,
    -102.2811105923));
#3078 = DEFINITIONAL_REPRESENTATION('',(#3079),#3082);
#3079 = B_SPLINE_CURVE_WITH_KNOTS('',1,(#3080,#3081),.UNSPECIFIED.,.F.,
  .F.,(2,2),(1.381977006281E-02,5.743830270845E-02),
  .PIECEWISE_BEZIER_KNOTS.);
#3080 = CARTESIAN_POINT('',(-1.423546461275E-02,4.357382594021E-02));
#3081 = CARTESIAN_POINT('',(-1.423546461275E-02,1.457428402867E-05));
#3082 = ( GEOMETRIC_REPRESENTATION_CONTEXT(2) 
PARAMETRIC_REPRESENTATION_CONTEXT() REPRESENTATION_CONTEXT('2D SPACE',''
  ) );
#3083 = ADVANCED_FACE('',(#3084,#3546,#3581,#3616,#3651,#3686),#1253,.T.
  );
#3084 = FACE_BOUND('',#3085,.T.);
#3085 = EDGE_LOOP('',(#3086,#3087,#3110,#3159,#3210,#3269,#3297,#3325,
    #3353,#3381,#3438,#3466,#3494,#3517,#3538,#3539,#3540,#3541,#3542,
    #3543,#3544,#3545));
#3086 = ORIENTED_EDGE('',*,*,#1803,.F.);
#3087 = ORIENTED_EDGE('',*,*,#3088,.F.);
#3088 = EDGE_CURVE('',#3089,#1804,#3091,.T.);
#3089 = VERTEX_POINT('',#3090);
#3090 = CARTESIAN_POINT('',(435.11243480516,180.,-133.));
#3091 = SURFACE_CURVE('',#3092,(#3096,#3103),.PCURVE_S1.);
#3092 = LINE('',#3093,#3094);
#3093 = CARTESIAN_POINT('',(630.,180.,-133.));
#3094 = VECTOR('',#3095,1.);
#3095 = DIRECTION('',(1.,0.,0.));
#3096 = PCURVE('',#1253,#3097);
#3097 = DEFINITIONAL_REPRESENTATION('',(#3098),#3102);
#3098 = LINE('',#3099,#3100);
#3099 = CARTESIAN_POINT('',(-64.71902022161,-10.));
#3100 = VECTOR('',#3101,1.);
#3101 = DIRECTION('',(-1.,0.));
#3102 = ( GEOMETRIC_REPRESENTATION_CONTEXT(2) 
PARAMETRIC_REPRESENTATION_CONTEXT() REPRESENTATION_CONTEXT('2D SPACE',''
  ) );
#3103 = PCURVE('',#1842,#3104);
#3104 = DEFINITIONAL_REPRESENTATION('',(#3105),#3109);
#3105 = LINE('',#3106,#3107);
#3106 = CARTESIAN_POINT('',(75.,0.));
#3107 = VECTOR('',#3108,1.);
#3108 = DIRECTION('',(-1.,-0.));
#3109 = ( GEOMETRIC_REPRESENTATION_CONTEXT(2) 
PARAMETRIC_REPRESENTATION_CONTEXT() REPRESENTATION_CONTEXT('2D SPACE',''
  ) );
#3110 = ORIENTED_EDGE('',*,*,#3111,.F.);
#3111 = EDGE_CURVE('',#3112,#3089,#3114,.T.);
#3112 = VERTEX_POINT('',#3113);
#3113 = CARTESIAN_POINT('',(434.21217639924,179.41469077441,-133.));
#3114 = SURFACE_CURVE('',#3115,(#3122,#3132),.PCURVE_S1.);
#3115 = B_SPLINE_CURVE_WITH_KNOTS('',3,(#3116,#3117,#3118,#3119,#3120,
    #3121),.UNSPECIFIED.,.F.,.F.,(4,2,4),(0.,5.35650451265E-02,
    0.107378322959),.UNSPECIFIED.);
#3116 = CARTESIAN_POINT('',(434.21217639924,179.41469077441,-133.));
#3117 = CARTESIAN_POINT('',(434.36156767031,179.51247832139,-133.));
#3118 = CARTESIAN_POINT('',(434.51111593848,179.61004485368,-133.));
#3119 = CARTESIAN_POINT('',(434.81119254458,179.80515094413,-133.));
#3120 = CARTESIAN_POINT('',(434.96173971664,179.90269966294,-133.));
#3121 = CARTESIAN_POINT('',(435.11243480516,180.,-133.));
#3122 = PCURVE('',#1253,#3123);
#3123 = DEFINITIONAL_REPRESENTATION('',(#3124),#3131);
#3124 = B_SPLINE_CURVE_WITH_KNOTS('',3,(#3125,#3126,#3127,#3128,#3129,
    #3130),.UNSPECIFIED.,.F.,.F.,(4,2,4),(0.,5.35650451265E-02,
    0.107378322959),.UNSPECIFIED.);
#3125 = CARTESIAN_POINT('',(131.06880337913,-9.414690774415));
#3126 = CARTESIAN_POINT('',(130.91941210806,-9.51247832139));
#3127 = CARTESIAN_POINT('',(130.7698638399,-9.610044853686));
#3128 = CARTESIAN_POINT('',(130.4697872338,-9.805150944131));
#3129 = CARTESIAN_POINT('',(130.31924006174,-9.902699662941));
#3130 = CARTESIAN_POINT('',(130.16854497321,-10.));
#3131 = ( GEOMETRIC_REPRESENTATION_CONTEXT(2) 
PARAMETRIC_REPRESENTATION_CONTEXT() REPRESENTATION_CONTEXT('2D SPACE',''
  ) );
#3132 = PCURVE('',#3133,#3154);
#3133 = B_SPLINE_SURFACE_WITH_KNOTS('',3,3,(
    (#3134,#3135,#3136,#3137,#3138)
    ,(#3139,#3140,#3141,#3142,#3143)
    ,(#3144,#3145,#3146,#3147,#3148)
    ,(#3149,#3150,#3151,#3152,#3153
    )),.UNSPECIFIED.,.F.,.F.,.F.,(4,4),(4,1,4),(0.,1.),(6.094032403333,
    6.441451038472,6.904675885325),.UNSPECIFIED.);
#3134 = CARTESIAN_POINT('',(461.48783319811,180.,-148.5923629015));
#3135 = CARTESIAN_POINT('',(456.95393485215,180.,-148.045638706));
#3136 = CARTESIAN_POINT('',(446.63301844128,180.,-144.8533333311));
#3137 = CARTESIAN_POINT('',(438.36627422957,180.,-137.6135558828));
#3138 = CARTESIAN_POINT('',(434.81007787718,180.,-132.5777708828));
#3139 = CARTESIAN_POINT('',(461.45752283517,179.80719987945,
    -148.8437220064));
#3140 = CARTESIAN_POINT('',(456.89332872468,179.80752645326,
    -148.2945371147));
#3141 = CARTESIAN_POINT('',(446.50213657552,179.80759545565,
    -145.080738953));
#3142 = CARTESIAN_POINT('',(438.1849692721,179.80599815224,
    -137.7882493122));
#3143 = CARTESIAN_POINT('',(434.61077738454,179.8048969248,
    -132.7185139218));
#3144 = CARTESIAN_POINT('',(461.42721247222,179.61439975891,
    -149.0950811113));
#3145 = CARTESIAN_POINT('',(456.83272259721,179.61505290653,
    -148.5434355234));
#3146 = CARTESIAN_POINT('',(446.37125470976,179.6151909113,
    -145.3081445749));
#3147 = CARTESIAN_POINT('',(438.00366431464,179.61199630448,
    -137.9629427416));
#3148 = CARTESIAN_POINT('',(434.41147689189,179.60979384961,
    -132.8592569609));
#3149 = CARTESIAN_POINT('',(461.39690210928,179.42159963837,
    -149.3464402163));
#3150 = CARTESIAN_POINT('',(456.77211646974,179.4225793598,
    -148.7923339321));
#3151 = CARTESIAN_POINT('',(446.240372844,179.42278636695,
    -145.5355501969));
#3152 = CARTESIAN_POINT('',(437.82235935717,179.41799445672,
    -138.1376361709));
#3153 = CARTESIAN_POINT('',(434.21217639924,179.41469077441,-133.));
#3154 = DEFINITIONAL_REPRESENTATION('',(#3155),#3158);
#3155 = B_SPLINE_CURVE_WITH_KNOTS('',1,(#3156,#3157),.UNSPECIFIED.,.F.,
  .F.,(2,2),(0.,0.107378322959),.PIECEWISE_BEZIER_KNOTS.);
#3156 = CARTESIAN_POINT('',(1.,6.904675885325));
#3157 = CARTESIAN_POINT('',(5.193571757527E-05,6.891665021238));
#3158 = ( GEOMETRIC_REPRESENTATION_CONTEXT(2) 
PARAMETRIC_REPRESENTATION_CONTEXT() REPRESENTATION_CONTEXT('2D SPACE',''
  ) );
#3159 = ORIENTED_EDGE('',*,*,#3160,.T.);
#3160 = EDGE_CURVE('',#3112,#3161,#3163,.T.);
#3161 = VERTEX_POINT('',#3162);
#3162 = CARTESIAN_POINT('',(428.66396628265,156.50434481356,-133.));
#3163 = SURFACE_CURVE('',#3164,(#3169,#3176),.PCURVE_S1.);
#3164 = ELLIPSE('',#3165,155.45028497733,40.);
#3165 = AXIS2_PLACEMENT_3D('',#3166,#3167,#3168);
#3166 = CARTESIAN_POINT('',(458.80072824333,86.705622353327,-133.));
#3167 = DIRECTION('',(0.,-0.,1.));
#3168 = DIRECTION('',(8.715574274766E-02,0.996194698092,0.));
#3169 = PCURVE('',#1253,#3170);
#3170 = DEFINITIONAL_REPRESENTATION('',(#3171),#3175);
#3171 = ELLIPSE('',#3172,155.45028497733,40.);
#3172 = AXIS2_PLACEMENT_2D('',#3173,#3174);
#3173 = CARTESIAN_POINT('',(106.48025153505,83.294377646673));
#3174 = DIRECTION('',(-8.715574274766E-02,-0.996194698092));
#3175 = ( GEOMETRIC_REPRESENTATION_CONTEXT(2) 
PARAMETRIC_REPRESENTATION_CONTEXT() REPRESENTATION_CONTEXT('2D SPACE',''
  ) );
#3176 = PCURVE('',#3177,#3182);
#3177 = CYLINDRICAL_SURFACE('',#3178,40.);
#3178 = AXIS2_PLACEMENT_3D('',#3179,#3180,#3181);
#3179 = CARTESIAN_POINT('',(455.80299258138,52.441346947435,
    -142.1588650246));
#3180 = DIRECTION('',(8.422095165328E-02,0.962649882385,0.257316993699)
  );
#3181 = DIRECTION('',(-0.736510737153,0.234074604035,-0.634634551379));
#3182 = DEFINITIONAL_REPRESENTATION('',(#3183),#3209);
#3183 = B_SPLINE_CURVE_WITH_KNOTS('',3,(#3184,#3185,#3186,#3187,#3188,
    #3189,#3190,#3191,#3192,#3193,#3194,#3195,#3196,#3197,#3198,#3199,
    #3200,#3201,#3202,#3203,#3204,#3205,#3206,#3207,#3208),
  .UNSPECIFIED.,.F.,.F.,(4,1,1,1,1,1,1,1,1,1,1,1,1,1,1,1,1,1,1,1,1,1,4),
  (0.951656277851,0.959574415246,0.967492552642,0.975410690037,
    0.983328827432,0.991246964828,0.999165102223,1.007083239618,
    1.015001377014,1.022919514409,1.030837651804,1.0387557892,
    1.046673926595,1.054592063991,1.062510201386,1.070428338781,
    1.078346476177,1.086264613572,1.094182750967,1.102100888363,
    1.110019025758,1.117937163153,1.125855300549),
  .QUASI_UNIFORM_KNOTS.);
#3184 = CARTESIAN_POINT('',(6.380545149462,122.7692070291));
#3185 = CARTESIAN_POINT('',(6.383184528594,122.44632540064));
#3186 = CARTESIAN_POINT('',(6.388463286857,121.79874015872));
#3187 = CARTESIAN_POINT('',(6.396381424253,120.82195761402));
#3188 = CARTESIAN_POINT('',(6.404299561648,119.83983152897));
#3189 = CARTESIAN_POINT('',(6.412217699043,118.85242350616));
#3190 = CARTESIAN_POINT('',(6.420135836439,117.85979544555));
#3191 = CARTESIAN_POINT('',(6.428053973834,116.86200958343));
#3192 = CARTESIAN_POINT('',(6.43597211123,115.85912847703));
#3193 = CARTESIAN_POINT('',(6.443890248625,114.85121500371));
#3194 = CARTESIAN_POINT('',(6.45180838602,113.83833235615));
#3195 = CARTESIAN_POINT('',(6.459726523416,112.82054403862));
#3196 = CARTESIAN_POINT('',(6.467644660811,111.79791386297));
#3197 = CARTESIAN_POINT('',(6.475562798206,110.77050594459));
#3198 = CARTESIAN_POINT('',(6.483480935602,109.73838469845));
#3199 = CARTESIAN_POINT('',(6.491399072997,108.70161483501));
#3200 = CARTESIAN_POINT('',(6.499317210392,107.66026135619));
#3201 = CARTESIAN_POINT('',(6.507235347788,106.61438955129));
#3202 = CARTESIAN_POINT('',(6.515153485183,105.56406499279));
#3203 = CARTESIAN_POINT('',(6.523071622578,104.50935353284));
#3204 = CARTESIAN_POINT('',(6.530989759974,103.45032129677));
#3205 = CARTESIAN_POINT('',(6.538907897369,102.38703468773));
#3206 = CARTESIAN_POINT('',(6.546826034764,101.31956034972));
#3207 = CARTESIAN_POINT('',(6.552104793028,100.60516364057));
#3208 = CARTESIAN_POINT('',(6.55474417216,100.24728964849));
#3209 = ( GEOMETRIC_REPRESENTATION_CONTEXT(2) 
PARAMETRIC_REPRESENTATION_CONTEXT() REPRESENTATION_CONTEXT('2D SPACE',''
  ) );
#3210 = ORIENTED_EDGE('',*,*,#3211,.T.);
#3211 = EDGE_CURVE('',#3161,#3212,#3214,.T.);
#3212 = VERTEX_POINT('',#3213);
#3213 = CARTESIAN_POINT('',(414.52516929725,39.582197692438,-133.));
#3214 = SURFACE_CURVE('',#3215,(#3226,#3240),.PCURVE_S1.);
#3215 = B_SPLINE_CURVE_WITH_KNOTS('',3,(#3216,#3217,#3218,#3219,#3220,
    #3221,#3222,#3223,#3224,#3225),.UNSPECIFIED.,.F.,.F.,(4,2,2,2,4),(
    2.373285660106,6.171526499877,9.584340811052,11.18854681528,
    12.832562504664),.UNSPECIFIED.);
#3216 = CARTESIAN_POINT('',(428.66396628265,156.50434481356,-133.));
#3217 = CARTESIAN_POINT('',(425.81009597873,143.07222136268,-133.));
#3218 = CARTESIAN_POINT('',(423.65759987401,128.80714818966,
    -132.9999999999));
#3219 = CARTESIAN_POINT('',(420.29803333061,101.75584501239,
    -132.9999999999));
#3220 = CARTESIAN_POINT('',(418.93436595344,88.213153442855,-133.));
#3221 = CARTESIAN_POINT('',(417.20246587813,69.757834301301,-133.));
#3222 = CARTESIAN_POINT('',(416.65463036347,63.69898423286,
    -132.9999999999));
#3223 = CARTESIAN_POINT('',(415.60056837444,51.861744788769,
    -132.9999999999));
#3224 = CARTESIAN_POINT('',(414.99458396521,44.947631898905,-133.));
#3225 = CARTESIAN_POINT('',(414.52516929725,39.582197692438,-133.));
#3226 = PCURVE('',#1253,#3227);
#3227 = DEFINITIONAL_REPRESENTATION('',(#3228),#3239);
#3228 = B_SPLINE_CURVE_WITH_KNOTS('',3,(#3229,#3230,#3231,#3232,#3233,
    #3234,#3235,#3236,#3237,#3238),.UNSPECIFIED.,.F.,.F.,(4,2,2,2,4),(
    2.373285660106,6.171526499877,9.584340811052,11.18854681528,
    12.832562504664),.UNSPECIFIED.);
#3229 = CARTESIAN_POINT('',(136.61701349573,13.495655186435));
#3230 = CARTESIAN_POINT('',(139.47088379964,26.927778637312));
#3231 = CARTESIAN_POINT('',(141.62337990436,41.192851810331));
#3232 = CARTESIAN_POINT('',(144.98294644776,68.244154987605));
#3233 = CARTESIAN_POINT('',(146.34661382493,81.786846557145));
#3234 = CARTESIAN_POINT('',(148.07851390025,100.24216569869));
#3235 = CARTESIAN_POINT('',(148.6263494149,106.30101576714));
#3236 = CARTESIAN_POINT('',(149.68041140393,118.13825521123));
#3237 = CARTESIAN_POINT('',(150.28639581317,125.05236810109));
#3238 = CARTESIAN_POINT('',(150.75581048113,130.41780230756));
#3239 = ( GEOMETRIC_REPRESENTATION_CONTEXT(2) 
PARAMETRIC_REPRESENTATION_CONTEXT() REPRESENTATION_CONTEXT('2D SPACE',''
  ) );
#3240 = PCURVE('',#2648,#3241);
#3241 = DEFINITIONAL_REPRESENTATION('',(#3242),#3268);
#3242 = B_SPLINE_CURVE_WITH_KNOTS('',3,(#3243,#3244,#3245,#3246,#3247,
    #3248,#3249,#3250,#3251,#3252,#3253,#3254,#3255,#3256,#3257,#3258,
    #3259,#3260,#3261,#3262,#3263,#3264,#3265,#3266,#3267),
  .UNSPECIFIED.,.F.,.F.,(4,1,1,1,1,1,1,1,1,1,1,1,1,1,1,1,1,1,1,1,1,1,4),
  (2.373285660106,2.848707334859,3.324129009612,3.799550684364,
    4.274972359117,4.75039403387,5.225815708622,5.701237383375,
    6.176659058127,6.65208073288,7.127502407633,7.602924082385,
    8.078345757138,8.553767431891,9.029189106643,9.504610781396,
    9.980032456149,10.455454130901,10.930875805654,11.406297480406,
    11.881719155159,12.357140829912,12.832562504664),
  .QUASI_UNIFORM_KNOTS.);
#3243 = CARTESIAN_POINT('',(0.310489308505,1.30958937016));
#3244 = CARTESIAN_POINT('',(0.301945747888,1.312779879634));
#3245 = CARTESIAN_POINT('',(0.285198591223,1.319222267116));
#3246 = CARTESIAN_POINT('',(0.261108885962,1.329051807296));
#3247 = CARTESIAN_POINT('',(0.238061129459,1.339029406659));
#3248 = CARTESIAN_POINT('',(0.216067000293,1.349136301377));
#3249 = CARTESIAN_POINT('',(0.195136572328,1.359354043696));
#3250 = CARTESIAN_POINT('',(0.175283538388,1.369660991827));
#3251 = CARTESIAN_POINT('',(0.156503911765,1.380045298729));
#3252 = CARTESIAN_POINT('',(0.13885323735,1.390456622861));
#3253 = CARTESIAN_POINT('',(0.122156293495,1.400986537139));
#3254 = CARTESIAN_POINT('',(0.106348691996,1.411684541472));
#3255 = CARTESIAN_POINT('',(9.156265756774E-02,1.422466843794));
#3256 = CARTESIAN_POINT('',(7.785533620532E-02,1.43328502868));
#3257 = CARTESIAN_POINT('',(6.528370687531E-02,1.44407735836));
#3258 = CARTESIAN_POINT('',(5.387082219015E-02,1.454795568395));
#3259 = CARTESIAN_POINT('',(4.366313452054E-02,1.465347133068));
#3260 = CARTESIAN_POINT('',(3.453485843298E-02,1.475800210169));
#3261 = CARTESIAN_POINT('',(2.626545843258E-02,1.486408972064));
#3262 = CARTESIAN_POINT('',(1.902312051312E-02,1.496993896462));
#3263 = CARTESIAN_POINT('',(1.287340402342E-02,1.507348818017));
#3264 = CARTESIAN_POINT('',(7.319506787852E-03,1.518436543647));
#3265 = CARTESIAN_POINT('',(2.934694807024E-03,1.529384485134));
#3266 = CARTESIAN_POINT('',(8.214104688455E-04,1.536135254599));
#3267 = CARTESIAN_POINT('',(0.,1.539250932113));
#3268 = ( GEOMETRIC_REPRESENTATION_CONTEXT(2) 
PARAMETRIC_REPRESENTATION_CONTEXT() REPRESENTATION_CONTEXT('2D SPACE',''
  ) );
#3269 = ORIENTED_EDGE('',*,*,#3270,.F.);
#3270 = EDGE_CURVE('',#3271,#3212,#3273,.T.);
#3271 = VERTEX_POINT('',#3272);
#3272 = CARTESIAN_POINT('',(410.78560749772,-3.161189265521,-133.));
#3273 = SURFACE_CURVE('',#3274,(#3278,#3285),.PCURVE_S1.);
#3274 = LINE('',#3275,#3276);
#3275 = CARTESIAN_POINT('',(412.70191682478,18.742326570959,-133.));
#3276 = VECTOR('',#3277,1.);
#3277 = DIRECTION('',(8.715574274766E-02,0.996194698092,0.));
#3278 = PCURVE('',#1253,#3279);
#3279 = DEFINITIONAL_REPRESENTATION('',(#3280),#3284);
#3280 = LINE('',#3281,#3282);
#3281 = CARTESIAN_POINT('',(152.5790629536,151.25767342904));
#3282 = VECTOR('',#3283,1.);
#3283 = DIRECTION('',(-8.715574274766E-02,-0.996194698092));
#3284 = ( GEOMETRIC_REPRESENTATION_CONTEXT(2) 
PARAMETRIC_REPRESENTATION_CONTEXT() REPRESENTATION_CONTEXT('2D SPACE',''
  ) );
#3285 = PCURVE('',#3286,#3291);
#3286 = PLANE('',#3287);
#3287 = AXIS2_PLACEMENT_3D('',#3288,#3289,#3290);
#3288 = CARTESIAN_POINT('',(405.,-69.29098556779,-133.));
#3289 = DIRECTION('',(-0.996194698092,8.715574274766E-02,0.));
#3290 = DIRECTION('',(8.715574274766E-02,0.996194698092,0.));
#3291 = DEFINITIONAL_REPRESENTATION('',(#3292),#3296);
#3292 = LINE('',#3293,#3294);
#3293 = CARTESIAN_POINT('',(88.369585089526,0.));
#3294 = VECTOR('',#3295,1.);
#3295 = DIRECTION('',(1.,0.));
#3296 = ( GEOMETRIC_REPRESENTATION_CONTEXT(2) 
PARAMETRIC_REPRESENTATION_CONTEXT() REPRESENTATION_CONTEXT('2D SPACE',''
  ) );
#3297 = ORIENTED_EDGE('',*,*,#3298,.T.);
#3298 = EDGE_CURVE('',#3271,#3299,#3301,.T.);
#3299 = VERTEX_POINT('',#3300);
#3300 = CARTESIAN_POINT('',(407.77159321201,-37.62889216391,-133.));
#3301 = SURFACE_CURVE('',#3302,(#3307,#3314),.PCURVE_S1.);
#3302 = ELLIPSE('',#3303,3.977755048718E+03,40.);
#3303 = AXIS2_PLACEMENT_3D('',#3304,#3305,#3306);
#3304 = CARTESIAN_POINT('',(450.63339542139,-6.647418975427,-133.));
#3305 = DIRECTION('',(0.,0.,1.));
#3306 = DIRECTION('',(-8.715574274766E-02,-0.996194698092,0.));
#3307 = PCURVE('',#1253,#3308);
#3308 = DEFINITIONAL_REPRESENTATION('',(#3309),#3313);
#3309 = ELLIPSE('',#3310,3.977755048718E+03,40.);
#3310 = AXIS2_PLACEMENT_2D('',#3311,#3312);
#3311 = CARTESIAN_POINT('',(114.64758435698,176.64741897542));
#3312 = DIRECTION('',(8.715574274766E-02,0.996194698092));
#3313 = ( GEOMETRIC_REPRESENTATION_CONTEXT(2) 
PARAMETRIC_REPRESENTATION_CONTEXT() REPRESENTATION_CONTEXT('2D SPACE',''
  ) );
#3314 = PCURVE('',#3315,#3320);
#3315 = CYLINDRICAL_SURFACE('',#3316,40.);
#3316 = AXIS2_PLACEMENT_3D('',#3317,#3318,#3319);
#3317 = CARTESIAN_POINT('',(454.95831,42.786580863034,-133.4990286052));
#3318 = DIRECTION('',(8.715133597239E-02,0.99614432842,
    -1.005592338143E-02));
#3319 = DIRECTION('',(-0.744130321645,5.838506741983E-02,-0.665478210245
    ));
#3320 = DEFINITIONAL_REPRESENTATION('',(#3321),#3324);
#3321 = B_SPLINE_CURVE_WITH_KNOTS('',1,(#3322,#3323),.UNSPECIFIED.,.F.,
  .F.,(2,2),(4.712388980385,4.721087270605),.PIECEWISE_BEZIER_KNOTS.);
#3322 = CARTESIAN_POINT('',(7.011364698963,-49.6253388471));
#3323 = CARTESIAN_POINT('',(7.002666408743,-84.22282097464));
#3324 = ( GEOMETRIC_REPRESENTATION_CONTEXT(2) 
PARAMETRIC_REPRESENTATION_CONTEXT() REPRESENTATION_CONTEXT('2D SPACE',''
  ) );
#3325 = ORIENTED_EDGE('',*,*,#3326,.T.);
#3326 = EDGE_CURVE('',#3299,#3327,#3329,.T.);
#3327 = VERTEX_POINT('',#3328);
#3328 = CARTESIAN_POINT('',(407.77159321201,-70.,-133.));
#3329 = SURFACE_CURVE('',#3330,(#3334,#3341),.PCURVE_S1.);
#3330 = LINE('',#3331,#3332);
#3331 = CARTESIAN_POINT('',(407.77159321201,27.5,-133.));
#3332 = VECTOR('',#3333,1.);
#3333 = DIRECTION('',(0.,-1.,0.));
#3334 = PCURVE('',#1253,#3335);
#3335 = DEFINITIONAL_REPRESENTATION('',(#3336),#3340);
#3336 = LINE('',#3337,#3338);
#3337 = CARTESIAN_POINT('',(157.50938656636,142.5));
#3338 = VECTOR('',#3339,1.);
#3339 = DIRECTION('',(0.,1.));
#3340 = ( GEOMETRIC_REPRESENTATION_CONTEXT(2) 
PARAMETRIC_REPRESENTATION_CONTEXT() REPRESENTATION_CONTEXT('2D SPACE',''
  ) );
#3341 = PCURVE('',#3342,#3347);
#3342 = PLANE('',#3343);
#3343 = AXIS2_PLACEMENT_3D('',#3344,#3345,#3346);
#3344 = CARTESIAN_POINT('',(407.77159321201,-40.,-213.2865754179));
#3345 = DIRECTION('',(1.,0.,0.));
#3346 = DIRECTION('',(0.,0.,1.));
#3347 = DEFINITIONAL_REPRESENTATION('',(#3348),#3352);
#3348 = LINE('',#3349,#3350);
#3349 = CARTESIAN_POINT('',(80.286575417915,-67.5));
#3350 = VECTOR('',#3351,1.);
#3351 = DIRECTION('',(0.,1.));
#3352 = ( GEOMETRIC_REPRESENTATION_CONTEXT(2) 
PARAMETRIC_REPRESENTATION_CONTEXT() REPRESENTATION_CONTEXT('2D SPACE',''
  ) );
#3353 = ORIENTED_EDGE('',*,*,#3354,.F.);
#3354 = EDGE_CURVE('',#3355,#3327,#3357,.T.);
#3355 = VERTEX_POINT('',#3356);
#3356 = CARTESIAN_POINT('',(472.79233072263,-70.,-133.));
#3357 = SURFACE_CURVE('',#3358,(#3362,#3369),.PCURVE_S1.);
#3358 = LINE('',#3359,#3360);
#3359 = CARTESIAN_POINT('',(480.,-70.,-133.));
#3360 = VECTOR('',#3361,1.);
#3361 = DIRECTION('',(-1.,0.,0.));
#3362 = PCURVE('',#1253,#3363);
#3363 = DEFINITIONAL_REPRESENTATION('',(#3364),#3368);
#3364 = LINE('',#3365,#3366);
#3365 = CARTESIAN_POINT('',(85.280979778382,240.));
#3366 = VECTOR('',#3367,1.);
#3367 = DIRECTION('',(1.,0.));
#3368 = ( GEOMETRIC_REPRESENTATION_CONTEXT(2) 
PARAMETRIC_REPRESENTATION_CONTEXT() REPRESENTATION_CONTEXT('2D SPACE',''
  ) );
#3369 = PCURVE('',#3370,#3375);
#3370 = PLANE('',#3371);
#3371 = AXIS2_PLACEMENT_3D('',#3372,#3373,#3374);
#3372 = CARTESIAN_POINT('',(515.,-70.,58.9));
#3373 = DIRECTION('',(0.,-1.,0.));
#3374 = DIRECTION('',(-1.,0.,0.));
#3375 = DEFINITIONAL_REPRESENTATION('',(#3376),#3380);
#3376 = LINE('',#3377,#3378);
#3377 = CARTESIAN_POINT('',(35.,191.9));
#3378 = VECTOR('',#3379,1.);
#3379 = DIRECTION('',(1.,0.));
#3380 = ( GEOMETRIC_REPRESENTATION_CONTEXT(2) 
PARAMETRIC_REPRESENTATION_CONTEXT() REPRESENTATION_CONTEXT('2D SPACE',''
  ) );
#3381 = ORIENTED_EDGE('',*,*,#3382,.F.);
#3382 = EDGE_CURVE('',#3383,#3355,#3385,.T.);
#3383 = VERTEX_POINT('',#3384);
#3384 = CARTESIAN_POINT('',(487.07449300378,-69.96672429236,-133.));
#3385 = SURFACE_CURVE('',#3386,(#3396,#3409),.PCURVE_S1.);
#3386 = B_SPLINE_CURVE_WITH_KNOTS('',3,(#3387,#3388,#3389,#3390,#3391,
    #3392,#3393,#3394,#3395),.UNSPECIFIED.,.F.,.F.,(4,2,3,4),(
    0.216796334501,1.995723122606,2.85068068844,4.48126112965),
  .UNSPECIFIED.);
#3387 = CARTESIAN_POINT('',(517.0484791432,-69.75855719141,-133.));
#3388 = CARTESIAN_POINT('',(511.0348583143,-69.80956075846,-133.));
#3389 = CARTESIAN_POINT('',(504.7091886599,-69.86105423195,-133.));
#3390 = CARTESIAN_POINT('',(495.68122545081,-69.92152804555,-133.));
#3391 = CARTESIAN_POINT('',(492.73571285406,-69.93921532855,-133.));
#3392 = CARTESIAN_POINT('',(489.78650315191,-69.9539885203,-133.));
#3393 = CARTESIAN_POINT('',(484.16175187824,-69.98216404442,-133.));
#3394 = CARTESIAN_POINT('',(478.48526415633,-70.,-133.));
#3395 = CARTESIAN_POINT('',(472.79233072263,-70.,-133.));
#3396 = PCURVE('',#1253,#3397);
#3397 = DEFINITIONAL_REPRESENTATION('',(#3398),#3408);
#3398 = B_SPLINE_CURVE_WITH_KNOTS('',3,(#3399,#3400,#3401,#3402,#3403,
    #3404,#3405,#3406,#3407),.UNSPECIFIED.,.F.,.F.,(4,2,3,4),(
    0.216796334501,1.995723122606,2.85068068844,4.48126112965),
  .UNSPECIFIED.);
#3399 = CARTESIAN_POINT('',(48.232500635174,239.75855719141));
#3400 = CARTESIAN_POINT('',(54.246121464078,239.80956075846));
#3401 = CARTESIAN_POINT('',(60.571791118478,239.86105423195));
#3402 = CARTESIAN_POINT('',(69.599754327567,239.92152804555));
#3403 = CARTESIAN_POINT('',(72.545266924314,239.93921532855));
#3404 = CARTESIAN_POINT('',(75.494476626466,239.9539885203));
#3405 = CARTESIAN_POINT('',(81.11922790014,239.98216404442));
#3406 = CARTESIAN_POINT('',(86.795715622049,240.));
#3407 = CARTESIAN_POINT('',(92.488649055748,240.));
#3408 = ( GEOMETRIC_REPRESENTATION_CONTEXT(2) 
PARAMETRIC_REPRESENTATION_CONTEXT() REPRESENTATION_CONTEXT('2D SPACE',''
  ) );
#3409 = PCURVE('',#3050,#3410);
#3410 = DEFINITIONAL_REPRESENTATION('',(#3411),#3437);
#3411 = B_SPLINE_CURVE_WITH_KNOTS('',3,(#3412,#3413,#3414,#3415,#3416,
    #3417,#3418,#3419,#3420,#3421,#3422,#3423,#3424,#3425,#3426,#3427,
    #3428,#3429,#3430,#3431,#3432,#3433,#3434,#3435,#3436),
  .UNSPECIFIED.,.F.,.F.,(4,1,1,1,1,1,1,1,1,1,1,1,1,1,1,1,1,1,1,1,1,1,4),
  (0.216796334501,0.410635643372,0.604474952242,0.798314261113,
    0.992153569983,1.185992878853,1.379832187724,1.573671496594,
    1.767510805465,1.961350114335,2.155189423205,2.349028732076,
    2.542868040946,2.736707349817,2.930546658687,3.124385967557,
    3.318225276428,3.512064585298,3.705903894169,3.899743203039,
    4.093582511909,4.28742182078,4.48126112965),.QUASI_UNIFORM_KNOTS.);
#3412 = CARTESIAN_POINT('',(-1.688102507333,4.127018339571E-02));
#3413 = CARTESIAN_POINT('',(-1.68692337976,4.057897836526E-02));
#3414 = CARTESIAN_POINT('',(-1.684521010421,3.918882990576E-02));
#3415 = CARTESIAN_POINT('',(-1.680790713358,3.708483441655E-02));
#3416 = CARTESIAN_POINT('',(-1.676938975075,3.496650996486E-02));
#3417 = CARTESIAN_POINT('',(-1.672972139309,3.283829534223E-02));
#3418 = CARTESIAN_POINT('',(-1.668897277498,3.070463812229E-02));
#3419 = CARTESIAN_POINT('',(-1.664722189637,2.856994398462E-02));
#3420 = CARTESIAN_POINT('',(-1.660455774138,2.643876375274E-02));
#3421 = CARTESIAN_POINT('',(-1.656106581676,2.431509411521E-02));
#3422 = CARTESIAN_POINT('',(-1.6516882388,2.220498595816E-02));
#3423 = CARTESIAN_POINT('',(-1.647199182857,2.010680864999E-02));
#3424 = CARTESIAN_POINT('',(-1.642597254299,1.800090560381E-02));
#3425 = CARTESIAN_POINT('',(-1.637894063982,1.589311495895E-02));
#3426 = CARTESIAN_POINT('',(-1.633087660117,1.378279167879E-02));
#3427 = CARTESIAN_POINT('',(-1.628181695566,1.167178206295E-02));
#3428 = CARTESIAN_POINT('',(-1.623167576598,9.556674443352E-03));
#3429 = CARTESIAN_POINT('',(-1.618045477726,7.437954106021E-03));
#3430 = CARTESIAN_POINT('',(-1.612815400025,5.315986593691E-03));
#3431 = CARTESIAN_POINT('',(-1.607477437346,3.191169264724E-03));
#3432 = CARTESIAN_POINT('',(-1.602031704514,1.063890657174E-03));
#3433 = CARTESIAN_POINT('',(-1.596478357494,-1.065458661783E-03));
#3434 = CARTESIAN_POINT('',(-1.59081758358,-3.196488993796E-03));
#3435 = CARTESIAN_POINT('',(-1.586972274108,-4.618036933987E-03));
#3436 = CARTESIAN_POINT('',(-1.585031791408,-5.32896124878E-03));
#3437 = ( GEOMETRIC_REPRESENTATION_CONTEXT(2) 
PARAMETRIC_REPRESENTATION_CONTEXT() REPRESENTATION_CONTEXT('2D SPACE',''
  ) );
#3438 = ORIENTED_EDGE('',*,*,#3439,.F.);
#3439 = EDGE_CURVE('',#3440,#3383,#3442,.T.);
#3440 = VERTEX_POINT('',#3441);
#3441 = CARTESIAN_POINT('',(487.07449300378,-49.01281509118,-133.));
#3442 = SURFACE_CURVE('',#3443,(#3447,#3454),.PCURVE_S1.);
#3443 = LINE('',#3444,#3445);
#3444 = CARTESIAN_POINT('',(487.07449300378,-49.01281509118,-133.));
#3445 = VECTOR('',#3446,1.);
#3446 = DIRECTION('',(0.,-1.,0.));
#3447 = PCURVE('',#1253,#3448);
#3448 = DEFINITIONAL_REPRESENTATION('',(#3449),#3453);
#3449 = LINE('',#3450,#3451);
#3450 = CARTESIAN_POINT('',(78.206486774594,219.01281509118));
#3451 = VECTOR('',#3452,1.);
#3452 = DIRECTION('',(0.,1.));
#3453 = ( GEOMETRIC_REPRESENTATION_CONTEXT(2) 
PARAMETRIC_REPRESENTATION_CONTEXT() REPRESENTATION_CONTEXT('2D SPACE',''
  ) );
#3454 = PCURVE('',#3455,#3460);
#3455 = PLANE('',#3456);
#3456 = AXIS2_PLACEMENT_3D('',#3457,#3458,#3459);
#3457 = CARTESIAN_POINT('',(487.07449300378,-49.01281509118,-133.));
#3458 = DIRECTION('',(-1.,0.,0.));
#3459 = DIRECTION('',(0.,-1.,0.));
#3460 = DEFINITIONAL_REPRESENTATION('',(#3461),#3465);
#3461 = LINE('',#3462,#3463);
#3462 = CARTESIAN_POINT('',(0.,0.));
#3463 = VECTOR('',#3464,1.);
#3464 = DIRECTION('',(1.,0.));
#3465 = ( GEOMETRIC_REPRESENTATION_CONTEXT(2) 
PARAMETRIC_REPRESENTATION_CONTEXT() REPRESENTATION_CONTEXT('2D SPACE',''
  ) );
#3466 = ORIENTED_EDGE('',*,*,#3467,.F.);
#3467 = EDGE_CURVE('',#3468,#3440,#3470,.T.);
#3468 = VERTEX_POINT('',#3469);
#3469 = CARTESIAN_POINT('',(499.07449300378,-59.08201066531,-133.));
#3470 = SURFACE_CURVE('',#3471,(#3475,#3482),.PCURVE_S1.);
#3471 = LINE('',#3472,#3473);
#3472 = CARTESIAN_POINT('',(499.07449300378,-59.08201066531,-133.));
#3473 = VECTOR('',#3474,1.);
#3474 = DIRECTION('',(-0.766044443119,0.642787609687,0.));
#3475 = PCURVE('',#1253,#3476);
#3476 = DEFINITIONAL_REPRESENTATION('',(#3477),#3481);
#3477 = LINE('',#3478,#3479);
#3478 = CARTESIAN_POINT('',(66.206486774594,229.08201066531));
#3479 = VECTOR('',#3480,1.);
#3480 = DIRECTION('',(0.766044443119,-0.642787609687));
#3481 = ( GEOMETRIC_REPRESENTATION_CONTEXT(2) 
PARAMETRIC_REPRESENTATION_CONTEXT() REPRESENTATION_CONTEXT('2D SPACE',''
  ) );
#3482 = PCURVE('',#3483,#3488);
#3483 = PLANE('',#3484);
#3484 = AXIS2_PLACEMENT_3D('',#3485,#3486,#3487);
#3485 = CARTESIAN_POINT('',(499.07449300378,-59.08201066531,-133.));
#3486 = DIRECTION('',(0.642787609687,0.766044443119,0.));
#3487 = DIRECTION('',(-0.766044443119,0.642787609687,0.));
#3488 = DEFINITIONAL_REPRESENTATION('',(#3489),#3493);
#3489 = LINE('',#3490,#3491);
#3490 = CARTESIAN_POINT('',(0.,0.));
#3491 = VECTOR('',#3492,1.);
#3492 = DIRECTION('',(1.,0.));
#3493 = ( GEOMETRIC_REPRESENTATION_CONTEXT(2) 
PARAMETRIC_REPRESENTATION_CONTEXT() REPRESENTATION_CONTEXT('2D SPACE',''
  ) );
#3494 = ORIENTED_EDGE('',*,*,#3495,.F.);
#3495 = EDGE_CURVE('',#3496,#3468,#3498,.T.);
#3496 = VERTEX_POINT('',#3497);
#3497 = CARTESIAN_POINT('',(499.07449300378,-14.51091204941,-133.));
#3498 = SURFACE_CURVE('',#3499,(#3503,#3510),.PCURVE_S1.);
#3499 = LINE('',#3500,#3501);
#3500 = CARTESIAN_POINT('',(499.07449300378,-14.51091204941,-133.));
#3501 = VECTOR('',#3502,1.);
#3502 = DIRECTION('',(0.,-1.,0.));
#3503 = PCURVE('',#1253,#3504);
#3504 = DEFINITIONAL_REPRESENTATION('',(#3505),#3509);
#3505 = LINE('',#3506,#3507);
#3506 = CARTESIAN_POINT('',(66.206486774594,184.51091204941));
#3507 = VECTOR('',#3508,1.);
#3508 = DIRECTION('',(0.,1.));
#3509 = ( GEOMETRIC_REPRESENTATION_CONTEXT(2) 
PARAMETRIC_REPRESENTATION_CONTEXT() REPRESENTATION_CONTEXT('2D SPACE',''
  ) );
#3510 = PCURVE('',#3023,#3511);
#3511 = DEFINITIONAL_REPRESENTATION('',(#3512),#3516);
#3512 = LINE('',#3513,#3514);
#3513 = CARTESIAN_POINT('',(0.,0.));
#3514 = VECTOR('',#3515,1.);
#3515 = DIRECTION('',(1.,0.));
#3516 = ( GEOMETRIC_REPRESENTATION_CONTEXT(2) 
PARAMETRIC_REPRESENTATION_CONTEXT() REPRESENTATION_CONTEXT('2D SPACE',''
  ) );
#3517 = ORIENTED_EDGE('',*,*,#3518,.F.);
#3518 = EDGE_CURVE('',#1238,#3496,#3519,.T.);
#3519 = SURFACE_CURVE('',#3520,(#3524,#3531),.PCURVE_S1.);
#3520 = LINE('',#3521,#3522);
#3521 = CARTESIAN_POINT('',(487.07449300378,-24.58010762354,-133.));
#3522 = VECTOR('',#3523,1.);
#3523 = DIRECTION('',(0.766044443119,0.642787609687,0.));
#3524 = PCURVE('',#1253,#3525);
#3525 = DEFINITIONAL_REPRESENTATION('',(#3526),#3530);
#3526 = LINE('',#3527,#3528);
#3527 = CARTESIAN_POINT('',(78.206486774594,194.58010762354));
#3528 = VECTOR('',#3529,1.);
#3529 = DIRECTION('',(-0.766044443119,-0.642787609687));
#3530 = ( GEOMETRIC_REPRESENTATION_CONTEXT(2) 
PARAMETRIC_REPRESENTATION_CONTEXT() REPRESENTATION_CONTEXT('2D SPACE',''
  ) );
#3531 = PCURVE('',#1281,#3532);
#3532 = DEFINITIONAL_REPRESENTATION('',(#3533),#3537);
#3533 = LINE('',#3534,#3535);
#3534 = CARTESIAN_POINT('',(0.,0.));
#3535 = VECTOR('',#3536,1.);
#3536 = DIRECTION('',(1.,0.));
#3537 = ( GEOMETRIC_REPRESENTATION_CONTEXT(2) 
PARAMETRIC_REPRESENTATION_CONTEXT() REPRESENTATION_CONTEXT('2D SPACE',''
  ) );
#3538 = ORIENTED_EDGE('',*,*,#1235,.F.);
#3539 = ORIENTED_EDGE('',*,*,#1370,.F.);
#3540 = ORIENTED_EDGE('',*,*,#1419,.F.);
#3541 = ORIENTED_EDGE('',*,*,#1468,.F.);
#3542 = ORIENTED_EDGE('',*,*,#1517,.F.);
#3543 = ORIENTED_EDGE('',*,*,#1567,.F.);
#3544 = ORIENTED_EDGE('',*,*,#1616,.F.);
#3545 = ORIENTED_EDGE('',*,*,#1753,.F.);
#3546 = FACE_BOUND('',#3547,.T.);
#3547 = EDGE_LOOP('',(#3548));
#3548 = ORIENTED_EDGE('',*,*,#3549,.T.);
#3549 = EDGE_CURVE('',#3550,#3550,#3552,.T.);
#3550 = VERTEX_POINT('',#3551);
#3551 = CARTESIAN_POINT('',(433.57753235409,153.12756588981,-133.));
#3552 = SURFACE_CURVE('',#3553,(#3558,#3569),.PCURVE_S1.);
#3553 = CIRCLE('',#3554,2.65);
#3554 = AXIS2_PLACEMENT_3D('',#3555,#3556,#3557);
#3555 = CARTESIAN_POINT('',(436.22753235409,153.12756588981,-133.));
#3556 = DIRECTION('',(0.,0.,-1.));
#3557 = DIRECTION('',(1.,0.,0.));
#3558 = PCURVE('',#1253,#3559);
#3559 = DEFINITIONAL_REPRESENTATION('',(#3560),#3568);
#3560 = ( BOUNDED_CURVE() B_SPLINE_CURVE(2,(#3561,#3562,#3563,#3564,
#3565,#3566,#3567),.UNSPECIFIED.,.T.,.F.) B_SPLINE_CURVE_WITH_KNOTS((1,2
    ,2,2,2,1),(-2.094395102393,0.,2.094395102393,4.188790204786,
6.28318530718,8.377580409573),.UNSPECIFIED.) CURVE() 
GEOMETRIC_REPRESENTATION_ITEM() RATIONAL_B_SPLINE_CURVE((1.,0.5,1.,0.5,
1.,0.5,1.)) REPRESENTATION_ITEM('') );
#3561 = CARTESIAN_POINT('',(126.40344742428,16.87243411019));
#3562 = CARTESIAN_POINT('',(126.40344742428,21.462368750248));
#3563 = CARTESIAN_POINT('',(130.37844742428,19.167401430219));
#3564 = CARTESIAN_POINT('',(134.35344742428,16.87243411019));
#3565 = CARTESIAN_POINT('',(130.37844742428,14.577466790161));
#3566 = CARTESIAN_POINT('',(126.40344742428,12.282499470132));
#3567 = CARTESIAN_POINT('',(126.40344742428,16.87243411019));
#3568 = ( GEOMETRIC_REPRESENTATION_CONTEXT(2) 
PARAMETRIC_REPRESENTATION_CONTEXT() REPRESENTATION_CONTEXT('2D SPACE',''
  ) );
#3569 = PCURVE('',#3570,#3575);
#3570 = CYLINDRICAL_SURFACE('',#3571,2.65);
#3571 = AXIS2_PLACEMENT_3D('',#3572,#3573,#3574);
#3572 = CARTESIAN_POINT('',(436.22753235409,153.12756588981,-132.9));
#3573 = DIRECTION('',(0.,0.,-1.));
#3574 = DIRECTION('',(1.,0.,0.));
#3575 = DEFINITIONAL_REPRESENTATION('',(#3576),#3580);
#3576 = LINE('',#3577,#3578);
#3577 = CARTESIAN_POINT('',(0.,9.999999999999E-02));
#3578 = VECTOR('',#3579,1.);
#3579 = DIRECTION('',(1.,0.));
#3580 = ( GEOMETRIC_REPRESENTATION_CONTEXT(2) 
PARAMETRIC_REPRESENTATION_CONTEXT() REPRESENTATION_CONTEXT('2D SPACE',''
  ) );
#3581 = FACE_BOUND('',#3582,.T.);
#3582 = EDGE_LOOP('',(#3583));
#3583 = ORIENTED_EDGE('',*,*,#3584,.T.);
#3584 = EDGE_CURVE('',#3585,#3585,#3587,.T.);
#3585 = VERTEX_POINT('',#3586);
#3586 = CARTESIAN_POINT('',(420.55679531829,21.116532306693,-133.));
#3587 = SURFACE_CURVE('',#3588,(#3593,#3604),.PCURVE_S1.);
#3588 = CIRCLE('',#3589,2.6);
#3589 = AXIS2_PLACEMENT_3D('',#3590,#3591,#3592);
#3590 = CARTESIAN_POINT('',(423.15679531829,21.116532306693,-133.));
#3591 = DIRECTION('',(0.,0.,-1.));
#3592 = DIRECTION('',(1.,0.,0.));
#3593 = PCURVE('',#1253,#3594);
#3594 = DEFINITIONAL_REPRESENTATION('',(#3595),#3603);
#3595 = ( BOUNDED_CURVE() B_SPLINE_CURVE(2,(#3596,#3597,#3598,#3599,
#3600,#3601,#3602),.UNSPECIFIED.,.T.,.F.) B_SPLINE_CURVE_WITH_KNOTS((1,2
    ,2,2,2,1),(-2.094395102393,0.,2.094395102393,4.188790204786,
6.28318530718,8.377580409573),.UNSPECIFIED.) CURVE() 
GEOMETRIC_REPRESENTATION_ITEM() RATIONAL_B_SPLINE_CURVE((1.,0.5,1.,0.5,
1.,0.5,1.)) REPRESENTATION_ITEM('') );
#3596 = CARTESIAN_POINT('',(139.52418446008,148.8834676933));
#3597 = CARTESIAN_POINT('',(139.52418446008,153.38679979298));
#3598 = CARTESIAN_POINT('',(143.42418446008,151.13513374314));
#3599 = CARTESIAN_POINT('',(147.32418446008,148.8834676933));
#3600 = CARTESIAN_POINT('',(143.42418446008,146.63180164346));
#3601 = CARTESIAN_POINT('',(139.52418446008,144.38013559362));
#3602 = CARTESIAN_POINT('',(139.52418446008,148.8834676933));
#3603 = ( GEOMETRIC_REPRESENTATION_CONTEXT(2) 
PARAMETRIC_REPRESENTATION_CONTEXT() REPRESENTATION_CONTEXT('2D SPACE',''
  ) );
#3604 = PCURVE('',#3605,#3610);
#3605 = CYLINDRICAL_SURFACE('',#3606,2.6);
#3606 = AXIS2_PLACEMENT_3D('',#3607,#3608,#3609);
#3607 = CARTESIAN_POINT('',(423.15679531829,21.116532306693,-132.9));
#3608 = DIRECTION('',(0.,0.,-1.));
#3609 = DIRECTION('',(1.,0.,0.));
#3610 = DEFINITIONAL_REPRESENTATION('',(#3611),#3615);
#3611 = LINE('',#3612,#3613);
#3612 = CARTESIAN_POINT('',(0.,9.999999999999E-02));
#3613 = VECTOR('',#3614,1.);
#3614 = DIRECTION('',(1.,0.));
#3615 = ( GEOMETRIC_REPRESENTATION_CONTEXT(2) 
PARAMETRIC_REPRESENTATION_CONTEXT() REPRESENTATION_CONTEXT('2D SPACE',''
  ) );
#3616 = FACE_BOUND('',#3617,.T.);
#3617 = EDGE_LOOP('',(#3618));
#3618 = ORIENTED_EDGE('',*,*,#3619,.T.);
#3619 = EDGE_CURVE('',#3620,#3620,#3622,.T.);
#3620 = VERTEX_POINT('',#3621);
#3621 = CARTESIAN_POINT('',(416.79785779374,9.070491715347,-133.));
#3622 = SURFACE_CURVE('',#3623,(#3628,#3639),.PCURVE_S1.);
#3623 = CIRCLE('',#3624,2.7);
#3624 = AXIS2_PLACEMENT_3D('',#3625,#3626,#3627);
#3625 = CARTESIAN_POINT('',(419.49785779374,9.070491715347,-133.));
#3626 = DIRECTION('',(0.,0.,-1.));
#3627 = DIRECTION('',(1.,0.,0.));
#3628 = PCURVE('',#1253,#3629);
#3629 = DEFINITIONAL_REPRESENTATION('',(#3630),#3638);
#3630 = ( BOUNDED_CURVE() B_SPLINE_CURVE(2,(#3631,#3632,#3633,#3634,
#3635,#3636,#3637),.UNSPECIFIED.,.T.,.F.) B_SPLINE_CURVE_WITH_KNOTS((1,2
    ,2,2,2,1),(-2.094395102393,0.,2.094395102393,4.188790204786,
6.28318530718,8.377580409573),.UNSPECIFIED.) CURVE() 
GEOMETRIC_REPRESENTATION_ITEM() RATIONAL_B_SPLINE_CURVE((1.,0.5,1.,0.5,
1.,0.5,1.)) REPRESENTATION_ITEM('') );
#3631 = CARTESIAN_POINT('',(143.08312198464,160.92950828465));
#3632 = CARTESIAN_POINT('',(143.08312198464,165.60604546508));
#3633 = CARTESIAN_POINT('',(147.13312198464,163.26777687487));
#3634 = CARTESIAN_POINT('',(151.18312198464,160.92950828465));
#3635 = CARTESIAN_POINT('',(147.13312198464,158.59123969443));
#3636 = CARTESIAN_POINT('',(143.08312198464,156.25297110421));
#3637 = CARTESIAN_POINT('',(143.08312198464,160.92950828465));
#3638 = ( GEOMETRIC_REPRESENTATION_CONTEXT(2) 
PARAMETRIC_REPRESENTATION_CONTEXT() REPRESENTATION_CONTEXT('2D SPACE',''
  ) );
#3639 = PCURVE('',#3640,#3645);
#3640 = CYLINDRICAL_SURFACE('',#3641,2.7);
#3641 = AXIS2_PLACEMENT_3D('',#3642,#3643,#3644);
#3642 = CARTESIAN_POINT('',(419.49785779374,9.070491715347,-132.9));
#3643 = DIRECTION('',(0.,0.,-1.));
#3644 = DIRECTION('',(1.,0.,0.));
#3645 = DEFINITIONAL_REPRESENTATION('',(#3646),#3650);
#3646 = LINE('',#3647,#3648);
#3647 = CARTESIAN_POINT('',(0.,9.999999999999E-02));
#3648 = VECTOR('',#3649,1.);
#3649 = DIRECTION('',(1.,0.));
#3650 = ( GEOMETRIC_REPRESENTATION_CONTEXT(2) 
PARAMETRIC_REPRESENTATION_CONTEXT() REPRESENTATION_CONTEXT('2D SPACE',''
  ) );
#3651 = FACE_BOUND('',#3652,.T.);
#3652 = EDGE_LOOP('',(#3653));
#3653 = ORIENTED_EDGE('',*,*,#3654,.T.);
#3654 = EDGE_CURVE('',#3655,#3655,#3657,.T.);
#3655 = VERTEX_POINT('',#3656);
#3656 = CARTESIAN_POINT('',(457.25,-55.,-133.));
#3657 = SURFACE_CURVE('',#3658,(#3663,#3674),.PCURVE_S1.);
#3658 = CIRCLE('',#3659,2.75);
#3659 = AXIS2_PLACEMENT_3D('',#3660,#3661,#3662);
#3660 = CARTESIAN_POINT('',(460.,-55.,-133.));
#3661 = DIRECTION('',(0.,0.,-1.));
#3662 = DIRECTION('',(1.,0.,0.));
#3663 = PCURVE('',#1253,#3664);
#3664 = DEFINITIONAL_REPRESENTATION('',(#3665),#3673);
#3665 = ( BOUNDED_CURVE() B_SPLINE_CURVE(2,(#3666,#3667,#3668,#3669,
#3670,#3671,#3672),.UNSPECIFIED.,.T.,.F.) B_SPLINE_CURVE_WITH_KNOTS((1,2
    ,2,2,2,1),(-2.094395102393,0.,2.094395102393,4.188790204786,
6.28318530718,8.377580409573),.UNSPECIFIED.) CURVE() 
GEOMETRIC_REPRESENTATION_ITEM() RATIONAL_B_SPLINE_CURVE((1.,0.5,1.,0.5,
1.,0.5,1.)) REPRESENTATION_ITEM('') );
#3666 = CARTESIAN_POINT('',(102.53097977838,225.));
#3667 = CARTESIAN_POINT('',(102.53097977838,229.76313972081));
#3668 = CARTESIAN_POINT('',(106.65597977838,227.3815698604));
#3669 = CARTESIAN_POINT('',(110.78097977838,225.));
#3670 = CARTESIAN_POINT('',(106.65597977838,222.61843013959));
#3671 = CARTESIAN_POINT('',(102.53097977838,220.23686027918));
#3672 = CARTESIAN_POINT('',(102.53097977838,225.));
#3673 = ( GEOMETRIC_REPRESENTATION_CONTEXT(2) 
PARAMETRIC_REPRESENTATION_CONTEXT() REPRESENTATION_CONTEXT('2D SPACE',''
  ) );
#3674 = PCURVE('',#3675,#3680);
#3675 = CYLINDRICAL_SURFACE('',#3676,2.75);
#3676 = AXIS2_PLACEMENT_3D('',#3677,#3678,#3679);
#3677 = CARTESIAN_POINT('',(460.,-55.,-154.));
#3678 = DIRECTION('',(0.,0.,1.));
#3679 = DIRECTION('',(1.,0.,0.));
#3680 = DEFINITIONAL_REPRESENTATION('',(#3681),#3685);
#3681 = LINE('',#3682,#3683);
#3682 = CARTESIAN_POINT('',(12.566370614359,21.));
#3683 = VECTOR('',#3684,1.);
#3684 = DIRECTION('',(-1.,0.));
#3685 = ( GEOMETRIC_REPRESENTATION_CONTEXT(2) 
PARAMETRIC_REPRESENTATION_CONTEXT() REPRESENTATION_CONTEXT('2D SPACE',''
  ) );
#3686 = FACE_BOUND('',#3687,.T.);
#3687 = EDGE_LOOP('',(#3688));
#3688 = ORIENTED_EDGE('',*,*,#3689,.T.);
#3689 = EDGE_CURVE('',#3690,#3690,#3692,.T.);
#3690 = VERTEX_POINT('',#3691);
#3691 = CARTESIAN_POINT('',(433.22072443207,-55.,-133.));
#3692 = SURFACE_CURVE('',#3693,(#3698,#3709),.PCURVE_S1.);
#3693 = CIRCLE('',#3694,2.7);
#3694 = AXIS2_PLACEMENT_3D('',#3695,#3696,#3697);
#3695 = CARTESIAN_POINT('',(435.92072443207,-55.,-133.));
#3696 = DIRECTION('',(0.,0.,-1.));
#3697 = DIRECTION('',(1.,0.,0.));
#3698 = PCURVE('',#1253,#3699);
#3699 = DEFINITIONAL_REPRESENTATION('',(#3700),#3708);
#3700 = ( BOUNDED_CURVE() B_SPLINE_CURVE(2,(#3701,#3702,#3703,#3704,
#3705,#3706,#3707),.UNSPECIFIED.,.T.,.F.) B_SPLINE_CURVE_WITH_KNOTS((1,2
    ,2,2,2,1),(-2.094395102393,0.,2.094395102393,4.188790204786,
6.28318530718,8.377580409573),.UNSPECIFIED.) CURVE() 
GEOMETRIC_REPRESENTATION_ITEM() RATIONAL_B_SPLINE_CURVE((1.,0.5,1.,0.5,
1.,0.5,1.)) REPRESENTATION_ITEM('') );
#3701 = CARTESIAN_POINT('',(126.6602553463,225.));
#3702 = CARTESIAN_POINT('',(126.6602553463,229.67653718043));
#3703 = CARTESIAN_POINT('',(130.7102553463,227.33826859021));
#3704 = CARTESIAN_POINT('',(134.7602553463,225.));
#3705 = CARTESIAN_POINT('',(130.7102553463,222.66173140978));
#3706 = CARTESIAN_POINT('',(126.6602553463,220.32346281956));
#3707 = CARTESIAN_POINT('',(126.6602553463,225.));
#3708 = ( GEOMETRIC_REPRESENTATION_CONTEXT(2) 
PARAMETRIC_REPRESENTATION_CONTEXT() REPRESENTATION_CONTEXT('2D SPACE',''
  ) );
#3709 = PCURVE('',#3710,#3715);
#3710 = CYLINDRICAL_SURFACE('',#3711,2.7);
#3711 = AXIS2_PLACEMENT_3D('',#3712,#3713,#3714);
#3712 = CARTESIAN_POINT('',(435.92072443207,-55.,-152.9));
#3713 = DIRECTION('',(0.,0.,1.));
#3714 = DIRECTION('',(1.,0.,0.));
#3715 = DEFINITIONAL_REPRESENTATION('',(#3716),#3720);
#3716 = LINE('',#3717,#3718);
#3717 = CARTESIAN_POINT('',(12.566370614359,19.9));
#3718 = VECTOR('',#3719,1.);
#3719 = DIRECTION('',(-1.,0.));
#3720 = ( GEOMETRIC_REPRESENTATION_CONTEXT(2) 
PARAMETRIC_REPRESENTATION_CONTEXT() REPRESENTATION_CONTEXT('2D SPACE',''
  ) );
#3721 = ADVANCED_FACE('',(#3722),#1281,.F.);
#3722 = FACE_BOUND('',#3723,.F.);
#3723 = EDGE_LOOP('',(#3724,#3725,#3726,#3727));
#3724 = ORIENTED_EDGE('',*,*,#3518,.F.);
#3725 = ORIENTED_EDGE('',*,*,#1265,.T.);
#3726 = ORIENTED_EDGE('',*,*,#2980,.T.);
#3727 = ORIENTED_EDGE('',*,*,#3728,.F.);
#3728 = EDGE_CURVE('',#3496,#2981,#3729,.T.);
#3729 = SURFACE_CURVE('',#3730,(#3734,#3741),.PCURVE_S1.);
#3730 = LINE('',#3731,#3732);
#3731 = CARTESIAN_POINT('',(499.07449300378,-14.51091204941,-133.));
#3732 = VECTOR('',#3733,1.);
#3733 = DIRECTION('',(-0.,-0.,-1.));
#3734 = PCURVE('',#1281,#3735);
#3735 = DEFINITIONAL_REPRESENTATION('',(#3736),#3740);
#3736 = LINE('',#3737,#3738);
#3737 = CARTESIAN_POINT('',(15.664887471987,0.));
#3738 = VECTOR('',#3739,1.);
#3739 = DIRECTION('',(0.,-1.));
#3740 = ( GEOMETRIC_REPRESENTATION_CONTEXT(2) 
PARAMETRIC_REPRESENTATION_CONTEXT() REPRESENTATION_CONTEXT('2D SPACE',''
  ) );
#3741 = PCURVE('',#3023,#3742);
#3742 = DEFINITIONAL_REPRESENTATION('',(#3743),#3747);
#3743 = LINE('',#3744,#3745);
#3744 = CARTESIAN_POINT('',(0.,0.));
#3745 = VECTOR('',#3746,1.);
#3746 = DIRECTION('',(0.,-1.));
#3747 = ( GEOMETRIC_REPRESENTATION_CONTEXT(2) 
PARAMETRIC_REPRESENTATION_CONTEXT() REPRESENTATION_CONTEXT('2D SPACE',''
  ) );
#3748 = ADVANCED_FACE('',(#3749),#1355,.F.);
#3749 = FACE_BOUND('',#3750,.T.);
#3750 = EDGE_LOOP('',(#3751,#3774,#3801,#3802));
#3751 = ORIENTED_EDGE('',*,*,#3752,.F.);
#3752 = EDGE_CURVE('',#3753,#1339,#3755,.T.);
#3753 = VERTEX_POINT('',#3754);
#3754 = CARTESIAN_POINT('',(442.17449300378,-4.497236117495,
    -152.918817675));
#3755 = SEAM_CURVE('',#3756,(#3760,#3767),.PCURVE_S1.);
#3756 = LINE('',#3757,#3758);
#3757 = CARTESIAN_POINT('',(442.17449300378,-4.497236117495,
    -152.918817675));
#3758 = VECTOR('',#3759,1.);
#3759 = DIRECTION('',(1.,0.,-6.291263806209E-17));
#3760 = PCURVE('',#1355,#3761);
#3761 = DEFINITIONAL_REPRESENTATION('',(#3762),#3766);
#3762 = LINE('',#3763,#3764);
#3763 = CARTESIAN_POINT('',(-0.,0.));
#3764 = VECTOR('',#3765,1.);
#3765 = DIRECTION('',(-0.,1.));
#3766 = ( GEOMETRIC_REPRESENTATION_CONTEXT(2) 
PARAMETRIC_REPRESENTATION_CONTEXT() REPRESENTATION_CONTEXT('2D SPACE',''
  ) );
#3767 = PCURVE('',#1355,#3768);
#3768 = DEFINITIONAL_REPRESENTATION('',(#3769),#3773);
#3769 = LINE('',#3770,#3771);
#3770 = CARTESIAN_POINT('',(-6.28318530718,0.));
#3771 = VECTOR('',#3772,1.);
#3772 = DIRECTION('',(-0.,1.));
#3773 = ( GEOMETRIC_REPRESENTATION_CONTEXT(2) 
PARAMETRIC_REPRESENTATION_CONTEXT() REPRESENTATION_CONTEXT('2D SPACE',''
  ) );
#3774 = ORIENTED_EDGE('',*,*,#3775,.T.);
#3775 = EDGE_CURVE('',#3753,#3753,#3776,.T.);
#3776 = SURFACE_CURVE('',#3777,(#3782,#3789),.PCURVE_S1.);
#3777 = CIRCLE('',#3778,2.3);
#3778 = AXIS2_PLACEMENT_3D('',#3779,#3780,#3781);
#3779 = CARTESIAN_POINT('',(442.17449300378,-4.497236117495,
    -155.218817675));
#3780 = DIRECTION('',(-1.,0.,0.));
#3781 = DIRECTION('',(0.,0.,1.));
#3782 = PCURVE('',#1355,#3783);
#3783 = DEFINITIONAL_REPRESENTATION('',(#3784),#3788);
#3784 = LINE('',#3785,#3786);
#3785 = CARTESIAN_POINT('',(-0.,0.));
#3786 = VECTOR('',#3787,1.);
#3787 = DIRECTION('',(-1.,0.));
#3788 = ( GEOMETRIC_REPRESENTATION_CONTEXT(2) 
PARAMETRIC_REPRESENTATION_CONTEXT() REPRESENTATION_CONTEXT('2D SPACE',''
  ) );
#3789 = PCURVE('',#3790,#3795);
#3790 = PLANE('',#3791);
#3791 = AXIS2_PLACEMENT_3D('',#3792,#3793,#3794);
#3792 = CARTESIAN_POINT('',(442.17449300378,-4.497236117495,
    -155.218817675));
#3793 = DIRECTION('',(-1.,0.,0.));
#3794 = DIRECTION('',(0.,0.,1.));
#3795 = DEFINITIONAL_REPRESENTATION('',(#3796),#3800);
#3796 = CIRCLE('',#3797,2.3);
#3797 = AXIS2_PLACEMENT_2D('',#3798,#3799);
#3798 = CARTESIAN_POINT('',(0.,0.));
#3799 = DIRECTION('',(1.,0.));
#3800 = ( GEOMETRIC_REPRESENTATION_CONTEXT(2) 
PARAMETRIC_REPRESENTATION_CONTEXT() REPRESENTATION_CONTEXT('2D SPACE',''
  ) );
#3801 = ORIENTED_EDGE('',*,*,#3752,.T.);
#3802 = ORIENTED_EDGE('',*,*,#1338,.T.);
#3803 = ADVANCED_FACE('',(#3804),#1708,.F.);
#3804 = FACE_BOUND('',#3805,.T.);
#3805 = EDGE_LOOP('',(#3806,#3829,#3856,#3857));
#3806 = ORIENTED_EDGE('',*,*,#3807,.F.);
#3807 = EDGE_CURVE('',#3808,#1688,#3810,.T.);
#3808 = VERTEX_POINT('',#3809);
#3809 = CARTESIAN_POINT('',(442.17449300378,135.687,-145.87));
#3810 = SEAM_CURVE('',#3811,(#3815,#3822),.PCURVE_S1.);
#3811 = LINE('',#3812,#3813);
#3812 = CARTESIAN_POINT('',(442.17449300378,135.687,-145.87));
#3813 = VECTOR('',#3814,1.);
#3814 = DIRECTION('',(1.,0.,-6.291263806209E-17));
#3815 = PCURVE('',#1708,#3816);
#3816 = DEFINITIONAL_REPRESENTATION('',(#3817),#3821);
#3817 = LINE('',#3818,#3819);
#3818 = CARTESIAN_POINT('',(-0.,0.));
#3819 = VECTOR('',#3820,1.);
#3820 = DIRECTION('',(-0.,1.));
#3821 = ( GEOMETRIC_REPRESENTATION_CONTEXT(2) 
PARAMETRIC_REPRESENTATION_CONTEXT() REPRESENTATION_CONTEXT('2D SPACE',''
  ) );
#3822 = PCURVE('',#1708,#3823);
#3823 = DEFINITIONAL_REPRESENTATION('',(#3824),#3828);
#3824 = LINE('',#3825,#3826);
#3825 = CARTESIAN_POINT('',(-6.28318530718,0.));
#3826 = VECTOR('',#3827,1.);
#3827 = DIRECTION('',(-0.,1.));
#3828 = ( GEOMETRIC_REPRESENTATION_CONTEXT(2) 
PARAMETRIC_REPRESENTATION_CONTEXT() REPRESENTATION_CONTEXT('2D SPACE',''
  ) );
#3829 = ORIENTED_EDGE('',*,*,#3830,.T.);
#3830 = EDGE_CURVE('',#3808,#3808,#3831,.T.);
#3831 = SURFACE_CURVE('',#3832,(#3837,#3844),.PCURVE_S1.);
#3832 = CIRCLE('',#3833,2.3);
#3833 = AXIS2_PLACEMENT_3D('',#3834,#3835,#3836);
#3834 = CARTESIAN_POINT('',(442.17449300378,135.687,-148.17));
#3835 = DIRECTION('',(-1.,0.,0.));
#3836 = DIRECTION('',(0.,0.,1.));
#3837 = PCURVE('',#1708,#3838);
#3838 = DEFINITIONAL_REPRESENTATION('',(#3839),#3843);
#3839 = LINE('',#3840,#3841);
#3840 = CARTESIAN_POINT('',(-0.,0.));
#3841 = VECTOR('',#3842,1.);
#3842 = DIRECTION('',(-1.,0.));
#3843 = ( GEOMETRIC_REPRESENTATION_CONTEXT(2) 
PARAMETRIC_REPRESENTATION_CONTEXT() REPRESENTATION_CONTEXT('2D SPACE',''
  ) );
#3844 = PCURVE('',#3845,#3850);
#3845 = PLANE('',#3846);
#3846 = AXIS2_PLACEMENT_3D('',#3847,#3848,#3849);
#3847 = CARTESIAN_POINT('',(442.17449300378,135.687,-148.17));
#3848 = DIRECTION('',(-1.,0.,0.));
#3849 = DIRECTION('',(0.,0.,1.));
#3850 = DEFINITIONAL_REPRESENTATION('',(#3851),#3855);
#3851 = CIRCLE('',#3852,2.3);
#3852 = AXIS2_PLACEMENT_2D('',#3853,#3854);
#3853 = CARTESIAN_POINT('',(0.,0.));
#3854 = DIRECTION('',(1.,0.));
#3855 = ( GEOMETRIC_REPRESENTATION_CONTEXT(2) 
PARAMETRIC_REPRESENTATION_CONTEXT() REPRESENTATION_CONTEXT('2D SPACE',''
  ) );
#3856 = ORIENTED_EDGE('',*,*,#3807,.T.);
#3857 = ORIENTED_EDGE('',*,*,#1687,.T.);
#3858 = ADVANCED_FACE('',(#3859),#1874,.T.);
#3859 = FACE_BOUND('',#3860,.T.);
#3860 = EDGE_LOOP('',(#3861,#3888,#3911,#3912));
#3861 = ORIENTED_EDGE('',*,*,#3862,.F.);
#3862 = EDGE_CURVE('',#3863,#1927,#3865,.T.);
#3863 = VERTEX_POINT('',#3864);
#3864 = CARTESIAN_POINT('',(477.96775505399,180.,-150.5659036764));
#3865 = SURFACE_CURVE('',#3866,(#3870,#3876),.PCURVE_S1.);
#3866 = LINE('',#3867,#3868);
#3867 = CARTESIAN_POINT('',(477.96775505399,180.,-150.5659036764));
#3868 = VECTOR('',#3869,1.);
#3869 = DIRECTION('',(-9.459700482119E-02,-0.605854848163,
    -0.789931205636));
#3870 = PCURVE('',#1874,#3871);
#3871 = DEFINITIONAL_REPRESENTATION('',(#3872),#3875);
#3872 = B_SPLINE_CURVE_WITH_KNOTS('',1,(#3873,#3874),.UNSPECIFIED.,.F.,
  .F.,(2,2),(-0.,0.954690243094),.PIECEWISE_BEZIER_KNOTS.);
#3873 = CARTESIAN_POINT('',(1.5768452603E-07,0.114857499194));
#3874 = CARTESIAN_POINT('',(1.000000041892,0.11485751423));
#3875 = ( GEOMETRIC_REPRESENTATION_CONTEXT(2) 
PARAMETRIC_REPRESENTATION_CONTEXT() REPRESENTATION_CONTEXT('2D SPACE',''
  ) );
#3876 = PCURVE('',#3877,#3882);
#3877 = PLANE('',#3878);
#3878 = AXIS2_PLACEMENT_3D('',#3879,#3880,#3881);
#3879 = CARTESIAN_POINT('',(584.89323338424,179.71079814386,
    -163.7530783186));
#3880 = DIRECTION('',(-7.203851226986E-02,0.795575202579,-0.601556771878
    ));
#3881 = DIRECTION('',(-0.992905765634,3.469446951954E-17,0.118903913187)
  );
#3882 = DEFINITIONAL_REPRESENTATION('',(#3883),#3887);
#3883 = LINE('',#3884,#3885);
#3884 = CARTESIAN_POINT('',(107.73493059608,0.477345121547));
#3885 = VECTOR('',#3886,1.);
#3886 = DIRECTION('',(9.214851104389E-15,-1.));
#3887 = ( GEOMETRIC_REPRESENTATION_CONTEXT(2) 
PARAMETRIC_REPRESENTATION_CONTEXT() REPRESENTATION_CONTEXT('2D SPACE',''
  ) );
#3888 = ORIENTED_EDGE('',*,*,#3889,.T.);
#3889 = EDGE_CURVE('',#3863,#1827,#3890,.T.);
#3890 = SURFACE_CURVE('',#3891,(#3896,#3903),.PCURVE_S1.);
#3891 = B_SPLINE_CURVE_WITH_KNOTS('',3,(#3892,#3893,#3894,#3895),
  .UNSPECIFIED.,.F.,.F.,(4,4),(-0.114857499194,-1.3E-16),
  .PIECEWISE_BEZIER_KNOTS.);
#3892 = CARTESIAN_POINT('',(477.96775507649,180.,-150.5659034885));
#3893 = CARTESIAN_POINT('',(515.97767936681,180.,-155.1169601502));
#3894 = CARTESIAN_POINT('',(554.23956041651,180.,-157.4));
#3895 = CARTESIAN_POINT('',(592.5015522016,180.,-157.4));
#3896 = PCURVE('',#1874,#3897);
#3897 = DEFINITIONAL_REPRESENTATION('',(#3898),#3902);
#3898 = LINE('',#3899,#3900);
#3899 = CARTESIAN_POINT('',(-3.831E-14,-8.5E-16));
#3900 = VECTOR('',#3901,1.);
#3901 = DIRECTION('',(-3.3636E-12,-1.));
#3902 = ( GEOMETRIC_REPRESENTATION_CONTEXT(2) 
PARAMETRIC_REPRESENTATION_CONTEXT() REPRESENTATION_CONTEXT('2D SPACE',''
  ) );
#3903 = PCURVE('',#1842,#3904);
#3904 = DEFINITIONAL_REPRESENTATION('',(#3905),#3910);
#3905 = B_SPLINE_CURVE_WITH_KNOTS('',3,(#3906,#3907,#3908,#3909),
  .UNSPECIFIED.,.F.,.F.,(4,4),(-0.114857499194,-1.3E-16),
  .PIECEWISE_BEZIER_KNOTS.);
#3906 = CARTESIAN_POINT('',(227.0322449235,17.565903488578));
#3907 = CARTESIAN_POINT('',(189.02232063318,22.116960150232));
#3908 = CARTESIAN_POINT('',(150.76043958349,24.4));
#3909 = CARTESIAN_POINT('',(112.4984477984,24.4));
#3910 = ( GEOMETRIC_REPRESENTATION_CONTEXT(2) 
PARAMETRIC_REPRESENTATION_CONTEXT() REPRESENTATION_CONTEXT('2D SPACE',''
  ) );
#3911 = ORIENTED_EDGE('',*,*,#1854,.F.);
#3912 = ORIENTED_EDGE('',*,*,#1926,.T.);
#3913 = ADVANCED_FACE('',(#3914,#4009),#1842,.F.);
#3914 = FACE_BOUND('',#3915,.F.);
#3915 = EDGE_LOOP('',(#3916,#3917,#3944,#3986,#4007,#4008));
#3916 = ORIENTED_EDGE('',*,*,#3088,.F.);
#3917 = ORIENTED_EDGE('',*,*,#3918,.T.);
#3918 = EDGE_CURVE('',#3089,#3919,#3921,.T.);
#3919 = VERTEX_POINT('',#3920);
#3920 = CARTESIAN_POINT('',(461.48783319811,180.,-148.5923629015));
#3921 = SURFACE_CURVE('',#3922,(#3928,#3937),.PCURVE_S1.);
#3922 = B_SPLINE_CURVE_WITH_KNOTS('',3,(#3923,#3924,#3925,#3926,#3927),
  .UNSPECIFIED.,.F.,.F.,(4,1,4),(-6.891665021238,-6.441451038472,
    -6.094032403333),.UNSPECIFIED.);
#3923 = CARTESIAN_POINT('',(435.11248523244,180.,-132.9999633773));
#3924 = CARTESIAN_POINT('',(438.63216661994,180.,-137.8449107408));
#3925 = CARTESIAN_POINT('',(446.79866961057,180.,-144.9045699749));
#3926 = CARTESIAN_POINT('',(456.95393485215,180.,-148.045638706));
#3927 = CARTESIAN_POINT('',(461.48783319811,180.,-148.5923629015));
#3928 = PCURVE('',#1842,#3929);
#3929 = DEFINITIONAL_REPRESENTATION('',(#3930),#3936);
#3930 = B_SPLINE_CURVE_WITH_KNOTS('',3,(#3931,#3932,#3933,#3934,#3935),
  .UNSPECIFIED.,.F.,.F.,(4,1,4),(-6.891665021238,-6.441451038472,
    -6.094032403333),.UNSPECIFIED.);
#3931 = CARTESIAN_POINT('',(269.88751476755,-3.662269401161E-05));
#3932 = CARTESIAN_POINT('',(266.36783338005,4.844910740811));
#3933 = CARTESIAN_POINT('',(258.20133038942,11.904569974929));
#3934 = CARTESIAN_POINT('',(248.04606514784,15.045638706043));
#3935 = CARTESIAN_POINT('',(243.51216680188,15.59236290157));
#3936 = ( GEOMETRIC_REPRESENTATION_CONTEXT(2) 
PARAMETRIC_REPRESENTATION_CONTEXT() REPRESENTATION_CONTEXT('2D SPACE',''
  ) );
#3937 = PCURVE('',#3133,#3938);
#3938 = DEFINITIONAL_REPRESENTATION('',(#3939),#3943);
#3939 = LINE('',#3940,#3941);
#3940 = CARTESIAN_POINT('',(1.86861E-12,2.22E-14));
#3941 = VECTOR('',#3942,1.);
#3942 = DIRECTION('',(3.0239E-13,-1.));
#3943 = ( GEOMETRIC_REPRESENTATION_CONTEXT(2) 
PARAMETRIC_REPRESENTATION_CONTEXT() REPRESENTATION_CONTEXT('2D SPACE',''
  ) );
#3944 = ORIENTED_EDGE('',*,*,#3945,.T.);
#3945 = EDGE_CURVE('',#3919,#3946,#3948,.T.);
#3946 = VERTEX_POINT('',#3947);
#3947 = CARTESIAN_POINT('',(461.5188479315,180.,-148.5960899315));
#3948 = SURFACE_CURVE('',#3949,(#3954,#3962),.PCURVE_S1.);
#3949 = B_SPLINE_CURVE_WITH_KNOTS('',3,(#3950,#3951,#3952,#3953),
  .UNSPECIFIED.,.F.,.F.,(4,4),(-6.094032403333,-6.093240259468),
  .PIECEWISE_BEZIER_KNOTS.);
#3950 = CARTESIAN_POINT('',(461.48783319811,180.,-148.5923629015));
#3951 = CARTESIAN_POINT('',(461.49817086972,180.,-148.5936094789));
#3952 = CARTESIAN_POINT('',(461.50850911526,180.,-148.5948518224));
#3953 = CARTESIAN_POINT('',(461.5188479315,180.,-148.5960899315));
#3954 = PCURVE('',#1842,#3955);
#3955 = DEFINITIONAL_REPRESENTATION('',(#3956),#3961);
#3956 = B_SPLINE_CURVE_WITH_KNOTS('',3,(#3957,#3958,#3959,#3960),
  .UNSPECIFIED.,.F.,.F.,(4,4),(-6.094032403333,-6.093240259468),
  .PIECEWISE_BEZIER_KNOTS.);
#3957 = CARTESIAN_POINT('',(243.51216680188,15.59236290157));
#3958 = CARTESIAN_POINT('',(243.50182913027,15.593609478966));
#3959 = CARTESIAN_POINT('',(243.49149088473,15.594851822433));
#3960 = CARTESIAN_POINT('',(243.48115206849,15.596089931578));
#3961 = ( GEOMETRIC_REPRESENTATION_CONTEXT(2) 
PARAMETRIC_REPRESENTATION_CONTEXT() REPRESENTATION_CONTEXT('2D SPACE',''
  ) );
#3962 = PCURVE('',#3963,#3980);
#3963 = B_SPLINE_SURFACE_WITH_KNOTS('',3,3,(
    (#3964,#3965,#3966,#3967)
    ,(#3968,#3969,#3970,#3971)
    ,(#3972,#3973,#3974,#3975)
    ,(#3976,#3977,#3978,#3979
    )),.UNSPECIFIED.,.F.,.F.,.F.,(4,4),(4,4),(0.,1.),(6.093240259468,
    6.094032403333),.PIECEWISE_BEZIER_KNOTS.);
#3964 = CARTESIAN_POINT('',(461.5188479315,180.,-148.5960899315));
#3965 = CARTESIAN_POINT('',(461.50850911526,180.,-148.5948518224));
#3966 = CARTESIAN_POINT('',(461.49817086972,180.,-148.5936094789));
#3967 = CARTESIAN_POINT('',(461.48783319811,180.,-148.5923629015));
#3968 = CARTESIAN_POINT('',(461.48874431899,179.80719876257,
    -148.8474698031));
#3969 = CARTESIAN_POINT('',(461.47833674494,179.80719876257,
    -148.84622346));
#3970 = CARTESIAN_POINT('',(461.46792958368,179.80719913484,
    -148.8449741944));
#3971 = CARTESIAN_POINT('',(461.45752283517,179.80719987945,
    -148.8437220064));
#3972 = CARTESIAN_POINT('',(461.45864070648,179.61439752515,
    -149.0988496747));
#3973 = CARTESIAN_POINT('',(461.44816437463,179.61439752515,
    -149.0975950976));
#3974 = CARTESIAN_POINT('',(461.43768829764,179.61439826968,
    -149.0963389099));
#3975 = CARTESIAN_POINT('',(461.42721247222,179.61439975891,
    -149.0950811113));
#3976 = CARTESIAN_POINT('',(461.42853709397,179.42159628772,
    -149.3502295463));
#3977 = CARTESIAN_POINT('',(461.41799200431,179.42159628772,
    -149.3489667352));
#3978 = CARTESIAN_POINT('',(461.4074470116,179.42159740452,
    -149.3477036254));
#3979 = CARTESIAN_POINT('',(461.39690210928,179.42159963837,
    -149.3464402163));
#3980 = DEFINITIONAL_REPRESENTATION('',(#3981),#3985);
#3981 = LINE('',#3982,#3983);
#3982 = CARTESIAN_POINT('',(1.1273809E-10,-8.9E-16));
#3983 = VECTOR('',#3984,1.);
#3984 = DIRECTION('',(1.850002E-11,-1.));
#3985 = ( GEOMETRIC_REPRESENTATION_CONTEXT(2) 
PARAMETRIC_REPRESENTATION_CONTEXT() REPRESENTATION_CONTEXT('2D SPACE',''
  ) );
#3986 = ORIENTED_EDGE('',*,*,#3987,.T.);
#3987 = EDGE_CURVE('',#3946,#3863,#3988,.T.);
#3988 = SURFACE_CURVE('',#3989,(#3993,#4000),.PCURVE_S1.);
#3989 = LINE('',#3990,#3991);
#3990 = CARTESIAN_POINT('',(584.938388803,180.,-163.3760085112));
#3991 = VECTOR('',#3992,1.);
#3992 = DIRECTION('',(0.992905765634,0.,-0.118903913187));
#3993 = PCURVE('',#1842,#3994);
#3994 = DEFINITIONAL_REPRESENTATION('',(#3995),#3999);
#3995 = LINE('',#3996,#3997);
#3996 = CARTESIAN_POINT('',(120.06161119699,30.376008511268));
#3997 = VECTOR('',#3998,1.);
#3998 = DIRECTION('',(-0.992905765634,0.118903913187));
#3999 = ( GEOMETRIC_REPRESENTATION_CONTEXT(2) 
PARAMETRIC_REPRESENTATION_CONTEXT() REPRESENTATION_CONTEXT('2D SPACE',''
  ) );
#4000 = PCURVE('',#3877,#4001);
#4001 = DEFINITIONAL_REPRESENTATION('',(#4002),#4006);
#4002 = LINE('',#4003,#4004);
#4003 = CARTESIAN_POINT('',(-6.622688508706E-13,0.477345121547));
#4004 = VECTOR('',#4005,1.);
#4005 = DIRECTION('',(-1.,-2.775557561563E-17));
#4006 = ( GEOMETRIC_REPRESENTATION_CONTEXT(2) 
PARAMETRIC_REPRESENTATION_CONTEXT() REPRESENTATION_CONTEXT('2D SPACE',''
  ) );
#4007 = ORIENTED_EDGE('',*,*,#3889,.T.);
#4008 = ORIENTED_EDGE('',*,*,#1826,.F.);
#4009 = FACE_BOUND('',#4010,.F.);
#4010 = EDGE_LOOP('',(#4011));
#4011 = ORIENTED_EDGE('',*,*,#4012,.F.);
#4012 = EDGE_CURVE('',#4013,#4013,#4015,.T.);
#4013 = VERTEX_POINT('',#4014);
#4014 = CARTESIAN_POINT('',(463.29750558359,180.,-142.3936051666));
#4015 = SURFACE_CURVE('',#4016,(#4021,#4028),.PCURVE_S1.);
#4016 = CIRCLE('',#4017,1.85);
#4017 = AXIS2_PLACEMENT_3D('',#4018,#4019,#4020);
#4018 = CARTESIAN_POINT('',(461.44750558359,180.,-142.3936051666));
#4019 = DIRECTION('',(0.,-1.,0.));
#4020 = DIRECTION('',(-1.,0.,0.));
#4021 = PCURVE('',#1842,#4022);
#4022 = DEFINITIONAL_REPRESENTATION('',(#4023),#4027);
#4023 = CIRCLE('',#4024,1.85);
#4024 = AXIS2_PLACEMENT_2D('',#4025,#4026);
#4025 = CARTESIAN_POINT('',(243.55249441641,9.39360516666));
#4026 = DIRECTION('',(1.,0.));
#4027 = ( GEOMETRIC_REPRESENTATION_CONTEXT(2) 
PARAMETRIC_REPRESENTATION_CONTEXT() REPRESENTATION_CONTEXT('2D SPACE',''
  ) );
#4028 = PCURVE('',#4029,#4034);
#4029 = CYLINDRICAL_SURFACE('',#4030,1.85);
#4030 = AXIS2_PLACEMENT_3D('',#4031,#4032,#4033);
#4031 = CARTESIAN_POINT('',(461.44750558359,190.1,-142.3936051666));
#4032 = DIRECTION('',(0.,-1.,0.));
#4033 = DIRECTION('',(-1.,0.,0.));
#4034 = DEFINITIONAL_REPRESENTATION('',(#4035),#4039);
#4035 = LINE('',#4036,#4037);
#4036 = CARTESIAN_POINT('',(0.,10.1));
#4037 = VECTOR('',#4038,1.);
#4038 = DIRECTION('',(1.,0.));
#4039 = ( GEOMETRIC_REPRESENTATION_CONTEXT(2) 
PARAMETRIC_REPRESENTATION_CONTEXT() REPRESENTATION_CONTEXT('2D SPACE',''
  ) );
#4040 = ADVANCED_FACE('',(#4041),#1988,.F.);
#4041 = FACE_BOUND('',#4042,.T.);
#4042 = EDGE_LOOP('',(#4043,#4066,#4067,#4068,#4091));
#4043 = ORIENTED_EDGE('',*,*,#4044,.F.);
#4044 = EDGE_CURVE('',#1927,#4045,#4047,.T.);
#4045 = VERTEX_POINT('',#4046);
#4046 = CARTESIAN_POINT('',(461.42853709397,179.42159628772,
    -149.3502295463));
#4047 = SURFACE_CURVE('',#4048,(#4052,#4059),.PCURVE_S1.);
#4048 = LINE('',#4049,#4050);
#4049 = CARTESIAN_POINT('',(584.84807796547,179.42159628772,
    -164.130148126));
#4050 = VECTOR('',#4051,1.);
#4051 = DIRECTION('',(-0.992905765634,0.,0.118903913187));
#4052 = PCURVE('',#1988,#4053);
#4053 = DEFINITIONAL_REPRESENTATION('',(#4054),#4058);
#4054 = LINE('',#4055,#4056);
#4055 = CARTESIAN_POINT('',(115.59803970978,2.217925931526));
#4056 = VECTOR('',#4057,1.);
#4057 = DIRECTION('',(-1.,-6.938893903907E-18));
#4058 = ( GEOMETRIC_REPRESENTATION_CONTEXT(2) 
PARAMETRIC_REPRESENTATION_CONTEXT() REPRESENTATION_CONTEXT('2D SPACE',''
  ) );
#4059 = PCURVE('',#3877,#4060);
#4060 = DEFINITIONAL_REPRESENTATION('',(#4061),#4065);
#4061 = LINE('',#4062,#4063);
#4062 = CARTESIAN_POINT('',(-4.699157729604E-13,-0.477345121547));
#4063 = VECTOR('',#4064,1.);
#4064 = DIRECTION('',(1.,2.775557561563E-17));
#4065 = ( GEOMETRIC_REPRESENTATION_CONTEXT(2) 
PARAMETRIC_REPRESENTATION_CONTEXT() REPRESENTATION_CONTEXT('2D SPACE',''
  ) );
#4066 = ORIENTED_EDGE('',*,*,#1974,.T.);
#4067 = ORIENTED_EDGE('',*,*,#2684,.T.);
#4068 = ORIENTED_EDGE('',*,*,#4069,.T.);
#4069 = EDGE_CURVE('',#2610,#4070,#4072,.T.);
#4070 = VERTEX_POINT('',#4071);
#4071 = CARTESIAN_POINT('',(461.39690210928,179.42159963838,
    -149.3464402163));
#4072 = SURFACE_CURVE('',#4073,(#4077,#4084),.PCURVE_S1.);
#4073 = LINE('',#4074,#4075);
#4074 = CARTESIAN_POINT('',(451.21802826197,63.076539184082,
    -180.4455570765));
#4075 = VECTOR('',#4076,1.);
#4076 = DIRECTION('',(8.422095165328E-02,0.962649882385,0.257316993699)
  );
#4077 = PCURVE('',#1988,#4078);
#4078 = DEFINITIONAL_REPRESENTATION('',(#4079),#4083);
#4079 = LINE('',#4080,#4081);
#4080 = CARTESIAN_POINT('',(-15.14404113328,-118.4711927257));
#4081 = VECTOR('',#4082,1.);
#4082 = DIRECTION('',(5.302747100338E-02,0.998593053911));
#4083 = ( GEOMETRIC_REPRESENTATION_CONTEXT(2) 
PARAMETRIC_REPRESENTATION_CONTEXT() REPRESENTATION_CONTEXT('2D SPACE',''
  ) );
#4084 = PCURVE('',#3177,#4085);
#4085 = DEFINITIONAL_REPRESENTATION('',(#4086),#4090);
#4086 = LINE('',#4087,#4088);
#4087 = CARTESIAN_POINT('',(5.566685415953,-1.421E-14));
#4088 = VECTOR('',#4089,1.);
#4089 = DIRECTION('',(-4.E-17,1.));
#4090 = ( GEOMETRIC_REPRESENTATION_CONTEXT(2) 
PARAMETRIC_REPRESENTATION_CONTEXT() REPRESENTATION_CONTEXT('2D SPACE',''
  ) );
#4091 = ORIENTED_EDGE('',*,*,#4092,.F.);
#4092 = EDGE_CURVE('',#4045,#4070,#4093,.T.);
#4093 = SURFACE_CURVE('',#4094,(#4099,#4107),.PCURVE_S1.);
#4094 = B_SPLINE_CURVE_WITH_KNOTS('',3,(#4095,#4096,#4097,#4098),
  .UNSPECIFIED.,.F.,.F.,(4,4),(6.093240259468,6.094032403333),
  .PIECEWISE_BEZIER_KNOTS.);
#4095 = CARTESIAN_POINT('',(461.42853709397,179.42159628772,
    -149.3502295463));
#4096 = CARTESIAN_POINT('',(461.41799200431,179.42159628772,
    -149.3489667352));
#4097 = CARTESIAN_POINT('',(461.4074470116,179.42159740452,
    -149.3477036254));
#4098 = CARTESIAN_POINT('',(461.39690210928,179.42159963837,
    -149.3464402163));
#4099 = PCURVE('',#1988,#4100);
#4100 = DEFINITIONAL_REPRESENTATION('',(#4101),#4106);
#4101 = B_SPLINE_CURVE_WITH_KNOTS('',3,(#4102,#4103,#4104,#4105),
  .UNSPECIFIED.,.F.,.F.,(4,4),(6.093240259468,6.094032403333),
  .PIECEWISE_BEZIER_KNOTS.);
#4102 = CARTESIAN_POINT('',(-8.703324169118,2.217925931526));
#4103 = CARTESIAN_POINT('',(-8.713944602624,2.217925931526));
#4104 = CARTESIAN_POINT('',(-8.724564975367,2.217927090019));
#4105 = CARTESIAN_POINT('',(-8.73518529398,2.217929407274));
#4106 = ( GEOMETRIC_REPRESENTATION_CONTEXT(2) 
PARAMETRIC_REPRESENTATION_CONTEXT() REPRESENTATION_CONTEXT('2D SPACE',''
  ) );
#4107 = PCURVE('',#3963,#4108);
#4108 = DEFINITIONAL_REPRESENTATION('',(#4109),#4113);
#4109 = LINE('',#4110,#4111);
#4110 = CARTESIAN_POINT('',(1.000000000147,2.66E-15));
#4111 = VECTOR('',#4112,1.);
#4112 = DIRECTION('',(-2.410653E-11,1.));
#4113 = ( GEOMETRIC_REPRESENTATION_CONTEXT(2) 
PARAMETRIC_REPRESENTATION_CONTEXT() REPRESENTATION_CONTEXT('2D SPACE',''
  ) );
#4114 = ADVANCED_FACE('',(#4115),#2545,.F.);
#4115 = FACE_BOUND('',#4116,.T.);
#4116 = EDGE_LOOP('',(#4117,#4145,#4166,#4167));
#4117 = ORIENTED_EDGE('',*,*,#4118,.T.);
#4118 = EDGE_CURVE('',#2956,#4119,#4121,.T.);
#4119 = VERTEX_POINT('',#4120);
#4120 = CARTESIAN_POINT('',(444.22406665708,-27.5,-172.525853845));
#4121 = SURFACE_CURVE('',#4122,(#4126,#4133),.PCURVE_S1.);
#4122 = LINE('',#4123,#4124);
#4123 = CARTESIAN_POINT('',(435.50729927007,-27.5,-171.5200729927));
#4124 = VECTOR('',#4125,1.);
#4125 = DIRECTION('',(-0.993408935871,0.,0.114624107985));
#4126 = PCURVE('',#2545,#4127);
#4127 = DEFINITIONAL_REPRESENTATION('',(#4128),#4132);
#4128 = LINE('',#4129,#4130);
#4129 = CARTESIAN_POINT('',(-34.72155271049,-185.));
#4130 = VECTOR('',#4131,1.);
#4131 = DIRECTION('',(-1.,0.));
#4132 = ( GEOMETRIC_REPRESENTATION_CONTEXT(2) 
PARAMETRIC_REPRESENTATION_CONTEXT() REPRESENTATION_CONTEXT('2D SPACE',''
  ) );
#4133 = PCURVE('',#4134,#4139);
#4134 = CYLINDRICAL_SURFACE('',#4135,42.5);
#4135 = AXIS2_PLACEMENT_3D('',#4136,#4137,#4138);
#4136 = CARTESIAN_POINT('',(440.37882385944,-27.5,-129.3001932181));
#4137 = DIRECTION('',(-0.993408935871,0.,0.114624107985));
#4138 = DIRECTION('',(-8.105148404375E-02,-0.707106781187,
    -0.702446195046));
#4139 = DEFINITIONAL_REPRESENTATION('',(#4140),#4144);
#4140 = LINE('',#4141,#4142);
#4141 = CARTESIAN_POINT('',(5.497787143782,-2.132E-14));
#4142 = VECTOR('',#4143,1.);
#4143 = DIRECTION('',(0.,1.));
#4144 = ( GEOMETRIC_REPRESENTATION_CONTEXT(2) 
PARAMETRIC_REPRESENTATION_CONTEXT() REPRESENTATION_CONTEXT('2D SPACE',''
  ) );
#4145 = ORIENTED_EDGE('',*,*,#4146,.T.);
#4146 = EDGE_CURVE('',#4119,#2530,#4147,.T.);
#4147 = SURFACE_CURVE('',#4148,(#4152,#4159),.PCURVE_S1.);
#4148 = LINE('',#4149,#4150);
#4149 = CARTESIAN_POINT('',(450.3733456806,42.786580863034,-173.23538604
    ));
#4150 = VECTOR('',#4151,1.);
#4151 = DIRECTION('',(8.715133597239E-02,0.99614432842,
    -1.005592338143E-02));
#4152 = PCURVE('',#2545,#4153);
#4153 = DEFINITIONAL_REPRESENTATION('',(#4154),#4158);
#4154 = LINE('',#4155,#4156);
#4155 = CARTESIAN_POINT('',(-19.75687313723,-114.7134191369));
#4156 = VECTOR('',#4157,1.);
#4157 = DIRECTION('',(8.772956717564E-02,0.99614432842));
#4158 = ( GEOMETRIC_REPRESENTATION_CONTEXT(2) 
PARAMETRIC_REPRESENTATION_CONTEXT() REPRESENTATION_CONTEXT('2D SPACE',''
  ) );
#4159 = PCURVE('',#3315,#4160);
#4160 = DEFINITIONAL_REPRESENTATION('',(#4161),#4165);
#4161 = LINE('',#4162,#4163);
#4162 = CARTESIAN_POINT('',(5.555005915396,1.421E-14));
#4163 = VECTOR('',#4164,1.);
#4164 = DIRECTION('',(0.,1.));
#4165 = ( GEOMETRIC_REPRESENTATION_CONTEXT(2) 
PARAMETRIC_REPRESENTATION_CONTEXT() REPRESENTATION_CONTEXT('2D SPACE',''
  ) );
#4166 = ORIENTED_EDGE('',*,*,#2529,.T.);
#4167 = ORIENTED_EDGE('',*,*,#2955,.T.);
#4168 = ADVANCED_FACE('',(#4169),#2573,.T.);
#4169 = FACE_BOUND('',#4170,.T.);
#4170 = EDGE_LOOP('',(#4171,#4370,#4393,#4416,#4436,#4437));
#4171 = ORIENTED_EDGE('',*,*,#4172,.F.);
#4172 = EDGE_CURVE('',#4173,#4175,#4177,.T.);
#4173 = VERTEX_POINT('',#4174);
#4174 = CARTESIAN_POINT('',(419.21421309257,18.067190819135,
    -155.1495438116));
#4175 = VERTEX_POINT('',#4176);
#4176 = CARTESIAN_POINT('',(426.46559509211,17.348740291966,
    -163.4742680674));
#4177 = SURFACE_CURVE('',#4178,(#4201,#4274),.PCURVE_S1.);
#4178 = B_SPLINE_CURVE_WITH_KNOTS('',3,(#4179,#4180,#4181,#4182,#4183,
    #4184,#4185,#4186,#4187,#4188,#4189,#4190,#4191,#4192,#4193,#4194,
    #4195,#4196,#4197,#4198,#4199,#4200),.UNSPECIFIED.,.F.,.F.,(4,1,2,2,
    1,1,1,1,1,1,1,1,1,1,1,2,4),(5.144388284972E-02,0.233021175795,
    0.41459846874,0.534295427017,0.676468761279,0.818642095541,
    0.960815429803,1.102988764065,1.387335432589,1.671682101113,
    1.956028769637,2.098202103899,2.240375438161,2.382548772423,
    2.524722106685,2.809068775209,2.980683360036),.UNSPECIFIED.);
#4179 = CARTESIAN_POINT('',(419.21420300837,18.067168078871,
    -155.1495312722));
#4180 = CARTESIAN_POINT('',(418.96005450169,18.416687306555,
    -154.7200643143));
#4181 = CARTESIAN_POINT('',(418.54571424677,19.176849203477,
    -153.9597080839));
#4182 = CARTESIAN_POINT('',(418.3194218094,20.095070344069,
    -153.4431592656));
#4183 = CARTESIAN_POINT('',(418.24470900423,20.989965071402,
    -153.1845973884));
#4184 = CARTESIAN_POINT('',(418.25159423278,21.356871024454,
    -153.1420886756));
#4185 = CARTESIAN_POINT('',(418.34987790599,22.167209498663,
    -153.1923195878));
#4186 = CARTESIAN_POINT('',(418.56671234711,22.997652672826,
    -153.4449493725));
#4187 = CARTESIAN_POINT('',(419.06106606508,23.949379971979,
    -154.1324234658));
#4188 = CARTESIAN_POINT('',(419.67153656627,24.717259199479,
    -154.9943090401));
#4189 = CARTESIAN_POINT('',(420.69603929104,25.573041773059,
    -156.4070884709));
#4190 = CARTESIAN_POINT('',(422.16036941707,26.179161990775,
    -158.2943749044));
#4191 = CARTESIAN_POINT('',(424.07931503103,26.212666659864,
    -160.502801084));
#4192 = CARTESIAN_POINT('',(425.74222342602,25.562821055752,
    -162.2154696722));
#4193 = CARTESIAN_POINT('',(426.95272470029,24.475728325856,
    -163.388194742));
#4194 = CARTESIAN_POINT('',(427.64936617522,23.42671183934,
    -164.0546989045));
#4195 = CARTESIAN_POINT('',(428.07137368265,22.250339857454,
    -164.4787171421));
#4196 = CARTESIAN_POINT('',(428.24197623391,20.455729027492,
    -164.7320337737));
#4197 = CARTESIAN_POINT('',(427.8174211878,19.147161166965,
    -164.4836095286));
#4198 = CARTESIAN_POINT('',(427.11529211103,18.017480528647,
    -163.9822919154));
#4199 = CARTESIAN_POINT('',(426.80325763836,17.652977247895,
    -163.7456346876));
#4200 = CARTESIAN_POINT('',(426.46559509202,17.348740292158,
    -163.4742680673));
#4201 = PCURVE('',#2573,#4202);
#4202 = DEFINITIONAL_REPRESENTATION('',(#4203),#4273);
#4203 = B_SPLINE_CURVE_WITH_KNOTS('',3,(#4204,#4205,#4206,#4207,#4208,
    #4209,#4210,#4211,#4212,#4213,#4214,#4215,#4216,#4217,#4218,#4219,
    #4220,#4221,#4222,#4223,#4224,#4225,#4226,#4227,#4228,#4229,#4230,
    #4231,#4232,#4233,#4234,#4235,#4236,#4237,#4238,#4239,#4240,#4241,
    #4242,#4243,#4244,#4245,#4246,#4247,#4248,#4249,#4250,#4251,#4252,
    #4253,#4254,#4255,#4256,#4257,#4258,#4259,#4260,#4261,#4262,#4263,
    #4264,#4265,#4266,#4267,#4268,#4269,#4270,#4271,#4272),
  .UNSPECIFIED.,.F.,.F.,(4,1,1,1,1,1,1,1,1,1,1,1,1,1,1,1,1,1,1,1,1,1,1,1
    ,1,1,1,1,1,1,1,1,1,1,1,1,1,1,1,1,1,1,1,1,1,1,1,1,1,1,1,1,1,1,1,1,1,1
    ,1,1,1,1,1,1,1,1,4),(5.144388284972E-02,9.582629917073E-02,
    0.140208715492,0.184591131813,0.228973548134,0.273355964455,
    0.317738380776,0.362120797097,0.406503213418,0.450885629739,
    0.49526804606,0.539650462381,0.584032878702,0.628415295023,
    0.672797711344,0.717180127665,0.761562543986,0.805944960307,
    0.850327376628,0.894709792949,0.93909220927,0.983474625591,
    1.027857041912,1.072239458233,1.116621874554,1.161004290875,
    1.205386707196,1.249769123517,1.294151539838,1.338533956159,
    1.38291637248,1.427298788801,1.471681205122,1.516063621443,
    1.560446037764,1.604828454085,1.649210870406,1.693593286727,
    1.737975703048,1.782358119369,1.82674053569,1.871122952011,
    1.915505368332,1.959887784653,2.004270200974,2.048652617295,
    2.093035033616,2.137417449937,2.181799866258,2.226182282579,
    2.2705646989,2.314947115221,2.359329531542,2.403711947863,
    2.448094364184,2.492476780505,2.536859196826,2.581241613147,
    2.625624029468,2.670006445789,2.71438886211,2.758771278431,
    2.803153694752,2.847536111073,2.891918527394,2.936300943715,
    2.980683360036),.QUASI_UNIFORM_KNOTS.);
#4204 = CARTESIAN_POINT('',(0.398396826064,1.580891389412));
#4205 = CARTESIAN_POINT('',(0.396229796483,1.580740612698));
#4206 = CARTESIAN_POINT('',(0.392029790407,1.580430848612));
#4207 = CARTESIAN_POINT('',(0.386146008298,1.579940054154));
#4208 = CARTESIAN_POINT('',(0.380692221301,1.579421623844));
#4209 = CARTESIAN_POINT('',(0.375683246245,1.57887396924));
#4210 = CARTESIAN_POINT('',(0.371131313235,1.57829591874));
#4211 = CARTESIAN_POINT('',(0.36709853936,1.577680521361));
#4212 = CARTESIAN_POINT('',(0.36365848333,1.577021147051));
#4213 = CARTESIAN_POINT('',(0.360858651604,1.57630839498));
#4214 = CARTESIAN_POINT('',(0.358841159977,1.575543756349));
#4215 = CARTESIAN_POINT('',(0.357892206748,1.574766896115));
#4216 = CARTESIAN_POINT('',(0.357968545817,1.573967279273));
#4217 = CARTESIAN_POINT('',(0.359166177321,1.573180903896));
#4218 = CARTESIAN_POINT('',(0.361330416984,1.572430021439));
#4219 = CARTESIAN_POINT('',(0.364290073149,1.57172057969));
#4220 = CARTESIAN_POINT('',(0.36787353466,1.571063622769));
#4221 = CARTESIAN_POINT('',(0.371996913419,1.57045372296));
#4222 = CARTESIAN_POINT('',(0.376587236287,1.569884657082));
#4223 = CARTESIAN_POINT('',(0.381556977029,1.569350093968));
#4224 = CARTESIAN_POINT('',(0.386902740448,1.568845743465));
#4225 = CARTESIAN_POINT('',(0.392648126303,1.568368406209));
#4226 = CARTESIAN_POINT('',(0.398823540864,1.567913717694));
#4227 = CARTESIAN_POINT('',(0.405394393752,1.567481957919));
#4228 = CARTESIAN_POINT('',(0.41226336315,1.5670776308));
#4229 = CARTESIAN_POINT('',(0.419341259721,1.566704628048));
#4230 = CARTESIAN_POINT('',(0.426559254594,1.566365651829));
#4231 = CARTESIAN_POINT('',(0.433906933937,1.566059928121));
#4232 = CARTESIAN_POINT('',(0.441364460705,1.56578724358));
#4233 = CARTESIAN_POINT('',(0.448914608664,1.565547233113));
#4234 = CARTESIAN_POINT('',(0.456539503007,1.565339564888));
#4235 = CARTESIAN_POINT('',(0.464221730691,1.565163916483));
#4236 = CARTESIAN_POINT('',(0.471943274014,1.56501988891));
#4237 = CARTESIAN_POINT('',(0.479696247543,1.564908242911));
#4238 = CARTESIAN_POINT('',(0.487473719465,1.564829846157));
#4239 = CARTESIAN_POINT('',(0.495268483935,1.564785539378));
#4240 = CARTESIAN_POINT('',(0.503073576041,1.564776155311));
#4241 = CARTESIAN_POINT('',(0.510881487642,1.564802577322));
#4242 = CARTESIAN_POINT('',(0.518686848065,1.564865487704));
#4243 = CARTESIAN_POINT('',(0.526474558037,1.564966508827));
#4244 = CARTESIAN_POINT('',(0.534219408529,1.565108227426));
#4245 = CARTESIAN_POINT('',(0.541898216438,1.565293021648));
#4246 = CARTESIAN_POINT('',(0.549487324085,1.565523329721));
#4247 = CARTESIAN_POINT('',(0.5569628228,1.565801547873));
#4248 = CARTESIAN_POINT('',(0.564302375362,1.5661301764));
#4249 = CARTESIAN_POINT('',(0.571477858739,1.566511341282));
#4250 = CARTESIAN_POINT('',(0.578386562363,1.566942653722));
#4251 = CARTESIAN_POINT('',(0.584931234169,1.567421944891));
#4252 = CARTESIAN_POINT('',(0.591008730887,1.567947295348));
#4253 = CARTESIAN_POINT('',(0.596575960663,1.568513198835));
#4254 = CARTESIAN_POINT('',(0.601597619342,1.569114067933));
#4255 = CARTESIAN_POINT('',(0.606031541241,1.569743305555));
#4256 = CARTESIAN_POINT('',(0.609864921566,1.570401158707));
#4257 = CARTESIAN_POINT('',(0.613095690284,1.571090425959));
#4258 = CARTESIAN_POINT('',(0.615725265204,1.571814825534));
#4259 = CARTESIAN_POINT('',(0.617725666025,1.572570706242));
#4260 = CARTESIAN_POINT('',(0.619037536556,1.573346119033));
#4261 = CARTESIAN_POINT('',(0.6196013355,1.574130586654));
#4262 = CARTESIAN_POINT('',(0.619382895643,1.574914348868));
#4263 = CARTESIAN_POINT('',(0.618427029551,1.575691123963));
#4264 = CARTESIAN_POINT('',(0.616766752766,1.576454084974));
#4265 = CARTESIAN_POINT('',(0.614437465869,1.577196547843));
#4266 = CARTESIAN_POINT('',(0.61147584523,1.57791172751));
#4267 = CARTESIAN_POINT('',(0.607910122037,1.578593008533));
#4268 = CARTESIAN_POINT('',(0.603800182488,1.579233091115));
#4269 = CARTESIAN_POINT('',(0.599252291281,1.579830803279));
#4270 = CARTESIAN_POINT('',(0.594295679479,1.580386076379));
#4271 = CARTESIAN_POINT('',(0.590751352361,1.5807277117));
#4272 = CARTESIAN_POINT('',(0.588926415437,1.580891344042));
#4273 = ( GEOMETRIC_REPRESENTATION_CONTEXT(2) 
PARAMETRIC_REPRESENTATION_CONTEXT() REPRESENTATION_CONTEXT('2D SPACE',''
  ) );
#4274 = PCURVE('',#4275,#4364);
#4275 = B_SPLINE_SURFACE_WITH_KNOTS('',3,3,(
    (#4276,#4277,#4278,#4279,#4280,#4281,#4282,#4283,#4284,#4285,#4286
      ,#4287,#4288,#4289,#4290,#4291,#4292,#4293,#4294,#4295,#4296,#4297
      )
    ,(#4298,#4299,#4300,#4301,#4302,#4303,#4304,#4305,#4306,#4307,#4308
      ,#4309,#4310,#4311,#4312,#4313,#4314,#4315,#4316,#4317,#4318,#4319
      )
    ,(#4320,#4321,#4322,#4323,#4324,#4325,#4326,#4327,#4328,#4329,#4330
      ,#4331,#4332,#4333,#4334,#4335,#4336,#4337,#4338,#4339,#4340,#4341
      )
    ,(#4342,#4343,#4344,#4345,#4346,#4347,#4348,#4349,#4350,#4351,#4352
      ,#4353,#4354,#4355,#4356,#4357,#4358,#4359,#4360,#4361,#4362,#4363
      )),.UNSPECIFIED.,.F.,.F.,.F.,(4,4),(4,2,1,1,1,1,1,1,1,1,1,1,1,2,2,
    1,4),(0.,1.),(-2.980683360036,-2.809068775209,-2.524722106685,
    -2.382548772423,-2.240375438161,-2.098202103899,-1.956028769637,
    -1.671682101113,-1.387335432589,-1.102988764065,-0.960815429803,
    -0.818642095541,-0.676468761279,-0.534295427017,-0.41459846874,
    -0.233021175795,-5.144388284972E-02),.UNSPECIFIED.);
#4276 = CARTESIAN_POINT('',(426.46559509202,17.348740292158,
    -163.4742680673));
#4277 = CARTESIAN_POINT('',(426.80325763836,17.652977247895,
    -163.7456346876));
#4278 = CARTESIAN_POINT('',(427.11529211103,18.017480528647,
    -163.9822919154));
#4279 = CARTESIAN_POINT('',(427.8174211878,19.147161166965,
    -164.4836095286));
#4280 = CARTESIAN_POINT('',(428.24197623391,20.455729027492,
    -164.7320337737));
#4281 = CARTESIAN_POINT('',(428.07137368265,22.250339857454,
    -164.4787171421));
#4282 = CARTESIAN_POINT('',(427.64936617522,23.42671183934,
    -164.0546989045));
#4283 = CARTESIAN_POINT('',(426.95272470029,24.475728325856,
    -163.388194742));
#4284 = CARTESIAN_POINT('',(425.74222342602,25.562821055752,
    -162.2154696722));
#4285 = CARTESIAN_POINT('',(424.07931503103,26.212666659864,
    -160.502801084));
#4286 = CARTESIAN_POINT('',(422.16036941707,26.179161990775,
    -158.2943749044));
#4287 = CARTESIAN_POINT('',(420.69603929104,25.573041773059,
    -156.4070884709));
#4288 = CARTESIAN_POINT('',(419.67153656627,24.717259199479,
    -154.9943090401));
#4289 = CARTESIAN_POINT('',(419.06106606508,23.949379971979,
    -154.1324234658));
#4290 = CARTESIAN_POINT('',(418.56671234711,22.997652672826,
    -153.4449493725));
#4291 = CARTESIAN_POINT('',(418.34987790599,22.167209498663,
    -153.1923195878));
#4292 = CARTESIAN_POINT('',(418.25159423278,21.356871024454,
    -153.1420886756));
#4293 = CARTESIAN_POINT('',(418.24470900423,20.989965071402,
    -153.1845973884));
#4294 = CARTESIAN_POINT('',(418.3194218094,20.095070344069,
    -153.4431592656));
#4295 = CARTESIAN_POINT('',(418.54571424677,19.176849203477,
    -153.9597080839));
#4296 = CARTESIAN_POINT('',(418.96005450169,18.416687306555,
    -154.7200643143));
#4297 = CARTESIAN_POINT('',(419.21420300837,18.067168078871,
    -155.1495312722));
#4298 = CARTESIAN_POINT('',(426.46241812158,17.465600925172,
    -163.3477975016));
#4299 = CARTESIAN_POINT('',(426.78742751049,17.765183517041,
    -163.6122027279));
#4300 = CARTESIAN_POINT('',(427.08627192673,18.120723682488,
    -163.8419976623));
#4301 = CARTESIAN_POINT('',(427.75547047839,19.217301655963,
    -164.3269750399));
#4302 = CARTESIAN_POINT('',(428.15665971454,20.472170655946,
    -164.5653784648));
#4303 = CARTESIAN_POINT('',(427.99877929945,22.193928498523,
    -164.3220016228));
#4304 = CARTESIAN_POINT('',(427.6003666899,23.330972626788,
    -163.9124406937));
#4305 = CARTESIAN_POINT('',(426.93538297402,24.35527825435,
    -163.2646933948));
#4306 = CARTESIAN_POINT('',(425.76731448456,25.431733940913,
    -162.1177726908));
#4307 = CARTESIAN_POINT('',(424.14123609499,26.096138413748,
    -160.4311456329));
#4308 = CARTESIAN_POINT('',(422.24159588964,26.093411336493,
    -158.2455289002));
#4309 = CARTESIAN_POINT('',(420.77724017504,25.515644151174,
    -156.3726652195));
#4310 = CARTESIAN_POINT('',(419.74454831432,24.680822055115,
    -154.9692890344));
#4311 = CARTESIAN_POINT('',(419.12565062448,23.925810365079,
    -154.1128212991));
#4312 = CARTESIAN_POINT('',(418.62172562432,22.984735803965,
    -153.4296450985));
#4313 = CARTESIAN_POINT('',(418.40013301087,22.159672710673,
    -153.1786632955));
#4314 = CARTESIAN_POINT('',(418.30128656329,21.353504254373,
    -153.1287298034));
#4315 = CARTESIAN_POINT('',(418.29537290505,20.988343863419,
    -153.1709825893));
#4316 = CARTESIAN_POINT('',(418.37553061595,20.098411421666,
    -153.4278522003));
#4317 = CARTESIAN_POINT('',(418.61130201141,19.186970923172,
    -153.9411391685));
#4318 = CARTESIAN_POINT('',(419.03497778232,18.436655918432,
    -154.6967480251));
#4319 = CARTESIAN_POINT('',(419.29326812434,18.092970210883,
    -155.1233826043));
#4320 = CARTESIAN_POINT('',(426.45924115115,17.582461558184,
    -163.221326936));
#4321 = CARTESIAN_POINT('',(426.77173223833,17.876605275045,
    -163.478858678));
#4322 = CARTESIAN_POINT('',(427.05700265386,18.224789990285,
    -163.7015562812));
#4323 = CARTESIAN_POINT('',(427.69387309783,19.286012045825,
    -164.1705504671));
#4324 = CARTESIAN_POINT('',(428.07129857951,20.489058039177,
    -164.3986847012));
#4325 = CARTESIAN_POINT('',(427.92622859232,22.137346639597,
    -164.1652942042));
#4326 = CARTESIAN_POINT('',(427.55146317406,23.235111197289,
    -163.770229643));
#4327 = CARTESIAN_POINT('',(426.91817001759,24.234877973947,
    -163.141225579));
#4328 = CARTESIAN_POINT('',(425.79254774587,25.300394016777,
    -162.0201599725));
#4329 = CARTESIAN_POINT('',(424.203222452,25.979615477343,-160.359514568
    ));
#4330 = CARTESIAN_POINT('',(422.32292262074,26.007478562221,
    -158.1966471799));
#4331 = CARTESIAN_POINT('',(420.85856106334,25.458217902828,
    -156.3382251038));
#4332 = CARTESIAN_POINT('',(419.81769074074,24.64434737148,
    -154.9441993288));
#4333 = CARTESIAN_POINT('',(419.19044528941,23.902211618486,
    -154.0931654427));
#4334 = CARTESIAN_POINT('',(418.67680199427,22.971908470394,
    -153.4143016508));
#4335 = CARTESIAN_POINT('',(418.45072311473,22.152067809918,
    -153.1649014219));
#4336 = CARTESIAN_POINT('',(418.35105060301,21.350273501907,
    -153.1153361568));
#4337 = CARTESIAN_POINT('',(418.34634039037,20.986778816031,
    -153.1572658478));
#4338 = CARTESIAN_POINT('',(418.43163531336,20.101841148122,
    -153.4125336963));
#4339 = CARTESIAN_POINT('',(418.67690385904,19.197041507497,
    -153.9225718039));
#4340 = CARTESIAN_POINT('',(419.11006948194,18.45675676606,
    -154.6733641968));
#4341 = CARTESIAN_POINT('',(419.37233324031,18.118772342894,
    -155.0972339364));
#4342 = CARTESIAN_POINT('',(426.45606418072,17.699322191197,
    -163.0948563703));
#4343 = CARTESIAN_POINT('',(426.75590211046,17.988811544192,
    -163.3454267184));
#4344 = CARTESIAN_POINT('',(427.02798246955,18.328033144126,
    -163.561262028));
#4345 = CARTESIAN_POINT('',(427.63192238842,19.356152534822,
    -164.0139159784));
#4346 = CARTESIAN_POINT('',(427.98598206014,20.50549966763,
    -164.2320293922));
#4347 = CARTESIAN_POINT('',(427.85363420911,22.080935280666,
    -164.0085786849));
#4348 = CARTESIAN_POINT('',(427.50246368874,23.139371984736,
    -163.6279714322));
#4349 = CARTESIAN_POINT('',(426.90082829133,24.114427902441,
    -163.0177242318));
#4350 = CARTESIAN_POINT('',(425.81763880441,25.169306901937,
    -161.9224629911));
#4351 = CARTESIAN_POINT('',(424.26514351596,25.863087231226,
    -160.2878591168));
#4352 = CARTESIAN_POINT('',(422.40414909331,25.92172790794,
    -158.1478011757));
#4353 = CARTESIAN_POINT('',(420.93976194734,25.400820280943,
    -156.3038018525));
#4354 = CARTESIAN_POINT('',(419.8907024888,24.607910227116,
    -154.919179323));
#4355 = CARTESIAN_POINT('',(419.25502984881,23.878642011586,
    -154.073563276));
#4356 = CARTESIAN_POINT('',(418.73181527148,22.958991601533,
    -153.3989973768));
#4357 = CARTESIAN_POINT('',(418.50097821962,22.144531021928,
    -153.1512451296));
#4358 = CARTESIAN_POINT('',(418.40074293352,21.346906731825,
    -153.1019772847));
#4359 = CARTESIAN_POINT('',(418.39700429119,20.985157608048,
    -153.1436510486));
#4360 = CARTESIAN_POINT('',(418.48774411991,20.105182225719,
    -153.3972266309));
#4361 = CARTESIAN_POINT('',(418.74249162369,19.207163227192,
    -153.9040028885));
#4362 = CARTESIAN_POINT('',(419.18499276257,18.476725377937,
    -154.6500479075));
#4363 = CARTESIAN_POINT('',(419.45139835628,18.144574474906,
    -155.0710852685));
#4364 = DEFINITIONAL_REPRESENTATION('',(#4365),#4369);
#4365 = LINE('',#4366,#4367);
#4366 = CARTESIAN_POINT('',(-1.586E-13,-6.5E-16));
#4367 = VECTOR('',#4368,1.);
#4368 = DIRECTION('',(5.292E-14,-1.));
#4369 = ( GEOMETRIC_REPRESENTATION_CONTEXT(2) 
PARAMETRIC_REPRESENTATION_CONTEXT() REPRESENTATION_CONTEXT('2D SPACE',''
  ) );
#4370 = ORIENTED_EDGE('',*,*,#4371,.F.);
#4371 = EDGE_CURVE('',#4372,#4173,#4374,.T.);
#4372 = VERTEX_POINT('',#4373);
#4373 = CARTESIAN_POINT('',(412.71198570569,18.857414406407,
    -133.2222744086));
#4374 = SURFACE_CURVE('',#4375,(#4380,#4386),.PCURVE_S1.);
#4375 = CIRCLE('',#4376,40.);
#4376 = AXIS2_PLACEMENT_3D('',#4377,#4378,#4379);
#4377 = CARTESIAN_POINT('',(452.55977362936,15.3711846965,
    -133.2222744086));
#4378 = DIRECTION('',(-8.715133597239E-02,-0.99614432842,
    1.005592338143E-02));
#4379 = DIRECTION('',(-0.996194698092,8.715574274766E-02,
    1.084202172486E-19));
#4380 = PCURVE('',#2573,#4381);
#4381 = DEFINITIONAL_REPRESENTATION('',(#4382),#4385);
#4382 = B_SPLINE_CURVE_WITH_KNOTS('',1,(#4383,#4384),.UNSPECIFIED.,.F.,
  .F.,(2,2),(0.,0.580221803537),.PIECEWISE_BEZIER_KNOTS.);
#4383 = CARTESIAN_POINT('',(-7.45E-15,1.580891344048));
#4384 = CARTESIAN_POINT('',(0.398397079615,1.580891344049));
#4385 = ( GEOMETRIC_REPRESENTATION_CONTEXT(2) 
PARAMETRIC_REPRESENTATION_CONTEXT() REPRESENTATION_CONTEXT('2D SPACE',''
  ) );
#4386 = PCURVE('',#3315,#4387);
#4387 = DEFINITIONAL_REPRESENTATION('',(#4388),#4392);
#4388 = LINE('',#4389,#4390);
#4389 = CARTESIAN_POINT('',(7.011364698963,-27.52151007075));
#4390 = VECTOR('',#4391,1.);
#4391 = DIRECTION('',(-1.,1.225E-14));
#4392 = ( GEOMETRIC_REPRESENTATION_CONTEXT(2) 
PARAMETRIC_REPRESENTATION_CONTEXT() REPRESENTATION_CONTEXT('2D SPACE',''
  ) );
#4393 = ORIENTED_EDGE('',*,*,#4394,.F.);
#4394 = EDGE_CURVE('',#3212,#4372,#4395,.T.);
#4395 = SURFACE_CURVE('',#4396,(#4401,#4408),.PCURVE_S1.);
#4396 = B_SPLINE_CURVE_WITH_KNOTS('',3,(#4397,#4398,#4399,#4400),
  .UNSPECIFIED.,.F.,.F.,(4,4),(1.539250932113,1.580891344048),
  .PIECEWISE_BEZIER_KNOTS.);
#4397 = CARTESIAN_POINT('',(414.52516929725,39.582197692438,-133.));
#4398 = CARTESIAN_POINT('',(413.92099706729,32.676477504127,
    -133.2179048535));
#4399 = CARTESIAN_POINT('',(413.31642786937,25.766219951243,
    -133.2920177351));
#4400 = CARTESIAN_POINT('',(412.71198570569,18.857414406407,
    -133.2222744086));
#4401 = PCURVE('',#2573,#4402);
#4402 = DEFINITIONAL_REPRESENTATION('',(#4403),#4407);
#4403 = LINE('',#4404,#4405);
#4404 = CARTESIAN_POINT('',(2.6285E-13,0.));
#4405 = VECTOR('',#4406,1.);
#4406 = DIRECTION('',(-1.7098E-13,1.));
#4407 = ( GEOMETRIC_REPRESENTATION_CONTEXT(2) 
PARAMETRIC_REPRESENTATION_CONTEXT() REPRESENTATION_CONTEXT('2D SPACE',''
  ) );
#4408 = PCURVE('',#3286,#4409);
#4409 = DEFINITIONAL_REPRESENTATION('',(#4410),#4415);
#4410 = B_SPLINE_CURVE_WITH_KNOTS('',3,(#4411,#4412,#4413,#4414),
  .UNSPECIFIED.,.F.,.F.,(4,4),(1.539250932113,1.580891344048),
  .PIECEWISE_BEZIER_KNOTS.);
#4411 = CARTESIAN_POINT('',(109.28906113311,0.));
#4412 = CARTESIAN_POINT('',(102.35696221556,0.217904853539));
#4413 = CARTESIAN_POINT('',(95.420308601444,0.292017735144));
#4414 = CARTESIAN_POINT('',(88.485112541808,0.222274408611));
#4415 = ( GEOMETRIC_REPRESENTATION_CONTEXT(2) 
PARAMETRIC_REPRESENTATION_CONTEXT() REPRESENTATION_CONTEXT('2D SPACE',''
  ) );
#4416 = ORIENTED_EDGE('',*,*,#4417,.F.);
#4417 = EDGE_CURVE('',#2558,#3212,#4418,.T.);
#4418 = SURFACE_CURVE('',#4419,(#4424,#4430),.PCURVE_S1.);
#4419 = CIRCLE('',#4420,40.);
#4420 = AXIS2_PLACEMENT_3D('',#4421,#4422,#4423);
#4421 = CARTESIAN_POINT('',(454.37295722092,36.095967982532,-133.));
#4422 = DIRECTION('',(8.711271499971E-02,0.995702888682,
    3.141866253043E-02));
#4423 = DIRECTION('',(-0.114624107985,4.1347425119E-02,-0.992548086646)
  );
#4424 = PCURVE('',#2573,#4425);
#4425 = DEFINITIONAL_REPRESENTATION('',(#4426),#4429);
#4426 = B_SPLINE_CURVE_WITH_KNOTS('',1,(#4427,#4428),.UNSPECIFIED.,.F.,
  .F.,(2,2),(0.,1.452730627393),.PIECEWISE_BEZIER_KNOTS.);
#4427 = CARTESIAN_POINT('',(1.,1.539250932113));
#4428 = CARTESIAN_POINT('',(-8.9E-16,1.539250932113));
#4429 = ( GEOMETRIC_REPRESENTATION_CONTEXT(2) 
PARAMETRIC_REPRESENTATION_CONTEXT() REPRESENTATION_CONTEXT('2D SPACE',''
  ) );
#4430 = PCURVE('',#2648,#4431);
#4431 = DEFINITIONAL_REPRESENTATION('',(#4432),#4435);
#4432 = B_SPLINE_CURVE_WITH_KNOTS('',1,(#4433,#4434),.UNSPECIFIED.,.F.,
  .F.,(2,2),(0.,1.452730627393),.PIECEWISE_BEZIER_KNOTS.);
#4433 = CARTESIAN_POINT('',(1.,1.539250932113));
#4434 = CARTESIAN_POINT('',(0.,1.539250932113));
#4435 = ( GEOMETRIC_REPRESENTATION_CONTEXT(2) 
PARAMETRIC_REPRESENTATION_CONTEXT() REPRESENTATION_CONTEXT('2D SPACE',''
  ) );
#4436 = ORIENTED_EDGE('',*,*,#2557,.F.);
#4437 = ORIENTED_EDGE('',*,*,#4438,.F.);
#4438 = EDGE_CURVE('',#4175,#2530,#4439,.T.);
#4439 = SURFACE_CURVE('',#4440,(#4445,#4451),.PCURVE_S1.);
#4440 = CIRCLE('',#4441,40.);
#4441 = AXIS2_PLACEMENT_3D('',#4442,#4443,#4444);
#4442 = CARTESIAN_POINT('',(452.55977362936,15.3711846965,
    -133.2222744086));
#4443 = DIRECTION('',(-8.715133597239E-02,-0.99614432842,
    1.005592338143E-02));
#4444 = DIRECTION('',(-0.996194698092,8.715574274766E-02,
    1.084202172486E-19));
#4445 = PCURVE('',#2573,#4446);
#4446 = DEFINITIONAL_REPRESENTATION('',(#4447),#4450);
#4447 = B_SPLINE_CURVE_WITH_KNOTS('',1,(#4448,#4449),.UNSPECIFIED.,.F.,
  .F.,(2,2),(0.857697141375,1.456358783568),.PIECEWISE_BEZIER_KNOTS.);
#4448 = CARTESIAN_POINT('',(0.588926415439,1.580891344043));
#4449 = CARTESIAN_POINT('',(1.,1.580891344048));
#4450 = ( GEOMETRIC_REPRESENTATION_CONTEXT(2) 
PARAMETRIC_REPRESENTATION_CONTEXT() REPRESENTATION_CONTEXT('2D SPACE',''
  ) );
#4451 = PCURVE('',#3315,#4452);
#4452 = DEFINITIONAL_REPRESENTATION('',(#4453),#4457);
#4453 = LINE('',#4454,#4455);
#4454 = CARTESIAN_POINT('',(7.011364698963,-27.52151007075));
#4455 = VECTOR('',#4456,1.);
#4456 = DIRECTION('',(-1.,1.187E-14));
#4457 = ( GEOMETRIC_REPRESENTATION_CONTEXT(2) 
PARAMETRIC_REPRESENTATION_CONTEXT() REPRESENTATION_CONTEXT('2D SPACE',''
  ) );
#4458 = ADVANCED_FACE('',(#4459,#4485,#4746),#2648,.T.);
#4459 = FACE_BOUND('',#4460,.T.);
#4460 = EDGE_LOOP('',(#4461,#4462,#4483,#4484));
#4461 = ORIENTED_EDGE('',*,*,#3211,.F.);
#4462 = ORIENTED_EDGE('',*,*,#4463,.F.);
#4463 = EDGE_CURVE('',#2610,#3161,#4464,.T.);
#4464 = SURFACE_CURVE('',#4465,(#4470,#4476),.PCURVE_S1.);
#4465 = CIRCLE('',#4466,40.);
#4466 = AXIS2_PLACEMENT_3D('',#4467,#4468,#4469);
#4467 = CARTESIAN_POINT('',(464.24591471624,148.94438853699,
    -116.3635338257));
#4468 = DIRECTION('',(8.422095165328E-02,0.962649882385,0.257316993699)
  );
#4469 = DIRECTION('',(-0.114624107985,0.265879805916,-0.957167301298));
#4470 = PCURVE('',#2648,#4471);
#4471 = DEFINITIONAL_REPRESENTATION('',(#4472),#4475);
#4472 = B_SPLINE_CURVE_WITH_KNOTS('',1,(#4473,#4474),.UNSPECIFIED.,.F.,
  .F.,(2,2),(0.,0.988058756207),.PIECEWISE_BEZIER_KNOTS.);
#4473 = CARTESIAN_POINT('',(1.,1.30958937016));
#4474 = CARTESIAN_POINT('',(0.310489308505,1.30958937016));
#4475 = ( GEOMETRIC_REPRESENTATION_CONTEXT(2) 
PARAMETRIC_REPRESENTATION_CONTEXT() REPRESENTATION_CONTEXT('2D SPACE',''
  ) );
#4476 = PCURVE('',#3177,#4477);
#4477 = DEFINITIONAL_REPRESENTATION('',(#4478),#4482);
#4478 = LINE('',#4479,#4480);
#4479 = CARTESIAN_POINT('',(5.566685415953,100.24728964849));
#4480 = VECTOR('',#4481,1.);
#4481 = DIRECTION('',(1.,2.877E-14));
#4482 = ( GEOMETRIC_REPRESENTATION_CONTEXT(2) 
PARAMETRIC_REPRESENTATION_CONTEXT() REPRESENTATION_CONTEXT('2D SPACE',''
  ) );
#4483 = ORIENTED_EDGE('',*,*,#2609,.F.);
#4484 = ORIENTED_EDGE('',*,*,#4417,.T.);
#4485 = FACE_BOUND('',#4486,.T.);
#4486 = EDGE_LOOP('',(#4487));
#4487 = ORIENTED_EDGE('',*,*,#4488,.F.);
#4488 = EDGE_CURVE('',#4489,#4489,#4491,.T.);
#4489 = VERTEX_POINT('',#4490);
#4490 = CARTESIAN_POINT('',(440.59407062217,150.26381213321,
    -149.8411792471));
#4491 = SURFACE_CURVE('',#4492,(#4523,#4618),.PCURVE_S1.);
#4492 = B_SPLINE_CURVE_WITH_KNOTS('',3,(#4493,#4494,#4495,#4496,#4497,
    #4498,#4499,#4500,#4501,#4502,#4503,#4504,#4505,#4506,#4507,#4508,
    #4509,#4510,#4511,#4512,#4513,#4514,#4515,#4516,#4517,#4518,#4519,
    #4520,#4521,#4522),.UNSPECIFIED.,.T.,.F.,(1,3,2,1,1,1,2,2,2,1,2,1,1,
    1,1,1,1,2,2,2,3,1),(-0.103355278435,0.,0.278480319427,0.584857416421
    ,0.891234513415,1.19761161041,1.503988707404,1.630287285904,
    1.705438501525,1.857259246581,2.009079991638,2.205443028199,
    2.40180606476,2.794532137882,2.990895174443,3.187258211004,
    3.383621247565,3.579984284126,3.658221157927,3.74294253519,
    3.846297813625,4.124778133052),.UNSPECIFIED.);
#4493 = CARTESIAN_POINT('',(440.59407062217,150.26381213321,
    -149.8411792471));
#4494 = CARTESIAN_POINT('',(440.01272205998,149.36614502576,
    -149.6961965956));
#4495 = CARTESIAN_POINT('',(439.2013980437,148.70558712947,
    -149.2840542514));
#4496 = CARTESIAN_POINT('',(437.51134490394,147.89193361184,
    -148.1252103955));
#4497 = CARTESIAN_POINT('',(435.76405574854,147.62341953045,
    -146.6146630812));
#4498 = CARTESIAN_POINT('',(433.61311310883,148.29537553606,
    -144.0337473489));
#4499 = CARTESIAN_POINT('',(432.03015783159,149.69694259905,
    -141.4986335207));
#4500 = CARTESIAN_POINT('',(431.421467179,151.00170512404,
    -140.1112977798));
#4501 = CARTESIAN_POINT('',(431.18900824391,152.05294133063,
    -139.3588994991));
#4502 = CARTESIAN_POINT('',(431.14276814915,152.39079839793,
    -139.1571634365));
#4503 = CARTESIAN_POINT('',(431.12407508488,152.98068280317,
    -138.8981495549));
#4504 = CARTESIAN_POINT('',(431.12976474345,153.21171236741,
    -138.8162884983));
#4505 = CARTESIAN_POINT('',(431.19330182481,153.93706262547,
    -138.628678665));
#4506 = CARTESIAN_POINT('',(431.42395950682,154.98114367278,
    -138.5730290196));
#4507 = CARTESIAN_POINT('',(431.87470763357,155.83873307185,
    -138.9050618311));
#4508 = CARTESIAN_POINT('',(432.44783770302,156.67759025978,
    -139.3979872512));
#4509 = CARTESIAN_POINT('',(433.14732849413,157.41047132205,
    -140.0796357239));
#4510 = CARTESIAN_POINT('',(434.82344827903,158.40343066652,
    -141.8207865815));
#4511 = CARTESIAN_POINT('',(436.91942821282,158.62396822482,
    -143.9978757289));
#4512 = CARTESIAN_POINT('',(438.97759736832,157.82419592401,
    -146.121343689));
#4513 = CARTESIAN_POINT('',(440.33904162432,156.66290277432,
    -147.6100129948));
#4514 = CARTESIAN_POINT('',(441.22946461861,155.13538889053,
    -148.7635059652));
#4515 = CARTESIAN_POINT('',(441.48694585088,153.82575948577,
    -149.3614015201));
#4516 = CARTESIAN_POINT('',(441.46704817962,152.8394629539,
    -149.658663644));
#4517 = CARTESIAN_POINT('',(441.43948042585,152.5529384121,
    -149.7295730666));
#4518 = CARTESIAN_POINT('',(441.33035894275,151.95068171173,
    -149.8419916542));
#4519 = CARTESIAN_POINT('',(441.24513998366,151.63774022991,
    -149.8800629399));
#4520 = CARTESIAN_POINT('',(440.99056878713,150.95526034116,
    -149.9125766038));
#4521 = CARTESIAN_POINT('',(440.80983252102,150.59697260222,
    -149.8949881566));
#4522 = CARTESIAN_POINT('',(440.59407062217,150.26381213321,
    -149.8411792471));
#4523 = PCURVE('',#2648,#4524);
#4524 = DEFINITIONAL_REPRESENTATION('',(#4525),#4617);
#4525 = B_SPLINE_CURVE_WITH_KNOTS('',3,(#4526,#4527,#4528,#4529,#4530,
    #4531,#4532,#4533,#4534,#4535,#4536,#4537,#4538,#4539,#4540,#4541,
    #4542,#4543,#4544,#4545,#4546,#4547,#4548,#4549,#4550,#4551,#4552,
    #4553,#4554,#4555,#4556,#4557,#4558,#4559,#4560,#4561,#4562,#4563,
    #4564,#4565,#4566,#4567,#4568,#4569,#4570,#4571,#4572,#4573,#4574,
    #4575,#4576,#4577,#4578,#4579,#4580,#4581,#4582,#4583,#4584,#4585,
    #4586,#4587,#4588,#4589,#4590,#4591,#4592,#4593,#4594,#4595,#4596,
    #4597,#4598,#4599,#4600,#4601,#4602,#4603,#4604,#4605,#4606,#4607,
    #4608,#4609,#4610,#4611,#4612,#4613,#4614,#4615,#4616),
  .UNSPECIFIED.,.T.,.F.,(4,1,1,1,1,1,1,1,1,1,1,1,1,1,1,1,1,1,1,1,1,1,1,1
    ,1,1,1,1,1,1,1,1,1,1,1,1,1,1,1,1,1,1,1,1,1,1,1,1,1,1,1,1,1,1,1,1,1,1
    ,1,1,1,1,1,1,1,1,1,1,1,1,1,1,1,1,1,1,1,1,1,1,1,1,1,1,1,1,1,1,4),(0.,
    4.370792970029E-02,8.741585940057E-02,0.131123789101,0.174831718801,
    0.218539648501,0.262247578202,0.305955507902,0.349663437602,
    0.393371367303,0.437079297003,0.480787226703,0.524495156403,
    0.568203086104,0.611911015804,0.655618945504,0.699326875205,
    0.743034804905,0.786742734605,0.830450664305,0.874158594006,
    0.917866523706,0.961574453406,1.005282383107,1.048990312807,
    1.092698242507,1.136406172207,1.180114101908,1.223822031608,
    1.267529961308,1.311237891009,1.354945820709,1.398653750409,
    1.442361680109,1.48606960981,1.52977753951,1.57348546921,
    1.617193398911,1.660901328611,1.704609258311,1.748317188011,
    1.792025117712,1.835733047412,1.879440977112,1.923148906813,
    1.966856836513,2.010564766213,2.054272695913,2.097980625614,
    2.141688555314,2.185396485014,2.229104414715,2.272812344415,
    2.316520274115,2.360228203815,2.403936133516,2.447644063216,
    2.491351992916,2.535059922617,2.578767852317,2.622475782017,
    2.666183711717,2.709891641418,2.753599571118,2.797307500818,
    2.841015430519,2.884723360219,2.928431289919,2.972139219619,
    3.01584714932,3.05955507902,3.10326300872,3.146970938421,
    3.190678868121,3.234386797821,3.278094727521,3.321802657222,
    3.365510586922,3.409218516622,3.452926446323,3.496634376023,
    3.540342305723,3.584050235424,3.627758165124,3.671466094824,
    3.715174024524,3.758881954225,3.802589883925,3.846297813625),
  .QUASI_UNIFORM_KNOTS.);
#4526 = CARTESIAN_POINT('',(0.653452238833,1.327149934202));
#4527 = CARTESIAN_POINT('',(0.651742358201,1.327410399749));
#4528 = CARTESIAN_POINT('',(0.648046587898,1.327906119375));
#4529 = CARTESIAN_POINT('',(0.641781998623,1.328573002255));
#4530 = CARTESIAN_POINT('',(0.63490367121,1.329162138311));
#4531 = CARTESIAN_POINT('',(0.627518442996,1.329672435649));
#4532 = CARTESIAN_POINT('',(0.619733751583,1.330102730344));
#4533 = CARTESIAN_POINT('',(0.611653847782,1.330451985784));
#4534 = CARTESIAN_POINT('',(0.603393333769,1.330718550708));
#4535 = CARTESIAN_POINT('',(0.595038304952,1.330915725785));
#4536 = CARTESIAN_POINT('',(0.586606724691,1.33104606873));
#4537 = CARTESIAN_POINT('',(0.578131094647,1.331114019228));
#4538 = CARTESIAN_POINT('',(0.569640168547,1.331123513466));
#4539 = CARTESIAN_POINT('',(0.561163975232,1.331078647626));
#4540 = CARTESIAN_POINT('',(0.55273165901,1.330983420047));
#4541 = CARTESIAN_POINT('',(0.544374632712,1.330842108784));
#4542 = CARTESIAN_POINT('',(0.536111831822,1.330657575875));
#4543 = CARTESIAN_POINT('',(0.527955049641,1.330431847923));
#4544 = CARTESIAN_POINT('',(0.51991796457,1.330167156452));
#4545 = CARTESIAN_POINT('',(0.512013946091,1.329865685496));
#4546 = CARTESIAN_POINT('',(0.504256578193,1.329529649791));
#4547 = CARTESIAN_POINT('',(0.496659622114,1.32916123763));
#4548 = CARTESIAN_POINT('',(0.489236513585,1.32876276403));
#4549 = CARTESIAN_POINT('',(0.482002977302,1.328335924412));
#4550 = CARTESIAN_POINT('',(0.474976292135,1.327882033847));
#4551 = CARTESIAN_POINT('',(0.468173579554,1.327402507281));
#4552 = CARTESIAN_POINT('',(0.461612209853,1.326898742487));
#4553 = CARTESIAN_POINT('',(0.455309583714,1.326372161131));
#4554 = CARTESIAN_POINT('',(0.449283485987,1.325824163413));
#4555 = CARTESIAN_POINT('',(0.443550789944,1.325256269949));
#4556 = CARTESIAN_POINT('',(0.438133791241,1.324669426702));
#4557 = CARTESIAN_POINT('',(0.433058391459,1.324064211134));
#4558 = CARTESIAN_POINT('',(0.428349789558,1.323441303297));
#4559 = CARTESIAN_POINT('',(0.424033673876,1.322801354811));
#4560 = CARTESIAN_POINT('',(0.420135196602,1.32214509564));
#4561 = CARTESIAN_POINT('',(0.416681801928,1.321473039762));
#4562 = CARTESIAN_POINT('',(0.413692866131,1.320786557229));
#4563 = CARTESIAN_POINT('',(0.411151387224,1.320059642125));
#4564 = CARTESIAN_POINT('',(0.409184067939,1.31929818728));
#4565 = CARTESIAN_POINT('',(0.407903763327,1.318502585802));
#4566 = CARTESIAN_POINT('',(0.407426757359,1.317679949485));
#4567 = CARTESIAN_POINT('',(0.407956524553,1.316838498648));
#4568 = CARTESIAN_POINT('',(0.409551589949,1.316003411868));
#4569 = CARTESIAN_POINT('',(0.412117285507,1.315196188651));
#4570 = CARTESIAN_POINT('',(0.415608988766,1.314441716437));
#4571 = CARTESIAN_POINT('',(0.41992070894,1.31375198941));
#4572 = CARTESIAN_POINT('',(0.424891262353,1.313126642696));
#4573 = CARTESIAN_POINT('',(0.43039803554,1.312568245451));
#4574 = CARTESIAN_POINT('',(0.436209922355,1.312077134612));
#4575 = CARTESIAN_POINT('',(0.44226065807,1.311645962315));
#4576 = CARTESIAN_POINT('',(0.448568151745,1.311268470805));
#4577 = CARTESIAN_POINT('',(0.455127715453,1.310938338535));
#4578 = CARTESIAN_POINT('',(0.461942307367,1.310648452666));
#4579 = CARTESIAN_POINT('',(0.469006448015,1.310396037266));
#4580 = CARTESIAN_POINT('',(0.476309493451,1.310181953019));
#4581 = CARTESIAN_POINT('',(0.483842168045,1.310006252679));
#4582 = CARTESIAN_POINT('',(0.491595419909,1.309869193662));
#4583 = CARTESIAN_POINT('',(0.499559596432,1.309770993103));
#4584 = CARTESIAN_POINT('',(0.507701512663,1.309712388395));
#4585 = CARTESIAN_POINT('',(0.515988764406,1.30969408956));
#4586 = CARTESIAN_POINT('',(0.524388706163,1.309716809132));
#4587 = CARTESIAN_POINT('',(0.5328687763,1.309781255574));
#4588 = CARTESIAN_POINT('',(0.541396469334,1.309888136596));
#4589 = CARTESIAN_POINT('',(0.549939407782,1.310038159556));
#4590 = CARTESIAN_POINT('',(0.558465391197,1.310232033797));
#4591 = CARTESIAN_POINT('',(0.566942445893,1.310470468378));
#4592 = CARTESIAN_POINT('',(0.575338889475,1.310754186521));
#4593 = CARTESIAN_POINT('',(0.583622014943,1.311084014395));
#4594 = CARTESIAN_POINT('',(0.591759191048,1.311460831378));
#4595 = CARTESIAN_POINT('',(0.599716436382,1.311885323838));
#4596 = CARTESIAN_POINT('',(0.607464016751,1.312358931878));
#4597 = CARTESIAN_POINT('',(0.614949745793,1.312879284264));
#4598 = CARTESIAN_POINT('',(0.622104626759,1.313441216526));
#4599 = CARTESIAN_POINT('',(0.628863508602,1.314040257144));
#4600 = CARTESIAN_POINT('',(0.635158741708,1.314671664921));
#4601 = CARTESIAN_POINT('',(0.640927848628,1.315331234359));
#4602 = CARTESIAN_POINT('',(0.646177123668,1.316021160691));
#4603 = CARTESIAN_POINT('',(0.650909697186,1.316743338972));
#4604 = CARTESIAN_POINT('',(0.65512649205,1.31749956376));
#4605 = CARTESIAN_POINT('',(0.65883944965,1.318292338396));
#4606 = CARTESIAN_POINT('',(0.662000786175,1.319120376801));
#4607 = CARTESIAN_POINT('',(0.664520928825,1.319980029101));
#4608 = CARTESIAN_POINT('',(0.666321800001,1.320867545279));
#4609 = CARTESIAN_POINT('',(0.667314829585,1.321781717966));
#4610 = CARTESIAN_POINT('',(0.667442258845,1.322711193793));
#4611 = CARTESIAN_POINT('',(0.666637433308,1.323648159959));
#4612 = CARTESIAN_POINT('',(0.664854830739,1.324574824757));
#4613 = CARTESIAN_POINT('',(0.662054448664,1.32548430417));
#4614 = CARTESIAN_POINT('',(0.658287388327,1.326348314229));
#4615 = CARTESIAN_POINT('',(0.655161257505,1.326889862139));
#4616 = CARTESIAN_POINT('',(0.653452238833,1.327149934202));
#4617 = ( GEOMETRIC_REPRESENTATION_CONTEXT(2) 
PARAMETRIC_REPRESENTATION_CONTEXT() REPRESENTATION_CONTEXT('2D SPACE',''
  ) );
#4618 = PCURVE('',#4619,#4740);
#4619 = B_SPLINE_SURFACE_WITH_KNOTS('',3,3,(
    (#4620,#4621,#4622,#4623,#4624,#4625,#4626,#4627,#4628,#4629,#4630
      ,#4631,#4632,#4633,#4634,#4635,#4636,#4637,#4638,#4639,#4640,#4641
      ,#4642,#4643,#4644,#4645,#4646,#4647,#4648,#4649)
    ,(#4650,#4651,#4652,#4653,#4654,#4655,#4656,#4657,#4658,#4659,#4660
      ,#4661,#4662,#4663,#4664,#4665,#4666,#4667,#4668,#4669,#4670,#4671
      ,#4672,#4673,#4674,#4675,#4676,#4677,#4678,#4679)
    ,(#4680,#4681,#4682,#4683,#4684,#4685,#4686,#4687,#4688,#4689,#4690
      ,#4691,#4692,#4693,#4694,#4695,#4696,#4697,#4698,#4699,#4700,#4701
      ,#4702,#4703,#4704,#4705,#4706,#4707,#4708,#4709)
    ,(#4710,#4711,#4712,#4713,#4714,#4715,#4716,#4717,#4718,#4719,#4720
      ,#4721,#4722,#4723,#4724,#4725,#4726,#4727,#4728,#4729,#4730,#4731
      ,#4732,#4733,#4734,#4735,#4736,#4737,#4738,#4739
  )),.UNSPECIFIED.,.F.,.T.,.F.,(4,4),(1,3,2,2,2,1,1,1,1,1,1,2,1,2,2,2,1,
    1,1,2,3,1),(0.,1.),(-4.124778133052,-3.846297813625,-3.74294253519,
    -3.658221157927,-3.579984284126,-3.383621247565,-3.187258211004,
    -2.990895174443,-2.794532137882,-2.40180606476,-2.205443028199,
    -2.009079991638,-1.857259246581,-1.705438501525,-1.630287285904,
    -1.503988707404,-1.19761161041,-0.891234513415,-0.584857416421,
    -0.278480319427,0.,0.103355278435),.UNSPECIFIED.);
#4620 = CARTESIAN_POINT('',(440.59407062217,150.26381213321,
    -149.8411792471));
#4621 = CARTESIAN_POINT('',(440.80983252102,150.59697260222,
    -149.8949881566));
#4622 = CARTESIAN_POINT('',(440.99056878713,150.95526034116,
    -149.9125766038));
#4623 = CARTESIAN_POINT('',(441.24513998366,151.63774022991,
    -149.8800629399));
#4624 = CARTESIAN_POINT('',(441.33035894275,151.95068171173,
    -149.8419916542));
#4625 = CARTESIAN_POINT('',(441.43948042585,152.5529384121,
    -149.7295730666));
#4626 = CARTESIAN_POINT('',(441.46704817962,152.8394629539,
    -149.658663644));
#4627 = CARTESIAN_POINT('',(441.48694585088,153.82575948577,
    -149.3614015201));
#4628 = CARTESIAN_POINT('',(441.22946461861,155.13538889053,
    -148.7635059652));
#4629 = CARTESIAN_POINT('',(440.33904162432,156.66290277432,
    -147.6100129948));
#4630 = CARTESIAN_POINT('',(438.97759736832,157.82419592401,
    -146.121343689));
#4631 = CARTESIAN_POINT('',(436.91942821282,158.62396822482,
    -143.9978757289));
#4632 = CARTESIAN_POINT('',(434.82344827903,158.40343066652,
    -141.8207865815));
#4633 = CARTESIAN_POINT('',(433.14732849413,157.41047132205,
    -140.0796357239));
#4634 = CARTESIAN_POINT('',(432.44783770302,156.67759025978,
    -139.3979872512));
#4635 = CARTESIAN_POINT('',(431.87470763357,155.83873307185,
    -138.9050618311));
#4636 = CARTESIAN_POINT('',(431.42395950682,154.98114367278,
    -138.5730290196));
#4637 = CARTESIAN_POINT('',(431.19330182481,153.93706262547,
    -138.628678665));
#4638 = CARTESIAN_POINT('',(431.12976474345,153.21171236741,
    -138.8162884983));
#4639 = CARTESIAN_POINT('',(431.12407508488,152.98068280317,
    -138.8981495549));
#4640 = CARTESIAN_POINT('',(431.14276814915,152.39079839793,
    -139.1571634365));
#4641 = CARTESIAN_POINT('',(431.18900824391,152.05294133063,
    -139.3588994991));
#4642 = CARTESIAN_POINT('',(431.421467179,151.00170512404,
    -140.1112977798));
#4643 = CARTESIAN_POINT('',(432.03015783159,149.69694259905,
    -141.4986335207));
#4644 = CARTESIAN_POINT('',(433.61311310883,148.29537553606,
    -144.0337473489));
#4645 = CARTESIAN_POINT('',(435.76405574854,147.62341953045,
    -146.6146630812));
#4646 = CARTESIAN_POINT('',(437.51134490394,147.89193361184,
    -148.1252103955));
#4647 = CARTESIAN_POINT('',(439.2013980437,148.70558712947,
    -149.2840542514));
#4648 = CARTESIAN_POINT('',(440.01272205998,149.36614502576,
    -149.6961965956));
#4649 = CARTESIAN_POINT('',(440.59407062217,150.26381213321,
    -149.8411792471));
#4650 = CARTESIAN_POINT('',(440.48595143967,150.38684695927,
    -149.5206972051));
#4651 = CARTESIAN_POINT('',(440.68318210802,150.69549966872,
    -149.5708851562));
#4652 = CARTESIAN_POINT('',(440.84882814992,151.02608265479,
    -149.5875845843));
#4653 = CARTESIAN_POINT('',(441.08441964766,151.65621614165,
    -149.5582250141));
#4654 = CARTESIAN_POINT('',(441.16431812351,151.94550375429,
    -149.5232265532));
#4655 = CARTESIAN_POINT('',(441.26908998893,152.5038253889,
    -149.4191204913));
#4656 = CARTESIAN_POINT('',(441.29704440417,152.77058804141,
    -149.353065764));
#4657 = CARTESIAN_POINT('',(441.32570866751,153.69113899644,
    -149.0753012704));
#4658 = CARTESIAN_POINT('',(441.1044966996,154.93040179555,
    -148.510434858));
#4659 = CARTESIAN_POINT('',(440.28849296344,156.40974391089,
    -147.4033978684));
#4660 = CARTESIAN_POINT('',(439.00405555335,157.56582560401,
    -145.9588019677));
#4661 = CARTESIAN_POINT('',(437.02419796423,158.40163644758,
    -143.883702626));
#4662 = CARTESIAN_POINT('',(434.9604416146,158.24830735393,
    -141.7425261772));
#4663 = CARTESIAN_POINT('',(433.27881664052,157.31610703267,
    -140.0264671278));
#4664 = CARTESIAN_POINT('',(432.56936683865,156.60895610224,
    -139.3542321478));
#4665 = CARTESIAN_POINT('',(431.98604966317,155.79107269971,
    -138.8684775252));
#4666 = CARTESIAN_POINT('',(431.52643657894,154.94885225651,
    -138.5412945338));
#4667 = CARTESIAN_POINT('',(431.29866695339,153.91431226581,
    -138.5971115877));
#4668 = CARTESIAN_POINT('',(431.2437065247,153.1956175116,
    -138.7826934732));
#4669 = CARTESIAN_POINT('',(431.24114761147,152.96689651616,
    -138.8637205628));
#4670 = CARTESIAN_POINT('',(431.26990275344,152.38333073906,
    -139.1197713838));
#4671 = CARTESIAN_POINT('',(431.32316029337,152.04991226919,
    -139.3192155552));
#4672 = CARTESIAN_POINT('',(431.57963861425,151.01519070265,
    -140.0625281827));
#4673 = CARTESIAN_POINT('',(432.22339239221,149.74226723176,
    -141.432957491));
#4674 = CARTESIAN_POINT('',(433.83195871378,148.4107556543,
    -143.9291810014));
#4675 = CARTESIAN_POINT('',(435.95907072003,147.82041794742,
    -146.4523163404));
#4676 = CARTESIAN_POINT('',(437.63164905518,148.12624440109,
    -147.9045835767));
#4677 = CARTESIAN_POINT('',(439.21291925796,148.92955300894,
    -149.0024929456));
#4678 = CARTESIAN_POINT('',(439.95547758972,149.55662448009,
    -149.3855116637));
#4679 = CARTESIAN_POINT('',(440.48595143967,150.38684695927,
    -149.5206972051));
#4680 = CARTESIAN_POINT('',(440.37783225717,150.50988178534,
    -149.2002151631));
#4681 = CARTESIAN_POINT('',(440.5566101923,150.7940437358,-149.246822504
    ));
#4682 = CARTESIAN_POINT('',(440.70712163682,151.09681328477,
    -149.2626254053));
#4683 = CARTESIAN_POINT('',(440.92369988436,151.67474162356,
    -149.2363676997));
#4684 = CARTESIAN_POINT('',(440.99834888349,151.94012599646,
    -149.2045260557));
#4685 = CARTESIAN_POINT('',(441.0986554495,152.45489848894,
    -149.1085956224));
#4686 = CARTESIAN_POINT('',(441.12718702119,152.70117614328,
    -149.0476322289));
#4687 = CARTESIAN_POINT('',(441.16406451075,153.5580763114,-148.78865548
    ));
#4688 = CARTESIAN_POINT('',(440.98000135723,154.72497781251,
    -148.2575150276));
#4689 = CARTESIAN_POINT('',(440.23782330617,156.15713346541,
    -147.1965625124));
#4690 = CARTESIAN_POINT('',(439.03114304694,157.30791637265,
    -145.7963112109));
#4691 = CARTESIAN_POINT('',(437.12955353544,158.17950392822,
    -143.7695657166));
#4692 = CARTESIAN_POINT('',(435.0966593196,158.0930625349,
    -141.6643366534));
#4693 = CARTESIAN_POINT('',(433.41075825407,157.22148380946,
    -139.9731518485));
#4694 = CARTESIAN_POINT('',(432.69050454061,156.54056372354,
    -139.3106071255));
#4695 = CARTESIAN_POINT('',(432.09778051169,155.74300295263,
    -138.8317017173));
#4696 = CARTESIAN_POINT('',(431.62844986163,154.91671964383,
    -138.5096776498));
#4697 = CARTESIAN_POINT('',(431.40471211827,153.89118335119,
    -138.5653008141));
#4698 = CARTESIAN_POINT('',(431.35680474507,153.17956796568,
    -138.7492361204));
#4699 = CARTESIAN_POINT('',(431.35797135261,152.9529712038,
    -138.8292626605));
#4700 = CARTESIAN_POINT('',(431.39640061626,152.37587273799,
    -139.082492118));
#4701 = CARTESIAN_POINT('',(431.45701581663,152.04673112089,
    -139.2794757337));
#4702 = CARTESIAN_POINT('',(431.73711975237,151.02873387597,
    -140.013933889));
#4703 = CARTESIAN_POINT('',(432.41629969595,149.7871264622,
    -141.3672698194));
#4704 = CARTESIAN_POINT('',(434.05004169635,148.5261061034,
    -143.824435412));
#4705 = CARTESIAN_POINT('',(436.15381402687,148.01609633304,
    -146.2902868536));
#4706 = CARTESIAN_POINT('',(437.75009312474,148.36122650756,
    -147.6828525497));
#4707 = CARTESIAN_POINT('',(439.22502067089,149.15159457617,
    -148.7218336987));
#4708 = CARTESIAN_POINT('',(439.89518904539,149.74282526385,
    -149.0745956034));
#4709 = CARTESIAN_POINT('',(440.37783225717,150.50988178534,
    -149.2002151631));
#4710 = CARTESIAN_POINT('',(440.26971307467,150.63291661141,
    -148.8797331211));
#4711 = CARTESIAN_POINT('',(440.42995977929,150.8925708023,
    -148.9227195036));
#4712 = CARTESIAN_POINT('',(440.5653809996,151.1676355984,
    -148.9376333858));
#4713 = CARTESIAN_POINT('',(440.76297954836,151.69321753529,
    -148.914529774));
#4714 = CARTESIAN_POINT('',(440.83230806425,151.93494803902,
    -148.8857609547));
#4715 = CARTESIAN_POINT('',(440.92826501258,152.40578546574,
    -148.798143047));
#4716 = CARTESIAN_POINT('',(440.95718324575,152.63230123079,
    -148.7420343489));
#4717 = CARTESIAN_POINT('',(441.00282732738,153.42345582206,
    -148.5025552303));
#4718 = CARTESIAN_POINT('',(440.85503343822,154.51999071754,
    -148.0044439204));
#4719 = CARTESIAN_POINT('',(440.18727464529,155.90397460198,
    -146.9899473861));
#4720 = CARTESIAN_POINT('',(439.05760123198,157.04954605265,
    -145.6337694897));
#4721 = CARTESIAN_POINT('',(437.23432328685,157.95717215098,
    -143.6553926137));
#4722 = CARTESIAN_POINT('',(435.23365265518,157.93793922232,
    -141.5860762491));
#4723 = CARTESIAN_POINT('',(433.54224640046,157.12711952008,
    -139.9199832524));
#4724 = CARTESIAN_POINT('',(432.81203367624,156.471929566,
    -139.2668520222));
#4725 = CARTESIAN_POINT('',(432.20912254129,155.69534258049,
    -138.7951174113));
#4726 = CARTESIAN_POINT('',(431.73092693374,154.88442822755,
    -138.4779431639));
#4727 = CARTESIAN_POINT('',(431.51007724685,153.86843299153,
    -138.5337337368));
#4728 = CARTESIAN_POINT('',(431.47074652632,153.16347310987,
    -138.7156410953));
#4729 = CARTESIAN_POINT('',(431.4750438792,152.93918491679,
    -138.7948336685));
#4730 = CARTESIAN_POINT('',(431.52353522055,152.36840507912,
    -139.0451000653));
#4731 = CARTESIAN_POINT('',(431.5911678661,152.04370205946,
    -139.2397917899));
#4732 = CARTESIAN_POINT('',(431.89529118761,151.04221945459,
    -139.965164292));
#4733 = CARTESIAN_POINT('',(432.60953425657,149.83245109492,
    -141.3015937898));
#4734 = CARTESIAN_POINT('',(434.2688873013,148.64148622163,
    -143.7198690646));
#4735 = CARTESIAN_POINT('',(436.34882899837,148.21309475001,
    -146.1279401128));
#4736 = CARTESIAN_POINT('',(437.87039727598,148.59553729681,
    -147.4622257309));
#4737 = CARTESIAN_POINT('',(439.23654188515,149.37556045563,
    -148.4402723929));
#4738 = CARTESIAN_POINT('',(439.83794457513,149.93330471818,
    -148.7639106715));
#4739 = CARTESIAN_POINT('',(440.26971307467,150.63291661141,
    -148.8797331211));
#4740 = DEFINITIONAL_REPRESENTATION('',(#4741),#4745);
#4741 = LINE('',#4742,#4743);
#4742 = CARTESIAN_POINT('',(1.46E-14,0.));
#4743 = VECTOR('',#4744,1.);
#4744 = DIRECTION('',(0.,-1.));
#4745 = ( GEOMETRIC_REPRESENTATION_CONTEXT(2) 
PARAMETRIC_REPRESENTATION_CONTEXT() REPRESENTATION_CONTEXT('2D SPACE',''
  ) );
#4746 = FACE_BOUND('',#4747,.T.);
#4747 = EDGE_LOOP('',(#4748,#4784));
#4748 = ORIENTED_EDGE('',*,*,#4749,.T.);
#4749 = EDGE_CURVE('',#4750,#4752,#4754,.T.);
#4750 = VERTEX_POINT('',#4751);
#4751 = CARTESIAN_POINT('',(430.2102460455,135.687,-143.92));
#4752 = VERTEX_POINT('',#4753);
#4753 = CARTESIAN_POINT('',(430.06044347257,134.78242910418,
    -144.0173801649));
#4754 = SURFACE_CURVE('',#4755,(#4761,#4770),.PCURVE_S1.);
#4755 = B_SPLINE_CURVE_WITH_KNOTS('',4,(#4756,#4757,#4758,#4759,#4760),
  .UNSPECIFIED.,.F.,.F.,(5,5),(0.,1.),.PIECEWISE_BEZIER_KNOTS.);
#4756 = CARTESIAN_POINT('',(430.2102460455,135.687,-143.92));
#4757 = CARTESIAN_POINT('',(430.15662097404,135.46491420628,-143.92));
#4758 = CARTESIAN_POINT('',(430.112887798,135.23825440644,-143.935452047
    ));
#4759 = CARTESIAN_POINT('',(430.08053508842,135.00950371918,
    -143.9679161889));
#4760 = CARTESIAN_POINT('',(430.06044347257,134.78242910418,
    -144.0173801649));
#4761 = PCURVE('',#2648,#4762);
#4762 = DEFINITIONAL_REPRESENTATION('',(#4763),#4769);
#4763 = B_SPLINE_CURVE_WITH_KNOTS('',4,(#4764,#4765,#4766,#4767,#4768),
  .UNSPECIFIED.,.F.,.F.,(5,5),(0.,1.),.PIECEWISE_BEZIER_KNOTS.);
#4764 = CARTESIAN_POINT('',(0.425588679104,1.353089795254));
#4765 = CARTESIAN_POINT('',(0.424545458432,1.353512067086));
#4766 = CARTESIAN_POINT('',(0.423809812169,1.353947713654));
#4767 = CARTESIAN_POINT('',(0.423424412648,1.354392445838));
#4768 = CARTESIAN_POINT('',(0.423406397435,1.354839004399));
#4769 = ( GEOMETRIC_REPRESENTATION_CONTEXT(2) 
PARAMETRIC_REPRESENTATION_CONTEXT() REPRESENTATION_CONTEXT('2D SPACE',''
  ) );
#4770 = PCURVE('',#4771,#4776);
#4771 = CYLINDRICAL_SURFACE('',#4772,4.25);
#4772 = AXIS2_PLACEMENT_3D('',#4773,#4774,#4775);
#4773 = CARTESIAN_POINT('',(412.17449300378,135.687,-148.17));
#4774 = DIRECTION('',(1.,0.,0.));
#4775 = DIRECTION('',(0.,0.,1.));
#4776 = DEFINITIONAL_REPRESENTATION('',(#4777),#4783);
#4777 = B_SPLINE_CURVE_WITH_KNOTS('',4,(#4778,#4779,#4780,#4781,#4782),
  .UNSPECIFIED.,.F.,.F.,(5,5),(0.,1.),.PIECEWISE_BEZIER_KNOTS.);
#4778 = CARTESIAN_POINT('',(-6.28318530718,18.035753041718));
#4779 = CARTESIAN_POINT('',(-6.230929826306,17.982127970253));
#4780 = CARTESIAN_POINT('',(-6.177600830276,17.93839479422));
#4781 = CARTESIAN_POINT('',(-6.123386703059,17.906042084636));
#4782 = CARTESIAN_POINT('',(-6.068704448478,17.885950468791));
#4783 = ( GEOMETRIC_REPRESENTATION_CONTEXT(2) 
PARAMETRIC_REPRESENTATION_CONTEXT() REPRESENTATION_CONTEXT('2D SPACE',''
  ) );
#4784 = ORIENTED_EDGE('',*,*,#4785,.T.);
#4785 = EDGE_CURVE('',#4752,#4750,#4786,.T.);
#4786 = SURFACE_CURVE('',#4787,(#4909,#5034),.PCURVE_S1.);
#4787 = B_SPLINE_CURVE_WITH_KNOTS('',8,(#4788,#4789,#4790,#4791,#4792,
    #4793,#4794,#4795,#4796,#4797,#4798,#4799,#4800,#4801,#4802,#4803,
    #4804,#4805,#4806,#4807,#4808,#4809,#4810,#4811,#4812,#4813,#4814,
    #4815,#4816,#4817,#4818,#4819,#4820,#4821,#4822,#4823,#4824,#4825,
    #4826,#4827,#4828,#4829,#4830,#4831,#4832,#4833,#4834,#4835,#4836,
    #4837,#4838,#4839,#4840,#4841,#4842,#4843,#4844,#4845,#4846,#4847,
    #4848,#4849,#4850,#4851,#4852,#4853,#4854,#4855,#4856,#4857,#4858,
    #4859,#4860,#4861,#4862,#4863,#4864,#4865,#4866,#4867,#4868,#4869,
    #4870,#4871,#4872,#4873,#4874,#4875,#4876,#4877,#4878,#4879,#4880,
    #4881,#4882,#4883,#4884,#4885,#4886,#4887,#4888,#4889,#4890,#4891,
    #4892,#4893,#4894,#4895,#4896,#4897,#4898,#4899,#4900,#4901,#4902,
    #4903,#4904,#4905,#4906,#4907,#4908),.UNSPECIFIED.,.F.,.F.,(9,7,7,7,
    7,7,7,7,7,7,7,7,7,7,7,7,7,9),(0.,6.528886148035E-02,0.145760713203,
    0.186143960544,0.307085699277,0.346846909543,0.389045809904,
    0.465773250718,0.518881618941,0.566347729516,0.622274971325,
    0.680544238283,0.737709222807,0.850522189602,0.89163522305,
    0.940215836979,0.96589422466,1.),.UNSPECIFIED.);
#4788 = CARTESIAN_POINT('',(430.06044347257,134.78242910418,
    -144.0173801649));
#4789 = CARTESIAN_POINT('',(430.03544169022,134.49985998949,
    -144.0789325842));
#4790 = CARTESIAN_POINT('',(430.02662995393,134.21877332172,
    -144.1631796271));
#4791 = CARTESIAN_POINT('',(430.03513351168,133.94452576631,
    -144.2698944355));
#4792 = CARTESIAN_POINT('',(430.06095084051,133.68123583455,
    -144.3974705052));
#4793 = CARTESIAN_POINT('',(430.10344572936,133.43209279055,
    -144.5434925362));
#4794 = CARTESIAN_POINT('',(430.16149165909,133.19948285511,
    -144.7050022326));
#4795 = CARTESIAN_POINT('',(430.2334628806,132.98502926965,
    -144.8786205627));
#4796 = CARTESIAN_POINT('',(430.42055894063,132.54881897407,
    -145.2850953856));
#4797 = CARTESIAN_POINT('',(430.54203687398,132.33647160997,
    -145.5227949113));
#4798 = CARTESIAN_POINT('',(430.67888520153,132.15222103011,
    -145.7691516582));
#4799 = CARTESIAN_POINT('',(430.8284536535,131.99476404917,
    -146.0202322589));
#4800 = CARTESIAN_POINT('',(430.98837519978,131.86229693143,
    -146.2729322229));
#4801 = CARTESIAN_POINT('',(431.15667792367,131.7527979574,
    -146.5250013237));
#4802 = CARTESIAN_POINT('',(431.33190223994,131.66424964438,
    -146.7750185179));
#4803 = CARTESIAN_POINT('',(431.60423372013,131.56006920558,
    -147.1464953858));
#4804 = CARTESIAN_POINT('',(431.69672784332,131.53010375791,
    -147.2698928551));
#4805 = CARTESIAN_POINT('',(431.79058064578,131.50476539071,
    -147.3924399689));
#4806 = CARTESIAN_POINT('',(431.88566719227,131.48385026936,
    -147.5140336983));
#4807 = CARTESIAN_POINT('',(431.9818748019,131.46716905362,
    -147.6345875818));
#4808 = CARTESIAN_POINT('',(432.07910326714,131.4545462784,
    -147.7540310044));
#4809 = CARTESIAN_POINT('',(432.17726507288,131.44581973452,
    -147.8723084772));
#4810 = CARTESIAN_POINT('',(432.57283721509,131.42592584428,
    -148.3399872346));
#4811 = CARTESIAN_POINT('',(432.87679516983,131.44463240394,
    -148.679419353));
#4812 = CARTESIAN_POINT('',(433.18643814012,131.49282922974,
    -149.006968578));
#4813 = CARTESIAN_POINT('',(433.50027416684,131.56774083979,
    -149.3219819805));
#4814 = CARTESIAN_POINT('',(433.81700523917,131.66715191768,
    -149.6240169569));
#4815 = CARTESIAN_POINT('',(434.13554672387,131.78951763823,
    -149.9127656518));
#4816 = CARTESIAN_POINT('',(434.45502638167,131.9338562927,
    -150.1880366556));
#4817 = CARTESIAN_POINT('',(434.87991209689,132.15475367526,
    -150.5356116627));
#4818 = CARTESIAN_POINT('',(434.98503958164,132.21176108467,
    -150.620105757));
#4819 = CARTESIAN_POINT('',(435.09013499913,132.27111075856,
    -150.7030814383));
#4820 = CARTESIAN_POINT('',(435.19516173319,132.33279941678,
    -150.784520586));
#4821 = CARTESIAN_POINT('',(435.30008109427,132.39683050597,
    -150.864401609));
#4822 = CARTESIAN_POINT('',(435.40485223923,132.46321471102,
    -150.9426991604));
#4823 = CARTESIAN_POINT('',(435.50943156754,132.53197156638,
    -151.0193842265));
#4824 = CARTESIAN_POINT('',(435.72450852429,132.67865550013,
    -151.1740655495));
#4825 = CARTESIAN_POINT('',(435.83497186705,132.75688352928,
    -151.2518508954));
#4826 = CARTESIAN_POINT('',(435.94510765697,132.83785403119,
    -151.3277434298));
#4827 = CARTESIAN_POINT('',(436.05485298526,132.92161526068,
    -151.4016960578));
#4828 = CARTESIAN_POINT('',(436.16413571014,133.00822653249,
    -151.4736518304));
#4829 = CARTESIAN_POINT('',(436.2728736937,133.09776061188,
    -151.543543056));
#4830 = CARTESIAN_POINT('',(436.38097356524,133.19030791434,
    -151.6112894826));
#4831 = CARTESIAN_POINT('',(436.68352624439,133.45994124724,
    -151.7959008572));
#4832 = CARTESIAN_POINT('',(436.8758230145,133.64384843674,
    -151.9073311468));
#4833 = CARTESIAN_POINT('',(437.0650875277,133.83873592511,
    -152.0108698647));
#4834 = CARTESIAN_POINT('',(437.2505955379,134.0456914671,
    -152.1057667789));
#4835 = CARTESIAN_POINT('',(437.43108331785,134.26575242412,
    -152.1908702663));
#4836 = CARTESIAN_POINT('',(437.60455741013,134.50017299549,
    -152.2644404938));
#4837 = CARTESIAN_POINT('',(437.76842974253,134.7501940368,
    -152.3243568787));
#4838 = CARTESIAN_POINT('',(438.02277279979,135.20412649545,
    -152.396663477));
#4839 = CARTESIAN_POINT('',(438.1202849464,135.3984956965,
    -152.4179986209));
#4840 = CARTESIAN_POINT('',(438.20977624507,135.60209904935,
    -152.4298716007));
#4841 = CARTESIAN_POINT('',(438.28899288814,135.81481987302,
    -152.4306741262));
#4842 = CARTESIAN_POINT('',(438.35509719527,136.03578398356,
    -152.4185856335));
#4843 = CARTESIAN_POINT('',(438.40503317638,136.2632028137,
    -152.3919097764));
#4844 = CARTESIAN_POINT('',(438.43597712345,136.49414343403,
    -152.349365011));
#4845 = CARTESIAN_POINT('',(438.45688866882,136.92903026067,
    -152.2399695112));
#4846 = CARTESIAN_POINT('',(438.45083985294,137.13280615866,
    -152.1762898204));
#4847 = CARTESIAN_POINT('',(438.42829867563,137.33082237354,
    -152.1013283613));
#4848 = CARTESIAN_POINT('',(438.39043770153,137.5204465722,
    -152.0166646053));
#4849 = CARTESIAN_POINT('',(438.33922015095,137.70012480688,
    -151.9241263922));
#4850 = CARTESIAN_POINT('',(438.2768451628,137.86906162737,
    -151.8255066632));
#4851 = CARTESIAN_POINT('',(438.20543742319,138.02704354175,
    -151.7224177701));
#4852 = CARTESIAN_POINT('',(438.03419726077,138.3477818249,
    -151.4909215541));
#4853 = CARTESIAN_POINT('',(437.93132134386,138.50683133642,
    -151.3609444879));
#4854 = CARTESIAN_POINT('',(437.82047491325,138.65280267265,
    -151.227437744));
#4855 = CARTESIAN_POINT('',(437.70341233435,138.786741097,
    -151.0913476171));
#4856 = CARTESIAN_POINT('',(437.58149984327,138.90960177859,
    -150.9533830103));
#4857 = CARTESIAN_POINT('',(437.4557470651,139.02229368812,
    -150.814014327));
#4858 = CARTESIAN_POINT('',(437.3268005207,139.12564851298,
    -150.6734550009));
#4859 = CARTESIAN_POINT('',(437.05761023503,139.31917143945,
    -150.3839125079));
#4860 = CARTESIAN_POINT('',(436.91734445162,139.40844382582,
    -150.2350651295));
#4861 = CARTESIAN_POINT('',(436.77473916334,139.48899935171,
    -150.0852843989));
#4862 = CARTESIAN_POINT('',(436.63024433924,139.56137859766,
    -149.9347249578));
#4863 = CARTESIAN_POINT('',(436.48422250847,139.62600759291,
    -149.7835167773));
#4864 = CARTESIAN_POINT('',(436.33696201816,139.6832342784,
    -149.6317603643));
#4865 = CARTESIAN_POINT('',(436.18868114687,139.73333502273,
    -149.4795232381));
#4866 = CARTESIAN_POINT('',(435.89321344243,139.81889908231,
    -149.1770466325));
#4867 = CARTESIAN_POINT('',(435.7460969801,139.85461069129,
    -149.0268632542));
#4868 = CARTESIAN_POINT('',(435.59835694904,139.88386139242,
    -148.8763510345));
#4869 = CARTESIAN_POINT('',(435.4501461556,139.9067914286,
    -148.7255807109));
#4870 = CARTESIAN_POINT('',(435.3016010318,139.92349659248,
    -148.5746281693));
#4871 = CARTESIAN_POINT('',(435.15284376216,139.9340381513,
    -148.4235726799));
#4872 = CARTESIAN_POINT('',(435.00398340581,139.93844714362,
    -148.2724959264));
#4873 = CARTESIAN_POINT('',(434.56133176204,139.93332061037,
    -147.8234611364));
#4874 = CARTESIAN_POINT('',(434.26769132788,139.90603483617,
    -147.5258580433));
#4875 = CARTESIAN_POINT('',(433.97480101044,139.854912533,
    -147.2291818778));
#4876 = CARTESIAN_POINT('',(433.68337962016,139.77948012117,
    -146.9342864035));
#4877 = CARTESIAN_POINT('',(433.3942557359,139.67898930916,
    -146.6423307717));
#4878 = CARTESIAN_POINT('',(433.10836151728,139.55241464241,
    -146.3548161497));
#4879 = CARTESIAN_POINT('',(432.82672364507,139.3985186063,
    -146.0735966127));
#4880 = CARTESIAN_POINT('',(432.44978873921,139.14883661474,
    -145.701700682));
#4881 = CARTESIAN_POINT('',(432.34984954226,139.07829913952,
    -145.6035419537));
#4882 = CARTESIAN_POINT('',(432.25071152922,139.00383574956,
    -145.5066784641));
#4883 = CARTESIAN_POINT('',(432.15244649863,138.92536754448,
    -145.4112481122));
#4884 = CARTESIAN_POINT('',(432.05513535144,138.84281425908,
    -145.3174052863));
#4885 = CARTESIAN_POINT('',(431.95886793457,138.7560942747,
    -145.2253214702));
#4886 = CARTESIAN_POINT('',(431.86374288454,138.66512463056,
    -145.1351858494));
#4887 = CARTESIAN_POINT('',(431.65894096338,138.45720693712,
    -144.94324572));
#4888 = CARTESIAN_POINT('',(431.54977496983,138.33855704364,
    -144.8423102253));
#4889 = CARTESIAN_POINT('',(431.44253545926,138.21372414972,
    -144.7447309569));
#4890 = CARTESIAN_POINT('',(431.33743019045,138.08257641024,
    -144.6508998575));
#4891 = CARTESIAN_POINT('',(431.23470502571,137.94500542852,
    -144.5612659862));
#4892 = CARTESIAN_POINT('',(431.13464175509,137.80093156001,
    -144.4763335756));
#4893 = CARTESIAN_POINT('',(431.03755743093,137.65030643123,
    -144.3966614479));
#4894 = CARTESIAN_POINT('',(430.89425034739,137.41002434074,
    -144.2838563624));
#4895 = CARTESIAN_POINT('',(430.84563082866,137.32510813783,
    -144.2464936863));
#4896 = CARTESIAN_POINT('',(430.79800042742,137.23836513416,
    -144.2108674121));
#4897 = CARTESIAN_POINT('',(430.75141802165,137.14980333929,
    -144.177075245));
#4898 = CARTESIAN_POINT('',(430.70594724323,137.05943837281,
    -144.14522014));
#4899 = CARTESIAN_POINT('',(430.66165612454,136.96729413352,
    -144.1154094953));
#4900 = CARTESIAN_POINT('',(430.61861674497,136.87340346878,
    -144.0877543459));
#4901 = CARTESIAN_POINT('',(430.52150359611,136.65084102752,
    -144.0286514097));
#4902 = CARTESIAN_POINT('',(430.46844502044,136.52086969342,
    -143.9989381329));
#4903 = CARTESIAN_POINT('',(430.41790842175,136.38799690638,
    -143.9734961129));
#4904 = CARTESIAN_POINT('',(430.37008870552,136.25236923065,
    -143.9526034972));
#4905 = CARTESIAN_POINT('',(430.32519437887,136.11418072667,
    -143.9365422978));
#4906 = CARTESIAN_POINT('',(430.2834432286,135.97367715416,
    -143.9255886215));
#4907 = CARTESIAN_POINT('',(430.24505570987,135.83116138131,
    -143.9200000255));
#4908 = CARTESIAN_POINT('',(430.2102460455,135.687,-143.92));
#4909 = PCURVE('',#2648,#4910);
#4910 = DEFINITIONAL_REPRESENTATION('',(#4911),#5033);
#4911 = B_SPLINE_CURVE_WITH_KNOTS('',8,(#4912,#4913,#4914,#4915,#4916,
    #4917,#4918,#4919,#4920,#4921,#4922,#4923,#4924,#4925,#4926,#4927,
    #4928,#4929,#4930,#4931,#4932,#4933,#4934,#4935,#4936,#4937,#4938,
    #4939,#4940,#4941,#4942,#4943,#4944,#4945,#4946,#4947,#4948,#4949,
    #4950,#4951,#4952,#4953,#4954,#4955,#4956,#4957,#4958,#4959,#4960,
    #4961,#4962,#4963,#4964,#4965,#4966,#4967,#4968,#4969,#4970,#4971,
    #4972,#4973,#4974,#4975,#4976,#4977,#4978,#4979,#4980,#4981,#4982,
    #4983,#4984,#4985,#4986,#4987,#4988,#4989,#4990,#4991,#4992,#4993,
    #4994,#4995,#4996,#4997,#4998,#4999,#5000,#5001,#5002,#5003,#5004,
    #5005,#5006,#5007,#5008,#5009,#5010,#5011,#5012,#5013,#5014,#5015,
    #5016,#5017,#5018,#5019,#5020,#5021,#5022,#5023,#5024,#5025,#5026,
    #5027,#5028,#5029,#5030,#5031,#5032),.UNSPECIFIED.,.F.,.F.,(9,7,7,7,
    7,7,7,7,7,7,7,7,7,7,7,7,7,9),(0.,6.528886148035E-02,0.145760713203,
    0.186143960544,0.307085699277,0.346846909543,0.389045809904,
    0.465773250718,0.518881618941,0.566347729516,0.622274971325,
    0.680544238283,0.737709222807,0.850522189602,0.89163522305,
    0.940215836979,0.96589422466,1.),.UNSPECIFIED.);
#4912 = CARTESIAN_POINT('',(0.423406397435,1.354839004399));
#4913 = CARTESIAN_POINT('',(0.423383979507,1.355394696884));
#4914 = CARTESIAN_POINT('',(0.423848507845,1.355954264336));
#4915 = CARTESIAN_POINT('',(0.424820137495,1.356507353393));
#4916 = CARTESIAN_POINT('',(0.426285311223,1.357045528876));
#4917 = CARTESIAN_POINT('',(0.428210491685,1.357561881883));
#4918 = CARTESIAN_POINT('',(0.43054776115,1.358050894318));
#4919 = CARTESIAN_POINT('',(0.433236646111,1.358508418202));
#4920 = CARTESIAN_POINT('',(0.43986705028,1.359453255933));
#4921 = CARTESIAN_POINT('',(0.443961898997,1.359923815846));
#4922 = CARTESIAN_POINT('',(0.448396498504,1.360342606448));
#4923 = CARTESIAN_POINT('',(0.453085999475,1.360710953954));
#4924 = CARTESIAN_POINT('',(0.457959196516,1.361031429877));
#4925 = CARTESIAN_POINT('',(0.462960520744,1.36130729532));
#4926 = CARTESIAN_POINT('',(0.468051257441,1.361542044849));
#4927 = CARTESIAN_POINT('',(0.475800531671,1.361837722347));
#4928 = CARTESIAN_POINT('',(0.478406119208,1.361926938718));
#4929 = CARTESIAN_POINT('',(0.481024410641,1.362006961825));
#4930 = CARTESIAN_POINT('',(0.483652309644,1.36207815794));
#4931 = CARTESIAN_POINT('',(0.486287108408,1.362140870591));
#4932 = CARTESIAN_POINT('',(0.488926477784,1.362195421368));
#4933 = CARTESIAN_POINT('',(0.491568457432,1.362242110721));
#4934 = CARTESIAN_POINT('',(0.502126798242,1.362398341482));
#4935 = CARTESIAN_POINT('',(0.510043302397,1.362447346921));
#4936 = CARTESIAN_POINT('',(0.517926131124,1.362436079185));
#4937 = CARTESIAN_POINT('',(0.525746392563,1.362369817589));
#4938 = CARTESIAN_POINT('',(0.533481076523,1.362252828202));
#4939 = CARTESIAN_POINT('',(0.541112403964,1.362088130209));
#4940 = CARTESIAN_POINT('',(0.548627363255,1.361877695824));
#4941 = CARTESIAN_POINT('',(0.558445911406,1.361537615112));
#4942 = CARTESIAN_POINT('',(0.5608609803,1.361448576498));
#4943 = CARTESIAN_POINT('',(0.563261236851,1.361354664252));
#4944 = CARTESIAN_POINT('',(0.565646054064,1.361255886063));
#4945 = CARTESIAN_POINT('',(0.568014746054,1.36115223606));
#4946 = CARTESIAN_POINT('',(0.570366564369,1.361043693777));
#4947 = CARTESIAN_POINT('',(0.572700693316,1.36093022134));
#4948 = CARTESIAN_POINT('',(0.577473757577,1.360686033639));
#4949 = CARTESIAN_POINT('',(0.579910253515,1.360554692408));
#4950 = CARTESIAN_POINT('',(0.582324722089,1.360417662503));
#4951 = CARTESIAN_POINT('',(0.584715936049,1.360274849412));
#4952 = CARTESIAN_POINT('',(0.587082448281,1.36012613576));
#4953 = CARTESIAN_POINT('',(0.589422574911,1.359971376687));
#4954 = CARTESIAN_POINT('',(0.591734364109,1.359810391605));
#4955 = CARTESIAN_POINT('',(0.598163279542,1.359338508702));
#4956 = CARTESIAN_POINT('',(0.602200497793,1.359013410518));
#4957 = CARTESIAN_POINT('',(0.60612476293,1.358665707378));
#4958 = CARTESIAN_POINT('',(0.609919871296,1.358293232154));
#4959 = CARTESIAN_POINT('',(0.613557900392,1.357893837714));
#4960 = CARTESIAN_POINT('',(0.616994943462,1.357464857102));
#4961 = CARTESIAN_POINT('',(0.620174844061,1.357003583276));
#4962 = CARTESIAN_POINT('',(0.624971133635,1.356158865674));
#4963 = CARTESIAN_POINT('',(0.626767013846,1.355795255882));
#4964 = CARTESIAN_POINT('',(0.628364185266,1.355412312037));
#4965 = CARTESIAN_POINT('',(0.629714648343,1.35500995522));
#4966 = CARTESIAN_POINT('',(0.630759218058,1.354589492332));
#4967 = CARTESIAN_POINT('',(0.631435879314,1.354153975356));
#4968 = CARTESIAN_POINT('',(0.631688773694,1.353708661776));
#4969 = CARTESIAN_POINT('',(0.631343375166,1.352864192905));
#4970 = CARTESIAN_POINT('',(0.630833004769,1.352465998009));
#4971 = CARTESIAN_POINT('',(0.629970297985,1.352076383446));
#4972 = CARTESIAN_POINT('',(0.62878479145,1.351700587085));
#4973 = CARTESIAN_POINT('',(0.627320796993,1.351341858254));
#4974 = CARTESIAN_POINT('',(0.625626410753,1.351002018796));
#4975 = CARTESIAN_POINT('',(0.623747496834,1.350681772255));
#4976 = CARTESIAN_POINT('',(0.619337346596,1.350026504592));
#4977 = CARTESIAN_POINT('',(0.616743206997,1.349698082197));
#4978 = CARTESIAN_POINT('',(0.613986220627,1.349393315895));
#4979 = CARTESIAN_POINT('',(0.611101600283,1.349110401811));
#4980 = CARTESIAN_POINT('',(0.608116608616,1.348847670021));
#4981 = CARTESIAN_POINT('',(0.605051036347,1.348603495872));
#4982 = CARTESIAN_POINT('',(0.60191687845,1.348376348572));
#4983 = CARTESIAN_POINT('',(0.595386250347,1.347944339002));
#4984 = CARTESIAN_POINT('',(0.59198974896,1.347741170329));
#4985 = CARTESIAN_POINT('',(0.588539442293,1.347553871291));
#4986 = CARTESIAN_POINT('',(0.585043619167,1.347381453236));
#4987 = CARTESIAN_POINT('',(0.581508966811,1.347223141512));
#4988 = CARTESIAN_POINT('',(0.577940746493,1.347078304409));
#4989 = CARTESIAN_POINT('',(0.574342818908,1.346946439026));
#4990 = CARTESIAN_POINT('',(0.567161316966,1.346710118121));
#4991 = CARTESIAN_POINT('',(0.563579688635,1.34660522128));
#4992 = CARTESIAN_POINT('',(0.559975935266,1.346512099546));
#4993 = CARTESIAN_POINT('',(0.556352900965,1.346430511437));
#4994 = CARTESIAN_POINT('',(0.552713207681,1.34636030213));
#4995 = CARTESIAN_POINT('',(0.549059279113,1.346301384271));
#4996 = CARTESIAN_POINT('',(0.545393352141,1.346253729601));
#4997 = CARTESIAN_POINT('',(0.534463270764,1.346145619807));
#4998 = CARTESIAN_POINT('',(0.527174544355,1.346117904077));
#4999 = CARTESIAN_POINT('',(0.519863855351,1.346134350747));
#5000 = CARTESIAN_POINT('',(0.512548444102,1.346196176818));
#5001 = CARTESIAN_POINT('',(0.505250192548,1.346305226179));
#5002 = CARTESIAN_POINT('',(0.497996093549,1.346463992289));
#5003 = CARTESIAN_POINT('',(0.490818530024,1.346675502865));
#5004 = CARTESIAN_POINT('',(0.481183302674,1.347041829817));
#5005 = CARTESIAN_POINT('',(0.47862577326,1.347147217306));
#5006 = CARTESIAN_POINT('',(0.476086360282,1.347260338732));
#5007 = CARTESIAN_POINT('',(0.473567492917,1.347381392901));
#5008 = CARTESIAN_POINT('',(0.471071922917,1.347510586646));
#5009 = CARTESIAN_POINT('',(0.468602732266,1.347648134987));
#5010 = CARTESIAN_POINT('',(0.466163340832,1.347794261303));
#5011 = CARTESIAN_POINT('',(0.460914704004,1.348132275585));
#5012 = CARTESIAN_POINT('',(0.458119161568,1.348327629431));
#5013 = CARTESIAN_POINT('',(0.455376817045,1.348535653882));
#5014 = CARTESIAN_POINT('',(0.452694916504,1.348756733435));
#5015 = CARTESIAN_POINT('',(0.450081958163,1.348991225961));
#5016 = CARTESIAN_POINT('',(0.447547656891,1.349239451761));
#5017 = CARTESIAN_POINT('',(0.445102936794,1.349501687956));
#5018 = CARTESIAN_POINT('',(0.441521513965,1.349924308143));
#5019 = CARTESIAN_POINT('',(0.440311609902,1.350074414823));
#5020 = CARTESIAN_POINT('',(0.439132072404,1.350228516137));
#5021 = CARTESIAN_POINT('',(0.437984888001,1.350386628518));
#5022 = CARTESIAN_POINT('',(0.436872183567,1.350548755377));
#5023 = CARTESIAN_POINT('',(0.435796212854,1.350714885521));
#5024 = CARTESIAN_POINT('',(0.434759343018,1.350884991578));
#5025 = CARTESIAN_POINT('',(0.432442091233,1.351290182392));
#5026 = CARTESIAN_POINT('',(0.431190003692,1.351528219032));
#5027 = CARTESIAN_POINT('',(0.43002659995,1.351773203642));
#5028 = CARTESIAN_POINT('',(0.428944720547,1.352024762503));
#5029 = CARTESIAN_POINT('',(0.427945505902,1.352282539414));
#5030 = CARTESIAN_POINT('',(0.427047438215,1.352546308895));
#5031 = CARTESIAN_POINT('',(0.426270144501,1.352815746049));
#5032 = CARTESIAN_POINT('',(0.42559296075,1.353089853076));
#5033 = ( GEOMETRIC_REPRESENTATION_CONTEXT(2) 
PARAMETRIC_REPRESENTATION_CONTEXT() REPRESENTATION_CONTEXT('2D SPACE',''
  ) );
#5034 = PCURVE('',#4771,#5035);
#5035 = DEFINITIONAL_REPRESENTATION('',(#5036),#5158);
#5036 = B_SPLINE_CURVE_WITH_KNOTS('',8,(#5037,#5038,#5039,#5040,#5041,
    #5042,#5043,#5044,#5045,#5046,#5047,#5048,#5049,#5050,#5051,#5052,
    #5053,#5054,#5055,#5056,#5057,#5058,#5059,#5060,#5061,#5062,#5063,
    #5064,#5065,#5066,#5067,#5068,#5069,#5070,#5071,#5072,#5073,#5074,
    #5075,#5076,#5077,#5078,#5079,#5080,#5081,#5082,#5083,#5084,#5085,
    #5086,#5087,#5088,#5089,#5090,#5091,#5092,#5093,#5094,#5095,#5096,
    #5097,#5098,#5099,#5100,#5101,#5102,#5103,#5104,#5105,#5106,#5107,
    #5108,#5109,#5110,#5111,#5112,#5113,#5114,#5115,#5116,#5117,#5118,
    #5119,#5120,#5121,#5122,#5123,#5124,#5125,#5126,#5127,#5128,#5129,
    #5130,#5131,#5132,#5133,#5134,#5135,#5136,#5137,#5138,#5139,#5140,
    #5141,#5142,#5143,#5144,#5145,#5146,#5147,#5148,#5149,#5150,#5151,
    #5152,#5153,#5154,#5155,#5156,#5157),.UNSPECIFIED.,.F.,.F.,(9,7,7,7,
    7,7,7,7,7,7,7,7,7,7,7,7,7,9),(0.,6.528886148035E-02,0.145760713203,
    0.186143960544,0.307085699277,0.346846909543,0.389045809904,
    0.465773250718,0.518881618941,0.566347729516,0.622274971325,
    0.680544238283,0.737709222807,0.850522189602,0.89163522305,
    0.940215836979,0.96589422466,1.),.UNSPECIFIED.);
#5037 = CARTESIAN_POINT('',(-6.068704448478,17.885950468791));
#5038 = CARTESIAN_POINT('',(-6.000658461629,17.860948686438));
#5039 = CARTESIAN_POINT('',(-5.93181686206,17.852136950151));
#5040 = CARTESIAN_POINT('',(-5.862941679186,17.860640507899));
#5041 = CARTESIAN_POINT('',(-5.794535012057,17.886457836723));
#5042 = CARTESIAN_POINT('',(-5.726991147258,17.928952725574));
#5043 = CARTESIAN_POINT('',(-5.660664473005,17.986998655308));
#5044 = CARTESIAN_POINT('',(-5.595898223206,18.058969876814));
#5045 = CARTESIAN_POINT('',(-5.455606642779,18.246065936845));
#5046 = CARTESIAN_POINT('',(-5.380924115562,18.367543870194));
#5047 = CARTESIAN_POINT('',(-5.308981084647,18.504392197746));
#5048 = CARTESIAN_POINT('',(-5.239690433563,18.653960649714));
#5049 = CARTESIAN_POINT('',(-5.172928426067,18.813882195992));
#5050 = CARTESIAN_POINT('',(-5.108527982992,18.982184919884));
#5051 = CARTESIAN_POINT('',(-5.046259593823,19.157409236156));
#5052 = CARTESIAN_POINT('',(-4.955480992548,19.429740716348));
#5053 = CARTESIAN_POINT('',(-4.925620945697,19.522234839541));
#5054 = CARTESIAN_POINT('',(-4.896205091195,19.616087641994));
#5055 = CARTESIAN_POINT('',(-4.867206754978,19.711174188488));
#5056 = CARTESIAN_POINT('',(-4.838600977263,19.807381798118));
#5057 = CARTESIAN_POINT('',(-4.810363834037,19.904610263354));
#5058 = CARTESIAN_POINT('',(-4.782471758543,20.002772069095));
#5059 = CARTESIAN_POINT('',(-4.672330185739,20.398344211306));
#5060 = CARTESIAN_POINT('',(-4.592722925258,20.702302166048));
#5061 = CARTESIAN_POINT('',(-4.515346898107,21.011945136335));
#5062 = CARTESIAN_POINT('',(-4.439725096281,21.325781163054));
#5063 = CARTESIAN_POINT('',(-4.365427941329,21.642512235388));
#5064 = CARTESIAN_POINT('',(-4.29205371,21.96105372009));
#5065 = CARTESIAN_POINT('',(-4.219172967934,22.280533377883));
#5066 = CARTESIAN_POINT('',(-4.12227176567,22.705419093105));
#5067 = CARTESIAN_POINT('',(-4.09829795844,22.810546577855));
#5068 = CARTESIAN_POINT('',(-4.074309078324,22.915641995342));
#5069 = CARTESIAN_POINT('',(-4.050288134834,23.020668729405));
#5070 = CARTESIAN_POINT('',(-4.026217739671,23.125588090486));
#5071 = CARTESIAN_POINT('',(-4.002079808467,23.230359235447));
#5072 = CARTESIAN_POINT('',(-3.977854984947,23.334938563761));
#5073 = CARTESIAN_POINT('',(-3.927696764358,23.550015520509));
#5074 = CARTESIAN_POINT('',(-3.901750643174,23.660478863271));
#5075 = CARTESIAN_POINT('',(-3.875657442234,23.770614653186));
#5076 = CARTESIAN_POINT('',(-3.84939006457,23.880359981482));
#5077 = CARTESIAN_POINT('',(-3.822919813722,23.989642706358));
#5078 = CARTESIAN_POINT('',(-3.796215513279,24.098380689917));
#5079 = CARTESIAN_POINT('',(-3.769242230163,24.206480561458));
#5080 = CARTESIAN_POINT('',(-3.692353421276,24.509033240602));
#5081 = CARTESIAN_POINT('',(-3.641835847288,24.70133001072));
#5082 = CARTESIAN_POINT('',(-3.590050474595,24.890594523913));
#5083 = CARTESIAN_POINT('',(-3.536666881474,25.076102534121));
#5084 = CARTESIAN_POINT('',(-3.481374539219,25.256590314071));
#5085 = CARTESIAN_POINT('',(-3.423783296753,25.430064406347));
#5086 = CARTESIAN_POINT('',(-3.363469424536,25.593936738745));
#5087 = CARTESIAN_POINT('',(-3.255315255147,25.848279796009));
#5088 = CARTESIAN_POINT('',(-3.209361082781,25.945791942614));
#5089 = CARTESIAN_POINT('',(-3.161479184885,26.035283241288));
#5090 = CARTESIAN_POINT('',(-3.111582734374,26.114499884359));
#5091 = CARTESIAN_POINT('',(-3.059700978729,26.180604191491));
#5092 = CARTESIAN_POINT('',(-3.006012358111,26.230540172598));
#5093 = CARTESIAN_POINT('',(-2.950873050587,26.261484119664));
#5094 = CARTESIAN_POINT('',(-2.845358938673,26.282395665039));
#5095 = CARTESIAN_POINT('',(-2.795205114997,26.27634684916));
#5096 = CARTESIAN_POINT('',(-2.745529478543,26.253805671847));
#5097 = CARTESIAN_POINT('',(-2.696824945612,26.215944697748));
#5098 = CARTESIAN_POINT('',(-2.649406300562,26.164727147164));
#5099 = CARTESIAN_POINT('',(-2.60347601213,26.102352159015));
#5100 = CARTESIAN_POINT('',(-2.559138757651,26.030944419411));
#5101 = CARTESIAN_POINT('',(-2.466067056513,25.859704256987));
#5102 = CARTESIAN_POINT('',(-2.417823525836,25.756828340079));
#5103 = CARTESIAN_POINT('',(-2.371395021304,25.645981909469));
#5104 = CARTESIAN_POINT('',(-2.326584924016,25.528919330565));
#5105 = CARTESIAN_POINT('',(-2.283218961886,25.407006839486));
#5106 = CARTESIAN_POINT('',(-2.241122225791,25.281254061319));
#5107 = CARTESIAN_POINT('',(-2.200112244631,25.152307516914));
#5108 = CARTESIAN_POINT('',(-2.118168394066,24.883117231251));
#5109 = CARTESIAN_POINT('',(-2.07737825961,24.742851447837));
#5110 = CARTESIAN_POINT('',(-2.037433962099,24.600246159561));
#5111 = CARTESIAN_POINT('',(-1.998206236959,24.455751335455));
#5112 = CARTESIAN_POINT('',(-1.959588100926,24.309729504691));
#5113 = CARTESIAN_POINT('',(-1.921484419136,24.162469014377));
#5114 = CARTESIAN_POINT('',(-1.883807695359,24.014188143082));
#5115 = CARTESIAN_POINT('',(-1.809843969008,23.718720438642));
#5116 = CARTESIAN_POINT('',(-1.773553763955,23.571603976315));
#5117 = CARTESIAN_POINT('',(-1.737528105365,23.423863945256));
#5118 = CARTESIAN_POINT('',(-1.701704756175,23.275653151822));
#5119 = CARTESIAN_POINT('',(-1.666028568948,23.127108028013));
#5120 = CARTESIAN_POINT('',(-1.630448420172,22.978350758379));
#5121 = CARTESIAN_POINT('',(-1.594915083042,22.829490402026));
#5122 = CARTESIAN_POINT('',(-1.489252952848,22.386838758253));
#5123 = CARTESIAN_POINT('',(-1.419159919499,22.093198324097));
#5124 = CARTESIAN_POINT('',(-1.348695740508,21.800308006659));
#5125 = CARTESIAN_POINT('',(-1.27753525493,21.508886616376));
#5126 = CARTESIAN_POINT('',(-1.205376055758,21.219762732116));
#5127 = CARTESIAN_POINT('',(-1.131906972892,20.933868513498));
#5128 = CARTESIAN_POINT('',(-1.056786371859,20.652230641287));
#5129 = CARTESIAN_POINT('',(-0.951389398059,20.275295735422));
#5130 = CARTESIAN_POINT('',(-0.922962764215,20.175356538477));
#5131 = CARTESIAN_POINT('',(-0.894240205751,20.076218525436));
#5132 = CARTESIAN_POINT('',(-0.865201575455,19.977953494849));
#5133 = CARTESIAN_POINT('',(-0.835826430409,19.880642347655));
#5134 = CARTESIAN_POINT('',(-0.806093472679,19.784374930784));
#5135 = CARTESIAN_POINT('',(-0.775979990007,19.689249880754));
#5136 = CARTESIAN_POINT('',(-0.709399329234,19.484447959596));
#5137 = CARTESIAN_POINT('',(-0.672776577037,19.375281966044));
#5138 = CARTESIAN_POINT('',(-0.635549115638,19.268042455477));
#5139 = CARTESIAN_POINT('',(-0.597675788534,19.162937186663));
#5140 = CARTESIAN_POINT('',(-0.559117265511,19.060212021929));
#5141 = CARTESIAN_POINT('',(-0.519834435014,18.960148751306));
#5142 = CARTESIAN_POINT('',(-0.479786130338,18.863064427152));
#5143 = CARTESIAN_POINT('',(-0.417328739318,18.719757343606));
#5144 = CARTESIAN_POINT('',(-0.395506427682,18.671137824875));
#5145 = CARTESIAN_POINT('',(-0.373453313583,18.62350742364));
#5146 = CARTESIAN_POINT('',(-0.351164165741,18.576925017864));
#5147 = CARTESIAN_POINT('',(-0.328634432859,18.531454239443));
#5148 = CARTESIAN_POINT('',(-0.305860213714,18.487163120752));
#5149 = CARTESIAN_POINT('',(-0.282838227252,18.444123741187));
#5150 = CARTESIAN_POINT('',(-0.228655556685,18.347010592325));
#5151 = CARTESIAN_POINT('',(-0.197304103969,18.29395201666));
#5152 = CARTESIAN_POINT('',(-0.165505724236,18.243415417965));
#5153 = CARTESIAN_POINT('',(-0.133260233501,18.195595701733));
#5154 = CARTESIAN_POINT('',(-0.100572601638,18.150701375086));
#5155 = CARTESIAN_POINT('',(-6.745343798823E-02,18.108950224822));
#5156 = CARTESIAN_POINT('',(-3.392032501488E-02,18.07056270609));
#5157 = CARTESIAN_POINT('',(0.,18.035753041718));
#5158 = ( GEOMETRIC_REPRESENTATION_CONTEXT(2) 
PARAMETRIC_REPRESENTATION_CONTEXT() REPRESENTATION_CONTEXT('2D SPACE',''
  ) );
#5159 = ADVANCED_FACE('',(#5160),#3050,.T.);
#5160 = FACE_BOUND('',#5161,.T.);
#5161 = EDGE_LOOP('',(#5162,#5329,#5330,#5353,#5405,#5471,#5472,#5618));
#5162 = ORIENTED_EDGE('',*,*,#5163,.T.);
#5163 = EDGE_CURVE('',#5164,#3383,#5166,.T.);
#5164 = VERTEX_POINT('',#5165);
#5165 = CARTESIAN_POINT('',(487.07449300378,-49.01281509118,
    -171.5473942764));
#5166 = SURFACE_CURVE('',#5167,(#5219,#5274),.PCURVE_S1.);
#5167 = B_SPLINE_CURVE_WITH_KNOTS('',8,(#5168,#5169,#5170,#5171,#5172,
    #5173,#5174,#5175,#5176,#5177,#5178,#5179,#5180,#5181,#5182,#5183,
    #5184,#5185,#5186,#5187,#5188,#5189,#5190,#5191,#5192,#5193,#5194,
    #5195,#5196,#5197,#5198,#5199,#5200,#5201,#5202,#5203,#5204,#5205,
    #5206,#5207,#5208,#5209,#5210,#5211,#5212,#5213,#5214,#5215,#5216,
    #5217,#5218),.UNSPECIFIED.,.F.,.F.,(9,7,7,7,7,7,7,9),(0.,
    0.277520465805,0.410293401782,0.473754608258,0.504898676463,
    0.520370229703,0.537247657104,1.),.UNSPECIFIED.);
#5168 = CARTESIAN_POINT('',(487.07449300378,-49.01281509118,
    -171.5473942764));
#5169 = CARTESIAN_POINT('',(487.07449300378,-50.39813214455,
    -170.7297626291));
#5170 = CARTESIAN_POINT('',(487.07449300378,-51.74805428611,
    -169.8521216131));
#5171 = CARTESIAN_POINT('',(487.07449300378,-53.05954311503,
    -168.9163204646));
#5172 = CARTESIAN_POINT('',(487.07449300378,-54.32971246226,
    -167.9243809186));
#5173 = CARTESIAN_POINT('',(487.07449300378,-55.55581934018,
    -166.8784849263));
#5174 = CARTESIAN_POINT('',(487.07449300378,-56.73526005493,
    -165.780969054));
#5175 = CARTESIAN_POINT('',(487.07449300378,-57.86557148149,
    -164.634325563));
#5176 = CARTESIAN_POINT('',(487.07449300378,-59.46059478224,
    -162.8703930508));
#5177 = CARTESIAN_POINT('',(487.07449300378,-59.96498082723,
    -162.2889341751));
#5178 = CARTESIAN_POINT('',(487.07449300378,-60.45734390231,
    -161.6971218456));
#5179 = CARTESIAN_POINT('',(487.07449300378,-60.93744118934,
    -161.0952506609));
#5180 = CARTESIAN_POINT('',(487.07449300378,-61.40503878613,
    -160.4836215171));
#5181 = CARTESIAN_POINT('',(487.07449300378,-61.85991170648,
    -159.8625416082));
#5182 = CARTESIAN_POINT('',(487.07449300378,-62.30184388015,
    -159.2323244258));
#5183 = CARTESIAN_POINT('',(487.07449300378,-62.93557328767,
    -158.2878516772));
#5184 = CARTESIAN_POINT('',(487.07449300378,-63.13751481563,
    -157.9803990799));
#5185 = CARTESIAN_POINT('',(487.07449300378,-63.33643015149,
    -157.6709668214));
#5186 = CARTESIAN_POINT('',(487.07449300378,-63.53229720098,
    -157.3595900308));
#5187 = CARTESIAN_POINT('',(487.07449300378,-63.72509436081,
    -157.046304113));
#5188 = CARTESIAN_POINT('',(487.07449300378,-63.9148005187,
    -156.7311447482));
#5189 = CARTESIAN_POINT('',(487.07449300378,-64.10139505337,
    -156.4141478921));
#5190 = CARTESIAN_POINT('',(487.07449300378,-64.37489358525,
    -155.9388971834));
#5191 = CARTESIAN_POINT('',(487.07449300378,-64.46417507668,
    -155.7820107666));
#5192 = CARTESIAN_POINT('',(487.07449300378,-64.5526999302,
    -155.6246948062));
#5193 = CARTESIAN_POINT('',(487.07449300378,-64.6404657963,
    -155.4669535972));
#5194 = CARTESIAN_POINT('',(487.07449300378,-64.72747035456,
    -155.3087914494));
#5195 = CARTESIAN_POINT('',(487.07449300378,-64.81371131359,
    -155.1502126868));
#5196 = CARTESIAN_POINT('',(487.07449300378,-64.89918641113,
    -154.9912216482));
#5197 = CARTESIAN_POINT('',(487.07449300378,-65.02597362311,
    -154.7526374786));
#5198 = CARTESIAN_POINT('',(487.07449300378,-65.06782491266,
    -154.6734256792));
#5199 = CARTESIAN_POINT('',(487.07449300378,-65.10944755097,
    -154.5941882999));
#5200 = CARTESIAN_POINT('',(487.07449300378,-65.15084181226,
    -154.5149263475));
#5201 = CARTESIAN_POINT('',(487.07449300378,-65.19200797669,
    -154.4356408242));
#5202 = CARTESIAN_POINT('',(487.07449300378,-65.23294633031,
    -154.3563327277));
#5203 = CARTESIAN_POINT('',(487.07449300378,-65.27365716508,
    -154.277003051));
#5204 = CARTESIAN_POINT('',(487.07449300378,-65.3583030709,
    -154.1110920882));
#5205 = CARTESIAN_POINT('',(487.07449300378,-65.4021983176,
    -154.0245003302));
#5206 = CARTESIAN_POINT('',(487.07449300378,-65.44582341439,
    -153.9378854916));
#5207 = CARTESIAN_POINT('',(487.07449300378,-65.48917719215,
    -153.8512519927));
#5208 = CARTESIAN_POINT('',(487.07449300378,-65.53225974701,
    -153.7646018787));
#5209 = CARTESIAN_POINT('',(487.07449300378,-65.57507342578,
    -153.6779326065));
#5210 = CARTESIAN_POINT('',(487.07449300378,-65.61762139662,
    -153.5912397952));
#5211 = CARTESIAN_POINT('',(487.07449300378,-66.81936405077,
    -151.1266459107));
#5212 = CARTESIAN_POINT('',(487.07449300378,-67.81111539389,
    -148.6666882999));
#5213 = CARTESIAN_POINT('',(487.07449300378,-68.62838487676,
    -146.1388455535));
#5214 = CARTESIAN_POINT('',(487.07449300378,-69.26602831958,
    -143.5576614577));
#5215 = CARTESIAN_POINT('',(487.07449300378,-69.72032687011,
    -140.9379646666));
#5216 = CARTESIAN_POINT('',(487.07449300378,-69.98891258296,
    -138.2948421546));
#5217 = CARTESIAN_POINT('',(487.07449300378,-70.07082807903,
    -135.6436412144));
#5218 = CARTESIAN_POINT('',(487.07449300378,-69.96672028527,-133.));
#5219 = PCURVE('',#3050,#5220);
#5220 = DEFINITIONAL_REPRESENTATION('',(#5221),#5273);
#5221 = B_SPLINE_CURVE_WITH_KNOTS('',8,(#5222,#5223,#5224,#5225,#5226,
    #5227,#5228,#5229,#5230,#5231,#5232,#5233,#5234,#5235,#5236,#5237,
    #5238,#5239,#5240,#5241,#5242,#5243,#5244,#5245,#5246,#5247,#5248,
    #5249,#5250,#5251,#5252,#5253,#5254,#5255,#5256,#5257,#5258,#5259,
    #5260,#5261,#5262,#5263,#5264,#5265,#5266,#5267,#5268,#5269,#5270,
    #5271,#5272),.UNSPECIFIED.,.F.,.F.,(9,7,7,7,7,7,7,9),(0.,
    0.277520465805,0.410293401782,0.473754608258,0.504898676463,
    0.520370229703,0.537247657104,1.),.UNSPECIFIED.);
#5222 = CARTESIAN_POINT('',(-0.52091221942,9.309687181245E-03));
#5223 = CARTESIAN_POINT('',(-0.557112841305,9.317382997568E-03));
#5224 = CARTESIAN_POINT('',(-0.593464677396,9.325658096455E-03));
#5225 = CARTESIAN_POINT('',(-0.630007413641,9.33449914559E-03));
#5226 = CARTESIAN_POINT('',(-0.666781858395,9.343890997793E-03));
#5227 = CARTESIAN_POINT('',(-0.703830577386,9.353817164314E-03));
#5228 = CARTESIAN_POINT('',(-0.741198192603,9.364259949378E-03));
#5229 = CARTESIAN_POINT('',(-0.778931345117,9.375200245974E-03));
#5230 = CARTESIAN_POINT('',(-0.835328817636,9.392079058544E-03));
#5231 = CARTESIAN_POINT('',(-0.853674202115,9.397650231203E-03));
#5232 = CARTESIAN_POINT('',(-0.872119845546,9.403328248909E-03));
#5233 = CARTESIAN_POINT('',(-0.890671297948,9.409110779262E-03));
#5234 = CARTESIAN_POINT('',(-0.909334289081,9.414995419408E-03));
#5235 = CARTESIAN_POINT('',(-0.928114728451,9.420979696045E-03));
#5236 = CARTESIAN_POINT('',(-0.947018705303,9.427061065416E-03));
#5237 = CARTESIAN_POINT('',(-0.9751500268,9.436188770603E-03));
#5238 = CARTESIAN_POINT('',(-0.984277225384,9.439162212494E-03));
#5239 = CARTESIAN_POINT('',(-0.993434771843,9.442156953759E-03));
#5240 = CARTESIAN_POINT('',(-1.002623365855,9.445172705641E-03));
#5241 = CARTESIAN_POINT('',(-1.011843719313,9.448209175859E-03));
#5242 = CARTESIAN_POINT('',(-1.021096556325,9.451266068608E-03));
#5243 = CARTESIAN_POINT('',(-1.03038261321,9.454343084556E-03));
#5244 = CARTESIAN_POINT('',(-1.044276511576,9.458959716734E-03));
#5245 = CARTESIAN_POINT('',(-1.048858565876,9.460484286231E-03));
#5246 = CARTESIAN_POINT('',(-1.053448889972,9.462013593546E-03));
#5247 = CARTESIAN_POINT('',(-1.058047573235,9.463547602691E-03));
#5248 = CARTESIAN_POINT('',(-1.062654705838,9.465086277474E-03));
#5249 = CARTESIAN_POINT('',(-1.067270378755,9.466629581507E-03));
#5250 = CARTESIAN_POINT('',(-1.071894683764,9.4681774782E-03));
#5251 = CARTESIAN_POINT('',(-1.078829280627,9.470501148331E-03));
#5252 = CARTESIAN_POINT('',(-1.081130847811,9.471272768741E-03));
#5253 = CARTESIAN_POINT('',(-1.083432414994,9.472044782361E-03));
#5254 = CARTESIAN_POINT('',(-1.085733982178,9.472817179591E-03));
#5255 = CARTESIAN_POINT('',(-1.088035549362,9.473589950865E-03));
#5256 = CARTESIAN_POINT('',(-1.090337116546,9.474363086654E-03));
#5257 = CARTESIAN_POINT('',(-1.092638683729,9.475136577461E-03));
#5258 = CARTESIAN_POINT('',(-1.097450957656,9.476754567407E-03));
#5259 = CARTESIAN_POINT('',(-1.099961341669,9.477599196169E-03));
#5260 = CARTESIAN_POINT('',(-1.10247486763,9.478444222536E-03));
#5261 = CARTESIAN_POINT('',(-1.104979406257,9.479289603601E-03));
#5262 = CARTESIAN_POINT('',(-1.107498980091,9.480135319558E-03));
#5263 = CARTESIAN_POINT('',(-1.110001511632,9.480981395412E-03));
#5264 = CARTESIAN_POINT('',(-1.112517186472,9.481827874134E-03));
#5265 = CARTESIAN_POINT('',(-1.183832321712,9.505897382246E-03));
#5266 = CARTESIAN_POINT('',(-1.250608416186,9.5300518642E-03));
#5267 = CARTESIAN_POINT('',(-1.315654777589,9.555016619651E-03));
#5268 = CARTESIAN_POINT('',(-1.379239300984,9.580663399373E-03));
#5269 = CARTESIAN_POINT('',(-1.441603158504,9.606857060301E-03));
#5270 = CARTESIAN_POINT('',(-1.502965026399,9.633455094758E-03));
#5271 = CARTESIAN_POINT('',(-1.563524318401,9.660307002524E-03));
#5272 = CARTESIAN_POINT('',(-1.623463425379,9.687253505737E-03));
#5273 = ( GEOMETRIC_REPRESENTATION_CONTEXT(2) 
PARAMETRIC_REPRESENTATION_CONTEXT() REPRESENTATION_CONTEXT('2D SPACE',''
  ) );
#5274 = PCURVE('',#3455,#5275);
#5275 = DEFINITIONAL_REPRESENTATION('',(#5276),#5328);
#5276 = B_SPLINE_CURVE_WITH_KNOTS('',8,(#5277,#5278,#5279,#5280,#5281,
    #5282,#5283,#5284,#5285,#5286,#5287,#5288,#5289,#5290,#5291,#5292,
    #5293,#5294,#5295,#5296,#5297,#5298,#5299,#5300,#5301,#5302,#5303,
    #5304,#5305,#5306,#5307,#5308,#5309,#5310,#5311,#5312,#5313,#5314,
    #5315,#5316,#5317,#5318,#5319,#5320,#5321,#5322,#5323,#5324,#5325,
    #5326,#5327),.UNSPECIFIED.,.F.,.F.,(9,7,7,7,7,7,7,9),(0.,
    0.277520465805,0.410293401782,0.473754608258,0.504898676463,
    0.520370229703,0.537247657104,1.),.UNSPECIFIED.);
#5277 = CARTESIAN_POINT('',(0.,-38.54739427649));
#5278 = CARTESIAN_POINT('',(1.385317053367,-37.72976262911));
#5279 = CARTESIAN_POINT('',(2.735239194926,-36.85212161315));
#5280 = CARTESIAN_POINT('',(4.046728023846,-35.91632046462));
#5281 = CARTESIAN_POINT('',(5.316897371082,-34.9243809186));
#5282 = CARTESIAN_POINT('',(6.543004249005,-33.87848492634));
#5283 = CARTESIAN_POINT('',(7.722444963755,-32.780969054));
#5284 = CARTESIAN_POINT('',(8.852756390308,-31.63432556301));
#5285 = CARTESIAN_POINT('',(10.447779691059,-29.87039305087));
#5286 = CARTESIAN_POINT('',(10.952165736053,-29.28893417512));
#5287 = CARTESIAN_POINT('',(11.444528811134,-28.69712184567));
#5288 = CARTESIAN_POINT('',(11.92462609816,-28.09525066095));
#5289 = CARTESIAN_POINT('',(12.392223694952,-27.48362151717));
#5290 = CARTESIAN_POINT('',(12.847096615303,-26.86254160824));
#5291 = CARTESIAN_POINT('',(13.289028788968,-26.23232442582));
#5292 = CARTESIAN_POINT('',(13.922758196488,-25.28785167722));
#5293 = CARTESIAN_POINT('',(14.124699724454,-24.98039907998));
#5294 = CARTESIAN_POINT('',(14.323615060312,-24.67096682142));
#5295 = CARTESIAN_POINT('',(14.519482109796,-24.35959003084));
#5296 = CARTESIAN_POINT('',(14.712279269629,-24.04630411303));
#5297 = CARTESIAN_POINT('',(14.901985427525,-23.73114474822));
#5298 = CARTESIAN_POINT('',(15.08857996219,-23.41414789213));
#5299 = CARTESIAN_POINT('',(15.362078494067,-22.93889718347));
#5300 = CARTESIAN_POINT('',(15.451359985497,-22.78201076667));
#5301 = CARTESIAN_POINT('',(15.53988483902,-22.62469480621));
#5302 = CARTESIAN_POINT('',(15.627650705125,-22.46695359724));
#5303 = CARTESIAN_POINT('',(15.714655263376,-22.30879144941));
#5304 = CARTESIAN_POINT('',(15.800896222412,-22.15021268687));
#5305 = CARTESIAN_POINT('',(15.886371319946,-21.99122164824));
#5306 = CARTESIAN_POINT('',(16.013158531925,-21.7526374786));
#5307 = CARTESIAN_POINT('',(16.055009821485,-21.67342567923));
#5308 = CARTESIAN_POINT('',(16.096632459788,-21.59418829994));
#5309 = CARTESIAN_POINT('',(16.13802672108,-21.51492634754));
#5310 = CARTESIAN_POINT('',(16.179192885509,-21.43564082427));
#5311 = CARTESIAN_POINT('',(16.220131239129,-21.35633272776));
#5312 = CARTESIAN_POINT('',(16.260842073898,-21.27700305108));
#5313 = CARTESIAN_POINT('',(16.345487979721,-21.11109208822));
#5314 = CARTESIAN_POINT('',(16.389383226417,-21.0245003302));
#5315 = CARTESIAN_POINT('',(16.433008323207,-20.93788549162));
#5316 = CARTESIAN_POINT('',(16.476362100969,-20.8512519927));
#5317 = CARTESIAN_POINT('',(16.51944465583,-20.76460187878));
#5318 = CARTESIAN_POINT('',(16.562258334599,-20.67793260656));
#5319 = CARTESIAN_POINT('',(16.604806305437,-20.59123979526));
#5320 = CARTESIAN_POINT('',(17.806548959594,-18.12664591071));
#5321 = CARTESIAN_POINT('',(18.798300302709,-15.6666882999));
#5322 = CARTESIAN_POINT('',(19.615569785585,-13.13884555355));
#5323 = CARTESIAN_POINT('',(20.253213228397,-10.55766145776));
#5324 = CARTESIAN_POINT('',(20.707511778931,-7.937964666615));
#5325 = CARTESIAN_POINT('',(20.976097491785,-5.294842154624));
#5326 = CARTESIAN_POINT('',(21.05801298785,-2.643641214464));
#5327 = CARTESIAN_POINT('',(20.953905194089,0.));
#5328 = ( GEOMETRIC_REPRESENTATION_CONTEXT(2) 
PARAMETRIC_REPRESENTATION_CONTEXT() REPRESENTATION_CONTEXT('2D SPACE',''
  ) );
#5329 = ORIENTED_EDGE('',*,*,#3382,.T.);
#5330 = ORIENTED_EDGE('',*,*,#5331,.T.);
#5331 = EDGE_CURVE('',#3355,#5332,#5334,.T.);
#5332 = VERTEX_POINT('',#5333);
#5333 = CARTESIAN_POINT('',(486.84199388229,-70.,-134.6650437222));
#5334 = SURFACE_CURVE('',#5335,(#5340,#5346),.PCURVE_S1.);
#5335 = CIRCLE('',#5336,957.51255746705);
#5336 = AXIS2_PLACEMENT_3D('',#5337,#5338,#5339);
#5337 = CARTESIAN_POINT('',(592.5015522016,-70.,817.));
#5338 = DIRECTION('',(0.,-1.,0.));
#5339 = DIRECTION('',(-0.119710292143,-0.,-0.992808866779));
#5340 = PCURVE('',#3050,#5341);
#5341 = DEFINITIONAL_REPRESENTATION('',(#5342),#5345);
#5342 = B_SPLINE_CURVE_WITH_KNOTS('',1,(#5343,#5344),.UNSPECIFIED.,.F.,
  .F.,(2,2),(6.277834334606,6.292610235952),.PIECEWISE_BEZIER_KNOTS.);
#5343 = CARTESIAN_POINT('',(-1.585031791408,-5.328961248781E-03));
#5344 = CARTESIAN_POINT('',(-1.585031791408,9.426095056545E-03));
#5345 = ( GEOMETRIC_REPRESENTATION_CONTEXT(2) 
PARAMETRIC_REPRESENTATION_CONTEXT() REPRESENTATION_CONTEXT('2D SPACE',''
  ) );
#5346 = PCURVE('',#3370,#5347);
#5347 = DEFINITIONAL_REPRESENTATION('',(#5348),#5352);
#5348 = CIRCLE('',#5349,957.51255746705);
#5349 = AXIS2_PLACEMENT_2D('',#5350,#5351);
#5350 = CARTESIAN_POINT('',(-77.5015522016,-758.1));
#5351 = DIRECTION('',(0.119710292143,0.992808866779));
#5352 = ( GEOMETRIC_REPRESENTATION_CONTEXT(2) 
PARAMETRIC_REPRESENTATION_CONTEXT() REPRESENTATION_CONTEXT('2D SPACE',''
  ) );
#5353 = ORIENTED_EDGE('',*,*,#5354,.F.);
#5354 = EDGE_CURVE('',#5355,#5332,#5357,.T.);
#5355 = VERTEX_POINT('',#5356);
#5356 = CARTESIAN_POINT('',(477.8774442165,-69.49113713473,
    -140.2274732074));
#5357 = SURFACE_CURVE('',#5358,(#5363,#5392),.PCURVE_S1.);
#5358 = B_SPLINE_CURVE_WITH_KNOTS('',3,(#5359,#5360,#5361,#5362),
  .UNSPECIFIED.,.F.,.F.,(4,4),(20.431848811573,22.351827698893),
  .PIECEWISE_BEZIER_KNOTS.);
#5359 = CARTESIAN_POINT('',(477.8774442165,-69.49113713473,
    -140.2274732074));
#5360 = CARTESIAN_POINT('',(480.77185506514,-69.84595833479,
    -138.2867142545));
#5361 = CARTESIAN_POINT('',(483.78990510513,-70.,-136.4271679993));
#5362 = CARTESIAN_POINT('',(486.84199388229,-70.,-134.6650437222));
#5363 = PCURVE('',#3050,#5364);
#5364 = DEFINITIONAL_REPRESENTATION('',(#5365),#5391);
#5365 = B_SPLINE_CURVE_WITH_KNOTS('',3,(#5366,#5367,#5368,#5369,#5370,
    #5371,#5372,#5373,#5374,#5375,#5376,#5377,#5378,#5379,#5380,#5381,
    #5382,#5383,#5384,#5385,#5386,#5387,#5388,#5389,#5390),
  .UNSPECIFIED.,.F.,.F.,(4,1,1,1,1,1,1,1,1,1,1,1,1,1,1,1,1,1,1,1,1,1,4),
  (20.431848811573,20.519120579178,20.606392346784,20.693664114389,
    20.780935881995,20.8682076496,20.955479417206,21.042751184811,
    21.130022952417,21.217294720022,21.304566487628,21.391838255233,
    21.479110022839,21.566381790444,21.65365355805,21.740925325655,
    21.82819709326,21.915468860866,22.002740628471,22.090012396077,
    22.177284163682,22.264555931288,22.351827698893),
  .QUASI_UNIFORM_KNOTS.);
#5366 = CARTESIAN_POINT('',(-1.431864216846,1.457428406516E-05));
#5367 = CARTESIAN_POINT('',(-1.434337966522,1.518239540302E-04));
#5368 = CARTESIAN_POINT('',(-1.439270527489,4.26938697714E-04));
#5369 = CARTESIAN_POINT('',(-1.446625036765,8.414045788237E-04));
#5370 = CARTESIAN_POINT('',(-1.453935703446,1.257611816249E-03));
#5371 = CARTESIAN_POINT('',(-1.461202994021,1.675507873292E-03));
#5372 = CARTESIAN_POINT('',(-1.468427360254,2.095040129323E-03));
#5373 = CARTESIAN_POINT('',(-1.475609237347,2.516155867812E-03));
#5374 = CARTESIAN_POINT('',(-1.482749044815,2.938802279307E-03));
#5375 = CARTESIAN_POINT('',(-1.489847186639,3.362926460497E-03));
#5376 = CARTESIAN_POINT('',(-1.496904051598,3.788475414401E-03));
#5377 = CARTESIAN_POINT('',(-1.503920013542,4.215396050349E-03));
#5378 = CARTESIAN_POINT('',(-1.510895431678,4.643635184083E-03));
#5379 = CARTESIAN_POINT('',(-1.51783065084,5.073139537909E-03));
#5380 = CARTESIAN_POINT('',(-1.52472600176,5.503855740915E-03));
#5381 = CARTESIAN_POINT('',(-1.531581801327,5.935730329233E-03));
#5382 = CARTESIAN_POINT('',(-1.538398352844,6.368709746372E-03));
#5383 = CARTESIAN_POINT('',(-1.545175946276,6.802740343577E-03));
#5384 = CARTESIAN_POINT('',(-1.551914858499,7.237768380319E-03));
#5385 = CARTESIAN_POINT('',(-1.558615353516,7.673740024555E-03));
#5386 = CARTESIAN_POINT('',(-1.565277682788,8.11060135406E-03));
#5387 = CARTESIAN_POINT('',(-1.571902085071,8.548298354003E-03));
#5388 = CARTESIAN_POINT('',(-1.578488788126,8.986776928766E-03));
#5389 = CARTESIAN_POINT('',(-1.582854931618,9.279580883448E-03));
#5390 = CARTESIAN_POINT('',(-1.585031791408,9.426095056545E-03));
#5391 = ( GEOMETRIC_REPRESENTATION_CONTEXT(2) 
PARAMETRIC_REPRESENTATION_CONTEXT() REPRESENTATION_CONTEXT('2D SPACE',''
  ) );
#5392 = PCURVE('',#5393,#5398);
#5393 = PLANE('',#5394);
#5394 = AXIS2_PLACEMENT_3D('',#5395,#5396,#5397);
#5395 = CARTESIAN_POINT('',(422.13379920766,-70.,-172.0243373364));
#5396 = DIRECTION('',(0.417651171751,-0.54979086473,-0.723393049313));
#5397 = DIRECTION('',(0.274895432365,0.835302343502,-0.476132855625));
#5398 = DEFINITIONAL_REPRESENTATION('',(#5399),#5404);
#5399 = B_SPLINE_CURVE_WITH_KNOTS('',3,(#5400,#5401,#5402,#5403),
  .UNSPECIFIED.,.F.,.F.,(4,4),(20.431848811573,22.351827698893),
  .PIECEWISE_BEZIER_KNOTS.);
#5400 = CARTESIAN_POINT('',(0.609196022522,64.173844741704));
#5401 = CARTESIAN_POINT('',(0.184414261982,67.650857542024));
#5402 = CARTESIAN_POINT('',(-1.193711796077E-12,71.194338674177));
#5403 = CARTESIAN_POINT('',(-1.648459146963E-12,74.718587228352));
#5404 = ( GEOMETRIC_REPRESENTATION_CONTEXT(2) 
PARAMETRIC_REPRESENTATION_CONTEXT() REPRESENTATION_CONTEXT('2D SPACE',''
  ) );
#5405 = ORIENTED_EDGE('',*,*,#5406,.F.);
#5406 = EDGE_CURVE('',#2956,#5355,#5407,.T.);
#5407 = SURFACE_CURVE('',#5408,(#5413,#5442),.PCURVE_S1.);
#5408 = ELLIPSE('',#5409,42.781978765604,42.5);
#5409 = AXIS2_PLACEMENT_3D('',#5410,#5411,#5412);
#5410 = CARTESIAN_POINT('',(477.87744421646,-27.5,-133.6269571055));
#5411 = DIRECTION('',(-1.,0.,0.));
#5412 = DIRECTION('',(-0.,-4.2E-16,-1.));
#5413 = PCURVE('',#3050,#5414);
#5414 = DEFINITIONAL_REPRESENTATION('',(#5415),#5441);
#5415 = B_SPLINE_CURVE_WITH_KNOTS('',3,(#5416,#5417,#5418,#5419,#5420,
    #5421,#5422,#5423,#5424,#5425,#5426,#5427,#5428,#5429,#5430,#5431,
    #5432,#5433,#5434,#5435,#5436,#5437,#5438,#5439,#5440),
  .UNSPECIFIED.,.F.,.F.,(4,1,1,1,1,1,1,1,1,1,1,1,1,1,1,1,1,1,1,1,1,1,4),
  (1.92E-15,6.435886274302E-02,0.128717725486,0.193076588229,
    0.257435450972,0.321794313715,0.386153176458,0.450512039201,
    0.514870901944,0.579229764687,0.64358862743,0.707947490173,
    0.772306352916,0.836665215659,0.901024078402,0.965382941145,
    1.029741803888,1.094100666631,1.158459529374,1.222818392117,
    1.28717725486,1.351536117603,1.415894980346),.QUASI_UNIFORM_KNOTS.);
#5416 = CARTESIAN_POINT('',(-1.423546461275E-02,1.45742840286E-05));
#5417 = CARTESIAN_POINT('',(-3.513306660874E-02,1.457428402869E-05));
#5418 = CARTESIAN_POINT('',(-7.670662789951E-02,1.457428402874E-05));
#5419 = CARTESIAN_POINT('',(-0.138535142407,1.457428402857E-05));
#5420 = CARTESIAN_POINT('',(-0.199966339816,1.45742840287E-05));
#5421 = CARTESIAN_POINT('',(-0.261129796666,1.457428402864E-05));
#5422 = CARTESIAN_POINT('',(-0.322153280754,1.457428402879E-05));
#5423 = CARTESIAN_POINT('',(-0.383163283076,1.457428402866E-05));
#5424 = CARTESIAN_POINT('',(-0.444286213675,1.457428402859E-05));
#5425 = CARTESIAN_POINT('',(-0.505649410915,1.457428402877E-05));
#5426 = CARTESIAN_POINT('',(-0.567382221234,1.457428402881E-05));
#5427 = CARTESIAN_POINT('',(-0.629617083496,1.45742840287E-05));
#5428 = CARTESIAN_POINT('',(-0.692490739236,1.457428402884E-05));
#5429 = CARTESIAN_POINT('',(-0.756145270992,1.457428402857E-05));
#5430 = CARTESIAN_POINT('',(-0.820730170564,1.457428402873E-05));
#5431 = CARTESIAN_POINT('',(-0.886401074452,1.457428402867E-05));
#5432 = CARTESIAN_POINT('',(-0.953331582301,1.457428402876E-05));
#5433 = CARTESIAN_POINT('',(-1.021677050536,1.457428402879E-05));
#5434 = CARTESIAN_POINT('',(-1.091718602866,1.457428402863E-05));
#5435 = CARTESIAN_POINT('',(-1.163335767736,1.457428402872E-05));
#5436 = CARTESIAN_POINT('',(-1.232542404767,1.457428402872E-05));
#5437 = CARTESIAN_POINT('',(-1.3003733734,1.457428402862E-05));
#5438 = CARTESIAN_POINT('',(-1.366793543161,1.457428402864E-05));
#5439 = CARTESIAN_POINT('',(-1.410287698698,1.457428402864E-05));
#5440 = CARTESIAN_POINT('',(-1.431864216846,1.457428402863E-05));
#5441 = ( GEOMETRIC_REPRESENTATION_CONTEXT(2) 
PARAMETRIC_REPRESENTATION_CONTEXT() REPRESENTATION_CONTEXT('2D SPACE',''
  ) );
#5442 = PCURVE('',#4134,#5443);
#5443 = DEFINITIONAL_REPRESENTATION('',(#5444),#5470);
#5444 = B_SPLINE_CURVE_WITH_KNOTS('',3,(#5445,#5446,#5447,#5448,#5449,
    #5450,#5451,#5452,#5453,#5454,#5455,#5456,#5457,#5458,#5459,#5460,
    #5461,#5462,#5463,#5464,#5465,#5466,#5467,#5468,#5469),
  .UNSPECIFIED.,.F.,.F.,(4,1,1,1,1,1,1,1,1,1,1,1,1,1,1,1,1,1,1,1,1,1,4),
  (1.92E-15,6.435886274302E-02,0.128717725486,0.193076588229,
    0.257435450972,0.321794313715,0.386153176458,0.450512039201,
    0.514870901944,0.579229764687,0.64358862743,0.707947490173,
    0.772306352916,0.836665215659,0.901024078402,0.965382941145,
    1.029741803888,1.094100666631,1.158459529374,1.222818392117,
    1.28717725486,1.351536117603,1.415894980346),.QUASI_UNIFORM_KNOTS.);
#5445 = CARTESIAN_POINT('',(5.497787143782,-42.6512621504));
#5446 = CARTESIAN_POINT('',(5.51924009803,-42.65126913737));
#5447 = CARTESIAN_POINT('',(5.562146006525,-42.64448589011));
#5448 = CARTESIAN_POINT('',(5.626504869268,-42.61405348921));
#5449 = CARTESIAN_POINT('',(5.690863732011,-42.56346491555));
#5450 = CARTESIAN_POINT('',(5.755222594754,-42.49293624341));
#5451 = CARTESIAN_POINT('',(5.819581457497,-42.40275773624));
#5452 = CARTESIAN_POINT('',(5.88394032024,-42.29330326446));
#5453 = CARTESIAN_POINT('',(5.948299182983,-42.16502591187));
#5454 = CARTESIAN_POINT('',(6.012658045726,-42.01845686204));
#5455 = CARTESIAN_POINT('',(6.077016908469,-41.8542029946));
#5456 = CARTESIAN_POINT('',(6.141375771212,-41.67294442708));
#5457 = CARTESIAN_POINT('',(6.205734633955,-41.47543168417));
#5458 = CARTESIAN_POINT('',(6.270093496698,-41.26248259396));
#5459 = CARTESIAN_POINT('',(6.334452359441,-41.03497890054));
#5460 = CARTESIAN_POINT('',(6.398811222184,-40.79386261354));
#5461 = CARTESIAN_POINT('',(6.463170084927,-40.5401321066));
#5462 = CARTESIAN_POINT('',(6.52752894767,-40.27483798692));
#5463 = CARTESIAN_POINT('',(6.591887810413,-39.99907873238));
#5464 = CARTESIAN_POINT('',(6.656246673157,-39.71399619053));
#5465 = CARTESIAN_POINT('',(6.7206055359,-39.42077067365));
#5466 = CARTESIAN_POINT('',(6.784964398643,-39.12061673209));
#5467 = CARTESIAN_POINT('',(6.849323261386,-38.81477565985));
#5468 = CARTESIAN_POINT('',(6.892229169881,-38.60793825727));
#5469 = CARTESIAN_POINT('',(6.913682124129,-38.50399426698));
#5470 = ( GEOMETRIC_REPRESENTATION_CONTEXT(2) 
PARAMETRIC_REPRESENTATION_CONTEXT() REPRESENTATION_CONTEXT('2D SPACE',''
  ) );
#5471 = ORIENTED_EDGE('',*,*,#3035,.F.);
#5472 = ORIENTED_EDGE('',*,*,#5473,.T.);
#5473 = EDGE_CURVE('',#3008,#5474,#5476,.T.);
#5474 = VERTEX_POINT('',#5475);
#5475 = CARTESIAN_POINT('',(499.07449300378,-59.08201066531,
    -164.5046905373));
#5476 = SURFACE_CURVE('',#5477,(#5522,#5570),.PCURVE_S1.);
#5477 = B_SPLINE_CURVE_WITH_KNOTS('',8,(#5478,#5479,#5480,#5481,#5482,
    #5483,#5484,#5485,#5486,#5487,#5488,#5489,#5490,#5491,#5492,#5493,
    #5494,#5495,#5496,#5497,#5498,#5499,#5500,#5501,#5502,#5503,#5504,
    #5505,#5506,#5507,#5508,#5509,#5510,#5511,#5512,#5513,#5514,#5515,
    #5516,#5517,#5518,#5519,#5520,#5521),.UNSPECIFIED.,.F.,.F.,(9,7,7,7,
    7,7,9),(0.,0.655578150201,0.828736019858,0.913754317508,
    0.955787853914,0.977716467278,1.),.UNSPECIFIED.);
#5478 = CARTESIAN_POINT('',(499.07449300378,-27.5,-178.6261269219));
#5479 = CARTESIAN_POINT('',(499.07449300378,-30.42205216426,
    -178.6261269219));
#5480 = CARTESIAN_POINT('',(499.07449300378,-33.34462532881,
    -178.3955144925));
#5481 = CARTESIAN_POINT('',(499.07449300378,-36.24571390813,
    -177.93414597));
#5482 = CARTESIAN_POINT('',(499.07449300378,-39.1040773046,
    -177.2446262062));
#5483 = CARTESIAN_POINT('',(499.07449300378,-41.8991248942,
    -176.3317735204));
#5484 = CARTESIAN_POINT('',(499.07449300378,-44.6109241804,
    -175.2025750862));
#5485 = CARTESIAN_POINT('',(499.07449300378,-47.22022308275,
    -173.8661910277));
#5486 = CARTESIAN_POINT('',(499.07449300378,-50.36587420625,
    -171.9298293917));
#5487 = CARTESIAN_POINT('',(499.07449300378,-51.01472989036,
    -171.5115909693));
#5488 = CARTESIAN_POINT('',(499.07449300378,-51.65485308478,
    -171.0799098519));
#5489 = CARTESIAN_POINT('',(499.07449300378,-52.28592164311,
    -170.6350032175));
#5490 = CARTESIAN_POINT('',(499.07449300378,-52.90762039854,
    -170.1770972212));
#5491 = CARTESIAN_POINT('',(499.07449300378,-53.51964116393,
    -169.7064269943));
#5492 = CARTESIAN_POINT('',(499.07449300378,-54.12168273173,
    -169.223236645));
#5493 = CARTESIAN_POINT('',(499.07449300378,-55.00400145752,
    -168.484516023));
#5494 = CARTESIAN_POINT('',(499.07449300378,-55.29207557156,
    -168.238295473));
#5495 = CARTESIAN_POINT('',(499.07449300378,-55.57763845291,
    -167.9891475049));
#5496 = CARTESIAN_POINT('',(499.07449300378,-55.86065579439,
    -167.7371024838));
#5497 = CARTESIAN_POINT('',(499.07449300378,-56.14109374496,
    -167.4821912443));
#5498 = CARTESIAN_POINT('',(499.07449300378,-56.41891890963,
    -167.2244450895));
#5499 = CARTESIAN_POINT('',(499.07449300378,-56.69409834955,
    -166.9638957919));
#5500 = CARTESIAN_POINT('',(499.07449300378,-57.10132576194,
    -166.5703885684));
#5501 = CARTESIAN_POINT('',(499.07449300378,-57.23539729203,
    -166.4395242294));
#5502 = CARTESIAN_POINT('',(499.07449300378,-57.36881024818,
    -166.3079864704));
#5503 = CARTESIAN_POINT('',(499.07449300378,-57.50156073493,
    -166.1757792122));
#5504 = CARTESIAN_POINT('',(499.07449300378,-57.63364488537,
    -166.0429064023));
#5505 = CARTESIAN_POINT('',(499.07449300378,-57.76505886119,
    -165.9093720144));
#5506 = CARTESIAN_POINT('',(499.07449300378,-57.89579885261,
    -165.7751800487));
#5507 = CARTESIAN_POINT('',(499.07449300378,-58.09371366732,
    -165.569986532));
#5508 = CARTESIAN_POINT('',(499.07449300378,-58.16133972245,
    -165.4995042768));
#5509 = CARTESIAN_POINT('',(499.07449300378,-58.22873888067,
    -165.4288889589));
#5510 = CARTESIAN_POINT('',(499.07449300378,-58.29591078809,
    -165.3581417717));
#5511 = CARTESIAN_POINT('',(499.07449300378,-58.36285510015,
    -165.2872639086));
#5512 = CARTESIAN_POINT('',(499.07449300378,-58.42957148162,
    -165.2162565639));
#5513 = CARTESIAN_POINT('',(499.07449300378,-58.49605960656,
    -165.1451209316));
#5514 = CARTESIAN_POINT('',(499.07449300378,-58.62965113538,
    -165.0014420789));
#5515 = CARTESIAN_POINT('',(499.07449300378,-58.69457109096,
    -164.9312353077));
#5516 = CARTESIAN_POINT('',(499.07449300378,-58.75931151128,
    -164.8608794322));
#5517 = CARTESIAN_POINT('',(499.07449300378,-58.8249934535,
    -164.7891454016));
#5518 = CARTESIAN_POINT('',(499.07449300378,-58.89164803707,-164.7159546
    ));
#5519 = CARTESIAN_POINT('',(499.07449300378,-58.95824611516,
    -164.642407366));
#5520 = CARTESIAN_POINT('',(499.07449300378,-59.02272619365,
    -164.5708099112));
#5521 = CARTESIAN_POINT('',(499.07449300378,-59.08201066531,
    -164.5046905373));
#5522 = PCURVE('',#3050,#5523);
#5523 = DEFINITIONAL_REPRESENTATION('',(#5524),#5569);
#5524 = B_SPLINE_CURVE_WITH_KNOTS('',8,(#5525,#5526,#5527,#5528,#5529,
    #5530,#5531,#5532,#5533,#5534,#5535,#5536,#5537,#5538,#5539,#5540,
    #5541,#5542,#5543,#5544,#5545,#5546,#5547,#5548,#5549,#5550,#5551,
    #5552,#5553,#5554,#5555,#5556,#5557,#5558,#5559,#5560,#5561,#5562,
    #5563,#5564,#5565,#5566,#5567,#5568),.UNSPECIFIED.,.F.,.F.,(9,7,7,7,
    7,7,9),(0.,0.655578150201,0.828736019858,0.913754317508,
    0.955787853914,0.977716467278,1.),.UNSPECIFIED.);
#5525 = CARTESIAN_POINT('',(-1.423546461275E-02,2.129734923946E-02));
#5526 = CARTESIAN_POINT('',(-8.121093985434E-02,2.129734923946E-02));
#5527 = CARTESIAN_POINT('',(-0.147325657564,2.130228960639E-02));
#5528 = CARTESIAN_POINT('',(-0.212818304422,2.131217341795E-02));
#5529 = CARTESIAN_POINT('',(-0.277929222854,2.132695772984E-02));
#5530 = CARTESIAN_POINT('',(-0.342893144389,2.134656507389E-02));
#5531 = CARTESIAN_POINT('',(-0.407942147404,2.137088277308E-02));
#5532 = CARTESIAN_POINT('',(-0.473308112535,2.13997603823E-02));
#5533 = CARTESIAN_POINT('',(-0.556624747654,2.144177375665E-02));
#5534 = CARTESIAN_POINT('',(-0.574071777598,2.145085653291E-02));
#5535 = CARTESIAN_POINT('',(-0.591561939428,2.146024019987E-02));
#5536 = CARTESIAN_POINT('',(-0.609099768844,2.14699210574E-02));
#5537 = CARTESIAN_POINT('',(-0.626689880047,2.147989522683E-02));
#5538 = CARTESIAN_POINT('',(-0.644336965742,2.149015865097E-02));
#5539 = CARTESIAN_POINT('',(-0.662045797136,2.150070709411E-02));
#5540 = CARTESIAN_POINT('',(-0.688548730984,2.151685306591E-02));
#5541 = CARTESIAN_POINT('',(-0.697292296479,2.152223763597E-02));
#5542 = CARTESIAN_POINT('',(-0.706052496559,2.152768933008E-02));
#5543 = CARTESIAN_POINT('',(-0.714829913918,2.1533207616E-02));
#5544 = CARTESIAN_POINT('',(-0.723625137813,2.153879195135E-02));
#5545 = CARTESIAN_POINT('',(-0.732438764063,2.15444417836E-02));
#5546 = CARTESIAN_POINT('',(-0.741271395048,2.155015655009E-02));
#5547 = CARTESIAN_POINT('',(-0.754500240499,2.155879291218E-02));
#5548 = CARTESIAN_POINT('',(-0.758881635733,2.15616658787E-02));
#5549 = CARTESIAN_POINT('',(-0.763267899076,2.156455450836E-02));
#5550 = CARTESIAN_POINT('',(-0.767659104646,2.156745873135E-02));
#5551 = CARTESIAN_POINT('',(-0.77205532702,2.157037847727E-02));
#5552 = CARTESIAN_POINT('',(-0.776456641231,2.15733136751E-02));
#5553 = CARTESIAN_POINT('',(-0.780863122774,2.157626425325E-02));
#5554 = CARTESIAN_POINT('',(-0.787576414781,2.158077742241E-02));
#5555 = CARTESIAN_POINT('',(-0.789877981964,2.158232791229E-02));
#5556 = CARTESIAN_POINT('',(-0.792179549147,2.158388158465E-02));
#5557 = CARTESIAN_POINT('',(-0.794481116331,2.158543841501E-02));
#5558 = CARTESIAN_POINT('',(-0.796782683515,2.158699837885E-02));
#5559 = CARTESIAN_POINT('',(-0.799084250698,2.158856145162E-02));
#5560 = CARTESIAN_POINT('',(-0.801385817881,2.159012760875E-02));
#5561 = CARTESIAN_POINT('',(-0.806026203609,2.159329144062E-02));
#5562 = CARTESIAN_POINT('',(-0.80828962407,2.159483787648E-02));
#5563 = CARTESIAN_POINT('',(-0.810553314376,2.159638698949E-02));
#5564 = CARTESIAN_POINT('',(-0.812858754743,2.159796797753E-02));
#5565 = CARTESIAN_POINT('',(-0.815206482592,2.159958099344E-02));
#5566 = CARTESIAN_POINT('',(-0.81756000217,2.160120084274E-02));
#5567 = CARTESIAN_POINT('',(-0.819848790964,2.160277978243E-02));
#5568 = CARTESIAN_POINT('',(-0.82195883496,2.160423743671E-02));
#5569 = ( GEOMETRIC_REPRESENTATION_CONTEXT(2) 
PARAMETRIC_REPRESENTATION_CONTEXT() REPRESENTATION_CONTEXT('2D SPACE',''
  ) );
#5570 = PCURVE('',#3023,#5571);
#5571 = DEFINITIONAL_REPRESENTATION('',(#5572),#5617);
#5572 = B_SPLINE_CURVE_WITH_KNOTS('',8,(#5573,#5574,#5575,#5576,#5577,
    #5578,#5579,#5580,#5581,#5582,#5583,#5584,#5585,#5586,#5587,#5588,
    #5589,#5590,#5591,#5592,#5593,#5594,#5595,#5596,#5597,#5598,#5599,
    #5600,#5601,#5602,#5603,#5604,#5605,#5606,#5607,#5608,#5609,#5610,
    #5611,#5612,#5613,#5614,#5615,#5616),.UNSPECIFIED.,.F.,.F.,(9,7,7,7,
    7,7,9),(0.,0.655578150201,0.828736019858,0.913754317508,
    0.955787853914,0.977716467278,1.),.UNSPECIFIED.);
#5573 = CARTESIAN_POINT('',(12.989087950587,-45.62612692197));
#5574 = CARTESIAN_POINT('',(15.911140114852,-45.62612692197));
#5575 = CARTESIAN_POINT('',(18.833713279396,-45.39551449252));
#5576 = CARTESIAN_POINT('',(21.734801858722,-44.93414597));
#5577 = CARTESIAN_POINT('',(24.593165255187,-44.24462620625));
#5578 = CARTESIAN_POINT('',(27.388212844786,-43.33177352041));
#5579 = CARTESIAN_POINT('',(30.100012130995,-42.20257508627));
#5580 = CARTESIAN_POINT('',(32.709311033345,-40.86619102778));
#5581 = CARTESIAN_POINT('',(35.854962156845,-38.92982939177));
#5582 = CARTESIAN_POINT('',(36.503817840948,-38.51159096939));
#5583 = CARTESIAN_POINT('',(37.143941035373,-38.07990985192));
#5584 = CARTESIAN_POINT('',(37.775009593698,-37.63500321758));
#5585 = CARTESIAN_POINT('',(38.396708349133,-37.17709722121));
#5586 = CARTESIAN_POINT('',(39.008729114517,-36.70642699432));
#5587 = CARTESIAN_POINT('',(39.610770682317,-36.22323664507));
#5588 = CARTESIAN_POINT('',(40.493089408115,-35.48451602302));
#5589 = CARTESIAN_POINT('',(40.781163522156,-35.23829547309));
#5590 = CARTESIAN_POINT('',(41.066726403499,-34.98914750491));
#5591 = CARTESIAN_POINT('',(41.349743744984,-34.73710248386));
#5592 = CARTESIAN_POINT('',(41.630181695548,-34.4821912443));
#5593 = CARTESIAN_POINT('',(41.908006860224,-34.22444508956));
#5594 = CARTESIAN_POINT('',(42.183186300144,-33.96389579195));
#5595 = CARTESIAN_POINT('',(42.590413712531,-33.57038856843));
#5596 = CARTESIAN_POINT('',(42.724485242623,-33.43952422947));
#5597 = CARTESIAN_POINT('',(42.857898198776,-33.30798647042));
#5598 = CARTESIAN_POINT('',(42.990648685522,-33.17577921226));
#5599 = CARTESIAN_POINT('',(43.122732835964,-33.04290640235));
#5600 = CARTESIAN_POINT('',(43.254146811776,-32.90937201447));
#5601 = CARTESIAN_POINT('',(43.384886803201,-32.77518004877));
#5602 = CARTESIAN_POINT('',(43.582801617908,-32.56998653209));
#5603 = CARTESIAN_POINT('',(43.650427673043,-32.49950427684));
#5604 = CARTESIAN_POINT('',(43.717826831259,-32.42888895896));
#5605 = CARTESIAN_POINT('',(43.784998738679,-32.3581417717));
#5606 = CARTESIAN_POINT('',(43.851943050743,-32.28726390869));
#5607 = CARTESIAN_POINT('',(43.918659432208,-32.2162565639));
#5608 = CARTESIAN_POINT('',(43.985147557149,-32.14512093166));
#5609 = CARTESIAN_POINT('',(44.118739085971,-32.00144207897));
#5610 = CARTESIAN_POINT('',(44.183659041555,-31.93123530776));
#5611 = CARTESIAN_POINT('',(44.248399461869,-31.8608794322));
#5612 = CARTESIAN_POINT('',(44.314081404086,-31.78914540166));
#5613 = CARTESIAN_POINT('',(44.380735987661,-31.71595460002));
#5614 = CARTESIAN_POINT('',(44.447334065748,-31.64240736601));
#5615 = CARTESIAN_POINT('',(44.511814144241,-31.57080991123));
#5616 = CARTESIAN_POINT('',(44.571098615898,-31.50469053736));
#5617 = ( GEOMETRIC_REPRESENTATION_CONTEXT(2) 
PARAMETRIC_REPRESENTATION_CONTEXT() REPRESENTATION_CONTEXT('2D SPACE',''
  ) );
#5618 = ORIENTED_EDGE('',*,*,#5619,.F.);
#5619 = EDGE_CURVE('',#5164,#5474,#5620,.T.);
#5620 = SURFACE_CURVE('',#5621,(#5648,#5678),.PCURVE_S1.);
#5621 = B_SPLINE_CURVE_WITH_KNOTS('',5,(#5622,#5623,#5624,#5625,#5626,
    #5627,#5628,#5629,#5630,#5631,#5632,#5633,#5634,#5635,#5636,#5637,
    #5638,#5639,#5640,#5641,#5642,#5643,#5644,#5645,#5646,#5647),
  .UNSPECIFIED.,.F.,.F.,(6,4,4,4,4,4,6),(0.,0.483473367289,
    0.737664140744,0.865713487463,0.932942511619,0.964490793011,1.),
  .UNSPECIFIED.);
#5622 = CARTESIAN_POINT('',(487.07449300378,-49.01281509118,
    -171.5473942764));
#5623 = CARTESIAN_POINT('',(488.29755635326,-50.03908709663,
    -171.0721133974));
#5624 = CARTESIAN_POINT('',(489.51006779612,-51.05650500114,
    -170.5506588544));
#5625 = CARTESIAN_POINT('',(490.71023868947,-52.06356795509,
    -169.9814942791));
#5626 = CARTESIAN_POINT('',(491.89584811926,-53.05841239035,
    -169.3629446306));
#5627 = CARTESIAN_POINT('',(493.67851242254,-54.55424534974,
    -168.3409894813));
#5628 = CARTESIAN_POINT('',(494.28802998686,-55.06569131317,
    -167.9746711278));
#5629 = CARTESIAN_POINT('',(494.89238669903,-55.57280680745,
    -167.5939198487));
#5630 = CARTESIAN_POINT('',(495.49114086235,-56.07522120505,
    -167.1984606744));
#5631 = CARTESIAN_POINT('',(496.38235590223,-56.82303941631,
    -166.5812480275));
#5632 = CARTESIAN_POINT('',(496.67936375399,-57.07225859519,
    -166.3706800348));
#5633 = CARTESIAN_POINT('',(496.97476193385,-57.32012709895,
    -166.156272742));
#5634 = CARTESIAN_POINT('',(497.26848357786,-57.56658882211,
    -165.9379904802));
#5635 = CARTESIAN_POINT('',(497.71375166872,-57.94021311293,
    -165.5991410659));
#5636 = CARTESIAN_POINT('',(497.86656370838,-58.06843763905,
    -165.4814065129));
#5637 = CARTESIAN_POINT('',(498.01888387065,-58.19624943103,
    -165.3625888944));
#5638 = CARTESIAN_POINT('',(498.17070159608,-58.32363962845,
    -165.2426831107));
#5639 = CARTESIAN_POINT('',(498.39300799193,-58.51017684321,
    -165.0649034027));
#5640 = CARTESIAN_POINT('',(498.46399189398,-58.56973940924,
    -165.0078060296));
#5641 = CARTESIAN_POINT('',(498.53495752738,-58.62928664605,
    -164.9503889378));
#5642 = CARTESIAN_POINT('',(498.60590470146,-58.68881839366,
    -164.8926489884));
#5643 = CARTESIAN_POINT('',(498.75666690348,-58.81532290176,
    -164.7692266423));
#5644 = CARTESIAN_POINT('',(498.83635140727,-58.88218613951,
    -164.7035599835));
#5645 = CARTESIAN_POINT('',(498.91588507272,-58.94892280885,
    -164.6375822561));
#5646 = CARTESIAN_POINT('',(498.99526619094,-59.01553147587,
    -164.5712927054));
#5647 = CARTESIAN_POINT('',(499.07449300378,-59.08201066531,
    -164.5046905373));
#5648 = PCURVE('',#3050,#5649);
#5649 = DEFINITIONAL_REPRESENTATION('',(#5650),#5677);
#5650 = B_SPLINE_CURVE_WITH_KNOTS('',5,(#5651,#5652,#5653,#5654,#5655,
    #5656,#5657,#5658,#5659,#5660,#5661,#5662,#5663,#5664,#5665,#5666,
    #5667,#5668,#5669,#5670,#5671,#5672,#5673,#5674,#5675,#5676),
  .UNSPECIFIED.,.F.,.F.,(6,4,4,4,4,4,6),(0.,0.483473367289,
    0.737664140744,0.865713487463,0.932942511619,0.964490793011,1.),
  .UNSPECIFIED.);
#5651 = CARTESIAN_POINT('',(-0.52091220941,9.309687307349E-03));
#5652 = CARTESIAN_POINT('',(-0.547730391186,1.055084986754E-02));
#5653 = CARTESIAN_POINT('',(-0.574963068354,1.178345746483E-02));
#5654 = CARTESIAN_POINT('',(-0.602668902969,1.300597626933E-02));
#5655 = CARTESIAN_POINT('',(-0.630910255997,1.421643597334E-02));
#5656 = CARTESIAN_POINT('',(-0.674933699343,1.604120123792E-02));
#5657 = CARTESIAN_POINT('',(-0.690272757464,1.666598433658E-02));
#5658 = CARTESIAN_POINT('',(-0.705791792336,1.728639950025E-02));
#5659 = CARTESIAN_POINT('',(-0.721502586434,1.790203792046E-02));
#5660 = CARTESIAN_POINT('',(-0.745435138785,1.881993094739E-02));
#5661 = CARTESIAN_POINT('',(-0.753504349837,1.912609321973E-02));
#5662 = CARTESIAN_POINT('',(-0.761627055747,1.943086711029E-02));
#5663 = CARTESIAN_POINT('',(-0.769804938049,1.973418945682E-02));
#5664 = CARTESIAN_POINT('',(-0.782363210624,2.019444728464E-02));
#5665 = CARTESIAN_POINT('',(-0.786702371506,2.035248286078E-02));
#5666 = CARTESIAN_POINT('',(-0.791057474306,2.051009004064E-02));
#5667 = CARTESIAN_POINT('',(-0.795428775982,2.066725874663E-02));
#5668 = CARTESIAN_POINT('',(-0.801875564954,2.089752181087E-02));
#5669 = CARTESIAN_POINT('',(-0.803940970132,2.097106456227E-02));
#5670 = CARTESIAN_POINT('',(-0.806012844884,2.104460680897E-02));
#5671 = CARTESIAN_POINT('',(-0.808091283284,2.111814854322E-02));
#5672 = CARTESIAN_POINT('',(-0.812523268167,2.127446416072E-02));
#5673 = CARTESIAN_POINT('',(-0.81487475707,2.135710736226E-02));
#5674 = CARTESIAN_POINT('',(-0.817231255021,2.143961871115E-02));
#5675 = CARTESIAN_POINT('',(-0.819592763865,2.152199646314E-02));
#5676 = CARTESIAN_POINT('',(-0.821958881323,2.160423778022E-02));
#5677 = ( GEOMETRIC_REPRESENTATION_CONTEXT(2) 
PARAMETRIC_REPRESENTATION_CONTEXT() REPRESENTATION_CONTEXT('2D SPACE',''
  ) );
#5678 = PCURVE('',#3483,#5679);
#5679 = DEFINITIONAL_REPRESENTATION('',(#5680),#5707);
#5680 = B_SPLINE_CURVE_WITH_KNOTS('',5,(#5681,#5682,#5683,#5684,#5685,
    #5686,#5687,#5688,#5689,#5690,#5691,#5692,#5693,#5694,#5695,#5696,
    #5697,#5698,#5699,#5700,#5701,#5702,#5703,#5704,#5705,#5706),
  .UNSPECIFIED.,.F.,.F.,(6,4,4,4,4,4,6),(0.,0.483473367289,
    0.737664140744,0.865713487463,0.932942511619,0.964490793011,1.),
  .UNSPECIFIED.);
#5681 = CARTESIAN_POINT('',(15.664887471987,-38.54739427649));
#5682 = CARTESIAN_POINT('',(14.068291660263,-38.07211339744));
#5683 = CARTESIAN_POINT('',(12.485470384355,-37.5506588544));
#5684 = CARTESIAN_POINT('',(10.91875855174,-36.98149427914));
#5685 = CARTESIAN_POINT('',(9.371055359787,-36.36294463062));
#5686 = CARTESIAN_POINT('',(7.043952383854,-35.34098948131));
#5687 = CARTESIAN_POINT('',(6.248283712407,-34.97467112783));
#5688 = CARTESIAN_POINT('',(5.459352054981,-34.5939198487));
#5689 = CARTESIAN_POINT('',(4.677734005674,-34.19846067442));
#5690 = CARTESIAN_POINT('',(3.514335396253,-33.58124802754));
#5691 = CARTESIAN_POINT('',(3.12661918157,-33.37068003481));
#5692 = CARTESIAN_POINT('',(2.741004244331,-33.15627274204));
#5693 = CARTESIAN_POINT('',(2.357577869204,-32.93799048027));
#5694 = CARTESIAN_POINT('',(1.776321657691,-32.5991410659));
#5695 = CARTESIAN_POINT('',(1.576839707214,-32.48140651299));
#5696 = CARTESIAN_POINT('',(1.377999857078,-32.36258889444));
#5697 = CARTESIAN_POINT('',(1.179815891646,-32.24268311079));
#5698 = CARTESIAN_POINT('',(0.889615502039,-32.06490340273));
#5699 = CARTESIAN_POINT('',(0.796952598884,-32.00780602969));
#5700 = CARTESIAN_POINT('',(0.704313543755,-31.95038893781));
#5701 = CARTESIAN_POINT('',(0.611698585544,-31.8926489884));
#5702 = CARTESIAN_POINT('',(0.41489250808,-31.7692266423));
#5703 = CARTESIAN_POINT('',(0.310871775979,-31.70355998357));
#5704 = CARTESIAN_POINT('',(0.207047949354,-31.6375822561));
#5705 = CARTESIAN_POINT('',(0.103423258999,-31.57129270546));
#5706 = CARTESIAN_POINT('',(0.,-31.50469053736));
#5707 = ( GEOMETRIC_REPRESENTATION_CONTEXT(2) 
PARAMETRIC_REPRESENTATION_CONTEXT() REPRESENTATION_CONTEXT('2D SPACE',''
  ) );
#5708 = ADVANCED_FACE('',(#5709),#3023,.F.);
#5709 = FACE_BOUND('',#5710,.F.);
#5710 = EDGE_LOOP('',(#5711,#5712,#5713,#5714,#5715));
#5711 = ORIENTED_EDGE('',*,*,#3495,.F.);
#5712 = ORIENTED_EDGE('',*,*,#3728,.T.);
#5713 = ORIENTED_EDGE('',*,*,#3007,.T.);
#5714 = ORIENTED_EDGE('',*,*,#5473,.T.);
#5715 = ORIENTED_EDGE('',*,*,#5716,.F.);
#5716 = EDGE_CURVE('',#3468,#5474,#5717,.T.);
#5717 = SURFACE_CURVE('',#5718,(#5722,#5729),.PCURVE_S1.);
#5718 = LINE('',#5719,#5720);
#5719 = CARTESIAN_POINT('',(499.07449300378,-59.08201066531,-133.));
#5720 = VECTOR('',#5721,1.);
#5721 = DIRECTION('',(-0.,-0.,-1.));
#5722 = PCURVE('',#3023,#5723);
#5723 = DEFINITIONAL_REPRESENTATION('',(#5724),#5728);
#5724 = LINE('',#5725,#5726);
#5725 = CARTESIAN_POINT('',(44.571098615898,0.));
#5726 = VECTOR('',#5727,1.);
#5727 = DIRECTION('',(0.,-1.));
#5728 = ( GEOMETRIC_REPRESENTATION_CONTEXT(2) 
PARAMETRIC_REPRESENTATION_CONTEXT() REPRESENTATION_CONTEXT('2D SPACE',''
  ) );
#5729 = PCURVE('',#3483,#5730);
#5730 = DEFINITIONAL_REPRESENTATION('',(#5731),#5735);
#5731 = LINE('',#5732,#5733);
#5732 = CARTESIAN_POINT('',(0.,0.));
#5733 = VECTOR('',#5734,1.);
#5734 = DIRECTION('',(0.,-1.));
#5735 = ( GEOMETRIC_REPRESENTATION_CONTEXT(2) 
PARAMETRIC_REPRESENTATION_CONTEXT() REPRESENTATION_CONTEXT('2D SPACE',''
  ) );
#5736 = ADVANCED_FACE('',(#5737),#3483,.F.);
#5737 = FACE_BOUND('',#5738,.F.);
#5738 = EDGE_LOOP('',(#5739,#5740,#5741,#5742));
#5739 = ORIENTED_EDGE('',*,*,#3467,.F.);
#5740 = ORIENTED_EDGE('',*,*,#5716,.T.);
#5741 = ORIENTED_EDGE('',*,*,#5619,.F.);
#5742 = ORIENTED_EDGE('',*,*,#5743,.F.);
#5743 = EDGE_CURVE('',#3440,#5164,#5744,.T.);
#5744 = SURFACE_CURVE('',#5745,(#5749,#5756),.PCURVE_S1.);
#5745 = LINE('',#5746,#5747);
#5746 = CARTESIAN_POINT('',(487.07449300378,-49.01281509118,-133.));
#5747 = VECTOR('',#5748,1.);
#5748 = DIRECTION('',(-0.,-0.,-1.));
#5749 = PCURVE('',#3483,#5750);
#5750 = DEFINITIONAL_REPRESENTATION('',(#5751),#5755);
#5751 = LINE('',#5752,#5753);
#5752 = CARTESIAN_POINT('',(15.664887471987,0.));
#5753 = VECTOR('',#5754,1.);
#5754 = DIRECTION('',(0.,-1.));
#5755 = ( GEOMETRIC_REPRESENTATION_CONTEXT(2) 
PARAMETRIC_REPRESENTATION_CONTEXT() REPRESENTATION_CONTEXT('2D SPACE',''
  ) );
#5756 = PCURVE('',#3455,#5757);
#5757 = DEFINITIONAL_REPRESENTATION('',(#5758),#5762);
#5758 = LINE('',#5759,#5760);
#5759 = CARTESIAN_POINT('',(0.,0.));
#5760 = VECTOR('',#5761,1.);
#5761 = DIRECTION('',(0.,-1.));
#5762 = ( GEOMETRIC_REPRESENTATION_CONTEXT(2) 
PARAMETRIC_REPRESENTATION_CONTEXT() REPRESENTATION_CONTEXT('2D SPACE',''
  ) );
#5763 = ADVANCED_FACE('',(#5764),#3455,.F.);
#5764 = FACE_BOUND('',#5765,.F.);
#5765 = EDGE_LOOP('',(#5766,#5767,#5768));
#5766 = ORIENTED_EDGE('',*,*,#3439,.F.);
#5767 = ORIENTED_EDGE('',*,*,#5743,.T.);
#5768 = ORIENTED_EDGE('',*,*,#5163,.T.);
#5769 = ADVANCED_FACE('',(#5770),#3370,.T.);
#5770 = FACE_BOUND('',#5771,.T.);
#5771 = EDGE_LOOP('',(#5772,#5773,#5796,#5855,#5876));
#5772 = ORIENTED_EDGE('',*,*,#3354,.T.);
#5773 = ORIENTED_EDGE('',*,*,#5774,.T.);
#5774 = EDGE_CURVE('',#3327,#5775,#5777,.T.);
#5775 = VERTEX_POINT('',#5776);
#5776 = CARTESIAN_POINT('',(407.77159321201,-70.,-177.8691538655));
#5777 = SURFACE_CURVE('',#5778,(#5782,#5789),.PCURVE_S1.);
#5778 = LINE('',#5779,#5780);
#5779 = CARTESIAN_POINT('',(407.77159321201,-70.,-77.19328770895));
#5780 = VECTOR('',#5781,1.);
#5781 = DIRECTION('',(0.,0.,-1.));
#5782 = PCURVE('',#3370,#5783);
#5783 = DEFINITIONAL_REPRESENTATION('',(#5784),#5788);
#5784 = LINE('',#5785,#5786);
#5785 = CARTESIAN_POINT('',(107.22840678798,136.09328770895));
#5786 = VECTOR('',#5787,1.);
#5787 = DIRECTION('',(0.,1.));
#5788 = ( GEOMETRIC_REPRESENTATION_CONTEXT(2) 
PARAMETRIC_REPRESENTATION_CONTEXT() REPRESENTATION_CONTEXT('2D SPACE',''
  ) );
#5789 = PCURVE('',#3342,#5790);
#5790 = DEFINITIONAL_REPRESENTATION('',(#5791),#5795);
#5791 = LINE('',#5792,#5793);
#5792 = CARTESIAN_POINT('',(136.09328770895,30.));
#5793 = VECTOR('',#5794,1.);
#5794 = DIRECTION('',(-1.,0.));
#5795 = ( GEOMETRIC_REPRESENTATION_CONTEXT(2) 
PARAMETRIC_REPRESENTATION_CONTEXT() REPRESENTATION_CONTEXT('2D SPACE',''
  ) );
#5796 = ORIENTED_EDGE('',*,*,#5797,.T.);
#5797 = EDGE_CURVE('',#5775,#5798,#5800,.T.);
#5798 = VERTEX_POINT('',#5799);
#5799 = CARTESIAN_POINT('',(422.13379920766,-70.,-172.0243373364));
#5800 = SURFACE_CURVE('',#5801,(#5806,#5813),.PCURVE_S1.);
#5801 = CIRCLE('',#5802,56.723898769897);
#5802 = AXIS2_PLACEMENT_3D('',#5803,#5804,#5805);
#5803 = CARTESIAN_POINT('',(393.77184982271,-70.,-122.9));
#5804 = DIRECTION('',(6.E-16,-1.,-4.6E-15));
#5805 = DIRECTION('',(0.,4.6E-15,-1.));
#5806 = PCURVE('',#3370,#5807);
#5807 = DEFINITIONAL_REPRESENTATION('',(#5808),#5812);
#5808 = CIRCLE('',#5809,56.723898769897);
#5809 = AXIS2_PLACEMENT_2D('',#5810,#5811);
#5810 = CARTESIAN_POINT('',(121.22815017728,181.8));
#5811 = DIRECTION('',(0.,1.));
#5812 = ( GEOMETRIC_REPRESENTATION_CONTEXT(2) 
PARAMETRIC_REPRESENTATION_CONTEXT() REPRESENTATION_CONTEXT('2D SPACE',''
  ) );
#5813 = PCURVE('',#5814,#5827);
#5814 = ( BOUNDED_SURFACE() B_SPLINE_SURFACE(3,2,(
    (#5815,#5816,#5817)
    ,(#5818,#5819,#5820)
    ,(#5821,#5822,#5823)
    ,(#5824,#5825,#5826
)),.UNSPECIFIED.,.F.,.F.,.F.) B_SPLINE_SURFACE_WITH_KNOTS((4,4),(3,3),(
    0.,0.51255589505),(0.,0.523598775598),.PIECEWISE_BEZIER_KNOTS.) 
GEOMETRIC_REPRESENTATION_ITEM() RATIONAL_B_SPLINE_SURFACE((
    (1.,0.965925826289,1.)
    ,(1.,0.965925826289,1.)
    ,(1.,0.965925826289,1.)
,(1.,0.965925826289,1.))) REPRESENTATION_ITEM('') SURFACE() );
#5815 = CARTESIAN_POINT('',(393.77184982271,-70.,-179.6238987698));
#5816 = CARTESIAN_POINT('',(408.97097268965,-70.,-179.6238987698));
#5817 = CARTESIAN_POINT('',(422.13379920766,-70.,-172.0243373364));
#5818 = CARTESIAN_POINT('',(393.77184982271,-68.57286953229,
    -180.5632272657));
#5819 = CARTESIAN_POINT('',(409.22266500155,-68.57286953229,
    -180.5632272657));
#5820 = CARTESIAN_POINT('',(422.6034634556,-68.57286953229,
    -172.8378196763));
#5821 = CARTESIAN_POINT('',(393.77184982271,-67.14573906459,
    -181.5025557616));
#5822 = CARTESIAN_POINT('',(409.47435731344,-67.14573906459,
    -181.5025557616));
#5823 = CARTESIAN_POINT('',(423.07312770353,-67.14573906459,
    -173.6513020162));
#5824 = CARTESIAN_POINT('',(393.77184982271,-65.71860859688,
    -182.4418842575));
#5825 = CARTESIAN_POINT('',(409.72604962534,-65.71860859688,
    -182.4418842575));
#5826 = CARTESIAN_POINT('',(423.54279195147,-65.71860859689,
    -174.4647843562));
#5827 = DEFINITIONAL_REPRESENTATION('',(#5828),#5854);
#5828 = B_SPLINE_CURVE_WITH_KNOTS('',3,(#5829,#5830,#5831,#5832,#5833,
    #5834,#5835,#5836,#5837,#5838,#5839,#5840,#5841,#5842,#5843,#5844,
    #5845,#5846,#5847,#5848,#5849,#5850,#5851,#5852,#5853),
  .UNSPECIFIED.,.F.,.F.,(4,1,1,1,1,1,1,1,1,1,1,1,1,1,1,1,1,1,1,1,1,1,4),
  (0.249381900124,0.261846303555,0.274310706986,0.286775110416,
    0.299239513847,0.311703917277,0.324168320708,0.336632724139,
    0.349097127569,0.361561531,0.374025934431,0.386490337861,
    0.398954741292,0.411419144723,0.423883548153,0.436347951584,
    0.448812355014,0.461276758445,0.473741161876,0.486205565306,
    0.498669968737,0.511134372168,0.523598775598),
  .QUASI_UNIFORM_KNOTS.);
#5829 = CARTESIAN_POINT('',(0.,0.249452746057));
#5830 = CARTESIAN_POINT('',(0.,0.253583948839));
#5831 = CARTESIAN_POINT('',(0.,0.261846034679));
#5832 = CARTESIAN_POINT('',(0.,0.274239167079));
#5833 = CARTESIAN_POINT('',(0.,0.28663326583));
#5834 = CARTESIAN_POINT('',(0.,0.29902929397));
#5835 = CARTESIAN_POINT('',(0.,0.311428215131));
#5836 = CARTESIAN_POINT('',(0.,0.323830993845));
#5837 = CARTESIAN_POINT('',(0.,0.336238595841));
#5838 = CARTESIAN_POINT('',(0.,0.348651988354));
#5839 = CARTESIAN_POINT('',(0.,0.361072140418));
#5840 = CARTESIAN_POINT('',(0.,0.373500023175));
#5841 = CARTESIAN_POINT('',(0.,0.385936610179));
#5842 = CARTESIAN_POINT('',(0.,0.398382877699));
#5843 = CARTESIAN_POINT('',(0.,0.410839805032));
#5844 = CARTESIAN_POINT('',(0.,0.423308374809));
#5845 = CARTESIAN_POINT('',(0.,0.435789573311));
#5846 = CARTESIAN_POINT('',(0.,0.448284390781));
#5847 = CARTESIAN_POINT('',(0.,0.460793821739));
#5848 = CARTESIAN_POINT('',(0.,0.47331886532));
#5849 = CARTESIAN_POINT('',(0.,0.485860525537));
#5850 = CARTESIAN_POINT('',(0.,0.49841981182));
#5851 = CARTESIAN_POINT('',(0.,0.510997738561));
#5852 = CARTESIAN_POINT('',(-0.,0.519396131771));
#5853 = CARTESIAN_POINT('',(0.,0.523598775598));
#5854 = ( GEOMETRIC_REPRESENTATION_CONTEXT(2) 
PARAMETRIC_REPRESENTATION_CONTEXT() REPRESENTATION_CONTEXT('2D SPACE',''
  ) );
#5855 = ORIENTED_EDGE('',*,*,#5856,.T.);
#5856 = EDGE_CURVE('',#5798,#5332,#5857,.T.);
#5857 = SURFACE_CURVE('',#5858,(#5862,#5869),.PCURVE_S1.);
#5858 = LINE('',#5859,#5860);
#5859 = CARTESIAN_POINT('',(422.13379920766,-70.,-172.0243373364));
#5860 = VECTOR('',#5861,1.);
#5861 = DIRECTION('',(0.866025403784,-1.18E-15,0.5));
#5862 = PCURVE('',#3370,#5863);
#5863 = DEFINITIONAL_REPRESENTATION('',(#5864),#5868);
#5864 = LINE('',#5865,#5866);
#5865 = CARTESIAN_POINT('',(92.866200792337,230.92433733642));
#5866 = VECTOR('',#5867,1.);
#5867 = DIRECTION('',(-0.866025403784,-0.5));
#5868 = ( GEOMETRIC_REPRESENTATION_CONTEXT(2) 
PARAMETRIC_REPRESENTATION_CONTEXT() REPRESENTATION_CONTEXT('2D SPACE',''
  ) );
#5869 = PCURVE('',#5393,#5870);
#5870 = DEFINITIONAL_REPRESENTATION('',(#5871),#5875);
#5871 = LINE('',#5872,#5873);
#5872 = CARTESIAN_POINT('',(0.,0.));
#5873 = VECTOR('',#5874,1.);
#5874 = DIRECTION('',(-2.306488333659E-14,1.));
#5875 = ( GEOMETRIC_REPRESENTATION_CONTEXT(2) 
PARAMETRIC_REPRESENTATION_CONTEXT() REPRESENTATION_CONTEXT('2D SPACE',''
  ) );
#5876 = ORIENTED_EDGE('',*,*,#5331,.F.);
#5877 = ADVANCED_FACE('',(#5878,#6103),#3342,.F.);
#5878 = FACE_BOUND('',#5879,.T.);
#5879 = EDGE_LOOP('',(#5880,#5881,#5927,#5955,#5996,#6076,#6102));
#5880 = ORIENTED_EDGE('',*,*,#3326,.F.);
#5881 = ORIENTED_EDGE('',*,*,#5882,.F.);
#5882 = EDGE_CURVE('',#5883,#3299,#5885,.T.);
#5883 = VERTEX_POINT('',#5884);
#5884 = CARTESIAN_POINT('',(407.77159321201,-40.,-136.7040653043));
#5885 = SURFACE_CURVE('',#5886,(#5891,#5898),.PCURVE_S1.);
#5886 = ELLIPSE('',#5887,458.97173639051,40.);
#5887 = AXIS2_PLACEMENT_3D('',#5888,#5889,#5890);
#5888 = CARTESIAN_POINT('',(407.77159321201,-496.5600600192,
    -128.0544074373));
#5889 = DIRECTION('',(1.,-0.,0.));
#5890 = DIRECTION('',(0.,0.999949050938,-1.009433146853E-02));
#5891 = PCURVE('',#3342,#5892);
#5892 = DEFINITIONAL_REPRESENTATION('',(#5893),#5897);
#5893 = ELLIPSE('',#5894,458.97173639051,40.);
#5894 = AXIS2_PLACEMENT_2D('',#5895,#5896);
#5895 = CARTESIAN_POINT('',(85.232167980536,456.56006001929));
#5896 = DIRECTION('',(-1.009433146853E-02,-0.999949050938));
#5897 = ( GEOMETRIC_REPRESENTATION_CONTEXT(2) 
PARAMETRIC_REPRESENTATION_CONTEXT() REPRESENTATION_CONTEXT('2D SPACE',''
  ) );
#5898 = PCURVE('',#3315,#5899);
#5899 = DEFINITIONAL_REPRESENTATION('',(#5900),#5926);
#5900 = B_SPLINE_CURVE_WITH_KNOTS('',3,(#5901,#5902,#5903,#5904,#5905,
    #5906,#5907,#5908,#5909,#5910,#5911,#5912,#5913,#5914,#5915,#5916,
    #5917,#5918,#5919,#5920,#5921,#5922,#5923,#5924,#5925),
  .UNSPECIFIED.,.F.,.F.,(4,1,1,1,1,1,1,1,1,1,1,1,1,1,1,1,1,1,1,1,1,1,4),
  (6.181999011921,6.186243002108,6.190486992294,6.194730982481,
    6.198974972668,6.203218962855,6.207462953041,6.211706943228,
    6.215950933415,6.220194923602,6.224438913789,6.228682903975,
    6.232926894162,6.237170884349,6.241414874536,6.245658864722,
    6.249902854909,6.254146845096,6.258390835283,6.262634825469,
    6.266878815656,6.271122805843,6.27536679603),.QUASI_UNIFORM_KNOTS.);
#5901 = CARTESIAN_POINT('',(6.909298624634,-86.54753880073));
#5902 = CARTESIAN_POINT('',(6.91071328803,-86.48220109547));
#5903 = CARTESIAN_POINT('',(6.913542614821,-86.35425678841));
#5904 = CARTESIAN_POINT('',(6.917786605008,-86.17053693273));
#5905 = CARTESIAN_POINT('',(6.922030595195,-85.99501703446));
#5906 = CARTESIAN_POINT('',(6.926274585382,-85.82770024332));
#5907 = CARTESIAN_POINT('',(6.930518575568,-85.66858957605));
#5908 = CARTESIAN_POINT('',(6.934762565755,-85.51768789763));
#5909 = CARTESIAN_POINT('',(6.939006555942,-85.37499792622));
#5910 = CARTESIAN_POINT('',(6.943250546129,-85.24052223183));
#5911 = CARTESIAN_POINT('',(6.947494536315,-85.11426323655));
#5912 = CARTESIAN_POINT('',(6.951738526502,-84.99622321451));
#5913 = CARTESIAN_POINT('',(6.955982516689,-84.88640429176));
#5914 = CARTESIAN_POINT('',(6.960226506876,-84.7848084463));
#5915 = CARTESIAN_POINT('',(6.964470497062,-84.69143750801));
#5916 = CARTESIAN_POINT('',(6.968714487249,-84.60629315865));
#5917 = CARTESIAN_POINT('',(6.972958477436,-84.52937693178));
#5918 = CARTESIAN_POINT('',(6.977202467623,-84.46069021276));
#5919 = CARTESIAN_POINT('',(6.981446457809,-84.40023423879));
#5920 = CARTESIAN_POINT('',(6.985690447996,-84.34801009856));
#5921 = CARTESIAN_POINT('',(6.989934438183,-84.30401873352));
#5922 = CARTESIAN_POINT('',(6.99417842837,-84.2682609329));
#5923 = CARTESIAN_POINT('',(6.998422418557,-84.24073735243));
#5924 = CARTESIAN_POINT('',(7.001251745348,-84.22787808029));
#5925 = CARTESIAN_POINT('',(7.002666408743,-84.22282097464));
#5926 = ( GEOMETRIC_REPRESENTATION_CONTEXT(2) 
PARAMETRIC_REPRESENTATION_CONTEXT() REPRESENTATION_CONTEXT('2D SPACE',''
  ) );
#5927 = ORIENTED_EDGE('',*,*,#5928,.F.);
#5928 = EDGE_CURVE('',#5929,#5883,#5931,.T.);
#5929 = VERTEX_POINT('',#5930);
#5930 = CARTESIAN_POINT('',(407.77159321201,-40.,-181.2763639716));
#5931 = SURFACE_CURVE('',#5932,(#5936,#5943),.PCURVE_S1.);
#5932 = LINE('',#5933,#5934);
#5933 = CARTESIAN_POINT('',(407.77159321201,-40.,-106.1432877089));
#5934 = VECTOR('',#5935,1.);
#5935 = DIRECTION('',(0.,0.,1.));
#5936 = PCURVE('',#3342,#5937);
#5937 = DEFINITIONAL_REPRESENTATION('',(#5938),#5942);
#5938 = LINE('',#5939,#5940);
#5939 = CARTESIAN_POINT('',(107.14328770895,0.));
#5940 = VECTOR('',#5941,1.);
#5941 = DIRECTION('',(1.,0.));
#5942 = ( GEOMETRIC_REPRESENTATION_CONTEXT(2) 
PARAMETRIC_REPRESENTATION_CONTEXT() REPRESENTATION_CONTEXT('2D SPACE',''
  ) );
#5943 = PCURVE('',#5944,#5949);
#5944 = PLANE('',#5945);
#5945 = AXIS2_PLACEMENT_3D('',#5946,#5947,#5948);
#5946 = CARTESIAN_POINT('',(465.,-40.,-3.));
#5947 = DIRECTION('',(0.,-1.,0.));
#5948 = DIRECTION('',(-1.,0.,0.));
#5949 = DEFINITIONAL_REPRESENTATION('',(#5950),#5954);
#5950 = LINE('',#5951,#5952);
#5951 = CARTESIAN_POINT('',(57.228406787987,103.14328770895));
#5952 = VECTOR('',#5953,1.);
#5953 = DIRECTION('',(0.,-1.));
#5954 = ( GEOMETRIC_REPRESENTATION_CONTEXT(2) 
PARAMETRIC_REPRESENTATION_CONTEXT() REPRESENTATION_CONTEXT('2D SPACE',''
  ) );
#5955 = ORIENTED_EDGE('',*,*,#5956,.F.);
#5956 = EDGE_CURVE('',#5957,#5929,#5959,.T.);
#5957 = VERTEX_POINT('',#5958);
#5958 = CARTESIAN_POINT('',(407.77159321201,-46.01547183055,
    -183.318387632));
#5959 = SURFACE_CURVE('',#5960,(#5967,#5977),.PCURVE_S1.);
#5960 = B_SPLINE_CURVE_WITH_KNOTS('',3,(#5961,#5962,#5963,#5964,#5965,
    #5966),.UNSPECIFIED.,.F.,.F.,(4,2,4),(0.,0.317579819455,
    0.635279977421),.UNSPECIFIED.);
#5961 = CARTESIAN_POINT('',(407.77159321201,-46.01547183055,
    -183.318387632));
#5962 = CARTESIAN_POINT('',(407.77159321201,-45.01751045945,
    -182.9652505657));
#5963 = CARTESIAN_POINT('',(407.77159321201,-44.01728558549,
    -182.6185189076));
#5964 = CARTESIAN_POINT('',(407.77159321201,-42.01207533778,
    -181.9378125378));
#5965 = CARTESIAN_POINT('',(407.77159321201,-41.00709407418,
    -181.6038446687));
#5966 = CARTESIAN_POINT('',(407.77159321201,-40.,-181.2763639716));
#5967 = PCURVE('',#3342,#5968);
#5968 = DEFINITIONAL_REPRESENTATION('',(#5969),#5976);
#5969 = B_SPLINE_CURVE_WITH_KNOTS('',3,(#5970,#5971,#5972,#5973,#5974,
    #5975),.UNSPECIFIED.,.F.,.F.,(4,2,4),(0.,0.317579819455,
    0.635279977421),.UNSPECIFIED.);
#5970 = CARTESIAN_POINT('',(29.968187785834,6.01547183055));
#5971 = CARTESIAN_POINT('',(30.321324852185,5.017510459452));
#5972 = CARTESIAN_POINT('',(30.668056510224,4.017285585497));
#5973 = CARTESIAN_POINT('',(31.34876288009,2.012075337787));
#5974 = CARTESIAN_POINT('',(31.682730749198,1.007094074189));
#5975 = CARTESIAN_POINT('',(32.010211446308,0.));
#5976 = ( GEOMETRIC_REPRESENTATION_CONTEXT(2) 
PARAMETRIC_REPRESENTATION_CONTEXT() REPRESENTATION_CONTEXT('2D SPACE',''
  ) );
#5977 = PCURVE('',#5978,#5991);
#5978 = ( BOUNDED_SURFACE() B_SPLINE_SURFACE(3,2,(
    (#5979,#5980,#5981)
    ,(#5982,#5983,#5984)
    ,(#5985,#5986,#5987)
    ,(#5988,#5989,#5990
)),.UNSPECIFIED.,.F.,.F.,.F.) B_SPLINE_SURFACE_WITH_KNOTS((4,4),(3,3),(
    2.588781134956,3.222379430571),(0.,0.523598775598),
.PIECEWISE_BEZIER_KNOTS.) GEOMETRIC_REPRESENTATION_ITEM() 
RATIONAL_B_SPLINE_SURFACE((
    (1.,0.965925826289,1.)
    ,(1.,0.965925826289,1.)
    ,(1.,0.965925826289,1.)
,(1.,0.965925826289,1.))) REPRESENTATION_ITEM('') SURFACE() );
#5979 = CARTESIAN_POINT('',(393.77184982271,-46.01547183055,
    -184.9191452619));
#5980 = CARTESIAN_POINT('',(410.38982971093,-46.01547183055,
    -184.9191452619));
#5981 = CARTESIAN_POINT('',(424.7814224537,-46.01547183055,
    -176.6101553178));
#5982 = CARTESIAN_POINT('',(393.77184982271,-44.0190408603,
    -184.2309253609));
#5983 = CARTESIAN_POINT('',(410.20542174423,-44.0190408603,
    -184.2309253609));
#5984 = CARTESIAN_POINT('',(424.43731250318,-44.0190408603,
    -176.0141394001));
#5985 = CARTESIAN_POINT('',(393.77184982271,-42.01371903342,
    -183.5683513928));
#5986 = CARTESIAN_POINT('',(410.02788558454,-42.01371903342,
    -183.5683513928));
#5987 = CARTESIAN_POINT('',(424.10602551911,-42.01371903342,
    -175.4403335118));
#5988 = CARTESIAN_POINT('',(393.77184982271,-40.,-182.9315973926));
#5989 = CARTESIAN_POINT('',(409.85726786442,-40.,-182.9315973926));
#5990 = CARTESIAN_POINT('',(423.78764851903,-40.,-174.8888883717));
#5991 = DEFINITIONAL_REPRESENTATION('',(#5992),#5995);
#5992 = B_SPLINE_CURVE_WITH_KNOTS('',1,(#5993,#5994),.UNSPECIFIED.,.F.,
  .F.,(2,2),(0.,0.635279977421),.PIECEWISE_BEZIER_KNOTS.);
#5993 = CARTESIAN_POINT('',(2.588781134956,0.227886714267));
#5994 = CARTESIAN_POINT('',(3.222379430571,0.235523119271));
#5995 = ( GEOMETRIC_REPRESENTATION_CONTEXT(2) 
PARAMETRIC_REPRESENTATION_CONTEXT() REPRESENTATION_CONTEXT('2D SPACE',''
  ) );
#5996 = ORIENTED_EDGE('',*,*,#5997,.F.);
#5997 = EDGE_CURVE('',#5998,#5957,#6000,.T.);
#5998 = VERTEX_POINT('',#5999);
#5999 = CARTESIAN_POINT('',(407.77159321201,-65.71860859688,
    -180.7726460944));
#6000 = SURFACE_CURVE('',#6001,(#6010,#6022),.PCURVE_S1.);
#6001 = B_SPLINE_CURVE_WITH_KNOTS('',3,(#6002,#6003,#6004,#6005,#6006,
    #6007,#6008,#6009),.UNSPECIFIED.,.F.,.F.,(4,2,2,4),(0.,0.86664454435
    ,1.46650360505,2.066899211944),.UNSPECIFIED.);
#6002 = CARTESIAN_POINT('',(407.77159321201,-65.71860859688,
    -180.7726460944));
#6003 = CARTESIAN_POINT('',(407.77159321201,-63.32663687673,
    -182.3924375156));
#6004 = CARTESIAN_POINT('',(407.77159321445,-60.64572459905,
    -183.5307866702));
#6005 = CARTESIAN_POINT('',(407.77159321445,-55.86144615325,
    -184.5256518954));
#6006 = CARTESIAN_POINT('',(407.77159321201,-53.85898911653,
    -184.6636380889));
#6007 = CARTESIAN_POINT('',(407.77159321201,-49.86878178267,
    -184.3932526379));
#6008 = CARTESIAN_POINT('',(407.77159321201,-47.90156272438,
    -183.9857968368));
#6009 = CARTESIAN_POINT('',(407.77159321201,-46.01547183055,
    -183.318387632));
#6010 = PCURVE('',#3342,#6011);
#6011 = DEFINITIONAL_REPRESENTATION('',(#6012),#6021);
#6012 = B_SPLINE_CURVE_WITH_KNOTS('',3,(#6013,#6014,#6015,#6016,#6017,
    #6018,#6019,#6020),.UNSPECIFIED.,.F.,.F.,(4,2,2,4),(0.,0.86664454435
    ,1.46650360505,2.066899211944),.UNSPECIFIED.);
#6013 = CARTESIAN_POINT('',(32.513929323501,25.718608596889));
#6014 = CARTESIAN_POINT('',(30.894137902263,23.326636876732));
#6015 = CARTESIAN_POINT('',(29.755788747711,20.645724599053));
#6016 = CARTESIAN_POINT('',(28.760923522426,15.861446153253));
#6017 = CARTESIAN_POINT('',(28.62293732892,13.858989116532));
#6018 = CARTESIAN_POINT('',(28.893322780011,9.86878178267));
#6019 = CARTESIAN_POINT('',(29.30077858102,7.901562724382));
#6020 = CARTESIAN_POINT('',(29.968187785834,6.01547183055));
#6021 = ( GEOMETRIC_REPRESENTATION_CONTEXT(2) 
PARAMETRIC_REPRESENTATION_CONTEXT() REPRESENTATION_CONTEXT('2D SPACE',''
  ) );
#6022 = PCURVE('',#6023,#6048);
#6023 = ( BOUNDED_SURFACE() B_SPLINE_SURFACE(3,2,(
    (#6024,#6025,#6026)
    ,(#6027,#6028,#6029)
    ,(#6030,#6031,#6032)
    ,(#6033,#6034,#6035)
    ,(#6036,#6037,#6038)
    ,(#6039,#6040,#6041)
    ,(#6042,#6043,#6044)
    ,(#6045,#6046,#6047
)),.UNSPECIFIED.,.F.,.F.,.F.) B_SPLINE_SURFACE_WITH_KNOTS((4,2,2,4),(3,3
    ),(0.,0.878950065121,1.470041333338,2.061132601555),(0.,
0.930366724732),.UNSPECIFIED.) GEOMETRIC_REPRESENTATION_ITEM() 
RATIONAL_B_SPLINE_SURFACE((
    (1.,0.893739326715,1.)
    ,(1.,0.893739326715,1.)
    ,(1.,0.893739326715,1.)
    ,(1.,0.893739326715,1.)
    ,(1.,0.893739326715,1.)
    ,(1.,0.893739326715,1.)
    ,(1.,0.893739326715,1.)
,(1.,0.893739326715,1.))) REPRESENTATION_ITEM('') SURFACE() );
#6024 = CARTESIAN_POINT('',(393.77184982271,-65.71860859689,
    -182.4418842575));
#6025 = CARTESIAN_POINT('',(423.65718194019,-65.71860859689,
    -182.4418842575));
#6026 = CARTESIAN_POINT('',(441.51486234438,-65.71860859689,
    -158.4786556279));
#6027 = CARTESIAN_POINT('',(393.77184982271,-63.27131176616,
    -184.0526799787));
#6028 = CARTESIAN_POINT('',(424.46567441068,-63.27131176616,
    -184.0526799787));
#6029 = CARTESIAN_POINT('',(442.80646138001,-63.27131176616,
    -159.441170452));
#6030 = CARTESIAN_POINT('',(393.77184982271,-60.53278820391,
    -185.170064124));
#6031 = CARTESIAN_POINT('',(425.02651316649,-60.53278820391,
    -185.170064124));
#6032 = CARTESIAN_POINT('',(443.70242370815,-60.53278820391,
    -160.1088521387));
#6033 = CARTESIAN_POINT('',(393.77184982271,-55.72334414449,
    -186.1084659999));
#6034 = CARTESIAN_POINT('',(425.49751693251,-55.72334414449,
    -186.1084659999));
#6035 = CARTESIAN_POINT('',(444.45487104955,-55.72334414449,
    -160.6695847658));
#6036 = CARTESIAN_POINT('',(393.77184982271,-53.74829480273,
    -186.2301436999));
#6037 = CARTESIAN_POINT('',(425.55858954589,-53.74829480273,
    -186.2301436999));
#6038 = CARTESIAN_POINT('',(444.5524369904,-53.74829480273,
    -160.7422920548));
#6039 = CARTESIAN_POINT('',(393.77184982271,-49.81723688501,
    -185.955956462));
#6040 = CARTESIAN_POINT('',(425.42096916705,-49.81723688501,
    -185.955956462));
#6041 = CARTESIAN_POINT('',(444.33258293475,-49.81723688501,
    -160.5784542213));
#6042 = CARTESIAN_POINT('',(393.77184982271,-47.87820302818,
    -185.5612754931));
#6043 = CARTESIAN_POINT('',(425.22287043401,-47.87820302818,
    -185.5612754931));
#6044 = CARTESIAN_POINT('',(444.01611229106,-47.87820302818,
    -160.3426165678));
#6045 = CARTESIAN_POINT('',(393.77184982271,-46.01547183055,
    -184.9191452619));
#6046 = CARTESIAN_POINT('',(424.90057167807,-46.01547183055,
    -184.9191452619));
#6047 = CARTESIAN_POINT('',(443.50122714675,-46.01547183055,
    -159.9589180898));
#6048 = DEFINITIONAL_REPRESENTATION('',(#6049),#6075);
#6049 = B_SPLINE_CURVE_WITH_KNOTS('',3,(#6050,#6051,#6052,#6053,#6054,
    #6055,#6056,#6057,#6058,#6059,#6060,#6061,#6062,#6063,#6064,#6065,
    #6066,#6067,#6068,#6069,#6070,#6071,#6072,#6073,#6074),
  .UNSPECIFIED.,.F.,.F.,(4,1,1,1,1,1,1,1,1,1,1,1,1,1,1,1,1,1,1,1,1,1,4),
  (0.,9.394996417926E-02,0.187899928359,0.281849892538,0.375799856717,
    0.469749820896,0.563699785076,0.657649749255,0.751599713434,
    0.845549677613,0.939499641793,1.033449605972,1.127399570151,
    1.22134953433,1.31529949851,1.409249462689,1.503199426868,
    1.597149391047,1.691099355227,1.785049319406,1.878999283585,
    1.972949247764,2.066899211944),.QUASI_UNIFORM_KNOTS.);
#6050 = CARTESIAN_POINT('',(0.,0.240497121973));
#6051 = CARTESIAN_POINT('',(3.104337517121E-02,0.239807401055));
#6052 = CARTESIAN_POINT('',(9.316005898644E-02,0.238483911772));
#6053 = CARTESIAN_POINT('',(0.186421048829,0.236661950177));
#6054 = CARTESIAN_POINT('',(0.279763844734,0.234998440568));
#6055 = CARTESIAN_POINT('',(0.373185414803,0.233489385138));
#6056 = CARTESIAN_POINT('',(0.46668363419,0.232131285942));
#6057 = CARTESIAN_POINT('',(0.560256660984,0.230921205556));
#6058 = CARTESIAN_POINT('',(0.653905478024,0.22985670485));
#6059 = CARTESIAN_POINT('',(0.74762405731,0.228935917213));
#6060 = CARTESIAN_POINT('',(0.841435751698,0.228157226721));
#6061 = CARTESIAN_POINT('',(0.93525704054,0.227520419834));
#6062 = CARTESIAN_POINT('',(1.029080817907,0.227026566588));
#6063 = CARTESIAN_POINT('',(1.122931836986,0.226673487847));
#6064 = CARTESIAN_POINT('',(1.216800495635,0.226460415175));
#6065 = CARTESIAN_POINT('',(1.310686618316,0.226386873274));
#6066 = CARTESIAN_POINT('',(1.404587788484,0.226452876313));
#6067 = CARTESIAN_POINT('',(1.498502046957,0.226659242641));
#6068 = CARTESIAN_POINT('',(1.592361331704,0.227005740813));
#6069 = CARTESIAN_POINT('',(1.686192802257,0.227492515115));
#6070 = CARTESIAN_POINT('',(1.779987370537,0.228120380873));
#6071 = CARTESIAN_POINT('',(1.873745230827,0.228890631033));
#6072 = CARTESIAN_POINT('',(1.967463656684,0.229805033364));
#6073 = CARTESIAN_POINT('',(2.029914583543,0.230512401189));
#6074 = CARTESIAN_POINT('',(2.061132601555,0.23089090814));
#6075 = ( GEOMETRIC_REPRESENTATION_CONTEXT(2) 
PARAMETRIC_REPRESENTATION_CONTEXT() REPRESENTATION_CONTEXT('2D SPACE',''
  ) );
#6076 = ORIENTED_EDGE('',*,*,#6077,.F.);
#6077 = EDGE_CURVE('',#5775,#5998,#6078,.T.);
#6078 = SURFACE_CURVE('',#6079,(#6086,#6096),.PCURVE_S1.);
#6079 = B_SPLINE_CURVE_WITH_KNOTS('',3,(#6080,#6081,#6082,#6083,#6084,
    #6085),.UNSPECIFIED.,.F.,.F.,(4,2,4),(0.,0.258524749911,
    0.517225878286),.UNSPECIFIED.);
#6080 = CARTESIAN_POINT('',(407.77159321201,-70.,-177.8691538655));
#6081 = CARTESIAN_POINT('',(407.77159321201,-69.28713334145,
    -178.353336427));
#6082 = CARTESIAN_POINT('',(407.77159321201,-68.57373353479,
    -178.8374914308));
#6083 = CARTESIAN_POINT('',(407.77159321201,-67.14682534169,
    -179.8051536676));
#6084 = CARTESIAN_POINT('',(407.77159321201,-66.43262510217,
    -180.2891295878));
#6085 = CARTESIAN_POINT('',(407.77159321201,-65.71860859689,
    -180.7726460944));
#6086 = PCURVE('',#3342,#6087);
#6087 = DEFINITIONAL_REPRESENTATION('',(#6088),#6095);
#6088 = B_SPLINE_CURVE_WITH_KNOTS('',3,(#6089,#6090,#6091,#6092,#6093,
    #6094),.UNSPECIFIED.,.F.,.F.,(4,2,4),(0.,0.258524749911,
    0.517225878286),.UNSPECIFIED.);
#6089 = CARTESIAN_POINT('',(35.417421552394,30.));
#6090 = CARTESIAN_POINT('',(34.933238990887,29.28713334145));
#6091 = CARTESIAN_POINT('',(34.449083987063,28.573733534791));
#6092 = CARTESIAN_POINT('',(33.481421750279,27.146825341698));
#6093 = CARTESIAN_POINT('',(32.997445830047,26.432625102178));
#6094 = CARTESIAN_POINT('',(32.513929323501,25.718608596889));
#6095 = ( GEOMETRIC_REPRESENTATION_CONTEXT(2) 
PARAMETRIC_REPRESENTATION_CONTEXT() REPRESENTATION_CONTEXT('2D SPACE',''
  ) );
#6096 = PCURVE('',#5814,#6097);
#6097 = DEFINITIONAL_REPRESENTATION('',(#6098),#6101);
#6098 = B_SPLINE_CURVE_WITH_KNOTS('',1,(#6099,#6100),.UNSPECIFIED.,.F.,
  .F.,(2,2),(0.,0.517225878286),.PIECEWISE_BEZIER_KNOTS.);
#6099 = CARTESIAN_POINT('',(5.31E-15,0.249452746057));
#6100 = CARTESIAN_POINT('',(0.51255589505,0.237485056363));
#6101 = ( GEOMETRIC_REPRESENTATION_CONTEXT(2) 
PARAMETRIC_REPRESENTATION_CONTEXT() REPRESENTATION_CONTEXT('2D SPACE',''
  ) );
#6102 = ORIENTED_EDGE('',*,*,#5774,.F.);
#6103 = FACE_BOUND('',#6104,.T.);
#6104 = EDGE_LOOP('',(#6105));
#6105 = ORIENTED_EDGE('',*,*,#6106,.T.);
#6106 = EDGE_CURVE('',#6107,#6107,#6109,.T.);
#6107 = VERTEX_POINT('',#6108);
#6108 = CARTESIAN_POINT('',(407.77159321201,-57.7,-175.9315973926));
#6109 = SURFACE_CURVE('',#6110,(#6115,#6122),.PCURVE_S1.);
#6110 = CIRCLE('',#6111,2.7);
#6111 = AXIS2_PLACEMENT_3D('',#6112,#6113,#6114);
#6112 = CARTESIAN_POINT('',(407.77159321201,-55.,-175.9315973926));
#6113 = DIRECTION('',(1.,0.,0.));
#6114 = DIRECTION('',(0.,1.,0.));
#6115 = PCURVE('',#3342,#6116);
#6116 = DEFINITIONAL_REPRESENTATION('',(#6117),#6121);
#6117 = CIRCLE('',#6118,2.7);
#6118 = AXIS2_PLACEMENT_2D('',#6119,#6120);
#6119 = CARTESIAN_POINT('',(37.354978025277,15.));
#6120 = DIRECTION('',(0.,-1.));
#6121 = ( GEOMETRIC_REPRESENTATION_CONTEXT(2) 
PARAMETRIC_REPRESENTATION_CONTEXT() REPRESENTATION_CONTEXT('2D SPACE',''
  ) );
#6122 = PCURVE('',#6123,#6128);
#6123 = CYLINDRICAL_SURFACE('',#6124,2.7);
#6124 = AXIS2_PLACEMENT_3D('',#6125,#6126,#6127);
#6125 = CARTESIAN_POINT('',(420.,-55.,-175.9315973926));
#6126 = DIRECTION('',(-1.,0.,0.));
#6127 = DIRECTION('',(0.,1.,0.));
#6128 = DEFINITIONAL_REPRESENTATION('',(#6129),#6133);
#6129 = LINE('',#6130,#6131);
#6130 = CARTESIAN_POINT('',(12.566370614359,12.228406787987));
#6131 = VECTOR('',#6132,1.);
#6132 = DIRECTION('',(-1.,0.));
#6133 = ( GEOMETRIC_REPRESENTATION_CONTEXT(2) 
PARAMETRIC_REPRESENTATION_CONTEXT() REPRESENTATION_CONTEXT('2D SPACE',''
  ) );
#6134 = ADVANCED_FACE('',(#6135,#6399,#6846),#3315,.T.);
#6135 = FACE_BOUND('',#6136,.T.);
#6136 = EDGE_LOOP('',(#6137,#6255,#6256,#6257,#6327,#6375,#6376,#6377,
    #6398));
#6137 = ORIENTED_EDGE('',*,*,#6138,.F.);
#6138 = EDGE_CURVE('',#4175,#4173,#6139,.T.);
#6139 = SURFACE_CURVE('',#6140,(#6152,#6203),.PCURVE_S1.);
#6140 = B_SPLINE_CURVE_WITH_KNOTS('',3,(#6141,#6142,#6143,#6144,#6145,
    #6146,#6147,#6148,#6149,#6150,#6151),.UNSPECIFIED.,.F.,.F.,(4,2,1,1,
    1,1,1,4),(-1.474981957946,-1.437336436925,-1.228330220668,
    -1.019324004412,-0.914820896283,-0.810317788155,-0.601311571898,
    -0.392306492598),.UNSPECIFIED.);
#6141 = CARTESIAN_POINT('',(426.46560354884,17.34872341156,
    -163.4742764653));
#6142 = CARTESIAN_POINT('',(426.37964499223,17.271291726551,
    -163.40519371));
#6143 = CARTESIAN_POINT('',(426.2921184243,17.197816632824,
    -163.3339661503));
#6144 = CARTESIAN_POINT('',(425.71087910859,16.741869935649,
    -162.8547531495));
#6145 = CARTESIAN_POINT('',(424.61758465192,16.184664438986,
    -161.8956449513));
#6146 = CARTESIAN_POINT('',(423.25500143234,16.024220043607,
    -160.5066230882));
#6147 = CARTESIAN_POINT('',(422.30833173104,16.120627770935,
    -159.4393957957));
#6148 = CARTESIAN_POINT('',(421.35680365201,16.356367707456,
    -158.2958763835));
#6149 = CARTESIAN_POINT('',(420.24320956918,16.932290971467,
    -156.7987672359));
#6150 = CARTESIAN_POINT('',(419.52619681936,17.638018572708,
    -155.6767559804));
#6151 = CARTESIAN_POINT('',(419.21421309257,18.067190819134,
    -155.1495438116));
#6152 = PCURVE('',#3315,#6153);
#6153 = DEFINITIONAL_REPRESENTATION('',(#6154),#6202);
#6154 = B_SPLINE_CURVE_WITH_KNOTS('',3,(#6155,#6156,#6157,#6158,#6159,
    #6160,#6161,#6162,#6163,#6164,#6165,#6166,#6167,#6168,#6169,#6170,
    #6171,#6172,#6173,#6174,#6175,#6176,#6177,#6178,#6179,#6180,#6181,
    #6182,#6183,#6184,#6185,#6186,#6187,#6188,#6189,#6190,#6191,#6192,
    #6193,#6194,#6195,#6196,#6197,#6198,#6199,#6200,#6201),
  .UNSPECIFIED.,.F.,.F.,(4,1,1,1,1,1,1,1,1,1,1,1,1,1,1,1,1,1,1,1,1,1,1,1
    ,1,1,1,1,1,1,1,1,1,1,1,1,1,1,1,1,1,1,1,1,4),(-1.474981957946,
    -1.45037569737,-1.425769436794,-1.401163176218,-1.376556915642,
    -1.351950655066,-1.32734439449,-1.302738133913,-1.278131873337,
    -1.253525612761,-1.228919352185,-1.204313091609,-1.179706831033,
    -1.155100570457,-1.130494309881,-1.105888049305,-1.081281788729,
    -1.056675528153,-1.032069267576,-1.007463007,-0.982856746424,
    -0.958250485848,-0.933644225272,-0.909037964696,-0.88443170412,
    -0.859825443544,-0.835219182968,-0.810612922392,-0.786006661816,
    -0.761400401239,-0.736794140663,-0.712187880087,-0.687581619511,
    -0.662975358935,-0.638369098359,-0.613762837783,-0.589156577207,
    -0.564550316631,-0.539944056055,-0.515337795479,-0.490731534903,
    -0.466125274326,-0.44151901375,-0.416912753174,-0.392306492598),
  .UNSPECIFIED.);
#6155 = CARTESIAN_POINT('',(6.153667230493,-27.5215260643));
#6156 = CARTESIAN_POINT('',(6.155374590791,-27.57736168451));
#6157 = CARTESIAN_POINT('',(6.158840851361,-27.68558432821));
#6158 = CARTESIAN_POINT('',(6.164208747358,-27.83834497143));
#6159 = CARTESIAN_POINT('',(6.169771245452,-27.98265253021));
#6160 = CARTESIAN_POINT('',(6.175511701502,-28.11841004735));
#6161 = CARTESIAN_POINT('',(6.181414805668,-28.24558635218));
#6162 = CARTESIAN_POINT('',(6.187464921859,-28.36413265403));
#6163 = CARTESIAN_POINT('',(6.193646539553,-28.4740048557));
#6164 = CARTESIAN_POINT('',(6.199944159243,-28.57515770609));
#6165 = CARTESIAN_POINT('',(6.206342335275,-28.66754587624));
#6166 = CARTESIAN_POINT('',(6.212825658882,-28.75112550259));
#6167 = CARTESIAN_POINT('',(6.219378825455,-28.82584693772));
#6168 = CARTESIAN_POINT('',(6.22598445086,-28.89197485742));
#6169 = CARTESIAN_POINT('',(6.232625067994,-28.9497802457));
#6170 = CARTESIAN_POINT('',(6.239283207193,-28.99953238595));
#6171 = CARTESIAN_POINT('',(6.245941344017,-29.04150106014));
#6172 = CARTESIAN_POINT('',(6.252582072938,-29.07595575655));
#6173 = CARTESIAN_POINT('',(6.25918751246,-29.10316663957));
#6174 = CARTESIAN_POINT('',(6.265741559321,-29.12340146297));
#6175 = CARTESIAN_POINT('',(6.27222151398,-29.1369369468));
#6176 = CARTESIAN_POINT('',(6.278635325892,-29.14400840077));
#6177 = CARTESIAN_POINT('',(6.285024346038,-29.14480840894));
#6178 = CARTESIAN_POINT('',(6.291422152928,-29.13953289757));
#6179 = CARTESIAN_POINT('',(6.297867321582,-29.12839727852));
#6180 = CARTESIAN_POINT('',(6.304385398286,-29.11153119729));
#6181 = CARTESIAN_POINT('',(6.310957459658,-29.08875542969));
#6182 = CARTESIAN_POINT('',(6.317570551884,-29.05993193687));
#6183 = CARTESIAN_POINT('',(6.324210178707,-29.02491224843));
#6184 = CARTESIAN_POINT('',(6.330862289272,-28.98354843492));
#6185 = CARTESIAN_POINT('',(6.337516363247,-28.93594897504));
#6186 = CARTESIAN_POINT('',(6.344161911208,-28.8822251046));
#6187 = CARTESIAN_POINT('',(6.350788404244,-28.82248727835));
#6188 = CARTESIAN_POINT('',(6.357385292964,-28.75684631866));
#6189 = CARTESIAN_POINT('',(6.36394203054,-28.68541235841));
#6190 = CARTESIAN_POINT('',(6.370447990457,-28.6082979208));
#6191 = CARTESIAN_POINT('',(6.376892801041,-28.5256066573));
#6192 = CARTESIAN_POINT('',(6.383265117182,-28.43747531593));
#6193 = CARTESIAN_POINT('',(6.38955815131,-28.34388559458));
#6194 = CARTESIAN_POINT('',(6.395769769239,-28.24466004953));
#6195 = CARTESIAN_POINT('',(6.401896825076,-28.13965479585));
#6196 = CARTESIAN_POINT('',(6.40793641375,-28.02871695658));
#6197 = CARTESIAN_POINT('',(6.413885537174,-27.91169606415));
#6198 = CARTESIAN_POINT('',(6.41974119467,-27.7884410054));
#6199 = CARTESIAN_POINT('',(6.425500362329,-27.6588008402));
#6200 = CARTESIAN_POINT('',(6.429273448757,-27.56801666796));
#6201 = CARTESIAN_POINT('',(6.431142895426,-27.52151007075));
#6202 = ( GEOMETRIC_REPRESENTATION_CONTEXT(2) 
PARAMETRIC_REPRESENTATION_CONTEXT() REPRESENTATION_CONTEXT('2D SPACE',''
  ) );
#6203 = PCURVE('',#6204,#6249);
#6204 = B_SPLINE_SURFACE_WITH_KNOTS('',3,3,(
    (#6205,#6206,#6207,#6208,#6209,#6210,#6211,#6212,#6213,#6214,#6215)
    ,(#6216,#6217,#6218,#6219,#6220,#6221,#6222,#6223,#6224,#6225,#6226)
    ,(#6227,#6228,#6229,#6230,#6231,#6232,#6233,#6234,#6235,#6236,#6237)
    ,(#6238,#6239,#6240,#6241,#6242,#6243,#6244,#6245,#6246,#6247,#6248
    )),.UNSPECIFIED.,.F.,.F.,.F.,(4,4),(4,1,1,1,1,1,2,4),(0.,1.),(
    0.392305355642,0.601311571898,0.810317788155,0.914820896283,
    1.019324004412,1.228330220668,1.437336436925,1.474984310225),
  .UNSPECIFIED.);
#6205 = CARTESIAN_POINT('',(419.21420800114,18.06719782304,
    -155.1495352078));
#6206 = CARTESIAN_POINT('',(419.52619291893,17.638022411752,
    -155.6767498769));
#6207 = CARTESIAN_POINT('',(420.24320714607,16.932292224637,
    -156.7987639783));
#6208 = CARTESIAN_POINT('',(421.35680365201,16.356367707456,
    -158.2958763835));
#6209 = CARTESIAN_POINT('',(422.30833173104,16.120627770935,
    -159.4393957957));
#6210 = CARTESIAN_POINT('',(423.25500143234,16.024220043607,
    -160.5066230882));
#6211 = CARTESIAN_POINT('',(424.61758465192,16.184664438986,
    -161.8956449513));
#6212 = CARTESIAN_POINT('',(425.71087910859,16.741869935649,
    -162.8547531495));
#6213 = CARTESIAN_POINT('',(426.29212396749,17.197820981117,
    -163.3339707204));
#6214 = CARTESIAN_POINT('',(426.37965593041,17.271300908745,
    -163.4052026113));
#6215 = CARTESIAN_POINT('',(426.46561966218,17.348737926556,
    -163.4742894152));
#6216 = CARTESIAN_POINT('',(419.29326024052,18.093004019879,
    -155.1233881666));
#6217 = CARTESIAN_POINT('',(419.61024848512,17.670844203487,
    -155.6471815109));
#6218 = CARTESIAN_POINT('',(420.33484996259,16.980905939906,
    -156.7614521727));
#6219 = CARTESIAN_POINT('',(421.44937763593,16.427377490206,
    -158.2462768757));
#6220 = CARTESIAN_POINT('',(422.39517497094,16.208887071313,
    -159.378378658));
#6221 = CARTESIAN_POINT('',(423.33234387714,16.127987831658,
    -160.4335790554));
#6222 = CARTESIAN_POINT('',(424.67230450056,16.306434909203,
    -161.8033123121));
#6223 = CARTESIAN_POINT('',(425.73446782726,16.866458292921,
    -162.7432620345));
#6224 = CARTESIAN_POINT('',(426.29531882061,17.316963226592,
    -163.2110240504));
#6225 = CARTESIAN_POINT('',(426.37970542056,17.389427674456,
    -163.2805140889));
#6226 = CARTESIAN_POINT('',(426.46245533365,17.465619461439,
    -163.3478460464));
#6227 = CARTESIAN_POINT('',(419.3723124799,18.118810216719,
    -155.0972411255));
#6228 = CARTESIAN_POINT('',(419.69444217282,17.703920124401,
    -155.617492719));
#6229 = CARTESIAN_POINT('',(420.42645348731,17.029411872433,
    -156.7241867205));
#6230 = CARTESIAN_POINT('',(421.54200472076,16.498453955601,
    -158.1966327915));
#6231 = CARTESIAN_POINT('',(422.48208391227,16.297148855045,
    -159.3173486064));
#6232 = CARTESIAN_POINT('',(423.40962229806,16.231823294111,
    -160.3604479149));
#6233 = CARTESIAN_POINT('',(424.72713679538,16.428243312524,
    -161.7110091633));
#6234 = CARTESIAN_POINT('',(425.75782134614,16.990973100019,
    -162.6316482625));
#6235 = CARTESIAN_POINT('',(426.29854418842,17.436117163158,
    -163.0880934507));
#6236 = CARTESIAN_POINT('',(426.37973486171,17.507545614478,
    -163.1558147172));
#6237 = CARTESIAN_POINT('',(426.45929100512,17.582500996322,
    -163.2214026776));
#6238 = CARTESIAN_POINT('',(419.45136471928,18.144616413558,
    -155.0710940844));
#6239 = CARTESIAN_POINT('',(419.77849773902,17.736741916136,
    -155.587924353));
#6240 = CARTESIAN_POINT('',(420.51809630383,17.078025587702,
    -156.6868749149));
#6241 = CARTESIAN_POINT('',(421.63457870469,16.569463738351,
    -158.1470332836));
#6242 = CARTESIAN_POINT('',(422.56892715217,16.385408155423,
    -159.2563314687));
#6243 = CARTESIAN_POINT('',(423.48696474286,16.335591082161,
    -160.2874038822));
#6244 = CARTESIAN_POINT('',(424.78185664402,16.55001378274,
    -161.618676524));
#6245 = CARTESIAN_POINT('',(425.7814100648,17.115561457291,
    -162.5201571476));
#6246 = CARTESIAN_POINT('',(426.30173904154,17.555259408633,
    -162.9651467806));
#6247 = CARTESIAN_POINT('',(426.37978435185,17.62567238019,
    -163.0311261948));
#6248 = CARTESIAN_POINT('',(426.4561266766,17.699382531205,
    -163.0949593088));
#6249 = DEFINITIONAL_REPRESENTATION('',(#6250),#6254);
#6250 = LINE('',#6251,#6252);
#6251 = CARTESIAN_POINT('',(1.76352E-12,2.331E-14));
#6252 = VECTOR('',#6253,1.);
#6253 = DIRECTION('',(1.01997E-12,-1.));
#6254 = ( GEOMETRIC_REPRESENTATION_CONTEXT(2) 
PARAMETRIC_REPRESENTATION_CONTEXT() REPRESENTATION_CONTEXT('2D SPACE',''
  ) );
#6255 = ORIENTED_EDGE('',*,*,#4438,.T.);
#6256 = ORIENTED_EDGE('',*,*,#4146,.F.);
#6257 = ORIENTED_EDGE('',*,*,#6258,.T.);
#6258 = EDGE_CURVE('',#4119,#6259,#6261,.T.);
#6259 = VERTEX_POINT('',#6260);
#6260 = CARTESIAN_POINT('',(431.26099824059,-39.99999999994,
    -169.1378350652));
#6261 = SURFACE_CURVE('',#6262,(#6269,#6298),.PCURVE_S1.);
#6262 = B_SPLINE_CURVE_WITH_KNOTS('',3,(#6263,#6264,#6265,#6266,#6267,
    #6268),.UNSPECIFIED.,.F.,.F.,(4,2,4),(0.,1.160859056098,
    1.756251417682),.UNSPECIFIED.);
#6263 = CARTESIAN_POINT('',(444.22406665708,-27.5,-172.525853845));
#6264 = CARTESIAN_POINT('',(441.42550732893,-30.15274541561,
    -172.2029431533));
#6265 = CARTESIAN_POINT('',(438.53533406769,-32.91956893327,
    -171.6164482387));
#6266 = CARTESIAN_POINT('',(434.1853303038,-37.1365883854,
    -170.2790693544));
#6267 = CARTESIAN_POINT('',(432.71439704411,-38.57170806522,
    -169.7479775543));
#6268 = CARTESIAN_POINT('',(431.26099824059,-39.99999999989,
    -169.1378350652));
#6269 = PCURVE('',#3315,#6270);
#6270 = DEFINITIONAL_REPRESENTATION('',(#6271),#6297);
#6271 = B_SPLINE_CURVE_WITH_KNOTS('',3,(#6272,#6273,#6274,#6275,#6276,
    #6277,#6278,#6279,#6280,#6281,#6282,#6283,#6284,#6285,#6286,#6287,
    #6288,#6289,#6290,#6291,#6292,#6293,#6294,#6295,#6296),
  .UNSPECIFIED.,.F.,.F.,(4,1,1,1,1,1,1,1,1,1,1,1,1,1,1,1,1,1,1,1,1,1,4),
  (0.,7.982960989464E-02,0.159659219789,0.239488829684,0.319318439579,
    0.399148049473,0.478977659368,0.558807269263,0.638636879157,
    0.718466489052,0.798296098946,0.878125708841,0.957955318736,
    1.03778492863,1.117614538525,1.19744414842,1.277273758314,
    1.357103368209,1.436932978104,1.516762587998,1.596592197893,
    1.676421807788,1.756251417682),.QUASI_UNIFORM_KNOTS.);
#6272 = CARTESIAN_POINT('',(5.555005915396,-70.55863177429));
#6273 = CARTESIAN_POINT('',(5.559430331596,-70.75734723493));
#6274 = CARTESIAN_POINT('',(5.568305336938,-71.15595353054));
#6275 = CARTESIAN_POINT('',(5.581694300558,-71.75718990404));
#6276 = CARTESIAN_POINT('',(5.595157638718,-72.36155401469));
#6277 = CARTESIAN_POINT('',(5.608693332841,-72.96884666958));
#6278 = CARTESIAN_POINT('',(5.622299411661,-73.57886867579));
#6279 = CARTESIAN_POINT('',(5.635973961739,-74.19142084041));
#6280 = CARTESIAN_POINT('',(5.649715131179,-74.80630397047));
#6281 = CARTESIAN_POINT('',(5.663521135219,-75.42331887324));
#6282 = CARTESIAN_POINT('',(5.677390261398,-76.04226635512));
#6283 = CARTESIAN_POINT('',(5.691320874748,-76.66294722573));
#6284 = CARTESIAN_POINT('',(5.705311423384,-77.28516228263));
#6285 = CARTESIAN_POINT('',(5.719360442479,-77.90871236848));
#6286 = CARTESIAN_POINT('',(5.733466564224,-78.53339815757));
#6287 = CARTESIAN_POINT('',(5.747628505289,-79.15902095255));
#6288 = CARTESIAN_POINT('',(5.761845138054,-79.78537971104));
#6289 = CARTESIAN_POINT('',(5.776115145009,-80.41228865713));
#6290 = CARTESIAN_POINT('',(5.790437275354,-81.03955282584));
#6291 = CARTESIAN_POINT('',(5.804810345143,-81.66697763138));
#6292 = CARTESIAN_POINT('',(5.819233221511,-82.29436838637));
#6293 = CARTESIAN_POINT('',(5.833704835239,-82.92153043064));
#6294 = CARTESIAN_POINT('',(5.848224174723,-83.54826909672));
#6295 = CARTESIAN_POINT('',(5.857934942151,-83.96568284498));
#6296 = CARTESIAN_POINT('',(5.862797970815,-84.17425426749));
#6297 = ( GEOMETRIC_REPRESENTATION_CONTEXT(2) 
PARAMETRIC_REPRESENTATION_CONTEXT() REPRESENTATION_CONTEXT('2D SPACE',''
  ) );
#6298 = PCURVE('',#4134,#6299);
#6299 = DEFINITIONAL_REPRESENTATION('',(#6300),#6326);
#6300 = B_SPLINE_CURVE_WITH_KNOTS('',3,(#6301,#6302,#6303,#6304,#6305,
    #6306,#6307,#6308,#6309,#6310,#6311,#6312,#6313,#6314,#6315,#6316,
    #6317,#6318,#6319,#6320,#6321,#6322,#6323,#6324,#6325),
  .UNSPECIFIED.,.F.,.F.,(4,1,1,1,1,1,1,1,1,1,1,1,1,1,1,1,1,1,1,1,1,1,4),
  (0.,7.982960989464E-02,0.159659219789,0.239488829684,0.319318439579,
    0.399148049473,0.478977659368,0.558807269263,0.638636879157,
    0.718466489052,0.798296098946,0.878125708841,0.957955318736,
    1.03778492863,1.117614538525,1.19744414842,1.277273758314,
    1.357103368209,1.436932978104,1.516762587998,1.596592197893,
    1.676421807788,1.756251417682),.QUASI_UNIFORM_KNOTS.);
#6301 = CARTESIAN_POINT('',(5.497787143782,-8.774601347198));
#6302 = CARTESIAN_POINT('',(5.502079457771,-8.580873983181));
#6303 = CARTESIAN_POINT('',(5.51068946062,-8.192272726823));
#6304 = CARTESIAN_POINT('',(5.523678568516,-7.606130092054));
#6305 = CARTESIAN_POINT('',(5.53673974277,-7.016945541796));
#6306 = CARTESIAN_POINT('',(5.549871003094,-6.424917910792));
#6307 = CARTESIAN_POINT('',(5.563070412263,-5.83024603379));
#6308 = CARTESIAN_POINT('',(5.576336085668,-5.23312874552));
#6309 = CARTESIAN_POINT('',(5.589666194648,-4.633764880768));
#6310 = CARTESIAN_POINT('',(5.603058971567,-4.032353274128));
#6311 = CARTESIAN_POINT('',(5.616512714473,-3.429092760897));
#6312 = CARTESIAN_POINT('',(5.630025791832,-2.824182173754));
#6313 = CARTESIAN_POINT('',(5.643596647526,-2.21782035515));
#6314 = CARTESIAN_POINT('',(5.657223804761,-1.610206111058));
#6315 = CARTESIAN_POINT('',(5.670905874017,-1.001538383597));
#6316 = CARTESIAN_POINT('',(5.684641545824,-0.392015606785));
#6317 = CARTESIAN_POINT('',(5.698429640003,0.21816188911));
#6318 = CARTESIAN_POINT('',(5.712268881756,0.828806201615));
#6319 = CARTESIAN_POINT('',(5.726158016729,1.439721606058));
#6320 = CARTESIAN_POINT('',(5.740095851491,2.050712737318));
#6321 = CARTESIAN_POINT('',(5.754081238121,2.661584133936));
#6322 = CARTESIAN_POINT('',(5.768113085858,3.272140360265));
#6323 = CARTESIAN_POINT('',(5.78219035563,3.88218597374));
#6324 = CARTESIAN_POINT('',(5.791604849181,4.28841234702));
#6325 = CARTESIAN_POINT('',(5.796319344964,4.491375284528));
#6326 = ( GEOMETRIC_REPRESENTATION_CONTEXT(2) 
PARAMETRIC_REPRESENTATION_CONTEXT() REPRESENTATION_CONTEXT('2D SPACE',''
  ) );
#6327 = ORIENTED_EDGE('',*,*,#6328,.T.);
#6328 = EDGE_CURVE('',#6259,#5883,#6329,.T.);
#6329 = SURFACE_CURVE('',#6330,(#6335,#6364),.PCURVE_S1.);
#6330 = ELLIPSE('',#6331,40.154823812979,40.);
#6331 = AXIS2_PLACEMENT_3D('',#6332,#6333,#6334);
#6332 = CARTESIAN_POINT('',(447.71542268241,-40.,-132.6633108378));
#6333 = DIRECTION('',(1.2E-15,1.,2.8E-16));
#6334 = DIRECTION('',(-0.993408935871,1.15999597281E-15,0.114624107985)
  );
#6335 = PCURVE('',#3315,#6336);
#6336 = DEFINITIONAL_REPRESENTATION('',(#6337),#6363);
#6337 = B_SPLINE_CURVE_WITH_KNOTS('',3,(#6338,#6339,#6340,#6341,#6342,
    #6343,#6344,#6345,#6346,#6347,#6348,#6349,#6350,#6351,#6352,#6353,
    #6354,#6355,#6356,#6357,#6358,#6359,#6360,#6361,#6362),
  .UNSPECIFIED.,.F.,.F.,(4,1,1,1,1,1,1,1,1,1,1,1,1,1,1,1,1,1,1,1,1,1,4),
  (5.020181035804,5.067749247341,5.115317458878,5.162885670415,
    5.210453881953,5.25802209349,5.305590305027,5.353158516564,
    5.400726728102,5.448294939639,5.495863151176,5.543431362713,
    5.590999574251,5.638567785788,5.686135997325,5.733704208862,
    5.7812724204,5.828840631937,5.876408843474,5.923977055012,
    5.971545266549,6.019113478086,6.066681689623),
  .QUASI_UNIFORM_KNOTS.);
#6338 = CARTESIAN_POINT('',(5.862797970815,-84.1742542676));
#6339 = CARTESIAN_POINT('',(5.878654041327,-84.22748699803));
#6340 = CARTESIAN_POINT('',(5.910366182352,-84.33314548404));
#6341 = CARTESIAN_POINT('',(5.957934393889,-84.48886082307));
#6342 = CARTESIAN_POINT('',(6.005502605426,-84.64144959825));
#6343 = CARTESIAN_POINT('',(6.053070816964,-84.79056711527));
#6344 = CARTESIAN_POINT('',(6.100639028501,-84.93587588811));
#6345 = CARTESIAN_POINT('',(6.148207240038,-85.07704722006));
#6346 = CARTESIAN_POINT('',(6.195775451576,-85.21376172828));
#6347 = CARTESIAN_POINT('',(6.243343663113,-85.34571012506));
#6348 = CARTESIAN_POINT('',(6.29091187465,-85.47259390177));
#6349 = CARTESIAN_POINT('',(6.338480086187,-85.59412600839));
#6350 = CARTESIAN_POINT('',(6.386048297725,-85.7100315018));
#6351 = CARTESIAN_POINT('',(6.433616509262,-85.82004816809));
#6352 = CARTESIAN_POINT('',(6.481184720799,-85.92392711562));
#6353 = CARTESIAN_POINT('',(6.528752932336,-86.02143333833));
#6354 = CARTESIAN_POINT('',(6.576321143874,-86.11234624661));
#6355 = CARTESIAN_POINT('',(6.623889355411,-86.19646016933));
#6356 = CARTESIAN_POINT('',(6.671457566948,-86.27358480784));
#6357 = CARTESIAN_POINT('',(6.719025778485,-86.34354570874));
#6358 = CARTESIAN_POINT('',(6.766593990023,-86.40618450072));
#6359 = CARTESIAN_POINT('',(6.81416220156,-86.46135984206));
#6360 = CARTESIAN_POINT('',(6.861730413097,-86.50894554124));
#6361 = CARTESIAN_POINT('',(6.893442554122,-86.5355412136));
#6362 = CARTESIAN_POINT('',(6.909298624634,-86.54753880073));
#6363 = ( GEOMETRIC_REPRESENTATION_CONTEXT(2) 
PARAMETRIC_REPRESENTATION_CONTEXT() REPRESENTATION_CONTEXT('2D SPACE',''
  ) );
#6364 = PCURVE('',#5944,#6365);
#6365 = DEFINITIONAL_REPRESENTATION('',(#6366),#6374);
#6366 = ( BOUNDED_CURVE() B_SPLINE_CURVE(2,(#6367,#6368,#6369,#6370,
#6371,#6372,#6373),.UNSPECIFIED.,.T.,.F.) B_SPLINE_CURVE_WITH_KNOTS((1,2
    ,2,2,2,1),(-2.094395102393,0.,2.094395102393,4.188790204786,
6.28318530718,8.377580409573),.UNSPECIFIED.) CURVE() 
GEOMETRIC_REPRESENTATION_ITEM() RATIONAL_B_SPLINE_CURVE((1.,0.5,1.,0.5,
1.,0.5,1.)) REPRESENTATION_ITEM('') );
#6367 = CARTESIAN_POINT('',(57.174738111727,125.06059997694));
#6368 = CARTESIAN_POINT('',(49.233346959625,56.235209992077));
#6369 = CARTESIAN_POINT('',(-6.63119865554,97.551971275807));
#6370 = CARTESIAN_POINT('',(-62.4957442707,138.86873255953));
#6371 = CARTESIAN_POINT('',(1.310192496562,166.37736126067));
#6372 = CARTESIAN_POINT('',(65.116129263828,193.88598996181));
#6373 = CARTESIAN_POINT('',(57.174738111727,125.06059997694));
#6374 = ( GEOMETRIC_REPRESENTATION_CONTEXT(2) 
PARAMETRIC_REPRESENTATION_CONTEXT() REPRESENTATION_CONTEXT('2D SPACE',''
  ) );
#6375 = ORIENTED_EDGE('',*,*,#5882,.T.);
#6376 = ORIENTED_EDGE('',*,*,#3298,.F.);
#6377 = ORIENTED_EDGE('',*,*,#6378,.F.);
#6378 = EDGE_CURVE('',#4372,#3271,#6379,.T.);
#6379 = SURFACE_CURVE('',#6380,(#6384,#6391),.PCURVE_S1.);
#6380 = LINE('',#6381,#6382);
#6381 = CARTESIAN_POINT('',(415.11052207633,46.272810572941,
    -133.4990286052));
#6382 = VECTOR('',#6383,1.);
#6383 = DIRECTION('',(-8.715133597239E-02,-0.99614432842,
    1.005592338143E-02));
#6384 = PCURVE('',#3315,#6385);
#6385 = DEFINITIONAL_REPRESENTATION('',(#6386),#6390);
#6386 = LINE('',#6387,#6388);
#6387 = CARTESIAN_POINT('',(7.011364698963,-5.329E-14));
#6388 = VECTOR('',#6389,1.);
#6389 = DIRECTION('',(-3.E-17,-1.));
#6390 = ( GEOMETRIC_REPRESENTATION_CONTEXT(2) 
PARAMETRIC_REPRESENTATION_CONTEXT() REPRESENTATION_CONTEXT('2D SPACE',''
  ) );
#6391 = PCURVE('',#3286,#6392);
#6392 = DEFINITIONAL_REPRESENTATION('',(#6393),#6397);
#6393 = LINE('',#6394,#6395);
#6394 = CARTESIAN_POINT('',(116.00523106788,0.499028605224));
#6395 = VECTOR('',#6396,1.);
#6396 = DIRECTION('',(-0.999949437924,-1.005592338143E-02));
#6397 = ( GEOMETRIC_REPRESENTATION_CONTEXT(2) 
PARAMETRIC_REPRESENTATION_CONTEXT() REPRESENTATION_CONTEXT('2D SPACE',''
  ) );
#6398 = ORIENTED_EDGE('',*,*,#4371,.T.);
#6399 = FACE_BOUND('',#6400,.T.);
#6400 = EDGE_LOOP('',(#6401));
#6401 = ORIENTED_EDGE('',*,*,#6402,.F.);
#6402 = EDGE_CURVE('',#6403,#6403,#6405,.T.);
#6403 = VERTEX_POINT('',#6404);
#6404 = CARTESIAN_POINT('',(414.95261992901,-4.497236117495,
    -150.968817675));
#6405 = SURFACE_CURVE('',#6406,(#6549,#6695),.PCURVE_S1.);
#6406 = B_SPLINE_CURVE_WITH_KNOTS('',6,(#6407,#6408,#6409,#6410,#6411,
    #6412,#6413,#6414,#6415,#6416,#6417,#6418,#6419,#6420,#6421,#6422,
    #6423,#6424,#6425,#6426,#6427,#6428,#6429,#6430,#6431,#6432,#6433,
    #6434,#6435,#6436,#6437,#6438,#6439,#6440,#6441,#6442,#6443,#6444,
    #6445,#6446,#6447,#6448,#6449,#6450,#6451,#6452,#6453,#6454,#6455,
    #6456,#6457,#6458,#6459,#6460,#6461,#6462,#6463,#6464,#6465,#6466,
    #6467,#6468,#6469,#6470,#6471,#6472,#6473,#6474,#6475,#6476,#6477,
    #6478,#6479,#6480,#6481,#6482,#6483,#6484,#6485,#6486,#6487,#6488,
    #6489,#6490,#6491,#6492,#6493,#6494,#6495,#6496,#6497,#6498,#6499,
    #6500,#6501,#6502,#6503,#6504,#6505,#6506,#6507,#6508,#6509,#6510,
    #6511,#6512,#6513,#6514,#6515,#6516,#6517,#6518,#6519,#6520,#6521,
    #6522,#6523,#6524,#6525,#6526,#6527,#6528,#6529,#6530,#6531,#6532,
    #6533,#6534,#6535,#6536,#6537,#6538,#6539,#6540,#6541,#6542,#6543,
    #6544,#6545,#6546,#6547,#6548),.UNSPECIFIED.,.T.,.F.,(7,5,5,5,5,5,5,
    5,5,5,5,5,5,5,5,5,5,5,5,5,5,5,5,5,5,5,5,5,7),(0.,1.206882842128E-04,
    2.858503423192E-04,4.129056579027E-04,5.971475273355E-04,
    7.178651767557E-04,9.021297720059E-04,1.054634934975E-03,
    1.2007944574E-03,1.423227468488E-03,1.607543985083E-03,
    3.150667410717E-02,9.489441666119E-02,0.15537824256,0.216708662068,
    0.268146736597,0.322747074493,0.375193769887,0.419902193686,
    0.459109658631,0.499485390511,0.547145145541,0.579077827133,
    0.648798633252,0.723885241146,0.785973894708,0.839249056279,
    0.888140322756,1.),.UNSPECIFIED.);
#6407 = CARTESIAN_POINT('',(414.952619929,-4.497236117495,-150.968817675
    ));
#6408 = CARTESIAN_POINT('',(414.95266365469,-4.496705420031,
    -150.968817675));
#6409 = CARTESIAN_POINT('',(414.95270742009,-4.496174727831,
    -150.9688177545));
#6410 = CARTESIAN_POINT('',(414.95275122519,-4.495644040906,
    -150.9688179136));
#6411 = CARTESIAN_POINT('',(414.95279507,-4.495113359269,-150.9688181521
    ));
#6412 = CARTESIAN_POINT('',(414.95283895451,-4.494582682928,
    -150.9688184702));
#6413 = CARTESIAN_POINT('',(414.95294298905,-4.493325787968,
    -150.9688194119));
#6414 = CARTESIAN_POINT('',(414.95300317373,-4.492599573981,
    -150.9688201049));
#6415 = CARTESIAN_POINT('',(414.95306343276,-4.491873369964,
    -150.9688209468));
#6416 = CARTESIAN_POINT('',(414.95312376612,-4.491147175945,
    -150.9688219375));
#6417 = CARTESIAN_POINT('',(414.95318417381,-4.490420991952,
    -150.9688230772));
#6418 = CARTESIAN_POINT('',(414.95329118323,-4.489136189354,
    -150.968825357));
#6419 = CARTESIAN_POINT('',(414.95333775461,-4.488577566645,
    -150.9688264363));
#6420 = CARTESIAN_POINT('',(414.95338436998,-4.488018949899,
    -150.9688276038));
#6421 = CARTESIAN_POINT('',(414.95343102932,-4.487460339128,
    -150.9688288593));
#6422 = CARTESIAN_POINT('',(414.95347773264,-4.486901734346,
    -150.968830203));
#6423 = CARTESIAN_POINT('',(414.9535922678,-4.48553311606,
    -150.9688337108));
#6424 = CARTESIAN_POINT('',(414.95366014813,-4.484723109175,
    -150.9688359722));
#6425 = CARTESIAN_POINT('',(414.95372812092,-4.483913114948,
    -150.9688384188));
#6426 = CARTESIAN_POINT('',(414.95379618615,-4.483103133417,
    -150.9688410506));
#6427 = CARTESIAN_POINT('',(414.95386434382,-4.482293164623,
    -150.9688438675));
#6428 = CARTESIAN_POINT('',(414.95397731226,-4.480952514972,
    -150.9688488368));
#6429 = CARTESIAN_POINT('',(414.95402207029,-4.480421826825,
    -150.9688508833));
#6430 = CARTESIAN_POINT('',(414.95406686799,-4.479891144173,
    -150.9688530094));
#6431 = CARTESIAN_POINT('',(414.95411170537,-4.479360467027,
    -150.968855215));
#6432 = CARTESIAN_POINT('',(414.95415658242,-4.478829795399,-150.9688575
    ));
#6433 = CARTESIAN_POINT('',(414.95427006046,-4.477489115398,
    -150.9688634738));
#6434 = CARTESIAN_POINT('',(414.95433871421,-4.476679114377,
    -150.9688672683));
#6435 = CARTESIAN_POINT('',(414.95440746038,-4.475869126276,
    -150.968871248));
#6436 = CARTESIAN_POINT('',(414.95447629896,-4.475059151133,
    -150.9688754128));
#6437 = CARTESIAN_POINT('',(414.95454522995,-4.474249188987,
    -150.9688797629));
#6438 = CARTESIAN_POINT('',(414.95467137999,-4.472768891781,
    -150.9688880516));
#6439 = CARTESIAN_POINT('',(414.95472856995,-4.472098552613,
    -150.9688919319));
#6440 = CARTESIAN_POINT('',(414.95478582319,-4.471428222398,
    -150.9688959391));
#6441 = CARTESIAN_POINT('',(414.95484313971,-4.470757901156,
    -150.9689000731));
#6442 = CARTESIAN_POINT('',(414.9549005195,-4.470087588911,
    -150.9689043339));
#6443 = CARTESIAN_POINT('',(414.95501301546,-4.468774873337,
    -150.9689129266));
#6444 = CARTESIAN_POINT('',(414.95506812647,-4.468132469274,
    -150.9689172482));
#6445 = CARTESIAN_POINT('',(414.95512329559,-4.467490073514,
    -150.9689216862));
#6446 = CARTESIAN_POINT('',(414.95517852282,-4.466847686076,
    -150.9689262407));
#6447 = CARTESIAN_POINT('',(414.95523380814,-4.46620530698,
    -150.9689309116));
#6448 = CARTESIAN_POINT('',(414.95537337601,-4.464585343719,
    -150.9689429848));
#6449 = CARTESIAN_POINT('',(414.95545773501,-4.463607770557,
    -150.9689505402));
#6450 = CARTESIAN_POINT('',(414.95554222855,-4.462630216828,
    -150.9689583654));
#6451 = CARTESIAN_POINT('',(414.95562685662,-4.461652682601,
    -150.9689664602));
#6452 = CARTESIAN_POINT('',(414.95571161919,-4.460675167944,
    -150.9689748247));
#6453 = CARTESIAN_POINT('',(414.95586686522,-4.458887683097,
    -150.9689906134));
#6454 = CARTESIAN_POINT('',(414.95593730653,-4.458077706752,
    -150.9689979531));
#6455 = CARTESIAN_POINT('',(414.95600784019,-4.457267743931,
    -150.969005478));
#6456 = CARTESIAN_POINT('',(414.95607846618,-4.456457794673,
    -150.969013188));
#6457 = CARTESIAN_POINT('',(414.95614918449,-4.455647859016,
    -150.9690210831));
#6458 = CARTESIAN_POINT('',(414.96770662789,-4.323455442381,
    -150.9703399059));
#6459 = CARTESIAN_POINT('',(414.9816222348,-4.192433151085,
    -150.9765214704));
#6460 = CARTESIAN_POINT('',(414.99793098866,-4.061934694164,
    -150.9875292412));
#6461 = CARTESIAN_POINT('',(415.01660351173,-3.932122245467,
    -151.0033193814));
#6462 = CARTESIAN_POINT('',(415.03761687569,-3.803156521641,
    -151.023848833));
#6463 = CARTESIAN_POINT('',(415.1104318192,-3.403915343773,
    -151.1025568021));
#6464 = CARTESIAN_POINT('',(415.17037676073,-3.137040481839,
    -151.1771720307));
#6465 = CARTESIAN_POINT('',(415.24062045805,-2.876238390708,
    -151.2725221692));
#6466 = CARTESIAN_POINT('',(415.32107956129,-2.623144999918,
    -151.3881448506));
#6467 = CARTESIAN_POINT('',(415.41173854713,-2.379394580228,
    -151.5235109829));
#6468 = CARTESIAN_POINT('',(415.60890318369,-1.924564679868,-151.8254537
    ));
#6469 = CARTESIAN_POINT('',(415.71452601837,-1.712424061907,
    -151.9903673594));
#6470 = CARTESIAN_POINT('',(415.82936207062,-1.512092909722,
    -152.1719902747));
#6471 = CARTESIAN_POINT('',(415.95322603179,-1.325298961139,
    -152.369313023));
#6472 = CARTESIAN_POINT('',(416.08585930477,-1.153628088567,
    -152.5811233638));
#6473 = CARTESIAN_POINT('',(416.36992222411,-0.841243094595,
    -153.0341059747));
#6474 = CARTESIAN_POINT('',(416.52153913329,-0.701049889862,
    -153.2755693019));
#6475 = CARTESIAN_POINT('',(416.68109267711,-0.579724842832,
    -153.5285300246));
#6476 = CARTESIAN_POINT('',(416.84773127165,-0.478635491207,
    -153.7907952413));
#6477 = CARTESIAN_POINT('',(417.02039782712,-0.398714842693,
    -154.0599827069));
#6478 = CARTESIAN_POINT('',(417.34661387762,-0.291569531398,
    -154.5631278003));
#6479 = CARTESIAN_POINT('',(417.49867614558,-0.257950249173,
    -154.795643336));
#6480 = CARTESIAN_POINT('',(417.65328912121,-0.239822332247,
    -155.0297782092));
#6481 = CARTESIAN_POINT('',(417.80964438472,-0.237227839127,
    -155.264115535));
#6482 = CARTESIAN_POINT('',(417.9668480149,-0.250012521691,
    -155.4972470825));
#6483 = CARTESIAN_POINT('',(418.29067246114,-0.307347276369,
    -155.972540173));
#6484 = CARTESIAN_POINT('',(418.45728229882,-0.35380252462,
    -156.2143817838));
#6485 = CARTESIAN_POINT('',(418.62281211668,-0.416808506352,
    -156.4519983325));
#6486 = CARTESIAN_POINT('',(418.7862344291,-0.495872812685,
    -156.684107652));
#6487 = CARTESIAN_POINT('',(418.94646286944,-0.590398070401,
    -156.9094884163));
#6488 = CARTESIAN_POINT('',(419.25213087093,-0.804665484581,
    -157.3359126694));
#6489 = CARTESIAN_POINT('',(419.39797279187,-0.923314116219,
    -157.5376605713));
#6490 = CARTESIAN_POINT('',(419.5389348304,-1.055064981811,
    -157.7312571441));
#6491 = CARTESIAN_POINT('',(419.67402424421,-1.199301056799,
    -157.9157869903));
#6492 = CARTESIAN_POINT('',(419.80223006608,-1.355357191431,
    -158.0903814193));
#6493 = CARTESIAN_POINT('',(420.02508949501,-1.665020424549,
    -158.3938551296));
#6494 = CARTESIAN_POINT('',(420.12193413397,-1.815635649324,
    -158.5257214302));
#6495 = CARTESIAN_POINT('',(420.2123453048,-1.973808942039,
    -158.6491565945));
#6496 = CARTESIAN_POINT('',(420.29564595134,-2.138940569168,
    -158.7635989214));
#6497 = CARTESIAN_POINT('',(420.37121580605,-2.310390748975,
    -158.8685575832));
#6498 = CARTESIAN_POINT('',(420.49750853328,-2.642783190301,
    -159.0469464212));
#6499 = CARTESIAN_POINT('',(420.55014189649,-2.802415641551,
    -159.1226630425));
#6500 = CARTESIAN_POINT('',(420.59597766893,-2.965779096095,
    -159.1903847133));
#6501 = CARTESIAN_POINT('',(420.6346810361,-3.132253891766,
    -159.2498410317));
#6502 = CARTESIAN_POINT('',(420.66601170664,-3.301202212356,
    -159.3008473641));
#6503 = CARTESIAN_POINT('',(420.71435640588,-3.647825488253,
    -159.3870112646));
#6504 = CARTESIAN_POINT('',(420.7309082057,-3.825553898532,
    -159.4216372314));
#6505 = CARTESIAN_POINT('',(420.73933670427,-4.004400367317,
    -159.4470630655));
#6506 = CARTESIAN_POINT('',(420.73962177437,-4.183612145301,
    -159.4632828152));
#6507 = CARTESIAN_POINT('',(420.73187197457,-4.362439512446,
    -159.4703949705));
#6508 = CARTESIAN_POINT('',(420.69797425389,-4.749892232699,
    -159.466483695));
#6509 = CARTESIAN_POINT('',(420.66876822508,-4.957973002497,
    -159.4519581569));
#6510 = CARTESIAN_POINT('',(420.62909277852,-5.163459383127,
    -159.4253795223));
#6511 = CARTESIAN_POINT('',(420.57947600814,-5.365471396694,
    -159.387185757));
#6512 = CARTESIAN_POINT('',(420.52058020028,-5.563169135832,
    -159.3379122475));
#6513 = CARTESIAN_POINT('',(420.40804323167,-5.884786563784,
    -159.2382024242));
#6514 = CARTESIAN_POINT('',(420.35906330069,-6.011576197103,
    -159.1934994238));
#6515 = CARTESIAN_POINT('',(420.30645179309,-6.135972679835,
    -159.1442560299));
#6516 = CARTESIAN_POINT('',(420.25041147168,-6.257833010825,
    -159.0906295952));
#6517 = CARTESIAN_POINT('',(420.19114865045,-6.377020120983,
    -159.0327776714));
#6518 = CARTESIAN_POINT('',(419.99289985954,-6.74750882405,
    -158.8356697537));
#6519 = CARTESIAN_POINT('',(419.84261048111,-6.9881533523,-158.681145735
    ));
#6520 = CARTESIAN_POINT('',(419.67992246412,-7.21450476861,
    -158.5086955969));
#6521 = CARTESIAN_POINT('',(419.50658029273,-7.42573756282,
    -158.3194789545));
#6522 = CARTESIAN_POINT('',(419.32419614342,-7.620952460478,
    -158.1144959012));
#6523 = CARTESIAN_POINT('',(418.92977147981,-7.990950992235,
    -157.6579382505));
#6524 = CARTESIAN_POINT('',(418.71637626222,-8.163149224371,
    -157.4038148984));
#6525 = CARTESIAN_POINT('',(418.49591525322,-8.314385261188,
    -157.1333379564));
#6526 = CARTESIAN_POINT('',(418.27011838714,-8.443048426322,
    -156.8474645763));
#6527 = CARTESIAN_POINT('',(418.040761279,-8.547139318098,
    -156.5472608798));
#6528 = CARTESIAN_POINT('',(417.61873824992,-8.687873218473,
    -155.9752272934));
#6529 = CARTESIAN_POINT('',(417.42634730809,-8.73315447907,
    -155.7071481311));
#6530 = CARTESIAN_POINT('',(417.23423367968,-8.758333034595,
    -155.4314413316));
#6531 = CARTESIAN_POINT('',(417.04405747733,-8.761871759535,
    -155.149878096));
#6532 = CARTESIAN_POINT('',(416.85745273673,-8.742374153109,
    -154.8644817995));
#6533 = CARTESIAN_POINT('',(416.52029006277,-8.660997784567,
    -154.3313389785));
#6534 = CARTESIAN_POINT('',(416.36841789984,-8.605538018828,
    -154.0840655913));
#6535 = CARTESIAN_POINT('',(416.22202955606,-8.531578470847,
    -153.8382220409));
#6536 = CARTESIAN_POINT('',(416.08253521093,-8.439053482955,
    -153.5963164336));
#6537 = CARTESIAN_POINT('',(415.95106652727,-8.328427677285,
    -153.3607866521));
#6538 = CARTESIAN_POINT('',(415.71597719224,-8.083448399487,
    -152.9256344906));
#6539 = CARTESIAN_POINT('',(415.61114530514,-7.951994679189,
    -152.7250042818));
#6540 = CARTESIAN_POINT('',(415.51459464323,-7.807169055051,
    -152.5336683751));
#6541 = CARTESIAN_POINT('',(415.42673004002,-7.650173604113,
    -152.3531473117));
#6542 = CARTESIAN_POINT('',(415.34775702184,-7.482534513351,
    -152.1847145079));
#6543 = CARTESIAN_POINT('',(415.11738132464,-6.902339340362,
    -151.6737658303));
#6544 = CARTESIAN_POINT('',(415.00462957037,-6.454784356259,
    -151.3885129818));
#6545 = CARTESIAN_POINT('',(414.93527931214,-5.977901658983,
    -151.1760291779));
#6546 = CARTESIAN_POINT('',(414.90551929579,-5.484726636767,
    -151.0366886397));
#6547 = CARTESIAN_POINT('',(414.91222404812,-4.987519814739,
    -150.968817675));
#6548 = CARTESIAN_POINT('',(414.952619929,-4.497236117495,-150.968817675
    ));
#6549 = PCURVE('',#3315,#6550);
#6550 = DEFINITIONAL_REPRESENTATION('',(#6551),#6694);
#6551 = B_SPLINE_CURVE_WITH_KNOTS('',6,(#6552,#6553,#6554,#6555,#6556,
    #6557,#6558,#6559,#6560,#6561,#6562,#6563,#6564,#6565,#6566,#6567,
    #6568,#6569,#6570,#6571,#6572,#6573,#6574,#6575,#6576,#6577,#6578,
    #6579,#6580,#6581,#6582,#6583,#6584,#6585,#6586,#6587,#6588,#6589,
    #6590,#6591,#6592,#6593,#6594,#6595,#6596,#6597,#6598,#6599,#6600,
    #6601,#6602,#6603,#6604,#6605,#6606,#6607,#6608,#6609,#6610,#6611,
    #6612,#6613,#6614,#6615,#6616,#6617,#6618,#6619,#6620,#6621,#6622,
    #6623,#6624,#6625,#6626,#6627,#6628,#6629,#6630,#6631,#6632,#6633,
    #6634,#6635,#6636,#6637,#6638,#6639,#6640,#6641,#6642,#6643,#6644,
    #6645,#6646,#6647,#6648,#6649,#6650,#6651,#6652,#6653,#6654,#6655,
    #6656,#6657,#6658,#6659,#6660,#6661,#6662,#6663,#6664,#6665,#6666,
    #6667,#6668,#6669,#6670,#6671,#6672,#6673,#6674,#6675,#6676,#6677,
    #6678,#6679,#6680,#6681,#6682,#6683,#6684,#6685,#6686,#6687,#6688,
    #6689,#6690,#6691,#6692,#6693),.UNSPECIFIED.,.F.,.F.,(7,5,5,5,5,5,5,
    5,5,5,5,5,5,5,5,5,5,5,5,5,5,5,5,5,5,5,5,5,7),(0.,1.206882842128E-04,
    2.858503423192E-04,4.129056579027E-04,5.971475273355E-04,
    7.178651767557E-04,9.021297720059E-04,1.054634934975E-03,
    1.2007944574E-03,1.423227468488E-03,1.607543985083E-03,
    3.150667410717E-02,9.489441666119E-02,0.15537824256,0.216708662068,
    0.268146736597,0.322747074493,0.375193769887,0.419902193686,
    0.459109658631,0.499485390511,0.547145145541,0.579077827133,
    0.648798633252,0.723885241146,0.785973894708,0.839249056279,
    0.888140322756,1.),.UNSPECIFIED.);
#6552 = CARTESIAN_POINT('',(6.545225190496,-50.412380587));
#6553 = CARTESIAN_POINT('',(6.545225340351,-50.41184812498));
#6554 = CARTESIAN_POINT('',(6.545225487979,-50.41131566395));
#6555 = CARTESIAN_POINT('',(6.545225633382,-50.4107832039));
#6556 = CARTESIAN_POINT('',(6.54522577656,-50.41025074487));
#6557 = CARTESIAN_POINT('',(6.545225917511,-50.40971828685));
#6558 = CARTESIAN_POINT('',(6.545226246084,-50.40845716184));
#6559 = CARTESIAN_POINT('',(6.545226431763,-50.40772849575));
#6560 = CARTESIAN_POINT('',(6.545226613274,-50.40699983162));
#6561 = CARTESIAN_POINT('',(6.545226790617,-50.40627116947));
#6562 = CARTESIAN_POINT('',(6.545226963793,-50.40554250933));
#6563 = CARTESIAN_POINT('',(6.545227262816,-50.40425331157));
#6564 = CARTESIAN_POINT('',(6.545227390365,-50.40369277312));
#6565 = CARTESIAN_POINT('',(6.545227515447,-50.40313223588));
#6566 = CARTESIAN_POINT('',(6.545227638064,-50.40257169988));
#6567 = CARTESIAN_POINT('',(6.545227758214,-50.40201116513));
#6568 = CARTESIAN_POINT('',(6.545228046553,-50.40063780662));
#6569 = CARTESIAN_POINT('',(6.545228212022,-50.39982498425));
#6570 = CARTESIAN_POINT('',(6.545228372307,-50.39901216458));
#6571 = CARTESIAN_POINT('',(6.545228527407,-50.39819934763));
#6572 = CARTESIAN_POINT('',(6.545228677323,-50.39738653345));
#6573 = CARTESIAN_POINT('',(6.545228916887,-50.39604115758));
#6574 = CARTESIAN_POINT('',(6.545229009492,-50.39550859429));
#6575 = CARTESIAN_POINT('',(6.545229099872,-50.39497603222));
#6576 = CARTESIAN_POINT('',(6.545229188027,-50.39444347137));
#6577 = CARTESIAN_POINT('',(6.545229273957,-50.39391091177));
#6578 = CARTESIAN_POINT('',(6.545229485429,-50.39256545115));
#6579 = CARTESIAN_POINT('',(6.545229608012,-50.39175255181));
#6580 = CARTESIAN_POINT('',(6.545229725411,-50.39093965541));
#6581 = CARTESIAN_POINT('',(6.545229837627,-50.39012676201));
#6582 = CARTESIAN_POINT('',(6.545229944659,-50.38931387164));
#6583 = CARTESIAN_POINT('',(6.545230130803,-50.38782820448));
#6584 = CARTESIAN_POINT('',(6.545230211547,-50.38715542672));
#6585 = CARTESIAN_POINT('',(6.545230288742,-50.38648265108));
#6586 = CARTESIAN_POINT('',(6.545230362386,-50.3858098776));
#6587 = CARTESIAN_POINT('',(6.54523043248,-50.38513710629));
#6588 = CARTESIAN_POINT('',(6.5452305628,-50.38381956153));
#6589 = CARTESIAN_POINT('',(6.545230623315,-50.38317478791));
#6590 = CARTESIAN_POINT('',(6.54523068057,-50.38253001633));
#6591 = CARTESIAN_POINT('',(6.545230734564,-50.3818852468));
#6592 = CARTESIAN_POINT('',(6.545230785299,-50.38124047935));
#6593 = CARTESIAN_POINT('',(6.545230905023,-50.3796144772));
#6594 = CARTESIAN_POINT('',(6.545230969722,-50.37863324526));
#6595 = CARTESIAN_POINT('',(6.545231026872,-50.37765201824));
#6596 = CARTESIAN_POINT('',(6.545231076472,-50.37667079622));
#6597 = CARTESIAN_POINT('',(6.545231118525,-50.37568957925));
#6598 = CARTESIAN_POINT('',(6.54523118162,-50.37389529769));
#6599 = CARTESIAN_POINT('',(6.545231205029,-50.37308223149));
#6600 = CARTESIAN_POINT('',(6.545231223255,-50.37226916884));
#6601 = CARTESIAN_POINT('',(6.545231236299,-50.3714561098));
#6602 = CARTESIAN_POINT('',(6.545231244161,-50.37064305441));
#6603 = CARTESIAN_POINT('',(6.545231681621,-50.2379398197));
#6604 = CARTESIAN_POINT('',(6.545095768995,-50.10614778226));
#6605 = CARTESIAN_POINT('',(6.544824709079,-49.97462046154));
#6606 = CARTESIAN_POINT('',(6.544419613902,-49.84352240724));
#6607 = CARTESIAN_POINT('',(6.543881507407,-49.71301614756));
#6608 = CARTESIAN_POINT('',(6.541790504125,-49.30817691164));
#6609 = CARTESIAN_POINT('',(6.539775462886,-49.03635642477));
#6610 = CARTESIAN_POINT('',(6.53717497314,-48.76947923509));
#6611 = CARTESIAN_POINT('',(6.533998296237,-48.50918687813));
#6612 = CARTESIAN_POINT('',(6.530255319673,-48.25711399682));
#6613 = CARTESIAN_POINT('',(6.521854995388,-47.78381829687));
#6614 = CARTESIAN_POINT('',(6.517245969082,-47.56163209318));
#6615 = CARTESIAN_POINT('',(6.512145865774,-47.35023885064));
#6616 = CARTESIAN_POINT('',(6.506576727341,-47.15138594604));
#6617 = CARTESIAN_POINT('',(6.500565863862,-46.96668786448));
#6618 = CARTESIAN_POINT('',(6.487634930494,-46.6261957031));
#6619 = CARTESIAN_POINT('',(6.480705555857,-46.47090128442));
#6620 = CARTESIAN_POINT('',(6.47340385687,-46.33359496877));
#6621 = CARTESIAN_POINT('',(6.465785321079,-46.21573528942));
#6622 = CARTESIAN_POINT('',(6.457912398628,-46.11836773917));
#6623 = CARTESIAN_POINT('',(6.443092862961,-45.97814579188));
#6624 = CARTESIAN_POINT('',(6.436205238354,-45.92906554635));
#6625 = CARTESIAN_POINT('',(6.429227760085,-45.89517835499));
#6626 = CARTESIAN_POINT('',(6.422200389537,-45.87661081708));
#6627 = CARTESIAN_POINT('',(6.415164311087,-45.87330134674));
#6628 = CARTESIAN_POINT('',(6.400727559853,-45.89741379342));
#6629 = CARTESIAN_POINT('',(6.393330882278,-45.92673771485));
#6630 = CARTESIAN_POINT('',(6.386011811274,-45.97268516763));
#6631 = CARTESIAN_POINT('',(6.378811256283,-46.03486808157));
#6632 = CARTESIAN_POINT('',(6.371770015537,-46.1127983466));
#6633 = CARTESIAN_POINT('',(6.35835664053,-46.29531215169));
#6634 = CARTESIAN_POINT('',(6.351966075118,-46.39876423348));
#6635 = CARTESIAN_POINT('',(6.345790956698,-46.51577528872));
#6636 = CARTESIAN_POINT('',(6.339865002422,-46.64582639589));
#6637 = CARTESIAN_POINT('',(6.334221525178,-46.78835181246));
#6638 = CARTESIAN_POINT('',(6.324351724115,-47.07434688051));
#6639 = CARTESIAN_POINT('',(6.320037767183,-47.21461520536));
#6640 = CARTESIAN_POINT('',(6.315976289175,-47.36305792493));
#6641 = CARTESIAN_POINT('',(6.312189673169,-47.51914227283));
#6642 = CARTESIAN_POINT('',(6.308698174442,-47.68228992699));
#6643 = CARTESIAN_POINT('',(6.302732876133,-48.00060032784));
#6644 = CARTESIAN_POINT('',(6.300186843441,-48.15426882032));
#6645 = CARTESIAN_POINT('',(6.297896599142,-48.3123267463));
#6646 = CARTESIAN_POINT('',(6.295873680858,-48.47418873149));
#6647 = CARTESIAN_POINT('',(6.294126517386,-48.63924221728));
#6648 = CARTESIAN_POINT('',(6.291150751959,-48.97944926496));
#6649 = CARTESIAN_POINT('',(6.289939637153,-49.15470170532));
#6650 = CARTESIAN_POINT('',(6.289032876501,-49.33186836571));
#6651 = CARTESIAN_POINT('',(6.288432137536,-49.51020121313));
#6652 = CARTESIAN_POINT('',(6.288135011019,-49.6889429668));
#6653 = CARTESIAN_POINT('',(6.288135011019,-50.07789535974));
#6654 = CARTESIAN_POINT('',(6.288549011827,-50.28786525055));
#6655 = CARTESIAN_POINT('',(6.289365515374,-50.49628438407));
#6656 = CARTESIAN_POINT('',(6.290569048797,-50.70222574706));
#6657 = CARTESIAN_POINT('',(6.292140047646,-50.90478956762));
#6658 = CARTESIAN_POINT('',(6.295337608279,-51.2359773659));
#6659 = CARTESIAN_POINT('',(6.296775277005,-51.3669963364));
#6660 = CARTESIAN_POINT('',(6.298361757195,-51.49599353812));
#6661 = CARTESIAN_POINT('',(6.300091008685,-51.62280726789));
#6662 = CARTESIAN_POINT('',(6.301956927189,-51.74728142025));
#6663 = CARTESIAN_POINT('',(6.308312220004,-52.13560138966));
#6664 = CARTESIAN_POINT('',(6.313291566595,-52.38996987345));
#6665 = CARTESIAN_POINT('',(6.318835079671,-52.63136117644));
#6666 = CARTESIAN_POINT('',(6.324894223937,-52.85878927624));
#6667 = CARTESIAN_POINT('',(6.331426059052,-53.07120780552));
#6668 = CARTESIAN_POINT('',(6.345892132579,-53.47874548958));
#6669 = CARTESIAN_POINT('',(6.353901216678,-53.67143290515));
#6670 = CARTESIAN_POINT('',(6.362372887258,-53.84401919234));
#6671 = CARTESIAN_POINT('',(6.371265377719,-53.99473949391));
#6672 = CARTESIAN_POINT('',(6.380535293434,-54.12143664916));
#6673 = CARTESIAN_POINT('',(6.398066409057,-54.30416012254));
#6674 = CARTESIAN_POINT('',(6.406234671537,-54.3687297046));
#6675 = CARTESIAN_POINT('',(6.41458444963,-54.41332662571));
#6676 = CARTESIAN_POINT('',(6.423059159701,-54.43625719491));
#6677 = CARTESIAN_POINT('',(6.431597314529,-54.43596754059));
#6678 = CARTESIAN_POINT('',(6.447456002366,-54.38965035343));
#6679 = CARTESIAN_POINT('',(6.454775340563,-54.35012684647));
#6680 = CARTESIAN_POINT('',(6.462017266173,-54.29168258585));
#6681 = CARTESIAN_POINT('',(6.469110872817,-54.21410404672));
#6682 = CARTESIAN_POINT('',(6.475989472147,-54.11773091868));
#6683 = CARTESIAN_POINT('',(6.488653484455,-53.89856040694));
#6684 = CARTESIAN_POINT('',(6.494472029433,-53.77876729003));
#6685 = CARTESIAN_POINT('',(6.500004072628,-53.64483864433));
#6686 = CARTESIAN_POINT('',(6.505210352501,-53.49792133983));
#6687 = CARTESIAN_POINT('',(6.510058843094,-53.33950496175));
#6688 = CARTESIAN_POINT('',(6.524748202719,-52.78676244134));
#6689 = CARTESIAN_POINT('',(6.532916624624,-52.35362802908));
#6690 = CARTESIAN_POINT('',(6.539010330399,-51.88676472337));
#6691 = CARTESIAN_POINT('',(6.543047853546,-51.39948604503));
#6692 = CARTESIAN_POINT('',(6.545086747559,-50.90429446632));
#6693 = CARTESIAN_POINT('',(6.545225190496,-50.412380587));
#6694 = ( GEOMETRIC_REPRESENTATION_CONTEXT(2) 
PARAMETRIC_REPRESENTATION_CONTEXT() REPRESENTATION_CONTEXT('2D SPACE',''
  ) );
#6695 = PCURVE('',#6696,#6701);
#6696 = CYLINDRICAL_SURFACE('',#6697,4.25);
#6697 = AXIS2_PLACEMENT_3D('',#6698,#6699,#6700);
#6698 = CARTESIAN_POINT('',(412.17449300378,-4.497236117495,
    -155.218817675));
#6699 = DIRECTION('',(1.,0.,0.));
#6700 = DIRECTION('',(0.,0.,1.));
#6701 = DEFINITIONAL_REPRESENTATION('',(#6702),#6845);
#6702 = B_SPLINE_CURVE_WITH_KNOTS('',6,(#6703,#6704,#6705,#6706,#6707,
    #6708,#6709,#6710,#6711,#6712,#6713,#6714,#6715,#6716,#6717,#6718,
    #6719,#6720,#6721,#6722,#6723,#6724,#6725,#6726,#6727,#6728,#6729,
    #6730,#6731,#6732,#6733,#6734,#6735,#6736,#6737,#6738,#6739,#6740,
    #6741,#6742,#6743,#6744,#6745,#6746,#6747,#6748,#6749,#6750,#6751,
    #6752,#6753,#6754,#6755,#6756,#6757,#6758,#6759,#6760,#6761,#6762,
    #6763,#6764,#6765,#6766,#6767,#6768,#6769,#6770,#6771,#6772,#6773,
    #6774,#6775,#6776,#6777,#6778,#6779,#6780,#6781,#6782,#6783,#6784,
    #6785,#6786,#6787,#6788,#6789,#6790,#6791,#6792,#6793,#6794,#6795,
    #6796,#6797,#6798,#6799,#6800,#6801,#6802,#6803,#6804,#6805,#6806,
    #6807,#6808,#6809,#6810,#6811,#6812,#6813,#6814,#6815,#6816,#6817,
    #6818,#6819,#6820,#6821,#6822,#6823,#6824,#6825,#6826,#6827,#6828,
    #6829,#6830,#6831,#6832,#6833,#6834,#6835,#6836,#6837,#6838,#6839,
    #6840,#6841,#6842,#6843,#6844),.UNSPECIFIED.,.F.,.F.,(7,5,5,5,5,5,5,
    5,5,5,5,5,5,5,5,5,5,5,5,5,5,5,5,5,5,5,5,5,7),(0.,1.206882842128E-04,
    2.858503423192E-04,4.129056579027E-04,5.971475273355E-04,
    7.178651767557E-04,9.021297720059E-04,1.054634934975E-03,
    1.2007944574E-03,1.423227468488E-03,1.607543985083E-03,
    3.150667410717E-02,9.489441666119E-02,0.15537824256,0.216708662068,
    0.268146736597,0.322747074493,0.375193769887,0.419902193686,
    0.459109658631,0.499485390511,0.547145145541,0.579077827133,
    0.648798633252,0.723885241146,0.785973894708,0.839249056279,
    0.888140322756,1.),.UNSPECIFIED.);
#6703 = CARTESIAN_POINT('',(0.,2.778126925221));
#6704 = CARTESIAN_POINT('',(-1.24869991569E-04,2.778170650909));
#6705 = CARTESIAN_POINT('',(-2.497387444474E-04,2.778214416305));
#6706 = CARTESIAN_POINT('',(-3.746062595531E-04,2.778258221409));
#6707 = CARTESIAN_POINT('',(-4.994725378049E-04,2.778302066216));
#6708 = CARTESIAN_POINT('',(-6.243375801225E-04,2.778345950726));
#6709 = CARTESIAN_POINT('',(-9.200776537667E-04,2.778449985268));
#6710 = CARTESIAN_POINT('',(-1.090951607179E-03,2.778510169949));
#6711 = CARTESIAN_POINT('',(-1.261823250017E-03,2.778570428974));
#6712 = CARTESIAN_POINT('',(-1.432692584636E-03,2.778630762334));
#6713 = CARTESIAN_POINT('',(-1.603559613391E-03,2.778691170025));
#6714 = CARTESIAN_POINT('',(-1.905866582929E-03,2.778798179442));
#6715 = CARTESIAN_POINT('',(-2.037307464027E-03,2.778844750828));
#6716 = CARTESIAN_POINT('',(-2.168746983015E-03,2.778891366195));
#6717 = CARTESIAN_POINT('',(-2.300185140966E-03,2.778938025541));
#6718 = CARTESIAN_POINT('',(-2.431621938951E-03,2.778984728861));
#6719 = CARTESIAN_POINT('',(-2.753650828585E-03,2.77909926402));
#6720 = CARTESIAN_POINT('',(-2.944241421693E-03,2.77916714435));
#6721 = CARTESIAN_POINT('',(-3.134829160634E-03,2.779235117135));
#6722 = CARTESIAN_POINT('',(-3.32541404868E-03,2.779303182366));
#6723 = CARTESIAN_POINT('',(-3.5159960891E-03,2.779371340035));
#6724 = CARTESIAN_POINT('',(-3.831445232737E-03,2.779484308478));
#6725 = CARTESIAN_POINT('',(-3.956313959213E-03,2.779529066503));
#6726 = CARTESIAN_POINT('',(-4.081181465516E-03,2.779573864205));
#6727 = CARTESIAN_POINT('',(-4.206047752567E-03,2.779618701583));
#6728 = CARTESIAN_POINT('',(-4.330912821287E-03,2.779663578634));
#6729 = CARTESIAN_POINT('',(-4.646370070754E-03,2.779777056676));
#6730 = CARTESIAN_POINT('',(-4.83696063243E-03,2.779845710426));
#6731 = CARTESIAN_POINT('',(-5.027548360893E-03,2.779914456596));
#6732 = CARTESIAN_POINT('',(-5.218133259415E-03,2.779983295179));
#6733 = CARTESIAN_POINT('',(-5.408715331266E-03,2.780052226164));
#6734 = CARTESIAN_POINT('',(-5.757026016423E-03,2.78017837621));
#6735 = CARTESIAN_POINT('',(-5.914755519132E-03,2.780235566165));
#6736 = CARTESIAN_POINT('',(-6.072483089689E-03,2.780292819404));
#6737 = CARTESIAN_POINT('',(-6.230208729945E-03,2.780350135924));
#6738 = CARTESIAN_POINT('',(-6.387932441758E-03,2.780407515718));
#6739 = CARTESIAN_POINT('',(-6.696813311418E-03,2.780520011678));
#6740 = CARTESIAN_POINT('',(-6.847970626254E-03,2.780575122688));
#6741 = CARTESIAN_POINT('',(-6.999126173128E-03,2.780630291808));
#6742 = CARTESIAN_POINT('',(-7.150279953671E-03,2.780685519034));
#6743 = CARTESIAN_POINT('',(-7.301431969515E-03,2.780740804361));
#6744 = CARTESIAN_POINT('',(-7.68261038122E-03,2.78088037223));
#6745 = CARTESIAN_POINT('',(-7.912634456837E-03,2.78096473123));
#6746 = CARTESIAN_POINT('',(-8.142654454893E-03,2.781049224769));
#6747 = CARTESIAN_POINT('',(-8.372670381141E-03,2.781133852833));
#6748 = CARTESIAN_POINT('',(-8.602682241336E-03,2.781218615406));
#6749 = CARTESIAN_POINT('',(-9.023283318105E-03,2.781373861438));
#6750 = CARTESIAN_POINT('',(-9.213873807001E-03,2.781444302752));
#6751 = CARTESIAN_POINT('',(-9.404461511201E-03,2.781514836406));
#6752 = CARTESIAN_POINT('',(-9.595046433979E-03,2.781585462393));
#6753 = CARTESIAN_POINT('',(-9.785628578608E-03,2.781656180705));
#6754 = CARTESIAN_POINT('',(-4.089127448799E-02,2.79321362411));
#6755 = CARTESIAN_POINT('',(-7.173311892772E-02,2.807129231018));
#6756 = CARTESIAN_POINT('',(-0.102516031988,2.823437984878));
#6757 = CARTESIAN_POINT('',(-0.133253886552,2.842110507945));
#6758 = CARTESIAN_POINT('',(-0.163960137669,2.863123871905));
#6759 = CARTESIAN_POINT('',(-0.259707343036,2.93593881542));
#6760 = CARTESIAN_POINT('',(-0.324711350514,2.995883756944));
#6761 = CARTESIAN_POINT('',(-0.389753026911,3.066127454267));
#6762 = CARTESIAN_POINT('',(-0.454924671965,3.146586557505));
#6763 = CARTESIAN_POINT('',(-0.520323260658,3.237245543346));
#6764 = CARTESIAN_POINT('',(-0.648777395058,3.434410179907));
#6765 = CARTESIAN_POINT('',(-0.711824488303,3.540033014592));
#6766 = CARTESIAN_POINT('',(-0.775175757002,3.654869066841));
#6767 = CARTESIAN_POINT('',(-0.838826858928,3.778733028004));
#6768 = CARTESIAN_POINT('',(-0.902786472667,3.911366300991));
#6769 = CARTESIAN_POINT('',(-1.032257609909,4.195429220327));
#6770 = CARTESIAN_POINT('',(-1.097755963111,4.347046129505));
#6771 = CARTESIAN_POINT('',(-1.163460059822,4.506599673326));
#6772 = CARTESIAN_POINT('',(-1.229283520986,4.67323826787));
#6773 = CARTESIAN_POINT('',(-1.29514948113,4.845904823337));
#6774 = CARTESIAN_POINT('',(-1.416191120045,5.172120873836));
#6775 = CARTESIAN_POINT('',(-1.471348420524,5.324183141793));
#6776 = CARTESIAN_POINT('',(-1.526422130146,5.47879611743));
#6777 = CARTESIAN_POINT('',(-1.581384073,5.635151380932));
#6778 = CARTESIAN_POINT('',(-1.636203999365,5.792355011118));
#6779 = CARTESIAN_POINT('',(-1.748848412421,6.116179457352));
#6780 = CARTESIAN_POINT('',(-1.806651852631,6.282789295034));
#6781 = CARTESIAN_POINT('',(-1.864285884302,6.448319112898));
#6782 = CARTESIAN_POINT('',(-1.921776485261,6.61174142532));
#6783 = CARTESIAN_POINT('',(-1.979147540811,6.771969865662));
#6784 = CARTESIAN_POINT('',(-2.091436877522,7.077637867149));
#6785 = CARTESIAN_POINT('',(-2.146387693151,7.223479788083));
#6786 = CARTESIAN_POINT('',(-2.201308717644,7.364441826619));
#6787 = CARTESIAN_POINT('',(-2.256238232981,7.499531240426));
#6788 = CARTESIAN_POINT('',(-2.311217338588,7.627737062297));
#6789 = CARTESIAN_POINT('',(-2.413235075222,7.850596491227));
#6790 = CARTESIAN_POINT('',(-2.460262863615,7.947441130191));
#6791 = CARTESIAN_POINT('',(-2.507358637221,8.037852301019));
#6792 = CARTESIAN_POINT('',(-2.554518170998,8.121152947553));
#6793 = CARTESIAN_POINT('',(-2.601742274741,8.196722802268));
#6794 = CARTESIAN_POINT('',(-2.690503784088,8.323015529499));
#6795 = CARTESIAN_POINT('',(-2.732024068547,8.375648892711));
#6796 = CARTESIAN_POINT('',(-2.773556764875,8.421484665147));
#6797 = CARTESIAN_POINT('',(-2.815072992971,8.460188032314));
#6798 = CARTESIAN_POINT('',(-2.856546730154,8.491518702861));
#6799 = CARTESIAN_POINT('',(-2.940587225631,8.539863402093));
#6800 = CARTESIAN_POINT('',(-2.983136044716,8.556415201913));
#6801 = CARTESIAN_POINT('',(-3.025557462816,8.564843700488));
#6802 = CARTESIAN_POINT('',(-3.06781584888,8.565128770586));
#6803 = CARTESIAN_POINT('',(-3.10987384643,8.557378970785));
#6804 = CARTESIAN_POINT('',(-3.201043837397,8.523481250111));
#6805 = CARTESIAN_POINT('',(-3.250036096921,8.494275221292));
#6806 = CARTESIAN_POINT('',(-3.298662728475,8.454599774735));
#6807 = CARTESIAN_POINT('',(-3.346916711897,8.404983004354));
#6808 = CARTESIAN_POINT('',(-3.394780650832,8.346087196493));
#6809 = CARTESIAN_POINT('',(-3.474008697604,8.233550227887));
#6810 = CARTESIAN_POINT('',(-3.505618273311,8.184570296912));
#6811 = CARTESIAN_POINT('',(-3.537064152889,8.131958789308));
#6812 = CARTESIAN_POINT('',(-3.56835788061,8.075918467898));
#6813 = CARTESIAN_POINT('',(-3.599509549362,8.016655646667));
#6814 = CARTESIAN_POINT('',(-3.698252768931,7.81840685576));
#6815 = CARTESIAN_POINT('',(-3.765318105343,7.668117477332));
#6816 = CARTESIAN_POINT('',(-3.83195377006,7.50542946034));
#6817 = CARTESIAN_POINT('',(-3.898367357835,7.332087288951));
#6818 = CARTESIAN_POINT('',(-3.964758508841,7.149703139638));
#6819 = CARTESIAN_POINT('',(-4.103031355196,6.755278476027));
#6820 = CARTESIAN_POINT('',(-4.174995883379,6.541883258434));
#6821 = CARTESIAN_POINT('',(-4.247507448874,6.32142224944));
#6822 = CARTESIAN_POINT('',(-4.320842242365,6.095625383355));
#6823 = CARTESIAN_POINT('',(-4.395284286009,5.866268275214));
#6824 = CARTESIAN_POINT('',(-4.533893982671,5.444245246133));
#6825 = CARTESIAN_POINT('',(-4.597690001551,5.251854304302));
#6826 = CARTESIAN_POINT('',(-4.662544425013,5.059740675895));
#6827 = CARTESIAN_POINT('',(-4.728482884994,4.869564473548));
#6828 = CARTESIAN_POINT('',(-4.795558687599,4.682959732944));
#6829 = CARTESIAN_POINT('',(-4.922456926201,4.34579705899));
#6830 = CARTESIAN_POINT('',(-4.981941741876,4.193924896053));
#6831 = CARTESIAN_POINT('',(-5.042113106675,4.047536552273));
#6832 = CARTESIAN_POINT('',(-5.102806453273,3.908042207148));
#6833 = CARTESIAN_POINT('',(-5.163867769311,3.776573523488));
#6834 = CARTESIAN_POINT('',(-5.281367029451,3.541484188452));
#6835 = CARTESIAN_POINT('',(-5.33767698151,3.436652301356));
#6836 = CARTESIAN_POINT('',(-5.393944411999,3.34010163945));
#6837 = CARTESIAN_POINT('',(-5.450044274611,3.252237036235));
#6838 = CARTESIAN_POINT('',(-5.505838530326,3.173264018053));
#6839 = CARTESIAN_POINT('',(-5.687746144415,2.942888320857));
#6840 = CARTESIAN_POINT('',(-5.811135756699,2.830136566582));
#6841 = CARTESIAN_POINT('',(-5.932032784266,2.760786308357));
#6842 = CARTESIAN_POINT('',(-6.050833835823,2.731026292009));
#6843 = CARTESIAN_POINT('',(-6.16782443724,2.737731044333));
#6844 = CARTESIAN_POINT('',(-6.28318530718,2.778126925221));
#6845 = ( GEOMETRIC_REPRESENTATION_CONTEXT(2) 
PARAMETRIC_REPRESENTATION_CONTEXT() REPRESENTATION_CONTEXT('2D SPACE',''
  ) );
#6846 = FACE_BOUND('',#6847,.T.);
#6847 = EDGE_LOOP('',(#6848));
#6848 = ORIENTED_EDGE('',*,*,#6849,.F.);
#6849 = EDGE_CURVE('',#6850,#6850,#6852,.T.);
#6850 = VERTEX_POINT('',#6851);
#6851 = CARTESIAN_POINT('',(414.54852586997,9.509141963257,
    -147.4331299547));
#6852 = SURFACE_CURVE('',#6853,(#6945,#7084),.PCURVE_S1.);
#6853 = B_SPLINE_CURVE_WITH_KNOTS('',3,(#6854,#6855,#6856,#6857,#6858,
    #6859,#6860,#6861,#6862,#6863,#6864,#6865,#6866,#6867,#6868,#6869,
    #6870,#6871,#6872,#6873,#6874,#6875,#6876,#6877,#6878,#6879,#6880,
    #6881,#6882,#6883,#6884,#6885,#6886,#6887,#6888,#6889,#6890,#6891,
    #6892,#6893,#6894,#6895,#6896,#6897,#6898,#6899,#6900,#6901,#6902,
    #6903,#6904,#6905,#6906,#6907,#6908,#6909,#6910,#6911,#6912,#6913,
    #6914,#6915,#6916,#6917,#6918,#6919,#6920,#6921,#6922,#6923,#6924,
    #6925,#6926,#6927,#6928,#6929,#6930,#6931,#6932,#6933,#6934,#6935,
    #6936,#6937,#6938,#6939,#6940,#6941,#6942,#6943,#6944),
  .UNSPECIFIED.,.T.,.F.,(1,3,3,3,3,3,3,3,3,3,3,3,3,3,3,3,3,3,3,3,3,3,3,3
    ,3,3,3,3,3,3,3,3,1),(-4.134107153405,-4.053000977621,-3.985659993116
    ,-3.908832648783,-3.83200530445,-3.812798468367,-3.793591632284,
    -3.678350615785,-3.351370493334,-3.187880432108,-3.106135401495,
    -3.024390370883,-2.860900309657,-2.697410248432,-2.533920187206,
    -2.370430125981,-2.240573118787,-2.110716111594,-1.851002097208,
    -1.740383602119,-1.62976510703,-1.408528116852,-1.187291126674,
    -1.076672631585,-0.966054136496,-0.52358015614,-0.412961661051,
    -0.302343165962,-0.191724670873,-0.136415423328,-8.110617578384E-02,
    0.,6.734098450557E-02),.UNSPECIFIED.);
#6854 = CARTESIAN_POINT('',(414.54852586997,9.509141963257,
    -147.4331299547));
#6855 = CARTESIAN_POINT('',(414.57473914558,9.808761074557,
    -147.4361545635));
#6856 = CARTESIAN_POINT('',(414.62423286169,10.121742022052,
    -147.4971555937));
#6857 = CARTESIAN_POINT('',(414.69007472814,10.404387710227,
    -147.6056597074));
#6858 = CARTESIAN_POINT('',(414.76519177287,10.726849844826,
    -147.7294488524));
#6859 = CARTESIAN_POINT('',(414.85137547766,10.991110757514,
    -147.8921899629));
#6860 = CARTESIAN_POINT('',(414.94310573005,11.225257362686,
    -148.0711762933));
#6861 = CARTESIAN_POINT('',(415.03483598244,11.459403967858,
    -148.2501626238));
#6862 = CARTESIAN_POINT('',(415.13211278244,11.663436265514,
    -148.4453941742));
#6863 = CARTESIAN_POINT('',(415.23765271975,11.855529954566,
    -148.6576425435));
#6864 = CARTESIAN_POINT('',(415.26403770408,11.903553376828,
    -148.7107046358));
#6865 = CARTESIAN_POINT('',(415.29093913449,11.950830636054,
    -148.7648302793));
#6866 = CARTESIAN_POINT('',(415.31805199551,11.996790662189,
    -148.8193829989));
#6867 = CARTESIAN_POINT('',(415.34516485654,12.042750688324,
    -148.8739357185));
#6868 = CARTESIAN_POINT('',(415.37248914818,12.08739348137,
    -148.9289155143));
#6869 = CARTESIAN_POINT('',(415.40006149698,12.130972364183,
    -148.9843141323));
#6870 = CARTESIAN_POINT('',(415.56549558976,12.392445661062,
    -149.3167058406));
#6871 = CARTESIAN_POINT('',(415.73985974019,12.615618189577,
    -149.664175152));
#6872 = CARTESIAN_POINT('',(415.9047498885,12.799396929919,
    -149.9860041192));
#6873 = CARTESIAN_POINT('',(416.3726024164,13.320843172294,
    -150.8991483996));
#6874 = CARTESIAN_POINT('',(416.91991667277,13.714930004899,
    -151.9118617755));
#6875 = CARTESIAN_POINT('',(417.52499354682,13.987434374247,
    -152.9347911826));
#6876 = CARTESIAN_POINT('',(417.82753198384,14.123686558921,
    -153.4462558861));
#6877 = CARTESIAN_POINT('',(418.14451107529,14.22954312778,
    -153.9602745975));
#6878 = CARTESIAN_POINT('',(418.46945650493,14.301928716022,
    -154.4664568165));
#6879 = CARTESIAN_POINT('',(418.63192921976,14.338121510144,
    -154.719547926));
#6880 = CARTESIAN_POINT('',(418.79639351914,14.36594655911,
    -154.9706799124));
#6881 = CARTESIAN_POINT('',(418.96226725404,14.385087023814,
    -155.2187686629));
#6882 = CARTESIAN_POINT('',(419.12814098894,14.404227488517,
    -155.4668574133));
#6883 = CARTESIAN_POINT('',(419.29542415937,14.414683368956,
    -155.7119029277));
#6884 = CARTESIAN_POINT('',(419.4619446405,14.417303040105,
    -155.9515475241));
#6885 = CARTESIAN_POINT('',(419.79498560276,14.422542382403,
    -156.4308367168));
#6886 = CARTESIAN_POINT('',(420.12497580781,14.396436887541,
    -156.8885222374));
#6887 = CARTESIAN_POINT('',(420.47725219415,14.327214659931,
    -157.3583733758));
#6888 = CARTESIAN_POINT('',(420.82952858049,14.257992432321,
    -157.8282245143));
#6889 = CARTESIAN_POINT('',(421.20409114812,14.145653471963,
    -158.3102412706));
#6890 = CARTESIAN_POINT('',(421.57818467212,13.978053537904,
    -158.7743072596));
#6891 = CARTESIAN_POINT('',(421.95227819612,13.810453603845,
    -159.2383732487));
#6892 = CARTESIAN_POINT('',(422.32590267649,13.587592696086,
    -159.6844884703));
#6893 = CARTESIAN_POINT('',(422.68163938985,13.303210081684,
    -160.0985449228));
#6894 = CARTESIAN_POINT('',(423.03737610321,13.018827467282,
    -160.5126013753));
#6895 = CARTESIAN_POINT('',(423.37522504956,12.672923146237,
    -160.8945990586));
#6896 = CARTESIAN_POINT('',(423.67076392263,12.261238393944,
    -161.2262260487));
#6897 = CARTESIAN_POINT('',(423.90550475812,11.934245123288,
    -161.4896309806));
#6898 = CARTESIAN_POINT('',(424.13065831693,11.54042713918,
    -161.7407430065));
#6899 = CARTESIAN_POINT('',(424.30621774579,11.093531749339,
    -161.9427850787));
#6900 = CARTESIAN_POINT('',(424.48177717465,10.646636359497,
    -162.1448271508));
#6901 = CARTESIAN_POINT('',(424.60774247357,10.14666356392,
    -162.2977992693));
#6902 = CARTESIAN_POINT('',(424.65832507181,9.635735907438,
    -162.3816482792));
#6903 = CARTESIAN_POINT('',(424.75949026829,8.613880594475,
    -162.5493462991));
#6904 = CARTESIAN_POINT('',(424.55912466208,7.548205837891,
    -162.4405518848));
#6905 = CARTESIAN_POINT('',(424.11958523211,6.662661936103,
    -162.0892246173));
#6906 = CARTESIAN_POINT('',(423.93237473294,6.285487319699,
    -161.9395858166));
#6907 = CARTESIAN_POINT('',(423.70612092241,5.944849253822,
    -161.7468355789));
#6908 = CARTESIAN_POINT('',(423.47081463321,5.65420811495,
    -161.5368740608));
#6909 = CARTESIAN_POINT('',(423.235508344,5.363566976077,-161.3269125426
    ));
#6910 = CARTESIAN_POINT('',(422.99114957612,5.12292276421,
    -161.0997397441));
#6911 = CARTESIAN_POINT('',(422.73708734736,4.913104730816,
    -160.8538075533));
#6912 = CARTESIAN_POINT('',(422.22896288985,4.49346866403,
    -160.3619431717));
#6913 = CARTESIAN_POINT('',(421.68202458881,4.197137311142,
    -159.7950412211));
#6914 = CARTESIAN_POINT('',(421.1389347126,4.007303523219,
    -159.1833249739));
#6915 = CARTESIAN_POINT('',(420.5958448364,3.817469735295,
    -158.5716087268));
#6916 = CARTESIAN_POINT('',(420.05660338503,3.734133512335,
    -157.9150781833));
#6917 = CARTESIAN_POINT('',(419.57150762176,3.72319616177,-157.280394687
    ));
#6918 = CARTESIAN_POINT('',(419.32895974013,3.717727486487,
    -156.9630529388));
#6919 = CARTESIAN_POINT('',(419.09994828052,3.730358529303,
    -156.6511729525));
#6920 = CARTESIAN_POINT('',(418.87335487359,3.757749605946,
    -156.3321130625));
#6921 = CARTESIAN_POINT('',(418.64676146666,3.785140682589,
    -156.0130531726));
#6922 = CARTESIAN_POINT('',(418.42258611241,3.827291793059,
    -155.686813379));
#6923 = CARTESIAN_POINT('',(418.20270181897,3.88557882598,
    -155.3526252423));
#6924 = CARTESIAN_POINT('',(417.32316464524,4.118726957663,
    -154.0158726955));
#6925 = CARTESIAN_POINT('',(416.51228444456,4.610049848564,
    -152.5519466585));
#6926 = CARTESIAN_POINT('',(415.9019885096,5.257808049619,-151.256291706
    ));
#6927 = CARTESIAN_POINT('',(415.74941452586,5.419747599883,
    -150.9323779679));
#6928 = CARTESIAN_POINT('',(415.60937705873,5.591464357032,
    -150.6189811725));
#6929 = CARTESIAN_POINT('',(415.4698691231,5.790626819493,
    -150.2919957013));
#6930 = CARTESIAN_POINT('',(415.33036118748,5.989789281955,
    -149.9650102301));
#6931 = CARTESIAN_POINT('',(415.19138278336,6.216397449729,
    -149.624436083));
#6932 = CARTESIAN_POINT('',(415.06741277798,6.469778680198,
    -149.2986689688));
#6933 = CARTESIAN_POINT('',(414.9434427726,6.723159910668,
    -148.9729018547));
#6934 = CARTESIAN_POINT('',(414.83448116597,7.003314203832,
    -148.6619417734));
#6935 = CARTESIAN_POINT('',(414.74544224288,7.311662133561,
    -148.3852746549));
#6936 = CARTESIAN_POINT('',(414.70092278133,7.465836098426,
    -148.2469410956));
#6937 = CARTESIAN_POINT('',(414.66138399068,7.627058472432,
    -148.117180777));
#6938 = CARTESIAN_POINT('',(414.62656521413,7.812743211508,
    -147.9920509559));
#6939 = CARTESIAN_POINT('',(414.59174643759,7.998427950583,
    -147.8669211349));
#6940 = CARTESIAN_POINT('',(414.56164767516,8.208575054728,
    -147.7464218114));
#6941 = CARTESIAN_POINT('',(414.54335072887,8.435894493987,
    -147.6511000375));
#6942 = CARTESIAN_POINT('',(414.51651985685,8.769238576906,
    -147.5113189901));
#6943 = CARTESIAN_POINT('',(414.51695433065,9.148277617604,
    -147.4294870848));
#6944 = CARTESIAN_POINT('',(414.54852586997,9.509141963257,
    -147.4331299547));
#6945 = PCURVE('',#3315,#6946);
#6946 = DEFINITIONAL_REPRESENTATION('',(#6947),#7083);
#6947 = B_SPLINE_CURVE_WITH_KNOTS('',3,(#6948,#6949,#6950,#6951,#6952,
    #6953,#6954,#6955,#6956,#6957,#6958,#6959,#6960,#6961,#6962,#6963,
    #6964,#6965,#6966,#6967,#6968,#6969,#6970,#6971,#6972,#6973,#6974,
    #6975,#6976,#6977,#6978,#6979,#6980,#6981,#6982,#6983,#6984,#6985,
    #6986,#6987,#6988,#6989,#6990,#6991,#6992,#6993,#6994,#6995,#6996,
    #6997,#6998,#6999,#7000,#7001,#7002,#7003,#7004,#7005,#7006,#7007,
    #7008,#7009,#7010,#7011,#7012,#7013,#7014,#7015,#7016,#7017,#7018,
    #7019,#7020,#7021,#7022,#7023,#7024,#7025,#7026,#7027,#7028,#7029,
    #7030,#7031,#7032,#7033,#7034,#7035,#7036,#7037,#7038,#7039,#7040,
    #7041,#7042,#7043,#7044,#7045,#7046,#7047,#7048,#7049,#7050,#7051,
    #7052,#7053,#7054,#7055,#7056,#7057,#7058,#7059,#7060,#7061,#7062,
    #7063,#7064,#7065,#7066,#7067,#7068,#7069,#7070,#7071,#7072,#7073,
    #7074,#7075,#7076,#7077,#7078,#7079,#7080,#7081,#7082),
  .UNSPECIFIED.,.T.,.F.,(4,1,1,1,1,1,1,1,1,1,1,1,1,1,1,1,1,1,1,1,1,1,1,1
    ,1,1,1,1,1,1,1,1,1,1,1,1,1,1,1,1,1,1,1,1,1,1,1,1,1,1,1,1,1,1,1,1,1,1
    ,1,1,1,1,1,1,1,1,1,1,1,1,1,1,1,1,1,1,1,1,1,1,1,1,1,1,1,1,1,1,1,1,1,1
    ,1,1,1,1,1,1,1,1,1,1,1,1,1,1,1,1,1,1,1,1,1,1,1,1,1,1,1,1,1,1,1,1,1,1
    ,1,1,1,1,1,1,4),(-4.053000977621,-4.022296424761,-3.9915918719,
    -3.960887319039,-3.930182766178,-3.899478213318,-3.868773660457,
    -3.838069107596,-3.807364554735,-3.776660001874,-3.745955449014,
    -3.715250896153,-3.684546343292,-3.653841790431,-3.623137237571,
    -3.59243268471,-3.561728131849,-3.531023578988,-3.500319026128,
    -3.469614473267,-3.438909920406,-3.408205367545,-3.377500814684,
    -3.346796261824,-3.316091708963,-3.285387156102,-3.254682603241,
    -3.223978050381,-3.19327349752,-3.162568944659,-3.131864391798,
    -3.101159838938,-3.070455286077,-3.039750733216,-3.009046180355,
    -2.978341627494,-2.947637074634,-2.916932521773,-2.886227968912,
    -2.855523416051,-2.824818863191,-2.79411431033,-2.763409757469,
    -2.732705204608,-2.702000651748,-2.671296098887,-2.640591546026,
    -2.609886993165,-2.579182440304,-2.548477887444,-2.517773334583,
    -2.487068781722,-2.456364228861,-2.425659676001,-2.39495512314,
    -2.364250570279,-2.333546017418,-2.302841464558,-2.272136911697,
    -2.241432358836,-2.210727805975,-2.180023253115,-2.149318700254,
    -2.118614147393,-2.087909594532,-2.057205041671,-2.026500488811,
    -1.99579593595,-1.965091383089,-1.934386830228,-1.903682277368,
    -1.872977724507,-1.842273171646,-1.811568618785,-1.780864065925,
    -1.750159513064,-1.719454960203,-1.688750407342,-1.658045854481,
    -1.627341301621,-1.59663674876,-1.565932195899,-1.535227643038,
    -1.504523090178,-1.473818537317,-1.443113984456,-1.412409431595,
    -1.381704878735,-1.351000325874,-1.320295773013,-1.289591220152,
    -1.258886667291,-1.228182114431,-1.19747756157,-1.166773008709,
    -1.136068455848,-1.105363902988,-1.074659350127,-1.043954797266,
    -1.013250244405,-0.982545691545,-0.951841138684,-0.921136585823,
    -0.890432032962,-0.859727480101,-0.829022927241,-0.79831837438,
    -0.767613821519,-0.736909268658,-0.706204715798,-0.675500162937,
    -0.644795610076,-0.614091057215,-0.583386504355,-0.552681951494,
    -0.521977398633,-0.491272845772,-0.460568292912,-0.429863740051,
    -0.39915918719,-0.368454634329,-0.337750081468,-0.307045528608,
    -0.276340975747,-0.245636422886,-0.214931870025,-0.184227317165,
    -0.153522764304,-0.122818211443,-9.21136585823E-02,
    -6.140910572154E-02,-3.070455286077E-02,0.),.UNSPECIFIED.);
#6948 = CARTESIAN_POINT('',(6.645716861222,-36.53077844208));
#6949 = CARTESIAN_POINT('',(6.645738669101,-36.39397514149));
#6950 = CARTESIAN_POINT('',(6.645069094528,-36.11287538176));
#6951 = CARTESIAN_POINT('',(6.642311840734,-35.69566489102));
#6952 = CARTESIAN_POINT('',(6.638022366011,-35.31497339698));
#6953 = CARTESIAN_POINT('',(6.633002369557,-34.98481646563));
#6954 = CARTESIAN_POINT('',(6.627364253811,-34.68863990393));
#6955 = CARTESIAN_POINT('',(6.621309350553,-34.41845263149));
#6956 = CARTESIAN_POINT('',(6.614797897807,-34.16740299964));
#6957 = CARTESIAN_POINT('',(6.607811913572,-33.92757030094));
#6958 = CARTESIAN_POINT('',(6.60062336429,-33.7064600302));
#6959 = CARTESIAN_POINT('',(6.59329088558,-33.50078523802));
#6960 = CARTESIAN_POINT('',(6.585949076142,-33.31153570753));
#6961 = CARTESIAN_POINT('',(6.578746538246,-33.13955463282));
#6962 = CARTESIAN_POINT('',(6.571711161038,-32.98259177318));
#6963 = CARTESIAN_POINT('',(6.564436262503,-32.82992827837));
#6964 = CARTESIAN_POINT('',(6.55703030737,-32.68406217564));
#6965 = CARTESIAN_POINT('',(6.549477911224,-32.54430544317));
#6966 = CARTESIAN_POINT('',(6.541796845593,-32.41082375626));
#6967 = CARTESIAN_POINT('',(6.533995961896,-32.28355405081));
#6968 = CARTESIAN_POINT('',(6.526086457876,-32.16249452326));
#6969 = CARTESIAN_POINT('',(6.518078851225,-32.04762706721));
#6970 = CARTESIAN_POINT('',(6.509983778534,-31.93893752714));
#6971 = CARTESIAN_POINT('',(6.501811782932,-31.83641224682));
#6972 = CARTESIAN_POINT('',(6.49357331946,-31.74003162198));
#6973 = CARTESIAN_POINT('',(6.4852789025,-31.64979988042));
#6974 = CARTESIAN_POINT('',(6.476939964286,-31.5658770594));
#6975 = CARTESIAN_POINT('',(6.468567875091,-31.48840830755));
#6976 = CARTESIAN_POINT('',(6.460174055576,-31.4175430262));
#6977 = CARTESIAN_POINT('',(6.451769879366,-31.35342849454));
#6978 = CARTESIAN_POINT('',(6.443366902537,-31.29621622759));
#6979 = CARTESIAN_POINT('',(6.434974663223,-31.24602701711));
#6980 = CARTESIAN_POINT('',(6.426601406811,-31.20299156018));
#6981 = CARTESIAN_POINT('',(6.418258631375,-31.16718478051));
#6982 = CARTESIAN_POINT('',(6.409970613538,-31.13839649845));
#6983 = CARTESIAN_POINT('',(6.401768918983,-31.11637545332));
#6984 = CARTESIAN_POINT('',(6.393644713558,-31.1012015925));
#6985 = CARTESIAN_POINT('',(6.385548124953,-31.09329721198));
#6986 = CARTESIAN_POINT('',(6.377437655436,-31.09301122263));
#6987 = CARTESIAN_POINT('',(6.369270411124,-31.10071456322));
#6988 = CARTESIAN_POINT('',(6.361000462004,-31.11676344608));
#6989 = CARTESIAN_POINT('',(6.352595762023,-31.14155207228));
#6990 = CARTESIAN_POINT('',(6.344098797913,-31.17566864608));
#6991 = CARTESIAN_POINT('',(6.335543990531,-31.21968008026));
#6992 = CARTESIAN_POINT('',(6.326967985956,-31.27416055569));
#6993 = CARTESIAN_POINT('',(6.318406429748,-31.33967647244));
#6994 = CARTESIAN_POINT('',(6.309896414602,-31.41681808566));
#6995 = CARTESIAN_POINT('',(6.301460414754,-31.50592939714));
#6996 = CARTESIAN_POINT('',(6.293118802859,-31.60731626579));
#6997 = CARTESIAN_POINT('',(6.284892532903,-31.72129521369));
#6998 = CARTESIAN_POINT('',(6.276802768557,-31.84817739167));
#6999 = CARTESIAN_POINT('',(6.268869644671,-31.98828477225));
#7000 = CARTESIAN_POINT('',(6.261118653019,-32.14189365765));
#7001 = CARTESIAN_POINT('',(6.25357862305,-32.30929378469));
#7002 = CARTESIAN_POINT('',(6.246282064045,-32.49061874116));
#7003 = CARTESIAN_POINT('',(6.23924474404,-32.68660759314));
#7004 = CARTESIAN_POINT('',(6.232546094447,-32.89573364265));
#7005 = CARTESIAN_POINT('',(6.226000498209,-33.12587885198));
#7006 = CARTESIAN_POINT('',(6.219666437655,-33.37813306746));
#7007 = CARTESIAN_POINT('',(6.213666569638,-33.65121750304));
#7008 = CARTESIAN_POINT('',(6.208106207718,-33.94447564704));
#7009 = CARTESIAN_POINT('',(6.20309616206,-34.25713052266));
#7010 = CARTESIAN_POINT('',(6.198706652965,-34.58610327966));
#7011 = CARTESIAN_POINT('',(6.195008192295,-34.92823965237));
#7012 = CARTESIAN_POINT('',(6.192068767781,-35.28043237847));
#7013 = CARTESIAN_POINT('',(6.189966791254,-35.63946154597));
#7014 = CARTESIAN_POINT('',(6.188707801688,-36.00286522944));
#7015 = CARTESIAN_POINT('',(6.188274097576,-36.36842223183));
#7016 = CARTESIAN_POINT('',(6.18865379428,-36.73385010457));
#7017 = CARTESIAN_POINT('',(6.189833569337,-37.09688539526));
#7018 = CARTESIAN_POINT('',(6.191800163864,-37.45524991842));
#7019 = CARTESIAN_POINT('',(6.194541654533,-37.80670542465));
#7020 = CARTESIAN_POINT('',(6.198040798511,-38.1488686533));
#7021 = CARTESIAN_POINT('',(6.20230023746,-38.47989645268));
#7022 = CARTESIAN_POINT('',(6.207235855236,-38.79546009778));
#7023 = CARTESIAN_POINT('',(6.212707123539,-39.09321517695));
#7024 = CARTESIAN_POINT('',(6.218598487357,-39.37126028124));
#7025 = CARTESIAN_POINT('',(6.224772300849,-39.62700962548));
#7026 = CARTESIAN_POINT('',(6.231193878214,-39.86161248042));
#7027 = CARTESIAN_POINT('',(6.237872643838,-40.0778318878));
#7028 = CARTESIAN_POINT('',(6.244807758834,-40.27807768011));
#7029 = CARTESIAN_POINT('',(6.251999780348,-40.46470446394));
#7030 = CARTESIAN_POINT('',(6.259426986293,-40.6378122823));
#7031 = CARTESIAN_POINT('',(6.267069113712,-40.79763304443));
#7032 = CARTESIAN_POINT('',(6.274905590992,-40.94436322603));
#7033 = CARTESIAN_POINT('',(6.282916001545,-41.07820917077));
#7034 = CARTESIAN_POINT('',(6.29108006975,-41.19937318398));
#7035 = CARTESIAN_POINT('',(6.299377335395,-41.30806385627));
#7036 = CARTESIAN_POINT('',(6.307788558958,-41.4044686756));
#7037 = CARTESIAN_POINT('',(6.316281482381,-41.48902641236));
#7038 = CARTESIAN_POINT('',(6.324822136549,-41.56220738588));
#7039 = CARTESIAN_POINT('',(6.333376876793,-41.62447353449));
#7040 = CARTESIAN_POINT('',(6.341912142949,-41.67628929622));
#7041 = CARTESIAN_POINT('',(6.3503935591,-41.71811749126));
#7042 = CARTESIAN_POINT('',(6.358789927966,-41.75042491146));
#7043 = CARTESIAN_POINT('',(6.367058304022,-41.77366407989));
#7044 = CARTESIAN_POINT('',(6.375225908254,-41.7883715892));
#7045 = CARTESIAN_POINT('',(6.3833525266,-41.79511995217));
#7046 = CARTESIAN_POINT('',(6.391490744013,-41.79448388305));
#7047 = CARTESIAN_POINT('',(6.399691911464,-41.78699694403));
#7048 = CARTESIAN_POINT('',(6.407953252545,-41.77243240317));
#7049 = CARTESIAN_POINT('',(6.416274385295,-41.75061152514));
#7050 = CARTESIAN_POINT('',(6.424656225339,-41.72130106354));
#7051 = CARTESIAN_POINT('',(6.433091648702,-41.6844745188));
#7052 = CARTESIAN_POINT('',(6.441563541579,-41.64034448674));
#7053 = CARTESIAN_POINT('',(6.450056718835,-41.58907485932));
#7054 = CARTESIAN_POINT('',(6.458555373332,-41.53084257871));
#7055 = CARTESIAN_POINT('',(6.467043773237,-41.46582109011));
#7056 = CARTESIAN_POINT('',(6.475506089992,-41.39418477638));
#7057 = CARTESIAN_POINT('',(6.483926460021,-41.31610776671));
#7058 = CARTESIAN_POINT('',(6.492288983408,-41.23176426733));
#7059 = CARTESIAN_POINT('',(6.500577741743,-41.14132842997));
#7060 = CARTESIAN_POINT('',(6.508776801328,-41.04497454726));
#7061 = CARTESIAN_POINT('',(6.516870252989,-40.9428764028));
#7062 = CARTESIAN_POINT('',(6.524842115607,-40.83520967544));
#7063 = CARTESIAN_POINT('',(6.532676742008,-40.72214297197));
#7064 = CARTESIAN_POINT('',(6.540357343958,-40.60387129223));
#7065 = CARTESIAN_POINT('',(6.547871544139,-40.48049081344));
#7066 = CARTESIAN_POINT('',(6.555313424352,-40.34982681156));
#7067 = CARTESIAN_POINT('',(6.562766856634,-40.20985430821));
#7068 = CARTESIAN_POINT('',(6.570339333323,-40.05828987651));
#7069 = CARTESIAN_POINT('',(6.57803587523,-39.89391403451));
#7070 = CARTESIAN_POINT('',(6.585734292709,-39.71682205595));
#7071 = CARTESIAN_POINT('',(6.593338928657,-39.52684651906));
#7072 = CARTESIAN_POINT('',(6.600744039619,-39.32388637696));
#7073 = CARTESIAN_POINT('',(6.607882256269,-39.10774722678));
#7074 = CARTESIAN_POINT('',(6.614693024512,-38.8779646922));
#7075 = CARTESIAN_POINT('',(6.621107850345,-38.63502115947));
#7076 = CARTESIAN_POINT('',(6.627084740209,-38.37562690424));
#7077 = CARTESIAN_POINT('',(6.632816408403,-38.07798398957));
#7078 = CARTESIAN_POINT('',(6.638129439104,-37.73577990584));
#7079 = CARTESIAN_POINT('',(6.642352253257,-37.35640617045));
#7080 = CARTESIAN_POINT('',(6.645058524974,-36.94623295182));
#7081 = CARTESIAN_POINT('',(6.645717726487,-36.66798720138));
#7082 = CARTESIAN_POINT('',(6.645716861222,-36.53077844208));
#7083 = ( GEOMETRIC_REPRESENTATION_CONTEXT(2) 
PARAMETRIC_REPRESENTATION_CONTEXT() REPRESENTATION_CONTEXT('2D SPACE',''
  ) );
#7084 = PCURVE('',#7085,#7238);
#7085 = B_SPLINE_SURFACE_WITH_KNOTS('',3,3,(
    (#7086,#7087,#7088,#7089,#7090,#7091,#7092,#7093,#7094,#7095,#7096
      ,#7097,#7098,#7099,#7100,#7101,#7102,#7103,#7104,#7105,#7106,#7107
      ,#7108,#7109,#7110,#7111,#7112,#7113,#7114,#7115,#7116,#7117,#7118
      ,#7119,#7120,#7121,#7122,#7123)
    ,(#7124,#7125,#7126,#7127,#7128,#7129,#7130,#7131,#7132,#7133,#7134
      ,#7135,#7136,#7137,#7138,#7139,#7140,#7141,#7142,#7143,#7144,#7145
      ,#7146,#7147,#7148,#7149,#7150,#7151,#7152,#7153,#7154,#7155,#7156
      ,#7157,#7158,#7159,#7160,#7161)
    ,(#7162,#7163,#7164,#7165,#7166,#7167,#7168,#7169,#7170,#7171,#7172
      ,#7173,#7174,#7175,#7176,#7177,#7178,#7179,#7180,#7181,#7182,#7183
      ,#7184,#7185,#7186,#7187,#7188,#7189,#7190,#7191,#7192,#7193,#7194
      ,#7195,#7196,#7197,#7198,#7199)
    ,(#7200,#7201,#7202,#7203,#7204,#7205,#7206,#7207,#7208,#7209,#7210
      ,#7211,#7212,#7213,#7214,#7215,#7216,#7217,#7218,#7219,#7220,#7221
      ,#7222,#7223,#7224,#7225,#7226,#7227,#7228,#7229,#7230,#7231,#7232
      ,#7233,#7234,#7235,#7236,#7237
    )),.UNSPECIFIED.,.F.,.T.,.F.,(4,4),(1,3,2,1,1,1,1,1,1,1,1,1,1,1,2,1,
    1,2,1,1,1,1,1,1,1,2,1,1,1,1,2,3,1),(0.,1.),(-6.734098450557E-02,0.,
    8.110617578384E-02,0.136415423328,0.191724670873,0.302343165962,
    0.412961661051,0.52358015614,0.966054136496,1.076672631585,
    1.187291126674,1.408528116852,1.62976510703,1.740383602119,
    1.851002097208,2.110716111594,2.240573118787,2.370430125981,
    2.533920187206,2.697410248432,2.860900309657,3.024390370883,
    3.106135401495,3.187880432108,3.351370493334,3.678350615785,
    3.793591632284,3.812798468367,3.83200530445,3.908832648783,
    3.985659993116,4.053000977621,4.134107153405),.UNSPECIFIED.);
#7086 = CARTESIAN_POINT('',(414.54852586997,9.509141963257,
    -147.4331299547));
#7087 = CARTESIAN_POINT('',(414.51695433065,9.148277617604,
    -147.4294870848));
#7088 = CARTESIAN_POINT('',(414.51651985685,8.769238576906,
    -147.5113189901));
#7089 = CARTESIAN_POINT('',(414.56164767516,8.208575054728,
    -147.7464218114));
#7090 = CARTESIAN_POINT('',(414.62184520002,7.788280846438,
    -147.9874204584));
#7091 = CARTESIAN_POINT('',(414.78000036265,7.143391350413,
    -148.5064617328));
#7092 = CARTESIAN_POINT('',(415.05240437924,6.443005617504,
    -149.283861936));
#7093 = CARTESIAN_POINT('',(415.4693395916,5.76318111418,-150.3055843771
    ));
#7094 = CARTESIAN_POINT('',(416.30956439439,4.732880571289,
    -152.1859651493));
#7095 = CARTESIAN_POINT('',(417.52588469541,3.995896234938,
    -154.3818542048));
#7096 = CARTESIAN_POINT('',(418.87093682091,3.74298957212,
    -156.3392929661));
#7097 = CARTESIAN_POINT('',(419.78698265935,3.692465400855,
    -157.5868129115));
#7098 = CARTESIAN_POINT('',(421.13508628777,3.900805958255,
    -159.2281392704));
#7099 = CARTESIAN_POINT('',(422.50243204037,4.641634340474,
    -160.6453941471));
#7100 = CARTESIAN_POINT('',(423.47986711188,5.604211187945,
    -161.5540853411));
#7101 = CARTESIAN_POINT('',(423.93237473294,6.285487319699,
    -161.9395858166));
#7102 = CARTESIAN_POINT('',(424.55912466208,7.548205837891,
    -162.4405518848));
#7103 = CARTESIAN_POINT('',(424.8596730714,9.146717972767,
    -162.6037435062));
#7104 = CARTESIAN_POINT('',(424.35581187574,11.146609155073,
    -161.9918550324));
#7105 = CARTESIAN_POINT('',(423.90550475812,11.934245123288,
    -161.4896309806));
#7106 = CARTESIAN_POINT('',(423.37522504956,12.672923146237,
    -160.8945990586));
#7107 = CARTESIAN_POINT('',(422.69952715685,13.364731788327,
    -160.130603692));
#7108 = CARTESIAN_POINT('',(421.57865371575,14.033314511604,
    -158.792258027));
#7109 = CARTESIAN_POINT('',(420.45496601286,14.370331392679,
    -157.3462077579));
#7110 = CARTESIAN_POINT('',(419.62999050024,14.435595129834,
    -156.2019939565));
#7111 = CARTESIAN_POINT('',(418.96085781851,14.393771608078,
    -155.2218118989));
#7112 = CARTESIAN_POINT('',(418.30300062101,14.28247141221,
    -154.2172839531));
#7113 = CARTESIAN_POINT('',(417.19357380095,13.911973421202,
    -152.4182184635));
#7114 = CARTESIAN_POINT('',(416.3726024164,13.320843172294,
    -150.8991483996));
#7115 = CARTESIAN_POINT('',(415.73985974019,12.615618189577,
    -149.664175152));
#7116 = CARTESIAN_POINT('',(415.53643489803,12.355250239642,
    -149.2587942887));
#7117 = CARTESIAN_POINT('',(415.3178405649,11.998107895279,
    -148.8189559228));
#7118 = CARTESIAN_POINT('',(415.15643198244,11.714444339928,
    -148.4942020619));
#7119 = CARTESIAN_POINT('',(414.93755918245,11.255371670203,
    -148.0549310733));
#7120 = CARTESIAN_POINT('',(414.76519177287,10.726849844826,
    -147.7294488524));
#7121 = CARTESIAN_POINT('',(414.62423286169,10.121742022052,
    -147.4971555937));
#7122 = CARTESIAN_POINT('',(414.57473914558,9.808761074557,
    -147.4361545635));
#7123 = CARTESIAN_POINT('',(414.54852586997,9.509141963257,
    -147.4331299547));
#7124 = CARTESIAN_POINT('',(414.62117146467,9.502925226823,
    -147.4193675298));
#7125 = CARTESIAN_POINT('',(414.58952059171,9.144246015322,
    -147.4157598786));
#7126 = CARTESIAN_POINT('',(414.59306447133,8.767240564684,
    -147.4969290525));
#7127 = CARTESIAN_POINT('',(414.64788469456,8.210951937295,
    -147.7301445074));
#7128 = CARTESIAN_POINT('',(414.71729720842,7.794622107724,
    -147.9692655511));
#7129 = CARTESIAN_POINT('',(414.89271506427,7.158642729684,
    -148.4840998896));
#7130 = CARTESIAN_POINT('',(415.18627773402,6.471820556105,
    -149.2553025479));
#7131 = CARTESIAN_POINT('',(415.62383574338,5.811857963746,
    -150.2682013089));
#7132 = CARTESIAN_POINT('',(416.49417634401,4.819669489108,
    -152.1313865496));
#7133 = CARTESIAN_POINT('',(417.72365934922,4.135026230122,
    -154.3023439639));
#7134 = CARTESIAN_POINT('',(419.05283073548,3.931284765533,
    -156.2270727344));
#7135 = CARTESIAN_POINT('',(419.95128106077,3.910990052782,
    -157.4506736445));
#7136 = CARTESIAN_POINT('',(421.25647537327,4.155801733598,
    -159.0522385861));
#7137 = CARTESIAN_POINT('',(422.54802316621,4.904900801905,
    -160.4172610718));
#7138 = CARTESIAN_POINT('',(423.45016515597,5.835944279128,
    -161.2792327727));
#7139 = CARTESIAN_POINT('',(423.86182493797,6.478894988289,
    -161.6408190897));
#7140 = CARTESIAN_POINT('',(424.42470918492,7.657986831156,
    -162.1055643964));
#7141 = CARTESIAN_POINT('',(424.6931756239,9.112475945699,
    -162.2553369954));
#7142 = CARTESIAN_POINT('',(424.2528210894,10.961101352605,
    -161.6907383378));
#7143 = CARTESIAN_POINT('',(423.84546787767,11.709163653494,
    -161.2177808868));
#7144 = CARTESIAN_POINT('',(423.36041862405,12.417177142381,
    -160.6535333385));
#7145 = CARTESIAN_POINT('',(422.73418069678,13.093061981995,
    -159.9231009946));
#7146 = CARTESIAN_POINT('',(421.67212293063,13.770119505393,
    -158.6275080035));
#7147 = CARTESIAN_POINT('',(420.58823007262,14.133048671124,
    -157.215621758));
#7148 = CARTESIAN_POINT('',(419.78207801637,14.223906336656,
    -156.0928087218));
#7149 = CARTESIAN_POINT('',(419.12281799005,14.204956534458,
    -155.1283085483));
#7150 = CARTESIAN_POINT('',(418.47085638673,14.117680289952,
    -154.1382826965));
#7151 = CARTESIAN_POINT('',(417.36199676817,13.790386313342,
    -152.3615511368));
#7152 = CARTESIAN_POINT('',(416.52618837204,13.234380596374,
    -150.8567896557));
#7153 = CARTESIAN_POINT('',(415.87340611249,12.556646108332,
    -149.6324871243));
#7154 = CARTESIAN_POINT('',(415.66234712448,12.30525516698,
    -149.2304875265));
#7155 = CARTESIAN_POINT('',(415.43360454036,11.957728992152,
    -148.7942038212));
#7156 = CARTESIAN_POINT('',(415.26420866613,11.681216393623,
    -148.4720760729));
#7157 = CARTESIAN_POINT('',(415.03298559052,11.231786988253,
    -148.036292005));
#7158 = CARTESIAN_POINT('',(414.84930413464,10.710523067348,
    -147.7133381142));
#7159 = CARTESIAN_POINT('',(414.69927447519,10.111563379895,
    -147.4829163924));
#7160 = CARTESIAN_POINT('',(414.64736683978,9.800694658444,
    -147.4223664277));
#7161 = CARTESIAN_POINT('',(414.62117146467,9.502925226823,
    -147.4193675298));
#7162 = CARTESIAN_POINT('',(414.69381705937,9.496708490388,
    -147.4056051049));
#7163 = CARTESIAN_POINT('',(414.66244791751,9.140249188401,
    -147.4019931427));
#7164 = CARTESIAN_POINT('',(414.6696939843,8.765290548041,
    -147.4825064356));
#7165 = CARTESIAN_POINT('',(414.7341734848,8.213301157958,
    -147.7138749254));
#7166 = CARTESIAN_POINT('',(414.81290940911,7.801160590375,
    -147.9510114313));
#7167 = CARTESIAN_POINT('',(415.00535611537,7.173655053391,
    -148.4618321652));
#7168 = CARTESIAN_POINT('',(415.3200041794,6.500830504666,
    -149.2266489182));
#7169 = CARTESIAN_POINT('',(415.77839379979,5.86036967658,
    -150.2308471558));
#7170 = CARTESIAN_POINT('',(416.67829416441,4.906991358242,
    -152.0765747342));
#7171 = CARTESIAN_POINT('',(417.92102847618,4.274350981616,
    -154.2226569566));
#7172 = CARTESIAN_POINT('',(419.23464295833,4.119372756276,
    -156.1147265891));
#7173 = CARTESIAN_POINT('',(420.11517859475,4.129604807726,
    -157.3143174423));
#7174 = CARTESIAN_POINT('',(421.37754687836,4.410793976689,
    -158.8761090314));
#7175 = CARTESIAN_POINT('',(422.59245917898,5.168375171246,
    -160.1883903277));
#7176 = CARTESIAN_POINT('',(423.42000712754,6.067735308445,
    -161.0040963567));
#7177 = CARTESIAN_POINT('',(423.78906588013,6.672654325254,
    -161.3406495971));
#7178 = CARTESIAN_POINT('',(424.2929867132,7.76666377666,-161.7723126226
    ));
#7179 = CARTESIAN_POINT('',(424.52765287745,9.076933564689,
    -161.9076182646));
#7180 = CARTESIAN_POINT('',(424.15018287705,10.776104269895,
    -161.3898031286));
#7181 = CARTESIAN_POINT('',(423.78608200315,11.483937610777,
    -160.9463388823));
#7182 = CARTESIAN_POINT('',(423.34578289777,12.16186946565,
    -160.4125520853));
#7183 = CARTESIAN_POINT('',(422.76924795148,12.8213397056,
    -159.7158613212));
#7184 = CARTESIAN_POINT('',(421.76573726401,13.507114333374,
    -158.4628146984));
#7185 = CARTESIAN_POINT('',(420.7218719734,13.895934293724,
    -157.0853234448));
#7186 = CARTESIAN_POINT('',(419.9341195131,14.012133642818,
    -155.983513827));
#7187 = CARTESIAN_POINT('',(419.28476693237,14.016273119731,
    -155.0348431144));
#7188 = CARTESIAN_POINT('',(418.63869893064,13.9528964607,-154.059253748
    ));
#7189 = CARTESIAN_POINT('',(417.53040437205,13.668968666466,
    -152.3049216828));
#7190 = CARTESIAN_POINT('',(416.67976836608,13.147813096571,
    -150.8144354392));
#7191 = CARTESIAN_POINT('',(416.00690713917,12.497756636298,
    -149.6008174636));
#7192 = CARTESIAN_POINT('',(415.78821318151,12.255250573257,
    -149.2021835633));
#7193 = CARTESIAN_POINT('',(415.54927225415,11.917416970161,
    -148.7694760046));
#7194 = CARTESIAN_POINT('',(415.37203355881,11.647938912978,
    -148.4499336555));
#7195 = CARTESIAN_POINT('',(415.12858544987,11.208127841397,
    -148.017619905));
#7196 = CARTESIAN_POINT('',(414.93310803239,10.694351288768,
    -147.6972905343));
#7197 = CARTESIAN_POINT('',(414.77465094108,10.101232919073,
    -147.4686118084));
#7198 = CARTESIAN_POINT('',(414.71994605785,9.79270557643,
    -147.4086005209));
#7199 = CARTESIAN_POINT('',(414.69381705937,9.496708490388,
    -147.4056051049));
#7200 = CARTESIAN_POINT('',(414.76646265408,9.490491753954,-147.39184268
    ));
#7201 = CARTESIAN_POINT('',(414.73501417857,9.136217586119,
    -147.3882659366));
#7202 = CARTESIAN_POINT('',(414.74623859877,8.763292535819,
    -147.4681164979));
#7203 = CARTESIAN_POINT('',(414.82041050421,8.215678040524,
    -147.6975976214));
#7204 = CARTESIAN_POINT('',(414.90836141751,7.807501851661,
    -147.932856524));
#7205 = CARTESIAN_POINT('',(415.11807081699,7.188906432662,
    -148.439470322));
#7206 = CARTESIAN_POINT('',(415.45387753419,6.529645443267,
    -149.1980895301));
#7207 = CARTESIAN_POINT('',(415.93288995157,5.909046526146,
    -150.1934640876));
#7208 = CARTESIAN_POINT('',(416.86290611403,4.993780276061,
    -152.0219961346));
#7209 = CARTESIAN_POINT('',(418.11880312999,4.4134809768,-154.1431467158
    ));
#7210 = CARTESIAN_POINT('',(419.41653687291,4.307667949689,
    -156.0025063573));
#7211 = CARTESIAN_POINT('',(420.27947699618,4.348129459653,
    -157.1781781753));
#7212 = CARTESIAN_POINT('',(421.49893596386,4.665789752033,
    -158.7002083472));
#7213 = CARTESIAN_POINT('',(422.63805030482,5.431641632678,
    -159.9602572524));
#7214 = CARTESIAN_POINT('',(423.39030517163,6.299468399628,
    -160.7292437883));
#7215 = CARTESIAN_POINT('',(423.71851608515,6.866061993844,
    -161.0418828703));
#7216 = CARTESIAN_POINT('',(424.15857123605,7.876444769926,
    -161.4373251341));
#7217 = CARTESIAN_POINT('',(424.36115542995,9.042691537622,
    -161.5592117538));
#7218 = CARTESIAN_POINT('',(424.04719209071,10.590596467428,
    -161.088686434));
#7219 = CARTESIAN_POINT('',(423.7260451227,11.258856140983,
    -160.6744887885));
#7220 = CARTESIAN_POINT('',(423.33097647226,11.906123461794,
    -160.1714863653));
#7221 = CARTESIAN_POINT('',(422.80390149142,12.549669899267,
    -159.5083586238));
#7222 = CARTESIAN_POINT('',(421.85920647889,13.243919327163,
    -158.2980646749));
#7223 = CARTESIAN_POINT('',(420.85513603316,13.658651572168,
    -156.9547374449));
#7224 = CARTESIAN_POINT('',(420.08620702924,13.800444849641,
    -155.8743285922));
#7225 = CARTESIAN_POINT('',(419.44672710391,13.827458046111,
    -154.9413397638));
#7226 = CARTESIAN_POINT('',(418.80655469636,13.788105338443,
    -153.9802524914));
#7227 = CARTESIAN_POINT('',(417.69882733927,13.547381558606,
    -152.2482543561));
#7228 = CARTESIAN_POINT('',(416.83335432173,13.061350520652,
    -150.7720766953));
#7229 = CARTESIAN_POINT('',(416.14045351146,12.438784555053,
    -149.5691294359));
#7230 = CARTESIAN_POINT('',(415.91412540796,12.205255500595,
    -149.1738768012));
#7231 = CARTESIAN_POINT('',(415.66503622961,11.877038067035,
    -148.744723903));
#7232 = CARTESIAN_POINT('',(415.4798102425,11.614710966673,
    -148.4278076665));
#7233 = CARTESIAN_POINT('',(415.22401185794,11.184543159448,
    -147.9989808367));
#7234 = CARTESIAN_POINT('',(415.01722039416,10.67802451129,
    -147.6811797961));
#7235 = CARTESIAN_POINT('',(414.84969255459,10.091054276917,
    -147.454372607));
#7236 = CARTESIAN_POINT('',(414.79257375205,9.784639160317,
    -147.3948123852));
#7237 = CARTESIAN_POINT('',(414.76646265408,9.490491753954,-147.39184268
    ));
#7238 = DEFINITIONAL_REPRESENTATION('',(#7239),#7243);
#7239 = LINE('',#7240,#7241);
#7240 = CARTESIAN_POINT('',(1.766E-14,0.));
#7241 = VECTOR('',#7242,1.);
#7242 = DIRECTION('',(0.,-1.));
#7243 = ( GEOMETRIC_REPRESENTATION_CONTEXT(2) 
PARAMETRIC_REPRESENTATION_CONTEXT() REPRESENTATION_CONTEXT('2D SPACE',''
  ) );
#7244 = ADVANCED_FACE('',(#7245),#3286,.T.);
#7245 = FACE_BOUND('',#7246,.T.);
#7246 = EDGE_LOOP('',(#7247,#7248,#7249));
#7247 = ORIENTED_EDGE('',*,*,#4394,.T.);
#7248 = ORIENTED_EDGE('',*,*,#6378,.T.);
#7249 = ORIENTED_EDGE('',*,*,#3270,.T.);
#7250 = ADVANCED_FACE('',(#7251),#3177,.T.);
#7251 = FACE_BOUND('',#7252,.T.);
#7252 = EDGE_LOOP('',(#7253,#7298,#7299,#7300));
#7253 = ORIENTED_EDGE('',*,*,#7254,.F.);
#7254 = EDGE_CURVE('',#4070,#3112,#7255,.T.);
#7255 = SURFACE_CURVE('',#7256,(#7262,#7291),.PCURVE_S1.);
#7256 = B_SPLINE_CURVE_WITH_KNOTS('',3,(#7257,#7258,#7259,#7260,#7261),
  .UNSPECIFIED.,.F.,.F.,(4,1,4),(6.094032403333,6.441451038472,
    6.904675885325),.UNSPECIFIED.);
#7257 = CARTESIAN_POINT('',(461.39690210928,179.42159963837,
    -149.3464402163));
#7258 = CARTESIAN_POINT('',(456.77211646974,179.4225793598,
    -148.7923339321));
#7259 = CARTESIAN_POINT('',(446.240372844,179.42278636695,
    -145.5355501969));
#7260 = CARTESIAN_POINT('',(437.82235935717,179.41799445672,
    -138.1376361709));
#7261 = CARTESIAN_POINT('',(434.21217639924,179.41469077441,-133.));
#7262 = PCURVE('',#3177,#7263);
#7263 = DEFINITIONAL_REPRESENTATION('',(#7264),#7290);
#7264 = B_SPLINE_CURVE_WITH_KNOTS('',3,(#7265,#7266,#7267,#7268,#7269,
    #7270,#7271,#7272,#7273,#7274,#7275,#7276,#7277,#7278,#7279,#7280,
    #7281,#7282,#7283,#7284,#7285,#7286,#7287,#7288,#7289),
  .UNSPECIFIED.,.F.,.F.,(4,1,1,1,1,1,1,1,1,1,1,1,1,1,1,1,1,1,1,1,1,1,4),
  (6.094032403333,6.130879834333,6.167727265332,6.204574696332,
    6.241422127332,6.278269558331,6.315116989331,6.35196442033,
    6.38881185133,6.42565928233,6.462506713329,6.499354144329,
    6.536201575328,6.573049006328,6.609896437328,6.646743868327,
    6.683591299327,6.720438730326,6.757286161326,6.794133592326,
    6.830981023325,6.867828454325,6.904675885325),
  .QUASI_UNIFORM_KNOTS.);
#7265 = CARTESIAN_POINT('',(5.566685415945,120.85916446176));
#7266 = CARTESIAN_POINT('',(5.579018498595,120.83307569979));
#7267 = CARTESIAN_POINT('',(5.603685867866,120.78596193686));
#7268 = CARTESIAN_POINT('',(5.640689968837,120.73050014367));
#7269 = CARTESIAN_POINT('',(5.677696838495,120.69026476647));
#7270 = CARTESIAN_POINT('',(5.714705195814,120.66527338154));
#7271 = CARTESIAN_POINT('',(5.751713470205,120.65554352257));
#7272 = CARTESIAN_POINT('',(5.788719981268,120.66109288216));
#7273 = CARTESIAN_POINT('',(5.825723265798,120.6819385598));
#7274 = CARTESIAN_POINT('',(5.862722352759,120.71809986851));
#7275 = CARTESIAN_POINT('',(5.899717090171,120.7695878604));
#7276 = CARTESIAN_POINT('',(5.936708295116,120.83644441754));
#7277 = CARTESIAN_POINT('',(5.973698694865,120.91855378289));
#7278 = CARTESIAN_POINT('',(6.010690295362,121.01568471066));
#7279 = CARTESIAN_POINT('',(6.047683680633,121.12763208684));
#7280 = CARTESIAN_POINT('',(6.084678504168,121.25418379545));
#7281 = CARTESIAN_POINT('',(6.12167370529,121.39512959668));
#7282 = CARTESIAN_POINT('',(6.158667806361,121.55025874799));
#7283 = CARTESIAN_POINT('',(6.195659191615,121.71936064155));
#7284 = CARTESIAN_POINT('',(6.232646396929,121.90222463345));
#7285 = CARTESIAN_POINT('',(6.269628380186,122.09864008943));
#7286 = CARTESIAN_POINT('',(6.306604851756,122.30839637265));
#7287 = CARTESIAN_POINT('',(6.343576365051,122.53128284696));
#7288 = CARTESIAN_POINT('',(6.368222305873,122.68848686633));
#7289 = CARTESIAN_POINT('',(6.380545149462,122.7692070291));
#7290 = ( GEOMETRIC_REPRESENTATION_CONTEXT(2) 
PARAMETRIC_REPRESENTATION_CONTEXT() REPRESENTATION_CONTEXT('2D SPACE',''
  ) );
#7291 = PCURVE('',#3133,#7292);
#7292 = DEFINITIONAL_REPRESENTATION('',(#7293),#7297);
#7293 = LINE('',#7294,#7295);
#7294 = CARTESIAN_POINT('',(1.000000000001,-8.9E-16));
#7295 = VECTOR('',#7296,1.);
#7296 = DIRECTION('',(-1.6051E-13,1.));
#7297 = ( GEOMETRIC_REPRESENTATION_CONTEXT(2) 
PARAMETRIC_REPRESENTATION_CONTEXT() REPRESENTATION_CONTEXT('2D SPACE',''
  ) );
#7298 = ORIENTED_EDGE('',*,*,#4069,.F.);
#7299 = ORIENTED_EDGE('',*,*,#4463,.T.);
#7300 = ORIENTED_EDGE('',*,*,#3160,.F.);
#7301 = ADVANCED_FACE('',(#7302),#3133,.T.);
#7302 = FACE_BOUND('',#7303,.T.);
#7303 = EDGE_LOOP('',(#7304,#7305,#7306,#7325));
#7304 = ORIENTED_EDGE('',*,*,#3111,.T.);
#7305 = ORIENTED_EDGE('',*,*,#3918,.T.);
#7306 = ORIENTED_EDGE('',*,*,#7307,.T.);
#7307 = EDGE_CURVE('',#3919,#4070,#7308,.T.);
#7308 = SURFACE_CURVE('',#7309,(#7313,#7319),.PCURVE_S1.);
#7309 = LINE('',#7310,#7311);
#7310 = CARTESIAN_POINT('',(461.48783319811,180.,-148.5923629015));
#7311 = VECTOR('',#7312,1.);
#7312 = DIRECTION('',(-9.524593167288E-02,-0.605846493509,
    -0.789859632341));
#7313 = PCURVE('',#3133,#7314);
#7314 = DEFINITIONAL_REPRESENTATION('',(#7315),#7318);
#7315 = B_SPLINE_CURVE_WITH_KNOTS('',1,(#7316,#7317),.UNSPECIFIED.,.F.,
  .F.,(2,2),(-0.,0.954697877778),.PIECEWISE_BEZIER_KNOTS.);
#7316 = CARTESIAN_POINT('',(3.82E-14,6.094032403333));
#7317 = CARTESIAN_POINT('',(0.999999999986,6.094032403333));
#7318 = ( GEOMETRIC_REPRESENTATION_CONTEXT(2) 
PARAMETRIC_REPRESENTATION_CONTEXT() REPRESENTATION_CONTEXT('2D SPACE',''
  ) );
#7319 = PCURVE('',#3963,#7320);
#7320 = DEFINITIONAL_REPRESENTATION('',(#7321),#7324);
#7321 = B_SPLINE_CURVE_WITH_KNOTS('',1,(#7322,#7323),.UNSPECIFIED.,.F.,
  .F.,(2,2),(-0.,0.954697877778),.PIECEWISE_BEZIER_KNOTS.);
#7322 = CARTESIAN_POINT('',(3.85E-15,6.094032403333));
#7323 = CARTESIAN_POINT('',(0.999999999986,6.094032403333));
#7324 = ( GEOMETRIC_REPRESENTATION_CONTEXT(2) 
PARAMETRIC_REPRESENTATION_CONTEXT() REPRESENTATION_CONTEXT('2D SPACE',''
  ) );
#7325 = ORIENTED_EDGE('',*,*,#7254,.T.);
#7326 = ADVANCED_FACE('',(#7327),#3570,.F.);
#7327 = FACE_BOUND('',#7328,.F.);
#7328 = EDGE_LOOP('',(#7329,#7352,#7379,#7380));
#7329 = ORIENTED_EDGE('',*,*,#7330,.T.);
#7330 = EDGE_CURVE('',#3550,#7331,#7333,.T.);
#7331 = VERTEX_POINT('',#7332);
#7332 = CARTESIAN_POINT('',(433.57753235409,153.12756588981,-136.9));
#7333 = SEAM_CURVE('',#7334,(#7338,#7345),.PCURVE_S1.);
#7334 = LINE('',#7335,#7336);
#7335 = CARTESIAN_POINT('',(433.57753235409,153.12756588981,-132.9));
#7336 = VECTOR('',#7337,1.);
#7337 = DIRECTION('',(0.,0.,-1.));
#7338 = PCURVE('',#3570,#7339);
#7339 = DEFINITIONAL_REPRESENTATION('',(#7340),#7344);
#7340 = LINE('',#7341,#7342);
#7341 = CARTESIAN_POINT('',(9.424777960769,0.));
#7342 = VECTOR('',#7343,1.);
#7343 = DIRECTION('',(0.,1.));
#7344 = ( GEOMETRIC_REPRESENTATION_CONTEXT(2) 
PARAMETRIC_REPRESENTATION_CONTEXT() REPRESENTATION_CONTEXT('2D SPACE',''
  ) );
#7345 = PCURVE('',#3570,#7346);
#7346 = DEFINITIONAL_REPRESENTATION('',(#7347),#7351);
#7347 = LINE('',#7348,#7349);
#7348 = CARTESIAN_POINT('',(3.14159265359,0.));
#7349 = VECTOR('',#7350,1.);
#7350 = DIRECTION('',(0.,1.));
#7351 = ( GEOMETRIC_REPRESENTATION_CONTEXT(2) 
PARAMETRIC_REPRESENTATION_CONTEXT() REPRESENTATION_CONTEXT('2D SPACE',''
  ) );
#7352 = ORIENTED_EDGE('',*,*,#7353,.F.);
#7353 = EDGE_CURVE('',#7331,#7331,#7354,.T.);
#7354 = SURFACE_CURVE('',#7355,(#7360,#7367),.PCURVE_S1.);
#7355 = CIRCLE('',#7356,2.65);
#7356 = AXIS2_PLACEMENT_3D('',#7357,#7358,#7359);
#7357 = CARTESIAN_POINT('',(436.22753235409,153.12756588981,-136.9));
#7358 = DIRECTION('',(0.,0.,-1.));
#7359 = DIRECTION('',(1.,0.,0.));
#7360 = PCURVE('',#3570,#7361);
#7361 = DEFINITIONAL_REPRESENTATION('',(#7362),#7366);
#7362 = LINE('',#7363,#7364);
#7363 = CARTESIAN_POINT('',(0.,4.));
#7364 = VECTOR('',#7365,1.);
#7365 = DIRECTION('',(1.,0.));
#7366 = ( GEOMETRIC_REPRESENTATION_CONTEXT(2) 
PARAMETRIC_REPRESENTATION_CONTEXT() REPRESENTATION_CONTEXT('2D SPACE',''
  ) );
#7367 = PCURVE('',#7368,#7373);
#7368 = PLANE('',#7369);
#7369 = AXIS2_PLACEMENT_3D('',#7370,#7371,#7372);
#7370 = CARTESIAN_POINT('',(436.22753235409,153.12756588981,-136.9));
#7371 = DIRECTION('',(0.,0.,-1.));
#7372 = DIRECTION('',(1.,0.,0.));
#7373 = DEFINITIONAL_REPRESENTATION('',(#7374),#7378);
#7374 = CIRCLE('',#7375,2.65);
#7375 = AXIS2_PLACEMENT_2D('',#7376,#7377);
#7376 = CARTESIAN_POINT('',(0.,0.));
#7377 = DIRECTION('',(1.,0.));
#7378 = ( GEOMETRIC_REPRESENTATION_CONTEXT(2) 
PARAMETRIC_REPRESENTATION_CONTEXT() REPRESENTATION_CONTEXT('2D SPACE',''
  ) );
#7379 = ORIENTED_EDGE('',*,*,#7330,.F.);
#7380 = ORIENTED_EDGE('',*,*,#3549,.T.);
#7381 = ADVANCED_FACE('',(#7382),#3605,.F.);
#7382 = FACE_BOUND('',#7383,.F.);
#7383 = EDGE_LOOP('',(#7384,#7407,#7434,#7435));
#7384 = ORIENTED_EDGE('',*,*,#7385,.T.);
#7385 = EDGE_CURVE('',#3585,#7386,#7388,.T.);
#7386 = VERTEX_POINT('',#7387);
#7387 = CARTESIAN_POINT('',(420.55679531829,21.116532306693,-137.9));
#7388 = SEAM_CURVE('',#7389,(#7393,#7400),.PCURVE_S1.);
#7389 = LINE('',#7390,#7391);
#7390 = CARTESIAN_POINT('',(420.55679531829,21.116532306693,-132.9));
#7391 = VECTOR('',#7392,1.);
#7392 = DIRECTION('',(0.,0.,-1.));
#7393 = PCURVE('',#3605,#7394);
#7394 = DEFINITIONAL_REPRESENTATION('',(#7395),#7399);
#7395 = LINE('',#7396,#7397);
#7396 = CARTESIAN_POINT('',(9.424777960769,0.));
#7397 = VECTOR('',#7398,1.);
#7398 = DIRECTION('',(0.,1.));
#7399 = ( GEOMETRIC_REPRESENTATION_CONTEXT(2) 
PARAMETRIC_REPRESENTATION_CONTEXT() REPRESENTATION_CONTEXT('2D SPACE',''
  ) );
#7400 = PCURVE('',#3605,#7401);
#7401 = DEFINITIONAL_REPRESENTATION('',(#7402),#7406);
#7402 = LINE('',#7403,#7404);
#7403 = CARTESIAN_POINT('',(3.14159265359,0.));
#7404 = VECTOR('',#7405,1.);
#7405 = DIRECTION('',(0.,1.));
#7406 = ( GEOMETRIC_REPRESENTATION_CONTEXT(2) 
PARAMETRIC_REPRESENTATION_CONTEXT() REPRESENTATION_CONTEXT('2D SPACE',''
  ) );
#7407 = ORIENTED_EDGE('',*,*,#7408,.F.);
#7408 = EDGE_CURVE('',#7386,#7386,#7409,.T.);
#7409 = SURFACE_CURVE('',#7410,(#7415,#7422),.PCURVE_S1.);
#7410 = CIRCLE('',#7411,2.6);
#7411 = AXIS2_PLACEMENT_3D('',#7412,#7413,#7414);
#7412 = CARTESIAN_POINT('',(423.15679531829,21.116532306693,-137.9));
#7413 = DIRECTION('',(0.,0.,-1.));
#7414 = DIRECTION('',(1.,0.,0.));
#7415 = PCURVE('',#3605,#7416);
#7416 = DEFINITIONAL_REPRESENTATION('',(#7417),#7421);
#7417 = LINE('',#7418,#7419);
#7418 = CARTESIAN_POINT('',(0.,5.));
#7419 = VECTOR('',#7420,1.);
#7420 = DIRECTION('',(1.,0.));
#7421 = ( GEOMETRIC_REPRESENTATION_CONTEXT(2) 
PARAMETRIC_REPRESENTATION_CONTEXT() REPRESENTATION_CONTEXT('2D SPACE',''
  ) );
#7422 = PCURVE('',#7423,#7428);
#7423 = PLANE('',#7424);
#7424 = AXIS2_PLACEMENT_3D('',#7425,#7426,#7427);
#7425 = CARTESIAN_POINT('',(423.15679531829,21.116532306693,-137.9));
#7426 = DIRECTION('',(0.,0.,-1.));
#7427 = DIRECTION('',(1.,0.,0.));
#7428 = DEFINITIONAL_REPRESENTATION('',(#7429),#7433);
#7429 = CIRCLE('',#7430,2.6);
#7430 = AXIS2_PLACEMENT_2D('',#7431,#7432);
#7431 = CARTESIAN_POINT('',(0.,0.));
#7432 = DIRECTION('',(1.,0.));
#7433 = ( GEOMETRIC_REPRESENTATION_CONTEXT(2) 
PARAMETRIC_REPRESENTATION_CONTEXT() REPRESENTATION_CONTEXT('2D SPACE',''
  ) );
#7434 = ORIENTED_EDGE('',*,*,#7385,.F.);
#7435 = ORIENTED_EDGE('',*,*,#3584,.T.);
#7436 = ADVANCED_FACE('',(#7437),#3640,.F.);
#7437 = FACE_BOUND('',#7438,.F.);
#7438 = EDGE_LOOP('',(#7439,#7462,#7489,#7490));
#7439 = ORIENTED_EDGE('',*,*,#7440,.T.);
#7440 = EDGE_CURVE('',#3620,#7441,#7443,.T.);
#7441 = VERTEX_POINT('',#7442);
#7442 = CARTESIAN_POINT('',(416.79785779374,9.070491715347,-142.9));
#7443 = SEAM_CURVE('',#7444,(#7448,#7455),.PCURVE_S1.);
#7444 = LINE('',#7445,#7446);
#7445 = CARTESIAN_POINT('',(416.79785779374,9.070491715347,-132.9));
#7446 = VECTOR('',#7447,1.);
#7447 = DIRECTION('',(0.,0.,-1.));
#7448 = PCURVE('',#3640,#7449);
#7449 = DEFINITIONAL_REPRESENTATION('',(#7450),#7454);
#7450 = LINE('',#7451,#7452);
#7451 = CARTESIAN_POINT('',(9.424777960769,0.));
#7452 = VECTOR('',#7453,1.);
#7453 = DIRECTION('',(0.,1.));
#7454 = ( GEOMETRIC_REPRESENTATION_CONTEXT(2) 
PARAMETRIC_REPRESENTATION_CONTEXT() REPRESENTATION_CONTEXT('2D SPACE',''
  ) );
#7455 = PCURVE('',#3640,#7456);
#7456 = DEFINITIONAL_REPRESENTATION('',(#7457),#7461);
#7457 = LINE('',#7458,#7459);
#7458 = CARTESIAN_POINT('',(3.14159265359,0.));
#7459 = VECTOR('',#7460,1.);
#7460 = DIRECTION('',(0.,1.));
#7461 = ( GEOMETRIC_REPRESENTATION_CONTEXT(2) 
PARAMETRIC_REPRESENTATION_CONTEXT() REPRESENTATION_CONTEXT('2D SPACE',''
  ) );
#7462 = ORIENTED_EDGE('',*,*,#7463,.F.);
#7463 = EDGE_CURVE('',#7441,#7441,#7464,.T.);
#7464 = SURFACE_CURVE('',#7465,(#7470,#7477),.PCURVE_S1.);
#7465 = CIRCLE('',#7466,2.7);
#7466 = AXIS2_PLACEMENT_3D('',#7467,#7468,#7469);
#7467 = CARTESIAN_POINT('',(419.49785779374,9.070491715347,-142.9));
#7468 = DIRECTION('',(0.,0.,-1.));
#7469 = DIRECTION('',(1.,0.,0.));
#7470 = PCURVE('',#3640,#7471);
#7471 = DEFINITIONAL_REPRESENTATION('',(#7472),#7476);
#7472 = LINE('',#7473,#7474);
#7473 = CARTESIAN_POINT('',(0.,10.));
#7474 = VECTOR('',#7475,1.);
#7475 = DIRECTION('',(1.,0.));
#7476 = ( GEOMETRIC_REPRESENTATION_CONTEXT(2) 
PARAMETRIC_REPRESENTATION_CONTEXT() REPRESENTATION_CONTEXT('2D SPACE',''
  ) );
#7477 = PCURVE('',#7478,#7483);
#7478 = PLANE('',#7479);
#7479 = AXIS2_PLACEMENT_3D('',#7480,#7481,#7482);
#7480 = CARTESIAN_POINT('',(419.49785779374,9.070491715347,-142.9));
#7481 = DIRECTION('',(0.,0.,-1.));
#7482 = DIRECTION('',(1.,0.,0.));
#7483 = DEFINITIONAL_REPRESENTATION('',(#7484),#7488);
#7484 = CIRCLE('',#7485,2.7);
#7485 = AXIS2_PLACEMENT_2D('',#7486,#7487);
#7486 = CARTESIAN_POINT('',(0.,0.));
#7487 = DIRECTION('',(1.,0.));
#7488 = ( GEOMETRIC_REPRESENTATION_CONTEXT(2) 
PARAMETRIC_REPRESENTATION_CONTEXT() REPRESENTATION_CONTEXT('2D SPACE',''
  ) );
#7489 = ORIENTED_EDGE('',*,*,#7440,.F.);
#7490 = ORIENTED_EDGE('',*,*,#3619,.T.);
#7491 = ADVANCED_FACE('',(#7492),#3675,.F.);
#7492 = FACE_BOUND('',#7493,.F.);
#7493 = EDGE_LOOP('',(#7494,#7517,#7518,#7519));
#7494 = ORIENTED_EDGE('',*,*,#7495,.T.);
#7495 = EDGE_CURVE('',#7496,#3655,#7498,.T.);
#7496 = VERTEX_POINT('',#7497);
#7497 = CARTESIAN_POINT('',(457.25,-55.,-154.));
#7498 = SEAM_CURVE('',#7499,(#7503,#7510),.PCURVE_S1.);
#7499 = LINE('',#7500,#7501);
#7500 = CARTESIAN_POINT('',(457.25,-55.,-154.));
#7501 = VECTOR('',#7502,1.);
#7502 = DIRECTION('',(0.,0.,1.));
#7503 = PCURVE('',#3675,#7504);
#7504 = DEFINITIONAL_REPRESENTATION('',(#7505),#7509);
#7505 = LINE('',#7506,#7507);
#7506 = CARTESIAN_POINT('',(9.424777960769,0.));
#7507 = VECTOR('',#7508,1.);
#7508 = DIRECTION('',(0.,1.));
#7509 = ( GEOMETRIC_REPRESENTATION_CONTEXT(2) 
PARAMETRIC_REPRESENTATION_CONTEXT() REPRESENTATION_CONTEXT('2D SPACE',''
  ) );
#7510 = PCURVE('',#3675,#7511);
#7511 = DEFINITIONAL_REPRESENTATION('',(#7512),#7516);
#7512 = LINE('',#7513,#7514);
#7513 = CARTESIAN_POINT('',(3.14159265359,0.));
#7514 = VECTOR('',#7515,1.);
#7515 = DIRECTION('',(0.,1.));
#7516 = ( GEOMETRIC_REPRESENTATION_CONTEXT(2) 
PARAMETRIC_REPRESENTATION_CONTEXT() REPRESENTATION_CONTEXT('2D SPACE',''
  ) );
#7517 = ORIENTED_EDGE('',*,*,#3654,.T.);
#7518 = ORIENTED_EDGE('',*,*,#7495,.F.);
#7519 = ORIENTED_EDGE('',*,*,#7520,.T.);
#7520 = EDGE_CURVE('',#7496,#7496,#7521,.T.);
#7521 = SURFACE_CURVE('',#7522,(#7527,#7534),.PCURVE_S1.);
#7522 = CIRCLE('',#7523,2.75);
#7523 = AXIS2_PLACEMENT_3D('',#7524,#7525,#7526);
#7524 = CARTESIAN_POINT('',(460.,-55.,-154.));
#7525 = DIRECTION('',(0.,0.,1.));
#7526 = DIRECTION('',(1.,0.,0.));
#7527 = PCURVE('',#3675,#7528);
#7528 = DEFINITIONAL_REPRESENTATION('',(#7529),#7533);
#7529 = LINE('',#7530,#7531);
#7530 = CARTESIAN_POINT('',(0.,0.));
#7531 = VECTOR('',#7532,1.);
#7532 = DIRECTION('',(1.,0.));
#7533 = ( GEOMETRIC_REPRESENTATION_CONTEXT(2) 
PARAMETRIC_REPRESENTATION_CONTEXT() REPRESENTATION_CONTEXT('2D SPACE',''
  ) );
#7534 = PCURVE('',#7535,#7540);
#7535 = PLANE('',#7536);
#7536 = AXIS2_PLACEMENT_3D('',#7537,#7538,#7539);
#7537 = CARTESIAN_POINT('',(460.,-55.,-154.));
#7538 = DIRECTION('',(0.,0.,1.));
#7539 = DIRECTION('',(-1.,0.,0.));
#7540 = DEFINITIONAL_REPRESENTATION('',(#7541),#7545);
#7541 = CIRCLE('',#7542,2.75);
#7542 = AXIS2_PLACEMENT_2D('',#7543,#7544);
#7543 = CARTESIAN_POINT('',(0.,0.));
#7544 = DIRECTION('',(-1.,0.));
#7545 = ( GEOMETRIC_REPRESENTATION_CONTEXT(2) 
PARAMETRIC_REPRESENTATION_CONTEXT() REPRESENTATION_CONTEXT('2D SPACE',''
  ) );
#7546 = ADVANCED_FACE('',(#7547),#3710,.F.);
#7547 = FACE_BOUND('',#7548,.F.);
#7548 = EDGE_LOOP('',(#7549,#7572,#7573,#7574));
#7549 = ORIENTED_EDGE('',*,*,#7550,.T.);
#7550 = EDGE_CURVE('',#7551,#3690,#7553,.T.);
#7551 = VERTEX_POINT('',#7552);
#7552 = CARTESIAN_POINT('',(433.22072443207,-55.,-152.9));
#7553 = SEAM_CURVE('',#7554,(#7558,#7565),.PCURVE_S1.);
#7554 = LINE('',#7555,#7556);
#7555 = CARTESIAN_POINT('',(433.22072443207,-55.,-152.9));
#7556 = VECTOR('',#7557,1.);
#7557 = DIRECTION('',(0.,0.,1.));
#7558 = PCURVE('',#3710,#7559);
#7559 = DEFINITIONAL_REPRESENTATION('',(#7560),#7564);
#7560 = LINE('',#7561,#7562);
#7561 = CARTESIAN_POINT('',(9.424777960769,0.));
#7562 = VECTOR('',#7563,1.);
#7563 = DIRECTION('',(0.,1.));
#7564 = ( GEOMETRIC_REPRESENTATION_CONTEXT(2) 
PARAMETRIC_REPRESENTATION_CONTEXT() REPRESENTATION_CONTEXT('2D SPACE',''
  ) );
#7565 = PCURVE('',#3710,#7566);
#7566 = DEFINITIONAL_REPRESENTATION('',(#7567),#7571);
#7567 = LINE('',#7568,#7569);
#7568 = CARTESIAN_POINT('',(3.14159265359,0.));
#7569 = VECTOR('',#7570,1.);
#7570 = DIRECTION('',(0.,1.));
#7571 = ( GEOMETRIC_REPRESENTATION_CONTEXT(2) 
PARAMETRIC_REPRESENTATION_CONTEXT() REPRESENTATION_CONTEXT('2D SPACE',''
  ) );
#7572 = ORIENTED_EDGE('',*,*,#3689,.T.);
#7573 = ORIENTED_EDGE('',*,*,#7550,.F.);
#7574 = ORIENTED_EDGE('',*,*,#7575,.T.);
#7575 = EDGE_CURVE('',#7551,#7551,#7576,.T.);
#7576 = SURFACE_CURVE('',#7577,(#7582,#7589),.PCURVE_S1.);
#7577 = CIRCLE('',#7578,2.7);
#7578 = AXIS2_PLACEMENT_3D('',#7579,#7580,#7581);
#7579 = CARTESIAN_POINT('',(435.92072443207,-55.,-152.9));
#7580 = DIRECTION('',(0.,0.,1.));
#7581 = DIRECTION('',(1.,0.,0.));
#7582 = PCURVE('',#3710,#7583);
#7583 = DEFINITIONAL_REPRESENTATION('',(#7584),#7588);
#7584 = LINE('',#7585,#7586);
#7585 = CARTESIAN_POINT('',(0.,0.));
#7586 = VECTOR('',#7587,1.);
#7587 = DIRECTION('',(1.,0.));
#7588 = ( GEOMETRIC_REPRESENTATION_CONTEXT(2) 
PARAMETRIC_REPRESENTATION_CONTEXT() REPRESENTATION_CONTEXT('2D SPACE',''
  ) );
#7589 = PCURVE('',#7590,#7595);
#7590 = PLANE('',#7591);
#7591 = AXIS2_PLACEMENT_3D('',#7592,#7593,#7594);
#7592 = CARTESIAN_POINT('',(435.92072443207,-55.,-152.9));
#7593 = DIRECTION('',(0.,0.,-1.));
#7594 = DIRECTION('',(1.,0.,0.));
#7595 = DEFINITIONAL_REPRESENTATION('',(#7596),#7604);
#7596 = ( BOUNDED_CURVE() B_SPLINE_CURVE(2,(#7597,#7598,#7599,#7600,
#7601,#7602,#7603),.UNSPECIFIED.,.T.,.F.) B_SPLINE_CURVE_WITH_KNOTS((1,2
    ,2,2,2,1),(-2.094395102393,0.,2.094395102393,4.188790204786,
6.28318530718,8.377580409573),.UNSPECIFIED.) CURVE() 
GEOMETRIC_REPRESENTATION_ITEM() RATIONAL_B_SPLINE_CURVE((1.,0.5,1.,0.5,
1.,0.5,1.)) REPRESENTATION_ITEM('') );
#7597 = CARTESIAN_POINT('',(2.7,0.));
#7598 = CARTESIAN_POINT('',(2.7,-4.676537180436));
#7599 = CARTESIAN_POINT('',(-1.35,-2.338268590218));
#7600 = CARTESIAN_POINT('',(-5.4,-6.613092715396E-16));
#7601 = CARTESIAN_POINT('',(-1.35,2.338268590218));
#7602 = CARTESIAN_POINT('',(2.7,4.676537180436));
#7603 = CARTESIAN_POINT('',(2.7,0.));
#7604 = ( GEOMETRIC_REPRESENTATION_CONTEXT(2) 
PARAMETRIC_REPRESENTATION_CONTEXT() REPRESENTATION_CONTEXT('2D SPACE',''
  ) );
#7605 = ADVANCED_FACE('',(#7606,#7632),#3790,.T.);
#7606 = FACE_BOUND('',#7607,.T.);
#7607 = EDGE_LOOP('',(#7608));
#7608 = ORIENTED_EDGE('',*,*,#7609,.T.);
#7609 = EDGE_CURVE('',#7610,#7610,#7612,.T.);
#7610 = VERTEX_POINT('',#7611);
#7611 = CARTESIAN_POINT('',(442.17449300378,-4.497236117495,
    -150.968817675));
#7612 = SURFACE_CURVE('',#7613,(#7618,#7625),.PCURVE_S1.);
#7613 = CIRCLE('',#7614,4.25);
#7614 = AXIS2_PLACEMENT_3D('',#7615,#7616,#7617);
#7615 = CARTESIAN_POINT('',(442.17449300378,-4.497236117495,
    -155.218817675));
#7616 = DIRECTION('',(-1.,0.,0.));
#7617 = DIRECTION('',(0.,0.,1.));
#7618 = PCURVE('',#3790,#7619);
#7619 = DEFINITIONAL_REPRESENTATION('',(#7620),#7624);
#7620 = CIRCLE('',#7621,4.25);
#7621 = AXIS2_PLACEMENT_2D('',#7622,#7623);
#7622 = CARTESIAN_POINT('',(0.,0.));
#7623 = DIRECTION('',(1.,0.));
#7624 = ( GEOMETRIC_REPRESENTATION_CONTEXT(2) 
PARAMETRIC_REPRESENTATION_CONTEXT() REPRESENTATION_CONTEXT('2D SPACE',''
  ) );
#7625 = PCURVE('',#6696,#7626);
#7626 = DEFINITIONAL_REPRESENTATION('',(#7627),#7631);
#7627 = LINE('',#7628,#7629);
#7628 = CARTESIAN_POINT('',(-0.,30.));
#7629 = VECTOR('',#7630,1.);
#7630 = DIRECTION('',(-1.,0.));
#7631 = ( GEOMETRIC_REPRESENTATION_CONTEXT(2) 
PARAMETRIC_REPRESENTATION_CONTEXT() REPRESENTATION_CONTEXT('2D SPACE',''
  ) );
#7632 = FACE_BOUND('',#7633,.T.);
#7633 = EDGE_LOOP('',(#7634));
#7634 = ORIENTED_EDGE('',*,*,#3775,.F.);
#7635 = ADVANCED_FACE('',(#7636,#7662),#3845,.T.);
#7636 = FACE_BOUND('',#7637,.T.);
#7637 = EDGE_LOOP('',(#7638));
#7638 = ORIENTED_EDGE('',*,*,#7639,.T.);
#7639 = EDGE_CURVE('',#7640,#7640,#7642,.T.);
#7640 = VERTEX_POINT('',#7641);
#7641 = CARTESIAN_POINT('',(442.17449300378,135.687,-143.92));
#7642 = SURFACE_CURVE('',#7643,(#7648,#7655),.PCURVE_S1.);
#7643 = CIRCLE('',#7644,4.25);
#7644 = AXIS2_PLACEMENT_3D('',#7645,#7646,#7647);
#7645 = CARTESIAN_POINT('',(442.17449300378,135.687,-148.17));
#7646 = DIRECTION('',(-1.,0.,0.));
#7647 = DIRECTION('',(0.,0.,1.));
#7648 = PCURVE('',#3845,#7649);
#7649 = DEFINITIONAL_REPRESENTATION('',(#7650),#7654);
#7650 = CIRCLE('',#7651,4.25);
#7651 = AXIS2_PLACEMENT_2D('',#7652,#7653);
#7652 = CARTESIAN_POINT('',(0.,0.));
#7653 = DIRECTION('',(1.,0.));
#7654 = ( GEOMETRIC_REPRESENTATION_CONTEXT(2) 
PARAMETRIC_REPRESENTATION_CONTEXT() REPRESENTATION_CONTEXT('2D SPACE',''
  ) );
#7655 = PCURVE('',#4771,#7656);
#7656 = DEFINITIONAL_REPRESENTATION('',(#7657),#7661);
#7657 = LINE('',#7658,#7659);
#7658 = CARTESIAN_POINT('',(-0.,30.));
#7659 = VECTOR('',#7660,1.);
#7660 = DIRECTION('',(-1.,0.));
#7661 = ( GEOMETRIC_REPRESENTATION_CONTEXT(2) 
PARAMETRIC_REPRESENTATION_CONTEXT() REPRESENTATION_CONTEXT('2D SPACE',''
  ) );
#7662 = FACE_BOUND('',#7663,.T.);
#7663 = EDGE_LOOP('',(#7664));
#7664 = ORIENTED_EDGE('',*,*,#3830,.F.);
#7665 = ADVANCED_FACE('',(#7666),#3877,.T.);
#7666 = FACE_BOUND('',#7667,.T.);
#7667 = EDGE_LOOP('',(#7668,#7688,#7689,#7690));
#7668 = ORIENTED_EDGE('',*,*,#7669,.T.);
#7669 = EDGE_CURVE('',#4045,#3946,#7670,.T.);
#7670 = SURFACE_CURVE('',#7671,(#7675,#7682),.PCURVE_S1.);
#7671 = LINE('',#7672,#7673);
#7672 = CARTESIAN_POINT('',(461.42853709397,179.42159628772,
    -149.3502295463));
#7673 = VECTOR('',#7674,1.);
#7674 = DIRECTION('',(9.459700482118E-02,0.605854848162,0.789931205636)
  );
#7675 = PCURVE('',#3877,#7676);
#7676 = DEFINITIONAL_REPRESENTATION('',(#7677),#7681);
#7677 = LINE('',#7678,#7679);
#7678 = CARTESIAN_POINT('',(124.3013638789,-0.477345121548));
#7679 = VECTOR('',#7680,1.);
#7680 = DIRECTION('',(2.402245069533E-14,1.));
#7681 = ( GEOMETRIC_REPRESENTATION_CONTEXT(2) 
PARAMETRIC_REPRESENTATION_CONTEXT() REPRESENTATION_CONTEXT('2D SPACE',''
  ) );
#7682 = PCURVE('',#3963,#7683);
#7683 = DEFINITIONAL_REPRESENTATION('',(#7684),#7687);
#7684 = B_SPLINE_CURVE_WITH_KNOTS('',1,(#7685,#7686),.UNSPECIFIED.,.F.,
  .F.,(2,2),(0.,0.954690243094),.PIECEWISE_BEZIER_KNOTS.);
#7685 = CARTESIAN_POINT('',(1.,6.093240259468));
#7686 = CARTESIAN_POINT('',(1.782E-14,6.093240259468));
#7687 = ( GEOMETRIC_REPRESENTATION_CONTEXT(2) 
PARAMETRIC_REPRESENTATION_CONTEXT() REPRESENTATION_CONTEXT('2D SPACE',''
  ) );
#7688 = ORIENTED_EDGE('',*,*,#3987,.T.);
#7689 = ORIENTED_EDGE('',*,*,#3862,.T.);
#7690 = ORIENTED_EDGE('',*,*,#4044,.T.);
#7691 = ADVANCED_FACE('',(#7692),#3963,.T.);
#7692 = FACE_BOUND('',#7693,.T.);
#7693 = EDGE_LOOP('',(#7694,#7695,#7696,#7697));
#7694 = ORIENTED_EDGE('',*,*,#7307,.F.);
#7695 = ORIENTED_EDGE('',*,*,#3945,.T.);
#7696 = ORIENTED_EDGE('',*,*,#7669,.F.);
#7697 = ORIENTED_EDGE('',*,*,#4092,.T.);
#7698 = ADVANCED_FACE('',(#7699),#4029,.F.);
#7699 = FACE_BOUND('',#7700,.F.);
#7700 = EDGE_LOOP('',(#7701,#7724,#7755,#7756));
#7701 = ORIENTED_EDGE('',*,*,#7702,.T.);
#7702 = EDGE_CURVE('',#4013,#7703,#7705,.T.);
#7703 = VERTEX_POINT('',#7704);
#7704 = CARTESIAN_POINT('',(463.29750558359,140.1,-142.3936051666));
#7705 = SEAM_CURVE('',#7706,(#7710,#7717),.PCURVE_S1.);
#7706 = LINE('',#7707,#7708);
#7707 = CARTESIAN_POINT('',(463.29750558359,190.1,-142.3936051666));
#7708 = VECTOR('',#7709,1.);
#7709 = DIRECTION('',(0.,-1.,0.));
#7710 = PCURVE('',#4029,#7711);
#7711 = DEFINITIONAL_REPRESENTATION('',(#7712),#7716);
#7712 = LINE('',#7713,#7714);
#7713 = CARTESIAN_POINT('',(9.424777960769,0.));
#7714 = VECTOR('',#7715,1.);
#7715 = DIRECTION('',(0.,1.));
#7716 = ( GEOMETRIC_REPRESENTATION_CONTEXT(2) 
PARAMETRIC_REPRESENTATION_CONTEXT() REPRESENTATION_CONTEXT('2D SPACE',''
  ) );
#7717 = PCURVE('',#4029,#7718);
#7718 = DEFINITIONAL_REPRESENTATION('',(#7719),#7723);
#7719 = LINE('',#7720,#7721);
#7720 = CARTESIAN_POINT('',(3.14159265359,0.));
#7721 = VECTOR('',#7722,1.);
#7722 = DIRECTION('',(0.,1.));
#7723 = ( GEOMETRIC_REPRESENTATION_CONTEXT(2) 
PARAMETRIC_REPRESENTATION_CONTEXT() REPRESENTATION_CONTEXT('2D SPACE',''
  ) );
#7724 = ORIENTED_EDGE('',*,*,#7725,.F.);
#7725 = EDGE_CURVE('',#7703,#7703,#7726,.T.);
#7726 = SURFACE_CURVE('',#7727,(#7732,#7739),.PCURVE_S1.);
#7727 = CIRCLE('',#7728,1.85);
#7728 = AXIS2_PLACEMENT_3D('',#7729,#7730,#7731);
#7729 = CARTESIAN_POINT('',(461.44750558359,140.1,-142.3936051666));
#7730 = DIRECTION('',(0.,-1.,0.));
#7731 = DIRECTION('',(-1.,0.,0.));
#7732 = PCURVE('',#4029,#7733);
#7733 = DEFINITIONAL_REPRESENTATION('',(#7734),#7738);
#7734 = LINE('',#7735,#7736);
#7735 = CARTESIAN_POINT('',(0.,50.));
#7736 = VECTOR('',#7737,1.);
#7737 = DIRECTION('',(1.,0.));
#7738 = ( GEOMETRIC_REPRESENTATION_CONTEXT(2) 
PARAMETRIC_REPRESENTATION_CONTEXT() REPRESENTATION_CONTEXT('2D SPACE',''
  ) );
#7739 = PCURVE('',#7740,#7745);
#7740 = PLANE('',#7741);
#7741 = AXIS2_PLACEMENT_3D('',#7742,#7743,#7744);
#7742 = CARTESIAN_POINT('',(461.44750558359,140.1,-142.3936051666));
#7743 = DIRECTION('',(0.,1.,0.));
#7744 = DIRECTION('',(-1.,0.,0.));
#7745 = DEFINITIONAL_REPRESENTATION('',(#7746),#7754);
#7746 = ( BOUNDED_CURVE() B_SPLINE_CURVE(2,(#7747,#7748,#7749,#7750,
#7751,#7752,#7753),.UNSPECIFIED.,.T.,.F.) B_SPLINE_CURVE_WITH_KNOTS((1,2
    ,2,2,2,1),(-2.094395102393,0.,2.094395102393,4.188790204786,
6.28318530718,8.377580409573),.UNSPECIFIED.) CURVE() 
GEOMETRIC_REPRESENTATION_ITEM() RATIONAL_B_SPLINE_CURVE((1.,0.5,1.,0.5,
1.,0.5,1.)) REPRESENTATION_ITEM('') );
#7747 = CARTESIAN_POINT('',(1.85,0.));
#7748 = CARTESIAN_POINT('',(1.85,-3.204293994002));
#7749 = CARTESIAN_POINT('',(-0.925,-1.602146997001));
#7750 = CARTESIAN_POINT('',(-3.7,-4.531193156845E-16));
#7751 = CARTESIAN_POINT('',(-0.925,1.602146997001));
#7752 = CARTESIAN_POINT('',(1.85,3.204293994002));
#7753 = CARTESIAN_POINT('',(1.85,0.));
#7754 = ( GEOMETRIC_REPRESENTATION_CONTEXT(2) 
PARAMETRIC_REPRESENTATION_CONTEXT() REPRESENTATION_CONTEXT('2D SPACE',''
  ) );
#7755 = ORIENTED_EDGE('',*,*,#7702,.F.);
#7756 = ORIENTED_EDGE('',*,*,#4012,.T.);
#7757 = ADVANCED_FACE('',(#7758,#8003),#4134,.T.);
#7758 = FACE_BOUND('',#7759,.T.);
#7759 = EDGE_LOOP('',(#7760,#7806,#7896,#7979,#8000,#8001,#8002));
#7760 = ORIENTED_EDGE('',*,*,#7761,.T.);
#7761 = EDGE_CURVE('',#5355,#7762,#7764,.T.);
#7762 = VERTEX_POINT('',#7763);
#7763 = CARTESIAN_POINT('',(464.53087250151,-65.71860859689,
    -150.800305017));
#7764 = SURFACE_CURVE('',#7765,(#7770,#7799),.PCURVE_S1.);
#7765 = ELLIPSE('',#7766,85.372790689882,42.5);
#7766 = AXIS2_PLACEMENT_3D('',#7767,#7768,#7769);
#7767 = CARTESIAN_POINT('',(533.47517185974,-27.5,-140.0420795259));
#7768 = DIRECTION('',(0.417651171751,-0.54979086473,-0.723393049313));
#7769 = DIRECTION('',(-0.905697297456,-0.315577841205,-0.283060119976));
#7770 = PCURVE('',#4134,#7771);
#7771 = DEFINITIONAL_REPRESENTATION('',(#7772),#7798);
#7772 = B_SPLINE_CURVE_WITH_KNOTS('',3,(#7773,#7774,#7775,#7776,#7777,
    #7778,#7779,#7780,#7781,#7782,#7783,#7784,#7785,#7786,#7787,#7788,
    #7789,#7790,#7791,#7792,#7793,#7794,#7795,#7796,#7797),
  .UNSPECIFIED.,.F.,.F.,(4,1,1,1,1,1,1,1,1,1,1,1,1,1,1,1,1,1,1,1,1,1,4),
  (5.553906510174,5.567443647698,5.580980785221,5.594517922744,
    5.608055060268,5.621592197791,5.635129335315,5.648666472838,
    5.662203610361,5.675740747885,5.689277885408,5.702815022932,
    5.716352160455,5.729889297978,5.743426435502,5.756963573025,
    5.770500710549,5.784037848072,5.797574985595,5.811112123119,
    5.824649260642,5.838186398166,5.851723535689),
  .QUASI_UNIFORM_KNOTS.);
#7773 = CARTESIAN_POINT('',(6.913682124129,-38.50399426701));
#7774 = CARTESIAN_POINT('',(6.909169744954,-38.28136793209));
#7775 = CARTESIAN_POINT('',(6.900144986605,-37.83948834471));
#7776 = CARTESIAN_POINT('',(6.886607849082,-37.18690760792));
#7777 = CARTESIAN_POINT('',(6.873070711558,-36.54468565515));
#7778 = CARTESIAN_POINT('',(6.859533574035,-35.9129400261));
#7779 = CARTESIAN_POINT('',(6.845996436512,-35.29178652872));
#7780 = CARTESIAN_POINT('',(6.832459298988,-34.68133897953));
#7781 = CARTESIAN_POINT('',(6.818922161465,-34.0817092467));
#7782 = CARTESIAN_POINT('',(6.805385023941,-33.49300721238));
#7783 = CARTESIAN_POINT('',(6.791847886418,-32.91534075718));
#7784 = CARTESIAN_POINT('',(6.778310748895,-32.34881573919));
#7785 = CARTESIAN_POINT('',(6.764773611371,-31.79353597485));
#7786 = CARTESIAN_POINT('',(6.751236473848,-31.2496032199));
#7787 = CARTESIAN_POINT('',(6.737699336324,-30.71711715072));
#7788 = CARTESIAN_POINT('',(6.724162198801,-30.19617534605));
#7789 = CARTESIAN_POINT('',(6.710625061278,-29.68687326923));
#7790 = CARTESIAN_POINT('',(6.697087923754,-29.18930425026));
#7791 = CARTESIAN_POINT('',(6.683550786231,-28.70355947024));
#7792 = CARTESIAN_POINT('',(6.670013648707,-28.22972793912));
#7793 = CARTESIAN_POINT('',(6.656476511184,-27.76789649982));
#7794 = CARTESIAN_POINT('',(6.642939373661,-27.31814973621));
#7795 = CARTESIAN_POINT('',(6.629402236137,-26.88057024165));
#7796 = CARTESIAN_POINT('',(6.620377477788,-26.59701510974));
#7797 = CARTESIAN_POINT('',(6.615865098614,-26.45729207716));
#7798 = ( GEOMETRIC_REPRESENTATION_CONTEXT(2) 
PARAMETRIC_REPRESENTATION_CONTEXT() REPRESENTATION_CONTEXT('2D SPACE',''
  ) );
#7799 = PCURVE('',#5393,#7800);
#7800 = DEFINITIONAL_REPRESENTATION('',(#7801),#7805);
#7801 = ELLIPSE('',#7802,85.372790689882,42.5);
#7802 = AXIS2_PLACEMENT_2D('',#7803,#7804);
#7803 = CARTESIAN_POINT('',(50.879780633474,112.41558611419));
#7804 = DIRECTION('',(-0.377800737254,-0.925886927724));
#7805 = ( GEOMETRIC_REPRESENTATION_CONTEXT(2) 
PARAMETRIC_REPRESENTATION_CONTEXT() REPRESENTATION_CONTEXT('2D SPACE',''
  ) );
#7806 = ORIENTED_EDGE('',*,*,#7807,.T.);
#7807 = EDGE_CURVE('',#7762,#7808,#7810,.T.);
#7808 = VERTEX_POINT('',#7809);
#7809 = CARTESIAN_POINT('',(440.08465259807,-46.01547183055,
    -167.7748312745));
#7810 = SURFACE_CURVE('',#7811,(#7821,#7850),.PCURVE_S1.);
#7811 = B_SPLINE_CURVE_WITH_KNOTS('',3,(#7812,#7813,#7814,#7815,#7816,
    #7817,#7818,#7819,#7820),.UNSPECIFIED.,.F.,.F.,(4,2,3,4),(
    -1.501724198454E-02,6.774184372101E-02,2.006452707662,3.656024028501
    ),.UNSPECIFIED.);
#7812 = CARTESIAN_POINT('',(464.53087250151,-65.71860859689,
    -150.800305017));
#7813 = CARTESIAN_POINT('',(464.34673354691,-65.62119725811,
    -150.9806519452));
#7814 = CARTESIAN_POINT('',(464.16327367663,-65.52202603535,
    -151.1606910479));
#7815 = CARTESIAN_POINT('',(459.69643816517,-63.05645978922,
    -155.5498819243));
#7816 = CARTESIAN_POINT('',(455.95262241043,-59.85851360275,
    -159.3137451936));
#7817 = CARTESIAN_POINT('',(451.69251224005,-56.04154482788,
    -162.3047102119));
#7818 = CARTESIAN_POINT('',(448.06775535063,-52.79383917942,
    -164.8496023913));
#7819 = CARTESIAN_POINT('',(444.35528192341,-49.35729350034,
    -166.6394086989));
#7820 = CARTESIAN_POINT('',(440.08465259807,-46.01547183055,
    -167.7748312745));
#7821 = PCURVE('',#4134,#7822);
#7822 = DEFINITIONAL_REPRESENTATION('',(#7823),#7849);
#7823 = B_SPLINE_CURVE_WITH_KNOTS('',3,(#7824,#7825,#7826,#7827,#7828,
    #7829,#7830,#7831,#7832,#7833,#7834,#7835,#7836,#7837,#7838,#7839,
    #7840,#7841,#7842,#7843,#7844,#7845,#7846,#7847,#7848),
  .UNSPECIFIED.,.F.,.F.,(4,1,1,1,1,1,1,1,1,1,1,1,1,1,1,1,1,1,1,1,1,1,4),
  (-1.501724198454E-02,0.15184827031,0.318713782605,0.4855792949,
    0.652444807195,0.819310319489,0.986175831784,1.153041344079,
    1.319906856374,1.486772368669,1.653637880963,1.820503393258,
    1.987368905553,2.154234417848,2.321099930142,2.487965442437,
    2.654830954732,2.821696467027,2.988561979322,3.155427491616,
    3.322293003911,3.489158516206,3.656024028501),.UNSPECIFIED.);
#7824 = CARTESIAN_POINT('',(6.615865098614,-26.45729207716));
#7825 = CARTESIAN_POINT('',(6.605270550433,-26.12940997582));
#7826 = CARTESIAN_POINT('',(6.584082180552,-25.48086627331));
#7827 = CARTESIAN_POINT('',(6.552330082522,-24.52643942097));
#7828 = CARTESIAN_POINT('',(6.520656394929,-23.58763163132));
#7829 = CARTESIAN_POINT('',(6.489040204371,-22.65991220443));
#7830 = CARTESIAN_POINT('',(6.457479718306,-21.73922251441));
#7831 = CARTESIAN_POINT('',(6.425968572091,-20.82137670043));
#7832 = CARTESIAN_POINT('',(6.394502197423,-19.90222576735));
#7833 = CARTESIAN_POINT('',(6.363075609908,-18.97760049223));
#7834 = CARTESIAN_POINT('',(6.331685445104,-18.04337569763));
#7835 = CARTESIAN_POINT('',(6.300323570401,-17.09527025191));
#7836 = CARTESIAN_POINT('',(6.269000136434,-16.12958279472));
#7837 = CARTESIAN_POINT('',(6.23765728832,-15.14044883477));
#7838 = CARTESIAN_POINT('',(6.206490794261,-14.13007663323));
#7839 = CARTESIAN_POINT('',(6.175914053322,-13.10928519233));
#7840 = CARTESIAN_POINT('',(6.145806728306,-12.0717547103));
#7841 = CARTESIAN_POINT('',(6.116189505372,-11.01558927208));
#7842 = CARTESIAN_POINT('',(6.08704851382,-9.937707585758));
#7843 = CARTESIAN_POINT('',(6.058382333964,-8.835345980198));
#7844 = CARTESIAN_POINT('',(6.030189316398,-7.705655677902));
#7845 = CARTESIAN_POINT('',(6.002470959389,-6.545810706112));
#7846 = CARTESIAN_POINT('',(5.975230650759,-5.352978979459));
#7847 = CARTESIAN_POINT('',(5.957393428572,-4.533879698671));
#7848 = CARTESIAN_POINT('',(5.948556489811,-4.117888707545));
#7849 = ( GEOMETRIC_REPRESENTATION_CONTEXT(2) 
PARAMETRIC_REPRESENTATION_CONTEXT() REPRESENTATION_CONTEXT('2D SPACE',''
  ) );
#7850 = PCURVE('',#7851,#7868);
#7851 = B_SPLINE_SURFACE_WITH_KNOTS('',3,1,(
    (#7852,#7853)
    ,(#7854,#7855)
    ,(#7856,#7857)
    ,(#7858,#7859)
    ,(#7860,#7861)
    ,(#7862,#7863)
    ,(#7864,#7865)
    ,(#7866,#7867
    )),.UNSPECIFIED.,.F.,.F.,.F.,(4,2,2,4),(2,2),(0.,0.878950065121,
    1.470041333338,2.061132601555),(-1.263012451628,11.013055341911),
  .UNSPECIFIED.);
#7852 = CARTESIAN_POINT('',(412.60478326741,-65.71860859689,
    -180.7798466143));
#7853 = CARTESIAN_POINT('',(518.91864894526,-65.71860859689,
    -119.3995076466));
#7854 = CARTESIAN_POINT('',(413.41018112801,-63.27131176616,
    -182.1748366291));
#7855 = CARTESIAN_POINT('',(519.72404680585,-63.27131176616,
    -120.7944976615));
#7856 = CARTESIAN_POINT('',(413.96887320067,-60.53278820391,
    -183.1425196848));
#7857 = CARTESIAN_POINT('',(520.28273887851,-60.53278820391,
    -121.7621807171));
#7858 = CARTESIAN_POINT('',(414.43807413862,-55.72334414449,
    -183.9551995483));
#7859 = CARTESIAN_POINT('',(520.75193981646,-55.72334414449,
    -122.5748605806));
#7860 = CARTESIAN_POINT('',(414.49891298864,-53.74829480273,
    -184.0605755276));
#7861 = CARTESIAN_POINT('',(520.81277866649,-53.74829480273,
    -122.6802365599));
#7862 = CARTESIAN_POINT('',(414.36181936967,-49.81723688501,
    -183.8231224141));
#7863 = CARTESIAN_POINT('',(520.67568504751,-49.81723688501,
    -122.4427834464));
#7864 = CARTESIAN_POINT('',(414.16447888524,-47.87820302818,
    -183.4813186687));
#7865 = CARTESIAN_POINT('',(520.47834456309,-47.87820302818,
    -122.100979701));
#7866 = CARTESIAN_POINT('',(413.84341376964,-46.01547183055,
    -182.925217576));
#7867 = CARTESIAN_POINT('',(520.15727944749,-46.01547183055,
    -121.5448786083));
#7868 = DEFINITIONAL_REPRESENTATION('',(#7869),#7895);
#7869 = B_SPLINE_CURVE_WITH_KNOTS('',3,(#7870,#7871,#7872,#7873,#7874,
    #7875,#7876,#7877,#7878,#7879,#7880,#7881,#7882,#7883,#7884,#7885,
    #7886,#7887,#7888,#7889,#7890,#7891,#7892,#7893,#7894),
  .UNSPECIFIED.,.F.,.F.,(4,1,1,1,1,1,1,1,1,1,1,1,1,1,1,1,1,1,1,1,1,1,4),
  (-1.501724198454E-02,0.15184827031,0.318713782605,0.4855792949,
    0.652444807195,0.819310319489,0.986175831784,1.153041344079,
    1.319906856374,1.486772368669,1.653637880963,1.820503393258,
    1.987368905553,2.154234417848,2.321099930142,2.487965442437,
    2.654830954732,2.821696467027,2.988561979322,3.155427491616,
    3.322293003911,3.489158516206,3.656024028501),.UNSPECIFIED.);
#7870 = CARTESIAN_POINT('',(0.,4.732895867827));
#7871 = CARTESIAN_POINT('',(2.358322420124E-02,4.682434350066));
#7872 = CARTESIAN_POINT('',(7.182145047328E-02,4.582469161399));
#7873 = CARTESIAN_POINT('',(0.147159706377,4.435258896757));
#7874 = CARTESIAN_POINT('',(0.225193755638,4.2907361318));
#7875 = CARTESIAN_POINT('',(0.305815946208,4.148549835482));
#7876 = CARTESIAN_POINT('',(0.388883559064,4.008429659373));
#7877 = CARTESIAN_POINT('',(0.474278054077,3.870083536943));
#7878 = CARTESIAN_POINT('',(0.561890828156,3.733225591454));
#7879 = CARTESIAN_POINT('',(0.651630995904,3.597566905089));
#7880 = CARTESIAN_POINT('',(0.743417831419,3.462824534565));
#7881 = CARTESIAN_POINT('',(0.837211229766,3.32869467954));
#7882 = CARTESIAN_POINT('',(0.932903556558,3.194950993369));
#7883 = CARTESIAN_POINT('',(1.031047929696,3.061078171679));
#7884 = CARTESIAN_POINT('',(1.130978542705,2.927639287319));
#7885 = CARTESIAN_POINT('',(1.231307204803,2.796166460898));
#7886 = CARTESIAN_POINT('',(1.332347660115,2.665910984212));
#7887 = CARTESIAN_POINT('',(1.433977803102,2.536712993385));
#7888 = CARTESIAN_POINT('',(1.536210222347,2.408254844176));
#7889 = CARTESIAN_POINT('',(1.639373753925,2.280261169472));
#7890 = CARTESIAN_POINT('',(1.743408921621,2.152445274016));
#7891 = CARTESIAN_POINT('',(1.848341667518,2.024523497995));
#7892 = CARTESIAN_POINT('',(1.95418570567,1.896211367971));
#7893 = CARTESIAN_POINT('',(2.025376163918,1.810220209029));
#7894 = CARTESIAN_POINT('',(2.061132601555,1.767064808665));
#7895 = ( GEOMETRIC_REPRESENTATION_CONTEXT(2) 
PARAMETRIC_REPRESENTATION_CONTEXT() REPRESENTATION_CONTEXT('2D SPACE',''
  ) );
#7896 = ORIENTED_EDGE('',*,*,#7897,.T.);
#7897 = EDGE_CURVE('',#7808,#7898,#7900,.T.);
#7898 = VERTEX_POINT('',#7899);
#7899 = CARTESIAN_POINT('',(433.33439293326,-40.,-169.3770729143));
#7900 = SURFACE_CURVE('',#7901,(#7912,#7941),.PCURVE_S1.);
#7901 = B_SPLINE_CURVE_WITH_KNOTS('',3,(#7902,#7903,#7904,#7905,#7906,
    #7907,#7908,#7909,#7910,#7911),.UNSPECIFIED.,.F.,.F.,(4,3,3,4),(0.,
    0.44041503289,0.474388814187,0.918415759355),.UNSPECIFIED.);
#7902 = CARTESIAN_POINT('',(440.08465259807,-46.01547183055,
    -167.7748312745));
#7903 = CARTESIAN_POINT('',(438.95304122827,-45.129971566,
    -168.0756902342));
#7904 = CARTESIAN_POINT('',(437.84016093822,-44.2086132313,
    -168.3579784959));
#7905 = CARTESIAN_POINT('',(436.75673204644,-43.2519459486,
    -168.6172628554));
#7906 = CARTESIAN_POINT('',(436.6731559342,-43.17814827456,
    -168.6372641485));
#7907 = CARTESIAN_POINT('',(436.58975508922,-43.10414049298,
    -168.6571285755));
#7908 = CARTESIAN_POINT('',(436.50653443873,-43.02992285768,
    -168.6768541125));
#7909 = CARTESIAN_POINT('',(435.41886595441,-42.05992103209,
    -168.9346608554));
#7910 = CARTESIAN_POINT('',(434.35694258906,-41.04957781187,
    -169.1699312279));
#7911 = CARTESIAN_POINT('',(433.33439293326,-40.,-169.3770729143));
#7912 = PCURVE('',#4134,#7913);
#7913 = DEFINITIONAL_REPRESENTATION('',(#7914),#7940);
#7914 = B_SPLINE_CURVE_WITH_KNOTS('',3,(#7915,#7916,#7917,#7918,#7919,
    #7920,#7921,#7922,#7923,#7924,#7925,#7926,#7927,#7928,#7929,#7930,
    #7931,#7932,#7933,#7934,#7935,#7936,#7937,#7938,#7939),
  .UNSPECIFIED.,.F.,.F.,(4,1,1,1,1,1,1,1,1,1,1,1,1,1,1,1,1,1,1,1,1,1,4),
  (0.,4.174617087975E-02,8.34923417595E-02,0.125238512639,0.166984683519
    ,0.208730854399,0.250477025279,0.292223196158,0.333969367038,
    0.375715537918,0.417461708798,0.459207879677,0.500954050557,
    0.542700221437,0.584446392317,0.626192563196,0.667938734076,
    0.709684904956,0.751431075836,0.793177246715,0.834923417595,
    0.876669588475,0.918415759355),.QUASI_UNIFORM_KNOTS.);
#7915 = CARTESIAN_POINT('',(5.948556489811,-4.117888707545));
#7916 = CARTESIAN_POINT('',(5.94636238304,-4.014601063089));
#7917 = CARTESIAN_POINT('',(5.941964318761,-3.808321895136));
#7918 = CARTESIAN_POINT('',(5.935337727081,-3.499843328443));
#7919 = CARTESIAN_POINT('',(5.928681700135,-3.192356769408));
#7920 = CARTESIAN_POINT('',(5.921996287276,-2.885914040242));
#7921 = CARTESIAN_POINT('',(5.915281530807,-2.580566963943));
#7922 = CARTESIAN_POINT('',(5.908537464852,-2.276367360574));
#7923 = CARTESIAN_POINT('',(5.901764115842,-1.973367061148));
#7924 = CARTESIAN_POINT('',(5.89496150129,-1.671617855813));
#7925 = CARTESIAN_POINT('',(5.888129633786,-1.371171687221));
#7926 = CARTESIAN_POINT('',(5.881268505857,-1.07207992888));
#7927 = CARTESIAN_POINT('',(5.874378146146,-0.774396078372));
#7928 = CARTESIAN_POINT('',(5.867458408847,-0.478165796778));
#7929 = CARTESIAN_POINT('',(5.860502468811,-0.183154421629));
#7930 = CARTESIAN_POINT('',(5.85351162196,0.110521217553));
#7931 = CARTESIAN_POINT('',(5.846485616971,0.402810881709));
#7932 = CARTESIAN_POINT('',(5.839424604023,0.693646488919));
#7933 = CARTESIAN_POINT('',(5.832328612516,0.982964738245));
#7934 = CARTESIAN_POINT('',(5.825197690865,1.270701047686));
#7935 = CARTESIAN_POINT('',(5.818031869018,1.556791178504));
#7936 = CARTESIAN_POINT('',(5.810831168036,1.841170799979));
#7937 = CARTESIAN_POINT('',(5.803595598704,2.123775606049));
#7938 = CARTESIAN_POINT('',(5.798748637565,2.310952724689));
#7939 = CARTESIAN_POINT('',(5.796319344967,2.404224044191));
#7940 = ( GEOMETRIC_REPRESENTATION_CONTEXT(2) 
PARAMETRIC_REPRESENTATION_CONTEXT() REPRESENTATION_CONTEXT('2D SPACE',''
  ) );
#7941 = PCURVE('',#7942,#7951);
#7942 = B_SPLINE_SURFACE_WITH_KNOTS('',3,1,(
    (#7943,#7944)
    ,(#7945,#7946)
    ,(#7947,#7948)
    ,(#7949,#7950
    )),.UNSPECIFIED.,.F.,.F.,.F.,(4,4),(2,2),(2.588781134956,
    3.222379430571),(-0.397821911004,9.81),.PIECEWISE_BEZIER_KNOTS.);
#7943 = CARTESIAN_POINT('',(421.33618364259,-46.01547183055,
    -178.5992648728));
#7944 = CARTESIAN_POINT('',(509.73851456495,-46.01547183055,
    -127.5601553178));
#7945 = CARTESIAN_POINT('',(420.99207369207,-44.0190408603,
    -178.0032489552));
#7946 = CARTESIAN_POINT('',(509.39440461443,-44.0190408603,
    -126.9641394001));
#7947 = CARTESIAN_POINT('',(420.660786708,-42.01371903342,
    -177.4294430669));
#7948 = CARTESIAN_POINT('',(509.06311763037,-42.01371903342,
    -126.3903335118));
#7949 = CARTESIAN_POINT('',(420.34240970791,-40.,-176.8779979268));
#7950 = CARTESIAN_POINT('',(508.74474063028,-40.,-125.8388883717));
#7951 = DEFINITIONAL_REPRESENTATION('',(#7952),#7978);
#7952 = B_SPLINE_CURVE_WITH_KNOTS('',3,(#7953,#7954,#7955,#7956,#7957,
    #7958,#7959,#7960,#7961,#7962,#7963,#7964,#7965,#7966,#7967,#7968,
    #7969,#7970,#7971,#7972,#7973,#7974,#7975,#7976,#7977),
  .UNSPECIFIED.,.F.,.F.,(4,1,1,1,1,1,1,1,1,1,1,1,1,1,1,1,1,1,1,1,1,1,4),
  (0.,4.174617087975E-02,8.34923417595E-02,0.125238512639,0.166984683519
    ,0.208730854399,0.250477025279,0.292223196158,0.333969367038,
    0.375715537918,0.417461708798,0.459207879677,0.500954050557,
    0.542700221437,0.584446392317,0.626192563196,0.667938734076,
    0.709684904956,0.751431075836,0.793177246715,0.834923417595,
    0.876669588475,0.918415759355),.QUASI_UNIFORM_KNOTS.);
#7953 = CARTESIAN_POINT('',(2.588781134956,1.767064808665));
#7954 = CARTESIAN_POINT('',(2.597660494847,1.756349625537));
#7955 = CARTESIAN_POINT('',(2.615484057247,1.734965094298));
#7956 = CARTESIAN_POINT('',(2.642413433963,1.703031679243));
#7957 = CARTESIAN_POINT('',(2.669536348629,1.671247522757));
#7958 = CARTESIAN_POINT('',(2.696852307576,1.639618501581));
#7959 = CARTESIAN_POINT('',(2.724360818035,1.608150492542));
#7960 = CARTESIAN_POINT('',(2.752061388591,1.576849372153));
#7961 = CARTESIAN_POINT('',(2.779953527997,1.545721018089));
#7962 = CARTESIAN_POINT('',(2.808036749454,1.514771303696));
#7963 = CARTESIAN_POINT('',(2.836310554685,1.484006118477));
#7964 = CARTESIAN_POINT('',(2.864774493384,1.453431291628));
#7965 = CARTESIAN_POINT('',(2.893427941338,1.423052877425));
#7966 = CARTESIAN_POINT('',(2.92227092188,1.392876090121));
#7967 = CARTESIAN_POINT('',(2.951331420585,1.362877717313));
#7968 = CARTESIAN_POINT('',(2.980603591131,1.333070397149));
#7969 = CARTESIAN_POINT('',(3.010087980467,1.303459973087));
#7970 = CARTESIAN_POINT('',(3.039783424202,1.274054109215));
#7971 = CARTESIAN_POINT('',(3.069689218233,1.244859981785));
#7972 = CARTESIAN_POINT('',(3.099804536872,1.215884897766));
#7973 = CARTESIAN_POINT('',(3.130128588755,1.187136129099));
#7974 = CARTESIAN_POINT('',(3.160660575118,1.158620957113));
#7975 = CARTESIAN_POINT('',(3.191399700822,1.13034666062));
#7976 = CARTESIAN_POINT('',(3.212030014957,1.111662566279));
#7977 = CARTESIAN_POINT('',(3.222379430571,1.102363091488));
#7978 = ( GEOMETRIC_REPRESENTATION_CONTEXT(2) 
PARAMETRIC_REPRESENTATION_CONTEXT() REPRESENTATION_CONTEXT('2D SPACE',''
  ) );
#7979 = ORIENTED_EDGE('',*,*,#7980,.F.);
#7980 = EDGE_CURVE('',#6259,#7898,#7981,.T.);
#7981 = SURFACE_CURVE('',#7982,(#7986,#7993),.PCURVE_S1.);
#7982 = LINE('',#7983,#7984);
#7983 = CARTESIAN_POINT('',(435.72277058259,-40.,-169.6526549508));
#7984 = VECTOR('',#7985,1.);
#7985 = DIRECTION('',(0.993408935871,0.,-0.114624107985));
#7986 = PCURVE('',#4134,#7987);
#7987 = DEFINITIONAL_REPRESENTATION('',(#7988),#7992);
#7988 = LINE('',#7989,#7990);
#7989 = CARTESIAN_POINT('',(5.796319344967,2.4336E-13));
#7990 = VECTOR('',#7991,1.);
#7991 = DIRECTION('',(0.,-1.));
#7992 = ( GEOMETRIC_REPRESENTATION_CONTEXT(2) 
PARAMETRIC_REPRESENTATION_CONTEXT() REPRESENTATION_CONTEXT('2D SPACE',''
  ) );
#7993 = PCURVE('',#5944,#7994);
#7994 = DEFINITIONAL_REPRESENTATION('',(#7995),#7999);
#7995 = LINE('',#7996,#7997);
#7996 = CARTESIAN_POINT('',(29.277229417401,166.6526549508));
#7997 = VECTOR('',#7998,1.);
#7998 = DIRECTION('',(-0.993408935871,0.114624107985));
#7999 = ( GEOMETRIC_REPRESENTATION_CONTEXT(2) 
PARAMETRIC_REPRESENTATION_CONTEXT() REPRESENTATION_CONTEXT('2D SPACE',''
  ) );
#8000 = ORIENTED_EDGE('',*,*,#6258,.F.);
#8001 = ORIENTED_EDGE('',*,*,#4118,.F.);
#8002 = ORIENTED_EDGE('',*,*,#5406,.T.);
#8003 = FACE_BOUND('',#8004,.T.);
#8004 = EDGE_LOOP('',(#8005));
#8005 = ORIENTED_EDGE('',*,*,#8006,.F.);
#8006 = EDGE_CURVE('',#8007,#8007,#8009,.T.);
#8007 = VERTEX_POINT('',#8008);
#8008 = CARTESIAN_POINT('',(460.05250256464,-60.13755419457,
    -158.9728967003));
#8009 = SURFACE_CURVE('',#8010,(#8046,#8185),.PCURVE_S1.);
#8010 = B_SPLINE_CURVE_WITH_KNOTS('',3,(#8011,#8012,#8013,#8014,#8015,
    #8016,#8017,#8018,#8019,#8020,#8021,#8022,#8023,#8024,#8025,#8026,
    #8027,#8028,#8029,#8030,#8031,#8032,#8033,#8034,#8035,#8036,#8037,
    #8038,#8039,#8040,#8041,#8042,#8043,#8044,#8045),.UNSPECIFIED.,.T.,
  .F.,(1,3,2,1,1,1,1,1,1,1,1,1,1,1,1,1,1,1,1,1,1,1,1,1,1,1,1,1,2,2,3,1),
  (-3.54795398271,-3.360622539565,-3.272860021727,-3.182291361245,
    -3.091722700763,-2.910585379798,-2.729448058833,-2.638879398351,
    -2.593595068109,-2.548310737868,-2.427552523892,-2.306794309915,
    -2.065277881962,-2.004898774974,-1.944519667985,-1.853951007503,
    -1.823761454009,-1.582245026056,-1.461486812079,-1.401107705091,
    -1.340728598103,-1.219970384126,-1.099212170149,-1.008643509667,
    -0.963359179426,-0.918074849185,-0.827506188702,-0.73693752822,
    -0.37466288629,-0.187331443145,0.,8.776251783739E-02),
  .UNSPECIFIED.);
#8011 = CARTESIAN_POINT('',(460.05250256464,-60.13755419457,
    -158.9728967003));
#8012 = CARTESIAN_POINT('',(459.70626781625,-60.13755419457,
    -158.932946537));
#8013 = CARTESIAN_POINT('',(459.34966068761,-60.10560620485,
    -158.9304950503));
#8014 = CARTESIAN_POINT('',(458.64273038121,-59.97396711016,
    -159.0066208953));
#8015 = CARTESIAN_POINT('',(457.94614151635,-59.77487292715,
    -159.1641958478));
#8016 = CARTESIAN_POINT('',(456.74292791493,-59.15180360539,
    -159.7463397627));
#8017 = CARTESIAN_POINT('',(455.71272126076,-58.20326036396,
    -160.6708188429));
#8018 = CARTESIAN_POINT('',(455.03217184972,-57.02045199798,
    -161.7820423706));
#8019 = CARTESIAN_POINT('',(454.77857902236,-56.14036010097,
    -162.5734881758));
#8020 = CARTESIAN_POINT('',(454.69163894028,-55.63342129717,
    -163.0195927272));
#8021 = CARTESIAN_POINT('',(454.63726677335,-55.04899668817,
    -163.5265388711));
#8022 = CARTESIAN_POINT('',(454.6670223757,-54.26048622849,
    -164.1937089149));
#8023 = CARTESIAN_POINT('',(455.01137889712,-52.8349008527,
    -165.3595553046));
#8024 = CARTESIAN_POINT('',(455.75332813784,-51.66040513347,
    -166.2789640081));
#8025 = CARTESIAN_POINT('',(456.64019200036,-50.87724652196,
    -166.9060254267));
#8026 = CARTESIAN_POINT('',(457.25453249863,-50.44740704872,
    -167.2585194952));
#8027 = CARTESIAN_POINT('',(457.8618142805,-50.15026245675,
    -167.5179285258));
#8028 = CARTESIAN_POINT('',(459.17411818761,-49.70798828243,
    -167.9468462627));
#8029 = CARTESIAN_POINT('',(460.72903576415,-49.64147360396,
    -168.1671457478));
#8030 = CARTESIAN_POINT('',(462.34894207808,-50.25190021658,
    -167.9726260385));
#8031 = CARTESIAN_POINT('',(463.14306285598,-50.75484653653,
    -167.737311937));
#8032 = CARTESIAN_POINT('',(463.82305234172,-51.31243110437,
    -167.4444978819));
#8033 = CARTESIAN_POINT('',(464.50204193842,-52.11480946568,
    -166.9675817978));
#8034 = CARTESIAN_POINT('',(465.01225111479,-53.11204471073,
    -166.2908426997));
#8035 = CARTESIAN_POINT('',(465.23000319351,-53.88555514928,
    -165.7094163073));
#8036 = CARTESIAN_POINT('',(465.31599985266,-54.4203532277,
    -165.2840936608));
#8037 = CARTESIAN_POINT('',(465.35760048145,-54.93553405731,
    -164.8591732752));
#8038 = CARTESIAN_POINT('',(465.33963758774,-55.54772309751,
    -164.3278759364));
#8039 = CARTESIAN_POINT('',(465.07973276514,-57.04084196759,
    -162.9487827554));
#8040 = CARTESIAN_POINT('',(464.39009849556,-58.16265644725,
    -161.7124823749));
#8041 = CARTESIAN_POINT('',(463.22595649763,-59.17791014013,
    -160.4621981949));
#8042 = CARTESIAN_POINT('',(462.71655406364,-59.50964355979,
    -160.0236988585));
#8043 = CARTESIAN_POINT('',(461.50395508592,-59.99016241481,
    -159.31969396));
#8044 = CARTESIAN_POINT('',(460.79154990149,-60.13755419457,
    -159.058171393));
#8045 = CARTESIAN_POINT('',(460.05250256464,-60.13755419457,
    -158.9728967003));
#8046 = PCURVE('',#4134,#8047);
#8047 = DEFINITIONAL_REPRESENTATION('',(#8048),#8184);
#8048 = B_SPLINE_CURVE_WITH_KNOTS('',3,(#8049,#8050,#8051,#8052,#8053,
    #8054,#8055,#8056,#8057,#8058,#8059,#8060,#8061,#8062,#8063,#8064,
    #8065,#8066,#8067,#8068,#8069,#8070,#8071,#8072,#8073,#8074,#8075,
    #8076,#8077,#8078,#8079,#8080,#8081,#8082,#8083,#8084,#8085,#8086,
    #8087,#8088,#8089,#8090,#8091,#8092,#8093,#8094,#8095,#8096,#8097,
    #8098,#8099,#8100,#8101,#8102,#8103,#8104,#8105,#8106,#8107,#8108,
    #8109,#8110,#8111,#8112,#8113,#8114,#8115,#8116,#8117,#8118,#8119,
    #8120,#8121,#8122,#8123,#8124,#8125,#8126,#8127,#8128,#8129,#8130,
    #8131,#8132,#8133,#8134,#8135,#8136,#8137,#8138,#8139,#8140,#8141,
    #8142,#8143,#8144,#8145,#8146,#8147,#8148,#8149,#8150,#8151,#8152,
    #8153,#8154,#8155,#8156,#8157,#8158,#8159,#8160,#8161,#8162,#8163,
    #8164,#8165,#8166,#8167,#8168,#8169,#8170,#8171,#8172,#8173,#8174,
    #8175,#8176,#8177,#8178,#8179,#8180,#8181,#8182,#8183),
  .UNSPECIFIED.,.T.,.F.,(4,1,1,1,1,1,1,1,1,1,1,1,1,1,1,1,1,1,1,1,1,1,1,1
    ,1,1,1,1,1,1,1,1,1,1,1,1,1,1,1,1,1,1,1,1,1,1,1,1,1,1,1,1,1,1,1,1,1,1
    ,1,1,1,1,1,1,1,1,1,1,1,1,1,1,1,1,1,1,1,1,1,1,1,1,1,1,1,1,1,1,1,1,1,1
    ,1,1,1,1,1,1,1,1,1,1,1,1,1,1,1,1,1,1,1,1,1,1,1,1,1,1,1,1,1,1,1,1,1,1
    ,1,1,1,1,1,1,4),(-3.360622539565,-3.335163277901,-3.309704016238,
    -3.284244754575,-3.258785492911,-3.233326231248,-3.207866969585,
    -3.182407707921,-3.156948446258,-3.131489184594,-3.106029922931,
    -3.080570661268,-3.055111399604,-3.029652137941,-3.004192876278,
    -2.978733614614,-2.953274352951,-2.927815091288,-2.902355829624,
    -2.876896567961,-2.851437306297,-2.825978044634,-2.800518782971,
    -2.775059521307,-2.749600259644,-2.724140997981,-2.698681736317,
    -2.673222474654,-2.64776321299,-2.622303951327,-2.596844689664,
    -2.571385428,-2.545926166337,-2.520466904674,-2.49500764301,
    -2.469548381347,-2.444089119683,-2.41862985802,-2.393170596357,
    -2.367711334693,-2.34225207303,-2.316792811367,-2.291333549703,
    -2.26587428804,-2.240415026377,-2.214955764713,-2.18949650305,
    -2.164037241386,-2.138577979723,-2.11311871806,-2.087659456396,
    -2.062200194733,-2.03674093307,-2.011281671406,-1.985822409743,
    -1.960363148079,-1.934903886416,-1.909444624753,-1.883985363089,
    -1.858526101426,-1.833066839763,-1.807607578099,-1.782148316436,
    -1.756689054773,-1.731229793109,-1.705770531446,-1.680311269782,
    -1.654852008119,-1.629392746456,-1.603933484792,-1.578474223129,
    -1.553014961466,-1.527555699802,-1.502096438139,-1.476637176475,
    -1.451177914812,-1.425718653149,-1.400259391485,-1.374800129822,
    -1.349340868159,-1.323881606495,-1.298422344832,-1.272963083168,
    -1.247503821505,-1.222044559842,-1.196585298178,-1.171126036515,
    -1.145666774852,-1.120207513188,-1.094748251525,-1.069288989862,
    -1.043829728198,-1.018370466535,-0.992911204871,-0.967451943208,
    -0.941992681545,-0.916533419881,-0.891074158218,-0.865614896555,
    -0.840155634891,-0.814696373228,-0.789237111564,-0.763777849901,
    -0.738318588238,-0.712859326574,-0.687400064911,-0.661940803248,
    -0.636481541584,-0.611022279921,-0.585563018258,-0.560103756594,
    -0.534644494931,-0.509185233267,-0.483725971604,-0.458266709941,
    -0.432807448277,-0.407348186614,-0.381888924951,-0.356429663287,
    -0.330970401624,-0.30551113996,-0.280051878297,-0.254592616634,
    -0.22913335497,-0.203674093307,-0.178214831644,-0.15275556998,
    -0.127296308317,-0.101837046653,-7.637778499011E-02,
    -5.091852332674E-02,-2.545926166337E-02,0.),.UNSPECIFIED.);
#8049 = CARTESIAN_POINT('',(6.373409764928,-22.94521539535));
#8050 = CARTESIAN_POINT('',(6.373409764562,-22.84410883871));
#8051 = CARTESIAN_POINT('',(6.373211882582,-22.64088402902));
#8052 = CARTESIAN_POINT('',(6.372318341542,-22.33583601114));
#8053 = CARTESIAN_POINT('',(6.370827182788,-22.03336974133));
#8054 = CARTESIAN_POINT('',(6.368729895277,-21.73638884187));
#8055 = CARTESIAN_POINT('',(6.366086363275,-21.4476953399));
#8056 = CARTESIAN_POINT('',(6.362922526405,-21.16871078331));
#8057 = CARTESIAN_POINT('',(6.359268114757,-20.90110812195));
#8058 = CARTESIAN_POINT('',(6.355151423325,-20.64649243851));
#8059 = CARTESIAN_POINT('',(6.35065712576,-20.40561013015));
#8060 = CARTESIAN_POINT('',(6.34586745411,-20.17914667202));
#8061 = CARTESIAN_POINT('',(6.340874146203,-19.96798673238));
#8062 = CARTESIAN_POINT('',(6.335726277616,-19.77213696854));
#8063 = CARTESIAN_POINT('',(6.330417084418,-19.59045560434));
#8064 = CARTESIAN_POINT('',(6.324950812281,-19.42202766479));
#8065 = CARTESIAN_POINT('',(6.319328740668,-19.2658792234));
#8066 = CARTESIAN_POINT('',(6.313552815163,-19.12104535862));
#8067 = CARTESIAN_POINT('',(6.307625089003,-18.98658408055));
#8068 = CARTESIAN_POINT('',(6.301546319808,-18.8614526678));
#8069 = CARTESIAN_POINT('',(6.295322638509,-18.74502718159));
#8070 = CARTESIAN_POINT('',(6.288972220578,-18.63761504037));
#8071 = CARTESIAN_POINT('',(6.282511236229,-18.53936961557));
#8072 = CARTESIAN_POINT('',(6.275956371547,-18.45048507425));
#8073 = CARTESIAN_POINT('',(6.269324151886,-18.37114644791));
#8074 = CARTESIAN_POINT('',(6.262631085559,-18.30153451473));
#8075 = CARTESIAN_POINT('',(6.255893720732,-18.24185620175));
#8076 = CARTESIAN_POINT('',(6.249128210697,-18.19221367525));
#8077 = CARTESIAN_POINT('',(6.24234885845,-18.15225878431));
#8078 = CARTESIAN_POINT('',(6.235570884951,-18.1217120688));
#8079 = CARTESIAN_POINT('',(6.228806903421,-18.10022769468));
#8080 = CARTESIAN_POINT('',(6.222085001746,-18.08777013436));
#8081 = CARTESIAN_POINT('',(6.215446349591,-18.08452610454));
#8082 = CARTESIAN_POINT('',(6.208875248614,-18.08998483698));
#8083 = CARTESIAN_POINT('',(6.202349373938,-18.103643728));
#8084 = CARTESIAN_POINT('',(6.195845624793,-18.12591041113));
#8085 = CARTESIAN_POINT('',(6.189340204153,-18.15713093077));
#8086 = CARTESIAN_POINT('',(6.182810813518,-18.19766392723));
#8087 = CARTESIAN_POINT('',(6.176229790701,-18.24787924632));
#8088 = CARTESIAN_POINT('',(6.169591816616,-18.30808223082));
#8089 = CARTESIAN_POINT('',(6.162935022915,-18.37844800021));
#8090 = CARTESIAN_POINT('',(6.156290134385,-18.45917875854));
#8091 = CARTESIAN_POINT('',(6.149689302305,-18.55045349241));
#8092 = CARTESIAN_POINT('',(6.143166300438,-18.65251697367));
#8093 = CARTESIAN_POINT('',(6.136743226549,-18.76526884082));
#8094 = CARTESIAN_POINT('',(6.130434836982,-18.88839370541));
#8095 = CARTESIAN_POINT('',(6.124257667744,-19.0216261368));
#8096 = CARTESIAN_POINT('',(6.11822783834,-19.16468744446));
#8097 = CARTESIAN_POINT('',(6.112361644741,-19.31730201957));
#8098 = CARTESIAN_POINT('',(6.10667534134,-19.47919518636));
#8099 = CARTESIAN_POINT('',(6.101185381722,-19.65008545521));
#8100 = CARTESIAN_POINT('',(6.095907639911,-19.82971765877));
#8101 = CARTESIAN_POINT('',(6.090860256339,-20.01773815452));
#8102 = CARTESIAN_POINT('',(6.086052896133,-20.21416601861));
#8103 = CARTESIAN_POINT('',(6.081436261901,-20.42170507092));
#8104 = CARTESIAN_POINT('',(6.076951934221,-20.64334672066));
#8105 = CARTESIAN_POINT('',(6.072642854562,-20.8784516666));
#8106 = CARTESIAN_POINT('',(6.06858888769,-21.12515164863));
#8107 = CARTESIAN_POINT('',(6.064841914265,-21.38218679554));
#8108 = CARTESIAN_POINT('',(6.061421790312,-21.64879914704));
#8109 = CARTESIAN_POINT('',(6.058354431776,-21.92405729742));
#8110 = CARTESIAN_POINT('',(6.055662721279,-22.20739978461));
#8111 = CARTESIAN_POINT('',(6.053379241177,-22.49560328044));
#8112 = CARTESIAN_POINT('',(6.051519079343,-22.78700041721));
#8113 = CARTESIAN_POINT('',(6.050086791188,-23.08114273964));
#8114 = CARTESIAN_POINT('',(6.049089423874,-23.37728945271));
#8115 = CARTESIAN_POINT('',(6.048533352392,-23.6747780209));
#8116 = CARTESIAN_POINT('',(6.048425139969,-23.97292521033));
#8117 = CARTESIAN_POINT('',(6.04877129042,-24.27105232122));
#8118 = CARTESIAN_POINT('',(6.049578394401,-24.56848321568));
#8119 = CARTESIAN_POINT('',(6.0508527925,-24.8645269741));
#8120 = CARTESIAN_POINT('',(6.052601759803,-25.15854924197));
#8121 = CARTESIAN_POINT('',(6.054828988438,-25.44969937339));
#8122 = CARTESIAN_POINT('',(6.057514449658,-25.73571291828));
#8123 = CARTESIAN_POINT('',(6.060640810008,-26.01445261262));
#8124 = CARTESIAN_POINT('',(6.064188554448,-26.28377052635));
#8125 = CARTESIAN_POINT('',(6.06814439755,-26.54143420749));
#8126 = CARTESIAN_POINT('',(6.072468859033,-26.78561615075));
#8127 = CARTESIAN_POINT('',(6.07708187998,-27.01507593398));
#8128 = CARTESIAN_POINT('',(6.081913352349,-27.22854152837));
#8129 = CARTESIAN_POINT('',(6.08696895868,-27.42730939002));
#8130 = CARTESIAN_POINT('',(6.092254878833,-27.61275327471));
#8131 = CARTESIAN_POINT('',(6.09776656095,-27.78538062468));
#8132 = CARTESIAN_POINT('',(6.103493960842,-27.94526418074));
#8133 = CARTESIAN_POINT('',(6.109428495556,-28.09258281806));
#8134 = CARTESIAN_POINT('',(6.11556093669,-28.22748242931));
#8135 = CARTESIAN_POINT('',(6.121883445543,-28.35013470286));
#8136 = CARTESIAN_POINT('',(6.12836647676,-28.46038832244));
#8137 = CARTESIAN_POINT('',(6.134978828276,-28.55806579338));
#8138 = CARTESIAN_POINT('',(6.14168993059,-28.64300542616));
#8139 = CARTESIAN_POINT('',(6.148468508821,-28.71500831257));
#8140 = CARTESIAN_POINT('',(6.155285817217,-28.77401279828));
#8141 = CARTESIAN_POINT('',(6.162126710467,-28.82068902347));
#8142 = CARTESIAN_POINT('',(6.168973490003,-28.85561703904));
#8143 = CARTESIAN_POINT('',(6.175812928299,-28.87944079916));
#8144 = CARTESIAN_POINT('',(6.182608662521,-28.89255633213));
#8145 = CARTESIAN_POINT('',(6.189304275511,-28.89513801291));
#8146 = CARTESIAN_POINT('',(6.195902001107,-28.88804906258));
#8147 = CARTESIAN_POINT('',(6.202414156611,-28.87219846069));
#8148 = CARTESIAN_POINT('',(6.208884764985,-28.84749319726));
#8149 = CARTESIAN_POINT('',(6.215354589524,-28.8138907937));
#8150 = CARTESIAN_POINT('',(6.22187350041,-28.77133287506));
#8151 = CARTESIAN_POINT('',(6.228449193238,-28.71977659514));
#8152 = CARTESIAN_POINT('',(6.235047853663,-28.6591889767));
#8153 = CARTESIAN_POINT('',(6.241644705167,-28.58953766636));
#8154 = CARTESIAN_POINT('',(6.24821209411,-28.51078032931));
#8155 = CARTESIAN_POINT('',(6.254737608443,-28.42313978772));
#8156 = CARTESIAN_POINT('',(6.261209299998,-28.32685159126));
#8157 = CARTESIAN_POINT('',(6.267615032582,-28.22214789116));
#8158 = CARTESIAN_POINT('',(6.273942663401,-28.1092617474));
#8159 = CARTESIAN_POINT('',(6.280180001472,-27.98842598354));
#8160 = CARTESIAN_POINT('',(6.286314826891,-27.85987345995));
#8161 = CARTESIAN_POINT('',(6.292334888774,-27.72383712621));
#8162 = CARTESIAN_POINT('',(6.298227926002,-27.58054953833));
#8163 = CARTESIAN_POINT('',(6.303981615837,-27.43024473727));
#8164 = CARTESIAN_POINT('',(6.309583785386,-27.27315121785));
#8165 = CARTESIAN_POINT('',(6.315021640347,-27.10951817444));
#8166 = CARTESIAN_POINT('',(6.320284657926,-26.93951754943));
#8167 = CARTESIAN_POINT('',(6.325353801442,-26.76360959349));
#8168 = CARTESIAN_POINT('',(6.330241779351,-26.58117857617));
#8169 = CARTESIAN_POINT('',(6.335105206221,-26.38527663271));
#8170 = CARTESIAN_POINT('',(6.339858606706,-26.17784048103));
#8171 = CARTESIAN_POINT('',(6.344469619594,-25.95886618121));
#8172 = CARTESIAN_POINT('',(6.348891580979,-25.72886701331));
#8173 = CARTESIAN_POINT('',(6.353081779442,-25.48822803542));
#8174 = CARTESIAN_POINT('',(6.356995910237,-25.23732997348));
#8175 = CARTESIAN_POINT('',(6.360592047495,-24.97669910398));
#8176 = CARTESIAN_POINT('',(6.363816088914,-24.70595607729));
#8177 = CARTESIAN_POINT('',(6.366635825827,-24.42651273336));
#8178 = CARTESIAN_POINT('',(6.369017993352,-24.13968600215));
#8179 = CARTESIAN_POINT('',(6.370929597312,-23.84681824471));
#8180 = CARTESIAN_POINT('',(6.372337557308,-23.54924500768));
#8181 = CARTESIAN_POINT('',(6.373208802442,-23.24830366425));
#8182 = CARTESIAN_POINT('',(6.373409764584,-23.04632195199));
#8183 = CARTESIAN_POINT('',(6.373409764928,-22.94521539535));
#8184 = ( GEOMETRIC_REPRESENTATION_CONTEXT(2) 
PARAMETRIC_REPRESENTATION_CONTEXT() REPRESENTATION_CONTEXT('2D SPACE',''
  ) );
#8185 = PCURVE('',#8186,#8327);
#8186 = B_SPLINE_SURFACE_WITH_KNOTS('',3,3,(
    (#8187,#8188,#8189,#8190,#8191,#8192,#8193,#8194,#8195,#8196,#8197
      ,#8198,#8199,#8200,#8201,#8202,#8203,#8204,#8205,#8206,#8207,#8208
      ,#8209,#8210,#8211,#8212,#8213,#8214,#8215,#8216,#8217,#8218,#8219
      ,#8220,#8221)
    ,(#8222,#8223,#8224,#8225,#8226,#8227,#8228,#8229,#8230,#8231,#8232
      ,#8233,#8234,#8235,#8236,#8237,#8238,#8239,#8240,#8241,#8242,#8243
      ,#8244,#8245,#8246,#8247,#8248,#8249,#8250,#8251,#8252,#8253,#8254
      ,#8255,#8256)
    ,(#8257,#8258,#8259,#8260,#8261,#8262,#8263,#8264,#8265,#8266,#8267
      ,#8268,#8269,#8270,#8271,#8272,#8273,#8274,#8275,#8276,#8277,#8278
      ,#8279,#8280,#8281,#8282,#8283,#8284,#8285,#8286,#8287,#8288,#8289
      ,#8290,#8291)
    ,(#8292,#8293,#8294,#8295,#8296,#8297,#8298,#8299,#8300,#8301,#8302
      ,#8303,#8304,#8305,#8306,#8307,#8308,#8309,#8310,#8311,#8312,#8313
      ,#8314,#8315,#8316,#8317,#8318,#8319,#8320,#8321,#8322,#8323,#8324
      ,#8325,#8326
    )),.UNSPECIFIED.,.F.,.T.,.F.,(4,4),(1,3,2,2,1,1,1,1,1,1,1,1,1,1,1,1,
    1,1,1,1,1,1,1,1,1,1,1,1,1,2,3,1),(0.,1.),(-8.776251783739E-02,0.,
    0.187331443145,0.37466288629,0.73693752822,0.827506188702,
    0.918074849185,0.963359179426,1.008643509667,1.099212170149,
    1.219970384126,1.340728598103,1.401107705091,1.461486812079,
    1.582245026056,1.823761454009,1.853951007503,1.944519667985,
    2.004898774974,2.065277881962,2.306794309915,2.427552523892,
    2.548310737868,2.593595068109,2.638879398351,2.729448058833,
    2.910585379798,3.091722700763,3.182291361245,3.272860021727,
    3.360622539565,3.54795398271),.UNSPECIFIED.);
#8187 = CARTESIAN_POINT('',(460.05250256464,-60.13755419457,
    -158.9728967003));
#8188 = CARTESIAN_POINT('',(460.79154990149,-60.13755419457,
    -159.058171393));
#8189 = CARTESIAN_POINT('',(461.50395508592,-59.99016241481,
    -159.31969396));
#8190 = CARTESIAN_POINT('',(462.71655406364,-59.50964355979,
    -160.0236988585));
#8191 = CARTESIAN_POINT('',(463.22595649763,-59.17791014013,
    -160.4621981949));
#8192 = CARTESIAN_POINT('',(464.39009849556,-58.16265644725,
    -161.7124823749));
#8193 = CARTESIAN_POINT('',(465.07973276514,-57.04084196759,
    -162.9487827554));
#8194 = CARTESIAN_POINT('',(465.33963758774,-55.54772309751,
    -164.3278759364));
#8195 = CARTESIAN_POINT('',(465.35760048145,-54.93553405731,
    -164.8591732752));
#8196 = CARTESIAN_POINT('',(465.31599985266,-54.4203532277,
    -165.2840936608));
#8197 = CARTESIAN_POINT('',(465.23000319351,-53.88555514928,
    -165.7094163073));
#8198 = CARTESIAN_POINT('',(465.01225111479,-53.11204471073,
    -166.2908426997));
#8199 = CARTESIAN_POINT('',(464.50204193842,-52.11480946568,
    -166.9675817978));
#8200 = CARTESIAN_POINT('',(463.82305234172,-51.31243110437,
    -167.4444978819));
#8201 = CARTESIAN_POINT('',(463.14306285598,-50.75484653653,
    -167.737311937));
#8202 = CARTESIAN_POINT('',(462.34894207808,-50.25190021658,
    -167.9726260385));
#8203 = CARTESIAN_POINT('',(460.72903576415,-49.64147360396,
    -168.1671457478));
#8204 = CARTESIAN_POINT('',(459.17411818761,-49.70798828243,
    -167.9468462627));
#8205 = CARTESIAN_POINT('',(457.8618142805,-50.15026245675,
    -167.5179285258));
#8206 = CARTESIAN_POINT('',(457.25453249863,-50.44740704872,
    -167.2585194952));
#8207 = CARTESIAN_POINT('',(456.64019200036,-50.87724652196,
    -166.9060254267));
#8208 = CARTESIAN_POINT('',(455.75332813784,-51.66040513347,
    -166.2789640081));
#8209 = CARTESIAN_POINT('',(455.01137889712,-52.8349008527,
    -165.3595553046));
#8210 = CARTESIAN_POINT('',(454.6670223757,-54.26048622849,
    -164.1937089149));
#8211 = CARTESIAN_POINT('',(454.63726677335,-55.04899668817,
    -163.5265388711));
#8212 = CARTESIAN_POINT('',(454.69163894028,-55.63342129717,
    -163.0195927272));
#8213 = CARTESIAN_POINT('',(454.77857902236,-56.14036010097,
    -162.5734881758));
#8214 = CARTESIAN_POINT('',(455.03217184972,-57.02045199798,
    -161.7820423706));
#8215 = CARTESIAN_POINT('',(455.71272126076,-58.20326036396,
    -160.6708188429));
#8216 = CARTESIAN_POINT('',(456.74292791493,-59.15180360539,
    -159.7463397627));
#8217 = CARTESIAN_POINT('',(457.94614151635,-59.77487292715,
    -159.1641958478));
#8218 = CARTESIAN_POINT('',(458.64273038121,-59.97396711016,
    -159.0066208953));
#8219 = CARTESIAN_POINT('',(459.34966068761,-60.10560620485,
    -158.9304950503));
#8220 = CARTESIAN_POINT('',(459.70626781625,-60.13755419457,
    -158.932946537));
#8221 = CARTESIAN_POINT('',(460.05250256464,-60.13755419457,
    -158.9728967003));
#8222 = CARTESIAN_POINT('',(460.05792652346,-60.00820349211,
    -158.9258890572));
#8223 = CARTESIAN_POINT('',(460.7875870839,-60.0047892432,
    -159.0100868491));
#8224 = CARTESIAN_POINT('',(461.48937118912,-59.84809983731,
    -159.267563577));
#8225 = CARTESIAN_POINT('',(462.67605847219,-59.34879576095,
    -159.9602861354));
#8226 = CARTESIAN_POINT('',(463.17010001474,-59.0084234318,
    -160.391527567));
#8227 = CARTESIAN_POINT('',(464.29027554931,-57.9768703996,
    -161.6198936149));
#8228 = CARTESIAN_POINT('',(464.93453773489,-56.85342851079,
    -162.8324036182));
#8229 = CARTESIAN_POINT('',(465.14817350091,-55.39149314438,
    -164.1756297423));
#8230 = CARTESIAN_POINT('',(465.15018826959,-54.79676005032,
    -164.6914294784));
#8231 = CARTESIAN_POINT('',(465.0974049926,-54.29945756105,
    -165.1028205556));
#8232 = CARTESIAN_POINT('',(465.00200340153,-53.78568558416,
    -165.5136158559));
#8233 = CARTESIAN_POINT('',(464.77543185008,-53.0475984712,
    -166.0732313883));
#8234 = CARTESIAN_POINT('',(464.26945588494,-52.10769167606,
    -166.7200594005));
#8235 = CARTESIAN_POINT('',(463.61552443336,-51.36152191833,
    -167.1721411548));
#8236 = CARTESIAN_POINT('',(462.97104401842,-50.84670967187,
    -167.4485555234));
#8237 = CARTESIAN_POINT('',(462.22346002916,-50.38408728011,
    -167.6700859403));
#8238 = CARTESIAN_POINT('',(460.71272476531,-49.82383747662,
    -167.8533004206));
#8239 = CARTESIAN_POINT('',(459.26348533937,-49.87678744111,
    -167.6484047784));
#8240 = CARTESIAN_POINT('',(458.02308647435,-50.27801680695,
    -167.2429542512));
#8241 = CARTESIAN_POINT('',(457.44552702027,-50.55033503853,
    -166.9967285959));
#8242 = CARTESIAN_POINT('',(456.85525586013,-50.94823488431,
    -166.6603772964));
#8243 = CARTESIAN_POINT('',(455.99670145239,-51.677799866,
    -166.0600673536));
#8244 = CARTESIAN_POINT('',(455.25735209218,-52.78835271788,
    -165.173234584));
#8245 = CARTESIAN_POINT('',(454.88909243738,-54.16111070045,
    -164.040180321));
#8246 = CARTESIAN_POINT('',(454.8401307569,-54.92755966242,
    -163.3897135015));
#8247 = CARTESIAN_POINT('',(454.87828684817,-55.49929995256,
    -162.8944314373));
#8248 = CARTESIAN_POINT('',(454.95009369594,-55.99684503072,
    -162.4582924129));
#8249 = CARTESIAN_POINT('',(455.17536902548,-56.86517437752,
    -161.6834441379));
#8250 = CARTESIAN_POINT('',(455.81281203429,-58.04504675284,
    -160.5932878057));
#8251 = CARTESIAN_POINT('',(456.80535123128,-59.00501567879,
    -159.6849534142));
#8252 = CARTESIAN_POINT('',(457.9812588157,-59.64111343913,
    -159.1131421815));
#8253 = CARTESIAN_POINT('',(458.66707599374,-59.84468741055,
    -158.9584125979));
#8254 = CARTESIAN_POINT('',(459.36399825843,-59.97820316836,
    -158.8839168003));
#8255 = CARTESIAN_POINT('',(459.71620065772,-60.00983321653,
    -158.8864424705));
#8256 = CARTESIAN_POINT('',(460.05792652346,-60.00820349211,
    -158.9258890572));
#8257 = CARTESIAN_POINT('',(460.06335048228,-59.87885278965,
    -158.878881414));
#8258 = CARTESIAN_POINT('',(460.78308800695,-59.87198091281,
    -158.9619304553));
#8259 = CARTESIAN_POINT('',(461.47483288685,-59.70580121617,
    -159.2154386967));
#8260 = CARTESIAN_POINT('',(462.63537551293,-59.188108029,
    -159.8968596916));
#8261 = CARTESIAN_POINT('',(463.11433929659,-58.83865821442,
    -160.3208663174));
#8262 = CARTESIAN_POINT('',(464.19008706449,-57.79144322117,
    -161.5272945082));
#8263 = CARTESIAN_POINT('',(464.78924698461,-56.66593643894,
    -162.7161327382));
#8264 = CARTESIAN_POINT('',(464.95679008217,-55.23504366128,
    -164.0234220304));
#8265 = CARTESIAN_POINT('',(464.94269205344,-54.65783551983,
    -164.5237832779));
#8266 = CARTESIAN_POINT('',(464.87886726192,-54.17847319972,
    -164.9215537911));
#8267 = CARTESIAN_POINT('',(464.77385155449,-53.68550262106,
    -165.3179512793));
#8268 = CARTESIAN_POINT('',(464.53876561538,-52.98300633843,
    -165.8556827495));
#8269 = CARTESIAN_POINT('',(464.03683763059,-52.10051385327,
    -166.4725473373));
#8270 = CARTESIAN_POINT('',(463.40837319755,-51.41055655545,
    -166.8998416001));
#8271 = CARTESIAN_POINT('',(462.79894675982,-50.93864945024,
    -167.1597176734));
#8272 = CARTESIAN_POINT('',(462.0986136398,-50.51624496529,
    -167.3676284076));
#8273 = CARTESIAN_POINT('',(460.69543199788,-50.00625746074,
    -167.5392626548));
#8274 = CARTESIAN_POINT('',(459.35267290295,-50.04487935141,
    -167.3500423903));
#8275 = CARTESIAN_POINT('',(458.18454493178,-50.40597092648,
    -166.9679521053));
#8276 = CARTESIAN_POINT('',(457.63643788232,-50.65321811437,
    -166.7349284422));
#8277 = CARTESIAN_POINT('',(457.07058397689,-51.01915504773,
    -166.4147423339));
#8278 = CARTESIAN_POINT('',(456.23980556475,-51.69545077137,
    -165.8410841681));
#8279 = CARTESIAN_POINT('',(455.50322303662,-52.74221977678,
    -164.9867336449));
#8280 = CARTESIAN_POINT('',(455.1110192452,-54.06171846968,
    -163.8867027188));
#8281 = CARTESIAN_POINT('',(455.04303397916,-54.80638502737,
    -163.2527410084));
#8282 = CARTESIAN_POINT('',(455.06472269883,-55.36514245935,
    -162.7693622835));
#8283 = CARTESIAN_POINT('',(455.12154806221,-55.85339291904,
    -162.3430742598));
#8284 = CARTESIAN_POINT('',(455.31836311336,-56.70993787995,
    -161.5849125374));
#8285 = CARTESIAN_POINT('',(455.91289809728,-57.88686591971,
    -160.5157178216));
#8286 = CARTESIAN_POINT('',(456.86751338427,-58.8582282152,
    -159.6237127205));
#8287 = CARTESIAN_POINT('',(458.01652815401,-59.50731761978,
    -159.0619828668));
#8288 = CARTESIAN_POINT('',(458.69125347673,-59.71539330595,
    -158.9103047496));
#8289 = CARTESIAN_POINT('',(459.37845179155,-59.85079676086,
    -158.8372607054));
#8290 = CARTESIAN_POINT('',(459.7260508563,-59.88204199086,-158.83997488
    ));
#8291 = CARTESIAN_POINT('',(460.06335048228,-59.87885278965,
    -158.878881414));
#8292 = CARTESIAN_POINT('',(460.06877444111,-59.74950208719,
    -158.8318737709));
#8293 = CARTESIAN_POINT('',(460.77912518936,-59.73921596144,
    -158.9138459114));
#8294 = CARTESIAN_POINT('',(461.46024899005,-59.56373863868,
    -159.1633083137));
#8295 = CARTESIAN_POINT('',(462.59487992148,-59.02726023016,
    -159.8334469686));
#8296 = CARTESIAN_POINT('',(463.0584828137,-58.66917150609,
    -160.2501956894));
#8297 = CARTESIAN_POINT('',(464.09026411824,-57.60565717353,
    -161.4347057483));
#8298 = CARTESIAN_POINT('',(464.64405195436,-56.47852298214,
    -162.599753601));
#8299 = CARTESIAN_POINT('',(464.76532599534,-55.07881370814,
    -163.8711758362));
#8300 = CARTESIAN_POINT('',(464.73527984159,-54.51906151284,
    -164.3560394812));
#8301 = CARTESIAN_POINT('',(464.66027240186,-54.05757753307,
    -164.7402806859));
#8302 = CARTESIAN_POINT('',(464.5458517625,-53.58563305594,
    -165.1221508279));
#8303 = CARTESIAN_POINT('',(464.30194635067,-52.9185600989,
    -165.6380714381));
#8304 = CARTESIAN_POINT('',(463.80425157711,-52.09339606365,
    -166.22502494));
#8305 = CARTESIAN_POINT('',(463.20084528919,-51.45964736941,
    -166.627484873));
#8306 = CARTESIAN_POINT('',(462.62692792226,-51.03051258558,
    -166.8709612598));
#8307 = CARTESIAN_POINT('',(461.97313159088,-50.64843202882,
    -167.0650883094));
#8308 = CARTESIAN_POINT('',(460.67912099905,-50.1886213334,
    -167.2254173276));
#8309 = CARTESIAN_POINT('',(459.44204005471,-50.21367851008,
    -167.051600906));
#8310 = CARTESIAN_POINT('',(458.34581712563,-50.53372527668,
    -166.6929778307));
#8311 = CARTESIAN_POINT('',(457.82743240396,-50.75614610418,
    -166.473137543));
#8312 = CARTESIAN_POINT('',(457.28564783666,-51.09014341007,
    -166.1690942036));
#8313 = CARTESIAN_POINT('',(456.48317887929,-51.71284550389,
    -165.6221875136));
#8314 = CARTESIAN_POINT('',(455.74919623168,-52.69567164195,
    -164.8004129243));
#8315 = CARTESIAN_POINT('',(455.33308930688,-53.96234294163,
    -163.7331741248));
#8316 = CARTESIAN_POINT('',(455.24589796272,-54.68494800162,
    -163.1159156388));
#8317 = CARTESIAN_POINT('',(455.25137060672,-55.23102111473,
    -162.6442009935));
#8318 = CARTESIAN_POINT('',(455.29306273579,-55.70987784878,
    -162.2278784969));
#8319 = CARTESIAN_POINT('',(455.46156028912,-56.55466025949,
    -161.4863143047));
#8320 = CARTESIAN_POINT('',(456.01298887082,-57.72865230859,
    -160.4381867844));
#8321 = CARTESIAN_POINT('',(456.92993670061,-58.71144028859,
    -159.5623263719));
#8322 = CARTESIAN_POINT('',(458.05164545336,-59.37355813176,
    -159.0109292005));
#8323 = CARTESIAN_POINT('',(458.71559908926,-59.58611360635,
    -158.8620964522));
#8324 = CARTESIAN_POINT('',(459.39278936237,-59.72339372436,
    -158.7906824554));
#8325 = CARTESIAN_POINT('',(459.73598369777,-59.75432101283,
    -158.7934708134));
#8326 = CARTESIAN_POINT('',(460.06877444111,-59.74950208719,
    -158.8318737709));
#8327 = DEFINITIONAL_REPRESENTATION('',(#8328),#8332);
#8328 = LINE('',#8329,#8330);
#8329 = CARTESIAN_POINT('',(-8.98E-15,0.));
#8330 = VECTOR('',#8331,1.);
#8331 = DIRECTION('',(0.,-1.));
#8332 = ( GEOMETRIC_REPRESENTATION_CONTEXT(2) 
PARAMETRIC_REPRESENTATION_CONTEXT() REPRESENTATION_CONTEXT('2D SPACE',''
  ) );
#8333 = ADVANCED_FACE('',(#8334),#4275,.T.);
#8334 = FACE_BOUND('',#8335,.T.);
#8335 = EDGE_LOOP('',(#8336,#8359,#8468,#8516,#8536));
#8336 = ORIENTED_EDGE('',*,*,#8337,.T.);
#8337 = EDGE_CURVE('',#4175,#8338,#8340,.T.);
#8338 = VERTEX_POINT('',#8339);
#8339 = CARTESIAN_POINT('',(426.45610348382,17.699360138234,
    -163.0948892153));
#8340 = SURFACE_CURVE('',#8341,(#8346,#8353),.PCURVE_S1.);
#8341 = B_SPLINE_CURVE_WITH_KNOTS('',3,(#8342,#8343,#8344,#8345),
  .UNSPECIFIED.,.F.,.F.,(4,4),(0.,1.000000000028),
  .PIECEWISE_BEZIER_KNOTS.);
#8342 = CARTESIAN_POINT('',(426.46559509202,17.348740292158,
    -163.4742680673));
#8343 = CARTESIAN_POINT('',(426.46243287538,17.465614218469,
    -163.3478093587));
#8344 = CARTESIAN_POINT('',(426.45926901187,17.582487466241,
    -163.2213497452));
#8345 = CARTESIAN_POINT('',(426.45610348382,17.699360138234,
    -163.0948892153));
#8346 = PCURVE('',#4275,#8347);
#8347 = DEFINITIONAL_REPRESENTATION('',(#8348),#8352);
#8348 = LINE('',#8349,#8350);
#8349 = CARTESIAN_POINT('',(-8.6E-16,-2.980683360036));
#8350 = VECTOR('',#8351,1.);
#8351 = DIRECTION('',(0.999999999972,7.49850964989E-06));
#8352 = ( GEOMETRIC_REPRESENTATION_CONTEXT(2) 
PARAMETRIC_REPRESENTATION_CONTEXT() REPRESENTATION_CONTEXT('2D SPACE',''
  ) );
#8353 = PCURVE('',#6204,#8354);
#8354 = DEFINITIONAL_REPRESENTATION('',(#8355),#8358);
#8355 = B_SPLINE_CURVE_WITH_KNOTS('',1,(#8356,#8357),.UNSPECIFIED.,.F.,
  .F.,(2,2),(0.,1.000000000028),.PIECEWISE_BEZIER_KNOTS.);
#8356 = CARTESIAN_POINT('',(3.44094283797E-05,1.474981954853));
#8357 = CARTESIAN_POINT('',(1.000072781472,1.474977795368));
#8358 = ( GEOMETRIC_REPRESENTATION_CONTEXT(2) 
PARAMETRIC_REPRESENTATION_CONTEXT() REPRESENTATION_CONTEXT('2D SPACE',''
  ) );
#8359 = ORIENTED_EDGE('',*,*,#8360,.T.);
#8360 = EDGE_CURVE('',#8338,#8361,#8363,.T.);
#8361 = VERTEX_POINT('',#8362);
#8362 = CARTESIAN_POINT('',(418.40875259708,21.116888704993,
    -153.1443500585));
#8363 = SURFACE_CURVE('',#8364,(#8384,#8390),.PCURVE_S1.);
#8364 = B_SPLINE_CURVE_WITH_KNOTS('',3,(#8365,#8366,#8367,#8368,#8369,
    #8370,#8371,#8372,#8373,#8374,#8375,#8376,#8377,#8378,#8379,#8380,
    #8381,#8382,#8383),.UNSPECIFIED.,.F.,.F.,(4,2,1,1,1,1,1,1,1,1,1,1,1,
    2,4),(-2.980675861526,-2.809068775209,-2.524722106685,
    -2.382548772423,-2.240375438161,-2.098202103899,-1.956028769637,
    -1.671682101113,-1.387335432589,-1.102988764065,-0.960815429803,
    -0.818642095541,-0.676468761279,-0.534295427017,-0.468778609651),
  .UNSPECIFIED.);
#8365 = CARTESIAN_POINT('',(426.45610348382,17.699360138235,
    -163.0948892153));
#8366 = CARTESIAN_POINT('',(426.75592588688,17.988841188109,
    -163.3454455796));
#8367 = CARTESIAN_POINT('',(427.02799240164,18.328050052061,
    -163.5612694721));
#8368 = CARTESIAN_POINT('',(427.63192238842,19.356152534822,
    -164.0139159784));
#8369 = CARTESIAN_POINT('',(427.98598206014,20.50549966763,
    -164.2320293922));
#8370 = CARTESIAN_POINT('',(427.85363420911,22.080935280666,
    -164.0085786849));
#8371 = CARTESIAN_POINT('',(427.50246368874,23.139371984736,
    -163.6279714322));
#8372 = CARTESIAN_POINT('',(426.90082829133,24.114427902441,
    -163.0177242318));
#8373 = CARTESIAN_POINT('',(425.81763880441,25.169306901937,
    -161.9224629911));
#8374 = CARTESIAN_POINT('',(424.26514351596,25.863087231226,
    -160.2878591168));
#8375 = CARTESIAN_POINT('',(422.40414909331,25.92172790794,
    -158.1478011757));
#8376 = CARTESIAN_POINT('',(420.93976194734,25.400820280943,
    -156.3038018525));
#8377 = CARTESIAN_POINT('',(419.8907024888,24.607910227116,
    -154.919179323));
#8378 = CARTESIAN_POINT('',(419.25502984881,23.878642011586,
    -154.073563276));
#8379 = CARTESIAN_POINT('',(418.73181527148,22.958991601533,
    -153.3989973768));
#8380 = CARTESIAN_POINT('',(418.50097821962,22.144531021928,
    -153.1512451296));
#8381 = CARTESIAN_POINT('',(418.42148129934,21.511932691864,
    -153.112170647));
#8382 = CARTESIAN_POINT('',(418.40900994482,21.313225359766,
    -153.1190766408));
#8383 = CARTESIAN_POINT('',(418.40876976881,21.116891831771,
    -153.1443750858));
#8384 = PCURVE('',#4275,#8385);
#8385 = DEFINITIONAL_REPRESENTATION('',(#8386),#8389);
#8386 = B_SPLINE_CURVE_WITH_KNOTS('',1,(#8387,#8388),.UNSPECIFIED.,.F.,
  .F.,(2,2),(-2.980675861526,-0.468778618087),.PIECEWISE_BEZIER_KNOTS.);
#8387 = CARTESIAN_POINT('',(1.,-2.980675861526));
#8388 = CARTESIAN_POINT('',(0.996372079324,-0.468778139455));
#8389 = ( GEOMETRIC_REPRESENTATION_CONTEXT(2) 
PARAMETRIC_REPRESENTATION_CONTEXT() REPRESENTATION_CONTEXT('2D SPACE',''
  ) );
#8390 = PCURVE('',#8391,#8396);
#8391 = CYLINDRICAL_SURFACE('',#8392,4.75);
#8392 = AXIS2_PLACEMENT_3D('',#8393,#8394,#8395);
#8393 = CARTESIAN_POINT('',(423.15679531829,21.116532306693,-147.9));
#8394 = DIRECTION('',(0.,0.,-1.));
#8395 = DIRECTION('',(1.,0.,0.));
#8396 = DEFINITIONAL_REPRESENTATION('',(#8397),#8467);
#8397 = B_SPLINE_CURVE_WITH_KNOTS('',3,(#8398,#8399,#8400,#8401,#8402,
    #8403,#8404,#8405,#8406,#8407,#8408,#8409,#8410,#8411,#8412,#8413,
    #8414,#8415,#8416,#8417,#8418,#8419,#8420,#8421,#8422,#8423,#8424,
    #8425,#8426,#8427,#8428,#8429,#8430,#8431,#8432,#8433,#8434,#8435,
    #8436,#8437,#8438,#8439,#8440,#8441,#8442,#8443,#8444,#8445,#8446,
    #8447,#8448,#8449,#8450,#8451,#8452,#8453,#8454,#8455,#8456,#8457,
    #8458,#8459,#8460,#8461,#8462,#8463,#8464,#8465,#8466),
  .UNSPECIFIED.,.F.,.F.,(4,1,1,1,1,1,1,1,1,1,1,1,1,1,1,1,1,1,1,1,1,1,1,1
    ,1,1,1,1,1,1,1,1,1,1,1,1,1,1,1,1,1,1,1,1,1,1,1,1,1,1,1,1,1,1,1,1,1,1
    ,1,1,1,1,1,1,1,1,4),(-2.980675861526,-2.942616812383,-2.90455776324,
    -2.866498714097,-2.828439664954,-2.790380615811,-2.752321566668,
    -2.714262517525,-2.676203468382,-2.638144419239,-2.600085370096,
    -2.562026320953,-2.52396727181,-2.485908222667,-2.447849173524,
    -2.409790124381,-2.371731075238,-2.333672026095,-2.295612976952,
    -2.257553927809,-2.219494878666,-2.181435829523,-2.14337678038,
    -2.105317731237,-2.067258682094,-2.029199632951,-1.991140583808,
    -1.953081534665,-1.915022485522,-1.876963436379,-1.838904387236,
    -1.800845338093,-1.76278628895,-1.724727239807,-1.686668190664,
    -1.648609141521,-1.610550092378,-1.572491043235,-1.534431994092,
    -1.496372944949,-1.458313895806,-1.420254846663,-1.38219579752,
    -1.344136748377,-1.306077699234,-1.268018650091,-1.229959600948,
    -1.191900551805,-1.153841502662,-1.115782453519,-1.077723404376,
    -1.039664355233,-1.00160530609,-0.963546256947,-0.925487207804,
    -0.887428158661,-0.849369109517,-0.811310060374,-0.773251011231,
    -0.735191962088,-0.697132912945,-0.659073863802,-0.621014814659,
    -0.582955765516,-0.544896716373,-0.50683766723,-0.468778618087),
  .UNSPECIFIED.);
#8398 = CARTESIAN_POINT('',(0.802944839723,15.194889215352));
#8399 = CARTESIAN_POINT('',(0.783484427495,15.250457648964));
#8400 = CARTESIAN_POINT('',(0.744267050247,15.358178159855));
#8401 = CARTESIAN_POINT('',(0.684512610582,15.508804227492));
#8402 = CARTESIAN_POINT('',(0.623792504309,15.64778354886));
#8403 = CARTESIAN_POINT('',(0.562064459536,15.774376538932));
#8404 = CARTESIAN_POINT('',(0.49919416781,15.888020180379));
#8405 = CARTESIAN_POINT('',(0.435557747046,15.986579388159));
#8406 = CARTESIAN_POINT('',(0.371248912246,16.069718852207));
#8407 = CARTESIAN_POINT('',(0.306391312109,16.13689816539));
#8408 = CARTESIAN_POINT('',(0.241103936415,16.187631973743));
#8409 = CARTESIAN_POINT('',(0.175499009066,16.221419807697));
#8410 = CARTESIAN_POINT('',(0.109670607085,16.237766606934));
#8411 = CARTESIAN_POINT('',(4.368780012689E-02,16.236170789736));
#8412 = CARTESIAN_POINT('',(-2.241901465653E-02,16.216151461209));
#8413 = CARTESIAN_POINT('',(-8.837258998792E-02,16.178576294931));
#8414 = CARTESIAN_POINT('',(-0.153862074974,16.124268119736));
#8415 = CARTESIAN_POINT('',(-0.218490994077,16.054145536571));
#8416 = CARTESIAN_POINT('',(-0.282095414749,15.968762148302));
#8417 = CARTESIAN_POINT('',(-0.345180955685,15.867675068172));
#8418 = CARTESIAN_POINT('',(-0.40813316568,15.750616459919));
#8419 = CARTESIAN_POINT('',(-0.471428804968,15.617187530612));
#8420 = CARTESIAN_POINT('',(-0.535131680861,15.467449336367));
#8421 = CARTESIAN_POINT('',(-0.598998165509,15.301808264742));
#8422 = CARTESIAN_POINT('',(-0.662861782492,15.120638420935));
#8423 = CARTESIAN_POINT('',(-0.726580637293,14.924159557695));
#8424 = CARTESIAN_POINT('',(-0.789907797977,14.714133398553));
#8425 = CARTESIAN_POINT('',(-0.852523359794,14.492633420591));
#8426 = CARTESIAN_POINT('',(-0.914075994377,14.261677106412));
#8427 = CARTESIAN_POINT('',(-0.974238780809,14.023204352138));
#8428 = CARTESIAN_POINT('',(-1.033194509724,13.777743731454));
#8429 = CARTESIAN_POINT('',(-1.091077624544,13.525902450008));
#8430 = CARTESIAN_POINT('',(-1.1480097358,13.268266864269));
#8431 = CARTESIAN_POINT('',(-1.204088814185,13.005428095459));
#8432 = CARTESIAN_POINT('',(-1.259390309549,12.737979054974));
#8433 = CARTESIAN_POINT('',(-1.313971026718,12.466500728752));
#8434 = CARTESIAN_POINT('',(-1.367853442712,12.191620014391));
#8435 = CARTESIAN_POINT('',(-1.42110932238,11.913717012743));
#8436 = CARTESIAN_POINT('',(-1.473851090251,11.633017050929));
#8437 = CARTESIAN_POINT('',(-1.526179006798,11.349781357045));
#8438 = CARTESIAN_POINT('',(-1.578192140854,11.064261758104));
#8439 = CARTESIAN_POINT('',(-1.629984045128,10.776711784478));
#8440 = CARTESIAN_POINT('',(-1.681642541587,10.487387554183));
#8441 = CARTESIAN_POINT('',(-1.73324934497,10.196533131305));
#8442 = CARTESIAN_POINT('',(-1.784876937587,9.904439082612));
#8443 = CARTESIAN_POINT('',(-1.836593692033,9.611737834965));
#8444 = CARTESIAN_POINT('',(-1.888478171765,9.31903217661));
#8445 = CARTESIAN_POINT('',(-1.940616824657,9.026931403838));
#8446 = CARTESIAN_POINT('',(-1.993102616383,8.736048419384));
#8447 = CARTESIAN_POINT('',(-2.046038789918,8.446975192152));
#8448 = CARTESIAN_POINT('',(-2.099520342473,8.160383819936));
#8449 = CARTESIAN_POINT('',(-2.153698410905,7.876646818794));
#8450 = CARTESIAN_POINT('',(-2.208422161056,7.597904922041));
#8451 = CARTESIAN_POINT('',(-2.263387476406,7.327159917128));
#8452 = CARTESIAN_POINT('',(-2.318339169439,7.067163768034));
#8453 = CARTESIAN_POINT('',(-2.372993434878,6.820891077463));
#8454 = CARTESIAN_POINT('',(-2.427762676839,6.588077175176));
#8455 = CARTESIAN_POINT('',(-2.483108571435,6.368292950633));
#8456 = CARTESIAN_POINT('',(-2.539482822933,6.161011482841));
#8457 = CARTESIAN_POINT('',(-2.597305331321,5.966281412189));
#8458 = CARTESIAN_POINT('',(-2.656998461312,5.786864093313));
#8459 = CARTESIAN_POINT('',(-2.719028795447,5.625294057589));
#8460 = CARTESIAN_POINT('',(-2.784051949244,5.483851897473));
#8461 = CARTESIAN_POINT('',(-2.852144455109,5.366331743325));
#8462 = CARTESIAN_POINT('',(-2.922625759365,5.278422479483));
#8463 = CARTESIAN_POINT('',(-2.995236664428,5.225328238269));
#8464 = CARTESIAN_POINT('',(-3.069106671613,5.212751651604));
#8465 = CARTESIAN_POINT('',(-3.117695645512,5.229646068854));
#8466 = CARTESIAN_POINT('',(-3.141516916651,5.244375076088));
#8467 = ( GEOMETRIC_REPRESENTATION_CONTEXT(2) 
PARAMETRIC_REPRESENTATION_CONTEXT() REPRESENTATION_CONTEXT('2D SPACE',''
  ) );
#8468 = ORIENTED_EDGE('',*,*,#8469,.T.);
#8469 = EDGE_CURVE('',#8361,#8470,#8472,.T.);
#8470 = VERTEX_POINT('',#8471);
#8471 = CARTESIAN_POINT('',(419.45044890845,18.144301136105,
    -155.0713835492));
#8472 = SURFACE_CURVE('',#8473,(#8481,#8487),.PCURVE_S1.);
#8473 = B_SPLINE_CURVE_WITH_KNOTS('',3,(#8474,#8475,#8476,#8477,#8478,
    #8479,#8480),.UNSPECIFIED.,.F.,.F.,(4,2,1,4),(-0.468778609651,
    -0.41459846874,-0.233021175795,-5.144712028263E-02),.UNSPECIFIED.);
#8474 = CARTESIAN_POINT('',(418.40766774573,21.116940225868,
    -153.1446717408));
#8475 = CARTESIAN_POINT('',(418.40745851465,20.954561003093,
    -153.1655956404));
#8476 = CARTESIAN_POINT('',(418.41560845261,20.793804931191,
    -153.1990994254));
#8477 = CARTESIAN_POINT('',(418.48652277076,20.105109484799,
    -153.3975598296));
#8478 = CARTESIAN_POINT('',(418.74106166906,19.206950917384,
    -153.9044025692));
#8479 = CARTESIAN_POINT('',(419.18335395585,18.476303717092,
    -154.6505421526));
#8480 = CARTESIAN_POINT('',(419.44966305969,18.144030599456,
    -155.0716319363));
#8481 = PCURVE('',#4275,#8482);
#8482 = DEFINITIONAL_REPRESENTATION('',(#8483),#8486);
#8483 = B_SPLINE_CURVE_WITH_KNOTS('',1,(#8484,#8485),.UNSPECIFIED.,.F.,
  .F.,(2,2),(-0.468777660823,-5.144712028263E-02),
  .PIECEWISE_BEZIER_KNOTS.);
#8484 = CARTESIAN_POINT('',(0.996372079324,-0.468778139455));
#8485 = CARTESIAN_POINT('',(0.994402036401,-5.14470856008E-02));
#8486 = ( GEOMETRIC_REPRESENTATION_CONTEXT(2) 
PARAMETRIC_REPRESENTATION_CONTEXT() REPRESENTATION_CONTEXT('2D SPACE',''
  ) );
#8487 = PCURVE('',#8391,#8488);
#8488 = DEFINITIONAL_REPRESENTATION('',(#8489),#8515);
#8489 = B_SPLINE_CURVE_WITH_KNOTS('',3,(#8490,#8491,#8492,#8493,#8494,
    #8495,#8496,#8497,#8498,#8499,#8500,#8501,#8502,#8503,#8504,#8505,
    #8506,#8507,#8508,#8509,#8510,#8511,#8512,#8513,#8514),
  .UNSPECIFIED.,.F.,.F.,(4,1,1,1,1,1,1,1,1,1,1,1,1,1,1,1,1,1,1,1,1,1,4),
  (-0.468777660823,-0.449808090799,-0.430838520774,-0.411868950749,
    -0.392899380725,-0.3739298107,-0.354960240676,-0.335990670651,
    -0.317021100627,-0.298051530602,-0.279081960577,-0.260112390553,
    -0.241142820528,-0.222173250504,-0.203203680479,-0.184234110455,
    -0.16526454043,-0.146294970405,-0.127325400381,-0.108355830356,
    -8.938626033176E-02,-7.04166903072E-02,-5.144712028263E-02),
  .UNSPECIFIED.);
#8490 = CARTESIAN_POINT('',(3.14167675076,5.244672840175));
#8491 = CARTESIAN_POINT('',(3.129706480284,5.251996203442));
#8492 = CARTESIAN_POINT('',(3.1058415769,5.269756300816));
#8493 = CARTESIAN_POINT('',(3.070339108234,5.305399776799));
#8494 = CARTESIAN_POINT('',(3.034955526276,5.350471513144));
#8495 = CARTESIAN_POINT('',(3.000368738241,5.402730444668));
#8496 = CARTESIAN_POINT('',(2.966752082604,5.461084639739));
#8497 = CARTESIAN_POINT('',(2.933952061102,5.525473227725));
#8498 = CARTESIAN_POINT('',(2.901903208823,5.595559056839));
#8499 = CARTESIAN_POINT('',(2.870518256231,5.671079038915));
#8500 = CARTESIAN_POINT('',(2.839718617563,5.751750112463));
#8501 = CARTESIAN_POINT('',(2.809427188021,5.837295045661));
#8502 = CARTESIAN_POINT('',(2.779570717835,5.927433261347));
#8503 = CARTESIAN_POINT('',(2.750080914885,6.021891734041));
#8504 = CARTESIAN_POINT('',(2.72089057796,6.120370576883));
#8505 = CARTESIAN_POINT('',(2.691955443327,6.222706830757));
#8506 = CARTESIAN_POINT('',(2.663244631967,6.328837633865));
#8507 = CARTESIAN_POINT('',(2.634723917352,6.438677467728));
#8508 = CARTESIAN_POINT('',(2.606359914762,6.552146884709));
#8509 = CARTESIAN_POINT('',(2.578119226431,6.669164810493));
#8510 = CARTESIAN_POINT('',(2.549968909259,6.789650606633));
#8511 = CARTESIAN_POINT('',(2.521876617767,6.913523517888));
#8512 = CARTESIAN_POINT('',(2.493810665636,7.040702820323));
#8513 = CARTESIAN_POINT('',(2.475097354827,7.127639461157));
#8514 = CARTESIAN_POINT('',(2.46573490803,7.171631936384));
#8515 = ( GEOMETRIC_REPRESENTATION_CONTEXT(2) 
PARAMETRIC_REPRESENTATION_CONTEXT() REPRESENTATION_CONTEXT('2D SPACE',''
  ) );
#8516 = ORIENTED_EDGE('',*,*,#8517,.F.);
#8517 = EDGE_CURVE('',#4173,#8470,#8518,.T.);
#8518 = SURFACE_CURVE('',#8519,(#8524,#8530),.PCURVE_S1.);
#8519 = B_SPLINE_CURVE_WITH_KNOTS('',3,(#8520,#8521,#8522,#8523),
  .UNSPECIFIED.,.F.,.F.,(4,4),(0.,1.000000000001),
  .PIECEWISE_BEZIER_KNOTS.);
#8520 = CARTESIAN_POINT('',(419.21421309257,18.067190819135,
    -155.1495438116));
#8521 = CARTESIAN_POINT('',(419.29326371646,18.092999465098,
    -155.1233938467));
#8522 = CARTESIAN_POINT('',(419.37231425944,18.118807997955,
    -155.097243937));
#8523 = CARTESIAN_POINT('',(419.45136471928,18.144616413558,
    -155.0710940844));
#8524 = PCURVE('',#4275,#8525);
#8525 = DEFINITIONAL_REPRESENTATION('',(#8526),#8529);
#8526 = B_SPLINE_CURVE_WITH_KNOTS('',1,(#8527,#8528),.UNSPECIFIED.,.F.,
  .F.,(2,2),(0.,0.996135319785),.PIECEWISE_BEZIER_KNOTS.);
#8527 = CARTESIAN_POINT('',(4.631863201322E-05,-5.14438793579E-02));
#8528 = CARTESIAN_POINT('',(0.994402036401,-5.14470856008E-02));
#8529 = ( GEOMETRIC_REPRESENTATION_CONTEXT(2) 
PARAMETRIC_REPRESENTATION_CONTEXT() REPRESENTATION_CONTEXT('2D SPACE',''
  ) );
#8530 = PCURVE('',#6204,#8531);
#8531 = DEFINITIONAL_REPRESENTATION('',(#8532),#8535);
#8532 = B_SPLINE_CURVE_WITH_KNOTS('',1,(#8533,#8534),.UNSPECIFIED.,.F.,
  .F.,(2,2),(0.,0.996135319785),.PIECEWISE_BEZIER_KNOTS.);
#8533 = CARTESIAN_POINT('',(3.12146E-12,0.392306492598));
#8534 = CARTESIAN_POINT('',(0.998067659894,0.392305357839));
#8535 = ( GEOMETRIC_REPRESENTATION_CONTEXT(2) 
PARAMETRIC_REPRESENTATION_CONTEXT() REPRESENTATION_CONTEXT('2D SPACE',''
  ) );
#8536 = ORIENTED_EDGE('',*,*,#4172,.T.);
#8537 = ADVANCED_FACE('',(#8538),#4619,.T.);
#8538 = FACE_BOUND('',#8539,.T.);
#8539 = EDGE_LOOP('',(#8540,#8607,#8719,#8794,#8795));
#8540 = ORIENTED_EDGE('',*,*,#8541,.T.);
#8541 = EDGE_CURVE('',#4489,#8542,#8544,.T.);
#8542 = VERTEX_POINT('',#8543);
#8543 = CARTESIAN_POINT('',(440.26971307467,150.63291661141,
    -148.8797331211));
#8544 = SEAM_CURVE('',#8545,(#8549,#8578),.PCURVE_S1.);
#8545 = LINE('',#8546,#8547);
#8546 = CARTESIAN_POINT('',(440.59407062217,150.26381213321,
    -149.8411792471));
#8547 = VECTOR('',#8548,1.);
#8548 = DIRECTION('',(-0.300405170093,0.341847736882,0.89044756082));
#8549 = PCURVE('',#4619,#8550);
#8550 = DEFINITIONAL_REPRESENTATION('',(#8551),#8577);
#8551 = B_SPLINE_CURVE_WITH_KNOTS('',3,(#8552,#8553,#8554,#8555,#8556,
    #8557,#8558,#8559,#8560,#8561,#8562,#8563,#8564,#8565,#8566,#8567,
    #8568,#8569,#8570,#8571,#8572,#8573,#8574,#8575,#8576),
  .UNSPECIFIED.,.F.,.F.,(4,1,1,1,1,1,1,1,1,1,1,1,1,1,1,1,1,1,1,1,1,1,4),
  (0.,4.907879875038E-02,9.815759750076E-02,0.147236396251,
    0.196315195002,0.245393993752,0.294472792502,0.343551591253,
    0.392630390003,0.441709188753,0.490787987504,0.539866786254,
    0.588945585005,0.638024383755,0.687103182505,0.736181981256,
    0.785260780006,0.834339578756,0.883418377507,0.932497176257,
    0.981575975008,1.030654773758,1.079733572508),
  .QUASI_UNIFORM_KNOTS.);
#8552 = CARTESIAN_POINT('',(0.,-3.846297813625));
#8553 = CARTESIAN_POINT('',(1.515151515154E-02,-3.846297813625));
#8554 = CARTESIAN_POINT('',(4.545454545461E-02,-3.846297813625));
#8555 = CARTESIAN_POINT('',(9.090909090921E-02,-3.846297813625));
#8556 = CARTESIAN_POINT('',(0.136363636364,-3.846297813625));
#8557 = CARTESIAN_POINT('',(0.181818181818,-3.846297813625));
#8558 = CARTESIAN_POINT('',(0.227272727273,-3.846297813625));
#8559 = CARTESIAN_POINT('',(0.272727272728,-3.846297813625));
#8560 = CARTESIAN_POINT('',(0.318181818182,-3.846297813625));
#8561 = CARTESIAN_POINT('',(0.363636363637,-3.846297813625));
#8562 = CARTESIAN_POINT('',(0.409090909091,-3.846297813625));
#8563 = CARTESIAN_POINT('',(0.454545454546,-3.846297813625));
#8564 = CARTESIAN_POINT('',(0.5,-3.846297813625));
#8565 = CARTESIAN_POINT('',(0.545454545455,-3.846297813625));
#8566 = CARTESIAN_POINT('',(0.590909090909,-3.846297813625));
#8567 = CARTESIAN_POINT('',(0.636363636364,-3.846297813625));
#8568 = CARTESIAN_POINT('',(0.681818181818,-3.846297813625));
#8569 = CARTESIAN_POINT('',(0.727272727273,-3.846297813625));
#8570 = CARTESIAN_POINT('',(0.772727272727,-3.846297813625));
#8571 = CARTESIAN_POINT('',(0.818181818182,-3.846297813625));
#8572 = CARTESIAN_POINT('',(0.863636363637,-3.846297813625));
#8573 = CARTESIAN_POINT('',(0.909090909091,-3.846297813625));
#8574 = CARTESIAN_POINT('',(0.954545454545,-3.846297813625));
#8575 = CARTESIAN_POINT('',(0.984848484849,-3.846297813625));
#8576 = CARTESIAN_POINT('',(1.,-3.846297813625));
#8577 = ( GEOMETRIC_REPRESENTATION_CONTEXT(2) 
PARAMETRIC_REPRESENTATION_CONTEXT() REPRESENTATION_CONTEXT('2D SPACE',''
  ) );
#8578 = PCURVE('',#4619,#8579);
#8579 = DEFINITIONAL_REPRESENTATION('',(#8580),#8606);
#8580 = B_SPLINE_CURVE_WITH_KNOTS('',3,(#8581,#8582,#8583,#8584,#8585,
    #8586,#8587,#8588,#8589,#8590,#8591,#8592,#8593,#8594,#8595,#8596,
    #8597,#8598,#8599,#8600,#8601,#8602,#8603,#8604,#8605),
  .UNSPECIFIED.,.F.,.F.,(4,1,1,1,1,1,1,1,1,1,1,1,1,1,1,1,1,1,1,1,1,1,4),
  (0.,4.907879875038E-02,9.815759750076E-02,0.147236396251,
    0.196315195002,0.245393993752,0.294472792502,0.343551591253,
    0.392630390003,0.441709188753,0.490787987504,0.539866786254,
    0.588945585005,0.638024383755,0.687103182505,0.736181981256,
    0.785260780006,0.834339578756,0.883418377507,0.932497176257,
    0.981575975008,1.030654773758,1.079733572508),
  .QUASI_UNIFORM_KNOTS.);
#8581 = CARTESIAN_POINT('',(0.,0.));
#8582 = CARTESIAN_POINT('',(1.515151515154E-02,0.));
#8583 = CARTESIAN_POINT('',(4.545454545461E-02,4.4E-16));
#8584 = CARTESIAN_POINT('',(9.090909090921E-02,0.));
#8585 = CARTESIAN_POINT('',(0.136363636364,0.));
#8586 = CARTESIAN_POINT('',(0.181818181818,-4.4E-16));
#8587 = CARTESIAN_POINT('',(0.227272727273,4.4E-16));
#8588 = CARTESIAN_POINT('',(0.272727272728,0.));
#8589 = CARTESIAN_POINT('',(0.318181818182,4.4E-16));
#8590 = CARTESIAN_POINT('',(0.363636363637,-4.4E-16));
#8591 = CARTESIAN_POINT('',(0.409090909091,1.33E-15));
#8592 = CARTESIAN_POINT('',(0.454545454546,-1.33E-15));
#8593 = CARTESIAN_POINT('',(0.5,4.4E-16));
#8594 = CARTESIAN_POINT('',(0.545454545455,4.4E-16));
#8595 = CARTESIAN_POINT('',(0.590909090909,-8.9E-16));
#8596 = CARTESIAN_POINT('',(0.636363636364,-8.9E-16));
#8597 = CARTESIAN_POINT('',(0.681818181818,0.));
#8598 = CARTESIAN_POINT('',(0.727272727273,0.));
#8599 = CARTESIAN_POINT('',(0.772727272727,-8.9E-16));
#8600 = CARTESIAN_POINT('',(0.818181818182,0.));
#8601 = CARTESIAN_POINT('',(0.863636363637,8.9E-16));
#8602 = CARTESIAN_POINT('',(0.909090909091,-8.9E-16));
#8603 = CARTESIAN_POINT('',(0.954545454545,8.9E-16));
#8604 = CARTESIAN_POINT('',(0.984848484849,0.));
#8605 = CARTESIAN_POINT('',(1.,0.));
#8606 = ( GEOMETRIC_REPRESENTATION_CONTEXT(2) 
PARAMETRIC_REPRESENTATION_CONTEXT() REPRESENTATION_CONTEXT('2D SPACE',''
  ) );
#8607 = ORIENTED_EDGE('',*,*,#8608,.T.);
#8608 = EDGE_CURVE('',#8542,#8609,#8611,.T.);
#8609 = VERTEX_POINT('',#8610);
#8610 = CARTESIAN_POINT('',(431.47625521918,153.12660129185,
    -138.7347806085));
#8611 = SURFACE_CURVE('',#8612,(#8634,#8641),.PCURVE_S1.);
#8612 = B_SPLINE_CURVE_WITH_KNOTS('',3,(#8613,#8614,#8615,#8616,#8617,
    #8618,#8619,#8620,#8621,#8622,#8623,#8624,#8625,#8626,#8627,#8628,
    #8629,#8630,#8631,#8632,#8633),.UNSPECIFIED.,.F.,.F.,(4,2,2,2,1,1,1,
    1,1,1,2,1,2,4),(-3.846297813625,-3.74294253519,-3.658221157927,
    -3.579984284126,-3.383621247565,-3.187258211004,-2.990895174443,
    -2.794532137882,-2.40180606476,-2.205443028199,-2.009079991638,
    -1.857259246581,-1.705438501525,-1.67596212355),.UNSPECIFIED.);
#8613 = CARTESIAN_POINT('',(440.26971307467,150.63291661141,
    -148.8797331211));
#8614 = CARTESIAN_POINT('',(440.42995977929,150.8925708023,
    -148.9227195036));
#8615 = CARTESIAN_POINT('',(440.5653809996,151.1676355984,
    -148.9376333858));
#8616 = CARTESIAN_POINT('',(440.76297954836,151.69321753529,
    -148.914529774));
#8617 = CARTESIAN_POINT('',(440.83230806425,151.93494803902,
    -148.8857609547));
#8618 = CARTESIAN_POINT('',(440.92826501258,152.40578546574,
    -148.798143047));
#8619 = CARTESIAN_POINT('',(440.95718324575,152.63230123079,
    -148.7420343489));
#8620 = CARTESIAN_POINT('',(441.00282732738,153.42345582206,
    -148.5025552303));
#8621 = CARTESIAN_POINT('',(440.85503343822,154.51999071754,
    -148.0044439204));
#8622 = CARTESIAN_POINT('',(440.18727464529,155.90397460198,
    -146.9899473861));
#8623 = CARTESIAN_POINT('',(439.05760123198,157.04954605265,
    -145.6337694897));
#8624 = CARTESIAN_POINT('',(437.23432328685,157.95717215098,
    -143.6553926137));
#8625 = CARTESIAN_POINT('',(435.23365265518,157.93793922232,
    -141.5860762491));
#8626 = CARTESIAN_POINT('',(433.54224640046,157.12711952008,
    -139.9199832524));
#8627 = CARTESIAN_POINT('',(432.81203367624,156.471929566,
    -139.2668520222));
#8628 = CARTESIAN_POINT('',(432.20912254129,155.69534258049,
    -138.7951174113));
#8629 = CARTESIAN_POINT('',(431.73092693374,154.88442822755,
    -138.4779431639));
#8630 = CARTESIAN_POINT('',(431.51007724685,153.86843299153,
    -138.5337337368));
#8631 = CARTESIAN_POINT('',(431.47866126728,153.30533613139,
    -138.6790348597));
#8632 = CARTESIAN_POINT('',(431.47621800308,153.21518849732,
    -138.7055760144));
#8633 = CARTESIAN_POINT('',(431.47622642233,153.12657954209,
    -138.7347451983));
#8634 = PCURVE('',#4619,#8635);
#8635 = DEFINITIONAL_REPRESENTATION('',(#8636),#8640);
#8636 = LINE('',#8637,#8638);
#8637 = CARTESIAN_POINT('',(0.999999999998,0.));
#8638 = VECTOR('',#8639,1.);
#8639 = DIRECTION('',(-5.9283E-13,1.));
#8640 = ( GEOMETRIC_REPRESENTATION_CONTEXT(2) 
PARAMETRIC_REPRESENTATION_CONTEXT() REPRESENTATION_CONTEXT('2D SPACE',''
  ) );
#8641 = PCURVE('',#8642,#8647);
#8642 = CYLINDRICAL_SURFACE('',#8643,4.75);
#8643 = AXIS2_PLACEMENT_3D('',#8644,#8645,#8646);
#8644 = CARTESIAN_POINT('',(436.22753235409,153.12756588981,-136.9));
#8645 = DIRECTION('',(0.,0.,-1.));
#8646 = DIRECTION('',(1.,0.,0.));
#8647 = DEFINITIONAL_REPRESENTATION('',(#8648),#8718);
#8648 = B_SPLINE_CURVE_WITH_KNOTS('',3,(#8649,#8650,#8651,#8652,#8653,
    #8654,#8655,#8656,#8657,#8658,#8659,#8660,#8661,#8662,#8663,#8664,
    #8665,#8666,#8667,#8668,#8669,#8670,#8671,#8672,#8673,#8674,#8675,
    #8676,#8677,#8678,#8679,#8680,#8681,#8682,#8683,#8684,#8685,#8686,
    #8687,#8688,#8689,#8690,#8691,#8692,#8693,#8694,#8695,#8696,#8697,
    #8698,#8699,#8700,#8701,#8702,#8703,#8704,#8705,#8706,#8707,#8708,
    #8709,#8710,#8711,#8712,#8713,#8714,#8715,#8716,#8717),
  .UNSPECIFIED.,.F.,.F.,(4,1,1,1,1,1,1,1,1,1,1,1,1,1,1,1,1,1,1,1,1,1,1,1
    ,1,1,1,1,1,1,1,1,1,1,1,1,1,1,1,1,1,1,1,1,1,1,1,1,1,1,1,1,1,1,1,1,1,1
    ,1,1,1,1,1,1,1,1,4),(-3.846297813625,-3.813413954829,-3.780530096032
    ,-3.747646237235,-3.714762378439,-3.681878519642,-3.648994660845,
    -3.616110802049,-3.583226943252,-3.550343084455,-3.517459225659,
    -3.484575366862,-3.451691508066,-3.418807649269,-3.385923790472,
    -3.353039931676,-3.320156072879,-3.287272214082,-3.254388355286,
    -3.221504496489,-3.188620637692,-3.155736778896,-3.122852920099,
    -3.089969061302,-3.057085202506,-3.024201343709,-2.991317484913,
    -2.958433626116,-2.925549767319,-2.892665908523,-2.859782049726,
    -2.826898190929,-2.794014332133,-2.761130473336,-2.728246614539,
    -2.695362755743,-2.662478896946,-2.629595038149,-2.596711179353,
    -2.563827320556,-2.53094346176,-2.498059602963,-2.465175744166,
    -2.43229188537,-2.399408026573,-2.366524167776,-2.33364030898,
    -2.300756450183,-2.267872591386,-2.23498873259,-2.202104873793,
    -2.169221014997,-2.1363371562,-2.103453297403,-2.070569438607,
    -2.03768557981,-2.004801721013,-1.971917862217,-1.93903400342,
    -1.906150144623,-1.873266285827,-1.84038242703,-1.807498568233,
    -1.774614709437,-1.74173085064,-1.708846991844,-1.675963133047),
  .QUASI_UNIFORM_KNOTS.);
#8649 = CARTESIAN_POINT('',(6.836122878584,11.979733121168));
#8650 = CARTESIAN_POINT('',(6.815684753728,11.993409811453));
#8651 = CARTESIAN_POINT('',(6.774804363897,12.015079530275));
#8652 = CARTESIAN_POINT('',(6.713360740911,12.030624451095));
#8653 = CARTESIAN_POINT('',(6.651579025795,12.029293077565));
#8654 = CARTESIAN_POINT('',(6.589609690709,12.011196649409));
#8655 = CARTESIAN_POINT('',(6.52815747312,11.977014379048));
#8656 = CARTESIAN_POINT('',(6.466812127819,11.927193971059));
#8657 = CARTESIAN_POINT('',(6.406070455287,11.862670851819));
#8658 = CARTESIAN_POINT('',(6.345837801617,11.784395497417));
#8659 = CARTESIAN_POINT('',(6.286192671134,11.693097158669));
#8660 = CARTESIAN_POINT('',(6.227373630623,11.58950965023));
#8661 = CARTESIAN_POINT('',(6.169241226887,11.474622733027));
#8662 = CARTESIAN_POINT('',(6.111790015368,11.34935837144));
#8663 = CARTESIAN_POINT('',(6.055012974226,11.214660951541));
#8664 = CARTESIAN_POINT('',(5.998930475124,11.071452969171));
#8665 = CARTESIAN_POINT('',(5.943594548723,10.920722059408));
#8666 = CARTESIAN_POINT('',(5.888835821562,10.762182703163));
#8667 = CARTESIAN_POINT('',(5.834456413226,10.595468611224));
#8668 = CARTESIAN_POINT('',(5.780255563206,10.4202357671));
#8669 = CARTESIAN_POINT('',(5.726026724484,10.236131391985));
#8670 = CARTESIAN_POINT('',(5.671566425768,10.04281548362));
#8671 = CARTESIAN_POINT('',(5.616663370295,9.839905695869));
#8672 = CARTESIAN_POINT('',(5.561454554665,9.628369380927));
#8673 = CARTESIAN_POINT('',(5.506103270226,9.409222129783));
#8674 = CARTESIAN_POINT('',(5.450776043503,9.183466521978));
#8675 = CARTESIAN_POINT('',(5.39564008363,8.952109040395));
#8676 = CARTESIAN_POINT('',(5.340855248638,8.716153565991));
#8677 = CARTESIAN_POINT('',(5.286567608141,8.476610484092));
#8678 = CARTESIAN_POINT('',(5.23272666068,8.233870676753));
#8679 = CARTESIAN_POINT('',(5.179291909901,7.988318519182));
#8680 = CARTESIAN_POINT('',(5.126232078271,7.740340084614));
#8681 = CARTESIAN_POINT('',(5.073523964073,7.490321159698));
#8682 = CARTESIAN_POINT('',(5.021151532174,7.238646979407));
#8683 = CARTESIAN_POINT('',(4.969103621365,6.985705272762));
#8684 = CARTESIAN_POINT('',(4.917340286818,6.732078132335));
#8685 = CARTESIAN_POINT('',(4.865830644954,6.47834525351));
#8686 = CARTESIAN_POINT('',(4.814551211296,6.225086974108));
#8687 = CARTESIAN_POINT('',(4.763485305131,5.972883459394));
#8688 = CARTESIAN_POINT('',(4.712622036995,5.722314922424));
#8689 = CARTESIAN_POINT('',(4.661955289648,5.473961557638));
#8690 = CARTESIAN_POINT('',(4.611482619789,5.228403586152));
#8691 = CARTESIAN_POINT('',(4.561204054011,4.986221140999));
#8692 = CARTESIAN_POINT('',(4.51112105882,4.747994680865));
#8693 = CARTESIAN_POINT('',(4.4612346989,4.514303449903));
#8694 = CARTESIAN_POINT('',(4.411546756153,4.285731224748));
#8695 = CARTESIAN_POINT('',(4.362049771703,4.062844765958));
#8696 = CARTESIAN_POINT('',(4.31263523027,3.845954111713));
#8697 = CARTESIAN_POINT('',(4.26320139611,3.635382719425));
#8698 = CARTESIAN_POINT('',(4.213648024356,3.43145023101));
#8699 = CARTESIAN_POINT('',(4.163877897404,3.234478131139));
#8700 = CARTESIAN_POINT('',(4.113803069599,3.044784348946));
#8701 = CARTESIAN_POINT('',(4.063325491287,2.862699315853));
#8702 = CARTESIAN_POINT('',(4.012127061044,2.688663514834));
#8703 = CARTESIAN_POINT('',(3.959870532124,2.523127699611));
#8704 = CARTESIAN_POINT('',(3.906183006598,2.366476692546));
#8705 = CARTESIAN_POINT('',(3.850701556587,2.219348770693));
#8706 = CARTESIAN_POINT('',(3.792954637998,2.081434323701));
#8707 = CARTESIAN_POINT('',(3.732867453109,1.956123237726));
#8708 = CARTESIAN_POINT('',(3.670830784772,1.847520438057));
#8709 = CARTESIAN_POINT('',(3.607007624877,1.758111635923));
#8710 = CARTESIAN_POINT('',(3.541592795272,1.69072575919));
#8711 = CARTESIAN_POINT('',(3.474608826711,1.648438083235));
#8712 = CARTESIAN_POINT('',(3.406501269517,1.632619491488));
#8713 = CARTESIAN_POINT('',(3.33822100704,1.643082999576));
#8714 = CARTESIAN_POINT('',(3.270630471052,1.679724083459));
#8715 = CARTESIAN_POINT('',(3.204639087834,1.743345617932));
#8716 = CARTESIAN_POINT('',(3.162141452739,1.801807487387));
#8717 = CARTESIAN_POINT('',(3.141386974612,1.834742201476));
#8718 = ( GEOMETRIC_REPRESENTATION_CONTEXT(2) 
PARAMETRIC_REPRESENTATION_CONTEXT() REPRESENTATION_CONTEXT('2D SPACE',''
  ) );
#8719 = ORIENTED_EDGE('',*,*,#8720,.T.);
#8720 = EDGE_CURVE('',#8609,#8542,#8721,.T.);
#8721 = SURFACE_CURVE('',#8722,(#8736,#8743),.PCURVE_S1.);
#8722 = B_SPLINE_CURVE_WITH_KNOTS('',3,(#8723,#8724,#8725,#8726,#8727,
    #8728,#8729,#8730,#8731,#8732,#8733,#8734,#8735),.UNSPECIFIED.,.F.,
  .F.,(4,2,2,1,1,1,2,4),(-1.67596212355,-1.630287285904,-1.503988707404,
    -1.19761161041,-0.891234513415,-0.584857416421,-0.278480319427,0.),
  .UNSPECIFIED.);
#8723 = CARTESIAN_POINT('',(431.47622642233,153.12657954209,
    -138.7347451983));
#8724 = CARTESIAN_POINT('',(431.47623946831,152.98927638878,
    -138.7799440265));
#8725 = CARTESIAN_POINT('',(431.48213919103,152.85566771932,
    -138.8314529509));
#8726 = CARTESIAN_POINT('',(431.52353522055,152.36840507912,
    -139.0451000653));
#8727 = CARTESIAN_POINT('',(431.5911678661,152.04370205946,
    -139.2397917899));
#8728 = CARTESIAN_POINT('',(431.89529118761,151.04221945459,
    -139.965164292));
#8729 = CARTESIAN_POINT('',(432.60953425657,149.83245109492,
    -141.3015937898));
#8730 = CARTESIAN_POINT('',(434.2688873013,148.64148622163,
    -143.7198690646));
#8731 = CARTESIAN_POINT('',(436.34882899837,148.21309475001,
    -146.1279401128));
#8732 = CARTESIAN_POINT('',(437.87039727598,148.59553729681,
    -147.4622257309));
#8733 = CARTESIAN_POINT('',(439.23654188515,149.37556045563,
    -148.4402723929));
#8734 = CARTESIAN_POINT('',(439.83794457513,149.93330471818,
    -148.7639106715));
#8735 = CARTESIAN_POINT('',(440.26971307467,150.63291661141,
    -148.8797331211));
#8736 = PCURVE('',#4619,#8737);
#8737 = DEFINITIONAL_REPRESENTATION('',(#8738),#8742);
#8738 = LINE('',#8739,#8740);
#8739 = CARTESIAN_POINT('',(1.,-4.574E-14));
#8740 = VECTOR('',#8741,1.);
#8741 = DIRECTION('',(7.526E-13,1.));
#8742 = ( GEOMETRIC_REPRESENTATION_CONTEXT(2) 
PARAMETRIC_REPRESENTATION_CONTEXT() REPRESENTATION_CONTEXT('2D SPACE',''
  ) );
#8743 = PCURVE('',#8642,#8744);
#8744 = DEFINITIONAL_REPRESENTATION('',(#8745),#8793);
#8745 = B_SPLINE_CURVE_WITH_KNOTS('',3,(#8746,#8747,#8748,#8749,#8750,
    #8751,#8752,#8753,#8754,#8755,#8756,#8757,#8758,#8759,#8760,#8761,
    #8762,#8763,#8764,#8765,#8766,#8767,#8768,#8769,#8770,#8771,#8772,
    #8773,#8774,#8775,#8776,#8777,#8778,#8779,#8780,#8781,#8782,#8783,
    #8784,#8785,#8786,#8787,#8788,#8789,#8790,#8791,#8792),
  .UNSPECIFIED.,.F.,.F.,(4,1,1,1,1,1,1,1,1,1,1,1,1,1,1,1,1,1,1,1,1,1,1,1
    ,1,1,1,1,1,1,1,1,1,1,1,1,1,1,1,1,1,1,1,1,4),(-1.67596212355,
    -1.637872075288,-1.599782027025,-1.561691978763,-1.5236019305,
    -1.485511882238,-1.447421833975,-1.409331785713,-1.37124173745,
    -1.333151689188,-1.295061640925,-1.256971592663,-1.2188815444,
    -1.180791496138,-1.142701447875,-1.104611399613,-1.06652135135,
    -1.028431303088,-0.990341254825,-0.952251206563,-0.9141611583,
    -0.876071110038,-0.837981061775,-0.799891013513,-0.76180096525,
    -0.723710916988,-0.685620868725,-0.647530820463,-0.6094407722,
    -0.571350723938,-0.533260675675,-0.495170627413,-0.45708057915,
    -0.418990530888,-0.380900482625,-0.342810434363,-0.3047203861,
    -0.266630337838,-0.228540289575,-0.190450241313,-0.15236019305,
    -0.114270144788,-7.618009652501E-02,-3.809004826251E-02,0.),
  .UNSPECIFIED.);
#8746 = CARTESIAN_POINT('',(9.424570365697,1.834745198395));
#8747 = CARTESIAN_POINT('',(9.400455686056,1.872435704942));
#8748 = CARTESIAN_POINT('',(9.353351188028,1.956647301016));
#8749 = CARTESIAN_POINT('',(9.285975891719,2.105274449641));
#8750 = CARTESIAN_POINT('',(9.221880721307,2.271512427322));
#8751 = CARTESIAN_POINT('',(9.160743023296,2.452471567232));
#8752 = CARTESIAN_POINT('',(9.102672264711,2.643778698094));
#8753 = CARTESIAN_POINT('',(9.045537605049,2.849163060142));
#8754 = CARTESIAN_POINT('',(8.989370475295,3.067357411782));
#8755 = CARTESIAN_POINT('',(8.933989420714,3.297449342409));
#8756 = CARTESIAN_POINT('',(8.879278126367,3.538431267753));
#8757 = CARTESIAN_POINT('',(8.825113518224,3.789321467205));
#8758 = CARTESIAN_POINT('',(8.771386839983,4.049129939185));
#8759 = CARTESIAN_POINT('',(8.718000073589,4.316873942335));
#8760 = CARTESIAN_POINT('',(8.664865920074,4.591549975375));
#8761 = CARTESIAN_POINT('',(8.611917817086,4.872245210424));
#8762 = CARTESIAN_POINT('',(8.559100742602,5.158163490194));
#8763 = CARTESIAN_POINT('',(8.506356148436,5.448485472876));
#8764 = CARTESIAN_POINT('',(8.453625154163,5.742398001797));
#8765 = CARTESIAN_POINT('',(8.400847790041,6.039086364256));
#8766 = CARTESIAN_POINT('',(8.347962896478,6.337735886522));
#8767 = CARTESIAN_POINT('',(8.294909374185,6.637533295023));
#8768 = CARTESIAN_POINT('',(8.24162150164,6.937659676577));
#8769 = CARTESIAN_POINT('',(8.1880490353,7.237320597684));
#8770 = CARTESIAN_POINT('',(8.134160921174,7.535759931748));
#8771 = CARTESIAN_POINT('',(8.079913225566,7.832214333942));
#8772 = CARTESIAN_POINT('',(8.025254763428,8.125922505761));
#8773 = CARTESIAN_POINT('',(7.970125222649,8.416122181647));
#8774 = CARTESIAN_POINT('',(7.914454475907,8.70205291793));
#8775 = CARTESIAN_POINT('',(7.858165847048,8.982947950438));
#8776 = CARTESIAN_POINT('',(7.801163786498,9.258063975128));
#8777 = CARTESIAN_POINT('',(7.743386179464,9.526559399537));
#8778 = CARTESIAN_POINT('',(7.684836437986,9.787405094694));
#8779 = CARTESIAN_POINT('',(7.625486535615,10.039604219766));
#8780 = CARTESIAN_POINT('',(7.565292658009,10.282153390533));
#8781 = CARTESIAN_POINT('',(7.50419057072,10.514043108172));
#8782 = CARTESIAN_POINT('',(7.442089965188,10.734294875665));
#8783 = CARTESIAN_POINT('',(7.378896460354,10.941812303378));
#8784 = CARTESIAN_POINT('',(7.314427993244,11.135939570339));
#8785 = CARTESIAN_POINT('',(7.248785866538,11.313914404702));
#8786 = CARTESIAN_POINT('',(7.182113320524,11.474590565765));
#8787 = CARTESIAN_POINT('',(7.114503064979,11.616995092524));
#8788 = CARTESIAN_POINT('',(7.046051863722,11.740108593736));
#8789 = CARTESIAN_POINT('',(6.97683288345,11.842924119413));
#8790 = CARTESIAN_POINT('',(6.906896531703,11.924431384796));
#8791 = CARTESIAN_POINT('',(6.859792614117,11.963891130231));
#8792 = CARTESIAN_POINT('',(6.836122878584,11.979733121168));
#8793 = ( GEOMETRIC_REPRESENTATION_CONTEXT(2) 
PARAMETRIC_REPRESENTATION_CONTEXT() REPRESENTATION_CONTEXT('2D SPACE',''
  ) );
#8794 = ORIENTED_EDGE('',*,*,#8541,.F.);
#8795 = ORIENTED_EDGE('',*,*,#4488,.T.);
#8796 = ADVANCED_FACE('',(#8797),#4771,.F.);
#8797 = FACE_BOUND('',#8798,.T.);
#8798 = EDGE_LOOP('',(#8799,#8800,#8821,#8822,#8823));
#8799 = ORIENTED_EDGE('',*,*,#4749,.F.);
#8800 = ORIENTED_EDGE('',*,*,#8801,.T.);
#8801 = EDGE_CURVE('',#4750,#7640,#8802,.T.);
#8802 = SEAM_CURVE('',#8803,(#8807,#8814),.PCURVE_S1.);
#8803 = LINE('',#8804,#8805);
#8804 = CARTESIAN_POINT('',(412.17449300378,135.687,-143.92));
#8805 = VECTOR('',#8806,1.);
#8806 = DIRECTION('',(1.,0.,0.));
#8807 = PCURVE('',#4771,#8808);
#8808 = DEFINITIONAL_REPRESENTATION('',(#8809),#8813);
#8809 = LINE('',#8810,#8811);
#8810 = CARTESIAN_POINT('',(-0.,0.));
#8811 = VECTOR('',#8812,1.);
#8812 = DIRECTION('',(-0.,1.));
#8813 = ( GEOMETRIC_REPRESENTATION_CONTEXT(2) 
PARAMETRIC_REPRESENTATION_CONTEXT() REPRESENTATION_CONTEXT('2D SPACE',''
  ) );
#8814 = PCURVE('',#4771,#8815);
#8815 = DEFINITIONAL_REPRESENTATION('',(#8816),#8820);
#8816 = LINE('',#8817,#8818);
#8817 = CARTESIAN_POINT('',(-6.28318530718,0.));
#8818 = VECTOR('',#8819,1.);
#8819 = DIRECTION('',(-0.,1.));
#8820 = ( GEOMETRIC_REPRESENTATION_CONTEXT(2) 
PARAMETRIC_REPRESENTATION_CONTEXT() REPRESENTATION_CONTEXT('2D SPACE',''
  ) );
#8821 = ORIENTED_EDGE('',*,*,#7639,.F.);
#8822 = ORIENTED_EDGE('',*,*,#8801,.F.);
#8823 = ORIENTED_EDGE('',*,*,#4785,.F.);
#8824 = ADVANCED_FACE('',(#8825),#5393,.T.);
#8825 = FACE_BOUND('',#8826,.T.);
#8826 = EDGE_LOOP('',(#8827,#8828,#8829,#8854,#8874));
#8827 = ORIENTED_EDGE('',*,*,#5354,.T.);
#8828 = ORIENTED_EDGE('',*,*,#5856,.F.);
#8829 = ORIENTED_EDGE('',*,*,#8830,.T.);
#8830 = EDGE_CURVE('',#5798,#8831,#8833,.T.);
#8831 = VERTEX_POINT('',#8832);
#8832 = CARTESIAN_POINT('',(423.54279195147,-65.71860859689,
    -174.4647843562));
#8833 = SURFACE_CURVE('',#8834,(#8839,#8847),.PCURVE_S1.);
#8834 = B_SPLINE_CURVE_WITH_KNOTS('',3,(#8835,#8836,#8837,#8838),
  .UNSPECIFIED.,.F.,.F.,(4,4),(0.,0.51255589505),
  .PIECEWISE_BEZIER_KNOTS.);
#8835 = CARTESIAN_POINT('',(422.13379920766,-70.,-172.0243373364));
#8836 = CARTESIAN_POINT('',(422.6034634556,-68.57286953229,
    -172.8378196763));
#8837 = CARTESIAN_POINT('',(423.07312770353,-67.14573906459,
    -173.6513020162));
#8838 = CARTESIAN_POINT('',(423.54279195147,-65.71860859689,
    -174.4647843562));
#8839 = PCURVE('',#5393,#8840);
#8840 = DEFINITIONAL_REPRESENTATION('',(#8841),#8846);
#8841 = B_SPLINE_CURVE_WITH_KNOTS('',3,(#8842,#8843,#8844,#8845),
  .UNSPECIFIED.,.F.,.F.,(4,4),(0.,0.51255589505),
  .PIECEWISE_BEZIER_KNOTS.);
#8842 = CARTESIAN_POINT('',(0.,0.));
#8843 = CARTESIAN_POINT('',(1.708519650167,2.84217094304E-13));
#8844 = CARTESIAN_POINT('',(3.417039300335,6.252776074689E-13));
#8845 = CARTESIAN_POINT('',(5.125558950502,0.));
#8846 = ( GEOMETRIC_REPRESENTATION_CONTEXT(2) 
PARAMETRIC_REPRESENTATION_CONTEXT() REPRESENTATION_CONTEXT('2D SPACE',''
  ) );
#8847 = PCURVE('',#5814,#8848);
#8848 = DEFINITIONAL_REPRESENTATION('',(#8849),#8853);
#8849 = LINE('',#8850,#8851);
#8850 = CARTESIAN_POINT('',(-3.76E-15,0.523598775598));
#8851 = VECTOR('',#8852,1.);
#8852 = DIRECTION('',(1.,1.52E-15));
#8853 = ( GEOMETRIC_REPRESENTATION_CONTEXT(2) 
PARAMETRIC_REPRESENTATION_CONTEXT() REPRESENTATION_CONTEXT('2D SPACE',''
  ) );
#8854 = ORIENTED_EDGE('',*,*,#8855,.T.);
#8855 = EDGE_CURVE('',#8831,#7762,#8856,.T.);
#8856 = SURFACE_CURVE('',#8857,(#8861,#8868),.PCURVE_S1.);
#8857 = LINE('',#8858,#8859);
#8858 = CARTESIAN_POINT('',(423.54279195147,-65.71860859689,
    -174.4647843562));
#8859 = VECTOR('',#8860,1.);
#8860 = DIRECTION('',(0.866025403784,-1.18E-15,0.5));
#8861 = PCURVE('',#5393,#8862);
#8862 = DEFINITIONAL_REPRESENTATION('',(#8863),#8867);
#8863 = LINE('',#8864,#8865);
#8864 = CARTESIAN_POINT('',(5.125558950502,2.464695114668E-14));
#8865 = VECTOR('',#8866,1.);
#8866 = DIRECTION('',(-2.306488333659E-14,1.));
#8867 = ( GEOMETRIC_REPRESENTATION_CONTEXT(2) 
PARAMETRIC_REPRESENTATION_CONTEXT() REPRESENTATION_CONTEXT('2D SPACE',''
  ) );
#8868 = PCURVE('',#7851,#8869);
#8869 = DEFINITIONAL_REPRESENTATION('',(#8870),#8873);
#8870 = B_SPLINE_CURVE_WITH_KNOTS('',1,(#8871,#8872),.UNSPECIFIED.,.F.,
  .F.,(2,2),(0.,47.32895867827),.PIECEWISE_BEZIER_KNOTS.);
#8871 = CARTESIAN_POINT('',(9.17E-15,-2.01E-14));
#8872 = CARTESIAN_POINT('',(7.14E-15,4.732895867827));
#8873 = ( GEOMETRIC_REPRESENTATION_CONTEXT(2) 
PARAMETRIC_REPRESENTATION_CONTEXT() REPRESENTATION_CONTEXT('2D SPACE',''
  ) );
#8874 = ORIENTED_EDGE('',*,*,#7761,.F.);
#8875 = ADVANCED_FACE('',(#8876),#5814,.T.);
#8876 = FACE_BOUND('',#8877,.T.);
#8877 = EDGE_LOOP('',(#8878,#8879,#8945,#8946));
#8878 = ORIENTED_EDGE('',*,*,#6077,.T.);
#8879 = ORIENTED_EDGE('',*,*,#8880,.T.);
#8880 = EDGE_CURVE('',#5998,#8831,#8881,.T.);
#8881 = SURFACE_CURVE('',#8882,(#8887,#8916),.PCURVE_S1.);
#8882 = CIRCLE('',#8883,59.541884257517);
#8883 = AXIS2_PLACEMENT_3D('',#8884,#8885,#8886);
#8884 = CARTESIAN_POINT('',(393.77184982271,-65.71860859689,-122.9));
#8885 = DIRECTION('',(5.8E-16,-1.,-4.38E-15));
#8886 = DIRECTION('',(2.39E-15,4.38E-15,-1.));
#8887 = PCURVE('',#5814,#8888);
#8888 = DEFINITIONAL_REPRESENTATION('',(#8889),#8915);
#8889 = B_SPLINE_CURVE_WITH_KNOTS('',3,(#8890,#8891,#8892,#8893,#8894,
    #8895,#8896,#8897,#8898,#8899,#8900,#8901,#8902,#8903,#8904,#8905,
    #8906,#8907,#8908,#8909,#8910,#8911,#8912,#8913,#8914),
  .UNSPECIFIED.,.F.,.F.,(4,1,1,1,1,1,1,1,1,1,1,1,1,1,1,1,1,1,1,1,1,1,4),
  (0.237346443262,0.250357912914,0.263369382566,0.276380852217,
    0.289392321869,0.302403791521,0.315415261172,0.328426730824,
    0.341438200475,0.354449670127,0.367461139779,0.38047260943,
    0.393484079082,0.406495548734,0.419507018385,0.432518488037,
    0.445529957688,0.45854142734,0.471552896992,0.484564366643,
    0.497575836295,0.510587305947,0.523598775598),
  .QUASI_UNIFORM_KNOTS.);
#8890 = CARTESIAN_POINT('',(0.51255589505,0.237485056363));
#8891 = CARTESIAN_POINT('',(0.51255589505,0.241798057251));
#8892 = CARTESIAN_POINT('',(0.51255589505,0.250423372951));
#8893 = CARTESIAN_POINT('',(0.51255589505,0.263360383456));
#8894 = CARTESIAN_POINT('',(0.51255589505,0.276297526111));
#8895 = CARTESIAN_POINT('',(0.51255589505,0.289235896066));
#8896 = CARTESIAN_POINT('',(0.51255589505,0.302176588909));
#8897 = CARTESIAN_POINT('',(0.51255589505,0.315120701009));
#8898 = CARTESIAN_POINT('',(0.51255589505,0.328069329896));
#8899 = CARTESIAN_POINT('',(0.51255589505,0.341023574629));
#8900 = CARTESIAN_POINT('',(0.51255589505,0.353984536173));
#8901 = CARTESIAN_POINT('',(0.51255589505,0.366953317774));
#8902 = CARTESIAN_POINT('',(0.51255589505,0.379931025331));
#8903 = CARTESIAN_POINT('',(0.51255589505,0.392918767781));
#8904 = CARTESIAN_POINT('',(0.51255589505,0.405917657476));
#8905 = CARTESIAN_POINT('',(0.51255589505,0.418928810566));
#8906 = CARTESIAN_POINT('',(0.51255589505,0.431953347389));
#8907 = CARTESIAN_POINT('',(0.51255589505,0.444992392855));
#8908 = CARTESIAN_POINT('',(0.51255589505,0.458047076838));
#8909 = CARTESIAN_POINT('',(0.51255589505,0.47111853459));
#8910 = CARTESIAN_POINT('',(0.51255589505,0.484207907071));
#8911 = CARTESIAN_POINT('',(0.51255589505,0.497316341606));
#8912 = CARTESIAN_POINT('',(0.51255589505,0.510444991363));
#8913 = CARTESIAN_POINT('',(0.51255589505,0.519211676607));
#8914 = CARTESIAN_POINT('',(0.51255589505,0.523598775598));
#8915 = ( GEOMETRIC_REPRESENTATION_CONTEXT(2) 
PARAMETRIC_REPRESENTATION_CONTEXT() REPRESENTATION_CONTEXT('2D SPACE',''
  ) );
#8916 = PCURVE('',#6023,#8917);
#8917 = DEFINITIONAL_REPRESENTATION('',(#8918),#8944);
#8918 = B_SPLINE_CURVE_WITH_KNOTS('',3,(#8919,#8920,#8921,#8922,#8923,
    #8924,#8925,#8926,#8927,#8928,#8929,#8930,#8931,#8932,#8933,#8934,
    #8935,#8936,#8937,#8938,#8939,#8940,#8941,#8942,#8943),
  .UNSPECIFIED.,.F.,.F.,(4,1,1,1,1,1,1,1,1,1,1,1,1,1,1,1,1,1,1,1,1,1,4),
  (0.237346443262,0.250357912914,0.263369382566,0.276380852217,
    0.289392321869,0.302403791521,0.315415261172,0.328426730824,
    0.341438200475,0.354449670127,0.367461139779,0.38047260943,
    0.393484079082,0.406495548734,0.419507018385,0.432518488037,
    0.445529957688,0.45854142734,0.471552896992,0.484564366643,
    0.497575836295,0.510587305947,0.523598775598),
  .QUASI_UNIFORM_KNOTS.);
#8919 = CARTESIAN_POINT('',(0.,0.240497121973));
#8920 = CARTESIAN_POINT('',(0.,0.244811530784));
#8921 = CARTESIAN_POINT('',(0.,0.253433927543));
#8922 = CARTESIAN_POINT('',(0.,0.266349388697));
#8923 = CARTESIAN_POINT('',(0.,0.279247846798));
#8924 = CARTESIAN_POINT('',(0.,0.292130424639));
#8925 = CARTESIAN_POINT('',(0.,0.304998240173));
#8926 = CARTESIAN_POINT('',(0.,0.317852406138));
#8927 = CARTESIAN_POINT('',(0.,0.330694030642));
#8928 = CARTESIAN_POINT('',(0.,0.343524217503));
#8929 = CARTESIAN_POINT('',(0.,0.35634406664));
#8930 = CARTESIAN_POINT('',(0.,0.369154674452));
#8931 = CARTESIAN_POINT('',(0.,0.381957134192));
#8932 = CARTESIAN_POINT('',(0.,0.394752536348));
#8933 = CARTESIAN_POINT('',(0.,0.407541969008));
#8934 = CARTESIAN_POINT('',(0.,0.420326518237));
#8935 = CARTESIAN_POINT('',(0.,0.433107268444));
#8936 = CARTESIAN_POINT('',(0.,0.44588530275));
#8937 = CARTESIAN_POINT('',(0.,0.458661703357));
#8938 = CARTESIAN_POINT('',(0.,0.471437551913));
#8939 = CARTESIAN_POINT('',(0.,0.484213929874));
#8940 = CARTESIAN_POINT('',(0.,0.496991918905));
#8941 = CARTESIAN_POINT('',(0.,0.509772601099));
#8942 = CARTESIAN_POINT('',(-0.,0.518295573636));
#8943 = CARTESIAN_POINT('',(0.,0.52255786985));
#8944 = ( GEOMETRIC_REPRESENTATION_CONTEXT(2) 
PARAMETRIC_REPRESENTATION_CONTEXT() REPRESENTATION_CONTEXT('2D SPACE',''
  ) );
#8945 = ORIENTED_EDGE('',*,*,#8830,.F.);
#8946 = ORIENTED_EDGE('',*,*,#5797,.F.);
#8947 = ADVANCED_FACE('',(#8948),#5944,.F.);
#8948 = FACE_BOUND('',#8949,.T.);
#8949 = EDGE_LOOP('',(#8950,#8972,#9016,#9017,#9018));
#8950 = ORIENTED_EDGE('',*,*,#8951,.F.);
#8951 = EDGE_CURVE('',#8952,#7898,#8954,.T.);
#8952 = VERTEX_POINT('',#8953);
#8953 = CARTESIAN_POINT('',(423.78764851903,-40.,-174.8888883717));
#8954 = SURFACE_CURVE('',#8955,(#8959,#8966),.PCURVE_S1.);
#8955 = LINE('',#8956,#8957);
#8956 = CARTESIAN_POINT('',(423.78764851903,-40.,-174.8888883717));
#8957 = VECTOR('',#8958,1.);
#8958 = DIRECTION('',(0.866025403784,-1.18E-15,0.5));
#8959 = PCURVE('',#5944,#8960);
#8960 = DEFINITIONAL_REPRESENTATION('',(#8961),#8965);
#8961 = LINE('',#8962,#8963);
#8962 = CARTESIAN_POINT('',(41.212351480966,171.88888837178));
#8963 = VECTOR('',#8964,1.);
#8964 = DIRECTION('',(-0.866025403784,-0.5));
#8965 = ( GEOMETRIC_REPRESENTATION_CONTEXT(2) 
PARAMETRIC_REPRESENTATION_CONTEXT() REPRESENTATION_CONTEXT('2D SPACE',''
  ) );
#8966 = PCURVE('',#7942,#8967);
#8967 = DEFINITIONAL_REPRESENTATION('',(#8968),#8971);
#8968 = B_SPLINE_CURVE_WITH_KNOTS('',1,(#8969,#8970),.UNSPECIFIED.,.F.,
  .F.,(2,2),(0.,11.02363091488),.PIECEWISE_BEZIER_KNOTS.);
#8969 = CARTESIAN_POINT('',(3.222379430571,5.336E-14));
#8970 = CARTESIAN_POINT('',(3.222379430571,1.102363091488));
#8971 = ( GEOMETRIC_REPRESENTATION_CONTEXT(2) 
PARAMETRIC_REPRESENTATION_CONTEXT() REPRESENTATION_CONTEXT('2D SPACE',''
  ) );
#8972 = ORIENTED_EDGE('',*,*,#8973,.F.);
#8973 = EDGE_CURVE('',#5929,#8952,#8974,.T.);
#8974 = SURFACE_CURVE('',#8975,(#8980,#8987),.PCURVE_S1.);
#8975 = CIRCLE('',#8976,60.031597392638);
#8976 = AXIS2_PLACEMENT_3D('',#8977,#8978,#8979);
#8977 = CARTESIAN_POINT('',(393.77184982271,-40.,-122.9));
#8978 = DIRECTION('',(5.7E-16,-1.,-4.34E-15));
#8979 = DIRECTION('',(0.,4.34E-15,-1.));
#8980 = PCURVE('',#5944,#8981);
#8981 = DEFINITIONAL_REPRESENTATION('',(#8982),#8986);
#8982 = CIRCLE('',#8983,60.031597392638);
#8983 = AXIS2_PLACEMENT_2D('',#8984,#8985);
#8984 = CARTESIAN_POINT('',(71.228150177285,119.9));
#8985 = DIRECTION('',(0.,1.));
#8986 = ( GEOMETRIC_REPRESENTATION_CONTEXT(2) 
PARAMETRIC_REPRESENTATION_CONTEXT() REPRESENTATION_CONTEXT('2D SPACE',''
  ) );
#8987 = PCURVE('',#5978,#8988);
#8988 = DEFINITIONAL_REPRESENTATION('',(#8989),#9015);
#8989 = B_SPLINE_CURVE_WITH_KNOTS('',3,(#8990,#8991,#8992,#8993,#8994,
    #8995,#8996,#8997,#8998,#8999,#9000,#9001,#9002,#9003,#9004,#9005,
    #9006,#9007,#9008,#9009,#9010,#9011,#9012,#9013,#9014),
  .UNSPECIFIED.,.F.,.F.,(4,1,1,1,1,1,1,1,1,1,1,1,1,1,1,1,1,1,1,1,1,1,4),
  (0.235373542469,0.248474689429,0.261575836389,0.27467698335,
    0.28777813031,0.300879277271,0.313980424231,0.327081571192,
    0.340182718152,0.353283865113,0.366385012073,0.379486159033,
    0.392587305994,0.405688452954,0.418789599915,0.431890746875,
    0.444991893836,0.458093040796,0.471194187757,0.484295334717,
    0.497396481677,0.510497628638,0.523598775598),
  .QUASI_UNIFORM_KNOTS.);
#8990 = CARTESIAN_POINT('',(3.222379430571,0.235523119271));
#8991 = CARTESIAN_POINT('',(3.222379430571,0.239865955092));
#8992 = CARTESIAN_POINT('',(3.222379430571,0.248550875035));
#8993 = CARTESIAN_POINT('',(3.222379430571,0.261577117856));
#8994 = CARTESIAN_POINT('',(3.222379430571,0.274603341622));
#8995 = CARTESIAN_POINT('',(3.222379430571,0.287630664248));
#8996 = CARTESIAN_POINT('',(3.222379430571,0.300660204059));
#8997 = CARTESIAN_POINT('',(3.222379430571,0.313693080132));
#8998 = CARTESIAN_POINT('',(3.222379430571,0.326730412691));
#8999 = CARTESIAN_POINT('',(3.222379430571,0.339773323495));
#9000 = CARTESIAN_POINT('',(3.222379430571,0.352822936216));
#9001 = CARTESIAN_POINT('',(3.222379430571,0.365880376835));
#9002 = CARTESIAN_POINT('',(3.222379430571,0.37894677403));
#9003 = CARTESIAN_POINT('',(3.222379430571,0.392023259562));
#9004 = CARTESIAN_POINT('',(3.222379430571,0.405110968676));
#9005 = CARTESIAN_POINT('',(3.222379430571,0.418211040496));
#9006 = CARTESIAN_POINT('',(3.222379430571,0.43132461842));
#9007 = CARTESIAN_POINT('',(3.222379430571,0.444452850528));
#9008 = CARTESIAN_POINT('',(3.222379430571,0.457596889982));
#9009 = CARTESIAN_POINT('',(3.222379430571,0.470757895453));
#9010 = CARTESIAN_POINT('',(3.222379430571,0.483937031467));
#9011 = CARTESIAN_POINT('',(3.222379430571,0.497135469078));
#9012 = CARTESIAN_POINT('',(3.222379430571,0.510354385339));
#9013 = CARTESIAN_POINT('',(3.222379430571,0.519181439971));
#9014 = CARTESIAN_POINT('',(3.222379430571,0.523598775598));
#9015 = ( GEOMETRIC_REPRESENTATION_CONTEXT(2) 
PARAMETRIC_REPRESENTATION_CONTEXT() REPRESENTATION_CONTEXT('2D SPACE',''
  ) );
#9016 = ORIENTED_EDGE('',*,*,#5928,.T.);
#9017 = ORIENTED_EDGE('',*,*,#6328,.F.);
#9018 = ORIENTED_EDGE('',*,*,#7980,.T.);
#9019 = ADVANCED_FACE('',(#9020),#5978,.T.);
#9020 = FACE_BOUND('',#9021,.T.);
#9021 = EDGE_LOOP('',(#9022,#9023,#9024,#9048));
#9022 = ORIENTED_EDGE('',*,*,#5956,.T.);
#9023 = ORIENTED_EDGE('',*,*,#8973,.T.);
#9024 = ORIENTED_EDGE('',*,*,#9025,.F.);
#9025 = EDGE_CURVE('',#9026,#8952,#9028,.T.);
#9026 = VERTEX_POINT('',#9027);
#9027 = CARTESIAN_POINT('',(424.7814224537,-46.01547183055,
    -176.6101553178));
#9028 = SURFACE_CURVE('',#9029,(#9034,#9041),.PCURVE_S1.);
#9029 = B_SPLINE_CURVE_WITH_KNOTS('',3,(#9030,#9031,#9032,#9033),
  .UNSPECIFIED.,.F.,.F.,(4,4),(2.588781134956,3.222379430571),
  .PIECEWISE_BEZIER_KNOTS.);
#9030 = CARTESIAN_POINT('',(424.7814224537,-46.01547183055,
    -176.6101553178));
#9031 = CARTESIAN_POINT('',(424.43731250318,-44.0190408603,
    -176.0141394001));
#9032 = CARTESIAN_POINT('',(424.10602551911,-42.01371903342,
    -175.4403335118));
#9033 = CARTESIAN_POINT('',(423.78764851903,-40.,-174.8888883717));
#9034 = PCURVE('',#5978,#9035);
#9035 = DEFINITIONAL_REPRESENTATION('',(#9036),#9040);
#9036 = LINE('',#9037,#9038);
#9037 = CARTESIAN_POINT('',(1.33E-15,0.523598775598));
#9038 = VECTOR('',#9039,1.);
#9039 = DIRECTION('',(1.,-5.3E-16));
#9040 = ( GEOMETRIC_REPRESENTATION_CONTEXT(2) 
PARAMETRIC_REPRESENTATION_CONTEXT() REPRESENTATION_CONTEXT('2D SPACE',''
  ) );
#9041 = PCURVE('',#7942,#9042);
#9042 = DEFINITIONAL_REPRESENTATION('',(#9043),#9047);
#9043 = LINE('',#9044,#9045);
#9044 = CARTESIAN_POINT('',(7.11E-15,-4.0511E-13));
#9045 = VECTOR('',#9046,1.);
#9046 = DIRECTION('',(1.,1.4166E-13));
#9047 = ( GEOMETRIC_REPRESENTATION_CONTEXT(2) 
PARAMETRIC_REPRESENTATION_CONTEXT() REPRESENTATION_CONTEXT('2D SPACE',''
  ) );
#9048 = ORIENTED_EDGE('',*,*,#9049,.F.);
#9049 = EDGE_CURVE('',#5957,#9026,#9050,.T.);
#9050 = SURFACE_CURVE('',#9051,(#9056,#9085),.PCURVE_S1.);
#9051 = CIRCLE('',#9052,62.019145261981);
#9052 = AXIS2_PLACEMENT_3D('',#9053,#9054,#9055);
#9053 = CARTESIAN_POINT('',(393.77184982271,-46.01547183055,
    -122.8999999999));
#9054 = DIRECTION('',(5.5E-16,-1.,-4.2E-15));
#9055 = DIRECTION('',(2.29E-15,4.2E-15,-1.));
#9056 = PCURVE('',#5978,#9057);
#9057 = DEFINITIONAL_REPRESENTATION('',(#9058),#9084);
#9058 = B_SPLINE_CURVE_WITH_KNOTS('',3,(#9059,#9060,#9061,#9062,#9063,
    #9064,#9065,#9066,#9067,#9068,#9069,#9070,#9071,#9072,#9073,#9074,
    #9075,#9076,#9077,#9078,#9079,#9080,#9081,#9082,#9083),
  .UNSPECIFIED.,.F.,.F.,(4,1,1,1,1,1,1,1,1,1,1,1,1,1,1,1,1,1,1,1,1,1,4),
  (0.22769498858,0.241145160717,0.254595332854,0.268045504992,
    0.281495677129,0.294945849266,0.308396021403,0.32184619354,
    0.335296365678,0.348746537815,0.362196709952,0.375646882089,
    0.389097054226,0.402547226364,0.415997398501,0.429447570638,
    0.442897742775,0.456347914912,0.46979808705,0.483248259187,
    0.496698431324,0.510148603461,0.523598775598),
  .QUASI_UNIFORM_KNOTS.);
#9059 = CARTESIAN_POINT('',(2.588781134956,0.227886714267));
#9060 = CARTESIAN_POINT('',(2.588781134956,0.232345764867));
#9061 = CARTESIAN_POINT('',(2.588781134956,0.241262843461));
#9062 = CARTESIAN_POINT('',(2.588781134956,0.254636603444));
#9063 = CARTESIAN_POINT('',(2.588781134956,0.268009715565));
#9064 = CARTESIAN_POINT('',(2.588781134956,0.281383389419));
#9065 = CARTESIAN_POINT('',(2.588781134956,0.294758834864));
#9066 = CARTESIAN_POINT('',(2.588781134956,0.308137262382));
#9067 = CARTESIAN_POINT('',(2.588781134956,0.321519883539));
#9068 = CARTESIAN_POINT('',(2.588781134956,0.334907911418));
#9069 = CARTESIAN_POINT('',(2.588781134956,0.348302561061));
#9070 = CARTESIAN_POINT('',(2.588781134956,0.361705049914));
#9071 = CARTESIAN_POINT('',(2.588781134956,0.375116598263));
#9072 = CARTESIAN_POINT('',(2.588781134956,0.388538429686));
#9073 = CARTESIAN_POINT('',(2.588781134956,0.401971771501));
#9074 = CARTESIAN_POINT('',(2.588781134956,0.415417855214));
#9075 = CARTESIAN_POINT('',(2.588781134956,0.428877916979));
#9076 = CARTESIAN_POINT('',(2.588781134956,0.442353198049));
#9077 = CARTESIAN_POINT('',(2.588781134956,0.455844945242));
#9078 = CARTESIAN_POINT('',(2.588781134956,0.469354411422));
#9079 = CARTESIAN_POINT('',(2.588781134956,0.482882855895));
#9080 = CARTESIAN_POINT('',(2.588781134956,0.496431545171));
#9081 = CARTESIAN_POINT('',(2.588781134956,0.510001752387));
#9082 = CARTESIAN_POINT('',(2.588781134956,0.51906375862));
#9083 = CARTESIAN_POINT('',(2.588781134956,0.523598775598));
#9084 = ( GEOMETRIC_REPRESENTATION_CONTEXT(2) 
PARAMETRIC_REPRESENTATION_CONTEXT() REPRESENTATION_CONTEXT('2D SPACE',''
  ) );
#9085 = PCURVE('',#6023,#9086);
#9086 = DEFINITIONAL_REPRESENTATION('',(#9087),#9113);
#9087 = B_SPLINE_CURVE_WITH_KNOTS('',3,(#9088,#9089,#9090,#9091,#9092,
    #9093,#9094,#9095,#9096,#9097,#9098,#9099,#9100,#9101,#9102,#9103,
    #9104,#9105,#9106,#9107,#9108,#9109,#9110,#9111,#9112),
  .UNSPECIFIED.,.F.,.F.,(4,1,1,1,1,1,1,1,1,1,1,1,1,1,1,1,1,1,1,1,1,1,4),
  (0.22769498858,0.241145160717,0.254595332854,0.268045504992,
    0.281495677129,0.294945849266,0.308396021403,0.32184619354,
    0.335296365678,0.348746537815,0.362196709952,0.375646882089,
    0.389097054226,0.402547226364,0.415997398501,0.429447570638,
    0.442897742775,0.456347914912,0.46979808705,0.483248259187,
    0.496698431324,0.510148603461,0.523598775598),
  .QUASI_UNIFORM_KNOTS.);
#9088 = CARTESIAN_POINT('',(2.061132601555,0.23089090814));
#9089 = CARTESIAN_POINT('',(2.061132601555,0.235355817013));
#9090 = CARTESIAN_POINT('',(2.061132601555,0.244278472357));
#9091 = CARTESIAN_POINT('',(2.061132601555,0.257642219497));
#9092 = CARTESIAN_POINT('',(2.061132601555,0.270986984871));
#9093 = CARTESIAN_POINT('',(2.061132601555,0.284314012863));
#9094 = CARTESIAN_POINT('',(2.061132601555,0.29762454208));
#9095 = CARTESIAN_POINT('',(2.061132601555,0.310919804886));
#9096 = CARTESIAN_POINT('',(2.061132601555,0.324201028113));
#9097 = CARTESIAN_POINT('',(2.061132601555,0.337469433455));
#9098 = CARTESIAN_POINT('',(2.061132601555,0.350726237933));
#9099 = CARTESIAN_POINT('',(2.061132601555,0.363972654343));
#9100 = CARTESIAN_POINT('',(2.061132601555,0.377209891705));
#9101 = CARTESIAN_POINT('',(2.061132601555,0.390439155704));
#9102 = CARTESIAN_POINT('',(2.061132601555,0.403661649131));
#9103 = CARTESIAN_POINT('',(2.061132601555,0.416878572323));
#9104 = CARTESIAN_POINT('',(2.061132601555,0.430091123596));
#9105 = CARTESIAN_POINT('',(2.061132601555,0.443300499685));
#9106 = CARTESIAN_POINT('',(2.061132601555,0.456507896175));
#9107 = CARTESIAN_POINT('',(2.061132601555,0.469714507936));
#9108 = CARTESIAN_POINT('',(2.061132601555,0.482921529546));
#9109 = CARTESIAN_POINT('',(2.061132601555,0.496130155765));
#9110 = CARTESIAN_POINT('',(2.061132601555,0.509341581801));
#9111 = CARTESIAN_POINT('',(2.061132601555,0.518151863519));
#9112 = CARTESIAN_POINT('',(2.061132601555,0.52255786985));
#9113 = ( GEOMETRIC_REPRESENTATION_CONTEXT(2) 
PARAMETRIC_REPRESENTATION_CONTEXT() REPRESENTATION_CONTEXT('2D SPACE',''
  ) );
#9114 = ADVANCED_FACE('',(#9115),#6023,.T.);
#9115 = FACE_BOUND('',#9116,.T.);
#9116 = EDGE_LOOP('',(#9117,#9148,#9211,#9251,#9271,#9272,#9273,#9274,
    #9296,#9336,#9399,#9423));
#9117 = ORIENTED_EDGE('',*,*,#9118,.F.);
#9118 = EDGE_CURVE('',#9119,#9121,#9123,.T.);
#9119 = VERTEX_POINT('',#9120);
#9120 = CARTESIAN_POINT('',(420.0000000004,-58.22113970579,
    -179.8655916433));
#9121 = VERTEX_POINT('',#9122);
#9122 = CARTESIAN_POINT('',(420.,-57.35284398521,-180.0579305325));
#9123 = SURFACE_CURVE('',#9124,(#9129,#9135),.PCURVE_S1.);
#9124 = B_SPLINE_CURVE_WITH_KNOTS('',3,(#9125,#9126,#9127,#9128),
  .UNSPECIFIED.,.F.,.F.,(4,4),(-0.251075255345,-0.161928294666),
  .PIECEWISE_BEZIER_KNOTS.);
#9125 = CARTESIAN_POINT('',(420.,-58.22113970584,-179.8655916435));
#9126 = CARTESIAN_POINT('',(420.,-57.93315510518,-179.9359228425));
#9127 = CARTESIAN_POINT('',(420.,-57.64366604008,-180.0000570182));
#9128 = CARTESIAN_POINT('',(420.,-57.35284398521,-180.0579305325));
#9129 = PCURVE('',#6023,#9130);
#9130 = DEFINITIONAL_REPRESENTATION('',(#9131),#9134);
#9131 = B_SPLINE_CURVE_WITH_KNOTS('',1,(#9132,#9133),.UNSPECIFIED.,.F.,
  .F.,(2,2),(-0.251075255345,-0.161928294666),.PIECEWISE_BEZIER_KNOTS.);
#9132 = CARTESIAN_POINT('',(0.82130608779,0.432092827785));
#9133 = CARTESIAN_POINT('',(0.90992384175,0.430836511404));
#9134 = ( GEOMETRIC_REPRESENTATION_CONTEXT(2) 
PARAMETRIC_REPRESENTATION_CONTEXT() REPRESENTATION_CONTEXT('2D SPACE',''
  ) );
#9135 = PCURVE('',#9136,#9141);
#9136 = PLANE('',#9137);
#9137 = AXIS2_PLACEMENT_3D('',#9138,#9139,#9140);
#9138 = CARTESIAN_POINT('',(420.,-55.,-175.9315973926));
#9139 = DIRECTION('',(1.,0.,0.));
#9140 = DIRECTION('',(0.,0.,-1.));
#9141 = DEFINITIONAL_REPRESENTATION('',(#9142),#9147);
#9142 = B_SPLINE_CURVE_WITH_KNOTS('',3,(#9143,#9144,#9145,#9146),
  .UNSPECIFIED.,.F.,.F.,(4,4),(-0.251075255345,-0.161928294666),
  .PIECEWISE_BEZIER_KNOTS.);
#9143 = CARTESIAN_POINT('',(3.933994250933,-3.22113970584));
#9144 = CARTESIAN_POINT('',(4.004325449932,-2.933155105181));
#9145 = CARTESIAN_POINT('',(4.068459625634,-2.643666040086));
#9146 = CARTESIAN_POINT('',(4.126333139878,-2.352843985211));
#9147 = ( GEOMETRIC_REPRESENTATION_CONTEXT(2) 
PARAMETRIC_REPRESENTATION_CONTEXT() REPRESENTATION_CONTEXT('2D SPACE',''
  ) );
#9148 = ORIENTED_EDGE('',*,*,#9149,.F.);
#9149 = EDGE_CURVE('',#9150,#9119,#9152,.T.);
#9150 = VERTEX_POINT('',#9151);
#9151 = CARTESIAN_POINT('',(424.79917793182,-60.22154396585,
    -176.7764439666));
#9152 = SURFACE_CURVE('',#9153,(#9158,#9187),.PCURVE_S1.);
#9153 = B_SPLINE_CURVE_WITH_KNOTS('',3,(#9154,#9155,#9156,#9157),
  .UNSPECIFIED.,.F.,.F.,(4,4),(-1.1E-16,0.669267248295),
  .PIECEWISE_BEZIER_KNOTS.);
#9154 = CARTESIAN_POINT('',(424.79917793182,-60.22154396585,
    -176.7764439666));
#9155 = CARTESIAN_POINT('',(422.8499700392,-59.97236439914,
    -177.9912370792));
#9156 = CARTESIAN_POINT('',(421.11951825898,-59.28203754941,
    -179.0910510184));
#9157 = CARTESIAN_POINT('',(420.,-58.22113970542,-179.8655916436));
#9158 = PCURVE('',#6023,#9159);
#9159 = DEFINITIONAL_REPRESENTATION('',(#9160),#9186);
#9160 = B_SPLINE_CURVE_WITH_KNOTS('',3,(#9161,#9162,#9163,#9164,#9165,
    #9166,#9167,#9168,#9169,#9170,#9171,#9172,#9173,#9174,#9175,#9176,
    #9177,#9178,#9179,#9180,#9181,#9182,#9183,#9184,#9185),
  .UNSPECIFIED.,.F.,.F.,(4,1,1,1,1,1,1,1,1,1,1,1,1,1,1,1,1,1,1,1,1,1,4),
  (-1.1E-16,3.042123855885E-02,6.084247711771E-02,9.126371567656E-02,
    0.121684954235,0.152106192794,0.182527431353,0.212948669912,
    0.243369908471,0.27379114703,0.304212385589,0.334633624147,
    0.365054862706,0.395476101265,0.425897339824,0.456318578383,
    0.486739816942,0.517161055501,0.547582294059,0.578003532618,
    0.608424771177,0.638846009736,0.669267248295),.UNSPECIFIED.);
#9161 = CARTESIAN_POINT('',(0.61342127719,0.521486699067));
#9162 = CARTESIAN_POINT('',(0.614615496297,0.519837546997));
#9163 = CARTESIAN_POINT('',(0.617195530498,0.516556193734));
#9164 = CARTESIAN_POINT('',(0.621635089757,0.511689121167));
#9165 = CARTESIAN_POINT('',(0.626638928975,0.506881117194));
#9166 = CARTESIAN_POINT('',(0.632201638123,0.502136270085));
#9167 = CARTESIAN_POINT('',(0.638317698928,0.497458651641));
#9168 = CARTESIAN_POINT('',(0.644981477075,0.492852314197));
#9169 = CARTESIAN_POINT('',(0.65218723709,0.488321290319));
#9170 = CARTESIAN_POINT('',(0.659929151865,0.483869591937));
#9171 = CARTESIAN_POINT('',(0.668201314233,0.479501209793));
#9172 = CARTESIAN_POINT('',(0.676997748506,0.475220112959));
#9173 = CARTESIAN_POINT('',(0.686312422414,0.471030248516));
#9174 = CARTESIAN_POINT('',(0.696139259206,0.466935541346));
#9175 = CARTESIAN_POINT('',(0.706472149834,0.462939894077));
#9176 = CARTESIAN_POINT('',(0.717304965121,0.459047187154));
#9177 = CARTESIAN_POINT('',(0.728631567776,0.455261279046));
#9178 = CARTESIAN_POINT('',(0.74044582416,0.451586006589));
#9179 = CARTESIAN_POINT('',(0.752741615615,0.448025185467));
#9180 = CARTESIAN_POINT('',(0.765512849473,0.44458261078));
#9181 = CARTESIAN_POINT('',(0.778753468657,0.441262057916));
#9182 = CARTESIAN_POINT('',(0.792457463334,0.438067282859));
#9183 = CARTESIAN_POINT('',(0.806618871013,0.435002025185));
#9184 = CARTESIAN_POINT('',(0.816360833835,0.433047342776));
#9185 = CARTESIAN_POINT('',(0.821306087833,0.432092827784));
#9186 = ( GEOMETRIC_REPRESENTATION_CONTEXT(2) 
PARAMETRIC_REPRESENTATION_CONTEXT() REPRESENTATION_CONTEXT('2D SPACE',''
  ) );
#9187 = PCURVE('',#9188,#9205);
#9188 = B_SPLINE_SURFACE_WITH_KNOTS('',3,3,(
    (#9189,#9190,#9191,#9192)
    ,(#9193,#9194,#9195,#9196)
    ,(#9197,#9198,#9199,#9200)
    ,(#9201,#9202,#9203,#9204
    )),.UNSPECIFIED.,.F.,.F.,.F.,(4,4),(4,4),(0.,1.),(-0.669267248295,
    1.1E-16),.PIECEWISE_BEZIER_KNOTS.);
#9189 = CARTESIAN_POINT('',(420.,-58.22113970542,-179.8655916436));
#9190 = CARTESIAN_POINT('',(421.11951825898,-59.28203754941,
    -179.0910510184));
#9191 = CARTESIAN_POINT('',(422.8499700392,-59.97236439914,
    -177.9912370792));
#9192 = CARTESIAN_POINT('',(424.79917793182,-60.22154396585,
    -176.7764439666));
#9193 = CARTESIAN_POINT('',(419.97607914913,-58.17191648524,
    -179.7614738174));
#9194 = CARTESIAN_POINT('',(421.08871495661,-59.20383298676,
    -178.9696012714));
#9195 = CARTESIAN_POINT('',(422.80870246103,-59.85186206324,
    -177.8574188541));
#9196 = CARTESIAN_POINT('',(424.74089114786,-60.05689092248,
    -176.6484664078));
#9197 = CARTESIAN_POINT('',(419.95215829827,-58.12269326507,
    -179.6573559911));
#9198 = CARTESIAN_POINT('',(421.05791165424,-59.12562842411,
    -178.8481515244));
#9199 = CARTESIAN_POINT('',(422.76743488286,-59.73135972734,
    -177.723600629));
#9200 = CARTESIAN_POINT('',(424.68260436391,-59.8922378791,
    -176.520488849));
#9201 = CARTESIAN_POINT('',(419.92823744741,-58.07347004489,
    -179.5532381648));
#9202 = CARTESIAN_POINT('',(421.02710835187,-59.04742386147,
    -178.7267017774));
#9203 = CARTESIAN_POINT('',(422.72616730469,-59.61085739144,
    -177.5897824039));
#9204 = CARTESIAN_POINT('',(424.62431757995,-59.72758483573,
    -176.3925112902));
#9205 = DEFINITIONAL_REPRESENTATION('',(#9206),#9210);
#9206 = LINE('',#9207,#9208);
#9207 = CARTESIAN_POINT('',(5.09E-15,-5.7E-16));
#9208 = VECTOR('',#9209,1.);
#9209 = DIRECTION('',(7.395E-14,-1.));
#9210 = ( GEOMETRIC_REPRESENTATION_CONTEXT(2) 
PARAMETRIC_REPRESENTATION_CONTEXT() REPRESENTATION_CONTEXT('2D SPACE',''
  ) );
#9211 = ORIENTED_EDGE('',*,*,#9212,.F.);
#9212 = EDGE_CURVE('',#9213,#9150,#9215,.T.);
#9213 = VERTEX_POINT('',#9214);
#9214 = CARTESIAN_POINT('',(424.85672887803,-60.22874657555,
    -176.7405898709));
#9215 = SURFACE_CURVE('',#9216,(#9221,#9227),.PCURVE_S1.);
#9216 = B_SPLINE_CURVE_WITH_KNOTS('',3,(#9217,#9218,#9219,#9220),
  .UNSPECIFIED.,.F.,.F.,(4,4),(3.731547737586,3.739797846171),
  .PIECEWISE_BEZIER_KNOTS.);
#9217 = CARTESIAN_POINT('',(424.85672887803,-60.22874657555,
    -176.7405898709));
#9218 = CARTESIAN_POINT('',(424.83753772673,-60.22639611625,
    -176.7525416017));
#9219 = CARTESIAN_POINT('',(424.81835390903,-60.22399535224,
    -176.7644930376));
#9220 = CARTESIAN_POINT('',(424.79917793182,-60.22154396585,
    -176.7764439666));
#9221 = PCURVE('',#6023,#9222);
#9222 = DEFINITIONAL_REPRESENTATION('',(#9223),#9226);
#9223 = B_SPLINE_CURVE_WITH_KNOTS('',1,(#9224,#9225),.UNSPECIFIED.,.F.,
  .F.,(2,2),(3.731547737586,3.739797846171),.PIECEWISE_BEZIER_KNOTS.);
#9224 = CARTESIAN_POINT('',(0.612661802823,0.52255786985));
#9225 = CARTESIAN_POINT('',(0.61342127719,0.521486699067));
#9226 = ( GEOMETRIC_REPRESENTATION_CONTEXT(2) 
PARAMETRIC_REPRESENTATION_CONTEXT() REPRESENTATION_CONTEXT('2D SPACE',''
  ) );
#9227 = PCURVE('',#9228,#9245);
#9228 = B_SPLINE_SURFACE_WITH_KNOTS('',3,3,(
    (#9229,#9230,#9231,#9232)
    ,(#9233,#9234,#9235,#9236)
    ,(#9237,#9238,#9239,#9240)
    ,(#9241,#9242,#9243,#9244
    )),.UNSPECIFIED.,.F.,.F.,.F.,(4,4),(4,4),(0.,1.),(-3.739797846171,
    -3.731547737586),.PIECEWISE_BEZIER_KNOTS.);
#9229 = CARTESIAN_POINT('',(424.79917793182,-60.22154396585,
    -176.7764439666));
#9230 = CARTESIAN_POINT('',(424.81835390903,-60.22399535224,
    -176.7644930376));
#9231 = CARTESIAN_POINT('',(424.83753772673,-60.22639611625,
    -176.7525416017));
#9232 = CARTESIAN_POINT('',(424.85672887803,-60.22874657555,
    -176.7405898709));
#9233 = CARTESIAN_POINT('',(424.74089114786,-60.05689092248,
    -176.6484664078));
#9234 = CARTESIAN_POINT('',(424.75993463806,-60.05891011064,
    -176.6365508965));
#9235 = CARTESIAN_POINT('',(424.77898751284,-60.06088015478,
    -176.6246393219));
#9236 = CARTESIAN_POINT('',(424.79804926675,-60.06280138941,
    -176.6127318968));
#9237 = CARTESIAN_POINT('',(424.68260436391,-59.8922378791,
    -176.520488849));
#9238 = CARTESIAN_POINT('',(424.70151536708,-59.89382486903,
    -176.5086087553));
#9239 = CARTESIAN_POINT('',(424.72043729895,-59.89536419331,
    -176.4967370422));
#9240 = CARTESIAN_POINT('',(424.73936965548,-59.89685620327,
    -176.4848739228));
#9241 = CARTESIAN_POINT('',(424.62431757995,-59.72758483573,
    -176.3925112902));
#9242 = CARTESIAN_POINT('',(424.64309609611,-59.72873962743,
    -176.3806666142));
#9243 = CARTESIAN_POINT('',(424.66188708506,-59.72984823184,
    -176.3688347624));
#9244 = CARTESIAN_POINT('',(424.6806900442,-59.73091101713,
    -176.3570159488));
#9245 = DEFINITIONAL_REPRESENTATION('',(#9246),#9250);
#9246 = LINE('',#9247,#9248);
#9247 = CARTESIAN_POINT('',(-4.440581E-11,1.332E-14));
#9248 = VECTOR('',#9249,1.);
#9249 = DIRECTION('',(1.188075E-11,-1.));
#9250 = ( GEOMETRIC_REPRESENTATION_CONTEXT(2) 
PARAMETRIC_REPRESENTATION_CONTEXT() REPRESENTATION_CONTEXT('2D SPACE',''
  ) );
#9251 = ORIENTED_EDGE('',*,*,#9252,.F.);
#9252 = EDGE_CURVE('',#8831,#9213,#9253,.T.);
#9253 = SURFACE_CURVE('',#9254,(#9259,#9265),.PCURVE_S1.);
#9254 = B_SPLINE_CURVE_WITH_KNOTS('',3,(#9255,#9256,#9257,#9258),
  .UNSPECIFIED.,.F.,.F.,(4,4),(0.,0.612661788395),
  .PIECEWISE_BEZIER_KNOTS.);
#9255 = CARTESIAN_POINT('',(423.54279195147,-65.71860859689,
    -174.4647843562));
#9256 = CARTESIAN_POINT('',(424.10418504218,-64.01274917148,
    -175.4371457123));
#9257 = CARTESIAN_POINT('',(424.54571949706,-62.16539748825,
    -176.2019058214));
#9258 = CARTESIAN_POINT('',(424.85672887803,-60.22874657555,
    -176.7405898709));
#9259 = PCURVE('',#6023,#9260);
#9260 = DEFINITIONAL_REPRESENTATION('',(#9261),#9264);
#9261 = B_SPLINE_CURVE_WITH_KNOTS('',1,(#9262,#9263),.UNSPECIFIED.,.F.,
  .F.,(2,2),(0.,0.612661788395),.PIECEWISE_BEZIER_KNOTS.);
#9262 = CARTESIAN_POINT('',(-3.989E-14,0.52255786985));
#9263 = CARTESIAN_POINT('',(0.612661802823,0.52255786985));
#9264 = ( GEOMETRIC_REPRESENTATION_CONTEXT(2) 
PARAMETRIC_REPRESENTATION_CONTEXT() REPRESENTATION_CONTEXT('2D SPACE',''
  ) );
#9265 = PCURVE('',#7851,#9266);
#9266 = DEFINITIONAL_REPRESENTATION('',(#9267),#9270);
#9267 = B_SPLINE_CURVE_WITH_KNOTS('',1,(#9268,#9269),.UNSPECIFIED.,.F.,
  .F.,(2,2),(0.,0.612661788395),.PIECEWISE_BEZIER_KNOTS.);
#9268 = CARTESIAN_POINT('',(-3.694E-14,3.522E-14));
#9269 = CARTESIAN_POINT('',(0.612661802823,2.978E-14));
#9270 = ( GEOMETRIC_REPRESENTATION_CONTEXT(2) 
PARAMETRIC_REPRESENTATION_CONTEXT() REPRESENTATION_CONTEXT('2D SPACE',''
  ) );
#9271 = ORIENTED_EDGE('',*,*,#8880,.F.);
#9272 = ORIENTED_EDGE('',*,*,#5997,.T.);
#9273 = ORIENTED_EDGE('',*,*,#9049,.T.);
#9274 = ORIENTED_EDGE('',*,*,#9275,.F.);
#9275 = EDGE_CURVE('',#9276,#9026,#9278,.T.);
#9276 = VERTEX_POINT('',#9277);
#9277 = CARTESIAN_POINT('',(425.26423656244,-49.91942304473,
    -177.4464138848));
#9278 = SURFACE_CURVE('',#9279,(#9284,#9290),.PCURVE_S1.);
#9279 = B_SPLINE_CURVE_WITH_KNOTS('',3,(#9280,#9281,#9282,#9283),
  .UNSPECIFIED.,.F.,.F.,(4,4),(1.664086650713,2.06925624217),
  .PIECEWISE_BEZIER_KNOTS.);
#9280 = CARTESIAN_POINT('',(425.26423627356,-49.91942313382,
    -177.4464133844));
#9281 = CARTESIAN_POINT('',(425.16198106885,-48.59312783884,
    -177.2693021745));
#9282 = CARTESIAN_POINT('',(425.00050627471,-47.28653570033,
    -176.9896196269));
#9283 = CARTESIAN_POINT('',(424.7814224537,-46.01547183055,
    -176.6101553178));
#9284 = PCURVE('',#6023,#9285);
#9285 = DEFINITIONAL_REPRESENTATION('',(#9286),#9289);
#9286 = B_SPLINE_CURVE_WITH_KNOTS('',1,(#9287,#9288),.UNSPECIFIED.,.F.,
  .F.,(2,2),(1.664086650713,2.06925624217),.PIECEWISE_BEZIER_KNOTS.);
#9287 = CARTESIAN_POINT('',(1.657792197029,0.52255786985));
#9288 = CARTESIAN_POINT('',(2.061132601555,0.52255786985));
#9289 = ( GEOMETRIC_REPRESENTATION_CONTEXT(2) 
PARAMETRIC_REPRESENTATION_CONTEXT() REPRESENTATION_CONTEXT('2D SPACE',''
  ) );
#9290 = PCURVE('',#7851,#9291);
#9291 = DEFINITIONAL_REPRESENTATION('',(#9292),#9295);
#9292 = B_SPLINE_CURVE_WITH_KNOTS('',1,(#9293,#9294),.UNSPECIFIED.,.F.,
  .F.,(2,2),(1.664086650713,2.06925624217),.PIECEWISE_BEZIER_KNOTS.);
#9293 = CARTESIAN_POINT('',(1.657792197029,5.802E-14));
#9294 = CARTESIAN_POINT('',(2.061132601555,-1.965E-14));
#9295 = ( GEOMETRIC_REPRESENTATION_CONTEXT(2) 
PARAMETRIC_REPRESENTATION_CONTEXT() REPRESENTATION_CONTEXT('2D SPACE',''
  ) );
#9296 = ORIENTED_EDGE('',*,*,#9297,.F.);
#9297 = EDGE_CURVE('',#9298,#9276,#9300,.T.);
#9298 = VERTEX_POINT('',#9299);
#9299 = CARTESIAN_POINT('',(425.17067925646,-49.93921135609,
    -177.5038317621));
#9300 = SURFACE_CURVE('',#9301,(#9306,#9312),.PCURVE_S1.);
#9301 = B_SPLINE_CURVE_WITH_KNOTS('',3,(#9302,#9303,#9304,#9305),
  .UNSPECIFIED.,.F.,.F.,(4,4),(4.E-15,1.071932274868E-02),
  .PIECEWISE_BEZIER_KNOTS.);
#9302 = CARTESIAN_POINT('',(425.17067925646,-49.93921135609,
    -177.5038317621));
#9303 = CARTESIAN_POINT('',(425.2018432931,-49.93248250887,
    -177.4847217106));
#9304 = CARTESIAN_POINT('',(425.23302961085,-49.92588671234,
    -177.4655820857));
#9305 = CARTESIAN_POINT('',(425.26423656244,-49.91942304473,
    -177.4464138848));
#9306 = PCURVE('',#6023,#9307);
#9307 = DEFINITIONAL_REPRESENTATION('',(#9308),#9311);
#9308 = B_SPLINE_CURVE_WITH_KNOTS('',1,(#9309,#9310),.UNSPECIFIED.,.F.,
  .F.,(2,2),(4.E-15,1.071932274868E-02),.PIECEWISE_BEZIER_KNOTS.);
#9309 = CARTESIAN_POINT('',(1.655786400406,0.520845867581));
#9310 = CARTESIAN_POINT('',(1.657792197029,0.52255786985));
#9311 = ( GEOMETRIC_REPRESENTATION_CONTEXT(2) 
PARAMETRIC_REPRESENTATION_CONTEXT() REPRESENTATION_CONTEXT('2D SPACE',''
  ) );
#9312 = PCURVE('',#9313,#9330);
#9313 = B_SPLINE_SURFACE_WITH_KNOTS('',3,3,(
    (#9314,#9315,#9316,#9317)
    ,(#9318,#9319,#9320,#9321)
    ,(#9322,#9323,#9324,#9325)
    ,(#9326,#9327,#9328,#9329
    )),.UNSPECIFIED.,.F.,.F.,.F.,(4,4),(4,4),(0.,1.),(
    -1.071932274868E-02,-4.E-15),.PIECEWISE_BEZIER_KNOTS.);
#9314 = CARTESIAN_POINT('',(425.26423656244,-49.91942304473,
    -177.4464138848));
#9315 = CARTESIAN_POINT('',(425.23302961085,-49.92588671234,
    -177.4655820857));
#9316 = CARTESIAN_POINT('',(425.2018432931,-49.93248250887,
    -177.4847217106));
#9317 = CARTESIAN_POINT('',(425.17067925646,-49.93921135609,
    -177.5038317621));
#9318 = CARTESIAN_POINT('',(425.20044740148,-50.06858524566,
    -177.2905967752));
#9319 = CARTESIAN_POINT('',(425.16946053368,-50.07433628818,
    -177.3097540538));
#9320 = CARTESIAN_POINT('',(425.13849856941,-50.08021762255,
    -177.3288952489));
#9321 = CARTESIAN_POINT('',(425.10756314024,-50.08623024821,
    -177.3480193263));
#9322 = CARTESIAN_POINT('',(425.13665824053,-50.21774744659,
    -177.1347796657));
#9323 = CARTESIAN_POINT('',(425.10589145651,-50.22278586402,
    -177.1539260219));
#9324 = CARTESIAN_POINT('',(425.07515384571,-50.22795273623,
    -177.1730687873));
#9325 = CARTESIAN_POINT('',(425.04444702402,-50.23324914033,
    -177.1922068904));
#9326 = CARTESIAN_POINT('',(425.07286907958,-50.36690964752,
    -176.9789625561));
#9327 = CARTESIAN_POINT('',(425.04232237934,-50.37123543986,
    -176.9980979899));
#9328 = CARTESIAN_POINT('',(425.01180912201,-50.37568784991,
    -177.0172423256));
#9329 = CARTESIAN_POINT('',(424.9813309078,-50.38026803245,
    -177.0363944545));
#9330 = DEFINITIONAL_REPRESENTATION('',(#9331),#9335);
#9331 = LINE('',#9332,#9333);
#9332 = CARTESIAN_POINT('',(-1.726E-14,-1.56E-15));
#9333 = VECTOR('',#9334,1.);
#9334 = DIRECTION('',(7.78486E-12,-1.));
#9335 = ( GEOMETRIC_REPRESENTATION_CONTEXT(2) 
PARAMETRIC_REPRESENTATION_CONTEXT() REPRESENTATION_CONTEXT('2D SPACE',''
  ) );
#9336 = ORIENTED_EDGE('',*,*,#9337,.F.);
#9337 = EDGE_CURVE('',#9338,#9298,#9340,.T.);
#9338 = VERTEX_POINT('',#9339);
#9339 = CARTESIAN_POINT('',(420.00000000048,-52.64621190056,
    -180.4408968708));
#9340 = SURFACE_CURVE('',#9341,(#9346,#9375),.PCURVE_S1.);
#9341 = B_SPLINE_CURVE_WITH_KNOTS('',3,(#9342,#9343,#9344,#9345),
  .UNSPECIFIED.,.F.,.F.,(4,4),(6.0750621973E-02,0.528880728282),
  .PIECEWISE_BEZIER_KNOTS.);
#9342 = CARTESIAN_POINT('',(420.,-52.64621190109,-180.440896871));
#9343 = CARTESIAN_POINT('',(421.19061300744,-51.35417803487,
    -179.8538648211));
#9344 = CARTESIAN_POINT('',(423.06635690204,-50.39357045561,
    -178.7942200757));
#9345 = CARTESIAN_POINT('',(425.17067925646,-49.93921135609,
    -177.5038317621));
#9346 = PCURVE('',#6023,#9347);
#9347 = DEFINITIONAL_REPRESENTATION('',(#9348),#9374);
#9348 = B_SPLINE_CURVE_WITH_KNOTS('',3,(#9349,#9350,#9351,#9352,#9353,
    #9354,#9355,#9356,#9357,#9358,#9359,#9360,#9361,#9362,#9363,#9364,
    #9365,#9366,#9367,#9368,#9369,#9370,#9371,#9372,#9373),
  .UNSPECIFIED.,.F.,.F.,(4,1,1,1,1,1,1,1,1,1,1,1,1,1,1,1,1,1,1,1,1,1,4),
  (6.0750621973E-02,8.202926316887E-02,0.103307904365,0.124586545561,
    0.145865186756,0.167143827952,0.188422469148,0.209701110344,
    0.23097975154,0.252258392736,0.273537033932,0.294815675128,
    0.316094316323,0.337372957519,0.358651598715,0.379930239911,
    0.401208881107,0.422487522303,0.443766163499,0.465044804695,
    0.48632344589,0.507602087086,0.528880728282),.QUASI_UNIFORM_KNOTS.);
#9349 = CARTESIAN_POINT('',(1.383532335414,0.428355661569));
#9350 = CARTESIAN_POINT('',(1.389414385944,0.429292473556));
#9351 = CARTESIAN_POINT('',(1.401041775221,0.431218804153));
#9352 = CARTESIAN_POINT('',(1.418063448844,0.434262141262));
#9353 = CARTESIAN_POINT('',(1.434656452958,0.437455038605));
#9354 = CARTESIAN_POINT('',(1.45081147332,0.440793223341));
#9355 = CARTESIAN_POINT('',(1.46651859794,0.44427242499));
#9356 = CARTESIAN_POINT('',(1.481769590845,0.447888374171));
#9357 = CARTESIAN_POINT('',(1.496561280422,0.451636800322));
#9358 = CARTESIAN_POINT('',(1.510881552813,0.455513429866));
#9359 = CARTESIAN_POINT('',(1.524720267563,0.459513984467));
#9360 = CARTESIAN_POINT('',(1.538066651692,0.463634179456));
#9361 = CARTESIAN_POINT('',(1.550910013495,0.467869722419));
#9362 = CARTESIAN_POINT('',(1.563239567401,0.472216311949));
#9363 = CARTESIAN_POINT('',(1.575044497367,0.476669636572));
#9364 = CARTESIAN_POINT('',(1.586313956484,0.481225373834));
#9365 = CARTESIAN_POINT('',(1.597037083571,0.485879189562));
#9366 = CARTESIAN_POINT('',(1.607203014926,0.490626737288));
#9367 = CARTESIAN_POINT('',(1.616800896827,0.495463657851));
#9368 = CARTESIAN_POINT('',(1.625819897328,0.500385579126));
#9369 = CARTESIAN_POINT('',(1.63424921669,0.505388116049));
#9370 = CARTESIAN_POINT('',(1.64207809979,0.510466870285));
#9371 = CARTESIAN_POINT('',(1.649295837025,0.515617431971));
#9372 = CARTESIAN_POINT('',(1.65369314812,0.519096060278));
#9373 = CARTESIAN_POINT('',(1.655786400406,0.520845867581));
#9374 = ( GEOMETRIC_REPRESENTATION_CONTEXT(2) 
PARAMETRIC_REPRESENTATION_CONTEXT() REPRESENTATION_CONTEXT('2D SPACE',''
  ) );
#9375 = PCURVE('',#9376,#9393);
#9376 = B_SPLINE_SURFACE_WITH_KNOTS('',3,3,(
    (#9377,#9378,#9379,#9380)
    ,(#9381,#9382,#9383,#9384)
    ,(#9385,#9386,#9387,#9388)
    ,(#9389,#9390,#9391,#9392
    )),.UNSPECIFIED.,.F.,.F.,.F.,(4,4),(4,4),(0.,1.),(-0.528880728282,
    -6.0750621973E-02),.PIECEWISE_BEZIER_KNOTS.);
#9377 = CARTESIAN_POINT('',(425.17067925646,-49.93921135609,
    -177.5038317621));
#9378 = CARTESIAN_POINT('',(423.06635690204,-50.39357045561,
    -178.7942200757));
#9379 = CARTESIAN_POINT('',(421.19061300744,-51.35417803487,
    -179.8538648211));
#9380 = CARTESIAN_POINT('',(420.,-52.64621190109,-180.440896871));
#9381 = CARTESIAN_POINT('',(425.10756314024,-50.08623024821,
    -177.3480193263));
#9382 = CARTESIAN_POINT('',(423.02269185383,-50.49162386105,
    -178.6368320162));
#9383 = CARTESIAN_POINT('',(421.15852970877,-51.4084922474,
    -179.7170554725));
#9384 = CARTESIAN_POINT('',(419.97552230285,-52.67344541972,
    -180.3282453418));
#9385 = CARTESIAN_POINT('',(425.04444702402,-50.23324914033,
    -177.1922068904));
#9386 = CARTESIAN_POINT('',(422.97902680562,-50.58967726649,
    -178.4794439567));
#9387 = CARTESIAN_POINT('',(421.12644641009,-51.46280645994,
    -179.5802461239));
#9388 = CARTESIAN_POINT('',(419.95104460571,-52.70067893835,
    -180.2155938125));
#9389 = CARTESIAN_POINT('',(424.9813309078,-50.38026803245,
    -177.0363944545));
#9390 = CARTESIAN_POINT('',(422.93536175741,-50.68773067194,
    -178.3220558972));
#9391 = CARTESIAN_POINT('',(421.09436311142,-51.51712067247,
    -179.4434367753));
#9392 = CARTESIAN_POINT('',(419.92656690857,-52.72791245698,
    -180.1029422833));
#9393 = DEFINITIONAL_REPRESENTATION('',(#9394),#9398);
#9394 = LINE('',#9395,#9396);
#9395 = CARTESIAN_POINT('',(3.213E-14,7.72E-15));
#9396 = VECTOR('',#9397,1.);
#9397 = DIRECTION('',(-8.761E-14,-1.));
#9398 = ( GEOMETRIC_REPRESENTATION_CONTEXT(2) 
PARAMETRIC_REPRESENTATION_CONTEXT() REPRESENTATION_CONTEXT('2D SPACE',''
  ) );
#9399 = ORIENTED_EDGE('',*,*,#9400,.F.);
#9400 = EDGE_CURVE('',#9401,#9338,#9403,.T.);
#9401 = VERTEX_POINT('',#9402);
#9402 = CARTESIAN_POINT('',(420.,-53.54116860213,-180.4520299994));
#9403 = SURFACE_CURVE('',#9404,(#9409,#9415),.PCURVE_S1.);
#9404 = B_SPLINE_CURVE_WITH_KNOTS('',3,(#9405,#9406,#9407,#9408),
  .UNSPECIFIED.,.F.,.F.,(4,4),(-0.331059745967,-0.24135193149),
  .PIECEWISE_BEZIER_KNOTS.);
#9405 = CARTESIAN_POINT('',(420.,-53.54116860213,-180.4520299994));
#9406 = CARTESIAN_POINT('',(420.,-53.24275366952,-180.4548410022));
#9407 = CARTESIAN_POINT('',(420.,-52.94437148086,-180.4511267431));
#9408 = CARTESIAN_POINT('',(420.,-52.64621190055,-180.440896871));
#9409 = PCURVE('',#6023,#9410);
#9410 = DEFINITIONAL_REPRESENTATION('',(#9411),#9414);
#9411 = B_SPLINE_CURVE_WITH_KNOTS('',1,(#9412,#9413),.UNSPECIFIED.,.F.,
  .F.,(2,2),(-0.331059745967,-0.24135193149),.PIECEWISE_BEZIER_KNOTS.);
#9412 = CARTESIAN_POINT('',(1.293893521703,0.428283948394));
#9413 = CARTESIAN_POINT('',(1.383532335468,0.428355661569));
#9414 = ( GEOMETRIC_REPRESENTATION_CONTEXT(2) 
PARAMETRIC_REPRESENTATION_CONTEXT() REPRESENTATION_CONTEXT('2D SPACE',''
  ) );
#9415 = PCURVE('',#9136,#9416);
#9416 = DEFINITIONAL_REPRESENTATION('',(#9417),#9422);
#9417 = B_SPLINE_CURVE_WITH_KNOTS('',3,(#9418,#9419,#9420,#9421),
  .UNSPECIFIED.,.F.,.F.,(4,4),(-0.331059745967,-0.24135193149),
  .PIECEWISE_BEZIER_KNOTS.);
#9418 = CARTESIAN_POINT('',(4.520432606798,1.458831397864));
#9419 = CARTESIAN_POINT('',(4.523243609603,1.757246330474));
#9420 = CARTESIAN_POINT('',(4.519529350542,2.055628519137));
#9421 = CARTESIAN_POINT('',(4.509299478394,2.353788099446));
#9422 = ( GEOMETRIC_REPRESENTATION_CONTEXT(2) 
PARAMETRIC_REPRESENTATION_CONTEXT() REPRESENTATION_CONTEXT('2D SPACE',''
  ) );
#9423 = ORIENTED_EDGE('',*,*,#9424,.T.);
#9424 = EDGE_CURVE('',#9401,#9121,#9425,.T.);
#9425 = SURFACE_CURVE('',#9426,(#9433,#9462),.PCURVE_S1.);
#9426 = B_SPLINE_CURVE_WITH_KNOTS('',3,(#9427,#9428,#9429,#9430,#9431,
    #9432),.UNSPECIFIED.,.F.,.F.,(4,2,4),(-0.685820918684,
    -0.532588158427,-0.301401956128),.UNSPECIFIED.);
#9427 = CARTESIAN_POINT('',(420.,-53.54116860213,-180.4520299994));
#9428 = CARTESIAN_POINT('',(420.,-54.05065753651,-180.4472307261));
#9429 = CARTESIAN_POINT('',(420.,-54.56031587659,-180.423410271));
#9430 = CARTESIAN_POINT('',(420.,-55.8369677138,-180.3157670438));
#9431 = CARTESIAN_POINT('',(420.,-56.59919500851,-180.2079064853));
#9432 = CARTESIAN_POINT('',(420.,-57.35284398521,-180.0579305325));
#9433 = PCURVE('',#6023,#9434);
#9434 = DEFINITIONAL_REPRESENTATION('',(#9435),#9461);
#9435 = B_SPLINE_CURVE_WITH_KNOTS('',3,(#9436,#9437,#9438,#9439,#9440,
    #9441,#9442,#9443,#9444,#9445,#9446,#9447,#9448,#9449,#9450,#9451,
    #9452,#9453,#9454,#9455,#9456,#9457,#9458,#9459,#9460),
  .UNSPECIFIED.,.F.,.F.,(4,1,1,1,1,1,1,1,1,1,1,1,1,1,1,1,1,1,1,1,1,1,4),
  (-0.685820918684,-0.668347329477,-0.65087374027,-0.633400151063,
    -0.615926561856,-0.598452972649,-0.580979383442,-0.563505794235,
    -0.546032205028,-0.52855861582,-0.511085026613,-0.493611437406,
    -0.476137848199,-0.458664258992,-0.441190669785,-0.423717080578,
    -0.406243491371,-0.388769902164,-0.371296312957,-0.35382272375,
    -0.336349134543,-0.318875545336,-0.301401956128),
  .QUASI_UNIFORM_KNOTS.);
#9436 = CARTESIAN_POINT('',(1.293893521703,0.428283948394));
#9437 = CARTESIAN_POINT('',(1.28807301349,0.428287473165));
#9438 = CARTESIAN_POINT('',(1.27643057717,0.428297708453));
#9439 = CARTESIAN_POINT('',(1.258962713942,0.42832262569));
#9440 = CARTESIAN_POINT('',(1.241490691817,0.428357113839));
#9441 = CARTESIAN_POINT('',(1.224014564436,0.428401181152));
#9442 = CARTESIAN_POINT('',(1.206534364786,0.428454837105));
#9443 = CARTESIAN_POINT('',(1.18905019828,0.428518092008));
#9444 = CARTESIAN_POINT('',(1.171561895085,0.428590958994));
#9445 = CARTESIAN_POINT('',(1.154070307936,0.428673446483));
#9446 = CARTESIAN_POINT('',(1.136572468765,0.428765586351));
#9447 = CARTESIAN_POINT('',(1.119081741158,0.428867317203));
#9448 = CARTESIAN_POINT('',(1.10160076094,0.428978618802));
#9449 = CARTESIAN_POINT('',(1.08412884303,0.42909949278));
#9450 = CARTESIAN_POINT('',(1.066666195395,0.429229936423));
#9451 = CARTESIAN_POINT('',(1.04921278999,0.429369949687));
#9452 = CARTESIAN_POINT('',(1.031768665348,0.429519533321));
#9453 = CARTESIAN_POINT('',(1.01433384556,0.429678689365));
#9454 = CARTESIAN_POINT('',(0.996908362028,0.429847421012));
#9455 = CARTESIAN_POINT('',(0.979492247697,0.430025732651));
#9456 = CARTESIAN_POINT('',(0.962085538617,0.43021362984));
#9457 = CARTESIAN_POINT('',(0.944688273656,0.430411119351));
#9458 = CARTESIAN_POINT('',(0.92730049427,0.430618209019));
#9459 = CARTESIAN_POINT('',(0.915714995337,0.430762675208));
#9460 = CARTESIAN_POINT('',(0.90992384175,0.430836511404));
#9461 = ( GEOMETRIC_REPRESENTATION_CONTEXT(2) 
PARAMETRIC_REPRESENTATION_CONTEXT() REPRESENTATION_CONTEXT('2D SPACE',''
  ) );
#9462 = PCURVE('',#9136,#9463);
#9463 = DEFINITIONAL_REPRESENTATION('',(#9464),#9471);
#9464 = B_SPLINE_CURVE_WITH_KNOTS('',3,(#9465,#9466,#9467,#9468,#9469,
    #9470),.UNSPECIFIED.,.F.,.F.,(4,2,4),(-0.685820918684,
    -0.532588158427,-0.301401956128),.UNSPECIFIED.);
#9465 = CARTESIAN_POINT('',(4.520432606798,1.458831397864));
#9466 = CARTESIAN_POINT('',(4.51563333348,0.949342463481));
#9467 = CARTESIAN_POINT('',(4.491812878442,0.439684123401));
#9468 = CARTESIAN_POINT('',(4.384169651235,-0.836967713809));
#9469 = CARTESIAN_POINT('',(4.276309092722,-1.599195008519));
#9470 = CARTESIAN_POINT('',(4.126333139878,-2.352843985211));
#9471 = ( GEOMETRIC_REPRESENTATION_CONTEXT(2) 
PARAMETRIC_REPRESENTATION_CONTEXT() REPRESENTATION_CONTEXT('2D SPACE',''
  ) );
#9472 = ADVANCED_FACE('',(#9473),#6123,.F.);
#9473 = FACE_BOUND('',#9474,.F.);
#9474 = EDGE_LOOP('',(#9475,#9498,#9499,#9500));
#9475 = ORIENTED_EDGE('',*,*,#9476,.T.);
#9476 = EDGE_CURVE('',#9477,#6107,#9479,.T.);
#9477 = VERTEX_POINT('',#9478);
#9478 = CARTESIAN_POINT('',(420.,-57.7,-175.9315973926));
#9479 = SEAM_CURVE('',#9480,(#9484,#9491),.PCURVE_S1.);
#9480 = LINE('',#9481,#9482);
#9481 = CARTESIAN_POINT('',(420.,-57.7,-175.9315973926));
#9482 = VECTOR('',#9483,1.);
#9483 = DIRECTION('',(-1.,0.,0.));
#9484 = PCURVE('',#6123,#9485);
#9485 = DEFINITIONAL_REPRESENTATION('',(#9486),#9490);
#9486 = LINE('',#9487,#9488);
#9487 = CARTESIAN_POINT('',(9.424777960769,0.));
#9488 = VECTOR('',#9489,1.);
#9489 = DIRECTION('',(0.,1.));
#9490 = ( GEOMETRIC_REPRESENTATION_CONTEXT(2) 
PARAMETRIC_REPRESENTATION_CONTEXT() REPRESENTATION_CONTEXT('2D SPACE',''
  ) );
#9491 = PCURVE('',#6123,#9492);
#9492 = DEFINITIONAL_REPRESENTATION('',(#9493),#9497);
#9493 = LINE('',#9494,#9495);
#9494 = CARTESIAN_POINT('',(3.14159265359,0.));
#9495 = VECTOR('',#9496,1.);
#9496 = DIRECTION('',(0.,1.));
#9497 = ( GEOMETRIC_REPRESENTATION_CONTEXT(2) 
PARAMETRIC_REPRESENTATION_CONTEXT() REPRESENTATION_CONTEXT('2D SPACE',''
  ) );
#9498 = ORIENTED_EDGE('',*,*,#6106,.T.);
#9499 = ORIENTED_EDGE('',*,*,#9476,.F.);
#9500 = ORIENTED_EDGE('',*,*,#9501,.T.);
#9501 = EDGE_CURVE('',#9477,#9477,#9502,.T.);
#9502 = SURFACE_CURVE('',#9503,(#9508,#9515),.PCURVE_S1.);
#9503 = CIRCLE('',#9504,2.7);
#9504 = AXIS2_PLACEMENT_3D('',#9505,#9506,#9507);
#9505 = CARTESIAN_POINT('',(420.,-55.,-175.9315973926));
#9506 = DIRECTION('',(-1.,0.,0.));
#9507 = DIRECTION('',(0.,1.,0.));
#9508 = PCURVE('',#6123,#9509);
#9509 = DEFINITIONAL_REPRESENTATION('',(#9510),#9514);
#9510 = LINE('',#9511,#9512);
#9511 = CARTESIAN_POINT('',(0.,0.));
#9512 = VECTOR('',#9513,1.);
#9513 = DIRECTION('',(1.,0.));
#9514 = ( GEOMETRIC_REPRESENTATION_CONTEXT(2) 
PARAMETRIC_REPRESENTATION_CONTEXT() REPRESENTATION_CONTEXT('2D SPACE',''
  ) );
#9515 = PCURVE('',#9136,#9516);
#9516 = DEFINITIONAL_REPRESENTATION('',(#9517),#9525);
#9517 = ( BOUNDED_CURVE() B_SPLINE_CURVE(2,(#9518,#9519,#9520,#9521,
#9522,#9523,#9524),.UNSPECIFIED.,.T.,.F.) B_SPLINE_CURVE_WITH_KNOTS((1,2
    ,2,2,2,1),(-2.094395102393,0.,2.094395102393,4.188790204786,
6.28318530718,8.377580409573),.UNSPECIFIED.) CURVE() 
GEOMETRIC_REPRESENTATION_ITEM() RATIONAL_B_SPLINE_CURVE((1.,0.5,1.,0.5,
1.,0.5,1.)) REPRESENTATION_ITEM('') );
#9518 = CARTESIAN_POINT('',(0.,2.7));
#9519 = CARTESIAN_POINT('',(4.676537180436,2.7));
#9520 = CARTESIAN_POINT('',(2.338268590218,-1.35));
#9521 = CARTESIAN_POINT('',(6.613092715396E-16,-5.4));
#9522 = CARTESIAN_POINT('',(-2.338268590218,-1.35));
#9523 = CARTESIAN_POINT('',(-4.676537180436,2.7));
#9524 = CARTESIAN_POINT('',(0.,2.7));
#9525 = ( GEOMETRIC_REPRESENTATION_CONTEXT(2) 
PARAMETRIC_REPRESENTATION_CONTEXT() REPRESENTATION_CONTEXT('2D SPACE',''
  ) );
#9526 = ADVANCED_FACE('',(#9527),#6204,.T.);
#9527 = FACE_BOUND('',#9528,.T.);
#9528 = EDGE_LOOP('',(#9529,#9530,#9531,#9532));
#9529 = ORIENTED_EDGE('',*,*,#8337,.F.);
#9530 = ORIENTED_EDGE('',*,*,#6138,.T.);
#9531 = ORIENTED_EDGE('',*,*,#8517,.T.);
#9532 = ORIENTED_EDGE('',*,*,#9533,.T.);
#9533 = EDGE_CURVE('',#8470,#8338,#9534,.T.);
#9534 = SURFACE_CURVE('',#9535,(#9547,#9553),.PCURVE_S1.);
#9535 = B_SPLINE_CURVE_WITH_KNOTS('',3,(#9536,#9537,#9538,#9539,#9540,
    #9541,#9542,#9543,#9544,#9545,#9546),.UNSPECIFIED.,.F.,.F.,(4,1,1,1,
    1,1,2,4),(0.392305355642,0.601311571898,0.810317788155,
    0.914820896283,1.019324004412,1.228330220668,1.437336436925,
    1.474977849422),.UNSPECIFIED.);
#9536 = CARTESIAN_POINT('',(419.45136471928,18.144616413558,
    -155.0710940844));
#9537 = CARTESIAN_POINT('',(419.77849773902,17.736741916136,
    -155.587924353));
#9538 = CARTESIAN_POINT('',(420.51809630383,17.078025587702,
    -156.6868749149));
#9539 = CARTESIAN_POINT('',(421.63457870469,16.569463738351,
    -158.1470332836));
#9540 = CARTESIAN_POINT('',(422.56892715217,16.385408155423,
    -159.2563314687));
#9541 = CARTESIAN_POINT('',(423.48696474286,16.335591082161,
    -160.2874038822));
#9542 = CARTESIAN_POINT('',(424.78185664402,16.55001378274,
    -161.618676524));
#9543 = CARTESIAN_POINT('',(425.7814100648,17.115561457291,
    -162.5201571476));
#9544 = CARTESIAN_POINT('',(426.30172541216,17.555247891281,
    -162.9651351246));
#9545 = CARTESIAN_POINT('',(426.37975756489,17.625648212954,
    -163.0311035491));
#9546 = CARTESIAN_POINT('',(426.45608737282,17.699344582997,
    -163.0949264451));
#9547 = PCURVE('',#6204,#9548);
#9548 = DEFINITIONAL_REPRESENTATION('',(#9549),#9552);
#9549 = B_SPLINE_CURVE_WITH_KNOTS('',1,(#9550,#9551),.UNSPECIFIED.,.F.,
  .F.,(2,2),(0.392305355642,1.474977849422),.PIECEWISE_BEZIER_KNOTS.);
#9550 = CARTESIAN_POINT('',(0.998067659894,0.392305357839));
#9551 = CARTESIAN_POINT('',(1.000000000001,1.474977849422));
#9552 = ( GEOMETRIC_REPRESENTATION_CONTEXT(2) 
PARAMETRIC_REPRESENTATION_CONTEXT() REPRESENTATION_CONTEXT('2D SPACE',''
  ) );
#9553 = PCURVE('',#8391,#9554);
#9554 = DEFINITIONAL_REPRESENTATION('',(#9555),#9603);
#9555 = B_SPLINE_CURVE_WITH_KNOTS('',3,(#9556,#9557,#9558,#9559,#9560,
    #9561,#9562,#9563,#9564,#9565,#9566,#9567,#9568,#9569,#9570,#9571,
    #9572,#9573,#9574,#9575,#9576,#9577,#9578,#9579,#9580,#9581,#9582,
    #9583,#9584,#9585,#9586,#9587,#9588,#9589,#9590,#9591,#9592,#9593,
    #9594,#9595,#9596,#9597,#9598,#9599,#9600,#9601,#9602),
  .UNSPECIFIED.,.F.,.F.,(4,1,1,1,1,1,1,1,1,1,1,1,1,1,1,1,1,1,1,1,1,1,1,1
    ,1,1,1,1,1,1,1,1,1,1,1,1,1,1,1,1,1,1,1,1,4),(0.392305355642,
    0.416911548682,0.441517741723,0.466123934763,0.490730127804,
    0.515336320844,0.539942513885,0.564548706925,0.589154899966,
    0.613761093006,0.638367286046,0.662973479087,0.687579672127,
    0.712185865168,0.736792058208,0.761398251249,0.786004444289,
    0.81061063733,0.83521683037,0.859823023411,0.884429216451,
    0.909035409492,0.933641602532,0.958247795573,0.982853988613,
    1.007460181653,1.032066374694,1.056672567734,1.081278760775,
    1.105884953815,1.130491146856,1.155097339896,1.179703532937,
    1.204309725977,1.228915919018,1.253522112058,1.278128305099,
    1.302734498139,1.32734069118,1.35194688422,1.376553077261,
    1.401159270301,1.425765463341,1.450371656382,1.474977849422),
  .QUASI_UNIFORM_KNOTS.);
#9556 = CARTESIAN_POINT('',(2.465607020313,7.171094084419));
#9557 = CARTESIAN_POINT('',(2.452647942927,7.231940242901));
#9558 = CARTESIAN_POINT('',(2.426931585495,7.354537494945));
#9559 = CARTESIAN_POINT('',(2.388891146243,7.540997881096));
#9560 = CARTESIAN_POINT('',(2.351313438712,7.729872488914));
#9561 = CARTESIAN_POINT('',(2.314127342889,7.921010994404));
#9562 = CARTESIAN_POINT('',(2.277262854971,8.114263213137));
#9563 = CARTESIAN_POINT('',(2.240651927339,8.309478440001));
#9564 = CARTESIAN_POINT('',(2.204228328516,8.506507913048));
#9565 = CARTESIAN_POINT('',(2.16793103734,8.705195618356));
#9566 = CARTESIAN_POINT('',(2.131694181758,8.90541260674));
#9567 = CARTESIAN_POINT('',(2.095495493059,9.106901592614));
#9568 = CARTESIAN_POINT('',(2.059352481092,9.309280216335));
#9569 = CARTESIAN_POINT('',(2.02327465108,9.512192813208));
#9570 = CARTESIAN_POINT('',(1.987273707469,9.715276566981));
#9571 = CARTESIAN_POINT('',(1.951360350094,9.918170572678));
#9572 = CARTESIAN_POINT('',(1.915544674593,10.120513431779));
#9573 = CARTESIAN_POINT('',(1.879835598982,10.321943808661));
#9574 = CARTESIAN_POINT('',(1.844240635562,10.522100609658));
#9575 = CARTESIAN_POINT('',(1.808765325463,10.720621710348));
#9576 = CARTESIAN_POINT('',(1.77344046013,10.917127531754));
#9577 = CARTESIAN_POINT('',(1.738305534003,11.111226994245));
#9578 = CARTESIAN_POINT('',(1.703396151861,11.302572610108));
#9579 = CARTESIAN_POINT('',(1.66878588103,11.490654024608));
#9580 = CARTESIAN_POINT('',(1.634302053231,11.67618151048));
#9581 = CARTESIAN_POINT('',(1.599692251277,11.860222230393));
#9582 = CARTESIAN_POINT('',(1.564727439713,12.043704087881));
#9583 = CARTESIAN_POINT('',(1.529133511417,12.22777293211));
#9584 = CARTESIAN_POINT('',(1.492821717502,12.412633987822));
#9585 = CARTESIAN_POINT('',(1.455870850638,12.597629267341));
#9586 = CARTESIAN_POINT('',(1.418319675306,12.78228707748));
#9587 = CARTESIAN_POINT('',(1.380212625195,12.966085802746));
#9588 = CARTESIAN_POINT('',(1.34158646145,13.148517222376));
#9589 = CARTESIAN_POINT('',(1.302472745883,13.329069459004));
#9590 = CARTESIAN_POINT('',(1.262896075146,13.507231866937));
#9591 = CARTESIAN_POINT('',(1.222873553598,13.682492530392));
#9592 = CARTESIAN_POINT('',(1.182413746137,13.854343384845));
#9593 = CARTESIAN_POINT('',(1.14154758173,14.022466178273));
#9594 = CARTESIAN_POINT('',(1.100306524014,14.186539159599));
#9595 = CARTESIAN_POINT('',(1.058721380189,14.346241570173));
#9596 = CARTESIAN_POINT('',(1.016821529053,14.501252180683));
#9597 = CARTESIAN_POINT('',(0.97463358863,14.651250652036));
#9598 = CARTESIAN_POINT('',(0.9321817992,14.795913554931));
#9599 = CARTESIAN_POINT('',(0.889482101699,14.934928930676));
#9600 = CARTESIAN_POINT('',(0.846559814778,15.067942028355));
#9601 = CARTESIAN_POINT('',(0.817573864629,15.153129692423));
#9602 = CARTESIAN_POINT('',(0.80294955443,15.194926445161));
#9603 = ( GEOMETRIC_REPRESENTATION_CONTEXT(2) 
PARAMETRIC_REPRESENTATION_CONTEXT() REPRESENTATION_CONTEXT('2D SPACE',''
  ) );
#9604 = ADVANCED_FACE('',(#9605),#6696,.F.);
#9605 = FACE_BOUND('',#9606,.T.);
#9606 = EDGE_LOOP('',(#9607,#9608,#9629,#9630));
#9607 = ORIENTED_EDGE('',*,*,#6402,.T.);
#9608 = ORIENTED_EDGE('',*,*,#9609,.T.);
#9609 = EDGE_CURVE('',#6403,#7610,#9610,.T.);
#9610 = SEAM_CURVE('',#9611,(#9615,#9622),.PCURVE_S1.);
#9611 = LINE('',#9612,#9613);
#9612 = CARTESIAN_POINT('',(412.17449300378,-4.497236117495,
    -150.968817675));
#9613 = VECTOR('',#9614,1.);
#9614 = DIRECTION('',(1.,0.,0.));
#9615 = PCURVE('',#6696,#9616);
#9616 = DEFINITIONAL_REPRESENTATION('',(#9617),#9621);
#9617 = LINE('',#9618,#9619);
#9618 = CARTESIAN_POINT('',(-0.,0.));
#9619 = VECTOR('',#9620,1.);
#9620 = DIRECTION('',(-0.,1.));
#9621 = ( GEOMETRIC_REPRESENTATION_CONTEXT(2) 
PARAMETRIC_REPRESENTATION_CONTEXT() REPRESENTATION_CONTEXT('2D SPACE',''
  ) );
#9622 = PCURVE('',#6696,#9623);
#9623 = DEFINITIONAL_REPRESENTATION('',(#9624),#9628);
#9624 = LINE('',#9625,#9626);
#9625 = CARTESIAN_POINT('',(-6.28318530718,0.));
#9626 = VECTOR('',#9627,1.);
#9627 = DIRECTION('',(-0.,1.));
#9628 = ( GEOMETRIC_REPRESENTATION_CONTEXT(2) 
PARAMETRIC_REPRESENTATION_CONTEXT() REPRESENTATION_CONTEXT('2D SPACE',''
  ) );
#9629 = ORIENTED_EDGE('',*,*,#7609,.F.);
#9630 = ORIENTED_EDGE('',*,*,#9609,.F.);
#9631 = ADVANCED_FACE('',(#9632),#7085,.T.);
#9632 = FACE_BOUND('',#9633,.T.);
#9633 = EDGE_LOOP('',(#9634,#9701,#9729,#9917,#9918));
#9634 = ORIENTED_EDGE('',*,*,#9635,.T.);
#9635 = EDGE_CURVE('',#6850,#9636,#9638,.T.);
#9636 = VERTEX_POINT('',#9637);
#9637 = CARTESIAN_POINT('',(414.76646265408,9.490491753954,-147.39184268
    ));
#9638 = SEAM_CURVE('',#9639,(#9643,#9672),.PCURVE_S1.);
#9639 = LINE('',#9640,#9641);
#9640 = CARTESIAN_POINT('',(414.54852586997,9.509141963257,
    -147.4331299547));
#9641 = VECTOR('',#9642,1.);
#9642 = DIRECTION('',(0.979069406584,-8.378507295142E-02,0.185480884842)
  );
#9643 = PCURVE('',#7085,#9644);
#9644 = DEFINITIONAL_REPRESENTATION('',(#9645),#9671);
#9645 = B_SPLINE_CURVE_WITH_KNOTS('',3,(#9646,#9647,#9648,#9649,#9650,
    #9651,#9652,#9653,#9654,#9655,#9656,#9657,#9658,#9659,#9660,#9661,
    #9662,#9663,#9664,#9665,#9666,#9667,#9668,#9669,#9670),
  .UNSPECIFIED.,.F.,.F.,(4,1,1,1,1,1,1,1,1,1,1,1,1,1,1,1,1,1,1,1,1,1,4),
  (0.,1.011799305858E-02,2.023598611715E-02,3.035397917573E-02,
    4.04719722343E-02,5.058996529288E-02,6.070795835145E-02,
    7.082595141003E-02,8.094394446861E-02,9.106193752718E-02,
    0.101179930586,0.111297923644,0.121415916703,0.131533909761,
    0.14165190282,0.151769895879,0.161887888937,0.172005881996,
    0.182123875054,0.192241868113,0.202359861172,0.21247785423,
    0.222595847289),.UNSPECIFIED.);
#9646 = CARTESIAN_POINT('',(0.,0.));
#9647 = CARTESIAN_POINT('',(1.515151515164E-02,0.));
#9648 = CARTESIAN_POINT('',(4.545454545482E-02,0.));
#9649 = CARTESIAN_POINT('',(9.090909090944E-02,0.));
#9650 = CARTESIAN_POINT('',(0.136363636364,0.));
#9651 = CARTESIAN_POINT('',(0.181818181819,0.));
#9652 = CARTESIAN_POINT('',(0.227272727273,0.));
#9653 = CARTESIAN_POINT('',(0.272727272728,0.));
#9654 = CARTESIAN_POINT('',(0.318181818182,0.));
#9655 = CARTESIAN_POINT('',(0.363636363637,0.));
#9656 = CARTESIAN_POINT('',(0.409090909091,0.));
#9657 = CARTESIAN_POINT('',(0.454545454546,0.));
#9658 = CARTESIAN_POINT('',(0.5,0.));
#9659 = CARTESIAN_POINT('',(0.545454545455,0.));
#9660 = CARTESIAN_POINT('',(0.590909090909,0.));
#9661 = CARTESIAN_POINT('',(0.636363636363,0.));
#9662 = CARTESIAN_POINT('',(0.681818181818,0.));
#9663 = CARTESIAN_POINT('',(0.727272727272,0.));
#9664 = CARTESIAN_POINT('',(0.772727272727,0.));
#9665 = CARTESIAN_POINT('',(0.818181818182,0.));
#9666 = CARTESIAN_POINT('',(0.863636363636,0.));
#9667 = CARTESIAN_POINT('',(0.909090909091,0.));
#9668 = CARTESIAN_POINT('',(0.954545454545,0.));
#9669 = CARTESIAN_POINT('',(0.984848484848,0.));
#9670 = CARTESIAN_POINT('',(1.,0.));
#9671 = ( GEOMETRIC_REPRESENTATION_CONTEXT(2) 
PARAMETRIC_REPRESENTATION_CONTEXT() REPRESENTATION_CONTEXT('2D SPACE',''
  ) );
#9672 = PCURVE('',#7085,#9673);
#9673 = DEFINITIONAL_REPRESENTATION('',(#9674),#9700);
#9674 = B_SPLINE_CURVE_WITH_KNOTS('',3,(#9675,#9676,#9677,#9678,#9679,
    #9680,#9681,#9682,#9683,#9684,#9685,#9686,#9687,#9688,#9689,#9690,
    #9691,#9692,#9693,#9694,#9695,#9696,#9697,#9698,#9699),
  .UNSPECIFIED.,.F.,.F.,(4,1,1,1,1,1,1,1,1,1,1,1,1,1,1,1,1,1,1,1,1,1,4),
  (0.,1.011799305858E-02,2.023598611715E-02,3.035397917573E-02,
    4.04719722343E-02,5.058996529288E-02,6.070795835145E-02,
    7.082595141003E-02,8.094394446861E-02,9.106193752718E-02,
    0.101179930586,0.111297923644,0.121415916703,0.131533909761,
    0.14165190282,0.151769895879,0.161887888937,0.172005881996,
    0.182123875054,0.192241868113,0.202359861172,0.21247785423,
    0.222595847289),.UNSPECIFIED.);
#9675 = CARTESIAN_POINT('',(0.,4.053000977621));
#9676 = CARTESIAN_POINT('',(1.515151515164E-02,4.053000977621));
#9677 = CARTESIAN_POINT('',(4.545454545482E-02,4.053000977621));
#9678 = CARTESIAN_POINT('',(9.090909090944E-02,4.053000977621));
#9679 = CARTESIAN_POINT('',(0.136363636364,4.053000977621));
#9680 = CARTESIAN_POINT('',(0.181818181819,4.053000977621));
#9681 = CARTESIAN_POINT('',(0.227272727273,4.053000977621));
#9682 = CARTESIAN_POINT('',(0.272727272728,4.053000977621));
#9683 = CARTESIAN_POINT('',(0.318181818182,4.053000977621));
#9684 = CARTESIAN_POINT('',(0.363636363637,4.053000977621));
#9685 = CARTESIAN_POINT('',(0.409090909091,4.053000977621));
#9686 = CARTESIAN_POINT('',(0.454545454546,4.053000977621));
#9687 = CARTESIAN_POINT('',(0.5,4.053000977621));
#9688 = CARTESIAN_POINT('',(0.545454545455,4.053000977621));
#9689 = CARTESIAN_POINT('',(0.590909090909,4.053000977621));
#9690 = CARTESIAN_POINT('',(0.636363636363,4.053000977621));
#9691 = CARTESIAN_POINT('',(0.681818181818,4.053000977621));
#9692 = CARTESIAN_POINT('',(0.727272727272,4.053000977621));
#9693 = CARTESIAN_POINT('',(0.772727272727,4.053000977621));
#9694 = CARTESIAN_POINT('',(0.818181818182,4.053000977621));
#9695 = CARTESIAN_POINT('',(0.863636363636,4.053000977621));
#9696 = CARTESIAN_POINT('',(0.909090909091,4.053000977621));
#9697 = CARTESIAN_POINT('',(0.954545454545,4.053000977621));
#9698 = CARTESIAN_POINT('',(0.984848484848,4.053000977621));
#9699 = CARTESIAN_POINT('',(1.,4.053000977621));
#9700 = ( GEOMETRIC_REPRESENTATION_CONTEXT(2) 
PARAMETRIC_REPRESENTATION_CONTEXT() REPRESENTATION_CONTEXT('2D SPACE',''
  ) );
#9701 = ORIENTED_EDGE('',*,*,#9702,.T.);
#9702 = EDGE_CURVE('',#9636,#9703,#9705,.T.);
#9703 = VERTEX_POINT('',#9704);
#9704 = CARTESIAN_POINT('',(414.74855862287,9.071130486465,
    -147.4241760443));
#9705 = SURFACE_CURVE('',#9706,(#9711,#9718),.PCURVE_S1.);
#9706 = B_SPLINE_CURVE_WITH_KNOTS('',3,(#9707,#9708,#9709,#9710),
  .UNSPECIFIED.,.F.,.F.,(4,4),(0.,3.165134435493E-02),
  .PIECEWISE_BEZIER_KNOTS.);
#9707 = CARTESIAN_POINT('',(414.76646265408,9.490491753954,-147.39184268
    ));
#9708 = CARTESIAN_POINT('',(414.75419001863,9.352237748339,
    -147.3904468709));
#9709 = CARTESIAN_POINT('',(414.74841611458,9.211143366571,
    -147.4017563548));
#9710 = CARTESIAN_POINT('',(414.74855862287,9.071130486465,
    -147.4241760443));
#9711 = PCURVE('',#7085,#9712);
#9712 = DEFINITIONAL_REPRESENTATION('',(#9713),#9717);
#9713 = LINE('',#9714,#9715);
#9714 = CARTESIAN_POINT('',(1.,0.));
#9715 = VECTOR('',#9716,1.);
#9716 = DIRECTION('',(6.421482E-11,1.));
#9717 = ( GEOMETRIC_REPRESENTATION_CONTEXT(2) 
PARAMETRIC_REPRESENTATION_CONTEXT() REPRESENTATION_CONTEXT('2D SPACE',''
  ) );
#9718 = PCURVE('',#9719,#9724);
#9719 = CYLINDRICAL_SURFACE('',#9720,4.75);
#9720 = AXIS2_PLACEMENT_3D('',#9721,#9722,#9723);
#9721 = CARTESIAN_POINT('',(419.49785779374,9.070491715347,-142.9));
#9722 = DIRECTION('',(0.,0.,-1.));
#9723 = DIRECTION('',(1.,0.,0.));
#9724 = DEFINITIONAL_REPRESENTATION('',(#9725),#9728);
#9725 = B_SPLINE_CURVE_WITH_KNOTS('',1,(#9726,#9727),.UNSPECIFIED.,.F.,
  .F.,(2,2),(0.,3.165134435493E-02),.PIECEWISE_BEZIER_KNOTS.);
#9726 = CARTESIAN_POINT('',(-3.053055968748,4.491842680074));
#9727 = CARTESIAN_POINT('',(-3.141458155616,4.524176044337));
#9728 = ( GEOMETRIC_REPRESENTATION_CONTEXT(2) 
PARAMETRIC_REPRESENTATION_CONTEXT() REPRESENTATION_CONTEXT('2D SPACE',''
  ) );
#9729 = ORIENTED_EDGE('',*,*,#9730,.T.);
#9730 = EDGE_CURVE('',#9703,#9636,#9731,.T.);
#9731 = SURFACE_CURVE('',#9732,(#9771,#9778),.PCURVE_S1.);
#9732 = B_SPLINE_CURVE_WITH_KNOTS('',3,(#9733,#9734,#9735,#9736,#9737,
    #9738,#9739,#9740,#9741,#9742,#9743,#9744,#9745,#9746,#9747,#9748,
    #9749,#9750,#9751,#9752,#9753,#9754,#9755,#9756,#9757,#9758,#9759,
    #9760,#9761,#9762,#9763,#9764,#9765,#9766,#9767,#9768,#9769,#9770),
  .UNSPECIFIED.,.F.,.F.,(4,2,1,1,1,1,1,1,1,1,1,1,1,2,1,1,2,1,1,1,1,1,1,1
    ,2,1,1,1,1,2,4),(3.165134435493E-02,8.110617578384E-02,
    0.136415423328,0.191724670873,0.302343165962,0.412961661051,
    0.52358015614,0.966054136496,1.076672631585,1.187291126674,
    1.408528116852,1.62976510703,1.740383602119,1.851002097208,
    2.110716111594,2.240573118787,2.370430125981,2.533920187206,
    2.697410248432,2.860900309657,3.024390370883,3.106135401495,
    3.187880432108,3.351370493334,3.678350615785,3.793591632284,
    3.812798468367,3.83200530445,3.908832648783,3.985659993116,
    4.053000977621),.UNSPECIFIED.);
#9733 = CARTESIAN_POINT('',(414.74855862287,9.071130486465,
    -147.4241760443));
#9734 = CARTESIAN_POINT('',(414.7487812903,8.852362104755,
    -147.4592065299));
#9735 = CARTESIAN_POINT('',(414.76344809358,8.636234065879,
    -147.5213611083));
#9736 = CARTESIAN_POINT('',(414.82041050421,8.215678040524,
    -147.6975976214));
#9737 = CARTESIAN_POINT('',(414.90836141751,7.807501851661,
    -147.932856524));
#9738 = CARTESIAN_POINT('',(415.11807081699,7.188906432662,
    -148.439470322));
#9739 = CARTESIAN_POINT('',(415.45387753419,6.529645443267,
    -149.1980895301));
#9740 = CARTESIAN_POINT('',(415.93288995157,5.909046526146,
    -150.1934640876));
#9741 = CARTESIAN_POINT('',(416.86290611403,4.993780276061,
    -152.0219961346));
#9742 = CARTESIAN_POINT('',(418.11880312999,4.4134809768,-154.1431467158
    ));
#9743 = CARTESIAN_POINT('',(419.41653687291,4.307667949689,
    -156.0025063573));
#9744 = CARTESIAN_POINT('',(420.27947699618,4.348129459653,
    -157.1781781753));
#9745 = CARTESIAN_POINT('',(421.49893596386,4.665789752033,
    -158.7002083472));
#9746 = CARTESIAN_POINT('',(422.63805030482,5.431641632678,
    -159.9602572524));
#9747 = CARTESIAN_POINT('',(423.39030517163,6.299468399628,
    -160.7292437883));
#9748 = CARTESIAN_POINT('',(423.71851608515,6.866061993844,
    -161.0418828703));
#9749 = CARTESIAN_POINT('',(424.15857123605,7.876444769926,
    -161.4373251341));
#9750 = CARTESIAN_POINT('',(424.36115542995,9.042691537622,
    -161.5592117538));
#9751 = CARTESIAN_POINT('',(424.04719209071,10.590596467428,
    -161.088686434));
#9752 = CARTESIAN_POINT('',(423.7260451227,11.258856140983,
    -160.6744887885));
#9753 = CARTESIAN_POINT('',(423.33097647226,11.906123461794,
    -160.1714863653));
#9754 = CARTESIAN_POINT('',(422.80390149142,12.549669899267,
    -159.5083586238));
#9755 = CARTESIAN_POINT('',(421.85920647889,13.243919327163,
    -158.2980646749));
#9756 = CARTESIAN_POINT('',(420.85513603316,13.658651572168,
    -156.9547374449));
#9757 = CARTESIAN_POINT('',(420.08620702924,13.800444849641,
    -155.8743285922));
#9758 = CARTESIAN_POINT('',(419.44672710391,13.827458046111,
    -154.9413397638));
#9759 = CARTESIAN_POINT('',(418.80655469636,13.788105338443,
    -153.9802524914));
#9760 = CARTESIAN_POINT('',(417.69882733927,13.547381558606,
    -152.2482543561));
#9761 = CARTESIAN_POINT('',(416.83335432173,13.061350520652,
    -150.7720766953));
#9762 = CARTESIAN_POINT('',(416.14045351146,12.438784555053,
    -149.5691294359));
#9763 = CARTESIAN_POINT('',(415.91412540796,12.205255500595,
    -149.1738768012));
#9764 = CARTESIAN_POINT('',(415.66503622961,11.877038067035,
    -148.744723903));
#9765 = CARTESIAN_POINT('',(415.4798102425,11.614710966673,
    -148.4278076665));
#9766 = CARTESIAN_POINT('',(415.22401185794,11.184543159448,
    -147.9989808367));
#9767 = CARTESIAN_POINT('',(415.01722039416,10.67802451129,
    -147.6811797961));
#9768 = CARTESIAN_POINT('',(414.84969255459,10.091054276917,
    -147.454372607));
#9769 = CARTESIAN_POINT('',(414.79257375205,9.784639160317,
    -147.3948123852));
#9770 = CARTESIAN_POINT('',(414.76646265408,9.490491753954,-147.39184268
    ));
#9771 = PCURVE('',#7085,#9772);
#9772 = DEFINITIONAL_REPRESENTATION('',(#9773),#9777);
#9773 = LINE('',#9774,#9775);
#9774 = CARTESIAN_POINT('',(1.000000000002,-3.55E-15));
#9775 = VECTOR('',#9776,1.);
#9776 = DIRECTION('',(-4.8726E-13,1.));
#9777 = ( GEOMETRIC_REPRESENTATION_CONTEXT(2) 
PARAMETRIC_REPRESENTATION_CONTEXT() REPRESENTATION_CONTEXT('2D SPACE',''
  ) );
#9778 = PCURVE('',#9719,#9779);
#9779 = DEFINITIONAL_REPRESENTATION('',(#9780),#9916);
#9780 = B_SPLINE_CURVE_WITH_KNOTS('',3,(#9781,#9782,#9783,#9784,#9785,
    #9786,#9787,#9788,#9789,#9790,#9791,#9792,#9793,#9794,#9795,#9796,
    #9797,#9798,#9799,#9800,#9801,#9802,#9803,#9804,#9805,#9806,#9807,
    #9808,#9809,#9810,#9811,#9812,#9813,#9814,#9815,#9816,#9817,#9818,
    #9819,#9820,#9821,#9822,#9823,#9824,#9825,#9826,#9827,#9828,#9829,
    #9830,#9831,#9832,#9833,#9834,#9835,#9836,#9837,#9838,#9839,#9840,
    #9841,#9842,#9843,#9844,#9845,#9846,#9847,#9848,#9849,#9850,#9851,
    #9852,#9853,#9854,#9855,#9856,#9857,#9858,#9859,#9860,#9861,#9862,
    #9863,#9864,#9865,#9866,#9867,#9868,#9869,#9870,#9871,#9872,#9873,
    #9874,#9875,#9876,#9877,#9878,#9879,#9880,#9881,#9882,#9883,#9884,
    #9885,#9886,#9887,#9888,#9889,#9890,#9891,#9892,#9893,#9894,#9895,
    #9896,#9897,#9898,#9899,#9900,#9901,#9902,#9903,#9904,#9905,#9906,
    #9907,#9908,#9909,#9910,#9911,#9912,#9913,#9914,#9915),
  .UNSPECIFIED.,.F.,.F.,(4,1,1,1,1,1,1,1,1,1,1,1,1,1,1,1,1,1,1,1,1,1,1,1
    ,1,1,1,1,1,1,1,1,1,1,1,1,1,1,1,1,1,1,1,1,1,1,1,1,1,1,1,1,1,1,1,1,1,1
    ,1,1,1,1,1,1,1,1,1,1,1,1,1,1,1,1,1,1,1,1,1,1,1,1,1,1,1,1,1,1,1,1,1,1
    ,1,1,1,1,1,1,1,1,1,1,1,1,1,1,1,1,1,1,1,1,1,1,1,1,1,1,1,1,1,1,1,1,1,1
    ,1,1,1,1,1,1,4),(3.165134435493E-02,6.211611430392E-02,
    9.258088425291E-02,0.123045654202,0.153510424151,0.1839751941,
    0.214439964049,0.244904733998,0.275369503947,0.305834273896,
    0.336299043845,0.366763813794,0.397228583743,0.427693353692,
    0.458158123641,0.48862289359,0.519087663539,0.549552433488,
    0.580017203437,0.610481973386,0.640946743335,0.671411513284,
    0.701876283233,0.732341053182,0.762805823131,0.79327059308,
    0.823735363029,0.854200132978,0.884664902927,0.915129672876,
    0.945594442825,0.976059212774,1.006523982723,1.036988752672,
    1.067453522621,1.09791829257,1.128383062518,1.158847832467,
    1.189312602416,1.219777372365,1.250242142314,1.280706912263,
    1.311171682212,1.341636452161,1.37210122211,1.402565992059,
    1.433030762008,1.463495531957,1.493960301906,1.524425071855,
    1.554889841804,1.585354611753,1.615819381702,1.646284151651,
    1.6767489216,1.707213691549,1.737678461498,1.768143231447,
    1.798608001396,1.829072771345,1.859537541294,1.890002311243,
    1.920467081192,1.950931851141,1.98139662109,2.011861391039,
    2.042326160988,2.072790930937,2.103255700886,2.133720470835,
    2.164185240784,2.194650010733,2.225114780682,2.255579550631,
    2.28604432058,2.316509090529,2.346973860478,2.377438630427,
    2.407903400376,2.438368170325,2.468832940274,2.499297710223,
    2.529762480172,2.560227250121,2.59069202007,2.621156790019,
    2.651621559968,2.682086329917,2.712551099866,2.743015869815,
    2.773480639764,2.803945409713,2.834410179662,2.864874949611,
    2.89533971956,2.925804489509,2.956269259458,2.986734029407,
    3.017198799356,3.047663569305,3.078128339254,3.108593109203,
    3.139057879152,3.169522649101,3.19998741905,3.230452188999,
    3.260916958948,3.291381728897,3.321846498846,3.352311268795,
    3.382776038744,3.413240808693,3.443705578642,3.474170348591,
    3.50463511854,3.535099888489,3.565564658438,3.596029428387,
    3.626494198336,3.656958968285,3.687423738233,3.717888508182,
    3.748353278131,3.77881804808,3.809282818029,3.839747587978,
    3.870212357927,3.900677127876,3.931141897825,3.961606667774,
    3.992071437723,4.022536207672,4.053000977621),.UNSPECIFIED.);
#9781 = CARTESIAN_POINT('',(3.141727151563,4.524176044337));
#9782 = CARTESIAN_POINT('',(3.113131997775,4.545026998383));
#9783 = CARTESIAN_POINT('',(3.057041066223,4.609644301086));
#9784 = CARTESIAN_POINT('',(2.97792178659,4.758922720493));
#9785 = CARTESIAN_POINT('',(2.905617552902,4.94742312268));
#9786 = CARTESIAN_POINT('',(2.841650008197,5.150593699403));
#9787 = CARTESIAN_POINT('',(2.78479007089,5.362380348396));
#9788 = CARTESIAN_POINT('',(2.730476961503,5.589319008983));
#9789 = CARTESIAN_POINT('',(2.677988295173,5.829824484812));
#9790 = CARTESIAN_POINT('',(2.627366235047,6.081284085601));
#9791 = CARTESIAN_POINT('',(2.578472068495,6.341357141779));
#9792 = CARTESIAN_POINT('',(2.531239662664,6.607537629172));
#9793 = CARTESIAN_POINT('',(2.485754140147,6.876251475878));
#9794 = CARTESIAN_POINT('',(2.442111787471,7.144212110628));
#9795 = CARTESIAN_POINT('',(2.400544878292,7.407317238596));
#9796 = CARTESIAN_POINT('',(2.360860654913,7.665162184073));
#9797 = CARTESIAN_POINT('',(2.32236509252,7.921334481668));
#9798 = CARTESIAN_POINT('',(2.28447706626,8.178509303472));
#9799 = CARTESIAN_POINT('',(2.246540523263,8.439898804516));
#9800 = CARTESIAN_POINT('',(2.208495733282,8.705313465016));
#9801 = CARTESIAN_POINT('',(2.170371550369,8.974072872773));
#9802 = CARTESIAN_POINT('',(2.132177006339,9.245625146095));
#9803 = CARTESIAN_POINT('',(2.093929207834,9.519383963533));
#9804 = CARTESIAN_POINT('',(2.055645201987,9.794772232149));
#9805 = CARTESIAN_POINT('',(2.017343472167,10.071210384718));
#9806 = CARTESIAN_POINT('',(1.979042835508,10.348119522656));
#9807 = CARTESIAN_POINT('',(1.940762029195,10.624920547104));
#9808 = CARTESIAN_POINT('',(1.902519105698,10.901034491655));
#9809 = CARTESIAN_POINT('',(1.864330911014,11.175882060371));
#9810 = CARTESIAN_POINT('',(1.826212470872,11.448885142992));
#9811 = CARTESIAN_POINT('',(1.788176749383,11.719461216075));
#9812 = CARTESIAN_POINT('',(1.750233130397,11.987044223222));
#9813 = CARTESIAN_POINT('',(1.712390781826,12.251006653049));
#9814 = CARTESIAN_POINT('',(1.674642875723,12.510974137121));
#9815 = CARTESIAN_POINT('',(1.636966300106,12.76710048018));
#9816 = CARTESIAN_POINT('',(1.599339485204,13.019496893905));
#9817 = CARTESIAN_POINT('',(1.561787531346,13.268120226839));
#9818 = CARTESIAN_POINT('',(1.524091048748,13.514044129298));
#9819 = CARTESIAN_POINT('',(1.485917919356,13.758788176977));
#9820 = CARTESIAN_POINT('',(1.446944036875,14.003798732075));
#9821 = CARTESIAN_POINT('',(1.406858693121,14.250405680996));
#9822 = CARTESIAN_POINT('',(1.365779971969,14.497474709996));
#9823 = CARTESIAN_POINT('',(1.323800429467,14.74399122429));
#9824 = CARTESIAN_POINT('',(1.281011923081,14.988908232881));
#9825 = CARTESIAN_POINT('',(1.23749642011,15.23118861066));
#9826 = CARTESIAN_POINT('',(1.193325918935,15.469788165186));
#9827 = CARTESIAN_POINT('',(1.148559483819,15.703681107445));
#9828 = CARTESIAN_POINT('',(1.103242691109,15.931775102055));
#9829 = CARTESIAN_POINT('',(1.057392922723,16.153544242406));
#9830 = CARTESIAN_POINT('',(1.011023541939,16.368586247728));
#9831 = CARTESIAN_POINT('',(0.964146809553,16.576466519198));
#9832 = CARTESIAN_POINT('',(0.916770823779,16.776760695016));
#9833 = CARTESIAN_POINT('',(0.868902924502,16.969035783333));
#9834 = CARTESIAN_POINT('',(0.820533187768,17.152883075487));
#9835 = CARTESIAN_POINT('',(0.771691340912,17.327805360109));
#9836 = CARTESIAN_POINT('',(0.722175358565,17.493742422753));
#9837 = CARTESIAN_POINT('',(0.671566411742,17.651013602011));
#9838 = CARTESIAN_POINT('',(0.619479812446,17.799809241141));
#9839 = CARTESIAN_POINT('',(0.565456221241,17.940520653923));
#9840 = CARTESIAN_POINT('',(0.509915369881,18.070759721462));
#9841 = CARTESIAN_POINT('',(0.45335138607,18.18805401804));
#9842 = CARTESIAN_POINT('',(0.39608551589,18.289465106189));
#9843 = CARTESIAN_POINT('',(0.338895527373,18.374335641644));
#9844 = CARTESIAN_POINT('',(0.281773045356,18.44291813261));
#9845 = CARTESIAN_POINT('',(0.224682753819,18.494961350125));
#9846 = CARTESIAN_POINT('',(0.167595833546,18.530349162319));
#9847 = CARTESIAN_POINT('',(0.110479086447,18.548928786119));
#9848 = CARTESIAN_POINT('',(5.329702223972E-02,18.550558946176));
#9849 = CARTESIAN_POINT('',(-3.993408112592E-03,18.53508898744));
#9850 = CARTESIAN_POINT('',(-6.143130912329E-02,18.502394265948));
#9851 = CARTESIAN_POINT('',(-0.119099612832,18.452255473087));
#9852 = CARTESIAN_POINT('',(-0.176825353977,18.385135785299));
#9853 = CARTESIAN_POINT('',(-0.234340696787,18.301685456683));
#9854 = CARTESIAN_POINT('',(-0.291390047891,18.202556870919));
#9855 = CARTESIAN_POINT('',(-0.347717964264,18.088218065843));
#9856 = CARTESIAN_POINT('',(-0.403074994627,17.960068143796));
#9857 = CARTESIAN_POINT('',(-0.457113323876,17.820630755094));
#9858 = CARTESIAN_POINT('',(-0.509604128737,17.671755883592));
#9859 = CARTESIAN_POINT('',(-0.559731172755,17.517077669823));
#9860 = CARTESIAN_POINT('',(-0.60906990906,17.352868713509));
#9861 = CARTESIAN_POINT('',(-0.658031163593,17.178448242538));
#9862 = CARTESIAN_POINT('',(-0.706495999136,16.994751402484));
#9863 = CARTESIAN_POINT('',(-0.754474879941,16.802280700437));
#9864 = CARTESIAN_POINT('',(-0.801933921599,16.601653279735));
#9865 = CARTESIAN_POINT('',(-0.848839846363,16.393460377209));
#9866 = CARTESIAN_POINT('',(-0.895187626664,16.178243920595));
#9867 = CARTESIAN_POINT('',(-0.940970770376,15.956537258496));
#9868 = CARTESIAN_POINT('',(-0.986175522042,15.728870664061));
#9869 = CARTESIAN_POINT('',(-1.030782606918,15.495795140192));
#9870 = CARTESIAN_POINT('',(-1.074772157779,15.257781846241));
#9871 = CARTESIAN_POINT('',(-1.118105309134,15.015677870678));
#9872 = CARTESIAN_POINT('',(-1.160713430084,14.770709308355));
#9873 = CARTESIAN_POINT('',(-1.202516352541,14.524027365337));
#9874 = CARTESIAN_POINT('',(-1.243424843926,14.276783918492));
#9875 = CARTESIAN_POINT('',(-1.283328494892,14.03020305026));
#9876 = CARTESIAN_POINT('',(-1.322155437357,13.785214119339));
#9877 = CARTESIAN_POINT('',(-1.360188100282,13.540471345256));
#9878 = CARTESIAN_POINT('',(-1.397677373902,13.29482765813));
#9879 = CARTESIAN_POINT('',(-1.434880346203,13.047067770077));
#9880 = CARTESIAN_POINT('',(-1.472034679712,12.796050554638));
#9881 = CARTESIAN_POINT('',(-1.509405252756,12.540406457661));
#9882 = CARTESIAN_POINT('',(-1.54696542652,12.280442649093));
#9883 = CARTESIAN_POINT('',(-1.584615382384,12.016945166788));
#9884 = CARTESIAN_POINT('',(-1.622291759349,11.750555063527));
#9885 = CARTESIAN_POINT('',(-1.660009325676,11.481615495206));
#9886 = CARTESIAN_POINT('',(-1.697779219492,11.210473774406));
#9887 = CARTESIAN_POINT('',(-1.735606855056,10.937500778948));
#9888 = CARTESIAN_POINT('',(-1.773486934315,10.663109402016));
#9889 = CARTESIAN_POINT('',(-1.811414850817,10.387704585581));
#9890 = CARTESIAN_POINT('',(-1.84938489235,10.111693462788));
#9891 = CARTESIAN_POINT('',(-1.887390952618,9.835482353295));
#9892 = CARTESIAN_POINT('',(-1.925427731075,9.559478640562));
#9893 = CARTESIAN_POINT('',(-1.963526905489,9.284124161264));
#9894 = CARTESIAN_POINT('',(-2.001722111937,9.00986005712));
#9895 = CARTESIAN_POINT('',(-2.040049724595,8.737127283678));
#9896 = CARTESIAN_POINT('',(-2.078548110576,8.46636823612));
#9897 = CARTESIAN_POINT('',(-2.117258752975,8.198019737265));
#9898 = CARTESIAN_POINT('',(-2.156221291926,7.932539459752));
#9899 = CARTESIAN_POINT('',(-2.195490860545,7.670307249302));
#9900 = CARTESIAN_POINT('',(-2.235072120498,7.411993409486));
#9901 = CARTESIAN_POINT('',(-2.275163956527,7.157184239398));
#9902 = CARTESIAN_POINT('',(-2.315244536543,6.909511598181));
#9903 = CARTESIAN_POINT('',(-2.358180977497,6.653478757299));
#9904 = CARTESIAN_POINT('',(-2.403982127789,6.392334455873));
#9905 = CARTESIAN_POINT('',(-2.452427033985,6.13069588638));
#9906 = CARTESIAN_POINT('',(-2.503225008869,5.873322793995));
#9907 = CARTESIAN_POINT('',(-2.556980593532,5.622464154194));
#9908 = CARTESIAN_POINT('',(-2.612120672471,5.387900838287));
#9909 = CARTESIAN_POINT('',(-2.670426096222,5.168657858326));
#9910 = CARTESIAN_POINT('',(-2.733420982606,4.963536903936));
#9911 = CARTESIAN_POINT('',(-2.802670177231,4.780085989742));
#9912 = CARTESIAN_POINT('',(-2.881670551358,4.622163306013));
#9913 = CARTESIAN_POINT('',(-2.967404989689,4.519208527258));
#9914 = CARTESIAN_POINT('',(-3.025008186381,4.492432443913));
#9915 = CARTESIAN_POINT('',(-3.053055968748,4.491842680074));
#9916 = ( GEOMETRIC_REPRESENTATION_CONTEXT(2) 
PARAMETRIC_REPRESENTATION_CONTEXT() REPRESENTATION_CONTEXT('2D SPACE',''
  ) );
#9917 = ORIENTED_EDGE('',*,*,#9635,.F.);
#9918 = ORIENTED_EDGE('',*,*,#6849,.T.);
#9919 = ADVANCED_FACE('',(#9920,#9946),#7368,.T.);
#9920 = FACE_BOUND('',#9921,.T.);
#9921 = EDGE_LOOP('',(#9922));
#9922 = ORIENTED_EDGE('',*,*,#9923,.T.);
#9923 = EDGE_CURVE('',#9924,#9924,#9926,.T.);
#9924 = VERTEX_POINT('',#9925);
#9925 = CARTESIAN_POINT('',(431.47753235409,153.12756588981,-136.9));
#9926 = SURFACE_CURVE('',#9927,(#9932,#9939),.PCURVE_S1.);
#9927 = CIRCLE('',#9928,4.75);
#9928 = AXIS2_PLACEMENT_3D('',#9929,#9930,#9931);
#9929 = CARTESIAN_POINT('',(436.22753235409,153.12756588981,-136.9));
#9930 = DIRECTION('',(0.,0.,-1.));
#9931 = DIRECTION('',(1.,0.,0.));
#9932 = PCURVE('',#7368,#9933);
#9933 = DEFINITIONAL_REPRESENTATION('',(#9934),#9938);
#9934 = CIRCLE('',#9935,4.75);
#9935 = AXIS2_PLACEMENT_2D('',#9936,#9937);
#9936 = CARTESIAN_POINT('',(0.,0.));
#9937 = DIRECTION('',(1.,0.));
#9938 = ( GEOMETRIC_REPRESENTATION_CONTEXT(2) 
PARAMETRIC_REPRESENTATION_CONTEXT() REPRESENTATION_CONTEXT('2D SPACE',''
  ) );
#9939 = PCURVE('',#8642,#9940);
#9940 = DEFINITIONAL_REPRESENTATION('',(#9941),#9945);
#9941 = LINE('',#9942,#9943);
#9942 = CARTESIAN_POINT('',(0.,0.));
#9943 = VECTOR('',#9944,1.);
#9944 = DIRECTION('',(1.,0.));
#9945 = ( GEOMETRIC_REPRESENTATION_CONTEXT(2) 
PARAMETRIC_REPRESENTATION_CONTEXT() REPRESENTATION_CONTEXT('2D SPACE',''
  ) );
#9946 = FACE_BOUND('',#9947,.T.);
#9947 = EDGE_LOOP('',(#9948));
#9948 = ORIENTED_EDGE('',*,*,#7353,.F.);
#9949 = ADVANCED_FACE('',(#9950,#9976),#7423,.T.);
#9950 = FACE_BOUND('',#9951,.T.);
#9951 = EDGE_LOOP('',(#9952));
#9952 = ORIENTED_EDGE('',*,*,#9953,.T.);
#9953 = EDGE_CURVE('',#9954,#9954,#9956,.T.);
#9954 = VERTEX_POINT('',#9955);
#9955 = CARTESIAN_POINT('',(418.40679531829,21.116532306693,-137.9));
#9956 = SURFACE_CURVE('',#9957,(#9962,#9969),.PCURVE_S1.);
#9957 = CIRCLE('',#9958,4.75);
#9958 = AXIS2_PLACEMENT_3D('',#9959,#9960,#9961);
#9959 = CARTESIAN_POINT('',(423.15679531829,21.116532306693,-137.9));
#9960 = DIRECTION('',(0.,0.,-1.));
#9961 = DIRECTION('',(1.,0.,0.));
#9962 = PCURVE('',#7423,#9963);
#9963 = DEFINITIONAL_REPRESENTATION('',(#9964),#9968);
#9964 = CIRCLE('',#9965,4.75);
#9965 = AXIS2_PLACEMENT_2D('',#9966,#9967);
#9966 = CARTESIAN_POINT('',(0.,0.));
#9967 = DIRECTION('',(1.,0.));
#9968 = ( GEOMETRIC_REPRESENTATION_CONTEXT(2) 
PARAMETRIC_REPRESENTATION_CONTEXT() REPRESENTATION_CONTEXT('2D SPACE',''
  ) );
#9969 = PCURVE('',#8391,#9970);
#9970 = DEFINITIONAL_REPRESENTATION('',(#9971),#9975);
#9971 = LINE('',#9972,#9973);
#9972 = CARTESIAN_POINT('',(-6.28318530718,-10.));
#9973 = VECTOR('',#9974,1.);
#9974 = DIRECTION('',(1.,0.));
#9975 = ( GEOMETRIC_REPRESENTATION_CONTEXT(2) 
PARAMETRIC_REPRESENTATION_CONTEXT() REPRESENTATION_CONTEXT('2D SPACE',''
  ) );
#9976 = FACE_BOUND('',#9977,.T.);
#9977 = EDGE_LOOP('',(#9978));
#9978 = ORIENTED_EDGE('',*,*,#7408,.F.);
#9979 = ADVANCED_FACE('',(#9980,#10006),#7478,.T.);
#9980 = FACE_BOUND('',#9981,.T.);
#9981 = EDGE_LOOP('',(#9982));
#9982 = ORIENTED_EDGE('',*,*,#9983,.T.);
#9983 = EDGE_CURVE('',#9984,#9984,#9986,.T.);
#9984 = VERTEX_POINT('',#9985);
#9985 = CARTESIAN_POINT('',(414.74785779374,9.070491715347,-142.9));
#9986 = SURFACE_CURVE('',#9987,(#9992,#9999),.PCURVE_S1.);
#9987 = CIRCLE('',#9988,4.75);
#9988 = AXIS2_PLACEMENT_3D('',#9989,#9990,#9991);
#9989 = CARTESIAN_POINT('',(419.49785779374,9.070491715347,-142.9));
#9990 = DIRECTION('',(0.,0.,-1.));
#9991 = DIRECTION('',(1.,0.,0.));
#9992 = PCURVE('',#7478,#9993);
#9993 = DEFINITIONAL_REPRESENTATION('',(#9994),#9998);
#9994 = CIRCLE('',#9995,4.75);
#9995 = AXIS2_PLACEMENT_2D('',#9996,#9997);
#9996 = CARTESIAN_POINT('',(0.,0.));
#9997 = DIRECTION('',(1.,0.));
#9998 = ( GEOMETRIC_REPRESENTATION_CONTEXT(2) 
PARAMETRIC_REPRESENTATION_CONTEXT() REPRESENTATION_CONTEXT('2D SPACE',''
  ) );
#9999 = PCURVE('',#9719,#10000);
#10000 = DEFINITIONAL_REPRESENTATION('',(#10001),#10005);
#10001 = LINE('',#10002,#10003);
#10002 = CARTESIAN_POINT('',(-6.28318530718,0.));
#10003 = VECTOR('',#10004,1.);
#10004 = DIRECTION('',(1.,0.));
#10005 = ( GEOMETRIC_REPRESENTATION_CONTEXT(2) 
PARAMETRIC_REPRESENTATION_CONTEXT() REPRESENTATION_CONTEXT('2D SPACE',''
  ) );
#10006 = FACE_BOUND('',#10007,.T.);
#10007 = EDGE_LOOP('',(#10008));
#10008 = ORIENTED_EDGE('',*,*,#7463,.F.);
#10009 = ADVANCED_FACE('',(#10010,#10045),#7535,.F.);
#10010 = FACE_BOUND('',#10011,.T.);
#10011 = EDGE_LOOP('',(#10012));
#10012 = ORIENTED_EDGE('',*,*,#10013,.T.);
#10013 = EDGE_CURVE('',#10014,#10014,#10016,.T.);
#10014 = VERTEX_POINT('',#10015);
#10015 = CARTESIAN_POINT('',(455.25,-55.,-154.));
#10016 = SURFACE_CURVE('',#10017,(#10022,#10033),.PCURVE_S1.);
#10017 = CIRCLE('',#10018,4.75);
#10018 = AXIS2_PLACEMENT_3D('',#10019,#10020,#10021);
#10019 = CARTESIAN_POINT('',(460.,-55.,-154.));
#10020 = DIRECTION('',(0.,0.,-1.));
#10021 = DIRECTION('',(1.,0.,0.));
#10022 = PCURVE('',#7535,#10023);
#10023 = DEFINITIONAL_REPRESENTATION('',(#10024),#10032);
#10024 = ( BOUNDED_CURVE() B_SPLINE_CURVE(2,(#10025,#10026,#10027,#10028
    ,#10029,#10030,#10031),.UNSPECIFIED.,.T.,.F.) 
B_SPLINE_CURVE_WITH_KNOTS((1,2,2,2,2,1),(-2.094395102393,0.,
    2.094395102393,4.188790204786,6.28318530718,8.377580409573),
.UNSPECIFIED.) CURVE() GEOMETRIC_REPRESENTATION_ITEM() 
RATIONAL_B_SPLINE_CURVE((1.,0.5,1.,0.5,1.,0.5,1.)) REPRESENTATION_ITEM(
  '') );
#10025 = CARTESIAN_POINT('',(-4.75,0.));
#10026 = CARTESIAN_POINT('',(-4.75,8.227241335952));
#10027 = CARTESIAN_POINT('',(2.375,4.113620667976));
#10028 = CARTESIAN_POINT('',(9.5,1.16341445919E-15));
#10029 = CARTESIAN_POINT('',(2.375,-4.113620667976));
#10030 = CARTESIAN_POINT('',(-4.75,-8.227241335952));
#10031 = CARTESIAN_POINT('',(-4.75,0.));
#10032 = ( GEOMETRIC_REPRESENTATION_CONTEXT(2) 
PARAMETRIC_REPRESENTATION_CONTEXT() REPRESENTATION_CONTEXT('2D SPACE',''
  ) );
#10033 = PCURVE('',#10034,#10039);
#10034 = CYLINDRICAL_SURFACE('',#10035,4.75);
#10035 = AXIS2_PLACEMENT_3D('',#10036,#10037,#10038);
#10036 = CARTESIAN_POINT('',(460.,-55.,-154.));
#10037 = DIRECTION('',(0.,0.,-1.));
#10038 = DIRECTION('',(1.,0.,0.));
#10039 = DEFINITIONAL_REPRESENTATION('',(#10040),#10044);
#10040 = LINE('',#10041,#10042);
#10041 = CARTESIAN_POINT('',(0.,0.));
#10042 = VECTOR('',#10043,1.);
#10043 = DIRECTION('',(1.,0.));
#10044 = ( GEOMETRIC_REPRESENTATION_CONTEXT(2) 
PARAMETRIC_REPRESENTATION_CONTEXT() REPRESENTATION_CONTEXT('2D SPACE',''
  ) );
#10045 = FACE_BOUND('',#10046,.T.);
#10046 = EDGE_LOOP('',(#10047));
#10047 = ORIENTED_EDGE('',*,*,#7520,.T.);
#10048 = ADVANCED_FACE('',(#10049,#10080),#7590,.T.);
#10049 = FACE_BOUND('',#10050,.T.);
#10050 = EDGE_LOOP('',(#10051));
#10051 = ORIENTED_EDGE('',*,*,#10052,.T.);
#10052 = EDGE_CURVE('',#10053,#10053,#10055,.T.);
#10053 = VERTEX_POINT('',#10054);
#10054 = CARTESIAN_POINT('',(431.17072443207,-55.,-152.9));
#10055 = SURFACE_CURVE('',#10056,(#10061,#10068),.PCURVE_S1.);
#10056 = CIRCLE('',#10057,4.75);
#10057 = AXIS2_PLACEMENT_3D('',#10058,#10059,#10060);
#10058 = CARTESIAN_POINT('',(435.92072443207,-55.,-152.9));
#10059 = DIRECTION('',(0.,0.,-1.));
#10060 = DIRECTION('',(1.,0.,0.));
#10061 = PCURVE('',#7590,#10062);
#10062 = DEFINITIONAL_REPRESENTATION('',(#10063),#10067);
#10063 = CIRCLE('',#10064,4.75);
#10064 = AXIS2_PLACEMENT_2D('',#10065,#10066);
#10065 = CARTESIAN_POINT('',(0.,0.));
#10066 = DIRECTION('',(1.,0.));
#10067 = ( GEOMETRIC_REPRESENTATION_CONTEXT(2) 
PARAMETRIC_REPRESENTATION_CONTEXT() REPRESENTATION_CONTEXT('2D SPACE',''
  ) );
#10068 = PCURVE('',#10069,#10074);
#10069 = CYLINDRICAL_SURFACE('',#10070,4.75);
#10070 = AXIS2_PLACEMENT_3D('',#10071,#10072,#10073);
#10071 = CARTESIAN_POINT('',(435.92072443207,-55.,-152.9));
#10072 = DIRECTION('',(0.,0.,-1.));
#10073 = DIRECTION('',(1.,0.,0.));
#10074 = DEFINITIONAL_REPRESENTATION('',(#10075),#10079);
#10075 = LINE('',#10076,#10077);
#10076 = CARTESIAN_POINT('',(0.,0.));
#10077 = VECTOR('',#10078,1.);
#10078 = DIRECTION('',(1.,0.));
#10079 = ( GEOMETRIC_REPRESENTATION_CONTEXT(2) 
PARAMETRIC_REPRESENTATION_CONTEXT() REPRESENTATION_CONTEXT('2D SPACE',''
  ) );
#10080 = FACE_BOUND('',#10081,.T.);
#10081 = EDGE_LOOP('',(#10082));
#10082 = ORIENTED_EDGE('',*,*,#7575,.T.);
#10083 = ADVANCED_FACE('',(#10084),#7740,.T.);
#10084 = FACE_BOUND('',#10085,.T.);
#10085 = EDGE_LOOP('',(#10086));
#10086 = ORIENTED_EDGE('',*,*,#7725,.F.);
#10087 = ADVANCED_FACE('',(#10088),#7851,.T.);
#10088 = FACE_BOUND('',#10089,.T.);
#10089 = EDGE_LOOP('',(#10090,#10711,#10777,#10778,#10797,#10798,#10799,
    #10800));
#10090 = ORIENTED_EDGE('',*,*,#10091,.F.);
#10091 = EDGE_CURVE('',#10092,#10094,#10096,.T.);
#10092 = VERTEX_POINT('',#10093);
#10093 = CARTESIAN_POINT('',(433.00104015249,-50.52845096911,
    -173.0781864076));
#10094 = VERTEX_POINT('',#10095);
#10095 = CARTESIAN_POINT('',(432.57888842583,-59.17313414512,
    -172.6410586734));
#10096 = SURFACE_CURVE('',#10097,(#10303,#10596),.PCURVE_S1.);
#10097 = B_SPLINE_CURVE_WITH_KNOTS('',3,(#10098,#10099,#10100,#10101,
    #10102,#10103,#10104,#10105,#10106,#10107,#10108,#10109,#10110,
    #10111,#10112,#10113,#10114,#10115,#10116,#10117,#10118,#10119,
    #10120,#10121,#10122,#10123,#10124,#10125,#10126,#10127,#10128,
    #10129,#10130,#10131,#10132,#10133,#10134,#10135,#10136,#10137,
    #10138,#10139,#10140,#10141,#10142,#10143,#10144,#10145,#10146,
    #10147,#10148,#10149,#10150,#10151,#10152,#10153,#10154,#10155,
    #10156,#10157,#10158,#10159,#10160,#10161,#10162,#10163,#10164,
    #10165,#10166,#10167,#10168,#10169,#10170,#10171,#10172,#10173,
    #10174,#10175,#10176,#10177,#10178,#10179,#10180,#10181,#10182,
    #10183,#10184,#10185,#10186,#10187,#10188,#10189,#10190,#10191,
    #10192,#10193,#10194,#10195,#10196,#10197,#10198,#10199,#10200,
    #10201,#10202,#10203,#10204,#10205,#10206,#10207,#10208,#10209,
    #10210,#10211,#10212,#10213,#10214,#10215,#10216,#10217,#10218,
    #10219,#10220,#10221,#10222,#10223,#10224,#10225,#10226,#10227,
    #10228,#10229,#10230,#10231,#10232,#10233,#10234,#10235,#10236,
    #10237,#10238,#10239,#10240,#10241,#10242,#10243,#10244,#10245,
    #10246,#10247,#10248,#10249,#10250,#10251,#10252,#10253,#10254,
    #10255,#10256,#10257,#10258,#10259,#10260,#10261,#10262,#10263,
    #10264,#10265,#10266,#10267,#10268,#10269,#10270,#10271,#10272,
    #10273,#10274,#10275,#10276,#10277,#10278,#10279,#10280,#10281,
    #10282,#10283,#10284,#10285,#10286,#10287,#10288,#10289,#10290,
    #10291,#10292,#10293,#10294,#10295,#10296,#10297,#10298,#10299,
    #10300,#10301,#10302),.UNSPECIFIED.,.F.,.F.,(4,3,3,3,3,3,3,3,3,3,3,3
    ,3,3,3,3,3,3,3,3,3,3,3,3,3,3,3,3,3,3,3,3,3,3,3,3,3,3,3,3,3,3,3,3,3,3
    ,3,3,3,3,3,3,3,3,3,3,3,3,3,3,3,3,3,3,3,3,3,3,4),(-2.109785691911,
    -2.063040738851,-2.05582619452,-1.995209881588,-1.962843329586,
    -1.962839666525,-1.880987331169,-1.835437611696,-1.764815046585,
    -1.72544524503,-1.725413294555,-1.637806219807,-1.604417739678,
    -1.604370667925,-1.556545052477,-1.509216239891,-1.46312511844,
    -1.437379092387,-1.431333368854,-1.391081505077,-1.352400054196,
    -1.314025955601,-1.276460077256,-1.270325913747,-1.251512610428,
    -1.210138376734,-1.168632687999,-1.12749534978,-1.103530760504,
    -1.075163622988,-1.034603988618,-1.02016604423,-0.978433020963,
    -0.93910913068,-0.936735528814,-0.896673100368,-0.862028696666,
    -0.826249631518,-0.790097847669,-0.753937093732,-0.719381248532,
    -0.680115034928,-0.64109008595,-0.602931456074,-0.562387814056,
    -0.540055467061,-0.505368317268,-0.469313910516,-0.432586340903,
    -0.395254980414,-0.383384626362,-0.346163839774,-0.307613129894,
    -0.288337774954,-0.278700097484,-0.272035455631,-0.269062420015,
    -0.224837990028,-0.194187126519,-0.175517366298,-0.163536263011,
    -0.100389638984,-5.920416457823E-02,-3.724301495764E-02,
    4.694616242355E-05,6.886720737127E-02,0.11163132875,0.13768746858,
    0.18053069495),.UNSPECIFIED.);
#10098 = CARTESIAN_POINT('',(433.0010559047,-50.52846149704,
    -173.0781992906));
#10099 = CARTESIAN_POINT('',(433.12557307025,-50.44500561322,
    -172.9941501328));
#10100 = CARTESIAN_POINT('',(433.25283097018,-50.36760991453,
    -172.9088658691));
#10101 = CARTESIAN_POINT('',(433.38233585596,-50.29627471088,
    -172.8228440137));
#10102 = CARTESIAN_POINT('',(433.40232344132,-50.28526494501,
    -172.8095675326));
#10103 = CARTESIAN_POINT('',(433.42236452051,-50.27439944624,
    -172.796273488));
#10104 = CARTESIAN_POINT('',(433.44245724761,-50.26367811113,
    -172.7829637131));
#10105 = CARTESIAN_POINT('',(433.61127553717,-50.17359788238,
    -172.6711355166));
#10106 = CARTESIAN_POINT('',(433.78417324532,-50.09347968425,
    -172.5578992849));
#10107 = CARTESIAN_POINT('',(433.96033509912,-50.02335200847,
    -172.4440965547));
#10108 = CARTESIAN_POINT('',(434.05439809184,-49.98590679025,
    -172.3833307012));
#10109 = CARTESIAN_POINT('',(434.14939104793,-49.95130948521,
    -172.322403733));
#10110 = CARTESIAN_POINT('',(434.24518577284,-49.91956056109,
    -172.2614459629));
#10111 = CARTESIAN_POINT('',(434.24519661434,-49.91955696793,
    -172.2614390641));
#10112 = CARTESIAN_POINT('',(434.24520745585,-49.9195533748,
    -172.2614321652));
#10113 = CARTESIAN_POINT('',(434.24521829737,-49.91954978172,
    -172.2614252664));
#10114 = CARTESIAN_POINT('',(434.48747576159,-49.83926099679,
    -172.107268056));
#10115 = CARTESIAN_POINT('',(434.73552640592,-49.77706750495,
    -171.952622437));
#10116 = CARTESIAN_POINT('',(434.98751086005,-49.73343141418,
    -171.7989988508));
#10117 = CARTESIAN_POINT('',(435.12773680653,-49.70914851884,
    -171.7135093993));
#10118 = CARTESIAN_POINT('',(435.26918170975,-49.69061202037,
    -171.6283358928));
#10119 = CARTESIAN_POINT('',(435.41153038758,-49.67789961882,
    -171.543734656));
#10120 = CARTESIAN_POINT('',(435.6322349031,-49.65818967513,
    -171.4125646638));
#10121 = CARTESIAN_POINT('',(435.85521344578,-49.65246316641,
    -171.2827204194));
#10122 = CARTESIAN_POINT('',(436.07925499929,-49.66119877997,
    -171.1550243523));
#10123 = CARTESIAN_POINT('',(436.20415093712,-49.66606860269,
    -171.0838379147));
#10124 = CARTESIAN_POINT('',(436.32937650143,-49.67543230675,
    -171.013319471));
#10125 = CARTESIAN_POINT('',(436.45471721399,-49.68936825776,
    -170.9436139807));
#10126 = CARTESIAN_POINT('',(436.45481893397,-49.68937956745,
    -170.9435574113));
#10127 = CARTESIAN_POINT('',(436.45492065402,-49.68939088013,
    -170.9435008426));
#10128 = CARTESIAN_POINT('',(436.45502237416,-49.6894021958,
    -170.9434442743));
#10129 = CARTESIAN_POINT('',(436.73393539119,-49.72042935232,
    -170.7883362056));
#10130 = CARTESIAN_POINT('',(437.01299426985,-49.77404072984,
    -170.6374228832));
#10131 = CARTESIAN_POINT('',(437.2893718814,-49.85109016424,
    -170.4918270836));
#10132 = CARTESIAN_POINT('',(437.39470388132,-49.88045495604,
    -170.4363381579));
#10133 = CARTESIAN_POINT('',(437.49964618443,-49.9132245155,
    -170.3816218397));
#10134 = CARTESIAN_POINT('',(437.60404125312,-49.94944758524,
    -170.3277411978));
#10135 = CARTESIAN_POINT('',(437.6041884314,-49.94949865326,
    -170.3276652358));
#10136 = CARTESIAN_POINT('',(437.60433560839,-49.94954972808,
    -170.3275892755));
#10137 = CARTESIAN_POINT('',(437.6044827841,-49.9496008097,
    -170.327513317));
#10138 = CARTESIAN_POINT('',(437.75401553897,-50.00150051657,
    -170.2503383189));
#10139 = CARTESIAN_POINT('',(437.90200568046,-50.06037131678,
    -170.1750952258));
#10140 = CARTESIAN_POINT('',(438.04790526288,-50.126181054,
    -170.1018578746));
#10141 = CARTESIAN_POINT('',(438.19228926982,-50.19130717293,
    -170.0293812983));
#10142 = CARTESIAN_POINT('',(438.33462668396,-50.26322893402,
    -169.9588688608));
#10143 = CARTESIAN_POINT('',(438.47437754972,-50.34196352484,
    -169.890403665));
#10144 = CARTESIAN_POINT('',(438.61047380429,-50.41863913511,
    -169.8237288959));
#10145 = CARTESIAN_POINT('',(438.74411763799,-50.50177612413,
    -169.7589955985));
#10146 = CARTESIAN_POINT('',(438.8747918893,-50.59143385337,
    -169.696293263));
#10147 = CARTESIAN_POINT('',(438.94778518112,-50.64151573813,
    -169.6612683838));
#10148 = CARTESIAN_POINT('',(439.01985151238,-50.69363300606,
    -169.6268774479));
#10149 = CARTESIAN_POINT('',(439.09089706805,-50.74780180704,
    -169.5931380232));
#10150 = CARTESIAN_POINT('',(439.10758010049,-50.76052181261,
    -169.5852152769));
#10151 = CARTESIAN_POINT('',(439.12420683281,-50.7733549604,
    -169.5773284623));
#10152 = CARTESIAN_POINT('',(439.14077576406,-50.78630064619,
    -169.5694776599));
#10153 = CARTESIAN_POINT('',(439.25109016398,-50.87249181555,
    -169.5172077499));
#10154 = CARTESIAN_POINT('',(439.35833280175,-50.96333484508,
    -169.4667221786));
#10155 = CARTESIAN_POINT('',(439.46219908572,-51.05860056815,
    -169.4179837726));
#10156 = CARTESIAN_POINT('',(439.56201306164,-51.15014953115,
    -169.371146879));
#10157 = CARTESIAN_POINT('',(439.65870959594,-51.24578355154,
    -169.3259235107));
#10158 = CARTESIAN_POINT('',(439.75199883608,-51.34534677285,
    -169.2822943887));
#10159 = CARTESIAN_POINT('',(439.8445468253,-51.44411889188,
    -169.2390119319));
#10160 = CARTESIAN_POINT('',(439.93374208727,-51.54675842859,
    -169.1972984476));
#10161 = CARTESIAN_POINT('',(440.01927285618,-51.65315296744,
    -169.1571490504));
#10162 = CARTESIAN_POINT('',(440.1030022095,-51.75730666614,
    -169.1178452642));
#10163 = CARTESIAN_POINT('',(440.18322030925,-51.86505928933,
    -169.080040368));
#10164 = CARTESIAN_POINT('',(440.25959874095,-51.97633734321,
    -169.0437434792));
#10165 = CARTESIAN_POINT('',(440.27207063857,-51.99450802915,
    -169.03781653));
#10166 = CARTESIAN_POINT('',(440.28444006688,-52.01277277937,
    -169.0319298206));
#10167 = CARTESIAN_POINT('',(440.29670548813,-52.0311313453,
    -169.0260834264));
#10168 = CARTESIAN_POINT('',(440.33432318285,-52.08743653977,
    -169.0081527036));
#10169 = CARTESIAN_POINT('',(440.37096275949,-52.14462409651,
    -168.9906011356));
#10170 = CARTESIAN_POINT('',(440.40659599857,-52.20267188932,
    -168.9734273982));
#10171 = CARTESIAN_POINT('',(440.48496065021,-52.33033064784,
    -168.9356588994));
#10172 = CARTESIAN_POINT('',(440.55798731283,-52.46148380522,
    -168.8998864855));
#10173 = CARTESIAN_POINT('',(440.62546804985,-52.59574719199,
    -168.8660547813));
#10174 = CARTESIAN_POINT('',(440.69316318801,-52.73043716307,
    -168.8321155864));
#10175 = CARTESIAN_POINT('',(440.75527756012,-52.86825775435,
    -168.8001294529));
#10176 = CARTESIAN_POINT('',(440.8115648033,-53.00885596597,
    -168.7700552002));
#10177 = CARTESIAN_POINT('',(440.86735251411,-53.14820641072,
    -168.7402478474));
#10178 = CARTESIAN_POINT('',(440.91741643927,-53.29028601578,
    -168.7123186168));
#10179 = CARTESIAN_POINT('',(440.96147490083,-53.43477608995,
    -168.6862416181));
#10180 = CARTESIAN_POINT('',(440.98714119285,-53.5189488982,
    -168.6710504416));
#10181 = CARTESIAN_POINT('',(441.0107686276,-53.60394015615,
    -168.6564881124));
#10182 = CARTESIAN_POINT('',(441.03229410609,-53.68968956895,
    -168.6425517175));
#10183 = CARTESIAN_POINT('',(441.0577740424,-53.79119205484,
    -168.6260550596));
#10184 = CARTESIAN_POINT('',(441.08030908729,-53.89375697586,
    -168.6104353449));
#10185 = CARTESIAN_POINT('',(441.09981252925,-53.99717485961,
    -168.5957106933));
#10186 = CARTESIAN_POINT('',(441.12769875762,-54.1450428477,
    -168.5746572302));
#10187 = CARTESIAN_POINT('',(441.14918208199,-54.29419263871,
    -168.5554320713));
#10188 = CARTESIAN_POINT('',(441.16416325634,-54.44394897139,
    -168.5381104769));
#10189 = CARTESIAN_POINT('',(441.16949607962,-54.49725747962,
    -168.5319445383));
#10190 = CARTESIAN_POINT('',(441.1740046695,-54.55064319809,
    -168.5260198922));
#10191 = CARTESIAN_POINT('',(441.17768341826,-54.6040767335,
    -168.5203402245));
#10192 = CARTESIAN_POINT('',(441.1883168785,-54.75852690431,
    -168.5039230877));
#10193 = CARTESIAN_POINT('',(441.19202044981,-54.91337476715,
    -168.4895519186));
#10194 = CARTESIAN_POINT('',(441.18947872828,-55.06859503479,
    -168.4772864716));
#10195 = CARTESIAN_POINT('',(441.18708373336,-55.21485486205,
    -168.4657290752));
#10196 = CARTESIAN_POINT('',(441.17914429018,-55.36144623172,
    -168.4560413087));
#10197 = CARTESIAN_POINT('',(441.16472769451,-55.50767816852,
    -168.4483287723));
#10198 = CARTESIAN_POINT('',(441.16385750445,-55.51650477229,
    -168.4478632412));
#10199 = CARTESIAN_POINT('',(441.16296370025,-55.52533006921,
    -168.4474049098));
#10200 = CARTESIAN_POINT('',(441.16204607058,-55.53415390814,
    -168.4469538024));
#10201 = CARTESIAN_POINT('',(441.14655801701,-55.68308554697,
    -168.4393398644));
#10202 = CARTESIAN_POINT('',(441.12428611724,-55.83160154885,
    -168.4337828446));
#10203 = CARTESIAN_POINT('',(441.09558970071,-55.97931744956,
    -168.430432739));
#10204 = CARTESIAN_POINT('',(441.07077417459,-56.10705631851,
    -168.4275357002));
#10205 = CARTESIAN_POINT('',(441.04101920268,-56.23353764147,
    -168.4261543663));
#10206 = CARTESIAN_POINT('',(441.00662372075,-56.35856479727,
    -168.4263348339));
#10207 = CARTESIAN_POINT('',(440.97110172997,-56.48768679893,
    -168.4265212122));
#10208 = CARTESIAN_POINT('',(440.93063016455,-56.61525843126,
    -168.4283732023));
#10209 = CARTESIAN_POINT('',(440.88548416499,-56.74106477728,
    -168.4319561941));
#10210 = CARTESIAN_POINT('',(440.83986786924,-56.86818167678,
    -168.4355765108));
#10211 = CARTESIAN_POINT('',(440.78947890927,-56.99349699537,
    -168.4409639442));
#10212 = CARTESIAN_POINT('',(440.7345504746,-57.11678084196,
    -168.4482028866));
#10213 = CARTESIAN_POINT('',(440.67960841092,-57.2400952781,
    -168.4554436251));
#10214 = CARTESIAN_POINT('',(440.6201242077,-57.36137790691,
    -168.4645366694));
#10215 = CARTESIAN_POINT('',(440.55628656529,-57.48038038547,
    -168.475585241));
#10216 = CARTESIAN_POINT('',(440.49528220424,-57.59410122311,
    -168.4861434481));
#10217 = CARTESIAN_POINT('',(440.43030166027,-57.7057402137,
    -168.4984874731));
#10218 = CARTESIAN_POINT('',(440.36147666767,-57.81505648197,
    -168.5127250249));
#10219 = CARTESIAN_POINT('',(440.28327001854,-57.93927384419,
    -168.5289033226));
#10220 = CARTESIAN_POINT('',(440.20045623599,-58.05985981389,
    -168.5474275992));
#10221 = CARTESIAN_POINT('',(440.1133542502,-58.17647090988,
    -168.5683972932));
#10222 = CARTESIAN_POINT('',(440.02678744786,-58.29236550867,
    -168.5892381424));
#10223 = CARTESIAN_POINT('',(439.9359844643,-58.40433460373,
    -168.6124943394));
#10224 = CARTESIAN_POINT('',(439.84121738657,-58.51201797238,
    -168.63828286));
#10225 = CARTESIAN_POINT('',(439.74855405354,-58.61731086618,
    -168.6634988984));
#10226 = CARTESIAN_POINT('',(439.65210012847,-58.71850672611,
    -168.6911360214));
#10227 = CARTESIAN_POINT('',(439.55207856433,-58.81523800459,
    -168.7213232982));
#10228 = CARTESIAN_POINT('',(439.44580539613,-58.91801523583,
    -168.7533973571));
#10229 = CARTESIAN_POINT('',(439.33550405395,-59.01575253064,
    -168.7883503467));
#10230 = CARTESIAN_POINT('',(439.22161678281,-59.10849267257,
    -168.8261356575));
#10231 = CARTESIAN_POINT('',(439.15888512056,-59.15957602194,
    -168.8469486538));
#10232 = CARTESIAN_POINT('',(439.09506504102,-59.20914245381,
    -168.8686213979));
#10233 = CARTESIAN_POINT('',(439.03022819429,-59.25719348219,
    -168.8911489428));
#10234 = CARTESIAN_POINT('',(438.92952201168,-59.33182751952,
    -168.9261392788));
#10235 = CARTESIAN_POINT('',(438.82696255117,-59.40230424445,
    -168.9629432313));
#10236 = CARTESIAN_POINT('',(438.72284396897,-59.46876029256,
    -169.001487094));
#10237 = CARTESIAN_POINT('',(438.61462136389,-59.5378358264,
    -169.0415502331));
#10238 = CARTESIAN_POINT('',(438.50471382682,-59.60256772377,
    -169.0834931671));
#10239 = CARTESIAN_POINT('',(438.3934191861,-59.66306907045,
    -169.1272556072));
#10240 = CARTESIAN_POINT('',(438.28004659081,-59.72470002272,
    -169.171835125));
#10241 = CARTESIAN_POINT('',(438.16523394023,-59.78194112232,
    -169.218302828));
#10242 = CARTESIAN_POINT('',(438.04927200062,-59.83486794906,
    -169.2666168341));
#10243 = CARTESIAN_POINT('',(437.93140367945,-59.88866487789,
    -169.3157251088));
#10244 = CARTESIAN_POINT('',(437.81234721088,-59.93800467943,
    -169.3667410079));
#10245 = CARTESIAN_POINT('',(437.69239426679,-59.98291937794,
    -169.4196412288));
#10246 = CARTESIAN_POINT('',(437.65425250347,-59.99720102657,
    -169.4364620557));
#10247 = CARTESIAN_POINT('',(437.61602004575,-60.011034904,
    -169.4534735473));
#10248 = CARTESIAN_POINT('',(437.57770618338,-60.02442101772,
    -169.4706753524));
#10249 = CARTESIAN_POINT('',(437.4575688995,-60.06639463367,
    -169.5246134839));
#10250 = CARTESIAN_POINT('',(437.33699123948,-60.1038505443,
    -169.5802651773));
#10251 = CARTESIAN_POINT('',(437.21626229726,-60.1368370172,
    -169.6376011323));
#10252 = CARTESIAN_POINT('',(437.09121963019,-60.17100211856,
    -169.6969857388));
#10253 = CARTESIAN_POINT('',(436.96601376544,-60.20037304158,
    -169.7581771978));
#10254 = CARTESIAN_POINT('',(436.84096432067,-60.22494853634,
    -169.8211635628));
#10255 = CARTESIAN_POINT('',(436.77843959828,-60.23723628371,
    -169.8526567453));
#10256 = CARTESIAN_POINT('',(436.71595404402,-60.24832429777,
    -169.8845989628));
#10257 = CARTESIAN_POINT('',(436.65354860646,-60.25820712256,
    -169.9169904437));
#10258 = CARTESIAN_POINT('',(436.62234588768,-60.26314853496,
    -169.9331861842));
#10259 = CARTESIAN_POINT('',(436.59116321346,-60.26778859449,
    -169.9494942574));
#10260 = CARTESIAN_POINT('',(436.5600058142,-60.27212628421,
    -169.9659147894));
#10261 = CARTESIAN_POINT('',(436.53845986522,-60.27512588121,
    -169.9772699074));
#10262 = CARTESIAN_POINT('',(436.51692600433,-60.27798088056,
    -169.9886788044));
#10263 = CARTESIAN_POINT('',(436.49540598692,-60.28069088308,
    -170.0001415392));
#10264 = CARTESIAN_POINT('',(436.4858061045,-60.28189979036,
    -170.0052549601));
#10265 = CARTESIAN_POINT('',(436.47620869892,-60.28307987636,
    -170.0103792437));
#10266 = CARTESIAN_POINT('',(436.46661478282,-60.28423099983,
    -170.0155139383));
#10267 = CARTESIAN_POINT('',(436.32390358605,-60.30135416485,
    -170.0918934274));
#10268 = CARTESIAN_POINT('',(436.18174384327,-60.312656145,
    -170.1698654338));
#10269 = CARTESIAN_POINT('',(436.04050362229,-60.31830545271,
    -170.2493234116));
#10270 = CARTESIAN_POINT('',(435.94261350281,-60.32222084879,
    -170.3043937796));
#10271 = CARTESIAN_POINT('',(435.8451649024,-60.32341989843,
    -170.360178319));
#10272 = CARTESIAN_POINT('',(435.74828084699,-60.32194495389,
    -170.4166457152));
#10273 = CARTESIAN_POINT('',(435.68926775969,-60.32104654981,
    -170.4510405943));
#10274 = CARTESIAN_POINT('',(435.63046414712,-60.31915583651,
    -170.485688886));
#10275 = CARTESIAN_POINT('',(435.57189820715,-60.31628041309,
    -170.5205840217));
#10276 = CARTESIAN_POINT('',(435.53431419067,-60.31443514328,
    -170.5429775726));
#10277 = CARTESIAN_POINT('',(435.49682794654,-60.31218430393,
    -170.5654728577));
#10278 = CARTESIAN_POINT('',(435.45944737266,-60.30952961158,
    -170.5880680039));
#10279 = CARTESIAN_POINT('',(435.26243237427,-60.29553800703,
    -170.7071561351));
#10280 = CARTESIAN_POINT('',(435.06817625534,-60.27057848498,
    -170.8287739286));
#10281 = CARTESIAN_POINT('',(434.8773676467,-60.23517159127,
    -170.9521391299));
#10282 = CARTESIAN_POINT('',(434.75291850649,-60.21207851643,
    -171.0326003487));
#10283 = CARTESIAN_POINT('',(434.62993589386,-60.1845412349,
    -171.1138049042));
#10284 = CARTESIAN_POINT('',(434.50861072893,-60.1527042349,
    -171.1955358459));
#10285 = CARTESIAN_POINT('',(434.44391704413,-60.13572793123,
    -171.239116877));
#10286 = CARTESIAN_POINT('',(434.37969459725,-60.1175290848,
    -171.2828475913));
#10287 = CARTESIAN_POINT('',(434.31597238437,-60.09812962617,
    -171.3266950616));
#10288 = CARTESIAN_POINT('',(434.20777227275,-60.06518940808,
    -171.4011479245));
#10289 = CARTESIAN_POINT('',(434.10093584286,-60.02877018767,
    -171.4759573136));
#10290 = CARTESIAN_POINT('',(433.99561755343,-59.98894994872,
    -171.5509811445));
#10291 = CARTESIAN_POINT('',(433.80124802418,-59.91545994864,
    -171.6894409197));
#10292 = CARTESIAN_POINT('',(433.61155949709,-59.83023575106,
    -171.8289797896));
#10293 = CARTESIAN_POINT('',(433.42747284988,-59.73356287013,
    -171.9683660207));
#10294 = CARTESIAN_POINT('',(433.31308351762,-59.67349145015,
    -172.0549790269));
#10295 = CARTESIAN_POINT('',(433.20085712426,-59.60899967615,
    -172.1415330464));
#10296 = CARTESIAN_POINT('',(433.09101351002,-59.54015845394,
    -172.2277324993));
#10297 = CARTESIAN_POINT('',(433.02408589688,-59.49821356055,
    -172.2802537467));
#10298 = CARTESIAN_POINT('',(432.95804286759,-59.45465399435,
    -172.3326433594));
#10299 = CARTESIAN_POINT('',(432.89293393309,-59.40949610249,
    -172.3848345446));
#10300 = CARTESIAN_POINT('',(432.78587752191,-59.33524451358,
    -172.4706507391));
#10301 = CARTESIAN_POINT('',(432.681069585,-59.25645237902,
    -172.5561774817));
#10302 = CARTESIAN_POINT('',(432.57883643852,-59.17315221117,
    -172.6410136421));
#10303 = PCURVE('',#7851,#10304);
#10304 = DEFINITIONAL_REPRESENTATION('',(#10305),#10595);
#10305 = B_SPLINE_CURVE_WITH_KNOTS('',3,(#10306,#10307,#10308,#10309,
    #10310,#10311,#10312,#10313,#10314,#10315,#10316,#10317,#10318,
    #10319,#10320,#10321,#10322,#10323,#10324,#10325,#10326,#10327,
    #10328,#10329,#10330,#10331,#10332,#10333,#10334,#10335,#10336,
    #10337,#10338,#10339,#10340,#10341,#10342,#10343,#10344,#10345,
    #10346,#10347,#10348,#10349,#10350,#10351,#10352,#10353,#10354,
    #10355,#10356,#10357,#10358,#10359,#10360,#10361,#10362,#10363,
    #10364,#10365,#10366,#10367,#10368,#10369,#10370,#10371,#10372,
    #10373,#10374,#10375,#10376,#10377,#10378,#10379,#10380,#10381,
    #10382,#10383,#10384,#10385,#10386,#10387,#10388,#10389,#10390,
    #10391,#10392,#10393,#10394,#10395,#10396,#10397,#10398,#10399,
    #10400,#10401,#10402,#10403,#10404,#10405,#10406,#10407,#10408,
    #10409,#10410,#10411,#10412,#10413,#10414,#10415,#10416,#10417,
    #10418,#10419,#10420,#10421,#10422,#10423,#10424,#10425,#10426,
    #10427,#10428,#10429,#10430,#10431,#10432,#10433,#10434,#10435,
    #10436,#10437,#10438,#10439,#10440,#10441,#10442,#10443,#10444,
    #10445,#10446,#10447,#10448,#10449,#10450,#10451,#10452,#10453,
    #10454,#10455,#10456,#10457,#10458,#10459,#10460,#10461,#10462,
    #10463,#10464,#10465,#10466,#10467,#10468,#10469,#10470,#10471,
    #10472,#10473,#10474,#10475,#10476,#10477,#10478,#10479,#10480,
    #10481,#10482,#10483,#10484,#10485,#10486,#10487,#10488,#10489,
    #10490,#10491,#10492,#10493,#10494,#10495,#10496,#10497,#10498,
    #10499,#10500,#10501,#10502,#10503,#10504,#10505,#10506,#10507,
    #10508,#10509,#10510,#10511,#10512,#10513,#10514,#10515,#10516,
    #10517,#10518,#10519,#10520,#10521,#10522,#10523,#10524,#10525,
    #10526,#10527,#10528,#10529,#10530,#10531,#10532,#10533,#10534,
    #10535,#10536,#10537,#10538,#10539,#10540,#10541,#10542,#10543,
    #10544,#10545,#10546,#10547,#10548,#10549,#10550,#10551,#10552,
    #10553,#10554,#10555,#10556,#10557,#10558,#10559,#10560,#10561,
    #10562,#10563,#10564,#10565,#10566,#10567,#10568,#10569,#10570,
    #10571,#10572,#10573,#10574,#10575,#10576,#10577,#10578,#10579,
    #10580,#10581,#10582,#10583,#10584,#10585,#10586,#10587,#10588,
    #10589,#10590,#10591,#10592,#10593,#10594),.UNSPECIFIED.,.F.,.F.,(4,
    1,1,1,1,1,1,1,1,1,1,1,1,1,1,1,1,1,1,1,1,1,1,1,1,1,1,1,1,1,1,1,1,1,1,
    1,1,1,1,1,1,1,1,1,1,1,1,1,1,1,1,1,1,1,1,1,1,1,1,1,1,1,1,1,1,1,1,1,1,
    1,1,1,1,1,1,1,1,1,1,1,1,1,1,1,1,1,1,1,1,1,1,1,1,1,1,1,1,1,1,1,1,1,1,
    1,1,1,1,1,1,1,1,1,1,1,1,1,1,1,1,1,1,1,1,1,1,1,1,1,1,1,1,1,1,1,1,1,1,
    1,1,1,1,1,1,1,1,1,1,1,1,1,1,1,1,1,1,1,1,1,1,1,1,1,1,1,1,1,1,1,1,1,1,
    1,1,1,1,1,1,1,1,1,1,1,1,1,1,1,1,1,1,1,1,1,1,1,1,1,1,1,1,1,1,1,1,1,1,
    1,1,1,1,1,1,1,1,1,1,1,1,1,1,1,1,1,1,1,1,1,1,1,1,1,1,1,1,1,1,1,1,1,1,
    1,1,1,1,1,1,1,1,1,1,1,1,1,1,1,1,1,1,1,1,1,1,1,1,1,1,1,1,1,1,1,1,1,1,
    1,1,1,1,1,1,1,1,1,1,1,1,1,4),(-2.109785691911,-2.101777592656,
    -2.093769493401,-2.085761394147,-2.077753294892,-2.069745195637,
    -2.061737096382,-2.053728997128,-2.045720897873,-2.037712798618,
    -2.029704699363,-2.021696600109,-2.013688500854,-2.005680401599,
    -1.997672302344,-1.98966420309,-1.981656103835,-1.97364800458,
    -1.965639905325,-1.957631806071,-1.949623706816,-1.941615607561,
    -1.933607508306,-1.925599409051,-1.917591309797,-1.909583210542,
    -1.901575111287,-1.893567012032,-1.885558912778,-1.877550813523,
    -1.869542714268,-1.861534615013,-1.853526515759,-1.845518416504,
    -1.837510317249,-1.829502217994,-1.82149411874,-1.813486019485,
    -1.80547792023,-1.797469820975,-1.789461721721,-1.781453622466,
    -1.773445523211,-1.765437423956,-1.757429324702,-1.749421225447,
    -1.741413126192,-1.733405026937,-1.725396927682,-1.717388828428,
    -1.709380729173,-1.701372629918,-1.693364530663,-1.685356431409,
    -1.677348332154,-1.669340232899,-1.661332133644,-1.65332403439,
    -1.645315935135,-1.63730783588,-1.629299736625,-1.621291637371,
    -1.613283538116,-1.605275438861,-1.597267339606,-1.589259240352,
    -1.581251141097,-1.573243041842,-1.565234942587,-1.557226843333,
    -1.549218744078,-1.541210644823,-1.533202545568,-1.525194446313,
    -1.517186347059,-1.509178247804,-1.501170148549,-1.493162049294,
    -1.48515395004,-1.477145850785,-1.46913775153,-1.461129652275,
    -1.453121553021,-1.445113453766,-1.437105354511,-1.429097255256,
    -1.421089156002,-1.413081056747,-1.405072957492,-1.397064858237,
    -1.389056758983,-1.381048659728,-1.373040560473,-1.365032461218,
    -1.357024361964,-1.349016262709,-1.341008163454,-1.333000064199,
    -1.324991964944,-1.31698386569,-1.308975766435,-1.30096766718,
    -1.292959567925,-1.284951468671,-1.276943369416,-1.268935270161,
    -1.260927170906,-1.252919071652,-1.244910972397,-1.236902873142,
    -1.228894773887,-1.220886674633,-1.212878575378,-1.204870476123,
    -1.196862376868,-1.188854277614,-1.180846178359,-1.172838079104,
    -1.164829979849,-1.156821880594,-1.14881378134,-1.140805682085,
    -1.13279758283,-1.124789483575,-1.116781384321,-1.108773285066,
    -1.100765185811,-1.092757086556,-1.084748987302,-1.076740888047,
    -1.068732788792,-1.060724689537,-1.052716590283,-1.044708491028,
    -1.036700391773,-1.028692292518,-1.020684193264,-1.012676094009,
    -1.004667994754,-0.996659895499,-0.988651796245,-0.98064369699,
    -0.972635597735,-0.96462749848,-0.956619399225,-0.948611299971,
    -0.940603200716,-0.932595101461,-0.924587002206,-0.916578902952,
    -0.908570803697,-0.900562704442,-0.892554605187,-0.884546505933,
    -0.876538406678,-0.868530307423,-0.860522208168,-0.852514108914,
    -0.844506009659,-0.836497910404,-0.828489811149,-0.820481711895,
    -0.81247361264,-0.804465513385,-0.79645741413,-0.788449314876,
    -0.780441215621,-0.772433116366,-0.764425017111,-0.756416917856,
    -0.748408818602,-0.740400719347,-0.732392620092,-0.724384520837,
    -0.716376421583,-0.708368322328,-0.700360223073,-0.692352123818,
    -0.684344024564,-0.676335925309,-0.668327826054,-0.660319726799,
    -0.652311627545,-0.64430352829,-0.636295429035,-0.62828732978,
    -0.620279230526,-0.612271131271,-0.604263032016,-0.596254932761,
    -0.588246833507,-0.580238734252,-0.572230634997,-0.564222535742,
    -0.556214436487,-0.548206337233,-0.540198237978,-0.532190138723,
    -0.524182039468,-0.516173940214,-0.508165840959,-0.500157741704,
    -0.492149642449,-0.484141543195,-0.47613344394,-0.468125344685,
    -0.46011724543,-0.452109146176,-0.444101046921,-0.436092947666,
    -0.428084848411,-0.420076749157,-0.412068649902,-0.404060550647,
    -0.396052451392,-0.388044352138,-0.380036252883,-0.372028153628,
    -0.364020054373,-0.356011955118,-0.348003855864,-0.339995756609,
    -0.331987657354,-0.323979558099,-0.315971458845,-0.30796335959,
    -0.299955260335,-0.29194716108,-0.283939061826,-0.275930962571,
    -0.267922863316,-0.259914764061,-0.251906664807,-0.243898565552,
    -0.235890466297,-0.227882367042,-0.219874267788,-0.211866168533,
    -0.203858069278,-0.195849970023,-0.187841870768,-0.179833771514,
    -0.171825672259,-0.163817573004,-0.155809473749,-0.147801374495,
    -0.13979327524,-0.131785175985,-0.12377707673,-0.115768977476,
    -0.107760878221,-9.975277896614E-02,-9.174467971138E-02,
    -8.373658045662E-02,-7.572848120185E-02,-6.772038194709E-02,
    -5.971228269233E-02,-5.170418343757E-02,-4.369608418281E-02,
    -3.568798492805E-02,-2.767988567329E-02,-1.967178641853E-02,
    -1.166368716377E-02,-3.655587909012E-03,4.352511345748E-03,
    1.236061060051E-02,2.036870985527E-02,2.837680911003E-02,
    3.638490836479E-02,4.439300761955E-02,5.240110687431E-02,
    6.040920612907E-02,6.841730538383E-02,7.642540463859E-02,
    8.443350389335E-02,9.244160314811E-02,0.100449702403,0.108457801658,
    0.116465900912,0.124474000167,0.132482099422,0.140490198677,
    0.148498297931,0.156506397186,0.164514496441,0.172522595696,
    0.18053069495),.UNSPECIFIED.);
#10306 = CARTESIAN_POINT('',(1.596187703262,0.888438939197));
#10307 = CARTESIAN_POINT('',(1.597630840334,0.891006255094));
#10308 = CARTESIAN_POINT('',(1.600481601948,0.896158443627));
#10309 = CARTESIAN_POINT('',(1.604651134874,0.903937358554));
#10310 = CARTESIAN_POINT('',(1.608713983692,0.911764858377));
#10311 = CARTESIAN_POINT('',(1.612670083268,0.91963892784));
#10312 = CARTESIAN_POINT('',(1.616519326867,0.927557432928));
#10313 = CARTESIAN_POINT('',(1.620261758027,0.935518682685));
#10314 = CARTESIAN_POINT('',(1.62389685999,0.943519330856));
#10315 = CARTESIAN_POINT('',(1.627427071028,0.951563230365));
#10316 = CARTESIAN_POINT('',(1.630852625023,0.959649721712));
#10317 = CARTESIAN_POINT('',(1.634173330298,0.967777004975));
#10318 = CARTESIAN_POINT('',(1.637389108353,0.975943585822));
#10319 = CARTESIAN_POINT('',(1.640499849514,0.984147887982));
#10320 = CARTESIAN_POINT('',(1.643505451377,0.992388357347));
#10321 = CARTESIAN_POINT('',(1.646405809199,1.000663433105));
#10322 = CARTESIAN_POINT('',(1.649200815758,1.008971559092));
#10323 = CARTESIAN_POINT('',(1.651890408853,1.01731111157));
#10324 = CARTESIAN_POINT('',(1.654474518096,1.025680501975));
#10325 = CARTESIAN_POINT('',(1.656953058592,1.034078095168));
#10326 = CARTESIAN_POINT('',(1.659326002823,1.042502414133));
#10327 = CARTESIAN_POINT('',(1.661593830153,1.050956741008));
#10328 = CARTESIAN_POINT('',(1.663756103419,1.059438914511));
#10329 = CARTESIAN_POINT('',(1.665812568308,1.067947828491));
#10330 = CARTESIAN_POINT('',(1.667762921925,1.076482094075));
#10331 = CARTESIAN_POINT('',(1.669606874722,1.085040398152));
#10332 = CARTESIAN_POINT('',(1.671344133808,1.093621407282));
#10333 = CARTESIAN_POINT('',(1.672974407405,1.102223793579));
#10334 = CARTESIAN_POINT('',(1.674497403389,1.110846227271));
#10335 = CARTESIAN_POINT('',(1.675912830381,1.119487380578));
#10336 = CARTESIAN_POINT('',(1.677220394599,1.128145919635));
#10337 = CARTESIAN_POINT('',(1.678419815997,1.136820544066));
#10338 = CARTESIAN_POINT('',(1.679510809769,1.145509948102));
#10339 = CARTESIAN_POINT('',(1.68049308986,1.154212820934));
#10340 = CARTESIAN_POINT('',(1.68136637331,1.162927864526));
#10341 = CARTESIAN_POINT('',(1.682130365725,1.171653734782));
#10342 = CARTESIAN_POINT('',(1.682784815081,1.180389259084));
#10343 = CARTESIAN_POINT('',(1.683329451459,1.189134071837));
#10344 = CARTESIAN_POINT('',(1.683763809352,1.197886698309));
#10345 = CARTESIAN_POINT('',(1.684087468656,1.206645914232));
#10346 = CARTESIAN_POINT('',(1.684299997237,1.215410428236));
#10347 = CARTESIAN_POINT('',(1.684400966338,1.224178966891));
#10348 = CARTESIAN_POINT('',(1.684389946306,1.232950252108));
#10349 = CARTESIAN_POINT('',(1.684266508248,1.241723006492));
#10350 = CARTESIAN_POINT('',(1.684030221714,1.250495954537));
#10351 = CARTESIAN_POINT('',(1.683680662388,1.259267812482));
#10352 = CARTESIAN_POINT('',(1.683217434262,1.268037254128));
#10353 = CARTESIAN_POINT('',(1.68264012511,1.276803007279));
#10354 = CARTESIAN_POINT('',(1.681948345836,1.285563663136));
#10355 = CARTESIAN_POINT('',(1.68114163245,1.294318305671));
#10356 = CARTESIAN_POINT('',(1.680219799518,1.303064184322));
#10357 = CARTESIAN_POINT('',(1.679182697749,1.311798498942));
#10358 = CARTESIAN_POINT('',(1.6780299202,1.320520250969));
#10359 = CARTESIAN_POINT('',(1.676761128819,1.329227959109));
#10360 = CARTESIAN_POINT('',(1.675375966909,1.337920271415));
#10361 = CARTESIAN_POINT('',(1.673874082552,1.346595801272));
#10362 = CARTESIAN_POINT('',(1.672255122333,1.355253171397));
#10363 = CARTESIAN_POINT('',(1.670518732973,1.36389100185));
#10364 = CARTESIAN_POINT('',(1.668664561106,1.372507913984));
#10365 = CARTESIAN_POINT('',(1.66669225261,1.381102526632));
#10366 = CARTESIAN_POINT('',(1.664601455682,1.389673467425));
#10367 = CARTESIAN_POINT('',(1.66239180927,1.398219331176));
#10368 = CARTESIAN_POINT('',(1.660062924762,1.406738783608));
#10369 = CARTESIAN_POINT('',(1.657614493682,1.415230203139));
#10370 = CARTESIAN_POINT('',(1.655045942108,1.423693067376));
#10371 = CARTESIAN_POINT('',(1.652357678913,1.432122744472));
#10372 = CARTESIAN_POINT('',(1.649551510719,1.440511057861));
#10373 = CARTESIAN_POINT('',(1.646627202532,1.448858294254));
#10374 = CARTESIAN_POINT('',(1.643585045859,1.457162549997));
#10375 = CARTESIAN_POINT('',(1.640425190008,1.465422508984));
#10376 = CARTESIAN_POINT('',(1.637147819079,1.473636695289));
#10377 = CARTESIAN_POINT('',(1.633753112529,1.481803684713));
#10378 = CARTESIAN_POINT('',(1.630241110867,1.489922007526));
#10379 = CARTESIAN_POINT('',(1.626611844182,1.497990181257));
#10380 = CARTESIAN_POINT('',(1.622865343795,1.50600672662));
#10381 = CARTESIAN_POINT('',(1.619001638833,1.513970164026));
#10382 = CARTESIAN_POINT('',(1.615020758492,1.52187901191));
#10383 = CARTESIAN_POINT('',(1.610922726659,1.529731796919));
#10384 = CARTESIAN_POINT('',(1.606707429668,1.537526975288));
#10385 = CARTESIAN_POINT('',(1.602374756581,1.545262994601));
#10386 = CARTESIAN_POINT('',(1.597924594954,1.55293830683));
#10387 = CARTESIAN_POINT('',(1.593356829619,1.560551355038));
#10388 = CARTESIAN_POINT('',(1.588671352386,1.568100613543));
#10389 = CARTESIAN_POINT('',(1.583868015246,1.575584434497));
#10390 = CARTESIAN_POINT('',(1.578946448068,1.583001382201));
#10391 = CARTESIAN_POINT('',(1.573906931392,1.590349081622));
#10392 = CARTESIAN_POINT('',(1.568747393095,1.597628715298));
#10393 = CARTESIAN_POINT('',(1.563477676731,1.604824897743));
#10394 = CARTESIAN_POINT('',(1.5581000285,1.611934902378));
#10395 = CARTESIAN_POINT('',(1.552615325316,1.618957991123));
#10396 = CARTESIAN_POINT('',(1.547024802024,1.625892891856));
#10397 = CARTESIAN_POINT('',(1.541329615707,1.632738480128));
#10398 = CARTESIAN_POINT('',(1.535530853201,1.639493575268));
#10399 = CARTESIAN_POINT('',(1.529629385941,1.646156883912));
#10400 = CARTESIAN_POINT('',(1.523626121885,1.652727124052));
#10401 = CARTESIAN_POINT('',(1.517521949031,1.659203006552));
#10402 = CARTESIAN_POINT('',(1.511317782012,1.665583259439));
#10403 = CARTESIAN_POINT('',(1.505014409792,1.67186654407));
#10404 = CARTESIAN_POINT('',(1.498612481975,1.678051381807));
#10405 = CARTESIAN_POINT('',(1.492112674209,1.684136320585));
#10406 = CARTESIAN_POINT('',(1.485515648448,1.690119893666));
#10407 = CARTESIAN_POINT('',(1.478822076459,1.696000666429));
#10408 = CARTESIAN_POINT('',(1.472032525111,1.701777049435));
#10409 = CARTESIAN_POINT('',(1.465147303646,1.707447343366));
#10410 = CARTESIAN_POINT('',(1.458165338134,1.713009873092));
#10411 = CARTESIAN_POINT('',(1.451087376759,1.718462960579));
#10412 = CARTESIAN_POINT('',(1.443913602607,1.723804915219));
#10413 = CARTESIAN_POINT('',(1.436644714315,1.729033732711));
#10414 = CARTESIAN_POINT('',(1.429280592852,1.734149267065));
#10415 = CARTESIAN_POINT('',(1.42182653703,1.739147139783));
#10416 = CARTESIAN_POINT('',(1.414298417134,1.744016101836));
#10417 = CARTESIAN_POINT('',(1.406694400011,1.748758051506));
#10418 = CARTESIAN_POINT('',(1.399017023279,1.753371640733));
#10419 = CARTESIAN_POINT('',(1.39126764684,1.757856385531));
#10420 = CARTESIAN_POINT('',(1.383447962331,1.762211591945));
#10421 = CARTESIAN_POINT('',(1.375559442866,1.766436505559));
#10422 = CARTESIAN_POINT('',(1.367603541192,1.770530277542));
#10423 = CARTESIAN_POINT('',(1.35958171313,1.774492083222));
#10424 = CARTESIAN_POINT('',(1.35149540635,1.778321085881));
#10425 = CARTESIAN_POINT('',(1.343346081986,1.782016472823));
#10426 = CARTESIAN_POINT('',(1.335135116784,1.785577331574));
#10427 = CARTESIAN_POINT('',(1.32686383185,1.789002618816));
#10428 = CARTESIAN_POINT('',(1.318533557972,1.792291319333));
#10429 = CARTESIAN_POINT('',(1.310145614072,1.795442402725));
#10430 = CARTESIAN_POINT('',(1.301701330932,1.798454871227));
#10431 = CARTESIAN_POINT('',(1.29320196446,1.801327586084));
#10432 = CARTESIAN_POINT('',(1.284648779349,1.804059339134));
#10433 = CARTESIAN_POINT('',(1.276042923242,1.806648932196));
#10434 = CARTESIAN_POINT('',(1.267386046403,1.809095228821));
#10435 = CARTESIAN_POINT('',(1.258681223064,1.811397020543));
#10436 = CARTESIAN_POINT('',(1.249930399914,1.813553465828));
#10437 = CARTESIAN_POINT('',(1.241139028568,1.815562323418));
#10438 = CARTESIAN_POINT('',(1.232320603297,1.81741886913));
#10439 = CARTESIAN_POINT('',(1.223475637199,1.819123515021));
#10440 = CARTESIAN_POINT('',(1.214607791019,1.82067542685));
#10441 = CARTESIAN_POINT('',(1.205719881704,1.822074105341));
#10442 = CARTESIAN_POINT('',(1.196814965525,1.823318957667));
#10443 = CARTESIAN_POINT('',(1.187895841176,1.824409286439));
#10444 = CARTESIAN_POINT('',(1.178965532174,1.82534433598));
#10445 = CARTESIAN_POINT('',(1.170024279744,1.826126413541));
#10446 = CARTESIAN_POINT('',(1.161072164512,1.826757914992));
#10447 = CARTESIAN_POINT('',(1.152109318236,1.827241270283));
#10448 = CARTESIAN_POINT('',(1.143135993897,1.82757868431));
#10449 = CARTESIAN_POINT('',(1.134152075257,1.827773228102));
#10450 = CARTESIAN_POINT('',(1.125160113765,1.827822193681));
#10451 = CARTESIAN_POINT('',(1.116163594769,1.82772082723));
#10452 = CARTESIAN_POINT('',(1.107165739611,1.827464833455));
#10453 = CARTESIAN_POINT('',(1.098169754609,1.827049983881));
#10454 = CARTESIAN_POINT('',(1.089178958145,1.826471324231));
#10455 = CARTESIAN_POINT('',(1.080195791776,1.825727305877));
#10456 = CARTESIAN_POINT('',(1.071222019504,1.824819620471));
#10457 = CARTESIAN_POINT('',(1.062259395872,1.823749256756));
#10458 = CARTESIAN_POINT('',(1.053310354442,1.822517359232));
#10459 = CARTESIAN_POINT('',(1.044374734788,1.821125152269));
#10460 = CARTESIAN_POINT('',(1.035478251333,1.8195722046));
#10461 = CARTESIAN_POINT('',(1.026619712559,1.817860527633));
#10462 = CARTESIAN_POINT('',(1.017801282309,1.815991794758));
#10463 = CARTESIAN_POINT('',(1.009024250242,1.813967786885));
#10464 = CARTESIAN_POINT('',(1.000290132701,1.811790190376));
#10465 = CARTESIAN_POINT('',(0.991600385572,1.809460358404));
#10466 = CARTESIAN_POINT('',(0.982956502309,1.806979684299));
#10467 = CARTESIAN_POINT('',(0.97435998331,1.804349539939));
#10468 = CARTESIAN_POINT('',(0.965812333281,1.801571342855));
#10469 = CARTESIAN_POINT('',(0.957315083288,1.798646211817));
#10470 = CARTESIAN_POINT('',(0.948869814136,1.79557517067));
#10471 = CARTESIAN_POINT('',(0.940478106311,1.792359262187));
#10472 = CARTESIAN_POINT('',(0.932141551495,1.788999542408));
#10473 = CARTESIAN_POINT('',(0.923861746849,1.785496991536));
#10474 = CARTESIAN_POINT('',(0.915640414764,1.781852308073));
#10475 = CARTESIAN_POINT('',(0.907479277328,1.778066229943));
#10476 = CARTESIAN_POINT('',(0.899380067959,1.774139478684));
#10477 = CARTESIAN_POINT('',(0.891344512887,1.770072801947));
#10478 = CARTESIAN_POINT('',(0.883374428947,1.765866743063));
#10479 = CARTESIAN_POINT('',(0.875471886891,1.761521607796));
#10480 = CARTESIAN_POINT('',(0.86763699895,1.757038331743));
#10481 = CARTESIAN_POINT('',(0.859868807041,1.752415565396));
#10482 = CARTESIAN_POINT('',(0.852187556651,1.747664285881));
#10483 = CARTESIAN_POINT('',(0.844595311123,1.742785774397));
#10484 = CARTESIAN_POINT('',(0.837094008554,1.737781150817));
#10485 = CARTESIAN_POINT('',(0.829685628152,1.732651570664));
#10486 = CARTESIAN_POINT('',(0.82237213294,1.727398208182));
#10487 = CARTESIAN_POINT('',(0.815155530612,1.72202209591));
#10488 = CARTESIAN_POINT('',(0.808037926657,1.716524128345));
#10489 = CARTESIAN_POINT('',(0.801021410636,1.710905231825));
#10490 = CARTESIAN_POINT('',(0.794108085007,1.70516631706));
#10491 = CARTESIAN_POINT('',(0.787300030398,1.699308325437));
#10492 = CARTESIAN_POINT('',(0.780599434189,1.693332034583));
#10493 = CARTESIAN_POINT('',(0.774008580781,1.687238143771));
#10494 = CARTESIAN_POINT('',(0.767529750063,1.681027363309));
#10495 = CARTESIAN_POINT('',(0.761165170079,1.674700430084));
#10496 = CARTESIAN_POINT('',(0.754917289002,1.668257963635));
#10497 = CARTESIAN_POINT('',(0.748786405526,1.661701674618));
#10498 = CARTESIAN_POINT('',(0.742772453194,1.655033489034));
#10499 = CARTESIAN_POINT('',(0.736875447731,1.648255256971));
#10500 = CARTESIAN_POINT('',(0.731095445538,1.641368923265));
#10501 = CARTESIAN_POINT('',(0.725432272992,1.634376129674));
#10502 = CARTESIAN_POINT('',(0.7198868304,1.627279513852));
#10503 = CARTESIAN_POINT('',(0.714456700549,1.620077584528));
#10504 = CARTESIAN_POINT('',(0.709151738273,1.612784373826));
#10505 = CARTESIAN_POINT('',(0.703982040784,1.605415871));
#10506 = CARTESIAN_POINT('',(0.698943859116,1.597970528575));
#10507 = CARTESIAN_POINT('',(0.694037162585,1.590451484138));
#10508 = CARTESIAN_POINT('',(0.689260894302,1.582860652128));
#10509 = CARTESIAN_POINT('',(0.684614461656,1.575200067331));
#10510 = CARTESIAN_POINT('',(0.680097319489,1.567471588339));
#10511 = CARTESIAN_POINT('',(0.675708919451,1.559677116059));
#10512 = CARTESIAN_POINT('',(0.671448709489,1.551818551865));
#10513 = CARTESIAN_POINT('',(0.667316172964,1.543897751119));
#10514 = CARTESIAN_POINT('',(0.663311063453,1.535916389552));
#10515 = CARTESIAN_POINT('',(0.65943311207,1.527876170078));
#10516 = CARTESIAN_POINT('',(0.655682068971,1.519778783773));
#10517 = CARTESIAN_POINT('',(0.652057646793,1.511625941889));
#10518 = CARTESIAN_POINT('',(0.648559750309,1.50341924472));
#10519 = CARTESIAN_POINT('',(0.645188440469,1.495160238999));
#10520 = CARTESIAN_POINT('',(0.641943762697,1.486850527438));
#10521 = CARTESIAN_POINT('',(0.638825711198,1.478491542738));
#10522 = CARTESIAN_POINT('',(0.635834515003,1.470085341661));
#10523 = CARTESIAN_POINT('',(0.632969924264,1.46163153742));
#10524 = CARTESIAN_POINT('',(0.630236050846,1.453144351847));
#10525 = CARTESIAN_POINT('',(0.627632675309,1.444624930881));
#10526 = CARTESIAN_POINT('',(0.625159789219,1.436074975516));
#10527 = CARTESIAN_POINT('',(0.62281733951,1.427496037539));
#10528 = CARTESIAN_POINT('',(0.620605249846,1.418889710504));
#10529 = CARTESIAN_POINT('',(0.618523710481,1.410257503161));
#10530 = CARTESIAN_POINT('',(0.616573002777,1.401600939081));
#10531 = CARTESIAN_POINT('',(0.614753391567,1.392921537475));
#10532 = CARTESIAN_POINT('',(0.613065127188,1.384220822811));
#10533 = CARTESIAN_POINT('',(0.611508537946,1.37550030289));
#10534 = CARTESIAN_POINT('',(0.610084134401,1.366761518718));
#10535 = CARTESIAN_POINT('',(0.608792643848,1.358005890254));
#10536 = CARTESIAN_POINT('',(0.60763375184,1.349235326557));
#10537 = CARTESIAN_POINT('',(0.606611566393,1.340449960082));
#10538 = CARTESIAN_POINT('',(0.605713074563,1.331657230821));
#10539 = CARTESIAN_POINT('',(0.604932367731,1.322860089216));
#10540 = CARTESIAN_POINT('',(0.604270426681,1.314059425137));
#10541 = CARTESIAN_POINT('',(0.603726386359,1.305256680745));
#10542 = CARTESIAN_POINT('',(0.603299882847,1.296453149614));
#10543 = CARTESIAN_POINT('',(0.602990399501,1.287650167368));
#10544 = CARTESIAN_POINT('',(0.602797622227,1.27884902963));
#10545 = CARTESIAN_POINT('',(0.602721234112,1.270051045764));
#10546 = CARTESIAN_POINT('',(0.602760920178,1.261257523377));
#10547 = CARTESIAN_POINT('',(0.602916350165,1.252469768479));
#10548 = CARTESIAN_POINT('',(0.603187348141,1.243689094409));
#10549 = CARTESIAN_POINT('',(0.603573557576,1.234916799301));
#10550 = CARTESIAN_POINT('',(0.604075272203,1.226154233315));
#10551 = CARTESIAN_POINT('',(0.604690550843,1.217402639735));
#10552 = CARTESIAN_POINT('',(0.605416397156,1.208663018645));
#10553 = CARTESIAN_POINT('',(0.606252676285,1.199936634025));
#10554 = CARTESIAN_POINT('',(0.607198489684,1.191224679436));
#10555 = CARTESIAN_POINT('',(0.608253143347,1.182528367306));
#10556 = CARTESIAN_POINT('',(0.609415888414,1.173848905016));
#10557 = CARTESIAN_POINT('',(0.610685990688,1.165187501271));
#10558 = CARTESIAN_POINT('',(0.612062712072,1.156545364519));
#10559 = CARTESIAN_POINT('',(0.613545315361,1.147923702914));
#10560 = CARTESIAN_POINT('',(0.61513306282,1.139323724188));
#10561 = CARTESIAN_POINT('',(0.616825217001,1.130746635445));
#10562 = CARTESIAN_POINT('',(0.618621039932,1.122193646883));
#10563 = CARTESIAN_POINT('',(0.620519795283,1.113665956944));
#10564 = CARTESIAN_POINT('',(0.622520740383,1.105164807997));
#10565 = CARTESIAN_POINT('',(0.624623156544,1.096691273987));
#10566 = CARTESIAN_POINT('',(0.626826232324,1.088247064056));
#10567 = CARTESIAN_POINT('',(0.629129532871,1.079831280545));
#10568 = CARTESIAN_POINT('',(0.631532621454,1.071444572309));
#10569 = CARTESIAN_POINT('',(0.634034935891,1.063088334973));
#10570 = CARTESIAN_POINT('',(0.636635984673,1.054763639499));
#10571 = CARTESIAN_POINT('',(0.639335115802,1.046472108739));
#10572 = CARTESIAN_POINT('',(0.642133393832,1.038209284116));
#10573 = CARTESIAN_POINT('',(0.645030204616,1.029977215687));
#10574 = CARTESIAN_POINT('',(0.648025162726,1.021777048279));
#10575 = CARTESIAN_POINT('',(0.651117822593,1.013610169273));
#10576 = CARTESIAN_POINT('',(0.654307755926,1.005477901055));
#10577 = CARTESIAN_POINT('',(0.65759453107,0.997381583437));
#10578 = CARTESIAN_POINT('',(0.660977718285,0.989322551531));
#10579 = CARTESIAN_POINT('',(0.664456889392,0.981302141812));
#10580 = CARTESIAN_POINT('',(0.668031613981,0.973321690009));
#10581 = CARTESIAN_POINT('',(0.671701451719,0.965382527869));
#10582 = CARTESIAN_POINT('',(0.675465967667,0.957485988519));
#10583 = CARTESIAN_POINT('',(0.679324728421,0.949633402285));
#10584 = CARTESIAN_POINT('',(0.683277295121,0.941826109335));
#10585 = CARTESIAN_POINT('',(0.687323255175,0.934065413264));
#10586 = CARTESIAN_POINT('',(0.691462098588,0.926352752744));
#10587 = CARTESIAN_POINT('',(0.695693659261,0.91868904858));
#10588 = CARTESIAN_POINT('',(0.700016494405,0.911077150349));
#10589 = CARTESIAN_POINT('',(0.704435724118,0.903509935582));
#10590 = CARTESIAN_POINT('',(0.708951212824,0.895989084601));
#10591 = CARTESIAN_POINT('',(0.713562590564,0.888516547599));
#10592 = CARTESIAN_POINT('',(0.718269552666,0.881094202433));
#10593 = CARTESIAN_POINT('',(0.72147103776,0.876180698433));
#10594 = CARTESIAN_POINT('',(0.723087605434,0.873732943256));
#10595 = ( GEOMETRIC_REPRESENTATION_CONTEXT(2) 
PARAMETRIC_REPRESENTATION_CONTEXT() REPRESENTATION_CONTEXT('2D SPACE',''
  ) );
#10596 = PCURVE('',#10597,#10706);
#10597 = B_SPLINE_SURFACE_WITH_KNOTS('',3,3,(
    (#10598,#10599,#10600,#10601,#10602,#10603,#10604,#10605,#10606
      ,#10607,#10608,#10609,#10610,#10611,#10612,#10613,#10614,#10615
      ,#10616,#10617,#10618,#10619,#10620,#10621,#10622,#10623,#10624)
    ,(#10625,#10626,#10627,#10628,#10629,#10630,#10631,#10632,#10633
      ,#10634,#10635,#10636,#10637,#10638,#10639,#10640,#10641,#10642
      ,#10643,#10644,#10645,#10646,#10647,#10648,#10649,#10650,#10651)
    ,(#10652,#10653,#10654,#10655,#10656,#10657,#10658,#10659,#10660
      ,#10661,#10662,#10663,#10664,#10665,#10666,#10667,#10668,#10669
      ,#10670,#10671,#10672,#10673,#10674,#10675,#10676,#10677,#10678)
    ,(#10679,#10680,#10681,#10682,#10683,#10684,#10685,#10686,#10687
      ,#10688,#10689,#10690,#10691,#10692,#10693,#10694,#10695,#10696
      ,#10697,#10698,#10699,#10700,#10701,#10702,#10703,#10704,#10705
  )),.UNSPECIFIED.,.F.,.F.,.F.,(4,4),(4,2,2,2,2,2,1,1,1,1,1,1,1,2,2,2,4)
  ,(0.,1.),(-0.23727884672,-0.137672900036,0.,3.729369904452E-02,
    0.16362063079,0.269198658208,0.603003428576,0.936808198943,
    0.978533795239,1.020259391535,1.103710584127,1.27061296931,
    1.437515354494,1.604417739678,1.72544524503,1.962839666525,
    2.164747552777),.UNSPECIFIED.);
#10598 = CARTESIAN_POINT('',(432.18689994065,-58.81849852545,
    -172.9735603481));
#10599 = CARTESIAN_POINT('',(432.40740475311,-59.03978585057,
    -172.7822083091));
#10600 = CARTESIAN_POINT('',(432.64407670948,-59.23689509652,
    -172.5843179727));
#10601 = CARTESIAN_POINT('',(433.23689829276,-59.64806098574,
    -172.1091134359));
#10602 = CARTESIAN_POINT('',(433.60684194782,-59.8419561303,
    -171.8279267294));
#10603 = CARTESIAN_POINT('',(434.100931529,-60.02876855663,
    -171.4759603866));
#10604 = CARTESIAN_POINT('',(434.20777862956,-60.06519134334,
    -171.4011435503));
#10605 = CARTESIAN_POINT('',(434.68246284872,-60.20970322476,
    -171.0745117332));
#10606 = CARTESIAN_POINT('',(435.06545596457,-60.28154914296,
    -170.8262209408));
#10607 = CARTESIAN_POINT('',(435.78872660956,-60.3329143534,
    -170.3890311322));
#10608 = CARTESIAN_POINT('',(436.12680461278,-60.32500303279,
    -170.1973814284));
#10609 = CARTESIAN_POINT('',(437.54098848112,-60.15532255711,
    -169.440505698));
#10610 = CARTESIAN_POINT('',(439.81672839683,-59.16639225426,
    -168.5304677326));
#10611 = CARTESIAN_POINT('',(441.11138965885,-56.62440081436,
    -168.3757097372));
#10612 = CARTESIAN_POINT('',(441.19907531513,-55.06848820933,
    -168.4771031773));
#10613 = CARTESIAN_POINT('',(441.18347031188,-54.44861639417,
    -168.5341550152));
#10614 = CARTESIAN_POINT('',(441.0106241151,-53.37377099236,
    -168.6768244966));
#10615 = CARTESIAN_POINT('',(440.37857279692,-51.96604834466,
    -168.9959418956));
#10616 = CARTESIAN_POINT('',(439.13719501881,-50.66357728718,
    -169.5650568277));
#10617 = CARTESIAN_POINT('',(438.12647508279,-50.1305015295,
    -170.0583695656));
#10618 = CARTESIAN_POINT('',(437.22615742164,-49.8181701538,
    -170.5228769565));
#10619 = CARTESIAN_POINT('',(436.84043579157,-49.73215914059,
    -170.7292259241));
#10620 = CARTESIAN_POINT('',(435.69912088062,-49.60537517932,
    -171.3637493364));
#10621 = CARTESIAN_POINT('',(434.94776212689,-49.68670806389,
    -171.8143703002));
#10622 = CARTESIAN_POINT('',(433.64763295048,-50.11760546553,
    -172.6416912167));
#10623 = CARTESIAN_POINT('',(433.08113802267,-50.42592146231,
    -173.0213771624));
#10624 = CARTESIAN_POINT('',(432.57398045344,-50.84798088976,
    -173.3686797134));
#10625 = CARTESIAN_POINT('',(432.24294183273,-58.59173196363,
    -172.7710184342));
#10626 = CARTESIAN_POINT('',(432.4513553717,-58.80904569751,
    -172.5881342238));
#10627 = CARTESIAN_POINT('',(432.67637423479,-59.00445778206,
    -172.3981810864));
#10628 = CARTESIAN_POINT('',(433.24297926149,-59.41544751926,
    -171.9404731967));
#10629 = CARTESIAN_POINT('',(433.59882965367,-59.61229391622,
    -171.6683934381));
#10630 = CARTESIAN_POINT('',(434.07662104616,-59.80518183106,
    -171.3267139271));
#10631 = CARTESIAN_POINT('',(434.18007455318,-59.84302660878,
    -171.2540161364));
#10632 = CARTESIAN_POINT('',(434.64026849576,-59.99441105432,
    -170.9364028668));
#10633 = CARTESIAN_POINT('',(435.01301691989,-60.0727841411,
    -170.6942496555));
#10634 = CARTESIAN_POINT('',(435.71915278306,-60.13793645461,
    -170.267049196));
#10635 = CARTESIAN_POINT('',(436.04996203948,-60.13654090965,
    -170.0793361641));
#10636 = CARTESIAN_POINT('',(437.43633402866,-59.99712738969,
    -169.3372397936));
#10637 = CARTESIAN_POINT('',(439.67858302724,-59.05590338701,
    -168.4381301781));
#10638 = CARTESIAN_POINT('',(440.94465516099,-56.57285791155,
    -168.2786837705));
#10639 = CARTESIAN_POINT('',(441.02580296277,-55.05764687604,
    -168.3773993164));
#10640 = CARTESIAN_POINT('',(441.00857483563,-54.4538233055,
    -168.4332408668));
#10641 = CARTESIAN_POINT('',(440.83544061405,-53.40792601401,
    -168.5737606341));
#10642 = CARTESIAN_POINT('',(440.21042413734,-52.04094295798,
    -168.8893536121));
#10643 = CARTESIAN_POINT('',(438.98691968541,-50.7844300901,
    -169.4516111563));
#10644 = CARTESIAN_POINT('',(437.99330135059,-50.279416168,
    -169.936998317));
#10645 = CARTESIAN_POINT('',(437.11021575882,-49.98977363522,
    -170.3928004469));
#10646 = CARTESIAN_POINT('',(436.73252677235,-49.91284780001,
    -170.5949036403));
#10647 = CARTESIAN_POINT('',(435.61755838438,-49.81057228987,
    -171.214987723));
#10648 = CARTESIAN_POINT('',(434.88716151204,-49.90558323905,
    -171.6535447883));
#10649 = CARTESIAN_POINT('',(433.63377488219,-50.34929218657,
    -172.45306324));
#10650 = CARTESIAN_POINT('',(433.09202718976,-50.65859473257,
    -172.8177002223));
#10651 = CARTESIAN_POINT('',(432.61239332808,-51.07153365397,
    -173.1479136437));
#10652 = CARTESIAN_POINT('',(432.29898372481,-58.36496540182,
    -172.5684765202));
#10653 = CARTESIAN_POINT('',(432.49532453896,-58.57828785919,
    -172.3940493513));
#10654 = CARTESIAN_POINT('',(432.70866947736,-58.7720499119,
    -172.2120499412));
#10655 = CARTESIAN_POINT('',(433.2490668,-59.18286615473,-171.7718381564
    ));
#10656 = CARTESIAN_POINT('',(433.59083041851,-59.38271236862,
    -171.5088763098));
#10657 = CARTESIAN_POINT('',(434.05230308592,-59.58169312427,
    -171.1774876914));
#10658 = CARTESIAN_POINT('',(434.15237325166,-59.62099622543,
    -171.1069182293));
#10659 = CARTESIAN_POINT('',(434.59805071641,-59.77910900012,
    -170.7982858608));
#10660 = CARTESIAN_POINT('',(434.9606134058,-59.86435041828,
    -170.5623613461));
#10661 = CARTESIAN_POINT('',(435.6495213756,-59.94290951851,
    -170.1450417445));
#10662 = CARTESIAN_POINT('',(435.97320359897,-59.94865638956,
    -169.9614413666));
#10663 = CARTESIAN_POINT('',(437.33136298035,-59.8381614613,
    -169.2337328325));
#10664 = CARTESIAN_POINT('',(439.54060323636,-58.94579046633,
    -168.3459158313));
#10665 = CARTESIAN_POINT('',(440.7778626549,-56.52207465104,
    -168.1818223489));
#10666 = CARTESIAN_POINT('',(440.85258944501,-55.04621737279,
    -168.2775617738));
#10667 = CARTESIAN_POINT('',(440.83370184483,-54.45874001867,
    -168.3322601912));
#10668 = CARTESIAN_POINT('',(440.66031160239,-53.44167773045,
    -168.4706010053));
#10669 = CARTESIAN_POINT('',(440.04228973743,-52.11552123539,
    -168.7827064986));
#10670 = CARTESIAN_POINT('',(438.83667482857,-50.90510513005,
    -169.3380696638));
#10671 = CARTESIAN_POINT('',(437.86012092491,-50.42813524338,
    -169.815595025));
#10672 = CARTESIAN_POINT('',(436.99436738173,-50.16128703837,
    -170.2626368813));
#10673 = CARTESIAN_POINT('',(436.62464841166,-50.09335548709,
    -170.4605305501));
#10674 = CARTESIAN_POINT('',(435.53610562999,-50.01582381849,
    -171.066141974));
#10675 = CARTESIAN_POINT('',(434.82664636137,-50.12448656417,
    -171.4926569167));
#10676 = CARTESIAN_POINT('',(433.61994817137,-50.58093534532,
    -172.264401952));
#10677 = CARTESIAN_POINT('',(433.10321622711,-50.89157346617,
    -172.6138263324));
#10678 = CARTESIAN_POINT('',(432.65080620271,-51.29508641818,
    -172.927147574));
#10679 = CARTESIAN_POINT('',(432.35502561689,-58.13819884,
    -172.3659346063));
#10680 = CARTESIAN_POINT('',(432.53927515755,-58.34754770613,
    -172.199975266));
#10681 = CARTESIAN_POINT('',(432.74096700267,-58.53961259745,
    -172.0259130548));
#10682 = CARTESIAN_POINT('',(433.25514776873,-58.95025268825,
    -171.6031979172));
#10683 = CARTESIAN_POINT('',(433.58281812436,-59.15305015455,
    -171.3493430185));
#10684 = CARTESIAN_POINT('',(434.02799260307,-59.3581063987,
    -171.0282412319));
#10685 = CARTESIAN_POINT('',(434.12466917528,-59.39883149087,
    -170.9597908153));
#10686 = CARTESIAN_POINT('',(434.55585636345,-59.56381682967,
    -170.6601769945));
#10687 = CARTESIAN_POINT('',(434.90817436112,-59.65558541641,
    -170.4303900607));
#10688 = CARTESIAN_POINT('',(435.5799475491,-59.74793161972,
    -170.0230598083));
#10689 = CARTESIAN_POINT('',(435.89636102567,-59.76019426641,
    -169.8433961023));
#10690 = CARTESIAN_POINT('',(437.22670852789,-59.67996629388,
    -169.1304669281));
#10691 = CARTESIAN_POINT('',(439.40245786677,-58.83530159908,
    -168.2535782769));
#10692 = CARTESIAN_POINT('',(440.61112815705,-56.47053174822,
    -168.0847963822));
#10693 = CARTESIAN_POINT('',(440.67931709265,-55.0353760395,
    -168.1778579129));
#10694 = CARTESIAN_POINT('',(440.65880636858,-54.46394693,
    -168.2313460428));
#10695 = CARTESIAN_POINT('',(440.48512810133,-53.47583275209,
    -168.3675371427));
#10696 = CARTESIAN_POINT('',(439.87414107785,-52.19041584871,
    -168.6761182151));
#10697 = CARTESIAN_POINT('',(438.68639949518,-51.02595793297,
    -169.2246239924));
#10698 = CARTESIAN_POINT('',(437.72694719271,-50.57704988188,
    -169.6942237763));
#10699 = CARTESIAN_POINT('',(436.87842571891,-50.33289051979,
    -170.1325603718));
#10700 = CARTESIAN_POINT('',(436.51673939244,-50.2740441465,
    -170.3262082663));
#10701 = CARTESIAN_POINT('',(435.45454313375,-50.22102092904,
    -170.9173803606));
#10702 = CARTESIAN_POINT('',(434.76604574652,-50.34336173934,
    -171.3318314048));
#10703 = CARTESIAN_POINT('',(433.60609010308,-50.81262206635,
    -172.0757739753));
#10704 = CARTESIAN_POINT('',(433.11410539421,-51.12424673644,
    -172.4101493923));
#10705 = CARTESIAN_POINT('',(432.68921907735,-51.51863918239,
    -172.7063815043));
#10706 = DEFINITIONAL_REPRESENTATION('',(#10707),#10710);
#10707 = B_SPLINE_CURVE_WITH_KNOTS('',1,(#10708,#10709),.UNSPECIFIED.,
  .F.,.F.,(2,2),(-2.109785691911,0.18053069495),
  .PIECEWISE_BEZIER_KNOTS.);
#10708 = CARTESIAN_POINT('',(1.81341296808E-04,2.109750340181));
#10709 = CARTESIAN_POINT('',(7.369E-14,-0.180524055596));
#10710 = ( GEOMETRIC_REPRESENTATION_CONTEXT(2) 
PARAMETRIC_REPRESENTATION_CONTEXT() REPRESENTATION_CONTEXT('2D SPACE',''
  ) );
#10711 = ORIENTED_EDGE('',*,*,#10712,.F.);
#10712 = EDGE_CURVE('',#9276,#10092,#10713,.T.);
#10713 = SURFACE_CURVE('',#10714,(#10720,#10749),.PCURVE_S1.);
#10714 = B_SPLINE_CURVE_WITH_KNOTS('',3,(#10715,#10716,#10717,#10718,
    #10719),.UNSPECIFIED.,.F.,.F.,(4,1,4),(1.071932274868E-02,
    0.521558341049,0.886525122809),.UNSPECIFIED.);
#10715 = CARTESIAN_POINT('',(425.26423656244,-49.91942304473,
    -177.4464138848));
#10716 = CARTESIAN_POINT('',(426.75143205868,-49.61139112009,
    -176.5329359369));
#10717 = CARTESIAN_POINT('',(429.39876846622,-49.55848213649,
    -174.9926668061));
#10718 = CARTESIAN_POINT('',(432.02882117027,-50.17211719727,
    -173.587534769));
#10719 = CARTESIAN_POINT('',(433.00103009638,-50.52849801032,
    -173.0782001286));
#10720 = PCURVE('',#7851,#10721);
#10721 = DEFINITIONAL_REPRESENTATION('',(#10722),#10748);
#10722 = B_SPLINE_CURVE_WITH_KNOTS('',3,(#10723,#10724,#10725,#10726,
    #10727,#10728,#10729,#10730,#10731,#10732,#10733,#10734,#10735,
    #10736,#10737,#10738,#10739,#10740,#10741,#10742,#10743,#10744,
    #10745,#10746,#10747),.UNSPECIFIED.,.F.,.F.,(4,1,1,1,1,1,1,1,1,1,1,1
    ,1,1,1,1,1,1,1,1,1,1,4),(1.071932274868E-02,5.052867729686E-02,
    9.033803184505E-02,0.130147386393,0.169956740941,0.20976609549,
    0.249575450038,0.289384804586,0.329194159134,0.369003513682,
    0.408812868231,0.448622222779,0.488431577327,0.528240931875,
    0.568050286423,0.607859640971,0.64766899552,0.687478350068,
    0.727287704616,0.767097059164,0.806906413712,0.846715768261,
    0.886525122809),.UNSPECIFIED.);
#10723 = CARTESIAN_POINT('',(1.657792197029,-2.171E-14));
#10724 = CARTESIAN_POINT('',(1.660225567892,1.359624124872E-02));
#10725 = CARTESIAN_POINT('',(1.66475133585,4.083946430803E-02));
#10726 = CARTESIAN_POINT('',(1.6705313527,8.183668445276E-02));
#10727 = CARTESIAN_POINT('',(1.675316995026,0.122946454031));
#10728 = CARTESIAN_POINT('',(1.679122613201,0.164148936894));
#10729 = CARTESIAN_POINT('',(1.681962578376,0.20542429699));
#10730 = CARTESIAN_POINT('',(1.683851272869,0.246752697909));
#10731 = CARTESIAN_POINT('',(1.684803073819,0.288114304575));
#10732 = CARTESIAN_POINT('',(1.684832346913,0.329489276933));
#10733 = CARTESIAN_POINT('',(1.683953445283,0.370857793512));
#10734 = CARTESIAN_POINT('',(1.682180712716,0.412199963483));
#10735 = CARTESIAN_POINT('',(1.679528496019,0.453496154865));
#10736 = CARTESIAN_POINT('',(1.676011144682,0.494725769648));
#10737 = CARTESIAN_POINT('',(1.671643077189,0.535871815079));
#10738 = CARTESIAN_POINT('',(1.666438610984,0.576903454823));
#10739 = CARTESIAN_POINT('',(1.660411195363,0.617712320171));
#10740 = CARTESIAN_POINT('',(1.653574332704,0.658198133353));
#10741 = CARTESIAN_POINT('',(1.64594145892,0.69825844864));
#10742 = CARTESIAN_POINT('',(1.637525965699,0.737791401204));
#10743 = CARTESIAN_POINT('',(1.628341188586,0.776694970566));
#10744 = CARTESIAN_POINT('',(1.618400404824,0.814867177953));
#10745 = CARTESIAN_POINT('',(1.607716839215,0.852206033415));
#10746 = CARTESIAN_POINT('',(1.600108039181,0.876475044478));
#10747 = CARTESIAN_POINT('',(1.596184228344,0.888436662232));
#10748 = ( GEOMETRIC_REPRESENTATION_CONTEXT(2) 
PARAMETRIC_REPRESENTATION_CONTEXT() REPRESENTATION_CONTEXT('2D SPACE',''
  ) );
#10749 = PCURVE('',#10750,#10771);
#10750 = B_SPLINE_SURFACE_WITH_KNOTS('',3,3,(
    (#10751,#10752,#10753,#10754,#10755)
    ,(#10756,#10757,#10758,#10759,#10760)
    ,(#10761,#10762,#10763,#10764,#10765)
    ,(#10766,#10767,#10768,#10769,#10770
    )),.UNSPECIFIED.,.F.,.F.,.F.,(4,4),(4,1,4),(0.,1.),(-0.904687604774,
    -0.521558341049,-1.071932274868E-02),.UNSPECIFIED.);
#10751 = CARTESIAN_POINT('',(433.14524071665,-50.5824496696,
    -173.0027321263));
#10752 = CARTESIAN_POINT('',(432.13789793093,-50.19785501257,
    -173.5293135622));
#10753 = CARTESIAN_POINT('',(429.45366899297,-49.5573849087,
    -174.9607246674));
#10754 = CARTESIAN_POINT('',(426.75143205868,-49.61139112009,
    -176.5329359369));
#10755 = CARTESIAN_POINT('',(425.26423656244,-49.91942304473,
    -177.4464138848));
#10756 = CARTESIAN_POINT('',(432.98994020772,-50.8753467304,
    -172.9228757808));
#10757 = CARTESIAN_POINT('',(432.00485140984,-50.48136289441,
    -173.4276029506));
#10758 = CARTESIAN_POINT('',(429.35847400407,-49.7979259097,
    -174.8192716503));
#10759 = CARTESIAN_POINT('',(426.67715460596,-49.79451411399,
    -176.3776393426));
#10760 = CARTESIAN_POINT('',(425.20044740148,-50.06858524566,
    -177.2905967752));
#10761 = CARTESIAN_POINT('',(432.83463969879,-51.16824379121,
    -172.8430194353));
#10762 = CARTESIAN_POINT('',(431.87180488876,-50.76487077625,
    -173.3258923391));
#10763 = CARTESIAN_POINT('',(429.26327901516,-50.03846691069,
    -174.6778186331));
#10764 = CARTESIAN_POINT('',(426.60287715323,-49.97763710788,
    -176.2223427484));
#10765 = CARTESIAN_POINT('',(425.13665824053,-50.21774744659,
    -177.1347796657));
#10766 = CARTESIAN_POINT('',(432.67933918987,-51.46114085201,
    -172.7631630899));
#10767 = CARTESIAN_POINT('',(431.73875836767,-51.04837865809,
    -173.2241817276));
#10768 = CARTESIAN_POINT('',(429.16808402626,-50.27900791169,
    -174.5363656159));
#10769 = CARTESIAN_POINT('',(426.52859970051,-50.16076010178,
    -176.0670461541));
#10770 = CARTESIAN_POINT('',(425.07286907958,-50.36690964752,
    -176.9789625561));
#10771 = DEFINITIONAL_REPRESENTATION('',(#10772),#10776);
#10772 = LINE('',#10773,#10774);
#10773 = CARTESIAN_POINT('',(4.002E-14,-2.3E-15));
#10774 = VECTOR('',#10775,1.);
#10775 = DIRECTION('',(1.896E-14,-1.));
#10776 = ( GEOMETRIC_REPRESENTATION_CONTEXT(2) 
PARAMETRIC_REPRESENTATION_CONTEXT() REPRESENTATION_CONTEXT('2D SPACE',''
  ) );
#10777 = ORIENTED_EDGE('',*,*,#9275,.T.);
#10778 = ORIENTED_EDGE('',*,*,#10779,.T.);
#10779 = EDGE_CURVE('',#9026,#7808,#10780,.T.);
#10780 = SURFACE_CURVE('',#10781,(#10785,#10791),.PCURVE_S1.);
#10781 = LINE('',#10782,#10783);
#10782 = CARTESIAN_POINT('',(424.7814224537,-46.01547183055,
    -176.6101553178));
#10783 = VECTOR('',#10784,1.);
#10784 = DIRECTION('',(0.866025403784,-1.18E-15,0.5));
#10785 = PCURVE('',#7851,#10786);
#10786 = DEFINITIONAL_REPRESENTATION('',(#10787),#10790);
#10787 = B_SPLINE_CURVE_WITH_KNOTS('',1,(#10788,#10789),.UNSPECIFIED.,
  .F.,.F.,(2,2),(0.,17.670648086646),.PIECEWISE_BEZIER_KNOTS.);
#10788 = CARTESIAN_POINT('',(2.061132601555,-2.183E-14));
#10789 = CARTESIAN_POINT('',(2.061132601555,1.767064808665));
#10790 = ( GEOMETRIC_REPRESENTATION_CONTEXT(2) 
PARAMETRIC_REPRESENTATION_CONTEXT() REPRESENTATION_CONTEXT('2D SPACE',''
  ) );
#10791 = PCURVE('',#7942,#10792);
#10792 = DEFINITIONAL_REPRESENTATION('',(#10793),#10796);
#10793 = B_SPLINE_CURVE_WITH_KNOTS('',1,(#10794,#10795),.UNSPECIFIED.,
  .F.,.F.,(2,2),(0.,17.670648086646),.PIECEWISE_BEZIER_KNOTS.);
#10794 = CARTESIAN_POINT('',(2.588781134956,-3.564E-14));
#10795 = CARTESIAN_POINT('',(2.588781134956,1.767064808665));
#10796 = ( GEOMETRIC_REPRESENTATION_CONTEXT(2) 
PARAMETRIC_REPRESENTATION_CONTEXT() REPRESENTATION_CONTEXT('2D SPACE',''
  ) );
#10797 = ORIENTED_EDGE('',*,*,#7807,.F.);
#10798 = ORIENTED_EDGE('',*,*,#8855,.F.);
#10799 = ORIENTED_EDGE('',*,*,#9252,.T.);
#10800 = ORIENTED_EDGE('',*,*,#10801,.F.);
#10801 = EDGE_CURVE('',#10094,#9213,#10802,.T.);
#10802 = SURFACE_CURVE('',#10803,(#10809,#10838),.PCURVE_S1.);
#10803 = B_SPLINE_CURVE_WITH_KNOTS('',3,(#10804,#10805,#10806,#10807,
    #10808),.UNSPECIFIED.,.F.,.F.,(4,1,4),(2.648551175626,3.095687941595
    ,3.731547737586),.UNSPECIFIED.);
#10804 = CARTESIAN_POINT('',(432.57887675963,-59.17307036189,
    -172.6410875766));
#10805 = CARTESIAN_POINT('',(431.58146577412,-59.56192502947,
    -173.0966227413));
#10806 = CARTESIAN_POINT('',(428.93301307421,-60.27819843672,
    -174.3730186103));
#10807 = CARTESIAN_POINT('',(426.33584656733,-60.40990329058,
    -175.8194353143));
#10808 = CARTESIAN_POINT('',(424.85672887803,-60.22874657555,
    -176.7405898709));
#10809 = PCURVE('',#7851,#10810);
#10810 = DEFINITIONAL_REPRESENTATION('',(#10811),#10837);
#10811 = B_SPLINE_CURVE_WITH_KNOTS('',3,(#10812,#10813,#10814,#10815,
    #10816,#10817,#10818,#10819,#10820,#10821,#10822,#10823,#10824,
    #10825,#10826,#10827,#10828,#10829,#10830,#10831,#10832,#10833,
    #10834,#10835,#10836),.UNSPECIFIED.,.F.,.F.,(4,1,1,1,1,1,1,1,1,1,1,1
    ,1,1,1,1,1,1,1,1,1,1,4),(2.648551175626,2.697778292078,
    2.747005408531,2.796232524984,2.845459641437,2.894686757889,
    2.943913874342,2.993140990795,3.042368107248,3.0915952237,
    3.140822340153,3.190049456606,3.239276573058,3.288503689511,
    3.337730805964,3.386957922417,3.436185038869,3.485412155322,
    3.534639271775,3.583866388228,3.63309350468,3.682320621133,
    3.731547737586),.QUASI_UNIFORM_KNOTS.);
#10812 = CARTESIAN_POINT('',(0.723097718769,0.87373273844));
#10813 = CARTESIAN_POINT('',(0.718653364056,0.861715408598));
#10814 = CARTESIAN_POINT('',(0.709991196292,0.83739248985));
#10815 = CARTESIAN_POINT('',(0.697686011087,0.800133001065));
#10816 = CARTESIAN_POINT('',(0.686077307542,0.76218806763));
#10817 = CARTESIAN_POINT('',(0.675173592707,0.723647357373));
#10818 = CARTESIAN_POINT('',(0.664983437023,0.684600531381));
#10819 = CARTESIAN_POINT('',(0.655515479586,0.645137275884));
#10820 = CARTESIAN_POINT('',(0.646778436377,0.605347183286));
#10821 = CARTESIAN_POINT('',(0.638781053236,0.565320196147));
#10822 = CARTESIAN_POINT('',(0.631532266304,0.525144950239));
#10823 = CARTESIAN_POINT('',(0.625040576163,0.484914958319));
#10824 = CARTESIAN_POINT('',(0.619322946797,0.444640211841));
#10825 = CARTESIAN_POINT('',(0.614396942337,0.404324280963));
#10826 = CARTESIAN_POINT('',(0.610279925767,0.363972443373));
#10827 = CARTESIAN_POINT('',(0.606989287603,0.323589519227));
#10828 = CARTESIAN_POINT('',(0.60454239732,0.283180451278));
#10829 = CARTESIAN_POINT('',(0.60295662581,0.242750149427));
#10830 = CARTESIAN_POINT('',(0.602249344985,0.20230353238));
#10831 = CARTESIAN_POINT('',(0.602437928707,0.161845516482));
#10832 = CARTESIAN_POINT('',(0.603539748777,0.121381018712));
#10833 = CARTESIAN_POINT('',(0.605572163346,8.091495587761E-02));
#10834 = CARTESIAN_POINT('',(0.608552510838,4.045224483319E-02));
#10835 = CARTESIAN_POINT('',(0.61118287406,1.348261655808E-02));
#10836 = CARTESIAN_POINT('',(0.612661802823,2.385E-14));
#10837 = ( GEOMETRIC_REPRESENTATION_CONTEXT(2) 
PARAMETRIC_REPRESENTATION_CONTEXT() REPRESENTATION_CONTEXT('2D SPACE',''
  ) );
#10838 = PCURVE('',#10839,#10860);
#10839 = B_SPLINE_SURFACE_WITH_KNOTS('',3,3,(
    (#10840,#10841,#10842,#10843,#10844)
    ,(#10845,#10846,#10847,#10848,#10849)
    ,(#10850,#10851,#10852,#10853,#10854)
    ,(#10855,#10856,#10857,#10858,#10859
    )),.UNSPECIFIED.,.F.,.F.,.F.,(4,4),(4,1,4),(0.,1.),(-3.731547737586,
    -3.095687941595,-2.618793094602),.UNSPECIFIED.);
#10840 = CARTESIAN_POINT('',(424.85672887803,-60.22874657555,
    -176.7405898709));
#10841 = CARTESIAN_POINT('',(426.33584656733,-60.40990329058,
    -175.8194353143));
#10842 = CARTESIAN_POINT('',(429.00437682,-60.27457951137,
    -174.3332746379));
#10843 = CARTESIAN_POINT('',(431.72705042437,-59.52212080937,
    -173.0266066733));
#10844 = CARTESIAN_POINT('',(432.77671016797,-59.09419705961,
    -172.5510984605));
#10845 = CARTESIAN_POINT('',(424.79804926675,-60.06280138941,
    -176.6127318968));
#10846 = CARTESIAN_POINT('',(426.26719392439,-60.21087651432,
    -175.6949921106));
#10847 = CARTESIAN_POINT('',(428.91601037146,-60.02189439853,
    -174.226346761));
#10848 = CARTESIAN_POINT('',(431.60322513694,-59.23004682965,
    -172.9597403368));
#10849 = CARTESIAN_POINT('',(432.63166555824,-58.79367126471,
    -172.505579594));
#10850 = CARTESIAN_POINT('',(424.73936965548,-59.89685620327,
    -176.4848739228));
#10851 = CARTESIAN_POINT('',(426.19854128146,-60.01184973806,
    -175.5705489069));
#10852 = CARTESIAN_POINT('',(428.82764392291,-59.76920928569,
    -174.1194188841));
#10853 = CARTESIAN_POINT('',(431.47939984951,-58.93797284993,
    -172.8928740003));
#10854 = CARTESIAN_POINT('',(432.48662094851,-58.4931454698,
    -172.4600607276));
#10855 = CARTESIAN_POINT('',(424.6806900442,-59.73091101713,
    -176.3570159488));
#10856 = CARTESIAN_POINT('',(426.12988863852,-59.8128229618,
    -175.4461057032));
#10857 = CARTESIAN_POINT('',(428.73927747437,-59.51652417285,
    -174.0124910071));
#10858 = CARTESIAN_POINT('',(431.35557456207,-58.6458988702,
    -172.8260076638));
#10859 = CARTESIAN_POINT('',(432.34157633878,-58.19261967489,
    -172.4145418611));
#10860 = DEFINITIONAL_REPRESENTATION('',(#10861),#10865);
#10861 = LINE('',#10862,#10863);
#10862 = CARTESIAN_POINT('',(-5.492E-14,1.643E-14));
#10863 = VECTOR('',#10864,1.);
#10864 = DIRECTION('',(1.216E-14,-1.));
#10865 = ( GEOMETRIC_REPRESENTATION_CONTEXT(2) 
PARAMETRIC_REPRESENTATION_CONTEXT() REPRESENTATION_CONTEXT('2D SPACE',''
  ) );
#10866 = ADVANCED_FACE('',(#10867),#7942,.T.);
#10867 = FACE_BOUND('',#10868,.T.);
#10868 = EDGE_LOOP('',(#10869,#10870,#10871,#10872));
#10869 = ORIENTED_EDGE('',*,*,#7897,.F.);
#10870 = ORIENTED_EDGE('',*,*,#10779,.F.);
#10871 = ORIENTED_EDGE('',*,*,#9025,.T.);
#10872 = ORIENTED_EDGE('',*,*,#8951,.T.);
#10873 = ADVANCED_FACE('',(#10874),#8186,.T.);
#10874 = FACE_BOUND('',#10875,.T.);
#10875 = EDGE_LOOP('',(#10876,#10897,#11032,#11106,#11107));
#10876 = ORIENTED_EDGE('',*,*,#10877,.T.);
#10877 = EDGE_CURVE('',#8007,#10878,#10880,.T.);
#10878 = VERTEX_POINT('',#10879);
#10879 = CARTESIAN_POINT('',(460.06877444111,-59.74950208719,
    -158.8318737709));
#10880 = SEAM_CURVE('',#10881,(#10885,#10891),.PCURVE_S1.);
#10881 = LINE('',#10882,#10883);
#10882 = CARTESIAN_POINT('',(460.05250256464,-60.13755419457,
    -158.9728967003));
#10883 = VECTOR('',#10884,1.);
#10884 = DIRECTION('',(3.937986510665E-02,0.939131984782,0.341292164258)
  );
#10885 = PCURVE('',#8186,#10886);
#10886 = DEFINITIONAL_REPRESENTATION('',(#10887),#10890);
#10887 = B_SPLINE_CURVE_WITH_KNOTS('',1,(#10888,#10889),.UNSPECIFIED.,
  .F.,.F.,(2,2),(0.,0.413202950882),.PIECEWISE_BEZIER_KNOTS.);
#10888 = CARTESIAN_POINT('',(-8.98E-15,0.));
#10889 = CARTESIAN_POINT('',(1.,0.));
#10890 = ( GEOMETRIC_REPRESENTATION_CONTEXT(2) 
PARAMETRIC_REPRESENTATION_CONTEXT() REPRESENTATION_CONTEXT('2D SPACE',''
  ) );
#10891 = PCURVE('',#8186,#10892);
#10892 = DEFINITIONAL_REPRESENTATION('',(#10893),#10896);
#10893 = B_SPLINE_CURVE_WITH_KNOTS('',1,(#10894,#10895),.UNSPECIFIED.,
  .F.,.F.,(2,2),(0.,0.413202950882),.PIECEWISE_BEZIER_KNOTS.);
#10894 = CARTESIAN_POINT('',(-8.98E-15,3.360622539565));
#10895 = CARTESIAN_POINT('',(1.,3.360622539565));
#10896 = ( GEOMETRIC_REPRESENTATION_CONTEXT(2) 
PARAMETRIC_REPRESENTATION_CONTEXT() REPRESENTATION_CONTEXT('2D SPACE',''
  ) );
#10897 = ORIENTED_EDGE('',*,*,#10898,.T.);
#10898 = EDGE_CURVE('',#10878,#10899,#10901,.T.);
#10899 = VERTEX_POINT('',#10900);
#10900 = CARTESIAN_POINT('',(455.25040116367,-55.00123377749,
    -162.8426004072));
#10901 = SURFACE_CURVE('',#10902,(#10930,#10937),.PCURVE_S1.);
#10902 = B_SPLINE_CURVE_WITH_KNOTS('',3,(#10903,#10904,#10905,#10906,
    #10907,#10908,#10909,#10910,#10911,#10912,#10913,#10914,#10915,
    #10916,#10917,#10918,#10919,#10920,#10921,#10922,#10923,#10924,
    #10925,#10926,#10927,#10928,#10929),.UNSPECIFIED.,.F.,.F.,(4,2,2,1,1
    ,1,1,1,1,1,1,1,1,1,1,1,1,1,1,1,1,1,4),(0.,0.187331443145,
    0.37466288629,0.73693752822,0.827506188702,0.918074849185,
    0.963359179426,1.008643509667,1.099212170149,1.219970384126,
    1.340728598103,1.401107705091,1.461486812079,1.582245026056,
    1.823761454009,1.853951007503,1.944519667985,2.004898774974,
    2.065277881962,2.306794309915,2.427552523892,2.548310737868,
    2.563916938596),.UNSPECIFIED.);
#10903 = CARTESIAN_POINT('',(460.06877444111,-59.74950208719,
    -158.8318737709));
#10904 = CARTESIAN_POINT('',(460.77912518936,-59.73921596144,
    -158.9138459114));
#10905 = CARTESIAN_POINT('',(461.46024899005,-59.56373863868,
    -159.1633083137));
#10906 = CARTESIAN_POINT('',(462.59487992148,-59.02726023016,
    -159.8334469686));
#10907 = CARTESIAN_POINT('',(463.0584828137,-58.66917150609,
    -160.2501956894));
#10908 = CARTESIAN_POINT('',(464.09026411824,-57.60565717353,
    -161.4347057483));
#10909 = CARTESIAN_POINT('',(464.64405195436,-56.47852298214,
    -162.599753601));
#10910 = CARTESIAN_POINT('',(464.76532599534,-55.07881370814,
    -163.8711758362));
#10911 = CARTESIAN_POINT('',(464.73527984159,-54.51906151284,
    -164.3560394812));
#10912 = CARTESIAN_POINT('',(464.66027240186,-54.05757753307,
    -164.7402806859));
#10913 = CARTESIAN_POINT('',(464.5458517625,-53.58563305594,
    -165.1221508279));
#10914 = CARTESIAN_POINT('',(464.30194635067,-52.9185600989,
    -165.6380714381));
#10915 = CARTESIAN_POINT('',(463.80425157711,-52.09339606365,
    -166.22502494));
#10916 = CARTESIAN_POINT('',(463.20084528919,-51.45964736941,
    -166.627484873));
#10917 = CARTESIAN_POINT('',(462.62692792226,-51.03051258558,
    -166.8709612598));
#10918 = CARTESIAN_POINT('',(461.97313159088,-50.64843202882,
    -167.0650883094));
#10919 = CARTESIAN_POINT('',(460.67912099905,-50.1886213334,
    -167.2254173276));
#10920 = CARTESIAN_POINT('',(459.44204005471,-50.21367851008,
    -167.051600906));
#10921 = CARTESIAN_POINT('',(458.34581712563,-50.53372527668,
    -166.6929778307));
#10922 = CARTESIAN_POINT('',(457.82743240396,-50.75614610418,
    -166.473137543));
#10923 = CARTESIAN_POINT('',(457.28564783666,-51.09014341007,
    -166.1690942036));
#10924 = CARTESIAN_POINT('',(456.48317887929,-51.71284550389,
    -165.6221875136));
#10925 = CARTESIAN_POINT('',(455.74919623168,-52.69567164195,
    -164.8004129243));
#10926 = CARTESIAN_POINT('',(455.33308930688,-53.96234294163,
    -163.7331741248));
#10927 = CARTESIAN_POINT('',(455.25492051908,-54.61017286263,
    -163.1797895191));
#10928 = CARTESIAN_POINT('',(455.25041081894,-54.96096968352,
    -162.8773511305));
#10929 = CARTESIAN_POINT('',(455.25040116367,-55.00123377749,
    -162.8426004072));
#10930 = PCURVE('',#8186,#10931);
#10931 = DEFINITIONAL_REPRESENTATION('',(#10932),#10936);
#10932 = LINE('',#10933,#10934);
#10933 = CARTESIAN_POINT('',(1.,0.));
#10934 = VECTOR('',#10935,1.);
#10935 = DIRECTION('',(-1.4346E-13,1.));
#10936 = ( GEOMETRIC_REPRESENTATION_CONTEXT(2) 
PARAMETRIC_REPRESENTATION_CONTEXT() REPRESENTATION_CONTEXT('2D SPACE',''
  ) );
#10937 = PCURVE('',#10034,#10938);
#10938 = DEFINITIONAL_REPRESENTATION('',(#10939),#11031);
#10939 = B_SPLINE_CURVE_WITH_KNOTS('',3,(#10940,#10941,#10942,#10943,
    #10944,#10945,#10946,#10947,#10948,#10949,#10950,#10951,#10952,
    #10953,#10954,#10955,#10956,#10957,#10958,#10959,#10960,#10961,
    #10962,#10963,#10964,#10965,#10966,#10967,#10968,#10969,#10970,
    #10971,#10972,#10973,#10974,#10975,#10976,#10977,#10978,#10979,
    #10980,#10981,#10982,#10983,#10984,#10985,#10986,#10987,#10988,
    #10989,#10990,#10991,#10992,#10993,#10994,#10995,#10996,#10997,
    #10998,#10999,#11000,#11001,#11002,#11003,#11004,#11005,#11006,
    #11007,#11008,#11009,#11010,#11011,#11012,#11013,#11014,#11015,
    #11016,#11017,#11018,#11019,#11020,#11021,#11022,#11023,#11024,
    #11025,#11026,#11027,#11028,#11029,#11030),.UNSPECIFIED.,.F.,.F.,(4,
    1,1,1,1,1,1,1,1,1,1,1,1,1,1,1,1,1,1,1,1,1,1,1,1,1,1,1,1,1,1,1,1,1,1,
    1,1,1,1,1,1,1,1,1,1,1,1,1,1,1,1,1,1,1,1,1,1,1,1,1,1,1,1,1,1,1,1,1,1,
    1,1,1,1,1,1,1,1,1,1,1,1,1,1,1,1,1,1,1,4),(0.,2.913541975677E-02,
    5.827083951354E-02,8.740625927031E-02,0.116541679027,0.145677098784,
    0.174812518541,0.203947938297,0.233083358054,0.262218777811,
    0.291354197568,0.320489617324,0.349625037081,0.378760456838,
    0.407895876595,0.437031296352,0.466166716108,0.495302135865,
    0.524437555622,0.553572975379,0.582708395135,0.611843814892,
    0.640979234649,0.670114654406,0.699250074162,0.728385493919,
    0.757520913676,0.786656333433,0.81579175319,0.844927172946,
    0.874062592703,0.90319801246,0.932333432217,0.961468851973,
    0.99060427173,1.019739691487,1.048875111244,1.078010531,
    1.107145950757,1.136281370514,1.165416790271,1.194552210028,
    1.223687629784,1.252823049541,1.281958469298,1.311093889055,
    1.340229308811,1.369364728568,1.398500148325,1.427635568082,
    1.456770987838,1.485906407595,1.515041827352,1.544177247109,
    1.573312666866,1.602448086622,1.631583506379,1.660718926136,
    1.689854345893,1.718989765649,1.748125185406,1.777260605163,
    1.80639602492,1.835531444676,1.864666864433,1.89380228419,
    1.922937703947,1.952073123704,1.98120854346,2.010343963217,
    2.039479382974,2.068614802731,2.097750222487,2.126885642244,
    2.156021062001,2.185156481758,2.214291901514,2.243427321271,
    2.272562741028,2.301698160785,2.330833580542,2.359969000298,
    2.389104420055,2.418239839812,2.447375259569,2.476510679325,
    2.505646099082,2.534781518839,2.563916938596),
  .QUASI_UNIFORM_KNOTS.);
#10940 = CARTESIAN_POINT('',(7.839502298337,4.831873770951));
#10941 = CARTESIAN_POINT('',(7.81624572466,4.844622793122));
#10942 = CARTESIAN_POINT('',(7.769987322292,4.878223754366));
#10943 = CARTESIAN_POINT('',(7.70148898877,4.95108551561));
#10944 = CARTESIAN_POINT('',(7.633985519952,5.044559586047));
#10945 = CARTESIAN_POINT('',(7.567650551899,5.156796481482));
#10946 = CARTESIAN_POINT('',(7.502689878956,5.285952192613));
#10947 = CARTESIAN_POINT('',(7.439318161904,5.430162284577));
#10948 = CARTESIAN_POINT('',(7.377808287945,5.587638549857));
#10949 = CARTESIAN_POINT('',(7.317959924706,5.755698440185));
#10950 = CARTESIAN_POINT('',(7.259809118399,5.932263564003));
#10951 = CARTESIAN_POINT('',(7.203402137584,6.115212576313));
#10952 = CARTESIAN_POINT('',(7.148871553168,6.302284575368));
#10953 = CARTESIAN_POINT('',(7.096216772409,6.491819839849));
#10954 = CARTESIAN_POINT('',(7.046074530247,6.679893483482));
#10955 = CARTESIAN_POINT('',(6.996699113034,6.871504534491));
#10956 = CARTESIAN_POINT('',(6.947311170341,7.068806223023));
#10957 = CARTESIAN_POINT('',(6.898101229009,7.270355713936));
#10958 = CARTESIAN_POINT('',(6.84900856862,7.475673734606));
#10959 = CARTESIAN_POINT('',(6.800047132241,7.684022827635));
#10960 = CARTESIAN_POINT('',(6.751216823171,7.894734712195));
#10961 = CARTESIAN_POINT('',(6.702525811355,8.107122585958));
#10962 = CARTESIAN_POINT('',(6.653983078305,8.320504556025));
#10963 = CARTESIAN_POINT('',(6.605598751062,8.534197613275));
#10964 = CARTESIAN_POINT('',(6.557382894983,8.747518304055));
#10965 = CARTESIAN_POINT('',(6.50934264158,8.959786069054));
#10966 = CARTESIAN_POINT('',(6.461487580624,9.170309216128));
#10967 = CARTESIAN_POINT('',(6.413803917758,9.378437690127));
#10968 = CARTESIAN_POINT('',(6.366391855292,9.583271702346));
#10969 = CARTESIAN_POINT('',(6.319388002751,9.783916780582));
#10970 = CARTESIAN_POINT('',(6.27302296957,9.979155035502));
#10971 = CARTESIAN_POINT('',(6.227063245056,10.169584799905));
#10972 = CARTESIAN_POINT('',(6.180968885169,10.356928561971));
#10973 = CARTESIAN_POINT('',(6.134229092435,10.54283878197));
#10974 = CARTESIAN_POINT('',(6.086509551293,10.728106145697));
#10975 = CARTESIAN_POINT('',(6.03760728346,10.912677735736));
#10976 = CARTESIAN_POINT('',(5.98786211664,11.094704472198));
#10977 = CARTESIAN_POINT('',(5.937514742409,11.272693637741));
#10978 = CARTESIAN_POINT('',(5.886542186695,11.446073446069));
#10979 = CARTESIAN_POINT('',(5.834936401397,11.614106251335));
#10980 = CARTESIAN_POINT('',(5.782710465127,11.776074162358));
#10981 = CARTESIAN_POINT('',(5.730042182095,11.931167132235));
#10982 = CARTESIAN_POINT('',(5.677089057626,12.078596919005));
#10983 = CARTESIAN_POINT('',(5.624022263691,12.217545359854));
#10984 = CARTESIAN_POINT('',(5.570971260764,12.347293836412));
#10985 = CARTESIAN_POINT('',(5.517802852658,12.467898853452));
#10986 = CARTESIAN_POINT('',(5.464400314792,12.57935221068));
#10987 = CARTESIAN_POINT('',(5.410637046647,12.68166204723));
#10988 = CARTESIAN_POINT('',(5.356388164603,12.774835849585));
#10989 = CARTESIAN_POINT('',(5.301190726857,12.859100635747));
#10990 = CARTESIAN_POINT('',(5.244505904751,12.934788222902));
#10991 = CARTESIAN_POINT('',(5.186748669487,13.000452804491));
#10992 = CARTESIAN_POINT('',(5.128378384284,13.054333971779));
#10993 = CARTESIAN_POINT('',(5.069639238146,13.09631395488));
#10994 = CARTESIAN_POINT('',(5.010786171425,13.126536612949));
#10995 = CARTESIAN_POINT('',(4.952078422168,13.145079832296));
#10996 = CARTESIAN_POINT('',(4.893823766289,13.152030931248));
#10997 = CARTESIAN_POINT('',(4.836015072991,13.147527814961));
#10998 = CARTESIAN_POINT('',(4.778517984574,13.131732649467));
#10999 = CARTESIAN_POINT('',(4.721230974861,13.104801713255));
#11000 = CARTESIAN_POINT('',(4.664045828094,13.066892505055));
#11001 = CARTESIAN_POINT('',(4.606861721234,13.018163530177));
#11002 = CARTESIAN_POINT('',(4.549572983048,12.95876804737));
#11003 = CARTESIAN_POINT('',(4.492108095852,12.888879295052));
#11004 = CARTESIAN_POINT('',(4.434289884331,12.808595839514));
#11005 = CARTESIAN_POINT('',(4.376415321024,12.718336584167));
#11006 = CARTESIAN_POINT('',(4.319082506851,12.618884927575));
#11007 = CARTESIAN_POINT('',(4.262269937146,12.510815525943));
#11008 = CARTESIAN_POINT('',(4.206064796226,12.394652758713));
#11009 = CARTESIAN_POINT('',(4.150625421726,12.271309684914));
#11010 = CARTESIAN_POINT('',(4.096612202006,12.143333224166));
#11011 = CARTESIAN_POINT('',(4.044378355606,12.012260363095));
#11012 = CARTESIAN_POINT('',(3.992816238446,11.875591053337));
#11013 = CARTESIAN_POINT('',(3.941085552469,11.731540351309));
#11014 = CARTESIAN_POINT('',(3.889275233043,11.580667359786));
#11015 = CARTESIAN_POINT('',(3.837420125117,11.423373791123));
#11016 = CARTESIAN_POINT('',(3.785577834157,11.260103626458));
#11017 = CARTESIAN_POINT('',(3.733804492181,11.091289162205));
#11018 = CARTESIAN_POINT('',(3.682157853635,10.917367164894));
#11019 = CARTESIAN_POINT('',(3.630691816641,10.738768205315));
#11020 = CARTESIAN_POINT('',(3.579457991409,10.555943167104));
#11021 = CARTESIAN_POINT('',(3.528488146403,10.369267878254));
#11022 = CARTESIAN_POINT('',(3.477905827832,10.179822468626));
#11023 = CARTESIAN_POINT('',(3.427882880133,9.988840579741));
#11024 = CARTESIAN_POINT('',(3.378584985812,9.79744674861));
#11025 = CARTESIAN_POINT('',(3.330263121138,9.607052461862));
#11026 = CARTESIAN_POINT('',(3.282738429858,9.417377535125));
#11027 = CARTESIAN_POINT('',(3.235638208438,9.227395982303));
#11028 = CARTESIAN_POINT('',(3.188639121356,9.03626286196));
#11029 = CARTESIAN_POINT('',(3.15716136259,8.907479053338));
#11030 = CARTESIAN_POINT('',(3.141332889026,8.842600407208));
#11031 = ( GEOMETRIC_REPRESENTATION_CONTEXT(2) 
PARAMETRIC_REPRESENTATION_CONTEXT() REPRESENTATION_CONTEXT('2D SPACE',''
  ) );
#11032 = ORIENTED_EDGE('',*,*,#11033,.T.);
#11033 = EDGE_CURVE('',#10899,#10878,#11034,.T.);
#11034 = SURFACE_CURVE('',#11035,(#11048,#11055),.PCURVE_S1.);
#11035 = B_SPLINE_CURVE_WITH_KNOTS('',3,(#11036,#11037,#11038,#11039,
    #11040,#11041,#11042,#11043,#11044,#11045,#11046,#11047),
  .UNSPECIFIED.,.F.,.F.,(4,1,1,1,1,1,1,2,4),(2.563916938596,
    2.593595068109,2.638879398351,2.729448058833,2.910585379798,
    3.091722700763,3.182291361245,3.272860021727,3.360622539565),
  .UNSPECIFIED.);
#11036 = CARTESIAN_POINT('',(455.25040116367,-55.00123377749,
    -162.8426004072));
#11037 = CARTESIAN_POINT('',(455.25038280237,-55.07780353438,
    -162.7765153627));
#11038 = CARTESIAN_POINT('',(455.25496266456,-55.27227784897,
    -162.6083320052));
#11039 = CARTESIAN_POINT('',(455.29306273579,-55.70987784878,
    -162.2278784969));
#11040 = CARTESIAN_POINT('',(455.46156028912,-56.55466025949,
    -161.4863143047));
#11041 = CARTESIAN_POINT('',(456.01298887082,-57.72865230859,
    -160.4381867844));
#11042 = CARTESIAN_POINT('',(456.92993670061,-58.71144028859,
    -159.5623263719));
#11043 = CARTESIAN_POINT('',(458.05164545336,-59.37355813176,
    -159.0109292005));
#11044 = CARTESIAN_POINT('',(458.71559908926,-59.58611360635,
    -158.8620964522));
#11045 = CARTESIAN_POINT('',(459.39278936237,-59.72339372436,
    -158.7906824554));
#11046 = CARTESIAN_POINT('',(459.73598369777,-59.75432101283,
    -158.7934708134));
#11047 = CARTESIAN_POINT('',(460.06877444111,-59.74950208719,
    -158.8318737709));
#11048 = PCURVE('',#8186,#11049);
#11049 = DEFINITIONAL_REPRESENTATION('',(#11050),#11054);
#11050 = LINE('',#11051,#11052);
#11051 = CARTESIAN_POINT('',(0.999999999998,1.33E-15));
#11052 = VECTOR('',#11053,1.);
#11053 = DIRECTION('',(4.5122E-13,1.));
#11054 = ( GEOMETRIC_REPRESENTATION_CONTEXT(2) 
PARAMETRIC_REPRESENTATION_CONTEXT() REPRESENTATION_CONTEXT('2D SPACE',''
  ) );
#11055 = PCURVE('',#10034,#11056);
#11056 = DEFINITIONAL_REPRESENTATION('',(#11057),#11105);
#11057 = B_SPLINE_CURVE_WITH_KNOTS('',3,(#11058,#11059,#11060,#11061,
    #11062,#11063,#11064,#11065,#11066,#11067,#11068,#11069,#11070,
    #11071,#11072,#11073,#11074,#11075,#11076,#11077,#11078,#11079,
    #11080,#11081,#11082,#11083,#11084,#11085,#11086,#11087,#11088,
    #11089,#11090,#11091,#11092,#11093,#11094,#11095,#11096,#11097,
    #11098,#11099,#11100,#11101,#11102,#11103,#11104),.UNSPECIFIED.,.F.,
  .F.,(4,1,1,1,1,1,1,1,1,1,1,1,1,1,1,1,1,1,1,1,1,1,1,1,1,1,1,1,1,1,1,1,1
    ,1,1,1,1,1,1,1,1,1,1,1,4),(2.563916938596,2.582023884072,
    2.600130829549,2.618237775025,2.636344720502,2.654451665979,
    2.672558611455,2.690665556932,2.708772502408,2.726879447885,
    2.744986393361,2.763093338838,2.781200284315,2.799307229791,
    2.817414175268,2.835521120744,2.853628066221,2.871735011697,
    2.889841957174,2.907948902651,2.926055848127,2.944162793604,
    2.96226973908,2.980376684557,2.998483630033,3.01659057551,
    3.034697520987,3.052804466463,3.07091141194,3.089018357416,
    3.107125302893,3.125232248369,3.143339193846,3.161446139323,
    3.179553084799,3.197660030276,3.215766975752,3.233873921229,
    3.251980866705,3.270087812182,3.288194757659,3.306301703135,
    3.324408648612,3.342515594088,3.360622539565),
  .QUASI_UNIFORM_KNOTS.);
#11058 = CARTESIAN_POINT('',(9.424518196206,8.842600407208));
#11059 = CARTESIAN_POINT('',(9.414687742523,8.802304054154));
#11060 = CARTESIAN_POINT('',(9.394943692271,8.721265987937));
#11061 = CARTESIAN_POINT('',(9.365063960131,8.598424306042));
#11062 = CARTESIAN_POINT('',(9.334871332629,8.474205090074));
#11063 = CARTESIAN_POINT('',(9.304439107919,8.349020960944));
#11064 = CARTESIAN_POINT('',(9.273822731011,8.223201184547));
#11065 = CARTESIAN_POINT('',(9.243034239445,8.096925863149));
#11066 = CARTESIAN_POINT('',(9.212074080159,7.970343042699));
#11067 = CARTESIAN_POINT('',(9.180942072638,7.843609026399));
#11068 = CARTESIAN_POINT('',(9.149634759305,7.716878642716));
#11069 = CARTESIAN_POINT('',(9.118144359971,7.590304361813));
#11070 = CARTESIAN_POINT('',(9.086473301183,7.464070938809));
#11071 = CARTESIAN_POINT('',(9.054627093062,7.338367862406));
#11072 = CARTESIAN_POINT('',(9.02261165196,7.213383378022));
#11073 = CARTESIAN_POINT('',(8.990433796374,7.089306067184));
#11074 = CARTESIAN_POINT('',(8.958100877439,6.966324410275));
#11075 = CARTESIAN_POINT('',(8.925620686708,6.844626956139));
#11076 = CARTESIAN_POINT('',(8.893001079833,6.724402080925));
#11077 = CARTESIAN_POINT('',(8.860250426238,6.605838783097));
#11078 = CARTESIAN_POINT('',(8.82737501451,6.489123744557));
#11079 = CARTESIAN_POINT('',(8.794387794252,6.37445229114));
#11080 = CARTESIAN_POINT('',(8.761227428345,6.261927146617));
#11081 = CARTESIAN_POINT('',(8.727814898433,6.151637209998));
#11082 = CARTESIAN_POINT('',(8.69406806049,6.043675011578));
#11083 = CARTESIAN_POINT('',(8.659898579698,5.938132082612));
#11084 = CARTESIAN_POINT('',(8.625213615125,5.835100319223));
#11085 = CARTESIAN_POINT('',(8.589916170595,5.734671157109));
#11086 = CARTESIAN_POINT('',(8.553906502689,5.636937508797));
#11087 = CARTESIAN_POINT('',(8.517081351155,5.541986839922));
#11088 = CARTESIAN_POINT('',(8.479341830746,5.449926926858));
#11089 = CARTESIAN_POINT('',(8.440570195078,5.360789749912));
#11090 = CARTESIAN_POINT('',(8.400859553119,5.275402543924));
#11091 = CARTESIAN_POINT('',(8.360324747234,5.194713938947));
#11092 = CARTESIAN_POINT('',(8.319059159926,5.119644521731));
#11093 = CARTESIAN_POINT('',(8.277144145025,5.051108430328));
#11094 = CARTESIAN_POINT('',(8.23464014559,4.990073640878));
#11095 = CARTESIAN_POINT('',(8.191612882898,4.936922658377));
#11096 = CARTESIAN_POINT('',(8.148134537973,4.891940780196));
#11097 = CARTESIAN_POINT('',(8.104280245902,4.855456502123));
#11098 = CARTESIAN_POINT('',(8.060116333756,4.827720603969));
#11099 = CARTESIAN_POINT('',(8.015739644155,4.809251531043));
#11100 = CARTESIAN_POINT('',(7.971354240363,4.80047460268));
#11101 = CARTESIAN_POINT('',(7.92707562335,4.801131494153));
#11102 = CARTESIAN_POINT('',(7.883048778865,4.811136538143));
#11103 = CARTESIAN_POINT('',(7.853958588435,4.82395056781));
#11104 = CARTESIAN_POINT('',(7.839502298337,4.831873770951));
#11105 = ( GEOMETRIC_REPRESENTATION_CONTEXT(2) 
PARAMETRIC_REPRESENTATION_CONTEXT() REPRESENTATION_CONTEXT('2D SPACE',''
  ) );
#11106 = ORIENTED_EDGE('',*,*,#10877,.F.);
#11107 = ORIENTED_EDGE('',*,*,#8006,.T.);
#11108 = ADVANCED_FACE('',(#11109),#8391,.F.);
#11109 = FACE_BOUND('',#11110,.F.);
#11110 = EDGE_LOOP('',(#11111,#11132,#11133,#11134,#11135,#11136));
#11111 = ORIENTED_EDGE('',*,*,#11112,.T.);
#11112 = EDGE_CURVE('',#9954,#8361,#11113,.T.);
#11113 = SEAM_CURVE('',#11114,(#11118,#11125),.PCURVE_S1.);
#11114 = LINE('',#11115,#11116);
#11115 = CARTESIAN_POINT('',(418.40679531829,21.116532306693,-147.9));
#11116 = VECTOR('',#11117,1.);
#11117 = DIRECTION('',(0.,0.,-1.));
#11118 = PCURVE('',#8391,#11119);
#11119 = DEFINITIONAL_REPRESENTATION('',(#11120),#11124);
#11120 = LINE('',#11121,#11122);
#11121 = CARTESIAN_POINT('',(3.14159265359,0.));
#11122 = VECTOR('',#11123,1.);
#11123 = DIRECTION('',(0.,1.));
#11124 = ( GEOMETRIC_REPRESENTATION_CONTEXT(2) 
PARAMETRIC_REPRESENTATION_CONTEXT() REPRESENTATION_CONTEXT('2D SPACE',''
  ) );
#11125 = PCURVE('',#8391,#11126);
#11126 = DEFINITIONAL_REPRESENTATION('',(#11127),#11131);
#11127 = LINE('',#11128,#11129);
#11128 = CARTESIAN_POINT('',(-3.14159265359,0.));
#11129 = VECTOR('',#11130,1.);
#11130 = DIRECTION('',(0.,1.));
#11131 = ( GEOMETRIC_REPRESENTATION_CONTEXT(2) 
PARAMETRIC_REPRESENTATION_CONTEXT() REPRESENTATION_CONTEXT('2D SPACE',''
  ) );
#11132 = ORIENTED_EDGE('',*,*,#8469,.T.);
#11133 = ORIENTED_EDGE('',*,*,#9533,.T.);
#11134 = ORIENTED_EDGE('',*,*,#8360,.T.);
#11135 = ORIENTED_EDGE('',*,*,#11112,.F.);
#11136 = ORIENTED_EDGE('',*,*,#9953,.T.);
#11137 = ADVANCED_FACE('',(#11138),#8642,.F.);
#11138 = FACE_BOUND('',#11139,.F.);
#11139 = EDGE_LOOP('',(#11140,#11161,#11162,#11163,#11164));
#11140 = ORIENTED_EDGE('',*,*,#11141,.T.);
#11141 = EDGE_CURVE('',#9924,#8609,#11142,.T.);
#11142 = SEAM_CURVE('',#11143,(#11147,#11154),.PCURVE_S1.);
#11143 = LINE('',#11144,#11145);
#11144 = CARTESIAN_POINT('',(431.47753235409,153.12756588981,-136.9));
#11145 = VECTOR('',#11146,1.);
#11146 = DIRECTION('',(0.,0.,-1.));
#11147 = PCURVE('',#8642,#11148);
#11148 = DEFINITIONAL_REPRESENTATION('',(#11149),#11153);
#11149 = LINE('',#11150,#11151);
#11150 = CARTESIAN_POINT('',(9.424777960769,0.));
#11151 = VECTOR('',#11152,1.);
#11152 = DIRECTION('',(0.,1.));
#11153 = ( GEOMETRIC_REPRESENTATION_CONTEXT(2) 
PARAMETRIC_REPRESENTATION_CONTEXT() REPRESENTATION_CONTEXT('2D SPACE',''
  ) );
#11154 = PCURVE('',#8642,#11155);
#11155 = DEFINITIONAL_REPRESENTATION('',(#11156),#11160);
#11156 = LINE('',#11157,#11158);
#11157 = CARTESIAN_POINT('',(3.14159265359,0.));
#11158 = VECTOR('',#11159,1.);
#11159 = DIRECTION('',(0.,1.));
#11160 = ( GEOMETRIC_REPRESENTATION_CONTEXT(2) 
PARAMETRIC_REPRESENTATION_CONTEXT() REPRESENTATION_CONTEXT('2D SPACE',''
  ) );
#11161 = ORIENTED_EDGE('',*,*,#8720,.T.);
#11162 = ORIENTED_EDGE('',*,*,#8608,.T.);
#11163 = ORIENTED_EDGE('',*,*,#11141,.F.);
#11164 = ORIENTED_EDGE('',*,*,#9923,.T.);
#11165 = ADVANCED_FACE('',(#11166,#11258),#9136,.T.);
#11166 = FACE_BOUND('',#11167,.T.);
#11167 = EDGE_LOOP('',(#11168,#11169,#11170,#11198,#11231,#11257));
#11168 = ORIENTED_EDGE('',*,*,#9424,.F.);
#11169 = ORIENTED_EDGE('',*,*,#9400,.T.);
#11170 = ORIENTED_EDGE('',*,*,#11171,.T.);
#11171 = EDGE_CURVE('',#9338,#11172,#11174,.T.);
#11172 = VERTEX_POINT('',#11173);
#11173 = CARTESIAN_POINT('',(420.00000000011,-52.65318456911,
    -180.0613621962));
#11174 = SURFACE_CURVE('',#11175,(#11182,#11192),.PCURVE_S1.);
#11175 = B_SPLINE_CURVE_WITH_KNOTS('',3,(#11176,#11177,#11178,#11179,
    #11180,#11181),.UNSPECIFIED.,.F.,.F.,(4,2,4),(0.,1.884130378554E-02,
    3.796012880684E-02),.UNSPECIFIED.);
#11176 = CARTESIAN_POINT('',(420.,-52.64621190109,-180.440896871));
#11177 = CARTESIAN_POINT('',(420.,-52.64654964505,-180.3780934332));
#11178 = CARTESIAN_POINT('',(420.,-52.64729734901,-180.3152883379));
#11179 = CARTESIAN_POINT('',(420.,-52.64961452519,-180.1887756807));
#11180 = CARTESIAN_POINT('',(420.,-52.65119608092,-180.1250606959));
#11181 = CARTESIAN_POINT('',(420.,-52.65318456934,-180.0613621964));
#11182 = PCURVE('',#9136,#11183);
#11183 = DEFINITIONAL_REPRESENTATION('',(#11184),#11191);
#11184 = B_SPLINE_CURVE_WITH_KNOTS('',3,(#11185,#11186,#11187,#11188,
    #11189,#11190),.UNSPECIFIED.,.F.,.F.,(4,2,4),(0.,1.884130378554E-02,
    3.796012880684E-02),.UNSPECIFIED.);
#11185 = CARTESIAN_POINT('',(4.509299478412,2.353788098909));
#11186 = CARTESIAN_POINT('',(4.446496040612,2.353450354948));
#11187 = CARTESIAN_POINT('',(4.383690945349,2.352702650984));
#11188 = CARTESIAN_POINT('',(4.257178288078,2.350385474803));
#11189 = CARTESIAN_POINT('',(4.193463303357,2.348803919074));
#11190 = CARTESIAN_POINT('',(4.129764803766,2.346815430658));
#11191 = ( GEOMETRIC_REPRESENTATION_CONTEXT(2) 
PARAMETRIC_REPRESENTATION_CONTEXT() REPRESENTATION_CONTEXT('2D SPACE',''
  ) );
#11192 = PCURVE('',#9376,#11193);
#11193 = DEFINITIONAL_REPRESENTATION('',(#11194),#11197);
#11194 = B_SPLINE_CURVE_WITH_KNOTS('',1,(#11195,#11196),.UNSPECIFIED.,
  .F.,.F.,(2,2),(0.,3.796012880684E-02),.PIECEWISE_BEZIER_KNOTS.);
#11195 = CARTESIAN_POINT('',(-9.33E-14,-6.075062197299E-02));
#11196 = CARTESIAN_POINT('',(1.000028638055,-7.044649032756E-02));
#11197 = ( GEOMETRIC_REPRESENTATION_CONTEXT(2) 
PARAMETRIC_REPRESENTATION_CONTEXT() REPRESENTATION_CONTEXT('2D SPACE',''
  ) );
#11198 = ORIENTED_EDGE('',*,*,#11199,.F.);
#11199 = EDGE_CURVE('',#11200,#11172,#11202,.T.);
#11200 = VERTEX_POINT('',#11201);
#11201 = CARTESIAN_POINT('',(420.00000000009,-58.13575028321,
    -179.4994497103));
#11202 = SURFACE_CURVE('',#11203,(#11208,#11219),.PCURVE_S1.);
#11203 = CIRCLE('',#11204,4.75);
#11204 = AXIS2_PLACEMENT_3D('',#11205,#11206,#11207);
#11205 = CARTESIAN_POINT('',(420.,-55.,-175.9315973926));
#11206 = DIRECTION('',(-1.,0.,0.));
#11207 = DIRECTION('',(0.,1.,0.));
#11208 = PCURVE('',#9136,#11209);
#11209 = DEFINITIONAL_REPRESENTATION('',(#11210),#11218);
#11210 = ( BOUNDED_CURVE() B_SPLINE_CURVE(2,(#11211,#11212,#11213,#11214
    ,#11215,#11216,#11217),.UNSPECIFIED.,.T.,.F.) 
B_SPLINE_CURVE_WITH_KNOTS((1,2,2,2,2,1),(-2.094395102393,0.,
    2.094395102393,4.188790204786,6.28318530718,8.377580409573),
.UNSPECIFIED.) CURVE() GEOMETRIC_REPRESENTATION_ITEM() 
RATIONAL_B_SPLINE_CURVE((1.,0.5,1.,0.5,1.,0.5,1.)) REPRESENTATION_ITEM(
  '') );
#11211 = CARTESIAN_POINT('',(0.,4.75));
#11212 = CARTESIAN_POINT('',(8.227241335952,4.75));
#11213 = CARTESIAN_POINT('',(4.113620667976,-2.375));
#11214 = CARTESIAN_POINT('',(1.16341445919E-15,-9.5));
#11215 = CARTESIAN_POINT('',(-4.113620667976,-2.375));
#11216 = CARTESIAN_POINT('',(-8.227241335952,4.75));
#11217 = CARTESIAN_POINT('',(0.,4.75));
#11218 = ( GEOMETRIC_REPRESENTATION_CONTEXT(2) 
PARAMETRIC_REPRESENTATION_CONTEXT() REPRESENTATION_CONTEXT('2D SPACE',''
  ) );
#11219 = PCURVE('',#11220,#11225);
#11220 = CYLINDRICAL_SURFACE('',#11221,4.75);
#11221 = AXIS2_PLACEMENT_3D('',#11222,#11223,#11224);
#11222 = CARTESIAN_POINT('',(420.,-55.,-175.9315973926));
#11223 = DIRECTION('',(1.,0.,0.));
#11224 = DIRECTION('',(0.,0.101956692943,0.994788838279));
#11225 = DEFINITIONAL_REPRESENTATION('',(#11226),#11230);
#11226 = LINE('',#11227,#11228);
#11227 = CARTESIAN_POINT('',(11.097708454773,0.));
#11228 = VECTOR('',#11229,1.);
#11229 = DIRECTION('',(-1.,0.));
#11230 = ( GEOMETRIC_REPRESENTATION_CONTEXT(2) 
PARAMETRIC_REPRESENTATION_CONTEXT() REPRESENTATION_CONTEXT('2D SPACE',''
  ) );
#11231 = ORIENTED_EDGE('',*,*,#11232,.T.);
#11232 = EDGE_CURVE('',#11200,#9119,#11233,.T.);
#11233 = SURFACE_CURVE('',#11234,(#11241,#11251),.PCURVE_S1.);
#11234 = B_SPLINE_CURVE_WITH_KNOTS('',3,(#11235,#11236,#11237,#11238,
    #11239,#11240),.UNSPECIFIED.,.F.,.F.,(4,2,4),(0.,1.893080144606E-02,
    3.759691956751E-02),.UNSPECIFIED.);
#11235 = CARTESIAN_POINT('',(420.,-58.13575028306,-179.4994497105));
#11236 = CARTESIAN_POINT('',(420.,-58.15083989216,-179.5607216522));
#11237 = CARTESIAN_POINT('',(420.,-58.16555412328,-179.6220900685));
#11238 = CARTESIAN_POINT('',(420.,-58.19401147581,-179.7441393338));
#11239 = CARTESIAN_POINT('',(420.,-58.20776706952,-179.8048253969));
#11240 = CARTESIAN_POINT('',(420.,-58.22113970542,-179.8655916436));
#11241 = PCURVE('',#9136,#11242);
#11242 = DEFINITIONAL_REPRESENTATION('',(#11243),#11250);
#11243 = B_SPLINE_CURVE_WITH_KNOTS('',3,(#11244,#11245,#11246,#11247,
    #11248,#11249),.UNSPECIFIED.,.F.,.F.,(4,2,4),(0.,1.893080144606E-02,
    3.759691956751E-02),.UNSPECIFIED.);
#11244 = CARTESIAN_POINT('',(3.567852317892,-3.13575028306));
#11245 = CARTESIAN_POINT('',(3.629124259642,-3.150839892168));
#11246 = CARTESIAN_POINT('',(3.690492675909,-3.165554123281));
#11247 = CARTESIAN_POINT('',(3.812541941176,-3.194011475817));
#11248 = CARTESIAN_POINT('',(3.873228004359,-3.207767069525));
#11249 = CARTESIAN_POINT('',(3.933994251036,-3.221139705419));
#11250 = ( GEOMETRIC_REPRESENTATION_CONTEXT(2) 
PARAMETRIC_REPRESENTATION_CONTEXT() REPRESENTATION_CONTEXT('2D SPACE',''
  ) );
#11251 = PCURVE('',#9188,#11252);
#11252 = DEFINITIONAL_REPRESENTATION('',(#11253),#11256);
#11253 = B_SPLINE_CURVE_WITH_KNOTS('',1,(#11254,#11255),.UNSPECIFIED.,
  .F.,.F.,(2,2),(0.,3.759691956751E-02),.PIECEWISE_BEZIER_KNOTS.);
#11254 = CARTESIAN_POINT('',(1.000039122953,-0.654867763004));
#11255 = CARTESIAN_POINT('',(5.458E-14,-0.669267248295));
#11256 = ( GEOMETRIC_REPRESENTATION_CONTEXT(2) 
PARAMETRIC_REPRESENTATION_CONTEXT() REPRESENTATION_CONTEXT('2D SPACE',''
  ) );
#11257 = ORIENTED_EDGE('',*,*,#9118,.T.);
#11258 = FACE_BOUND('',#11259,.T.);
#11259 = EDGE_LOOP('',(#11260));
#11260 = ORIENTED_EDGE('',*,*,#9501,.T.);
#11261 = ADVANCED_FACE('',(#11262),#9188,.T.);
#11262 = FACE_BOUND('',#11263,.T.);
#11263 = EDGE_LOOP('',(#11264,#11265,#11311,#11330));
#11264 = ORIENTED_EDGE('',*,*,#11232,.F.);
#11265 = ORIENTED_EDGE('',*,*,#11266,.T.);
#11266 = EDGE_CURVE('',#11200,#11267,#11269,.T.);
#11267 = VERTEX_POINT('',#11268);
#11268 = CARTESIAN_POINT('',(424.62431757995,-59.72758483573,
    -176.3925112902));
#11269 = SURFACE_CURVE('',#11270,(#11275,#11282),.PCURVE_S1.);
#11270 = B_SPLINE_CURVE_WITH_KNOTS('',3,(#11271,#11272,#11273,#11274),
  .UNSPECIFIED.,.F.,.F.,(4,4),(-0.65486765324,1.1E-16),
  .PIECEWISE_BEZIER_KNOTS.);
#11271 = CARTESIAN_POINT('',(419.99999511153,-58.13576477967,
    -179.4994596717));
#11272 = CARTESIAN_POINT('',(421.10031259604,-59.07146214154,
    -178.6777511451));
#11273 = CARTESIAN_POINT('',(422.76700688767,-59.61336883651,
    -177.564022561));
#11274 = CARTESIAN_POINT('',(424.62431757995,-59.72758483573,
    -176.3925112902));
#11275 = PCURVE('',#9188,#11276);
#11276 = DEFINITIONAL_REPRESENTATION('',(#11277),#11281);
#11277 = LINE('',#11278,#11279);
#11278 = CARTESIAN_POINT('',(1.,-3.542E-14));
#11279 = VECTOR('',#11280,1.);
#11280 = DIRECTION('',(1.9395E-13,1.));
#11281 = ( GEOMETRIC_REPRESENTATION_CONTEXT(2) 
PARAMETRIC_REPRESENTATION_CONTEXT() REPRESENTATION_CONTEXT('2D SPACE',''
  ) );
#11282 = PCURVE('',#11220,#11283);
#11283 = DEFINITIONAL_REPRESENTATION('',(#11284),#11310);
#11284 = B_SPLINE_CURVE_WITH_KNOTS('',3,(#11285,#11286,#11287,#11288,
    #11289,#11290,#11291,#11292,#11293,#11294,#11295,#11296,#11297,
    #11298,#11299,#11300,#11301,#11302,#11303,#11304,#11305,#11306,
    #11307,#11308,#11309),.UNSPECIFIED.,.F.,.F.,(4,1,1,1,1,1,1,1,1,1,1,1
    ,1,1,1,1,1,1,1,1,1,1,4),(-0.65486765324,-0.625100941729,
    -0.595334230218,-0.565567518707,-0.535800807196,-0.506034095685,
    -0.476267384174,-0.446500672664,-0.416733961153,-0.386967249642,
    -0.357200538131,-0.32743382662,-0.297667115109,-0.267900403598,
    -0.238133692087,-0.208366980576,-0.178600269065,-0.148833557555,
    -0.119066846044,-8.930013453271E-02,-5.953342302181E-02,
    -2.97667115109E-02,1.1E-16),.UNSPECIFIED.);
#11285 = CARTESIAN_POINT('',(8.805882188745,-4.88846501412E-06));
#11286 = CARTESIAN_POINT('',(8.793965680699,5.000954264933E-02));
#11287 = CARTESIAN_POINT('',(8.770222430113,0.152378804907));
#11288 = CARTESIAN_POINT('',(8.734856342817,0.312742162616));
#11289 = CARTESIAN_POINT('',(8.699718284471,0.47970324888));
#11290 = CARTESIAN_POINT('',(8.664788376413,0.653050327934));
#11291 = CARTESIAN_POINT('',(8.630047387621,0.832571664011));
#11292 = CARTESIAN_POINT('',(8.595476847186,1.018055521345));
#11293 = CARTESIAN_POINT('',(8.561059046266,1.20929016417));
#11294 = CARTESIAN_POINT('',(8.52677705387,1.40606385672));
#11295 = CARTESIAN_POINT('',(8.492614715052,1.608164863228));
#11296 = CARTESIAN_POINT('',(8.458556641576,1.815381447929));
#11297 = CARTESIAN_POINT('',(8.424588193845,2.027501875055));
#11298 = CARTESIAN_POINT('',(8.390695455709,2.244314408841));
#11299 = CARTESIAN_POINT('',(8.356865202885,2.46560731352));
#11300 = CARTESIAN_POINT('',(8.323084865824,2.691168853327));
#11301 = CARTESIAN_POINT('',(8.289342487722,2.920787292495));
#11302 = CARTESIAN_POINT('',(8.255626678377,3.154250895258));
#11303 = CARTESIAN_POINT('',(8.221926564313,3.39134792585));
#11304 = CARTESIAN_POINT('',(8.188231736458,3.631866648504));
#11305 = CARTESIAN_POINT('',(8.154532193203,3.875595327454));
#11306 = CARTESIAN_POINT('',(8.120818289549,4.122322226934));
#11307 = CARTESIAN_POINT('',(8.087080654804,4.371835611179));
#11308 = CARTESIAN_POINT('',(8.064567032568,4.539894366673));
#11309 = CARTESIAN_POINT('',(8.053303229325,4.624317579959));
#11310 = ( GEOMETRIC_REPRESENTATION_CONTEXT(2) 
PARAMETRIC_REPRESENTATION_CONTEXT() REPRESENTATION_CONTEXT('2D SPACE',''
  ) );
#11311 = ORIENTED_EDGE('',*,*,#11312,.T.);
#11312 = EDGE_CURVE('',#11267,#9150,#11313,.T.);
#11313 = SURFACE_CURVE('',#11314,(#11318,#11324),.PCURVE_S1.);
#11314 = LINE('',#11315,#11316);
#11315 = CARTESIAN_POINT('',(424.62431757995,-59.72758483573,
    -176.3925112902));
#11316 = VECTOR('',#11317,1.);
#11317 = DIRECTION('',(0.269182882287,-0.760408754544,-0.591032234228));
#11318 = PCURVE('',#9188,#11319);
#11319 = DEFINITIONAL_REPRESENTATION('',(#11320),#11323);
#11320 = B_SPLINE_CURVE_WITH_KNOTS('',1,(#11321,#11322),.UNSPECIFIED.,
  .F.,.F.,(2,2),(0.,0.649596847979),.PIECEWISE_BEZIER_KNOTS.);
#11321 = CARTESIAN_POINT('',(1.,4.17E-15));
#11322 = CARTESIAN_POINT('',(5.464E-14,-7.128E-14));
#11323 = ( GEOMETRIC_REPRESENTATION_CONTEXT(2) 
PARAMETRIC_REPRESENTATION_CONTEXT() REPRESENTATION_CONTEXT('2D SPACE',''
  ) );
#11324 = PCURVE('',#9228,#11325);
#11325 = DEFINITIONAL_REPRESENTATION('',(#11326),#11329);
#11326 = B_SPLINE_CURVE_WITH_KNOTS('',1,(#11327,#11328),.UNSPECIFIED.,
  .F.,.F.,(2,2),(0.,0.649596847979),.PIECEWISE_BEZIER_KNOTS.);
#11327 = CARTESIAN_POINT('',(1.,-3.739797846171));
#11328 = CARTESIAN_POINT('',(4.825E-14,-3.739797846171));
#11329 = ( GEOMETRIC_REPRESENTATION_CONTEXT(2) 
PARAMETRIC_REPRESENTATION_CONTEXT() REPRESENTATION_CONTEXT('2D SPACE',''
  ) );
#11330 = ORIENTED_EDGE('',*,*,#9149,.T.);
#11331 = ADVANCED_FACE('',(#11332),#9228,.T.);
#11332 = FACE_BOUND('',#11333,.T.);
#11333 = EDGE_LOOP('',(#11334,#11355,#11356,#11357));
#11334 = ORIENTED_EDGE('',*,*,#11335,.F.);
#11335 = EDGE_CURVE('',#9213,#11336,#11338,.T.);
#11336 = VERTEX_POINT('',#11337);
#11337 = CARTESIAN_POINT('',(424.6806900442,-59.73091101713,
    -176.3570159488));
#11338 = SURFACE_CURVE('',#11339,(#11343,#11349),.PCURVE_S1.);
#11339 = LINE('',#11340,#11341);
#11340 = CARTESIAN_POINT('',(424.85672887803,-60.22874657555,
    -176.7405898709));
#11341 = VECTOR('',#11342,1.);
#11342 = DIRECTION('',(-0.269727142081,0.762784889453,0.587712924179));
#11343 = PCURVE('',#9228,#11344);
#11344 = DEFINITIONAL_REPRESENTATION('',(#11345),#11348);
#11345 = B_SPLINE_CURVE_WITH_KNOTS('',1,(#11346,#11347),.UNSPECIFIED.,
  .F.,.F.,(2,2),(0.,0.652655244351),.PIECEWISE_BEZIER_KNOTS.);
#11346 = CARTESIAN_POINT('',(-1.8853E-13,-3.731547737586));
#11347 = CARTESIAN_POINT('',(1.,-3.731547737586));
#11348 = ( GEOMETRIC_REPRESENTATION_CONTEXT(2) 
PARAMETRIC_REPRESENTATION_CONTEXT() REPRESENTATION_CONTEXT('2D SPACE',''
  ) );
#11349 = PCURVE('',#10839,#11350);
#11350 = DEFINITIONAL_REPRESENTATION('',(#11351),#11354);
#11351 = B_SPLINE_CURVE_WITH_KNOTS('',1,(#11352,#11353),.UNSPECIFIED.,
  .F.,.F.,(2,2),(0.,0.652655244351),.PIECEWISE_BEZIER_KNOTS.);
#11352 = CARTESIAN_POINT('',(1.537E-14,-3.731547737586));
#11353 = CARTESIAN_POINT('',(1.,-3.731547737586));
#11354 = ( GEOMETRIC_REPRESENTATION_CONTEXT(2) 
PARAMETRIC_REPRESENTATION_CONTEXT() REPRESENTATION_CONTEXT('2D SPACE',''
  ) );
#11355 = ORIENTED_EDGE('',*,*,#9212,.T.);
#11356 = ORIENTED_EDGE('',*,*,#11312,.F.);
#11357 = ORIENTED_EDGE('',*,*,#11358,.T.);
#11358 = EDGE_CURVE('',#11267,#11336,#11359,.T.);
#11359 = SURFACE_CURVE('',#11360,(#11365,#11372),.PCURVE_S1.);
#11360 = B_SPLINE_CURVE_WITH_KNOTS('',3,(#11361,#11362,#11363,#11364),
  .UNSPECIFIED.,.F.,.F.,(4,4),(-3.739797846171,-3.731547737586),
  .PIECEWISE_BEZIER_KNOTS.);
#11361 = CARTESIAN_POINT('',(424.62431757995,-59.72758483573,
    -176.3925112902));
#11362 = CARTESIAN_POINT('',(424.64309609611,-59.72873962743,
    -176.3806666142));
#11363 = CARTESIAN_POINT('',(424.66188708506,-59.72984823184,
    -176.3688347624));
#11364 = CARTESIAN_POINT('',(424.6806900442,-59.73091101713,
    -176.3570159488));
#11365 = PCURVE('',#9228,#11366);
#11366 = DEFINITIONAL_REPRESENTATION('',(#11367),#11371);
#11367 = LINE('',#11368,#11369);
#11368 = CARTESIAN_POINT('',(0.999999999973,7.11E-15));
#11369 = VECTOR('',#11370,1.);
#11370 = DIRECTION('',(-7.30719E-12,1.));
#11371 = ( GEOMETRIC_REPRESENTATION_CONTEXT(2) 
PARAMETRIC_REPRESENTATION_CONTEXT() REPRESENTATION_CONTEXT('2D SPACE',''
  ) );
#11372 = PCURVE('',#11220,#11373);
#11373 = DEFINITIONAL_REPRESENTATION('',(#11374),#11377);
#11374 = B_SPLINE_CURVE_WITH_KNOTS('',1,(#11375,#11376),.UNSPECIFIED.,
  .F.,.F.,(2,2),(-3.739797846171,-3.731547737586),
  .PIECEWISE_BEZIER_KNOTS.);
#11375 = CARTESIAN_POINT('',(8.053303229325,4.624317579959));
#11376 = CARTESIAN_POINT('',(8.045797770668,4.680690044207));
#11377 = ( GEOMETRIC_REPRESENTATION_CONTEXT(2) 
PARAMETRIC_REPRESENTATION_CONTEXT() REPRESENTATION_CONTEXT('2D SPACE',''
  ) );
#11378 = ADVANCED_FACE('',(#11379),#9313,.T.);
#11379 = FACE_BOUND('',#11380,.T.);
#11380 = EDGE_LOOP('',(#11381,#11402,#11403,#11424));
#11381 = ORIENTED_EDGE('',*,*,#11382,.F.);
#11382 = EDGE_CURVE('',#9298,#11383,#11385,.T.);
#11383 = VERTEX_POINT('',#11384);
#11384 = CARTESIAN_POINT('',(424.9813309078,-50.38026803245,
    -177.0363944545));
#11385 = SURFACE_CURVE('',#11386,(#11390,#11396),.PCURVE_S1.);
#11386 = LINE('',#11387,#11388);
#11387 = CARTESIAN_POINT('',(425.17067925646,-49.93921135609,
    -177.5038317621));
#11388 = VECTOR('',#11389,1.);
#11389 = DIRECTION('',(-0.282615322689,-0.658307166635,0.697682057774));
#11390 = PCURVE('',#9313,#11391);
#11391 = DEFINITIONAL_REPRESENTATION('',(#11392),#11395);
#11392 = B_SPLINE_CURVE_WITH_KNOTS('',1,(#11393,#11394),.UNSPECIFIED.,
  .F.,.F.,(2,2),(0.,0.669986138257),.PIECEWISE_BEZIER_KNOTS.);
#11393 = CARTESIAN_POINT('',(1.389E-14,-8.5E-16));
#11394 = CARTESIAN_POINT('',(1.,4.01E-14));
#11395 = ( GEOMETRIC_REPRESENTATION_CONTEXT(2) 
PARAMETRIC_REPRESENTATION_CONTEXT() REPRESENTATION_CONTEXT('2D SPACE',''
  ) );
#11396 = PCURVE('',#9376,#11397);
#11397 = DEFINITIONAL_REPRESENTATION('',(#11398),#11401);
#11398 = B_SPLINE_CURVE_WITH_KNOTS('',1,(#11399,#11400),.UNSPECIFIED.,
  .F.,.F.,(2,2),(0.,0.669986138257),.PIECEWISE_BEZIER_KNOTS.);
#11399 = CARTESIAN_POINT('',(2.931E-14,-0.528880728282));
#11400 = CARTESIAN_POINT('',(1.,-0.528880728282));
#11401 = ( GEOMETRIC_REPRESENTATION_CONTEXT(2) 
PARAMETRIC_REPRESENTATION_CONTEXT() REPRESENTATION_CONTEXT('2D SPACE',''
  ) );
#11402 = ORIENTED_EDGE('',*,*,#9297,.T.);
#11403 = ORIENTED_EDGE('',*,*,#11404,.F.);
#11404 = EDGE_CURVE('',#11405,#9276,#11407,.T.);
#11405 = VERTEX_POINT('',#11406);
#11406 = CARTESIAN_POINT('',(425.07286907958,-50.36690964752,
    -176.9789625561));
#11407 = SURFACE_CURVE('',#11408,(#11412,#11418),.PCURVE_S1.);
#11408 = LINE('',#11409,#11410);
#11409 = CARTESIAN_POINT('',(425.07286907958,-50.36690964752,
    -176.9789625561));
#11410 = VECTOR('',#11411,1.);
#11411 = DIRECTION('',(0.283584721233,0.663123962373,-0.692709402571));
#11412 = PCURVE('',#9313,#11413);
#11413 = DEFINITIONAL_REPRESENTATION('',(#11414),#11417);
#11414 = B_SPLINE_CURVE_WITH_KNOTS('',1,(#11415,#11416),.UNSPECIFIED.,
  .F.,.F.,(2,2),(0.,0.67481591403),.PIECEWISE_BEZIER_KNOTS.);
#11415 = CARTESIAN_POINT('',(1.,-1.071932274868E-02));
#11416 = CARTESIAN_POINT('',(2.166E-14,-1.071932274873E-02));
#11417 = ( GEOMETRIC_REPRESENTATION_CONTEXT(2) 
PARAMETRIC_REPRESENTATION_CONTEXT() REPRESENTATION_CONTEXT('2D SPACE',''
  ) );
#11418 = PCURVE('',#10750,#11419);
#11419 = DEFINITIONAL_REPRESENTATION('',(#11420),#11423);
#11420 = B_SPLINE_CURVE_WITH_KNOTS('',1,(#11421,#11422),.UNSPECIFIED.,
  .F.,.F.,(2,2),(0.,0.67481591403),.PIECEWISE_BEZIER_KNOTS.);
#11421 = CARTESIAN_POINT('',(1.,-1.071932274868E-02));
#11422 = CARTESIAN_POINT('',(8.89E-15,-1.071932274874E-02));
#11423 = ( GEOMETRIC_REPRESENTATION_CONTEXT(2) 
PARAMETRIC_REPRESENTATION_CONTEXT() REPRESENTATION_CONTEXT('2D SPACE',''
  ) );
#11424 = ORIENTED_EDGE('',*,*,#11425,.T.);
#11425 = EDGE_CURVE('',#11405,#11383,#11426,.T.);
#11426 = SURFACE_CURVE('',#11427,(#11432,#11439),.PCURVE_S1.);
#11427 = B_SPLINE_CURVE_WITH_KNOTS('',3,(#11428,#11429,#11430,#11431),
  .UNSPECIFIED.,.F.,.F.,(4,4),(-1.071932274868E-02,-4.E-15),
  .PIECEWISE_BEZIER_KNOTS.);
#11428 = CARTESIAN_POINT('',(425.07286907958,-50.36690964752,
    -176.9789625561));
#11429 = CARTESIAN_POINT('',(425.04232237934,-50.37123543986,
    -176.9980979899));
#11430 = CARTESIAN_POINT('',(425.01180912201,-50.37568784991,
    -177.0172423256));
#11431 = CARTESIAN_POINT('',(424.9813309078,-50.38026803245,
    -177.0363944545));
#11432 = PCURVE('',#9313,#11433);
#11433 = DEFINITIONAL_REPRESENTATION('',(#11434),#11438);
#11434 = LINE('',#11435,#11436);
#11435 = CARTESIAN_POINT('',(1.,1.95E-15));
#11436 = VECTOR('',#11437,1.);
#11437 = DIRECTION('',(-2.1543E-12,1.));
#11438 = ( GEOMETRIC_REPRESENTATION_CONTEXT(2) 
PARAMETRIC_REPRESENTATION_CONTEXT() REPRESENTATION_CONTEXT('2D SPACE',''
  ) );
#11439 = PCURVE('',#11220,#11440);
#11440 = DEFINITIONAL_REPRESENTATION('',(#11441),#11444);
#11441 = B_SPLINE_CURVE_WITH_KNOTS('',1,(#11442,#11443),.UNSPECIFIED.,
  .F.,.F.,(2,2),(-1.071932274868E-02,-4.E-15),.PIECEWISE_BEZIER_KNOTS.);
#11442 = CARTESIAN_POINT('',(4.592198212808,5.07286907958));
#11443 = CARTESIAN_POINT('',(4.579784452142,4.981330907801));
#11444 = ( GEOMETRIC_REPRESENTATION_CONTEXT(2) 
PARAMETRIC_REPRESENTATION_CONTEXT() REPRESENTATION_CONTEXT('2D SPACE',''
  ) );
#11445 = ADVANCED_FACE('',(#11446),#9376,.T.);
#11446 = FACE_BOUND('',#11447,.T.);
#11447 = EDGE_LOOP('',(#11448,#11449,#11450,#11451));
#11448 = ORIENTED_EDGE('',*,*,#11171,.F.);
#11449 = ORIENTED_EDGE('',*,*,#9337,.T.);
#11450 = ORIENTED_EDGE('',*,*,#11382,.T.);
#11451 = ORIENTED_EDGE('',*,*,#11452,.T.);
#11452 = EDGE_CURVE('',#11383,#11172,#11453,.T.);
#11453 = SURFACE_CURVE('',#11454,(#11459,#11466),.PCURVE_S1.);
#11454 = B_SPLINE_CURVE_WITH_KNOTS('',3,(#11455,#11456,#11457,#11458),
  .UNSPECIFIED.,.F.,.F.,(4,4),(-0.528880728282,-7.044654304119E-02),
  .PIECEWISE_BEZIER_KNOTS.);
#11455 = CARTESIAN_POINT('',(424.9813309078,-50.38026803245,
    -177.0363944545));
#11456 = CARTESIAN_POINT('',(422.9777379155,-50.68136249898,
    -178.295427249));
#11457 = CARTESIAN_POINT('',(421.17071265025,-51.48298788507,
    -179.3969141701));
#11458 = CARTESIAN_POINT('',(419.99999139724,-52.65317071749,
    -180.0613714329));
#11459 = PCURVE('',#9376,#11460);
#11460 = DEFINITIONAL_REPRESENTATION('',(#11461),#11465);
#11461 = LINE('',#11462,#11463);
#11462 = CARTESIAN_POINT('',(1.000000000002,-4.88E-15));
#11463 = VECTOR('',#11464,1.);
#11464 = DIRECTION('',(3.09745E-12,1.));
#11465 = ( GEOMETRIC_REPRESENTATION_CONTEXT(2) 
PARAMETRIC_REPRESENTATION_CONTEXT() REPRESENTATION_CONTEXT('2D SPACE',''
  ) );
#11466 = PCURVE('',#11220,#11467);
#11467 = DEFINITIONAL_REPRESENTATION('',(#11468),#11494);
#11468 = B_SPLINE_CURVE_WITH_KNOTS('',3,(#11469,#11470,#11471,#11472,
    #11473,#11474,#11475,#11476,#11477,#11478,#11479,#11480,#11481,
    #11482,#11483,#11484,#11485,#11486,#11487,#11488,#11489,#11490,
    #11491,#11492,#11493),.UNSPECIFIED.,.F.,.F.,(4,1,1,1,1,1,1,1,1,1,1,1
    ,1,1,1,1,1,1,1,1,1,1,4),(-0.528880728282,-0.508042810771,
    -0.48720489326,-0.466366975749,-0.445529058238,-0.424691140727,
    -0.403853223216,-0.383015305706,-0.362177388195,-0.341339470684,
    -0.320501553173,-0.299663635662,-0.278825718151,-0.25798780064,
    -0.237149883129,-0.216311965618,-0.195474048107,-0.174636130596,
    -0.153798213085,-0.132960295574,-0.112122378063,-9.128446055214E-02,
    -7.044654304119E-02),.UNSPECIFIED.);
#11469 = CARTESIAN_POINT('',(4.579784452142,4.981330907801));
#11470 = CARTESIAN_POINT('',(4.567396573582,4.89025849906));
#11471 = CARTESIAN_POINT('',(4.542652764923,4.708925944914));
#11472 = CARTESIAN_POINT('',(4.505619522009,4.439611688983));
#11473 = CARTESIAN_POINT('',(4.468655306075,4.173229793627));
#11474 = CARTESIAN_POINT('',(4.431746911283,3.910028044129));
#11475 = CARTESIAN_POINT('',(4.394881180794,3.650254225774));
#11476 = CARTESIAN_POINT('',(4.358044946832,3.394156123848));
#11477 = CARTESIAN_POINT('',(4.321224933892,3.141981523634));
#11478 = CARTESIAN_POINT('',(4.284407670681,2.893978210418));
#11479 = CARTESIAN_POINT('',(4.247579399887,2.650393969484));
#11480 = CARTESIAN_POINT('',(4.210725989979,2.411476586117));
#11481 = CARTESIAN_POINT('',(4.17383284922,2.177473845601));
#11482 = CARTESIAN_POINT('',(4.136884843146,1.948633533221));
#11483 = CARTESIAN_POINT('',(4.09986621654,1.725203434262));
#11484 = CARTESIAN_POINT('',(4.062760521016,1.507431334008));
#11485 = CARTESIAN_POINT('',(4.025550549484,1.295565017744));
#11486 = CARTESIAN_POINT('',(3.988218278553,1.089852270755));
#11487 = CARTESIAN_POINT('',(3.950744821186,0.890540878326));
#11488 = CARTESIAN_POINT('',(3.913110387828,0.697878625741));
#11489 = CARTESIAN_POINT('',(3.875294270324,0.512113298284));
#11490 = CARTESIAN_POINT('',(3.837274803681,0.333492681241));
#11491 = CARTESIAN_POINT('',(3.799029483006,0.162264559896));
#11492 = CARTESIAN_POINT('',(3.773366217355,5.320599965457E-02));
#11493 = CARTESIAN_POINT('',(3.760489092309,-8.60275497416E-06));
#11494 = ( GEOMETRIC_REPRESENTATION_CONTEXT(2) 
PARAMETRIC_REPRESENTATION_CONTEXT() REPRESENTATION_CONTEXT('2D SPACE',''
  ) );
#11495 = ADVANCED_FACE('',(#11496),#9719,.F.);
#11496 = FACE_BOUND('',#11497,.F.);
#11497 = EDGE_LOOP('',(#11498,#11519,#11520,#11521,#11522));
#11498 = ORIENTED_EDGE('',*,*,#11499,.T.);
#11499 = EDGE_CURVE('',#9984,#9703,#11500,.T.);
#11500 = SEAM_CURVE('',#11501,(#11505,#11512),.PCURVE_S1.);
#11501 = LINE('',#11502,#11503);
#11502 = CARTESIAN_POINT('',(414.74785779374,9.070491715347,-142.9));
#11503 = VECTOR('',#11504,1.);
#11504 = DIRECTION('',(0.,0.,-1.));
#11505 = PCURVE('',#9719,#11506);
#11506 = DEFINITIONAL_REPRESENTATION('',(#11507),#11511);
#11507 = LINE('',#11508,#11509);
#11508 = CARTESIAN_POINT('',(3.14159265359,0.));
#11509 = VECTOR('',#11510,1.);
#11510 = DIRECTION('',(0.,1.));
#11511 = ( GEOMETRIC_REPRESENTATION_CONTEXT(2) 
PARAMETRIC_REPRESENTATION_CONTEXT() REPRESENTATION_CONTEXT('2D SPACE',''
  ) );
#11512 = PCURVE('',#9719,#11513);
#11513 = DEFINITIONAL_REPRESENTATION('',(#11514),#11518);
#11514 = LINE('',#11515,#11516);
#11515 = CARTESIAN_POINT('',(-3.14159265359,0.));
#11516 = VECTOR('',#11517,1.);
#11517 = DIRECTION('',(0.,1.));
#11518 = ( GEOMETRIC_REPRESENTATION_CONTEXT(2) 
PARAMETRIC_REPRESENTATION_CONTEXT() REPRESENTATION_CONTEXT('2D SPACE',''
  ) );
#11519 = ORIENTED_EDGE('',*,*,#9730,.T.);
#11520 = ORIENTED_EDGE('',*,*,#9702,.T.);
#11521 = ORIENTED_EDGE('',*,*,#11499,.F.);
#11522 = ORIENTED_EDGE('',*,*,#9983,.T.);
#11523 = ADVANCED_FACE('',(#11524),#10034,.F.);
#11524 = FACE_BOUND('',#11525,.F.);
#11525 = EDGE_LOOP('',(#11526,#11547,#11548,#11549,#11550));
#11526 = ORIENTED_EDGE('',*,*,#11527,.T.);
#11527 = EDGE_CURVE('',#10014,#10899,#11528,.T.);
#11528 = SEAM_CURVE('',#11529,(#11533,#11540),.PCURVE_S1.);
#11529 = LINE('',#11530,#11531);
#11530 = CARTESIAN_POINT('',(455.25,-55.,-154.));
#11531 = VECTOR('',#11532,1.);
#11532 = DIRECTION('',(0.,0.,-1.));
#11533 = PCURVE('',#10034,#11534);
#11534 = DEFINITIONAL_REPRESENTATION('',(#11535),#11539);
#11535 = LINE('',#11536,#11537);
#11536 = CARTESIAN_POINT('',(9.424777960769,0.));
#11537 = VECTOR('',#11538,1.);
#11538 = DIRECTION('',(0.,1.));
#11539 = ( GEOMETRIC_REPRESENTATION_CONTEXT(2) 
PARAMETRIC_REPRESENTATION_CONTEXT() REPRESENTATION_CONTEXT('2D SPACE',''
  ) );
#11540 = PCURVE('',#10034,#11541);
#11541 = DEFINITIONAL_REPRESENTATION('',(#11542),#11546);
#11542 = LINE('',#11543,#11544);
#11543 = CARTESIAN_POINT('',(3.14159265359,0.));
#11544 = VECTOR('',#11545,1.);
#11545 = DIRECTION('',(0.,1.));
#11546 = ( GEOMETRIC_REPRESENTATION_CONTEXT(2) 
PARAMETRIC_REPRESENTATION_CONTEXT() REPRESENTATION_CONTEXT('2D SPACE',''
  ) );
#11547 = ORIENTED_EDGE('',*,*,#11033,.T.);
#11548 = ORIENTED_EDGE('',*,*,#10898,.T.);
#11549 = ORIENTED_EDGE('',*,*,#11527,.F.);
#11550 = ORIENTED_EDGE('',*,*,#10013,.T.);
#11551 = ADVANCED_FACE('',(#11552),#10069,.F.);
#11552 = FACE_BOUND('',#11553,.F.);
#11553 = EDGE_LOOP('',(#11554,#11577,#11645,#11758,#11824,#11825));
#11554 = ORIENTED_EDGE('',*,*,#11555,.T.);
#11555 = EDGE_CURVE('',#10053,#11556,#11558,.T.);
#11556 = VERTEX_POINT('',#11557);
#11557 = CARTESIAN_POINT('',(431.17072443207,-55.,-171.1815973926));
#11558 = SEAM_CURVE('',#11559,(#11563,#11570),.PCURVE_S1.);
#11559 = LINE('',#11560,#11561);
#11560 = CARTESIAN_POINT('',(431.17072443207,-55.,-152.9));
#11561 = VECTOR('',#11562,1.);
#11562 = DIRECTION('',(0.,0.,-1.));
#11563 = PCURVE('',#10069,#11564);
#11564 = DEFINITIONAL_REPRESENTATION('',(#11565),#11569);
#11565 = LINE('',#11566,#11567);
#11566 = CARTESIAN_POINT('',(9.424777960769,0.));
#11567 = VECTOR('',#11568,1.);
#11568 = DIRECTION('',(0.,1.));
#11569 = ( GEOMETRIC_REPRESENTATION_CONTEXT(2) 
PARAMETRIC_REPRESENTATION_CONTEXT() REPRESENTATION_CONTEXT('2D SPACE',''
  ) );
#11570 = PCURVE('',#10069,#11571);
#11571 = DEFINITIONAL_REPRESENTATION('',(#11572),#11576);
#11572 = LINE('',#11573,#11574);
#11573 = CARTESIAN_POINT('',(3.14159265359,0.));
#11574 = VECTOR('',#11575,1.);
#11575 = DIRECTION('',(0.,1.));
#11576 = ( GEOMETRIC_REPRESENTATION_CONTEXT(2) 
PARAMETRIC_REPRESENTATION_CONTEXT() REPRESENTATION_CONTEXT('2D SPACE',''
  ) );
#11577 = ORIENTED_EDGE('',*,*,#11578,.T.);
#11578 = EDGE_CURVE('',#11556,#11579,#11581,.T.);
#11579 = VERTEX_POINT('',#11580);
#11580 = CARTESIAN_POINT('',(432.35504457218,-58.13822037733,
    -172.3659175327));
#11581 = SURFACE_CURVE('',#11582,(#11587,#11616),.PCURVE_S1.);
#11582 = ELLIPSE('',#11583,6.717514421272,4.75);
#11583 = AXIS2_PLACEMENT_3D('',#11584,#11585,#11586);
#11584 = CARTESIAN_POINT('',(435.92072443207,-55.,-175.9315973926));
#11585 = DIRECTION('',(0.707106781187,-0.,0.707106781187));
#11586 = DIRECTION('',(0.707106781187,0.,-0.707106781187));
#11587 = PCURVE('',#10069,#11588);
#11588 = DEFINITIONAL_REPRESENTATION('',(#11589),#11615);
#11589 = B_SPLINE_CURVE_WITH_KNOTS('',3,(#11590,#11591,#11592,#11593,
    #11594,#11595,#11596,#11597,#11598,#11599,#11600,#11601,#11602,
    #11603,#11604,#11605,#11606,#11607,#11608,#11609,#11610,#11611,
    #11612,#11613,#11614),.UNSPECIFIED.,.F.,.F.,(4,1,1,1,1,1,1,1,1,1,1,1
    ,1,1,1,1,1,1,1,1,1,1,4),(3.14159265359,3.174398179123,3.207203704657
    ,3.24000923019,3.272814755724,3.305620281258,3.338425806791,
    3.371231332325,3.404036857858,3.436842383392,3.469647908925,
    3.502453434459,3.535258959992,3.568064485526,3.60087001106,
    3.633675536593,3.666481062127,3.69928658766,3.732092113194,
    3.764897638727,3.797703164261,3.830508689794,3.863314215328),
  .QUASI_UNIFORM_KNOTS.);
#11590 = CARTESIAN_POINT('',(9.424777960769,18.281597392638));
#11591 = CARTESIAN_POINT('',(9.413842785592,18.28159693459));
#11592 = CARTESIAN_POINT('',(9.391972435236,18.283301745344));
#11593 = CARTESIAN_POINT('',(9.359166909702,18.290967355614));
#11594 = CARTESIAN_POINT('',(9.326361384169,18.303734727974));
#11595 = CARTESIAN_POINT('',(9.293555858635,18.321589690114));
#11596 = CARTESIAN_POINT('',(9.260750333102,18.344513144295));
#11597 = CARTESIAN_POINT('',(9.227944807568,18.372480391344));
#11598 = CARTESIAN_POINT('',(9.195139282034,18.405461343874));
#11599 = CARTESIAN_POINT('',(9.162333756501,18.443420508651));
#11600 = CARTESIAN_POINT('',(9.129528230967,18.486317038188));
#11601 = CARTESIAN_POINT('',(9.096722705434,18.534104771113));
#11602 = CARTESIAN_POINT('',(9.0639171799,18.586732282804));
#11603 = CARTESIAN_POINT('',(9.031111654367,18.644142940466));
#11604 = CARTESIAN_POINT('',(8.998306128833,18.706274964158));
#11605 = CARTESIAN_POINT('',(8.9655006033,18.773061493204));
#11606 = CARTESIAN_POINT('',(8.932695077766,18.844430658344));
#11607 = CARTESIAN_POINT('',(8.899889552232,18.920305658326));
#11608 = CARTESIAN_POINT('',(8.867084026699,19.000604845345));
#11609 = CARTESIAN_POINT('',(8.834278501165,19.085241802486));
#11610 = CARTESIAN_POINT('',(8.801472975632,19.174125475588));
#11611 = CARTESIAN_POINT('',(8.768667450098,19.267160126174));
#11612 = CARTESIAN_POINT('',(8.735861924565,19.36424597582));
#11613 = CARTESIAN_POINT('',(8.713991574209,19.431600187408));
#11614 = CARTESIAN_POINT('',(8.703056399031,19.465917532743));
#11615 = ( GEOMETRIC_REPRESENTATION_CONTEXT(2) 
PARAMETRIC_REPRESENTATION_CONTEXT() REPRESENTATION_CONTEXT('2D SPACE',''
  ) );
#11616 = PCURVE('',#11220,#11617);
#11617 = DEFINITIONAL_REPRESENTATION('',(#11618),#11644);
#11618 = B_SPLINE_CURVE_WITH_KNOTS('',3,(#11619,#11620,#11621,#11622,
    #11623,#11624,#11625,#11626,#11627,#11628,#11629,#11630,#11631,
    #11632,#11633,#11634,#11635,#11636,#11637,#11638,#11639,#11640,
    #11641,#11642,#11643),.UNSPECIFIED.,.F.,.F.,(4,1,1,1,1,1,1,1,1,1,1,1
    ,1,1,1,1,1,1,1,1,1,1,4),(3.14159265359,3.174398179123,3.207203704657
    ,3.24000923019,3.272814755724,3.305620281258,3.338425806791,
    3.371231332325,3.404036857858,3.436842383392,3.469647908925,
    3.502453434459,3.535258959992,3.568064485526,3.60087001106,
    3.633675536593,3.666481062127,3.69928658766,3.732092113194,
    3.764897638727,3.797703164261,3.830508689794,3.863314215328),
  .QUASI_UNIFORM_KNOTS.);
#11619 = CARTESIAN_POINT('',(6.385319474388,11.170724432075));
#11620 = CARTESIAN_POINT('',(6.396254649566,11.170723974027));
#11621 = CARTESIAN_POINT('',(6.418124999922,11.172428784781));
#11622 = CARTESIAN_POINT('',(6.450930525455,11.180094395051));
#11623 = CARTESIAN_POINT('',(6.483736050989,11.192861767411));
#11624 = CARTESIAN_POINT('',(6.516541576522,11.210716729551));
#11625 = CARTESIAN_POINT('',(6.549347102056,11.233640183732));
#11626 = CARTESIAN_POINT('',(6.582152627589,11.261607430781));
#11627 = CARTESIAN_POINT('',(6.614958153123,11.294588383311));
#11628 = CARTESIAN_POINT('',(6.647763678657,11.332547548088));
#11629 = CARTESIAN_POINT('',(6.68056920419,11.375444077625));
#11630 = CARTESIAN_POINT('',(6.713374729724,11.42323181055));
#11631 = CARTESIAN_POINT('',(6.746180255257,11.475859322241));
#11632 = CARTESIAN_POINT('',(6.778985780791,11.533269979903));
#11633 = CARTESIAN_POINT('',(6.811791306324,11.595402003595));
#11634 = CARTESIAN_POINT('',(6.844596831858,11.662188532641));
#11635 = CARTESIAN_POINT('',(6.877402357391,11.733557697781));
#11636 = CARTESIAN_POINT('',(6.910207882925,11.809432697763));
#11637 = CARTESIAN_POINT('',(6.943013408459,11.889731884782));
#11638 = CARTESIAN_POINT('',(6.975818933992,11.974368841923));
#11639 = CARTESIAN_POINT('',(7.008624459526,12.063252515025));
#11640 = CARTESIAN_POINT('',(7.041429985059,12.156287165611));
#11641 = CARTESIAN_POINT('',(7.074235510593,12.253373015257));
#11642 = CARTESIAN_POINT('',(7.096105860948,12.320727226845));
#11643 = CARTESIAN_POINT('',(7.107041036126,12.35504457218));
#11644 = ( GEOMETRIC_REPRESENTATION_CONTEXT(2) 
PARAMETRIC_REPRESENTATION_CONTEXT() REPRESENTATION_CONTEXT('2D SPACE',''
  ) );
#11645 = ORIENTED_EDGE('',*,*,#11646,.T.);
#11646 = EDGE_CURVE('',#11579,#11647,#11649,.T.);
#11647 = VERTEX_POINT('',#11648);
#11648 = CARTESIAN_POINT('',(432.6929249748,-51.5152029236,
    -172.7037979353));
#11649 = SURFACE_CURVE('',#11650,(#11678,#11751),.PCURVE_S1.);
#11650 = B_SPLINE_CURVE_WITH_KNOTS('',3,(#11651,#11652,#11653,#11654,
    #11655,#11656,#11657,#11658,#11659,#11660,#11661,#11662,#11663,
    #11664,#11665,#11666,#11667,#11668,#11669,#11670,#11671,#11672,
    #11673,#11674,#11675,#11676,#11677),.UNSPECIFIED.,.F.,.F.,(4,2,2,2,2
    ,2,1,1,1,1,1,1,1,2,2,2,4),(-0.237275430966,-0.137672900036,0.,
    3.729369904452E-02,0.16362063079,0.269198658208,0.603003428576,
    0.936808198943,0.978533795239,1.020259391535,1.103710584127,
    1.27061296931,1.437515354494,1.604417739678,1.72544524503,
    1.962839666525,2.164160800701),.UNSPECIFIED.);
#11651 = CARTESIAN_POINT('',(432.35504457218,-58.13822037733,
    -172.3659175327));
#11652 = CARTESIAN_POINT('',(432.53928899067,-58.34756087894,
    -172.1999633278));
#11653 = CARTESIAN_POINT('',(432.74097440457,-58.53961850883,
    -172.0259069696));
#11654 = CARTESIAN_POINT('',(433.25514776873,-58.95025268825,
    -171.6031979172));
#11655 = CARTESIAN_POINT('',(433.58281812436,-59.15305015455,
    -171.3493430185));
#11656 = CARTESIAN_POINT('',(434.02799260307,-59.3581063987,
    -171.0282412319));
#11657 = CARTESIAN_POINT('',(434.12466917528,-59.39883149087,
    -170.9597908153));
#11658 = CARTESIAN_POINT('',(434.55585636345,-59.56381682967,
    -170.6601769945));
#11659 = CARTESIAN_POINT('',(434.90817436112,-59.65558541641,
    -170.4303900607));
#11660 = CARTESIAN_POINT('',(435.5799475491,-59.74793161972,
    -170.0230598083));
#11661 = CARTESIAN_POINT('',(435.89636102567,-59.76019426641,
    -169.8433961023));
#11662 = CARTESIAN_POINT('',(437.22670852789,-59.67996629388,
    -169.1304669281));
#11663 = CARTESIAN_POINT('',(439.40245786677,-58.83530159908,
    -168.2535782769));
#11664 = CARTESIAN_POINT('',(440.61112815705,-56.47053174822,
    -168.0847963822));
#11665 = CARTESIAN_POINT('',(440.67931709265,-55.0353760395,
    -168.1778579129));
#11666 = CARTESIAN_POINT('',(440.65880636858,-54.46394693,
    -168.2313460428));
#11667 = CARTESIAN_POINT('',(440.48512810133,-53.47583275209,
    -168.3675371427));
#11668 = CARTESIAN_POINT('',(439.87414107785,-52.19041584871,
    -168.6761182151));
#11669 = CARTESIAN_POINT('',(438.68639949518,-51.02595793297,
    -169.2246239924));
#11670 = CARTESIAN_POINT('',(437.72694719271,-50.57704988188,
    -169.6942237763));
#11671 = CARTESIAN_POINT('',(436.87842571891,-50.33289051979,
    -170.1325603718));
#11672 = CARTESIAN_POINT('',(436.51673939244,-50.2740441465,
    -170.3262082663));
#11673 = CARTESIAN_POINT('',(435.45454313375,-50.22102092904,
    -170.9173803606));
#11674 = CARTESIAN_POINT('',(434.76604574652,-50.34336173934,
    -171.3318314048));
#11675 = CARTESIAN_POINT('',(433.60763939242,-50.81199530099,
    -172.0747803319));
#11676 = CARTESIAN_POINT('',(433.1169651946,-51.12243636019,
    -172.4082059129));
#11677 = CARTESIAN_POINT('',(432.69292498455,-51.51520292084,
    -172.703797953));
#11678 = PCURVE('',#10069,#11679);
#11679 = DEFINITIONAL_REPRESENTATION('',(#11680),#11750);
#11680 = B_SPLINE_CURVE_WITH_KNOTS('',3,(#11681,#11682,#11683,#11684,
    #11685,#11686,#11687,#11688,#11689,#11690,#11691,#11692,#11693,
    #11694,#11695,#11696,#11697,#11698,#11699,#11700,#11701,#11702,
    #11703,#11704,#11705,#11706,#11707,#11708,#11709,#11710,#11711,
    #11712,#11713,#11714,#11715,#11716,#11717,#11718,#11719,#11720,
    #11721,#11722,#11723,#11724,#11725,#11726,#11727,#11728,#11729,
    #11730,#11731,#11732,#11733,#11734,#11735,#11736,#11737,#11738,
    #11739,#11740,#11741,#11742,#11743,#11744,#11745,#11746,#11747,
    #11748,#11749),.UNSPECIFIED.,.F.,.F.,(4,1,1,1,1,1,1,1,1,1,1,1,1,1,1,
    1,1,1,1,1,1,1,1,1,1,1,1,1,1,1,1,1,1,1,1,1,1,1,1,1,1,1,1,1,1,1,1,1,1,
    1,1,1,1,1,1,1,1,1,1,1,1,1,1,1,1,1,4),(-0.237275430966,
    -0.200890033517,-0.164504636067,-0.128119238618,-9.173384116825E-02,
    -5.534844371875E-02,-1.896304626924E-02,1.742235118026E-02,
    5.380774862977E-02,9.019314607927E-02,0.126578543529,0.162963940978,
    0.199349338428,0.235734735877,0.272120133327,0.308505530776,
    0.344890928226,0.381276325675,0.417661723125,0.454047120574,
    0.490432518024,0.526817915473,0.563203312923,0.599588710372,
    0.635974107822,0.672359505271,0.708744902721,0.74513030017,
    0.78151569762,0.817901095069,0.854286492519,0.890671889968,
    0.927057287418,0.963442684867,0.999828082317,1.036213479766,
    1.072598877216,1.108984274665,1.145369672115,1.181755069564,
    1.218140467014,1.254525864463,1.290911261913,1.327296659362,
    1.363682056812,1.400067454261,1.436452851711,1.47283824916,
    1.50922364661,1.545609044059,1.581994441509,1.618379838958,
    1.654765236408,1.691150633858,1.727536031307,1.763921428757,
    1.800306826206,1.836692223656,1.873077621105,1.909463018555,
    1.945848416004,1.982233813454,2.018619210903,2.055004608353,
    2.091390005802,2.127775403252,2.164160800701),.UNSPECIFIED.);
#11681 = CARTESIAN_POINT('',(8.703056399031,19.465917532743));
#11682 = CARTESIAN_POINT('',(8.681608567422,19.405289974331));
#11683 = CARTESIAN_POINT('',(8.638799383824,19.28189284105));
#11684 = CARTESIAN_POINT('',(8.574796162279,19.091629515848));
#11685 = CARTESIAN_POINT('',(8.511060669217,18.897814269767));
#11686 = CARTESIAN_POINT('',(8.447278870528,18.700812326105));
#11687 = CARTESIAN_POINT('',(8.383355305512,18.501548895575));
#11688 = CARTESIAN_POINT('',(8.319244892407,18.301130238764));
#11689 = CARTESIAN_POINT('',(8.254895000031,18.100708306204));
#11690 = CARTESIAN_POINT('',(8.19008683682,17.900677935127));
#11691 = CARTESIAN_POINT('',(8.124693322395,17.701826311767));
#11692 = CARTESIAN_POINT('',(8.058646184453,17.505070699188));
#11693 = CARTESIAN_POINT('',(7.991890372433,17.311298847984));
#11694 = CARTESIAN_POINT('',(7.924255109746,17.121515914002));
#11695 = CARTESIAN_POINT('',(7.855667071121,16.936561409488));
#11696 = CARTESIAN_POINT('',(7.786373825034,16.756742799852));
#11697 = CARTESIAN_POINT('',(7.715873466827,16.583815036696));
#11698 = CARTESIAN_POINT('',(7.643967629374,16.419020629915));
#11699 = CARTESIAN_POINT('',(7.570901848161,16.262778721082));
#11700 = CARTESIAN_POINT('',(7.496819786624,16.115729092882));
#11701 = CARTESIAN_POINT('',(7.421890435406,15.978452331879));
#11702 = CARTESIAN_POINT('',(7.346253592192,15.851545168008));
#11703 = CARTESIAN_POINT('',(7.270014508839,15.73559895384));
#11704 = CARTESIAN_POINT('',(7.193224142885,15.631210408032));
#11705 = CARTESIAN_POINT('',(7.1158733056,15.538960162258));
#11706 = CARTESIAN_POINT('',(7.037854799741,15.45948783004));
#11707 = CARTESIAN_POINT('',(6.959198932125,15.392524802459));
#11708 = CARTESIAN_POINT('',(6.880017992257,15.33772224752));
#11709 = CARTESIAN_POINT('',(6.800457943553,15.294752633219));
#11710 = CARTESIAN_POINT('',(6.720687170487,15.263282685922));
#11711 = CARTESIAN_POINT('',(6.640873100511,15.242980798526));
#11712 = CARTESIAN_POINT('',(6.561162969544,15.233514439437));
#11713 = CARTESIAN_POINT('',(6.48165902759,15.234553108485));
#11714 = CARTESIAN_POINT('',(6.402417301165,15.245759104306));
#11715 = CARTESIAN_POINT('',(6.323368379227,15.266821498883));
#11716 = CARTESIAN_POINT('',(6.244587040789,15.297297059938));
#11717 = CARTESIAN_POINT('',(6.166023765141,15.337024441228));
#11718 = CARTESIAN_POINT('',(6.087503517562,15.385921470442));
#11719 = CARTESIAN_POINT('',(6.009271123067,15.443693730116));
#11720 = CARTESIAN_POINT('',(5.931475385316,15.510120441805));
#11721 = CARTESIAN_POINT('',(5.854081870621,15.585169701279));
#11722 = CARTESIAN_POINT('',(5.777097859242,15.66879584397));
#11723 = CARTESIAN_POINT('',(5.700538745967,15.760950643944));
#11724 = CARTESIAN_POINT('',(5.624423254553,15.86160988107));
#11725 = CARTESIAN_POINT('',(5.548756940155,15.970623337312));
#11726 = CARTESIAN_POINT('',(5.473579489848,16.087742390676));
#11727 = CARTESIAN_POINT('',(5.398965061314,16.212740760038));
#11728 = CARTESIAN_POINT('',(5.325005760711,16.34538500829));
#11729 = CARTESIAN_POINT('',(5.251799390567,16.485447981394));
#11730 = CARTESIAN_POINT('',(5.179281786683,16.632515314258));
#11731 = CARTESIAN_POINT('',(5.107418531949,16.786176254165));
#11732 = CARTESIAN_POINT('',(5.036207948495,16.945991176116));
#11733 = CARTESIAN_POINT('',(4.965644595077,17.111632327247));
#11734 = CARTESIAN_POINT('',(4.895880029753,17.282167271832));
#11735 = CARTESIAN_POINT('',(4.826812833307,17.457022236791));
#11736 = CARTESIAN_POINT('',(4.758357071767,17.635646555238));
#11737 = CARTESIAN_POINT('',(4.690532059271,17.817464095771));
#11738 = CARTESIAN_POINT('',(4.623286848538,18.001699517496));
#11739 = CARTESIAN_POINT('',(4.556522467471,18.18759282774));
#11740 = CARTESIAN_POINT('',(4.490170273013,18.374379750622));
#11741 = CARTESIAN_POINT('',(4.424170089989,18.561297794873));
#11742 = CARTESIAN_POINT('',(4.358466872716,18.747581613986));
#11743 = CARTESIAN_POINT('',(4.293031276424,18.932475497788));
#11744 = CARTESIAN_POINT('',(4.227635117005,19.115380905149));
#11745 = CARTESIAN_POINT('',(4.162233060613,19.29515390147));
#11746 = CARTESIAN_POINT('',(4.096755639539,19.470738853526));
#11747 = CARTESIAN_POINT('',(4.031137674443,19.641056459682));
#11748 = CARTESIAN_POINT('',(3.987249598006,19.750374680272));
#11749 = CARTESIAN_POINT('',(3.965258001852,19.803797953019));
#11750 = ( GEOMETRIC_REPRESENTATION_CONTEXT(2) 
PARAMETRIC_REPRESENTATION_CONTEXT() REPRESENTATION_CONTEXT('2D SPACE',''
  ) );
#11751 = PCURVE('',#10597,#11752);
#11752 = DEFINITIONAL_REPRESENTATION('',(#11753),#11757);
#11753 = LINE('',#11754,#11755);
#11754 = CARTESIAN_POINT('',(1.,1.28E-14));
#11755 = VECTOR('',#11756,1.);
#11756 = DIRECTION('',(-3.135E-14,1.));
#11757 = ( GEOMETRIC_REPRESENTATION_CONTEXT(2) 
PARAMETRIC_REPRESENTATION_CONTEXT() REPRESENTATION_CONTEXT('2D SPACE',''
  ) );
#11758 = ORIENTED_EDGE('',*,*,#11759,.T.);
#11759 = EDGE_CURVE('',#11647,#11556,#11760,.T.);
#11760 = SURFACE_CURVE('',#11761,(#11766,#11795),.PCURVE_S1.);
#11761 = ELLIPSE('',#11762,6.717514421272,4.75);
#11762 = AXIS2_PLACEMENT_3D('',#11763,#11764,#11765);
#11763 = CARTESIAN_POINT('',(435.92072443207,-55.,-175.9315973926));
#11764 = DIRECTION('',(0.707106781187,-0.,0.707106781187));
#11765 = DIRECTION('',(0.707106781187,0.,-0.707106781187));
#11766 = PCURVE('',#10069,#11767);
#11767 = DEFINITIONAL_REPRESENTATION('',(#11768),#11794);
#11768 = B_SPLINE_CURVE_WITH_KNOTS('',3,(#11769,#11770,#11771,#11772,
    #11773,#11774,#11775,#11776,#11777,#11778,#11779,#11780,#11781,
    #11782,#11783,#11784,#11785,#11786,#11787,#11788,#11789,#11790,
    #11791,#11792,#11793),.UNSPECIFIED.,.F.,.F.,(4,1,1,1,1,1,1,1,1,1,1,1
    ,1,1,1,1,1,1,1,1,1,1,4),(2.317927307228,2.355366641153,
    2.392805975079,2.430245309004,2.46768464293,2.505123976856,
    2.542563310781,2.580002644707,2.617441978632,2.654881312558,
    2.692320646483,2.729759980409,2.767199314334,2.80463864826,
    2.842077982185,2.879517316111,2.916956650037,2.954395983962,
    2.991835317888,3.029274651813,3.066713985739,3.104153319664,
    3.14159265359),.QUASI_UNIFORM_KNOTS.);
#11769 = CARTESIAN_POINT('',(3.965257999952,19.80379793537));
#11770 = CARTESIAN_POINT('',(3.952778221977,19.760307888073));
#11771 = CARTESIAN_POINT('',(3.927818666026,19.674838028166));
#11772 = CARTESIAN_POINT('',(3.890379332101,19.5513363286));
#11773 = CARTESIAN_POINT('',(3.852939998175,19.43271276737));
#11774 = CARTESIAN_POINT('',(3.81550066425,19.319133076175));
#11775 = CARTESIAN_POINT('',(3.778061330324,19.210756581893));
#11776 = CARTESIAN_POINT('',(3.740621996398,19.107735140895));
#11777 = CARTESIAN_POINT('',(3.703182662473,19.010213151933));
#11778 = CARTESIAN_POINT('',(3.665743328547,18.918327293275));
#11779 = CARTESIAN_POINT('',(3.628303994622,18.83220634735));
#11780 = CARTESIAN_POINT('',(3.590864660696,18.751971015914));
#11781 = CARTESIAN_POINT('',(3.553425326771,18.677733752049));
#11782 = CARTESIAN_POINT('',(3.515985992845,18.609598602229));
#11783 = CARTESIAN_POINT('',(3.47854665892,18.547661060616));
#11784 = CARTESIAN_POINT('',(3.441107324994,18.492007935078));
#11785 = CARTESIAN_POINT('',(3.403667991069,18.442717225969));
#11786 = CARTESIAN_POINT('',(3.366228657143,18.399858015175));
#11787 = CARTESIAN_POINT('',(3.328789323218,18.36349037538));
#11788 = CARTESIAN_POINT('',(3.291349989292,18.333665263153));
#11789 = CARTESIAN_POINT('',(3.253910655366,18.310424532334));
#11790 = CARTESIAN_POINT('',(3.216471321441,18.293800558862));
#11791 = CARTESIAN_POINT('',(3.179031987515,18.283817376643));
#11792 = CARTESIAN_POINT('',(3.154072431565,18.281596615823));
#11793 = CARTESIAN_POINT('',(3.14159265359,18.281597392638));
#11794 = ( GEOMETRIC_REPRESENTATION_CONTEXT(2) 
PARAMETRIC_REPRESENTATION_CONTEXT() REPRESENTATION_CONTEXT('2D SPACE',''
  ) );
#11795 = PCURVE('',#11220,#11796);
#11796 = DEFINITIONAL_REPRESENTATION('',(#11797),#11823);
#11797 = B_SPLINE_CURVE_WITH_KNOTS('',3,(#11798,#11799,#11800,#11801,
    #11802,#11803,#11804,#11805,#11806,#11807,#11808,#11809,#11810,
    #11811,#11812,#11813,#11814,#11815,#11816,#11817,#11818,#11819,
    #11820,#11821,#11822),.UNSPECIFIED.,.F.,.F.,(4,1,1,1,1,1,1,1,1,1,1,1
    ,1,1,1,1,1,1,1,1,1,1,4),(2.317927307228,2.355366641153,
    2.392805975079,2.430245309004,2.46768464293,2.505123976856,
    2.542563310781,2.580002644707,2.617441978632,2.654881312558,
    2.692320646483,2.729759980409,2.767199314334,2.80463864826,
    2.842077982185,2.879517316111,2.916956650037,2.954395983962,
    2.991835317888,3.029274651813,3.066713985739,3.104153319664,
    3.14159265359),.QUASI_UNIFORM_KNOTS.);
#11798 = CARTESIAN_POINT('',(5.561654128026,12.692924974807));
#11799 = CARTESIAN_POINT('',(5.574133906001,12.64943492751));
#11800 = CARTESIAN_POINT('',(5.599093461952,12.563965067603));
#11801 = CARTESIAN_POINT('',(5.636532795877,12.440463368037));
#11802 = CARTESIAN_POINT('',(5.673972129803,12.321839806807));
#11803 = CARTESIAN_POINT('',(5.711411463728,12.208260115612));
#11804 = CARTESIAN_POINT('',(5.748850797654,12.099883621329));
#11805 = CARTESIAN_POINT('',(5.786290131579,11.996862180332));
#11806 = CARTESIAN_POINT('',(5.823729465505,11.89934019137));
#11807 = CARTESIAN_POINT('',(5.86116879943,11.807454332712));
#11808 = CARTESIAN_POINT('',(5.898608133356,11.721333386787));
#11809 = CARTESIAN_POINT('',(5.936047467282,11.641098055351));
#11810 = CARTESIAN_POINT('',(5.973486801207,11.566860791486));
#11811 = CARTESIAN_POINT('',(6.010926135133,11.498725641666));
#11812 = CARTESIAN_POINT('',(6.048365469058,11.436788100053));
#11813 = CARTESIAN_POINT('',(6.085804802984,11.381134974515));
#11814 = CARTESIAN_POINT('',(6.123244136909,11.331844265406));
#11815 = CARTESIAN_POINT('',(6.160683470835,11.288985054612));
#11816 = CARTESIAN_POINT('',(6.19812280476,11.252617414817));
#11817 = CARTESIAN_POINT('',(6.235562138686,11.22279230259));
#11818 = CARTESIAN_POINT('',(6.273001472611,11.199551571771));
#11819 = CARTESIAN_POINT('',(6.310440806537,11.182927598299));
#11820 = CARTESIAN_POINT('',(6.347880140463,11.17294441608));
#11821 = CARTESIAN_POINT('',(6.372839696413,11.17072365526));
#11822 = CARTESIAN_POINT('',(6.385319474388,11.170724432075));
#11823 = ( GEOMETRIC_REPRESENTATION_CONTEXT(2) 
PARAMETRIC_REPRESENTATION_CONTEXT() REPRESENTATION_CONTEXT('2D SPACE',''
  ) );
#11824 = ORIENTED_EDGE('',*,*,#11555,.F.);
#11825 = ORIENTED_EDGE('',*,*,#10052,.T.);
#11826 = ADVANCED_FACE('',(#11827),#10597,.T.);
#11827 = FACE_BOUND('',#11828,.T.);
#11828 = EDGE_LOOP('',(#11829,#11900,#11901,#11972,#11992,#11993));
#11829 = ORIENTED_EDGE('',*,*,#11830,.T.);
#11830 = EDGE_CURVE('',#11831,#10092,#11833,.T.);
#11831 = VERTEX_POINT('',#11832);
#11832 = CARTESIAN_POINT('',(432.67933918987,-51.46114085201,
    -172.7631630899));
#11833 = SURFACE_CURVE('',#11834,(#11842,#11871),.PCURVE_S1.);
#11834 = B_SPLINE_CURVE_WITH_KNOTS('',3,(#11835,#11836,#11837,#11838,
    #11839,#11840,#11841),.UNSPECIFIED.,.F.,.F.,(4,3,4),(0.,
    5.236175485926E-02,0.103201621544),.UNSPECIFIED.);
#11835 = CARTESIAN_POINT('',(432.67933918987,-51.46114085201,
    -172.7631630899));
#11836 = CARTESIAN_POINT('',(432.72594544439,-51.30208403091,
    -172.8178687665));
#11837 = CARTESIAN_POINT('',(432.77655517183,-51.14295275447,
    -172.8724339402));
#11838 = CARTESIAN_POINT('',(432.83108301957,-50.98488226465,
    -172.9259816828));
#11839 = CARTESIAN_POINT('',(432.8840260219,-50.8314060748,
    -172.9779730665));
#11840 = CARTESIAN_POINT('',(432.94066355999,-50.67892816097,
    -173.0290041666));
#11841 = CARTESIAN_POINT('',(433.00091136363,-50.5284544874,
    -173.0782623321));
#11842 = PCURVE('',#10597,#11843);
#11843 = DEFINITIONAL_REPRESENTATION('',(#11844),#11870);
#11844 = B_SPLINE_CURVE_WITH_KNOTS('',3,(#11845,#11846,#11847,#11848,
    #11849,#11850,#11851,#11852,#11853,#11854,#11855,#11856,#11857,
    #11858,#11859,#11860,#11861,#11862,#11863,#11864,#11865,#11866,
    #11867,#11868,#11869),.UNSPECIFIED.,.F.,.F.,(4,1,1,1,1,1,1,1,1,1,1,1
    ,1,1,1,1,1,1,1,1,1,1,4),(0.,4.690982797434E-03,9.381965594868E-03,
    1.40729483923E-02,1.876393118974E-02,2.345491398717E-02,
    2.81458967846E-02,3.283687958204E-02,3.752786237947E-02,
    4.221884517691E-02,4.690982797434E-02,5.160081077178E-02,
    5.629179356921E-02,6.098277636664E-02,6.567375916408E-02,
    7.036474196151E-02,7.505572475895E-02,7.974670755638E-02,
    8.443769035381E-02,8.912867315125E-02,9.381965594868E-02,
    9.851063874612E-02,0.103201621544),.UNSPECIFIED.);
#11845 = CARTESIAN_POINT('',(0.914265832536,2.164747552777));
#11846 = CARTESIAN_POINT('',(0.900853911954,2.163856164065));
#11847 = CARTESIAN_POINT('',(0.873972878758,2.16207961212));
#11848 = CARTESIAN_POINT('',(0.833487081383,2.159433052095));
#11849 = CARTESIAN_POINT('',(0.792844399216,2.156804348093));
#11850 = CARTESIAN_POINT('',(0.752052075098,2.154193099897));
#11851 = CARTESIAN_POINT('',(0.711117283662,2.151598914673));
#11852 = CARTESIAN_POINT('',(0.670047127528,2.149021407822));
#11853 = CARTESIAN_POINT('',(0.628848648015,2.14646020245));
#11854 = CARTESIAN_POINT('',(0.58752883159,2.143914929162));
#11855 = CARTESIAN_POINT('',(0.546094617074,2.141385225844));
#11856 = CARTESIAN_POINT('',(0.504552902266,2.138870737093));
#11857 = CARTESIAN_POINT('',(0.462910550251,2.136371115042));
#11858 = CARTESIAN_POINT('',(0.4211743957,2.133886014874));
#11859 = CARTESIAN_POINT('',(0.379351151287,2.131415084084));
#11860 = CARTESIAN_POINT('',(0.337447520668,2.128957986907));
#11861 = CARTESIAN_POINT('',(0.295470190983,2.126514390837));
#11862 = CARTESIAN_POINT('',(0.253425840718,2.124083969635));
#11863 = CARTESIAN_POINT('',(0.211321143393,2.121666402129));
#11864 = CARTESIAN_POINT('',(0.169162771999,2.11926137215));
#11865 = CARTESIAN_POINT('',(0.126957402673,2.116868568142));
#11866 = CARTESIAN_POINT('',(8.471171878493E-02,2.114487683001));
#11867 = CARTESIAN_POINT('',(4.243241226644E-02,2.11211841333));
#11868 = CARTESIAN_POINT('',(1.422826654276E-02,2.11054644501));
#11869 = CARTESIAN_POINT('',(1.228258764456E-04,2.109762297092));
#11870 = ( GEOMETRIC_REPRESENTATION_CONTEXT(2) 
PARAMETRIC_REPRESENTATION_CONTEXT() REPRESENTATION_CONTEXT('2D SPACE',''
  ) );
#11871 = PCURVE('',#10750,#11872);
#11872 = DEFINITIONAL_REPRESENTATION('',(#11873),#11899);
#11873 = B_SPLINE_CURVE_WITH_KNOTS('',3,(#11874,#11875,#11876,#11877,
    #11878,#11879,#11880,#11881,#11882,#11883,#11884,#11885,#11886,
    #11887,#11888,#11889,#11890,#11891,#11892,#11893,#11894,#11895,
    #11896,#11897,#11898),.UNSPECIFIED.,.F.,.F.,(4,1,1,1,1,1,1,1,1,1,1,1
    ,1,1,1,1,1,1,1,1,1,1,4),(0.,4.690982797434E-03,9.381965594868E-03,
    1.40729483923E-02,1.876393118974E-02,2.345491398717E-02,
    2.81458967846E-02,3.283687958204E-02,3.752786237947E-02,
    4.221884517691E-02,4.690982797434E-02,5.160081077178E-02,
    5.629179356921E-02,6.098277636664E-02,6.567375916408E-02,
    7.036474196151E-02,7.505572475895E-02,7.974670755638E-02,
    8.443769035381E-02,8.912867315125E-02,9.381965594868E-02,
    9.851063874612E-02,0.103201621544),.UNSPECIFIED.);
#11874 = CARTESIAN_POINT('',(1.,-0.904687604774));
#11875 = CARTESIAN_POINT('',(0.985152624886,-0.904315295143));
#11876 = CARTESIAN_POINT('',(0.955414525356,-0.903579383695));
#11877 = CARTESIAN_POINT('',(0.910683709464,-0.902501680409));
#11878 = CARTESIAN_POINT('',(0.865835601536,-0.901450181352));
#11879 = CARTESIAN_POINT('',(0.820876599718,-0.900424927223));
#11880 = CARTESIAN_POINT('',(0.775813116668,-0.899425958979));
#11881 = CARTESIAN_POINT('',(0.730651581018,-0.898453317885));
#11882 = CARTESIAN_POINT('',(0.685398436056,-0.897507045515));
#11883 = CARTESIAN_POINT('',(0.640060138963,-0.896587183795));
#11884 = CARTESIAN_POINT('',(0.594643160538,-0.895693774968));
#11885 = CARTESIAN_POINT('',(0.549153982401,-0.894826861801));
#11886 = CARTESIAN_POINT('',(0.50359910371,-0.893986486926));
#11887 = CARTESIAN_POINT('',(0.457985012337,-0.8931726954));
#11888 = CARTESIAN_POINT('',(0.412318054508,-0.892385529323));
#11889 = CARTESIAN_POINT('',(0.366604662332,-0.891625026334));
#11890 = CARTESIAN_POINT('',(0.320851256823,-0.890891226054));
#11891 = CARTESIAN_POINT('',(0.275064271268,-0.890184168471));
#11892 = CARTESIAN_POINT('',(0.229250143927,-0.889503894394));
#11893 = CARTESIAN_POINT('',(0.183415318953,-0.888850445362));
#11894 = CARTESIAN_POINT('',(0.137566245081,-0.888223863684));
#11895 = CARTESIAN_POINT('',(9.170937496986E-02,-0.887624192487));
#11896 = CARTESIAN_POINT('',(4.585116413857E-02,-0.88705147563));
#11897 = CARTESIAN_POINT('',(1.528243526901E-02,-0.886687663968));
#11898 = CARTESIAN_POINT('',(0.,-0.886510265479));
#11899 = ( GEOMETRIC_REPRESENTATION_CONTEXT(2) 
PARAMETRIC_REPRESENTATION_CONTEXT() REPRESENTATION_CONTEXT('2D SPACE',''
  ) );
#11900 = ORIENTED_EDGE('',*,*,#10091,.T.);
#11901 = ORIENTED_EDGE('',*,*,#11902,.T.);
#11902 = EDGE_CURVE('',#10094,#11903,#11905,.T.);
#11903 = VERTEX_POINT('',#11904);
#11904 = CARTESIAN_POINT('',(432.34157633878,-58.19261967489,
    -172.4145418611));
#11905 = SURFACE_CURVE('',#11906,(#11914,#11943),.PCURVE_S1.);
#11906 = B_SPLINE_CURVE_WITH_KNOTS('',3,(#11907,#11908,#11909,#11910,
    #11911,#11912,#11913),.UNSPECIFIED.,.F.,.F.,(4,3,4),(0.,
    5.528730527663E-02,0.103102856206),.UNSPECIFIED.);
#11907 = CARTESIAN_POINT('',(432.57886398804,-59.17307534106,
    -172.6410934096));
#11908 = CARTESIAN_POINT('',(432.52885079305,-59.00008376221,
    -172.6019636104));
#11909 = CARTESIAN_POINT('',(432.48282576318,-58.8252419612,
    -172.5616698231));
#11910 = CARTESIAN_POINT('',(432.44093158116,-58.64957307959,
    -172.5209062467));
#11911 = CARTESIAN_POINT('',(432.4046991516,-58.4976448148,
    -172.4856516281));
#11912 = CARTESIAN_POINT('',(432.37155575865,-58.34509758148,
    -172.4500463015));
#11913 = CARTESIAN_POINT('',(432.34157633878,-58.19261967489,
    -172.4145418611));
#11914 = PCURVE('',#10597,#11915);
#11915 = DEFINITIONAL_REPRESENTATION('',(#11916),#11942);
#11916 = B_SPLINE_CURVE_WITH_KNOTS('',3,(#11917,#11918,#11919,#11920,
    #11921,#11922,#11923,#11924,#11925,#11926,#11927,#11928,#11929,
    #11930,#11931,#11932,#11933,#11934,#11935,#11936,#11937,#11938,
    #11939,#11940,#11941),.UNSPECIFIED.,.F.,.F.,(4,1,1,1,1,1,1,1,1,1,1,1
    ,1,1,1,1,1,1,1,1,1,1,4),(0.,4.686493463912E-03,9.372986927823E-03,
    1.405948039173E-02,1.874597385565E-02,2.343246731956E-02,
    2.811896078347E-02,3.280545424738E-02,3.749194771129E-02,
    4.21784411752E-02,4.686493463912E-02,5.155142810303E-02,
    5.623792156694E-02,6.092441503085E-02,6.561090849476E-02,
    7.029740195867E-02,7.498389542258E-02,7.96703888865E-02,
    8.435688235041E-02,8.904337581432E-02,9.372986927823E-02,
    9.841636274214E-02,0.103102856206),.QUASI_UNIFORM_KNOTS.);
#11917 = CARTESIAN_POINT('',(1.436700451682E-05,-0.180530080205));
#11918 = CARTESIAN_POINT('',(1.435127344111E-02,-0.181337585275));
#11919 = CARTESIAN_POINT('',(4.300232008327E-02,-0.18295664314));
#11920 = CARTESIAN_POINT('',(8.590507407878E-02,-0.185397642421));
#11921 = CARTESIAN_POINT('',(0.128728488863,-0.187851321814));
#11922 = CARTESIAN_POINT('',(0.171467062083,-0.190317954832));
#11923 = CARTESIAN_POINT('',(0.214115305677,-0.192797819103));
#11924 = CARTESIAN_POINT('',(0.256667747929,-0.195291197111));
#11925 = CARTESIAN_POINT('',(0.299118932873,-0.197798376279));
#11926 = CARTESIAN_POINT('',(0.341463420184,-0.200319649235));
#11927 = CARTESIAN_POINT('',(0.383695784198,-0.202855314078));
#11928 = CARTESIAN_POINT('',(0.425810614326,-0.205405674498));
#11929 = CARTESIAN_POINT('',(0.467802509172,-0.207971040563));
#11930 = CARTESIAN_POINT('',(0.509666092724,-0.21055172702));
#11931 = CARTESIAN_POINT('',(0.551395943197,-0.213148061616));
#11932 = CARTESIAN_POINT('',(0.592986524154,-0.215760372867));
#11933 = CARTESIAN_POINT('',(0.634432328119,-0.218388994427));
#11934 = CARTESIAN_POINT('',(0.675727845191,-0.221034267373));
#11935 = CARTESIAN_POINT('',(0.716867567917,-0.223696539961));
#11936 = CARTESIAN_POINT('',(0.757845985976,-0.226376168093));
#11937 = CARTESIAN_POINT('',(0.798657583442,-0.229073515501));
#11938 = CARTESIAN_POINT('',(0.839296834056,-0.231788954381));
#11939 = CARTESIAN_POINT('',(0.879758199916,-0.234522864549));
#11940 = CARTESIAN_POINT('',(0.906610144339,-0.236358046895));
#11941 = CARTESIAN_POINT('',(0.920004615532,-0.23727884672));
#11942 = ( GEOMETRIC_REPRESENTATION_CONTEXT(2) 
PARAMETRIC_REPRESENTATION_CONTEXT() REPRESENTATION_CONTEXT('2D SPACE',''
  ) );
#11943 = PCURVE('',#10839,#11944);
#11944 = DEFINITIONAL_REPRESENTATION('',(#11945),#11971);
#11945 = B_SPLINE_CURVE_WITH_KNOTS('',3,(#11946,#11947,#11948,#11949,
    #11950,#11951,#11952,#11953,#11954,#11955,#11956,#11957,#11958,
    #11959,#11960,#11961,#11962,#11963,#11964,#11965,#11966,#11967,
    #11968,#11969,#11970),.UNSPECIFIED.,.F.,.F.,(4,1,1,1,1,1,1,1,1,1,1,1
    ,1,1,1,1,1,1,1,1,1,1,4),(0.,4.686493463912E-03,9.372986927823E-03,
    1.405948039173E-02,1.874597385565E-02,2.343246731956E-02,
    2.811896078347E-02,3.280545424738E-02,3.749194771129E-02,
    4.21784411752E-02,4.686493463912E-02,5.155142810303E-02,
    5.623792156694E-02,6.092441503085E-02,6.561090849476E-02,
    7.029740195867E-02,7.498389542258E-02,7.96703888865E-02,
    8.435688235041E-02,8.904337581432E-02,9.372986927823E-02,
    9.841636274214E-02,0.103102856206),.QUASI_UNIFORM_KNOTS.);
#11946 = CARTESIAN_POINT('',(0.,-2.648553084114));
#11947 = CARTESIAN_POINT('',(1.53695995943E-02,-2.648214104508));
#11948 = CARTESIAN_POINT('',(4.610181697879E-02,-2.64752606967));
#11949 = CARTESIAN_POINT('',(9.217393093295E-02,-2.646463754531));
#11950 = CARTESIAN_POINT('',(0.13821456483,-2.645371141154));
#11951 = CARTESIAN_POINT('',(0.18421845502,-2.644248191924));
#11952 = CARTESIAN_POINT('',(0.230180341293,-2.643094867725));
#11953 = CARTESIAN_POINT('',(0.276094967725,-2.641911127716));
#11954 = CARTESIAN_POINT('',(0.321957083078,-2.640696929365));
#11955 = CARTESIAN_POINT('',(0.367761441282,-2.639452228402));
#11956 = CARTESIAN_POINT('',(0.413502802,-2.638176978861));
#11957 = CARTESIAN_POINT('',(0.459175930743,-2.63687113281));
#11958 = CARTESIAN_POINT('',(0.504775600666,-2.635534641253));
#11959 = CARTESIAN_POINT('',(0.550296588074,-2.634167450622));
#11960 = CARTESIAN_POINT('',(0.595733694317,-2.632769516633));
#11961 = CARTESIAN_POINT('',(0.641081623756,-2.63134080632));
#11962 = CARTESIAN_POINT('',(0.686335091254,-2.629881281224));
#11963 = CARTESIAN_POINT('',(0.731488821685,-2.628390902326));
#11964 = CARTESIAN_POINT('',(0.776537550647,-2.626869628691));
#11965 = CARTESIAN_POINT('',(0.821476024877,-2.62531741779));
#11966 = CARTESIAN_POINT('',(0.866299002601,-2.62373422539));
#11967 = CARTESIAN_POINT('',(0.911001254415,-2.622120005489));
#11968 = CARTESIAN_POINT('',(0.95557756205,-2.620474710499));
#11969 = CARTESIAN_POINT('',(0.985207670706,-2.619357097069));
#11970 = CARTESIAN_POINT('',(1.,-2.618793094602));
#11971 = ( GEOMETRIC_REPRESENTATION_CONTEXT(2) 
PARAMETRIC_REPRESENTATION_CONTEXT() REPRESENTATION_CONTEXT('2D SPACE',''
  ) );
#11972 = ORIENTED_EDGE('',*,*,#11973,.T.);
#11973 = EDGE_CURVE('',#11903,#11579,#11974,.T.);
#11974 = SURFACE_CURVE('',#11975,(#11980,#11986),.PCURVE_S1.);
#11975 = B_SPLINE_CURVE_WITH_KNOTS('',3,(#11976,#11977,#11978,#11979),
  .UNSPECIFIED.,.F.,.F.,(4,4),(8.625136969106E-02,9.367596848777E-02),
  .PIECEWISE_BEZIER_KNOTS.);
#11976 = CARTESIAN_POINT('',(432.34157633878,-58.19261967489,
    -172.4145418611));
#11977 = CARTESIAN_POINT('',(432.34619487766,-58.17464054266,
    -172.3982225626));
#11978 = CARTESIAN_POINT('',(432.35068457386,-58.15650870323,
    -172.3820134244));
#11979 = CARTESIAN_POINT('',(432.35504457218,-58.13822037733,
    -172.3659175327));
#11980 = PCURVE('',#10597,#11981);
#11981 = DEFINITIONAL_REPRESENTATION('',(#11982),#11985);
#11982 = B_SPLINE_CURVE_WITH_KNOTS('',1,(#11983,#11984),.UNSPECIFIED.,
  .F.,.F.,(2,2),(8.625136969106E-02,9.367596848777E-02),
  .PIECEWISE_BEZIER_KNOTS.);
#11983 = CARTESIAN_POINT('',(0.920004615532,-0.23727884672));
#11984 = CARTESIAN_POINT('',(1.,-0.237275430966));
#11985 = ( GEOMETRIC_REPRESENTATION_CONTEXT(2) 
PARAMETRIC_REPRESENTATION_CONTEXT() REPRESENTATION_CONTEXT('2D SPACE',''
  ) );
#11986 = PCURVE('',#11220,#11987);
#11987 = DEFINITIONAL_REPRESENTATION('',(#11988),#11991);
#11988 = B_SPLINE_CURVE_WITH_KNOTS('',1,(#11989,#11990),.UNSPECIFIED.,
  .F.,.F.,(2,2),(8.625136969106E-02,9.367596848777E-02),
  .PIECEWISE_BEZIER_KNOTS.);
#11989 = CARTESIAN_POINT('',(7.122401832458,12.341576338782));
#11990 = CARTESIAN_POINT('',(7.107041036126,12.35504457218));
#11991 = ( GEOMETRIC_REPRESENTATION_CONTEXT(2) 
PARAMETRIC_REPRESENTATION_CONTEXT() REPRESENTATION_CONTEXT('2D SPACE',''
  ) );
#11992 = ORIENTED_EDGE('',*,*,#11646,.T.);
#11993 = ORIENTED_EDGE('',*,*,#11994,.T.);
#11994 = EDGE_CURVE('',#11647,#11831,#11995,.T.);
#11995 = SURFACE_CURVE('',#11996,(#12001,#12007),.PCURVE_S1.);
#11996 = B_SPLINE_CURVE_WITH_KNOTS('',3,(#11997,#11998,#11999,#12000),
  .UNSPECIFIED.,.F.,.F.,(4,4),(0.,8.148551459233E-03),
  .PIECEWISE_BEZIER_KNOTS.);
#11997 = CARTESIAN_POINT('',(432.69292494571,-51.51520295682,
    -172.70379798));
#11998 = CARTESIAN_POINT('',(432.68859489204,-51.49698110514,
    -172.723470644));
#11999 = CARTESIAN_POINT('',(432.68406611154,-51.47896145577,
    -172.7432597135));
#12000 = CARTESIAN_POINT('',(432.67933918987,-51.46114085201,
    -172.7631630899));
#12001 = PCURVE('',#10597,#12002);
#12002 = DEFINITIONAL_REPRESENTATION('',(#12003),#12006);
#12003 = B_SPLINE_CURVE_WITH_KNOTS('',1,(#12004,#12005),.UNSPECIFIED.,
  .F.,.F.,(2,2),(0.,8.148551459233E-03),.PIECEWISE_BEZIER_KNOTS.);
#12004 = CARTESIAN_POINT('',(1.,2.164160806848));
#12005 = CARTESIAN_POINT('',(0.914265832537,2.164747552777));
#12006 = ( GEOMETRIC_REPRESENTATION_CONTEXT(2) 
PARAMETRIC_REPRESENTATION_CONTEXT() REPRESENTATION_CONTEXT('2D SPACE',''
  ) );
#12007 = PCURVE('',#11220,#12008);
#12008 = DEFINITIONAL_REPRESENTATION('',(#12009),#12012);
#12009 = B_SPLINE_CURVE_WITH_KNOTS('',1,(#12010,#12011),.UNSPECIFIED.,
  .F.,.F.,(2,2),(0.,8.148551459233E-03),.PIECEWISE_BEZIER_KNOTS.);
#12010 = CARTESIAN_POINT('',(5.56165412587,12.692924945711));
#12011 = CARTESIAN_POINT('',(5.544750185398,12.679339189872));
#12012 = ( GEOMETRIC_REPRESENTATION_CONTEXT(2) 
PARAMETRIC_REPRESENTATION_CONTEXT() REPRESENTATION_CONTEXT('2D SPACE',''
  ) );
#12013 = ADVANCED_FACE('',(#12014),#10750,.T.);
#12014 = FACE_BOUND('',#12015,.T.);
#12015 = EDGE_LOOP('',(#12016,#12017,#12062,#12063));
#12016 = ORIENTED_EDGE('',*,*,#11830,.F.);
#12017 = ORIENTED_EDGE('',*,*,#12018,.T.);
#12018 = EDGE_CURVE('',#11831,#11405,#12019,.T.);
#12019 = SURFACE_CURVE('',#12020,(#12026,#12033),.PCURVE_S1.);
#12020 = B_SPLINE_CURVE_WITH_KNOTS('',3,(#12021,#12022,#12023,#12024,
    #12025),.UNSPECIFIED.,.F.,.F.,(4,1,4),(-0.904687604774,
    -0.521558341049,-1.071932274868E-02),.UNSPECIFIED.);
#12021 = CARTESIAN_POINT('',(432.67933918987,-51.46114085201,
    -172.7631630899));
#12022 = CARTESIAN_POINT('',(431.73875836767,-51.04837865809,
    -173.2241817276));
#12023 = CARTESIAN_POINT('',(429.16808402626,-50.27900791169,
    -174.5363656159));
#12024 = CARTESIAN_POINT('',(426.52859970051,-50.16076010178,
    -176.0670461541));
#12025 = CARTESIAN_POINT('',(425.07286907958,-50.36690964752,
    -176.9789625561));
#12026 = PCURVE('',#10750,#12027);
#12027 = DEFINITIONAL_REPRESENTATION('',(#12028),#12032);
#12028 = LINE('',#12029,#12030);
#12029 = CARTESIAN_POINT('',(1.,-1.55E-15));
#12030 = VECTOR('',#12031,1.);
#12031 = DIRECTION('',(-5.315E-14,1.));
#12032 = ( GEOMETRIC_REPRESENTATION_CONTEXT(2) 
PARAMETRIC_REPRESENTATION_CONTEXT() REPRESENTATION_CONTEXT('2D SPACE',''
  ) );
#12033 = PCURVE('',#11220,#12034);
#12034 = DEFINITIONAL_REPRESENTATION('',(#12035),#12061);
#12035 = B_SPLINE_CURVE_WITH_KNOTS('',3,(#12036,#12037,#12038,#12039,
    #12040,#12041,#12042,#12043,#12044,#12045,#12046,#12047,#12048,
    #12049,#12050,#12051,#12052,#12053,#12054,#12055,#12056,#12057,
    #12058,#12059,#12060),.UNSPECIFIED.,.F.,.F.,(4,1,1,1,1,1,1,1,1,1,1,1
    ,1,1,1,1,1,1,1,1,1,1,4),(-0.904687604774,-0.864052682864,
    -0.823417760953,-0.782782839043,-0.742147917133,-0.701512995223,
    -0.660878073312,-0.620243151402,-0.579608229492,-0.538973307582,
    -0.498338385672,-0.457703463761,-0.417068541851,-0.376433619941,
    -0.335798698031,-0.29516377612,-0.25452885421,-0.2138939323,
    -0.17325901039,-0.132624088479,-9.198916656915E-02,
    -5.135424465891E-02,-1.071932274868E-02),.UNSPECIFIED.);
#12036 = CARTESIAN_POINT('',(5.544750185398,12.679339189872));
#12037 = CARTESIAN_POINT('',(5.530933751471,12.579580617821));
#12038 = CARTESIAN_POINT('',(5.503203954163,12.376438266368));
#12039 = CARTESIAN_POINT('',(5.461346214703,12.061912123672));
#12040 = CARTESIAN_POINT('',(5.4192513916,11.738636359981));
#12041 = CARTESIAN_POINT('',(5.376951692219,11.407674011854));
#12042 = CARTESIAN_POINT('',(5.334482137864,11.070087959712));
#12043 = CARTESIAN_POINT('',(5.291880187069,10.726941666501));
#12044 = CARTESIAN_POINT('',(5.249184187426,10.379296421192));
#12045 = CARTESIAN_POINT('',(5.206433140281,10.028221626141));
#12046 = CARTESIAN_POINT('',(5.16366218649,9.674756404131));
#12047 = CARTESIAN_POINT('',(5.120913827092,9.320052882864));
#12048 = CARTESIAN_POINT('',(5.078177079851,8.964685374983));
#12049 = CARTESIAN_POINT('',(5.035399399177,8.608804877208));
#12050 = CARTESIAN_POINT('',(4.99253166037,8.25265817054));
#12051 = CARTESIAN_POINT('',(4.949517997517,7.896466370659));
#12052 = CARTESIAN_POINT('',(4.906298938018,7.540457470248));
#12053 = CARTESIAN_POINT('',(4.862811021958,7.184857619303));
#12054 = CARTESIAN_POINT('',(4.818987425364,6.829893461565));
#12055 = CARTESIAN_POINT('',(4.77475840085,6.475791508477));
#12056 = CARTESIAN_POINT('',(4.730051863029,6.122778306931));
#12057 = CARTESIAN_POINT('',(4.684794118578,5.771080394322));
#12058 = CARTESIAN_POINT('',(4.638910558309,5.420924310588));
#12059 = CARTESIAN_POINT('',(4.607854989235,5.188665833518));
#12060 = CARTESIAN_POINT('',(4.592198212808,5.07286907958));
#12061 = ( GEOMETRIC_REPRESENTATION_CONTEXT(2) 
PARAMETRIC_REPRESENTATION_CONTEXT() REPRESENTATION_CONTEXT('2D SPACE',''
  ) );
#12062 = ORIENTED_EDGE('',*,*,#11404,.T.);
#12063 = ORIENTED_EDGE('',*,*,#10712,.T.);
#12064 = ADVANCED_FACE('',(#12065),#10839,.T.);
#12065 = FACE_BOUND('',#12066,.T.);
#12066 = EDGE_LOOP('',(#12067,#12068,#12069,#12070));
#12067 = ORIENTED_EDGE('',*,*,#11902,.F.);
#12068 = ORIENTED_EDGE('',*,*,#10801,.T.);
#12069 = ORIENTED_EDGE('',*,*,#11335,.T.);
#12070 = ORIENTED_EDGE('',*,*,#12071,.T.);
#12071 = EDGE_CURVE('',#11336,#11903,#12072,.T.);
#12072 = SURFACE_CURVE('',#12073,(#12079,#12086),.PCURVE_S1.);
#12073 = B_SPLINE_CURVE_WITH_KNOTS('',3,(#12074,#12075,#12076,#12077,
    #12078),.UNSPECIFIED.,.F.,.F.,(4,1,4),(-3.731547737586,
    -3.095687941595,-2.618793094602),.UNSPECIFIED.);
#12074 = CARTESIAN_POINT('',(424.6806900442,-59.73091101713,
    -176.3570159488));
#12075 = CARTESIAN_POINT('',(426.12988863852,-59.8128229618,
    -175.4461057032));
#12076 = CARTESIAN_POINT('',(428.73927747437,-59.51652417285,
    -174.0124910071));
#12077 = CARTESIAN_POINT('',(431.35557456207,-58.6458988702,
    -172.8260076638));
#12078 = CARTESIAN_POINT('',(432.34157633878,-58.19261967489,
    -172.4145418611));
#12079 = PCURVE('',#10839,#12080);
#12080 = DEFINITIONAL_REPRESENTATION('',(#12081),#12085);
#12081 = LINE('',#12082,#12083);
#12082 = CARTESIAN_POINT('',(1.,3.55E-15));
#12083 = VECTOR('',#12084,1.);
#12084 = DIRECTION('',(4.001E-14,1.));
#12085 = ( GEOMETRIC_REPRESENTATION_CONTEXT(2) 
PARAMETRIC_REPRESENTATION_CONTEXT() REPRESENTATION_CONTEXT('2D SPACE',''
  ) );
#12086 = PCURVE('',#11220,#12087);
#12087 = DEFINITIONAL_REPRESENTATION('',(#12088),#12114);
#12088 = B_SPLINE_CURVE_WITH_KNOTS('',3,(#12089,#12090,#12091,#12092,
    #12093,#12094,#12095,#12096,#12097,#12098,#12099,#12100,#12101,
    #12102,#12103,#12104,#12105,#12106,#12107,#12108,#12109,#12110,
    #12111,#12112,#12113),.UNSPECIFIED.,.F.,.F.,(4,1,1,1,1,1,1,1,1,1,1,1
    ,1,1,1,1,1,1,1,1,1,1,4),(-3.731547737586,-3.680967981087,
    -3.630388224587,-3.579808468088,-3.529228711589,-3.478648955089,
    -3.42806919859,-3.377489442091,-3.326909685592,-3.276329929092,
    -3.225750172593,-3.175170416094,-3.124590659594,-3.074010903095,
    -3.023431146596,-2.972851390097,-2.922271633597,-2.871691877098,
    -2.821112120599,-2.770532364099,-2.7199526076,-2.669372851101,
    -2.618793094602),.QUASI_UNIFORM_KNOTS.);
#12089 = CARTESIAN_POINT('',(8.045797770668,4.680690044207));
#12090 = CARTESIAN_POINT('',(8.030481506713,4.795967205119));
#12091 = CARTESIAN_POINT('',(8.000153198624,5.027051525987));
#12092 = CARTESIAN_POINT('',(7.955484733233,5.375148339565));
#12093 = CARTESIAN_POINT('',(7.911552306834,5.724595820755));
#12094 = CARTESIAN_POINT('',(7.868265494293,6.075274304194));
#12095 = CARTESIAN_POINT('',(7.825534157798,6.427064127129));
#12096 = CARTESIAN_POINT('',(7.783269304843,6.779845617066));
#12097 = CARTESIAN_POINT('',(7.741384195373,7.133499137862));
#12098 = CARTESIAN_POINT('',(7.699795199141,7.487904917714));
#12099 = CARTESIAN_POINT('',(7.658422501735,7.842943691108));
#12100 = CARTESIAN_POINT('',(7.617190989544,8.198494303026));
#12101 = CARTESIAN_POINT('',(7.576030089055,8.55444265019));
#12102 = CARTESIAN_POINT('',(7.534877289442,8.910648311859));
#12103 = CARTESIAN_POINT('',(7.493667781728,9.267069085398));
#12104 = CARTESIAN_POINT('',(7.452381735465,9.623228696052));
#12105 = CARTESIAN_POINT('',(7.411052877823,9.97805837209));
#12106 = CARTESIAN_POINT('',(7.369704300462,10.330605218088));
#12107 = CARTESIAN_POINT('',(7.328360792042,10.679885289657));
#12108 = CARTESIAN_POINT('',(7.287044485169,11.024922961957));
#12109 = CARTESIAN_POINT('',(7.245775058174,11.364740380926));
#12110 = CARTESIAN_POINT('',(7.204568544154,11.698360289836));
#12111 = CARTESIAN_POINT('',(7.163437357085,12.024805271848));
#12112 = CARTESIAN_POINT('',(7.136070511747,12.237000392769));
#12113 = CARTESIAN_POINT('',(7.122401832458,12.341576338783));
#12114 = ( GEOMETRIC_REPRESENTATION_CONTEXT(2) 
PARAMETRIC_REPRESENTATION_CONTEXT() REPRESENTATION_CONTEXT('2D SPACE',''
  ) );
#12115 = ADVANCED_FACE('',(#12116),#11220,.F.);
#12116 = FACE_BOUND('',#12117,.F.);
#12117 = EDGE_LOOP('',(#12118,#12119,#12120,#12121,#12122,#12123,#12124,
    #12125,#12126,#12127,#12128));
#12118 = ORIENTED_EDGE('',*,*,#11578,.F.);
#12119 = ORIENTED_EDGE('',*,*,#11759,.F.);
#12120 = ORIENTED_EDGE('',*,*,#11994,.T.);
#12121 = ORIENTED_EDGE('',*,*,#12018,.T.);
#12122 = ORIENTED_EDGE('',*,*,#11425,.T.);
#12123 = ORIENTED_EDGE('',*,*,#11452,.T.);
#12124 = ORIENTED_EDGE('',*,*,#11199,.F.);
#12125 = ORIENTED_EDGE('',*,*,#11266,.T.);
#12126 = ORIENTED_EDGE('',*,*,#11358,.T.);
#12127 = ORIENTED_EDGE('',*,*,#12071,.T.);
#12128 = ORIENTED_EDGE('',*,*,#11973,.T.);
#12129 = ( GEOMETRIC_REPRESENTATION_CONTEXT(3) 
GLOBAL_UNCERTAINTY_ASSIGNED_CONTEXT((#12133)) 
GLOBAL_UNIT_ASSIGNED_CONTEXT((#12130,#12131,#12132)) 
REPRESENTATION_CONTEXT('Context #1',
  '3D Context with UNIT and UNCERTAINTY') );
#12130 = ( LENGTH_UNIT() NAMED_UNIT(*) SI_UNIT(.MILLI.,.METRE.) );
#12131 = ( NAMED_UNIT(*) PLANE_ANGLE_UNIT() SI_UNIT($,.RADIAN.) );
#12132 = ( NAMED_UNIT(*) SI_UNIT($,.STERADIAN.) SOLID_ANGLE_UNIT() );
#12133 = UNCERTAINTY_MEASURE_WITH_UNIT(LENGTH_MEASURE(1.E-03),#12130,
  'distance_accuracy_value','confusion accuracy');
#12134 = PRODUCT_RELATED_PRODUCT_CATEGORY('part',$,(#7));
#12135 = MECHANICAL_DESIGN_GEOMETRIC_PRESENTATION_REPRESENTATION('',(
    #12136),#12129);
#12136 = STYLED_ITEM('color',(#12137),#15);
#12137 = PRESENTATION_STYLE_ASSIGNMENT((#12138,#12144));
#12138 = SURFACE_STYLE_USAGE(.BOTH.,#12139);
#12139 = SURFACE_SIDE_STYLE('',(#12140));
#12140 = SURFACE_STYLE_FILL_AREA(#12141);
#12141 = FILL_AREA_STYLE('',(#12142));
#12142 = FILL_AREA_STYLE_COLOUR('',#12143);
#12143 = COLOUR_RGB('',5.490196094709E-02,0.270588249277,0.882352934796
  );
#12144 = CURVE_STYLE('',#12145,POSITIVE_LENGTH_MEASURE(0.1),#12146);
#12145 = DRAUGHTING_PRE_DEFINED_CURVE_FONT('continuous');
#12146 = COLOUR_RGB('',9.803921802644E-02,9.803921802644E-02,
  9.803921802644E-02);
ENDSEC;
END-ISO-10303-21;
